location,time_period,horizon_distance,model,against,crps_model,crps_against,split_first_period,diff
TH-10,201001,1,ensemble,reference,47.16483500000001,47.7017655,201001,-0.5369304999999898
TH-10,201002,2,ensemble,reference,47.187527,30.930251,201001,16.257276000000005
TH-10,201003,3,ensemble,reference,53.54816300000002,31.219252,201001,22.328911000000016
TH-10,201004,1,ensemble,reference,38.967782,23.889576750000003,201004,15.078205249999996
TH-10,201005,2,ensemble,reference,49.629963,44.0300575,201004,5.599905499999998
TH-10,201006,3,ensemble,reference,73.489397,47.526242,201004,25.963154999999993
TH-10,201007,1,ensemble,reference,102.152558,51.4791735,201007,50.6733845
TH-10,201008,2,ensemble,reference,148.04406500000005,86.79597775,201007,61.24808725000004
TH-10,201009,3,ensemble,reference,126.45892099999998,97.1476605,201007,29.311260499999975
TH-10,201010,1,ensemble,reference,108.65808700000002,197.89244125,201010,-89.23435424999997
TH-10,201011,2,ensemble,reference,80.89265599999999,178.71264775,201010,-97.81999175
TH-10,201012,3,ensemble,reference,65.904235,119.1390835,201010,-53.2348485
TH-11,201001,1,ensemble,reference,9.527886,11.46517675,201001,-1.937290749999999
TH-11,201002,2,ensemble,reference,10.084009000000002,7.35563625,201001,2.728372750000002
TH-11,201003,3,ensemble,reference,13.436744999999998,13.58406175,201001,-0.1473167500000016
TH-11,201004,1,ensemble,reference,11.883534999999998,5.184406,201004,6.699128999999998
TH-11,201005,2,ensemble,reference,14.0715,7.50209625,201004,6.56940375
TH-11,201006,3,ensemble,reference,27.858413,8.85963225,201004,18.99878075
TH-11,201007,1,ensemble,reference,13.787799,7.819836750000001,201007,5.9679622499999985
TH-11,201008,2,ensemble,reference,18.439621999999993,12.88580675,201007,5.553815249999992
TH-11,201009,3,ensemble,reference,17.997215000000004,14.956051,201007,3.041164000000004
TH-11,201010,1,ensemble,reference,12.533056000000002,26.497286749999997,201010,-13.964230749999995
TH-11,201011,2,ensemble,reference,9.488958,20.92239175,201010,-11.43343375
TH-11,201012,3,ensemble,reference,9.670755,12.872566249999998,201010,-3.2018112499999987
TH-12,201001,1,ensemble,reference,9.901817,10.76381575,201001,-0.8619987499999997
TH-12,201002,2,ensemble,reference,10.377153999999996,8.1812895,201001,2.195864499999995
TH-12,201003,3,ensemble,reference,11.564127999999997,11.221122500000002,201001,0.3430054999999949
TH-12,201004,1,ensemble,reference,13.750521,9.00824275,201004,4.74227825
TH-12,201005,2,ensemble,reference,17.125391,9.330567,201004,7.794824
TH-12,201006,3,ensemble,reference,14.239228000000004,7.929359,201004,6.309869000000004
TH-12,201007,1,ensemble,reference,18.805465,16.39743825,201007,2.408026750000001
TH-12,201008,2,ensemble,reference,25.270337000000005,19.67066225,201007,5.5996747500000055
TH-12,201009,3,ensemble,reference,21.117623,20.9351095,201007,0.1825134999999988
TH-12,201010,1,ensemble,reference,13.322256,27.21620775,201010,-13.89395175
TH-12,201011,2,ensemble,reference,11.898157,19.48920925,201010,-7.591052249999999
TH-12,201012,3,ensemble,reference,10.654467999999998,11.173271,201010,-0.5188030000000019
TH-13,201001,1,ensemble,reference,5.399156,8.65873925,201001,-3.2595832500000004
TH-13,201002,2,ensemble,reference,5.5482140000000015,6.353529249999999,201001,-0.8053152499999978
TH-13,201003,3,ensemble,reference,16.930481999999998,22.60871775,201001,-5.6782357500000025
TH-13,201004,1,ensemble,reference,9.374331000000002,3.5254012500000003,201004,5.848929750000002
TH-13,201005,2,ensemble,reference,9.814252000000003,3.58865675,201004,6.225595250000003
TH-13,201006,3,ensemble,reference,24.64298,8.921524999999999,201004,15.721455000000002
TH-13,201007,1,ensemble,reference,10.548139,9.90532725,201007,0.6428117500000017
TH-13,201008,2,ensemble,reference,9.592930000000004,7.098478000000001,201007,2.494452000000003
TH-13,201009,3,ensemble,reference,9.930648,6.738071999999999,201007,3.1925760000000007
TH-13,201010,1,ensemble,reference,9.26176,3.03572125,201010,6.226038750000001
TH-13,201011,2,ensemble,reference,5.796549000000002,3.3157309999999995,201010,2.480818000000003
TH-13,201012,3,ensemble,reference,4.909055000000002,4.15013525,201010,0.7589197500000022
TH-14,201001,1,ensemble,reference,3.256984,1.08715475,201001,2.1698292500000003
TH-14,201002,2,ensemble,reference,2.263864,1.63297925,201001,0.6308847499999999
TH-14,201003,3,ensemble,reference,2.5117290000000008,1.36333,201001,1.1483990000000008
TH-14,201004,1,ensemble,reference,3.2336470000000013,0.8776697499999998,201004,2.355977250000002
TH-14,201005,2,ensemble,reference,6.914384,2.004589,201004,4.909795
TH-14,201006,3,ensemble,reference,7.088954000000001,1.3257997499999998,201004,5.763154250000001
TH-14,201007,1,ensemble,reference,5.718268000000002,1.48302925,201007,4.235238750000002
TH-14,201008,2,ensemble,reference,4.841895000000001,2.31059475,201007,2.531300250000001
TH-14,201009,3,ensemble,reference,7.126123999999999,12.79993225,201007,-5.67380825
TH-14,201010,1,ensemble,reference,6.037451000000001,1.3327262500000003,201010,4.7047247500000005
TH-14,201011,2,ensemble,reference,3.395449000000001,2.71574125,201010,0.6797077500000008
TH-14,201012,3,ensemble,reference,5.720484000000001,0.637885,201010,5.082599000000001
TH-15,201001,1,ensemble,reference,1.9022369999999995,2.859837,201001,-0.9576000000000008
TH-15,201002,2,ensemble,reference,5.106174,8.07820775,201001,-2.9720337500000005
TH-15,201003,3,ensemble,reference,4.198262,6.117589499999999,201001,-1.9193274999999996
TH-15,201004,1,ensemble,reference,3.6121440000000007,6.00937725,201004,-2.3972332499999993
TH-15,201005,2,ensemble,reference,3.250456,4.2508365,201004,-1.0003805000000003
TH-15,201006,3,ensemble,reference,4.177545999999998,2.83171275,201004,1.345833249999998
TH-15,201007,1,ensemble,reference,13.650742,15.51168275,201007,-1.860940750000001
TH-15,201008,2,ensemble,reference,22.398844000000004,23.1798655,201007,-0.7810214999999943
TH-15,201009,3,ensemble,reference,14.287104,11.190613,201007,3.0964909999999986
TH-15,201010,1,ensemble,reference,5.906589,5.25158925,201010,0.65499975
TH-15,201011,2,ensemble,reference,6.299158,5.87029875,201010,0.4288592500000003
TH-15,201012,3,ensemble,reference,5.052557999999999,1.92620525,201010,3.1263527499999997
TH-16,201001,1,ensemble,reference,3.714392,9.24186125,201001,-5.527469249999999
TH-16,201002,2,ensemble,reference,8.781012,16.5132935,201001,-7.732281499999999
TH-16,201003,3,ensemble,reference,17.46207,28.189697,201001,-10.727626999999998
TH-16,201004,1,ensemble,reference,9.287794000000002,3.85602525,201004,5.431768750000002
TH-16,201005,2,ensemble,reference,12.253722999999995,3.3633362499999997,201004,8.890386749999996
TH-16,201006,3,ensemble,reference,8.130912000000002,9.3435015,201004,-1.2125894999999982
TH-16,201007,1,ensemble,reference,40.266821,47.21414625,201007,-6.947325249999999
TH-16,201008,2,ensemble,reference,94.796482,102.0724755,201007,-7.2759934999999984
TH-16,201009,3,ensemble,reference,53.141940000000005,51.66901375,201007,1.4729262500000075
TH-16,201010,1,ensemble,reference,19.535365,12.94214625,201010,6.593218749999998
TH-16,201011,2,ensemble,reference,22.414056,12.214394250000002,201010,10.199661749999995
TH-16,201012,3,ensemble,reference,12.937859,2.5807965,201010,10.3570625
TH-17,201001,1,ensemble,reference,0.7115399999999998,0.42284075,201001,0.2886992499999998
TH-17,201002,2,ensemble,reference,0.713047,0.36457525,201001,0.3484717499999999
TH-17,201003,3,ensemble,reference,0.904286,1.00913025,201001,-0.1048442499999998
TH-17,201004,1,ensemble,reference,0.7829830000000007,0.79610925,201004,-0.0131262499999993
TH-17,201005,2,ensemble,reference,1.523648,0.3662569999999999,201004,1.157391
TH-17,201006,3,ensemble,reference,1.5493179999999995,2.2124565,201004,-0.6631385000000005
TH-17,201007,1,ensemble,reference,1.5763620000000005,1.17337625,201007,0.4029857500000005
TH-17,201008,2,ensemble,reference,1.5804970000000005,1.88612175,201007,-0.3056247499999995
TH-17,201009,3,ensemble,reference,1.393592,0.66405,201007,0.7295419999999999
TH-17,201010,1,ensemble,reference,1.226127,0.94154175,201010,0.28458525
TH-17,201011,2,ensemble,reference,1.6650459999999998,1.2255785,201010,0.4394674999999999
TH-17,201012,3,ensemble,reference,1.293095,0.4930215,201010,0.8000735000000001
TH-18,201001,1,ensemble,reference,1.400842,3.33279625,201001,-1.93195425
TH-18,201002,2,ensemble,reference,1.7935750000000006,0.78638425,201001,1.0071907500000006
TH-18,201003,3,ensemble,reference,2.222564,0.77349675,201001,1.44906725
TH-18,201004,1,ensemble,reference,2.096038,4.30145975,201004,-2.20542175
TH-18,201005,2,ensemble,reference,2.7008139999999994,1.1507265,201004,1.5500874999999994
TH-18,201006,3,ensemble,reference,3.289275,4.6242605,201004,-1.3349855000000002
TH-18,201007,1,ensemble,reference,3.881831,8.1673085,201007,-4.285477500000001
TH-18,201008,2,ensemble,reference,7.404873,11.21758625,201007,-3.81271325
TH-18,201009,3,ensemble,reference,16.019775000000003,21.8451225,201007,-5.825347499999996
TH-18,201010,1,ensemble,reference,5.172516,3.2297999999999996,201010,1.9427160000000003
TH-18,201011,2,ensemble,reference,3.3827999999999996,2.06502075,201010,1.3177792499999996
TH-18,201012,3,ensemble,reference,4.342053,0.94288725,201010,3.39916575
TH-19,201001,1,ensemble,reference,2.378818,3.4271667500000005,201001,-1.0483487500000006
TH-19,201002,2,ensemble,reference,5.191882,7.446776,201001,-2.254894
TH-19,201003,3,ensemble,reference,2.262217999999999,1.79082425,201001,0.4713937499999989
TH-19,201004,1,ensemble,reference,2.3743670000000012,1.6603605,201004,0.7140065000000013
TH-19,201005,2,ensemble,reference,5.274006,2.4239420000000003,201004,2.8500639999999997
TH-19,201006,3,ensemble,reference,5.916803000000002,4.3263155,201004,1.5904875000000018
TH-19,201007,1,ensemble,reference,14.360136000000004,14.09365475,201007,0.2664812500000035
TH-19,201008,2,ensemble,reference,18.937672,21.8797725,201007,-2.9421005000000022
TH-19,201009,3,ensemble,reference,20.169574999999995,20.31768075,201007,-0.1481057500000062
TH-19,201010,1,ensemble,reference,5.910238999999999,4.2838864999999995,201010,1.6263524999999994
TH-19,201011,2,ensemble,reference,5.957698000000001,5.66622925,201010,0.2914687500000008
TH-19,201012,3,ensemble,reference,6.887119,1.36079475,201010,5.52632425
TH-20,201001,1,ensemble,reference,13.103151999999994,11.21538425,201001,1.8877677499999947
TH-20,201002,2,ensemble,reference,14.963428,10.896265,201001,4.067163000000001
TH-20,201003,3,ensemble,reference,21.673034,16.735934999999998,201001,4.9370990000000035
TH-20,201004,1,ensemble,reference,16.374724000000015,11.38558075,201004,4.989143250000014
TH-20,201005,2,ensemble,reference,35.11817500000001,20.7100965,201004,14.40807850000001
TH-20,201006,3,ensemble,reference,41.114589000000024,26.4811635,201004,14.633425500000024
TH-20,201007,1,ensemble,reference,38.21868699999999,26.31470825,201007,11.90397874999999
TH-20,201008,2,ensemble,reference,48.236024999999984,39.443012,201007,8.79301299999998
TH-20,201009,3,ensemble,reference,26.19080199999999,14.91496925,201007,11.27583274999999
TH-20,201010,1,ensemble,reference,45.58449300000001,29.88148475,201010,15.70300825000001
TH-20,201011,2,ensemble,reference,41.528225000000006,31.26667425,201010,10.261550750000003
TH-20,201012,3,ensemble,reference,23.554659,22.02452925,201010,1.5301297500000004
TH-21,201001,1,ensemble,reference,4.451167,5.82003825,201001,-1.3688712499999998
TH-21,201002,2,ensemble,reference,11.754013,12.580851,201001,-0.8268379999999986
TH-21,201003,3,ensemble,reference,12.790665,11.3603985,201001,1.4302665
TH-21,201004,1,ensemble,reference,12.09684,14.407542500000002,201004,-2.3107025000000014
TH-21,201005,2,ensemble,reference,11.125899000000004,10.134025,201004,0.9918740000000046
TH-21,201006,3,ensemble,reference,23.27266400000001,19.465914249999997,201004,3.806749750000012
TH-21,201007,1,ensemble,reference,68.193863,63.80597125,201007,4.387891749999994
TH-21,201008,2,ensemble,reference,76.69159199999999,52.55002025,201007,24.141571749999983
TH-21,201009,3,ensemble,reference,36.883422,38.576548,201007,-1.6931259999999997
TH-21,201010,1,ensemble,reference,16.418634999999995,8.598093500000001,201010,7.820541499999994
TH-21,201011,2,ensemble,reference,15.460824000000002,7.3206229999999985,201010,8.140201000000005
TH-21,201012,3,ensemble,reference,13.644290000000002,5.0144065,201010,8.629883500000002
TH-22,201001,1,ensemble,reference,2.543900999999999,1.98363075,201001,0.560270249999999
TH-22,201002,2,ensemble,reference,5.862052,4.4158195,201001,1.4462325000000007
TH-22,201003,3,ensemble,reference,19.535048,14.79333875,201001,4.7417092499999995
TH-22,201004,1,ensemble,reference,39.935461,48.24665075,201004,-8.311189750000004
TH-22,201005,2,ensemble,reference,89.147064,87.95979200000001,201004,1.187271999999993
TH-22,201006,3,ensemble,reference,140.764053,130.83310225,201004,9.930950749999994
TH-22,201007,1,ensemble,reference,70.563585,60.19509,201007,10.368495000000005
TH-22,201008,2,ensemble,reference,34.768715,20.548919,201007,14.219796
TH-22,201009,3,ensemble,reference,28.516053999999997,13.99783325,201007,14.518220749999998
TH-22,201010,1,ensemble,reference,10.980754,9.10005175,201010,1.8807022499999988
TH-22,201011,2,ensemble,reference,8.328800000000001,9.02825475,201010,-0.6994547499999992
TH-22,201012,3,ensemble,reference,7.194931999999998,3.80094625,201010,3.393985749999998
TH-23,201001,1,ensemble,reference,5.144449,6.22086025,201001,-1.0764112500000005
TH-23,201002,2,ensemble,reference,1.1871780000000005,1.0614327499999998,201001,0.1257452500000007
TH-23,201003,3,ensemble,reference,9.282503,10.50874075,201001,-1.2262377499999992
TH-23,201004,1,ensemble,reference,16.362528,20.1597555,201004,-3.797227499999998
TH-23,201005,2,ensemble,reference,33.925638,26.99811725,201004,6.927520749999999
TH-23,201006,3,ensemble,reference,42.295672999999994,31.3320795,201004,10.963593499999996
TH-23,201007,1,ensemble,reference,25.388241000000004,17.430280250000003,201007,7.957960750000002
TH-23,201008,2,ensemble,reference,15.203848999999998,8.666697500000001,201007,6.537151499999997
TH-23,201009,3,ensemble,reference,8.837420000000002,4.62158,201007,4.215840000000002
TH-23,201010,1,ensemble,reference,3.9003460000000008,3.14036775,201010,0.759978250000001
TH-23,201011,2,ensemble,reference,8.026145,4.8709275,201010,3.1552175
TH-23,201012,3,ensemble,reference,3.680489,2.2619957500000005,201010,1.4184932499999996
TH-24,201001,1,ensemble,reference,3.676590000000001,2.344487,201001,1.332103000000001
TH-24,201002,2,ensemble,reference,4.9185279999999985,3.8645105,201001,1.0540174999999985
TH-24,201003,3,ensemble,reference,5.271425999999998,3.8468435,201001,1.4245824999999983
TH-24,201004,1,ensemble,reference,4.058232,3.605912,201004,0.4523200000000003
TH-24,201005,2,ensemble,reference,4.7373600000000025,5.45826775,201004,-0.7209077499999976
TH-24,201006,3,ensemble,reference,9.146929,12.347469999999998,201004,-3.2005409999999976
TH-24,201007,1,ensemble,reference,8.370986000000002,5.47021625,201007,2.900769750000002
TH-24,201008,2,ensemble,reference,10.886162,9.0707925,201007,1.815369500000001
TH-24,201009,3,ensemble,reference,5.617455,4.398366750000001,201007,1.2190882499999989
TH-24,201010,1,ensemble,reference,5.391698,8.752851,201010,-3.361153
TH-24,201011,2,ensemble,reference,6.097138000000001,1.84510325,201010,4.252034750000001
TH-24,201012,3,ensemble,reference,7.033406000000001,3.73623525,201010,3.297170750000001
TH-25,201001,1,ensemble,reference,8.948222,11.812749,201001,-2.8645270000000007
TH-25,201002,2,ensemble,reference,4.826397999999999,5.616235,201001,-0.7898370000000003
TH-25,201003,3,ensemble,reference,16.83189,17.006818000000003,201001,-0.1749280000000013
TH-25,201004,1,ensemble,reference,18.290594,30.85148225,201004,-12.56088825
TH-25,201005,2,ensemble,reference,28.50324,38.891711,201004,-10.388471
TH-25,201006,3,ensemble,reference,65.579839,86.8886485,201004,-21.308809499999995
TH-25,201007,1,ensemble,reference,42.287707999999995,39.58515775,201007,2.7025502499999945
TH-25,201008,2,ensemble,reference,24.634067,17.861451250000002,201007,6.77261575
TH-25,201009,3,ensemble,reference,22.633398,14.115225,201007,8.518172999999999
TH-25,201010,1,ensemble,reference,9.943674,8.393676750000001,201010,1.5499972499999988
TH-25,201011,2,ensemble,reference,7.369643,8.809987750000001,201010,-1.4403447500000013
TH-25,201012,3,ensemble,reference,6.461497000000001,4.037029,201010,2.424468000000001
TH-26,201001,1,ensemble,reference,1.6631969999999994,0.3553689999999999,201001,1.3078279999999995
TH-26,201002,2,ensemble,reference,1.1881849999999998,1.43124575,201001,-0.2430607500000001
TH-26,201003,3,ensemble,reference,1.489553,1.0574315,201001,0.4321214999999998
TH-26,201004,1,ensemble,reference,2.347701,0.5867377500000001,201004,1.7609632499999996
TH-26,201005,2,ensemble,reference,2.3817959999999987,1.7151080000000003,201004,0.6666879999999984
TH-26,201006,3,ensemble,reference,4.529761000000002,3.36939975,201004,1.1603612500000025
TH-26,201007,1,ensemble,reference,8.257291000000002,4.1530932499999995,201007,4.104197750000003
TH-26,201008,2,ensemble,reference,2.622551999999999,2.0148087500000003,201007,0.6077432499999986
TH-26,201009,3,ensemble,reference,4.401949,1.9432215,201007,2.4587275
TH-26,201010,1,ensemble,reference,1.4341339999999998,1.90442675,201010,-0.4702927500000002
TH-26,201011,2,ensemble,reference,2.1778319999999995,0.7468020000000001,201010,1.4310299999999994
TH-26,201012,3,ensemble,reference,1.653467,0.60794,201010,1.045527
TH-27,201001,1,ensemble,reference,2.7932559999999995,3.4116150000000003,201001,-0.6183590000000008
TH-27,201002,2,ensemble,reference,5.296981000000001,4.6001505,201001,0.6968305000000008
TH-27,201003,3,ensemble,reference,19.134977,14.829011,201001,4.305966
TH-27,201004,1,ensemble,reference,3.5608450000000005,2.3391677499999997,201004,1.2216772500000008
TH-27,201005,2,ensemble,reference,9.108479,11.22672675,201004,-2.1182477499999983
TH-27,201006,3,ensemble,reference,29.191431,29.26400525,201004,-0.0725742499999988
TH-27,201007,1,ensemble,reference,29.556716,25.371458,201007,4.185258000000001
TH-27,201008,2,ensemble,reference,35.86564,27.10668125,201007,8.758958749999998
TH-27,201009,3,ensemble,reference,19.15585,19.7880135,201007,-0.6321635000000008
TH-27,201010,1,ensemble,reference,11.944415,10.08593425,201010,1.85848075
TH-27,201011,2,ensemble,reference,9.655669,10.467428000000002,201010,-0.8117590000000021
TH-27,201012,3,ensemble,reference,7.270709,4.749423,201010,2.521286
TH-30,201001,1,ensemble,reference,16.766088,19.84207875,201001,-3.075990749999999
TH-30,201002,2,ensemble,reference,10.857634000000004,4.16607325,201001,6.691560750000004
TH-30,201003,3,ensemble,reference,27.657245000000003,21.4666685,201001,6.190576500000002
TH-30,201004,1,ensemble,reference,14.601834000000004,14.8476085,201004,-0.245774499999996
TH-30,201005,2,ensemble,reference,55.41652199999999,29.826989,201004,25.589532999999992
TH-30,201006,3,ensemble,reference,101.089199,89.08225375,201004,12.006945249999989
TH-30,201007,1,ensemble,reference,184.507111,182.94394375,201007,1.5631672500000209
TH-30,201008,2,ensemble,reference,286.29635900000005,278.456184,201007,7.840175000000045
TH-30,201009,3,ensemble,reference,186.019611,255.934375,201007,-69.91476399999999
TH-30,201010,1,ensemble,reference,53.38969799999998,22.265562000000003,201010,31.12413599999998
TH-30,201011,2,ensemble,reference,44.194288,16.547494,201010,27.646794
TH-30,201012,3,ensemble,reference,36.532613,6.20300125,201010,30.32961175
TH-31,201001,1,ensemble,reference,5.251936999999998,3.932965999999999,201001,1.318970999999999
TH-31,201002,2,ensemble,reference,27.728263,35.96954525,201001,-8.241282250000005
TH-31,201003,3,ensemble,reference,16.756574999999998,15.08197225,201001,1.6746027499999985
TH-31,201004,1,ensemble,reference,7.6268870000000035,4.4141165,201004,3.212770500000003
TH-31,201005,2,ensemble,reference,14.756571000000008,15.395098500000003,201004,-0.638527499999995
TH-31,201006,3,ensemble,reference,58.687470000000005,100.432555,201004,-41.74508499999999
TH-31,201007,1,ensemble,reference,99.956533,114.90608525,201007,-14.94955225000001
TH-31,201008,2,ensemble,reference,116.347146,111.77383875,201007,4.573307249999999
TH-31,201009,3,ensemble,reference,40.02989699999999,56.00066275,201007,-15.970765750000004
TH-31,201010,1,ensemble,reference,26.035798,12.4069335,201010,13.6288645
TH-31,201011,2,ensemble,reference,20.236104000000005,10.5309965,201010,9.705107500000004
TH-31,201012,3,ensemble,reference,18.07026799999999,5.803893,201010,12.266374999999991
TH-32,201001,1,ensemble,reference,8.54181,6.1895245,201001,2.3522855
TH-32,201002,2,ensemble,reference,8.973816000000001,10.0108735,201001,-1.0370574999999995
TH-32,201003,3,ensemble,reference,42.34197,43.327029499999995,201001,-0.9850594999999912
TH-32,201004,1,ensemble,reference,52.98462,86.93604725,201004,-33.95142725
TH-32,201005,2,ensemble,reference,150.872965,202.0102485,201004,-51.137283499999995
TH-32,201006,3,ensemble,reference,222.544562,354.4054095,201004,-131.8608475
TH-32,201007,1,ensemble,reference,199.017319,242.21332975,201007,-43.19601075000003
TH-32,201008,2,ensemble,reference,409.3117960000001,386.1399035,201007,23.17189250000007
TH-32,201009,3,ensemble,reference,197.99366199999997,201.263077,201007,-3.2694150000000377
TH-32,201010,1,ensemble,reference,45.126254999999986,42.18240275000001,201010,2.9438522499999777
TH-32,201011,2,ensemble,reference,33.463493,51.355273,201010,-17.891779999999997
TH-32,201012,3,ensemble,reference,34.60829100000001,25.28196925,201010,9.326321750000009
TH-33,201001,1,ensemble,reference,3.324655,5.898333,201001,-2.573678
TH-33,201002,2,ensemble,reference,12.405913000000002,10.81518625,201001,1.5907267500000015
TH-33,201003,3,ensemble,reference,32.9807,30.66049825,201001,2.320201749999999
TH-33,201004,1,ensemble,reference,9.395984000000002,15.083355,201004,-5.687370999999997
TH-33,201005,2,ensemble,reference,71.581772,113.769722,201004,-42.18795
TH-33,201006,3,ensemble,reference,146.520082,233.12642925,201004,-86.60634725
TH-33,201007,1,ensemble,reference,85.96121400000001,109.8229375,201007,-23.861723499999982
TH-33,201008,2,ensemble,reference,202.673333,191.19073275,201007,11.48260025000002
TH-33,201009,3,ensemble,reference,94.832906,99.9063825,201007,-5.073476500000012
TH-33,201010,1,ensemble,reference,59.95780200000001,37.71422475,201010,22.24357725000001
TH-33,201011,2,ensemble,reference,29.59181700000001,12.73483325,201010,16.856983750000012
TH-33,201012,3,ensemble,reference,21.348645999999995,10.119097,201010,11.229548999999995
TH-34,201001,1,ensemble,reference,4.017407000000002,1.34318375,201001,2.6742232500000025
TH-34,201002,2,ensemble,reference,4.833433000000003,0.8840215,201001,3.9494115000000023
TH-34,201003,3,ensemble,reference,4.302982999999998,1.422117,201001,2.8808659999999975
TH-34,201004,1,ensemble,reference,6.021909999999998,1.8687075,201004,4.153202499999998
TH-34,201005,2,ensemble,reference,10.428259000000004,6.560804,201004,3.867455000000004
TH-34,201006,3,ensemble,reference,15.468508999999996,26.1065275,201004,-10.638018500000005
TH-34,201007,1,ensemble,reference,25.300481999999988,37.11896025,201007,-11.818478250000013
TH-34,201008,2,ensemble,reference,12.412112,10.8464815,201007,1.565630500000001
TH-34,201009,3,ensemble,reference,25.005392,41.75183875,201007,-16.746446749999997
TH-34,201010,1,ensemble,reference,11.763202,18.14006175,201010,-6.376859750000001
TH-34,201011,2,ensemble,reference,9.347392999999997,8.66547225,201010,0.6819207499999962
TH-34,201012,3,ensemble,reference,9.662554999999998,1.72183,201010,7.940724999999998
TH-35,201001,1,ensemble,reference,0.810432,0.50252875,201001,0.3079032500000001
TH-35,201002,2,ensemble,reference,1.1596839999999995,0.4727019999999999,201001,0.6869819999999995
TH-35,201003,3,ensemble,reference,3.8977090000000008,4.29268075,201001,-0.3949717499999989
TH-35,201004,1,ensemble,reference,2.2022269999999997,3.5162875,201004,-1.3140605
TH-35,201005,2,ensemble,reference,3.106426000000001,1.9017875,201004,1.2046385000000008
TH-35,201006,3,ensemble,reference,10.254527,24.7108375,201004,-14.4563105
TH-35,201007,1,ensemble,reference,9.561933999999995,12.42354525,201007,-2.8616112500000046
TH-35,201008,2,ensemble,reference,9.914715,9.22649025,201007,0.6882247499999998
TH-35,201009,3,ensemble,reference,7.269938000000002,8.21614875,201007,-0.9462107499999988
TH-35,201010,1,ensemble,reference,3.858425,2.0887835,201010,1.7696415
TH-35,201011,2,ensemble,reference,4.040652,4.1058715,201010,-0.0652195000000004
TH-35,201012,3,ensemble,reference,3.1058010000000005,1.31716475,201010,1.7886362500000004
TH-36,201001,1,ensemble,reference,2.356627000000002,1.47992425,201001,0.8767027500000018
TH-36,201002,2,ensemble,reference,6.565634000000001,12.29119775,201001,-5.725563749999999
TH-36,201003,3,ensemble,reference,11.132638,13.27510225,201001,-2.1424642499999997
TH-36,201004,1,ensemble,reference,5.721684,3.424279250000001,201004,2.2974047499999988
TH-36,201005,2,ensemble,reference,13.478147,10.336016,201004,3.142130999999999
TH-36,201006,3,ensemble,reference,16.496145000000006,11.225689999999998,201004,5.270455000000007
TH-36,201007,1,ensemble,reference,23.488306999999992,15.36622375,201007,8.122083249999992
TH-36,201008,2,ensemble,reference,25.494407,15.5963735,201007,9.8980335
TH-36,201009,3,ensemble,reference,11.076014999999998,7.9037245,201007,3.172290499999998
TH-36,201010,1,ensemble,reference,14.17209,6.4002935,201010,7.771796500000001
TH-36,201011,2,ensemble,reference,7.659879,2.5084755000000003,201010,5.1514035
TH-36,201012,3,ensemble,reference,6.72336,1.0584865,201010,5.6648735
TH-37,201001,1,ensemble,reference,0.4944010000000001,0.40658025,201001,0.0878207500000001
TH-37,201002,2,ensemble,reference,0.6641739999999996,0.3616859999999999,201001,0.3024879999999997
TH-37,201003,3,ensemble,reference,0.8111509999999997,0.7898635,201001,0.0212874999999996
TH-37,201004,1,ensemble,reference,1.1871490000000002,2.08366575,201004,-0.89651675
TH-37,201005,2,ensemble,reference,7.363671,14.9872495,201004,-7.623578500000001
TH-37,201006,3,ensemble,reference,16.61961,34.540377,201004,-17.920766999999998
TH-37,201007,1,ensemble,reference,38.331709,41.36216125,201007,-3.0304522500000033
TH-37,201008,2,ensemble,reference,12.499005,17.0672055,201007,-4.5682005
TH-37,201009,3,ensemble,reference,3.883512,2.2777459999999996,201007,1.6057660000000005
TH-37,201010,1,ensemble,reference,3.2107909999999995,5.27723325,201010,-2.0664422500000006
TH-37,201011,2,ensemble,reference,2.4445939999999995,3.97074775,201010,-1.5261537500000006
TH-37,201012,3,ensemble,reference,1.4745350000000004,0.68502475,201010,0.7895102500000004
TH-39,201001,1,ensemble,reference,1.769937,3.098698,201001,-1.328761
TH-39,201002,2,ensemble,reference,1.7624250000000004,2.9376645,201001,-1.1752394999999995
TH-39,201003,3,ensemble,reference,0.8141189999999998,0.801615,201001,0.0125039999999998
TH-39,201004,1,ensemble,reference,0.9716490000000002,0.90503075,201004,0.0666182500000002
TH-39,201005,2,ensemble,reference,1.231544,1.5728684999999998,201004,-0.3413244999999998
TH-39,201006,3,ensemble,reference,6.341335999999999,6.3976315,201004,-0.0562955000000009
TH-39,201007,1,ensemble,reference,2.160436,3.3443162500000003,201007,-1.1838802500000003
TH-39,201008,2,ensemble,reference,2.641446999999999,3.74947825,201007,-1.1080312500000011
TH-39,201009,3,ensemble,reference,4.251509,7.28611675,201007,-3.0346077499999993
TH-39,201010,1,ensemble,reference,1.8675580000000005,3.323844,201010,-1.4562859999999993
TH-39,201011,2,ensemble,reference,1.266163,1.63383775,201010,-0.3676747500000001
TH-39,201012,3,ensemble,reference,0.7731219999999999,0.4519624999999999,201010,0.3211595
TH-40,201001,1,ensemble,reference,3.9794040000000024,2.93708425,201001,1.0423197500000023
TH-40,201002,2,ensemble,reference,8.301935,14.02808175,201001,-5.72614675
TH-40,201003,3,ensemble,reference,21.519709,22.93179,201001,-1.4120810000000006
TH-40,201004,1,ensemble,reference,12.25719,5.1624247500000005,201004,7.094765249999999
TH-40,201005,2,ensemble,reference,13.153153000000003,7.095369249999999,201004,6.057783750000004
TH-40,201006,3,ensemble,reference,26.574844,7.855703999999999,201004,18.71914
TH-40,201007,1,ensemble,reference,26.433306,22.820814,201007,3.612492000000003
TH-40,201008,2,ensemble,reference,39.680474999999994,28.93372625,201007,10.746748749999997
TH-40,201009,3,ensemble,reference,31.980033999999996,30.4648115,201007,1.5152224999999966
TH-40,201010,1,ensemble,reference,16.803514,6.658842999999999,201010,10.144671
TH-40,201011,2,ensemble,reference,19.321944,7.268258750000001,201010,12.053685249999996
TH-40,201012,3,ensemble,reference,10.124771000000004,10.872871,201010,-0.7480999999999955
TH-41,201001,1,ensemble,reference,2.4448609999999995,0.80220575,201001,1.6426552499999991
TH-41,201002,2,ensemble,reference,4.142934,1.6500075,201001,2.4929265000000003
TH-41,201003,3,ensemble,reference,3.567563,1.2229745,201001,2.3445884999999995
TH-41,201004,1,ensemble,reference,6.173985000000002,4.15508325,201004,2.018901750000002
TH-41,201005,2,ensemble,reference,12.952852,11.6786335,201004,1.2742185
TH-41,201006,3,ensemble,reference,14.482152999999997,11.4897505,201004,2.992402499999997
TH-41,201007,1,ensemble,reference,19.000208,18.1849225,201007,0.8152855000000017
TH-41,201008,2,ensemble,reference,17.362942000000004,12.4916625,201007,4.8712795000000035
TH-41,201009,3,ensemble,reference,7.559339999999999,4.6860307500000005,201007,2.8733092499999984
TH-41,201010,1,ensemble,reference,6.741696000000001,4.8812715,201010,1.8604245000000008
TH-41,201011,2,ensemble,reference,8.929569,6.675761249999999,201010,2.2538077500000018
TH-41,201012,3,ensemble,reference,5.3751130000000025,1.79131975,201010,3.5837932500000025
TH-42,201001,1,ensemble,reference,8.903400999999999,9.68560025,201001,-0.7821992500000015
TH-42,201002,2,ensemble,reference,12.459316,16.2764205,201001,-3.817104500000001
TH-42,201003,3,ensemble,reference,21.411129,21.2178535,201001,0.1932754999999986
TH-42,201004,1,ensemble,reference,10.263238,10.02733425,201004,0.2359037500000003
TH-42,201005,2,ensemble,reference,55.994412,27.40693625,201004,28.587475749999996
TH-42,201006,3,ensemble,reference,57.603913000000006,26.776039249999997,201004,30.82787375000001
TH-42,201007,1,ensemble,reference,24.091021999999995,31.21102325,201007,-7.120001250000005
TH-42,201008,2,ensemble,reference,23.789591,35.7170645,201007,-11.927473499999998
TH-42,201009,3,ensemble,reference,12.957240999999996,30.219347500000005,201007,-17.26210650000001
TH-42,201010,1,ensemble,reference,7.558071999999999,13.90295425,201010,-6.344882250000001
TH-42,201011,2,ensemble,reference,6.978319000000001,9.47393125,201010,-2.495612249999999
TH-42,201012,3,ensemble,reference,2.539427,1.8148977499999996,201010,0.7245292500000002
TH-43,201001,1,ensemble,reference,3.201701000000001,4.73758825,201001,-1.5358872499999991
TH-43,201002,2,ensemble,reference,1.7004269999999997,1.4307975,201001,0.2696294999999997
TH-43,201003,3,ensemble,reference,10.223604000000002,13.599373,201001,-3.3757689999999982
TH-43,201004,1,ensemble,reference,15.450319,21.01989975,201004,-5.56958075
TH-43,201005,2,ensemble,reference,31.199496000000003,30.3629025,201004,0.8365935000000029
TH-43,201006,3,ensemble,reference,28.06425,24.42433075,201004,3.639919250000002
TH-43,201007,1,ensemble,reference,12.655567999999995,18.745332,201007,-6.089764000000006
TH-43,201008,2,ensemble,reference,13.167143,14.72139275,201007,-1.5542497500000003
TH-43,201009,3,ensemble,reference,7.347818,11.92055525,201007,-4.572737249999999
TH-43,201010,1,ensemble,reference,6.156855999999999,14.4809155,201010,-8.3240595
TH-43,201011,2,ensemble,reference,3.971625,9.36506575,201010,-5.39344075
TH-43,201012,3,ensemble,reference,3.1002899999999993,3.4949327500000003,201010,-0.3946427500000009
TH-44,201001,1,ensemble,reference,3.0558639999999997,1.653425,201001,1.4024389999999998
TH-44,201002,2,ensemble,reference,2.5061339999999994,1.084228,201001,1.4219059999999994
TH-44,201003,3,ensemble,reference,3.789616000000001,3.8582585,201001,-0.0686424999999988
TH-44,201004,1,ensemble,reference,3.231487999999999,3.407875,201004,-0.1763870000000014
TH-44,201005,2,ensemble,reference,6.925149999999999,8.6920645,201004,-1.7669145000000022
TH-44,201006,3,ensemble,reference,17.066053000000004,38.81393,201004,-21.747876999999995
TH-44,201007,1,ensemble,reference,22.504464999999996,34.940666750000005,201007,-12.43620175000001
TH-44,201008,2,ensemble,reference,47.915935999999995,59.32801575,201007,-11.412079750000004
TH-44,201009,3,ensemble,reference,22.957600000000003,36.23353875,201007,-13.275938749999998
TH-44,201010,1,ensemble,reference,9.406045,6.2477695,201010,3.1582755
TH-44,201011,2,ensemble,reference,10.715954,7.7776115,201010,2.9383425
TH-44,201012,3,ensemble,reference,8.74336,2.292598,201010,6.450761999999999
TH-45,201001,1,ensemble,reference,4.174524999999999,3.144007,201001,1.030517999999999
TH-45,201002,2,ensemble,reference,5.240800999999998,9.14386425,201001,-3.9030632500000024
TH-45,201003,3,ensemble,reference,7.701408000000001,9.0474965,201001,-1.346088499999999
TH-45,201004,1,ensemble,reference,4.978217000000001,2.28940225,201004,2.6888147500000006
TH-45,201005,2,ensemble,reference,8.694530999999998,10.375764,201004,-1.6812330000000024
TH-45,201006,3,ensemble,reference,25.008022000000004,69.6094875,201004,-44.6014655
TH-45,201007,1,ensemble,reference,17.562873000000003,28.5371925,201007,-10.974319499999996
TH-45,201008,2,ensemble,reference,77.92697899999999,86.46051,201007,-8.53353100000001
TH-45,201009,3,ensemble,reference,26.067303000000003,35.179215,201007,-9.111911999999997
TH-45,201010,1,ensemble,reference,10.897506000000003,7.153025749999999,201010,3.744480250000004
TH-45,201011,2,ensemble,reference,15.058093,11.973035499999998,201010,3.0850575000000013
TH-45,201012,3,ensemble,reference,8.630795000000003,1.96834825,201010,6.662446750000003
TH-46,201001,1,ensemble,reference,3.639318000000001,3.4075025,201001,0.231815500000001
TH-46,201002,2,ensemble,reference,9.450953,16.29373125,201001,-6.84277825
TH-46,201003,3,ensemble,reference,30.648225,31.53832325,201001,-0.8900982500000012
TH-46,201004,1,ensemble,reference,14.644496000000004,14.64303525,201004,0.0014607500000032
TH-46,201005,2,ensemble,reference,23.850607,26.49339725,201004,-2.642790250000001
TH-46,201006,3,ensemble,reference,39.744212,35.723732,201004,4.020479999999999
TH-46,201007,1,ensemble,reference,16.092585999999997,36.180759249999994,201007,-20.088173249999997
TH-46,201008,2,ensemble,reference,13.090305999999998,42.41459175,201007,-29.32428575
TH-46,201009,3,ensemble,reference,8.284380000000002,29.280692,201007,-20.996311999999996
TH-46,201010,1,ensemble,reference,6.659973000000001,0.3246275,201010,6.335345500000001
TH-46,201011,2,ensemble,reference,5.294708999999999,0.14462275,201010,5.150086249999999
TH-46,201012,3,ensemble,reference,3.723087,0.0394922499999999,201010,3.68359475
TH-47,201001,1,ensemble,reference,4.486089000000001,4.048636500000001,201001,0.4374525
TH-47,201002,2,ensemble,reference,15.592391,23.90598075,201001,-8.313589750000002
TH-47,201003,3,ensemble,reference,28.766174999999997,29.26258475,201001,-0.4964097500000015
TH-47,201004,1,ensemble,reference,11.816437,7.534234,201004,4.282203000000001
TH-47,201005,2,ensemble,reference,49.412294,42.05707275,201004,7.35522125
TH-47,201006,3,ensemble,reference,158.533436,151.614586,201004,6.918849999999992
TH-47,201007,1,ensemble,reference,57.5899,32.892016500000004,201007,24.697883499999996
TH-47,201008,2,ensemble,reference,43.787533,101.38542325,201007,-57.59789025
TH-47,201009,3,ensemble,reference,37.562623,64.53870375,201007,-26.97608074999999
TH-47,201010,1,ensemble,reference,7.535339999999998,26.741048,201010,-19.205708
TH-47,201011,2,ensemble,reference,4.272838,19.41189725,201010,-15.13905925
TH-47,201012,3,ensemble,reference,3.0141229999999997,6.84296425,201010,-3.82884125
TH-48,201001,1,ensemble,reference,3.4589489999999996,4.34723025,201001,-0.8882812500000004
TH-48,201002,2,ensemble,reference,5.9892590000000006,9.7932295,201001,-3.8039705
TH-48,201003,3,ensemble,reference,13.380853000000002,19.776188749999996,201001,-6.395335749999994
TH-48,201004,1,ensemble,reference,17.033642,21.54611925,201004,-4.51247725
TH-48,201005,2,ensemble,reference,66.910709,75.17388975,201004,-8.263180750000004
TH-48,201006,3,ensemble,reference,27.153306000000008,19.43368075,201004,7.719625250000007
TH-48,201007,1,ensemble,reference,22.821297,32.4548895,201007,-9.6335925
TH-48,201008,2,ensemble,reference,15.82242,29.17156575,201007,-13.34914575
TH-48,201009,3,ensemble,reference,19.907008,9.755228499999998,201007,10.151779500000004
TH-48,201010,1,ensemble,reference,6.932154999999998,10.1964305,201010,-3.264275500000002
TH-48,201011,2,ensemble,reference,5.620538,10.188212750000002,201010,-4.567674750000002
TH-48,201012,3,ensemble,reference,5.619273,2.7258005,201010,2.8934724999999997
TH-49,201001,1,ensemble,reference,2.835554,2.1978454999999997,201001,0.6377085000000005
TH-49,201002,2,ensemble,reference,2.7550120000000007,2.6128670000000005,201001,0.1421450000000002
TH-49,201003,3,ensemble,reference,17.077422,12.18306375,201001,4.894358249999998
TH-49,201004,1,ensemble,reference,6.102076,4.20566275,201004,1.89641325
TH-49,201005,2,ensemble,reference,45.987203,34.18565675000001,201004,11.801546249999994
TH-49,201006,3,ensemble,reference,115.185904,88.49219224999999,201004,26.69371175000001
TH-49,201007,1,ensemble,reference,45.081109,18.734942249999996,201007,26.34616675
TH-49,201008,2,ensemble,reference,20.408683,15.44566375,201007,4.96301925
TH-49,201009,3,ensemble,reference,16.40844,28.1909945,201007,-11.7825545
TH-49,201010,1,ensemble,reference,3.0844400000000007,9.57566825,201010,-6.491228249999999
TH-49,201011,2,ensemble,reference,2.1925170000000005,7.734368,201010,-5.541850999999999
TH-49,201012,3,ensemble,reference,1.250285,1.72815225,201010,-0.4778672499999998
TH-50,201001,1,ensemble,reference,6.716003000000002,4.897128,201001,1.818875000000002
TH-50,201002,2,ensemble,reference,4.889572000000001,8.55841875,201001,-3.6688467499999984
TH-50,201003,3,ensemble,reference,9.572102999999998,7.79260475,201001,1.7794982499999987
TH-50,201004,1,ensemble,reference,5.935185000000001,10.6360875,201004,-4.7009025
TH-50,201005,2,ensemble,reference,25.245087,22.884541,201004,2.360546000000003
TH-50,201006,3,ensemble,reference,168.511546,63.789284249999994,201004,104.72226175000002
TH-50,201007,1,ensemble,reference,800.427666,827.5863075,201007,-27.15864149999993
TH-50,201008,2,ensemble,reference,940.674413,1073.92921375,201007,-133.25480074999996
TH-50,201009,3,ensemble,reference,545.2949759999999,702.4804214999999,201007,-157.1854455
TH-50,201010,1,ensemble,reference,83.139353,32.60679475,201010,50.53255825
TH-50,201011,2,ensemble,reference,66.21687399999999,22.42557625,201010,43.79129774999999
TH-50,201012,3,ensemble,reference,57.09412,14.2656385,201010,42.828481499999995
TH-51,201001,1,ensemble,reference,1.003969,0.5666355000000001,201001,0.4373334999999998
TH-51,201002,2,ensemble,reference,1.7170440000000005,1.6051525,201001,0.1118915000000004
TH-51,201003,3,ensemble,reference,3.429996000000001,3.5194735,201001,-0.0894774999999992
TH-51,201004,1,ensemble,reference,5.959058,5.91250125,201004,0.0465567499999997
TH-51,201005,2,ensemble,reference,17.106237999999998,19.3731975,201004,-2.2669595000000022
TH-51,201006,3,ensemble,reference,59.16365,71.78191625,201004,-12.618266249999998
TH-51,201007,1,ensemble,reference,47.457168,63.17572800000001,201007,-15.718560000000004
TH-51,201008,2,ensemble,reference,43.53566,58.24045950000001,201007,-14.704799500000007
TH-51,201009,3,ensemble,reference,14.70454,10.1534375,201007,4.551102499999999
TH-51,201010,1,ensemble,reference,7.848067,4.896127999999999,201010,2.951939000000001
TH-51,201011,2,ensemble,reference,5.688703,3.0793827499999997,201010,2.609320250000001
TH-51,201012,3,ensemble,reference,3.815626,1.1904230000000005,201010,2.6252029999999995
TH-52,201001,1,ensemble,reference,2.013996000000001,1.75202925,201001,0.2619667500000009
TH-52,201002,2,ensemble,reference,2.535177,1.55565775,201001,0.97951925
TH-52,201003,3,ensemble,reference,3.0317479999999986,2.167389,201001,0.8643589999999985
TH-52,201004,1,ensemble,reference,3.240316,2.5909347499999997,201004,0.6493812500000002
TH-52,201005,2,ensemble,reference,7.235934,5.230950999999999,201004,2.004983000000001
TH-52,201006,3,ensemble,reference,18.291744,21.3053575,201004,-3.013613499999998
TH-52,201007,1,ensemble,reference,121.983892,158.1287695,201007,-36.14487750000001
TH-52,201008,2,ensemble,reference,282.20404,304.49102400000004,201007,-22.286984000000015
TH-52,201009,3,ensemble,reference,138.586076,156.33319125,201007,-17.747115250000007
TH-52,201010,1,ensemble,reference,29.412288000000004,30.3176945,201010,-0.905406499999998
TH-52,201011,2,ensemble,reference,21.624659,4.6264255,201010,16.9982335
TH-52,201012,3,ensemble,reference,16.061154000000002,2.1230530000000005,201010,13.938101
TH-53,201001,1,ensemble,reference,2.113303,0.3476732499999999,201001,1.7656297500000002
TH-53,201002,2,ensemble,reference,1.8330530000000005,0.83125025,201001,1.0018027500000004
TH-53,201003,3,ensemble,reference,2.17398,1.0367082499999998,201001,1.13727175
TH-53,201004,1,ensemble,reference,2.617134,0.73109475,201004,1.88603925
TH-53,201005,2,ensemble,reference,4.477186,2.75283825,201004,1.7243477499999995
TH-53,201006,3,ensemble,reference,10.125432,1.2990585,201004,8.8263735
TH-53,201007,1,ensemble,reference,7.503297,2.9749725,201007,4.5283245
TH-53,201008,2,ensemble,reference,9.066757000000004,12.83381725,201007,-3.767060249999995
TH-53,201009,3,ensemble,reference,18.528266999999996,28.56385625,201007,-10.035589250000005
TH-53,201010,1,ensemble,reference,8.022147,17.99514075,201010,-9.97299375
TH-53,201011,2,ensemble,reference,4.142619999999999,2.6316335000000004,201010,1.510986499999999
TH-53,201012,3,ensemble,reference,3.801238,6.9967120000000005,201010,-3.1954740000000004
TH-54,201001,1,ensemble,reference,1.3098669999999997,0.854524,201001,0.4553429999999997
TH-54,201002,2,ensemble,reference,1.599983,1.0471242500000002,201001,0.5528587499999997
TH-54,201003,3,ensemble,reference,2.019540000000001,2.08694075,201001,-0.0674007499999991
TH-54,201004,1,ensemble,reference,2.7992220000000003,1.6052654999999998,201004,1.1939565000000003
TH-54,201005,2,ensemble,reference,6.0839089999999985,4.2675675,201004,1.8163414999999985
TH-54,201006,3,ensemble,reference,9.320124999999996,8.48416625,201004,0.8359587499999961
TH-54,201007,1,ensemble,reference,9.219720999999996,8.955345999999999,201007,0.2643749999999976
TH-54,201008,2,ensemble,reference,31.267000999999997,45.44727825,201007,-14.18027725
TH-54,201009,3,ensemble,reference,16.286738000000003,25.955366,201007,-9.668627999999998
TH-54,201010,1,ensemble,reference,5.3801770000000015,3.6751239999999994,201010,1.7050530000000022
TH-54,201011,2,ensemble,reference,5.723737,3.7707405,201010,1.9529965
TH-54,201012,3,ensemble,reference,6.246869,1.23814125,201010,5.00872775
TH-55,201001,1,ensemble,reference,0.862444,0.6861302499999999,201001,0.17631375
TH-55,201002,2,ensemble,reference,0.5660880000000001,0.3233517499999999,201001,0.2427362500000002
TH-55,201003,3,ensemble,reference,0.7460809999999998,0.5237879999999999,201001,0.2222929999999998
TH-55,201004,1,ensemble,reference,1.392913,2.19301625,201004,-0.8001032499999998
TH-55,201005,2,ensemble,reference,2.586779,2.0993275,201004,0.4874515000000001
TH-55,201006,3,ensemble,reference,10.825373000000004,17.4156905,201004,-6.590317499999996
TH-55,201007,1,ensemble,reference,4.484734,3.39732375,201007,1.0874102500000005
TH-55,201008,2,ensemble,reference,5.466469,4.80650275,201007,0.6599662500000001
TH-55,201009,3,ensemble,reference,4.845079,5.85105775,201007,-1.0059787499999997
TH-55,201010,1,ensemble,reference,5.375118,10.354129,201010,-4.979011000000001
TH-55,201011,2,ensemble,reference,2.476538000000001,0.7656497500000001,201010,1.7108882500000009
TH-55,201012,3,ensemble,reference,1.3774120000000003,0.60104625,201010,0.7763657500000003
TH-56,201001,1,ensemble,reference,1.9426949999999996,2.4571845000000003,201001,-0.5144895000000007
TH-56,201002,2,ensemble,reference,2.6170399999999994,2.5534904999999997,201001,0.0635494999999997
TH-56,201003,3,ensemble,reference,4.295289,5.1507775,201001,-0.8554884999999999
TH-56,201004,1,ensemble,reference,2.0228839999999995,4.8462385,201004,-2.8233545000000007
TH-56,201005,2,ensemble,reference,4.6935249999999975,10.78941425,201004,-6.095889250000003
TH-56,201006,3,ensemble,reference,45.731083000000005,34.31118325,201004,11.419899750000006
TH-56,201007,1,ensemble,reference,161.66192800000002,194.88141875,201007,-33.21949074999998
TH-56,201008,2,ensemble,reference,307.060392,332.1583025,201007,-25.097910500000012
TH-56,201009,3,ensemble,reference,80.521926,122.20144175,201007,-41.67951575000001
TH-56,201010,1,ensemble,reference,14.254116999999995,4.323588749999999,201010,9.930528249999997
TH-56,201011,2,ensemble,reference,14.007524,3.68272025,201010,10.32480375
TH-56,201012,3,ensemble,reference,10.622566999999997,1.5134569999999998,201010,9.109109999999998
TH-57,201001,1,ensemble,reference,2.2208099999999993,1.7817687499999997,201001,0.4390412499999996
TH-57,201002,2,ensemble,reference,1.6282329999999998,3.6775024999999992,201001,-2.0492694999999994
TH-57,201003,3,ensemble,reference,2.049111,4.76349975,201001,-2.7143887500000003
TH-57,201004,1,ensemble,reference,2.5427610000000005,4.7708945,201004,-2.2281334999999993
TH-57,201005,2,ensemble,reference,7.649525000000001,6.273704749999999,201004,1.3758202500000012
TH-57,201006,3,ensemble,reference,32.076546,32.721829,201004,-0.6452829999999992
TH-57,201007,1,ensemble,reference,218.593655,238.514611,201007,-19.92095599999999
TH-57,201008,2,ensemble,reference,320.772971,352.42574925,201007,-31.65277825000004
TH-57,201009,3,ensemble,reference,136.843839,214.5934125,201007,-77.7495735
TH-57,201010,1,ensemble,reference,33.825335,35.5939845,201010,-1.768649499999995
TH-57,201011,2,ensemble,reference,20.387065,4.2747485,201010,16.1123165
TH-57,201012,3,ensemble,reference,18.656827,5.76130975,201010,12.89551725
TH-58,201001,1,ensemble,reference,0.8986430000000001,5.23439975,201001,-4.33575675
TH-58,201002,2,ensemble,reference,0.958724,6.227213,201001,-5.268489
TH-58,201003,3,ensemble,reference,0.8660919999999996,6.73112075,201001,-5.8650287500000005
TH-58,201004,1,ensemble,reference,1.052826,1.858822,201004,-0.8059959999999999
TH-58,201005,2,ensemble,reference,11.898968,4.77457175,201004,7.12439625
TH-58,201006,3,ensemble,reference,17.416522,7.6005755,201004,9.8159465
TH-58,201007,1,ensemble,reference,40.929574,59.07283575,201007,-18.14326175
TH-58,201008,2,ensemble,reference,71.788831,118.2877595,201007,-46.498928500000005
TH-58,201009,3,ensemble,reference,57.46682199999999,82.120969,201007,-24.65414700000001
TH-58,201010,1,ensemble,reference,10.213181,2.4888885,201010,7.724292500000001
TH-58,201011,2,ensemble,reference,7.750392999999999,2.2786055,201010,5.4717875
TH-58,201012,3,ensemble,reference,6.377691000000002,2.345785,201010,4.031906000000003
TH-60,201001,1,ensemble,reference,4.823639,2.9965177499999993,201001,1.8271212500000007
TH-60,201002,2,ensemble,reference,6.824617,2.8951775,201001,3.9294395
TH-60,201003,3,ensemble,reference,9.210831999999996,5.0336165,201001,4.177215499999996
TH-60,201004,1,ensemble,reference,9.075639999999996,2.9502922499999995,201004,6.125347749999997
TH-60,201005,2,ensemble,reference,12.322159,2.13795175,201004,10.18420725
TH-60,201006,3,ensemble,reference,20.785521999999993,2.9246062500000005,201004,17.860915749999993
TH-60,201007,1,ensemble,reference,14.181188999999996,10.56609825,201007,3.6150907499999967
TH-60,201008,2,ensemble,reference,16.054685,25.4182805,201007,-9.363595500000002
TH-60,201009,3,ensemble,reference,12.424581,20.91777325,201007,-8.49319225
TH-60,201010,1,ensemble,reference,10.636943000000002,4.06123425,201010,6.575708750000002
TH-60,201011,2,ensemble,reference,7.283101000000002,10.62992225,201010,-3.346821249999998
TH-60,201012,3,ensemble,reference,7.474951000000001,6.810391,201010,0.6645600000000007
TH-61,201001,1,ensemble,reference,0.9632280000000004,1.2914645,201001,-0.3282364999999996
TH-61,201002,2,ensemble,reference,2.132625,0.188459,201001,1.944166
TH-61,201003,3,ensemble,reference,1.7248910000000004,0.7259645000000001,201001,0.9989265000000004
TH-61,201004,1,ensemble,reference,3.996117,0.84759725,201004,3.14851975
TH-61,201005,2,ensemble,reference,3.614295,0.76836975,201004,2.8459252499999996
TH-61,201006,3,ensemble,reference,5.3654779999999995,0.8711500000000001,201004,4.494327999999999
TH-61,201007,1,ensemble,reference,3.644147,2.950132,201007,0.6940149999999998
TH-61,201008,2,ensemble,reference,3.083641,3.427531,201007,-0.34389
TH-61,201009,3,ensemble,reference,4.175387000000001,10.45082225,201007,-6.275435249999999
TH-61,201010,1,ensemble,reference,2.0211159999999992,2.44482675,201010,-0.4237107500000006
TH-61,201011,2,ensemble,reference,3.2187469999999996,0.61484075,201010,2.6039062499999996
TH-61,201012,3,ensemble,reference,1.906408,1.70708825,201010,0.1993197500000001
TH-62,201001,1,ensemble,reference,2.9331229999999984,3.723224,201001,-0.7901010000000017
TH-62,201002,2,ensemble,reference,5.633933000000001,11.10674925,201001,-5.472816249999999
TH-62,201003,3,ensemble,reference,5.257857000000001,6.50921125,201001,-1.2513542499999986
TH-62,201004,1,ensemble,reference,5.741833,2.7755462500000005,201004,2.966286749999999
TH-62,201005,2,ensemble,reference,8.672318000000004,3.5090615,201004,5.163256500000005
TH-62,201006,3,ensemble,reference,15.215456000000003,3.51338275,201004,11.702073250000003
TH-62,201007,1,ensemble,reference,10.549636,5.587671499999999,201007,4.9619645000000006
TH-62,201008,2,ensemble,reference,19.297129,15.089170500000002,201007,4.2079585
TH-62,201009,3,ensemble,reference,9.814923000000004,7.151817749999999,201007,2.6631052500000045
TH-62,201010,1,ensemble,reference,5.441313000000001,3.951372,201010,1.4899410000000008
TH-62,201011,2,ensemble,reference,4.827051999999998,4.3080125,201010,0.5190394999999981
TH-62,201012,3,ensemble,reference,4.563646,2.77928475,201010,1.7843612500000003
TH-63,201001,1,ensemble,reference,3.899407,2.8578672500000004,201001,1.0415397499999997
TH-63,201002,2,ensemble,reference,3.2334650000000007,4.807699749999999,201001,-1.574234749999999
TH-63,201003,3,ensemble,reference,11.363399,5.50508275,201001,5.85831625
TH-63,201004,1,ensemble,reference,27.177000999999997,13.551799499999998,201004,13.6252015
TH-63,201005,2,ensemble,reference,35.02671099999999,16.545640249999998,201004,18.481070749999994
TH-63,201006,3,ensemble,reference,55.771584,35.2857755,201004,20.485808499999997
TH-63,201007,1,ensemble,reference,124.118155,82.398438,201007,41.719717
TH-63,201008,2,ensemble,reference,118.94549600000002,111.36847325,201007,7.577022750000026
TH-63,201009,3,ensemble,reference,28.114983,32.66719525,201007,-4.55221225
TH-63,201010,1,ensemble,reference,15.422605999999998,6.307493000000001,201010,9.115112999999996
TH-63,201011,2,ensemble,reference,10.171233,4.85246825,201010,5.318764750000001
TH-63,201012,3,ensemble,reference,6.817482999999999,3.0409342499999994,201010,3.77654875
TH-64,201001,1,ensemble,reference,1.9900319999999991,2.6843535000000003,201001,-0.6943215000000011
TH-64,201002,2,ensemble,reference,2.254656,1.7840015,201001,0.4706545000000002
TH-64,201003,3,ensemble,reference,3.2889589999999984,2.00215275,201001,1.2868062499999984
TH-64,201004,1,ensemble,reference,7.760216999999999,10.4348975,201004,-2.674680500000001
TH-64,201005,2,ensemble,reference,3.9106299999999994,5.181441250000001,201004,-1.2708112500000013
TH-64,201006,3,ensemble,reference,5.117151000000003,7.684748,201004,-2.567596999999997
TH-64,201007,1,ensemble,reference,7.852792999999998,7.3772035,201007,0.4755894999999981
TH-64,201008,2,ensemble,reference,13.595185,11.12947075,201007,2.4657142500000013
TH-64,201009,3,ensemble,reference,7.064981999999999,4.83844225,201007,2.226539749999999
TH-64,201010,1,ensemble,reference,3.870244999999999,3.1435802500000003,201010,0.7266647499999985
TH-64,201011,2,ensemble,reference,3.085692,2.19262125,201010,0.8930707499999997
TH-64,201012,3,ensemble,reference,4.297789999999999,2.3069465,201010,1.990843499999999
TH-65,201001,1,ensemble,reference,3.2888420000000007,4.69799075,201001,-1.409148749999999
TH-65,201002,2,ensemble,reference,4.722321000000001,4.447647,201001,0.274674000000001
TH-65,201003,3,ensemble,reference,6.249943999999999,4.405804000000001,201001,1.8441399999999983
TH-65,201004,1,ensemble,reference,4.554036,3.5234205000000003,201004,1.0306154999999997
TH-65,201005,2,ensemble,reference,9.526652,6.033675,201004,3.4929770000000007
TH-65,201006,3,ensemble,reference,14.201419,8.019509,201004,6.18191
TH-65,201007,1,ensemble,reference,11.485548,12.430616250000002,201007,-0.945068250000002
TH-65,201008,2,ensemble,reference,34.771359,24.428151,201007,10.343207999999995
TH-65,201009,3,ensemble,reference,51.181276999999994,52.64235175,201007,-1.4610747500000087
TH-65,201010,1,ensemble,reference,15.288651000000002,18.767286750000004,201010,-3.4786357500000022
TH-65,201011,2,ensemble,reference,10.895207,6.245932,201010,4.649274999999999
TH-65,201012,3,ensemble,reference,9.661686999999995,2.26627825,201010,7.395408749999995
TH-66,201001,1,ensemble,reference,3.071731,6.65750025,201001,-3.58576925
TH-66,201002,2,ensemble,reference,3.303652999999999,3.5934945000000003,201001,-0.2898415000000014
TH-66,201003,3,ensemble,reference,5.070435000000002,6.4375420000000005,201001,-1.367106999999999
TH-66,201004,1,ensemble,reference,3.867091999999999,1.4136747500000002,201004,2.453417249999999
TH-66,201005,2,ensemble,reference,7.973464999999999,1.7189525,201004,6.254512499999999
TH-66,201006,3,ensemble,reference,13.934352,1.73794125,201004,12.19641075
TH-66,201007,1,ensemble,reference,9.487279999999998,3.72196575,201007,5.7653142499999985
TH-66,201008,2,ensemble,reference,15.321848000000005,12.077391,201007,3.244457000000004
TH-66,201009,3,ensemble,reference,20.83918300000001,19.0160915,201007,1.8230915000000072
TH-66,201010,1,ensemble,reference,7.159896,9.9402015,201010,-2.7803055000000008
TH-66,201011,2,ensemble,reference,5.329640999999999,3.39275625,201010,1.9368847499999984
TH-66,201012,3,ensemble,reference,5.066306000000001,4.9485645,201010,0.117741500000001
TH-67,201001,1,ensemble,reference,2.6748720000000006,2.3996372499999996,201001,0.2752347500000009
TH-67,201002,2,ensemble,reference,4.072393999999999,4.85557125,201001,-0.7831772500000005
TH-67,201003,3,ensemble,reference,5.619378000000001,6.610553,201001,-0.9911749999999993
TH-67,201004,1,ensemble,reference,4.458053,2.4142715,201004,2.0437814999999997
TH-67,201005,2,ensemble,reference,12.780941,11.044733,201004,1.7362079999999995
TH-67,201006,3,ensemble,reference,33.395489000000005,41.85343875,201004,-8.457949749999997
TH-67,201007,1,ensemble,reference,83.102304,87.45075775000001,201007,-4.3484537500000044
TH-67,201008,2,ensemble,reference,93.313634,103.73446375,201007,-10.42082975000001
TH-67,201009,3,ensemble,reference,49.595478,71.956542,201007,-22.361064
TH-67,201010,1,ensemble,reference,13.194235000000004,7.206248,201010,5.987987000000004
TH-67,201011,2,ensemble,reference,14.895795,6.560596499999999,201010,8.3351985
TH-67,201012,3,ensemble,reference,13.426533000000004,2.36617875,201010,11.060354250000003
TH-70,201001,1,ensemble,reference,28.52527,36.1915065,201001,-7.666236500000004
TH-70,201002,2,ensemble,reference,14.266732,11.63221975,201001,2.6345122499999984
TH-70,201003,3,ensemble,reference,7.845563000000002,17.351737,201001,-9.506173999999998
TH-70,201004,1,ensemble,reference,8.548465,17.8272775,201004,-9.2788125
TH-70,201005,2,ensemble,reference,19.616962,63.50861475,201004,-43.89165275
TH-70,201006,3,ensemble,reference,16.773727,73.22386075,201004,-56.45013375
TH-70,201007,1,ensemble,reference,15.862700999999994,25.915518750000004,201007,-10.05281775000001
TH-70,201008,2,ensemble,reference,22.473315,17.148366499999998,201007,5.324948500000001
TH-70,201009,3,ensemble,reference,16.599553,13.248085,201007,3.351468000000001
TH-70,201010,1,ensemble,reference,10.073217,33.24025725,201010,-23.16704025
TH-70,201011,2,ensemble,reference,10.065199,24.1480915,201010,-14.0828925
TH-70,201012,3,ensemble,reference,9.267596,13.3050725,201010,-4.0374765
TH-71,201001,1,ensemble,reference,2.681894999999999,1.3834335,201001,1.298461499999999
TH-71,201002,2,ensemble,reference,4.934042,4.312422249999999,201001,0.6216197500000007
TH-71,201003,3,ensemble,reference,3.2655460000000005,3.93821075,201001,-0.6726647499999996
TH-71,201004,1,ensemble,reference,5.022327000000001,6.04734475,201004,-1.025017749999999
TH-71,201005,2,ensemble,reference,12.796367000000004,15.520611249999998,201004,-2.7242442499999946
TH-71,201006,3,ensemble,reference,11.092219999999998,23.8431375,201004,-12.750917500000003
TH-71,201007,1,ensemble,reference,13.065036000000005,8.934064,201007,4.130972000000005
TH-71,201008,2,ensemble,reference,16.712196000000002,17.620995,201007,-0.9087989999999984
TH-71,201009,3,ensemble,reference,11.896837,21.73376475,201007,-9.83692775
TH-71,201010,1,ensemble,reference,6.3567409999999995,19.16611475,201010,-12.80937375
TH-71,201011,2,ensemble,reference,6.00084,6.59898025,201010,-0.5981402500000002
TH-71,201012,3,ensemble,reference,9.165173,0.7833275000000001,201010,8.381845499999999
TH-72,201001,1,ensemble,reference,11.76528,21.23067675,201001,-9.46539675
TH-72,201002,2,ensemble,reference,6.359038000000002,11.432795,201001,-5.073756999999999
TH-72,201003,3,ensemble,reference,3.732682000000001,4.46450925,201001,-0.7318272499999989
TH-72,201004,1,ensemble,reference,5.653656000000002,3.84749675,201004,1.8061592500000017
TH-72,201005,2,ensemble,reference,5.989284,6.28729575,201004,-0.2980117500000006
TH-72,201006,3,ensemble,reference,9.360359,8.529222,201004,0.831137
TH-72,201007,1,ensemble,reference,5.373889999999999,4.974612500000001,201007,0.3992774999999984
TH-72,201008,2,ensemble,reference,9.845347999999998,5.6710275,201007,4.174320499999998
TH-72,201009,3,ensemble,reference,20.748451000000003,12.34274975,201007,8.405701250000003
TH-72,201010,1,ensemble,reference,5.737921999999999,5.804925,201010,-0.0670030000000005
TH-72,201011,2,ensemble,reference,11.214774000000002,2.2922770000000003,201010,8.922497000000002
TH-72,201012,3,ensemble,reference,9.441194,1.7161160000000002,201010,7.725077999999999
TH-73,201001,1,ensemble,reference,6.551737000000003,7.953787999999999,201001,-1.4020509999999966
TH-73,201002,2,ensemble,reference,6.997983999999999,5.000748250000001,201001,1.997235749999998
TH-73,201003,3,ensemble,reference,13.056541,11.9854615,201001,1.0710794999999995
TH-73,201004,1,ensemble,reference,9.097288000000002,3.9774375,201004,5.119850500000002
TH-73,201005,2,ensemble,reference,8.263085999999998,4.835061,201004,3.428024999999998
TH-73,201006,3,ensemble,reference,17.313606,4.692533000000001,201004,12.621073
TH-73,201007,1,ensemble,reference,11.578928999999995,6.664851500000001,201007,4.914077499999994
TH-73,201008,2,ensemble,reference,12.516669,11.59805325,201007,0.9186157500000008
TH-73,201009,3,ensemble,reference,26.652499,29.81695975,201007,-3.16446075
TH-73,201010,1,ensemble,reference,28.668771,55.1398165,201010,-26.4710455
TH-73,201011,2,ensemble,reference,30.542685,52.20366975,201010,-21.660984750000004
TH-73,201012,3,ensemble,reference,17.041559000000003,38.098549,201010,-21.056989999999995
TH-74,201001,1,ensemble,reference,21.184313000000003,32.30968675,201001,-11.125373749999994
TH-74,201002,2,ensemble,reference,5.998797999999999,7.472988750000001,201001,-1.4741907500000018
TH-74,201003,3,ensemble,reference,5.520101,3.8999655,201001,1.6201355000000004
TH-74,201004,1,ensemble,reference,7.724578000000001,5.40440175,201004,2.320176250000001
TH-74,201005,2,ensemble,reference,13.414847000000002,14.162894,201004,-0.7480469999999979
TH-74,201006,3,ensemble,reference,9.882546,7.79708875,201004,2.0854572499999993
TH-74,201007,1,ensemble,reference,8.415810999999998,5.414640749999999,201007,3.0011702499999986
TH-74,201008,2,ensemble,reference,9.311967000000005,5.81721575,201007,3.4947512500000046
TH-74,201009,3,ensemble,reference,7.105701,5.5873360000000005,201007,1.5183649999999993
TH-74,201010,1,ensemble,reference,7.143422000000001,4.004455500000001,201010,3.1389665000000004
TH-74,201011,2,ensemble,reference,5.939134000000001,16.924595,201010,-10.985461
TH-74,201012,3,ensemble,reference,6.936051000000001,19.18603425,201010,-12.249983249999998
TH-75,201001,1,ensemble,reference,2.243371,1.7482707499999997,201001,0.4951002500000001
TH-75,201002,2,ensemble,reference,1.47397,1.0592685,201001,0.4147015
TH-75,201003,3,ensemble,reference,1.9359689999999996,1.2306400000000002,201001,0.7053289999999994
TH-75,201004,1,ensemble,reference,1.5758260000000002,1.3903705,201004,0.1854555000000002
TH-75,201005,2,ensemble,reference,1.6188000000000002,1.0595037500000002,201004,0.55929625
TH-75,201006,3,ensemble,reference,2.305242,1.28127425,201004,1.0239677499999995
TH-75,201007,1,ensemble,reference,1.8364779999999996,1.15427925,201007,0.6821987499999995
TH-75,201008,2,ensemble,reference,2.2070279999999993,1.5040174999999998,201007,0.7030104999999995
TH-75,201009,3,ensemble,reference,1.688504,1.3136960000000002,201007,0.3748079999999998
TH-75,201010,1,ensemble,reference,1.5931640000000007,2.2574674999999997,201010,-0.664303499999999
TH-75,201011,2,ensemble,reference,3.431681,4.8820755,201010,-1.4503944999999998
TH-75,201012,3,ensemble,reference,2.4806519999999996,4.107895,201010,-1.6272430000000004
TH-76,201001,1,ensemble,reference,3.142163,2.91248625,201001,0.2296767499999998
TH-76,201002,2,ensemble,reference,2.8327170000000006,2.243954,201001,0.5887630000000006
TH-76,201003,3,ensemble,reference,6.154064,3.9605692500000007,201001,2.1934947499999993
TH-76,201004,1,ensemble,reference,6.952695,5.1001639999999995,201004,1.8525310000000008
TH-76,201005,2,ensemble,reference,15.683741,26.8272665,201004,-11.1435255
TH-76,201006,3,ensemble,reference,22.621254,40.3331805,201004,-17.711926499999997
TH-76,201007,1,ensemble,reference,16.847592,27.201696499999997,201007,-10.354104499999998
TH-76,201008,2,ensemble,reference,9.053256,21.1550905,201007,-12.1018345
TH-76,201009,3,ensemble,reference,5.220744999999999,13.55823175,201007,-8.33748675
TH-76,201010,1,ensemble,reference,3.943287,1.49508125,201010,2.4482057500000005
TH-76,201011,2,ensemble,reference,3.016207999999999,0.91701925,201010,2.099188749999999
TH-76,201012,3,ensemble,reference,2.3196459999999997,0.4467332499999999,201010,1.87291275
TH-77,201001,1,ensemble,reference,2.7429170000000003,3.0058214999999997,201001,-0.2629044999999994
TH-77,201002,2,ensemble,reference,2.4441680000000003,2.026234,201001,0.4179340000000002
TH-77,201003,3,ensemble,reference,4.172955999999999,3.5501292499999995,201001,0.6228267499999998
TH-77,201004,1,ensemble,reference,5.547597000000001,6.3441235,201004,-0.7965264999999988
TH-77,201005,2,ensemble,reference,8.318332999999999,7.451173,201004,0.8671599999999993
TH-77,201006,3,ensemble,reference,10.856873999999998,7.71308925,201004,3.143784749999998
TH-77,201007,1,ensemble,reference,27.805493,27.08043675,201007,0.725056249999998
TH-77,201008,2,ensemble,reference,27.220744,25.9863695,201007,1.2343745000000013
TH-77,201009,3,ensemble,reference,42.237407000000005,53.890785,201007,-11.653377999999996
TH-77,201010,1,ensemble,reference,15.268279,28.36541975,201010,-13.09714075
TH-77,201011,2,ensemble,reference,19.273891000000003,31.585923,201010,-12.312032
TH-77,201012,3,ensemble,reference,7.474012000000002,5.942218250000001,201010,1.5317937500000012
TH-80,201001,1,ensemble,reference,38.111155,62.634981999999994,201001,-24.523826999999997
TH-80,201002,2,ensemble,reference,28.682366999999996,48.7565175,201001,-20.074150500000005
TH-80,201003,3,ensemble,reference,38.227068,50.41387975,201001,-12.186811749999997
TH-80,201004,1,ensemble,reference,17.721570999999997,21.8705625,201004,-4.148991500000001
TH-80,201005,2,ensemble,reference,55.648894,37.88387375,201004,17.76502025
TH-80,201006,3,ensemble,reference,126.830562,97.73164275,201004,29.09891924999999
TH-80,201007,1,ensemble,reference,298.232144,236.825359,201007,61.40678500000001
TH-80,201008,2,ensemble,reference,364.56644100000005,359.91952575,201007,4.646915250000063
TH-80,201009,3,ensemble,reference,123.79685500000002,188.70412325,201007,-64.90726824999999
TH-80,201010,1,ensemble,reference,72.108417,93.42542075,201010,-21.31700375
TH-80,201011,2,ensemble,reference,54.68118399999999,29.944109500000003,201010,24.737074499999984
TH-80,201012,3,ensemble,reference,42.129211,19.73738,201010,22.391830999999996
TH-81,201001,1,ensemble,reference,4.989557999999999,4.3980935,201001,0.591464499999999
TH-81,201002,2,ensemble,reference,4.428964000000001,3.4113605,201001,1.0176035000000008
TH-81,201003,3,ensemble,reference,7.536835999999999,4.5888655,201001,2.9479704999999994
TH-81,201004,1,ensemble,reference,7.129044,10.242418,201004,-3.1133740000000003
TH-81,201005,2,ensemble,reference,36.98294299999999,41.746275749999995,201004,-4.763332750000004
TH-81,201006,3,ensemble,reference,64.667349,70.930001,201004,-6.262652000000003
TH-81,201007,1,ensemble,reference,38.045797,32.276535249999995,201007,5.769261750000005
TH-81,201008,2,ensemble,reference,34.42609900000001,44.62986175,201007,-10.203762749999996
TH-81,201009,3,ensemble,reference,17.634492,17.38503625,201007,0.2494557500000027
TH-81,201010,1,ensemble,reference,9.096562,6.103381000000001,201010,2.993181
TH-81,201011,2,ensemble,reference,8.245637000000002,6.14827225,201010,2.0973647500000023
TH-81,201012,3,ensemble,reference,7.304561,7.328909250000001,201010,-0.0243482500000009
TH-82,201001,1,ensemble,reference,1.7648539999999997,1.88786125,201001,-0.1230072500000003
TH-82,201002,2,ensemble,reference,1.651293,1.2632059999999998,201001,0.388087
TH-82,201003,3,ensemble,reference,2.0594719999999995,2.28222375,201001,-0.2227517500000004
TH-82,201004,1,ensemble,reference,5.117547,6.803937250000001,201004,-1.6863902500000003
TH-82,201005,2,ensemble,reference,4.760884000000001,4.1174947500000005,201004,0.6433892500000002
TH-82,201006,3,ensemble,reference,11.540416,12.96673875,201004,-1.4263227499999989
TH-82,201007,1,ensemble,reference,15.001862000000004,14.81555525,201007,0.1863067500000053
TH-82,201008,2,ensemble,reference,22.118204,23.0913785,201007,-0.9731745000000024
TH-82,201009,3,ensemble,reference,15.93531,28.51158675,201007,-12.57627675
TH-82,201010,1,ensemble,reference,6.90358,7.91459425,201010,-1.0110142500000006
TH-82,201011,2,ensemble,reference,5.140120999999999,2.6557387499999994,201010,2.4843822499999995
TH-82,201012,3,ensemble,reference,5.277148000000002,5.1032642500000005,201010,0.1738837500000016
TH-83,201001,1,ensemble,reference,1.7966799999999994,1.7803225,201001,0.0163574999999993
TH-83,201002,2,ensemble,reference,4.807861000000001,6.3605855,201001,-1.5527244999999992
TH-83,201003,3,ensemble,reference,6.121220999999999,6.17287575,201001,-0.0516547500000008
TH-83,201004,1,ensemble,reference,2.1929879999999997,2.09284575,201004,0.1001422499999997
TH-83,201005,2,ensemble,reference,3.748837,4.07254075,201004,-0.3237037499999999
TH-83,201006,3,ensemble,reference,15.622588,16.5483815,201004,-0.925793500000001
TH-83,201007,1,ensemble,reference,13.371398999999997,10.60954225,201007,2.761856749999996
TH-83,201008,2,ensemble,reference,6.714808000000001,4.84011125,201007,1.8746967500000016
TH-83,201009,3,ensemble,reference,8.503884,2.4165737500000004,201007,6.087310249999999
TH-83,201010,1,ensemble,reference,8.035391,2.26787825,201010,5.767512750000001
TH-83,201011,2,ensemble,reference,6.156303999999999,6.400204,201010,-0.2439000000000009
TH-83,201012,3,ensemble,reference,3.291469000000001,5.45868425,201010,-2.167215249999999
TH-84,201001,1,ensemble,reference,8.765107,17.871824,201001,-9.106717
TH-84,201002,2,ensemble,reference,10.674424,13.543505,201001,-2.8690809999999995
TH-84,201003,3,ensemble,reference,11.598906,10.64207925,201001,0.9568267499999994
TH-84,201004,1,ensemble,reference,6.233166000000001,5.8317732499999995,201004,0.4013927500000012
TH-84,201005,2,ensemble,reference,26.302705000000003,26.4773635,201004,-0.174658499999996
TH-84,201006,3,ensemble,reference,45.054354,40.583696,201004,4.470657999999993
TH-84,201007,1,ensemble,reference,108.600249,93.0345705,201007,15.565678500000004
TH-84,201008,2,ensemble,reference,156.788787,172.25914925,201007,-15.470362249999994
TH-84,201009,3,ensemble,reference,61.844472999999994,130.512422,201007,-68.667949
TH-84,201010,1,ensemble,reference,31.265793999999993,26.99070525,201010,4.275088749999991
TH-84,201011,2,ensemble,reference,28.336726999999996,10.338494999999998,201010,17.998231999999998
TH-84,201012,3,ensemble,reference,19.008334000000005,8.725489750000001,201010,10.282844250000004
TH-85,201001,1,ensemble,reference,3.2201549999999997,3.813799,201001,-0.5936440000000003
TH-85,201002,2,ensemble,reference,1.3608859999999998,1.086132,201001,0.2747539999999997
TH-85,201003,3,ensemble,reference,3.837384,2.5269625,201001,1.3104215000000003
TH-85,201004,1,ensemble,reference,3.0504,4.16530675,201004,-1.1149067500000005
TH-85,201005,2,ensemble,reference,2.6441750000000006,2.576409,201004,0.0677660000000006
TH-85,201006,3,ensemble,reference,3.1274039999999985,5.745196250000001,201004,-2.6177922500000026
TH-85,201007,1,ensemble,reference,5.029797,4.67602875,201007,0.3537682499999999
TH-85,201008,2,ensemble,reference,2.741211,2.9585365,201007,-0.2173255000000002
TH-85,201009,3,ensemble,reference,3.775842999999999,3.72964375,201007,0.046199249999999
TH-85,201010,1,ensemble,reference,1.873016000000001,1.8187949999999995,201010,0.0542210000000014
TH-85,201011,2,ensemble,reference,2.060393,0.95876725,201010,1.10162575
TH-85,201012,3,ensemble,reference,2.3422639999999997,2.1675865,201010,0.1746774999999996
TH-86,201001,1,ensemble,reference,2.2839329999999993,1.640932,201001,0.6430009999999993
TH-86,201002,2,ensemble,reference,2.561553,1.62660975,201001,0.93494325
TH-86,201003,3,ensemble,reference,3.711617,2.39888875,201001,1.3127282500000002
TH-86,201004,1,ensemble,reference,4.287879,3.239605,201004,1.0482740000000002
TH-86,201005,2,ensemble,reference,10.175044999999995,8.5727465,201004,1.6022984999999963
TH-86,201006,3,ensemble,reference,17.837368999999995,20.31155175,201004,-2.474182750000004
TH-86,201007,1,ensemble,reference,9.702478,9.44839675,201007,0.2540812499999987
TH-86,201008,2,ensemble,reference,10.200349999999997,6.85122925,201007,3.3491207499999964
TH-86,201009,3,ensemble,reference,12.801121000000002,29.976661249999996,201007,-17.175540249999994
TH-86,201010,1,ensemble,reference,7.836354,16.458453,201010,-8.622098999999999
TH-86,201011,2,ensemble,reference,7.833657999999998,10.5265965,201010,-2.692938500000002
TH-86,201012,3,ensemble,reference,6.272922999999999,2.5757945,201010,3.6971284999999985
TH-90,201001,1,ensemble,reference,32.410628,47.95472275,201001,-15.54409475
TH-90,201002,2,ensemble,reference,13.283234000000004,23.280664,201001,-9.997429999999998
TH-90,201003,3,ensemble,reference,21.245299,20.13731625,201001,1.107982749999998
TH-90,201004,1,ensemble,reference,23.291998,28.87530475,201004,-5.583306750000002
TH-90,201005,2,ensemble,reference,37.43640499999999,24.010847499999997,201004,13.425557499999996
TH-90,201006,3,ensemble,reference,135.67542400000002,104.81710125,201004,30.858322750000028
TH-90,201007,1,ensemble,reference,211.844532,213.33718625,201007,-1.4926542500000153
TH-90,201008,2,ensemble,reference,67.51957900000001,93.5923905,201007,-26.072811499999982
TH-90,201009,3,ensemble,reference,60.548597,53.72897225,201007,6.819624750000003
TH-90,201010,1,ensemble,reference,39.019915,46.01280500000001,201010,-6.99289000000001
TH-90,201011,2,ensemble,reference,33.261613999999994,23.503736250000003,201010,9.757877749999992
TH-90,201012,3,ensemble,reference,28.946800999999994,18.041991000000003,201010,10.90480999999999
TH-91,201001,1,ensemble,reference,17.115178,18.88758575,201001,-1.7724077499999993
TH-91,201002,2,ensemble,reference,22.054468,25.50399975,201001,-3.4495317499999985
TH-91,201003,3,ensemble,reference,12.818393999999998,12.67231125,201001,0.1460827499999979
TH-91,201004,1,ensemble,reference,12.466602,11.4608205,201004,1.0057814999999994
TH-91,201005,2,ensemble,reference,60.35425000000001,49.11759,201004,11.236660000000008
TH-91,201006,3,ensemble,reference,77.684742,48.33498725,201004,29.34975475
TH-91,201007,1,ensemble,reference,19.264702000000003,19.015122,201007,0.2495800000000017
TH-91,201008,2,ensemble,reference,18.729669,14.2634435,201007,4.466225500000002
TH-91,201009,3,ensemble,reference,18.506157,9.69641975,201007,8.809737250000001
TH-91,201010,1,ensemble,reference,11.445017,8.9851595,201010,2.4598575
TH-91,201011,2,ensemble,reference,7.425915,5.11400125,201010,2.3119137499999995
TH-91,201012,3,ensemble,reference,9.119149,4.735467750000001,201010,4.3836812499999995
TH-92,201001,1,ensemble,reference,2.8728609999999986,4.504384,201001,-1.6315230000000014
TH-92,201002,2,ensemble,reference,1.942366,1.06123725,201001,0.88112875
TH-92,201003,3,ensemble,reference,2.4518199999999997,1.264961,201001,1.1868589999999997
TH-92,201004,1,ensemble,reference,4.1067209999999985,5.430268750000001,201004,-1.323547750000002
TH-92,201005,2,ensemble,reference,6.132460999999999,3.3202197499999997,201004,2.8122412499999996
TH-92,201006,3,ensemble,reference,37.87344900000001,40.9742605,201004,-3.100811499999992
TH-92,201007,1,ensemble,reference,15.01701,15.43316725,201007,-0.4161572499999995
TH-92,201008,2,ensemble,reference,12.846773,7.520836750000001,201007,5.32593625
TH-92,201009,3,ensemble,reference,15.401252,9.78051675,201007,5.620735249999999
TH-92,201010,1,ensemble,reference,7.967113999999999,3.67537275,201010,4.2917412499999985
TH-92,201011,2,ensemble,reference,6.884142999999998,2.92960175,201010,3.9545412499999983
TH-92,201012,3,ensemble,reference,6.931539000000001,5.84755625,201010,1.0839827500000006
TH-93,201001,1,ensemble,reference,3.6791579999999993,3.5409197499999996,201001,0.1382382499999996
TH-93,201002,2,ensemble,reference,6.862266999999999,12.60724825,201001,-5.74498125
TH-93,201003,3,ensemble,reference,4.4511189999999985,6.959164,201001,-2.508045000000002
TH-93,201004,1,ensemble,reference,3.63353,3.0559665000000003,201004,0.5775634999999997
TH-93,201005,2,ensemble,reference,18.067402,10.9387425,201004,7.128659500000001
TH-93,201006,3,ensemble,reference,24.013881,13.4317115,201004,10.5821695
TH-93,201007,1,ensemble,reference,35.594114000000005,28.23780275,201007,7.3563112500000045
TH-93,201008,2,ensemble,reference,88.29970300000001,110.015409,201007,-21.715705999999997
TH-93,201009,3,ensemble,reference,91.100356,117.39215975,201007,-26.29180375
TH-93,201010,1,ensemble,reference,41.511872,62.15429575,201010,-20.64242375000001
TH-93,201011,2,ensemble,reference,24.061759,20.918322000000003,201010,3.143436999999995
TH-93,201012,3,ensemble,reference,19.38709,13.0773585,201010,6.3097315
TH-94,201001,1,ensemble,reference,12.673317,21.172311,201001,-8.498994
TH-94,201002,2,ensemble,reference,20.846688,33.7602675,201001,-12.913579499999996
TH-94,201003,3,ensemble,reference,42.42633,56.169708,201001,-13.743378
TH-94,201004,1,ensemble,reference,14.954498,16.457031999999998,201004,-1.502533999999999
TH-94,201005,2,ensemble,reference,55.318974,50.511685750000005,201004,4.807288249999992
TH-94,201006,3,ensemble,reference,33.520173,29.886314,201004,3.633859000000001
TH-94,201007,1,ensemble,reference,67.52652800000001,42.761208,201007,24.76532000000001
TH-94,201008,2,ensemble,reference,53.82085500000001,48.408696,201007,5.41215900000001
TH-94,201009,3,ensemble,reference,23.103629000000005,23.522268250000003,201007,-0.4186392499999982
TH-94,201010,1,ensemble,reference,21.031459000000005,9.9797645,201010,11.051694500000004
TH-94,201011,2,ensemble,reference,20.196162,13.114327500000002,201010,7.081834499999999
TH-94,201012,3,ensemble,reference,17.158905999999998,29.97411375,201010,-12.815207750000004
TH-95,201001,1,ensemble,reference,21.89898400000001,40.61673575,201001,-18.717751749999987
TH-95,201002,2,ensemble,reference,7.969389999999999,15.83811875,201001,-7.868728750000001
TH-95,201003,3,ensemble,reference,11.933222,11.54403,201001,0.3891920000000013
TH-95,201004,1,ensemble,reference,23.33036,12.2717815,201004,11.0585785
TH-95,201005,2,ensemble,reference,75.185288,25.80263025,201004,49.38265775
TH-95,201006,3,ensemble,reference,92.783852,42.33567649999999,201004,50.448175500000005
TH-95,201007,1,ensemble,reference,69.177863,34.676608,201007,34.501255
TH-95,201008,2,ensemble,reference,36.551955,24.276810500000003,201007,12.275144499999996
TH-95,201009,3,ensemble,reference,23.773315000000004,13.05511225,201007,10.718202750000003
TH-95,201010,1,ensemble,reference,18.252089,26.29799,201010,-8.045900999999997
TH-95,201011,2,ensemble,reference,11.233981,9.32129225,201010,1.9126887499999992
TH-95,201012,3,ensemble,reference,12.154748,6.21264975,201010,5.94209825
TH-96,201001,1,ensemble,reference,16.950726,25.36866925,201001,-8.41794325
TH-96,201002,2,ensemble,reference,8.970464999999999,17.8553125,201001,-8.884847500000001
TH-96,201003,3,ensemble,reference,7.345892000000001,13.2524035,201001,-5.906511499999999
TH-96,201004,1,ensemble,reference,8.859896,6.855180999999999,201004,2.004715000000002
TH-96,201005,2,ensemble,reference,40.841475,19.970078,201004,20.871397
TH-96,201006,3,ensemble,reference,134.981314,85.9392225,201004,49.0420915
TH-96,201007,1,ensemble,reference,155.184465,120.65203475,201007,34.53243024999999
TH-96,201008,2,ensemble,reference,252.280907,236.14750575,201007,16.13340125000002
TH-96,201009,3,ensemble,reference,96.94338799999998,142.4794245,201007,-45.53603650000001
TH-96,201010,1,ensemble,reference,33.840292,26.95129175,201010,6.889000249999999
TH-96,201011,2,ensemble,reference,24.583253999999997,12.4740925,201010,12.109161499999995
TH-96,201012,3,ensemble,reference,20.05051499999999,17.1736055,201010,2.87690949999999
TH-10,201001,1,climatology,reference,81.67820700000001,47.7017655,201001,33.976441500000014
TH-10,201002,2,climatology,reference,82.78534199999999,30.930251,201001,51.85509099999999
TH-10,201003,3,climatology,reference,78.88860599999998,31.219252,201001,47.669353999999984
TH-10,201004,1,climatology,reference,57.04329299999998,23.889576750000003,201004,33.153716249999974
TH-10,201005,2,climatology,reference,54.426124000000016,44.0300575,201004,10.396066500000018
TH-10,201006,3,climatology,reference,83.06876699999998,47.526242,201004,35.542524999999976
TH-10,201007,1,climatology,reference,118.50856199999998,51.4791735,201007,67.02938849999998
TH-10,201008,2,climatology,reference,130.10945499999997,86.79597775,201007,43.31347724999996
TH-10,201009,3,climatology,reference,122.04433300000002,97.1476605,201007,24.896672500000022
TH-10,201010,1,climatology,reference,127.354256,197.89244125,201010,-70.53818524999998
TH-10,201011,2,climatology,reference,118.75331000000004,178.71264775,201010,-59.95933774999996
TH-10,201012,3,climatology,reference,84.672755,119.1390835,201010,-34.4663285
TH-11,201001,1,climatology,reference,12.968904000000002,11.46517675,201001,1.5037272500000023
TH-11,201002,2,climatology,reference,14.513953,7.35563625,201001,7.158316750000001
TH-11,201003,3,climatology,reference,18.141962,13.58406175,201001,4.557900249999999
TH-11,201004,1,climatology,reference,8.653570000000002,5.184406,201004,3.469164000000002
TH-11,201005,2,climatology,reference,11.876016,7.50209625,201004,4.37391975
TH-11,201006,3,climatology,reference,20.81536,8.85963225,201004,11.955727749999998
TH-11,201007,1,climatology,reference,14.460096,7.819836750000001,201007,6.640259249999999
TH-11,201008,2,climatology,reference,16.345971999999996,12.88580675,201007,3.460165249999996
TH-11,201009,3,climatology,reference,16.805683000000002,14.956051,201007,1.8496320000000015
TH-11,201010,1,climatology,reference,16.219792,26.497286749999997,201010,-10.277494749999995
TH-11,201011,2,climatology,reference,8.966733000000001,20.92239175,201010,-11.955658749999998
TH-11,201012,3,climatology,reference,8.885784,12.872566249999998,201010,-3.986782249999999
TH-12,201001,1,climatology,reference,15.949365,10.76381575,201001,5.185549250000001
TH-12,201002,2,climatology,reference,16.232245000000002,8.1812895,201001,8.050955500000002
TH-12,201003,3,climatology,reference,17.454462,11.221122500000002,201001,6.233339499999998
TH-12,201004,1,climatology,reference,9.123690000000003,9.00824275,201004,0.1154472500000025
TH-12,201005,2,climatology,reference,10.408359,9.330567,201004,1.0777920000000003
TH-12,201006,3,climatology,reference,16.060325,7.929359,201004,8.130965999999999
TH-12,201007,1,climatology,reference,19.509100000000004,16.39743825,201007,3.1116617500000032
TH-12,201008,2,climatology,reference,25.174088000000005,19.67066225,201007,5.503425750000005
TH-12,201009,3,climatology,reference,17.440134,20.9351095,201007,-3.494975499999999
TH-12,201010,1,climatology,reference,14.257122000000004,27.21620775,201010,-12.959085749999996
TH-12,201011,2,climatology,reference,11.302291,19.48920925,201010,-8.186918249999998
TH-12,201012,3,climatology,reference,8.747453,11.173271,201010,-2.4258179999999996
TH-13,201001,1,climatology,reference,7.987964000000002,8.65873925,201001,-0.6707752499999984
TH-13,201002,2,climatology,reference,7.99457,6.353529249999999,201001,1.641040750000001
TH-13,201003,3,climatology,reference,16.286184000000002,22.60871775,201001,-6.322533749999998
TH-13,201004,1,climatology,reference,8.108251,3.5254012500000003,201004,4.582849749999999
TH-13,201005,2,climatology,reference,7.304698000000002,3.58865675,201004,3.7160412500000017
TH-13,201006,3,climatology,reference,18.276157,8.921524999999999,201004,9.354632000000002
TH-13,201007,1,climatology,reference,14.979311000000004,9.90532725,201007,5.073983750000005
TH-13,201008,2,climatology,reference,7.447294000000003,7.098478000000001,201007,0.348816000000002
TH-13,201009,3,climatology,reference,7.757562000000002,6.738071999999999,201007,1.019490000000003
TH-13,201010,1,climatology,reference,8.991394999999999,3.03572125,201010,5.955673749999999
TH-13,201011,2,climatology,reference,4.711895,3.3157309999999995,201010,1.3961640000000006
TH-13,201012,3,climatology,reference,3.0267250000000008,4.15013525,201010,-1.1234102499999992
TH-14,201001,1,climatology,reference,7.7627320000000015,1.08715475,201001,6.675577250000002
TH-14,201002,2,climatology,reference,4.805287,1.63297925,201001,3.17230775
TH-14,201003,3,climatology,reference,5.265174999999999,1.36333,201001,3.9018449999999993
TH-14,201004,1,climatology,reference,6.999569000000001,0.8776697499999998,201004,6.121899250000001
TH-14,201005,2,climatology,reference,11.294399999999998,2.004589,201004,9.289810999999997
TH-14,201006,3,climatology,reference,13.409125999999995,1.3257997499999998,201004,12.083326249999995
TH-14,201007,1,climatology,reference,10.051734000000003,1.48302925,201007,8.568704750000004
TH-14,201008,2,climatology,reference,9.715729,2.31059475,201007,7.40513425
TH-14,201009,3,climatology,reference,4.2503389999999985,12.79993225,201007,-8.549593250000001
TH-14,201010,1,climatology,reference,7.935673000000001,1.3327262500000003,201010,6.602946750000001
TH-14,201011,2,climatology,reference,3.485393999999999,2.71574125,201010,0.7696527499999988
TH-14,201012,3,climatology,reference,2.7856129999999997,0.637885,201010,2.147728
TH-15,201001,1,climatology,reference,2.6340579999999996,2.859837,201001,-0.2257790000000006
TH-15,201002,2,climatology,reference,5.784947999999999,8.07820775,201001,-2.2932597500000016
TH-15,201003,3,climatology,reference,6.158281999999998,6.117589499999999,201001,0.0406924999999986
TH-15,201004,1,climatology,reference,4.259066000000001,6.00937725,201004,-1.750311249999999
TH-15,201005,2,climatology,reference,5.173397,4.2508365,201004,0.9225604999999996
TH-15,201006,3,climatology,reference,7.558675000000001,2.83171275,201004,4.7269622500000015
TH-15,201007,1,climatology,reference,10.961341,15.51168275,201007,-4.550341750000001
TH-15,201008,2,climatology,reference,18.47517,23.1798655,201007,-4.7046955
TH-15,201009,3,climatology,reference,12.095281,11.190613,201007,0.9046679999999993
TH-15,201010,1,climatology,reference,4.195391000000001,5.25158925,201010,-1.0561982499999996
TH-15,201011,2,climatology,reference,4.337058999999999,5.87029875,201010,-1.5332397500000008
TH-15,201012,3,climatology,reference,2.5542830000000007,1.92620525,201010,0.6280777500000008
TH-16,201001,1,climatology,reference,3.7350640000000017,9.24186125,201001,-5.506797249999998
TH-16,201002,2,climatology,reference,7.731399999999999,16.5132935,201001,-8.7818935
TH-16,201003,3,climatology,reference,15.064293,28.189697,201001,-13.125404
TH-16,201004,1,climatology,reference,7.752685,3.85602525,201004,3.896659749999999
TH-16,201005,2,climatology,reference,14.473019,3.3633362499999997,201004,11.10968275
TH-16,201006,3,climatology,reference,14.257709999999996,9.3435015,201004,4.9142084999999955
TH-16,201007,1,climatology,reference,35.72593299999999,47.21414625,201007,-11.488213250000008
TH-16,201008,2,climatology,reference,81.85846699999999,102.0724755,201007,-20.21400850000001
TH-16,201009,3,climatology,reference,49.476011,51.66901375,201007,-2.193002749999998
TH-16,201010,1,climatology,reference,13.878231,12.94214625,201010,0.9360847499999992
TH-16,201011,2,climatology,reference,11.215895000000002,12.214394250000002,201010,-0.99849925
TH-16,201012,3,climatology,reference,3.000502,2.5807965,201010,0.4197055
TH-17,201001,1,climatology,reference,1.0186720000000005,0.42284075,201001,0.5958312500000005
TH-17,201002,2,climatology,reference,1.0336160000000003,0.36457525,201001,0.6690407500000003
TH-17,201003,3,climatology,reference,2.039339,1.00913025,201001,1.03020875
TH-17,201004,1,climatology,reference,1.5364459999999998,0.79610925,201004,0.7403367499999998
TH-17,201005,2,climatology,reference,1.8062799999999997,0.3662569999999999,201004,1.4400229999999998
TH-17,201006,3,climatology,reference,2.348447000000001,2.2124565,201004,0.135990500000001
TH-17,201007,1,climatology,reference,3.0997839999999997,1.17337625,201007,1.9264077499999996
TH-17,201008,2,climatology,reference,2.9240589999999997,1.88612175,201007,1.0379372499999997
TH-17,201009,3,climatology,reference,1.305113,0.66405,201007,0.6410629999999999
TH-17,201010,1,climatology,reference,1.838393,0.94154175,201010,0.89685125
TH-17,201011,2,climatology,reference,1.9931129999999997,1.2255785,201010,0.7675344999999998
TH-17,201012,3,climatology,reference,1.3323350000000005,0.4930215,201010,0.8393135000000005
TH-18,201001,1,climatology,reference,1.9694529999999997,3.33279625,201001,-1.3633432500000002
TH-18,201002,2,climatology,reference,1.940398999999999,0.78638425,201001,1.154014749999999
TH-18,201003,3,climatology,reference,4.08573,0.77349675,201001,3.31223325
TH-18,201004,1,climatology,reference,2.2973920000000003,4.30145975,201004,-2.00406775
TH-18,201005,2,climatology,reference,6.0315579999999995,1.1507265,201004,4.880831499999999
TH-18,201006,3,climatology,reference,5.925393999999999,4.6242605,201004,1.3011334999999988
TH-18,201007,1,climatology,reference,3.2490059999999996,8.1673085,201007,-4.918302500000001
TH-18,201008,2,climatology,reference,6.279560000000001,11.21758625,201007,-4.938026249999999
TH-18,201009,3,climatology,reference,17.379673,21.8451225,201007,-4.465449499999998
TH-18,201010,1,climatology,reference,2.624002,3.2297999999999996,201010,-0.6057979999999996
TH-18,201011,2,climatology,reference,2.187501,2.06502075,201010,0.1224802500000001
TH-18,201012,3,climatology,reference,1.3955019999999996,0.94288725,201010,0.4526147499999996
TH-19,201001,1,climatology,reference,2.457504,3.4271667500000005,201001,-0.9696627500000004
TH-19,201002,2,climatology,reference,4.1315599999999995,7.446776,201001,-3.3152160000000004
TH-19,201003,3,climatology,reference,3.557841999999999,1.79082425,201001,1.767017749999999
TH-19,201004,1,climatology,reference,4.356510999999999,1.6603605,201004,2.6961504999999995
TH-19,201005,2,climatology,reference,7.939569,2.4239420000000003,201004,5.515626999999999
TH-19,201006,3,climatology,reference,13.768520000000002,4.3263155,201004,9.442204500000004
TH-19,201007,1,climatology,reference,13.042021999999996,14.09365475,201007,-1.051632750000005
TH-19,201008,2,climatology,reference,16.048175,21.8797725,201007,-5.831597500000001
TH-19,201009,3,climatology,reference,23.139004999999997,20.31768075,201007,2.8213242499999964
TH-19,201010,1,climatology,reference,7.016783,4.2838864999999995,201010,2.7328965000000007
TH-19,201011,2,climatology,reference,9.24295,5.66622925,201010,3.5767207500000007
TH-19,201012,3,climatology,reference,1.6040030000000003,1.36079475,201010,0.2432082500000003
TH-20,201001,1,climatology,reference,24.105455,11.21538425,201001,12.89007075
TH-20,201002,2,climatology,reference,26.835403000000003,10.896265,201001,15.939138000000003
TH-20,201003,3,climatology,reference,37.04402700000001,16.735934999999998,201001,20.30809200000001
TH-20,201004,1,climatology,reference,29.683112,11.38558075,201004,18.29753125
TH-20,201005,2,climatology,reference,44.408471000000006,20.7100965,201004,23.698374500000007
TH-20,201006,3,climatology,reference,50.56580000000001,26.4811635,201004,24.08463650000001
TH-20,201007,1,climatology,reference,58.48850799999998,26.31470825,201007,32.173799749999986
TH-20,201008,2,climatology,reference,75.20098000000002,39.443012,201007,35.75796800000001
TH-20,201009,3,climatology,reference,31.054798999999996,14.91496925,201007,16.139829749999997
TH-20,201010,1,climatology,reference,14.696458,29.88148475,201010,-15.18502675
TH-20,201011,2,climatology,reference,17.080846000000005,31.26667425,201010,-14.185828249999997
TH-20,201012,3,climatology,reference,9.984733,22.02452925,201010,-12.03979625
TH-21,201001,1,climatology,reference,4.972784000000001,5.82003825,201001,-0.8472542499999989
TH-21,201002,2,climatology,reference,14.454172,12.580851,201001,1.873321000000001
TH-21,201003,3,climatology,reference,10.586394,11.3603985,201001,-0.7740045000000002
TH-21,201004,1,climatology,reference,12.479959,14.407542500000002,201004,-1.9275835000000023
TH-21,201005,2,climatology,reference,18.217243000000003,10.134025,201004,8.083218000000004
TH-21,201006,3,climatology,reference,23.467806999999993,19.465914249999997,201004,4.001892749999996
TH-21,201007,1,climatology,reference,70.447742,63.80597125,201007,6.641770750000006
TH-21,201008,2,climatology,reference,89.443573,52.55002025,201007,36.89355275
TH-21,201009,3,climatology,reference,72.975566,38.576548,201007,34.399018
TH-21,201010,1,climatology,reference,8.651005,8.598093500000001,201010,0.0529114999999986
TH-21,201011,2,climatology,reference,7.376172,7.3206229999999985,201010,0.0555490000000018
TH-21,201012,3,climatology,reference,3.161281,5.0144065,201010,-1.8531255
TH-22,201001,1,climatology,reference,2.2016119999999995,1.98363075,201001,0.2179812499999993
TH-22,201002,2,climatology,reference,6.239891999999999,4.4158195,201001,1.8240725
TH-22,201003,3,climatology,reference,19.938505,14.79333875,201001,5.145166249999999
TH-22,201004,1,climatology,reference,38.223237,48.24665075,201004,-10.023413750000003
TH-22,201005,2,climatology,reference,65.81363,87.95979200000001,201004,-22.146162000000004
TH-22,201006,3,climatology,reference,131.352305,130.83310225,201004,0.5192027500000052
TH-22,201007,1,climatology,reference,122.055905,60.19509,201007,61.860814999999995
TH-22,201008,2,climatology,reference,52.45151500000001,20.548919,201007,31.90259600000001
TH-22,201009,3,climatology,reference,33.041454,13.99783325,201007,19.04362075
TH-22,201010,1,climatology,reference,13.170395,9.10005175,201010,4.070343249999999
TH-22,201011,2,climatology,reference,6.679780999999999,9.02825475,201010,-2.348473750000001
TH-22,201012,3,climatology,reference,8.801279000000001,3.80094625,201010,5.000332750000001
TH-23,201001,1,climatology,reference,6.21839,6.22086025,201001,-0.00247025
TH-23,201002,2,climatology,reference,1.104334,1.0614327499999998,201001,0.0429012500000001
TH-23,201003,3,climatology,reference,7.608835999999999,10.50874075,201001,-2.89990475
TH-23,201004,1,climatology,reference,17.052057,20.1597555,201004,-3.107698499999998
TH-23,201005,2,climatology,reference,29.779231000000003,26.99811725,201004,2.781113750000003
TH-23,201006,3,climatology,reference,45.690404,31.3320795,201004,14.358324500000002
TH-23,201007,1,climatology,reference,55.311458,17.430280250000003,201007,37.88117775
TH-23,201008,2,climatology,reference,32.057783,8.666697500000001,201007,23.3910855
TH-23,201009,3,climatology,reference,12.218724,4.62158,201007,7.597144
TH-23,201010,1,climatology,reference,9.036502,3.14036775,201010,5.896134250000001
TH-23,201011,2,climatology,reference,16.273501,4.8709275,201010,11.4025735
TH-23,201012,3,climatology,reference,7.462001000000001,2.2619957500000005,201010,5.20000525
TH-24,201001,1,climatology,reference,3.8548370000000007,2.344487,201001,1.5103500000000007
TH-24,201002,2,climatology,reference,4.576446000000001,3.8645105,201001,0.7119355000000005
TH-24,201003,3,climatology,reference,6.281617000000001,3.8468435,201001,2.434773500000001
TH-24,201004,1,climatology,reference,4.984173,3.605912,201004,1.3782610000000002
TH-24,201005,2,climatology,reference,8.495232999999999,5.45826775,201004,3.036965249999999
TH-24,201006,3,climatology,reference,15.466133999999997,12.347469999999998,201004,3.118663999999999
TH-24,201007,1,climatology,reference,12.555245999999997,5.47021625,201007,7.085029749999997
TH-24,201008,2,climatology,reference,8.490126,9.0707925,201007,-0.5806664999999995
TH-24,201009,3,climatology,reference,5.590063000000001,4.398366750000001,201007,1.1916962499999997
TH-24,201010,1,climatology,reference,6.453448000000002,8.752851,201010,-2.299402999999998
TH-24,201011,2,climatology,reference,7.770171,1.84510325,201010,5.92506775
TH-24,201012,3,climatology,reference,5.049392,3.73623525,201010,1.31315675
TH-25,201001,1,climatology,reference,9.50206,11.812749,201001,-2.310689
TH-25,201002,2,climatology,reference,5.836004,5.616235,201001,0.2197690000000003
TH-25,201003,3,climatology,reference,15.400337,17.006818000000003,201001,-1.6064810000000025
TH-25,201004,1,climatology,reference,19.939949,30.85148225,201004,-10.911533250000002
TH-25,201005,2,climatology,reference,22.557284999999997,38.891711,201004,-16.334426000000004
TH-25,201006,3,climatology,reference,64.530293,86.8886485,201004,-22.3583555
TH-25,201007,1,climatology,reference,82.07229000000001,39.58515775,201007,42.48713225000001
TH-25,201008,2,climatology,reference,36.268897,17.861451250000002,201007,18.40744575
TH-25,201009,3,climatology,reference,43.23089399999999,14.115225,201007,29.11566899999999
TH-25,201010,1,climatology,reference,17.630393,8.393676750000001,201010,9.23671625
TH-25,201011,2,climatology,reference,9.017169,8.809987750000001,201010,0.2071812499999996
TH-25,201012,3,climatology,reference,7.155113,4.037029,201010,3.1180839999999996
TH-26,201001,1,climatology,reference,1.7503360000000003,0.3553689999999999,201001,1.3949670000000003
TH-26,201002,2,climatology,reference,1.0556129999999997,1.43124575,201001,-0.3756327500000003
TH-26,201003,3,climatology,reference,2.882225,1.0574315,201001,1.8247935
TH-26,201004,1,climatology,reference,4.880391,0.5867377500000001,201004,4.29365325
TH-26,201005,2,climatology,reference,7.48456,1.7151080000000003,201004,5.769451999999999
TH-26,201006,3,climatology,reference,12.612121000000002,3.36939975,201004,9.242721250000002
TH-26,201007,1,climatology,reference,15.687454,4.1530932499999995,201007,11.53436075
TH-26,201008,2,climatology,reference,3.0411699999999993,2.0148087500000003,201007,1.026361249999999
TH-26,201009,3,climatology,reference,3.185504000000001,1.9432215,201007,1.2422825000000008
TH-26,201010,1,climatology,reference,1.610392,1.90442675,201010,-0.29403475
TH-26,201011,2,climatology,reference,3.859557000000001,0.7468020000000001,201010,3.112755000000001
TH-26,201012,3,climatology,reference,0.736057,0.60794,201010,0.1281169999999999
TH-27,201001,1,climatology,reference,3.610899,3.4116150000000003,201001,0.1992839999999995
TH-27,201002,2,climatology,reference,7.590450000000001,4.6001505,201001,2.9902995000000008
TH-27,201003,3,climatology,reference,16.040328,14.829011,201001,1.2113169999999993
TH-27,201004,1,climatology,reference,2.693267,2.3391677499999997,201004,0.3540992500000004
TH-27,201005,2,climatology,reference,9.364088,11.22672675,201004,-1.8626387499999983
TH-27,201006,3,climatology,reference,40.90735,29.26400525,201004,11.64334475
TH-27,201007,1,climatology,reference,48.190208,25.371458,201007,22.81875
TH-27,201008,2,climatology,reference,64.189921,27.10668125,201007,37.08323975
TH-27,201009,3,climatology,reference,45.608901,19.7880135,201007,25.8208875
TH-27,201010,1,climatology,reference,1.634777,10.08593425,201010,-8.45115725
TH-27,201011,2,climatology,reference,2.2277979999999995,10.467428000000002,201010,-8.239630000000002
TH-27,201012,3,climatology,reference,0.8565720000000001,4.749423,201010,-3.892851
TH-30,201001,1,climatology,reference,26.58442,19.84207875,201001,6.742341250000003
TH-30,201002,2,climatology,reference,10.041251000000004,4.16607325,201001,5.875177750000004
TH-30,201003,3,climatology,reference,38.82592399999999,21.4666685,201001,17.359255499999993
TH-30,201004,1,climatology,reference,28.61009099999999,14.8476085,201004,13.76248249999999
TH-30,201005,2,climatology,reference,58.53811900000001,29.826989,201004,28.711130000000008
TH-30,201006,3,climatology,reference,119.44048300000004,89.08225375,201004,30.358229250000036
TH-30,201007,1,climatology,reference,232.38696400000003,182.94394375,201007,49.443020250000046
TH-30,201008,2,climatology,reference,304.068166,278.456184,201007,25.611982000000012
TH-30,201009,3,climatology,reference,233.594832,255.934375,201007,-22.339542999999992
TH-30,201010,1,climatology,reference,38.520165000000006,22.265562000000003,201010,16.254603000000003
TH-30,201011,2,climatology,reference,45.937541,16.547494,201010,29.390047000000003
TH-30,201012,3,climatology,reference,12.597735,6.20300125,201010,6.39473375
TH-31,201001,1,climatology,reference,7.3368,3.932965999999999,201001,3.403834000000001
TH-31,201002,2,climatology,reference,35.670579000000004,35.96954525,201001,-0.2989662499999994
TH-31,201003,3,climatology,reference,18.152153,15.08197225,201001,3.0701807499999987
TH-31,201004,1,climatology,reference,13.192516000000005,4.4141165,201004,8.778399500000004
TH-31,201005,2,climatology,reference,18.503547,15.395098500000003,201004,3.108448499999998
TH-31,201006,3,climatology,reference,61.851530999999994,100.432555,201004,-38.581024
TH-31,201007,1,climatology,reference,116.084735,114.90608525,201007,1.178649749999991
TH-31,201008,2,climatology,reference,129.662809,111.77383875,201007,17.888970250000014
TH-31,201009,3,climatology,reference,81.02830599999999,56.00066275,201007,25.02764324999999
TH-31,201010,1,climatology,reference,27.799518000000003,12.4069335,201010,15.392584500000003
TH-31,201011,2,climatology,reference,11.176397,10.5309965,201010,0.6454004999999992
TH-31,201012,3,climatology,reference,5.380564,5.803893,201010,-0.4233290000000007
TH-32,201001,1,climatology,reference,8.731892,6.1895245,201001,2.5423675
TH-32,201002,2,climatology,reference,8.573447000000002,10.0108735,201001,-1.437426499999999
TH-32,201003,3,climatology,reference,34.671965,43.327029499999995,201001,-8.655064499999995
TH-32,201004,1,climatology,reference,62.51257,86.93604725,201004,-24.423477250000005
TH-32,201005,2,climatology,reference,114.591358,202.0102485,201004,-87.41889049999999
TH-32,201006,3,climatology,reference,165.58155,354.4054095,201004,-188.82385950000003
TH-32,201007,1,climatology,reference,254.03273,242.21332975,201007,11.819400249999973
TH-32,201008,2,climatology,reference,498.5562890000001,386.1399035,201007,112.4163855000001
TH-32,201009,3,climatology,reference,279.342318,201.263077,201007,78.07924099999997
TH-32,201010,1,climatology,reference,44.77813,42.18240275000001,201010,2.595727249999989
TH-32,201011,2,climatology,reference,9.268339,51.355273,201010,-42.086934
TH-32,201012,3,climatology,reference,5.331837000000001,25.28196925,201010,-19.95013225
TH-33,201001,1,climatology,reference,1.977506,5.898333,201001,-3.920827
TH-33,201002,2,climatology,reference,15.508123,10.81518625,201001,4.692936749999999
TH-33,201003,3,climatology,reference,24.802031,30.66049825,201001,-5.85846725
TH-33,201004,1,climatology,reference,4.795242000000002,15.083355,201004,-10.288112999999996
TH-33,201005,2,climatology,reference,44.82336600000001,113.769722,201004,-68.946356
TH-33,201006,3,climatology,reference,94.159327,233.12642925,201004,-138.96710224999998
TH-33,201007,1,climatology,reference,119.462616,109.8229375,201007,9.639678500000002
TH-33,201008,2,climatology,reference,248.853383,191.19073275,201007,57.66265025000001
TH-33,201009,3,climatology,reference,176.456744,99.9063825,201007,76.55036149999998
TH-33,201010,1,climatology,reference,116.786674,37.71422475,201010,79.07244925
TH-33,201011,2,climatology,reference,50.192449,12.73483325,201010,37.45761575
TH-33,201012,3,climatology,reference,32.49005700000001,10.119097,201010,22.370960000000007
TH-34,201001,1,climatology,reference,4.112622999999999,1.34318375,201001,2.7694392499999996
TH-34,201002,2,climatology,reference,5.8050190000000015,0.8840215,201001,4.920997500000001
TH-34,201003,3,climatology,reference,10.404611000000004,1.422117,201001,8.982494000000004
TH-34,201004,1,climatology,reference,16.120087999999996,1.8687075,201004,14.251380499999996
TH-34,201005,2,climatology,reference,22.34561500000001,6.560804,201004,15.784811000000008
TH-34,201006,3,climatology,reference,32.76761400000001,26.1065275,201004,6.66108650000001
TH-34,201007,1,climatology,reference,40.76452699999999,37.11896025,201007,3.645566749999986
TH-34,201008,2,climatology,reference,22.160929999999993,10.8464815,201007,11.314448499999994
TH-34,201009,3,climatology,reference,29.465244,41.75183875,201007,-12.28659475
TH-34,201010,1,climatology,reference,21.6104,18.14006175,201010,3.4703382499999975
TH-34,201011,2,climatology,reference,12.595338000000002,8.66547225,201010,3.929865750000001
TH-34,201012,3,climatology,reference,0.8325050000000003,1.72183,201010,-0.8893249999999997
TH-35,201001,1,climatology,reference,0.6940580000000001,0.50252875,201001,0.1915292500000001
TH-35,201002,2,climatology,reference,0.9218930000000004,0.4727019999999999,201001,0.4491910000000005
TH-35,201003,3,climatology,reference,4.576518,4.29268075,201001,0.2838372500000004
TH-35,201004,1,climatology,reference,3.711563,3.5162875,201004,0.1952755000000001
TH-35,201005,2,climatology,reference,9.316126,1.9017875,201004,7.4143385
TH-35,201006,3,climatology,reference,12.316809000000006,24.7108375,201004,-12.394028499999994
TH-35,201007,1,climatology,reference,14.481517,12.42354525,201007,2.05797175
TH-35,201008,2,climatology,reference,16.482399,9.22649025,201007,7.2559087500000015
TH-35,201009,3,climatology,reference,15.323509,8.21614875,201007,7.107360249999999
TH-35,201010,1,climatology,reference,5.714724,2.0887835,201010,3.625940500000001
TH-35,201011,2,climatology,reference,0.6040010000000002,4.1058715,201010,-3.5018705
TH-35,201012,3,climatology,reference,0.3953339999999999,1.31716475,201010,-0.9218307500000004
TH-36,201001,1,climatology,reference,3.007795999999999,1.47992425,201001,1.527871749999999
TH-36,201002,2,climatology,reference,7.835633000000001,12.29119775,201001,-4.455564749999999
TH-36,201003,3,climatology,reference,12.756433,13.27510225,201001,-0.5186692500000003
TH-36,201004,1,climatology,reference,5.124907,3.424279250000001,201004,1.700627749999999
TH-36,201005,2,climatology,reference,12.382077,10.336016,201004,2.046061
TH-36,201006,3,climatology,reference,23.516148,11.225689999999998,201004,12.290458000000005
TH-36,201007,1,climatology,reference,30.880914999999995,15.36622375,201007,15.514691249999997
TH-36,201008,2,climatology,reference,28.32779799999999,15.5963735,201007,12.73142449999999
TH-36,201009,3,climatology,reference,14.438235,7.9037245,201007,6.5345105000000006
TH-36,201010,1,climatology,reference,9.940843,6.4002935,201010,3.540549499999999
TH-36,201011,2,climatology,reference,3.770341,2.5084755000000003,201010,1.2618655
TH-36,201012,3,climatology,reference,1.949281,1.0584865,201010,0.8907944999999999
TH-37,201001,1,climatology,reference,0.2862859999999999,0.40658025,201001,-0.1202942500000001
TH-37,201002,2,climatology,reference,0.5097959999999999,0.3616859999999999,201001,0.14811
TH-37,201003,3,climatology,reference,0.1635919999999999,0.7898635,201001,-0.6262715000000001
TH-37,201004,1,climatology,reference,2.1028179999999996,2.08366575,201004,0.0191522499999994
TH-37,201005,2,climatology,reference,4.449021999999999,14.9872495,201004,-10.5382275
TH-37,201006,3,climatology,reference,9.894615000000002,34.540377,201004,-24.645762
TH-37,201007,1,climatology,reference,41.256126,41.36216125,201007,-0.1060352499999979
TH-37,201008,2,climatology,reference,20.622779,17.0672055,201007,3.5555735000000013
TH-37,201009,3,climatology,reference,2.837553,2.2777459999999996,201007,0.5598070000000006
TH-37,201010,1,climatology,reference,1.7154300000000005,5.27723325,201010,-3.5618032499999996
TH-37,201011,2,climatology,reference,0.9187760000000004,3.97074775,201010,-3.05197175
TH-37,201012,3,climatology,reference,2.203347,0.68502475,201010,1.51832225
TH-39,201001,1,climatology,reference,2.998286,3.098698,201001,-0.1004120000000003
TH-39,201002,2,climatology,reference,3.3456330000000003,2.9376645,201001,0.4079685000000004
TH-39,201003,3,climatology,reference,0.8983270000000001,0.801615,201001,0.0967120000000001
TH-39,201004,1,climatology,reference,1.225797,0.90503075,201004,0.32076625
TH-39,201005,2,climatology,reference,2.203633,1.5728684999999998,201004,0.6307645000000002
TH-39,201006,3,climatology,reference,4.71343,6.3976315,201004,-1.6842015000000004
TH-39,201007,1,climatology,reference,2.0201640000000003,3.3443162500000003,201007,-1.32415225
TH-39,201008,2,climatology,reference,5.996858000000001,3.74947825,201007,2.2473797500000012
TH-39,201009,3,climatology,reference,1.02245,7.28611675,201007,-6.26366675
TH-39,201010,1,climatology,reference,0.857429,3.323844,201010,-2.4664149999999996
TH-39,201011,2,climatology,reference,0.530531,1.63383775,201010,-1.1033067500000002
TH-39,201012,3,climatology,reference,0.2044899999999999,0.4519624999999999,201010,-0.2474724999999999
TH-40,201001,1,climatology,reference,5.056516000000002,2.93708425,201001,2.119431750000002
TH-40,201002,2,climatology,reference,11.632742000000004,14.02808175,201001,-2.395339749999996
TH-40,201003,3,climatology,reference,24.941761999999997,22.93179,201001,2.0099719999999976
TH-40,201004,1,climatology,reference,13.295654999999996,5.1624247500000005,201004,8.133230249999997
TH-40,201005,2,climatology,reference,22.530882999999996,7.095369249999999,201004,15.435513749999997
TH-40,201006,3,climatology,reference,37.301681000000016,7.855703999999999,201004,29.445977000000017
TH-40,201007,1,climatology,reference,36.01150100000001,22.820814,201007,13.190687000000011
TH-40,201008,2,climatology,reference,41.452378,28.93372625,201007,12.518651750000004
TH-40,201009,3,climatology,reference,29.515239,30.4648115,201007,-0.9495724999999986
TH-40,201010,1,climatology,reference,9.335068,6.658842999999999,201010,2.6762250000000005
TH-40,201011,2,climatology,reference,8.761064,7.268258750000001,201010,1.4928052499999982
TH-40,201012,3,climatology,reference,9.233175,10.872871,201010,-1.6396960000000007
TH-41,201001,1,climatology,reference,1.9724540000000008,0.80220575,201001,1.1702482500000009
TH-41,201002,2,climatology,reference,4.035351000000002,1.6500075,201001,2.385343500000002
TH-41,201003,3,climatology,reference,5.941049,1.2229745,201001,4.718074499999999
TH-41,201004,1,climatology,reference,10.991878999999996,4.15508325,201004,6.836795749999996
TH-41,201005,2,climatology,reference,17.622397000000007,11.6786335,201004,5.943763500000006
TH-41,201006,3,climatology,reference,22.783699000000013,11.4897505,201004,11.293948500000011
TH-41,201007,1,climatology,reference,35.204493,18.1849225,201007,17.0195705
TH-41,201008,2,climatology,reference,32.33881300000001,12.4916625,201007,19.84715050000001
TH-41,201009,3,climatology,reference,10.854905000000002,4.6860307500000005,201007,6.168874250000002
TH-41,201010,1,climatology,reference,4.513116,4.8812715,201010,-0.3681555000000003
TH-41,201011,2,climatology,reference,5.184836000000001,6.675761249999999,201010,-1.4909252499999983
TH-41,201012,3,climatology,reference,2.324784,1.79131975,201010,0.5334642500000002
TH-42,201001,1,climatology,reference,12.860005,9.68560025,201001,3.174404749999999
TH-42,201002,2,climatology,reference,19.927005,16.2764205,201001,3.650584500000001
TH-42,201003,3,climatology,reference,26.277073,21.2178535,201001,5.059219500000001
TH-42,201004,1,climatology,reference,20.286997000000007,10.02733425,201004,10.259662750000007
TH-42,201005,2,climatology,reference,51.48029700000001,27.40693625,201004,24.07336075000001
TH-42,201006,3,climatology,reference,56.679472,26.776039249999997,201004,29.90343275
TH-42,201007,1,climatology,reference,46.473647,31.21102325,201007,15.26262375
TH-42,201008,2,climatology,reference,44.151622,35.7170645,201007,8.434557500000004
TH-42,201009,3,climatology,reference,14.730336,30.219347500000005,201007,-15.489011500000004
TH-42,201010,1,climatology,reference,1.674391,13.90295425,201010,-12.22856325
TH-42,201011,2,climatology,reference,1.4648909999999995,9.47393125,201010,-8.00904025
TH-42,201012,3,climatology,reference,0.9652230000000002,1.8148977499999996,201010,-0.8496747499999995
TH-43,201001,1,climatology,reference,4.406116,4.73758825,201001,-0.33147225
TH-43,201002,2,climatology,reference,1.5390059999999997,1.4307975,201001,0.1082084999999997
TH-43,201003,3,climatology,reference,10.740351,13.599373,201001,-2.8590219999999995
TH-43,201004,1,climatology,reference,17.760156000000002,21.01989975,201004,-3.2597437499999984
TH-43,201005,2,climatology,reference,29.959735,30.3629025,201004,-0.4031675000000021
TH-43,201006,3,climatology,reference,30.44958900000001,24.42433075,201004,6.025258250000011
TH-43,201007,1,climatology,reference,25.398017,18.745332,201007,6.652684999999998
TH-43,201008,2,climatology,reference,27.538395,14.72139275,201007,12.817002250000002
TH-43,201009,3,climatology,reference,5.520668999999999,11.92055525,201007,-6.399886250000001
TH-43,201010,1,climatology,reference,2.624834,14.4809155,201010,-11.8560815
TH-43,201011,2,climatology,reference,1.041501,9.36506575,201010,-8.32356475
TH-43,201012,3,climatology,reference,0.6738899999999999,3.4949327500000003,201010,-2.82104275
TH-44,201001,1,climatology,reference,3.006129999999999,1.653425,201001,1.352704999999999
TH-44,201002,2,climatology,reference,2.5077939999999987,1.084228,201001,1.4235659999999988
TH-44,201003,3,climatology,reference,5.8450859999999984,3.8582585,201001,1.9868274999999984
TH-44,201004,1,climatology,reference,4.80968,3.407875,201004,1.401805
TH-44,201005,2,climatology,reference,10.933352999999997,8.6920645,201004,2.241288499999996
TH-44,201006,3,climatology,reference,18.325404,38.81393,201004,-20.488526
TH-44,201007,1,climatology,reference,26.847353999999996,34.940666750000005,201007,-8.09331275000001
TH-44,201008,2,climatology,reference,48.942184000000005,59.32801575,201007,-10.385831749999994
TH-44,201009,3,climatology,reference,35.395956,36.23353875,201007,-0.8375827500000028
TH-44,201010,1,climatology,reference,8.122014000000002,6.2477695,201010,1.8742445000000016
TH-44,201011,2,climatology,reference,1.6028409999999995,7.7776115,201010,-6.1747705
TH-44,201012,3,climatology,reference,1.99784,2.292598,201010,-0.2947579999999998
TH-45,201001,1,climatology,reference,5.155786,3.144007,201001,2.011779
TH-45,201002,2,climatology,reference,5.299124999999998,9.14386425,201001,-3.8447392500000017
TH-45,201003,3,climatology,reference,7.379869000000003,9.0474965,201001,-1.6676274999999965
TH-45,201004,1,climatology,reference,7.383630999999998,2.28940225,201004,5.094228749999997
TH-45,201005,2,climatology,reference,23.257364000000003,10.375764,201004,12.881600000000002
TH-45,201006,3,climatology,reference,29.216944999999996,69.6094875,201004,-40.392542500000005
TH-45,201007,1,climatology,reference,25.260636000000005,28.5371925,201007,-3.2765564999999945
TH-45,201008,2,climatology,reference,67.429985,86.46051,201007,-19.030524999999997
TH-45,201009,3,climatology,reference,30.414292000000003,35.179215,201007,-4.764922999999996
TH-45,201010,1,climatology,reference,9.064231000000005,7.153025749999999,201010,1.9112052500000056
TH-45,201011,2,climatology,reference,5.283782,11.973035499999998,201010,-6.689253499999998
TH-45,201012,3,climatology,reference,3.102504999999999,1.96834825,201010,1.134156749999999
TH-46,201001,1,climatology,reference,3.4316139999999997,3.4075025,201001,0.0241114999999996
TH-46,201002,2,climatology,reference,13.214283000000002,16.29373125,201001,-3.0794482499999987
TH-46,201003,3,climatology,reference,26.347233000000003,31.53832325,201001,-5.1910902499999985
TH-46,201004,1,climatology,reference,15.392795,14.64303525,201004,0.7497597499999991
TH-46,201005,2,climatology,reference,33.853972999999996,26.49339725,201004,7.360575749999995
TH-46,201006,3,climatology,reference,43.980312000000005,35.723732,201004,8.256580000000007
TH-46,201007,1,climatology,reference,41.554745,36.180759249999994,201007,5.373985750000003
TH-46,201008,2,climatology,reference,33.050128,42.41459175,201007,-9.36446375
TH-46,201009,3,climatology,reference,22.715895999999997,29.280692,201007,-6.564796000000001
TH-46,201010,1,climatology,reference,17.093564,0.3246275,201010,16.768936500000002
TH-46,201011,2,climatology,reference,13.326282,0.14462275,201010,13.18165925
TH-46,201012,3,climatology,reference,7.067559,0.0394922499999999,201010,7.02806675
TH-47,201001,1,climatology,reference,7.16667,4.048636500000001,201001,3.1180334999999992
TH-47,201002,2,climatology,reference,23.232448,23.90598075,201001,-0.6735327499999997
TH-47,201003,3,climatology,reference,29.513739,29.26258475,201001,0.2511542500000026
TH-47,201004,1,climatology,reference,15.016309999999995,7.534234,201004,7.482075999999996
TH-47,201005,2,climatology,reference,43.248377999999995,42.05707275,201004,1.191305249999992
TH-47,201006,3,climatology,reference,149.41772600000002,151.614586,201004,-2.1968599999999867
TH-47,201007,1,climatology,reference,92.190381,32.892016500000004,201007,59.2983645
TH-47,201008,2,climatology,reference,14.843364,101.38542325,201007,-86.54205925000001
TH-47,201009,3,climatology,reference,8.827283999999999,64.53870375,201007,-55.71141975
TH-47,201010,1,climatology,reference,5.436004,26.741048,201010,-21.305044
TH-47,201011,2,climatology,reference,3.818058,19.41189725,201010,-15.593839249999998
TH-47,201012,3,climatology,reference,1.499502,6.84296425,201010,-5.34346225
TH-48,201001,1,climatology,reference,3.348612,4.34723025,201001,-0.9986182499999998
TH-48,201002,2,climatology,reference,7.092946000000001,9.7932295,201001,-2.7002834999999994
TH-48,201003,3,climatology,reference,10.848956,19.776188749999996,201001,-8.927232749999996
TH-48,201004,1,climatology,reference,16.170299999999997,21.54611925,201004,-5.375819250000003
TH-48,201005,2,climatology,reference,56.985862,75.17388975,201004,-18.188027750000003
TH-48,201006,3,climatology,reference,37.755537,19.43368075,201004,18.321856249999996
TH-48,201007,1,climatology,reference,52.13566900000001,32.4548895,201007,19.680779500000007
TH-48,201008,2,climatology,reference,29.559285999999993,29.17156575,201007,0.3877202499999939
TH-48,201009,3,climatology,reference,41.167961,9.755228499999998,201007,31.4127325
TH-48,201010,1,climatology,reference,9.379733,10.1964305,201010,-0.8166975000000001
TH-48,201011,2,climatology,reference,2.8296729999999988,10.188212750000002,201010,-7.358539750000003
TH-48,201012,3,climatology,reference,1.568559,2.7258005,201010,-1.1572415
TH-49,201001,1,climatology,reference,4.202776,2.1978454999999997,201001,2.0049305000000004
TH-49,201002,2,climatology,reference,5.652082,2.6128670000000005,201001,3.0392149999999996
TH-49,201003,3,climatology,reference,20.610612999999997,12.18306375,201001,8.427549249999997
TH-49,201004,1,climatology,reference,11.487634,4.20566275,201004,7.28197125
TH-49,201005,2,climatology,reference,49.694696,34.18565675000001,201004,15.509039249999994
TH-49,201006,3,climatology,reference,122.801801,88.49219224999999,201004,34.30960875000001
TH-49,201007,1,climatology,reference,88.606044,18.734942249999996,201007,69.87110175000001
TH-49,201008,2,climatology,reference,28.085963,15.44566375,201007,12.64029925
TH-49,201009,3,climatology,reference,1.8597159999999997,28.1909945,201007,-26.3312785
TH-49,201010,1,climatology,reference,3.834695,9.57566825,201010,-5.74097325
TH-49,201011,2,climatology,reference,0.5930210000000002,7.734368,201010,-7.141347
TH-49,201012,3,climatology,reference,1.4481640000000002,1.72815225,201010,-0.2799882499999997
TH-50,201001,1,climatology,reference,12.658227,4.897128,201001,7.761099
TH-50,201002,2,climatology,reference,7.338724999999999,8.55841875,201001,-1.2196937500000002
TH-50,201003,3,climatology,reference,11.541396999999998,7.79260475,201001,3.7487922499999984
TH-50,201004,1,climatology,reference,8.515180999999998,10.6360875,201004,-2.120906500000002
TH-50,201005,2,climatology,reference,25.459131,22.884541,201004,2.5745900000000006
TH-50,201006,3,climatology,reference,124.649583,63.789284249999994,201004,60.86029875000001
TH-50,201007,1,climatology,reference,775.061307,827.5863075,201007,-52.52500049999992
TH-50,201008,2,climatology,reference,1012.79568,1073.92921375,201007,-61.13353374999997
TH-50,201009,3,climatology,reference,668.615305,702.4804214999999,201007,-33.865116499999885
TH-50,201010,1,climatology,reference,96.686576,32.60679475,201010,64.07978125
TH-50,201011,2,climatology,reference,12.806683,22.42557625,201010,-9.61889325
TH-50,201012,3,climatology,reference,6.772897,14.2656385,201010,-7.492741499999999
TH-51,201001,1,climatology,reference,0.506556,0.5666355000000001,201001,-0.0600795
TH-51,201002,2,climatology,reference,2.6461669999999997,1.6051525,201001,1.0410144999999995
TH-51,201003,3,climatology,reference,6.030224,3.5194735,201001,2.510750499999999
TH-51,201004,1,climatology,reference,10.600779,5.91250125,201004,4.688277749999999
TH-51,201005,2,climatology,reference,18.043783,19.3731975,201004,-1.3294144999999986
TH-51,201006,3,climatology,reference,52.229687,71.78191625,201004,-19.552229249999996
TH-51,201007,1,climatology,reference,64.894682,63.17572800000001,201007,1.7189539999999963
TH-51,201008,2,climatology,reference,63.91295699999999,58.24045950000001,201007,5.672497499999984
TH-51,201009,3,climatology,reference,19.650839,10.1534375,201007,9.4974015
TH-51,201010,1,climatology,reference,2.4706149999999996,4.896127999999999,201010,-2.4255129999999996
TH-51,201011,2,climatology,reference,1.9237240000000004,3.0793827499999997,201010,-1.1556587499999993
TH-51,201012,3,climatology,reference,2.479667,1.1904230000000005,201010,1.2892439999999996
TH-52,201001,1,climatology,reference,2.825779,1.75202925,201001,1.0737497499999995
TH-52,201002,2,climatology,reference,2.957836,1.55565775,201001,1.40217825
TH-52,201003,3,climatology,reference,3.328178000000001,2.167389,201001,1.1607890000000012
TH-52,201004,1,climatology,reference,3.132733,2.5909347499999997,201004,0.5417982500000003
TH-52,201005,2,climatology,reference,6.540853000000002,5.230950999999999,201004,1.3099020000000028
TH-52,201006,3,climatology,reference,17.232564000000004,21.3053575,201004,-4.072793499999996
TH-52,201007,1,climatology,reference,112.641843,158.1287695,201007,-45.48692650000001
TH-52,201008,2,climatology,reference,265.28177000000005,304.49102400000004,201007,-39.20925399999999
TH-52,201009,3,climatology,reference,164.72406600000002,156.33319125,201007,8.390874750000023
TH-52,201010,1,climatology,reference,57.464729000000005,30.3176945,201010,27.147034500000004
TH-52,201011,2,climatology,reference,10.455005,4.6264255,201010,5.8285795
TH-52,201012,3,climatology,reference,4.31789,2.1230530000000005,201010,2.1948369999999997
TH-53,201001,1,climatology,reference,3.2822820000000004,0.3476732499999999,201001,2.9346087500000007
TH-53,201002,2,climatology,reference,3.140174,0.83125025,201001,2.30892375
TH-53,201003,3,climatology,reference,4.130008999999999,1.0367082499999998,201001,3.0933007499999996
TH-53,201004,1,climatology,reference,5.860128,0.73109475,201004,5.129033249999999
TH-53,201005,2,climatology,reference,12.018013999999996,2.75283825,201004,9.265175749999996
TH-53,201006,3,climatology,reference,27.505528000000005,1.2990585,201004,26.206469500000004
TH-53,201007,1,climatology,reference,19.975916,2.9749725,201007,17.0009435
TH-53,201008,2,climatology,reference,15.809070000000006,12.83381725,201007,2.9752527500000063
TH-53,201009,3,climatology,reference,17.909898000000002,28.56385625,201007,-10.65395825
TH-53,201010,1,climatology,reference,11.629727,17.99514075,201010,-6.36541375
TH-53,201011,2,climatology,reference,2.715892,2.6316335000000004,201010,0.0842584999999997
TH-53,201012,3,climatology,reference,4.524558000000001,6.9967120000000005,201010,-2.4721539999999997
TH-54,201001,1,climatology,reference,0.9996680000000002,0.854524,201001,0.1451440000000002
TH-54,201002,2,climatology,reference,1.5620020000000006,1.0471242500000002,201001,0.5148777500000004
TH-54,201003,3,climatology,reference,1.7460090000000008,2.08694075,201001,-0.3409317499999993
TH-54,201004,1,climatology,reference,6.124012000000002,1.6052654999999998,201004,4.518746500000002
TH-54,201005,2,climatology,reference,19.466573,4.2675675,201004,15.1990055
TH-54,201006,3,climatology,reference,30.13614700000001,8.48416625,201004,21.651980750000007
TH-54,201007,1,climatology,reference,19.649415000000005,8.955345999999999,201007,10.694069000000006
TH-54,201008,2,climatology,reference,24.680178,45.44727825,201007,-20.767100249999995
TH-54,201009,3,climatology,reference,24.619947,25.955366,201007,-1.3354190000000017
TH-54,201010,1,climatology,reference,7.716726,3.6751239999999994,201010,4.041602000000001
TH-54,201011,2,climatology,reference,6.821448,3.7707405,201010,3.0507075
TH-54,201012,3,climatology,reference,0.8259450000000002,1.23814125,201010,-0.4121962499999998
TH-55,201001,1,climatology,reference,1.263446,0.6861302499999999,201001,0.5773157500000001
TH-55,201002,2,climatology,reference,0.6176119999999999,0.3233517499999999,201001,0.29426025
TH-55,201003,3,climatology,reference,0.5203350000000002,0.5237879999999999,201001,-0.0034529999999997
TH-55,201004,1,climatology,reference,1.9635589999999996,2.19301625,201004,-0.2294572500000002
TH-55,201005,2,climatology,reference,3.438401999999998,2.0993275,201004,1.3390744999999984
TH-55,201006,3,climatology,reference,6.884131,17.4156905,201004,-10.5315595
TH-55,201007,1,climatology,reference,4.9602520000000005,3.39732375,201007,1.5629282500000006
TH-55,201008,2,climatology,reference,11.570125,4.80650275,201007,6.763622250000001
TH-55,201009,3,climatology,reference,6.570224,5.85105775,201007,0.7191662499999998
TH-55,201010,1,climatology,reference,12.104167,10.354129,201010,1.750038
TH-55,201011,2,climatology,reference,0.6310560000000001,0.7656497500000001,201010,-0.13459375
TH-55,201012,3,climatology,reference,0.679778,0.60104625,201010,0.0787317499999999
TH-56,201001,1,climatology,reference,0.8182239999999998,2.4571845000000003,201001,-1.6389605000000005
TH-56,201002,2,climatology,reference,0.6245019999999999,2.5534904999999997,201001,-1.9289885
TH-56,201003,3,climatology,reference,0.9150039999999996,5.1507775,201001,-4.2357735000000005
TH-56,201004,1,climatology,reference,2.360728000000001,4.8462385,201004,-2.4855104999999993
TH-56,201005,2,climatology,reference,10.530631999999995,10.78941425,201004,-0.2587822500000047
TH-56,201006,3,climatology,reference,36.364251,34.31118325,201004,2.053067750000004
TH-56,201007,1,climatology,reference,163.006438,194.88141875,201007,-31.87498074999999
TH-56,201008,2,climatology,reference,313.609965,332.1583025,201007,-18.5483375
TH-56,201009,3,climatology,reference,123.654559,122.20144175,201007,1.4531172500000054
TH-56,201010,1,climatology,reference,13.633223,4.323588749999999,201010,9.30963425
TH-56,201011,2,climatology,reference,7.169335,3.68272025,201010,3.48661475
TH-56,201012,3,climatology,reference,6.232335,1.5134569999999998,201010,4.718878
TH-57,201001,1,climatology,reference,4.691059,1.7817687499999997,201001,2.9092902500000006
TH-57,201002,2,climatology,reference,1.548056,3.6775024999999992,201001,-2.1294464999999994
TH-57,201003,3,climatology,reference,2.756057,4.76349975,201001,-2.00744275
TH-57,201004,1,climatology,reference,1.5987809999999998,4.7708945,201004,-3.1721135
TH-57,201005,2,climatology,reference,12.494632000000005,6.273704749999999,201004,6.220927250000005
TH-57,201006,3,climatology,reference,27.108130000000003,32.721829,201004,-5.613698999999997
TH-57,201007,1,climatology,reference,215.94802,238.514611,201007,-22.56659099999999
TH-57,201008,2,climatology,reference,315.411326,352.42574925,201007,-37.01442325000005
TH-57,201009,3,climatology,reference,189.739349,214.5934125,201007,-24.854063499999995
TH-57,201010,1,climatology,reference,62.321839,35.5939845,201010,26.7278545
TH-57,201011,2,climatology,reference,12.821057,4.2747485,201010,8.546308499999999
TH-57,201012,3,climatology,reference,15.915167,5.76130975,201010,10.15385725
TH-58,201001,1,climatology,reference,0.1456669999999999,5.23439975,201001,-5.08873275
TH-58,201002,2,climatology,reference,0.090389,6.227213,201001,-6.136824
TH-58,201003,3,climatology,reference,0.402223,6.73112075,201001,-6.328897749999999
TH-58,201004,1,climatology,reference,1.319057,1.858822,201004,-0.539765
TH-58,201005,2,climatology,reference,8.847617999999999,4.77457175,201004,4.073046249999999
TH-58,201006,3,climatology,reference,14.070954,7.6005755,201004,6.470378500000001
TH-58,201007,1,climatology,reference,36.548013,59.07283575,201007,-22.52482275000001
TH-58,201008,2,climatology,reference,94.047234,118.2877595,201007,-24.240525500000004
TH-58,201009,3,climatology,reference,70.985282,82.120969,201007,-11.135687000000004
TH-58,201010,1,climatology,reference,3.796557,2.4888885,201010,1.3076685
TH-58,201011,2,climatology,reference,3.2298340000000003,2.2786055,201010,0.9512285000000004
TH-58,201012,3,climatology,reference,0.992778,2.345785,201010,-1.3530069999999998
TH-60,201001,1,climatology,reference,7.885511000000001,2.9965177499999993,201001,4.888993250000002
TH-60,201002,2,climatology,reference,11.616737000000004,2.8951775,201001,8.721559500000005
TH-60,201003,3,climatology,reference,21.073743,5.0336165,201001,16.0401265
TH-60,201004,1,climatology,reference,21.178374999999996,2.9502922499999995,201004,18.228082749999995
TH-60,201005,2,climatology,reference,25.07608,2.13795175,201004,22.93812825
TH-60,201006,3,climatology,reference,52.86732899999999,2.9246062500000005,201004,49.94272274999999
TH-60,201007,1,climatology,reference,37.81363399999999,10.56609825,201007,27.247535749999994
TH-60,201008,2,climatology,reference,17.273154000000005,25.4182805,201007,-8.145126499999996
TH-60,201009,3,climatology,reference,13.435744999999995,20.91777325,201007,-7.482028250000004
TH-60,201010,1,climatology,reference,16.453296,4.06123425,201010,12.392061750000002
TH-60,201011,2,climatology,reference,6.188510000000001,10.62992225,201010,-4.441412249999999
TH-60,201012,3,climatology,reference,4.185339000000001,6.810391,201010,-2.6250519999999993
TH-61,201001,1,climatology,reference,1.5146140000000003,1.2914645,201001,0.2231495000000003
TH-61,201002,2,climatology,reference,3.645169,0.188459,201001,3.45671
TH-61,201003,3,climatology,reference,4.145673,0.7259645000000001,201001,3.4197085000000005
TH-61,201004,1,climatology,reference,9.221622000000002,0.84759725,201004,8.374024750000002
TH-61,201005,2,climatology,reference,9.341119,0.76836975,201004,8.572749250000001
TH-61,201006,3,climatology,reference,14.179460999999996,0.8711500000000001,201004,13.308310999999996
TH-61,201007,1,climatology,reference,10.172520000000002,2.950132,201007,7.222388000000002
TH-61,201008,2,climatology,reference,4.968729,3.427531,201007,1.5411979999999996
TH-61,201009,3,climatology,reference,3.631893,10.45082225,201007,-6.81892925
TH-61,201010,1,climatology,reference,1.2360590000000005,2.44482675,201010,-1.2087677499999994
TH-61,201011,2,climatology,reference,2.854503,0.61484075,201010,2.23966225
TH-61,201012,3,climatology,reference,1.146168,1.70708825,201010,-0.5609202499999999
TH-62,201001,1,climatology,reference,4.201284000000001,3.723224,201001,0.478060000000001
TH-62,201002,2,climatology,reference,7.456838000000001,11.10674925,201001,-3.649911249999999
TH-62,201003,3,climatology,reference,7.972286,6.50921125,201001,1.4630747500000003
TH-62,201004,1,climatology,reference,11.061801,2.7755462500000005,201004,8.286254750000001
TH-62,201005,2,climatology,reference,20.020354,3.5090615,201004,16.5112925
TH-62,201006,3,climatology,reference,36.262494,3.51338275,201004,32.74911125
TH-62,201007,1,climatology,reference,25.289651,5.587671499999999,201007,19.7019795
TH-62,201008,2,climatology,reference,11.748857999999998,15.089170500000002,201007,-3.340312500000003
TH-62,201009,3,climatology,reference,9.046906,7.151817749999999,201007,1.8950882500000008
TH-62,201010,1,climatology,reference,5.144845,3.951372,201010,1.193473
TH-62,201011,2,climatology,reference,2.9642280000000003,4.3080125,201010,-1.3437845
TH-62,201012,3,climatology,reference,1.956004999999999,2.77928475,201010,-0.8232797500000009
TH-63,201001,1,climatology,reference,5.877668000000001,2.8578672500000004,201001,3.0198007500000004
TH-63,201002,2,climatology,reference,3.974614,4.807699749999999,201001,-0.8330857499999995
TH-63,201003,3,climatology,reference,14.305559,5.50508275,201001,8.800476250000001
TH-63,201004,1,climatology,reference,32.350946,13.551799499999998,201004,18.799146500000003
TH-63,201005,2,climatology,reference,26.689066,16.545640249999998,201004,10.143425750000002
TH-63,201006,3,climatology,reference,44.454137,35.2857755,201004,9.168361500000003
TH-63,201007,1,climatology,reference,144.340802,82.398438,201007,61.942364
TH-63,201008,2,climatology,reference,156.63534900000002,111.36847325,201007,45.266875750000025
TH-63,201009,3,climatology,reference,51.847173000000005,32.66719525,201007,19.17997775000001
TH-63,201010,1,climatology,reference,6.832673,6.307493000000001,201010,0.5251799999999989
TH-63,201011,2,climatology,reference,8.835394,4.85246825,201010,3.9829257500000006
TH-63,201012,3,climatology,reference,3.1396119999999996,3.0409342499999994,201010,0.0986777500000002
TH-64,201001,1,climatology,reference,2.1357850000000003,2.6843535000000003,201001,-0.5485685
TH-64,201002,2,climatology,reference,2.562506000000001,1.7840015,201001,0.7785045000000008
TH-64,201003,3,climatology,reference,5.458177000000001,2.00215275,201001,3.456024250000001
TH-64,201004,1,climatology,reference,8.978841,10.4348975,201004,-1.4560565000000008
TH-64,201005,2,climatology,reference,5.297062,5.181441250000001,201004,0.1156207499999997
TH-64,201006,3,climatology,reference,8.562518999999998,7.684748,201004,0.8777709999999983
TH-64,201007,1,climatology,reference,10.075744000000004,7.3772035,201007,2.6985405000000036
TH-64,201008,2,climatology,reference,15.407566999999997,11.12947075,201007,4.278096249999997
TH-64,201009,3,climatology,reference,8.469949000000002,4.83844225,201007,3.6315067500000016
TH-64,201010,1,climatology,reference,2.9097790000000003,3.1435802500000003,201010,-0.2338012499999999
TH-64,201011,2,climatology,reference,2.069558,2.19262125,201010,-0.1230632500000004
TH-64,201012,3,climatology,reference,1.563835,2.3069465,201010,-0.7431114999999999
TH-65,201001,1,climatology,reference,4.116116000000001,4.69799075,201001,-0.581874749999999
TH-65,201002,2,climatology,reference,5.714727,4.447647,201001,1.26708
TH-65,201003,3,climatology,reference,6.607676000000001,4.405804000000001,201001,2.2018720000000007
TH-65,201004,1,climatology,reference,6.775905000000002,3.5234205000000003,201004,3.2524845000000013
TH-65,201005,2,climatology,reference,16.437131,6.033675,201004,10.403456000000002
TH-65,201006,3,climatology,reference,24.721321000000003,8.019509,201004,16.701812000000004
TH-65,201007,1,climatology,reference,21.901841000000005,12.430616250000002,201007,9.471224750000005
TH-65,201008,2,climatology,reference,37.82584099999999,24.428151,201007,13.39768999999999
TH-65,201009,3,climatology,reference,42.340246,52.64235175,201007,-10.302105750000004
TH-65,201010,1,climatology,reference,16.493568,18.767286750000004,201010,-2.273718750000004
TH-65,201011,2,climatology,reference,8.147338999999999,6.245932,201010,1.901406999999999
TH-65,201012,3,climatology,reference,2.430115,2.26627825,201010,0.1638367499999997
TH-66,201001,1,climatology,reference,3.3162259999999995,6.65750025,201001,-3.341274250000001
TH-66,201002,2,climatology,reference,2.9237259999999994,3.5934945000000003,201001,-0.6697685000000009
TH-66,201003,3,climatology,reference,5.013618000000001,6.4375420000000005,201001,-1.4239239999999995
TH-66,201004,1,climatology,reference,4.81184,1.4136747500000002,201004,3.39816525
TH-66,201005,2,climatology,reference,9.574396,1.7189525,201004,7.8554435
TH-66,201006,3,climatology,reference,17.160078,1.73794125,201004,15.422136749999998
TH-66,201007,1,climatology,reference,20.662415999999997,3.72196575,201007,16.940450249999998
TH-66,201008,2,climatology,reference,11.701525,12.077391,201007,-0.3758660000000002
TH-66,201009,3,climatology,reference,17.594123000000003,19.0160915,201007,-1.4219684999999984
TH-66,201010,1,climatology,reference,6.592562000000001,9.9402015,201010,-3.3476394999999997
TH-66,201011,2,climatology,reference,4.810836999999999,3.39275625,201010,1.4180807499999992
TH-66,201012,3,climatology,reference,3.02989,4.9485645,201010,-1.9186745
TH-67,201001,1,climatology,reference,3.2852799999999993,2.3996372499999996,201001,0.8856427499999997
TH-67,201002,2,climatology,reference,4.857505,4.85557125,201001,0.00193375
TH-67,201003,3,climatology,reference,6.347954999999999,6.610553,201001,-0.2625980000000014
TH-67,201004,1,climatology,reference,11.55057,2.4142715,201004,9.1362985
TH-67,201005,2,climatology,reference,24.850302,11.044733,201004,13.805568999999998
TH-67,201006,3,climatology,reference,46.868364,41.85343875,201004,5.0149252499999974
TH-67,201007,1,climatology,reference,78.85583,87.45075775000001,201007,-8.59492775000001
TH-67,201008,2,climatology,reference,93.923537,103.73446375,201007,-9.810926750000007
TH-67,201009,3,climatology,reference,66.979682,71.956542,201007,-4.976860000000002
TH-67,201010,1,climatology,reference,13.677616999999998,7.206248,201010,6.4713689999999975
TH-67,201011,2,climatology,reference,2.430448,6.560596499999999,201010,-4.130148499999999
TH-67,201012,3,climatology,reference,1.479835,2.36617875,201010,-0.88634375
TH-70,201001,1,climatology,reference,29.741247000000005,36.1915065,201001,-6.450259499999998
TH-70,201002,2,climatology,reference,16.741403,11.63221975,201001,5.109183249999997
TH-70,201003,3,climatology,reference,11.249008999999996,17.351737,201001,-6.102728000000004
TH-70,201004,1,climatology,reference,10.282901,17.8272775,201004,-7.5443765
TH-70,201005,2,climatology,reference,18.709854,63.50861475,201004,-44.79876075
TH-70,201006,3,climatology,reference,24.44181200000001,73.22386075,201004,-48.78204874999999
TH-70,201007,1,climatology,reference,23.45564599999999,25.915518750000004,201007,-2.459872750000013
TH-70,201008,2,climatology,reference,20.15508,17.148366499999998,201007,3.0067135000000036
TH-70,201009,3,climatology,reference,15.279348,13.248085,201007,2.031263000000001
TH-70,201010,1,climatology,reference,12.250952000000002,33.24025725,201010,-20.989305249999997
TH-70,201011,2,climatology,reference,9.738232,24.1480915,201010,-14.4098595
TH-70,201012,3,climatology,reference,6.914840999999999,13.3050725,201010,-6.3902315000000005
TH-71,201001,1,climatology,reference,5.264455999999999,1.3834335,201001,3.8810224999999994
TH-71,201002,2,climatology,reference,7.426234000000001,4.312422249999999,201001,3.1138117500000018
TH-71,201003,3,climatology,reference,6.200126000000001,3.93821075,201001,2.261915250000001
TH-71,201004,1,climatology,reference,7.412678999999999,6.04734475,201004,1.3653342499999992
TH-71,201005,2,climatology,reference,12.059342,15.520611249999998,201004,-3.461269249999999
TH-71,201006,3,climatology,reference,16.637794000000003,23.8431375,201004,-7.205343499999998
TH-71,201007,1,climatology,reference,8.361860999999998,8.934064,201007,-0.5722030000000018
TH-71,201008,2,climatology,reference,13.028854,17.620995,201007,-4.592141
TH-71,201009,3,climatology,reference,8.127236,21.73376475,201007,-13.60652875
TH-71,201010,1,climatology,reference,8.178618000000002,19.16611475,201010,-10.987496749999996
TH-71,201011,2,climatology,reference,3.884784,6.59898025,201010,-2.7141962500000005
TH-71,201012,3,climatology,reference,5.888613000000001,0.7833275000000001,201010,5.105285500000001
TH-72,201001,1,climatology,reference,11.299635000000002,21.23067675,201001,-9.93104175
TH-72,201002,2,climatology,reference,9.219348,11.432795,201001,-2.2134470000000004
TH-72,201003,3,climatology,reference,6.147178,4.46450925,201001,1.6826687500000004
TH-72,201004,1,climatology,reference,4.977011000000001,3.84749675,201004,1.129514250000001
TH-72,201005,2,climatology,reference,6.610117000000001,6.28729575,201004,0.3228212500000005
TH-72,201006,3,climatology,reference,6.216787,8.529222,201004,-2.3124350000000007
TH-72,201007,1,climatology,reference,5.137350000000001,4.974612500000001,201007,0.1627375000000004
TH-72,201008,2,climatology,reference,8.555624000000002,5.6710275,201007,2.8845965000000016
TH-72,201009,3,climatology,reference,19.866008,12.34274975,201007,7.523258250000001
TH-72,201010,1,climatology,reference,5.508901,5.804925,201010,-0.296024
TH-72,201011,2,climatology,reference,13.657452,2.2922770000000003,201010,11.365175
TH-72,201012,3,climatology,reference,4.272504,1.7161160000000002,201010,2.556387999999999
TH-73,201001,1,climatology,reference,10.739408999999998,7.953787999999999,201001,2.785620999999999
TH-73,201002,2,climatology,reference,8.778349000000002,5.000748250000001,201001,3.7776007500000017
TH-73,201003,3,climatology,reference,19.474188,11.9854615,201001,7.488726500000002
TH-73,201004,1,climatology,reference,6.585303,3.9774375,201004,2.6078654999999995
TH-73,201005,2,climatology,reference,8.223624000000001,4.835061,201004,3.3885630000000013
TH-73,201006,3,climatology,reference,18.345466999999996,4.692533000000001,201004,13.652933999999997
TH-73,201007,1,climatology,reference,15.261693,6.664851500000001,201007,8.596841499999998
TH-73,201008,2,climatology,reference,12.181687000000004,11.59805325,201007,0.5836337500000042
TH-73,201009,3,climatology,reference,21.134458,29.81695975,201007,-8.68250175
TH-73,201010,1,climatology,reference,27.36695,55.1398165,201010,-27.772866500000003
TH-73,201011,2,climatology,reference,34.207117000000004,52.20366975,201010,-17.99655275
TH-73,201012,3,climatology,reference,27.437393000000004,38.098549,201010,-10.661155999999997
TH-74,201001,1,climatology,reference,13.989893,32.30968675,201001,-18.319793749999995
TH-74,201002,2,climatology,reference,7.671674999999999,7.472988750000001,201001,0.1986862499999979
TH-74,201003,3,climatology,reference,3.953948000000001,3.8999655,201001,0.0539825000000009
TH-74,201004,1,climatology,reference,4.659614999999999,5.40440175,201004,-0.7447867500000012
TH-74,201005,2,climatology,reference,10.755337,14.162894,201004,-3.407556999999999
TH-74,201006,3,climatology,reference,7.910283999999999,7.79708875,201004,0.1131952499999986
TH-74,201007,1,climatology,reference,6.872737999999998,5.414640749999999,201007,1.458097249999999
TH-74,201008,2,climatology,reference,8.061346999999998,5.81721575,201007,2.244131249999998
TH-74,201009,3,climatology,reference,6.709067000000001,5.5873360000000005,201007,1.1217310000000005
TH-74,201010,1,climatology,reference,6.343563000000001,4.004455500000001,201010,2.339107500000001
TH-74,201011,2,climatology,reference,4.115061000000001,16.924595,201010,-12.809534
TH-74,201012,3,climatology,reference,6.579673999999999,19.18603425,201010,-12.60636025
TH-75,201001,1,climatology,reference,3.528226000000001,1.7482707499999997,201001,1.779955250000001
TH-75,201002,2,climatology,reference,2.353504,1.0592685,201001,1.2942355
TH-75,201003,3,climatology,reference,2.805782,1.2306400000000002,201001,1.575142
TH-75,201004,1,climatology,reference,3.285946,1.3903705,201004,1.8955755
TH-75,201005,2,climatology,reference,2.320225,1.0595037500000002,201004,1.26072125
TH-75,201006,3,climatology,reference,3.200117999999999,1.28127425,201004,1.9188437499999988
TH-75,201007,1,climatology,reference,2.805118000000001,1.15427925,201007,1.650838750000001
TH-75,201008,2,climatology,reference,1.9558389999999992,1.5040174999999998,201007,0.4518214999999994
TH-75,201009,3,climatology,reference,1.8091719999999991,1.3136960000000002,201007,0.4954759999999989
TH-75,201010,1,climatology,reference,2.047059,2.2574674999999997,201010,-0.2104084999999997
TH-75,201011,2,climatology,reference,3.3477810000000003,4.8820755,201010,-1.5342944999999997
TH-75,201012,3,climatology,reference,2.939501,4.107895,201010,-1.1683940000000002
TH-76,201001,1,climatology,reference,4.942892999999999,2.91248625,201001,2.0304067499999987
TH-76,201002,2,climatology,reference,3.1030050000000005,2.243954,201001,0.8590510000000005
TH-76,201003,3,climatology,reference,6.653727999999999,3.9605692500000007,201001,2.6931587499999985
TH-76,201004,1,climatology,reference,9.2159,5.1001639999999995,201004,4.115736
TH-76,201005,2,climatology,reference,17.078011000000004,26.8272665,201004,-9.749255499999997
TH-76,201006,3,climatology,reference,24.581181000000004,40.3331805,201004,-15.751999499999991
TH-76,201007,1,climatology,reference,23.675621999999997,27.201696499999997,201007,-3.5260745
TH-76,201008,2,climatology,reference,19.225672,21.1550905,201007,-1.9294185000000008
TH-76,201009,3,climatology,reference,13.126169,13.55823175,201007,-0.4320627499999983
TH-76,201010,1,climatology,reference,9.510447,1.49508125,201010,8.015365749999999
TH-76,201011,2,climatology,reference,8.880336,0.91701925,201010,7.96331675
TH-76,201012,3,climatology,reference,6.379726999999999,0.4467332499999999,201010,5.932993749999999
TH-77,201001,1,climatology,reference,2.90895,3.0058214999999997,201001,-0.0968714999999997
TH-77,201002,2,climatology,reference,2.922891999999999,2.026234,201001,0.8966579999999991
TH-77,201003,3,climatology,reference,4.984059,3.5501292499999995,201001,1.4339297500000008
TH-77,201004,1,climatology,reference,7.108176999999998,6.3441235,201004,0.7640534999999975
TH-77,201005,2,climatology,reference,9.245731,7.451173,201004,1.7945579999999994
TH-77,201006,3,climatology,reference,16.910285,7.71308925,201004,9.19719575
TH-77,201007,1,climatology,reference,32.66001,27.08043675,201007,5.579573249999999
TH-77,201008,2,climatology,reference,25.317006,25.9863695,201007,-0.6693634999999993
TH-77,201009,3,climatology,reference,50.071727,53.890785,201007,-3.8190579999999983
TH-77,201010,1,climatology,reference,33.284447,28.36541975,201010,4.919027249999999
TH-77,201011,2,climatology,reference,31.853059,31.585923,201010,0.2671359999999971
TH-77,201012,3,climatology,reference,7.989280000000001,5.942218250000001,201010,2.04706175
TH-80,201001,1,climatology,reference,34.663236,62.634981999999994,201001,-27.971745999999996
TH-80,201002,2,climatology,reference,20.304455000000004,48.7565175,201001,-28.452062499999997
TH-80,201003,3,climatology,reference,37.177400000000006,50.41387975,201001,-13.236479749999994
TH-80,201004,1,climatology,reference,28.975465,21.8705625,201004,7.1049025000000015
TH-80,201005,2,climatology,reference,55.204549,37.88387375,201004,17.32067525
TH-80,201006,3,climatology,reference,122.227755,97.73164275,201004,24.496112249999996
TH-80,201007,1,climatology,reference,271.41732600000006,236.825359,201007,34.59196700000007
TH-80,201008,2,climatology,reference,381.28389,359.91952575,201007,21.36436424999999
TH-80,201009,3,climatology,reference,186.70314899999997,188.70412325,201007,-2.000974250000042
TH-80,201010,1,climatology,reference,130.59167,93.42542075,201010,37.16624924999999
TH-80,201011,2,climatology,reference,58.985075,29.944109500000003,201010,29.0409655
TH-80,201012,3,climatology,reference,27.289520000000003,19.73738,201010,7.552140000000001
TH-81,201001,1,climatology,reference,4.3622309999999995,4.3980935,201001,-0.0358625000000003
TH-81,201002,2,climatology,reference,4.850339,3.4113605,201001,1.4389785000000002
TH-81,201003,3,climatology,reference,7.886286999999999,4.5888655,201001,3.2974214999999996
TH-81,201004,1,climatology,reference,7.920901000000001,10.242418,201004,-2.321517
TH-81,201005,2,climatology,reference,29.449626,41.746275749999995,201004,-12.296649749999997
TH-81,201006,3,climatology,reference,59.432859,70.930001,201004,-11.497142000000004
TH-81,201007,1,climatology,reference,64.162432,32.276535249999995,201007,31.88589675
TH-81,201008,2,climatology,reference,75.493249,44.62986175,201007,30.86338725
TH-81,201009,3,climatology,reference,23.785348,17.38503625,201007,6.40031175
TH-81,201010,1,climatology,reference,9.764951,6.103381000000001,201010,3.6615699999999993
TH-81,201011,2,climatology,reference,5.692897,6.14827225,201010,-0.4553752499999994
TH-81,201012,3,climatology,reference,4.699280999999999,7.328909250000001,201010,-2.6296282500000014
TH-82,201001,1,climatology,reference,1.5764470000000004,1.88786125,201001,-0.3114142499999996
TH-82,201002,2,climatology,reference,1.6248370000000003,1.2632059999999998,201001,0.3616310000000005
TH-82,201003,3,climatology,reference,2.7365570000000004,2.28222375,201001,0.4543332500000003
TH-82,201004,1,climatology,reference,5.772836,6.803937250000001,201004,-1.0311012500000007
TH-82,201005,2,climatology,reference,5.499178000000001,4.1174947500000005,201004,1.38168325
TH-82,201006,3,climatology,reference,15.593471999999998,12.96673875,201004,2.626733249999999
TH-82,201007,1,climatology,reference,24.468486999999996,14.81555525,201007,9.652931749999995
TH-82,201008,2,climatology,reference,34.054013000000005,23.0913785,201007,10.962634500000004
TH-82,201009,3,climatology,reference,30.91656,28.51158675,201007,2.404973250000001
TH-82,201010,1,climatology,reference,15.067002,7.91459425,201010,7.15240775
TH-82,201011,2,climatology,reference,3.450279,2.6557387499999994,201010,0.7945402500000007
TH-82,201012,3,climatology,reference,1.3808900000000002,5.1032642500000005,201010,-3.722374250000001
TH-83,201001,1,climatology,reference,2.0991129999999996,1.7803225,201001,0.3187904999999995
TH-83,201002,2,climatology,reference,6.519001000000001,6.3605855,201001,0.1584155000000011
TH-83,201003,3,climatology,reference,8.612725,6.17287575,201001,2.439849249999999
TH-83,201004,1,climatology,reference,3.1533910000000005,2.09284575,201004,1.0605452500000006
TH-83,201005,2,climatology,reference,4.596780999999999,4.07254075,201004,0.5242402499999992
TH-83,201006,3,climatology,reference,22.906337,16.5483815,201004,6.357955499999999
TH-83,201007,1,climatology,reference,25.368524,10.60954225,201007,14.75898175
TH-83,201008,2,climatology,reference,12.333305,4.84011125,201007,7.49319375
TH-83,201009,3,climatology,reference,6.165075999999999,2.4165737500000004,201007,3.7485022499999983
TH-83,201010,1,climatology,reference,3.985063,2.26787825,201010,1.71718475
TH-83,201011,2,climatology,reference,3.004173,6.400204,201010,-3.3960309999999994
TH-83,201012,3,climatology,reference,2.5900609999999986,5.45868425,201010,-2.8686232500000015
TH-84,201001,1,climatology,reference,6.361061000000001,17.871824,201001,-11.510763
TH-84,201002,2,climatology,reference,7.527062000000001,13.543505,201001,-6.016442999999999
TH-84,201003,3,climatology,reference,8.909292,10.64207925,201001,-1.7327872499999994
TH-84,201004,1,climatology,reference,9.256465999999996,5.8317732499999995,201004,3.4246927499999966
TH-84,201005,2,climatology,reference,31.359930999999996,26.4773635,201004,4.882567499999997
TH-84,201006,3,climatology,reference,53.61055399999999,40.583696,201004,13.02685799999999
TH-84,201007,1,climatology,reference,123.05484,93.0345705,201007,30.0202695
TH-84,201008,2,climatology,reference,171.268913,172.25914925,201007,-0.9902362500000096
TH-84,201009,3,climatology,reference,114.358931,130.512422,201007,-16.15349099999999
TH-84,201010,1,climatology,reference,39.180688,26.99070525,201010,12.189982750000002
TH-84,201011,2,climatology,reference,14.259234,10.338494999999998,201010,3.920739000000001
TH-84,201012,3,climatology,reference,10.365454,8.725489750000001,201010,1.6399642499999985
TH-85,201001,1,climatology,reference,1.67978,3.813799,201001,-2.134019
TH-85,201002,2,climatology,reference,1.5132809999999997,1.086132,201001,0.4271489999999995
TH-85,201003,3,climatology,reference,3.713061,2.5269625,201001,1.1860985000000004
TH-85,201004,1,climatology,reference,4.102507,4.16530675,201004,-0.0627997499999999
TH-85,201005,2,climatology,reference,2.9897910000000003,2.576409,201004,0.4133820000000003
TH-85,201006,3,climatology,reference,2.3767370000000003,5.745196250000001,201004,-3.368459250000001
TH-85,201007,1,climatology,reference,5.67562,4.67602875,201007,0.99959125
TH-85,201008,2,climatology,reference,3.6268379999999993,2.9585365,201007,0.6683014999999992
TH-85,201009,3,climatology,reference,2.081672,3.72964375,201007,-1.64797175
TH-85,201010,1,climatology,reference,1.7348910000000002,1.8187949999999995,201010,-0.0839039999999993
TH-85,201011,2,climatology,reference,1.381224,0.95876725,201010,0.42245675
TH-85,201012,3,climatology,reference,1.834334,2.1675865,201010,-0.3332525000000002
TH-86,201001,1,climatology,reference,2.8051139999999997,1.640932,201001,1.1641819999999996
TH-86,201002,2,climatology,reference,3.845114,1.62660975,201001,2.21850425
TH-86,201003,3,climatology,reference,6.756228,2.39888875,201001,4.357339250000001
TH-86,201004,1,climatology,reference,9.280123,3.239605,201004,6.040518
TH-86,201005,2,climatology,reference,22.488469,8.5727465,201004,13.9157225
TH-86,201006,3,climatology,reference,19.696534,20.31155175,201004,-0.6150177499999998
TH-86,201007,1,climatology,reference,14.229315999999995,9.44839675,201007,4.780919249999995
TH-86,201008,2,climatology,reference,14.039648,6.85122925,201007,7.188418749999999
TH-86,201009,3,climatology,reference,20.597531,29.976661249999996,201007,-9.379130249999996
TH-86,201010,1,climatology,reference,9.340457,16.458453,201010,-7.117995999999998
TH-86,201011,2,climatology,reference,9.985228,10.5265965,201010,-0.5413685000000008
TH-86,201012,3,climatology,reference,2.0159470000000006,2.5757945,201010,-0.5598474999999996
TH-90,201001,1,climatology,reference,24.273638999999996,47.95472275,201001,-23.68108375000001
TH-90,201002,2,climatology,reference,15.787851,23.280664,201001,-7.492813000000002
TH-90,201003,3,climatology,reference,22.544179,20.13731625,201001,2.4068627499999984
TH-90,201004,1,climatology,reference,37.09296200000001,28.87530475,201004,8.217657250000006
TH-90,201005,2,climatology,reference,50.303944,24.010847499999997,201004,26.293096500000004
TH-90,201006,3,climatology,reference,160.087137,104.81710125,201004,55.27003575000002
TH-90,201007,1,climatology,reference,245.207897,213.33718625,201007,31.87071075
TH-90,201008,2,climatology,reference,154.664787,93.5923905,201007,61.0723965
TH-90,201009,3,climatology,reference,97.318789,53.72897225,201007,43.58981675
TH-90,201010,1,climatology,reference,88.864215,46.01280500000001,201010,42.851409999999994
TH-90,201011,2,climatology,reference,61.015114,23.503736250000003,201010,37.511377749999994
TH-90,201012,3,climatology,reference,37.480534000000006,18.041991000000003,201010,19.438543000000003
TH-91,201001,1,climatology,reference,17.829447000000002,18.88758575,201001,-1.0581387499999977
TH-91,201002,2,climatology,reference,23.837948,25.50399975,201001,-1.6660517499999976
TH-91,201003,3,climatology,reference,17.194056999999997,12.67231125,201001,4.521745749999997
TH-91,201004,1,climatology,reference,19.813948000000003,11.4608205,201004,8.353127500000003
TH-91,201005,2,climatology,reference,71.67100400000001,49.11759,201004,22.55341400000001
TH-91,201006,3,climatology,reference,81.715175,48.33498725,201004,33.380187750000005
TH-91,201007,1,climatology,reference,31.210893,19.015122,201007,12.195770999999995
TH-91,201008,2,climatology,reference,35.526059,14.2634435,201007,21.262615499999995
TH-91,201009,3,climatology,reference,33.013394,9.69641975,201007,23.31697425
TH-91,201010,1,climatology,reference,26.628504,8.9851595,201010,17.643344499999998
TH-91,201011,2,climatology,reference,9.861115000000002,5.11400125,201010,4.747113750000001
TH-91,201012,3,climatology,reference,17.204614,4.735467750000001,201010,12.469146249999998
TH-92,201001,1,climatology,reference,4.6378949999999985,4.504384,201001,0.1335109999999986
TH-92,201002,2,climatology,reference,1.7026139999999996,1.06123725,201001,0.6413767499999996
TH-92,201003,3,climatology,reference,2.514947000000001,1.264961,201001,1.2499860000000012
TH-92,201004,1,climatology,reference,5.5843419999999995,5.430268750000001,201004,0.1540732499999988
TH-92,201005,2,climatology,reference,9.725285,3.3202197499999997,201004,6.40506525
TH-92,201006,3,climatology,reference,39.691305,40.9742605,201004,-1.2829555
TH-92,201007,1,climatology,reference,36.08394200000001,15.43316725,201007,20.650774750000007
TH-92,201008,2,climatology,reference,21.96601000000001,7.520836750000001,201007,14.44517325000001
TH-92,201009,3,climatology,reference,17.587373,9.78051675,201007,7.806856249999999
TH-92,201010,1,climatology,reference,7.922064999999998,3.67537275,201010,4.246692249999998
TH-92,201011,2,climatology,reference,4.945061000000001,2.92960175,201010,2.015459250000001
TH-92,201012,3,climatology,reference,4.854172,5.84755625,201010,-0.99338425
TH-93,201001,1,climatology,reference,2.5588420000000003,3.5409197499999996,201001,-0.9820777499999992
TH-93,201002,2,climatology,reference,9.267284,12.60724825,201001,-3.3399642499999995
TH-93,201003,3,climatology,reference,6.04017,6.959164,201001,-0.9189940000000004
TH-93,201004,1,climatology,reference,4.459894,3.0559665000000003,201004,1.4039275
TH-93,201005,2,climatology,reference,18.918016,10.9387425,201004,7.9792735000000015
TH-93,201006,3,climatology,reference,23.856635999999995,13.4317115,201004,10.424924499999994
TH-93,201007,1,climatology,reference,43.027915,28.23780275,201007,14.79011225
TH-93,201008,2,climatology,reference,100.170536,110.015409,201007,-9.844873000000009
TH-93,201009,3,climatology,reference,96.336934,117.39215975,201007,-21.055225750000005
TH-93,201010,1,climatology,reference,67.83297499999999,62.15429575,201010,5.678679249999988
TH-93,201011,2,climatology,reference,35.79163299999999,20.918322000000003,201010,14.873310999999989
TH-93,201012,3,climatology,reference,23.579513999999996,13.0773585,201010,10.502155499999995
TH-94,201001,1,climatology,reference,9.405729,21.172311,201001,-11.766582
TH-94,201002,2,climatology,reference,19.979504,33.7602675,201001,-13.7807635
TH-94,201003,3,climatology,reference,45.713172,56.169708,201001,-10.456536
TH-94,201004,1,climatology,reference,31.329459,16.457031999999998,201004,14.872427000000002
TH-94,201005,2,climatology,reference,71.625914,50.511685750000005,201004,21.11422824999999
TH-94,201006,3,climatology,reference,57.038605,29.886314,201004,27.152291
TH-94,201007,1,climatology,reference,99.652199,42.761208,201007,56.89099099999999
TH-94,201008,2,climatology,reference,102.089293,48.408696,201007,53.680597
TH-94,201009,3,climatology,reference,56.95701699999999,23.522268250000003,201007,33.43474874999999
TH-94,201010,1,climatology,reference,21.456528,9.9797645,201010,11.4767635
TH-94,201011,2,climatology,reference,11.865636000000002,13.114327500000002,201010,-1.2486914999999996
TH-94,201012,3,climatology,reference,6.519022000000003,29.97411375,201010,-23.45509175
TH-95,201001,1,climatology,reference,20.074731999999997,40.61673575,201001,-20.54200375
TH-95,201002,2,climatology,reference,8.378173,15.83811875,201001,-7.459945749999999
TH-95,201003,3,climatology,reference,23.442117000000003,11.54403,201001,11.898087000000004
TH-95,201004,1,climatology,reference,41.464287,12.2717815,201004,29.1925055
TH-95,201005,2,climatology,reference,95.373401,25.80263025,201004,69.57077075000001
TH-95,201006,3,climatology,reference,105.303072,42.33567649999999,201004,62.96739550000001
TH-95,201007,1,climatology,reference,111.088066,34.676608,201007,76.411458
TH-95,201008,2,climatology,reference,72.809288,24.276810500000003,201007,48.53247749999999
TH-95,201009,3,climatology,reference,31.519618,13.05511225,201007,18.46450575
TH-95,201010,1,climatology,reference,29.388126000000003,26.29799,201010,3.0901360000000047
TH-95,201011,2,climatology,reference,10.873736999999998,9.32129225,201010,1.5524447499999976
TH-95,201012,3,climatology,reference,8.49984,6.21264975,201010,2.287190250000001
TH-96,201001,1,climatology,reference,14.087894000000002,25.36866925,201001,-11.280775249999998
TH-96,201002,2,climatology,reference,9.177226,17.8553125,201001,-8.678086500000001
TH-96,201003,3,climatology,reference,8.174225,13.2524035,201001,-5.0781785
TH-96,201004,1,climatology,reference,18.389115,6.855180999999999,201004,11.533934000000002
TH-96,201005,2,climatology,reference,53.923178,19.970078,201004,33.9531
TH-96,201006,3,climatology,reference,127.153694,85.9392225,201004,41.2144715
TH-96,201007,1,climatology,reference,181.553918,120.65203475,201007,60.90188325000001
TH-96,201008,2,climatology,reference,296.61446,236.14750575,201007,60.466954250000015
TH-96,201009,3,climatology,reference,157.746291,142.4794245,201007,15.26686650000002
TH-96,201010,1,climatology,reference,42.739731,26.95129175,201010,15.78843925
TH-96,201011,2,climatology,reference,18.691234,12.4740925,201010,6.217141500000002
TH-96,201012,3,climatology,reference,8.074729000000001,17.1736055,201010,-9.0988765
TH-10,201001,1,persistence,reference,62.40096,47.7017655,201001,14.699194499999996
TH-10,201002,2,persistence,reference,80.466868,30.930251,201001,49.53661700000001
TH-10,201003,3,persistence,reference,82.08124000000001,31.219252,201001,50.86198800000001
TH-10,201004,1,persistence,reference,27.190973,23.889576750000003,201004,3.3013962499999963
TH-10,201005,2,persistence,reference,49.68160399999999,44.0300575,201004,5.651546499999995
TH-10,201006,3,persistence,reference,29.727998,47.526242,201004,-17.798244000000004
TH-10,201007,1,persistence,reference,91.851012,51.4791735,201007,40.3718385
TH-10,201008,2,persistence,reference,179.4185,86.79597775,201007,92.62252225
TH-10,201009,3,persistence,reference,164.45982399999997,97.1476605,201007,67.31216349999997
TH-10,201010,1,persistence,reference,34.333375000000004,197.89244125,201010,-163.55906625
TH-10,201011,2,persistence,reference,25.997366,178.71264775,201010,-152.71528175
TH-10,201012,3,persistence,reference,115.822479,119.1390835,201010,-3.316604499999997
TH-11,201001,1,persistence,reference,9.613566,11.46517675,201001,-1.851610749999999
TH-11,201002,2,persistence,reference,6.7287490000000005,7.35563625,201001,-0.6268872499999993
TH-11,201003,3,persistence,reference,14.956040000000002,13.58406175,201001,1.3719782500000015
TH-11,201004,1,persistence,reference,20.330987,5.184406,201004,15.146581
TH-11,201005,2,persistence,reference,20.534010999999996,7.50209625,201004,13.031914749999997
TH-11,201006,3,persistence,reference,16.596952,8.85963225,201004,7.737319750000001
TH-11,201007,1,persistence,reference,12.807516,7.819836750000001,201007,4.9876792499999985
TH-11,201008,2,persistence,reference,30.481244,12.88580675,201007,17.59543725
TH-11,201009,3,persistence,reference,30.53484,14.956051,201007,15.578789
TH-11,201010,1,persistence,reference,3.9757440000000006,26.497286749999997,201010,-22.521542749999995
TH-11,201011,2,persistence,reference,10.356247,20.92239175,201010,-10.56614475
TH-11,201012,3,persistence,reference,25.044758,12.872566249999998,201010,12.172191750000003
TH-12,201001,1,persistence,reference,6.808007999999999,10.76381575,201001,-3.95580775
TH-12,201002,2,persistence,reference,8.356411999999999,8.1812895,201001,0.1751224999999987
TH-12,201003,3,persistence,reference,8.336727999999997,11.221122500000002,201001,-2.8843945000000044
TH-12,201004,1,persistence,reference,26.333180999999996,9.00824275,201004,17.324938249999995
TH-12,201005,2,persistence,reference,22.449337000000003,9.330567,201004,13.118770000000003
TH-12,201006,3,persistence,reference,8.859334999999998,7.929359,201004,0.929975999999998
TH-12,201007,1,persistence,reference,19.790280999999997,16.39743825,201007,3.392842749999996
TH-12,201008,2,persistence,reference,32.322361,19.67066225,201007,12.65169875
TH-12,201009,3,persistence,reference,26.25433,20.9351095,201007,5.3192205
TH-12,201010,1,persistence,reference,5.478923999999999,27.21620775,201010,-21.73728375
TH-12,201011,2,persistence,reference,15.588929,19.48920925,201010,-3.900280249999998
TH-12,201012,3,persistence,reference,33.90236300000001,11.173271,201010,22.72909200000001
TH-13,201001,1,persistence,reference,3.6439890000000017,8.65873925,201001,-5.014750249999999
TH-13,201002,2,persistence,reference,4.522796,6.353529249999999,201001,-1.83073325
TH-13,201003,3,persistence,reference,16.264821999999995,22.60871775,201001,-6.343895750000005
TH-13,201004,1,persistence,reference,25.935089,3.5254012500000003,201004,22.40968775
TH-13,201005,2,persistence,reference,19.553549,3.58865675,201004,15.96489225
TH-13,201006,3,persistence,reference,22.532018000000004,8.921524999999999,201004,13.610493000000004
TH-13,201007,1,persistence,reference,4.6345600000000005,9.90532725,201007,-5.270767249999999
TH-13,201008,2,persistence,reference,16.638872,7.098478000000001,201007,9.540394
TH-13,201009,3,persistence,reference,17.254617999999997,6.738071999999999,201007,10.516545999999998
TH-13,201010,1,persistence,reference,18.060928,3.03572125,201010,15.02520675
TH-13,201011,2,persistence,reference,14.922149,3.3157309999999995,201010,11.606418
TH-13,201012,3,persistence,reference,16.678041,4.15013525,201010,12.52790575
TH-14,201001,1,persistence,reference,1.8989439999999993,1.08715475,201001,0.8117892499999992
TH-14,201002,2,persistence,reference,2.6889209999999997,1.63297925,201001,1.0559417499999997
TH-14,201003,3,persistence,reference,2.776731999999999,1.36333,201001,1.4134019999999992
TH-14,201004,1,persistence,reference,2.155588,0.8776697499999998,201004,1.27791825
TH-14,201005,2,persistence,reference,3.3330209999999996,2.004589,201004,1.3284319999999994
TH-14,201006,3,persistence,reference,2.8758359999999996,1.3257997499999998,201004,1.5500362499999998
TH-14,201007,1,persistence,reference,1.967588,1.48302925,201007,0.4845587499999999
TH-14,201008,2,persistence,reference,3.713021,2.31059475,201007,1.40242625
TH-14,201009,3,persistence,reference,12.171836,12.79993225,201007,-0.6280962499999987
TH-14,201010,1,persistence,reference,13.352233000000002,1.3327262500000003,201010,12.01950675
TH-14,201011,2,persistence,reference,10.347433,2.71574125,201010,7.63169175
TH-14,201012,3,persistence,reference,15.140432,0.637885,201010,14.502547
TH-15,201001,1,persistence,reference,2.6766349999999997,2.859837,201001,-0.1832020000000005
TH-15,201002,2,persistence,reference,6.800859000000001,8.07820775,201001,-1.2773487499999998
TH-15,201003,3,persistence,reference,5.333941,6.117589499999999,201001,-0.7836484999999991
TH-15,201004,1,persistence,reference,1.849659,6.00937725,201004,-4.15971825
TH-15,201005,2,persistence,reference,2.455946000000001,4.2508365,201004,-1.7948904999999993
TH-15,201006,3,persistence,reference,2.790678,2.83171275,201004,-0.0410347499999996
TH-15,201007,1,persistence,reference,20.314434,15.51168275,201007,4.802751249999998
TH-15,201008,2,persistence,reference,29.666016999999997,23.1798655,201007,6.486151499999998
TH-15,201009,3,persistence,reference,16.970242,11.190613,201007,5.779628999999998
TH-15,201010,1,persistence,reference,20.38896,5.25158925,201010,15.13737075
TH-15,201011,2,persistence,reference,23.366657000000004,5.87029875,201010,17.496358250000004
TH-15,201012,3,persistence,reference,23.336307,1.92620525,201010,21.410101750000003
TH-16,201001,1,persistence,reference,4.851811,9.24186125,201001,-4.39005025
TH-16,201002,2,persistence,reference,10.219148,16.5132935,201001,-6.294145499999999
TH-16,201003,3,persistence,reference,18.31903,28.189697,201001,-9.870666999999996
TH-16,201004,1,persistence,reference,24.322137000000005,3.85602525,201004,20.466111750000003
TH-16,201005,2,persistence,reference,20.351355,3.3633362499999997,201004,16.988018750000002
TH-16,201006,3,persistence,reference,5.781367000000003,9.3435015,201004,-3.5621344999999973
TH-16,201007,1,persistence,reference,48.353279,47.21414625,201007,1.1391327500000017
TH-16,201008,2,persistence,reference,105.807914,102.0724755,201007,3.7354385000000008
TH-16,201009,3,persistence,reference,53.610139,51.66901375,201007,1.941125249999999
TH-16,201010,1,persistence,reference,76.26149500000001,12.94214625,201010,63.31934875000001
TH-16,201011,2,persistence,reference,79.56591,12.214394250000002,201010,67.35151575
TH-16,201012,3,persistence,reference,73.815856,2.5807965,201010,71.23505949999999
TH-17,201001,1,persistence,reference,1.307753,0.42284075,201001,0.88491225
TH-17,201002,2,persistence,reference,1.3332260000000002,0.36457525,201001,0.9686507500000002
TH-17,201003,3,persistence,reference,0.9493619999999998,1.00913025,201001,-0.05976825
TH-17,201004,1,persistence,reference,0.5020319999999998,0.79610925,201004,-0.2940772500000002
TH-17,201005,2,persistence,reference,1.3008259999999998,0.3662569999999999,201004,0.934569
TH-17,201006,3,persistence,reference,1.323833,2.2124565,201004,-0.8886235
TH-17,201007,1,persistence,reference,0.5562489999999998,1.17337625,201007,-0.6171272500000002
TH-17,201008,2,persistence,reference,1.351995,1.88612175,201007,-0.53412675
TH-17,201009,3,persistence,reference,0.9782620000000004,0.66405,201007,0.3142120000000004
TH-17,201010,1,persistence,reference,0.7897530000000001,0.94154175,201010,-0.1517887499999998
TH-17,201011,2,persistence,reference,1.9732260000000004,1.2255785,201010,0.7476475000000005
TH-17,201012,3,persistence,reference,1.921362,0.4930215,201010,1.4283405
TH-18,201001,1,persistence,reference,1.5883450000000003,3.33279625,201001,-1.7444512499999996
TH-18,201002,2,persistence,reference,1.79122,0.78638425,201001,1.00483575
TH-18,201003,3,persistence,reference,2.1331999999999995,0.77349675,201001,1.3597032499999997
TH-18,201004,1,persistence,reference,2.8681689999999995,4.30145975,201004,-1.4332907500000007
TH-18,201005,2,persistence,reference,1.6789949999999996,1.1507265,201004,0.5282684999999996
TH-18,201006,3,persistence,reference,2.860156,4.6242605,201004,-1.7641045000000002
TH-18,201007,1,persistence,reference,5.8211889999999995,8.1673085,201007,-2.3461195000000012
TH-18,201008,2,persistence,reference,11.929928,11.21758625,201007,0.7123417500000002
TH-18,201009,3,persistence,reference,20.694207,21.8451225,201007,-1.1509155
TH-18,201010,1,persistence,reference,22.396409,3.2297999999999996,201010,19.166609
TH-18,201011,2,persistence,reference,19.382530000000003,2.06502075,201010,17.317509250000004
TH-18,201012,3,persistence,reference,24.686908000000003,0.94288725,201010,23.744020750000004
TH-19,201001,1,persistence,reference,3.446327,3.4271667500000005,201001,0.0191602499999996
TH-19,201002,2,persistence,reference,6.944758,7.446776,201001,-0.5020179999999996
TH-19,201003,3,persistence,reference,3.4204110000000014,1.79082425,201001,1.6295867500000014
TH-19,201004,1,persistence,reference,1.954289,1.6603605,201004,0.2939285
TH-19,201005,2,persistence,reference,3.0106350000000006,2.4239420000000003,201004,0.5866930000000004
TH-19,201006,3,persistence,reference,6.5937280000000005,4.3263155,201004,2.2674125000000007
TH-19,201007,1,persistence,reference,17.576828,14.09365475,201007,3.4831732499999983
TH-19,201008,2,persistence,reference,23.719680000000004,21.8797725,201007,1.8399075000000025
TH-19,201009,3,persistence,reference,19.466034,20.31768075,201007,-0.8516467500000005
TH-19,201010,1,persistence,reference,18.505155,4.2838864999999995,201010,14.2212685
TH-19,201011,2,persistence,reference,17.99493,5.66622925,201010,12.32870075
TH-19,201012,3,persistence,reference,31.541105,1.36079475,201010,30.18031025
TH-20,201001,1,persistence,reference,3.114032999999999,11.21538425,201001,-8.10135125
TH-20,201002,2,persistence,reference,5.832483999999997,10.896265,201001,-5.063781000000002
TH-20,201003,3,persistence,reference,15.694561000000004,16.735934999999998,201001,-1.041373999999994
TH-20,201004,1,persistence,reference,6.797876000000002,11.38558075,201004,-4.5877047499999986
TH-20,201005,2,persistence,reference,22.789552,20.7100965,201004,2.0794555000000017
TH-20,201006,3,persistence,reference,44.688178,26.4811635,201004,18.2070145
TH-20,201007,1,persistence,reference,11.127876999999998,26.31470825,201007,-15.18683125
TH-20,201008,2,persistence,reference,31.701352000000004,39.443012,201007,-7.74166
TH-20,201009,3,persistence,reference,26.790448,14.91496925,201007,11.87547875
TH-20,201010,1,persistence,reference,65.30689799999999,29.88148475,201010,35.42541324999999
TH-20,201011,2,persistence,reference,70.026883,31.26667425,201010,38.76020875
TH-20,201012,3,persistence,reference,67.758782,22.02452925,201010,45.73425275
TH-21,201001,1,persistence,reference,4.011806,5.82003825,201001,-1.8082322499999997
TH-21,201002,2,persistence,reference,10.580364000000005,12.580851,201001,-2.0004869999999944
TH-21,201003,3,persistence,reference,12.548755999999996,11.3603985,201001,1.188357499999995
TH-21,201004,1,persistence,reference,6.421111000000002,14.407542500000002,201004,-7.9864315
TH-21,201005,2,persistence,reference,7.696241,10.134025,201004,-2.4377839999999997
TH-21,201006,3,persistence,reference,41.980022000000005,19.465914249999997,201004,22.514107750000008
TH-21,201007,1,persistence,reference,72.93795399999999,63.80597125,201007,9.131982749999992
TH-21,201008,2,persistence,reference,51.804366,52.55002025,201007,-0.7456542500000012
TH-21,201009,3,persistence,reference,14.838428999999998,38.576548,201007,-23.738119000000005
TH-21,201010,1,persistence,reference,67.04795399999999,8.598093500000001,201010,58.449860499999986
TH-21,201011,2,persistence,reference,66.75827100000001,7.3206229999999985,201010,59.43764800000001
TH-21,201012,3,persistence,reference,79.826314,5.0144065,201010,74.81190749999999
TH-22,201001,1,persistence,reference,3.47771,1.98363075,201001,1.49407925
TH-22,201002,2,persistence,reference,6.38039,4.4158195,201001,1.9645705000000009
TH-22,201003,3,persistence,reference,18.085578,14.79333875,201001,3.2922392500000015
TH-22,201004,1,persistence,reference,27.493372,48.24665075,201004,-20.75327875
TH-22,201005,2,persistence,reference,99.498731,87.95979200000001,201004,11.538939
TH-22,201006,3,persistence,reference,187.702097,130.83310225,201004,56.86899475000001
TH-22,201007,1,persistence,reference,7.077155999999999,60.19509,201007,-53.117934000000005
TH-22,201008,2,persistence,reference,115.975912,20.548919,201007,95.426993
TH-22,201009,3,persistence,reference,151.17616999999998,13.99783325,201007,137.17833674999997
TH-22,201010,1,persistence,reference,30.126967,9.10005175,201010,21.02691525
TH-22,201011,2,persistence,reference,39.039768,9.02825475,201010,30.01151325
TH-22,201012,3,persistence,reference,43.417123999999994,3.80094625,201010,39.61617774999999
TH-23,201001,1,persistence,reference,3.742119,6.22086025,201001,-2.47874125
TH-23,201002,2,persistence,reference,1.518383,1.0614327499999998,201001,0.4569502500000002
TH-23,201003,3,persistence,reference,9.029761999999998,10.50874075,201001,-1.4789787500000011
TH-23,201004,1,persistence,reference,12.252212,20.1597555,201004,-7.907543499999999
TH-23,201005,2,persistence,reference,35.468816000000004,26.99811725,201004,8.470698750000004
TH-23,201006,3,persistence,reference,53.01316,31.3320795,201004,21.6810805
TH-23,201007,1,persistence,reference,3.1791400000000003,17.430280250000003,201007,-14.251140250000002
TH-23,201008,2,persistence,reference,23.079208,8.666697500000001,201007,14.4125105
TH-23,201009,3,persistence,reference,49.242832,4.62158,201007,44.621252
TH-23,201010,1,persistence,reference,3.1739420000000003,3.14036775,201010,0.0335742500000004
TH-23,201011,2,persistence,reference,1.8349019999999996,4.8709275,201010,-3.0360255
TH-23,201012,3,persistence,reference,7.238004999999999,2.2619957500000005,201010,4.976009249999999
TH-24,201001,1,persistence,reference,2.4055919999999995,2.344487,201001,0.0611049999999995
TH-24,201002,2,persistence,reference,3.5994390000000003,3.8645105,201001,-0.2650714999999999
TH-24,201003,3,persistence,reference,5.169176000000002,3.8468435,201001,1.322332500000002
TH-24,201004,1,persistence,reference,7.210981,3.605912,201004,3.605069
TH-24,201005,2,persistence,reference,3.3329260000000005,5.45826775,201004,-2.1253417499999996
TH-24,201006,3,persistence,reference,4.3649049999999985,12.347469999999998,201004,-7.982564999999999
TH-24,201007,1,persistence,reference,7.230786,5.47021625,201007,1.7605697500000002
TH-24,201008,2,persistence,reference,13.680734,9.0707925,201007,4.6099415
TH-24,201009,3,persistence,reference,4.860105000000001,4.398366750000001,201007,0.4617382499999998
TH-24,201010,1,persistence,reference,2.306667000000001,8.752851,201010,-6.446183999999999
TH-24,201011,2,persistence,reference,11.012656,1.84510325,201010,9.16755275
TH-24,201012,3,persistence,reference,16.52366,3.73623525,201010,12.78742475
TH-25,201001,1,persistence,reference,10.985471999999998,11.812749,201001,-0.8272770000000023
TH-25,201002,2,persistence,reference,7.5268570000000015,5.616235,201001,1.9106220000000016
TH-25,201003,3,persistence,reference,17.363706,17.006818000000003,201001,0.3568879999999979
TH-25,201004,1,persistence,reference,10.932442,30.85148225,201004,-19.91904025
TH-25,201005,2,persistence,reference,29.457058000000004,38.891711,201004,-9.434652999999996
TH-25,201006,3,persistence,reference,102.139629,86.8886485,201004,15.250980499999995
TH-25,201007,1,persistence,reference,12.365671999999998,39.58515775,201007,-27.219485750000004
TH-25,201008,2,persistence,reference,40.493218,17.861451250000002,201007,22.631766749999997
TH-25,201009,3,persistence,reference,57.651562000000006,14.115225,201007,43.536337
TH-25,201010,1,persistence,reference,34.495636000000005,8.393676750000001,201010,26.101959250000004
TH-25,201011,2,persistence,reference,44.969142000000005,8.809987750000001,201010,36.15915425
TH-25,201012,3,persistence,reference,48.696833,4.037029,201010,44.659803999999994
TH-26,201001,1,persistence,reference,1.3898019999999995,0.3553689999999999,201001,1.0344329999999995
TH-26,201002,2,persistence,reference,1.8204970000000005,1.43124575,201001,0.3892512500000005
TH-26,201003,3,persistence,reference,2.1555790000000004,1.0574315,201001,1.0981475000000005
TH-26,201004,1,persistence,reference,1.802511,0.5867377500000001,201004,1.2157732499999998
TH-26,201005,2,persistence,reference,2.3346780000000003,1.7151080000000003,201004,0.61957
TH-26,201006,3,persistence,reference,5.065573,3.36939975,201004,1.6961732499999995
TH-26,201007,1,persistence,reference,5.745481999999999,4.1530932499999995,201007,1.5923887499999996
TH-26,201008,2,persistence,reference,2.4592270000000003,2.0148087500000003,201007,0.44441825
TH-26,201009,3,persistence,reference,6.178696,1.9432215,201007,4.2354745000000005
TH-26,201010,1,persistence,reference,2.014302,1.90442675,201010,0.1098752499999997
TH-26,201011,2,persistence,reference,1.954453,0.7468020000000001,201010,1.2076509999999998
TH-26,201012,3,persistence,reference,2.4978039999999995,0.60794,201010,1.889863999999999
TH-27,201001,1,persistence,reference,4.6201229999999995,3.4116150000000003,201001,1.2085079999999992
TH-27,201002,2,persistence,reference,7.295665,4.6001505,201001,2.6955145
TH-27,201003,3,persistence,reference,19.609655000000004,14.829011,201001,4.780644000000004
TH-27,201004,1,persistence,reference,15.24234,2.3391677499999997,201004,12.90317225
TH-27,201005,2,persistence,reference,6.113438,11.22672675,201004,-5.113288749999999
TH-27,201006,3,persistence,reference,39.950481,29.26400525,201004,10.686475750000003
TH-27,201007,1,persistence,reference,7.069427999999999,25.371458,201007,-18.30203
TH-27,201008,2,persistence,reference,7.346244000000002,27.10668125,201007,-19.76043725
TH-27,201009,3,persistence,reference,9.028618,19.7880135,201007,-10.759395500000002
TH-27,201010,1,persistence,reference,53.465032,10.08593425,201010,43.37909775
TH-27,201011,2,persistence,reference,55.473904,10.467428000000002,201010,45.00647599999999
TH-27,201012,3,persistence,reference,54.228458,4.749423,201010,49.479035
TH-30,201001,1,persistence,reference,13.881393000000005,19.84207875,201001,-5.960685749999994
TH-30,201002,2,persistence,reference,10.150984,4.16607325,201001,5.984910749999999
TH-30,201003,3,persistence,reference,26.162394999999997,21.4666685,201001,4.695726499999996
TH-30,201004,1,persistence,reference,6.878577,14.8476085,201004,-7.9690315
TH-30,201005,2,persistence,reference,57.905972,29.826989,201004,28.078982999999997
TH-30,201006,3,persistence,reference,169.240176,89.08225375,201004,80.15792224999998
TH-30,201007,1,persistence,reference,137.74257,182.94394375,201007,-45.20137374999999
TH-30,201008,2,persistence,reference,220.882378,278.456184,201007,-57.57380600000002
TH-30,201009,3,persistence,reference,106.471671,255.934375,201007,-149.46270399999997
TH-30,201010,1,persistence,reference,295.570496,22.265562000000003,201010,273.304934
TH-30,201011,2,persistence,reference,284.548183,16.547494,201010,268.00068899999997
TH-30,201012,3,persistence,reference,335.92902499999997,6.20300125,201010,329.72602374999997
TH-31,201001,1,persistence,reference,5.856304999999999,3.932965999999999,201001,1.923339
TH-31,201002,2,persistence,reference,27.769886999999997,35.96954525,201001,-8.199658250000006
TH-31,201003,3,persistence,reference,17.239230999999997,15.08197225,201001,2.157258749999997
TH-31,201004,1,persistence,reference,9.866255999999996,4.4141165,201004,5.452139499999996
TH-31,201005,2,persistence,reference,17.024144,15.395098500000003,201004,1.6290454999999966
TH-31,201006,3,persistence,reference,96.887514,100.432555,201004,-3.5450409999999977
TH-31,201007,1,persistence,reference,61.502443,114.90608525,201007,-53.40364225
TH-31,201008,2,persistence,reference,79.33030000000001,111.77383875,201007,-32.44353874999999
TH-31,201009,3,persistence,reference,13.361053999999996,56.00066275,201007,-42.63960875
TH-31,201010,1,persistence,reference,84.463859,12.4069335,201010,72.0569255
TH-31,201011,2,persistence,reference,107.55396199999998,10.5309965,201010,97.02296549999998
TH-31,201012,3,persistence,reference,115.629692,5.803893,201010,109.825799
TH-32,201001,1,persistence,reference,10.0977,6.1895245,201001,3.9081755
TH-32,201002,2,persistence,reference,13.754705999999995,10.0108735,201001,3.7438324999999946
TH-32,201003,3,persistence,reference,38.307970999999995,43.327029499999995,201001,-5.0190585
TH-32,201004,1,persistence,reference,30.308086000000003,86.93604725,201004,-56.62796125
TH-32,201005,2,persistence,reference,140.143314,202.0102485,201004,-61.866934499999985
TH-32,201006,3,persistence,reference,275.452059,354.4054095,201004,-78.9533505
TH-32,201007,1,persistence,reference,97.102364,242.21332975,201007,-145.11096575000002
TH-32,201008,2,persistence,reference,299.05103099999997,386.1399035,201007,-87.08887250000004
TH-32,201009,3,persistence,reference,29.590867000000003,201.263077,201007,-171.67221
TH-32,201010,1,persistence,reference,316.588364,42.18240275000001,201010,274.40596125
TH-32,201011,2,persistence,reference,365.288942,51.355273,201010,313.933669
TH-32,201012,3,persistence,reference,370.647553,25.28196925,201010,345.36558375000004
TH-33,201001,1,persistence,reference,5.458897,5.898333,201001,-0.4394359999999997
TH-33,201002,2,persistence,reference,13.031653,10.81518625,201001,2.2164667500000004
TH-33,201003,3,persistence,reference,30.392211000000003,30.66049825,201001,-0.2682872499999966
TH-33,201004,1,persistence,reference,15.337587999999997,15.083355,201004,0.2542329999999975
TH-33,201005,2,persistence,reference,76.372037,113.769722,201004,-37.397685
TH-33,201006,3,persistence,reference,187.329018,233.12642925,201004,-45.79741125000001
TH-33,201007,1,persistence,reference,9.363735999999996,109.8229375,201007,-100.4592015
TH-33,201008,2,persistence,reference,98.309361,191.19073275,201007,-92.88137175
TH-33,201009,3,persistence,reference,31.95174200000001,99.9063825,201007,-67.9546405
TH-33,201010,1,persistence,reference,80.589691,37.71422475,201010,42.87546625
TH-33,201011,2,persistence,reference,149.971768,12.73483325,201010,137.23693475
TH-33,201012,3,persistence,reference,164.636398,10.119097,201010,154.517301
TH-34,201001,1,persistence,reference,2.6985780000000013,1.34318375,201001,1.3553942500000014
TH-34,201002,2,persistence,reference,3.852475000000002,0.8840215,201001,2.9684535000000016
TH-34,201003,3,persistence,reference,5.441262000000002,1.422117,201001,4.019145000000002
TH-34,201004,1,persistence,reference,2.969542000000001,1.8687075,201004,1.100834500000001
TH-34,201005,2,persistence,reference,6.770156,6.560804,201004,0.2093519999999999
TH-34,201006,3,persistence,reference,21.167727,26.1065275,201004,-4.938800499999999
TH-34,201007,1,persistence,reference,21.425694999999997,37.11896025,201007,-15.693265250000003
TH-34,201008,2,persistence,reference,5.739322999999999,10.8464815,201007,-5.107158500000001
TH-34,201009,3,persistence,reference,16.156736000000002,41.75183875,201007,-25.595102749999995
TH-34,201010,1,persistence,reference,14.197316,18.14006175,201010,-3.94274575
TH-34,201011,2,persistence,reference,27.222958,8.66547225,201010,18.55748575
TH-34,201012,3,persistence,reference,43.226682,1.72183,201010,41.504852
TH-35,201001,1,persistence,reference,0.888363,0.50252875,201001,0.38583425
TH-35,201002,2,persistence,reference,1.5525640000000012,0.4727019999999999,201001,1.0798620000000012
TH-35,201003,3,persistence,reference,4.748957000000001,4.29268075,201001,0.456276250000001
TH-35,201004,1,persistence,reference,1.3877689999999996,3.5162875,201004,-2.1285185
TH-35,201005,2,persistence,reference,2.3118719999999993,1.9017875,201004,0.4100844999999993
TH-35,201006,3,persistence,reference,16.779398,24.7108375,201004,-7.9314395
TH-35,201007,1,persistence,reference,3.5444489999999984,12.42354525,201007,-8.879096250000002
TH-35,201008,2,persistence,reference,2.9381749999999993,9.22649025,201007,-6.28831525
TH-35,201009,3,persistence,reference,5.196154999999999,8.21614875,201007,-3.019993750000001
TH-35,201010,1,persistence,reference,11.843701,2.0887835,201010,9.7549175
TH-35,201011,2,persistence,reference,19.059118,4.1058715,201010,14.953246500000002
TH-35,201012,3,persistence,reference,17.994047000000002,1.31716475,201010,16.676882250000002
TH-36,201001,1,persistence,reference,2.9258770000000016,1.47992425,201001,1.4459527500000016
TH-36,201002,2,persistence,reference,9.493140999999998,12.29119775,201001,-2.7980567500000024
TH-36,201003,3,persistence,reference,13.17409,13.27510225,201001,-0.1010122500000001
TH-36,201004,1,persistence,reference,10.485548,3.424279250000001,201004,7.061268749999998
TH-36,201005,2,persistence,reference,16.230578999999995,10.336016,201004,5.8945629999999944
TH-36,201006,3,persistence,reference,16.558557999999998,11.225689999999998,201004,5.3328679999999995
TH-36,201007,1,persistence,reference,24.166393,15.36622375,201007,8.80016925
TH-36,201008,2,persistence,reference,23.52186,15.5963735,201007,7.9254865
TH-36,201009,3,persistence,reference,9.603497000000004,7.9037245,201007,1.6997725000000043
TH-36,201010,1,persistence,reference,26.653345,6.4002935,201010,20.2530515
TH-36,201011,2,persistence,reference,24.950017,2.5084755000000003,201010,22.4415415
TH-36,201012,3,persistence,reference,27.541020999999997,1.0584865,201010,26.482534499999996
TH-37,201001,1,persistence,reference,0.8010950000000001,0.40658025,201001,0.3945147500000001
TH-37,201002,2,persistence,reference,1.1657019999999996,0.3616859999999999,201001,0.8040159999999996
TH-37,201003,3,persistence,reference,1.5167589999999995,0.7898635,201001,0.7268954999999995
TH-37,201004,1,persistence,reference,1.7723109999999995,2.08366575,201004,-0.3113547500000007
TH-37,201005,2,persistence,reference,10.833191,14.9872495,201004,-4.154058500000001
TH-37,201006,3,persistence,reference,27.825608000000003,34.540377,201004,-6.714768999999997
TH-37,201007,1,persistence,reference,26.235902,41.36216125,201007,-15.12625925
TH-37,201008,2,persistence,reference,3.610812,17.0672055,201007,-13.4563935
TH-37,201009,3,persistence,reference,18.302811,2.2777459999999996,201007,16.025064999999998
TH-37,201010,1,persistence,reference,6.807818,5.27723325,201010,1.53058475
TH-37,201011,2,persistence,reference,7.640995,3.97074775,201010,3.67024725
TH-37,201012,3,persistence,reference,6.159495,0.68502475,201010,5.4744702499999995
TH-39,201001,1,persistence,reference,1.844478,3.098698,201001,-1.25422
TH-39,201002,2,persistence,reference,1.714762,2.9376645,201001,-1.2229025
TH-39,201003,3,persistence,reference,1.1123719999999997,0.801615,201001,0.3107569999999997
TH-39,201004,1,persistence,reference,0.800079,0.90503075,201004,-0.10495175
TH-39,201005,2,persistence,reference,1.3531620000000002,1.5728684999999998,201004,-0.2197064999999995
TH-39,201006,3,persistence,reference,11.907412999999998,6.3976315,201004,5.509781499999998
TH-39,201007,1,persistence,reference,6.042152,3.3443162500000003,201007,2.6978357499999994
TH-39,201008,2,persistence,reference,3.142108,3.74947825,201007,-0.6073702500000002
TH-39,201009,3,persistence,reference,13.127246,7.28611675,201007,5.84112925
TH-39,201010,1,persistence,reference,1.242478,3.323844,201010,-2.081366
TH-39,201011,2,persistence,reference,1.274762,1.63383775,201010,-0.3590757500000001
TH-39,201012,3,persistence,reference,1.372372,0.4519624999999999,201010,0.9204095
TH-40,201001,1,persistence,reference,4.073993999999999,2.93708425,201001,1.1369097499999992
TH-40,201002,2,persistence,reference,10.857201999999996,14.02808175,201001,-3.1708797500000045
TH-40,201003,3,persistence,reference,20.313221,22.93179,201001,-2.618569000000001
TH-40,201004,1,persistence,reference,22.446499000000003,5.1624247500000005,201004,17.284074250000003
TH-40,201005,2,persistence,reference,13.535950999999995,7.095369249999999,201004,6.440581749999996
TH-40,201006,3,persistence,reference,10.395869999999997,7.855703999999999,201004,2.5401659999999975
TH-40,201007,1,persistence,reference,36.307699,22.820814,201007,13.486885
TH-40,201008,2,persistence,reference,53.659693,28.93372625,201007,24.72596675
TH-40,201009,3,persistence,reference,34.337212,30.4648115,201007,3.8724005000000017
TH-40,201010,1,persistence,reference,48.764402,6.658842999999999,201010,42.105559
TH-40,201011,2,persistence,reference,65.94098299999999,7.268258750000001,201010,58.67272424999999
TH-40,201012,3,persistence,reference,50.800985999999995,10.872871,201010,39.92811499999999
TH-41,201001,1,persistence,reference,2.168752999999999,0.80220575,201001,1.3665472499999989
TH-41,201002,2,persistence,reference,2.7886190000000006,1.6500075,201001,1.1386115000000006
TH-41,201003,3,persistence,reference,3.4074489999999997,1.2229745,201001,2.184474499999999
TH-41,201004,1,persistence,reference,5.874752999999998,4.15508325,201004,1.7196697499999989
TH-41,201005,2,persistence,reference,18.268619,11.6786335,201004,6.589985500000001
TH-41,201006,3,persistence,reference,21.977448999999996,11.4897505,201004,10.487698499999995
TH-41,201007,1,persistence,reference,19.73397,18.1849225,201007,1.5490475000000004
TH-41,201008,2,persistence,reference,15.856061999999998,12.4916625,201007,3.3643994999999975
TH-41,201009,3,persistence,reference,10.091526000000002,4.6860307500000005,201007,5.405495250000001
TH-41,201010,1,persistence,reference,9.05366,4.8812715,201010,4.1723885
TH-41,201011,2,persistence,reference,15.713708,6.675761249999999,201010,9.03794675
TH-41,201012,3,persistence,reference,15.302425999999995,1.79131975,201010,13.511106249999996
TH-42,201001,1,persistence,reference,6.5616699999999994,9.68560025,201001,-3.123930250000001
TH-42,201002,2,persistence,reference,11.378248000000005,16.2764205,201001,-4.898172499999996
TH-42,201003,3,persistence,reference,17.288858,21.2178535,201001,-3.928995499999999
TH-42,201004,1,persistence,reference,3.0025389999999987,10.02733425,201004,-7.02479525
TH-42,201005,2,persistence,reference,55.80368299999999,27.40693625,201004,28.39674674999999
TH-42,201006,3,persistence,reference,80.61677700000001,26.776039249999997,201004,53.84073775000002
TH-42,201007,1,persistence,reference,22.73358,31.21102325,201007,-8.47744325
TH-42,201008,2,persistence,reference,41.384350999999995,35.7170645,201007,5.667286499999996
TH-42,201009,3,persistence,reference,84.720963,30.219347500000005,201007,54.50161549999999
TH-42,201010,1,persistence,reference,17.601289,13.90295425,201010,3.698334750000001
TH-42,201011,2,persistence,reference,20.732341,9.47393125,201010,11.258409750000002
TH-42,201012,3,persistence,reference,18.422244,1.8148977499999996,201010,16.60734625
TH-43,201001,1,persistence,reference,4.144145999999999,4.73758825,201001,-0.5934422500000007
TH-43,201002,2,persistence,reference,2.195889000000001,1.4307975,201001,0.7650915000000011
TH-43,201003,3,persistence,reference,11.117088,13.599373,201001,-2.482284999999999
TH-43,201004,1,persistence,reference,10.817816,21.01989975,201004,-10.20208375
TH-43,201005,2,persistence,reference,30.256145,30.3629025,201004,-0.1067575000000005
TH-43,201006,3,persistence,reference,43.581237,24.42433075,201004,19.15690625
TH-43,201007,1,persistence,reference,10.101537,18.745332,201007,-8.643795
TH-43,201008,2,persistence,reference,15.923725999999998,14.72139275,201007,1.2023332499999988
TH-43,201009,3,persistence,reference,45.624857,11.92055525,201007,33.70430175
TH-43,201010,1,persistence,reference,11.639158,14.4809155,201010,-2.8417575
TH-43,201011,2,persistence,reference,11.000247000000002,9.36506575,201010,1.6351812500000025
TH-43,201012,3,persistence,reference,11.413987000000002,3.4949327500000003,201010,7.919054250000002
TH-44,201001,1,persistence,reference,1.846547,1.653425,201001,0.193122
TH-44,201002,2,persistence,reference,2.872160000000001,1.084228,201001,1.787932000000001
TH-44,201003,3,persistence,reference,5.682551,3.8582585,201001,1.8242925000000003
TH-44,201004,1,persistence,reference,2.4780510000000007,3.407875,201004,-0.9298239999999997
TH-44,201005,2,persistence,reference,5.9939550000000015,8.6920645,201004,-2.6981094999999993
TH-44,201006,3,persistence,reference,27.178655999999997,38.81393,201004,-11.635274000000004
TH-44,201007,1,persistence,reference,13.059774,34.940666750000005,201007,-21.880892750000005
TH-44,201008,2,persistence,reference,44.788661,59.32801575,201007,-14.53935475
TH-44,201009,3,persistence,reference,14.002412999999995,36.23353875,201007,-22.231125750000004
TH-44,201010,1,persistence,reference,39.45372,6.2477695,201010,33.2059505
TH-44,201011,2,persistence,reference,52.798354,7.7776115,201010,45.0207425
TH-44,201012,3,persistence,reference,52.152874999999995,2.292598,201010,49.860277
TH-45,201001,1,persistence,reference,2.8971780000000003,3.144007,201001,-0.2468289999999999
TH-45,201002,2,persistence,reference,8.622475999999999,9.14386425,201001,-0.5213882500000011
TH-45,201003,3,persistence,reference,10.840930999999998,9.0474965,201001,1.7934344999999985
TH-45,201004,1,persistence,reference,7.420963999999998,2.28940225,201004,5.131561749999998
TH-45,201005,2,persistence,reference,8.171340999999998,10.375764,201004,-2.204423000000002
TH-45,201006,3,persistence,reference,44.81415100000001,69.6094875,201004,-24.79533649999999
TH-45,201007,1,persistence,reference,5.236138,28.5371925,201007,-23.3010545
TH-45,201008,2,persistence,reference,58.052364,86.46051,201007,-28.408146
TH-45,201009,3,persistence,reference,12.344153999999996,35.179215,201007,-22.835061000000003
TH-45,201010,1,persistence,reference,49.058063,7.153025749999999,201010,41.90503725
TH-45,201011,2,persistence,reference,61.44007500000001,11.973035499999998,201010,49.46703950000001
TH-45,201012,3,persistence,reference,53.9017,1.96834825,201010,51.93335175
TH-46,201001,1,persistence,reference,5.466303,3.4075025,201001,2.0588005
TH-46,201002,2,persistence,reference,13.892573999999998,16.29373125,201001,-2.4011572500000025
TH-46,201003,3,persistence,reference,30.695505000000004,31.53832325,201001,-0.842818249999997
TH-46,201004,1,persistence,reference,39.097166,14.64303525,201004,24.45413075
TH-46,201005,2,persistence,reference,38.302539,26.49339725,201004,11.809141750000002
TH-46,201006,3,persistence,reference,37.045444,35.723732,201004,1.321712000000005
TH-46,201007,1,persistence,reference,1.7306369999999998,36.180759249999994,201007,-34.45012224999999
TH-46,201008,2,persistence,reference,2.904644000000001,42.41459175,201007,-39.509947749999995
TH-46,201009,3,persistence,reference,3.916831000000002,29.280692,201007,-25.363860999999996
TH-46,201010,1,persistence,reference,1.7306369999999998,0.3246275,201010,1.4060094999999997
TH-46,201011,2,persistence,reference,2.904644000000001,0.14462275,201010,2.760021250000001
TH-46,201012,3,persistence,reference,3.916831000000002,0.0394922499999999,201010,3.877338750000002
TH-47,201001,1,persistence,reference,6.749046,4.048636500000001,201001,2.7004094999999992
TH-47,201002,2,persistence,reference,18.569639,23.90598075,201001,-5.3363417500000025
TH-47,201003,3,persistence,reference,25.950548,29.26258475,201001,-3.312036749999997
TH-47,201004,1,persistence,reference,6.482571,7.534234,201004,-1.0516629999999996
TH-47,201005,2,persistence,reference,44.705145,42.05707275,201004,2.6480722499999985
TH-47,201006,3,persistence,reference,199.598853,151.614586,201004,47.98426699999999
TH-47,201007,1,persistence,reference,61.876092,32.892016500000004,201007,28.984075499999996
TH-47,201008,2,persistence,reference,225.137198,101.38542325,201007,123.75177475
TH-47,201009,3,persistence,reference,234.82980000000003,64.53870375,201007,170.29109625000004
TH-47,201010,1,persistence,reference,3.911313,26.741048,201010,-22.829735
TH-47,201011,2,persistence,reference,6.158961999999999,19.41189725,201010,-13.25293525
TH-47,201012,3,persistence,reference,6.767454000000001,6.84296425,201010,-0.0755102499999988
TH-48,201001,1,persistence,reference,4.266157,4.34723025,201001,-0.0810732500000002
TH-48,201002,2,persistence,reference,7.484935,9.7932295,201001,-2.3082945000000006
TH-48,201003,3,persistence,reference,15.478568,19.776188749999996,201001,-4.2976207499999965
TH-48,201004,1,persistence,reference,10.776986,21.54611925,201004,-10.76913325
TH-48,201005,2,persistence,reference,68.347224,75.17388975,201004,-6.826665750000004
TH-48,201006,3,persistence,reference,40.407884,19.43368075,201004,20.97420325
TH-48,201007,1,persistence,reference,12.464422,32.4548895,201007,-19.9904675
TH-48,201008,2,persistence,reference,16.039120000000004,29.17156575,201007,-13.132445749999995
TH-48,201009,3,persistence,reference,12.895469,9.755228499999998,201007,3.1402405000000027
TH-48,201010,1,persistence,reference,34.857179,10.1964305,201010,24.660748500000004
TH-48,201011,2,persistence,reference,41.191221,10.188212750000002,201010,31.003008249999997
TH-48,201012,3,persistence,reference,43.25434500000001,2.7258005,201010,40.52854450000001
TH-49,201001,1,persistence,reference,3.3899239999999997,2.1978454999999997,201001,1.1920785
TH-49,201002,2,persistence,reference,3.3074520000000005,2.6128670000000005,201001,0.694585
TH-49,201003,3,persistence,reference,15.12321,12.18306375,201001,2.9401462499999997
TH-49,201004,1,persistence,reference,3.1912139999999996,4.20566275,201004,-1.0144487500000006
TH-49,201005,2,persistence,reference,37.930136,34.18565675000001,201004,3.7444792499999906
TH-49,201006,3,persistence,reference,123.371257,88.49219224999999,201004,34.87906475000001
TH-49,201007,1,persistence,reference,35.732598,18.734942249999996,201007,16.997655750000007
TH-49,201008,2,persistence,reference,91.945574,15.44566375,201007,76.49991025
TH-49,201009,3,persistence,reference,140.405546,28.1909945,201007,112.21455149999998
TH-49,201010,1,persistence,reference,3.1119059999999994,9.57566825,201010,-6.46376225
TH-49,201011,2,persistence,reference,3.267911999999999,7.734368,201010,-4.466456000000001
TH-49,201012,3,persistence,reference,3.4671590000000005,1.72815225,201010,1.7390067500000006
TH-50,201001,1,persistence,reference,6.160367000000001,4.897128,201001,1.2632390000000004
TH-50,201002,2,persistence,reference,8.306080000000001,8.55841875,201001,-0.252338749999998
TH-50,201003,3,persistence,reference,12.303690000000003,7.79260475,201001,4.511085250000003
TH-50,201004,1,persistence,reference,5.663194000000001,10.6360875,201004,-4.9728935
TH-50,201005,2,persistence,reference,36.97166000000001,22.884541,201004,14.087119000000008
TH-50,201006,3,persistence,reference,229.045438,63.789284249999994,201004,165.25615375
TH-50,201007,1,persistence,reference,747.5482330000001,827.5863075,201007,-80.03807449999988
TH-50,201008,2,persistence,reference,911.716565,1073.92921375,201007,-162.21264874999997
TH-50,201009,3,persistence,reference,415.585854,702.4804214999999,201007,-286.89456749999994
TH-50,201010,1,persistence,reference,616.554908,32.60679475,201010,583.94811325
TH-50,201011,2,persistence,reference,710.788708,22.42557625,201010,688.3631317500001
TH-50,201012,3,persistence,reference,711.338168,14.2656385,201010,697.0725295
TH-51,201001,1,persistence,reference,1.810257,0.5666355000000001,201001,1.2436215
TH-51,201002,2,persistence,reference,2.1619839999999995,1.6051525,201001,0.5568314999999995
TH-51,201003,3,persistence,reference,3.8834339999999994,3.5194735,201001,0.3639604999999992
TH-51,201004,1,persistence,reference,3.970759,5.91250125,201004,-1.94174225
TH-51,201005,2,persistence,reference,16.728551,19.3731975,201004,-2.6446465000000003
TH-51,201006,3,persistence,reference,65.425175,71.78191625,201004,-6.356741249999999
TH-51,201007,1,persistence,reference,27.809144,63.17572800000001,201007,-35.366584
TH-51,201008,2,persistence,reference,27.253029000000005,58.24045950000001,201007,-30.9874305
TH-51,201009,3,persistence,reference,28.917916,10.1534375,201007,18.764478500000003
TH-51,201010,1,persistence,reference,27.8074,4.896127999999999,201010,22.911272000000004
TH-51,201011,2,persistence,reference,30.758792,3.0793827499999997,201010,27.67940925
TH-51,201012,3,persistence,reference,31.444159999999997,1.1904230000000005,201010,30.253736999999997
TH-52,201001,1,persistence,reference,2.5530790000000003,1.75202925,201001,0.8010497500000002
TH-52,201002,2,persistence,reference,3.8641679999999994,1.55565775,201001,2.308510249999999
TH-52,201003,3,persistence,reference,5.666981,2.167389,201001,3.499592
TH-52,201004,1,persistence,reference,2.9994520000000016,2.5909347499999997,201004,0.4085172500000018
TH-52,201005,2,persistence,reference,10.944389,5.230950999999999,201004,5.713438
TH-52,201006,3,persistence,reference,33.11143199999999,21.3053575,201004,11.806074499999994
TH-52,201007,1,persistence,reference,154.139351,158.1287695,201007,-3.9894184999999993
TH-52,201008,2,persistence,reference,297.848346,304.49102400000004,201007,-6.642678000000046
TH-52,201009,3,persistence,reference,113.774939,156.33319125,201007,-42.558252249999995
TH-52,201010,1,persistence,reference,106.441178,30.3176945,201010,76.12348349999999
TH-52,201011,2,persistence,reference,159.227282,4.6264255,201010,154.6008565
TH-52,201012,3,persistence,reference,162.700396,2.1230530000000005,201010,160.577343
TH-53,201001,1,persistence,reference,1.6636689999999996,0.3476732499999999,201001,1.3159957499999997
TH-53,201002,2,persistence,reference,2.4920729999999995,0.83125025,201001,1.6608227499999997
TH-53,201003,3,persistence,reference,3.2964509999999994,1.0367082499999998,201001,2.2597427499999996
TH-53,201004,1,persistence,reference,1.668169000000001,0.73109475,201004,0.9370742500000008
TH-53,201005,2,persistence,reference,4.142973,2.75283825,201004,1.3901347499999996
TH-53,201006,3,persistence,reference,3.465372000000002,1.2990585,201004,2.166313500000002
TH-53,201007,1,persistence,reference,6.11277,2.9749725,201007,3.1377975000000005
TH-53,201008,2,persistence,reference,15.778774,12.83381725,201007,2.944956750000001
TH-53,201009,3,persistence,reference,21.803013,28.56385625,201007,-6.760843250000001
TH-53,201010,1,persistence,reference,7.391765000000001,17.99514075,201010,-10.60337575
TH-53,201011,2,persistence,reference,21.344619,2.6316335000000004,201010,18.7129855
TH-53,201012,3,persistence,reference,19.232979,6.9967120000000005,201010,12.236267
TH-54,201001,1,persistence,reference,2.0374619999999997,0.854524,201001,1.1829379999999996
TH-54,201002,2,persistence,reference,3.0018270000000005,1.0471242500000002,201001,1.9547027500000005
TH-54,201003,3,persistence,reference,4.407826,2.08694075,201001,2.32088525
TH-54,201004,1,persistence,reference,2.2483199999999997,1.6052654999999998,201004,0.6430544999999999
TH-54,201005,2,persistence,reference,5.153502999999999,4.2675675,201004,0.8859354999999987
TH-54,201006,3,persistence,reference,8.49513,8.48416625,201004,0.0109637500000001
TH-54,201007,1,persistence,reference,8.70604,8.955345999999999,201007,-0.2493059999999989
TH-54,201008,2,persistence,reference,43.080656000000005,45.44727825,201007,-2.366622249999992
TH-54,201009,3,persistence,reference,16.326491,25.955366,201007,-9.628875
TH-54,201010,1,persistence,reference,21.288645,3.6751239999999994,201010,17.613521
TH-54,201011,2,persistence,reference,22.216295999999996,3.7707405,201010,18.4455555
TH-54,201012,3,persistence,reference,29.358372000000003,1.23814125,201010,28.120230750000005
TH-55,201001,1,persistence,reference,1.0706849999999997,0.6861302499999999,201001,0.3845547499999997
TH-55,201002,2,persistence,reference,0.9382469999999996,0.3233517499999999,201001,0.6148952499999998
TH-55,201003,3,persistence,reference,1.448341,0.5237879999999999,201001,0.9245530000000002
TH-55,201004,1,persistence,reference,1.9100659999999996,2.19301625,201004,-0.2829502500000003
TH-55,201005,2,persistence,reference,3.641883000000001,2.0993275,201004,1.542555500000001
TH-55,201006,3,persistence,reference,21.562751,17.4156905,201004,4.1470604999999985
TH-55,201007,1,persistence,reference,9.026896,3.39732375,201007,5.629572250000001
TH-55,201008,2,persistence,reference,4.739528,4.80650275,201007,-0.0669747499999999
TH-55,201009,3,persistence,reference,10.176662,5.85105775,201007,4.3256042500000005
TH-55,201010,1,persistence,reference,0.9046189999999994,10.354129,201010,-9.44951
TH-55,201011,2,persistence,reference,10.792548000000002,0.7656497500000001,201010,10.026898250000002
TH-55,201012,3,persistence,reference,9.380919,0.60104625,201010,8.779872750000001
TH-56,201001,1,persistence,reference,10.058738,2.4571845000000003,201001,7.6015535
TH-56,201002,2,persistence,reference,9.420362,2.5534904999999997,201001,6.866871500000001
TH-56,201003,3,persistence,reference,9.20954,5.1507775,201001,4.0587625
TH-56,201004,1,persistence,reference,1.0585129999999996,4.8462385,201004,-3.787725500000001
TH-56,201005,2,persistence,reference,1.875477,10.78941425,201004,-8.91393725
TH-56,201006,3,persistence,reference,62.752976,34.31118325,201004,28.44179275
TH-56,201007,1,persistence,reference,142.916853,194.88141875,201007,-51.96456574999999
TH-56,201008,2,persistence,reference,275.594653,332.1583025,201007,-56.5636495
TH-56,201009,3,persistence,reference,50.766839999999995,122.20144175,201007,-71.43460175000001
TH-56,201010,1,persistence,reference,110.09106,4.323588749999999,201010,105.76747125
TH-56,201011,2,persistence,reference,117.690436,3.68272025,201010,114.00771575
TH-56,201012,3,persistence,reference,117.712991,1.5134569999999998,201010,116.199534
TH-57,201001,1,persistence,reference,1.9200919999999984,1.7817687499999997,201001,0.1383232499999986
TH-57,201002,2,persistence,reference,3.706301,3.6775024999999992,201001,0.0287985000000006
TH-57,201003,3,persistence,reference,4.273626999999998,4.76349975,201001,-0.4898727500000026
TH-57,201004,1,persistence,reference,1.8716920000000012,4.7708945,201004,-2.8992024999999986
TH-57,201005,2,persistence,reference,12.724676,6.273704749999999,201004,6.450971250000001
TH-57,201006,3,persistence,reference,68.29386600000001,32.721829,201004,35.57203700000001
TH-57,201007,1,persistence,reference,207.171556,238.514611,201007,-31.343054999999993
TH-57,201008,2,persistence,reference,312.953138,352.42574925,201007,-39.47261125
TH-57,201009,3,persistence,reference,123.517127,214.5934125,201007,-91.0762855
TH-57,201010,1,persistence,reference,143.873097,35.5939845,201010,108.2791125
TH-57,201011,2,persistence,reference,200.427838,4.2747485,201010,196.1530895
TH-57,201012,3,persistence,reference,198.697652,5.76130975,201010,192.93634225
TH-58,201001,1,persistence,reference,2.6768610000000006,5.23439975,201001,-2.557538749999999
TH-58,201002,2,persistence,reference,2.8852899999999995,6.227213,201001,-3.3419230000000004
TH-58,201003,3,persistence,reference,2.5839300000000005,6.73112075,201001,-4.147190749999999
TH-58,201004,1,persistence,reference,1.411291,1.858822,201004,-0.4475309999999999
TH-58,201005,2,persistence,reference,15.181916,4.77457175,201004,10.40734425
TH-58,201006,3,persistence,reference,30.47368,7.6005755,201004,22.873104500000004
TH-58,201007,1,persistence,reference,40.723581,59.07283575,201007,-18.34925475
TH-58,201008,2,persistence,reference,86.043325,118.2877595,201007,-32.24443450000001
TH-58,201009,3,persistence,reference,39.452344,82.120969,201007,-42.668625000000006
TH-58,201010,1,persistence,reference,75.30159,2.4888885,201010,72.8127015
TH-58,201011,2,persistence,reference,74.255856,2.2786055,201010,71.9772505
TH-58,201012,3,persistence,reference,77.116196,2.345785,201010,74.770411
TH-60,201001,1,persistence,reference,4.745583,2.9965177499999993,201001,1.7490652500000006
TH-60,201002,2,persistence,reference,6.409738000000001,2.8951775,201001,3.514560500000001
TH-60,201003,3,persistence,reference,8.724613000000002,5.0336165,201001,3.6909965000000016
TH-60,201004,1,persistence,reference,4.4387979999999985,2.9502922499999995,201004,1.488505749999999
TH-60,201005,2,persistence,reference,5.739353000000001,2.13795175,201004,3.601401250000001
TH-60,201006,3,persistence,reference,7.618285,2.9246062500000005,201004,4.69367875
TH-60,201007,1,persistence,reference,11.430222,10.56609825,201007,0.864123750000001
TH-60,201008,2,persistence,reference,29.223929,25.4182805,201007,3.8056484999999967
TH-60,201009,3,persistence,reference,22.453044,20.91777325,201007,1.535270749999999
TH-60,201010,1,persistence,reference,20.416762,4.06123425,201010,16.35552775
TH-60,201011,2,persistence,reference,14.511508000000005,10.62992225,201010,3.8815857500000046
TH-60,201012,3,persistence,reference,23.24961399999999,6.810391,201010,16.43922299999999
TH-61,201001,1,persistence,reference,1.1479090000000003,1.2914645,201001,-0.1435554999999997
TH-61,201002,2,persistence,reference,1.5046279999999994,0.188459,201001,1.3161689999999997
TH-61,201003,3,persistence,reference,1.8498150000000004,0.7259645000000001,201001,1.1238505000000003
TH-61,201004,1,persistence,reference,1.5347929999999996,0.84759725,201004,0.6871957499999997
TH-61,201005,2,persistence,reference,1.610189,0.76836975,201004,0.8418192500000001
TH-61,201006,3,persistence,reference,2.1600639999999993,0.8711500000000001,201004,1.2889139999999992
TH-61,201007,1,persistence,reference,2.9993860000000003,2.950132,201007,0.0492540000000003
TH-61,201008,2,persistence,reference,3.651414000000001,3.427531,201007,0.2238830000000007
TH-61,201009,3,persistence,reference,6.3405249999999995,10.45082225,201007,-4.11029725
TH-61,201010,1,persistence,reference,5.143137,2.44482675,201010,2.6983102500000005
TH-61,201011,2,persistence,reference,9.158143,0.61484075,201010,8.54330225
TH-61,201012,3,persistence,reference,7.533479,1.70708825,201010,5.82639075
TH-62,201001,1,persistence,reference,3.1225190000000005,3.723224,201001,-0.6007049999999996
TH-62,201002,2,persistence,reference,7.671445,11.10674925,201001,-3.4353042499999997
TH-62,201003,3,persistence,reference,7.580304999999999,6.50921125,201001,1.0710937499999993
TH-62,201004,1,persistence,reference,6.715496999999999,2.7755462500000005,201004,3.9399507499999986
TH-62,201005,2,persistence,reference,6.172488999999999,3.5090615,201004,2.6634274999999987
TH-62,201006,3,persistence,reference,6.714870000000001,3.51338275,201004,3.2014872500000013
TH-62,201007,1,persistence,reference,10.62325,5.587671499999999,201007,5.0355785000000015
TH-62,201008,2,persistence,reference,35.108655999999996,15.089170500000002,201007,20.019485499999995
TH-62,201009,3,persistence,reference,13.990329000000004,7.151817749999999,201007,6.838511250000005
TH-62,201010,1,persistence,reference,12.355315,3.951372,201010,8.403942999999998
TH-62,201011,2,persistence,reference,14.000536,4.3080125,201010,9.6925235
TH-62,201012,3,persistence,reference,18.574767,2.77928475,201010,15.79548225
TH-63,201001,1,persistence,reference,3.7585479999999993,2.8578672500000004,201001,0.9006807499999989
TH-63,201002,2,persistence,reference,5.921182,4.807699749999999,201001,1.1134822500000006
TH-63,201003,3,persistence,reference,8.054491000000002,5.50508275,201001,2.5494082500000026
TH-63,201004,1,persistence,reference,17.127958,13.551799499999998,201004,3.576158500000002
TH-63,201005,2,persistence,reference,37.172386,16.545640249999998,201004,20.626745750000005
TH-63,201006,3,persistence,reference,87.038148,35.2857755,201004,51.75237250000001
TH-63,201007,1,persistence,reference,120.735592,82.398438,201007,38.337154
TH-63,201008,2,persistence,reference,82.12313400000001,111.36847325,201007,-29.245339249999983
TH-63,201009,3,persistence,reference,31.030873000000003,32.66719525,201007,-1.6363222499999956
TH-63,201010,1,persistence,reference,60.671933,6.307493000000001,201010,54.36444
TH-63,201011,2,persistence,reference,51.03792100000001,4.85246825,201010,46.18545275000001
TH-63,201012,3,persistence,reference,65.338394,3.0409342499999994,201010,62.297459749999994
TH-64,201001,1,persistence,reference,3.228283,2.6843535000000003,201001,0.5439294999999995
TH-64,201002,2,persistence,reference,3.295164,1.7840015,201001,1.5111625000000002
TH-64,201003,3,persistence,reference,4.367854000000001,2.00215275,201001,2.365701250000001
TH-64,201004,1,persistence,reference,6.5153620000000005,10.4348975,201004,-3.9195354999999994
TH-64,201005,2,persistence,reference,3.274285000000001,5.181441250000001,201004,-1.90715625
TH-64,201006,3,persistence,reference,4.809768999999999,7.684748,201004,-2.8749790000000006
TH-64,201007,1,persistence,reference,10.58023,7.3772035,201007,3.2030265
TH-64,201008,2,persistence,reference,23.378594000000003,11.12947075,201007,12.249123250000004
TH-64,201009,3,persistence,reference,7.715816,4.83844225,201007,2.8773737500000003
TH-64,201010,1,persistence,reference,11.447698000000004,3.1435802500000003,201010,8.304117750000003
TH-64,201011,2,persistence,reference,11.888324,2.19262125,201010,9.69570275
TH-64,201012,3,persistence,reference,18.287948,2.3069465,201010,15.9810015
TH-65,201001,1,persistence,reference,3.5381279999999986,4.69799075,201001,-1.1598627500000012
TH-65,201002,2,persistence,reference,5.302927999999998,4.447647,201001,0.855280999999998
TH-65,201003,3,persistence,reference,7.990694000000001,4.405804000000001,201001,3.584890000000001
TH-65,201004,1,persistence,reference,3.077336999999998,3.5234205000000003,201004,-0.4460835000000021
TH-65,201005,2,persistence,reference,9.284143,6.033675,201004,3.2504680000000006
TH-65,201006,3,persistence,reference,10.511588999999995,8.019509,201004,2.492079999999996
TH-65,201007,1,persistence,reference,8.016231000000001,12.430616250000002,201007,-4.4143852500000005
TH-65,201008,2,persistence,reference,54.28345,24.428151,201007,29.855299
TH-65,201009,3,persistence,reference,49.57445200000001,52.64235175,201007,-3.067899749999995
TH-65,201010,1,persistence,reference,44.778041,18.767286750000004,201010,26.01075425
TH-65,201011,2,persistence,reference,60.80819600000001,6.245932,201010,54.56226400000001
TH-65,201012,3,persistence,reference,71.197315,2.26627825,201010,68.93103675
TH-66,201001,1,persistence,reference,3.7574299999999994,6.65750025,201001,-2.9000702500000006
TH-66,201002,2,persistence,reference,3.648071999999999,3.5934945000000003,201001,0.0545774999999988
TH-66,201003,3,persistence,reference,5.5936910000000015,6.4375420000000005,201001,-0.843850999999999
TH-66,201004,1,persistence,reference,6.223251,1.4136747500000002,201004,4.80957625
TH-66,201005,2,persistence,reference,7.917429,1.7189525,201004,6.1984765
TH-66,201006,3,persistence,reference,5.859176999999999,1.73794125,201004,4.1212357499999985
TH-66,201007,1,persistence,reference,2.1798659999999996,3.72196575,201007,-1.5420997500000002
TH-66,201008,2,persistence,reference,24.435593000000004,12.077391,201007,12.358202000000004
TH-66,201009,3,persistence,reference,28.183035,19.0160915,201007,9.1669435
TH-66,201010,1,persistence,reference,15.740802,9.9402015,201010,5.8006005
TH-66,201011,2,persistence,reference,25.034778000000003,3.39275625,201010,21.64202175
TH-66,201012,3,persistence,reference,26.499074000000004,4.9485645,201010,21.550509500000004
TH-67,201001,1,persistence,reference,3.809004,2.3996372499999996,201001,1.4093667500000002
TH-67,201002,2,persistence,reference,6.467391000000003,4.85557125,201001,1.611819750000003
TH-67,201003,3,persistence,reference,9.467972000000003,6.610553,201001,2.857419000000003
TH-67,201004,1,persistence,reference,4.649797000000003,2.4142715,201004,2.235525500000003
TH-67,201005,2,persistence,reference,16.928596000000002,11.044733,201004,5.883863000000002
TH-67,201006,3,persistence,reference,58.708918999999995,41.85343875,201004,16.855480249999992
TH-67,201007,1,persistence,reference,67.878591,87.45075775000001,201007,-19.572166750000008
TH-67,201008,2,persistence,reference,67.944156,103.73446375,201007,-35.79030775
TH-67,201009,3,persistence,reference,15.710546,71.956542,201007,-56.245996
TH-67,201010,1,persistence,reference,66.081074,7.206248,201010,58.874826
TH-67,201011,2,persistence,reference,86.48022,6.560596499999999,201010,79.9196235
TH-67,201012,3,persistence,reference,86.10866200000001,2.36617875,201010,83.74248325
TH-70,201001,1,persistence,reference,20.738800000000005,36.1915065,201001,-15.452706499999998
TH-70,201002,2,persistence,reference,10.429739,11.63221975,201001,-1.2024807500000012
TH-70,201003,3,persistence,reference,13.302829999999997,17.351737,201001,-4.048907000000003
TH-70,201004,1,persistence,reference,5.605209,17.8272775,201004,-12.2220685
TH-70,201005,2,persistence,reference,8.872263,63.50861475,201004,-54.63635175
TH-70,201006,3,persistence,reference,13.074888999999995,73.22386075,201004,-60.14897175
TH-70,201007,1,persistence,reference,20.749029000000004,25.915518750000004,201007,-5.16648975
TH-70,201008,2,persistence,reference,32.46456499999999,17.148366499999998,201007,15.316198499999995
TH-70,201009,3,persistence,reference,22.722438,13.248085,201007,9.474353
TH-70,201010,1,persistence,reference,9.53641,33.24025725,201010,-23.70384725
TH-70,201011,2,persistence,reference,20.74778,24.1480915,201010,-3.400311500000001
TH-70,201012,3,persistence,reference,35.409704,13.3050725,201010,22.104631499999996
TH-71,201001,1,persistence,reference,2.5354270000000003,1.3834335,201001,1.1519935000000003
TH-71,201002,2,persistence,reference,6.473936999999999,4.312422249999999,201001,2.1615147500000003
TH-71,201003,3,persistence,reference,4.018073000000001,3.93821075,201001,0.079862250000001
TH-71,201004,1,persistence,reference,3.5442160000000005,6.04734475,201004,-2.5031287499999992
TH-71,201005,2,persistence,reference,3.279693,15.520611249999998,201004,-12.240918249999998
TH-71,201006,3,persistence,reference,7.114516,23.8431375,201004,-16.728621500000003
TH-71,201007,1,persistence,reference,20.963628,8.934064,201007,12.029564
TH-71,201008,2,persistence,reference,23.830422,17.620995,201007,6.209426999999998
TH-71,201009,3,persistence,reference,14.716462,21.73376475,201007,-7.017302749999999
TH-71,201010,1,persistence,reference,6.962530000000001,19.16611475,201010,-12.203584749999996
TH-71,201011,2,persistence,reference,19.076434,6.59898025,201010,12.47745375
TH-71,201012,3,persistence,reference,28.973047,0.7833275000000001,201010,28.1897195
TH-72,201001,1,persistence,reference,10.72879,21.23067675,201001,-10.50188675
TH-72,201002,2,persistence,reference,5.581815000000001,11.432795,201001,-5.85098
TH-72,201003,3,persistence,reference,3.0053129999999992,4.46450925,201001,-1.4591962500000006
TH-72,201004,1,persistence,reference,5.6478269999999995,3.84749675,201004,1.8003302499999996
TH-72,201005,2,persistence,reference,5.613844,6.28729575,201004,-0.6734517499999999
TH-72,201006,3,persistence,reference,5.744539,8.529222,201004,-2.784683000000001
TH-72,201007,1,persistence,reference,6.787738,4.974612500000001,201007,1.813125499999999
TH-72,201008,2,persistence,reference,17.250901000000002,5.6710275,201007,11.5798735
TH-72,201009,3,persistence,reference,30.968393,12.34274975,201007,18.62564325
TH-72,201010,1,persistence,reference,19.325626,5.804925,201010,13.520701
TH-72,201011,2,persistence,reference,32.878996,2.2922770000000003,201010,30.586719
TH-72,201012,3,persistence,reference,32.351413,1.7161160000000002,201010,30.635297
TH-73,201001,1,persistence,reference,4.793177000000002,7.953787999999999,201001,-3.1606109999999976
TH-73,201002,2,persistence,reference,5.97738,5.000748250000001,201001,0.9766317499999992
TH-73,201003,3,persistence,reference,11.184903000000002,11.9854615,201001,-0.8005584999999975
TH-73,201004,1,persistence,reference,20.065228000000005,3.9774375,201004,16.087790500000004
TH-73,201005,2,persistence,reference,11.315065,4.835061,201004,6.480004000000001
TH-73,201006,3,persistence,reference,14.12097,4.692533000000001,201004,9.428437
TH-73,201007,1,persistence,reference,11.718616,6.664851500000001,201007,5.0537645
TH-73,201008,2,persistence,reference,24.776461,11.59805325,201007,13.178407750000002
TH-73,201009,3,persistence,reference,43.89703299999999,29.81695975,201007,14.080073249999996
TH-73,201010,1,persistence,reference,8.961139999999999,55.1398165,201010,-46.1786765
TH-73,201011,2,persistence,reference,7.016418999999999,52.20366975,201010,-45.18725075
TH-73,201012,3,persistence,reference,17.046363999999997,38.098549,201010,-21.052185
TH-74,201001,1,persistence,reference,21.969856,32.30968675,201001,-10.339830749999996
TH-74,201002,2,persistence,reference,4.361218000000001,7.472988750000001,201001,-3.11177075
TH-74,201003,3,persistence,reference,7.24573,3.8999655,201001,3.3457645
TH-74,201004,1,persistence,reference,5.114479,5.40440175,201004,-0.2899227499999997
TH-74,201005,2,persistence,reference,10.271335,14.162894,201004,-3.891558999999999
TH-74,201006,3,persistence,reference,5.698536000000001,7.79708875,201004,-2.0985527499999996
TH-74,201007,1,persistence,reference,11.267499999999998,5.414640749999999,201007,5.852859249999999
TH-74,201008,2,persistence,reference,13.389064,5.81721575,201007,7.57184825
TH-74,201009,3,persistence,reference,11.533194,5.5873360000000005,201007,5.945857999999999
TH-74,201010,1,persistence,reference,7.890929999999999,4.004455500000001,201010,3.8864744999999985
TH-74,201011,2,persistence,reference,4.674176000000001,16.924595,201010,-12.250419
TH-74,201012,3,persistence,reference,5.268768999999999,19.18603425,201010,-13.91726525
TH-75,201001,1,persistence,reference,1.857772,1.7482707499999997,201001,0.1095012500000003
TH-75,201002,2,persistence,reference,1.2307640000000002,1.0592685,201001,0.1714955000000002
TH-75,201003,3,persistence,reference,1.724075,1.2306400000000002,201001,0.4934349999999998
TH-75,201004,1,persistence,reference,0.746486,1.3903705,201004,-0.6438845
TH-75,201005,2,persistence,reference,1.296961,1.0595037500000002,201004,0.2374572499999998
TH-75,201006,3,persistence,reference,2.169856,1.28127425,201004,0.8885817499999997
TH-75,201007,1,persistence,reference,1.2671229999999998,1.15427925,201007,0.1128437499999996
TH-75,201008,2,persistence,reference,2.9869399999999997,1.5040174999999998,201007,1.4829225
TH-75,201009,3,persistence,reference,2.393706,1.3136960000000002,201007,1.0800099999999997
TH-75,201010,1,persistence,reference,0.9367669999999996,2.2574674999999997,201010,-1.3207005
TH-75,201011,2,persistence,reference,2.517762,4.8820755,201010,-2.3643135
TH-75,201012,3,persistence,reference,1.6414570000000008,4.107895,201010,-2.4664379999999992
TH-76,201001,1,persistence,reference,2.061580999999999,2.91248625,201001,-0.8509052500000012
TH-76,201002,2,persistence,reference,3.1561969999999997,2.243954,201001,0.9122429999999996
TH-76,201003,3,persistence,reference,5.526273999999999,3.9605692500000007,201001,1.5657047499999983
TH-76,201004,1,persistence,reference,3.0105510000000004,5.1001639999999995,201004,-2.089612999999999
TH-76,201005,2,persistence,reference,13.925261999999998,26.8272665,201004,-12.902004500000002
TH-76,201006,3,persistence,reference,13.11164,40.3331805,201004,-27.221540499999996
TH-76,201007,1,persistence,reference,1.0192910000000004,27.201696499999997,201007,-26.1824055
TH-76,201008,2,persistence,reference,1.4579679999999993,21.1550905,201007,-19.6971225
TH-76,201009,3,persistence,reference,1.9874659999999995,13.55823175,201007,-11.57076575
TH-76,201010,1,persistence,reference,1.0192910000000004,1.49508125,201010,-0.4757902499999995
TH-76,201011,2,persistence,reference,1.4579679999999993,0.91701925,201010,0.5409487499999993
TH-76,201012,3,persistence,reference,1.9874659999999995,0.4467332499999999,201010,1.5407327499999997
TH-77,201001,1,persistence,reference,2.750077,3.0058214999999997,201001,-0.2557444999999996
TH-77,201002,2,persistence,reference,3.139982,2.026234,201001,1.1137479999999995
TH-77,201003,3,persistence,reference,6.01595,3.5501292499999995,201001,2.4658207500000007
TH-77,201004,1,persistence,reference,4.154214,6.3441235,201004,-2.1899095000000006
TH-77,201005,2,persistence,reference,13.502582,7.451173,201004,6.0514090000000005
TH-77,201006,3,persistence,reference,16.83869,7.71308925,201004,9.12560075
TH-77,201007,1,persistence,reference,38.42753999999999,27.08043675,201007,11.347103249999993
TH-77,201008,2,persistence,reference,23.038951000000004,25.9863695,201007,-2.947418499999994
TH-77,201009,3,persistence,reference,32.729668000000004,53.890785,201007,-21.161116999999997
TH-77,201010,1,persistence,reference,22.407441,28.36541975,201010,-5.957978750000002
TH-77,201011,2,persistence,reference,24.695244,31.585923,201010,-6.890679000000002
TH-77,201012,3,persistence,reference,55.042789,5.942218250000001,201010,49.10057075
TH-80,201001,1,persistence,reference,47.023664,62.634981999999994,201001,-15.611317999999995
TH-80,201002,2,persistence,reference,32.36339900000001,48.7565175,201001,-16.393118499999993
TH-80,201003,3,persistence,reference,38.676565,50.41387975,201001,-11.737314750000005
TH-80,201004,1,persistence,reference,7.887543999999998,21.8705625,201004,-13.9830185
TH-80,201005,2,persistence,reference,62.989727,37.88387375,201004,25.105853250000003
TH-80,201006,3,persistence,reference,176.81503300000003,97.73164275,201004,79.08339025000002
TH-80,201007,1,persistence,reference,238.591706,236.825359,201007,1.766346999999996
TH-80,201008,2,persistence,reference,285.240479,359.91952575,201007,-74.67904675
TH-80,201009,3,persistence,reference,45.756760000000014,188.70412325,201007,-142.94736325
TH-80,201010,1,persistence,reference,69.79267999999999,93.42542075,201010,-23.63274075000001
TH-80,201011,2,persistence,reference,176.527383,29.944109500000003,201010,146.5832735
TH-80,201012,3,persistence,reference,234.930558,19.73738,201010,215.193178
TH-81,201001,1,persistence,reference,5.101057000000001,4.3980935,201001,0.702963500000001
TH-81,201002,2,persistence,reference,4.864218000000001,3.4113605,201001,1.4528575000000012
TH-81,201003,3,persistence,reference,7.403130999999998,4.5888655,201001,2.8142654999999985
TH-81,201004,1,persistence,reference,4.69791,10.242418,201004,-5.544508
TH-81,201005,2,persistence,reference,50.352439,41.746275749999995,201004,8.606163250000002
TH-81,201006,3,persistence,reference,96.152017,70.930001,201004,25.222015999999996
TH-81,201007,1,persistence,reference,2.953138000000001,32.276535249999995,201007,-29.323397249999992
TH-81,201008,2,persistence,reference,3.896170999999999,44.62986175,201007,-40.73369075000001
TH-81,201009,3,persistence,reference,57.974901,17.38503625,201007,40.58986475
TH-81,201010,1,persistence,reference,21.712766,6.103381000000001,201010,15.609384999999998
TH-81,201011,2,persistence,reference,28.417584000000005,6.14827225,201010,22.269311750000007
TH-81,201012,3,persistence,reference,31.684879,7.328909250000001,201010,24.35596975
TH-82,201001,1,persistence,reference,2.6271770000000005,1.88786125,201001,0.7393157500000005
TH-82,201002,2,persistence,reference,3.371411,1.2632059999999998,201001,2.1082050000000003
TH-82,201003,3,persistence,reference,2.4920360000000006,2.28222375,201001,0.2098122500000006
TH-82,201004,1,persistence,reference,4.446695,6.803937250000001,201004,-2.3572422500000005
TH-82,201005,2,persistence,reference,6.698381999999999,4.1174947500000005,201004,2.580887249999998
TH-82,201006,3,persistence,reference,22.88528,12.96673875,201004,9.918541250000002
TH-82,201007,1,persistence,reference,10.178538,14.81555525,201007,-4.6370172499999995
TH-82,201008,2,persistence,reference,12.428562,23.0913785,201007,-10.662816500000002
TH-82,201009,3,persistence,reference,5.297114999999998,28.51158675,201007,-23.21447175
TH-82,201010,1,persistence,reference,16.48281,7.91459425,201010,8.56821575
TH-82,201011,2,persistence,reference,29.357156,2.6557387499999994,201010,26.70141725
TH-82,201012,3,persistence,reference,33.863316,5.1032642500000005,201010,28.760051749999995
TH-83,201001,1,persistence,reference,1.6573950000000002,1.7803225,201001,-0.1229274999999998
TH-83,201002,2,persistence,reference,5.710236000000001,6.3605855,201001,-0.650349499999999
TH-83,201003,3,persistence,reference,5.677765999999999,6.17287575,201001,-0.495109750000001
TH-83,201004,1,persistence,reference,2.624199000000001,2.09284575,201004,0.5313532500000009
TH-83,201005,2,persistence,reference,3.2432179999999997,4.07254075,201004,-0.8293227500000002
TH-83,201006,3,persistence,reference,21.79685,16.5483815,201004,5.248468499999998
TH-83,201007,1,persistence,reference,4.463646000000001,10.60954225,201007,-6.14589625
TH-83,201008,2,persistence,reference,12.443625,4.84011125,201007,7.603513750000001
TH-83,201009,3,persistence,reference,23.706392,2.4165737500000004,201007,21.28981825
TH-83,201010,1,persistence,reference,2.612941,2.26787825,201010,0.3450627500000003
TH-83,201011,2,persistence,reference,5.868252999999999,6.400204,201010,-0.5319510000000003
TH-83,201012,3,persistence,reference,5.205061000000001,5.45868425,201010,-0.2536232499999995
TH-84,201001,1,persistence,reference,13.951599000000002,17.871824,201001,-3.9202249999999985
TH-84,201002,2,persistence,reference,12.048004999999996,13.543505,201001,-1.4955000000000034
TH-84,201003,3,persistence,reference,13.604995000000002,10.64207925,201001,2.9629157500000023
TH-84,201004,1,persistence,reference,5.240901999999998,5.8317732499999995,201004,-0.5908712500000011
TH-84,201005,2,persistence,reference,44.342452,26.4773635,201004,17.865088500000002
TH-84,201006,3,persistence,reference,86.509174,40.583696,201004,45.925478
TH-84,201007,1,persistence,reference,86.544056,93.0345705,201007,-6.490514500000003
TH-84,201008,2,persistence,reference,127.972555,172.25914925,201007,-44.28659425000001
TH-84,201009,3,persistence,reference,40.071284,130.512422,201007,-90.441138
TH-84,201010,1,persistence,reference,87.511279,26.99070525,201010,60.52057375
TH-84,201011,2,persistence,reference,121.770356,10.338494999999998,201010,111.431861
TH-84,201012,3,persistence,reference,135.440156,8.725489750000001,201010,126.71466625
TH-85,201001,1,persistence,reference,4.140402,3.813799,201001,0.326603
TH-85,201002,2,persistence,reference,1.782454,1.086132,201001,0.6963219999999999
TH-85,201003,3,persistence,reference,4.5677330000000005,2.5269625,201001,2.0407705000000007
TH-85,201004,1,persistence,reference,1.9913899999999995,4.16530675,201004,-2.1739167500000005
TH-85,201005,2,persistence,reference,2.124328,2.576409,201004,-0.4520809999999997
TH-85,201006,3,persistence,reference,2.2647660000000007,5.745196250000001,201004,-3.4804302500000004
TH-85,201007,1,persistence,reference,6.93726,4.67602875,201007,2.26123125
TH-85,201008,2,persistence,reference,1.792814,2.9585365,201007,-1.1657225000000002
TH-85,201009,3,persistence,reference,6.491771,3.72964375,201007,2.76212725
TH-85,201010,1,persistence,reference,2.303266,1.8187949999999995,201010,0.4844710000000003
TH-85,201011,2,persistence,reference,1.2814299999999998,0.95876725,201010,0.3226627499999999
TH-85,201012,3,persistence,reference,1.956958,2.1675865,201010,-0.2106285000000001
TH-86,201001,1,persistence,reference,2.8686419999999995,1.640932,201001,1.2277099999999994
TH-86,201002,2,persistence,reference,4.067308999999998,1.62660975,201001,2.440699249999998
TH-86,201003,3,persistence,reference,5.716608000000001,2.39888875,201001,3.317719250000001
TH-86,201004,1,persistence,reference,3.444166000000001,3.239605,201004,0.2045610000000008
TH-86,201005,2,persistence,reference,13.294359000000002,8.5727465,201004,4.721612500000003
TH-86,201006,3,persistence,reference,32.310199,20.31155175,201004,11.998647249999998
TH-86,201007,1,persistence,reference,5.7472470000000015,9.44839675,201007,-3.701149749999999
TH-86,201008,2,persistence,reference,15.603945999999995,6.85122925,201007,8.752716749999994
TH-86,201009,3,persistence,reference,7.624259000000002,29.976661249999996,201007,-22.352402249999994
TH-86,201010,1,persistence,reference,12.430364,16.458453,201010,-4.028088999999998
TH-86,201011,2,persistence,reference,18.909518999999996,10.5265965,201010,8.382922499999996
TH-86,201012,3,persistence,reference,31.712649,2.5757945,201010,29.1368545
TH-90,201001,1,persistence,reference,32.528879,47.95472275,201001,-15.42584375
TH-90,201002,2,persistence,reference,9.891241999999998,23.280664,201001,-13.389422000000003
TH-90,201003,3,persistence,reference,15.437336000000002,20.13731625,201001,-4.699980249999999
TH-90,201004,1,persistence,reference,20.352564000000005,28.87530475,201004,-8.522740749999997
TH-90,201005,2,persistence,reference,51.709925000000005,24.010847499999997,201004,27.69907750000001
TH-90,201006,3,persistence,reference,202.083591,104.81710125,201004,97.26648975000002
TH-90,201007,1,persistence,reference,132.47208,213.33718625,201007,-80.86510625
TH-90,201008,2,persistence,reference,15.578185000000005,93.5923905,201007,-78.01420549999999
TH-90,201009,3,persistence,reference,94.731351,53.72897225,201007,41.002378750000005
TH-90,201010,1,persistence,reference,7.907913000000001,46.01280500000001,201010,-38.10489200000001
TH-90,201011,2,persistence,reference,43.081748999999995,23.503736250000003,201010,19.578012749999992
TH-90,201012,3,persistence,reference,62.25279200000001,18.041991000000003,201010,44.210801
TH-91,201001,1,persistence,reference,12.866319,18.88758575,201001,-6.021266749999999
TH-91,201002,2,persistence,reference,17.147385,25.50399975,201001,-8.356614749999999
TH-91,201003,3,persistence,reference,8.597487999999998,12.67231125,201001,-4.0748232500000015
TH-91,201004,1,persistence,reference,6.112870999999999,11.4608205,201004,-5.347949500000001
TH-91,201005,2,persistence,reference,72.29044,49.11759,201004,23.172850000000004
TH-91,201006,3,persistence,reference,91.63084,48.33498725,201004,43.29585275000001
TH-91,201007,1,persistence,reference,56.51427,19.015122,201007,37.499148000000005
TH-91,201008,2,persistence,reference,61.468432,14.2634435,201007,47.2049885
TH-91,201009,3,persistence,reference,62.905477999999995,9.69641975,201007,53.20905825
TH-91,201010,1,persistence,reference,7.700215999999999,8.9851595,201010,-1.284943500000001
TH-91,201011,2,persistence,reference,22.678449,5.11400125,201010,17.56444775
TH-91,201012,3,persistence,reference,20.173164,4.735467750000001,201010,15.437696249999998
TH-92,201001,1,persistence,reference,2.067896000000001,4.504384,201001,-2.436487999999999
TH-92,201002,2,persistence,reference,3.7040859999999967,1.06123725,201001,2.6428487499999966
TH-92,201003,3,persistence,reference,3.846546,1.264961,201001,2.581585
TH-92,201004,1,persistence,reference,5.925730999999999,5.430268750000001,201004,0.4954622499999983
TH-92,201005,2,persistence,reference,7.7385899999999985,3.3202197499999997,201004,4.418370249999999
TH-92,201006,3,persistence,reference,53.228739999999995,40.9742605,201004,12.254479499999997
TH-92,201007,1,persistence,reference,10.094089,15.43316725,201007,-5.33907825
TH-92,201008,2,persistence,reference,27.427175,7.520836750000001,201007,19.906338249999997
TH-92,201009,3,persistence,reference,34.204991,9.78051675,201007,24.42447425
TH-92,201010,1,persistence,reference,6.923706000000001,3.67537275,201010,3.248333250000001
TH-92,201011,2,persistence,reference,12.456742000000002,2.92960175,201010,9.527140250000002
TH-92,201012,3,persistence,reference,18.02725,5.84755625,201010,12.179693749999998
TH-93,201001,1,persistence,reference,5.457319,3.5409197499999996,201001,1.9163992500000004
TH-93,201002,2,persistence,reference,3.763587000000001,12.60724825,201001,-8.843661249999998
TH-93,201003,3,persistence,reference,4.643460000000001,6.959164,201001,-2.3157039999999993
TH-93,201004,1,persistence,reference,3.1842740000000003,3.0559665000000003,201004,0.1283075
TH-93,201005,2,persistence,reference,24.450115,10.9387425,201004,13.5113725
TH-93,201006,3,persistence,reference,35.554242,13.4317115,201004,22.122530500000003
TH-93,201007,1,persistence,reference,22.769622,28.23780275,201007,-5.468180750000002
TH-93,201008,2,persistence,reference,88.793014,110.015409,201007,-21.22239500000001
TH-93,201009,3,persistence,reference,72.88628499999999,117.39215975,201007,-44.50587475000002
TH-93,201010,1,persistence,reference,21.140324,62.15429575,201010,-41.01397175
TH-93,201011,2,persistence,reference,69.553938,20.918322000000003,201010,48.635616
TH-93,201012,3,persistence,reference,87.610645,13.0773585,201010,74.5332865
TH-94,201001,1,persistence,reference,10.360441000000002,21.172311,201001,-10.81187
TH-94,201002,2,persistence,reference,17.28982,33.7602675,201001,-16.4704475
TH-94,201003,3,persistence,reference,37.176665,56.169708,201001,-18.993043
TH-94,201004,1,persistence,reference,10.511568000000002,16.457031999999998,201004,-5.945463999999996
TH-94,201005,2,persistence,reference,39.00759599999999,50.511685750000005,201004,-11.504089750000013
TH-94,201006,3,persistence,reference,28.467147,29.886314,201004,-1.419166999999998
TH-94,201007,1,persistence,reference,55.59801499999999,42.761208,201007,12.836806999999986
TH-94,201008,2,persistence,reference,48.861266,48.408696,201007,0.4525700000000014
TH-94,201009,3,persistence,reference,4.19436,23.522268250000003,201007,-19.327908250000004
TH-94,201010,1,persistence,reference,46.163436999999995,9.9797645,201010,36.18367249999999
TH-94,201011,2,persistence,reference,56.079698,13.114327500000002,201010,42.9653705
TH-94,201012,3,persistence,reference,75.15212799999999,29.97411375,201010,45.17801424999999
TH-95,201001,1,persistence,reference,6.421961,40.61673575,201001,-34.19477474999999
TH-95,201002,2,persistence,reference,14.346567,15.83811875,201001,-1.4915517499999993
TH-95,201003,3,persistence,reference,9.274838000000004,11.54403,201001,-2.269191999999995
TH-95,201004,1,persistence,reference,15.173384,12.2717815,201004,2.901602500000001
TH-95,201005,2,persistence,reference,88.85257,25.80263025,201004,63.04993975
TH-95,201006,3,persistence,reference,119.405993,42.33567649999999,201004,77.0703165
TH-95,201007,1,persistence,reference,9.039432,34.676608,201007,-25.637176000000004
TH-95,201008,2,persistence,reference,33.346078,24.276810500000003,201007,9.069267499999995
TH-95,201009,3,persistence,reference,84.31823399999999,13.05511225,201007,71.26312174999998
TH-95,201010,1,persistence,reference,3.829369,26.29799,201010,-22.468621
TH-95,201011,2,persistence,reference,19.435530000000004,9.32129225,201010,10.114237750000004
TH-95,201012,3,persistence,reference,40.942234,6.21264975,201010,34.72958425
TH-96,201001,1,persistence,reference,12.954735,25.36866925,201001,-12.41393425
TH-96,201002,2,persistence,reference,6.853230000000002,17.8553125,201001,-11.002082499999998
TH-96,201003,3,persistence,reference,6.378054000000002,13.2524035,201001,-6.8743494999999974
TH-96,201004,1,persistence,reference,6.040054999999999,6.855180999999999,201004,-0.8151260000000002
TH-96,201005,2,persistence,reference,46.006277999999995,19.970078,201004,26.03619999999999
TH-96,201006,3,persistence,reference,154.883154,85.9392225,201004,68.94393149999999
TH-96,201007,1,persistence,reference,86.55521399999999,120.65203475,201007,-34.096820750000006
TH-96,201008,2,persistence,reference,170.197181,236.14750575,201007,-65.95032475
TH-96,201009,3,persistence,reference,29.338493999999997,142.4794245,201007,-113.1409305
TH-96,201010,1,persistence,reference,116.091214,26.95129175,201010,89.13992225
TH-96,201011,2,persistence,reference,160.417954,12.4740925,201010,147.9438615
TH-96,201012,3,persistence,reference,193.940617,17.1736055,201010,176.7670115
