model,location,time_period,horizon_distance,crps,abs_error,in_10_90,in_25_75,observed,split_first_period,n_samples
climatology,LA-AT,200801,1,4.0,4.0,0.0,0.0,4.0,200801,1000
climatology,LA-AT,200802,2,1.63,2.0,0.0,0.0,2.0,200801,1000
climatology,LA-AT,200803,3,0.0,0.0,1.0,1.0,0.0,200801,1000
climatology,LA-AT,200804,1,0.02,0.0,1.0,1.0,0.0,200804,1000
climatology,LA-AT,200805,2,3.45,4.0,0.0,0.0,4.0,200804,1000
climatology,LA-AT,200806,3,8.86,10.0,0.0,0.0,10.0,200804,1000
climatology,LA-AT,200807,1,4.54,6.0,0.0,0.0,6.0,200807,1000
climatology,LA-AT,200808,2,9.47,11.0,0.0,0.0,11.0,200807,1000
climatology,LA-AT,200809,3,17.57,24.0,0.0,0.0,24.0,200807,1000
climatology,LA-AT,200810,1,38.95,47.0,0.0,0.0,47.0,200810,1000
climatology,LA-AT,200811,2,43.0,43.0,0.0,0.0,43.0,200810,1000
climatology,LA-AT,200812,3,22.28,23.0,0.0,0.0,23.0,200810,1000
climatology,LA-AT,200901,1,17.305124,18.0,0.0,0.0,18.0,200901,1000
climatology,LA-AT,200902,2,45.164529,46.0,0.0,0.0,46.0,200901,1000
climatology,LA-AT,200903,3,77.0,77.0,0.0,0.0,77.0,200901,1000
climatology,LA-AT,200904,1,98.652562,99.0,0.0,0.0,99.0,200904,1000
climatology,LA-AT,200905,2,0.1242149999999999,0.0,1.0,1.0,0.0,200904,1000
climatology,LA-AT,200906,3,21.319868,24.0,0.0,0.0,24.0,200904,1000
climatology,LA-AT,200907,1,61.750116,64.0,0.0,0.0,64.0,200907,1000
climatology,LA-AT,200908,2,17.823736,21.0,0.0,0.0,21.0,200907,1000
climatology,LA-AT,200909,3,10.060613,17.0,1.0,0.0,17.0,200907,1000
climatology,LA-AT,200910,1,4.830283999999999,4.0,1.0,0.0,4.0,200910,1000
climatology,LA-AT,200911,2,13.444083,16.0,0.0,0.0,16.0,200910,1000
climatology,LA-AT,200912,3,4.502959,6.0,0.0,0.0,6.0,200910,1000
climatology,LA-BK,200801,1,0.81,1.0,0.0,0.0,1.0,200801,1000
climatology,LA-BK,200802,2,0.01,0.0,1.0,1.0,0.0,200801,1000
climatology,LA-BK,200803,3,0.01,0.0,1.0,1.0,0.0,200801,1000
climatology,LA-BK,200804,1,0.01,0.0,1.0,1.0,0.0,200804,1000
climatology,LA-BK,200805,2,11.64,12.0,0.0,0.0,12.0,200804,1000
climatology,LA-BK,200806,3,52.17,53.0,0.0,0.0,53.0,200804,1000
climatology,LA-BK,200807,1,0.6600000000000001,1.5,1.0,1.0,2.0,200807,1000
climatology,LA-BK,200808,2,6.84,9.0,0.0,0.0,9.0,200807,1000
climatology,LA-BK,200809,3,29.34,33.0,0.0,0.0,33.0,200807,1000
climatology,LA-BK,200810,1,44.92,46.5,0.0,0.0,48.0,200810,1000
climatology,LA-BK,200811,2,55.0,55.0,0.0,0.0,55.0,200810,1000
climatology,LA-BK,200812,3,5.0,5.0,0.0,0.0,5.0,200810,1000
climatology,LA-BK,200901,1,0.6691239999999999,1.0,1.0,0.0,1.0,200901,1000
climatology,LA-BK,200902,2,0.0082809999999999,0.0,1.0,1.0,0.0,200901,1000
climatology,LA-BK,200903,3,0.826281,1.0,0.0,0.0,1.0,200901,1000
climatology,LA-BK,200904,1,2.826281,3.0,0.0,0.0,3.0,200904,1000
climatology,LA-BK,200905,2,71.61762,74.0,0.0,0.0,74.0,200904,1000
climatology,LA-BK,200906,3,206.10648,216.0,0.0,0.0,216.0,200904,1000
climatology,LA-BK,200907,1,209.635455,211.0,0.0,0.0,212.0,200907,1000
climatology,LA-BK,200908,2,106.650017,110.0,0.0,0.0,110.0,200907,1000
climatology,LA-BK,200909,3,43.240067,52.0,0.0,0.0,52.0,200907,1000
climatology,LA-BK,200910,1,23.210034,29.0,0.0,0.0,31.0,200910,1000
climatology,LA-BK,200911,2,4.5454550000000005,5.0,0.0,0.0,5.0,200910,1000
climatology,LA-BK,200912,3,3.313405,4.0,0.0,0.0,4.0,200910,1000
climatology,LA-BL,200801,1,5.6899999999999995,8.0,0.0,0.0,10.0,200801,1000
climatology,LA-BL,200802,2,2.88,5.0,1.0,0.0,7.0,200801,1000
climatology,LA-BL,200803,3,2.29,3.0,1.0,1.0,1.0,200801,1000
climatology,LA-BL,200804,1,2.8299999999999996,3.5,1.0,1.0,3.0,200804,1000
climatology,LA-BL,200805,2,9.2,6.5,1.0,1.0,15.0,200804,1000
climatology,LA-BL,200806,3,10.070000000000002,17.5,1.0,1.0,19.0,200804,1000
climatology,LA-BL,200807,1,27.62,48.5,1.0,0.0,31.0,200807,1000
climatology,LA-BL,200808,2,19.03,37.5,1.0,1.0,32.0,200807,1000
climatology,LA-BL,200809,3,25.370000000000005,48.0,1.0,0.0,30.0,200807,1000
climatology,LA-BL,200810,1,16.870000000000005,25.5,0.0,0.0,5.0,200810,1000
climatology,LA-BL,200811,2,6.290000000000001,8.5,1.0,1.0,12.0,200810,1000
climatology,LA-BL,200812,3,2.05,1.0,1.0,1.0,1.0,200810,1000
climatology,LA-BL,200901,1,0.7038849999999999,0.0,1.0,1.0,2.0,200901,1000
climatology,LA-BL,200902,2,0.926381,1.0,1.0,1.0,3.0,200901,1000
climatology,LA-BL,200903,3,2.5287120000000005,4.0,1.0,0.0,0.0,200901,1000
climatology,LA-BL,200904,1,2.7938859999999996,4.0,1.0,1.0,2.0,200904,1000
climatology,LA-BL,200905,2,17.157429000000004,16.0,0.0,0.0,0.0,200904,1000
climatology,LA-BL,200906,3,16.873330000000003,19.0,0.0,0.0,7.0,200904,1000
climatology,LA-BL,200907,1,20.996472,42.0,1.0,1.0,35.0,200907,1000
climatology,LA-BL,200908,2,33.260011999999996,58.0,0.0,0.0,9.0,200907,1000
climatology,LA-BL,200909,3,41.130528,75.0,0.0,0.0,0.0,200907,1000
climatology,LA-BL,200910,1,17.210586000000003,29.0,0.0,0.0,1.0,200910,1000
climatology,LA-BL,200911,2,11.201476,13.0,1.0,0.0,2.0,200910,1000
climatology,LA-BL,200912,3,1.6965139999999996,1.0,1.0,1.0,1.0,200910,1000
climatology,LA-CH,200801,1,47.5,65.0,0.0,0.0,73.0,200801,1000
climatology,LA-CH,200802,2,53.03999999999999,86.5,0.0,0.0,90.0,200801,1000
climatology,LA-CH,200803,3,50.58,77.0,0.0,0.0,92.0,200801,1000
climatology,LA-CH,200804,1,31.85,52.5,1.0,0.0,69.0,200804,1000
climatology,LA-CH,200805,2,38.959999999999994,54.0,1.0,0.0,113.0,200804,1000
climatology,LA-CH,200806,3,127.17000000000002,172.5,0.0,0.0,295.0,200804,1000
climatology,LA-CH,200807,1,41.25,39.0,1.0,1.0,162.0,200807,1000
climatology,LA-CH,200808,2,42.510000000000005,22.0,1.0,1.0,143.0,200807,1000
climatology,LA-CH,200809,3,49.599999999999994,73.0,1.0,1.0,185.0,200807,1000
climatology,LA-CH,200810,1,37.669999999999995,53.0,1.0,0.0,140.0,200810,1000
climatology,LA-CH,200811,2,41.07000000000001,67.0,0.0,0.0,102.0,200810,1000
climatology,LA-CH,200812,3,33.34,49.5,1.0,0.0,73.0,200810,1000
climatology,LA-CH,200901,1,10.890717,19.0,1.0,1.0,31.0,200901,1000
climatology,LA-CH,200902,2,19.093116999999996,43.0,1.0,1.0,48.0,200901,1000
climatology,LA-CH,200903,3,21.42854,42.0,1.0,0.0,60.0,200901,1000
climatology,LA-CH,200904,1,53.487149,79.0,0.0,0.0,102.0,200904,1000
climatology,LA-CH,200905,2,19.053490000000004,1.0,1.0,1.0,66.0,200904,1000
climatology,LA-CH,200906,3,30.695037999999997,10.0,1.0,1.0,124.0,200904,1000
climatology,LA-CH,200907,1,45.004213,72.0,1.0,1.0,122.0,200907,1000
climatology,LA-CH,200908,2,44.17307600000001,38.0,1.0,1.0,110.0,200907,1000
climatology,LA-CH,200909,3,32.110839000000006,33.0,1.0,1.0,105.0,200907,1000
climatology,LA-CH,200910,1,23.227603,35.0,1.0,1.0,59.0,200910,1000
climatology,LA-CH,200911,2,12.418226999999998,3.0,1.0,1.0,35.0,200910,1000
climatology,LA-CH,200912,3,14.757385999999997,7.0,1.0,1.0,32.0,200910,1000
climatology,LA-HO,200801,1,0.01,0.0,1.0,1.0,0.0,200801,1000
climatology,LA-HO,200802,2,0.01,0.0,1.0,1.0,0.0,200801,1000
climatology,LA-HO,200803,3,0.01,0.0,1.0,1.0,0.0,200801,1000
climatology,LA-HO,200804,1,0.01,0.0,1.0,1.0,0.0,200804,1000
climatology,LA-HO,200805,2,0.0,0.0,1.0,1.0,0.0,200804,1000
climatology,LA-HO,200806,3,0.0599999999999999,0.0,1.0,1.0,0.0,200804,1000
climatology,LA-HO,200807,1,0.1999999999999999,0.0,1.0,1.0,0.0,200807,1000
climatology,LA-HO,200808,2,0.0,0.0,1.0,1.0,0.0,200807,1000
climatology,LA-HO,200809,3,0.6900000000000002,1.0,1.0,0.0,1.0,200807,1000
climatology,LA-HO,200810,1,0.02,0.0,1.0,1.0,0.0,200810,1000
climatology,LA-HO,200811,2,0.0,0.0,1.0,1.0,0.0,200810,1000
climatology,LA-HO,200812,3,0.65,1.0,1.0,0.0,1.0,200810,1000
climatology,LA-HO,200901,1,0.0082809999999999,0.0,1.0,1.0,0.0,200901,1000
climatology,LA-HO,200902,2,0.0082809999999999,0.0,1.0,1.0,0.0,200901,1000
climatology,LA-HO,200903,3,0.0082809999999999,0.0,1.0,1.0,0.0,200901,1000
climatology,LA-HO,200904,1,0.0082809999999999,0.0,1.0,1.0,0.0,200904,1000
climatology,LA-HO,200905,2,0.0,0.0,1.0,1.0,0.0,200904,1000
climatology,LA-HO,200906,3,0.049686,0.0,1.0,1.0,0.0,200904,1000
climatology,LA-HO,200907,1,0.16562,0.0,1.0,1.0,0.0,200907,1000
climatology,LA-HO,200908,2,0.0,0.0,1.0,1.0,0.0,200907,1000
climatology,LA-HO,200909,3,0.5699339999999999,1.0,1.0,1.0,1.0,200907,1000
climatology,LA-HO,200910,1,0.834562,1.0,0.0,0.0,1.0,200910,1000
climatology,LA-HO,200911,2,1.0,1.0,0.0,0.0,1.0,200910,1000
climatology,LA-HO,200912,3,0.53681,1.0,1.0,1.0,1.0,200910,1000
climatology,LA-KH,200801,1,1.1499999999999997,0.0,1.0,1.0,0.0,200801,1000
climatology,LA-KH,200802,2,0.1499999999999999,0.0,1.0,1.0,0.0,200801,1000
climatology,LA-KH,200803,3,0.04,0.0,1.0,1.0,0.0,200801,1000
climatology,LA-KH,200804,1,0.1099999999999999,0.0,1.0,1.0,0.0,200804,1000
climatology,LA-KH,200805,2,1.38,0.5,1.0,1.0,0.0,200804,1000
climatology,LA-KH,200806,3,8.940000000000001,6.0,1.0,1.0,1.0,200804,1000
climatology,LA-KH,200807,1,35.06999999999999,31.0,1.0,1.0,3.0,200807,1000
climatology,LA-KH,200808,2,37.92,43.0,1.0,0.0,0.0,200807,1000
climatology,LA-KH,200809,3,14.089999999999996,7.5,1.0,1.0,4.0,200807,1000
climatology,LA-KH,200810,1,5.470000000000001,5.0,1.0,1.0,1.0,200810,1000
climatology,LA-KH,200811,2,1.4299999999999995,2.5,1.0,1.0,3.0,200810,1000
climatology,LA-KH,200812,3,3.69,4.0,1.0,0.0,4.0,200810,1000
climatology,LA-KH,200901,1,0.9523149999999996,0.0,1.0,1.0,0.0,200901,1000
climatology,LA-KH,200902,2,0.1242149999999999,0.0,1.0,1.0,0.0,200901,1000
climatology,LA-KH,200903,3,5.305124,6.0,0.0,0.0,6.0,200901,1000
climatology,LA-KH,200904,1,0.091091,0.0,1.0,1.0,0.0,200904,1000
climatology,LA-KH,200905,2,4.0487779999999995,6.0,1.0,0.0,6.0,200904,1000
climatology,LA-KH,200906,3,46.36775900000001,74.0,1.0,0.0,80.0,200904,1000
climatology,LA-KH,200907,1,68.223464,127.0,1.0,1.0,155.0,200907,1000
climatology,LA-KH,200908,2,171.36027,263.0,0.0,0.0,303.0,200907,1000
climatology,LA-KH,200909,3,187.121383,267.0,0.0,0.0,277.0,200907,1000
climatology,LA-KH,200910,1,57.593343,80.0,0.0,0.0,85.0,200910,1000
climatology,LA-KH,200911,2,54.814001,60.0,0.0,0.0,61.0,200910,1000
climatology,LA-KH,200912,3,52.764233,67.0,0.0,0.0,67.0,200910,1000
climatology,LA-LM,200801,1,0.0,0.0,1.0,1.0,0.0,200801,1000
climatology,LA-LM,200802,2,0.0,0.0,1.0,1.0,0.0,200801,1000
climatology,LA-LM,200803,3,0.0499999999999999,0.0,1.0,1.0,0.0,200801,1000
climatology,LA-LM,200804,1,0.01,0.0,1.0,1.0,0.0,200804,1000
climatology,LA-LM,200805,2,0.0,0.0,1.0,1.0,0.0,200804,1000
climatology,LA-LM,200806,3,0.0,0.0,1.0,1.0,0.0,200804,1000
climatology,LA-LM,200807,1,0.0499999999999999,0.0,1.0,1.0,0.0,200807,1000
climatology,LA-LM,200808,2,0.0299999999999999,0.0,1.0,1.0,0.0,200807,1000
climatology,LA-LM,200809,3,0.0,0.0,1.0,1.0,0.0,200807,1000
climatology,LA-LM,200810,1,0.09,0.0,1.0,1.0,0.0,200810,1000
climatology,LA-LM,200811,2,0.02,0.0,1.0,1.0,0.0,200810,1000
climatology,LA-LM,200812,3,0.0,0.0,1.0,1.0,0.0,200810,1000
climatology,LA-LM,200901,1,0.0,0.0,1.0,1.0,0.0,200901,1000
climatology,LA-LM,200902,2,0.0,0.0,1.0,1.0,0.0,200901,1000
climatology,LA-LM,200903,3,0.041405,0.0,1.0,1.0,0.0,200901,1000
climatology,LA-LM,200904,1,0.826281,1.0,0.0,0.0,1.0,200904,1000
climatology,LA-LM,200905,2,0.0,0.0,1.0,1.0,0.0,200904,1000
climatology,LA-LM,200906,3,2.0,2.0,0.0,0.0,2.0,200904,1000
climatology,LA-LM,200907,1,0.677405,1.0,1.0,0.0,1.0,200907,1000
climatology,LA-LM,200908,2,0.024843,0.0,1.0,1.0,0.0,200907,1000
climatology,LA-LM,200909,3,4.0,4.0,0.0,0.0,4.0,200907,1000
climatology,LA-LM,200910,1,4.164529,5.0,0.0,0.0,5.0,200910,1000
climatology,LA-LM,200911,2,5.652562,6.0,0.0,0.0,6.0,200910,1000
climatology,LA-LM,200912,3,4.0,4.0,0.0,0.0,4.0,200910,1000
climatology,LA-LP,200801,1,0.1999999999999999,0.0,1.0,1.0,0.0,200801,1000
climatology,LA-LP,200802,2,13.92,16.0,0.0,0.0,16.0,200801,1000
climatology,LA-LP,200803,3,20.81,22.0,0.0,0.0,22.0,200801,1000
climatology,LA-LP,200804,1,31.229999999999997,32.5,0.0,0.0,33.0,200804,1000
climatology,LA-LP,200805,2,107.3,113.0,0.0,0.0,116.0,200804,1000
climatology,LA-LP,200806,3,132.97,153.0,0.0,0.0,160.0,200804,1000
climatology,LA-LP,200807,1,10.659999999999998,13.5,1.0,0.0,16.0,200807,1000
climatology,LA-LP,200808,2,12.43,17.0,1.0,1.0,13.0,200807,1000
climatology,LA-LP,200809,3,10.5,12.5,1.0,1.0,14.0,200807,1000
climatology,LA-LP,200810,1,9.55,15.0,1.0,0.0,33.0,200810,1000
climatology,LA-LP,200811,2,103.0,107.0,0.0,0.0,116.0,200810,1000
climatology,LA-LP,200812,3,126.82,158.5,0.0,0.0,161.0,200810,1000
climatology,LA-LP,200901,1,0.16562,0.0,1.0,1.0,0.0,200901,1000
climatology,LA-LP,200902,2,0.5962320000000001,0.0,1.0,1.0,0.0,200901,1000
climatology,LA-LP,200903,3,0.4720169999999997,0.0,1.0,1.0,0.0,200901,1000
climatology,LA-LP,200904,1,0.8104469999999999,1.0,1.0,1.0,0.0,200904,1000
climatology,LA-LP,200905,2,3.589589,3.0,1.0,0.0,0.0,200904,1000
climatology,LA-LP,200906,3,5.813261999999998,0.0,1.0,1.0,9.0,200904,1000
climatology,LA-LP,200907,1,4.452995999999999,2.0,1.0,1.0,30.0,200907,1000
climatology,LA-LP,200908,2,8.377825999999999,2.0,1.0,1.0,32.0,200907,1000
climatology,LA-LP,200909,3,238.358321,292.0,0.0,0.0,313.0,200907,1000
climatology,LA-LP,200910,1,126.23871400000002,147.0,0.0,0.0,165.0,200910,1000
climatology,LA-LP,200911,2,61.383126999999995,78.0,0.0,0.0,87.0,200910,1000
climatology,LA-LP,200912,3,7.821726000000002,3.0,1.0,1.0,0.0,200910,1000
climatology,LA-OU,200801,1,0.0,0.0,1.0,1.0,0.0,200801,1000
climatology,LA-OU,200802,2,0.0,0.0,1.0,1.0,0.0,200801,1000
climatology,LA-OU,200803,3,0.0,0.0,1.0,1.0,0.0,200801,1000
climatology,LA-OU,200804,1,0.0,0.0,1.0,1.0,0.0,200804,1000
climatology,LA-OU,200805,2,0.01,0.0,1.0,1.0,0.0,200804,1000
climatology,LA-OU,200806,3,0.01,0.0,1.0,1.0,0.0,200804,1000
climatology,LA-OU,200807,1,0.04,0.0,1.0,1.0,0.0,200807,1000
climatology,LA-OU,200808,2,0.12,0.0,1.0,1.0,0.0,200807,1000
climatology,LA-OU,200809,3,0.04,0.0,1.0,1.0,0.0,200807,1000
climatology,LA-OU,200810,1,0.0799999999999999,0.0,1.0,1.0,0.0,200810,1000
climatology,LA-OU,200811,2,0.01,0.0,1.0,1.0,0.0,200810,1000
climatology,LA-OU,200812,3,0.0,0.0,1.0,1.0,0.0,200810,1000
climatology,LA-OU,200901,1,0.0,0.0,1.0,1.0,0.0,200901,1000
climatology,LA-OU,200902,2,0.0,0.0,1.0,1.0,0.0,200901,1000
climatology,LA-OU,200903,3,0.0,0.0,1.0,1.0,0.0,200901,1000
climatology,LA-OU,200904,1,0.0,0.0,1.0,1.0,0.0,200904,1000
climatology,LA-OU,200905,2,0.0082809999999999,0.0,1.0,1.0,0.0,200904,1000
climatology,LA-OU,200906,3,0.0082809999999999,0.0,1.0,1.0,0.0,200904,1000
climatology,LA-OU,200907,1,0.0331239999999999,0.0,1.0,1.0,0.0,200907,1000
climatology,LA-OU,200908,2,0.7353719999999999,1.0,1.0,0.0,1.0,200907,1000
climatology,LA-OU,200909,3,14.669124,15.0,0.0,0.0,15.0,200907,1000
climatology,LA-OU,200910,1,4.974247999999999,6.0,0.0,0.0,6.0,200910,1000
climatology,LA-OU,200911,2,12.826281,13.0,0.0,0.0,13.0,200910,1000
climatology,LA-OU,200912,3,18.0,18.0,0.0,0.0,18.0,200910,1000
climatology,LA-PH,200901,1,0.0,0.0,1.0,1.0,0.0,200901,1000
climatology,LA-PH,200902,2,0.0,0.0,1.0,1.0,0.0,200901,1000
climatology,LA-PH,200903,3,0.0,0.0,1.0,1.0,0.0,200901,1000
climatology,LA-PH,200904,1,0.0,0.0,1.0,1.0,0.0,200904,1000
climatology,LA-PH,200905,2,0.0,0.0,1.0,1.0,0.0,200904,1000
climatology,LA-PH,200906,3,0.0,0.0,1.0,1.0,0.0,200904,1000
climatology,LA-PH,200907,1,0.0,0.0,1.0,1.0,0.0,200907,1000
climatology,LA-PH,200909,3,0.04,0.0,1.0,1.0,0.0,200907,1000
climatology,LA-PH,200910,1,0.0,0.0,1.0,1.0,0.0,200910,1000
climatology,LA-PH,200911,2,0.0,0.0,1.0,1.0,0.0,200910,1000
climatology,LA-PH,200912,3,0.0,0.0,1.0,1.0,0.0,200910,1000
climatology,LA-SL,200801,1,0.1099999999999999,0.0,1.0,1.0,0.0,200801,1000
climatology,LA-SL,200802,2,1.0,1.0,0.0,0.0,1.0,200801,1000
climatology,LA-SL,200803,3,4.62,5.0,0.0,0.0,5.0,200801,1000
climatology,LA-SL,200804,1,2.0,2.0,0.0,0.0,2.0,200804,1000
climatology,LA-SL,200805,2,82.75,105.0,0.0,0.0,105.0,200804,1000
climatology,LA-SL,200806,3,206.97,226.0,0.0,0.0,226.0,200804,1000
climatology,LA-SL,200807,1,75.25,77.0,0.0,0.0,78.0,200807,1000
climatology,LA-SL,200808,2,52.45,62.0,0.0,0.0,63.0,200807,1000
climatology,LA-SL,200809,3,76.05,85.0,0.0,0.0,85.0,200807,1000
climatology,LA-SL,200810,1,89.54,91.0,0.0,0.0,91.0,200810,1000
climatology,LA-SL,200811,2,19.16,21.0,0.0,0.0,21.0,200810,1000
climatology,LA-SL,200812,3,5.69,8.0,0.0,0.0,8.0,200810,1000
climatology,LA-SL,200901,1,0.545091,1.0,1.0,1.0,1.0,200901,1000
climatology,LA-SL,200902,2,23.826281,24.0,0.0,0.0,24.0,200901,1000
climatology,LA-SL,200903,3,23.817091,25.0,0.0,0.0,25.0,200901,1000
climatology,LA-SL,200904,1,18.652562,19.0,0.0,0.0,19.0,200904,1000
climatology,LA-SL,200905,2,83.899938,122.0,0.0,0.0,122.0,200904,1000
climatology,LA-SL,200906,3,30.133145000000003,42.0,1.0,0.0,42.0,200904,1000
climatology,LA-SL,200907,1,148.17646399999998,163.0,0.0,0.0,164.0,200907,1000
climatology,LA-SL,200908,2,107.331804,125.0,0.0,0.0,127.0,200907,1000
climatology,LA-SL,200909,3,68.83130799999999,91.0,0.0,0.0,91.0,200907,1000
climatology,LA-SL,200910,1,76.984001,94.0,0.0,0.0,94.0,200910,1000
climatology,LA-SL,200911,2,38.830017000000005,44.0,0.0,0.0,44.0,200910,1000
climatology,LA-SL,200912,3,13.699703,17.0,0.0,0.0,17.0,200910,1000
climatology,LA-SV,200801,1,1.7800000000000002,0.5,1.0,1.0,1.0,200801,1000
climatology,LA-SV,200802,2,0.6200000000000001,0.5,1.0,1.0,1.0,200801,1000
climatology,LA-SV,200803,3,1.42,1.0,1.0,1.0,1.0,200801,1000
climatology,LA-SV,200804,1,6.08,7.0,0.0,0.0,0.0,200804,1000
climatology,LA-SV,200805,2,27.53,36.0,0.0,0.0,1.0,200804,1000
climatology,LA-SV,200806,3,67.57,70.5,1.0,0.0,10.0,200804,1000
climatology,LA-SV,200807,1,150.21999999999997,218.0,1.0,0.0,11.0,200807,1000
climatology,LA-SV,200808,2,140.25,205.0,1.0,0.0,4.0,200807,1000
climatology,LA-SV,200809,3,115.49,178.0,0.0,0.0,2.0,200807,1000
climatology,LA-SV,200810,1,53.19,81.0,1.0,0.0,10.0,200810,1000
climatology,LA-SV,200811,2,12.810000000000002,14.0,1.0,1.0,2.0,200810,1000
climatology,LA-SV,200812,3,8.030000000000001,4.5,1.0,1.0,0.0,200810,1000
climatology,LA-SV,200901,1,1.7460180000000003,1.0,1.0,1.0,0.0,200901,1000
climatology,LA-SV,200902,2,0.6034219999999999,1.0,1.0,1.0,0.0,200901,1000
climatology,LA-SV,200903,3,1.0848110000000002,0.0,1.0,1.0,0.0,200901,1000
climatology,LA-SV,200904,1,5.027028,6.0,1.0,0.0,0.0,200904,1000
climatology,LA-SV,200905,2,23.760858999999996,31.0,0.0,0.0,0.0,200904,1000
climatology,LA-SV,200906,3,63.428528,72.0,0.0,0.0,1.0,200904,1000
climatology,LA-SV,200907,1,123.24315,212.0,1.0,1.0,13.0,200907,1000
climatology,LA-SV,200908,2,102.30625,137.0,1.0,1.0,34.0,200907,1000
climatology,LA-SV,200909,3,77.799763,132.0,1.0,1.0,48.0,200907,1000
climatology,LA-SV,200910,1,41.95170999999999,73.0,1.0,1.0,16.0,200910,1000
climatology,LA-SV,200911,2,12.497231,19.0,1.0,1.0,33.0,200910,1000
climatology,LA-SV,200912,3,6.103097000000002,0.0,1.0,1.0,4.0,200910,1000
climatology,LA-VT,200801,1,10.87,11.0,1.0,1.0,29.0,200801,1000
climatology,LA-VT,200802,2,9.38,14.5,0.0,0.0,12.0,200801,1000
climatology,LA-VT,200803,3,4.52,2.5,1.0,1.0,26.0,200801,1000
climatology,LA-VT,200804,1,36.69,50.0,0.0,0.0,4.0,200804,1000
climatology,LA-VT,200805,2,62.27,92.0,0.0,0.0,17.0,200804,1000
climatology,LA-VT,200806,3,83.00999999999999,93.0,0.0,0.0,60.0,200804,1000
climatology,LA-VT,200807,1,191.24999999999997,247.0,0.0,0.0,132.0,200807,1000
climatology,LA-VT,200808,2,165.86,220.0,0.0,0.0,144.0,200807,1000
climatology,LA-VT,200809,3,113.29999999999998,176.5,1.0,0.0,158.0,200807,1000
climatology,LA-VT,200810,1,129.48000000000002,243.5,0.0,0.0,95.0,200810,1000
climatology,LA-VT,200811,2,36.84,40.5,1.0,1.0,129.0,200810,1000
climatology,LA-VT,200812,3,17.979999999999997,8.0,1.0,1.0,91.0,200810,1000
climatology,LA-VT,200901,1,7.815081999999997,2.0,1.0,1.0,38.0,200901,1000
climatology,LA-VT,200902,2,3.934482,6.0,1.0,1.0,20.0,200901,1000
climatology,LA-VT,200903,3,7.282829999999999,9.0,1.0,0.0,19.0,200901,1000
climatology,LA-VT,200904,1,9.680054000000002,20.0,1.0,1.0,33.0,200904,1000
climatology,LA-VT,200905,2,27.720475,55.0,1.0,1.0,54.0,200904,1000
climatology,LA-VT,200906,3,38.075081999999995,45.0,1.0,0.0,104.0,200904,1000
climatology,LA-VT,200907,1,86.36204900000001,46.0,1.0,1.0,302.0,200907,1000
climatology,LA-VT,200908,2,101.891894,104.0,1.0,1.0,356.0,200907,1000
climatology,LA-VT,200909,3,112.384425,153.0,1.0,1.0,470.0,200907,1000
climatology,LA-VT,200910,1,145.485435,277.0,0.0,0.0,527.0,200910,1000
climatology,LA-VT,200911,2,297.66520299999996,381.0,0.0,0.0,521.0,200910,1000
climatology,LA-VT,200912,3,224.551238,275.0,0.0,0.0,366.0,200910,1000
climatology,LA-XA,200801,1,0.17,0.0,1.0,1.0,0.0,200801,1000
climatology,LA-XA,200802,2,0.9500000000000002,0.0,1.0,1.0,0.0,200801,1000
climatology,LA-XA,200803,3,0.7399999999999998,0.5,1.0,1.0,0.0,200801,1000
climatology,LA-XA,200804,1,3.460000000000001,2.5,0.0,0.0,0.0,200804,1000
climatology,LA-XA,200805,2,5.659999999999997,0.5,1.0,1.0,2.0,200804,1000
climatology,LA-XA,200806,3,14.03,1.5,1.0,1.0,6.0,200804,1000
climatology,LA-XA,200807,1,24.69,49.0,1.0,1.0,19.0,200807,1000
climatology,LA-XA,200808,2,9.729999999999997,8.0,1.0,1.0,7.0,200807,1000
climatology,LA-XA,200809,3,4.75,2.0,1.0,0.0,1.0,200807,1000
climatology,LA-XA,200810,1,1.5699999999999994,1.0,1.0,1.0,3.0,200810,1000
climatology,LA-XA,200811,2,1.83,1.5,1.0,0.0,2.0,200810,1000
climatology,LA-XA,200812,3,1.9600000000000009,1.0,1.0,1.0,1.0,200810,1000
climatology,LA-XA,200901,1,0.1407769999999999,0.0,1.0,1.0,0.0,200901,1000
climatology,LA-XA,200902,2,0.7866949999999999,0.0,1.0,1.0,0.0,200901,1000
climatology,LA-XA,200903,3,0.6127940000000001,0.0,1.0,1.0,0.0,200901,1000
climatology,LA-XA,200904,1,2.8624980000000004,2.0,1.0,0.0,0.0,200904,1000
climatology,LA-XA,200905,2,4.777046000000006,1.0,1.0,1.0,1.0,200904,1000
climatology,LA-XA,200906,3,13.430243,8.0,1.0,1.0,14.0,200904,1000
climatology,LA-XA,200907,1,22.570512,55.0,1.0,1.0,11.0,200907,1000
climatology,LA-XA,200908,2,13.305413,30.0,1.0,1.0,37.0,200907,1000
climatology,LA-XA,200909,3,6.654747,8.0,1.0,1.0,11.0,200907,1000
climatology,LA-XA,200910,1,2.0250260000000004,3.0,1.0,1.0,5.0,200910,1000
climatology,LA-XA,200911,2,3.421968000000001,4.0,1.0,0.0,5.0,200910,1000
climatology,LA-XA,200912,3,1.5319850000000006,0.0,1.0,1.0,0.0,200910,1000
climatology,LA-XE,200801,1,0.09,0.0,1.0,1.0,0.0,200801,1000
climatology,LA-XE,200802,2,0.12,0.0,1.0,1.0,0.0,200801,1000
climatology,LA-XE,200803,3,0.0,0.0,1.0,1.0,0.0,200801,1000
climatology,LA-XE,200804,1,0.0246419999999999,0.0,1.0,1.0,0.0,200804,1000
climatology,LA-XE,200805,2,0.08,0.0,1.0,1.0,0.0,200804,1000
climatology,LA-XE,200806,3,3.15,4.5,0.0,0.0,5.0,200804,1000
climatology,LA-XE,200807,1,0.4000000000000001,0.0,1.0,1.0,0.0,200807,1000
climatology,LA-XE,200808,2,0.1899999999999999,0.0,1.0,1.0,0.0,200807,1000
climatology,LA-XE,200809,3,0.6699999999999999,1.0,1.0,1.0,1.0,200807,1000
climatology,LA-XE,200810,1,0.5599999999999998,0.5,1.0,1.0,0.0,200810,1000
climatology,LA-XE,200811,2,0.0246419999999999,0.0,1.0,1.0,0.0,200810,1000
climatology,LA-XE,200812,3,0.790321,1.0,1.0,0.0,1.0,200810,1000
climatology,LA-XE,200901,1,0.074529,0.0,1.0,1.0,0.0,200901,1000
climatology,LA-XE,200902,2,1.371372,2.0,1.0,0.0,2.0,200901,1000
climatology,LA-XE,200903,3,2.0,2.0,0.0,0.0,2.0,200901,1000
climatology,LA-XE,200904,1,0.8200000000000001,1.0,0.0,0.0,1.0,200904,1000
climatology,LA-XE,200905,2,1.338248,2.0,1.0,0.0,2.0,200904,1000
climatology,LA-XE,200906,3,6.6023309999999995,8.0,0.0,0.0,9.0,200904,1000
climatology,LA-XE,200907,1,26.41924,29.0,0.0,0.0,29.0,200907,1000
climatology,LA-XE,200908,2,25.883339,27.0,0.0,0.0,27.0,200907,1000
climatology,LA-XE,200909,3,4.097554,6.0,0.0,0.0,6.0,200907,1000
climatology,LA-XE,200910,1,4.551736,7.0,0.0,0.0,7.0,200910,1000
climatology,LA-XE,200911,2,2.6199999999999997,3.0,0.0,0.0,3.0,200910,1000
climatology,LA-XE,200912,3,6.64,7.0,0.0,0.0,7.0,200910,1000
climatology,LA-XI,200801,1,0.0,0.0,1.0,1.0,0.0,200801,1000
climatology,LA-XI,200802,2,0.0,0.0,1.0,1.0,0.0,200801,1000
climatology,LA-XI,200803,3,0.0,0.0,1.0,1.0,0.0,200801,1000
climatology,LA-XI,200804,1,0.0,0.0,1.0,1.0,0.0,200804,1000
climatology,LA-XI,200805,2,0.0,0.0,1.0,1.0,0.0,200804,1000
climatology,LA-XI,200806,3,1.0,1.0,0.0,0.0,1.0,200804,1000
climatology,LA-XI,200807,1,0.0,0.0,1.0,1.0,0.0,200807,1000
climatology,LA-XI,200808,2,0.02,0.0,1.0,1.0,0.0,200807,1000
climatology,LA-XI,200809,3,0.01,0.0,1.0,1.0,0.0,200807,1000
climatology,LA-XI,200810,1,0.0,0.0,1.0,1.0,0.0,200810,1000
climatology,LA-XI,200811,2,0.01,0.0,1.0,1.0,0.0,200810,1000
climatology,LA-XI,200812,3,0.0,0.0,1.0,1.0,0.0,200810,1000
climatology,LA-XI,200901,1,0.0,0.0,1.0,1.0,0.0,200901,1000
climatology,LA-XI,200902,2,0.0,0.0,1.0,1.0,0.0,200901,1000
climatology,LA-XI,200903,3,0.0,0.0,1.0,1.0,0.0,200901,1000
climatology,LA-XI,200904,1,0.0,0.0,1.0,1.0,0.0,200904,1000
climatology,LA-XI,200905,2,39.0,39.0,0.0,0.0,39.0,200904,1000
climatology,LA-XI,200906,3,32.826281,33.0,0.0,0.0,33.0,200904,1000
climatology,LA-XI,200907,1,1.0,1.0,0.0,0.0,1.0,200907,1000
climatology,LA-XI,200908,2,9.652562,10.0,0.0,0.0,10.0,200907,1000
climatology,LA-XI,200909,3,0.0082809999999999,0.0,1.0,1.0,0.0,200907,1000
climatology,LA-XI,200910,1,0.0,0.0,1.0,1.0,0.0,200910,1000
climatology,LA-XI,200911,2,0.0082809999999999,0.0,1.0,1.0,0.0,200910,1000
climatology,LA-XI,200912,3,0.0,0.0,1.0,1.0,0.0,200910,1000
ensemble,LA-AT,200801,1,3.632036,4.0,0.0,0.0,4.0,200801,1000
ensemble,LA-AT,200802,2,1.728047,2.0,0.0,0.0,2.0,200801,1000
ensemble,LA-AT,200803,3,0.016381,0.0,1.0,1.0,0.0,200801,1000
ensemble,LA-AT,200804,1,0.0185089999999999,0.0,1.0,1.0,0.0,200804,1000
ensemble,LA-AT,200805,2,3.146657,4.0,0.0,0.0,4.0,200804,1000
ensemble,LA-AT,200806,3,8.003693,10.0,0.0,0.0,10.0,200804,1000
ensemble,LA-AT,200807,1,3.761572,6.0,1.0,0.0,6.0,200807,1000
ensemble,LA-AT,200808,2,7.039131,11.0,1.0,0.0,11.0,200807,1000
ensemble,LA-AT,200809,3,19.25094,24.0,0.0,0.0,24.0,200807,1000
ensemble,LA-AT,200810,1,42.526132,47.0,0.0,0.0,47.0,200810,1000
ensemble,LA-AT,200811,2,40.248661,43.0,0.0,0.0,43.0,200810,1000
ensemble,LA-AT,200812,3,21.001407,23.0,0.0,0.0,23.0,200810,1000
ensemble,LA-AT,200901,1,16.45021,18.0,0.0,0.0,18.0,200901,1000
ensemble,LA-AT,200902,2,44.267625,46.0,0.0,0.0,46.0,200901,1000
ensemble,LA-AT,200903,3,75.006132,77.0,0.0,0.0,77.0,200901,1000
ensemble,LA-AT,200904,1,94.191736,99.0,0.0,0.0,99.0,200904,1000
ensemble,LA-AT,200905,2,0.1617259999999998,0.0,1.0,1.0,0.0,200904,1000
ensemble,LA-AT,200906,3,19.849212,24.0,0.0,0.0,24.0,200904,1000
ensemble,LA-AT,200907,1,56.792271,64.0,0.0,0.0,64.0,200907,1000
ensemble,LA-AT,200908,2,14.748947,21.0,0.0,0.0,21.0,200907,1000
ensemble,LA-AT,200909,3,12.046734,17.0,0.0,0.0,17.0,200907,1000
ensemble,LA-AT,200910,1,2.6275150000000003,4.0,1.0,0.0,4.0,200910,1000
ensemble,LA-AT,200911,2,13.078212,16.0,0.0,0.0,16.0,200910,1000
ensemble,LA-AT,200912,3,4.861322,6.0,0.0,0.0,6.0,200910,1000
ensemble,LA-BK,200801,1,0.7681330000000001,1.0,1.0,0.0,1.0,200801,1000
ensemble,LA-BK,200802,2,0.0175139999999999,0.0,1.0,1.0,0.0,200801,1000
ensemble,LA-BK,200803,3,0.016468,0.0,1.0,1.0,0.0,200801,1000
ensemble,LA-BK,200804,1,0.0357939999999999,0.0,1.0,1.0,0.0,200804,1000
ensemble,LA-BK,200805,2,10.870512,12.0,0.0,0.0,12.0,200804,1000
ensemble,LA-BK,200806,3,51.336856,53.0,0.0,0.0,53.0,200804,1000
ensemble,LA-BK,200807,1,0.998933,2.0,1.0,1.0,2.0,200807,1000
ensemble,LA-BK,200808,2,5.689978,9.0,0.0,0.0,9.0,200807,1000
ensemble,LA-BK,200809,3,27.765265000000003,33.0,0.0,0.0,33.0,200807,1000
ensemble,LA-BK,200810,1,43.832545,48.0,0.0,0.0,48.0,200810,1000
ensemble,LA-BK,200811,2,52.208978,55.0,0.0,0.0,55.0,200810,1000
ensemble,LA-BK,200812,3,4.088557,5.0,0.0,0.0,5.0,200810,1000
ensemble,LA-BK,200901,1,0.748966,1.0,1.0,0.0,1.0,200901,1000
ensemble,LA-BK,200902,2,0.0346459999999999,0.0,1.0,1.0,0.0,200901,1000
ensemble,LA-BK,200903,3,0.7261979999999999,1.0,1.0,0.0,1.0,200901,1000
ensemble,LA-BK,200904,1,2.479922,3.0,0.0,0.0,3.0,200904,1000
ensemble,LA-BK,200905,2,72.775075,74.0,0.0,0.0,74.0,200904,1000
ensemble,LA-BK,200906,3,212.838992,216.0,0.0,0.0,216.0,200904,1000
ensemble,LA-BK,200907,1,197.85237,212.0,0.0,0.0,212.0,200907,1000
ensemble,LA-BK,200908,2,100.148187,110.0,0.0,0.0,110.0,200907,1000
ensemble,LA-BK,200909,3,44.993109999999994,52.0,0.0,0.0,52.0,200907,1000
ensemble,LA-BK,200910,1,26.483599,31.0,0.0,0.0,31.0,200910,1000
ensemble,LA-BK,200911,2,3.784898,5.0,0.0,0.0,5.0,200910,1000
ensemble,LA-BK,200912,3,3.1933229999999995,4.0,0.0,0.0,4.0,200910,1000
ensemble,LA-BL,200801,1,4.281254000000001,8.0,1.0,0.0,10.0,200801,1000
ensemble,LA-BL,200802,2,2.850859,5.0,1.0,0.0,7.0,200801,1000
ensemble,LA-BL,200803,3,1.3338789999999996,1.0,1.0,1.0,1.0,200801,1000
ensemble,LA-BL,200804,1,2.0436569999999996,1.0,1.0,1.0,3.0,200804,1000
ensemble,LA-BL,200805,2,4.442153999999999,5.0,1.0,1.0,15.0,200804,1000
ensemble,LA-BL,200806,3,9.437666,6.0,1.0,1.0,19.0,200804,1000
ensemble,LA-BL,200807,1,13.315465000000003,4.0,1.0,1.0,31.0,200807,1000
ensemble,LA-BL,200808,2,15.60396,10.0,1.0,1.0,32.0,200807,1000
ensemble,LA-BL,200809,3,12.163075999999997,4.0,1.0,1.0,30.0,200807,1000
ensemble,LA-BL,200810,1,11.557381000000005,17.0,1.0,0.0,5.0,200810,1000
ensemble,LA-BL,200811,2,4.672099000000001,1.0,1.0,1.0,12.0,200810,1000
ensemble,LA-BL,200812,3,3.372415,5.0,1.0,1.0,1.0,200810,1000
ensemble,LA-BL,200901,1,1.3107030000000002,1.0,1.0,1.0,2.0,200901,1000
ensemble,LA-BL,200902,2,1.127528,1.0,1.0,1.0,3.0,200901,1000
ensemble,LA-BL,200903,3,1.5942309999999995,2.0,1.0,1.0,0.0,200901,1000
ensemble,LA-BL,200904,1,2.20542,2.0,1.0,1.0,2.0,200904,1000
ensemble,LA-BL,200905,2,7.372807,11.0,1.0,0.0,0.0,200904,1000
ensemble,LA-BL,200906,3,12.483566,17.0,1.0,1.0,7.0,200904,1000
ensemble,LA-BL,200907,1,13.260804999999998,0.0,1.0,1.0,35.0,200907,1000
ensemble,LA-BL,200908,2,21.704007000000004,30.0,1.0,0.0,9.0,200907,1000
ensemble,LA-BL,200909,3,24.699533,34.0,0.0,0.0,0.0,200907,1000
ensemble,LA-BL,200910,1,12.725447999999997,18.0,1.0,0.0,1.0,200910,1000
ensemble,LA-BL,200911,2,6.636092000000001,9.0,1.0,0.0,2.0,200910,1000
ensemble,LA-BL,200912,3,2.9577220000000004,4.0,1.0,1.0,1.0,200910,1000
ensemble,LA-CH,200801,1,47.860637,69.0,0.0,0.0,73.0,200801,1000
ensemble,LA-CH,200802,2,67.232978,87.0,0.0,0.0,90.0,200801,1000
ensemble,LA-CH,200803,3,65.75419,89.0,0.0,0.0,92.0,200801,1000
ensemble,LA-CH,200804,1,38.833794,63.0,1.0,0.0,69.0,200804,1000
ensemble,LA-CH,200805,2,56.95609899999998,98.0,1.0,0.0,113.0,200804,1000
ensemble,LA-CH,200806,3,155.79715900000002,256.0,1.0,0.0,295.0,200804,1000
ensemble,LA-CH,200807,1,70.59448600000002,105.0,1.0,1.0,162.0,200807,1000
ensemble,LA-CH,200808,2,61.00162900000004,71.5,1.0,1.0,143.0,200807,1000
ensemble,LA-CH,200809,3,80.37026200000003,136.0,1.0,1.0,185.0,200807,1000
ensemble,LA-CH,200810,1,61.374211,107.0,1.0,0.0,140.0,200810,1000
ensemble,LA-CH,200811,2,48.73685,86.0,1.0,0.0,102.0,200810,1000
ensemble,LA-CH,200812,3,38.973452,65.0,1.0,0.0,73.0,200810,1000
ensemble,LA-CH,200901,1,16.245054999999997,27.0,1.0,0.0,31.0,200901,1000
ensemble,LA-CH,200902,2,30.707690999999997,45.0,0.0,0.0,48.0,200901,1000
ensemble,LA-CH,200903,3,38.47377300000001,57.0,1.0,0.0,60.0,200901,1000
ensemble,LA-CH,200904,1,65.065119,96.0,0.0,0.0,102.0,200904,1000
ensemble,LA-CH,200905,2,29.476934000000018,51.0,1.0,1.0,66.0,200904,1000
ensemble,LA-CH,200906,3,53.480031999999994,85.0,1.0,1.0,124.0,200904,1000
ensemble,LA-CH,200907,1,58.85622000000001,66.0,1.0,1.0,122.0,200907,1000
ensemble,LA-CH,200908,2,53.37028699999996,42.0,1.0,1.0,110.0,200907,1000
ensemble,LA-CH,200909,3,49.26114999999999,57.5,1.0,1.0,105.0,200907,1000
ensemble,LA-CH,200910,1,27.76782900000001,29.0,1.0,1.0,59.0,200910,1000
ensemble,LA-CH,200911,2,15.475625000000008,20.0,1.0,1.0,35.0,200910,1000
ensemble,LA-CH,200912,3,14.683480000000005,24.5,1.0,1.0,32.0,200910,1000
ensemble,LA-HO,200801,1,0.015302,0.0,1.0,1.0,0.0,200801,1000
ensemble,LA-HO,200802,2,0.010267,0.0,1.0,1.0,0.0,200801,1000
ensemble,LA-HO,200803,3,0.009939,0.0,1.0,1.0,0.0,200801,1000
ensemble,LA-HO,200804,1,0.0135309999999999,0.0,1.0,1.0,0.0,200804,1000
ensemble,LA-HO,200805,2,0.020161,0.0,1.0,1.0,0.0,200804,1000
ensemble,LA-HO,200806,3,0.074988,0.0,1.0,1.0,0.0,200804,1000
ensemble,LA-HO,200807,1,0.154336,0.0,1.0,1.0,0.0,200807,1000
ensemble,LA-HO,200808,2,0.1732739999999999,0.0,1.0,1.0,0.0,200807,1000
ensemble,LA-HO,200809,3,0.6420739999999999,1.0,1.0,0.0,1.0,200807,1000
ensemble,LA-HO,200810,1,0.0715449999999999,0.0,1.0,1.0,0.0,200810,1000
ensemble,LA-HO,200811,2,0.0258599999999999,0.0,1.0,1.0,0.0,200810,1000
ensemble,LA-HO,200812,3,0.8129489999999999,1.0,1.0,0.0,1.0,200810,1000
ensemble,LA-HO,200901,1,0.013321,0.0,1.0,1.0,0.0,200901,1000
ensemble,LA-HO,200902,2,0.012624,0.0,1.0,1.0,0.0,200901,1000
ensemble,LA-HO,200903,3,0.0120899999999999,0.0,1.0,1.0,0.0,200901,1000
ensemble,LA-HO,200904,1,0.0196629999999999,0.0,1.0,1.0,0.0,200904,1000
ensemble,LA-HO,200905,2,0.022285,0.0,1.0,1.0,0.0,200904,1000
ensemble,LA-HO,200906,3,0.071351,0.0,1.0,1.0,0.0,200904,1000
ensemble,LA-HO,200907,1,0.1498800000000001,0.0,1.0,1.0,0.0,200907,1000
ensemble,LA-HO,200908,2,0.1603689999999999,0.0,1.0,1.0,0.0,200907,1000
ensemble,LA-HO,200909,3,0.646343,1.0,1.0,0.0,1.0,200907,1000
ensemble,LA-HO,200910,1,0.6412869999999999,1.0,1.0,0.0,1.0,200910,1000
ensemble,LA-HO,200911,2,0.7567439999999999,1.0,1.0,0.0,1.0,200910,1000
ensemble,LA-HO,200912,3,0.827544,1.0,0.0,0.0,1.0,200910,1000
ensemble,LA-KH,200801,1,0.4223570000000003,0.0,1.0,1.0,0.0,200801,1000
ensemble,LA-KH,200802,2,0.2680769999999999,0.0,1.0,1.0,0.0,200801,1000
ensemble,LA-KH,200803,3,0.3116650000000001,0.0,1.0,1.0,0.0,200801,1000
ensemble,LA-KH,200804,1,0.7029259999999997,0.0,1.0,1.0,0.0,200804,1000
ensemble,LA-KH,200805,2,2.096596,0.0,1.0,1.0,0.0,200804,1000
ensemble,LA-KH,200806,3,6.051427000000004,3.0,1.0,1.0,1.0,200804,1000
ensemble,LA-KH,200807,1,11.037626000000005,6.0,1.0,1.0,3.0,200807,1000
ensemble,LA-KH,200808,2,11.636212,9.0,1.0,1.0,0.0,200807,1000
ensemble,LA-KH,200809,3,8.028400999999995,4.0,1.0,1.0,4.0,200807,1000
ensemble,LA-KH,200810,1,4.955051000000001,2.0,1.0,1.0,1.0,200810,1000
ensemble,LA-KH,200811,2,2.4568689999999993,2.0,1.0,1.0,3.0,200810,1000
ensemble,LA-KH,200812,3,2.230169,4.0,1.0,1.0,4.0,200810,1000
ensemble,LA-KH,200901,1,0.4686099999999999,0.0,1.0,1.0,0.0,200901,1000
ensemble,LA-KH,200902,2,0.316948,0.0,1.0,1.0,0.0,200901,1000
ensemble,LA-KH,200903,3,3.8537780000000006,6.0,1.0,0.0,6.0,200901,1000
ensemble,LA-KH,200904,1,0.7930029999999997,0.0,1.0,1.0,0.0,200904,1000
ensemble,LA-KH,200905,2,3.196562,5.0,1.0,1.0,6.0,200904,1000
ensemble,LA-KH,200906,3,48.130399,76.0,1.0,0.0,80.0,200904,1000
ensemble,LA-KH,200907,1,96.516036,146.0,0.0,0.0,155.0,200907,1000
ensemble,LA-KH,200908,2,221.854871,292.0,0.0,0.0,303.0,200907,1000
ensemble,LA-KH,200909,3,214.384151,267.5,0.0,0.0,277.0,200907,1000
ensemble,LA-KH,200910,1,51.890316000000006,81.0,1.0,0.0,85.0,200910,1000
ensemble,LA-KH,200911,2,41.93208,60.0,0.0,0.0,61.0,200910,1000
ensemble,LA-KH,200912,3,53.79546200000001,67.0,0.0,0.0,67.0,200910,1000
ensemble,LA-LM,200801,1,0.006444,0.0,1.0,1.0,0.0,200801,1000
ensemble,LA-LM,200802,2,0.0092169999999999,0.0,1.0,1.0,0.0,200801,1000
ensemble,LA-LM,200803,3,0.0107229999999999,0.0,1.0,1.0,0.0,200801,1000
ensemble,LA-LM,200804,1,0.0142909999999999,0.0,1.0,1.0,0.0,200804,1000
ensemble,LA-LM,200805,2,0.0216609999999999,0.0,1.0,1.0,0.0,200804,1000
ensemble,LA-LM,200806,3,0.029113,0.0,1.0,1.0,0.0,200804,1000
ensemble,LA-LM,200807,1,0.102406,0.0,1.0,1.0,0.0,200807,1000
ensemble,LA-LM,200808,2,0.1435380000000001,0.0,1.0,1.0,0.0,200807,1000
ensemble,LA-LM,200809,3,0.130185,0.0,1.0,1.0,0.0,200807,1000
ensemble,LA-LM,200810,1,0.052257,0.0,1.0,1.0,0.0,200810,1000
ensemble,LA-LM,200811,2,0.0157179999999999,0.0,1.0,1.0,0.0,200810,1000
ensemble,LA-LM,200812,3,0.011708,0.0,1.0,1.0,0.0,200810,1000
ensemble,LA-LM,200901,1,0.005917,0.0,1.0,1.0,0.0,200901,1000
ensemble,LA-LM,200902,2,0.0059599999999999,0.0,1.0,1.0,0.0,200901,1000
ensemble,LA-LM,200903,3,0.0066469999999999,0.0,1.0,1.0,0.0,200901,1000
ensemble,LA-LM,200904,1,0.8440660000000001,1.0,0.0,0.0,1.0,200904,1000
ensemble,LA-LM,200905,2,0.017498,0.0,1.0,1.0,0.0,200904,1000
ensemble,LA-LM,200906,3,1.598707,2.0,0.0,0.0,2.0,200904,1000
ensemble,LA-LM,200907,1,0.68879,1.0,1.0,0.0,1.0,200907,1000
ensemble,LA-LM,200908,2,0.122112,0.0,1.0,1.0,0.0,200907,1000
ensemble,LA-LM,200909,3,3.069866,4.0,0.0,0.0,4.0,200907,1000
ensemble,LA-LM,200910,1,3.971794,5.0,0.0,0.0,5.0,200910,1000
ensemble,LA-LM,200911,2,5.355797999999999,6.0,0.0,0.0,6.0,200910,1000
ensemble,LA-LM,200912,3,3.459209,4.0,0.0,0.0,4.0,200910,1000
ensemble,LA-LP,200801,1,0.663573,1.0,1.0,1.0,0.0,200801,1000
ensemble,LA-LP,200802,2,12.501101,16.0,0.0,0.0,16.0,200801,1000
ensemble,LA-LP,200803,3,17.184752,21.0,0.0,0.0,22.0,200801,1000
ensemble,LA-LP,200804,1,25.194259,32.0,0.0,0.0,33.0,200804,1000
ensemble,LA-LP,200805,2,97.983464,112.0,0.0,0.0,116.0,200804,1000
ensemble,LA-LP,200806,3,119.859483,149.5,0.0,0.0,160.0,200804,1000
ensemble,LA-LP,200807,1,8.942897999999996,2.0,1.0,1.0,16.0,200807,1000
ensemble,LA-LP,200808,2,11.038839,7.0,1.0,1.0,13.0,200807,1000
ensemble,LA-LP,200809,3,7.435380000000002,1.0,1.0,1.0,14.0,200807,1000
ensemble,LA-LP,200810,1,13.542409,23.0,1.0,0.0,33.0,200810,1000
ensemble,LA-LP,200811,2,93.200933,111.0,0.0,0.0,116.0,200810,1000
ensemble,LA-LP,200812,3,149.53005399999998,159.0,0.0,0.0,161.0,200810,1000
ensemble,LA-LP,200901,1,0.8959190000000001,1.0,1.0,1.0,0.0,200901,1000
ensemble,LA-LP,200902,2,0.6846319999999997,0.0,1.0,1.0,0.0,200901,1000
ensemble,LA-LP,200903,3,0.9529449999999996,1.0,1.0,1.0,0.0,200901,1000
ensemble,LA-LP,200904,1,1.142718,1.0,1.0,1.0,0.0,200904,1000
ensemble,LA-LP,200905,2,3.224247,4.0,1.0,1.0,0.0,200904,1000
ensemble,LA-LP,200906,3,4.8142299999999985,1.0,1.0,1.0,9.0,200904,1000
ensemble,LA-LP,200907,1,10.189959000000002,13.0,1.0,1.0,30.0,200907,1000
ensemble,LA-LP,200908,2,11.192622,13.0,1.0,1.0,32.0,200907,1000
ensemble,LA-LP,200909,3,251.402203,298.0,0.0,0.0,313.0,200907,1000
ensemble,LA-LP,200910,1,121.83631,155.0,0.0,0.0,165.0,200910,1000
ensemble,LA-LP,200911,2,62.874357,82.0,0.0,0.0,87.0,200910,1000
ensemble,LA-LP,200912,3,2.072113999999999,2.0,1.0,1.0,0.0,200910,1000
ensemble,LA-OU,200801,1,0.007325,0.0,1.0,1.0,0.0,200801,1000
ensemble,LA-OU,200802,2,0.0122399999999999,0.0,1.0,1.0,0.0,200801,1000
ensemble,LA-OU,200803,3,0.0130669999999999,0.0,1.0,1.0,0.0,200801,1000
ensemble,LA-OU,200804,1,0.0175319999999999,0.0,1.0,1.0,0.0,200804,1000
ensemble,LA-OU,200805,2,0.023886,0.0,1.0,1.0,0.0,200804,1000
ensemble,LA-OU,200806,3,0.0619629999999999,0.0,1.0,1.0,0.0,200804,1000
ensemble,LA-OU,200807,1,0.1114189999999999,0.0,1.0,1.0,0.0,200807,1000
ensemble,LA-OU,200808,2,0.179272,0.0,1.0,1.0,0.0,200807,1000
ensemble,LA-OU,200809,3,0.086373,0.0,1.0,1.0,0.0,200807,1000
ensemble,LA-OU,200810,1,0.059302,0.0,1.0,1.0,0.0,200810,1000
ensemble,LA-OU,200811,2,0.016077,0.0,1.0,1.0,0.0,200810,1000
ensemble,LA-OU,200812,3,0.013214,0.0,1.0,1.0,0.0,200810,1000
ensemble,LA-OU,200901,1,0.009969,0.0,1.0,1.0,0.0,200901,1000
ensemble,LA-OU,200902,2,0.0124409999999999,0.0,1.0,1.0,0.0,200901,1000
ensemble,LA-OU,200903,3,0.009996,0.0,1.0,1.0,0.0,200901,1000
ensemble,LA-OU,200904,1,0.0209499999999999,0.0,1.0,1.0,0.0,200904,1000
ensemble,LA-OU,200905,2,0.0214539999999999,0.0,1.0,1.0,0.0,200904,1000
ensemble,LA-OU,200906,3,0.059662,0.0,1.0,1.0,0.0,200904,1000
ensemble,LA-OU,200907,1,0.102812,0.0,1.0,1.0,0.0,200907,1000
ensemble,LA-OU,200908,2,0.5504160000000001,1.0,1.0,1.0,1.0,200907,1000
ensemble,LA-OU,200909,3,13.787527,15.0,0.0,0.0,15.0,200907,1000
ensemble,LA-OU,200910,1,4.839535000000001,6.0,0.0,0.0,6.0,200910,1000
ensemble,LA-OU,200911,2,11.77934,13.0,0.0,0.0,13.0,200910,1000
ensemble,LA-OU,200912,3,16.653245,18.0,0.0,0.0,18.0,200910,1000
ensemble,LA-PH,200901,1,0.006247,0.0,1.0,1.0,0.0,200901,1000
ensemble,LA-PH,200902,2,0.0072669999999999,0.0,1.0,1.0,0.0,200901,1000
ensemble,LA-PH,200903,3,0.0073079999999999,0.0,1.0,1.0,0.0,200901,1000
ensemble,LA-PH,200904,1,0.0046029999999999,0.0,1.0,1.0,0.0,200904,1000
ensemble,LA-PH,200905,2,0.0069879999999999,0.0,1.0,1.0,0.0,200904,1000
ensemble,LA-PH,200906,3,0.010512,0.0,1.0,1.0,0.0,200904,1000
ensemble,LA-PH,200907,1,0.0189059999999999,0.0,1.0,1.0,0.0,200907,1000
ensemble,LA-PH,200909,3,0.021612,0.0,1.0,1.0,0.0,200907,1000
ensemble,LA-PH,200910,1,0.0121819999999999,0.0,1.0,1.0,0.0,200910,1000
ensemble,LA-PH,200911,2,0.0097439999999999,0.0,1.0,1.0,0.0,200910,1000
ensemble,LA-PH,200912,3,0.011613,0.0,1.0,1.0,0.0,200910,1000
ensemble,LA-SL,200801,1,0.0986069999999998,0.0,1.0,1.0,0.0,200801,1000
ensemble,LA-SL,200802,2,0.716478,1.0,1.0,0.0,1.0,200801,1000
ensemble,LA-SL,200803,3,4.034835,5.0,0.0,0.0,5.0,200801,1000
ensemble,LA-SL,200804,1,1.301281,2.0,1.0,0.0,2.0,200804,1000
ensemble,LA-SL,200805,2,97.876971,105.0,0.0,0.0,105.0,200804,1000
ensemble,LA-SL,200806,3,213.391591,226.0,0.0,0.0,226.0,200804,1000
ensemble,LA-SL,200807,1,61.01158,77.0,0.0,0.0,78.0,200807,1000
ensemble,LA-SL,200808,2,43.603476,62.0,0.0,0.0,63.0,200807,1000
ensemble,LA-SL,200809,3,64.62783,84.0,0.0,0.0,85.0,200807,1000
ensemble,LA-SL,200810,1,75.599943,91.0,0.0,0.0,91.0,200810,1000
ensemble,LA-SL,200811,2,16.81143,21.0,0.0,0.0,21.0,200810,1000
ensemble,LA-SL,200812,3,6.3087610000000005,8.0,0.0,0.0,8.0,200810,1000
ensemble,LA-SL,200901,1,0.690051,1.0,1.0,0.0,1.0,200901,1000
ensemble,LA-SL,200902,2,22.312982,24.0,0.0,0.0,24.0,200901,1000
ensemble,LA-SL,200903,3,23.47417,25.0,0.0,0.0,25.0,200901,1000
ensemble,LA-SL,200904,1,16.079438,19.0,0.0,0.0,19.0,200904,1000
ensemble,LA-SL,200905,2,110.529019,122.0,0.0,0.0,122.0,200904,1000
ensemble,LA-SL,200906,3,32.12026,42.0,0.0,0.0,42.0,200904,1000
ensemble,LA-SL,200907,1,139.23398,163.0,0.0,0.0,164.0,200907,1000
ensemble,LA-SL,200908,2,100.734715,126.0,0.0,0.0,127.0,200907,1000
ensemble,LA-SL,200909,3,72.825193,90.0,0.0,0.0,91.0,200907,1000
ensemble,LA-SL,200910,1,76.694737,94.0,0.0,0.0,94.0,200910,1000
ensemble,LA-SL,200911,2,36.212655000000005,44.0,0.0,0.0,44.0,200910,1000
ensemble,LA-SL,200912,3,13.72375,17.0,0.0,0.0,17.0,200910,1000
ensemble,LA-SV,200801,1,2.686306000000002,1.0,1.0,1.0,1.0,200801,1000
ensemble,LA-SV,200802,2,1.5263990000000014,0.0,1.0,1.0,1.0,200801,1000
ensemble,LA-SV,200803,3,1.6777119999999996,0.0,1.0,1.0,1.0,200801,1000
ensemble,LA-SV,200804,1,4.238517000000002,3.0,1.0,1.0,0.0,200804,1000
ensemble,LA-SV,200805,2,12.090603000000002,7.0,1.0,0.0,1.0,200804,1000
ensemble,LA-SV,200806,3,23.409527999999995,10.0,1.0,1.0,10.0,200804,1000
ensemble,LA-SV,200807,1,39.312351999999976,28.0,1.0,1.0,11.0,200807,1000
ensemble,LA-SV,200808,2,48.421131,36.0,1.0,0.0,4.0,200807,1000
ensemble,LA-SV,200809,3,35.555228,30.0,1.0,0.0,2.0,200807,1000
ensemble,LA-SV,200810,1,17.98222100000001,7.5,1.0,1.0,10.0,200810,1000
ensemble,LA-SV,200811,2,11.096017000000003,7.0,1.0,1.0,2.0,200810,1000
ensemble,LA-SV,200812,3,5.2681010000000015,3.0,1.0,1.0,0.0,200810,1000
ensemble,LA-SV,200901,1,2.672647999999999,2.0,1.0,1.0,0.0,200901,1000
ensemble,LA-SV,200902,2,1.5070370000000004,1.0,1.0,1.0,0.0,200901,1000
ensemble,LA-SV,200903,3,1.97617,1.0,1.0,1.0,0.0,200901,1000
ensemble,LA-SV,200904,1,3.964828999999998,2.0,1.0,1.0,0.0,200904,1000
ensemble,LA-SV,200905,2,12.097881999999998,8.0,1.0,0.0,0.0,200904,1000
ensemble,LA-SV,200906,3,27.964877,20.0,1.0,0.0,1.0,200904,1000
ensemble,LA-SV,200907,1,37.84361799999999,25.5,1.0,1.0,13.0,200907,1000
ensemble,LA-SV,200908,2,40.409144000000026,4.0,1.0,1.0,34.0,200907,1000
ensemble,LA-SV,200909,3,27.917253999999986,22.0,1.0,1.0,48.0,200907,1000
ensemble,LA-SV,200910,1,17.28564700000001,3.0,1.0,1.0,16.0,200910,1000
ensemble,LA-SV,200911,2,15.43629700000001,24.0,1.0,1.0,33.0,200910,1000
ensemble,LA-SV,200912,3,5.133398999999997,0.0,1.0,1.0,4.0,200910,1000
ensemble,LA-VT,200801,1,8.33917,3.0,1.0,1.0,29.0,200801,1000
ensemble,LA-VT,200802,2,6.375432,6.0,1.0,1.0,12.0,200801,1000
ensemble,LA-VT,200803,3,7.0893000000000015,6.0,1.0,1.0,26.0,200801,1000
ensemble,LA-VT,200804,1,21.427469,31.0,1.0,0.0,4.0,200804,1000
ensemble,LA-VT,200805,2,44.02030499999999,64.0,1.0,0.0,17.0,200804,1000
ensemble,LA-VT,200806,3,82.59097599999998,112.0,1.0,0.0,60.0,200804,1000
ensemble,LA-VT,200807,1,106.53543099999996,135.0,1.0,1.0,132.0,200807,1000
ensemble,LA-VT,200808,2,105.774643,128.0,1.0,1.0,144.0,200807,1000
ensemble,LA-VT,200809,3,85.64586,85.0,1.0,1.0,158.0,200807,1000
ensemble,LA-VT,200810,1,52.882396,60.0,1.0,1.0,95.0,200810,1000
ensemble,LA-VT,200811,2,34.15063099999999,47.0,1.0,1.0,129.0,200810,1000
ensemble,LA-VT,200812,3,26.278419999999997,47.0,1.0,1.0,91.0,200810,1000
ensemble,LA-VT,200901,1,9.849056999999997,11.0,1.0,1.0,38.0,200901,1000
ensemble,LA-VT,200902,2,5.737024000000002,2.0,1.0,1.0,20.0,200901,1000
ensemble,LA-VT,200903,3,6.769746000000001,1.0,1.0,1.0,19.0,200901,1000
ensemble,LA-VT,200904,1,10.437148,1.0,1.0,1.0,33.0,200904,1000
ensemble,LA-VT,200905,2,30.29029,33.0,1.0,1.0,54.0,200904,1000
ensemble,LA-VT,200906,3,65.73885999999999,69.0,1.0,1.0,104.0,200904,1000
ensemble,LA-VT,200907,1,87.50053400000002,29.5,1.0,1.0,302.0,200907,1000
ensemble,LA-VT,200908,2,95.81823399999996,68.0,1.0,1.0,356.0,200907,1000
ensemble,LA-VT,200909,3,123.812426,208.5,1.0,1.0,470.0,200907,1000
ensemble,LA-VT,200910,1,214.82817,362.5,1.0,0.0,527.0,200910,1000
ensemble,LA-VT,200911,2,305.84291499999995,434.0,0.0,0.0,521.0,200910,1000
ensemble,LA-VT,200912,3,238.460402,319.0,0.0,0.0,366.0,200910,1000
ensemble,LA-XA,200801,1,0.5950059999999997,0.0,1.0,1.0,0.0,200801,1000
ensemble,LA-XA,200802,2,0.3084629999999997,0.0,1.0,1.0,0.0,200801,1000
ensemble,LA-XA,200803,3,0.4173139999999993,0.0,1.0,1.0,0.0,200801,1000
ensemble,LA-XA,200804,1,0.7346240000000002,0.0,1.0,1.0,0.0,200804,1000
ensemble,LA-XA,200805,2,2.2960700000000003,1.0,1.0,1.0,2.0,200804,1000
ensemble,LA-XA,200806,3,5.719974000000001,2.0,1.0,1.0,6.0,200804,1000
ensemble,LA-XA,200807,1,12.050618999999998,11.0,1.0,1.0,19.0,200807,1000
ensemble,LA-XA,200808,2,11.901154999999989,2.0,1.0,1.0,7.0,200807,1000
ensemble,LA-XA,200809,3,9.649382999999991,6.0,1.0,1.0,1.0,200807,1000
ensemble,LA-XA,200810,1,5.012215999999995,0.0,1.0,1.0,3.0,200810,1000
ensemble,LA-XA,200811,2,2.5078390000000006,0.0,1.0,1.0,2.0,200810,1000
ensemble,LA-XA,200812,3,1.095460000000001,0.0,1.0,1.0,1.0,200810,1000
ensemble,LA-XA,200901,1,0.5907999999999998,0.0,1.0,1.0,0.0,200901,1000
ensemble,LA-XA,200902,2,0.2993449999999997,0.0,1.0,1.0,0.0,200901,1000
ensemble,LA-XA,200903,3,0.4310040000000006,0.0,1.0,1.0,0.0,200901,1000
ensemble,LA-XA,200904,1,0.7640139999999995,0.0,1.0,1.0,0.0,200904,1000
ensemble,LA-XA,200905,2,2.7615890000000007,0.5,1.0,1.0,1.0,200904,1000
ensemble,LA-XA,200906,3,7.883057000000001,9.0,1.0,1.0,14.0,200904,1000
ensemble,LA-XA,200907,1,10.742701999999994,2.0,1.0,1.0,11.0,200907,1000
ensemble,LA-XA,200908,2,19.711839999999995,28.0,1.0,1.0,37.0,200907,1000
ensemble,LA-XA,200909,3,9.634761000000005,3.0,1.0,1.0,11.0,200907,1000
ensemble,LA-XA,200910,1,5.091111000000005,1.0,1.0,1.0,5.0,200910,1000
ensemble,LA-XA,200911,2,3.080496,3.0,1.0,1.0,5.0,200910,1000
ensemble,LA-XA,200912,3,1.2534670000000006,1.0,1.0,1.0,0.0,200910,1000
ensemble,LA-XE,200801,1,0.0251049999999999,0.0,1.0,1.0,0.0,200801,1000
ensemble,LA-XE,200802,2,0.021109,0.0,1.0,1.0,0.0,200801,1000
ensemble,LA-XE,200803,3,0.0326319999999999,0.0,1.0,1.0,0.0,200801,1000
ensemble,LA-XE,200804,1,0.0465289999999999,0.0,1.0,1.0,0.0,200804,1000
ensemble,LA-XE,200805,2,0.113715,0.0,1.0,1.0,0.0,200804,1000
ensemble,LA-XE,200806,3,3.2925720000000003,5.0,0.0,0.0,5.0,200804,1000
ensemble,LA-XE,200807,1,0.5552059999999996,0.0,1.0,1.0,0.0,200807,1000
ensemble,LA-XE,200808,2,0.825081,1.0,1.0,1.0,0.0,200807,1000
ensemble,LA-XE,200809,3,0.6123620000000001,1.0,1.0,1.0,1.0,200807,1000
ensemble,LA-XE,200810,1,0.2813840000000001,0.0,1.0,1.0,0.0,200810,1000
ensemble,LA-XE,200811,2,0.0980689999999999,0.0,1.0,1.0,0.0,200810,1000
ensemble,LA-XE,200812,3,0.7192240000000001,1.0,1.0,0.0,1.0,200810,1000
ensemble,LA-XE,200901,1,0.023623,0.0,1.0,1.0,0.0,200901,1000
ensemble,LA-XE,200902,2,1.6336639999999998,2.0,0.0,0.0,2.0,200901,1000
ensemble,LA-XE,200903,3,1.612449,2.0,0.0,0.0,2.0,200901,1000
ensemble,LA-XE,200904,1,0.6656880000000001,1.0,1.0,0.0,1.0,200904,1000
ensemble,LA-XE,200905,2,1.216618,2.0,1.0,0.0,2.0,200904,1000
ensemble,LA-XE,200906,3,6.879950999999999,9.0,0.0,0.0,9.0,200904,1000
ensemble,LA-XE,200907,1,24.295956,29.0,0.0,0.0,29.0,200907,1000
ensemble,LA-XE,200908,2,21.441116,26.0,0.0,0.0,27.0,200907,1000
ensemble,LA-XE,200909,3,3.262478,6.0,1.0,0.0,6.0,200907,1000
ensemble,LA-XE,200910,1,4.709969,7.0,0.0,0.0,7.0,200910,1000
ensemble,LA-XE,200911,2,2.109148,3.0,1.0,0.0,3.0,200910,1000
ensemble,LA-XE,200912,3,6.058622,7.0,0.0,0.0,7.0,200910,1000
ensemble,LA-XI,200801,1,0.009787,0.0,1.0,1.0,0.0,200801,1000
ensemble,LA-XI,200802,2,0.005763,0.0,1.0,1.0,0.0,200801,1000
ensemble,LA-XI,200803,3,0.0072789999999999,0.0,1.0,1.0,0.0,200801,1000
ensemble,LA-XI,200804,1,0.006184,0.0,1.0,1.0,0.0,200804,1000
ensemble,LA-XI,200805,2,0.0083829999999999,0.0,1.0,1.0,0.0,200804,1000
ensemble,LA-XI,200806,3,0.8270149999999998,1.0,0.0,0.0,1.0,200804,1000
ensemble,LA-XI,200807,1,0.0295869999999999,0.0,1.0,1.0,0.0,200807,1000
ensemble,LA-XI,200808,2,0.055031,0.0,1.0,1.0,0.0,200807,1000
ensemble,LA-XI,200809,3,0.0272109999999999,0.0,1.0,1.0,0.0,200807,1000
ensemble,LA-XI,200810,1,0.018291,0.0,1.0,1.0,0.0,200810,1000
ensemble,LA-XI,200811,2,0.011164,0.0,1.0,1.0,0.0,200810,1000
ensemble,LA-XI,200812,3,0.0092639999999999,0.0,1.0,1.0,0.0,200810,1000
ensemble,LA-XI,200901,1,0.007417,0.0,1.0,1.0,0.0,200901,1000
ensemble,LA-XI,200902,2,0.002622,0.0,1.0,1.0,0.0,200901,1000
ensemble,LA-XI,200903,3,0.009251,0.0,1.0,1.0,0.0,200901,1000
ensemble,LA-XI,200904,1,0.0080219999999999,0.0,1.0,1.0,0.0,200904,1000
ensemble,LA-XI,200905,2,38.446605,39.0,0.0,0.0,39.0,200904,1000
ensemble,LA-XI,200906,3,32.405427,33.0,0.0,0.0,33.0,200904,1000
ensemble,LA-XI,200907,1,0.776054,1.0,1.0,0.0,1.0,200907,1000
ensemble,LA-XI,200908,2,8.660454999999999,10.0,0.0,0.0,10.0,200907,1000
ensemble,LA-XI,200909,3,0.0714909999999999,0.0,1.0,1.0,0.0,200907,1000
ensemble,LA-XI,200910,1,0.0178119999999999,0.0,1.0,1.0,0.0,200910,1000
ensemble,LA-XI,200911,2,0.008664,0.0,1.0,1.0,0.0,200910,1000
ensemble,LA-XI,200912,3,0.006935,0.0,1.0,1.0,0.0,200910,1000
persistence,LA-AT,200801,1,3.417114,4.0,0.0,0.0,4.0,200801,1000
persistence,LA-AT,200802,2,1.554761,2.0,1.0,0.0,2.0,200801,1000
persistence,LA-AT,200803,3,0.0719689999999997,0.0,1.0,1.0,0.0,200801,1000
persistence,LA-AT,200804,1,0.0471139999999998,0.0,1.0,1.0,0.0,200804,1000
persistence,LA-AT,200805,2,3.342761,4.0,0.0,0.0,4.0,200804,1000
persistence,LA-AT,200806,3,8.929969,10.0,0.0,0.0,10.0,200804,1000
persistence,LA-AT,200807,1,3.450605,4.0,0.0,0.0,6.0,200807,1000
persistence,LA-AT,200808,2,0.8260830000000001,1.0,1.0,0.0,11.0,200807,1000
persistence,LA-AT,200809,3,12.807472,14.0,0.0,0.0,24.0,200807,1000
persistence,LA-AT,200810,1,21.839211,23.0,0.0,0.0,47.0,200810,1000
persistence,LA-AT,200811,2,17.716617,19.0,0.0,0.0,43.0,200810,1000
persistence,LA-AT,200812,3,0.8262919999999996,1.0,1.0,0.0,23.0,200810,1000
persistence,LA-AT,200901,1,4.403041999999999,5.0,0.0,0.0,18.0,200901,1000
persistence,LA-AT,200902,2,21.580328,23.0,0.0,0.0,46.0,200901,1000
persistence,LA-AT,200903,3,51.660003,54.0,0.0,0.0,77.0,200901,1000
persistence,LA-AT,200904,1,20.870388,22.0,0.0,0.0,99.0,200904,1000
persistence,LA-AT,200905,2,74.407714,77.0,0.0,0.0,0.0,200904,1000
persistence,LA-AT,200906,3,50.686121,53.0,0.0,0.0,24.0,200904,1000
persistence,LA-AT,200907,1,38.397211,40.0,0.0,0.0,64.0,200907,1000
persistence,LA-AT,200908,2,2.492617,3.0,0.0,0.0,21.0,200907,1000
persistence,LA-AT,200909,3,6.1402920000000005,7.0,0.0,0.0,17.0,200907,1000
persistence,LA-AT,200910,1,12.098028,13.0,0.0,0.0,4.0,200910,1000
persistence,LA-AT,200911,2,0.8285939999999998,1.0,1.0,0.0,16.0,200910,1000
persistence,LA-AT,200912,3,9.930269,11.0,0.0,0.0,6.0,200910,1000
persistence,LA-BK,200801,1,0.702799,1.0,1.0,0.0,1.0,200801,1000
persistence,LA-BK,200802,2,0.0441579999999999,0.0,1.0,1.0,0.0,200801,1000
persistence,LA-BK,200803,3,0.04958,0.0,1.0,1.0,0.0,200801,1000
persistence,LA-BK,200804,1,0.0387989999999999,0.0,1.0,1.0,0.0,200804,1000
persistence,LA-BK,200805,2,11.132158,12.0,0.0,0.0,12.0,200804,1000
persistence,LA-BK,200806,3,51.985580000000006,53.0,0.0,0.0,53.0,200804,1000
persistence,LA-BK,200807,1,50.223598,51.0,0.0,0.0,2.0,200807,1000
persistence,LA-BK,200808,2,43.128316,44.0,0.0,0.0,9.0,200807,1000
persistence,LA-BK,200809,3,19.03516,20.0,0.0,0.0,33.0,200807,1000
persistence,LA-BK,200810,1,14.223598,15.0,0.0,0.0,48.0,200810,1000
persistence,LA-BK,200811,2,21.128316,22.0,0.0,0.0,55.0,200810,1000
persistence,LA-BK,200812,3,27.03516,28.0,0.0,0.0,5.0,200810,1000
persistence,LA-BK,200901,1,3.438492,4.0,0.0,0.0,1.0,200901,1000
persistence,LA-BK,200902,2,4.3407670000000005,5.0,0.0,0.0,0.0,200901,1000
persistence,LA-BK,200903,3,3.355307,4.0,0.0,0.0,1.0,200901,1000
persistence,LA-BK,200904,1,1.589023,2.0,0.0,0.0,3.0,200904,1000
persistence,LA-BK,200905,2,72.11584199999999,73.0,0.0,0.0,74.0,200904,1000
persistence,LA-BK,200906,3,214.019436,215.0,0.0,0.0,216.0,200904,1000
persistence,LA-BK,200907,1,3.439598,4.0,0.0,0.0,212.0,200907,1000
persistence,LA-BK,200908,2,105.128316,106.0,0.0,0.0,110.0,200907,1000
persistence,LA-BK,200909,3,163.03516,164.0,0.0,0.0,52.0,200907,1000
persistence,LA-BK,200910,1,20.223598,21.0,0.0,0.0,31.0,200910,1000
persistence,LA-BK,200911,2,46.128316,47.0,0.0,0.0,5.0,200910,1000
persistence,LA-BK,200912,3,47.03516,48.0,0.0,0.0,4.0,200910,1000
persistence,LA-BL,200801,1,5.383502,9.0,1.0,1.0,10.0,200801,1000
persistence,LA-BL,200802,2,4.609445999999998,6.0,1.0,1.0,7.0,200801,1000
persistence,LA-BL,200803,3,4.952254,0.0,1.0,1.0,1.0,200801,1000
persistence,LA-BL,200804,1,2.695502000000001,2.0,1.0,1.0,3.0,200804,1000
persistence,LA-BL,200805,2,7.897445999999999,14.0,1.0,1.0,15.0,200804,1000
persistence,LA-BL,200806,3,9.692254000000002,18.0,1.0,1.0,19.0,200804,1000
persistence,LA-BL,200807,1,8.23891,12.0,1.0,0.0,31.0,200807,1000
persistence,LA-BL,200808,2,9.221346999999998,13.0,1.0,1.0,32.0,200807,1000
persistence,LA-BL,200809,3,9.298677,11.0,1.0,1.0,30.0,200807,1000
persistence,LA-BL,200810,1,16.470322000000003,25.0,1.0,0.0,5.0,200810,1000
persistence,LA-BL,200811,2,12.262498,18.0,1.0,0.0,12.0,200810,1000
persistence,LA-BL,200812,3,17.99097,29.0,1.0,0.0,1.0,200810,1000
persistence,LA-BL,200901,1,2.511502,1.0,1.0,1.0,2.0,200901,1000
persistence,LA-BL,200902,2,3.6934460000000016,2.0,1.0,1.0,3.0,200901,1000
persistence,LA-BL,200903,3,4.9942540000000015,1.0,1.0,1.0,0.0,200901,1000
persistence,LA-BL,200904,1,2.5010209999999997,2.0,1.0,1.0,2.0,200904,1000
persistence,LA-BL,200905,2,3.323820999999999,0.0,1.0,1.0,0.0,200904,1000
persistence,LA-BL,200906,3,5.582812999999998,7.0,1.0,1.0,7.0,200904,1000
persistence,LA-BL,200907,1,17.514046,28.0,1.0,0.0,35.0,200907,1000
persistence,LA-BL,200908,2,4.609358000000002,2.0,1.0,1.0,9.0,200907,1000
persistence,LA-BL,200909,3,6.933896999999998,7.0,1.0,1.0,0.0,200907,1000
persistence,LA-BL,200910,1,2.3170210000000004,1.0,1.0,1.0,1.0,200910,1000
persistence,LA-BL,200911,2,3.4678210000000007,2.0,1.0,1.0,2.0,200910,1000
persistence,LA-BL,200912,3,4.764813,1.0,1.0,1.0,1.0,200910,1000
persistence,LA-CH,200801,1,9.094472000000003,9.0,1.0,1.0,73.0,200801,1000
persistence,LA-CH,200802,2,19.277769,26.0,1.0,0.0,90.0,200801,1000
persistence,LA-CH,200803,3,22.452036999999997,28.0,1.0,1.0,92.0,200801,1000
persistence,LA-CH,200804,1,16.585575000000002,23.0,1.0,0.0,69.0,200804,1000
persistence,LA-CH,200805,2,17.207692,21.0,1.0,1.0,113.0,200804,1000
persistence,LA-CH,200806,3,145.733314,203.0,0.0,0.0,295.0,200804,1000
persistence,LA-CH,200807,1,103.949944,133.0,0.0,0.0,162.0,200807,1000
persistence,LA-CH,200808,2,112.642802,152.0,0.0,0.0,143.0,200807,1000
persistence,LA-CH,200809,3,73.553239,110.0,1.0,0.0,185.0,200807,1000
persistence,LA-CH,200810,1,31.000921000000005,45.0,1.0,0.0,140.0,200810,1000
persistence,LA-CH,200811,2,58.287541,83.0,1.0,0.0,102.0,200810,1000
persistence,LA-CH,200812,3,74.65110700000001,112.0,1.0,0.0,73.0,200810,1000
persistence,LA-CH,200901,1,28.518953000000003,42.0,1.0,0.0,31.0,200901,1000
persistence,LA-CH,200902,2,18.940767,25.0,1.0,0.0,48.0,200901,1000
persistence,LA-CH,200903,3,16.500345000000003,13.0,1.0,1.0,60.0,200901,1000
persistence,LA-CH,200904,1,28.357396,42.0,1.0,0.0,102.0,200904,1000
persistence,LA-CH,200905,2,10.360133000000005,6.0,1.0,1.0,66.0,200904,1000
persistence,LA-CH,200906,3,41.64690100000001,64.0,1.0,0.0,124.0,200904,1000
persistence,LA-CH,200907,1,7.347732000000001,2.0,1.0,1.0,122.0,200907,1000
persistence,LA-CH,200908,2,14.241996999999998,14.0,1.0,1.0,110.0,200907,1000
persistence,LA-CH,200909,3,20.237556,19.0,1.0,1.0,105.0,200907,1000
persistence,LA-CH,200910,1,31.559768,46.0,1.0,0.0,59.0,200910,1000
persistence,LA-CH,200911,2,48.322561,70.0,1.0,0.0,35.0,200910,1000
persistence,LA-CH,200912,3,48.408425,73.0,1.0,0.0,32.0,200910,1000
persistence,LA-HO,200801,1,0.8303219999999999,1.0,0.0,0.0,0.0,200801,1000
persistence,LA-HO,200802,2,0.8292019999999999,1.0,0.0,0.0,0.0,200801,1000
persistence,LA-HO,200803,3,0.820377,1.0,1.0,0.0,0.0,200801,1000
persistence,LA-HO,200804,1,0.0149129999999999,0.0,1.0,1.0,0.0,200804,1000
persistence,LA-HO,200805,2,0.013793,0.0,1.0,1.0,0.0,200804,1000
persistence,LA-HO,200806,3,0.015768,0.0,1.0,1.0,0.0,200804,1000
persistence,LA-HO,200807,1,0.0149129999999999,0.0,1.0,1.0,0.0,200807,1000
persistence,LA-HO,200808,2,0.013793,0.0,1.0,1.0,0.0,200807,1000
persistence,LA-HO,200809,3,0.809768,1.0,1.0,0.0,1.0,200807,1000
persistence,LA-HO,200810,1,0.8303219999999999,1.0,0.0,0.0,0.0,200810,1000
persistence,LA-HO,200811,2,0.8292019999999999,1.0,0.0,0.0,0.0,200810,1000
persistence,LA-HO,200812,3,0.0263769999999999,0.0,1.0,1.0,1.0,200810,1000
persistence,LA-HO,200901,1,0.8303219999999999,1.0,0.0,0.0,0.0,200901,1000
persistence,LA-HO,200902,2,0.8292019999999999,1.0,0.0,0.0,0.0,200901,1000
persistence,LA-HO,200903,3,0.820377,1.0,1.0,0.0,0.0,200901,1000
persistence,LA-HO,200904,1,0.0149129999999999,0.0,1.0,1.0,0.0,200904,1000
persistence,LA-HO,200905,2,0.013793,0.0,1.0,1.0,0.0,200904,1000
persistence,LA-HO,200906,3,0.015768,0.0,1.0,1.0,0.0,200904,1000
persistence,LA-HO,200907,1,0.0149129999999999,0.0,1.0,1.0,0.0,200907,1000
persistence,LA-HO,200908,2,0.013793,0.0,1.0,1.0,0.0,200907,1000
persistence,LA-HO,200909,3,0.809768,1.0,1.0,0.0,1.0,200907,1000
persistence,LA-HO,200910,1,0.024322,0.0,1.0,1.0,1.0,200910,1000
persistence,LA-HO,200911,2,0.023202,0.0,1.0,1.0,1.0,200910,1000
persistence,LA-HO,200912,3,0.0263769999999999,0.0,1.0,1.0,1.0,200910,1000
persistence,LA-KH,200801,1,1.3149230000000005,0.0,1.0,1.0,0.0,200801,1000
persistence,LA-KH,200802,2,2.0702239999999996,0.0,1.0,1.0,0.0,200801,1000
persistence,LA-KH,200803,3,2.6522299999999994,0.0,1.0,1.0,0.0,200801,1000
persistence,LA-KH,200804,1,1.3149230000000005,0.0,1.0,1.0,0.0,200804,1000
persistence,LA-KH,200805,2,2.0702239999999996,0.0,1.0,1.0,0.0,200804,1000
persistence,LA-KH,200806,3,3.0462299999999978,1.0,1.0,1.0,1.0,200804,1000
persistence,LA-KH,200807,1,2.403284000000001,2.0,1.0,0.0,3.0,200807,1000
persistence,LA-KH,200808,2,2.5886239999999994,1.0,1.0,1.0,0.0,200807,1000
persistence,LA-KH,200809,3,4.036038999999999,3.0,1.0,1.0,4.0,200807,1000
persistence,LA-KH,200810,1,3.125885000000002,3.0,1.0,0.0,1.0,200810,1000
persistence,LA-KH,200811,2,2.7576459999999976,1.0,1.0,1.0,3.0,200810,1000
persistence,LA-KH,200812,3,2.9661490000000015,0.0,1.0,1.0,4.0,200810,1000
persistence,LA-KH,200901,1,3.713884999999999,4.0,1.0,0.0,0.0,200901,1000
persistence,LA-KH,200902,2,4.333645999999998,4.0,1.0,0.0,0.0,200901,1000
persistence,LA-KH,200903,3,3.796149,2.0,1.0,1.0,6.0,200901,1000
persistence,LA-KH,200904,1,4.995498000000001,6.0,1.0,0.0,0.0,200904,1000
persistence,LA-KH,200905,2,2.422528,0.0,1.0,1.0,6.0,200904,1000
persistence,LA-KH,200906,3,54.16718900000001,74.0,0.0,0.0,80.0,200904,1000
persistence,LA-KH,200907,1,60.490204000000006,75.0,0.0,0.0,155.0,200907,1000
persistence,LA-KH,200908,2,191.180325,223.0,0.0,0.0,303.0,200907,1000
persistence,LA-KH,200909,3,163.22992399999998,197.0,0.0,0.0,277.0,200907,1000
persistence,LA-KH,200910,1,169.74701399999998,192.0,0.0,0.0,85.0,200910,1000
persistence,LA-KH,200911,2,185.115734,216.0,0.0,0.0,61.0,200910,1000
persistence,LA-KH,200912,3,175.88018300000002,210.0,0.0,0.0,67.0,200910,1000
persistence,LA-LM,200801,1,0.0063019999999999,0.0,1.0,1.0,0.0,200801,1000
persistence,LA-LM,200802,2,0.007978,0.0,1.0,1.0,0.0,200801,1000
persistence,LA-LM,200803,3,0.008063,0.0,1.0,1.0,0.0,200801,1000
persistence,LA-LM,200804,1,0.0063019999999999,0.0,1.0,1.0,0.0,200804,1000
persistence,LA-LM,200805,2,0.007978,0.0,1.0,1.0,0.0,200804,1000
persistence,LA-LM,200806,3,0.008063,0.0,1.0,1.0,0.0,200804,1000
persistence,LA-LM,200807,1,0.0063019999999999,0.0,1.0,1.0,0.0,200807,1000
persistence,LA-LM,200808,2,0.007978,0.0,1.0,1.0,0.0,200807,1000
persistence,LA-LM,200809,3,0.008063,0.0,1.0,1.0,0.0,200807,1000
persistence,LA-LM,200810,1,0.0063019999999999,0.0,1.0,1.0,0.0,200810,1000
persistence,LA-LM,200811,2,0.007978,0.0,1.0,1.0,0.0,200810,1000
persistence,LA-LM,200812,3,0.008063,0.0,1.0,1.0,0.0,200810,1000
persistence,LA-LM,200901,1,0.0063019999999999,0.0,1.0,1.0,0.0,200901,1000
persistence,LA-LM,200902,2,0.007978,0.0,1.0,1.0,0.0,200901,1000
persistence,LA-LM,200903,3,0.008063,0.0,1.0,1.0,0.0,200901,1000
persistence,LA-LM,200904,1,0.880302,1.0,0.0,0.0,1.0,200904,1000
persistence,LA-LM,200905,2,0.007978,0.0,1.0,1.0,0.0,200904,1000
persistence,LA-LM,200906,3,1.770063,2.0,0.0,0.0,2.0,200904,1000
persistence,LA-LM,200907,1,0.886035,1.0,0.0,0.0,1.0,200907,1000
persistence,LA-LM,200908,2,1.777203,2.0,0.0,0.0,0.0,200907,1000
persistence,LA-LM,200909,3,1.777288,2.0,0.0,0.0,4.0,200907,1000
persistence,LA-LM,200910,1,0.8865399999999999,1.0,0.0,0.0,5.0,200910,1000
persistence,LA-LM,200911,2,1.7778919999999998,2.0,0.0,0.0,6.0,200910,1000
persistence,LA-LM,200912,3,0.016045,0.0,1.0,1.0,4.0,200910,1000
persistence,LA-LP,200801,1,3.4616930000000004,5.0,1.0,1.0,0.0,200801,1000
persistence,LA-LP,200802,2,6.91244,11.0,1.0,0.0,16.0,200801,1000
persistence,LA-LP,200803,3,10.133757,17.0,1.0,0.0,22.0,200801,1000
persistence,LA-LP,200804,1,7.587196,11.0,1.0,0.0,33.0,200804,1000
persistence,LA-LP,200805,2,77.70587800000001,94.0,0.0,0.0,116.0,200804,1000
persistence,LA-LP,200806,3,116.670978,138.0,0.0,0.0,160.0,200804,1000
persistence,LA-LP,200807,1,129.93954599999998,144.0,0.0,0.0,16.0,200807,1000
persistence,LA-LP,200808,2,128.21567000000002,147.0,0.0,0.0,13.0,200807,1000
persistence,LA-LP,200809,3,124.816253,146.0,0.0,0.0,14.0,200807,1000
persistence,LA-LP,200810,1,13.347094,19.0,1.0,0.0,33.0,200810,1000
persistence,LA-LP,200811,2,84.94253,102.0,0.0,0.0,116.0,200810,1000
persistence,LA-LP,200812,3,124.888534,147.0,0.0,0.0,161.0,200810,1000
persistence,LA-LP,200901,1,146.497715,161.0,0.0,0.0,0.0,200901,1000
persistence,LA-LP,200902,2,141.643959,161.0,0.0,0.0,0.0,200901,1000
persistence,LA-LP,200903,3,139.126542,161.0,0.0,0.0,0.0,200901,1000
persistence,LA-LP,200904,1,1.1242739999999998,0.0,1.0,1.0,0.0,200904,1000
persistence,LA-LP,200905,2,1.711145,0.0,1.0,1.0,0.0,200904,1000
persistence,LA-LP,200906,3,5.2004459999999995,9.0,1.0,1.0,9.0,200904,1000
persistence,LA-LP,200907,1,14.802083,21.0,1.0,0.0,30.0,200907,1000
persistence,LA-LP,200908,2,15.036039,23.0,1.0,0.0,32.0,200907,1000
persistence,LA-LP,200909,3,278.002476,304.0,0.0,0.0,313.0,200907,1000
persistence,LA-LP,200910,1,133.848548,148.0,0.0,0.0,165.0,200910,1000
persistence,LA-LP,200911,2,204.57629,226.0,0.0,0.0,87.0,200910,1000
persistence,LA-LP,200912,3,288.208892,313.0,0.0,0.0,0.0,200910,1000
persistence,LA-OU,200801,1,0.0060349999999999,0.0,1.0,1.0,0.0,200801,1000
persistence,LA-OU,200802,2,0.004123,0.0,1.0,1.0,0.0,200801,1000
persistence,LA-OU,200803,3,0.0080099999999999,0.0,1.0,1.0,0.0,200801,1000
persistence,LA-OU,200804,1,0.0060349999999999,0.0,1.0,1.0,0.0,200804,1000
persistence,LA-OU,200805,2,0.004123,0.0,1.0,1.0,0.0,200804,1000
persistence,LA-OU,200806,3,0.0080099999999999,0.0,1.0,1.0,0.0,200804,1000
persistence,LA-OU,200807,1,0.0060349999999999,0.0,1.0,1.0,0.0,200807,1000
persistence,LA-OU,200808,2,0.004123,0.0,1.0,1.0,0.0,200807,1000
persistence,LA-OU,200809,3,0.0080099999999999,0.0,1.0,1.0,0.0,200807,1000
persistence,LA-OU,200810,1,0.0060349999999999,0.0,1.0,1.0,0.0,200810,1000
persistence,LA-OU,200811,2,0.004123,0.0,1.0,1.0,0.0,200810,1000
persistence,LA-OU,200812,3,0.0080099999999999,0.0,1.0,1.0,0.0,200810,1000
persistence,LA-OU,200901,1,0.0060349999999999,0.0,1.0,1.0,0.0,200901,1000
persistence,LA-OU,200902,2,0.004123,0.0,1.0,1.0,0.0,200901,1000
persistence,LA-OU,200903,3,0.0080099999999999,0.0,1.0,1.0,0.0,200901,1000
persistence,LA-OU,200904,1,0.0060349999999999,0.0,1.0,1.0,0.0,200904,1000
persistence,LA-OU,200905,2,0.004123,0.0,1.0,1.0,0.0,200904,1000
persistence,LA-OU,200906,3,0.0080099999999999,0.0,1.0,1.0,0.0,200904,1000
persistence,LA-OU,200907,1,0.0060349999999999,0.0,1.0,1.0,0.0,200907,1000
persistence,LA-OU,200908,2,0.886123,1.0,0.0,0.0,1.0,200907,1000
persistence,LA-OU,200909,3,14.71601,15.0,0.0,0.0,15.0,200907,1000
persistence,LA-OU,200910,1,8.76207,9.0,0.0,0.0,6.0,200910,1000
persistence,LA-OU,200911,2,1.848246,2.0,0.0,0.0,13.0,200910,1000
persistence,LA-OU,200912,3,2.7500199999999997,3.0,0.0,0.0,18.0,200910,1000
persistence,LA-PH,200901,1,0.0002559999999999,0.0,1.0,1.0,0.0,200901,1000
persistence,LA-PH,200902,2,0.0002559999999999,0.0,1.0,1.0,0.0,200901,1000
persistence,LA-PH,200903,3,0.0003239999999999,0.0,1.0,1.0,0.0,200901,1000
persistence,LA-PH,200904,1,0.0002559999999999,0.0,1.0,1.0,0.0,200904,1000
persistence,LA-PH,200905,2,0.0002559999999999,0.0,1.0,1.0,0.0,200904,1000
persistence,LA-PH,200906,3,0.0003239999999999,0.0,1.0,1.0,0.0,200904,1000
persistence,LA-PH,200907,1,0.0002559999999999,0.0,1.0,1.0,0.0,200907,1000
persistence,LA-PH,200909,3,0.0003239999999999,0.0,1.0,1.0,0.0,200907,1000
persistence,LA-PH,200910,1,0.0002559999999999,0.0,1.0,1.0,0.0,200910,1000
persistence,LA-PH,200911,2,0.0002559999999999,0.0,1.0,1.0,0.0,200910,1000
persistence,LA-PH,200912,3,0.0003239999999999,0.0,1.0,1.0,0.0,200910,1000
persistence,LA-SL,200801,1,5.888300000000001,7.0,0.0,0.0,0.0,200801,1000
persistence,LA-SL,200802,2,4.932642,6.0,0.0,0.0,1.0,200801,1000
persistence,LA-SL,200803,3,1.538814,2.0,1.0,0.0,5.0,200801,1000
persistence,LA-SL,200804,1,2.4083299999999994,3.0,0.0,0.0,2.0,200804,1000
persistence,LA-SL,200805,2,94.771065,100.0,0.0,0.0,105.0,200804,1000
persistence,LA-SL,200806,3,215.529118,221.0,0.0,0.0,226.0,200804,1000
persistence,LA-SL,200807,1,144.638988,148.0,0.0,0.0,78.0,200807,1000
persistence,LA-SL,200808,2,157.654794,163.0,0.0,0.0,63.0,200807,1000
persistence,LA-SL,200809,3,135.591742,141.0,0.0,0.0,85.0,200807,1000
persistence,LA-SL,200810,1,5.024252000000001,6.0,0.0,0.0,91.0,200810,1000
persistence,LA-SL,200811,2,59.913664,64.0,0.0,0.0,21.0,200810,1000
persistence,LA-SL,200812,3,72.336984,77.0,0.0,0.0,8.0,200810,1000
persistence,LA-SL,200901,1,5.890064000000001,7.0,0.0,0.0,1.0,200901,1000
persistence,LA-SL,200902,2,14.107243,16.0,0.0,0.0,24.0,200901,1000
persistence,LA-SL,200903,3,14.945415000000002,17.0,0.0,0.0,25.0,200901,1000
persistence,LA-SL,200904,1,5.018927,6.0,0.0,0.0,19.0,200904,1000
persistence,LA-SL,200905,2,91.851327,97.0,0.0,0.0,122.0,200904,1000
persistence,LA-SL,200906,3,14.970665,17.0,0.0,0.0,42.0,200904,1000
persistence,LA-SL,200907,1,118.6355,122.0,0.0,0.0,164.0,200907,1000
persistence,LA-SL,200908,2,80.18723700000001,85.0,0.0,0.0,127.0,200907,1000
persistence,LA-SL,200909,3,45.277277,49.0,0.0,0.0,91.0,200907,1000
persistence,LA-SL,200910,1,2.434636,3.0,0.0,0.0,94.0,200910,1000
persistence,LA-SL,200911,2,43.493157999999994,47.0,0.0,0.0,44.0,200910,1000
persistence,LA-SL,200912,3,69.439998,74.0,0.0,0.0,17.0,200910,1000
persistence,LA-SV,200801,1,4.8442229999999995,1.0,1.0,1.0,1.0,200801,1000
persistence,LA-SV,200802,2,8.673057,1.0,1.0,1.0,1.0,200801,1000
persistence,LA-SV,200803,3,12.976107,1.0,1.0,1.0,1.0,200801,1000
persistence,LA-SV,200804,1,5.031711999999999,1.0,1.0,1.0,0.0,200804,1000
persistence,LA-SV,200805,2,8.798821000000004,0.0,1.0,1.0,1.0,200804,1000
persistence,LA-SV,200806,3,14.938783,9.0,1.0,1.0,10.0,200804,1000
persistence,LA-SV,200807,1,5.993041000000005,1.0,1.0,1.0,11.0,200807,1000
persistence,LA-SV,200808,2,11.269002999999998,6.0,1.0,1.0,4.0,200807,1000
persistence,LA-SV,200809,3,16.011347999999998,8.0,1.0,1.0,2.0,200807,1000
persistence,LA-SV,200810,1,7.473481,8.0,1.0,1.0,10.0,200810,1000
persistence,LA-SV,200811,2,8.967742000000001,0.0,1.0,1.0,2.0,200810,1000
persistence,LA-SV,200812,3,13.509918999999996,2.0,1.0,1.0,0.0,200810,1000
persistence,LA-SV,200901,1,4.710222999999999,0.0,1.0,1.0,0.0,200901,1000
persistence,LA-SV,200902,2,8.589056999999997,0.0,1.0,1.0,0.0,200901,1000
persistence,LA-SV,200903,3,12.924106999999992,0.0,1.0,1.0,0.0,200901,1000
persistence,LA-SV,200904,1,4.710222999999999,0.0,1.0,1.0,0.0,200904,1000
persistence,LA-SV,200905,2,8.589056999999997,0.0,1.0,1.0,0.0,200904,1000
persistence,LA-SV,200906,3,12.976107,1.0,1.0,1.0,1.0,200904,1000
persistence,LA-SV,200907,1,9.081712000000003,12.0,1.0,1.0,13.0,200907,1000
persistence,LA-SV,200908,2,21.414821000000003,33.0,1.0,1.0,34.0,200907,1000
persistence,LA-SV,200909,3,29.858783000000003,47.0,1.0,1.0,48.0,200907,1000
persistence,LA-SV,200910,1,22.608721999999993,32.0,1.0,0.0,16.0,200910,1000
persistence,LA-SV,200911,2,17.216891000000004,15.0,1.0,1.0,33.0,200910,1000
persistence,LA-SV,200912,3,33.27619299999999,44.0,1.0,1.0,4.0,200910,1000
persistence,LA-VT,200801,1,43.562509000000006,69.0,1.0,0.0,29.0,200801,1000
persistence,LA-VT,200802,2,53.531439000000006,86.0,1.0,1.0,12.0,200801,1000
persistence,LA-VT,200803,3,53.29954199999999,72.0,1.0,1.0,26.0,200801,1000
persistence,LA-VT,200804,1,17.354836999999996,22.0,1.0,1.0,4.0,200804,1000
persistence,LA-VT,200805,2,23.829443999999995,9.0,1.0,1.0,17.0,200804,1000
persistence,LA-VT,200806,3,34.40855599999999,34.0,1.0,1.0,60.0,200804,1000
persistence,LA-VT,200807,1,44.285051,72.0,1.0,0.0,132.0,200807,1000
persistence,LA-VT,200808,2,49.550028999999995,84.0,1.0,1.0,144.0,200807,1000
persistence,LA-VT,200809,3,57.28912399999999,98.0,1.0,1.0,158.0,200807,1000
persistence,LA-VT,200810,1,40.699749,63.0,1.0,0.0,95.0,200810,1000
persistence,LA-VT,200811,2,36.577603,29.0,1.0,1.0,129.0,200810,1000
persistence,LA-VT,200812,3,56.08934400000001,67.0,1.0,1.0,91.0,200810,1000
persistence,LA-VT,200901,1,33.955966000000004,53.0,1.0,0.0,38.0,200901,1000
persistence,LA-VT,200902,2,46.578158000000016,71.0,1.0,1.0,20.0,200901,1000
persistence,LA-VT,200903,3,52.60918800000002,72.0,1.0,1.0,19.0,200901,1000
persistence,LA-VT,200904,1,14.502862999999998,14.0,1.0,1.0,33.0,200904,1000
persistence,LA-VT,200905,2,26.674568000000008,35.0,1.0,1.0,54.0,200904,1000
persistence,LA-VT,200906,3,45.832223,85.0,1.0,1.0,104.0,200904,1000
persistence,LA-VT,200907,1,142.69739800000002,198.0,0.0,0.0,302.0,200907,1000
persistence,LA-VT,200908,2,166.135237,252.0,0.0,0.0,356.0,200907,1000
persistence,LA-VT,200909,3,238.83145099999996,366.0,0.0,0.0,470.0,200907,1000
persistence,LA-VT,200910,1,37.81561000000001,57.0,1.0,0.0,527.0,200910,1000
persistence,LA-VT,200911,2,44.86481699999999,51.0,1.0,1.0,521.0,200910,1000
persistence,LA-VT,200912,3,73.67705999999998,104.0,1.0,1.0,366.0,200910,1000
persistence,LA-XA,200801,1,1.370140000000001,1.0,1.0,1.0,0.0,200801,1000
persistence,LA-XA,200802,2,1.726794,1.0,1.0,1.0,0.0,200801,1000
persistence,LA-XA,200803,3,2.4291660000000004,1.0,1.0,1.0,0.0,200801,1000
persistence,LA-XA,200804,1,0.9566909999999992,0.0,1.0,1.0,0.0,200804,1000
persistence,LA-XA,200805,2,2.003665,2.0,1.0,1.0,2.0,200804,1000
persistence,LA-XA,200806,3,4.741557,6.0,1.0,0.0,6.0,200804,1000
persistence,LA-XA,200807,1,9.660272,13.0,1.0,0.0,19.0,200807,1000
persistence,LA-XA,200808,2,1.9991069999999984,1.0,1.0,1.0,7.0,200807,1000
persistence,LA-XA,200809,3,4.655937,5.0,1.0,0.0,1.0,200807,1000
persistence,LA-XA,200810,1,1.8581400000000008,2.0,1.0,1.0,3.0,200810,1000
persistence,LA-XA,200811,2,1.726794,1.0,1.0,1.0,2.0,200810,1000
persistence,LA-XA,200812,3,2.223166000000001,0.0,1.0,1.0,1.0,200810,1000
persistence,LA-XA,200901,1,1.370140000000001,1.0,1.0,1.0,0.0,200901,1000
persistence,LA-XA,200902,2,1.726794,1.0,1.0,1.0,0.0,200901,1000
persistence,LA-XA,200903,3,2.4291660000000004,1.0,1.0,1.0,0.0,200901,1000
persistence,LA-XA,200904,1,0.9566909999999992,0.0,1.0,1.0,0.0,200904,1000
persistence,LA-XA,200905,2,1.5876649999999994,1.0,1.0,1.0,1.0,200904,1000
persistence,LA-XA,200906,3,9.675557,14.0,1.0,0.0,14.0,200904,1000
persistence,LA-XA,200907,1,2.7803690000000003,3.0,1.0,0.0,11.0,200907,1000
persistence,LA-XA,200908,2,17.094084000000002,23.0,1.0,0.0,37.0,200907,1000
persistence,LA-XA,200909,3,3.863987999999999,3.0,1.0,1.0,11.0,200907,1000
persistence,LA-XA,200910,1,4.720613,6.0,1.0,0.0,5.0,200910,1000
persistence,LA-XA,200911,2,4.825930999999999,6.0,1.0,0.0,5.0,200910,1000
persistence,LA-XA,200912,3,8.469738999999999,11.0,1.0,0.0,0.0,200910,1000
persistence,LA-XE,200801,1,0.6979409999999999,1.0,1.0,0.0,0.0,200801,1000
persistence,LA-XE,200802,2,0.6954600000000001,1.0,1.0,0.0,0.0,200801,1000
persistence,LA-XE,200803,3,0.6880539999999999,1.0,1.0,0.0,0.0,200801,1000
persistence,LA-XE,200804,1,0.067505,0.0,1.0,1.0,0.0,200804,1000
persistence,LA-XE,200805,2,0.0713599999999999,0.0,1.0,1.0,0.0,200804,1000
persistence,LA-XE,200806,3,4.053398,5.0,0.0,0.0,5.0,200804,1000
persistence,LA-XE,200807,1,4.160576,5.0,0.0,0.0,0.0,200807,1000
persistence,LA-XE,200808,2,4.131926999999999,5.0,0.0,0.0,0.0,200807,1000
persistence,LA-XE,200809,3,3.2153919999999996,4.0,0.0,0.0,1.0,200807,1000
persistence,LA-XE,200810,1,0.6979409999999999,1.0,1.0,0.0,0.0,200810,1000
persistence,LA-XE,200811,2,0.6954600000000001,1.0,1.0,0.0,0.0,200810,1000
persistence,LA-XE,200812,3,0.120054,0.0,1.0,1.0,1.0,200810,1000
persistence,LA-XE,200901,1,0.6979409999999999,1.0,1.0,0.0,0.0,200901,1000
persistence,LA-XE,200902,2,0.6954600000000001,1.0,1.0,0.0,2.0,200901,1000
persistence,LA-XE,200903,3,0.6880539999999999,1.0,1.0,0.0,2.0,200901,1000
persistence,LA-XE,200904,1,0.71307,1.0,1.0,0.0,1.0,200904,1000
persistence,LA-XE,200905,2,0.132101,0.0,1.0,1.0,2.0,200904,1000
persistence,LA-XE,200906,3,6.022938,7.0,0.0,0.0,9.0,200904,1000
persistence,LA-XE,200907,1,19.060946,20.0,0.0,0.0,29.0,200907,1000
persistence,LA-XE,200908,2,16.974494,18.0,0.0,0.0,27.0,200907,1000
persistence,LA-XE,200909,3,2.3166710000000004,3.0,0.0,0.0,6.0,200907,1000
persistence,LA-XE,200910,1,0.722745,1.0,1.0,0.0,7.0,200910,1000
persistence,LA-XE,200911,2,2.3122510000000003,3.0,0.0,0.0,3.0,200910,1000
persistence,LA-XE,200912,3,0.713921,1.0,1.0,0.0,7.0,200910,1000
persistence,LA-XI,200801,1,0.000689,0.0,1.0,1.0,0.0,200801,1000
persistence,LA-XI,200802,2,0.000689,0.0,1.0,1.0,0.0,200801,1000
persistence,LA-XI,200803,3,0.000757,0.0,1.0,1.0,0.0,200801,1000
persistence,LA-XI,200804,1,0.000689,0.0,1.0,1.0,0.0,200804,1000
persistence,LA-XI,200805,2,0.000689,0.0,1.0,1.0,0.0,200804,1000
persistence,LA-XI,200806,3,0.948757,1.0,0.0,0.0,1.0,200804,1000
persistence,LA-XI,200807,1,0.951314,1.0,0.0,0.0,0.0,200807,1000
persistence,LA-XI,200808,2,0.951314,1.0,0.0,0.0,0.0,200807,1000
persistence,LA-XI,200809,3,0.949433,1.0,0.0,0.0,0.0,200807,1000
persistence,LA-XI,200810,1,0.000689,0.0,1.0,1.0,0.0,200810,1000
persistence,LA-XI,200811,2,0.000689,0.0,1.0,1.0,0.0,200810,1000
persistence,LA-XI,200812,3,0.000757,0.0,1.0,1.0,0.0,200810,1000
persistence,LA-XI,200901,1,0.000689,0.0,1.0,1.0,0.0,200901,1000
persistence,LA-XI,200902,2,0.000689,0.0,1.0,1.0,0.0,200901,1000
persistence,LA-XI,200903,3,0.000757,0.0,1.0,1.0,0.0,200901,1000
persistence,LA-XI,200904,1,0.000689,0.0,1.0,1.0,0.0,200904,1000
persistence,LA-XI,200905,2,38.934689,39.0,0.0,0.0,39.0,200904,1000
persistence,LA-XI,200906,3,32.93075700000001,33.0,0.0,0.0,33.0,200904,1000
persistence,LA-XI,200907,1,31.935378,32.0,0.0,0.0,1.0,200907,1000
persistence,LA-XI,200908,2,22.935378,23.0,0.0,0.0,10.0,200907,1000
persistence,LA-XI,200909,3,32.931514,33.0,0.0,0.0,0.0,200907,1000
persistence,LA-XI,200910,1,0.000689,0.0,1.0,1.0,0.0,200910,1000
persistence,LA-XI,200911,2,0.000689,0.0,1.0,1.0,0.0,200910,1000
persistence,LA-XI,200912,3,0.000757,0.0,1.0,1.0,0.0,200910,1000
reference,LA-AT,200801,1,2.760833,4.0,0.25,0.0,4.0,200801,4000
reference,LA-AT,200802,2,1.25609275,2.0,1.0,0.25,2.0,200801,4000
reference,LA-AT,200803,3,0.1222457499999999,0.0,1.0,1.0,0.0,200801,4000
reference,LA-AT,200804,1,0.53097975,0.75,1.0,1.0,0.0,200804,4000
reference,LA-AT,200805,2,1.8055605,3.0,1.0,0.25,4.0,200804,4000
reference,LA-AT,200806,3,4.67405925,7.75,1.0,0.25,10.0,200804,4000
reference,LA-AT,200807,1,2.5819794999999996,0.75,1.0,1.0,6.0,200807,4000
reference,LA-AT,200808,2,3.4991745000000005,6.25,1.0,0.75,11.0,200807,4000
reference,LA-AT,200809,3,11.64964375,18.75,1.0,0.0,24.0,200807,4000
reference,LA-AT,200810,1,36.51275975,44.75,0.0,0.0,47.0,200810,4000
reference,LA-AT,200811,2,35.5957445,41.5,0.0,0.0,43.0,200810,4000
reference,LA-AT,200812,3,18.499065,22.0,0.0,0.0,23.0,200810,4000
reference,LA-AT,200901,1,7.681362249999999,13.25,1.0,0.0,18.0,200901,4000
reference,LA-AT,200902,2,36.6774035,43.25,0.0,0.0,46.0,200901,4000
reference,LA-AT,200903,3,56.967467250000006,70.75,0.0,0.0,77.0,200901,4000
reference,LA-AT,200904,1,38.048755,67.375,1.0,0.0,99.0,200904,4000
reference,LA-AT,200905,2,85.88252875,113.75,0.0,0.0,0.0,200904,4000
reference,LA-AT,200906,3,69.25253975000001,89.625,1.0,0.0,24.0,200904,4000
reference,LA-AT,200907,1,100.03155875000002,130.875,1.0,0.5,64.0,200907,4000
reference,LA-AT,200908,2,117.60591700000002,152.75,1.0,0.0,21.0,200907,4000
reference,LA-AT,200909,3,215.35188800000003,279.0,0.0,0.0,17.0,200907,4000
reference,LA-AT,200910,1,42.7035815,52.875,0.5,0.0,4.0,200910,4000
reference,LA-AT,200911,2,28.561111250000003,33.625,1.0,0.5,16.0,200910,4000
reference,LA-AT,200912,3,32.7289035,40.75,1.0,0.0,6.0,200910,4000
reference,LA-BK,200801,1,0.84546725,1.0,0.25,0.25,1.0,200801,4000
reference,LA-BK,200802,2,0.01227025,0.0,1.0,1.0,0.0,200801,4000
reference,LA-BK,200803,3,0.00316,0.0,1.0,1.0,0.0,200801,4000
reference,LA-BK,200804,1,0.07283425,0.0,1.0,1.0,0.0,200804,4000
reference,LA-BK,200805,2,10.26192425,12.0,0.0,0.0,12.0,200804,4000
reference,LA-BK,200806,3,50.3418335,53.0,0.0,0.0,53.0,200804,4000
reference,LA-BK,200807,1,16.6146545,22.75,1.0,0.0,2.0,200807,4000
reference,LA-BK,200808,2,27.02016525,32.875,1.0,0.0,9.0,200807,4000
reference,LA-BK,200809,3,76.10195074999999,80.875,1.0,0.75,33.0,200807,4000
reference,LA-BK,200810,1,27.965027249999995,27.125,1.0,1.0,48.0,200810,4000
reference,LA-BK,200811,2,45.56657125,52.75,0.0,0.0,55.0,200810,4000
reference,LA-BK,200812,3,2.49266575,4.0,0.75,0.25,5.0,200810,4000
reference,LA-BK,200901,1,0.4431317499999999,0.0,1.0,1.0,1.0,200901,4000
reference,LA-BK,200902,2,0.33335125,0.5,1.0,1.0,0.0,200901,4000
reference,LA-BK,200903,3,0.61700975,0.0,1.0,1.0,1.0,200901,4000
reference,LA-BK,200904,1,1.648515,0.75,1.0,1.0,3.0,200904,4000
reference,LA-BK,200905,2,43.08072425,62.75,0.0,0.0,74.0,200904,4000
reference,LA-BK,200906,3,133.2292725,187.0,0.0,0.0,216.0,200904,4000
reference,LA-BK,200907,1,95.842723,160.0,1.0,0.0,212.0,200907,4000
reference,LA-BK,200908,2,32.932519,56.0,1.0,1.0,110.0,200907,4000
reference,LA-BK,200909,3,18.360550250000003,5.25,1.0,1.0,52.0,200907,4000
reference,LA-BK,200910,1,27.158042,30.375,1.0,1.0,31.0,200910,4000
reference,LA-BK,200911,2,16.857343,22.5,1.0,0.0,5.0,200910,4000
reference,LA-BK,200912,3,6.62136775,8.5,1.0,1.0,4.0,200910,4000
reference,LA-BL,200801,1,5.61683425,8.75,0.5,0.0,10.0,200801,4000
reference,LA-BL,200802,2,6.008294,7.0,0.0,0.0,7.0,200801,4000
reference,LA-BL,200803,3,0.4465607499999999,1.0,1.0,0.75,1.0,200801,4000
reference,LA-BL,200804,1,2.72351775,2.75,1.0,0.75,3.0,200804,4000
reference,LA-BL,200805,2,6.4905247500000005,9.5,0.75,0.75,15.0,200804,4000
reference,LA-BL,200806,3,8.38254775,6.125,1.0,0.75,19.0,200804,4000
reference,LA-BL,200807,1,16.51069375,10.125,1.0,1.0,31.0,200807,4000
reference,LA-BL,200808,2,20.24160525,16.25,1.0,1.0,32.0,200807,4000
reference,LA-BL,200809,3,20.260726,16.25,1.0,1.0,30.0,200807,4000
reference,LA-BL,200810,1,6.7769235,9.0,1.0,0.5,5.0,200810,4000
reference,LA-BL,200811,2,5.4391055,7.0,1.0,0.5,12.0,200810,4000
reference,LA-BL,200812,3,1.0511654999999998,1.25,1.0,1.0,1.0,200810,4000
reference,LA-BL,200901,1,0.7323080000000001,1.0,1.0,1.0,2.0,200901,4000
reference,LA-BL,200902,2,1.4891775,2.75,1.0,0.0,3.0,200901,4000
reference,LA-BL,200903,3,1.3088337499999998,2.0,1.0,1.0,0.0,200901,4000
reference,LA-BL,200904,1,0.7450647500000002,1.0,1.0,1.0,2.0,200904,4000
reference,LA-BL,200905,2,3.35078425,4.25,1.0,0.0,0.0,200904,4000
reference,LA-BL,200906,3,3.775456,1.75,1.0,1.0,7.0,200904,4000
reference,LA-BL,200907,1,13.19806625,24.0,1.0,0.0,35.0,200907,4000
reference,LA-BL,200908,2,4.783835000000001,2.75,1.0,1.0,9.0,200907,4000
reference,LA-BL,200909,3,9.4446885,12.0,0.0,0.0,0.0,200907,4000
reference,LA-BL,200910,1,4.0439757499999995,5.25,1.0,0.0,1.0,200910,4000
reference,LA-BL,200911,2,1.27497575,1.0,1.0,1.0,2.0,200910,4000
reference,LA-BL,200912,3,0.45002925,0.0,1.0,1.0,1.0,200910,4000
reference,LA-CH,200801,1,33.45146025,57.625,1.0,0.0,73.0,200801,4000
reference,LA-CH,200802,2,48.8802155,76.25,0.75,0.0,90.0,200801,4000
reference,LA-CH,200803,3,56.8482555,81.375,0.0,0.0,92.0,200801,4000
reference,LA-CH,200804,1,27.3563515,22.125,1.0,0.75,69.0,200804,4000
reference,LA-CH,200805,2,46.3125915,42.25,1.0,0.75,113.0,200804,4000
reference,LA-CH,200806,3,114.8213595,101.0,1.0,0.75,295.0,200804,4000
reference,LA-CH,200807,1,144.71215074999998,159.25,1.0,1.0,162.0,200807,4000
reference,LA-CH,200808,2,97.57190025000004,88.75,1.0,1.0,143.0,200807,4000
reference,LA-CH,200809,3,97.54557275000002,57.75,1.0,1.0,185.0,200807,4000
reference,LA-CH,200810,1,60.84553875,86.5,0.75,0.5,140.0,200810,4000
reference,LA-CH,200811,2,47.85479625000001,67.25,0.75,0.5,102.0,200810,4000
reference,LA-CH,200812,3,34.417958250000005,56.125,0.75,0.25,73.0,200810,4000
reference,LA-CH,200901,1,9.42624275,9.75,1.0,1.0,31.0,200901,4000
reference,LA-CH,200902,2,22.81389625,37.0,0.75,0.0,48.0,200901,4000
reference,LA-CH,200903,3,20.245691249999997,36.375,1.0,0.75,60.0,200901,4000
reference,LA-CH,200904,1,32.63748825,57.5,1.0,1.0,102.0,200904,4000
reference,LA-CH,200905,2,104.54897425,130.75,1.0,0.5,66.0,200904,4000
reference,LA-CH,200906,3,106.24527675,103.875,1.0,1.0,124.0,200904,4000
reference,LA-CH,200907,1,127.62074875,148.75,1.0,1.0,122.0,200907,4000
reference,LA-CH,200908,2,77.783376,77.5,1.0,1.0,110.0,200907,4000
reference,LA-CH,200909,3,101.68066175,112.875,1.0,1.0,105.0,200907,4000
reference,LA-CH,200910,1,24.10285525,1.125,1.0,1.0,59.0,200910,4000
reference,LA-CH,200911,2,32.14937725,35.25,1.0,1.0,35.0,200910,4000
reference,LA-CH,200912,3,25.607675250000003,24.625,1.0,1.0,32.0,200910,4000
reference,LA-HO,200801,1,0.0109399999999999,0.0,1.0,1.0,0.0,200801,4000
reference,LA-HO,200802,2,0.0019752499999999,0.0,1.0,1.0,0.0,200801,4000
reference,LA-HO,200803,3,0.010616,0.0,1.0,1.0,0.0,200801,4000
reference,LA-HO,200804,1,0.0632637499999999,0.0,1.0,1.0,0.0,200804,4000
reference,LA-HO,200805,2,0.04045425,0.0,1.0,1.0,0.0,200804,4000
reference,LA-HO,200806,3,0.06884475,0.0,1.0,1.0,0.0,200804,4000
reference,LA-HO,200807,1,0.02375325,0.0,1.0,1.0,0.0,200807,4000
reference,LA-HO,200808,2,0.03280825,0.0,1.0,1.0,0.0,200807,4000
reference,LA-HO,200809,3,0.7139545,1.0,1.0,0.0,1.0,200807,4000
reference,LA-HO,200810,1,0.15908525,0.0,1.0,1.0,0.0,200810,4000
reference,LA-HO,200811,2,0.0480282499999999,0.0,1.0,1.0,0.0,200810,4000
reference,LA-HO,200812,3,0.7964877499999999,1.0,0.5,0.0,1.0,200810,4000
reference,LA-HO,200901,1,0.0158185,0.0,1.0,1.0,0.0,200901,4000
reference,LA-HO,200902,2,0.028627,0.0,1.0,1.0,0.0,200901,4000
reference,LA-HO,200903,3,0.02190425,0.0,1.0,1.0,0.0,200901,4000
reference,LA-HO,200904,1,0.0038254999999999,0.0,1.0,1.0,0.0,200904,4000
reference,LA-HO,200905,2,0.0192284999999999,0.0,1.0,1.0,0.0,200904,4000
reference,LA-HO,200906,3,0.0569589999999999,0.0,1.0,1.0,0.0,200904,4000
reference,LA-HO,200907,1,0.02692975,0.0,1.0,1.0,0.0,200907,4000
reference,LA-HO,200908,2,0.0484832499999999,0.0,1.0,1.0,0.0,200907,4000
reference,LA-HO,200909,3,0.68233525,1.0,1.0,0.0,1.0,200907,4000
reference,LA-HO,200910,1,0.6567354999999999,1.0,1.0,0.0,1.0,200910,4000
reference,LA-HO,200911,2,0.8403309999999999,1.0,0.0,0.0,1.0,200910,4000
reference,LA-HO,200912,3,0.919756,1.0,0.0,0.0,1.0,200910,4000
reference,LA-KH,200801,1,0.7488915,1.0,1.0,1.0,0.0,200801,4000
reference,LA-KH,200802,2,0.0834042499999999,0.0,1.0,1.0,0.0,200801,4000
reference,LA-KH,200803,3,0.0710454999999999,0.0,1.0,1.0,0.0,200801,4000
reference,LA-KH,200804,1,0.28901575,0.0,1.0,1.0,0.0,200804,4000
reference,LA-KH,200805,2,0.4236250000000001,0.25,1.0,1.0,0.0,200804,4000
reference,LA-KH,200806,3,1.19480225,0.25,1.0,1.0,1.0,200804,4000
reference,LA-KH,200807,1,1.4620815,2.5,1.0,0.0,3.0,200807,4000
reference,LA-KH,200808,2,0.389235,0.0,1.0,1.0,0.0,200807,4000
reference,LA-KH,200809,3,2.162512,3.25,1.0,0.0,4.0,200807,4000
reference,LA-KH,200810,1,1.8699257500000004,0.25,1.0,1.0,1.0,200810,4000
reference,LA-KH,200811,2,1.9576662499999995,2.25,1.0,0.5,3.0,200810,4000
reference,LA-KH,200812,3,2.666416,4.0,0.5,0.5,4.0,200810,4000
reference,LA-KH,200901,1,0.0851975,0.0,1.0,1.0,0.0,200901,4000
reference,LA-KH,200902,2,0.02545125,0.0,1.0,1.0,0.0,200901,4000
reference,LA-KH,200903,3,4.55534225,6.0,0.0,0.0,6.0,200901,4000
reference,LA-KH,200904,1,0.7420227500000001,1.0,1.0,1.0,0.0,200904,4000
reference,LA-KH,200905,2,1.9750805,2.0,1.0,1.0,6.0,200904,4000
reference,LA-KH,200906,3,58.143444,73.25,0.0,0.0,80.0,200904,4000
reference,LA-KH,200907,1,91.78398925,131.25,0.0,0.0,155.0,200907,4000
reference,LA-KH,200908,2,233.988368,279.875,0.0,0.0,303.0,200907,4000
reference,LA-KH,200909,3,204.3826725,251.5,0.0,0.0,277.0,200907,4000
reference,LA-KH,200910,1,25.496141499999997,24.625,1.0,1.0,85.0,200910,4000
reference,LA-KH,200911,2,19.19692125,34.25,1.0,0.5,61.0,200910,4000
reference,LA-KH,200912,3,40.61299875,56.75,0.0,0.0,67.0,200910,4000
reference,LA-LM,200801,1,0.0201904999999999,0.0,1.0,1.0,0.0,200801,4000
reference,LA-LM,200802,2,0.0032985,0.0,1.0,1.0,0.0,200801,4000
reference,LA-LM,200803,3,0.0018287499999999,0.0,1.0,1.0,0.0,200801,4000
reference,LA-LM,200804,1,0.02354075,0.0,1.0,1.0,0.0,200804,4000
reference,LA-LM,200805,2,0.08053675,0.0,1.0,1.0,0.0,200804,4000
reference,LA-LM,200806,3,0.0746129999999999,0.0,1.0,1.0,0.0,200804,4000
reference,LA-LM,200807,1,0.05853225,0.0,1.0,1.0,0.0,200807,4000
reference,LA-LM,200808,2,0.048947,0.0,1.0,1.0,0.0,200807,4000
reference,LA-LM,200809,3,0.0674255,0.0,1.0,1.0,0.0,200807,4000
reference,LA-LM,200810,1,0.4317499999999999,0.0,1.0,1.0,0.0,200810,4000
reference,LA-LM,200811,2,0.12945075,0.0,1.0,1.0,0.0,200810,4000
reference,LA-LM,200812,3,0.063083,0.0,1.0,1.0,0.0,200810,4000
reference,LA-LM,200901,1,0.0002232499999999,0.0,1.0,1.0,0.0,200901,4000
reference,LA-LM,200902,2,0.0001465,0.0,1.0,1.0,0.0,200901,4000
reference,LA-LM,200903,3,0.0001904999999999,0.0,1.0,1.0,0.0,200901,4000
reference,LA-LM,200904,1,0.904763,1.0,0.0,0.0,1.0,200904,4000
reference,LA-LM,200905,2,0.01311275,0.0,1.0,1.0,0.0,200904,4000
reference,LA-LM,200906,3,1.56051525,2.0,0.0,0.0,2.0,200904,4000
reference,LA-LM,200907,1,0.559926,0.0,1.0,1.0,1.0,200907,4000
reference,LA-LM,200908,2,0.9188185,1.0,1.0,1.0,0.0,200907,4000
reference,LA-LM,200909,3,1.6689665,3.0,1.0,0.0,4.0,200907,4000
reference,LA-LM,200910,1,2.6672565,4.0,1.0,0.0,5.0,200910,4000
reference,LA-LM,200911,2,4.70962,6.0,0.0,0.0,6.0,200910,4000
reference,LA-LM,200912,3,3.39275225,4.0,0.0,0.0,4.0,200910,4000
reference,LA-LP,200801,1,0.6703795,0.75,1.0,1.0,0.0,200801,4000
reference,LA-LP,200802,2,14.77188375,16.0,0.0,0.0,16.0,200801,4000
reference,LA-LP,200803,3,20.73521225,22.0,0.0,0.0,22.0,200801,4000
reference,LA-LP,200804,1,16.117977999999997,23.0,0.75,0.25,33.0,200804,4000
reference,LA-LP,200805,2,71.2463945,98.5,0.75,0.0,116.0,200804,4000
reference,LA-LP,200806,3,92.7365445,132.375,0.75,0.0,160.0,200804,4000
reference,LA-LP,200807,1,129.63580475,170.875,0.5,0.0,16.0,200807,4000
reference,LA-LP,200808,2,116.21771275,155.125,0.25,0.0,13.0,200807,4000
reference,LA-LP,200809,3,101.26721725,138.875,0.5,0.0,14.0,200807,4000
reference,LA-LP,200810,1,26.56176475,32.25,0.5,0.5,33.0,200810,4000
reference,LA-LP,200811,2,80.38530825,100.5,0.5,0.0,116.0,200810,4000
reference,LA-LP,200812,3,142.92446225,155.5,0.0,0.0,161.0,200810,4000
reference,LA-LP,200901,1,7.892043000000001,10.25,1.0,0.0,0.0,200901,4000
reference,LA-LP,200902,2,6.08396075,7.75,1.0,0.0,0.0,200901,4000
reference,LA-LP,200903,3,13.433394999999996,17.25,0.0,0.0,0.0,200901,4000
reference,LA-LP,200904,1,15.69692975,19.875,0.0,0.0,0.0,200904,4000
reference,LA-LP,200905,2,38.54520624999999,49.375,0.0,0.0,0.0,200904,4000
reference,LA-LP,200906,3,72.64128875,95.75,1.0,0.0,9.0,200904,4000
reference,LA-LP,200907,1,21.7946145,27.5,0.0,0.0,30.0,200907,4000
reference,LA-LP,200908,2,21.985986250000003,29.0,0.0,0.0,32.0,200907,4000
reference,LA-LP,200909,3,302.8450645,310.25,0.0,0.0,313.0,200907,4000
reference,LA-LP,200910,1,98.61229025,139.25,0.0,0.0,165.0,200910,4000
reference,LA-LP,200911,2,57.681214749999995,76.5,0.0,0.0,87.0,200910,4000
reference,LA-LP,200912,3,2.8869517499999997,4.0,1.0,0.0,0.0,200910,4000
reference,LA-OU,200801,1,0.0556032499999999,0.0,1.0,1.0,0.0,200801,4000
reference,LA-OU,200802,2,0.00948775,0.0,1.0,1.0,0.0,200801,4000
reference,LA-OU,200803,3,0.004038,0.0,1.0,1.0,0.0,200801,4000
reference,LA-OU,200804,1,0.0533842499999999,0.0,1.0,1.0,0.0,200804,4000
reference,LA-OU,200805,2,0.1144844999999999,0.0,1.0,1.0,0.0,200804,4000
reference,LA-OU,200806,3,0.1418865,0.0,1.0,1.0,0.0,200804,4000
reference,LA-OU,200807,1,0.08059525,0.0,1.0,1.0,0.0,200807,4000
reference,LA-OU,200808,2,0.06646425,0.0,1.0,1.0,0.0,200807,4000
reference,LA-OU,200809,3,0.0663447499999999,0.0,1.0,1.0,0.0,200807,4000
reference,LA-OU,200810,1,0.5157912500000001,0.125,1.0,1.0,0.0,200810,4000
reference,LA-OU,200811,2,0.2863885,0.0,1.0,1.0,0.0,200810,4000
reference,LA-OU,200812,3,0.1044802499999999,0.0,1.0,1.0,0.0,200810,4000
reference,LA-OU,200901,1,0.0001274999999999,0.0,1.0,1.0,0.0,200901,4000
reference,LA-OU,200902,2,0.00018225,0.0,1.0,1.0,0.0,200901,4000
reference,LA-OU,200903,3,0.0005184999999999,0.0,1.0,1.0,0.0,200901,4000
reference,LA-OU,200904,1,0.004373,0.0,1.0,1.0,0.0,200904,4000
reference,LA-OU,200905,2,0.0170599999999999,0.0,1.0,1.0,0.0,200904,4000
reference,LA-OU,200906,3,0.05528975,0.0,1.0,1.0,0.0,200904,4000
reference,LA-OU,200907,1,0.07699975,0.0,1.0,1.0,0.0,200907,4000
reference,LA-OU,200908,2,0.5733360000000001,1.0,1.0,0.75,1.0,200907,4000
reference,LA-OU,200909,3,13.88537075,15.0,0.0,0.0,15.0,200907,4000
reference,LA-OU,200910,1,2.88392725,5.0,1.0,0.0,6.0,200910,4000
reference,LA-OU,200911,2,11.15958375,13.0,0.0,0.0,13.0,200910,4000
reference,LA-OU,200912,3,17.20672925,18.0,0.0,0.0,18.0,200910,4000
reference,LA-PH,200901,1,0.0170659999999999,0.0,1.0,1.0,0.0,200901,4000
reference,LA-PH,200902,2,0.0161914999999999,0.0,1.0,1.0,0.0,200901,4000
reference,LA-PH,200903,3,0.0216019999999999,0.0,1.0,1.0,0.0,200901,4000
reference,LA-PH,200904,1,0.00347375,0.0,1.0,1.0,0.0,200904,4000
reference,LA-PH,200905,2,0.01235825,0.0,1.0,1.0,0.0,200904,4000
reference,LA-PH,200906,3,0.04107525,0.0,1.0,1.0,0.0,200904,4000
reference,LA-PH,200907,1,0.02494575,0.0,1.0,1.0,0.0,200907,4000
reference,LA-PH,200909,3,0.0344115,0.0,1.0,1.0,0.0,200907,4000
reference,LA-PH,200910,1,0.00826625,0.0,1.0,1.0,0.0,200910,4000
reference,LA-PH,200911,2,0.00164225,0.0,1.0,1.0,0.0,200910,4000
reference,LA-PH,200912,3,0.00041025,0.0,1.0,1.0,0.0,200910,4000
reference,LA-SL,200801,1,1.06607575,1.0,1.0,1.0,0.0,200801,4000
reference,LA-SL,200802,2,0.47278025,0.375,1.0,1.0,1.0,200801,4000
reference,LA-SL,200803,3,3.5774155,5.0,0.25,0.0,5.0,200801,4000
reference,LA-SL,200804,1,1.150621,0.25,1.0,1.0,2.0,200804,4000
reference,LA-SL,200805,2,90.6999565,102.0,0.0,0.0,105.0,200804,4000
reference,LA-SL,200806,3,189.1870105,218.5,0.0,0.0,226.0,200804,4000
reference,LA-SL,200807,1,48.44836274999999,37.125,1.0,1.0,78.0,200807,4000
reference,LA-SL,200808,2,48.34659775,48.625,1.0,1.0,63.0,200807,4000
reference,LA-SL,200809,3,43.98226075,25.125,1.0,1.0,85.0,200807,4000
reference,LA-SL,200810,1,46.19975225,52.25,0.5,0.5,91.0,200810,4000
reference,LA-SL,200811,2,16.539813,22.25,1.0,0.5,21.0,200810,4000
reference,LA-SL,200812,3,6.5104595,9.125,1.0,0.5,8.0,200810,4000
reference,LA-SL,200901,1,1.6105605000000005,2.0,1.0,1.0,1.0,200901,4000
reference,LA-SL,200902,2,18.877416,22.75,0.0,0.0,24.0,200901,4000
reference,LA-SL,200903,3,12.79729675,20.5,1.0,0.0,25.0,200901,4000
reference,LA-SL,200904,1,6.668288499999999,3.125,1.0,1.0,19.0,200904,4000
reference,LA-SL,200905,2,38.00194075,64.375,1.0,1.0,122.0,200904,4000
reference,LA-SL,200906,3,40.5605565,43.25,1.0,1.0,42.0,200904,4000
reference,LA-SL,200907,1,53.552754,21.5,1.0,1.0,164.0,200907,4000
reference,LA-SL,200908,2,46.62131,8.25,1.0,1.0,127.0,200907,4000
reference,LA-SL,200909,3,42.26988875000001,19.125,1.0,1.0,91.0,200907,4000
reference,LA-SL,200910,1,31.777886500000005,57.5,1.0,0.5,94.0,200910,4000
reference,LA-SL,200911,2,15.5903025,2.875,1.0,1.0,44.0,200910,4000
reference,LA-SL,200912,3,9.358070749999998,6.25,1.0,1.0,17.0,200910,4000
reference,LA-SV,200801,1,5.07465725,5.25,1.0,0.25,1.0,200801,4000
reference,LA-SV,200802,2,0.90540625,1.0,1.0,1.0,1.0,200801,4000
reference,LA-SV,200803,3,0.50374125,0.25,1.0,1.0,1.0,200801,4000
reference,LA-SV,200804,1,1.73875225,1.75,1.0,1.0,0.0,200804,4000
reference,LA-SV,200805,2,2.0362655000000003,1.5,1.0,1.0,1.0,200804,4000
reference,LA-SV,200806,3,7.828074999999998,1.0,1.0,1.0,10.0,200804,4000
reference,LA-SV,200807,1,4.509112249999999,0.75,1.0,1.0,11.0,200807,4000
reference,LA-SV,200808,2,5.323398000000001,5.875,1.0,1.0,4.0,200807,4000
reference,LA-SV,200809,3,7.13209625,9.125,1.0,0.0,2.0,200807,4000
reference,LA-SV,200810,1,9.24925525,3.75,1.0,1.0,10.0,200810,4000
reference,LA-SV,200811,2,5.475899750000001,2.25,1.0,1.0,2.0,200810,4000
reference,LA-SV,200812,3,2.714062,1.75,1.0,1.0,0.0,200810,4000
reference,LA-SV,200901,1,0.0842504999999999,0.0,1.0,1.0,0.0,200901,4000
reference,LA-SV,200902,2,0.01625625,0.0,1.0,1.0,0.0,200901,4000
reference,LA-SV,200903,3,0.14629375,0.0,1.0,1.0,0.0,200901,4000
reference,LA-SV,200904,1,0.185825,0.0,1.0,1.0,0.0,200904,4000
reference,LA-SV,200905,2,1.11965375,1.5,1.0,1.0,0.0,200904,4000
reference,LA-SV,200906,3,1.40422875,1.5,1.0,1.0,1.0,200904,4000
reference,LA-SV,200907,1,9.98734625,12.25,0.0,0.0,13.0,200907,4000
reference,LA-SV,200908,2,30.862562,33.25,0.0,0.0,34.0,200907,4000
reference,LA-SV,200909,3,44.89906825,47.75,0.0,0.0,48.0,200907,4000
reference,LA-SV,200910,1,5.47385525,9.75,1.0,0.0,16.0,200910,4000
reference,LA-SV,200911,2,23.9468975,30.0,0.0,0.0,33.0,200910,4000
reference,LA-SV,200912,3,1.3976665,2.75,1.0,1.0,4.0,200910,4000
reference,LA-VT,200801,1,13.30571325,7.5,1.0,1.0,29.0,200801,4000
reference,LA-VT,200802,2,4.5857905,8.5,1.0,0.75,12.0,200801,4000
reference,LA-VT,200803,3,16.93460375,23.5,0.0,0.0,26.0,200801,4000
reference,LA-VT,200804,1,14.91448875,17.25,1.0,0.25,4.0,200804,4000
reference,LA-VT,200805,2,19.2221855,21.75,1.0,1.0,17.0,200804,4000
reference,LA-VT,200806,3,77.715303,94.75,1.0,1.0,60.0,200804,4000
reference,LA-VT,200807,1,91.01573875,83.0,1.0,1.0,132.0,200807,4000
reference,LA-VT,200808,2,74.81927999999999,45.625,1.0,1.0,144.0,200807,4000
reference,LA-VT,200809,3,67.4471015,14.0,1.0,1.0,158.0,200807,4000
reference,LA-VT,200810,1,39.33362475,57.875,1.0,1.0,95.0,200810,4000
reference,LA-VT,200811,2,64.3154405,108.5,0.75,0.25,129.0,200810,4000
reference,LA-VT,200812,3,54.057878,82.0,0.5,0.0,91.0,200810,4000
reference,LA-VT,200901,1,20.23481175,31.25,0.25,0.0,38.0,200901,4000
reference,LA-VT,200902,2,13.02953925,17.75,0.0,0.0,20.0,200901,4000
reference,LA-VT,200903,3,5.983635000000001,9.0,1.0,1.0,19.0,200901,4000
reference,LA-VT,200904,1,12.46517175,2.5,1.0,1.0,33.0,200904,4000
reference,LA-VT,200905,2,98.94211525,121.375,1.0,0.5,54.0,200904,4000
reference,LA-VT,200906,3,190.02585625,237.25,1.0,0.25,104.0,200904,4000
reference,LA-VT,200907,1,116.18553749999998,12.25,1.0,1.0,302.0,200907,4000
reference,LA-VT,200908,2,110.94159075,69.25,1.0,1.0,356.0,200907,4000
reference,LA-VT,200909,3,134.543473,199.625,1.0,1.0,470.0,200907,4000
reference,LA-VT,200910,1,231.88814625,387.0,1.0,0.0,527.0,200910,4000
reference,LA-VT,200911,2,328.65175250000004,449.125,0.0,0.0,521.0,200910,4000
reference,LA-VT,200912,3,260.157383,328.875,0.0,0.0,366.0,200910,4000
reference,LA-XA,200801,1,1.054001,1.0,1.0,1.0,0.0,200801,4000
reference,LA-XA,200802,2,0.2164789999999999,0.0,1.0,1.0,0.0,200801,4000
reference,LA-XA,200803,3,0.1505234999999999,0.0,1.0,1.0,0.0,200801,4000
reference,LA-XA,200804,1,0.2197825,0.0,1.0,1.0,0.0,200804,4000
reference,LA-XA,200805,2,1.17536,2.0,1.0,0.25,2.0,200804,4000
reference,LA-XA,200806,3,3.85470275,5.75,0.25,0.25,6.0,200804,4000
reference,LA-XA,200807,1,10.09031125,16.0,0.75,0.0,19.0,200807,4000
reference,LA-XA,200808,2,2.614113,5.0,1.0,0.0,7.0,200807,4000
reference,LA-XA,200809,3,0.95957625,1.0,1.0,1.0,1.0,200807,4000
reference,LA-XA,200810,1,1.5554447500000002,1.25,1.0,1.0,3.0,200810,4000
reference,LA-XA,200811,2,1.0248292499999998,1.0,1.0,1.0,2.0,200810,4000
reference,LA-XA,200812,3,0.54513875,1.0,1.0,1.0,1.0,200810,4000
reference,LA-XA,200901,1,0.1091852499999999,0.0,1.0,1.0,0.0,200901,4000
reference,LA-XA,200902,2,0.04658725,0.0,1.0,1.0,0.0,200901,4000
reference,LA-XA,200903,3,0.242498,0.0,1.0,1.0,0.0,200901,4000
reference,LA-XA,200904,1,0.2225929999999999,0.0,1.0,1.0,0.0,200904,4000
reference,LA-XA,200905,2,0.6067407499999999,0.0,1.0,1.0,1.0,200904,4000
reference,LA-XA,200906,3,7.371586000000001,11.625,1.0,0.0,14.0,200904,4000
reference,LA-XA,200907,1,4.127990250000001,7.5,1.0,0.0,11.0,200907,4000
reference,LA-XA,200908,2,25.5224905,33.25,0.0,0.0,37.0,200907,4000
reference,LA-XA,200909,3,4.37416875,7.75,1.0,0.0,11.0,200907,4000
reference,LA-XA,200910,1,2.6752105000000004,1.5,1.0,1.0,5.0,200910,4000
reference,LA-XA,200911,2,1.5111265,2.0,1.0,1.0,5.0,200910,4000
reference,LA-XA,200912,3,0.927709,1.0,1.0,1.0,0.0,200910,4000
reference,LA-XE,200801,1,0.02048025,0.0,1.0,1.0,0.0,200801,4000
reference,LA-XE,200802,2,0.0112582499999999,0.0,1.0,1.0,0.0,200801,4000
reference,LA-XE,200803,3,0.005881,0.0,1.0,1.0,0.0,200801,4000
reference,LA-XE,200804,1,0.03340225,0.0,1.0,1.0,0.0,200804,4000
reference,LA-XE,200805,2,0.06981975,0.0,1.0,1.0,0.0,200804,4000
reference,LA-XE,200806,3,3.730005,5.0,0.25,0.0,5.0,200804,4000
reference,LA-XE,200807,1,0.745544,1.0,1.0,1.0,0.0,200807,4000
reference,LA-XE,200808,2,0.90722125,1.0,1.0,1.0,0.0,200807,4000
reference,LA-XE,200809,3,0.6580442499999999,0.25,1.0,1.0,1.0,200807,4000
reference,LA-XE,200810,1,0.31366425,0.5,1.0,1.0,0.0,200810,4000
reference,LA-XE,200811,2,0.1470634999999999,0.0,1.0,1.0,0.0,200810,4000
reference,LA-XE,200812,3,0.6286685,1.0,1.0,0.25,1.0,200810,4000
reference,LA-XE,200901,1,0.00694725,0.0,1.0,1.0,0.0,200901,4000
reference,LA-XE,200902,2,1.843445,2.0,0.0,0.0,2.0,200901,4000
reference,LA-XE,200903,3,1.7464725,2.0,0.0,0.0,2.0,200901,4000
reference,LA-XE,200904,1,0.3998579999999999,1.0,1.0,1.0,1.0,200904,4000
reference,LA-XE,200905,2,0.7384925,1.0,1.0,1.0,2.0,200904,4000
reference,LA-XE,200906,3,4.433444499999999,7.0,1.0,0.0,9.0,200904,4000
reference,LA-XE,200907,1,17.4044205,24.75,0.0,0.0,29.0,200907,4000
reference,LA-XE,200908,2,14.35963775,22.0,0.25,0.0,27.0,200907,4000
reference,LA-XE,200909,3,2.0445845,1.75,1.0,1.0,6.0,200907,4000
reference,LA-XE,200910,1,2.52172575,2.25,1.0,1.0,7.0,200910,4000
reference,LA-XE,200911,2,9.87008925,10.5,1.0,0.0,3.0,200910,4000
reference,LA-XE,200912,3,8.439068249999998,7.5,1.0,1.0,7.0,200910,4000
reference,LA-XI,200801,1,0.01658325,0.0,1.0,1.0,0.0,200801,4000
reference,LA-XI,200802,2,0.00216425,0.0,1.0,1.0,0.0,200801,4000
reference,LA-XI,200803,3,0.00315625,0.0,1.0,1.0,0.0,200801,4000
reference,LA-XI,200804,1,0.0191497499999999,0.0,1.0,1.0,0.0,200804,4000
reference,LA-XI,200805,2,0.0219325,0.0,1.0,1.0,0.0,200804,4000
reference,LA-XI,200806,3,0.77151,1.0,0.25,0.25,1.0,200804,4000
reference,LA-XI,200807,1,0.1223064999999999,0.0,1.0,1.0,0.0,200807,4000
reference,LA-XI,200808,2,0.1202115,0.0,1.0,1.0,0.0,200807,4000
reference,LA-XI,200809,3,0.1103447499999999,0.0,1.0,1.0,0.0,200807,4000
reference,LA-XI,200810,1,0.1153414999999999,0.0,1.0,1.0,0.0,200810,4000
reference,LA-XI,200811,2,0.0801777499999999,0.0,1.0,1.0,0.0,200810,4000
reference,LA-XI,200812,3,0.03664425,0.0,1.0,1.0,0.0,200810,4000
reference,LA-XI,200901,1,0.0011925,0.0,1.0,1.0,0.0,200901,4000
reference,LA-XI,200902,2,0.0019709999999999,0.0,1.0,1.0,0.0,200901,4000
reference,LA-XI,200903,3,0.00196425,0.0,1.0,1.0,0.0,200901,4000
reference,LA-XI,200904,1,0.00106,0.0,1.0,1.0,0.0,200904,4000
reference,LA-XI,200905,2,38.84460325,39.0,0.0,0.0,39.0,200904,4000
reference,LA-XI,200906,3,32.6850935,33.0,0.0,0.0,33.0,200904,4000
reference,LA-XI,200907,1,12.706895749999996,16.75,1.0,0.0,1.0,200907,4000
reference,LA-XI,200908,2,11.88697325,14.375,1.0,1.0,10.0,200907,4000
reference,LA-XI,200909,3,15.59323,21.375,0.0,0.0,0.0,200907,4000
reference,LA-XI,200910,1,12.65047,17.0,0.0,0.0,0.0,200910,4000
reference,LA-XI,200911,2,5.183632,7.25,1.0,0.0,0.0,200910,4000
reference,LA-XI,200912,3,2.4725165,3.5,1.0,0.0,0.0,200910,4000
