location,time_period,horizon_distance,model,against,crps_model,crps_against,split_first_period,diff
LA-AT,200801,1,hier_nb,reference,3.852295,2.97824275,200801,0.8740522499999996
LA-AT,200802,2,hier_nb,reference,1.872729,1.33016525,200801,0.54256375
LA-AT,200803,3,hier_nb,reference,0.003139,0.04634925,200801,-0.04321025
LA-AT,200804,1,hier_nb,reference,0.0073769999999999,0.4565529999999999,200804,-0.44917599999999996
LA-AT,200805,2,hier_nb,reference,3.315728,1.82715075,200804,1.48857725
LA-AT,200806,3,hier_nb,reference,8.204608,4.71279525,200804,3.4918127500000002
LA-AT,200807,1,hier_nb,reference,3.9921409999999993,2.5677025,200807,1.424438499999999
LA-AT,200808,2,hier_nb,reference,7.210744000000001,3.45742575,200807,3.753318250000001
LA-AT,200809,3,hier_nb,reference,19.460828,11.31119925,200807,8.14962875
LA-AT,200810,1,hier_nb,reference,43.686879000000005,33.537995,200810,10.148884000000002
LA-AT,200811,2,hier_nb,reference,41.74564,36.1167355,200810,5.628904500000004
LA-AT,200812,3,hier_nb,reference,22.625494,18.0629155,200810,4.562578500000001
LA-AT,200901,1,hier_nb,reference,17.832295,8.1268215,200901,9.705473499999998
LA-AT,200902,2,hier_nb,reference,45.780729,36.46182425,200901,9.318904750000002
LA-AT,200903,3,hier_nb,reference,76.749139,55.948888,200901,20.800251000000003
LA-AT,200904,1,hier_nb,reference,98.593377,37.03069325,200904,61.562683750000005
LA-AT,200905,2,hier_nb,reference,0.0437279999999999,92.2317765,200904,-92.1880485
LA-AT,200906,3,hier_nb,reference,21.418608,74.69015925,200904,-53.271551249999995
LA-AT,200907,1,hier_nb,reference,57.542141,85.734505,200907,-28.192363999999998
LA-AT,200908,2,hier_nb,reference,15.420744000000004,88.89274325000001,200907,-73.47199925000001
LA-AT,200909,3,hier_nb,reference,13.232828,170.63587875000002,200907,-157.40305075
LA-AT,200910,1,hier_nb,reference,2.8748790000000004,42.55892625000001,200910,-39.68404725000001
LA-AT,200911,2,hier_nb,reference,14.97164,27.078477999999997,200910,-12.106837999999996
LA-AT,200912,3,hier_nb,reference,5.665494,31.981349999999996,200910,-26.315855999999997
LA-BK,200801,1,hier_nb,reference,0.8594799999999999,0.9389885,200801,-0.07950850000000009
LA-BK,200802,2,hier_nb,reference,0.004847,0.0002057499999999,200801,0.0046412500000001
LA-BK,200803,3,hier_nb,reference,0.008638,6.450000000000032e-05,200801,0.0085735
LA-BK,200804,1,hier_nb,reference,0.0138739999999999,0.0496154999999999,200804,-0.0357415
LA-BK,200805,2,hier_nb,reference,11.262484,10.348775,200804,0.9137090000000008
LA-BK,200806,3,hier_nb,reference,51.283126,50.53246675,200804,0.7506592500000053
LA-BK,200807,1,hier_nb,reference,0.94426,16.48096425,200807,-15.53670425
LA-BK,200808,2,hier_nb,reference,6.220988,27.49370075000001,200807,-21.27271275000001
LA-BK,200809,3,hier_nb,reference,30.382793999999997,74.9526455,200807,-44.569851500000006
LA-BK,200810,1,hier_nb,reference,46.210056,35.33058025000001,200810,10.87947574999999
LA-BK,200811,2,hier_nb,reference,54.211923000000006,43.412364749999995,200810,10.799558250000011
LA-BK,200812,3,hier_nb,reference,4.5607299999999995,1.7887067500000002,200810,2.7720232499999993
LA-BK,200901,1,hier_nb,reference,0.8594799999999999,0.477092,200901,0.3823879999999999
LA-BK,200902,2,hier_nb,reference,0.004847,0.3203935,200901,-0.3155465
LA-BK,200903,3,hier_nb,reference,0.828638,0.67142975,200901,0.15720824999999994
LA-BK,200904,1,hier_nb,reference,2.711874,1.6080545,200904,1.1038195
LA-BK,200905,2,hier_nb,reference,73.262484,43.90767825,200904,29.354805750000004
LA-BK,200906,3,hier_nb,reference,214.283126,132.982159,200904,81.30096700000001
LA-BK,200907,1,hier_nb,reference,208.55826,118.65824075,200907,89.90001924999999
LA-BK,200908,2,hier_nb,reference,106.546988,47.89845075000001,200907,58.64853724999999
LA-BK,200909,3,hier_nb,reference,49.358794,23.5955485,200907,25.763245500000004
LA-BK,200910,1,hier_nb,reference,29.210056,27.0755285,200910,2.134527500000001
LA-BK,200911,2,hier_nb,reference,4.257923000000001,17.424168249999997,200910,-13.166245249999996
LA-BK,200912,3,hier_nb,reference,3.57673,6.9384060000000005,200910,-3.3616760000000006
LA-BL,200801,1,hier_nb,reference,4.1524,5.498603,200801,-1.346203
LA-BL,200802,2,hier_nb,reference,2.7733770000000004,5.94577975,200801,-3.1724027499999994
LA-BL,200803,3,hier_nb,reference,1.2553139999999998,0.40200325,200801,0.8533107499999999
LA-BL,200804,1,hier_nb,reference,2.013312,2.8172137500000005,200804,-0.8039017500000005
LA-BL,200805,2,hier_nb,reference,4.270068000000002,6.407246,200804,-2.137177999999998
LA-BL,200806,3,hier_nb,reference,9.674526,8.265453,200804,1.4090729999999994
LA-BL,200807,1,hier_nb,reference,13.881757,16.015395249999997,200807,-2.133638249999997
LA-BL,200808,2,hier_nb,reference,17.326299999999996,19.868641250000003,200807,-2.542341250000007
LA-BL,200809,3,hier_nb,reference,12.893923999999998,19.75864525,200807,-6.864721250000002
LA-BL,200810,1,hier_nb,reference,12.329103999999996,10.744573,200810,1.5845309999999948
LA-BL,200811,2,hier_nb,reference,4.374162,3.4550507500000003,200810,0.9191112499999998
LA-BL,200812,3,hier_nb,reference,3.260756,1.46808125,200810,1.7926747500000002
LA-BL,200901,1,hier_nb,reference,1.2584,0.8320259999999999,200901,0.42637400000000003
LA-BL,200902,2,hier_nb,reference,1.0493770000000002,1.60335525,200901,-0.5539782499999997
LA-BL,200903,3,hier_nb,reference,1.6313140000000002,1.1858857500000002,200901,0.44542824999999997
LA-BL,200904,1,hier_nb,reference,2.2893120000000007,0.7454415000000002,200904,1.5438705000000006
LA-BL,200905,2,hier_nb,reference,7.768068,3.261640999999999,200904,4.506427000000001
LA-BL,200906,3,hier_nb,reference,14.392526000000004,3.63385025,200904,10.758675750000004
LA-BL,200907,1,hier_nb,reference,13.429756999999997,14.910294749999998,200907,-1.4805377500000017
LA-BL,200908,2,hier_nb,reference,27.704300000000003,5.00424675,200907,22.700053250000003
LA-BL,200909,3,hier_nb,reference,27.71392399999999,7.9394645,200907,19.774459499999992
LA-BL,200910,1,hier_nb,reference,15.075104,3.9960645,200910,11.0790395
LA-BL,200911,2,hier_nb,reference,7.096162000000001,1.2438090000000002,200910,5.852353000000001
LA-BL,200912,3,hier_nb,reference,3.260756,0.46090225,200910,2.79985375
LA-CH,200801,1,hier_nb,reference,52.11167,30.81855425,200801,21.29311575
LA-CH,200802,2,hier_nb,reference,70.760514,48.27061325,200801,22.489900750000004
LA-CH,200803,3,hier_nb,reference,70.459606,56.14356,200801,14.316045999999993
LA-CH,200804,1,hier_nb,reference,42.017055,27.5777695,200804,14.4392855
LA-CH,200805,2,hier_nb,reference,60.23097600000001,43.657154000000006,200804,16.573822000000007
LA-CH,200806,3,hier_nb,reference,159.49683299999998,121.9575565,200804,37.539276499999986
LA-CH,200807,1,hier_nb,reference,72.23987399999999,149.78822574999998,200807,-77.54835175
LA-CH,200808,2,hier_nb,reference,63.29861199999999,108.16453325,200807,-44.865921250000014
LA-CH,200809,3,hier_nb,reference,82.09679400000005,102.1736085,200807,-20.076814499999955
LA-CH,200810,1,hier_nb,reference,66.044815,38.75167449999999,200810,27.293140500000007
LA-CH,200811,2,hier_nb,reference,52.304022,32.59691575,200810,19.707106250000002
LA-CH,200812,3,hier_nb,reference,41.597493,23.08830675,200810,18.50918625
LA-CH,200901,1,hier_nb,reference,17.18767,11.602738250000002,200901,5.584931749999999
LA-CH,200902,2,hier_nb,reference,33.16651400000001,23.9947825,200901,9.171731500000007
LA-CH,200903,3,hier_nb,reference,41.977606,23.223772749999995,200901,18.753833250000007
LA-CH,200904,1,hier_nb,reference,69.209055,33.26328375,200904,35.94577125000001
LA-CH,200905,2,hier_nb,reference,30.464975999999993,102.43352875,200904,-71.96855275
LA-CH,200906,3,hier_nb,reference,53.088832999999994,110.7799035,200904,-57.69107050000001
LA-CH,200907,1,hier_nb,reference,57.10787400000004,106.44276275,200907,-49.33488874999996
LA-CH,200908,2,hier_nb,reference,54.75861199999997,71.8572925,200907,-17.09868050000003
LA-CH,200909,3,hier_nb,reference,50.99879400000003,85.23061974999999,200907,-34.231825749999956
LA-CH,200910,1,hier_nb,reference,28.40081499999999,24.485428249999995,200910,3.915386749999996
LA-CH,200911,2,hier_nb,reference,15.442022000000009,33.47504574999999,200910,-18.033023749999984
LA-CH,200912,3,hier_nb,reference,14.465493000000002,23.542520250000003,200910,-9.07702725
LA-HO,200801,1,hier_nb,reference,0.0004939999999999,0.0022225,200801,-0.0017285000000001002
LA-HO,200802,2,hier_nb,reference,0.0005799999999999,0.00060975,200801,-2.975000000010001e-05
LA-HO,200803,3,hier_nb,reference,0.000493,0.0071379999999999,200801,-0.006644999999999899
LA-HO,200804,1,hier_nb,reference,0.002172,0.0544294999999999,200804,-0.0522574999999999
LA-HO,200805,2,hier_nb,reference,0.0078969999999999,0.04176525,200804,-0.0338682500000001
LA-HO,200806,3,hier_nb,reference,0.0461269999999999,0.05936925,200804,-0.013242250000000101
LA-HO,200807,1,hier_nb,reference,0.135984,0.02099075,200807,0.11499324999999999
LA-HO,200808,2,hier_nb,reference,0.155592,0.03150475,200807,0.12408725000000001
LA-HO,200809,3,hier_nb,reference,0.667046,0.69670275,200807,-0.02965675000000001
LA-HO,200810,1,hier_nb,reference,0.040277,0.0392232499999999,200810,0.0010537500000001032
LA-HO,200811,2,hier_nb,reference,0.0072349999999999,0.0050814999999999,200810,0.0021535
LA-HO,200812,3,hier_nb,reference,0.93909,0.91112925,200810,0.02796074999999998
LA-HO,200901,1,hier_nb,reference,0.0004939999999999,0.0192212499999999,200901,-0.01872725
LA-HO,200902,2,hier_nb,reference,0.0005799999999999,0.0323445,200901,-0.0317645000000001
LA-HO,200903,3,hier_nb,reference,0.000493,0.0267812499999999,200901,-0.0262882499999999
LA-HO,200904,1,hier_nb,reference,0.002172,0.0051935,200904,-0.0030215000000000003
LA-HO,200905,2,hier_nb,reference,0.0078969999999999,0.01740675,200904,-0.009509750000000098
LA-HO,200906,3,hier_nb,reference,0.0461269999999999,0.05840775,200904,-0.012280750000000104
LA-HO,200907,1,hier_nb,reference,0.135984,0.12487125,200907,0.01111274999999999
LA-HO,200908,2,hier_nb,reference,0.155592,0.2444915,200907,-0.08889949999999999
LA-HO,200909,3,hier_nb,reference,0.667046,0.6843210000000001,200907,-0.01727500000000004
LA-HO,200910,1,hier_nb,reference,0.7122769999999999,0.6427927499999999,200910,0.06948425000000003
LA-HO,200911,2,hier_nb,reference,0.8612349999999999,0.8434539999999999,200910,0.017780999999999936
LA-HO,200912,3,hier_nb,reference,0.93909,0.9164925,200910,0.022597499999999937
LA-KH,200801,1,hier_nb,reference,0.308672,0.668192,200801,-0.35952
LA-KH,200802,2,hier_nb,reference,0.2349590000000001,0.08029775,200801,0.1546612500000001
LA-KH,200803,3,hier_nb,reference,0.2663449999999998,0.07456825,200801,0.19177674999999977
LA-KH,200804,1,hier_nb,reference,0.6699510000000002,0.24409625,200804,0.42585475000000017
LA-KH,200805,2,hier_nb,reference,2.057202,0.4543724999999999,200804,1.6028295000000004
LA-KH,200806,3,hier_nb,reference,6.615096999999995,1.1807720000000002,200804,5.434324999999995
LA-KH,200807,1,hier_nb,reference,11.611262000000004,1.5565425,200807,10.054719500000004
LA-KH,200808,2,hier_nb,reference,14.109209999999996,0.3779609999999999,200807,13.731248999999996
LA-KH,200809,3,hier_nb,reference,9.923877000000005,2.1682395000000003,200807,7.755637500000004
LA-KH,200810,1,hier_nb,reference,5.143772000000002,0.5096142499999999,200810,4.634157750000002
LA-KH,200811,2,hier_nb,reference,2.5146890000000006,1.65209625,200810,0.8625927500000006
LA-KH,200812,3,hier_nb,reference,2.331689,3.36063125,200810,-1.02894225
LA-KH,200901,1,hier_nb,reference,0.308672,0.0790274999999999,200901,0.22964450000000008
LA-KH,200902,2,hier_nb,reference,0.2349590000000001,0.026117,200901,0.2088420000000001
LA-KH,200903,3,hier_nb,reference,4.104345,4.5077255,200901,-0.4033804999999999
LA-KH,200904,1,hier_nb,reference,0.6699510000000002,0.7074322499999999,200904,-0.03748124999999969
LA-KH,200905,2,hier_nb,reference,3.1992019999999997,1.95976375,200904,1.2394382499999996
LA-KH,200906,3,hier_nb,reference,47.325097,57.63883475,200904,-10.313737750000001
LA-KH,200907,1,hier_nb,reference,94.071262,95.69765025,200907,-1.6263882499999909
LA-KH,200908,2,hier_nb,reference,217.28321,237.32167575,200907,-20.03846575
LA-KH,200909,3,hier_nb,reference,207.657877,212.42498625,200907,-4.767109249999976
LA-KH,200910,1,hier_nb,reference,54.963772,24.7073215,200910,30.2564505
LA-KH,200911,2,hier_nb,reference,44.662689,19.22360425,200910,25.43908475
LA-KH,200912,3,hier_nb,reference,57.227689,39.821657,200910,17.406031999999996
LA-LM,200801,1,hier_nb,reference,0.00034,0.0001585,200801,0.00018150000000000002
LA-LM,200802,2,hier_nb,reference,0.0001239999999999,6.174999999999985e-05,200801,6.224999999990014e-05
LA-LM,200803,3,hier_nb,reference,0.0004369999999999,1.3500000000000055e-05,200801,0.0004234999999998999
LA-LM,200804,1,hier_nb,reference,0.001099,0.0130015,200804,-0.0119025
LA-LM,200805,2,hier_nb,reference,0.0038709999999999,0.0591669999999999,200804,-0.055296
LA-LM,200806,3,hier_nb,reference,0.01647,0.1041679999999999,200804,-0.0876979999999999
LA-LM,200807,1,hier_nb,reference,0.0779480000000001,0.0535484999999999,200807,0.0243995000000002
LA-LM,200808,2,hier_nb,reference,0.0816029999999998,0.05174525,200807,0.0298577499999998
LA-LM,200809,3,hier_nb,reference,0.071944,0.062426,200807,0.009517999999999992
LA-LM,200810,1,hier_nb,reference,0.0226989999999999,0.0152224999999999,200810,0.0074765000000000005
LA-LM,200811,2,hier_nb,reference,0.001934,0.00177175,200810,0.00016224999999999985
LA-LM,200812,3,hier_nb,reference,0.000683,0.00068975,200810,-6.7500000000000285e-06
LA-LM,200901,1,hier_nb,reference,0.00034,0.0001949999999999,200901,0.00014500000000010002
LA-LM,200902,2,hier_nb,reference,0.0001239999999999,0.00018925,200901,-6.52500000001e-05
LA-LM,200903,3,hier_nb,reference,0.0004369999999999,0.0004434999999999,200901,-6.499999999999995e-06
LA-LM,200904,1,hier_nb,reference,0.939099,0.90405325,200904,0.03504574999999999
LA-LM,200905,2,hier_nb,reference,0.0038709999999999,0.0133689999999999,200904,-0.009498
LA-LM,200906,3,hier_nb,reference,1.7104700000000002,1.551981,200904,0.1584890000000001
LA-LM,200907,1,hier_nb,reference,0.7659479999999999,0.6302887499999998,200907,0.13565925
LA-LM,200908,2,hier_nb,reference,0.0816029999999998,0.96355375,200907,-0.8819507500000002
LA-LM,200909,3,hier_nb,reference,3.259944,1.74632725,200907,1.51361675
LA-LM,200910,1,hier_nb,reference,4.4646989999999995,2.592922,200910,1.8717769999999994
LA-LM,200911,2,hier_nb,reference,5.835934,4.6176685,200910,1.2182655000000002
LA-LM,200912,3,hier_nb,reference,3.914683,3.4080207500000004,200910,0.5066622499999998
LA-LP,200801,1,hier_nb,reference,0.6530069999999999,0.8000940000000001,200801,-0.1470870000000002
LA-LP,200802,2,hier_nb,reference,12.765316,14.4972085,200801,-1.731892499999999
LA-LP,200803,3,hier_nb,reference,17.969742999999998,20.49389075,200801,-2.524147750000001
LA-LP,200804,1,hier_nb,reference,26.444973,16.4612975,200804,9.9836755
LA-LP,200805,2,hier_nb,reference,98.607173,70.660004,200804,27.947169000000002
LA-LP,200806,3,hier_nb,reference,119.656405,91.437212,200804,28.219193000000004
LA-LP,200807,1,hier_nb,reference,8.508422000000003,132.93813575,200807,-124.42971374999999
LA-LP,200808,2,hier_nb,reference,10.557909000000002,120.5468225,200807,-109.9889135
LA-LP,200809,3,hier_nb,reference,6.924254999999999,105.83628925,200807,-98.91203424999999
LA-LP,200810,1,hier_nb,reference,13.177208999999998,29.917792499999997,200810,-16.7405835
LA-LP,200811,2,hier_nb,reference,95.679716,54.699316,200810,40.980399999999996
LA-LP,200812,3,hier_nb,reference,151.17978399999998,128.10342875,200810,23.076355249999978
LA-LP,200901,1,hier_nb,reference,0.6530069999999999,6.58888025,200901,-5.93587325
LA-LP,200902,2,hier_nb,reference,0.451316,5.566539000000001,200901,-5.115223
LA-LP,200903,3,hier_nb,reference,0.637743,12.11694725,200901,-11.47920425
LA-LP,200904,1,hier_nb,reference,1.0569730000000002,15.0290065,200904,-13.972033499999998
LA-LP,200905,2,hier_nb,reference,3.337173,38.7733485,200904,-35.4361755
LA-LP,200906,3,hier_nb,reference,5.198405000000001,77.28777124999999,200904,-72.08936624999998
LA-LP,200907,1,hier_nb,reference,9.760421999999998,20.54183075,200907,-10.78140875
LA-LP,200908,2,hier_nb,reference,10.885908999999998,21.08749825,200907,-10.201589250000001
LA-LP,200909,3,hier_nb,reference,254.548255,301.0382715,200907,-46.490016499999996
LA-LP,200910,1,hier_nb,reference,128.35120899999998,97.520537,200910,30.83067199999998
LA-LP,200911,2,hier_nb,reference,67.325716,57.35531225,200910,9.970403750000003
LA-LP,200912,3,hier_nb,reference,1.5517839999999996,2.84331375,200910,-1.2915297500000005
LA-OU,200801,1,hier_nb,reference,0.0013689999999999,0.00074225,200801,0.0006267499999999001
LA-OU,200802,2,hier_nb,reference,0.001238,8.874999999999985e-05,200801,0.00114925
LA-OU,200803,3,hier_nb,reference,0.0009859999999999,2.9250000000000088e-05,200801,0.0009567499999998998
LA-OU,200804,1,hier_nb,reference,0.00491,0.0316992499999999,200804,-0.0267892499999999
LA-OU,200805,2,hier_nb,reference,0.0091069999999999,0.1081782499999999,200804,-0.09907125
LA-OU,200806,3,hier_nb,reference,0.040045,0.18916375,200804,-0.14911875
LA-OU,200807,1,hier_nb,reference,0.087336,0.0829755,200807,0.004360500000000003
LA-OU,200808,2,hier_nb,reference,0.145505,0.0668145,200807,0.0786905
LA-OU,200809,3,hier_nb,reference,0.0607119999999999,0.05930025,200807,0.0014117499999998992
LA-OU,200810,1,hier_nb,reference,0.0367759999999999,0.012843,200810,0.0239329999999999
LA-OU,200811,2,hier_nb,reference,0.0076559999999999,0.0024695,200810,0.0051864999999998995
LA-OU,200812,3,hier_nb,reference,0.0022249999999999,0.00079875,200810,0.0014262499999998998
LA-OU,200901,1,hier_nb,reference,0.0013689999999999,0.0004679999999999,200901,0.0009010000000000001
LA-OU,200902,2,hier_nb,reference,0.001238,0.0002777499999999,200901,0.0009602500000000999
LA-OU,200903,3,hier_nb,reference,0.0009859999999999,0.0007395,200901,0.0002464999999998999
LA-OU,200904,1,hier_nb,reference,0.00491,0.00415725,200904,0.00075275
LA-OU,200905,2,hier_nb,reference,0.0091069999999999,0.0184594999999999,200904,-0.0093525
LA-OU,200906,3,hier_nb,reference,0.040045,0.0511769999999999,200904,-0.011131999999999906
LA-OU,200907,1,hier_nb,reference,0.087336,0.6232317500000001,200907,-0.5358957500000001
LA-OU,200908,2,hier_nb,reference,0.555505,0.9829075,200907,-0.4274025
LA-OU,200909,3,hier_nb,reference,14.204712,12.507459,200907,1.697253
LA-OU,200910,1,hier_nb,reference,5.418775999999999,2.921761,200910,2.4970149999999993
LA-OU,200911,2,hier_nb,reference,12.771656,11.034984,200910,1.7366720000000004
LA-OU,200912,3,hier_nb,reference,17.884225,17.15396225,200910,0.7302627500000014
LA-PH,200901,1,hier_nb,reference,2.9999999999999645e-06,0.0154489999999999,200901,-0.0154459999999999
LA-PH,200902,2,hier_nb,reference,4.000000000000097e-06,0.0178615,200901,-0.0178575
LA-PH,200903,3,hier_nb,reference,0.0,0.02070775,200901,-0.02070775
LA-PH,200904,1,hier_nb,reference,2.499999999999985e-05,0.00479075,200904,-0.00476575
LA-PH,200905,2,hier_nb,reference,8.699999999999854e-05,0.0150095,200904,-0.014922500000000002
LA-PH,200906,3,hier_nb,reference,0.0006169999999999,0.04324225,200904,-0.0426252500000001
LA-PH,200907,1,hier_nb,reference,0.0047619999999999,0.0707159999999999,200907,-0.065954
LA-PH,200909,3,hier_nb,reference,0.002174,0.0865845,200907,-0.0844105
LA-PH,200910,1,hier_nb,reference,0.000781,0.00941875,200910,-0.00863775
LA-PH,200911,2,hier_nb,reference,0.0001999999999999,0.0020495,200910,-0.0018495000000001002
LA-PH,200912,3,hier_nb,reference,1.600000000000039e-05,0.00046175,200910,-0.0004457499999999996
LA-SL,200801,1,hier_nb,reference,0.0243319999999999,0.87340525,200801,-0.8490732500000001
LA-SL,200802,2,hier_nb,reference,0.798645,0.39527375,200801,0.40337125000000007
LA-SL,200803,3,hier_nb,reference,4.527996,3.809898000000001,200801,0.718097999999999
LA-SL,200804,1,hier_nb,reference,1.439706,1.0500684999999998,200804,0.3896375000000001
LA-SL,200805,2,hier_nb,reference,101.235342,91.50648275,200804,9.72885925
LA-SL,200806,3,hier_nb,reference,216.052671,191.208872,200804,24.84379899999999
LA-SL,200807,1,hier_nb,reference,65.553186,51.932966500000006,200807,13.62021949999999
LA-SL,200808,2,hier_nb,reference,49.959033,54.421800999999995,200807,-4.462767999999997
LA-SL,200809,3,hier_nb,reference,74.00678500000001,45.79823450000001,200807,28.2085505
LA-SL,200810,1,hier_nb,reference,83.479382,28.194475,200810,55.284907000000004
LA-SL,200811,2,hier_nb,reference,18.747512,11.675870749999998,200810,7.0716412500000025
LA-SL,200812,3,hier_nb,reference,7.154208000000001,7.235732249999999,200810,-0.08152424999999841
LA-SL,200901,1,hier_nb,reference,0.7463319999999999,1.4981945,200901,-0.7518625000000002
LA-SL,200902,2,hier_nb,reference,23.464644999999997,18.98691025,200901,4.477734749999996
LA-SL,200903,3,hier_nb,reference,24.461996,13.1447885,200901,11.317207499999999
LA-SL,200904,1,hier_nb,reference,17.805706,6.766036,200904,11.039670000000001
LA-SL,200905,2,hier_nb,reference,118.133342,37.1722855,200904,80.9610565
LA-SL,200906,3,hier_nb,reference,35.920671,41.96283525,200904,-6.042164249999999
LA-SL,200907,1,hier_nb,reference,148.225186,68.04914275,200907,80.17604325
LA-SL,200908,2,hier_nb,reference,110.197033,55.956374,200907,54.24065900000001
LA-SL,200909,3,hier_nb,reference,79.746785,46.32410325000001,200907,33.422681749999995
LA-SL,200910,1,hier_nb,reference,86.401382,31.14771175,200910,55.25367025
LA-SL,200911,2,hier_nb,reference,41.189512,15.64338025,200910,25.54613175
LA-SL,200912,3,hier_nb,reference,15.918208,9.333721,200910,6.584486999999999
LA-SV,200801,1,hier_nb,reference,2.2555700000000023,4.793635999999999,200801,-2.538065999999997
LA-SV,200802,2,hier_nb,reference,1.268528,0.90884775,200801,0.35968025000000015
LA-SV,200803,3,hier_nb,reference,1.655384999999999,0.43149175,200801,1.223893249999999
LA-SV,200804,1,hier_nb,reference,4.448038,1.58831025,200804,2.8597277500000002
LA-SV,200805,2,hier_nb,reference,11.943648999999994,2.115381,200804,9.828267999999994
LA-SV,200806,3,hier_nb,reference,24.714742,7.238117499999999,200804,17.476624500000003
LA-SV,200807,1,hier_nb,reference,42.85648500000002,4.528644249999999,200807,38.32784075000002
LA-SV,200808,2,hier_nb,reference,55.694196999999974,5.6594774999999995,200807,50.03471949999997
LA-SV,200809,3,hier_nb,reference,38.412128,7.308066999999999,200807,31.104061
LA-SV,200810,1,hier_nb,reference,20.405147999999997,3.27803575,200810,17.127112249999996
LA-SV,200811,2,hier_nb,reference,11.396930999999997,0.735088,200810,10.661842999999998
LA-SV,200812,3,hier_nb,reference,5.524751999999999,0.48218925,200810,5.042562749999999
LA-SV,200901,1,hier_nb,reference,2.6355700000000013,0.08493275,200901,2.550637250000001
LA-SV,200902,2,hier_nb,reference,1.4345280000000002,0.0181964999999999,200901,1.4163315000000003
LA-SV,200903,3,hier_nb,reference,1.929385,0.14767375,200901,1.7817112499999999
LA-SV,200904,1,hier_nb,reference,4.448038,0.18392675,200904,4.26411125
LA-SV,200905,2,hier_nb,reference,12.655648999999997,1.0697552499999998,200904,11.585893749999997
LA-SV,200906,3,hier_nb,reference,29.030742000000004,1.406033,200904,27.624709000000003
LA-SV,200907,1,hier_nb,reference,42.042485,14.295503000000004,200907,27.746981999999996
LA-SV,200908,2,hier_nb,reference,44.54619700000001,30.0361335,200907,14.510063500000008
LA-SV,200909,3,hier_nb,reference,29.860128000000003,40.9221485,200907,-11.062020499999996
LA-SV,200910,1,hier_nb,reference,19.509147999999986,5.3614605,200910,14.147687499999986
LA-SV,200911,2,hier_nb,reference,15.364931,23.630774,200910,-8.265842999999998
LA-SV,200912,3,hier_nb,reference,4.5987519999999975,1.440938,200910,3.1578139999999975
LA-VT,200801,1,hier_nb,reference,7.945031,10.826709,200801,-2.881677999999999
LA-VT,200802,2,hier_nb,reference,6.798296000000001,4.24412175,200801,2.554174250000001
LA-VT,200803,3,hier_nb,reference,6.365330999999998,17.547522999999998,200801,-11.182192
LA-VT,200804,1,hier_nb,reference,24.432004999999997,13.70079775,200804,10.731207249999997
LA-VT,200805,2,hier_nb,reference,52.867109,18.771426,200804,34.095682999999994
LA-VT,200806,3,hier_nb,reference,93.201893,78.56922449999999,200804,14.632668500000008
LA-VT,200807,1,hier_nb,reference,125.766226,84.3273955,200807,41.43883050000001
LA-VT,200808,2,hier_nb,reference,127.636501,73.51633075000001,200807,54.12017024999999
LA-VT,200809,3,hier_nb,reference,92.64132,64.61612199999999,200807,28.025198000000003
LA-VT,200810,1,hier_nb,reference,58.17777100000001,27.62036,200810,30.557411000000005
LA-VT,200811,2,hier_nb,reference,31.637276999999997,71.277018,200810,-39.639741
LA-VT,200812,3,hier_nb,reference,24.182371000000003,57.359508,200810,-33.177136999999995
LA-VT,200901,1,hier_nb,reference,9.009031,20.997580749999997,200901,-11.988549749999997
LA-VT,200902,2,hier_nb,reference,5.436296000000002,13.03627925,200901,-7.5999832499999975
LA-VT,200903,3,hier_nb,reference,6.207331,7.014951249999999,200901,-0.8076202499999994
LA-VT,200904,1,hier_nb,reference,10.904004999999998,12.404783999999998,200904,-1.5007789999999996
LA-VT,200905,2,hier_nb,reference,31.787109,91.52218850000004,200904,-59.73507950000004
LA-VT,200906,3,hier_nb,reference,70.48989300000002,190.43262325,200904,-119.94273024999998
LA-VT,200907,1,hier_nb,reference,86.518226,129.33639425,200907,-42.818168250000014
LA-VT,200908,2,hier_nb,reference,90.632501,129.5671325,200907,-38.93463150000001
LA-VT,200909,3,hier_nb,reference,116.24532,166.83894400000003,200907,-50.59362400000002
LA-VT,200910,1,hier_nb,reference,221.87177099999997,230.4980995,200910,-8.626328500000028
LA-VT,200911,2,hier_nb,reference,316.611277,330.24896950000004,200910,-13.637692500000071
LA-VT,200912,3,hier_nb,reference,255.546371,259.39201925,200910,-3.8456482499999822
LA-XA,200801,1,hier_nb,reference,0.4851729999999996,1.0043275,200801,-0.5191545000000004
LA-XA,200802,2,hier_nb,reference,0.2146049999999997,0.2448219999999999,200801,-0.030217000000000188
LA-XA,200803,3,hier_nb,reference,0.3412479999999993,0.15845175,200801,0.18279624999999927
LA-XA,200804,1,hier_nb,reference,0.7462710000000001,0.1738439999999999,200804,0.5724270000000002
LA-XA,200805,2,hier_nb,reference,2.291563,1.18700975,200804,1.10455325
LA-XA,200806,3,hier_nb,reference,5.970826000000002,3.94751075,200804,2.0233152500000022
LA-XA,200807,1,hier_nb,reference,12.482861999999995,9.99703275,200807,2.4858292499999948
LA-XA,200808,2,hier_nb,reference,12.440606000000002,2.4974052500000004,200807,9.943200750000003
LA-XA,200809,3,hier_nb,reference,10.544103000000009,1.017208,200807,9.526895000000009
LA-XA,200810,1,hier_nb,reference,5.460675000000002,1.150917,200810,4.309758000000002
LA-XA,200811,2,hier_nb,reference,2.645464999999998,0.6582945,200810,1.987170499999998
LA-XA,200812,3,hier_nb,reference,0.9971009999999988,0.37396975,200810,0.6231312499999988
LA-XA,200901,1,hier_nb,reference,0.4851729999999996,0.1008189999999999,200901,0.3843539999999997
LA-XA,200902,2,hier_nb,reference,0.2146049999999997,0.047659,200901,0.1669459999999997
LA-XA,200903,3,hier_nb,reference,0.3412479999999993,0.2288425,200901,0.11240549999999927
LA-XA,200904,1,hier_nb,reference,0.7462710000000001,0.2154945,200904,0.5307765000000001
LA-XA,200905,2,hier_nb,reference,2.259563,0.6316809999999999,200904,1.627882
LA-XA,200906,3,hier_nb,reference,7.744826000000003,7.3109535,200904,0.4338725000000032
LA-XA,200907,1,hier_nb,reference,10.904861999999994,4.586072249999999,200907,6.318789749999995
LA-XA,200908,2,hier_nb,reference,20.34660600000001,24.12270475,200907,-3.776098749999992
LA-XA,200909,3,hier_nb,reference,9.654103000000006,4.56664825,200907,5.087454750000006
LA-XA,200910,1,hier_nb,reference,5.490675000000003,2.769474,200910,2.721201000000003
LA-XA,200911,2,hier_nb,reference,3.1614649999999997,1.4822345,200910,1.6792304999999998
LA-XA,200912,3,hier_nb,reference,1.0211009999999998,0.93827675,200910,0.08282424999999982
LA-XE,200801,1,hier_nb,reference,0.004754,0.0178474999999999,200801,-0.0130934999999999
LA-XE,200802,2,hier_nb,reference,0.004669,0.00767025,200801,-0.0030012499999999996
LA-XE,200803,3,hier_nb,reference,0.007233,0.0035095,200801,0.0037235
LA-XE,200804,1,hier_nb,reference,0.0221159999999999,0.0217627499999999,200804,0.0003532499999999994
LA-XE,200805,2,hier_nb,reference,0.0909019999999999,0.0601369999999999,200804,0.030765
LA-XE,200806,3,hier_nb,reference,3.371357,3.85098325,200804,-0.4796262499999999
LA-XE,200807,1,hier_nb,reference,0.5613389999999998,0.8143797500000001,200807,-0.25304075000000026
LA-XE,200808,2,hier_nb,reference,0.8368090000000001,1.0329047499999997,200807,-0.19609574999999957
LA-XE,200809,3,hier_nb,reference,0.5848939999999998,0.6939,200807,-0.10900600000000016
LA-XE,200810,1,hier_nb,reference,0.2625009999999999,0.37083325,200810,-0.10833225000000013
LA-XE,200811,2,hier_nb,reference,0.058418,0.128328,200810,-0.06991
LA-XE,200812,3,hier_nb,reference,0.7884260000000001,0.6007975,200810,0.1876285000000001
LA-XE,200901,1,hier_nb,reference,0.004754,0.0063945,200901,-0.0016404999999999996
LA-XE,200902,2,hier_nb,reference,1.844669,1.8374065,200901,0.0072624999999999496
LA-XE,200903,3,hier_nb,reference,1.801233,1.7081305,200901,0.09310250000000009
LA-XE,200904,1,hier_nb,reference,0.742116,0.39248425,200904,0.34963175
LA-XE,200905,2,hier_nb,reference,1.3329019999999998,0.7210272499999999,200904,0.6118747499999999
LA-XE,200906,3,hier_nb,reference,7.041357,4.5632665,200904,2.4780904999999995
LA-XE,200907,1,hier_nb,reference,24.385339,19.544624,200907,4.840714999999999
LA-XE,200908,2,hier_nb,reference,21.788809,16.070825,200907,5.717984000000001
LA-XE,200909,3,hier_nb,reference,3.4208939999999997,2.3987557500000003,200907,1.0221382499999994
LA-XE,200910,1,hier_nb,reference,5.094501,2.5947177500000005,200910,2.4997832499999997
LA-XE,200911,2,hier_nb,reference,2.3344180000000003,10.38163975,200910,-8.047221749999999
LA-XE,200912,3,hier_nb,reference,6.558426,8.501570999999998,200910,-1.9431449999999986
LA-XI,200801,1,hier_nb,reference,2.599999999999998e-05,0.0003974999999999,200801,-0.0003714999999999
LA-XI,200802,2,hier_nb,reference,4.900000000000043e-05,0.0001289999999999,200801,-7.999999999989957e-05
LA-XI,200803,3,hier_nb,reference,1.600000000000039e-05,0.0002122499999999,200801,-0.0001962499999998996
LA-XI,200804,1,hier_nb,reference,1.600000000000039e-05,0.013429,200804,-0.013413
LA-XI,200805,2,hier_nb,reference,0.000605,0.018772,200804,-0.018167
LA-XI,200806,3,hier_nb,reference,0.909065,0.75292275,200804,0.15614225000000004
LA-XI,200807,1,hier_nb,reference,0.010813,0.1255624999999999,200807,-0.11474949999999991
LA-XI,200808,2,hier_nb,reference,0.0191,0.13492425,200807,-0.11582424999999999
LA-XI,200809,3,hier_nb,reference,0.0091139999999999,0.1276315,200807,-0.11851750000000011
LA-XI,200810,1,hier_nb,reference,0.004324,0.0459685,200810,-0.0416445
LA-XI,200811,2,hier_nb,reference,0.001242,0.0099629999999999,200810,-0.0087209999999999
LA-XI,200812,3,hier_nb,reference,0.00016,0.0041975,200810,-0.004037499999999999
LA-XI,200901,1,hier_nb,reference,2.599999999999998e-05,0.00142425,200901,-0.00139825
LA-XI,200902,2,hier_nb,reference,4.900000000000043e-05,0.00247125,200901,-0.0024222499999999995
LA-XI,200903,3,hier_nb,reference,1.600000000000039e-05,0.0024942499999999,200901,-0.0024782499999999
LA-XI,200904,1,hier_nb,reference,1.600000000000039e-05,0.0009894999999999,200904,-0.0009734999999998996
LA-XI,200905,2,hier_nb,reference,38.938605,38.84592425,200904,0.09268074999999953
LA-XI,200906,3,hier_nb,reference,32.801065,32.6740025,200904,0.12706250000000097
LA-XI,200907,1,hier_nb,reference,0.8368129999999999,10.05001675,200907,-9.21320375
LA-XI,200908,2,hier_nb,reference,9.4031,10.628213,200907,-1.2251130000000003
LA-XI,200909,3,hier_nb,reference,0.0091139999999999,11.92243725,200907,-11.91332325
LA-XI,200910,1,hier_nb,reference,0.004324,12.911358,200910,-12.907034
LA-XI,200911,2,hier_nb,reference,0.001242,5.16890725,200910,-5.16766525
LA-XI,200912,3,hier_nb,reference,0.00016,2.4805465,200910,-2.4803865
LA-AT,200801,1,hier_nb,reference_r1,3.852295,3.005431,200801,0.8468639999999996
LA-AT,200802,2,hier_nb,reference_r1,1.872729,1.328703,200801,0.5440260000000001
LA-AT,200803,3,hier_nb,reference_r1,0.003139,0.039519,200801,-0.036379999999999996
LA-AT,200804,1,hier_nb,reference_r1,0.0073769999999999,0.4299789999999999,200804,-0.422602
LA-AT,200805,2,hier_nb,reference_r1,3.315728,1.7335040000000002,200804,1.5822239999999999
LA-AT,200806,3,hier_nb,reference_r1,8.204608,4.7121960000000005,200804,3.492412
LA-AT,200807,1,hier_nb,reference_r1,3.9921409999999993,2.7693390000000004,200807,1.2228019999999988
LA-AT,200808,2,hier_nb,reference_r1,7.210744000000001,3.621935,200807,3.588809000000001
LA-AT,200809,3,hier_nb,reference_r1,19.460828,11.103254,200807,8.357574
LA-AT,200810,1,hier_nb,reference_r1,43.686879000000005,33.681058,200810,10.005821000000005
LA-AT,200811,2,hier_nb,reference_r1,41.74564,36.18329,200810,5.562350000000002
LA-AT,200812,3,hier_nb,reference_r1,22.625494,17.860357,200810,4.765136999999999
LA-AT,200901,1,hier_nb,reference_r1,17.832295,7.699838,200901,10.132456999999999
LA-AT,200902,2,hier_nb,reference_r1,45.780729,35.85613,200901,9.924599
LA-AT,200903,3,hier_nb,reference_r1,76.749139,55.78356899999999,200901,20.965570000000007
LA-AT,200904,1,hier_nb,reference_r1,98.593377,36.31825400000001,200904,62.275122999999994
LA-AT,200905,2,hier_nb,reference_r1,0.0437279999999999,95.503425,200904,-95.45969699999999
LA-AT,200906,3,hier_nb,reference_r1,21.418608,74.98249000000001,200904,-53.563882000000014
LA-AT,200907,1,hier_nb,reference_r1,57.542141,46.969736,200907,10.572405000000003
LA-AT,200908,2,hier_nb,reference_r1,15.420744000000004,10.932706,200907,4.488038000000005
LA-AT,200909,3,hier_nb,reference_r1,13.232828,9.23415,200907,3.998678
LA-AT,200910,1,hier_nb,reference_r1,2.8748790000000004,42.37873500000002,200910,-39.50385600000002
LA-AT,200911,2,hier_nb,reference_r1,14.97164,26.824453000000005,200910,-11.852813000000005
LA-AT,200912,3,hier_nb,reference_r1,5.665494,32.568352000000004,200910,-26.902858000000005
LA-BK,200801,1,hier_nb,reference_r1,0.8594799999999999,0.944797,200801,-0.08531700000000009
LA-BK,200802,2,hier_nb,reference_r1,0.004847,0.0002559999999999,200801,0.004591000000000099
LA-BK,200803,3,hier_nb,reference_r1,0.008638,4.900000000000043e-05,200801,0.008589
LA-BK,200804,1,hier_nb,reference_r1,0.0138739999999999,0.02843,200804,-0.0145560000000001
LA-BK,200805,2,hier_nb,reference_r1,11.262484,10.977811,200804,0.28467299999999973
LA-BK,200806,3,hier_nb,reference_r1,51.283126,51.49998,200804,-0.21685399999999788
LA-BK,200807,1,hier_nb,reference_r1,0.94426,16.846947,200807,-15.902687
LA-BK,200808,2,hier_nb,reference_r1,6.220988,28.597384000000005,200807,-22.376396000000007
LA-BK,200809,3,hier_nb,reference_r1,30.382793999999997,72.04394899999997,200807,-41.66115499999997
LA-BK,200810,1,hier_nb,reference_r1,46.210056,33.637902,200810,12.572154000000005
LA-BK,200811,2,hier_nb,reference_r1,54.211923000000006,43.463404,200810,10.748519000000009
LA-BK,200812,3,hier_nb,reference_r1,4.5607299999999995,1.835084,200810,2.7256459999999993
LA-BK,200901,1,hier_nb,reference_r1,0.8594799999999999,0.4239810000000001,200901,0.4354989999999998
LA-BK,200902,2,hier_nb,reference_r1,0.004847,0.3703909999999999,200901,-0.3655439999999999
LA-BK,200903,3,hier_nb,reference_r1,0.828638,0.6614360000000001,200901,0.16720199999999985
LA-BK,200904,1,hier_nb,reference_r1,2.711874,1.6892819999999995,200904,1.0225920000000004
LA-BK,200905,2,hier_nb,reference_r1,73.262484,44.758206,200904,28.504278
LA-BK,200906,3,hier_nb,reference_r1,214.283126,132.49897,200904,81.784156
LA-BK,200907,1,hier_nb,reference_r1,208.55826,195.953262,200907,12.604997999999995
LA-BK,200908,2,hier_nb,reference_r1,106.546988,94.023069,200907,12.523918999999992
LA-BK,200909,3,hier_nb,reference_r1,49.358794,39.632979,200907,9.725815000000004
LA-BK,200910,1,hier_nb,reference_r1,29.210056,26.62139999999999,200910,2.588656000000011
LA-BK,200911,2,hier_nb,reference_r1,4.257923000000001,17.721013,200910,-13.463089999999998
LA-BK,200912,3,hier_nb,reference_r1,3.57673,6.50576,200910,-2.9290300000000005
LA-BL,200801,1,hier_nb,reference_r1,4.1524,5.462375,200801,-1.3099749999999997
LA-BL,200802,2,hier_nb,reference_r1,2.7733770000000004,5.826475,200801,-3.053098
LA-BL,200803,3,hier_nb,reference_r1,1.2553139999999998,0.407452,200801,0.8478619999999999
LA-BL,200804,1,hier_nb,reference_r1,2.013312,2.974816000000001,200804,-0.961504000000001
LA-BL,200805,2,hier_nb,reference_r1,4.270068000000002,4.676824,200804,-0.4067559999999979
LA-BL,200806,3,hier_nb,reference_r1,9.674526,6.9777200000000015,200804,2.6968059999999987
LA-BL,200807,1,hier_nb,reference_r1,13.881757,17.1802,200807,-3.298442999999999
LA-BL,200808,2,hier_nb,reference_r1,17.326299999999996,20.631847,200807,-3.3055470000000042
LA-BL,200809,3,hier_nb,reference_r1,12.893923999999998,19.569791,200807,-6.675867
LA-BL,200810,1,hier_nb,reference_r1,12.329103999999996,10.348956,200810,1.9801479999999962
LA-BL,200811,2,hier_nb,reference_r1,4.374162,3.4418249999999997,200810,0.9323370000000004
LA-BL,200812,3,hier_nb,reference_r1,3.260756,1.4879100000000005,200810,1.7728459999999997
LA-BL,200901,1,hier_nb,reference_r1,1.2584,0.6982949999999999,200901,0.5601050000000001
LA-BL,200902,2,hier_nb,reference_r1,1.0493770000000002,1.447847,200901,-0.3984699999999999
LA-BL,200903,3,hier_nb,reference_r1,1.6313140000000002,1.402994,200901,0.22832000000000008
LA-BL,200904,1,hier_nb,reference_r1,2.2893120000000007,0.7678760000000002,200904,1.5214360000000005
LA-BL,200905,2,hier_nb,reference_r1,7.768068,3.078055,200904,4.690013
LA-BL,200906,3,hier_nb,reference_r1,14.392526000000004,3.5421549999999993,200904,10.850371000000004
LA-BL,200907,1,hier_nb,reference_r1,13.429756999999997,19.861956999999997,200907,-6.4322
LA-BL,200908,2,hier_nb,reference_r1,27.704300000000003,5.140787,200907,22.563513000000004
LA-BL,200909,3,hier_nb,reference_r1,27.71392399999999,4.118327000000001,200907,23.59559699999999
LA-BL,200910,1,hier_nb,reference_r1,15.075104,4.108235,200910,10.966868999999999
LA-BL,200911,2,hier_nb,reference_r1,7.096162000000001,1.2004670000000002,200910,5.895695000000002
LA-BL,200912,3,hier_nb,reference_r1,3.260756,0.4568969999999999,200910,2.803859
LA-CH,200801,1,hier_nb,reference_r1,52.11167,32.718148,200801,19.393521999999997
LA-CH,200802,2,hier_nb,reference_r1,70.760514,47.620565,200801,23.139949
LA-CH,200803,3,hier_nb,reference_r1,70.459606,56.482474999999994,200801,13.977131
LA-CH,200804,1,hier_nb,reference_r1,42.017055,25.334554999999995,200804,16.682500000000005
LA-CH,200805,2,hier_nb,reference_r1,60.23097600000001,37.87996900000002,200804,22.351006999999996
LA-CH,200806,3,hier_nb,reference_r1,159.49683299999998,99.545391,200804,59.951441999999986
LA-CH,200807,1,hier_nb,reference_r1,72.23987399999999,157.00358799999998,200807,-84.763714
LA-CH,200808,2,hier_nb,reference_r1,63.29861199999999,102.88116300000002,200807,-39.582551000000024
LA-CH,200809,3,hier_nb,reference_r1,82.09679400000005,101.608232,200807,-19.511437999999956
LA-CH,200810,1,hier_nb,reference_r1,66.044815,40.026129999999995,200810,26.018685000000005
LA-CH,200811,2,hier_nb,reference_r1,52.304022,32.841301,200810,19.462721000000002
LA-CH,200812,3,hier_nb,reference_r1,41.597493,21.503960999999997,200810,20.093532000000003
LA-CH,200901,1,hier_nb,reference_r1,17.18767,10.248759,200901,6.938911000000001
LA-CH,200902,2,hier_nb,reference_r1,33.16651400000001,21.785334,200901,11.381180000000008
LA-CH,200903,3,hier_nb,reference_r1,41.977606,20.29380399999999,200901,21.68380200000001
LA-CH,200904,1,hier_nb,reference_r1,69.209055,32.560801,200904,36.64825400000001
LA-CH,200905,2,hier_nb,reference_r1,30.464975999999993,97.062905,200904,-66.59792900000001
LA-CH,200906,3,hier_nb,reference_r1,53.088832999999994,116.06969599999996,200904,-62.98086299999997
LA-CH,200907,1,hier_nb,reference_r1,57.10787400000004,59.264934999999994,200907,-2.157060999999956
LA-CH,200908,2,hier_nb,reference_r1,54.75861199999997,52.804085,200907,1.9545269999999704
LA-CH,200909,3,hier_nb,reference_r1,50.99879400000003,54.335404,200907,-3.3366099999999648
LA-CH,200910,1,hier_nb,reference_r1,28.40081499999999,23.98417099999999,200910,4.416644000000002
LA-CH,200911,2,hier_nb,reference_r1,15.442022000000009,35.409932,200910,-19.96790999999999
LA-CH,200912,3,hier_nb,reference_r1,14.465493000000002,23.276006999999993,200910,-8.81051399999999
LA-HO,200801,1,hier_nb,reference_r1,0.0004939999999999,0.002529,200801,-0.0020350000000001
LA-HO,200802,2,hier_nb,reference_r1,0.0005799999999999,0.000446,200801,0.00013399999999990004
LA-HO,200803,3,hier_nb,reference_r1,0.000493,0.0046859999999999,200801,-0.0041929999999999
LA-HO,200804,1,hier_nb,reference_r1,0.002172,0.067717,200804,-0.065545
LA-HO,200805,2,hier_nb,reference_r1,0.0078969999999999,0.047548,200804,-0.0396510000000001
LA-HO,200806,3,hier_nb,reference_r1,0.0461269999999999,0.0531849999999999,200804,-0.007058000000000002
LA-HO,200807,1,hier_nb,reference_r1,0.135984,0.0214769999999999,200807,0.1145070000000001
LA-HO,200808,2,hier_nb,reference_r1,0.155592,0.034312,200807,0.12128
LA-HO,200809,3,hier_nb,reference_r1,0.667046,0.715935,200807,-0.04888899999999996
LA-HO,200810,1,hier_nb,reference_r1,0.040277,0.0364939999999999,200810,0.003783000000000099
LA-HO,200811,2,hier_nb,reference_r1,0.0072349999999999,0.005929,200810,0.0013059999999999001
LA-HO,200812,3,hier_nb,reference_r1,0.93909,0.900682,200810,0.038408
LA-HO,200901,1,hier_nb,reference_r1,0.0004939999999999,0.015903,200901,-0.0154090000000001
LA-HO,200902,2,hier_nb,reference_r1,0.0005799999999999,0.0360999999999999,200901,-0.03552
LA-HO,200903,3,hier_nb,reference_r1,0.000493,0.0262519999999999,200901,-0.0257589999999999
LA-HO,200904,1,hier_nb,reference_r1,0.002172,0.0053539999999999,200904,-0.0031819999999998998
LA-HO,200905,2,hier_nb,reference_r1,0.0078969999999999,0.0190059999999999,200904,-0.011109
LA-HO,200906,3,hier_nb,reference_r1,0.0461269999999999,0.057373,200904,-0.011246000000000103
LA-HO,200907,1,hier_nb,reference_r1,0.135984,0.4049930000000001,200907,-0.2690090000000001
LA-HO,200908,2,hier_nb,reference_r1,0.155592,0.8078830000000004,200907,-0.6522910000000004
LA-HO,200909,3,hier_nb,reference_r1,0.667046,0.6701170000000003,200907,-0.003071000000000268
LA-HO,200910,1,hier_nb,reference_r1,0.7122769999999999,0.62191,200910,0.09036699999999998
LA-HO,200911,2,hier_nb,reference_r1,0.8612349999999999,0.8319190000000001,200910,0.029315999999999787
LA-HO,200912,3,hier_nb,reference_r1,0.93909,0.8930509999999999,200910,0.04603900000000005
LA-KH,200801,1,hier_nb,reference_r1,0.308672,0.652441,200801,-0.34376900000000005
LA-KH,200802,2,hier_nb,reference_r1,0.2349590000000001,0.0875809999999999,200801,0.14737800000000023
LA-KH,200803,3,hier_nb,reference_r1,0.2663449999999998,0.067966,200801,0.19837899999999978
LA-KH,200804,1,hier_nb,reference_r1,0.6699510000000002,0.2184369999999998,200804,0.4515140000000004
LA-KH,200805,2,hier_nb,reference_r1,2.057202,0.2956479999999999,200804,1.7615540000000003
LA-KH,200806,3,hier_nb,reference_r1,6.615096999999995,0.674693,200804,5.940403999999996
LA-KH,200807,1,hier_nb,reference_r1,11.611262000000004,1.549961,200807,10.061301000000004
LA-KH,200808,2,hier_nb,reference_r1,14.109209999999996,0.3607579999999999,200807,13.748451999999995
LA-KH,200809,3,hier_nb,reference_r1,9.923877000000005,2.215713,200807,7.7081640000000045
LA-KH,200810,1,hier_nb,reference_r1,5.143772000000002,0.502683,200810,4.641089000000002
LA-KH,200811,2,hier_nb,reference_r1,2.5146890000000006,1.753536,200810,0.7611530000000006
LA-KH,200812,3,hier_nb,reference_r1,2.331689,3.338526,200810,-1.006837
LA-KH,200901,1,hier_nb,reference_r1,0.308672,0.077648,200901,0.231024
LA-KH,200902,2,hier_nb,reference_r1,0.2349590000000001,0.0305219999999999,200901,0.2044370000000002
LA-KH,200903,3,hier_nb,reference_r1,4.104345,4.432754,200901,-0.32840899999999973
LA-KH,200904,1,hier_nb,reference_r1,0.6699510000000002,0.7212819999999998,200904,-0.05133099999999957
LA-KH,200905,2,hier_nb,reference_r1,3.1992019999999997,1.9558609999999996,200904,1.243341
LA-KH,200906,3,hier_nb,reference_r1,47.325097,59.11029,200904,-11.785193
LA-KH,200907,1,hier_nb,reference_r1,94.071262,108.031528,200907,-13.96026599999999
LA-KH,200908,2,hier_nb,reference_r1,217.28321,254.66876,200907,-37.385549999999995
LA-KH,200909,3,hier_nb,reference_r1,207.657877,227.829662,200907,-20.171785
LA-KH,200910,1,hier_nb,reference_r1,54.963772,25.845056,200910,29.118716
LA-KH,200911,2,hier_nb,reference_r1,44.662689,19.425252,200910,25.237437
LA-KH,200912,3,hier_nb,reference_r1,57.227689,38.908697,200910,18.318992
LA-LM,200801,1,hier_nb,reference_r1,0.00034,0.0001209999999999,200801,0.00021900000000010003
LA-LM,200802,2,hier_nb,reference_r1,0.0001239999999999,8.099999999999948e-05,200801,4.299999999990051e-05
LA-LM,200803,3,hier_nb,reference_r1,0.0004369999999999,4.000000000000097e-06,200801,0.0004329999999998999
LA-LM,200804,1,hier_nb,reference_r1,0.001099,0.0023069999999999,200804,-0.0012079999999999
LA-LM,200805,2,hier_nb,reference_r1,0.0038709999999999,0.016104,200804,-0.0122330000000001
LA-LM,200806,3,hier_nb,reference_r1,0.01647,0.0164109999999999,200804,5.900000000009717e-05
LA-LM,200807,1,hier_nb,reference_r1,0.0779480000000001,0.050875,200807,0.027073000000000104
LA-LM,200808,2,hier_nb,reference_r1,0.0816029999999998,0.054952,200807,0.0266509999999998
LA-LM,200809,3,hier_nb,reference_r1,0.071944,0.0683319999999999,200807,0.0036120000000000874
LA-LM,200810,1,hier_nb,reference_r1,0.0226989999999999,0.0156179999999999,200810,0.0070810000000000005
LA-LM,200811,2,hier_nb,reference_r1,0.001934,0.001182,200810,0.0007519999999999998
LA-LM,200812,3,hier_nb,reference_r1,0.000683,0.000441,200810,0.00024200000000000003
LA-LM,200901,1,hier_nb,reference_r1,0.00034,0.000196,200901,0.00014400000000000003
LA-LM,200902,2,hier_nb,reference_r1,0.0001239999999999,0.0002249999999999,200901,-0.00010100000000000002
LA-LM,200903,3,hier_nb,reference_r1,0.0004369999999999,0.0002899999999999,200901,0.000147
LA-LM,200904,1,hier_nb,reference_r1,0.939099,0.917826,200904,0.021272999999999986
LA-LM,200905,2,hier_nb,reference_r1,0.0038709999999999,0.0133409999999999,200904,-0.00947
LA-LM,200906,3,hier_nb,reference_r1,1.7104700000000002,1.535864,200904,0.17460600000000026
LA-LM,200907,1,hier_nb,reference_r1,0.7659479999999999,0.9463579999999996,200907,-0.18040999999999974
LA-LM,200908,2,hier_nb,reference_r1,0.0816029999999998,1.1684529999999995,200907,-1.0868499999999996
LA-LM,200909,3,hier_nb,reference_r1,3.259944,1.986294,200907,1.27365
LA-LM,200910,1,hier_nb,reference_r1,4.4646989999999995,2.634388,200910,1.8303109999999996
LA-LM,200911,2,hier_nb,reference_r1,5.835934,4.659088,200910,1.1768460000000003
LA-LM,200912,3,hier_nb,reference_r1,3.914683,3.481746,200910,0.43293700000000035
LA-LP,200801,1,hier_nb,reference_r1,0.6530069999999999,0.6400020000000002,200801,0.013004999999999711
LA-LP,200802,2,hier_nb,reference_r1,12.765316,14.514911,200801,-1.7495949999999993
LA-LP,200803,3,hier_nb,reference_r1,17.969742999999998,20.498405,200801,-2.528662000000004
LA-LP,200804,1,hier_nb,reference_r1,26.444973,11.476932,200804,14.968041000000001
LA-LP,200805,2,hier_nb,reference_r1,98.607173,54.910495,200804,43.696678000000006
LA-LP,200806,3,hier_nb,reference_r1,119.656405,73.01007,200804,46.64633500000001
LA-LP,200807,1,hier_nb,reference_r1,8.508422000000003,138.80773,200807,-130.299308
LA-LP,200808,2,hier_nb,reference_r1,10.557909000000002,122.82035599999998,200807,-112.26244699999998
LA-LP,200809,3,hier_nb,reference_r1,6.924254999999999,109.621955,200807,-102.6977
LA-LP,200810,1,hier_nb,reference_r1,13.177208999999998,28.265141,200810,-15.087932000000002
LA-LP,200811,2,hier_nb,reference_r1,95.679716,53.63592100000001,200810,42.04379499999999
LA-LP,200812,3,hier_nb,reference_r1,151.17978399999998,128.08097600000002,200810,23.098807999999963
LA-LP,200901,1,hier_nb,reference_r1,0.6530069999999999,7.858501,200901,-7.205494000000001
LA-LP,200902,2,hier_nb,reference_r1,0.451316,6.7119800000000005,200901,-6.260664
LA-LP,200903,3,hier_nb,reference_r1,0.637743,15.319605999999997,200901,-14.681862999999996
LA-LP,200904,1,hier_nb,reference_r1,1.0569730000000002,14.114834000000002,200904,-13.057861000000003
LA-LP,200905,2,hier_nb,reference_r1,3.337173,36.675781,200904,-33.338608
LA-LP,200906,3,hier_nb,reference_r1,5.198405000000001,70.835071,200904,-65.63666599999999
LA-LP,200907,1,hier_nb,reference_r1,9.760421999999998,17.018943999999998,200907,-7.258521999999999
LA-LP,200908,2,hier_nb,reference_r1,10.885908999999998,17.497696,200907,-6.611787000000003
LA-LP,200909,3,hier_nb,reference_r1,254.548255,294.591852,200907,-40.043597000000005
LA-LP,200910,1,hier_nb,reference_r1,128.35120899999998,95.581273,200910,32.76993599999999
LA-LP,200911,2,hier_nb,reference_r1,67.325716,58.282287,200910,9.043429000000003
LA-LP,200912,3,hier_nb,reference_r1,1.5517839999999996,2.776929,200910,-1.2251450000000004
LA-OU,200801,1,hier_nb,reference_r1,0.0013689999999999,0.00097,200801,0.0003989999999999
LA-OU,200802,2,hier_nb,reference_r1,0.001238,0.000144,200801,0.001094
LA-OU,200803,3,hier_nb,reference_r1,0.0009859999999999,1.700000000000052e-05,200801,0.0009689999999998994
LA-OU,200804,1,hier_nb,reference_r1,0.00491,0.004242,200804,0.0006680000000000002
LA-OU,200805,2,hier_nb,reference_r1,0.0091069999999999,0.009996,200804,-0.0008890000000000998
LA-OU,200806,3,hier_nb,reference_r1,0.040045,0.022849,200804,0.017195999999999996
LA-OU,200807,1,hier_nb,reference_r1,0.087336,0.0775069999999999,200807,0.009829000000000102
LA-OU,200808,2,hier_nb,reference_r1,0.145505,0.06141,200807,0.084095
LA-OU,200809,3,hier_nb,reference_r1,0.0607119999999999,0.057327,200807,0.003384999999999895
LA-OU,200810,1,hier_nb,reference_r1,0.0367759999999999,0.011548,200810,0.0252279999999999
LA-OU,200811,2,hier_nb,reference_r1,0.0076559999999999,0.00234,200810,0.0053159999999999
LA-OU,200812,3,hier_nb,reference_r1,0.0022249999999999,0.000733,200810,0.0014919999999998997
LA-OU,200901,1,hier_nb,reference_r1,0.0013689999999999,0.000361,200901,0.0010079999999999
LA-OU,200902,2,hier_nb,reference_r1,0.001238,0.0001969999999999,200901,0.0010410000000001
LA-OU,200903,3,hier_nb,reference_r1,0.0009859999999999,0.0006309999999999,200901,0.00035499999999999996
LA-OU,200904,1,hier_nb,reference_r1,0.00491,0.004181,200904,0.0007290000000000005
LA-OU,200905,2,hier_nb,reference_r1,0.0091069999999999,0.017595,200904,-0.0084880000000001
LA-OU,200906,3,hier_nb,reference_r1,0.040045,0.0420619999999999,200904,-0.002016999999999901
LA-OU,200907,1,hier_nb,reference_r1,0.087336,2.243012,200907,-2.1556759999999997
LA-OU,200908,2,hier_nb,reference_r1,0.555505,2.261443,200907,-1.7059379999999997
LA-OU,200909,3,hier_nb,reference_r1,14.204712,8.139644,200907,6.065068
LA-OU,200910,1,hier_nb,reference_r1,5.418775999999999,2.882374,200910,2.5364019999999994
LA-OU,200911,2,hier_nb,reference_r1,12.771656,10.960177,200910,1.8114790000000003
LA-OU,200912,3,hier_nb,reference_r1,17.884225,17.171071,200910,0.7131539999999994
LA-PH,200901,1,hier_nb,reference_r1,2.9999999999999645e-06,0.0156429999999999,200901,-0.0156399999999999
LA-PH,200902,2,hier_nb,reference_r1,4.000000000000097e-06,0.019857,200901,-0.019853
LA-PH,200903,3,hier_nb,reference_r1,0.0,0.0222089999999999,200901,-0.0222089999999999
LA-PH,200904,1,hier_nb,reference_r1,2.499999999999985e-05,0.006034,200904,-0.0060090000000000005
LA-PH,200905,2,hier_nb,reference_r1,8.699999999999854e-05,0.016062,200904,-0.015975000000000003
LA-PH,200906,3,hier_nb,reference_r1,0.0006169999999999,0.0492409999999999,200904,-0.048624
LA-PH,200907,1,hier_nb,reference_r1,0.0047619999999999,0.208574,200907,-0.2038120000000001
LA-PH,200909,3,hier_nb,reference_r1,0.002174,0.251584,200907,-0.24940999999999997
LA-PH,200910,1,hier_nb,reference_r1,0.000781,0.0074229999999999,200910,-0.0066419999999999
LA-PH,200911,2,hier_nb,reference_r1,0.0001999999999999,0.001809,200910,-0.0016090000000001002
LA-PH,200912,3,hier_nb,reference_r1,1.600000000000039e-05,0.000533,200910,-0.0005169999999999997
LA-SL,200801,1,hier_nb,reference_r1,0.0243319999999999,0.8881649999999999,200801,-0.863833
LA-SL,200802,2,hier_nb,reference_r1,0.798645,0.3976999999999999,200801,0.40094500000000016
LA-SL,200803,3,hier_nb,reference_r1,4.527996,3.685959,200801,0.8420369999999999
LA-SL,200804,1,hier_nb,reference_r1,1.439706,1.005217,200804,0.4344889999999999
LA-SL,200805,2,hier_nb,reference_r1,101.235342,91.195237,200804,10.040104999999997
LA-SL,200806,3,hier_nb,reference_r1,216.052671,191.613622,200804,24.43904900000001
LA-SL,200807,1,hier_nb,reference_r1,65.553186,49.27798999999999,200807,16.275196000000008
LA-SL,200808,2,hier_nb,reference_r1,49.959033,54.353363,200807,-4.394330000000004
LA-SL,200809,3,hier_nb,reference_r1,74.00678500000001,45.244956,200807,28.761829000000006
LA-SL,200810,1,hier_nb,reference_r1,83.479382,27.704221000000004,200810,55.775161
LA-SL,200811,2,hier_nb,reference_r1,18.747512,10.988974,200810,7.758538
LA-SL,200812,3,hier_nb,reference_r1,7.154208000000001,7.693293999999998,200810,-0.5390859999999975
LA-SL,200901,1,hier_nb,reference_r1,0.7463319999999999,1.409612,200901,-0.6632800000000002
LA-SL,200902,2,hier_nb,reference_r1,23.464644999999997,18.839135,200901,4.6255099999999985
LA-SL,200903,3,hier_nb,reference_r1,24.461996,12.175000999999998,200901,12.286995000000001
LA-SL,200904,1,hier_nb,reference_r1,17.805706,7.042449000000001,200904,10.763257
LA-SL,200905,2,hier_nb,reference_r1,118.133342,38.128843,200904,80.004499
LA-SL,200906,3,hier_nb,reference_r1,35.920671,46.25291200000001,200904,-10.33224100000001
LA-SL,200907,1,hier_nb,reference_r1,148.225186,111.33632999999998,200907,36.88885600000003
LA-SL,200908,2,hier_nb,reference_r1,110.197033,79.041132,200907,31.155901
LA-SL,200909,3,hier_nb,reference_r1,79.746785,58.12567800000001,200907,21.621106999999995
LA-SL,200910,1,hier_nb,reference_r1,86.401382,30.365212999999997,200910,56.036169
LA-SL,200911,2,hier_nb,reference_r1,41.189512,15.059147000000005,200910,26.130364999999998
LA-SL,200912,3,hier_nb,reference_r1,15.918208,8.878761,200910,7.039446999999999
LA-SV,200801,1,hier_nb,reference_r1,2.2555700000000023,4.774099,200801,-2.5185289999999974
LA-SV,200802,2,hier_nb,reference_r1,1.268528,0.919836,200801,0.3486920000000001
LA-SV,200803,3,hier_nb,reference_r1,1.655384999999999,0.4362520000000001,200801,1.219132999999999
LA-SV,200804,1,hier_nb,reference_r1,4.448038,1.167157,200804,3.2808810000000004
LA-SV,200805,2,hier_nb,reference_r1,11.943648999999994,1.3207429999999998,200804,10.622905999999993
LA-SV,200806,3,hier_nb,reference_r1,24.714742,4.1512280000000015,200804,20.563513999999998
LA-SV,200807,1,hier_nb,reference_r1,42.85648500000002,4.641458999999999,200807,38.21502600000002
LA-SV,200808,2,hier_nb,reference_r1,55.694196999999974,5.806481000000002,200807,49.88771599999997
LA-SV,200809,3,hier_nb,reference_r1,38.412128,7.574036000000001,200807,30.838092000000003
LA-SV,200810,1,hier_nb,reference_r1,20.405147999999997,3.334028,200810,17.071119999999997
LA-SV,200811,2,hier_nb,reference_r1,11.396930999999997,0.704888,200810,10.692042999999996
LA-SV,200812,3,hier_nb,reference_r1,5.524751999999999,0.4964680000000001,200810,5.028283999999999
LA-SV,200901,1,hier_nb,reference_r1,2.6355700000000013,0.073517,200901,2.5620530000000015
LA-SV,200902,2,hier_nb,reference_r1,1.4345280000000002,0.018626,200901,1.4159020000000002
LA-SV,200903,3,hier_nb,reference_r1,1.929385,0.146692,200901,1.7826929999999999
LA-SV,200904,1,hier_nb,reference_r1,4.448038,0.211355,200904,4.236683
LA-SV,200905,2,hier_nb,reference_r1,12.655648999999997,1.0683789999999995,200904,11.587269999999997
LA-SV,200906,3,hier_nb,reference_r1,29.030742000000004,1.437046,200904,27.593696000000005
LA-SV,200907,1,hier_nb,reference_r1,42.042485,27.28614800000001,200907,14.756336999999988
LA-SV,200908,2,hier_nb,reference_r1,44.54619700000001,27.886956,200907,16.659241000000005
LA-SV,200909,3,hier_nb,reference_r1,29.860128000000003,29.193652,200907,0.666476000000003
LA-SV,200910,1,hier_nb,reference_r1,19.509147999999986,5.286535000000001,200910,14.222612999999985
LA-SV,200911,2,hier_nb,reference_r1,15.364931,23.76826,200910,-8.403329000000001
LA-SV,200912,3,hier_nb,reference_r1,4.5987519999999975,1.459958,200910,3.138793999999997
LA-VT,200801,1,hier_nb,reference_r1,7.945031,10.539337999999995,200801,-2.5943069999999953
LA-VT,200802,2,hier_nb,reference_r1,6.798296000000001,3.8731839999999993,200801,2.9251120000000013
LA-VT,200803,3,hier_nb,reference_r1,6.365330999999998,17.324918,200801,-10.959587000000003
LA-VT,200804,1,hier_nb,reference_r1,24.432004999999997,15.336412000000005,200804,9.095592999999992
LA-VT,200805,2,hier_nb,reference_r1,52.867109,21.42833599999999,200804,31.43877300000001
LA-VT,200806,3,hier_nb,reference_r1,93.201893,93.85291999999998,200804,-0.6510269999999849
LA-VT,200807,1,hier_nb,reference_r1,125.766226,94.41833999999996,200807,31.347886000000045
LA-VT,200808,2,hier_nb,reference_r1,127.636501,76.03749000000002,200807,51.599010999999976
LA-VT,200809,3,hier_nb,reference_r1,92.64132,64.49941899999999,200807,28.141901000000004
LA-VT,200810,1,hier_nb,reference_r1,58.17777100000001,27.071017999999995,200810,31.106753000000012
LA-VT,200811,2,hier_nb,reference_r1,31.637276999999997,69.956583,200810,-38.319306
LA-VT,200812,3,hier_nb,reference_r1,24.182371000000003,56.563779999999994,200810,-32.38140899999999
LA-VT,200901,1,hier_nb,reference_r1,9.009031,20.465573,200901,-11.456541999999999
LA-VT,200902,2,hier_nb,reference_r1,5.436296000000002,12.558509,200901,-7.122212999999999
LA-VT,200903,3,hier_nb,reference_r1,6.207331,6.114651999999998,200901,0.09267900000000218
LA-VT,200904,1,hier_nb,reference_r1,10.904004999999998,12.696582999999997,200904,-1.792577999999999
LA-VT,200905,2,hier_nb,reference_r1,31.787109,87.60558200000003,200904,-55.818473000000026
LA-VT,200906,3,hier_nb,reference_r1,70.48989300000002,197.94542900000005,200904,-127.45553600000002
LA-VT,200907,1,hier_nb,reference_r1,86.518226,146.568621,200907,-60.05039500000001
LA-VT,200908,2,hier_nb,reference_r1,90.632501,181.800806,200907,-91.16830499999999
LA-VT,200909,3,hier_nb,reference_r1,116.24532,260.731427,200907,-144.486107
LA-VT,200910,1,hier_nb,reference_r1,221.87177099999997,224.408899,200910,-2.537128000000024
LA-VT,200911,2,hier_nb,reference_r1,316.611277,327.478766,200910,-10.867489000000035
LA-VT,200912,3,hier_nb,reference_r1,255.546371,259.98686399999997,200910,-4.440492999999975
LA-XA,200801,1,hier_nb,reference_r1,0.4851729999999996,0.962084,200801,-0.4769110000000005
LA-XA,200802,2,hier_nb,reference_r1,0.2146049999999997,0.2368749999999999,200801,-0.02227000000000018
LA-XA,200803,3,hier_nb,reference_r1,0.3412479999999993,0.153186,200801,0.18806199999999929
LA-XA,200804,1,hier_nb,reference_r1,0.7462710000000001,0.060566,200804,0.6857050000000001
LA-XA,200805,2,hier_nb,reference_r1,2.291563,1.1656369999999998,200804,1.1259260000000002
LA-XA,200806,3,hier_nb,reference_r1,5.970826000000002,4.226354,200804,1.7444720000000027
LA-XA,200807,1,hier_nb,reference_r1,12.482861999999995,10.042857,200807,2.4400049999999958
LA-XA,200808,2,hier_nb,reference_r1,12.440606000000002,2.6026290000000003,200807,9.837977000000002
LA-XA,200809,3,hier_nb,reference_r1,10.544103000000009,0.971406,200807,9.572697000000009
LA-XA,200810,1,hier_nb,reference_r1,5.460675000000002,1.1663520000000005,200810,4.294323000000001
LA-XA,200811,2,hier_nb,reference_r1,2.645464999999998,0.6416649999999999,200810,2.0037999999999982
LA-XA,200812,3,hier_nb,reference_r1,0.9971009999999988,0.3588339999999999,200810,0.6382669999999989
LA-XA,200901,1,hier_nb,reference_r1,0.4851729999999996,0.104279,200901,0.38089399999999957
LA-XA,200902,2,hier_nb,reference_r1,0.2146049999999997,0.0563259999999999,200901,0.1582789999999998
LA-XA,200903,3,hier_nb,reference_r1,0.3412479999999993,0.2605229999999999,200901,0.08072499999999938
LA-XA,200904,1,hier_nb,reference_r1,0.7462710000000001,0.175697,200904,0.5705740000000001
LA-XA,200905,2,hier_nb,reference_r1,2.259563,0.6220919999999999,200904,1.6374710000000001
LA-XA,200906,3,hier_nb,reference_r1,7.744826000000003,7.581675000000001,200904,0.1631510000000027
LA-XA,200907,1,hier_nb,reference_r1,10.904861999999994,6.298244999999998,200907,4.606616999999996
LA-XA,200908,2,hier_nb,reference_r1,20.34660600000001,19.804357999999997,200907,0.5422480000000114
LA-XA,200909,3,hier_nb,reference_r1,9.654103000000006,5.479175999999999,200907,4.174927000000007
LA-XA,200910,1,hier_nb,reference_r1,5.490675000000003,2.731362999999999,200910,2.759312000000004
LA-XA,200911,2,hier_nb,reference_r1,3.1614649999999997,1.4814630000000002,200910,1.6800019999999996
LA-XA,200912,3,hier_nb,reference_r1,1.0211009999999998,0.9345340000000002,200910,0.08656699999999962
LA-XE,200801,1,hier_nb,reference_r1,0.004754,0.0142549999999999,200801,-0.009500999999999898
LA-XE,200802,2,hier_nb,reference_r1,0.004669,0.0074349999999999,200801,-0.0027659999999998996
LA-XE,200803,3,hier_nb,reference_r1,0.007233,0.00255,200801,0.004683
LA-XE,200804,1,hier_nb,reference_r1,0.0221159999999999,0.0176679999999999,200804,0.0044480000000000006
LA-XE,200805,2,hier_nb,reference_r1,0.0909019999999999,0.050599,200804,0.0403029999999999
LA-XE,200806,3,hier_nb,reference_r1,3.371357,4.0240469999999995,200804,-0.6526899999999993
LA-XE,200807,1,hier_nb,reference_r1,0.5613389999999998,0.879054,200807,-0.3177150000000002
LA-XE,200808,2,hier_nb,reference_r1,0.8368090000000001,1.0272229999999998,200807,-0.19041399999999964
LA-XE,200809,3,hier_nb,reference_r1,0.5848939999999998,0.700043,200807,-0.11514900000000017
LA-XE,200810,1,hier_nb,reference_r1,0.2625009999999999,0.3574149999999999,200810,-0.09491400000000005
LA-XE,200811,2,hier_nb,reference_r1,0.058418,0.149544,200810,-0.09112600000000001
LA-XE,200812,3,hier_nb,reference_r1,0.7884260000000001,0.602123,200810,0.1863030000000001
LA-XE,200901,1,hier_nb,reference_r1,0.004754,0.005993,200901,-0.0012389999999999997
LA-XE,200902,2,hier_nb,reference_r1,1.844669,1.875116,200901,-0.030447000000000113
LA-XE,200903,3,hier_nb,reference_r1,1.801233,1.735481,200901,0.06575200000000003
LA-XE,200904,1,hier_nb,reference_r1,0.742116,0.374669,200904,0.367447
LA-XE,200905,2,hier_nb,reference_r1,1.3329019999999998,0.6874899999999999,200904,0.6454119999999999
LA-XE,200906,3,hier_nb,reference_r1,7.041357,4.614046,200904,2.4273109999999996
LA-XE,200907,1,hier_nb,reference_r1,24.385339,25.000477,200907,-0.6151380000000017
LA-XE,200908,2,hier_nb,reference_r1,21.788809,21.51669,200907,0.272119
LA-XE,200909,3,hier_nb,reference_r1,3.4208939999999997,3.692307,200907,-0.27141300000000035
LA-XE,200910,1,hier_nb,reference_r1,5.094501,2.6279070000000004,200910,2.4665939999999997
LA-XE,200911,2,hier_nb,reference_r1,2.3344180000000003,10.046154,200910,-7.711735999999999
LA-XE,200912,3,hier_nb,reference_r1,6.558426,8.390300000000003,200910,-1.8318740000000036
LA-XI,200801,1,hier_nb,reference_r1,2.599999999999998e-05,4.0000000000000105e-05,200801,-1.4000000000000123e-05
LA-XI,200802,2,hier_nb,reference_r1,4.900000000000043e-05,0.0001449999999999,200801,-9.599999999989958e-05
LA-XI,200803,3,hier_nb,reference_r1,1.600000000000039e-05,0.0001729999999999,200801,-0.00015699999999989962
LA-XI,200804,1,hier_nb,reference_r1,1.600000000000039e-05,0.006261,200804,-0.006245
LA-XI,200805,2,hier_nb,reference_r1,0.000605,0.0057949999999999,200804,-0.0051899999999999
LA-XI,200806,3,hier_nb,reference_r1,0.909065,0.8290959999999999,200804,0.07996900000000007
LA-XI,200807,1,hier_nb,reference_r1,0.010813,0.120607,200807,-0.109794
LA-XI,200808,2,hier_nb,reference_r1,0.0191,0.130222,200807,-0.111122
LA-XI,200809,3,hier_nb,reference_r1,0.0091139999999999,0.125735,200807,-0.11662100000000011
LA-XI,200810,1,hier_nb,reference_r1,0.004324,0.0444809999999999,200810,-0.0401569999999999
LA-XI,200811,2,hier_nb,reference_r1,0.001242,0.008078,200810,-0.006836
LA-XI,200812,3,hier_nb,reference_r1,0.00016,0.0040509999999999,200810,-0.0038909999999999
LA-XI,200901,1,hier_nb,reference_r1,2.599999999999998e-05,0.0008429999999999,200901,-0.0008169999999999001
LA-XI,200902,2,hier_nb,reference_r1,4.900000000000043e-05,0.002593,200901,-0.0025439999999999994
LA-XI,200903,3,hier_nb,reference_r1,1.600000000000039e-05,0.0021329999999999,200901,-0.0021169999999998998
LA-XI,200904,1,hier_nb,reference_r1,1.600000000000039e-05,0.001167,200904,-0.0011509999999999997
LA-XI,200905,2,hier_nb,reference_r1,38.938605,38.825945,200904,0.11266000000000531
LA-XI,200906,3,hier_nb,reference_r1,32.801065,32.701921,200904,0.09914400000000256
LA-XI,200907,1,hier_nb,reference_r1,0.8368129999999999,0.6417440000000001,200907,0.19506899999999983
LA-XI,200908,2,hier_nb,reference_r1,9.4031,6.095662999999999,200907,3.307437000000001
LA-XI,200909,3,hier_nb,reference_r1,0.0091139999999999,0.449243,200907,-0.4401290000000001
LA-XI,200910,1,hier_nb,reference_r1,0.004324,13.417243,200910,-13.412918999999999
LA-XI,200911,2,hier_nb,reference_r1,0.001242,5.140719,200910,-5.139476999999999
LA-XI,200912,3,hier_nb,reference_r1,0.00016,2.510593,200910,-2.510433
LA-AT,200801,1,hier_nb,reference_r2,3.852295,2.928629,200801,0.9236659999999999
LA-AT,200802,2,hier_nb,reference_r2,1.872729,1.401092,200801,0.4716370000000001
LA-AT,200803,3,hier_nb,reference_r2,0.003139,0.0496329999999999,200801,-0.046493999999999897
LA-AT,200804,1,hier_nb,reference_r2,0.0073769999999999,0.3444579999999999,200804,-0.33708099999999996
LA-AT,200805,2,hier_nb,reference_r2,3.315728,1.7428210000000002,200804,1.5729069999999998
LA-AT,200806,3,hier_nb,reference_r2,8.204608,4.6951350000000005,200804,3.509473
LA-AT,200807,1,hier_nb,reference_r2,3.9921409999999993,2.6556119999999996,200807,1.3365289999999996
LA-AT,200808,2,hier_nb,reference_r2,7.210744000000001,3.3712859999999996,200807,3.8394580000000014
LA-AT,200809,3,hier_nb,reference_r2,19.460828,11.442573,200807,8.018255
LA-AT,200810,1,hier_nb,reference_r2,43.686879000000005,33.498092,200810,10.188787000000005
LA-AT,200811,2,hier_nb,reference_r2,41.74564,36.123188,200810,5.622452000000003
LA-AT,200812,3,hier_nb,reference_r2,22.625494,18.07027,200810,4.555223999999999
LA-AT,200901,1,hier_nb,reference_r2,17.832295,10.65643,200901,7.175864999999998
LA-AT,200902,2,hier_nb,reference_r2,45.780729,38.363582,200901,7.417147
LA-AT,200903,3,hier_nb,reference_r2,76.749139,57.055236,200901,19.693903
LA-AT,200904,1,hier_nb,reference_r2,98.593377,39.675348,200904,58.918029000000004
LA-AT,200905,2,hier_nb,reference_r2,0.0437279999999999,80.399293,200904,-80.355565
LA-AT,200906,3,hier_nb,reference_r2,21.418608,67.936035,200904,-46.517427000000005
LA-AT,200907,1,hier_nb,reference_r2,57.542141,92.35809899999998,200907,-34.81595799999998
LA-AT,200908,2,hier_nb,reference_r2,15.420744000000004,127.385937,200907,-111.965193
LA-AT,200909,3,hier_nb,reference_r2,13.232828,220.70869800000003,200907,-207.47587000000001
LA-AT,200910,1,hier_nb,reference_r2,2.8748790000000004,43.229641,200910,-40.354762
LA-AT,200911,2,hier_nb,reference_r2,14.97164,26.286204999999995,200910,-11.314564999999995
LA-AT,200912,3,hier_nb,reference_r2,5.665494,30.849897999999996,200910,-25.184403999999997
LA-BK,200801,1,hier_nb,reference_r2,0.8594799999999999,0.927395,200801,-0.06791500000000006
LA-BK,200802,2,hier_nb,reference_r2,0.004847,0.000226,200801,0.004621
LA-BK,200803,3,hier_nb,reference_r2,0.008638,0.000144,200801,0.008494
LA-BK,200804,1,hier_nb,reference_r2,0.0138739999999999,0.023452,200804,-0.0095780000000001
LA-BK,200805,2,hier_nb,reference_r2,11.262484,10.829865,200804,0.43261900000000075
LA-BK,200806,3,hier_nb,reference_r2,51.283126,51.595682,200804,-0.3125559999999936
LA-BK,200807,1,hier_nb,reference_r2,0.94426,16.744503999999996,200807,-15.800243999999996
LA-BK,200808,2,hier_nb,reference_r2,6.220988,27.458415,200807,-21.237426999999997
LA-BK,200809,3,hier_nb,reference_r2,30.382793999999997,72.13465500000004,200807,-41.75186100000004
LA-BK,200810,1,hier_nb,reference_r2,46.210056,35.756489000000016,200810,10.453566999999985
LA-BK,200811,2,hier_nb,reference_r2,54.211923000000006,42.891347,200810,11.320576000000003
LA-BK,200812,3,hier_nb,reference_r2,4.5607299999999995,1.800421,200810,2.7603089999999995
LA-BK,200901,1,hier_nb,reference_r2,0.8594799999999999,0.6068360000000002,200901,0.25264399999999976
LA-BK,200902,2,hier_nb,reference_r2,0.004847,0.134695,200901,-0.12984800000000002
LA-BK,200903,3,hier_nb,reference_r2,0.828638,0.6017790000000001,200901,0.22685899999999992
LA-BK,200904,1,hier_nb,reference_r2,2.711874,1.5414339999999995,200904,1.1704400000000004
LA-BK,200905,2,hier_nb,reference_r2,73.262484,43.408069,200904,29.854415000000003
LA-BK,200906,3,hier_nb,reference_r2,214.283126,137.407422,200904,76.87570400000001
LA-BK,200907,1,hier_nb,reference_r2,208.55826,92.507226,200907,116.05103399999999
LA-BK,200908,2,hier_nb,reference_r2,106.546988,32.99597700000001,200907,73.55101099999999
LA-BK,200909,3,hier_nb,reference_r2,49.358794,18.99017199999999,200907,30.368622000000013
LA-BK,200910,1,hier_nb,reference_r2,29.210056,27.34339,200910,1.8666660000000022
LA-BK,200911,2,hier_nb,reference_r2,4.257923000000001,16.292880999999998,200910,-12.034957999999996
LA-BK,200912,3,hier_nb,reference_r2,3.57673,6.839658,200910,-3.262928
LA-BL,200801,1,hier_nb,reference_r2,4.1524,5.391665,200801,-1.2392649999999996
LA-BL,200802,2,hier_nb,reference_r2,2.7733770000000004,6.224868000000001,200801,-3.4514910000000003
LA-BL,200803,3,hier_nb,reference_r2,1.2553139999999998,0.3808749999999999,200801,0.874439
LA-BL,200804,1,hier_nb,reference_r2,2.013312,2.7148280000000007,200804,-0.7015160000000007
LA-BL,200805,2,hier_nb,reference_r2,4.270068000000002,5.078048999999998,200804,-0.8079809999999963
LA-BL,200806,3,hier_nb,reference_r2,9.674526,7.067487,200804,2.6070390000000003
LA-BL,200807,1,hier_nb,reference_r2,13.881757,15.201246999999997,200807,-1.3194899999999965
LA-BL,200808,2,hier_nb,reference_r2,17.326299999999996,19.730641,200807,-2.4043410000000023
LA-BL,200809,3,hier_nb,reference_r2,12.893923999999998,19.180791999999997,200807,-6.286867999999998
LA-BL,200810,1,hier_nb,reference_r2,12.329103999999996,10.323242,200810,2.005861999999995
LA-BL,200811,2,hier_nb,reference_r2,4.374162,3.477680000000001,200810,0.8964819999999989
LA-BL,200812,3,hier_nb,reference_r2,3.260756,1.397914,200810,1.862842
LA-BL,200901,1,hier_nb,reference_r2,1.2584,1.1441279999999998,200901,0.11427200000000015
LA-BL,200902,2,hier_nb,reference_r2,1.0493770000000002,1.987191,200901,-0.9378139999999997
LA-BL,200903,3,hier_nb,reference_r2,1.6313140000000002,0.63069,200901,1.0006240000000002
LA-BL,200904,1,hier_nb,reference_r2,2.2893120000000007,0.7514970000000001,200904,1.5378150000000006
LA-BL,200905,2,hier_nb,reference_r2,7.768068,3.258182999999999,200904,4.5098850000000015
LA-BL,200906,3,hier_nb,reference_r2,14.392526000000004,3.392424,200904,11.000102000000004
LA-BL,200907,1,hier_nb,reference_r2,13.429756999999997,12.830798,200907,0.5989589999999971
LA-BL,200908,2,hier_nb,reference_r2,27.704300000000003,5.609251000000002,200907,22.095049000000003
LA-BL,200909,3,hier_nb,reference_r2,27.71392399999999,10.053275,200907,17.660648999999992
LA-BL,200910,1,hier_nb,reference_r2,15.075104,4.000995000000001,200910,11.074108999999998
LA-BL,200911,2,hier_nb,reference_r2,7.096162000000001,1.1830970000000005,200910,5.913065000000001
LA-BL,200912,3,hier_nb,reference_r2,3.260756,0.458296,200910,2.8024600000000004
LA-CH,200801,1,hier_nb,reference_r2,52.11167,29.955979000000003,200801,22.155690999999994
LA-CH,200802,2,hier_nb,reference_r2,70.760514,52.179616,200801,18.580897999999998
LA-CH,200803,3,hier_nb,reference_r2,70.459606,58.977613000000005,200801,11.481992999999989
LA-CH,200804,1,hier_nb,reference_r2,42.017055,24.140252000000004,200804,17.876802999999995
LA-CH,200805,2,hier_nb,reference_r2,60.23097600000001,36.281367,200804,23.94960900000001
LA-CH,200806,3,hier_nb,reference_r2,159.49683299999998,101.22216799999995,200804,58.27466500000003
LA-CH,200807,1,hier_nb,reference_r2,72.23987399999999,148.53130599999997,200807,-76.29143199999999
LA-CH,200808,2,hier_nb,reference_r2,63.29861199999999,114.438985,200807,-51.14037300000001
LA-CH,200809,3,hier_nb,reference_r2,82.09679400000005,105.11681499999996,200807,-23.020020999999915
LA-CH,200810,1,hier_nb,reference_r2,66.044815,37.850628,200810,28.194187
LA-CH,200811,2,hier_nb,reference_r2,52.304022,32.567764000000004,200810,19.736258
LA-CH,200812,3,hier_nb,reference_r2,41.597493,23.896124,200810,17.701369
LA-CH,200901,1,hier_nb,reference_r2,17.18767,16.599375000000002,200901,0.5882949999999987
LA-CH,200902,2,hier_nb,reference_r2,33.16651400000001,30.749699999999997,200901,2.4168140000000093
LA-CH,200903,3,hier_nb,reference_r2,41.977606,32.96564299999999,200901,9.011963000000009
LA-CH,200904,1,hier_nb,reference_r2,69.209055,33.860333,200904,35.34872200000001
LA-CH,200905,2,hier_nb,reference_r2,30.464975999999993,92.498695,200904,-62.033719000000005
LA-CH,200906,3,hier_nb,reference_r2,53.088832999999994,105.54970500000002,200904,-52.46087200000002
LA-CH,200907,1,hier_nb,reference_r2,57.10787400000004,119.320693,200907,-62.21281899999997
LA-CH,200908,2,hier_nb,reference_r2,54.75861199999997,86.85706400000001,200907,-32.09845200000004
LA-CH,200909,3,hier_nb,reference_r2,50.99879400000003,105.49080899999998,200907,-54.49201499999995
LA-CH,200910,1,hier_nb,reference_r2,28.40081499999999,23.717216000000008,200910,4.683598999999983
LA-CH,200911,2,hier_nb,reference_r2,15.442022000000009,34.389742,200910,-18.94771999999999
LA-CH,200912,3,hier_nb,reference_r2,14.465493000000002,24.04104600000001,200910,-9.575553000000006
LA-HO,200801,1,hier_nb,reference_r2,0.0004939999999999,0.002739,200801,-0.0022450000000001
LA-HO,200802,2,hier_nb,reference_r2,0.0005799999999999,0.000289,200801,0.00029099999999990006
LA-HO,200803,3,hier_nb,reference_r2,0.000493,0.0083209999999999,200801,-0.0078279999999999
LA-HO,200804,1,hier_nb,reference_r2,0.002172,0.046465,200804,-0.044293
LA-HO,200805,2,hier_nb,reference_r2,0.0078969999999999,0.0313019999999999,200804,-0.023405
LA-HO,200806,3,hier_nb,reference_r2,0.0461269999999999,0.0535599999999999,200804,-0.007433000000000002
LA-HO,200807,1,hier_nb,reference_r2,0.135984,0.022286,200807,0.113698
LA-HO,200808,2,hier_nb,reference_r2,0.155592,0.0371549999999999,200807,0.1184370000000001
LA-HO,200809,3,hier_nb,reference_r2,0.667046,0.685606,200807,-0.01856000000000002
LA-HO,200810,1,hier_nb,reference_r2,0.040277,0.039385,200810,0.000891999999999997
LA-HO,200811,2,hier_nb,reference_r2,0.0072349999999999,0.0052199999999999,200810,0.0020150000000000003
LA-HO,200812,3,hier_nb,reference_r2,0.93909,0.919687,200810,0.019402999999999948
LA-HO,200901,1,hier_nb,reference_r2,0.0004939999999999,0.0281009999999999,200901,-0.027607
LA-HO,200902,2,hier_nb,reference_r2,0.0005799999999999,0.032762,200901,-0.0321820000000001
LA-HO,200903,3,hier_nb,reference_r2,0.000493,0.0323149999999999,200901,-0.0318219999999999
LA-HO,200904,1,hier_nb,reference_r2,0.002172,0.004734,200904,-0.0025620000000000005
LA-HO,200905,2,hier_nb,reference_r2,0.0078969999999999,0.021538,200904,-0.013641000000000101
LA-HO,200906,3,hier_nb,reference_r2,0.0461269999999999,0.0608039999999999,200904,-0.014677000000000003
LA-HO,200907,1,hier_nb,reference_r2,0.135984,0.034608,200907,0.101376
LA-HO,200908,2,hier_nb,reference_r2,0.155592,0.062512,200907,0.09308000000000001
LA-HO,200909,3,hier_nb,reference_r2,0.667046,0.670966,200907,-0.0039199999999999235
LA-HO,200910,1,hier_nb,reference_r2,0.7122769999999999,0.644655,200910,0.06762199999999996
LA-HO,200911,2,hier_nb,reference_r2,0.8612349999999999,0.8539239999999999,200910,0.007310999999999956
LA-HO,200912,3,hier_nb,reference_r2,0.93909,0.919745,200910,0.019344999999999946
LA-KH,200801,1,hier_nb,reference_r2,0.308672,0.6452899999999999,200801,-0.3366179999999999
LA-KH,200802,2,hier_nb,reference_r2,0.2349590000000001,0.047261,200801,0.18769800000000011
LA-KH,200803,3,hier_nb,reference_r2,0.2663449999999998,0.068583,200801,0.19776199999999977
LA-KH,200804,1,hier_nb,reference_r2,0.6699510000000002,0.218078,200804,0.4518730000000002
LA-KH,200805,2,hier_nb,reference_r2,2.057202,0.3591329999999999,200804,1.6980690000000003
LA-KH,200806,3,hier_nb,reference_r2,6.615096999999995,0.6976259999999996,200804,5.9174709999999955
LA-KH,200807,1,hier_nb,reference_r2,11.611262000000004,1.556833,200807,10.054429000000004
LA-KH,200808,2,hier_nb,reference_r2,14.109209999999996,0.4118459999999999,200807,13.697363999999995
LA-KH,200809,3,hier_nb,reference_r2,9.923877000000005,2.108936,200807,7.814941000000005
LA-KH,200810,1,hier_nb,reference_r2,5.143772000000002,0.468545,200810,4.675227000000002
LA-KH,200811,2,hier_nb,reference_r2,2.5146890000000006,1.614723,200810,0.8999660000000007
LA-KH,200812,3,hier_nb,reference_r2,2.331689,3.413875,200810,-1.082186
LA-KH,200901,1,hier_nb,reference_r2,0.308672,0.0891629999999999,200901,0.21950900000000012
LA-KH,200902,2,hier_nb,reference_r2,0.2349590000000001,0.022823,200901,0.2121360000000001
LA-KH,200903,3,hier_nb,reference_r2,4.104345,4.541534,200901,-0.43718900000000005
LA-KH,200904,1,hier_nb,reference_r2,0.6699510000000002,0.6448120000000002,200904,0.025139000000000022
LA-KH,200905,2,hier_nb,reference_r2,3.1992019999999997,1.942221,200904,1.2569809999999997
LA-KH,200906,3,hier_nb,reference_r2,47.325097,57.09463,200904,-9.769533000000003
LA-KH,200907,1,hier_nb,reference_r2,94.071262,92.154114,200907,1.9171479999999974
LA-KH,200908,2,hier_nb,reference_r2,217.28321,229.045745,200907,-11.762535000000014
LA-KH,200909,3,hier_nb,reference_r2,207.657877,206.002728,200907,1.6551490000000229
LA-KH,200910,1,hier_nb,reference_r2,54.963772,23.814277999999995,200910,31.149494000000004
LA-KH,200911,2,hier_nb,reference_r2,44.662689,18.957885000000005,200910,25.704803999999996
LA-KH,200912,3,hier_nb,reference_r2,57.227689,39.334837,200910,17.892851999999998
LA-LM,200801,1,hier_nb,reference_r2,0.00034,0.000289,200801,5.100000000000005e-05
LA-LM,200802,2,hier_nb,reference_r2,0.0001239999999999,3.600000000000044e-05,200801,8.799999999989955e-05
LA-LM,200803,3,hier_nb,reference_r2,0.0004369999999999,1.600000000000039e-05,200801,0.0004209999999998996
LA-LM,200804,1,hier_nb,reference_r2,0.001099,0.002659,200804,-0.00156
LA-LM,200805,2,hier_nb,reference_r2,0.0038709999999999,0.0139449999999999,200804,-0.010074
LA-LM,200806,3,hier_nb,reference_r2,0.01647,0.0128269999999999,200804,0.0036430000000000993
LA-LM,200807,1,hier_nb,reference_r2,0.0779480000000001,0.0509919999999999,200807,0.026956000000000202
LA-LM,200808,2,hier_nb,reference_r2,0.0816029999999998,0.0409169999999999,200807,0.0406859999999999
LA-LM,200809,3,hier_nb,reference_r2,0.071944,0.057452,200807,0.014491999999999991
LA-LM,200810,1,hier_nb,reference_r2,0.0226989999999999,0.0114839999999999,200810,0.011215
LA-LM,200811,2,hier_nb,reference_r2,0.001934,0.002451,200810,-0.0005170000000000001
LA-LM,200812,3,hier_nb,reference_r2,0.000683,0.0013,200810,-0.0006169999999999999
LA-LM,200901,1,hier_nb,reference_r2,0.00034,0.0003149999999999,200901,2.500000000010003e-05
LA-LM,200902,2,hier_nb,reference_r2,0.0001239999999999,0.000199,200901,-7.500000000010002e-05
LA-LM,200903,3,hier_nb,reference_r2,0.0004369999999999,0.0009109999999999,200901,-0.000474
LA-LM,200904,1,hier_nb,reference_r2,0.939099,0.906372,200904,0.03272700000000006
LA-LM,200905,2,hier_nb,reference_r2,0.0038709999999999,0.0157439999999999,200904,-0.011873
LA-LM,200906,3,hier_nb,reference_r2,1.7104700000000002,1.535683,200904,0.17478700000000025
LA-LM,200907,1,hier_nb,reference_r2,0.7659479999999999,0.5025380000000002,200907,0.2634099999999997
LA-LM,200908,2,hier_nb,reference_r2,0.0816029999999998,0.925862,200907,-0.8442590000000002
LA-LM,200909,3,hier_nb,reference_r2,3.259944,1.650281,200907,1.6096629999999998
LA-LM,200910,1,hier_nb,reference_r2,4.4646989999999995,2.541375,200910,1.9233239999999996
LA-LM,200911,2,hier_nb,reference_r2,5.835934,4.567712,200910,1.2682219999999997
LA-LM,200912,3,hier_nb,reference_r2,3.914683,3.37665,200910,0.538033
LA-LP,200801,1,hier_nb,reference_r2,0.6530069999999999,0.7676219999999998,200801,-0.11461499999999991
LA-LP,200802,2,hier_nb,reference_r2,12.765316,14.646169,200801,-1.880853
LA-LP,200803,3,hier_nb,reference_r2,17.969742999999998,20.539094,200801,-2.569351000000001
LA-LP,200804,1,hier_nb,reference_r2,26.444973,12.29258,200804,14.152393000000002
LA-LP,200805,2,hier_nb,reference_r2,98.607173,58.957914,200804,39.649259
LA-LP,200806,3,hier_nb,reference_r2,119.656405,68.79073,200804,50.86567500000001
LA-LP,200807,1,hier_nb,reference_r2,8.508422000000003,128.252847,200807,-119.744425
LA-LP,200808,2,hier_nb,reference_r2,10.557909000000002,114.462694,200807,-103.904785
LA-LP,200809,3,hier_nb,reference_r2,6.924254999999999,105.741453,200807,-98.817198
LA-LP,200810,1,hier_nb,reference_r2,13.177208999999998,27.997424999999993,200810,-14.820215999999995
LA-LP,200811,2,hier_nb,reference_r2,95.679716,55.901011999999994,200810,39.778704000000005
LA-LP,200812,3,hier_nb,reference_r2,151.17978399999998,127.826415,200810,23.353368999999986
LA-LP,200901,1,hier_nb,reference_r2,0.6530069999999999,3.5663669999999996,200901,-2.91336
LA-LP,200902,2,hier_nb,reference_r2,0.451316,1.9755459999999996,200901,-1.5242299999999995
LA-LP,200903,3,hier_nb,reference_r2,0.637743,5.422833000000001,200901,-4.78509
LA-LP,200904,1,hier_nb,reference_r2,1.0569730000000002,15.383231,200904,-14.326258
LA-LP,200905,2,hier_nb,reference_r2,3.337173,40.457076,200904,-37.119903
LA-LP,200906,3,hier_nb,reference_r2,5.198405000000001,86.365035,200904,-81.16663
LA-LP,200907,1,hier_nb,reference_r2,9.760421999999998,21.088366,200907,-11.327944000000002
LA-LP,200908,2,hier_nb,reference_r2,10.885908999999998,22.2687,200907,-11.382791000000001
LA-LP,200909,3,hier_nb,reference_r2,254.548255,303.243496,200907,-48.69524099999998
LA-LP,200910,1,hier_nb,reference_r2,128.35120899999998,99.050337,200910,29.300871999999984
LA-LP,200911,2,hier_nb,reference_r2,67.325716,56.973628,200910,10.352088000000002
LA-LP,200912,3,hier_nb,reference_r2,1.5517839999999996,2.8290689999999996,200910,-1.277285
LA-OU,200801,1,hier_nb,reference_r2,0.0013689999999999,0.000362,200801,0.0010069999999999
LA-OU,200802,2,hier_nb,reference_r2,0.001238,6.399999999999982e-05,200801,0.0011740000000000001
LA-OU,200803,3,hier_nb,reference_r2,0.0009859999999999,6.399999999999982e-05,200801,0.0009219999999999001
LA-OU,200804,1,hier_nb,reference_r2,0.00491,0.004588,200804,0.00032200000000000024
LA-OU,200805,2,hier_nb,reference_r2,0.0091069999999999,0.0127489999999999,200804,-0.0036419999999999994
LA-OU,200806,3,hier_nb,reference_r2,0.040045,0.0228589999999999,200804,0.017186000000000097
LA-OU,200807,1,hier_nb,reference_r2,0.087336,0.098934,200807,-0.011597999999999997
LA-OU,200808,2,hier_nb,reference_r2,0.145505,0.065933,200807,0.07957199999999999
LA-OU,200809,3,hier_nb,reference_r2,0.0607119999999999,0.055215,200807,0.005496999999999898
LA-OU,200810,1,hier_nb,reference_r2,0.0367759999999999,0.0134799999999999,200810,0.023295999999999997
LA-OU,200811,2,hier_nb,reference_r2,0.0076559999999999,0.001972,200810,0.0056839999999999
LA-OU,200812,3,hier_nb,reference_r2,0.0022249999999999,0.001033,200810,0.0011919999999998997
LA-OU,200901,1,hier_nb,reference_r2,0.0013689999999999,0.0007129999999999,200901,0.000656
LA-OU,200902,2,hier_nb,reference_r2,0.001238,0.0003659999999999,200901,0.0008720000000000999
LA-OU,200903,3,hier_nb,reference_r2,0.0009859999999999,0.001426,200901,-0.00044000000000010003
LA-OU,200904,1,hier_nb,reference_r2,0.00491,0.002909,200904,0.002001
LA-OU,200905,2,hier_nb,reference_r2,0.0091069999999999,0.0197549999999999,200904,-0.010648000000000001
LA-OU,200906,3,hier_nb,reference_r2,0.040045,0.0563199999999999,200904,-0.0162749999999999
LA-OU,200907,1,hier_nb,reference_r2,0.087336,0.0951739999999999,200907,-0.0078379999999999
LA-OU,200908,2,hier_nb,reference_r2,0.555505,0.55952,200907,-0.004014999999999991
LA-OU,200909,3,hier_nb,reference_r2,14.204712,13.899945,200907,0.304767
LA-OU,200910,1,hier_nb,reference_r2,5.418775999999999,2.997603,200910,2.4211729999999996
LA-OU,200911,2,hier_nb,reference_r2,12.771656,11.101363,200910,1.670293000000001
LA-OU,200912,3,hier_nb,reference_r2,17.884225,17.159018,200910,0.725207000000001
LA-PH,200901,1,hier_nb,reference_r2,2.9999999999999645e-06,0.0084169999999999,200901,-0.0084139999999999
LA-PH,200902,2,hier_nb,reference_r2,4.000000000000097e-06,0.0101259999999999,200901,-0.0101219999999999
LA-PH,200903,3,hier_nb,reference_r2,0.0,0.010187,200901,-0.010187
LA-PH,200904,1,hier_nb,reference_r2,2.499999999999985e-05,0.00356,200904,-0.003535
LA-PH,200905,2,hier_nb,reference_r2,8.699999999999854e-05,0.014099,200904,-0.014012000000000002
LA-PH,200906,3,hier_nb,reference_r2,0.0006169999999999,0.03115,200904,-0.0305330000000001
LA-PH,200907,1,hier_nb,reference_r2,0.0047619999999999,0.0224499999999999,200907,-0.017688000000000002
LA-PH,200909,3,hier_nb,reference_r2,0.002174,0.028877,200907,-0.026703
LA-PH,200910,1,hier_nb,reference_r2,0.000781,0.009372,200910,-0.008591
LA-PH,200911,2,hier_nb,reference_r2,0.0001999999999999,0.001949,200910,-0.0017490000000001
LA-PH,200912,3,hier_nb,reference_r2,1.600000000000039e-05,0.000365,200910,-0.0003489999999999996
LA-SL,200801,1,hier_nb,reference_r2,0.0243319999999999,0.7655680000000002,200801,-0.7412360000000003
LA-SL,200802,2,hier_nb,reference_r2,0.798645,0.397512,200801,0.4011330000000001
LA-SL,200803,3,hier_nb,reference_r2,4.527996,4.027171,200801,0.5008249999999999
LA-SL,200804,1,hier_nb,reference_r2,1.439706,0.8722780000000001,200804,0.5674279999999998
LA-SL,200805,2,hier_nb,reference_r2,101.235342,91.708333,200804,9.527009000000007
LA-SL,200806,3,hier_nb,reference_r2,216.052671,193.86293,200804,22.189740999999998
LA-SL,200807,1,hier_nb,reference_r2,65.553186,54.100348,200807,11.452838
LA-SL,200808,2,hier_nb,reference_r2,49.959033,53.10368699999998,200807,-3.1446539999999814
LA-SL,200809,3,hier_nb,reference_r2,74.00678500000001,47.009596000000016,200807,26.99718899999999
LA-SL,200810,1,hier_nb,reference_r2,83.479382,29.646721,200810,53.832661
LA-SL,200811,2,hier_nb,reference_r2,18.747512,12.347105,200810,6.4004069999999995
LA-SL,200812,3,hier_nb,reference_r2,7.154208000000001,7.473072999999999,200810,-0.31886499999999884
LA-SL,200901,1,hier_nb,reference_r2,0.7463319999999999,1.342734,200901,-0.5964020000000002
LA-SL,200902,2,hier_nb,reference_r2,23.464644999999997,19.620244999999997,200901,3.8444000000000003
LA-SL,200903,3,hier_nb,reference_r2,24.461996,15.203423000000004,200901,9.258572999999995
LA-SL,200904,1,hier_nb,reference_r2,17.805706,6.174648000000001,200904,11.631058
LA-SL,200905,2,hier_nb,reference_r2,118.133342,37.65597,200904,80.477372
LA-SL,200906,3,hier_nb,reference_r2,35.920671,37.751221,200904,-1.8305500000000023
LA-SL,200907,1,hier_nb,reference_r2,148.225186,53.256393,200907,94.968793
LA-SL,200908,2,hier_nb,reference_r2,110.197033,49.709179000000006,200907,60.487854
LA-SL,200909,3,hier_nb,reference_r2,79.746785,43.662611,200907,36.084174000000004
LA-SL,200910,1,hier_nb,reference_r2,86.401382,31.550527999999993,200910,54.850854000000005
LA-SL,200911,2,hier_nb,reference_r2,41.189512,15.346326999999995,200910,25.843185000000005
LA-SL,200912,3,hier_nb,reference_r2,15.918208,9.386648,200910,6.531560000000001
LA-SV,200801,1,hier_nb,reference_r2,2.2555700000000023,4.597137999999999,200801,-2.341567999999997
LA-SV,200802,2,hier_nb,reference_r2,1.268528,0.7757969999999998,200801,0.49273100000000025
LA-SV,200803,3,hier_nb,reference_r2,1.655384999999999,0.3972340000000001,200801,1.258150999999999
LA-SV,200804,1,hier_nb,reference_r2,4.448038,1.101817,200804,3.3462210000000003
LA-SV,200805,2,hier_nb,reference_r2,11.943648999999994,1.520854,200804,10.422794999999994
LA-SV,200806,3,hier_nb,reference_r2,24.714742,4.064920999999998,200804,20.649821000000003
LA-SV,200807,1,hier_nb,reference_r2,42.85648500000002,4.841012000000001,200807,38.01547300000002
LA-SV,200808,2,hier_nb,reference_r2,55.694196999999974,5.771088000000001,200807,49.923108999999975
LA-SV,200809,3,hier_nb,reference_r2,38.412128,6.861234999999999,200807,31.550893000000002
LA-SV,200810,1,hier_nb,reference_r2,20.405147999999997,3.2709789999999996,200810,17.134168999999996
LA-SV,200811,2,hier_nb,reference_r2,11.396930999999997,0.7204250000000001,200810,10.676505999999996
LA-SV,200812,3,hier_nb,reference_r2,5.524751999999999,0.5013620000000001,200810,5.023389999999999
LA-SV,200901,1,hier_nb,reference_r2,2.6355700000000013,0.110118,200901,2.5254520000000014
LA-SV,200902,2,hier_nb,reference_r2,1.4345280000000002,0.0124249999999999,200901,1.4221030000000003
LA-SV,200903,3,hier_nb,reference_r2,1.929385,0.151513,200901,1.777872
LA-SV,200904,1,hier_nb,reference_r2,4.448038,0.166062,200904,4.281976
LA-SV,200905,2,hier_nb,reference_r2,12.655648999999997,1.12152,200904,11.534128999999997
LA-SV,200906,3,hier_nb,reference_r2,29.030742000000004,1.4587319999999997,200904,27.572010000000002
LA-SV,200907,1,hier_nb,reference_r2,42.042485,9.635873,200907,32.406611999999996
LA-SV,200908,2,hier_nb,reference_r2,44.54619700000001,30.604708,200907,13.941489000000008
LA-SV,200909,3,hier_nb,reference_r2,29.860128000000003,44.466122,200907,-14.605993999999995
LA-SV,200910,1,hier_nb,reference_r2,19.509147999999986,5.462085,200910,14.047062999999985
LA-SV,200911,2,hier_nb,reference_r2,15.364931,23.25442,200910,-7.889488999999999
LA-SV,200912,3,hier_nb,reference_r2,4.5987519999999975,1.403238,200910,3.1955139999999975
LA-VT,200801,1,hier_nb,reference_r2,7.945031,11.305470999999995,200801,-3.360439999999995
LA-VT,200802,2,hier_nb,reference_r2,6.798296000000001,5.005380000000001,200801,1.792916
LA-VT,200803,3,hier_nb,reference_r2,6.365330999999998,18.610004,200801,-12.244673000000002
LA-VT,200804,1,hier_nb,reference_r2,24.432004999999997,16.892838999999995,200804,7.539166000000002
LA-VT,200805,2,hier_nb,reference_r2,52.867109,23.078660999999997,200804,29.788448000000002
LA-VT,200806,3,hier_nb,reference_r2,93.201893,82.29320399999997,200804,10.908689000000024
LA-VT,200807,1,hier_nb,reference_r2,125.766226,86.19092900000001,200807,39.57529699999999
LA-VT,200808,2,hier_nb,reference_r2,127.636501,69.11357799999999,200807,58.522923000000006
LA-VT,200809,3,hier_nb,reference_r2,92.64132,66.75914099999997,200807,25.882179000000022
LA-VT,200810,1,hier_nb,reference_r2,58.17777100000001,26.581567000000007,200810,31.596204
LA-VT,200811,2,hier_nb,reference_r2,31.637276999999997,72.062074,200810,-40.424797
LA-VT,200812,3,hier_nb,reference_r2,24.182371000000003,57.52909699999999,200810,-33.34672599999999
LA-VT,200901,1,hier_nb,reference_r2,9.009031,23.229963,200901,-14.220932000000001
LA-VT,200902,2,hier_nb,reference_r2,5.436296000000002,14.489264,200901,-9.052967999999998
LA-VT,200903,3,hier_nb,reference_r2,6.207331,10.106155,200901,-3.8988239999999994
LA-VT,200904,1,hier_nb,reference_r2,10.904004999999998,12.032833999999994,200904,-1.128828999999996
LA-VT,200905,2,hier_nb,reference_r2,31.787109,96.384872,200904,-64.597763
LA-VT,200906,3,hier_nb,reference_r2,70.48989300000002,181.60789700000004,200904,-111.11800400000001
LA-VT,200907,1,hier_nb,reference_r2,86.518226,118.01474000000002,200907,-31.49651400000002
LA-VT,200908,2,hier_nb,reference_r2,90.632501,112.191438,200907,-21.558937
LA-VT,200909,3,hier_nb,reference_r2,116.24532,130.284516,200907,-14.03919599999999
LA-VT,200910,1,hier_nb,reference_r2,221.87177099999997,237.698121,200910,-15.82635000000002
LA-VT,200911,2,hier_nb,reference_r2,316.611277,337.72783599999997,200910,-21.116558999999995
LA-VT,200912,3,hier_nb,reference_r2,255.546371,255.674107,200910,-0.12773599999999874
LA-XA,200801,1,hier_nb,reference_r2,0.4851729999999996,1.019332,200801,-0.5341590000000003
LA-XA,200802,2,hier_nb,reference_r2,0.2146049999999997,0.2567579999999999,200801,-0.04215300000000016
LA-XA,200803,3,hier_nb,reference_r2,0.3412479999999993,0.166478,200801,0.1747699999999993
LA-XA,200804,1,hier_nb,reference_r2,0.7462710000000001,0.053503,200804,0.6927680000000002
LA-XA,200805,2,hier_nb,reference_r2,2.291563,1.183978,200804,1.107585
LA-XA,200806,3,hier_nb,reference_r2,5.970826000000002,4.220312,200804,1.7505140000000026
LA-XA,200807,1,hier_nb,reference_r2,12.482861999999995,10.346223,200807,2.1366389999999953
LA-XA,200808,2,hier_nb,reference_r2,12.440606000000002,2.4381650000000006,200807,10.002441000000001
LA-XA,200809,3,hier_nb,reference_r2,10.544103000000009,1.1194450000000002,200807,9.424658000000008
LA-XA,200810,1,hier_nb,reference_r2,5.460675000000002,1.186982,200810,4.2736930000000015
LA-XA,200811,2,hier_nb,reference_r2,2.645464999999998,0.6751020000000001,200810,1.9703629999999979
LA-XA,200812,3,hier_nb,reference_r2,0.9971009999999988,0.3714,200810,0.6257009999999987
LA-XA,200901,1,hier_nb,reference_r2,0.4851729999999996,0.0976139999999999,200901,0.38755899999999965
LA-XA,200902,2,hier_nb,reference_r2,0.2146049999999997,0.031979,200901,0.1826259999999997
LA-XA,200903,3,hier_nb,reference_r2,0.3412479999999993,0.1861589999999999,200901,0.15508899999999937
LA-XA,200904,1,hier_nb,reference_r2,0.7462710000000001,0.237272,200904,0.5089990000000001
LA-XA,200905,2,hier_nb,reference_r2,2.259563,0.6916500000000001,200904,1.567913
LA-XA,200906,3,hier_nb,reference_r2,7.744826000000003,7.429931,200904,0.3148950000000035
LA-XA,200907,1,hier_nb,reference_r2,10.904861999999994,3.8747409999999993,200907,7.030120999999995
LA-XA,200908,2,hier_nb,reference_r2,20.34660600000001,25.121948,200907,-4.775341999999991
LA-XA,200909,3,hier_nb,reference_r2,9.654103000000006,4.245054,200907,5.409049000000007
LA-XA,200910,1,hier_nb,reference_r2,5.490675000000003,2.901592,200910,2.589083000000003
LA-XA,200911,2,hier_nb,reference_r2,3.1614649999999997,1.475318,200910,1.6861469999999998
LA-XA,200912,3,hier_nb,reference_r2,1.0211009999999998,0.891775,200910,0.12932599999999983
LA-XE,200801,1,hier_nb,reference_r2,0.004754,0.024119,200801,-0.019365
LA-XE,200802,2,hier_nb,reference_r2,0.004669,0.0103059999999999,200801,-0.0056369999999999
LA-XE,200803,3,hier_nb,reference_r2,0.007233,0.005592,200801,0.001641
LA-XE,200804,1,hier_nb,reference_r2,0.0221159999999999,0.0173009999999999,200804,0.004815
LA-XE,200805,2,hier_nb,reference_r2,0.0909019999999999,0.061064,200804,0.0298379999999999
LA-XE,200806,3,hier_nb,reference_r2,3.371357,4.017822000000001,200804,-0.6464650000000005
LA-XE,200807,1,hier_nb,reference_r2,0.5613389999999998,0.761822,200807,-0.2004830000000002
LA-XE,200808,2,hier_nb,reference_r2,0.8368090000000001,1.0433499999999998,200807,-0.20654099999999964
LA-XE,200809,3,hier_nb,reference_r2,0.5848939999999998,0.677079,200807,-0.09218500000000018
LA-XE,200810,1,hier_nb,reference_r2,0.2625009999999999,0.3914069999999999,200810,-0.12890600000000002
LA-XE,200811,2,hier_nb,reference_r2,0.058418,0.1153369999999999,200810,-0.0569189999999999
LA-XE,200812,3,hier_nb,reference_r2,0.7884260000000001,0.5776939999999999,200810,0.21073200000000014
LA-XE,200901,1,hier_nb,reference_r2,0.004754,0.0089319999999999,200901,-0.0041779999999999
LA-XE,200902,2,hier_nb,reference_r2,1.844669,1.799052,200901,0.0456169999999998
LA-XE,200903,3,hier_nb,reference_r2,1.801233,1.659708,200901,0.14152500000000012
LA-XE,200904,1,hier_nb,reference_r2,0.742116,0.402596,200904,0.33952
LA-XE,200905,2,hier_nb,reference_r2,1.3329019999999998,0.6838299999999999,200904,0.6490719999999999
LA-XE,200906,3,hier_nb,reference_r2,7.041357,4.580768,200904,2.4605889999999997
LA-XE,200907,1,hier_nb,reference_r2,24.385339,16.484172,200907,7.901166999999997
LA-XE,200908,2,hier_nb,reference_r2,21.788809,13.072779,200907,8.71603
LA-XE,200909,3,hier_nb,reference_r2,3.4208939999999997,2.113378,200907,1.3075159999999997
LA-XE,200910,1,hier_nb,reference_r2,5.094501,2.510928,200910,2.5835730000000003
LA-XE,200911,2,hier_nb,reference_r2,2.3344180000000003,10.726127000000002,200910,-8.391709000000002
LA-XE,200912,3,hier_nb,reference_r2,6.558426,9.150109,200910,-2.5916830000000006
LA-XI,200801,1,hier_nb,reference_r2,2.599999999999998e-05,0.0006929999999999,200801,-0.0006669999999999
LA-XI,200802,2,hier_nb,reference_r2,4.900000000000043e-05,0.0002559999999999,200801,-0.0002069999999998996
LA-XI,200803,3,hier_nb,reference_r2,1.600000000000039e-05,0.00016,200801,-0.00014399999999999962
LA-XI,200804,1,hier_nb,reference_r2,1.600000000000039e-05,0.003657,200804,-0.0036409999999999997
LA-XI,200805,2,hier_nb,reference_r2,0.000605,0.0051179999999999,200804,-0.004512999999999901
LA-XI,200806,3,hier_nb,reference_r2,0.909065,0.807601,200804,0.101464
LA-XI,200807,1,hier_nb,reference_r2,0.010813,0.1284609999999999,200807,-0.1176479999999999
LA-XI,200808,2,hier_nb,reference_r2,0.0191,0.130287,200807,-0.11118699999999998
LA-XI,200809,3,hier_nb,reference_r2,0.0091139999999999,0.115045,200807,-0.1059310000000001
LA-XI,200810,1,hier_nb,reference_r2,0.004324,0.050385,200810,-0.046061
LA-XI,200811,2,hier_nb,reference_r2,0.001242,0.0139529999999999,200810,-0.0127109999999999
LA-XI,200812,3,hier_nb,reference_r2,0.00016,0.004458,200810,-0.004298
LA-XI,200901,1,hier_nb,reference_r2,2.599999999999998e-05,0.003442,200901,-0.003416
LA-XI,200902,2,hier_nb,reference_r2,4.900000000000043e-05,0.004141,200901,-0.004091999999999999
LA-XI,200903,3,hier_nb,reference_r2,1.600000000000039e-05,0.0047289999999999,200901,-0.0047129999999998996
LA-XI,200904,1,hier_nb,reference_r2,1.600000000000039e-05,0.000739,200904,-0.0007229999999999996
LA-XI,200905,2,hier_nb,reference_r2,38.938605,38.828176,200904,0.11042900000000344
LA-XI,200906,3,hier_nb,reference_r2,32.801065,32.591249000000005,200904,0.20981599999999645
LA-XI,200907,1,hier_nb,reference_r2,0.8368129999999999,13.564102000000002,200907,-12.727289000000003
LA-XI,200908,2,hier_nb,reference_r2,9.4031,13.137026,200907,-3.7339260000000003
LA-XI,200909,3,hier_nb,reference_r2,0.0091139999999999,16.007124,200907,-15.99801
LA-XI,200910,1,hier_nb,reference_r2,0.004324,12.412646000000002,200910,-12.408322000000002
LA-XI,200911,2,hier_nb,reference_r2,0.001242,4.905581000000001,200910,-4.904339
LA-XI,200912,3,hier_nb,reference_r2,0.00016,2.4942030000000006,200910,-2.4940430000000005
LA-AT,200801,1,hier_nb,reference_r3,3.852295,2.986486,200801,0.8658089999999996
LA-AT,200802,2,hier_nb,reference_r3,1.872729,1.320426,200801,0.552303
LA-AT,200803,3,hier_nb,reference_r3,0.003139,0.047916,200801,-0.044777
LA-AT,200804,1,hier_nb,reference_r3,0.0073769999999999,0.587351,200804,-0.5799740000000001
LA-AT,200805,2,hier_nb,reference_r3,3.315728,2.042765,200804,1.2729629999999998
LA-AT,200806,3,hier_nb,reference_r3,8.204608,5.132581,200804,3.0720270000000003
LA-AT,200807,1,hier_nb,reference_r3,3.9921409999999993,2.367839,200807,1.6243019999999992
LA-AT,200808,2,hier_nb,reference_r3,7.210744000000001,3.491180000000001,200807,3.719564
LA-AT,200809,3,hier_nb,reference_r3,19.460828,11.785665000000002,200807,7.675162999999998
LA-AT,200810,1,hier_nb,reference_r3,43.686879000000005,33.047584,200810,10.639295000000004
LA-AT,200811,2,hier_nb,reference_r3,41.74564,36.070530000000005,200810,5.6751099999999965
LA-AT,200812,3,hier_nb,reference_r3,22.625494,18.082013,200810,4.543481
LA-AT,200901,1,hier_nb,reference_r3,17.832295,7.1003430000000005,200901,10.731951999999998
LA-AT,200902,2,hier_nb,reference_r3,45.780729,35.99777,200901,9.782958999999998
LA-AT,200903,3,hier_nb,reference_r3,76.749139,55.562048,200901,21.187091000000002
LA-AT,200904,1,hier_nb,reference_r3,98.593377,33.314725,200904,65.278652
LA-AT,200905,2,hier_nb,reference_r3,0.0437279999999999,96.524628,200904,-96.4809
LA-AT,200906,3,hier_nb,reference_r3,21.418608,74.752521,200904,-53.333913
LA-AT,200907,1,hier_nb,reference_r3,57.542141,101.87320400000002,200907,-44.331063000000015
LA-AT,200908,2,hier_nb,reference_r3,15.420744000000004,103.86403,200907,-88.443286
LA-AT,200909,3,hier_nb,reference_r3,13.232828,220.88343399999997,200907,-207.65060599999995
LA-AT,200910,1,hier_nb,reference_r3,2.8748790000000004,41.25112100000001,200910,-38.37624200000001
LA-AT,200911,2,hier_nb,reference_r3,14.97164,27.755314999999996,200910,-12.783674999999995
LA-AT,200912,3,hier_nb,reference_r3,5.665494,32.39929599999999,200910,-26.733801999999994
LA-BK,200801,1,hier_nb,reference_r3,0.8594799999999999,0.940917,200801,-0.08143700000000009
LA-BK,200802,2,hier_nb,reference_r3,0.004847,0.0001449999999999,200801,0.004702000000000099
LA-BK,200803,3,hier_nb,reference_r3,0.008638,1.600000000000039e-05,200801,0.008622
LA-BK,200804,1,hier_nb,reference_r3,0.0138739999999999,0.1255239999999999,200804,-0.11165000000000001
LA-BK,200805,2,hier_nb,reference_r3,11.262484,8.722021999999999,200804,2.5404620000000016
LA-BK,200806,3,hier_nb,reference_r3,51.283126,47.504398,200804,3.778728000000001
LA-BK,200807,1,hier_nb,reference_r3,0.94426,15.448432,200807,-14.504172
LA-BK,200808,2,hier_nb,reference_r3,6.220988,28.40379200000001,200807,-22.18280400000001
LA-BK,200809,3,hier_nb,reference_r3,30.382793999999997,79.15430699999999,200807,-48.77151299999999
LA-BK,200810,1,hier_nb,reference_r3,46.210056,35.85751499999999,200810,10.35254100000001
LA-BK,200811,2,hier_nb,reference_r3,54.211923000000006,43.153285999999994,200810,11.058637000000012
LA-BK,200812,3,hier_nb,reference_r3,4.5607299999999995,1.7778630000000004,200810,2.782866999999999
LA-BK,200901,1,hier_nb,reference_r3,0.8594799999999999,0.4421759999999999,200901,0.417304
LA-BK,200902,2,hier_nb,reference_r3,0.004847,0.3970060000000001,200901,-0.3921590000000001
LA-BK,200903,3,hier_nb,reference_r3,0.828638,0.6894369999999999,200901,0.13920100000000013
LA-BK,200904,1,hier_nb,reference_r3,2.711874,1.5609400000000004,200904,1.1509339999999995
LA-BK,200905,2,hier_nb,reference_r3,73.262484,44.520543,200904,28.741940999999997
LA-BK,200906,3,hier_nb,reference_r3,214.283126,134.187904,200904,80.095222
LA-BK,200907,1,hier_nb,reference_r3,208.55826,90.179599,200907,118.378661
LA-BK,200908,2,hier_nb,reference_r3,106.546988,32.000780000000006,200907,74.546208
LA-BK,200909,3,hier_nb,reference_r3,49.358794,17.819394999999993,200907,31.53939900000001
LA-BK,200910,1,hier_nb,reference_r3,29.210056,26.380554000000004,200910,2.829501999999998
LA-BK,200911,2,hier_nb,reference_r3,4.257923000000001,17.231965999999996,200910,-12.974042999999995
LA-BK,200912,3,hier_nb,reference_r3,3.57673,6.974369000000001,200910,-3.397639000000001
LA-BL,200801,1,hier_nb,reference_r3,4.1524,5.428057000000001,200801,-1.2756570000000007
LA-BL,200802,2,hier_nb,reference_r3,2.7733770000000004,5.896502,200801,-3.1231249999999995
LA-BL,200803,3,hier_nb,reference_r3,1.2553139999999998,0.40964,200801,0.8456739999999998
LA-BL,200804,1,hier_nb,reference_r3,2.013312,1.838674,200804,0.17463800000000007
LA-BL,200805,2,hier_nb,reference_r3,4.270068000000002,10.942029,200804,-6.671960999999998
LA-BL,200806,3,hier_nb,reference_r3,9.674526,11.503148,200804,-1.8286219999999993
LA-BL,200807,1,hier_nb,reference_r3,13.881757,16.259242999999998,200807,-2.3774859999999975
LA-BL,200808,2,hier_nb,reference_r3,17.326299999999996,18.539478000000003,200807,-1.2131780000000063
LA-BL,200809,3,hier_nb,reference_r3,12.893923999999998,20.277568,200807,-7.383644
LA-BL,200810,1,hier_nb,reference_r3,12.329103999999996,11.284123,200810,1.0449809999999964
LA-BL,200811,2,hier_nb,reference_r3,4.374162,3.4143609999999995,200810,0.9598010000000006
LA-BL,200812,3,hier_nb,reference_r3,3.260756,1.520839,200810,1.7399170000000002
LA-BL,200901,1,hier_nb,reference_r3,1.2584,0.7637319999999999,200901,0.4946680000000001
LA-BL,200902,2,hier_nb,reference_r3,1.0493770000000002,1.520053,200901,-0.4706759999999999
LA-BL,200903,3,hier_nb,reference_r3,1.6313140000000002,1.328685,200901,0.30262900000000026
LA-BL,200904,1,hier_nb,reference_r3,2.2893120000000007,0.7407000000000004,200904,1.5486120000000003
LA-BL,200905,2,hier_nb,reference_r3,7.768068,3.318535999999999,200904,4.449532000000001
LA-BL,200906,3,hier_nb,reference_r3,14.392526000000004,3.828593,200904,10.563933000000004
LA-BL,200907,1,hier_nb,reference_r3,13.429756999999997,13.351017999999998,200907,0.07873899999999878
LA-BL,200908,2,hier_nb,reference_r3,27.704300000000003,4.8317429999999995,200907,22.872557000000004
LA-BL,200909,3,hier_nb,reference_r3,27.71392399999999,8.96725,200907,18.74667399999999
LA-BL,200910,1,hier_nb,reference_r3,15.075104,4.086968999999999,200910,10.988135
LA-BL,200911,2,hier_nb,reference_r3,7.096162000000001,1.3825659999999995,200910,5.713596000000002
LA-BL,200912,3,hier_nb,reference_r3,3.260756,0.4834440000000002,200910,2.7773120000000002
LA-CH,200801,1,hier_nb,reference_r3,52.11167,30.808016,200801,21.303653999999998
LA-CH,200802,2,hier_nb,reference_r3,70.760514,46.782987000000006,200801,23.977526999999995
LA-CH,200803,3,hier_nb,reference_r3,70.459606,54.398199000000005,200801,16.06140699999999
LA-CH,200804,1,hier_nb,reference_r3,42.017055,35.180737,200804,6.836317999999999
LA-CH,200805,2,hier_nb,reference_r3,60.23097600000001,61.760097,200804,-1.5291209999999893
LA-CH,200806,3,hier_nb,reference_r3,159.49683299999998,169.15558400000003,200804,-9.658751000000052
LA-CH,200807,1,hier_nb,reference_r3,72.23987399999999,141.337266,200807,-69.09739200000001
LA-CH,200808,2,hier_nb,reference_r3,63.29861199999999,107.924872,200807,-44.62626
LA-CH,200809,3,hier_nb,reference_r3,82.09679400000005,104.07884199999997,200807,-21.98204799999992
LA-CH,200810,1,hier_nb,reference_r3,66.044815,38.095675,200810,27.94914
LA-CH,200811,2,hier_nb,reference_r3,52.304022,33.74886,200810,18.555162000000003
LA-CH,200812,3,hier_nb,reference_r3,41.597493,23.654052,200810,17.943441
LA-CH,200901,1,hier_nb,reference_r3,17.18767,9.489883000000004,200901,7.697786999999996
LA-CH,200902,2,hier_nb,reference_r3,33.16651400000001,21.609796,200901,11.556718000000007
LA-CH,200903,3,hier_nb,reference_r3,41.977606,20.020134,200901,21.957472000000003
LA-CH,200904,1,hier_nb,reference_r3,69.209055,32.78152,200904,36.427535000000006
LA-CH,200905,2,hier_nb,reference_r3,30.464975999999993,106.71988400000004,200904,-76.25490800000004
LA-CH,200906,3,hier_nb,reference_r3,53.088832999999994,117.219092,200904,-64.13025900000001
LA-CH,200907,1,hier_nb,reference_r3,57.10787400000004,112.80888599999996,200907,-55.70101199999992
LA-CH,200908,2,hier_nb,reference_r3,54.75861199999997,78.21695299999999,200907,-23.45834100000002
LA-CH,200909,3,hier_nb,reference_r3,50.99879400000003,88.54939399999998,200907,-37.550599999999946
LA-CH,200910,1,hier_nb,reference_r3,28.40081499999999,24.983527999999993,200910,3.417286999999998
LA-CH,200911,2,hier_nb,reference_r3,15.442022000000009,31.973293,200910,-16.531270999999993
LA-CH,200912,3,hier_nb,reference_r3,14.465493000000002,24.184602999999996,200910,-9.719109999999993
LA-HO,200801,1,hier_nb,reference_r3,0.0004939999999999,0.0021519999999999,200801,-0.0016580000000000002
LA-HO,200802,2,hier_nb,reference_r3,0.0005799999999999,0.000904,200801,-0.0003240000000000999
LA-HO,200803,3,hier_nb,reference_r3,0.000493,0.007224,200801,-0.006731000000000001
LA-HO,200804,1,hier_nb,reference_r3,0.002172,0.0280499999999999,200804,-0.0258779999999999
LA-HO,200805,2,hier_nb,reference_r3,0.0078969999999999,0.058997,200804,-0.051100000000000104
LA-HO,200806,3,hier_nb,reference_r3,0.0461269999999999,0.0896219999999999,200804,-0.043495
LA-HO,200807,1,hier_nb,reference_r3,0.135984,0.022748,200807,0.11323599999999999
LA-HO,200808,2,hier_nb,reference_r3,0.155592,0.024919,200807,0.130673
LA-HO,200809,3,hier_nb,reference_r3,0.667046,0.6858249999999999,200807,-0.01877899999999988
LA-HO,200810,1,hier_nb,reference_r3,0.040277,0.0431269999999999,200810,-0.0028499999999999012
LA-HO,200811,2,hier_nb,reference_r3,0.0072349999999999,0.005265,200810,0.0019699999999999007
LA-HO,200812,3,hier_nb,reference_r3,0.93909,0.921638,200810,0.017452000000000023
LA-HO,200901,1,hier_nb,reference_r3,0.0004939999999999,0.0151219999999999,200901,-0.014627999999999999
LA-HO,200902,2,hier_nb,reference_r3,0.0005799999999999,0.0294139999999999,200901,-0.028834
LA-HO,200903,3,hier_nb,reference_r3,0.000493,0.022481,200901,-0.021988
LA-HO,200904,1,hier_nb,reference_r3,0.002172,0.006098,200904,-0.003926000000000001
LA-HO,200905,2,hier_nb,reference_r3,0.0078969999999999,0.013386,200904,-0.0054890000000001
LA-HO,200906,3,hier_nb,reference_r3,0.0461269999999999,0.059043,200904,-0.012916000000000101
LA-HO,200907,1,hier_nb,reference_r3,0.135984,0.0295359999999999,200907,0.1064480000000001
LA-HO,200908,2,hier_nb,reference_r3,0.155592,0.060232,200907,0.09536
LA-HO,200909,3,hier_nb,reference_r3,0.667046,0.6977329999999999,200907,-0.03068699999999991
LA-HO,200910,1,hier_nb,reference_r3,0.7122769999999999,0.641767,200910,0.07050999999999996
LA-HO,200911,2,hier_nb,reference_r3,0.8612349999999999,0.8504109999999999,200910,0.010823999999999945
LA-HO,200912,3,hier_nb,reference_r3,0.93909,0.906408,200910,0.03268199999999999
LA-KH,200801,1,hier_nb,reference_r3,0.308672,0.660536,200801,-0.351864
LA-KH,200802,2,hier_nb,reference_r3,0.2349590000000001,0.093742,200801,0.1412170000000001
LA-KH,200803,3,hier_nb,reference_r3,0.2663449999999998,0.0788309999999999,200801,0.18751399999999988
LA-KH,200804,1,hier_nb,reference_r3,0.6699510000000002,0.3166680000000001,200804,0.35328300000000007
LA-KH,200805,2,hier_nb,reference_r3,2.057202,0.875607,200804,1.1815950000000002
LA-KH,200806,3,hier_nb,reference_r3,6.615096999999995,2.586021000000001,200804,4.0290759999999946
LA-KH,200807,1,hier_nb,reference_r3,11.611262000000004,1.552022,200807,10.059240000000003
LA-KH,200808,2,hier_nb,reference_r3,14.109209999999996,0.3493159999999999,200807,13.759893999999996
LA-KH,200809,3,hier_nb,reference_r3,9.923877000000005,2.1745910000000004,200807,7.749286000000004
LA-KH,200810,1,hier_nb,reference_r3,5.143772000000002,0.5352060000000001,200810,4.6085660000000015
LA-KH,200811,2,hier_nb,reference_r3,2.5146890000000006,1.5831299999999997,200810,0.9315590000000009
LA-KH,200812,3,hier_nb,reference_r3,2.331689,3.368927,200810,-1.0372379999999999
LA-KH,200901,1,hier_nb,reference_r3,0.308672,0.07994,200901,0.228732
LA-KH,200902,2,hier_nb,reference_r3,0.2349590000000001,0.0312039999999999,200901,0.2037550000000002
LA-KH,200903,3,hier_nb,reference_r3,4.104345,4.449843,200901,-0.3454980000000001
LA-KH,200904,1,hier_nb,reference_r3,0.6699510000000002,0.7304939999999998,200904,-0.06054299999999957
LA-KH,200905,2,hier_nb,reference_r3,3.1992019999999997,2.005262,200904,1.1939399999999996
LA-KH,200906,3,hier_nb,reference_r3,47.325097,57.714643,200904,-10.389546000000003
LA-KH,200907,1,hier_nb,reference_r3,94.071262,89.19832699999999,200907,4.8729350000000125
LA-KH,200908,2,hier_nb,reference_r3,217.28321,231.873611,200907,-14.590401000000014
LA-KH,200909,3,hier_nb,reference_r3,207.657877,211.678081,200907,-4.020203999999978
LA-KH,200910,1,hier_nb,reference_r3,54.963772,25.462993999999995,200910,29.500778000000004
LA-KH,200911,2,hier_nb,reference_r3,44.662689,19.513842,200910,25.148847
LA-KH,200912,3,hier_nb,reference_r3,57.227689,41.121751,200910,16.105937999999995
LA-LM,200801,1,hier_nb,reference_r3,0.00034,0.000175,200801,0.00016500000000000003
LA-LM,200802,2,hier_nb,reference_r3,0.0001239999999999,8.999999999999894e-06,200801,0.0001149999999999001
LA-LM,200803,3,hier_nb,reference_r3,0.0004369999999999,2.499999999999985e-05,200801,0.00041199999999990013
LA-LM,200804,1,hier_nb,reference_r3,0.001099,0.044406,200804,-0.043307
LA-LM,200805,2,hier_nb,reference_r3,0.0038709999999999,0.1923239999999999,200804,-0.188453
LA-LM,200806,3,hier_nb,reference_r3,0.01647,0.3729949999999999,200804,-0.3565249999999999
LA-LM,200807,1,hier_nb,reference_r3,0.0779480000000001,0.0601289999999999,200807,0.017819000000000203
LA-LM,200808,2,hier_nb,reference_r3,0.0816029999999998,0.050255,200807,0.0313479999999998
LA-LM,200809,3,hier_nb,reference_r3,0.071944,0.0697679999999999,200807,0.0021760000000000945
LA-LM,200810,1,hier_nb,reference_r3,0.0226989999999999,0.0128369999999999,200810,0.009862
LA-LM,200811,2,hier_nb,reference_r3,0.001934,0.0019699999999999,200810,-3.599999999990026e-05
LA-LM,200812,3,hier_nb,reference_r3,0.000683,0.0005289999999999,200810,0.00015400000000010002
LA-LM,200901,1,hier_nb,reference_r3,0.00034,0.0001209999999999,200901,0.00021900000000010003
LA-LM,200902,2,hier_nb,reference_r3,0.0001239999999999,0.00021,200901,-8.600000000010002e-05
LA-LM,200903,3,hier_nb,reference_r3,0.0004369999999999,0.0001729999999999,200901,0.00026399999999999997
LA-LM,200904,1,hier_nb,reference_r3,0.939099,0.906453,200904,0.032646000000000064
LA-LM,200905,2,hier_nb,reference_r3,0.0038709999999999,0.014614,200904,-0.0107430000000001
LA-LM,200906,3,hier_nb,reference_r3,1.7104700000000002,1.528604,200904,0.18186600000000008
LA-LM,200907,1,hier_nb,reference_r3,0.7659479999999999,0.5394789999999998,200907,0.22646900000000003
LA-LM,200908,2,hier_nb,reference_r3,0.0816029999999998,0.7998460000000001,200907,-0.7182430000000003
LA-LM,200909,3,hier_nb,reference_r3,3.259944,1.617087,200907,1.642857
LA-LM,200910,1,hier_nb,reference_r3,4.4646989999999995,2.674027,200910,1.7906719999999994
LA-LM,200911,2,hier_nb,reference_r3,5.835934,4.648892999999999,200910,1.1870410000000007
LA-LM,200912,3,hier_nb,reference_r3,3.914683,3.360706,200910,0.5539770000000002
LA-LP,200801,1,hier_nb,reference_r3,0.6530069999999999,0.9520670000000002,200801,-0.2990600000000003
LA-LP,200802,2,hier_nb,reference_r3,12.765316,14.390979,200801,-1.6256629999999994
LA-LP,200803,3,hier_nb,reference_r3,17.969742999999998,20.417498,200801,-2.447755000000001
LA-LP,200804,1,hier_nb,reference_r3,26.444973,31.762654,200804,-5.317681
LA-LP,200805,2,hier_nb,reference_r3,98.607173,112.127102,200804,-13.51992899999999
LA-LP,200806,3,hier_nb,reference_r3,119.656405,152.703744,200804,-33.047338999999994
LA-LP,200807,1,hier_nb,reference_r3,8.508422000000003,137.06253600000002,200807,-128.55411400000003
LA-LP,200808,2,hier_nb,reference_r3,10.557909000000002,117.42614200000004,200807,-106.86823300000003
LA-LP,200809,3,hier_nb,reference_r3,6.924254999999999,109.419179,200807,-102.494924
LA-LP,200810,1,hier_nb,reference_r3,13.177208999999998,32.652564,200810,-19.475355
LA-LP,200811,2,hier_nb,reference_r3,95.679716,54.468205999999995,200810,41.211510000000004
LA-LP,200812,3,hier_nb,reference_r3,151.17978399999998,128.523994,200810,22.655789999999996
LA-LP,200901,1,hier_nb,reference_r3,0.6530069999999999,7.240741,200901,-6.587734
LA-LP,200902,2,hier_nb,reference_r3,0.451316,6.671977000000002,200901,-6.2206610000000016
LA-LP,200903,3,hier_nb,reference_r3,0.637743,13.746714,200901,-13.108971
LA-LP,200904,1,hier_nb,reference_r3,1.0569730000000002,14.506742,200904,-13.449769
LA-LP,200905,2,hier_nb,reference_r3,3.337173,38.652384999999995,200904,-35.315211999999995
LA-LP,200906,3,hier_nb,reference_r3,5.198405000000001,78.54867899999999,200904,-73.35027399999998
LA-LP,200907,1,hier_nb,reference_r3,9.760421999999998,21.858479,200907,-12.098057
LA-LP,200908,2,hier_nb,reference_r3,10.885908999999998,22.41136,200907,-11.525451
LA-LP,200909,3,hier_nb,reference_r3,254.548255,303.584991,200907,-49.03673599999999
LA-LP,200910,1,hier_nb,reference_r3,128.35120899999998,98.606495,200910,29.744713999999988
LA-LP,200911,2,hier_nb,reference_r3,67.325716,56.845161,200910,10.480555000000003
LA-LP,200912,3,hier_nb,reference_r3,1.5517839999999996,2.901962,200910,-1.3501780000000005
LA-OU,200801,1,hier_nb,reference_r3,0.0013689999999999,0.0008999999999999,200801,0.000469
LA-OU,200802,2,hier_nb,reference_r3,0.001238,0.0001309999999999,200801,0.0011070000000000999
LA-OU,200803,3,hier_nb,reference_r3,0.0009859999999999,8.999999999999894e-06,200801,0.0009769999999999
LA-OU,200804,1,hier_nb,reference_r3,0.00491,0.1137319999999999,200804,-0.1088219999999999
LA-OU,200805,2,hier_nb,reference_r3,0.0091069999999999,0.4005239999999999,200804,-0.39141699999999996
LA-OU,200806,3,hier_nb,reference_r3,0.040045,0.6875050000000003,200804,-0.6474600000000003
LA-OU,200807,1,hier_nb,reference_r3,0.087336,0.084326,200807,0.003009999999999999
LA-OU,200808,2,hier_nb,reference_r3,0.145505,0.064416,200807,0.081089
LA-OU,200809,3,hier_nb,reference_r3,0.0607119999999999,0.0712239999999999,200807,-0.010512
LA-OU,200810,1,hier_nb,reference_r3,0.0367759999999999,0.012373,200810,0.024402999999999897
LA-OU,200811,2,hier_nb,reference_r3,0.0076559999999999,0.002845,200810,0.0048109999999999
LA-OU,200812,3,hier_nb,reference_r3,0.0022249999999999,0.000629,200810,0.0015959999999998998
LA-OU,200901,1,hier_nb,reference_r3,0.0013689999999999,0.0001689999999999,200901,0.0012000000000000001
LA-OU,200902,2,hier_nb,reference_r3,0.001238,0.000289,200901,0.000949
LA-OU,200903,3,hier_nb,reference_r3,0.0009859999999999,0.0005299999999999,200901,0.0004559999999999999
LA-OU,200904,1,hier_nb,reference_r3,0.00491,0.0046309999999999,200904,0.00027900000000010035
LA-OU,200905,2,hier_nb,reference_r3,0.0091069999999999,0.0201809999999999,200904,-0.011074
LA-OU,200906,3,hier_nb,reference_r3,0.040045,0.0583119999999999,200904,-0.0182669999999999
LA-OU,200907,1,hier_nb,reference_r3,0.087336,0.07614,200907,0.011195999999999998
LA-OU,200908,2,hier_nb,reference_r3,0.555505,0.5398540000000001,200907,0.01565099999999997
LA-OU,200909,3,hier_nb,reference_r3,14.204712,14.076128,200907,0.12858400000000003
LA-OU,200910,1,hier_nb,reference_r3,5.418775999999999,2.886982,200910,2.531793999999999
LA-OU,200911,2,hier_nb,reference_r3,12.771656,11.044936,200910,1.7267200000000003
LA-OU,200912,3,hier_nb,reference_r3,17.884225,17.120266,200910,0.7639589999999998
LA-PH,200901,1,hier_nb,reference_r3,2.9999999999999645e-06,0.019318,200901,-0.019315
LA-PH,200902,2,hier_nb,reference_r3,4.000000000000097e-06,0.01873,200901,-0.018726
LA-PH,200903,3,hier_nb,reference_r3,0.0,0.025014,200901,-0.025014
LA-PH,200904,1,hier_nb,reference_r3,2.499999999999985e-05,0.005703,200904,-0.005678
LA-PH,200905,2,hier_nb,reference_r3,8.699999999999854e-05,0.015705,200904,-0.015618000000000002
LA-PH,200906,3,hier_nb,reference_r3,0.0006169999999999,0.047085,200904,-0.0464680000000001
LA-PH,200907,1,hier_nb,reference_r3,0.0047619999999999,0.0289189999999999,200907,-0.024156999999999998
LA-PH,200909,3,hier_nb,reference_r3,0.002174,0.0340489999999999,200907,-0.031874999999999896
LA-PH,200910,1,hier_nb,reference_r3,0.000781,0.0102089999999999,200910,-0.0094279999999999
LA-PH,200911,2,hier_nb,reference_r3,0.0001999999999999,0.001902,200910,-0.0017020000000001001
LA-PH,200912,3,hier_nb,reference_r3,1.600000000000039e-05,0.000365,200910,-0.0003489999999999996
LA-SL,200801,1,hier_nb,reference_r3,0.0243319999999999,0.8798080000000001,200801,-0.8554760000000002
LA-SL,200802,2,hier_nb,reference_r3,0.798645,0.3946400000000001,200801,0.40400499999999995
LA-SL,200803,3,hier_nb,reference_r3,4.527996,3.782077,200801,0.7459189999999998
LA-SL,200804,1,hier_nb,reference_r3,1.439706,1.2948839999999997,200804,0.14482200000000023
LA-SL,200805,2,hier_nb,reference_r3,101.235342,90.140072,200804,11.09527
LA-SL,200806,3,hier_nb,reference_r3,216.052671,186.677219,200804,29.375451999999996
LA-SL,200807,1,hier_nb,reference_r3,65.553186,53.84395600000002,200807,11.709229999999977
LA-SL,200808,2,hier_nb,reference_r3,49.959033,55.15285299999999,200807,-5.193819999999995
LA-SL,200809,3,hier_nb,reference_r3,74.00678500000001,45.11576600000001,200807,28.891019
LA-SL,200810,1,hier_nb,reference_r3,83.479382,27.169708,200810,56.309674
LA-SL,200811,2,hier_nb,reference_r3,18.747512,11.849905,200810,6.897607000000001
LA-SL,200812,3,hier_nb,reference_r3,7.154208000000001,6.763719999999999,200810,0.3904880000000013
LA-SL,200901,1,hier_nb,reference_r3,0.7463319999999999,1.6533319999999998,200901,-0.9069999999999999
LA-SL,200902,2,hier_nb,reference_r3,23.464644999999997,18.432154,200901,5.032490999999997
LA-SL,200903,3,hier_nb,reference_r3,24.461996,12.700661,200901,11.761334999999999
LA-SL,200904,1,hier_nb,reference_r3,17.805706,7.0981989999999975,200904,10.707507000000003
LA-SL,200905,2,hier_nb,reference_r3,118.133342,36.45312800000001,200904,81.68021399999999
LA-SL,200906,3,hier_nb,reference_r3,35.920671,39.25175,200904,-3.3310790000000026
LA-SL,200907,1,hier_nb,reference_r3,148.225186,53.18438400000002,200907,95.04080199999999
LA-SL,200908,2,hier_nb,reference_r3,110.197033,47.976776,200907,62.220257000000004
LA-SL,200909,3,hier_nb,reference_r3,79.746785,40.999075000000005,200907,38.74771
LA-SL,200910,1,hier_nb,reference_r3,86.401382,31.861534999999996,200910,54.539847
LA-SL,200911,2,hier_nb,reference_r3,41.189512,16.036088999999997,200910,25.153423000000004
LA-SL,200912,3,hier_nb,reference_r3,15.918208,9.882848,200910,6.035360000000001
LA-SV,200801,1,hier_nb,reference_r3,2.2555700000000023,5.304838,200801,-3.049267999999998
LA-SV,200802,2,hier_nb,reference_r3,1.268528,1.003975,200801,0.26455300000000004
LA-SV,200803,3,hier_nb,reference_r3,1.655384999999999,0.4604349999999999,200801,1.194949999999999
LA-SV,200804,1,hier_nb,reference_r3,4.448038,2.813371,200804,1.6346670000000003
LA-SV,200805,2,hier_nb,reference_r3,11.943648999999994,4.407989000000001,200804,7.535659999999993
LA-SV,200806,3,hier_nb,reference_r3,24.714742,16.353923999999992,200804,8.360818000000009
LA-SV,200807,1,hier_nb,reference_r3,42.85648500000002,4.500802999999998,200807,38.35568200000002
LA-SV,200808,2,hier_nb,reference_r3,55.694196999999974,5.3320219999999985,200807,50.36217499999998
LA-SV,200809,3,hier_nb,reference_r3,38.412128,7.351842,200807,31.060286
LA-SV,200810,1,hier_nb,reference_r3,20.405147999999997,3.154813,200810,17.250334999999996
LA-SV,200811,2,hier_nb,reference_r3,11.396930999999997,0.759293,200810,10.637637999999997
LA-SV,200812,3,hier_nb,reference_r3,5.524751999999999,0.4233419999999999,200810,5.10141
LA-SV,200901,1,hier_nb,reference_r3,2.6355700000000013,0.084673,200901,2.5508970000000013
LA-SV,200902,2,hier_nb,reference_r3,1.4345280000000002,0.0196839999999999,200901,1.4148440000000004
LA-SV,200903,3,hier_nb,reference_r3,1.929385,0.133252,200901,1.796133
LA-SV,200904,1,hier_nb,reference_r3,4.448038,0.194554,200904,4.253484
LA-SV,200905,2,hier_nb,reference_r3,12.655648999999997,1.0796709999999998,200904,11.575977999999997
LA-SV,200906,3,hier_nb,reference_r3,29.030742000000004,1.335557,200904,27.695185000000002
LA-SV,200907,1,hier_nb,reference_r3,42.042485,10.031895,200907,32.01059
LA-SV,200908,2,hier_nb,reference_r3,44.54619700000001,30.651323,200907,13.894874000000005
LA-SV,200909,3,hier_nb,reference_r3,29.860128000000003,44.775041,200907,-14.914912999999999
LA-SV,200910,1,hier_nb,reference_r3,19.509147999999986,5.238619000000001,200910,14.270528999999986
LA-SV,200911,2,hier_nb,reference_r3,15.364931,23.588144,200910,-8.223213
LA-SV,200912,3,hier_nb,reference_r3,4.5987519999999975,1.419184,200910,3.1795679999999975
LA-VT,200801,1,hier_nb,reference_r3,7.945031,10.060163000000005,200801,-2.1151320000000045
LA-VT,200802,2,hier_nb,reference_r3,6.798296000000001,3.9483359999999994,200801,2.849960000000001
LA-VT,200803,3,hier_nb,reference_r3,6.365330999999998,16.882038,200801,-10.516707000000004
LA-VT,200804,1,hier_nb,reference_r3,24.432004999999997,5.026782999999998,200804,19.405222
LA-VT,200805,2,hier_nb,reference_r3,52.867109,9.197543000000003,200804,43.669565999999996
LA-VT,200806,3,hier_nb,reference_r3,93.201893,37.648752,200804,55.553141
LA-VT,200807,1,hier_nb,reference_r3,125.766226,82.900522,200807,42.86570400000001
LA-VT,200808,2,hier_nb,reference_r3,127.636501,72.31125599999999,200807,55.32524500000001
LA-VT,200809,3,hier_nb,reference_r3,92.64132,62.111436,200807,30.529883999999996
LA-VT,200810,1,hier_nb,reference_r3,58.17777100000001,28.800461999999996,200810,29.37730900000001
LA-VT,200811,2,hier_nb,reference_r3,31.637276999999997,70.685114,200810,-39.047837
LA-VT,200812,3,hier_nb,reference_r3,24.182371000000003,58.599912,200810,-34.417541
LA-VT,200901,1,hier_nb,reference_r3,9.009031,20.122936,200901,-11.113904999999999
LA-VT,200902,2,hier_nb,reference_r3,5.436296000000002,12.458208,200901,-7.021911999999999
LA-VT,200903,3,hier_nb,reference_r3,6.207331,5.964889000000001,200901,0.24244199999999871
LA-VT,200904,1,hier_nb,reference_r3,10.904004999999998,12.974168,200904,-2.0701630000000026
LA-VT,200905,2,hier_nb,reference_r3,31.787109,93.98072800000004,200904,-62.19361900000004
LA-VT,200906,3,hier_nb,reference_r3,70.48989300000002,176.55354000000003,200904,-106.063647
LA-VT,200907,1,hier_nb,reference_r3,86.518226,122.953955,200907,-36.435728999999995
LA-VT,200908,2,hier_nb,reference_r3,90.632501,113.79878099999996,200907,-23.166279999999958
LA-VT,200909,3,hier_nb,reference_r3,116.24532,139.72156800000005,200907,-23.47624800000004
LA-VT,200910,1,hier_nb,reference_r3,221.87177099999997,226.14327299999997,200910,-4.271501999999998
LA-VT,200911,2,hier_nb,reference_r3,316.611277,325.01911500000006,200910,-8.407838000000083
LA-VT,200912,3,hier_nb,reference_r3,255.546371,263.58313599999997,200910,-8.036764999999974
LA-XA,200801,1,hier_nb,reference_r3,0.4851729999999996,1.116971,200801,-0.6317980000000003
LA-XA,200802,2,hier_nb,reference_r3,0.2146049999999997,0.243032,200801,-0.028427000000000285
LA-XA,200803,3,hier_nb,reference_r3,0.3412479999999993,0.171737,200801,0.16951099999999927
LA-XA,200804,1,hier_nb,reference_r3,0.7462710000000001,0.5114209999999999,200804,0.23485000000000023
LA-XA,200805,2,hier_nb,reference_r3,2.291563,1.211045,200804,1.080518
LA-XA,200806,3,hier_nb,reference_r3,5.970826000000002,3.0724100000000005,200804,2.898416000000002
LA-XA,200807,1,hier_nb,reference_r3,12.482861999999995,9.936053,200807,2.546808999999996
LA-XA,200808,2,hier_nb,reference_r3,12.440606000000002,2.496529,200807,9.944077000000002
LA-XA,200809,3,hier_nb,reference_r3,10.544103000000009,1.0527960000000005,200807,9.491307000000008
LA-XA,200810,1,hier_nb,reference_r3,5.460675000000002,1.097585,200810,4.3630900000000015
LA-XA,200811,2,hier_nb,reference_r3,2.645464999999998,0.6649009999999997,200810,1.9805639999999982
LA-XA,200812,3,hier_nb,reference_r3,0.9971009999999988,0.3718479999999999,200810,0.625252999999999
LA-XA,200901,1,hier_nb,reference_r3,0.4851729999999996,0.1054689999999999,200901,0.3797039999999997
LA-XA,200902,2,hier_nb,reference_r3,0.2146049999999997,0.0468779999999999,200901,0.16772699999999982
LA-XA,200903,3,hier_nb,reference_r3,0.3412479999999993,0.2442040000000001,200901,0.09704399999999919
LA-XA,200904,1,hier_nb,reference_r3,0.7462710000000001,0.219345,200904,0.5269260000000001
LA-XA,200905,2,hier_nb,reference_r3,2.259563,0.6344869999999998,200904,1.6250760000000002
LA-XA,200906,3,hier_nb,reference_r3,7.744826000000003,7.048278999999999,200904,0.6965470000000042
LA-XA,200907,1,hier_nb,reference_r3,10.904861999999994,3.91125,200907,6.993611999999994
LA-XA,200908,2,hier_nb,reference_r3,20.34660600000001,25.456804,200907,-5.110197999999993
LA-XA,200909,3,hier_nb,reference_r3,9.654103000000006,4.27524,200907,5.378863000000006
LA-XA,200910,1,hier_nb,reference_r3,5.490675000000003,2.5879270000000005,200910,2.9027480000000025
LA-XA,200911,2,hier_nb,reference_r3,3.1614649999999997,1.52237,200910,1.6390949999999997
LA-XA,200912,3,hier_nb,reference_r3,1.0211009999999998,0.9455189999999998,200910,0.07558200000000004
LA-XE,200801,1,hier_nb,reference_r3,0.004754,0.018237,200801,-0.013482999999999998
LA-XE,200802,2,hier_nb,reference_r3,0.004669,0.008168,200801,-0.0034989999999999995
LA-XE,200803,3,hier_nb,reference_r3,0.007233,0.003187,200801,0.004045999999999999
LA-XE,200804,1,hier_nb,reference_r3,0.0221159999999999,0.0302489999999999,200804,-0.008133000000000001
LA-XE,200805,2,hier_nb,reference_r3,0.0909019999999999,0.0842809999999999,200804,0.006621000000000002
LA-XE,200806,3,hier_nb,reference_r3,3.371357,3.3424799999999997,200804,0.028877000000000486
LA-XE,200807,1,hier_nb,reference_r3,0.5613389999999998,0.8511470000000001,200807,-0.2898080000000003
LA-XE,200808,2,hier_nb,reference_r3,0.8368090000000001,1.052152,200807,-0.21534299999999984
LA-XE,200809,3,hier_nb,reference_r3,0.5848939999999998,0.7067329999999998,200807,-0.12183900000000003
LA-XE,200810,1,hier_nb,reference_r3,0.2625009999999999,0.332434,200810,-0.06993300000000013
LA-XE,200811,2,hier_nb,reference_r3,0.058418,0.122511,200810,-0.064093
LA-XE,200812,3,hier_nb,reference_r3,0.7884260000000001,0.612034,200810,0.1763920000000001
LA-XE,200901,1,hier_nb,reference_r3,0.004754,0.005004,200901,-0.00024999999999999935
LA-XE,200902,2,hier_nb,reference_r3,1.844669,1.830332,200901,0.014336999999999822
LA-XE,200903,3,hier_nb,reference_r3,1.801233,1.725653,200901,0.07557999999999998
LA-XE,200904,1,hier_nb,reference_r3,0.742116,0.400339,200904,0.341777
LA-XE,200905,2,hier_nb,reference_r3,1.3329019999999998,0.746435,200904,0.5864669999999998
LA-XE,200906,3,hier_nb,reference_r3,7.041357,4.660807,200904,2.3805499999999995
LA-XE,200907,1,hier_nb,reference_r3,24.385339,18.011643,200907,6.373695999999999
LA-XE,200908,2,hier_nb,reference_r3,21.788809,14.380847,200907,7.407962000000001
LA-XE,200909,3,hier_nb,reference_r3,3.4208939999999997,1.929887,200907,1.4910069999999997
LA-XE,200910,1,hier_nb,reference_r3,5.094501,2.6404270000000007,200910,2.4540739999999994
LA-XE,200911,2,hier_nb,reference_r3,2.3344180000000003,10.927007999999995,200910,-8.592589999999994
LA-XE,200912,3,hier_nb,reference_r3,6.558426,8.018748999999996,200910,-1.4603229999999963
LA-XI,200801,1,hier_nb,reference_r3,2.599999999999998e-05,0.0004119999999999,200801,-0.00038599999999990004
LA-XI,200802,2,hier_nb,reference_r3,4.900000000000043e-05,6.499999999999909e-05,200801,-1.5999999999998654e-05
LA-XI,200803,3,hier_nb,reference_r3,1.600000000000039e-05,0.0002899999999999,200801,-0.0002739999999998996
LA-XI,200804,1,hier_nb,reference_r3,1.600000000000039e-05,0.038119,200804,-0.038103
LA-XI,200805,2,hier_nb,reference_r3,0.000605,0.06257,200804,-0.061965
LA-XI,200806,3,hier_nb,reference_r3,0.909065,0.568242,200804,0.340823
LA-XI,200807,1,hier_nb,reference_r3,0.010813,0.1337579999999999,200807,-0.1229449999999999
LA-XI,200808,2,hier_nb,reference_r3,0.0191,0.1407849999999999,200807,-0.1216849999999999
LA-XI,200809,3,hier_nb,reference_r3,0.0091139999999999,0.139062,200807,-0.1299480000000001
LA-XI,200810,1,hier_nb,reference_r3,0.004324,0.039283,200810,-0.034959
LA-XI,200811,2,hier_nb,reference_r3,0.001242,0.008452,200810,-0.007209999999999999
LA-XI,200812,3,hier_nb,reference_r3,0.00016,0.003707,200810,-0.003547
LA-XI,200901,1,hier_nb,reference_r3,2.599999999999998e-05,0.000905,200901,-0.000879
LA-XI,200902,2,hier_nb,reference_r3,4.900000000000043e-05,0.001923,200901,-0.0018739999999999996
LA-XI,200903,3,hier_nb,reference_r3,1.600000000000039e-05,0.001715,200901,-0.0016989999999999996
LA-XI,200904,1,hier_nb,reference_r3,1.600000000000039e-05,0.0008639999999999,200904,-0.0008479999999998996
LA-XI,200905,2,hier_nb,reference_r3,38.938605,38.837755,200904,0.10085000000000122
LA-XI,200906,3,hier_nb,reference_r3,32.801065,32.686109,200904,0.11495599999999939
LA-XI,200907,1,hier_nb,reference_r3,0.8368129999999999,13.106988,200907,-12.270175
LA-XI,200908,2,hier_nb,reference_r3,9.4031,11.432157999999998,200907,-2.0290579999999974
LA-XI,200909,3,hier_nb,reference_r3,0.0091139999999999,15.82611,200907,-15.816996
LA-XI,200910,1,hier_nb,reference_r3,0.004324,12.683769000000002,200910,-12.679445000000001
LA-XI,200911,2,hier_nb,reference_r3,0.001242,4.94137,200910,-4.940128
LA-XI,200912,3,hier_nb,reference_r3,0.00016,2.3788259999999997,200910,-2.3786659999999995
LA-AT,200801,1,hier_nb,reference_r4,3.852295,2.992425,200801,0.8598699999999999
LA-AT,200802,2,hier_nb,reference_r4,1.872729,1.27044,200801,0.6022890000000001
LA-AT,200803,3,hier_nb,reference_r4,0.003139,0.0483289999999999,200801,-0.0451899999999999
LA-AT,200804,1,hier_nb,reference_r4,0.0073769999999999,0.4644239999999999,200804,-0.457047
LA-AT,200805,2,hier_nb,reference_r4,3.315728,1.789513,200804,1.526215
LA-AT,200806,3,hier_nb,reference_r4,8.204608,4.311268999999999,200804,3.893339000000001
LA-AT,200807,1,hier_nb,reference_r4,3.9921409999999993,2.478019999999999,200807,1.5141210000000003
LA-AT,200808,2,hier_nb,reference_r4,7.210744000000001,3.345302,200807,3.8654420000000007
LA-AT,200809,3,hier_nb,reference_r4,19.460828,10.913305,200807,8.547523
LA-AT,200810,1,hier_nb,reference_r4,43.686879000000005,33.925246,200810,9.761633000000003
LA-AT,200811,2,hier_nb,reference_r4,41.74564,36.089934,200810,5.655706000000002
LA-AT,200812,3,hier_nb,reference_r4,22.625494,18.239022,200810,4.386472000000001
LA-AT,200901,1,hier_nb,reference_r4,17.832295,7.050674999999999,200901,10.78162
LA-AT,200902,2,hier_nb,reference_r4,45.780729,35.629815,200901,10.150914
LA-AT,200903,3,hier_nb,reference_r4,76.749139,55.394699,200901,21.354439999999997
LA-AT,200904,1,hier_nb,reference_r4,98.593377,38.814446,200904,59.77893100000001
LA-AT,200905,2,hier_nb,reference_r4,0.0437279999999999,96.49976,200904,-96.456032
LA-AT,200906,3,hier_nb,reference_r4,21.418608,81.08959099999998,200904,-59.670982999999985
LA-AT,200907,1,hier_nb,reference_r4,57.542141,101.736981,200907,-44.19484
LA-AT,200908,2,hier_nb,reference_r4,15.420744000000004,113.38830000000002,200907,-97.96755600000002
LA-AT,200909,3,hier_nb,reference_r4,13.232828,231.717233,200907,-218.48440499999998
LA-AT,200910,1,hier_nb,reference_r4,2.8748790000000004,43.376208000000005,200910,-40.501329000000005
LA-AT,200911,2,hier_nb,reference_r4,14.97164,27.44793899999999,200910,-12.47629899999999
LA-AT,200912,3,hier_nb,reference_r4,5.665494,32.10785399999999,200910,-26.44235999999999
LA-BK,200801,1,hier_nb,reference_r4,0.8594799999999999,0.942845,200801,-0.08336500000000013
LA-BK,200802,2,hier_nb,reference_r4,0.004847,0.000196,200801,0.004651
LA-BK,200803,3,hier_nb,reference_r4,0.008638,4.900000000000043e-05,200801,0.008589
LA-BK,200804,1,hier_nb,reference_r4,0.0138739999999999,0.0210559999999999,200804,-0.007182000000000001
LA-BK,200805,2,hier_nb,reference_r4,11.262484,10.865402,200804,0.39708200000000105
LA-BK,200806,3,hier_nb,reference_r4,51.283126,51.529807,200804,-0.24668099999999527
LA-BK,200807,1,hier_nb,reference_r4,0.94426,16.883974,200807,-15.939713999999999
LA-BK,200808,2,hier_nb,reference_r4,6.220988,25.515212000000005,200807,-19.294224000000007
LA-BK,200809,3,hier_nb,reference_r4,30.382793999999997,76.47767100000002,200807,-46.09487700000002
LA-BK,200810,1,hier_nb,reference_r4,46.210056,36.070415000000025,200810,10.139640999999976
LA-BK,200811,2,hier_nb,reference_r4,54.211923000000006,44.141422,200810,10.070501000000007
LA-BK,200812,3,hier_nb,reference_r4,4.5607299999999995,1.7414590000000003,200810,2.819270999999999
LA-BK,200901,1,hier_nb,reference_r4,0.8594799999999999,0.435375,200901,0.4241049999999999
LA-BK,200902,2,hier_nb,reference_r4,0.004847,0.379482,200901,-0.374635
LA-BK,200903,3,hier_nb,reference_r4,0.828638,0.7330670000000001,200901,0.09557099999999985
LA-BK,200904,1,hier_nb,reference_r4,2.711874,1.640562,200904,1.0713119999999998
LA-BK,200905,2,hier_nb,reference_r4,73.262484,42.943895,200904,30.318589000000003
LA-BK,200906,3,hier_nb,reference_r4,214.283126,127.83433999999998,200904,86.44878600000003
LA-BK,200907,1,hier_nb,reference_r4,208.55826,95.992876,200907,112.565384
LA-BK,200908,2,hier_nb,reference_r4,106.546988,32.573977,200907,73.973011
LA-BK,200909,3,hier_nb,reference_r4,49.358794,17.939648000000005,200907,31.419145999999998
LA-BK,200910,1,hier_nb,reference_r4,29.210056,27.95677000000001,200910,1.2532859999999921
LA-BK,200911,2,hier_nb,reference_r4,4.257923000000001,18.450812999999997,200910,-14.192889999999995
LA-BK,200912,3,hier_nb,reference_r4,3.57673,7.433836999999999,200910,-3.8571069999999987
LA-BL,200801,1,hier_nb,reference_r4,4.1524,5.712315,200801,-1.5599150000000002
LA-BL,200802,2,hier_nb,reference_r4,2.7733770000000004,5.835274,200801,-3.0618969999999996
LA-BL,200803,3,hier_nb,reference_r4,1.2553139999999998,0.410046,200801,0.8452679999999998
LA-BL,200804,1,hier_nb,reference_r4,2.013312,3.740537,200804,-1.7272249999999998
LA-BL,200805,2,hier_nb,reference_r4,4.270068000000002,4.932082000000001,200804,-0.6620139999999992
LA-BL,200806,3,hier_nb,reference_r4,9.674526,7.513457000000003,200804,2.161068999999997
LA-BL,200807,1,hier_nb,reference_r4,13.881757,15.420891000000005,200807,-1.5391340000000042
LA-BL,200808,2,hier_nb,reference_r4,17.326299999999996,20.572599000000004,200807,-3.2462990000000076
LA-BL,200809,3,hier_nb,reference_r4,12.893923999999998,20.00643,200807,-7.112506000000003
LA-BL,200810,1,hier_nb,reference_r4,12.329103999999996,11.021970999999995,200810,1.3071330000000003
LA-BL,200811,2,hier_nb,reference_r4,4.374162,3.4863370000000007,200810,0.8878249999999994
LA-BL,200812,3,hier_nb,reference_r4,3.260756,1.465662,200810,1.7950940000000002
LA-BL,200901,1,hier_nb,reference_r4,1.2584,0.7219490000000002,200901,0.5364509999999998
LA-BL,200902,2,hier_nb,reference_r4,1.0493770000000002,1.45833,200901,-0.4089529999999997
LA-BL,200903,3,hier_nb,reference_r4,1.6313140000000002,1.381174,200901,0.25014000000000025
LA-BL,200904,1,hier_nb,reference_r4,2.2893120000000007,0.7216930000000001,200904,1.5676190000000005
LA-BL,200905,2,hier_nb,reference_r4,7.768068,3.3917899999999994,200904,4.376278000000001
LA-BL,200906,3,hier_nb,reference_r4,14.392526000000004,3.772229000000001,200904,10.620297000000003
LA-BL,200907,1,hier_nb,reference_r4,13.429756999999997,13.597406,200907,-0.1676490000000026
LA-BL,200908,2,hier_nb,reference_r4,27.704300000000003,4.435206000000001,200907,23.269094000000003
LA-BL,200909,3,hier_nb,reference_r4,27.71392399999999,8.619005999999999,200907,19.094917999999993
LA-BL,200910,1,hier_nb,reference_r4,15.075104,3.788059,200910,11.287044999999999
LA-BL,200911,2,hier_nb,reference_r4,7.096162000000001,1.2091059999999998,200910,5.887056000000001
LA-BL,200912,3,hier_nb,reference_r4,3.260756,0.4449719999999999,200910,2.8157840000000003
LA-CH,200801,1,hier_nb,reference_r4,52.11167,29.792073999999996,200801,22.319596
LA-CH,200802,2,hier_nb,reference_r4,70.760514,46.499285,200801,24.261229
LA-CH,200803,3,hier_nb,reference_r4,70.459606,54.715953,200801,15.743652999999995
LA-CH,200804,1,hier_nb,reference_r4,42.017055,25.655534000000003,200804,16.361520999999996
LA-CH,200805,2,hier_nb,reference_r4,60.23097600000001,38.707183,200804,21.523793000000012
LA-CH,200806,3,hier_nb,reference_r4,159.49683299999998,117.907083,200804,41.58974999999998
LA-CH,200807,1,hier_nb,reference_r4,72.23987399999999,152.28074300000003,200807,-80.04086900000004
LA-CH,200808,2,hier_nb,reference_r4,63.29861199999999,107.413113,200807,-44.114501000000004
LA-CH,200809,3,hier_nb,reference_r4,82.09679400000005,97.89054500000005,200807,-15.793751
LA-CH,200810,1,hier_nb,reference_r4,66.044815,39.03426499999999,200810,27.01055000000001
LA-CH,200811,2,hier_nb,reference_r4,52.304022,31.229738000000005,200810,21.074284
LA-CH,200812,3,hier_nb,reference_r4,41.597493,23.29909,200810,18.298403
LA-CH,200901,1,hier_nb,reference_r4,17.18767,10.072936,200901,7.114734
LA-CH,200902,2,hier_nb,reference_r4,33.16651400000001,21.8343,200901,11.332214000000008
LA-CH,200903,3,hier_nb,reference_r4,41.977606,19.61551,200901,22.362096
LA-CH,200904,1,hier_nb,reference_r4,69.209055,33.850481,200904,35.358574000000004
LA-CH,200905,2,hier_nb,reference_r4,30.464975999999993,113.452631,200904,-82.987655
LA-CH,200906,3,hier_nb,reference_r4,53.088832999999994,104.28112099999998,200904,-51.19228799999999
LA-CH,200907,1,hier_nb,reference_r4,57.10787400000004,134.37653700000004,200907,-77.268663
LA-CH,200908,2,hier_nb,reference_r4,54.75861199999997,69.55106799999999,200907,-14.792456000000016
LA-CH,200909,3,hier_nb,reference_r4,50.99879400000003,92.54687199999998,200907,-41.54807799999995
LA-CH,200910,1,hier_nb,reference_r4,28.40081499999999,25.25679799999999,200910,3.1440170000000016
LA-CH,200911,2,hier_nb,reference_r4,15.442022000000009,32.12721599999999,200910,-16.68519399999998
LA-CH,200912,3,hier_nb,reference_r4,14.465493000000002,22.668425000000006,200910,-8.202932000000004
LA-HO,200801,1,hier_nb,reference_r4,0.0004939999999999,0.0014699999999999,200801,-0.000976
LA-HO,200802,2,hier_nb,reference_r4,0.0005799999999999,0.0008,200801,-0.0002200000000001
LA-HO,200803,3,hier_nb,reference_r4,0.000493,0.0083209999999999,200801,-0.0078279999999999
LA-HO,200804,1,hier_nb,reference_r4,0.002172,0.0754859999999999,200804,-0.07331399999999991
LA-HO,200805,2,hier_nb,reference_r4,0.0078969999999999,0.029214,200804,-0.0213170000000001
LA-HO,200806,3,hier_nb,reference_r4,0.0461269999999999,0.04111,200804,0.0050169999999998965
LA-HO,200807,1,hier_nb,reference_r4,0.135984,0.017452,200807,0.118532
LA-HO,200808,2,hier_nb,reference_r4,0.155592,0.029633,200807,0.12595900000000002
LA-HO,200809,3,hier_nb,reference_r4,0.667046,0.699445,200807,-0.032398999999999956
LA-HO,200810,1,hier_nb,reference_r4,0.040277,0.0378869999999999,200810,0.0023900000000001004
LA-HO,200811,2,hier_nb,reference_r4,0.0072349999999999,0.0039119999999999,200810,0.0033230000000000004
LA-HO,200812,3,hier_nb,reference_r4,0.93909,0.90251,200810,0.036579999999999946
LA-HO,200901,1,hier_nb,reference_r4,0.0004939999999999,0.0177589999999999,200901,-0.017265
LA-HO,200902,2,hier_nb,reference_r4,0.0005799999999999,0.031102,200901,-0.0305220000000001
LA-HO,200903,3,hier_nb,reference_r4,0.000493,0.0260769999999999,200901,-0.0255839999999999
LA-HO,200904,1,hier_nb,reference_r4,0.002172,0.004588,200904,-0.002416
LA-HO,200905,2,hier_nb,reference_r4,0.0078969999999999,0.015697,200904,-0.0078000000000000985
LA-HO,200906,3,hier_nb,reference_r4,0.0461269999999999,0.056411,200904,-0.010284000000000106
LA-HO,200907,1,hier_nb,reference_r4,0.135984,0.030348,200907,0.105636
LA-HO,200908,2,hier_nb,reference_r4,0.155592,0.0473389999999999,200907,0.1082530000000001
LA-HO,200909,3,hier_nb,reference_r4,0.667046,0.6984680000000001,200907,-0.03142200000000006
LA-HO,200910,1,hier_nb,reference_r4,0.7122769999999999,0.662839,200910,0.04943799999999998
LA-HO,200911,2,hier_nb,reference_r4,0.8612349999999999,0.8375619999999999,200910,0.023672999999999944
LA-HO,200912,3,hier_nb,reference_r4,0.93909,0.946766,200910,-0.007676000000000016
LA-KH,200801,1,hier_nb,reference_r4,0.308672,0.714501,200801,-0.40582900000000005
LA-KH,200802,2,hier_nb,reference_r4,0.2349590000000001,0.092607,200801,0.14235200000000012
LA-KH,200803,3,hier_nb,reference_r4,0.2663449999999998,0.082893,200801,0.18345199999999978
LA-KH,200804,1,hier_nb,reference_r4,0.6699510000000002,0.223202,200804,0.4467490000000002
LA-KH,200805,2,hier_nb,reference_r4,2.057202,0.2871020000000001,200804,1.7701000000000002
LA-KH,200806,3,hier_nb,reference_r4,6.615096999999995,0.764748,200804,5.850348999999995
LA-KH,200807,1,hier_nb,reference_r4,11.611262000000004,1.567354,200807,10.043908000000004
LA-KH,200808,2,hier_nb,reference_r4,14.109209999999996,0.3899239999999999,200807,13.719285999999995
LA-KH,200809,3,hier_nb,reference_r4,9.923877000000005,2.173718,200807,7.7501590000000045
LA-KH,200810,1,hier_nb,reference_r4,5.143772000000002,0.5320229999999997,200810,4.611749000000002
LA-KH,200811,2,hier_nb,reference_r4,2.5146890000000006,1.6569960000000004,200810,0.8576930000000003
LA-KH,200812,3,hier_nb,reference_r4,2.331689,3.3211969999999997,200810,-0.9895079999999998
LA-KH,200901,1,hier_nb,reference_r4,0.308672,0.0693589999999999,200901,0.2393130000000001
LA-KH,200902,2,hier_nb,reference_r4,0.2349590000000001,0.0199189999999999,200901,0.2150400000000002
LA-KH,200903,3,hier_nb,reference_r4,4.104345,4.606771,200901,-0.5024259999999998
LA-KH,200904,1,hier_nb,reference_r4,0.6699510000000002,0.733141,200904,-0.06318999999999986
LA-KH,200905,2,hier_nb,reference_r4,3.1992019999999997,1.9357110000000004,200904,1.2634909999999993
LA-KH,200906,3,hier_nb,reference_r4,47.325097,56.63577600000001,200904,-9.310679000000007
LA-KH,200907,1,hier_nb,reference_r4,94.071262,93.406632,200907,0.6646300000000025
LA-KH,200908,2,hier_nb,reference_r4,217.28321,233.69858699999995,200907,-16.41537699999995
LA-KH,200909,3,hier_nb,reference_r4,207.657877,204.189474,200907,3.4684030000000234
LA-KH,200910,1,hier_nb,reference_r4,54.963772,23.706958,200910,31.256814
LA-KH,200911,2,hier_nb,reference_r4,44.662689,18.997438,200910,25.665251
LA-KH,200912,3,hier_nb,reference_r4,57.227689,39.921343,200910,17.306345999999998
LA-LM,200801,1,hier_nb,reference_r4,0.00034,4.900000000000043e-05,200801,0.0002909999999999996
LA-LM,200802,2,hier_nb,reference_r4,0.0001239999999999,0.0001209999999999,200801,2.9999999999999916e-06
LA-LM,200803,3,hier_nb,reference_r4,0.0004369999999999,8.999999999999894e-06,200801,0.0004279999999999001
LA-LM,200804,1,hier_nb,reference_r4,0.001099,0.002634,200804,-0.0015350000000000001
LA-LM,200805,2,hier_nb,reference_r4,0.0038709999999999,0.014295,200804,-0.0104240000000001
LA-LM,200806,3,hier_nb,reference_r4,0.01647,0.014439,200804,0.002030999999999998
LA-LM,200807,1,hier_nb,reference_r4,0.0779480000000001,0.0521979999999999,200807,0.025750000000000203
LA-LM,200808,2,hier_nb,reference_r4,0.0816029999999998,0.060857,200807,0.0207459999999998
LA-LM,200809,3,hier_nb,reference_r4,0.071944,0.054152,200807,0.017791999999999995
LA-LM,200810,1,hier_nb,reference_r4,0.0226989999999999,0.0209509999999999,200810,0.0017479999999999996
LA-LM,200811,2,hier_nb,reference_r4,0.001934,0.0014839999999999,200810,0.00045000000000010006
LA-LM,200812,3,hier_nb,reference_r4,0.000683,0.0004889999999999,200810,0.00019400000000010002
LA-LM,200901,1,hier_nb,reference_r4,0.00034,0.000148,200901,0.00019200000000000003
LA-LM,200902,2,hier_nb,reference_r4,0.0001239999999999,0.0001229999999999,200901,9.999999999999972e-07
LA-LM,200903,3,hier_nb,reference_r4,0.0004369999999999,0.0004,200901,3.699999999989996e-05
LA-LM,200904,1,hier_nb,reference_r4,0.939099,0.885562,200904,0.05353700000000006
LA-LM,200905,2,hier_nb,reference_r4,0.0038709999999999,0.0097769999999999,200904,-0.005906
LA-LM,200906,3,hier_nb,reference_r4,1.7104700000000002,1.607773,200904,0.10269700000000026
LA-LM,200907,1,hier_nb,reference_r4,0.7659479999999999,0.53278,200907,0.23316799999999982
LA-LM,200908,2,hier_nb,reference_r4,0.0816029999999998,0.9600540000000004,200907,-0.8784510000000006
LA-LM,200909,3,hier_nb,reference_r4,3.259944,1.731647,200907,1.528297
LA-LM,200910,1,hier_nb,reference_r4,4.4646989999999995,2.521898,200910,1.9428009999999993
LA-LM,200911,2,hier_nb,reference_r4,5.835934,4.594981,200910,1.2409530000000002
LA-LM,200912,3,hier_nb,reference_r4,3.914683,3.4129810000000003,200910,0.5017019999999999
LA-LP,200801,1,hier_nb,reference_r4,0.6530069999999999,0.8406849999999999,200801,-0.187678
LA-LP,200802,2,hier_nb,reference_r4,12.765316,14.436775,200801,-1.6714590000000005
LA-LP,200803,3,hier_nb,reference_r4,17.969742999999998,20.520566,200801,-2.550823000000001
LA-LP,200804,1,hier_nb,reference_r4,26.444973,10.313024,200804,16.131949
LA-LP,200805,2,hier_nb,reference_r4,98.607173,56.644504999999995,200804,41.96266800000001
LA-LP,200806,3,hier_nb,reference_r4,119.656405,71.244304,200804,48.41210100000001
LA-LP,200807,1,hier_nb,reference_r4,8.508422000000003,127.62943,200807,-119.12100799999999
LA-LP,200808,2,hier_nb,reference_r4,10.557909000000002,127.478098,200807,-116.920189
LA-LP,200809,3,hier_nb,reference_r4,6.924254999999999,98.56257000000002,200807,-91.63831500000002
LA-LP,200810,1,hier_nb,reference_r4,13.177208999999998,30.75604,200810,-17.578831
LA-LP,200811,2,hier_nb,reference_r4,95.679716,54.792125,200810,40.887591
LA-LP,200812,3,hier_nb,reference_r4,151.17978399999998,127.98233,200810,23.19745399999998
LA-LP,200901,1,hier_nb,reference_r4,0.6530069999999999,7.689912,200901,-7.036905
LA-LP,200902,2,hier_nb,reference_r4,0.451316,6.906652999999999,200901,-6.455336999999998
LA-LP,200903,3,hier_nb,reference_r4,0.637743,13.978636000000002,200901,-13.340893000000001
LA-LP,200904,1,hier_nb,reference_r4,1.0569730000000002,16.111219,200904,-15.054246
LA-LP,200905,2,hier_nb,reference_r4,3.337173,39.30815199999999,200904,-35.97097899999999
LA-LP,200906,3,hier_nb,reference_r4,5.198405000000001,73.4023,200904,-68.20389499999999
LA-LP,200907,1,hier_nb,reference_r4,9.760421999999998,22.201534,200907,-12.441112
LA-LP,200908,2,hier_nb,reference_r4,10.885908999999998,22.172237,200907,-11.286328000000001
LA-LP,200909,3,hier_nb,reference_r4,254.548255,302.732747,200907,-48.184492000000006
LA-LP,200910,1,hier_nb,reference_r4,128.35120899999998,96.844043,200910,31.507165999999984
LA-LP,200911,2,hier_nb,reference_r4,67.325716,57.320173,200910,10.005543000000003
LA-LP,200912,3,hier_nb,reference_r4,1.5517839999999996,2.8652949999999997,200910,-1.313511
LA-OU,200801,1,hier_nb,reference_r4,0.0013689999999999,0.0007369999999999,200801,0.0006320000000000001
LA-OU,200802,2,hier_nb,reference_r4,0.001238,1.600000000000039e-05,200801,0.0012219999999999996
LA-OU,200803,3,hier_nb,reference_r4,0.0009859999999999,2.700000000000011e-05,200801,0.0009589999999998998
LA-OU,200804,1,hier_nb,reference_r4,0.00491,0.004235,200804,0.0006750000000000003
LA-OU,200805,2,hier_nb,reference_r4,0.0091069999999999,0.0094439999999999,200804,-0.0003370000000000005
LA-OU,200806,3,hier_nb,reference_r4,0.040045,0.0234419999999999,200804,0.016603000000000097
LA-OU,200807,1,hier_nb,reference_r4,0.087336,0.0711349999999999,200807,0.01620100000000009
LA-OU,200808,2,hier_nb,reference_r4,0.145505,0.0754989999999999,200807,0.0700060000000001
LA-OU,200809,3,hier_nb,reference_r4,0.0607119999999999,0.053435,200807,0.007276999999999895
LA-OU,200810,1,hier_nb,reference_r4,0.0367759999999999,0.0139709999999999,200810,0.022805
LA-OU,200811,2,hier_nb,reference_r4,0.0076559999999999,0.002721,200810,0.0049349999999998995
LA-OU,200812,3,hier_nb,reference_r4,0.0022249999999999,0.0008,200810,0.0014249999999998999
LA-OU,200901,1,hier_nb,reference_r4,0.0013689999999999,0.000629,200901,0.0007399999999999
LA-OU,200902,2,hier_nb,reference_r4,0.001238,0.0002589999999999,200901,0.0009790000000001
LA-OU,200903,3,hier_nb,reference_r4,0.0009859999999999,0.0003709999999999,200901,0.0006149999999999999
LA-OU,200904,1,hier_nb,reference_r4,0.00491,0.0049079999999999,200904,2.000000000100012e-06
LA-OU,200905,2,hier_nb,reference_r4,0.0091069999999999,0.016307,200904,-0.007200000000000099
LA-OU,200906,3,hier_nb,reference_r4,0.040045,0.048014,200904,-0.007969000000000004
LA-OU,200907,1,hier_nb,reference_r4,0.087336,0.0786009999999999,200907,0.008735000000000104
LA-OU,200908,2,hier_nb,reference_r4,0.555505,0.570813,200907,-0.015307999999999988
LA-OU,200909,3,hier_nb,reference_r4,14.204712,13.914119,200907,0.2905930000000012
LA-OU,200910,1,hier_nb,reference_r4,5.418775999999999,2.920085,200910,2.4986909999999996
LA-OU,200911,2,hier_nb,reference_r4,12.771656,11.03346,200910,1.7381960000000003
LA-OU,200912,3,hier_nb,reference_r4,17.884225,17.165494000000002,200910,0.7187309999999982
LA-PH,200901,1,hier_nb,reference_r4,2.9999999999999645e-06,0.018418,200901,-0.018415
LA-PH,200902,2,hier_nb,reference_r4,4.000000000000097e-06,0.022733,200901,-0.022729
LA-PH,200903,3,hier_nb,reference_r4,0.0,0.025421,200901,-0.025421
LA-PH,200904,1,hier_nb,reference_r4,2.499999999999985e-05,0.003866,200904,-0.0038410000000000002
LA-PH,200905,2,hier_nb,reference_r4,8.699999999999854e-05,0.014172,200904,-0.014085000000000002
LA-PH,200906,3,hier_nb,reference_r4,0.0006169999999999,0.045493,200904,-0.044876000000000096
LA-PH,200907,1,hier_nb,reference_r4,0.0047619999999999,0.0229209999999999,200907,-0.018159
LA-PH,200909,3,hier_nb,reference_r4,0.002174,0.031828,200907,-0.029654000000000003
LA-PH,200910,1,hier_nb,reference_r4,0.000781,0.0106709999999999,200910,-0.009889999999999899
LA-PH,200911,2,hier_nb,reference_r4,0.0001999999999999,0.002538,200910,-0.0023380000000001
LA-PH,200912,3,hier_nb,reference_r4,1.600000000000039e-05,0.000584,200910,-0.0005679999999999996
LA-SL,200801,1,hier_nb,reference_r4,0.0243319999999999,0.9600799999999996,200801,-0.9357479999999997
LA-SL,200802,2,hier_nb,reference_r4,0.798645,0.391243,200801,0.40740200000000004
LA-SL,200803,3,hier_nb,reference_r4,4.527996,3.744385,200801,0.7836110000000001
LA-SL,200804,1,hier_nb,reference_r4,1.439706,1.0278949999999996,200804,0.41181100000000037
LA-SL,200805,2,hier_nb,reference_r4,101.235342,92.982289,200804,8.253053000000008
LA-SL,200806,3,hier_nb,reference_r4,216.052671,192.681717,200804,23.37095400000001
LA-SL,200807,1,hier_nb,reference_r4,65.553186,50.50957200000002,200807,15.043613999999977
LA-SL,200808,2,hier_nb,reference_r4,49.959033,55.077301000000006,200807,-5.118268000000008
LA-SL,200809,3,hier_nb,reference_r4,74.00678500000001,45.82262,200807,28.184165000000007
LA-SL,200810,1,hier_nb,reference_r4,83.479382,28.25725,200810,55.222132
LA-SL,200811,2,hier_nb,reference_r4,18.747512,11.517498999999994,200810,7.230013000000007
LA-SL,200812,3,hier_nb,reference_r4,7.154208000000001,7.012841999999999,200810,0.14136600000000143
LA-SL,200901,1,hier_nb,reference_r4,0.7463319999999999,1.5871,200901,-0.8407680000000001
LA-SL,200902,2,hier_nb,reference_r4,23.464644999999997,19.056107,200901,4.4085379999999965
LA-SL,200903,3,hier_nb,reference_r4,24.461996,12.500069,200901,11.961927
LA-SL,200904,1,hier_nb,reference_r4,17.805706,6.748847999999999,200904,11.056858000000002
LA-SL,200905,2,hier_nb,reference_r4,118.133342,36.451201,200904,81.682141
LA-SL,200906,3,hier_nb,reference_r4,35.920671,44.595457999999994,200904,-8.674786999999995
LA-SL,200907,1,hier_nb,reference_r4,148.225186,54.419464000000005,200907,93.805722
LA-SL,200908,2,hier_nb,reference_r4,110.197033,47.098408999999975,200907,63.09862400000003
LA-SL,200909,3,hier_nb,reference_r4,79.746785,42.509049000000005,200907,37.237736
LA-SL,200910,1,hier_nb,reference_r4,86.401382,30.813571000000003,200910,55.587810999999995
LA-SL,200911,2,hier_nb,reference_r4,41.189512,16.131958000000004,200910,25.057553999999996
LA-SL,200912,3,hier_nb,reference_r4,15.918208,9.186626999999998,200910,6.731581000000002
LA-SV,200801,1,hier_nb,reference_r4,2.2555700000000023,4.498469,200801,-2.2428989999999978
LA-SV,200802,2,hier_nb,reference_r4,1.268528,0.9357829999999998,200801,0.3327450000000003
LA-SV,200803,3,hier_nb,reference_r4,1.655384999999999,0.4320459999999999,200801,1.223338999999999
LA-SV,200804,1,hier_nb,reference_r4,4.448038,1.270896,200804,3.1771420000000004
LA-SV,200805,2,hier_nb,reference_r4,11.943648999999994,1.211938,200804,10.731710999999994
LA-SV,200806,3,hier_nb,reference_r4,24.714742,4.382397000000001,200804,20.332345
LA-SV,200807,1,hier_nb,reference_r4,42.85648500000002,4.131303000000001,200807,38.72518200000002
LA-SV,200808,2,hier_nb,reference_r4,55.694196999999974,5.728318999999999,200807,49.965877999999975
LA-SV,200809,3,hier_nb,reference_r4,38.412128,7.445155,200807,30.966973000000003
LA-SV,200810,1,hier_nb,reference_r4,20.405147999999997,3.352323,200810,17.052825
LA-SV,200811,2,hier_nb,reference_r4,11.396930999999997,0.7557459999999998,200810,10.641184999999997
LA-SV,200812,3,hier_nb,reference_r4,5.524751999999999,0.507585,200810,5.017167
LA-SV,200901,1,hier_nb,reference_r4,2.6355700000000013,0.0714229999999999,200901,2.5641470000000015
LA-SV,200902,2,hier_nb,reference_r4,1.4345280000000002,0.0220509999999999,200901,1.4124770000000004
LA-SV,200903,3,hier_nb,reference_r4,1.929385,0.159238,200901,1.770147
LA-SV,200904,1,hier_nb,reference_r4,4.448038,0.163736,200904,4.284302
LA-SV,200905,2,hier_nb,reference_r4,12.655648999999997,1.009451,200904,11.646197999999996
LA-SV,200906,3,hier_nb,reference_r4,29.030742000000004,1.3927969999999994,200904,27.637945000000006
LA-SV,200907,1,hier_nb,reference_r4,42.042485,10.228096,200907,31.814389
LA-SV,200908,2,hier_nb,reference_r4,44.54619700000001,31.001547,200907,13.544650000000008
LA-SV,200909,3,hier_nb,reference_r4,29.860128000000003,45.253779,200907,-15.393650999999998
LA-SV,200910,1,hier_nb,reference_r4,19.509147999999986,5.458602999999999,200910,14.050544999999985
LA-SV,200911,2,hier_nb,reference_r4,15.364931,23.912272,200910,-8.547341000000001
LA-SV,200912,3,hier_nb,reference_r4,4.5987519999999975,1.481372,200910,3.1173799999999976
LA-VT,200801,1,hier_nb,reference_r4,7.945031,11.401864000000003,200801,-3.456833000000003
LA-VT,200802,2,hier_nb,reference_r4,6.798296000000001,4.149587,200801,2.648709
LA-VT,200803,3,hier_nb,reference_r4,6.365330999999998,17.373132,200801,-11.007801
LA-VT,200804,1,hier_nb,reference_r4,24.432004999999997,17.547157,200804,6.884847999999998
LA-VT,200805,2,hier_nb,reference_r4,52.867109,21.381164,200804,31.485945
LA-VT,200806,3,hier_nb,reference_r4,93.201893,100.48202199999996,200804,-7.28012899999996
LA-VT,200807,1,hier_nb,reference_r4,125.766226,73.79979099999997,200807,51.96643500000003
LA-VT,200808,2,hier_nb,reference_r4,127.636501,76.60299900000001,200807,51.033501999999984
LA-VT,200809,3,hier_nb,reference_r4,92.64132,65.094492,200807,27.54682799999999
LA-VT,200810,1,hier_nb,reference_r4,58.17777100000001,28.02839300000001,200810,30.149378
LA-VT,200811,2,hier_nb,reference_r4,31.637276999999997,72.404301,200810,-40.767024000000006
LA-VT,200812,3,hier_nb,reference_r4,24.182371000000003,56.745242999999995,200810,-32.56287199999999
LA-VT,200901,1,hier_nb,reference_r4,9.009031,20.171851,200901,-11.16282
LA-VT,200902,2,hier_nb,reference_r4,5.436296000000002,12.639136,200901,-7.202839999999998
LA-VT,200903,3,hier_nb,reference_r4,6.207331,5.874108999999999,200901,0.333222000000001
LA-VT,200904,1,hier_nb,reference_r4,10.904004999999998,11.915551,200904,-1.0115460000000027
LA-VT,200905,2,hier_nb,reference_r4,31.787109,88.11757200000002,200904,-56.33046300000002
LA-VT,200906,3,hier_nb,reference_r4,70.48989300000002,205.6236269999999,200904,-135.1337339999999
LA-VT,200907,1,hier_nb,reference_r4,86.518226,129.80826100000002,200907,-43.29003500000002
LA-VT,200908,2,hier_nb,reference_r4,90.632501,110.477505,200907,-19.84500399999999
LA-VT,200909,3,hier_nb,reference_r4,116.24532,136.618265,200907,-20.372945
LA-VT,200910,1,hier_nb,reference_r4,221.87177099999997,233.742105,200910,-11.870334000000042
LA-VT,200911,2,hier_nb,reference_r4,316.611277,330.77016100000003,200910,-14.158884000000057
LA-VT,200912,3,hier_nb,reference_r4,255.546371,258.32397000000003,200910,-2.7775990000000377
LA-XA,200801,1,hier_nb,reference_r4,0.4851729999999996,0.9189230000000002,200801,-0.4337500000000006
LA-XA,200802,2,hier_nb,reference_r4,0.2146049999999997,0.242623,200801,-0.028018000000000293
LA-XA,200803,3,hier_nb,reference_r4,0.3412479999999993,0.1424059999999999,200801,0.19884199999999938
LA-XA,200804,1,hier_nb,reference_r4,0.7462710000000001,0.069886,200804,0.6763850000000001
LA-XA,200805,2,hier_nb,reference_r4,2.291563,1.187379,200804,1.104184
LA-XA,200806,3,hier_nb,reference_r4,5.970826000000002,4.270967000000001,200804,1.6998590000000018
LA-XA,200807,1,hier_nb,reference_r4,12.482861999999995,9.662997999999998,200807,2.8198639999999973
LA-XA,200808,2,hier_nb,reference_r4,12.440606000000002,2.4522980000000003,200807,9.988308000000002
LA-XA,200809,3,hier_nb,reference_r4,10.544103000000009,0.9251850000000004,200807,9.618918000000008
LA-XA,200810,1,hier_nb,reference_r4,5.460675000000002,1.1527489999999996,200810,4.307926000000002
LA-XA,200811,2,hier_nb,reference_r4,2.645464999999998,0.65151,200810,1.993954999999998
LA-XA,200812,3,hier_nb,reference_r4,0.9971009999999988,0.3937969999999999,200810,0.603303999999999
LA-XA,200901,1,hier_nb,reference_r4,0.4851729999999996,0.095914,200901,0.3892589999999996
LA-XA,200902,2,hier_nb,reference_r4,0.2146049999999997,0.055453,200901,0.1591519999999997
LA-XA,200903,3,hier_nb,reference_r4,0.3412479999999993,0.224484,200901,0.11676399999999929
LA-XA,200904,1,hier_nb,reference_r4,0.7462710000000001,0.2296639999999999,200904,0.5166070000000003
LA-XA,200905,2,hier_nb,reference_r4,2.259563,0.5784950000000002,200904,1.6810679999999998
LA-XA,200906,3,hier_nb,reference_r4,7.744826000000003,7.183929,200904,0.5608970000000033
LA-XA,200907,1,hier_nb,reference_r4,10.904861999999994,4.260052999999999,200907,6.644808999999995
LA-XA,200908,2,hier_nb,reference_r4,20.34660600000001,26.107709,200907,-5.761102999999991
LA-XA,200909,3,hier_nb,reference_r4,9.654103000000006,4.267123,200907,5.3869800000000065
LA-XA,200910,1,hier_nb,reference_r4,5.490675000000003,2.8570139999999995,200910,2.6336610000000036
LA-XA,200911,2,hier_nb,reference_r4,3.1614649999999997,1.4497869999999995,200910,1.7116780000000003
LA-XA,200912,3,hier_nb,reference_r4,1.0211009999999998,0.981279,200910,0.0398219999999998
LA-XE,200801,1,hier_nb,reference_r4,0.004754,0.0147789999999999,200801,-0.010024999999999899
LA-XE,200802,2,hier_nb,reference_r4,0.004669,0.0047719999999999,200801,-0.00010299999999989918
LA-XE,200803,3,hier_nb,reference_r4,0.007233,0.002709,200801,0.004524
LA-XE,200804,1,hier_nb,reference_r4,0.0221159999999999,0.0218329999999999,200804,0.00028299999999999853
LA-XE,200805,2,hier_nb,reference_r4,0.0909019999999999,0.044604,200804,0.0462979999999999
LA-XE,200806,3,hier_nb,reference_r4,3.371357,4.019584,200804,-0.6482269999999999
LA-XE,200807,1,hier_nb,reference_r4,0.5613389999999998,0.765496,200807,-0.20415700000000014
LA-XE,200808,2,hier_nb,reference_r4,0.8368090000000001,1.0088939999999995,200807,-0.17208499999999938
LA-XE,200809,3,hier_nb,reference_r4,0.5848939999999998,0.691745,200807,-0.10685100000000025
LA-XE,200810,1,hier_nb,reference_r4,0.2625009999999999,0.402077,200810,-0.13957600000000014
LA-XE,200811,2,hier_nb,reference_r4,0.058418,0.1259199999999999,200810,-0.0675019999999999
LA-XE,200812,3,hier_nb,reference_r4,0.7884260000000001,0.6113390000000001,200810,0.177087
LA-XE,200901,1,hier_nb,reference_r4,0.004754,0.005649,200901,-0.000895
LA-XE,200902,2,hier_nb,reference_r4,1.844669,1.845126,200901,-0.00045700000000015173
LA-XE,200903,3,hier_nb,reference_r4,1.801233,1.71168,200901,0.089553
LA-XE,200904,1,hier_nb,reference_r4,0.742116,0.392333,200904,0.349783
LA-XE,200905,2,hier_nb,reference_r4,1.3329019999999998,0.7663539999999998,200904,0.566548
LA-XE,200906,3,hier_nb,reference_r4,7.041357,4.397445,200904,2.6439119999999994
LA-XE,200907,1,hier_nb,reference_r4,24.385339,18.682204,200907,5.703135
LA-XE,200908,2,hier_nb,reference_r4,21.788809,15.312984,200907,6.475825
LA-XE,200909,3,hier_nb,reference_r4,3.4208939999999997,1.859451,200907,1.5614429999999997
LA-XE,200910,1,hier_nb,reference_r4,5.094501,2.599609000000001,200910,2.494891999999999
LA-XE,200911,2,hier_nb,reference_r4,2.3344180000000003,9.82727,200910,-7.492852
LA-XE,200912,3,hier_nb,reference_r4,6.558426,8.447125999999997,200910,-1.8886999999999974
LA-XI,200801,1,hier_nb,reference_r4,2.599999999999998e-05,0.000445,200801,-0.000419
LA-XI,200802,2,hier_nb,reference_r4,4.900000000000043e-05,4.99999999999997e-05,200801,-9.999999999992654e-07
LA-XI,200803,3,hier_nb,reference_r4,1.600000000000039e-05,0.000226,200801,-0.0002099999999999996
LA-XI,200804,1,hier_nb,reference_r4,1.600000000000039e-05,0.0056789999999999,200804,-0.0056629999999999
LA-XI,200805,2,hier_nb,reference_r4,0.000605,0.001605,200804,-0.001
LA-XI,200806,3,hier_nb,reference_r4,0.909065,0.806752,200804,0.10231299999999999
LA-XI,200807,1,hier_nb,reference_r4,0.010813,0.1194239999999999,200807,-0.1086109999999999
LA-XI,200808,2,hier_nb,reference_r4,0.0191,0.1384029999999999,200807,-0.11930299999999988
LA-XI,200809,3,hier_nb,reference_r4,0.0091139999999999,0.130684,200807,-0.1215700000000001
LA-XI,200810,1,hier_nb,reference_r4,0.004324,0.049725,200810,-0.045401
LA-XI,200811,2,hier_nb,reference_r4,0.001242,0.0093689999999999,200810,-0.0081269999999999
LA-XI,200812,3,hier_nb,reference_r4,0.00016,0.0045739999999999,200810,-0.0044139999999999
LA-XI,200901,1,hier_nb,reference_r4,2.599999999999998e-05,0.000507,200901,-0.000481
LA-XI,200902,2,hier_nb,reference_r4,4.900000000000043e-05,0.001228,200901,-0.0011789999999999995
LA-XI,200903,3,hier_nb,reference_r4,1.600000000000039e-05,0.0013999999999999,200901,-0.0013839999999998996
LA-XI,200904,1,hier_nb,reference_r4,1.600000000000039e-05,0.0011879999999999,200904,-0.0011719999999998997
LA-XI,200905,2,hier_nb,reference_r4,38.938605,38.891821,200904,0.04678400000000238
LA-XI,200906,3,hier_nb,reference_r4,32.801065,32.716731,200904,0.08433399999999835
LA-XI,200907,1,hier_nb,reference_r4,0.8368129999999999,12.887232999999998,200907,-12.050419999999999
LA-XI,200908,2,hier_nb,reference_r4,9.4031,11.848004999999995,200907,-2.444904999999995
LA-XI,200909,3,hier_nb,reference_r4,0.0091139999999999,15.407272,200907,-15.398158
LA-XI,200910,1,hier_nb,reference_r4,0.004324,13.131773999999997,200910,-13.127449999999996
LA-XI,200911,2,hier_nb,reference_r4,0.001242,5.687959000000001,200910,-5.686717000000001
LA-XI,200912,3,hier_nb,reference_r4,0.00016,2.538564,200910,-2.538404
LA-AT,200801,1,climatology,reference,4.0,2.97824275,200801,1.0217572499999998
LA-AT,200802,2,climatology,reference,1.63,1.33016525,200801,0.2998347499999998
LA-AT,200803,3,climatology,reference,0.0,0.04634925,200801,-0.04634925
LA-AT,200804,1,climatology,reference,0.02,0.4565529999999999,200804,-0.43655299999999986
LA-AT,200805,2,climatology,reference,3.45,1.82715075,200804,1.6228492500000002
LA-AT,200806,3,climatology,reference,8.86,4.71279525,200804,4.147204749999999
LA-AT,200807,1,climatology,reference,4.54,2.5677025,200807,1.9722974999999998
LA-AT,200808,2,climatology,reference,9.47,3.45742575,200807,6.01257425
LA-AT,200809,3,climatology,reference,17.57,11.31119925,200807,6.258800750000001
LA-AT,200810,1,climatology,reference,38.95,33.537995,200810,5.412005000000001
LA-AT,200811,2,climatology,reference,43.0,36.1167355,200810,6.883264500000003
LA-AT,200812,3,climatology,reference,22.28,18.0629155,200810,4.217084500000002
LA-AT,200901,1,climatology,reference,17.305124,8.1268215,200901,9.1783025
LA-AT,200902,2,climatology,reference,45.164529,36.46182425,200901,8.702704750000002
LA-AT,200903,3,climatology,reference,77.0,55.948888,200901,21.051112000000003
LA-AT,200904,1,climatology,reference,98.652562,37.03069325,200904,61.621868750000004
LA-AT,200905,2,climatology,reference,0.1242149999999999,92.2317765,200904,-92.10756149999999
LA-AT,200906,3,climatology,reference,21.319868,74.69015925,200904,-53.370291249999994
LA-AT,200907,1,climatology,reference,61.750116,85.734505,200907,-23.984389
LA-AT,200908,2,climatology,reference,17.823736,88.89274325000001,200907,-71.06900725000001
LA-AT,200909,3,climatology,reference,10.060613,170.63587875000002,200907,-160.57526575000003
LA-AT,200910,1,climatology,reference,4.830283999999999,42.55892625000001,200910,-37.728642250000014
LA-AT,200911,2,climatology,reference,13.444083,27.078477999999997,200910,-13.634394999999998
LA-AT,200912,3,climatology,reference,4.502959,31.981349999999996,200910,-27.478390999999995
LA-BK,200801,1,climatology,reference,0.81,0.9389885,200801,-0.12898849999999995
LA-BK,200802,2,climatology,reference,0.01,0.0002057499999999,200801,0.0097942500000001
LA-BK,200803,3,climatology,reference,0.01,6.450000000000032e-05,200801,0.0099355
LA-BK,200804,1,climatology,reference,0.01,0.0496154999999999,200804,-0.0396154999999999
LA-BK,200805,2,climatology,reference,11.64,10.348775,200804,1.2912250000000007
LA-BK,200806,3,climatology,reference,52.17,50.53246675,200804,1.6375332500000042
LA-BK,200807,1,climatology,reference,0.6600000000000001,16.48096425,200807,-15.82096425
LA-BK,200808,2,climatology,reference,6.84,27.49370075000001,200807,-20.65370075000001
LA-BK,200809,3,climatology,reference,29.34,74.9526455,200807,-45.6126455
LA-BK,200810,1,climatology,reference,44.92,35.33058025000001,200810,9.58941974999999
LA-BK,200811,2,climatology,reference,55.0,43.412364749999995,200810,11.587635250000005
LA-BK,200812,3,climatology,reference,5.0,1.7887067500000002,200810,3.2112932499999998
LA-BK,200901,1,climatology,reference,0.6691239999999999,0.477092,200901,0.19203199999999992
LA-BK,200902,2,climatology,reference,0.0082809999999999,0.3203935,200901,-0.3121125000000001
LA-BK,200903,3,climatology,reference,0.826281,0.67142975,200901,0.15485125
LA-BK,200904,1,climatology,reference,2.826281,1.6080545,200904,1.2182264999999999
LA-BK,200905,2,climatology,reference,71.61762,43.90767825,200904,27.709941750000006
LA-BK,200906,3,climatology,reference,206.10648,132.982159,200904,73.12432100000001
LA-BK,200907,1,climatology,reference,209.635455,118.65824075,200907,90.97721425
LA-BK,200908,2,climatology,reference,106.650017,47.89845075000001,200907,58.751566249999996
LA-BK,200909,3,climatology,reference,43.240067,23.5955485,200907,19.644518500000004
LA-BK,200910,1,climatology,reference,23.210034,27.0755285,200910,-3.8654945000000005
LA-BK,200911,2,climatology,reference,4.5454550000000005,17.424168249999997,200910,-12.878713249999997
LA-BK,200912,3,climatology,reference,3.313405,6.9384060000000005,200910,-3.6250010000000006
LA-BL,200801,1,climatology,reference,5.6899999999999995,5.498603,200801,0.19139699999999937
LA-BL,200802,2,climatology,reference,2.88,5.94577975,200801,-3.06577975
LA-BL,200803,3,climatology,reference,2.29,0.40200325,200801,1.8879967500000001
LA-BL,200804,1,climatology,reference,2.8299999999999996,2.8172137500000005,200804,0.01278624999999911
LA-BL,200805,2,climatology,reference,9.2,6.407246,200804,2.7927539999999995
LA-BL,200806,3,climatology,reference,10.070000000000002,8.265453,200804,1.8045470000000012
LA-BL,200807,1,climatology,reference,27.62,16.015395249999997,200807,11.604604750000004
LA-BL,200808,2,climatology,reference,19.03,19.868641250000003,200807,-0.838641250000002
LA-BL,200809,3,climatology,reference,25.370000000000005,19.75864525,200807,5.611354750000004
LA-BL,200810,1,climatology,reference,16.870000000000005,10.744573,200810,6.125427000000004
LA-BL,200811,2,climatology,reference,6.290000000000001,3.4550507500000003,200810,2.8349492500000006
LA-BL,200812,3,climatology,reference,2.05,1.46808125,200810,0.5819187499999998
LA-BL,200901,1,climatology,reference,0.7038849999999999,0.8320259999999999,200901,-0.12814100000000006
LA-BL,200902,2,climatology,reference,0.926381,1.60335525,200901,-0.6769742499999999
LA-BL,200903,3,climatology,reference,2.5287120000000005,1.1858857500000002,200901,1.3428262500000003
LA-BL,200904,1,climatology,reference,2.7938859999999996,0.7454415000000002,200904,2.0484444999999996
LA-BL,200905,2,climatology,reference,17.157429000000004,3.261640999999999,200904,13.895788000000005
LA-BL,200906,3,climatology,reference,16.873330000000003,3.63385025,200904,13.239479750000003
LA-BL,200907,1,climatology,reference,20.996472,14.910294749999998,200907,6.086177250000002
LA-BL,200908,2,climatology,reference,33.260011999999996,5.00424675,200907,28.255765249999996
LA-BL,200909,3,climatology,reference,41.130528,7.9394645,200907,33.1910635
LA-BL,200910,1,climatology,reference,17.210586000000003,3.9960645,200910,13.214521500000004
LA-BL,200911,2,climatology,reference,11.201476,1.2438090000000002,200910,9.957666999999999
LA-BL,200912,3,climatology,reference,1.6965139999999996,0.46090225,200910,1.2356117499999997
LA-CH,200801,1,climatology,reference,47.5,30.81855425,200801,16.68144575
LA-CH,200802,2,climatology,reference,53.03999999999999,48.27061325,200801,4.769386749999995
LA-CH,200803,3,climatology,reference,50.58,56.14356,200801,-5.5635600000000025
LA-CH,200804,1,climatology,reference,31.85,27.5777695,200804,4.272230500000003
LA-CH,200805,2,climatology,reference,38.959999999999994,43.657154000000006,200804,-4.697154000000012
LA-CH,200806,3,climatology,reference,127.17000000000002,121.9575565,200804,5.21244350000002
LA-CH,200807,1,climatology,reference,41.25,149.78822574999998,200807,-108.53822574999998
LA-CH,200808,2,climatology,reference,42.510000000000005,108.16453325,200807,-65.65453325
LA-CH,200809,3,climatology,reference,49.599999999999994,102.1736085,200807,-52.573608500000006
LA-CH,200810,1,climatology,reference,37.669999999999995,38.75167449999999,200810,-1.0816744999999983
LA-CH,200811,2,climatology,reference,41.07000000000001,32.59691575,200810,8.473084250000007
LA-CH,200812,3,climatology,reference,33.34,23.08830675,200810,10.251693250000002
LA-CH,200901,1,climatology,reference,10.890717,11.602738250000002,200901,-0.7120212500000012
LA-CH,200902,2,climatology,reference,19.093116999999996,23.9947825,200901,-4.901665500000004
LA-CH,200903,3,climatology,reference,21.42854,23.223772749999995,200901,-1.7952327499999932
LA-CH,200904,1,climatology,reference,53.487149,33.26328375,200904,20.223865250000003
LA-CH,200905,2,climatology,reference,19.053490000000004,102.43352875,200904,-83.38003874999998
LA-CH,200906,3,climatology,reference,30.695037999999997,110.7799035,200904,-80.0848655
LA-CH,200907,1,climatology,reference,45.004213,106.44276275,200907,-61.43854975
LA-CH,200908,2,climatology,reference,44.17307600000001,71.8572925,200907,-27.68421649999999
LA-CH,200909,3,climatology,reference,32.110839000000006,85.23061974999999,200907,-53.11978074999998
LA-CH,200910,1,climatology,reference,23.227603,24.485428249999995,200910,-1.2578252499999962
LA-CH,200911,2,climatology,reference,12.418226999999998,33.47504574999999,200910,-21.056818749999994
LA-CH,200912,3,climatology,reference,14.757385999999997,23.542520250000003,200910,-8.785134250000006
LA-HO,200801,1,climatology,reference,0.01,0.0022225,200801,0.0077775
LA-HO,200802,2,climatology,reference,0.01,0.00060975,200801,0.00939025
LA-HO,200803,3,climatology,reference,0.01,0.0071379999999999,200801,0.0028620000000001006
LA-HO,200804,1,climatology,reference,0.01,0.0544294999999999,200804,-0.0444294999999999
LA-HO,200805,2,climatology,reference,0.0,0.04176525,200804,-0.04176525
LA-HO,200806,3,climatology,reference,0.0599999999999999,0.05936925,200804,0.0006307499999999022
LA-HO,200807,1,climatology,reference,0.1999999999999999,0.02099075,200807,0.1790092499999999
LA-HO,200808,2,climatology,reference,0.0,0.03150475,200807,-0.03150475
LA-HO,200809,3,climatology,reference,0.6900000000000002,0.69670275,200807,-0.0067027499999998685
LA-HO,200810,1,climatology,reference,0.02,0.0392232499999999,200810,-0.019223249999999897
LA-HO,200811,2,climatology,reference,0.0,0.0050814999999999,200810,-0.0050814999999999
LA-HO,200812,3,climatology,reference,0.65,0.91112925,200810,-0.26112925
LA-HO,200901,1,climatology,reference,0.0082809999999999,0.0192212499999999,200901,-0.010940250000000002
LA-HO,200902,2,climatology,reference,0.0082809999999999,0.0323445,200901,-0.0240635000000001
LA-HO,200903,3,climatology,reference,0.0082809999999999,0.0267812499999999,200901,-0.01850025
LA-HO,200904,1,climatology,reference,0.0082809999999999,0.0051935,200904,0.0030874999999998994
LA-HO,200905,2,climatology,reference,0.0,0.01740675,200904,-0.01740675
LA-HO,200906,3,climatology,reference,0.049686,0.05840775,200904,-0.00872175
LA-HO,200907,1,climatology,reference,0.16562,0.12487125,200907,0.040748749999999986
LA-HO,200908,2,climatology,reference,0.0,0.2444915,200907,-0.2444915
LA-HO,200909,3,climatology,reference,0.5699339999999999,0.6843210000000001,200907,-0.11438700000000013
LA-HO,200910,1,climatology,reference,0.834562,0.6427927499999999,200910,0.1917692500000001
LA-HO,200911,2,climatology,reference,1.0,0.8434539999999999,200910,0.15654600000000007
LA-HO,200912,3,climatology,reference,0.53681,0.9164925,200910,-0.37968250000000003
LA-KH,200801,1,climatology,reference,1.1499999999999997,0.668192,200801,0.4818079999999997
LA-KH,200802,2,climatology,reference,0.1499999999999999,0.08029775,200801,0.06970224999999991
LA-KH,200803,3,climatology,reference,0.04,0.07456825,200801,-0.03456825
LA-KH,200804,1,climatology,reference,0.1099999999999999,0.24409625,200804,-0.13409625000000008
LA-KH,200805,2,climatology,reference,1.38,0.4543724999999999,200804,0.9256275
LA-KH,200806,3,climatology,reference,8.940000000000001,1.1807720000000002,200804,7.759228000000001
LA-KH,200807,1,climatology,reference,35.06999999999999,1.5565425,200807,33.513457499999994
LA-KH,200808,2,climatology,reference,37.92,0.3779609999999999,200807,37.542039
LA-KH,200809,3,climatology,reference,14.089999999999996,2.1682395000000003,200807,11.921760499999996
LA-KH,200810,1,climatology,reference,5.470000000000001,0.5096142499999999,200810,4.96038575
LA-KH,200811,2,climatology,reference,1.4299999999999995,1.65209625,200810,-0.22209625000000055
LA-KH,200812,3,climatology,reference,3.69,3.36063125,200810,0.32936875
LA-KH,200901,1,climatology,reference,0.9523149999999996,0.0790274999999999,200901,0.8732874999999997
LA-KH,200902,2,climatology,reference,0.1242149999999999,0.026117,200901,0.0980979999999999
LA-KH,200903,3,climatology,reference,5.305124,4.5077255,200901,0.7973984999999999
LA-KH,200904,1,climatology,reference,0.091091,0.7074322499999999,200904,-0.6163412499999998
LA-KH,200905,2,climatology,reference,4.0487779999999995,1.95976375,200904,2.0890142499999995
LA-KH,200906,3,climatology,reference,46.36775900000001,57.63883475,200904,-11.271075749999994
LA-KH,200907,1,climatology,reference,68.223464,95.69765025,200907,-27.47418624999999
LA-KH,200908,2,climatology,reference,171.36027,237.32167575,200907,-65.96140574999998
LA-KH,200909,3,climatology,reference,187.121383,212.42498625,200907,-25.30360324999998
LA-KH,200910,1,climatology,reference,57.593343,24.7073215,200910,32.8860215
LA-KH,200911,2,climatology,reference,54.814001,19.22360425,200910,35.59039675
LA-KH,200912,3,climatology,reference,52.764233,39.821657,200910,12.942575999999995
LA-LM,200801,1,climatology,reference,0.0,0.0001585,200801,-0.0001585
LA-LM,200802,2,climatology,reference,0.0,6.174999999999985e-05,200801,-6.174999999999985e-05
LA-LM,200803,3,climatology,reference,0.0499999999999999,1.3500000000000055e-05,200801,0.0499864999999999
LA-LM,200804,1,climatology,reference,0.01,0.0130015,200804,-0.003001499999999999
LA-LM,200805,2,climatology,reference,0.0,0.0591669999999999,200804,-0.0591669999999999
LA-LM,200806,3,climatology,reference,0.0,0.1041679999999999,200804,-0.1041679999999999
LA-LM,200807,1,climatology,reference,0.0499999999999999,0.0535484999999999,200807,-0.003548500000000003
LA-LM,200808,2,climatology,reference,0.0299999999999999,0.05174525,200807,-0.0217452500000001
LA-LM,200809,3,climatology,reference,0.0,0.062426,200807,-0.062426
LA-LM,200810,1,climatology,reference,0.09,0.0152224999999999,200810,0.0747775000000001
LA-LM,200811,2,climatology,reference,0.02,0.00177175,200810,0.01822825
LA-LM,200812,3,climatology,reference,0.0,0.00068975,200810,-0.00068975
LA-LM,200901,1,climatology,reference,0.0,0.0001949999999999,200901,-0.0001949999999999
LA-LM,200902,2,climatology,reference,0.0,0.00018925,200901,-0.00018925
LA-LM,200903,3,climatology,reference,0.041405,0.0004434999999999,200901,0.040961500000000095
LA-LM,200904,1,climatology,reference,0.826281,0.90405325,200904,-0.07777224999999999
LA-LM,200905,2,climatology,reference,0.0,0.0133689999999999,200904,-0.0133689999999999
LA-LM,200906,3,climatology,reference,2.0,1.551981,200904,0.44801899999999995
LA-LM,200907,1,climatology,reference,0.677405,0.6302887499999998,200907,0.04711625000000019
LA-LM,200908,2,climatology,reference,0.024843,0.96355375,200907,-0.93871075
LA-LM,200909,3,climatology,reference,4.0,1.74632725,200907,2.25367275
LA-LM,200910,1,climatology,reference,4.164529,2.592922,200910,1.5716069999999998
LA-LM,200911,2,climatology,reference,5.652562,4.6176685,200910,1.0348935
LA-LM,200912,3,climatology,reference,4.0,3.4080207500000004,200910,0.5919792499999996
LA-LP,200801,1,climatology,reference,0.1999999999999999,0.8000940000000001,200801,-0.6000940000000001
LA-LP,200802,2,climatology,reference,13.92,14.4972085,200801,-0.5772084999999993
LA-LP,200803,3,climatology,reference,20.81,20.49389075,200801,0.31610925000000023
LA-LP,200804,1,climatology,reference,31.229999999999997,16.4612975,200804,14.768702499999996
LA-LP,200805,2,climatology,reference,107.3,70.660004,200804,36.639996
LA-LP,200806,3,climatology,reference,132.97,91.437212,200804,41.532788
LA-LP,200807,1,climatology,reference,10.659999999999998,132.93813575,200807,-122.27813574999999
LA-LP,200808,2,climatology,reference,12.43,120.5468225,200807,-108.11682250000001
LA-LP,200809,3,climatology,reference,10.5,105.83628925,200807,-95.33628925
LA-LP,200810,1,climatology,reference,9.55,29.917792499999997,200810,-20.367792499999997
LA-LP,200811,2,climatology,reference,103.0,54.699316,200810,48.300684
LA-LP,200812,3,climatology,reference,126.82,128.10342875,200810,-1.283428750000013
LA-LP,200901,1,climatology,reference,0.16562,6.58888025,200901,-6.42326025
LA-LP,200902,2,climatology,reference,0.5962320000000001,5.566539000000001,200901,-4.970307
LA-LP,200903,3,climatology,reference,0.4720169999999997,12.11694725,200901,-11.644930250000002
LA-LP,200904,1,climatology,reference,0.8104469999999999,15.0290065,200904,-14.2185595
LA-LP,200905,2,climatology,reference,3.589589,38.7733485,200904,-35.183759499999994
LA-LP,200906,3,climatology,reference,5.813261999999998,77.28777124999999,200904,-71.47450925
LA-LP,200907,1,climatology,reference,4.452995999999999,20.54183075,200907,-16.08883475
LA-LP,200908,2,climatology,reference,8.377825999999999,21.08749825,200907,-12.70967225
LA-LP,200909,3,climatology,reference,238.358321,301.0382715,200907,-62.67995050000002
LA-LP,200910,1,climatology,reference,126.23871400000002,97.520537,200910,28.71817700000001
LA-LP,200911,2,climatology,reference,61.383126999999995,57.35531225,200910,4.0278147499999974
LA-LP,200912,3,climatology,reference,7.821726000000002,2.84331375,200910,4.978412250000002
LA-OU,200801,1,climatology,reference,0.0,0.00074225,200801,-0.00074225
LA-OU,200802,2,climatology,reference,0.0,8.874999999999985e-05,200801,-8.874999999999985e-05
LA-OU,200803,3,climatology,reference,0.0,2.9250000000000088e-05,200801,-2.9250000000000088e-05
LA-OU,200804,1,climatology,reference,0.0,0.0316992499999999,200804,-0.0316992499999999
LA-OU,200805,2,climatology,reference,0.01,0.1081782499999999,200804,-0.09817824999999991
LA-OU,200806,3,climatology,reference,0.01,0.18916375,200804,-0.17916374999999998
LA-OU,200807,1,climatology,reference,0.04,0.0829755,200807,-0.04297549999999999
LA-OU,200808,2,climatology,reference,0.12,0.0668145,200807,0.0531855
LA-OU,200809,3,climatology,reference,0.04,0.05930025,200807,-0.019300249999999998
LA-OU,200810,1,climatology,reference,0.0799999999999999,0.012843,200810,0.06715699999999991
LA-OU,200811,2,climatology,reference,0.01,0.0024695,200810,0.007530500000000001
LA-OU,200812,3,climatology,reference,0.0,0.00079875,200810,-0.00079875
LA-OU,200901,1,climatology,reference,0.0,0.0004679999999999,200901,-0.0004679999999999
LA-OU,200902,2,climatology,reference,0.0,0.0002777499999999,200901,-0.0002777499999999
LA-OU,200903,3,climatology,reference,0.0,0.0007395,200901,-0.0007395
LA-OU,200904,1,climatology,reference,0.0,0.00415725,200904,-0.00415725
LA-OU,200905,2,climatology,reference,0.0082809999999999,0.0184594999999999,200904,-0.0101785
LA-OU,200906,3,climatology,reference,0.0082809999999999,0.0511769999999999,200904,-0.042896000000000004
LA-OU,200907,1,climatology,reference,0.0331239999999999,0.6232317500000001,200907,-0.5901077500000002
LA-OU,200908,2,climatology,reference,0.7353719999999999,0.9829075,200907,-0.24753550000000013
LA-OU,200909,3,climatology,reference,14.669124,12.507459,200907,2.1616649999999993
LA-OU,200910,1,climatology,reference,4.974247999999999,2.921761,200910,2.0524869999999993
LA-OU,200911,2,climatology,reference,12.826281,11.034984,200910,1.7912970000000001
LA-OU,200912,3,climatology,reference,18.0,17.15396225,200910,0.8460377500000007
LA-PH,200901,1,climatology,reference,0.0,0.0154489999999999,200901,-0.0154489999999999
LA-PH,200902,2,climatology,reference,0.0,0.0178615,200901,-0.0178615
LA-PH,200903,3,climatology,reference,0.0,0.02070775,200901,-0.02070775
LA-PH,200904,1,climatology,reference,0.0,0.00479075,200904,-0.00479075
LA-PH,200905,2,climatology,reference,0.0,0.0150095,200904,-0.0150095
LA-PH,200906,3,climatology,reference,0.0,0.04324225,200904,-0.04324225
LA-PH,200907,1,climatology,reference,0.0,0.0707159999999999,200907,-0.0707159999999999
LA-PH,200909,3,climatology,reference,0.04,0.0865845,200907,-0.046584499999999994
LA-PH,200910,1,climatology,reference,0.0,0.00941875,200910,-0.00941875
LA-PH,200911,2,climatology,reference,0.0,0.0020495,200910,-0.0020495
LA-PH,200912,3,climatology,reference,0.0,0.00046175,200910,-0.00046175
LA-SL,200801,1,climatology,reference,0.1099999999999999,0.87340525,200801,-0.7634052500000001
LA-SL,200802,2,climatology,reference,1.0,0.39527375,200801,0.60472625
LA-SL,200803,3,climatology,reference,4.62,3.809898000000001,200801,0.8101019999999992
LA-SL,200804,1,climatology,reference,2.0,1.0500684999999998,200804,0.9499315000000002
LA-SL,200805,2,climatology,reference,82.75,91.50648275,200804,-8.756482750000004
LA-SL,200806,3,climatology,reference,206.97,191.208872,200804,15.761127999999985
LA-SL,200807,1,climatology,reference,75.25,51.932966500000006,200807,23.317033499999994
LA-SL,200808,2,climatology,reference,52.45,54.421800999999995,200807,-1.9718009999999921
LA-SL,200809,3,climatology,reference,76.05,45.79823450000001,200807,30.25176549999999
LA-SL,200810,1,climatology,reference,89.54,28.194475,200810,61.34552500000001
LA-SL,200811,2,climatology,reference,19.16,11.675870749999998,200810,7.484129250000002
LA-SL,200812,3,climatology,reference,5.69,7.235732249999999,200810,-1.5457322499999986
LA-SL,200901,1,climatology,reference,0.545091,1.4981945,200901,-0.9531035000000001
LA-SL,200902,2,climatology,reference,23.826281,18.98691025,200901,4.8393707500000005
LA-SL,200903,3,climatology,reference,23.817091,13.1447885,200901,10.6723025
LA-SL,200904,1,climatology,reference,18.652562,6.766036,200904,11.886526
LA-SL,200905,2,climatology,reference,83.899938,37.1722855,200904,46.727652500000005
LA-SL,200906,3,climatology,reference,30.133145000000003,41.96283525,200904,-11.829690249999995
LA-SL,200907,1,climatology,reference,148.17646399999998,68.04914275,200907,80.12732124999998
LA-SL,200908,2,climatology,reference,107.331804,55.956374,200907,51.37543000000001
LA-SL,200909,3,climatology,reference,68.83130799999999,46.32410325000001,200907,22.507204749999985
LA-SL,200910,1,climatology,reference,76.984001,31.14771175,200910,45.83628925000001
LA-SL,200911,2,climatology,reference,38.830017000000005,15.64338025,200910,23.186636750000005
LA-SL,200912,3,climatology,reference,13.699703,9.333721,200910,4.365981999999999
LA-SV,200801,1,climatology,reference,1.7800000000000002,4.793635999999999,200801,-3.013635999999999
LA-SV,200802,2,climatology,reference,0.6200000000000001,0.90884775,200801,-0.28884774999999985
LA-SV,200803,3,climatology,reference,1.42,0.43149175,200801,0.98850825
LA-SV,200804,1,climatology,reference,6.08,1.58831025,200804,4.49168975
LA-SV,200805,2,climatology,reference,27.53,2.115381,200804,25.414619000000002
LA-SV,200806,3,climatology,reference,67.57,7.238117499999999,200804,60.33188249999999
LA-SV,200807,1,climatology,reference,150.21999999999997,4.528644249999999,200807,145.69135574999996
LA-SV,200808,2,climatology,reference,140.25,5.6594774999999995,200807,134.5905225
LA-SV,200809,3,climatology,reference,115.49,7.308066999999999,200807,108.181933
LA-SV,200810,1,climatology,reference,53.19,3.27803575,200810,49.91196425
LA-SV,200811,2,climatology,reference,12.810000000000002,0.735088,200810,12.074912000000003
LA-SV,200812,3,climatology,reference,8.030000000000001,0.48218925,200810,7.547810750000001
LA-SV,200901,1,climatology,reference,1.7460180000000003,0.08493275,200901,1.6610852500000002
LA-SV,200902,2,climatology,reference,0.6034219999999999,0.0181964999999999,200901,0.5852255
LA-SV,200903,3,climatology,reference,1.0848110000000002,0.14767375,200901,0.9371372500000001
LA-SV,200904,1,climatology,reference,5.027028,0.18392675,200904,4.843101249999999
LA-SV,200905,2,climatology,reference,23.760858999999996,1.0697552499999998,200904,22.691103749999996
LA-SV,200906,3,climatology,reference,63.428528,1.406033,200904,62.022495
LA-SV,200907,1,climatology,reference,123.24315,14.295503000000004,200907,108.94764699999999
LA-SV,200908,2,climatology,reference,102.30625,30.0361335,200907,72.2701165
LA-SV,200909,3,climatology,reference,77.799763,40.9221485,200907,36.8776145
LA-SV,200910,1,climatology,reference,41.95170999999999,5.3614605,200910,36.59024949999999
LA-SV,200911,2,climatology,reference,12.497231,23.630774,200910,-11.133543
LA-SV,200912,3,climatology,reference,6.103097000000002,1.440938,200910,4.662159000000002
LA-VT,200801,1,climatology,reference,10.87,10.826709,200801,0.04329099999999997
LA-VT,200802,2,climatology,reference,9.38,4.24412175,200801,5.135878250000001
LA-VT,200803,3,climatology,reference,4.52,17.547522999999998,200801,-13.027522999999999
LA-VT,200804,1,climatology,reference,36.69,13.70079775,200804,22.989202249999998
LA-VT,200805,2,climatology,reference,62.27,18.771426,200804,43.498574000000005
LA-VT,200806,3,climatology,reference,83.00999999999999,78.56922449999999,200804,4.440775500000001
LA-VT,200807,1,climatology,reference,191.24999999999997,84.3273955,200807,106.92260449999998
LA-VT,200808,2,climatology,reference,165.86,73.51633075000001,200807,92.34366925
LA-VT,200809,3,climatology,reference,113.29999999999998,64.61612199999999,200807,48.68387799999999
LA-VT,200810,1,climatology,reference,129.48000000000002,27.62036,200810,101.85964000000001
LA-VT,200811,2,climatology,reference,36.84,71.277018,200810,-34.437017999999995
LA-VT,200812,3,climatology,reference,17.979999999999997,57.359508,200810,-39.379508
LA-VT,200901,1,climatology,reference,7.815081999999997,20.997580749999997,200901,-13.18249875
LA-VT,200902,2,climatology,reference,3.934482,13.03627925,200901,-9.10179725
LA-VT,200903,3,climatology,reference,7.282829999999999,7.014951249999999,200901,0.2678787499999995
LA-VT,200904,1,climatology,reference,9.680054000000002,12.404783999999998,200904,-2.7247299999999957
LA-VT,200905,2,climatology,reference,27.720475,91.52218850000004,200904,-63.80171350000004
LA-VT,200906,3,climatology,reference,38.075081999999995,190.43262325,200904,-152.35754125
LA-VT,200907,1,climatology,reference,86.36204900000001,129.33639425,200907,-42.97434525
LA-VT,200908,2,climatology,reference,101.891894,129.5671325,200907,-27.67523850000002
LA-VT,200909,3,climatology,reference,112.384425,166.83894400000003,200907,-54.45451900000003
LA-VT,200910,1,climatology,reference,145.485435,230.4980995,200910,-85.0126645
LA-VT,200911,2,climatology,reference,297.66520299999996,330.24896950000004,200910,-32.58376650000008
LA-VT,200912,3,climatology,reference,224.551238,259.39201925,200910,-34.840781249999964
LA-XA,200801,1,climatology,reference,0.17,1.0043275,200801,-0.8343275
LA-XA,200802,2,climatology,reference,0.9500000000000002,0.2448219999999999,200801,0.7051780000000003
LA-XA,200803,3,climatology,reference,0.7399999999999998,0.15845175,200801,0.5815482499999998
LA-XA,200804,1,climatology,reference,3.460000000000001,0.1738439999999999,200804,3.286156000000001
LA-XA,200805,2,climatology,reference,5.659999999999997,1.18700975,200804,4.472990249999997
LA-XA,200806,3,climatology,reference,14.03,3.94751075,200804,10.082489249999998
LA-XA,200807,1,climatology,reference,24.69,9.99703275,200807,14.69296725
LA-XA,200808,2,climatology,reference,9.729999999999997,2.4974052500000004,200807,7.232594749999997
LA-XA,200809,3,climatology,reference,4.75,1.017208,200807,3.732792
LA-XA,200810,1,climatology,reference,1.5699999999999994,1.150917,200810,0.41908299999999943
LA-XA,200811,2,climatology,reference,1.83,0.6582945,200810,1.1717055
LA-XA,200812,3,climatology,reference,1.9600000000000009,0.37396975,200810,1.5860302500000008
LA-XA,200901,1,climatology,reference,0.1407769999999999,0.1008189999999999,200901,0.03995800000000001
LA-XA,200902,2,climatology,reference,0.7866949999999999,0.047659,200901,0.7390359999999999
LA-XA,200903,3,climatology,reference,0.6127940000000001,0.2288425,200901,0.38395150000000006
LA-XA,200904,1,climatology,reference,2.8624980000000004,0.2154945,200904,2.6470035000000003
LA-XA,200905,2,climatology,reference,4.777046000000006,0.6316809999999999,200904,4.145365000000005
LA-XA,200906,3,climatology,reference,13.430243,7.3109535,200904,6.119289500000001
LA-XA,200907,1,climatology,reference,22.570512,4.586072249999999,200907,17.98443975
LA-XA,200908,2,climatology,reference,13.305413,24.12270475,200907,-10.81729175
LA-XA,200909,3,climatology,reference,6.654747,4.56664825,200907,2.0880987500000003
LA-XA,200910,1,climatology,reference,2.0250260000000004,2.769474,200910,-0.7444479999999998
LA-XA,200911,2,climatology,reference,3.421968000000001,1.4822345,200910,1.939733500000001
LA-XA,200912,3,climatology,reference,1.5319850000000006,0.93827675,200910,0.5937082500000006
LA-XE,200801,1,climatology,reference,0.09,0.0178474999999999,200801,0.07215250000000009
LA-XE,200802,2,climatology,reference,0.12,0.00767025,200801,0.11232974999999999
LA-XE,200803,3,climatology,reference,0.0,0.0035095,200801,-0.0035095
LA-XE,200804,1,climatology,reference,0.0246419999999999,0.0217627499999999,200804,0.00287925
LA-XE,200805,2,climatology,reference,0.08,0.0601369999999999,200804,0.019863000000000103
LA-XE,200806,3,climatology,reference,3.15,3.85098325,200804,-0.7009832500000002
LA-XE,200807,1,climatology,reference,0.4000000000000001,0.8143797500000001,200807,-0.41437975
LA-XE,200808,2,climatology,reference,0.1899999999999999,1.0329047499999997,200807,-0.8429047499999998
LA-XE,200809,3,climatology,reference,0.6699999999999999,0.6939,200807,-0.023900000000000032
LA-XE,200810,1,climatology,reference,0.5599999999999998,0.37083325,200810,0.18916674999999983
LA-XE,200811,2,climatology,reference,0.0246419999999999,0.128328,200810,-0.1036860000000001
LA-XE,200812,3,climatology,reference,0.790321,0.6007975,200810,0.18952350000000007
LA-XE,200901,1,climatology,reference,0.074529,0.0063945,200901,0.0681345
LA-XE,200902,2,climatology,reference,1.371372,1.8374065,200901,-0.4660344999999999
LA-XE,200903,3,climatology,reference,2.0,1.7081305,200901,0.2918695
LA-XE,200904,1,climatology,reference,0.8200000000000001,0.39248425,200904,0.4275157500000001
LA-XE,200905,2,climatology,reference,1.338248,0.7210272499999999,200904,0.6172207500000002
LA-XE,200906,3,climatology,reference,6.6023309999999995,4.5632665,200904,2.0390644999999994
LA-XE,200907,1,climatology,reference,26.41924,19.544624,200907,6.874616
LA-XE,200908,2,climatology,reference,25.883339,16.070825,200907,9.812514
LA-XE,200909,3,climatology,reference,4.097554,2.3987557500000003,200907,1.6987982499999994
LA-XE,200910,1,climatology,reference,4.551736,2.5947177500000005,200910,1.9570182499999995
LA-XE,200911,2,climatology,reference,2.6199999999999997,10.38163975,200910,-7.7616397500000005
LA-XE,200912,3,climatology,reference,6.64,8.501570999999998,200910,-1.8615709999999988
LA-XI,200801,1,climatology,reference,0.0,0.0003974999999999,200801,-0.0003974999999999
LA-XI,200802,2,climatology,reference,0.0,0.0001289999999999,200801,-0.0001289999999999
LA-XI,200803,3,climatology,reference,0.0,0.0002122499999999,200801,-0.0002122499999999
LA-XI,200804,1,climatology,reference,0.0,0.013429,200804,-0.013429
LA-XI,200805,2,climatology,reference,0.0,0.018772,200804,-0.018772
LA-XI,200806,3,climatology,reference,1.0,0.75292275,200804,0.24707725000000003
LA-XI,200807,1,climatology,reference,0.0,0.1255624999999999,200807,-0.1255624999999999
LA-XI,200808,2,climatology,reference,0.02,0.13492425,200807,-0.11492424999999999
LA-XI,200809,3,climatology,reference,0.01,0.1276315,200807,-0.11763150000000001
LA-XI,200810,1,climatology,reference,0.0,0.0459685,200810,-0.0459685
LA-XI,200811,2,climatology,reference,0.01,0.0099629999999999,200810,3.700000000009945e-05
LA-XI,200812,3,climatology,reference,0.0,0.0041975,200810,-0.0041975
LA-XI,200901,1,climatology,reference,0.0,0.00142425,200901,-0.00142425
LA-XI,200902,2,climatology,reference,0.0,0.00247125,200901,-0.00247125
LA-XI,200903,3,climatology,reference,0.0,0.0024942499999999,200901,-0.0024942499999999
LA-XI,200904,1,climatology,reference,0.0,0.0009894999999999,200904,-0.0009894999999999
LA-XI,200905,2,climatology,reference,39.0,38.84592425,200904,0.15407574999999696
LA-XI,200906,3,climatology,reference,32.826281,32.6740025,200904,0.15227850000000132
LA-XI,200907,1,climatology,reference,1.0,10.05001675,200907,-9.05001675
LA-XI,200908,2,climatology,reference,9.652562,10.628213,200907,-0.9756510000000009
LA-XI,200909,3,climatology,reference,0.0082809999999999,11.92243725,200907,-11.91415625
LA-XI,200910,1,climatology,reference,0.0,12.911358,200910,-12.911358
LA-XI,200911,2,climatology,reference,0.0082809999999999,5.16890725,200910,-5.16062625
LA-XI,200912,3,climatology,reference,0.0,2.4805465,200910,-2.4805465
LA-AT,200801,1,climatology,reference_r1,4.0,3.005431,200801,0.9945689999999998
LA-AT,200802,2,climatology,reference_r1,1.63,1.328703,200801,0.3012969999999999
LA-AT,200803,3,climatology,reference_r1,0.0,0.039519,200801,-0.039519
LA-AT,200804,1,climatology,reference_r1,0.02,0.4299789999999999,200804,-0.40997899999999987
LA-AT,200805,2,climatology,reference_r1,3.45,1.7335040000000002,200804,1.716496
LA-AT,200806,3,climatology,reference_r1,8.86,4.7121960000000005,200804,4.147803999999999
LA-AT,200807,1,climatology,reference_r1,4.54,2.7693390000000004,200807,1.7706609999999996
LA-AT,200808,2,climatology,reference_r1,9.47,3.621935,200807,5.848065
LA-AT,200809,3,climatology,reference_r1,17.57,11.103254,200807,6.4667460000000005
LA-AT,200810,1,climatology,reference_r1,38.95,33.681058,200810,5.268942000000003
LA-AT,200811,2,climatology,reference_r1,43.0,36.18329,200810,6.8167100000000005
LA-AT,200812,3,climatology,reference_r1,22.28,17.860357,200810,4.419643000000001
LA-AT,200901,1,climatology,reference_r1,17.305124,7.699838,200901,9.605286
LA-AT,200902,2,climatology,reference_r1,45.164529,35.85613,200901,9.308399000000001
LA-AT,200903,3,climatology,reference_r1,77.0,55.78356899999999,200901,21.216431000000007
LA-AT,200904,1,climatology,reference_r1,98.652562,36.31825400000001,200904,62.33430799999999
LA-AT,200905,2,climatology,reference_r1,0.1242149999999999,95.503425,200904,-95.37920999999999
LA-AT,200906,3,climatology,reference_r1,21.319868,74.98249000000001,200904,-53.66262200000001
LA-AT,200907,1,climatology,reference_r1,61.750116,46.969736,200907,14.780380000000001
LA-AT,200908,2,climatology,reference_r1,17.823736,10.932706,200907,6.891030000000001
LA-AT,200909,3,climatology,reference_r1,10.060613,9.23415,200907,0.8264630000000004
LA-AT,200910,1,climatology,reference_r1,4.830283999999999,42.37873500000002,200910,-37.54845100000002
LA-AT,200911,2,climatology,reference_r1,13.444083,26.824453000000005,200910,-13.380370000000006
LA-AT,200912,3,climatology,reference_r1,4.502959,32.568352000000004,200910,-28.065393000000004
LA-BK,200801,1,climatology,reference_r1,0.81,0.944797,200801,-0.13479699999999994
LA-BK,200802,2,climatology,reference_r1,0.01,0.0002559999999999,200801,0.0097440000000001
LA-BK,200803,3,climatology,reference_r1,0.01,4.900000000000043e-05,200801,0.009951
LA-BK,200804,1,climatology,reference_r1,0.01,0.02843,200804,-0.018430000000000002
LA-BK,200805,2,climatology,reference_r1,11.64,10.977811,200804,0.6621889999999997
LA-BK,200806,3,climatology,reference_r1,52.17,51.49998,200804,0.670020000000001
LA-BK,200807,1,climatology,reference_r1,0.6600000000000001,16.846947,200807,-16.186947
LA-BK,200808,2,climatology,reference_r1,6.84,28.597384000000005,200807,-21.757384000000005
LA-BK,200809,3,climatology,reference_r1,29.34,72.04394899999997,200807,-42.703948999999966
LA-BK,200810,1,climatology,reference_r1,44.92,33.637902,200810,11.282098000000005
LA-BK,200811,2,climatology,reference_r1,55.0,43.463404,200810,11.536596000000003
LA-BK,200812,3,climatology,reference_r1,5.0,1.835084,200810,3.164916
LA-BK,200901,1,climatology,reference_r1,0.6691239999999999,0.4239810000000001,200901,0.24514299999999983
LA-BK,200902,2,climatology,reference_r1,0.0082809999999999,0.3703909999999999,200901,-0.36211000000000004
LA-BK,200903,3,climatology,reference_r1,0.826281,0.6614360000000001,200901,0.1648449999999999
LA-BK,200904,1,climatology,reference_r1,2.826281,1.6892819999999995,200904,1.1369990000000003
LA-BK,200905,2,climatology,reference_r1,71.61762,44.758206,200904,26.859414
LA-BK,200906,3,climatology,reference_r1,206.10648,132.49897,200904,73.60750999999999
LA-BK,200907,1,climatology,reference_r1,209.635455,195.953262,200907,13.682193000000012
LA-BK,200908,2,climatology,reference_r1,106.650017,94.023069,200907,12.626947999999999
LA-BK,200909,3,climatology,reference_r1,43.240067,39.632979,200907,3.6070880000000045
LA-BK,200910,1,climatology,reference_r1,23.210034,26.62139999999999,200910,-3.4113659999999904
LA-BK,200911,2,climatology,reference_r1,4.5454550000000005,17.721013,200910,-13.175557999999999
LA-BK,200912,3,climatology,reference_r1,3.313405,6.50576,200910,-3.1923550000000005
LA-BL,200801,1,climatology,reference_r1,5.6899999999999995,5.462375,200801,0.22762499999999974
LA-BL,200802,2,climatology,reference_r1,2.88,5.826475,200801,-2.9464750000000004
LA-BL,200803,3,climatology,reference_r1,2.29,0.407452,200801,1.882548
LA-BL,200804,1,climatology,reference_r1,2.8299999999999996,2.974816000000001,200804,-0.1448160000000014
LA-BL,200805,2,climatology,reference_r1,9.2,4.676824,200804,4.523175999999999
LA-BL,200806,3,climatology,reference_r1,10.070000000000002,6.9777200000000015,200804,3.0922800000000006
LA-BL,200807,1,climatology,reference_r1,27.62,17.1802,200807,10.439800000000002
LA-BL,200808,2,climatology,reference_r1,19.03,20.631847,200807,-1.6018469999999994
LA-BL,200809,3,climatology,reference_r1,25.370000000000005,19.569791,200807,5.800209000000006
LA-BL,200810,1,climatology,reference_r1,16.870000000000005,10.348956,200810,6.521044000000005
LA-BL,200811,2,climatology,reference_r1,6.290000000000001,3.4418249999999997,200810,2.8481750000000012
LA-BL,200812,3,climatology,reference_r1,2.05,1.4879100000000005,200810,0.5620899999999993
LA-BL,200901,1,climatology,reference_r1,0.7038849999999999,0.6982949999999999,200901,0.005589999999999984
LA-BL,200902,2,climatology,reference_r1,0.926381,1.447847,200901,-0.5214660000000001
LA-BL,200903,3,climatology,reference_r1,2.5287120000000005,1.402994,200901,1.1257180000000004
LA-BL,200904,1,climatology,reference_r1,2.7938859999999996,0.7678760000000002,200904,2.0260099999999994
LA-BL,200905,2,climatology,reference_r1,17.157429000000004,3.078055,200904,14.079374000000005
LA-BL,200906,3,climatology,reference_r1,16.873330000000003,3.5421549999999993,200904,13.331175000000004
LA-BL,200907,1,climatology,reference_r1,20.996472,19.861956999999997,200907,1.134515000000004
LA-BL,200908,2,climatology,reference_r1,33.260011999999996,5.140787,200907,28.119224999999997
LA-BL,200909,3,climatology,reference_r1,41.130528,4.118327000000001,200907,37.012201
LA-BL,200910,1,climatology,reference_r1,17.210586000000003,4.108235,200910,13.102351000000002
LA-BL,200911,2,climatology,reference_r1,11.201476,1.2004670000000002,200910,10.001009
LA-BL,200912,3,climatology,reference_r1,1.6965139999999996,0.4568969999999999,200910,1.2396169999999997
LA-CH,200801,1,climatology,reference_r1,47.5,32.718148,200801,14.781852
LA-CH,200802,2,climatology,reference_r1,53.03999999999999,47.620565,200801,5.419434999999993
LA-CH,200803,3,climatology,reference_r1,50.58,56.482474999999994,200801,-5.9024749999999955
LA-CH,200804,1,climatology,reference_r1,31.85,25.334554999999995,200804,6.515445000000007
LA-CH,200805,2,climatology,reference_r1,38.959999999999994,37.87996900000002,200804,1.0800309999999769
LA-CH,200806,3,climatology,reference_r1,127.17000000000002,99.545391,200804,27.62460900000002
LA-CH,200807,1,climatology,reference_r1,41.25,157.00358799999998,200807,-115.75358799999998
LA-CH,200808,2,climatology,reference_r1,42.510000000000005,102.88116300000002,200807,-60.37116300000001
LA-CH,200809,3,climatology,reference_r1,49.599999999999994,101.608232,200807,-52.00823200000001
LA-CH,200810,1,climatology,reference_r1,37.669999999999995,40.026129999999995,200810,-2.3561300000000003
LA-CH,200811,2,climatology,reference_r1,41.07000000000001,32.841301,200810,8.228699000000006
LA-CH,200812,3,climatology,reference_r1,33.34,21.503960999999997,200810,11.836039000000007
LA-CH,200901,1,climatology,reference_r1,10.890717,10.248759,200901,0.6419580000000007
LA-CH,200902,2,climatology,reference_r1,19.093116999999996,21.785334,200901,-2.692217000000003
LA-CH,200903,3,climatology,reference_r1,21.42854,20.29380399999999,200901,1.1347360000000108
LA-CH,200904,1,climatology,reference_r1,53.487149,32.560801,200904,20.926348000000004
LA-CH,200905,2,climatology,reference_r1,19.053490000000004,97.062905,200904,-78.00941499999999
LA-CH,200906,3,climatology,reference_r1,30.695037999999997,116.06969599999996,200904,-85.37465799999997
LA-CH,200907,1,climatology,reference_r1,45.004213,59.264934999999994,200907,-14.260721999999994
LA-CH,200908,2,climatology,reference_r1,44.17307600000001,52.804085,200907,-8.631008999999992
LA-CH,200909,3,climatology,reference_r1,32.110839000000006,54.335404,200907,-22.22456499999999
LA-CH,200910,1,climatology,reference_r1,23.227603,23.98417099999999,200910,-0.7565679999999908
LA-CH,200911,2,climatology,reference_r1,12.418226999999998,35.409932,200910,-22.991705
LA-CH,200912,3,climatology,reference_r1,14.757385999999997,23.276006999999993,200910,-8.518620999999996
LA-HO,200801,1,climatology,reference_r1,0.01,0.002529,200801,0.007471
LA-HO,200802,2,climatology,reference_r1,0.01,0.000446,200801,0.009554
LA-HO,200803,3,climatology,reference_r1,0.01,0.0046859999999999,200801,0.0053140000000001
LA-HO,200804,1,climatology,reference_r1,0.01,0.067717,200804,-0.057717
LA-HO,200805,2,climatology,reference_r1,0.0,0.047548,200804,-0.047548
LA-HO,200806,3,climatology,reference_r1,0.0599999999999999,0.0531849999999999,200804,0.006815000000000002
LA-HO,200807,1,climatology,reference_r1,0.1999999999999999,0.0214769999999999,200807,0.178523
LA-HO,200808,2,climatology,reference_r1,0.0,0.034312,200807,-0.034312
LA-HO,200809,3,climatology,reference_r1,0.6900000000000002,0.715935,200807,-0.02593499999999982
LA-HO,200810,1,climatology,reference_r1,0.02,0.0364939999999999,200810,-0.0164939999999999
LA-HO,200811,2,climatology,reference_r1,0.0,0.005929,200810,-0.005929
LA-HO,200812,3,climatology,reference_r1,0.65,0.900682,200810,-0.25068199999999996
LA-HO,200901,1,climatology,reference_r1,0.0082809999999999,0.015903,200901,-0.007622000000000101
LA-HO,200902,2,climatology,reference_r1,0.0082809999999999,0.0360999999999999,200901,-0.027819000000000003
LA-HO,200903,3,climatology,reference_r1,0.0082809999999999,0.0262519999999999,200901,-0.017971
LA-HO,200904,1,climatology,reference_r1,0.0082809999999999,0.0053539999999999,200904,0.002927
LA-HO,200905,2,climatology,reference_r1,0.0,0.0190059999999999,200904,-0.0190059999999999
LA-HO,200906,3,climatology,reference_r1,0.049686,0.057373,200904,-0.007686999999999999
LA-HO,200907,1,climatology,reference_r1,0.16562,0.4049930000000001,200907,-0.2393730000000001
LA-HO,200908,2,climatology,reference_r1,0.0,0.8078830000000004,200907,-0.8078830000000004
LA-HO,200909,3,climatology,reference_r1,0.5699339999999999,0.6701170000000003,200907,-0.10018300000000036
LA-HO,200910,1,climatology,reference_r1,0.834562,0.62191,200910,0.21265200000000006
LA-HO,200911,2,climatology,reference_r1,1.0,0.8319190000000001,200910,0.16808099999999992
LA-HO,200912,3,climatology,reference_r1,0.53681,0.8930509999999999,200910,-0.3562409999999999
LA-KH,200801,1,climatology,reference_r1,1.1499999999999997,0.652441,200801,0.49755899999999964
LA-KH,200802,2,climatology,reference_r1,0.1499999999999999,0.0875809999999999,200801,0.062419000000000016
LA-KH,200803,3,climatology,reference_r1,0.04,0.067966,200801,-0.027965999999999998
LA-KH,200804,1,climatology,reference_r1,0.1099999999999999,0.2184369999999998,200804,-0.1084369999999999
LA-KH,200805,2,climatology,reference_r1,1.38,0.2956479999999999,200804,1.084352
LA-KH,200806,3,climatology,reference_r1,8.940000000000001,0.674693,200804,8.265307000000002
LA-KH,200807,1,climatology,reference_r1,35.06999999999999,1.549961,200807,33.52003899999999
LA-KH,200808,2,climatology,reference_r1,37.92,0.3607579999999999,200807,37.559242000000005
LA-KH,200809,3,climatology,reference_r1,14.089999999999996,2.215713,200807,11.874286999999995
LA-KH,200810,1,climatology,reference_r1,5.470000000000001,0.502683,200810,4.967317
LA-KH,200811,2,climatology,reference_r1,1.4299999999999995,1.753536,200810,-0.3235360000000005
LA-KH,200812,3,climatology,reference_r1,3.69,3.338526,200810,0.35147400000000006
LA-KH,200901,1,climatology,reference_r1,0.9523149999999996,0.077648,200901,0.8746669999999996
LA-KH,200902,2,climatology,reference_r1,0.1242149999999999,0.0305219999999999,200901,0.093693
LA-KH,200903,3,climatology,reference_r1,5.305124,4.432754,200901,0.8723700000000001
LA-KH,200904,1,climatology,reference_r1,0.091091,0.7212819999999998,200904,-0.6301909999999997
LA-KH,200905,2,climatology,reference_r1,4.0487779999999995,1.9558609999999996,200904,2.092917
LA-KH,200906,3,climatology,reference_r1,46.36775900000001,59.11029,200904,-12.742530999999993
LA-KH,200907,1,climatology,reference_r1,68.223464,108.031528,200907,-39.80806399999999
LA-KH,200908,2,climatology,reference_r1,171.36027,254.66876,200907,-83.30848999999998
LA-KH,200909,3,climatology,reference_r1,187.121383,227.829662,200907,-40.708279000000005
LA-KH,200910,1,climatology,reference_r1,57.593343,25.845056,200910,31.748286999999998
LA-KH,200911,2,climatology,reference_r1,54.814001,19.425252,200910,35.388749
LA-KH,200912,3,climatology,reference_r1,52.764233,38.908697,200910,13.855536
LA-LM,200801,1,climatology,reference_r1,0.0,0.0001209999999999,200801,-0.0001209999999999
LA-LM,200802,2,climatology,reference_r1,0.0,8.099999999999948e-05,200801,-8.099999999999948e-05
LA-LM,200803,3,climatology,reference_r1,0.0499999999999999,4.000000000000097e-06,200801,0.0499959999999999
LA-LM,200804,1,climatology,reference_r1,0.01,0.0023069999999999,200804,0.007693000000000101
LA-LM,200805,2,climatology,reference_r1,0.0,0.016104,200804,-0.016104
LA-LM,200806,3,climatology,reference_r1,0.0,0.0164109999999999,200804,-0.0164109999999999
LA-LM,200807,1,climatology,reference_r1,0.0499999999999999,0.050875,200807,-0.0008750000000000979
LA-LM,200808,2,climatology,reference_r1,0.0299999999999999,0.054952,200807,-0.024952000000000103
LA-LM,200809,3,climatology,reference_r1,0.0,0.0683319999999999,200807,-0.0683319999999999
LA-LM,200810,1,climatology,reference_r1,0.09,0.0156179999999999,200810,0.0743820000000001
LA-LM,200811,2,climatology,reference_r1,0.02,0.001182,200810,0.018818
LA-LM,200812,3,climatology,reference_r1,0.0,0.000441,200810,-0.000441
LA-LM,200901,1,climatology,reference_r1,0.0,0.000196,200901,-0.000196
LA-LM,200902,2,climatology,reference_r1,0.0,0.0002249999999999,200901,-0.0002249999999999
LA-LM,200903,3,climatology,reference_r1,0.041405,0.0002899999999999,200901,0.041115000000000096
LA-LM,200904,1,climatology,reference_r1,0.826281,0.917826,200904,-0.09154499999999999
LA-LM,200905,2,climatology,reference_r1,0.0,0.0133409999999999,200904,-0.0133409999999999
LA-LM,200906,3,climatology,reference_r1,2.0,1.535864,200904,0.4641360000000001
LA-LM,200907,1,climatology,reference_r1,0.677405,0.9463579999999996,200907,-0.26895299999999955
LA-LM,200908,2,climatology,reference_r1,0.024843,1.1684529999999995,200907,-1.1436099999999996
LA-LM,200909,3,climatology,reference_r1,4.0,1.986294,200907,2.013706
LA-LM,200910,1,climatology,reference_r1,4.164529,2.634388,200910,1.530141
LA-LM,200911,2,climatology,reference_r1,5.652562,4.659088,200910,0.993474
LA-LM,200912,3,climatology,reference_r1,4.0,3.481746,200910,0.5182540000000002
LA-LP,200801,1,climatology,reference_r1,0.1999999999999999,0.6400020000000002,200801,-0.4400020000000003
LA-LP,200802,2,climatology,reference_r1,13.92,14.514911,200801,-0.5949109999999997
LA-LP,200803,3,climatology,reference_r1,20.81,20.498405,200801,0.31159499999999696
LA-LP,200804,1,climatology,reference_r1,31.229999999999997,11.476932,200804,19.753068
LA-LP,200805,2,climatology,reference_r1,107.3,54.910495,200804,52.389505
LA-LP,200806,3,climatology,reference_r1,132.97,73.01007,200804,59.95993
LA-LP,200807,1,climatology,reference_r1,10.659999999999998,138.80773,200807,-128.14773
LA-LP,200808,2,climatology,reference_r1,12.43,122.82035599999998,200807,-110.39035599999997
LA-LP,200809,3,climatology,reference_r1,10.5,109.621955,200807,-99.121955
LA-LP,200810,1,climatology,reference_r1,9.55,28.265141,200810,-18.715141
LA-LP,200811,2,climatology,reference_r1,103.0,53.63592100000001,200810,49.36407899999999
LA-LP,200812,3,climatology,reference_r1,126.82,128.08097600000002,200810,-1.2609760000000279
LA-LP,200901,1,climatology,reference_r1,0.16562,7.858501,200901,-7.692881000000001
LA-LP,200902,2,climatology,reference_r1,0.5962320000000001,6.7119800000000005,200901,-6.115748
LA-LP,200903,3,climatology,reference_r1,0.4720169999999997,15.319605999999997,200901,-14.847588999999997
LA-LP,200904,1,climatology,reference_r1,0.8104469999999999,14.114834000000002,200904,-13.304387000000002
LA-LP,200905,2,climatology,reference_r1,3.589589,36.675781,200904,-33.086192
LA-LP,200906,3,climatology,reference_r1,5.813261999999998,70.835071,200904,-65.021809
LA-LP,200907,1,climatology,reference_r1,4.452995999999999,17.018943999999998,200907,-12.565947999999999
LA-LP,200908,2,climatology,reference_r1,8.377825999999999,17.497696,200907,-9.119870000000002
LA-LP,200909,3,climatology,reference_r1,238.358321,294.591852,200907,-56.23353100000003
LA-LP,200910,1,climatology,reference_r1,126.23871400000002,95.581273,200910,30.65744100000002
LA-LP,200911,2,climatology,reference_r1,61.383126999999995,58.282287,200910,3.100839999999998
LA-LP,200912,3,climatology,reference_r1,7.821726000000002,2.776929,200910,5.044797000000002
LA-OU,200801,1,climatology,reference_r1,0.0,0.00097,200801,-0.00097
LA-OU,200802,2,climatology,reference_r1,0.0,0.000144,200801,-0.000144
LA-OU,200803,3,climatology,reference_r1,0.0,1.700000000000052e-05,200801,-1.700000000000052e-05
LA-OU,200804,1,climatology,reference_r1,0.0,0.004242,200804,-0.004242
LA-OU,200805,2,climatology,reference_r1,0.01,0.009996,200804,4.000000000000531e-06
LA-OU,200806,3,climatology,reference_r1,0.01,0.022849,200804,-0.012849000000000001
LA-OU,200807,1,climatology,reference_r1,0.04,0.0775069999999999,200807,-0.037506999999999895
LA-OU,200808,2,climatology,reference_r1,0.12,0.06141,200807,0.058589999999999996
LA-OU,200809,3,climatology,reference_r1,0.04,0.057327,200807,-0.017327000000000002
LA-OU,200810,1,climatology,reference_r1,0.0799999999999999,0.011548,200810,0.0684519999999999
LA-OU,200811,2,climatology,reference_r1,0.01,0.00234,200810,0.00766
LA-OU,200812,3,climatology,reference_r1,0.0,0.000733,200810,-0.000733
LA-OU,200901,1,climatology,reference_r1,0.0,0.000361,200901,-0.000361
LA-OU,200902,2,climatology,reference_r1,0.0,0.0001969999999999,200901,-0.0001969999999999
LA-OU,200903,3,climatology,reference_r1,0.0,0.0006309999999999,200901,-0.0006309999999999
LA-OU,200904,1,climatology,reference_r1,0.0,0.004181,200904,-0.004181
LA-OU,200905,2,climatology,reference_r1,0.0082809999999999,0.017595,200904,-0.0093140000000001
LA-OU,200906,3,climatology,reference_r1,0.0082809999999999,0.0420619999999999,200904,-0.033781
LA-OU,200907,1,climatology,reference_r1,0.0331239999999999,2.243012,200907,-2.209888
LA-OU,200908,2,climatology,reference_r1,0.7353719999999999,2.261443,200907,-1.526071
LA-OU,200909,3,climatology,reference_r1,14.669124,8.139644,200907,6.5294799999999995
LA-OU,200910,1,climatology,reference_r1,4.974247999999999,2.882374,200910,2.0918739999999993
LA-OU,200911,2,climatology,reference_r1,12.826281,10.960177,200910,1.866104
LA-OU,200912,3,climatology,reference_r1,18.0,17.171071,200910,0.8289289999999987
LA-PH,200901,1,climatology,reference_r1,0.0,0.0156429999999999,200901,-0.0156429999999999
LA-PH,200902,2,climatology,reference_r1,0.0,0.019857,200901,-0.019857
LA-PH,200903,3,climatology,reference_r1,0.0,0.0222089999999999,200901,-0.0222089999999999
LA-PH,200904,1,climatology,reference_r1,0.0,0.006034,200904,-0.006034
LA-PH,200905,2,climatology,reference_r1,0.0,0.016062,200904,-0.016062
LA-PH,200906,3,climatology,reference_r1,0.0,0.0492409999999999,200904,-0.0492409999999999
LA-PH,200907,1,climatology,reference_r1,0.0,0.208574,200907,-0.208574
LA-PH,200909,3,climatology,reference_r1,0.04,0.251584,200907,-0.21158399999999997
LA-PH,200910,1,climatology,reference_r1,0.0,0.0074229999999999,200910,-0.0074229999999999
LA-PH,200911,2,climatology,reference_r1,0.0,0.001809,200910,-0.001809
LA-PH,200912,3,climatology,reference_r1,0.0,0.000533,200910,-0.000533
LA-SL,200801,1,climatology,reference_r1,0.1099999999999999,0.8881649999999999,200801,-0.778165
LA-SL,200802,2,climatology,reference_r1,1.0,0.3976999999999999,200801,0.6023000000000001
LA-SL,200803,3,climatology,reference_r1,4.62,3.685959,200801,0.9340410000000001
LA-SL,200804,1,climatology,reference_r1,2.0,1.005217,200804,0.994783
LA-SL,200805,2,climatology,reference_r1,82.75,91.195237,200804,-8.445237000000006
LA-SL,200806,3,climatology,reference_r1,206.97,191.613622,200804,15.356378000000007
LA-SL,200807,1,climatology,reference_r1,75.25,49.27798999999999,200807,25.97201000000001
LA-SL,200808,2,climatology,reference_r1,52.45,54.353363,200807,-1.9033629999999988
LA-SL,200809,3,climatology,reference_r1,76.05,45.244956,200807,30.805043999999995
LA-SL,200810,1,climatology,reference_r1,89.54,27.704221000000004,200810,61.835779
LA-SL,200811,2,climatology,reference_r1,19.16,10.988974,200810,8.171026
LA-SL,200812,3,climatology,reference_r1,5.69,7.693293999999998,200810,-2.0032939999999977
LA-SL,200901,1,climatology,reference_r1,0.545091,1.409612,200901,-0.8645210000000001
LA-SL,200902,2,climatology,reference_r1,23.826281,18.839135,200901,4.987146000000003
LA-SL,200903,3,climatology,reference_r1,23.817091,12.175000999999998,200901,11.642090000000003
LA-SL,200904,1,climatology,reference_r1,18.652562,7.042449000000001,200904,11.610112999999998
LA-SL,200905,2,climatology,reference_r1,83.899938,38.128843,200904,45.771095
LA-SL,200906,3,climatology,reference_r1,30.133145000000003,46.25291200000001,200904,-16.119767000000007
LA-SL,200907,1,climatology,reference_r1,148.17646399999998,111.33632999999998,200907,36.840134000000006
LA-SL,200908,2,climatology,reference_r1,107.331804,79.041132,200907,28.290672
LA-SL,200909,3,climatology,reference_r1,68.83130799999999,58.12567800000001,200907,10.705629999999985
LA-SL,200910,1,climatology,reference_r1,76.984001,30.365212999999997,200910,46.61878800000001
LA-SL,200911,2,climatology,reference_r1,38.830017000000005,15.059147000000005,200910,23.770870000000002
LA-SL,200912,3,climatology,reference_r1,13.699703,8.878761,200910,4.820941999999999
LA-SV,200801,1,climatology,reference_r1,1.7800000000000002,4.774099,200801,-2.9940989999999994
LA-SV,200802,2,climatology,reference_r1,0.6200000000000001,0.919836,200801,-0.2998359999999999
LA-SV,200803,3,climatology,reference_r1,1.42,0.4362520000000001,200801,0.9837479999999998
LA-SV,200804,1,climatology,reference_r1,6.08,1.167157,200804,4.9128430000000005
LA-SV,200805,2,climatology,reference_r1,27.53,1.3207429999999998,200804,26.209257
LA-SV,200806,3,climatology,reference_r1,67.57,4.1512280000000015,200804,63.41877199999999
LA-SV,200807,1,climatology,reference_r1,150.21999999999997,4.641458999999999,200807,145.57854099999997
LA-SV,200808,2,climatology,reference_r1,140.25,5.806481000000002,200807,134.443519
LA-SV,200809,3,climatology,reference_r1,115.49,7.574036000000001,200807,107.91596399999999
LA-SV,200810,1,climatology,reference_r1,53.19,3.334028,200810,49.855971999999994
LA-SV,200811,2,climatology,reference_r1,12.810000000000002,0.704888,200810,12.105112000000002
LA-SV,200812,3,climatology,reference_r1,8.030000000000001,0.4964680000000001,200810,7.533532000000001
LA-SV,200901,1,climatology,reference_r1,1.7460180000000003,0.073517,200901,1.6725010000000002
LA-SV,200902,2,climatology,reference_r1,0.6034219999999999,0.018626,200901,0.5847959999999999
LA-SV,200903,3,climatology,reference_r1,1.0848110000000002,0.146692,200901,0.9381190000000001
LA-SV,200904,1,climatology,reference_r1,5.027028,0.211355,200904,4.815672999999999
LA-SV,200905,2,climatology,reference_r1,23.760858999999996,1.0683789999999995,200904,22.692479999999996
LA-SV,200906,3,climatology,reference_r1,63.428528,1.437046,200904,61.991482
LA-SV,200907,1,climatology,reference_r1,123.24315,27.28614800000001,200907,95.95700199999999
LA-SV,200908,2,climatology,reference_r1,102.30625,27.886956,200907,74.41929400000001
LA-SV,200909,3,climatology,reference_r1,77.799763,29.193652,200907,48.606111
LA-SV,200910,1,climatology,reference_r1,41.95170999999999,5.286535000000001,200910,36.66517499999999
LA-SV,200911,2,climatology,reference_r1,12.497231,23.76826,200910,-11.271029000000002
LA-SV,200912,3,climatology,reference_r1,6.103097000000002,1.459958,200910,4.6431390000000015
LA-VT,200801,1,climatology,reference_r1,10.87,10.539337999999995,200801,0.3306620000000038
LA-VT,200802,2,climatology,reference_r1,9.38,3.8731839999999993,200801,5.5068160000000015
LA-VT,200803,3,climatology,reference_r1,4.52,17.324918,200801,-12.804918
LA-VT,200804,1,climatology,reference_r1,36.69,15.336412000000005,200804,21.353587999999995
LA-VT,200805,2,climatology,reference_r1,62.27,21.42833599999999,200804,40.84166400000001
LA-VT,200806,3,climatology,reference_r1,83.00999999999999,93.85291999999998,200804,-10.842919999999992
LA-VT,200807,1,climatology,reference_r1,191.24999999999997,94.41833999999996,200807,96.83166000000001
LA-VT,200808,2,climatology,reference_r1,165.86,76.03749000000002,200807,89.82251
LA-VT,200809,3,climatology,reference_r1,113.29999999999998,64.49941899999999,200807,48.800580999999994
LA-VT,200810,1,climatology,reference_r1,129.48000000000002,27.071017999999995,200810,102.40898200000002
LA-VT,200811,2,climatology,reference_r1,36.84,69.956583,200810,-33.11658299999999
LA-VT,200812,3,climatology,reference_r1,17.979999999999997,56.563779999999994,200810,-38.58378
LA-VT,200901,1,climatology,reference_r1,7.815081999999997,20.465573,200901,-12.650491000000002
LA-VT,200902,2,climatology,reference_r1,3.934482,12.558509,200901,-8.624027000000002
LA-VT,200903,3,climatology,reference_r1,7.282829999999999,6.114651999999998,200901,1.168178000000001
LA-VT,200904,1,climatology,reference_r1,9.680054000000002,12.696582999999997,200904,-3.016528999999995
LA-VT,200905,2,climatology,reference_r1,27.720475,87.60558200000003,200904,-59.885107000000026
LA-VT,200906,3,climatology,reference_r1,38.075081999999995,197.94542900000005,200904,-159.87034700000004
LA-VT,200907,1,climatology,reference_r1,86.36204900000001,146.568621,200907,-60.206571999999994
LA-VT,200908,2,climatology,reference_r1,101.891894,181.800806,200907,-79.908912
LA-VT,200909,3,climatology,reference_r1,112.384425,260.731427,200907,-148.347002
LA-VT,200910,1,climatology,reference_r1,145.485435,224.408899,200910,-78.923464
LA-VT,200911,2,climatology,reference_r1,297.66520299999996,327.478766,200910,-29.813563000000045
LA-VT,200912,3,climatology,reference_r1,224.551238,259.98686399999997,200910,-35.43562599999996
LA-XA,200801,1,climatology,reference_r1,0.17,0.962084,200801,-0.792084
LA-XA,200802,2,climatology,reference_r1,0.9500000000000002,0.2368749999999999,200801,0.7131250000000002
LA-XA,200803,3,climatology,reference_r1,0.7399999999999998,0.153186,200801,0.5868139999999997
LA-XA,200804,1,climatology,reference_r1,3.460000000000001,0.060566,200804,3.3994340000000007
LA-XA,200805,2,climatology,reference_r1,5.659999999999997,1.1656369999999998,200804,4.494362999999996
LA-XA,200806,3,climatology,reference_r1,14.03,4.226354,200804,9.803646
LA-XA,200807,1,climatology,reference_r1,24.69,10.042857,200807,14.647143000000002
LA-XA,200808,2,climatology,reference_r1,9.729999999999997,2.6026290000000003,200807,7.127370999999997
LA-XA,200809,3,climatology,reference_r1,4.75,0.971406,200807,3.778594
LA-XA,200810,1,climatology,reference_r1,1.5699999999999994,1.1663520000000005,200810,0.4036479999999989
LA-XA,200811,2,climatology,reference_r1,1.83,0.6416649999999999,200810,1.1883350000000001
LA-XA,200812,3,climatology,reference_r1,1.9600000000000009,0.3588339999999999,200810,1.601166000000001
LA-XA,200901,1,climatology,reference_r1,0.1407769999999999,0.104279,200901,0.036497999999999906
LA-XA,200902,2,climatology,reference_r1,0.7866949999999999,0.0563259999999999,200901,0.730369
LA-XA,200903,3,climatology,reference_r1,0.6127940000000001,0.2605229999999999,200901,0.35227100000000017
LA-XA,200904,1,climatology,reference_r1,2.8624980000000004,0.175697,200904,2.6868010000000004
LA-XA,200905,2,climatology,reference_r1,4.777046000000006,0.6220919999999999,200904,4.154954000000005
LA-XA,200906,3,climatology,reference_r1,13.430243,7.581675000000001,200904,5.848568
LA-XA,200907,1,climatology,reference_r1,22.570512,6.298244999999998,200907,16.272267000000003
LA-XA,200908,2,climatology,reference_r1,13.305413,19.804357999999997,200907,-6.498944999999997
LA-XA,200909,3,climatology,reference_r1,6.654747,5.479175999999999,200907,1.1755710000000015
LA-XA,200910,1,climatology,reference_r1,2.0250260000000004,2.731362999999999,200910,-0.7063369999999987
LA-XA,200911,2,climatology,reference_r1,3.421968000000001,1.4814630000000002,200910,1.9405050000000008
LA-XA,200912,3,climatology,reference_r1,1.5319850000000006,0.9345340000000002,200910,0.5974510000000004
LA-XE,200801,1,climatology,reference_r1,0.09,0.0142549999999999,200801,0.07574500000000009
LA-XE,200802,2,climatology,reference_r1,0.12,0.0074349999999999,200801,0.1125650000000001
LA-XE,200803,3,climatology,reference_r1,0.0,0.00255,200801,-0.00255
LA-XE,200804,1,climatology,reference_r1,0.0246419999999999,0.0176679999999999,200804,0.006974000000000001
LA-XE,200805,2,climatology,reference_r1,0.08,0.050599,200804,0.029401000000000004
LA-XE,200806,3,climatology,reference_r1,3.15,4.0240469999999995,200804,-0.8740469999999996
LA-XE,200807,1,climatology,reference_r1,0.4000000000000001,0.879054,200807,-0.4790539999999999
LA-XE,200808,2,climatology,reference_r1,0.1899999999999999,1.0272229999999998,200807,-0.8372229999999998
LA-XE,200809,3,climatology,reference_r1,0.6699999999999999,0.700043,200807,-0.030043000000000042
LA-XE,200810,1,climatology,reference_r1,0.5599999999999998,0.3574149999999999,200810,0.2025849999999999
LA-XE,200811,2,climatology,reference_r1,0.0246419999999999,0.149544,200810,-0.12490200000000011
LA-XE,200812,3,climatology,reference_r1,0.790321,0.602123,200810,0.1881980000000001
LA-XE,200901,1,climatology,reference_r1,0.074529,0.005993,200901,0.068536
LA-XE,200902,2,climatology,reference_r1,1.371372,1.875116,200901,-0.503744
LA-XE,200903,3,climatology,reference_r1,2.0,1.735481,200901,0.26451899999999995
LA-XE,200904,1,climatology,reference_r1,0.8200000000000001,0.374669,200904,0.4453310000000001
LA-XE,200905,2,climatology,reference_r1,1.338248,0.6874899999999999,200904,0.6507580000000002
LA-XE,200906,3,climatology,reference_r1,6.6023309999999995,4.614046,200904,1.9882849999999994
LA-XE,200907,1,climatology,reference_r1,26.41924,25.000477,200907,1.4187629999999984
LA-XE,200908,2,climatology,reference_r1,25.883339,21.51669,200907,4.366648999999999
LA-XE,200909,3,climatology,reference_r1,4.097554,3.692307,200907,0.4052469999999997
LA-XE,200910,1,climatology,reference_r1,4.551736,2.6279070000000004,200910,1.9238289999999996
LA-XE,200911,2,climatology,reference_r1,2.6199999999999997,10.046154,200910,-7.426154
LA-XE,200912,3,climatology,reference_r1,6.64,8.390300000000003,200910,-1.7503000000000037
LA-XI,200801,1,climatology,reference_r1,0.0,4.0000000000000105e-05,200801,-4.0000000000000105e-05
LA-XI,200802,2,climatology,reference_r1,0.0,0.0001449999999999,200801,-0.0001449999999999
LA-XI,200803,3,climatology,reference_r1,0.0,0.0001729999999999,200801,-0.0001729999999999
LA-XI,200804,1,climatology,reference_r1,0.0,0.006261,200804,-0.006261
LA-XI,200805,2,climatology,reference_r1,0.0,0.0057949999999999,200804,-0.0057949999999999
LA-XI,200806,3,climatology,reference_r1,1.0,0.8290959999999999,200804,0.17090400000000006
LA-XI,200807,1,climatology,reference_r1,0.0,0.120607,200807,-0.120607
LA-XI,200808,2,climatology,reference_r1,0.02,0.130222,200807,-0.110222
LA-XI,200809,3,climatology,reference_r1,0.01,0.125735,200807,-0.11573500000000002
LA-XI,200810,1,climatology,reference_r1,0.0,0.0444809999999999,200810,-0.0444809999999999
LA-XI,200811,2,climatology,reference_r1,0.01,0.008078,200810,0.001922
LA-XI,200812,3,climatology,reference_r1,0.0,0.0040509999999999,200810,-0.0040509999999999
LA-XI,200901,1,climatology,reference_r1,0.0,0.0008429999999999,200901,-0.0008429999999999
LA-XI,200902,2,climatology,reference_r1,0.0,0.002593,200901,-0.002593
LA-XI,200903,3,climatology,reference_r1,0.0,0.0021329999999999,200901,-0.0021329999999999
LA-XI,200904,1,climatology,reference_r1,0.0,0.001167,200904,-0.001167
LA-XI,200905,2,climatology,reference_r1,39.0,38.825945,200904,0.17405500000000274
LA-XI,200906,3,climatology,reference_r1,32.826281,32.701921,200904,0.12436000000000291
LA-XI,200907,1,climatology,reference_r1,1.0,0.6417440000000001,200907,0.3582559999999999
LA-XI,200908,2,climatology,reference_r1,9.652562,6.095662999999999,200907,3.5568990000000005
LA-XI,200909,3,climatology,reference_r1,0.0082809999999999,0.449243,200907,-0.4409620000000001
LA-XI,200910,1,climatology,reference_r1,0.0,13.417243,200910,-13.417243
LA-XI,200911,2,climatology,reference_r1,0.0082809999999999,5.140719,200910,-5.132438
LA-XI,200912,3,climatology,reference_r1,0.0,2.510593,200910,-2.510593
LA-AT,200801,1,climatology,reference_r2,4.0,2.928629,200801,1.071371
LA-AT,200802,2,climatology,reference_r2,1.63,1.401092,200801,0.2289079999999999
LA-AT,200803,3,climatology,reference_r2,0.0,0.0496329999999999,200801,-0.0496329999999999
LA-AT,200804,1,climatology,reference_r2,0.02,0.3444579999999999,200804,-0.32445799999999986
LA-AT,200805,2,climatology,reference_r2,3.45,1.7428210000000002,200804,1.707179
LA-AT,200806,3,climatology,reference_r2,8.86,4.6951350000000005,200804,4.164864999999999
LA-AT,200807,1,climatology,reference_r2,4.54,2.6556119999999996,200807,1.8843880000000004
LA-AT,200808,2,climatology,reference_r2,9.47,3.3712859999999996,200807,6.098714000000001
LA-AT,200809,3,climatology,reference_r2,17.57,11.442573,200807,6.127427000000001
LA-AT,200810,1,climatology,reference_r2,38.95,33.498092,200810,5.451908000000003
LA-AT,200811,2,climatology,reference_r2,43.0,36.123188,200810,6.876812000000001
LA-AT,200812,3,climatology,reference_r2,22.28,18.07027,200810,4.20973
LA-AT,200901,1,climatology,reference_r2,17.305124,10.65643,200901,6.648693999999999
LA-AT,200902,2,climatology,reference_r2,45.164529,38.363582,200901,6.800947000000001
LA-AT,200903,3,climatology,reference_r2,77.0,57.055236,200901,19.944764
LA-AT,200904,1,climatology,reference_r2,98.652562,39.675348,200904,58.977214000000004
LA-AT,200905,2,climatology,reference_r2,0.1242149999999999,80.399293,200904,-80.275078
LA-AT,200906,3,climatology,reference_r2,21.319868,67.936035,200904,-46.616167000000004
LA-AT,200907,1,climatology,reference_r2,61.750116,92.35809899999998,200907,-30.607982999999983
LA-AT,200908,2,climatology,reference_r2,17.823736,127.385937,200907,-109.562201
LA-AT,200909,3,climatology,reference_r2,10.060613,220.70869800000003,200907,-210.64808500000004
LA-AT,200910,1,climatology,reference_r2,4.830283999999999,43.229641,200910,-38.399357
LA-AT,200911,2,climatology,reference_r2,13.444083,26.286204999999995,200910,-12.842121999999996
LA-AT,200912,3,climatology,reference_r2,4.502959,30.849897999999996,200910,-26.346938999999995
LA-BK,200801,1,climatology,reference_r2,0.81,0.927395,200801,-0.11739499999999992
LA-BK,200802,2,climatology,reference_r2,0.01,0.000226,200801,0.009774
LA-BK,200803,3,climatology,reference_r2,0.01,0.000144,200801,0.009856
LA-BK,200804,1,climatology,reference_r2,0.01,0.023452,200804,-0.013452
LA-BK,200805,2,climatology,reference_r2,11.64,10.829865,200804,0.8101350000000007
LA-BK,200806,3,climatology,reference_r2,52.17,51.595682,200804,0.5743180000000052
LA-BK,200807,1,climatology,reference_r2,0.6600000000000001,16.744503999999996,200807,-16.084503999999995
LA-BK,200808,2,climatology,reference_r2,6.84,27.458415,200807,-20.618415
LA-BK,200809,3,climatology,reference_r2,29.34,72.13465500000004,200807,-42.794655000000034
LA-BK,200810,1,climatology,reference_r2,44.92,35.756489000000016,200810,9.163510999999986
LA-BK,200811,2,climatology,reference_r2,55.0,42.891347,200810,12.108652999999997
LA-BK,200812,3,climatology,reference_r2,5.0,1.800421,200810,3.199579
LA-BK,200901,1,climatology,reference_r2,0.6691239999999999,0.6068360000000002,200901,0.06228799999999979
LA-BK,200902,2,climatology,reference_r2,0.0082809999999999,0.134695,200901,-0.1264140000000001
LA-BK,200903,3,climatology,reference_r2,0.826281,0.6017790000000001,200901,0.22450199999999998
LA-BK,200904,1,climatology,reference_r2,2.826281,1.5414339999999995,200904,1.2848470000000003
LA-BK,200905,2,climatology,reference_r2,71.61762,43.408069,200904,28.209551000000005
LA-BK,200906,3,climatology,reference_r2,206.10648,137.407422,200904,68.69905800000001
LA-BK,200907,1,climatology,reference_r2,209.635455,92.507226,200907,117.128229
LA-BK,200908,2,climatology,reference_r2,106.650017,32.99597700000001,200907,73.65404
LA-BK,200909,3,climatology,reference_r2,43.240067,18.99017199999999,200907,24.249895000000013
LA-BK,200910,1,climatology,reference_r2,23.210034,27.34339,200910,-4.133355999999999
LA-BK,200911,2,climatology,reference_r2,4.5454550000000005,16.292880999999998,200910,-11.747425999999997
LA-BK,200912,3,climatology,reference_r2,3.313405,6.839658,200910,-3.526253
LA-BL,200801,1,climatology,reference_r2,5.6899999999999995,5.391665,200801,0.2983349999999998
LA-BL,200802,2,climatology,reference_r2,2.88,6.224868000000001,200801,-3.344868000000001
LA-BL,200803,3,climatology,reference_r2,2.29,0.3808749999999999,200801,1.9091250000000002
LA-BL,200804,1,climatology,reference_r2,2.8299999999999996,2.7148280000000007,200804,0.11517199999999894
LA-BL,200805,2,climatology,reference_r2,9.2,5.078048999999998,200804,4.121951000000001
LA-BL,200806,3,climatology,reference_r2,10.070000000000002,7.067487,200804,3.002513000000002
LA-BL,200807,1,climatology,reference_r2,27.62,15.201246999999997,200807,12.418753000000004
LA-BL,200808,2,climatology,reference_r2,19.03,19.730641,200807,-0.7006409999999974
LA-BL,200809,3,climatology,reference_r2,25.370000000000005,19.180791999999997,200807,6.189208000000008
LA-BL,200810,1,climatology,reference_r2,16.870000000000005,10.323242,200810,6.546758000000004
LA-BL,200811,2,climatology,reference_r2,6.290000000000001,3.477680000000001,200810,2.8123199999999997
LA-BL,200812,3,climatology,reference_r2,2.05,1.397914,200810,0.6520859999999997
LA-BL,200901,1,climatology,reference_r2,0.7038849999999999,1.1441279999999998,200901,-0.44024299999999994
LA-BL,200902,2,climatology,reference_r2,0.926381,1.987191,200901,-1.06081
LA-BL,200903,3,climatology,reference_r2,2.5287120000000005,0.63069,200901,1.8980220000000005
LA-BL,200904,1,climatology,reference_r2,2.7938859999999996,0.7514970000000001,200904,2.0423889999999996
LA-BL,200905,2,climatology,reference_r2,17.157429000000004,3.258182999999999,200904,13.899246000000005
LA-BL,200906,3,climatology,reference_r2,16.873330000000003,3.392424,200904,13.480906000000003
LA-BL,200907,1,climatology,reference_r2,20.996472,12.830798,200907,8.165674000000001
LA-BL,200908,2,climatology,reference_r2,33.260011999999996,5.609251000000002,200907,27.650760999999996
LA-BL,200909,3,climatology,reference_r2,41.130528,10.053275,200907,31.077253
LA-BL,200910,1,climatology,reference_r2,17.210586000000003,4.000995000000001,200910,13.209591000000001
LA-BL,200911,2,climatology,reference_r2,11.201476,1.1830970000000005,200910,10.018379
LA-BL,200912,3,climatology,reference_r2,1.6965139999999996,0.458296,200910,1.2382179999999996
LA-CH,200801,1,climatology,reference_r2,47.5,29.955979000000003,200801,17.544020999999997
LA-CH,200802,2,climatology,reference_r2,53.03999999999999,52.179616,200801,0.8603839999999892
LA-CH,200803,3,climatology,reference_r2,50.58,58.977613000000005,200801,-8.397613000000007
LA-CH,200804,1,climatology,reference_r2,31.85,24.140252000000004,200804,7.709747999999998
LA-CH,200805,2,climatology,reference_r2,38.959999999999994,36.281367,200804,2.6786329999999907
LA-CH,200806,3,climatology,reference_r2,127.17000000000002,101.22216799999995,200804,25.947832000000062
LA-CH,200807,1,climatology,reference_r2,41.25,148.53130599999997,200807,-107.28130599999997
LA-CH,200808,2,climatology,reference_r2,42.510000000000005,114.438985,200807,-71.928985
LA-CH,200809,3,climatology,reference_r2,49.599999999999994,105.11681499999996,200807,-55.516814999999966
LA-CH,200810,1,climatology,reference_r2,37.669999999999995,37.850628,200810,-0.18062800000000578
LA-CH,200811,2,climatology,reference_r2,41.07000000000001,32.567764000000004,200810,8.502236000000003
LA-CH,200812,3,climatology,reference_r2,33.34,23.896124,200810,9.443876000000003
LA-CH,200901,1,climatology,reference_r2,10.890717,16.599375000000002,200901,-5.708658000000002
LA-CH,200902,2,climatology,reference_r2,19.093116999999996,30.749699999999997,200901,-11.656583000000001
LA-CH,200903,3,climatology,reference_r2,21.42854,32.96564299999999,200901,-11.537102999999991
LA-CH,200904,1,climatology,reference_r2,53.487149,33.860333,200904,19.626816000000005
LA-CH,200905,2,climatology,reference_r2,19.053490000000004,92.498695,200904,-73.44520499999999
LA-CH,200906,3,climatology,reference_r2,30.695037999999997,105.54970500000002,200904,-74.85466700000002
LA-CH,200907,1,climatology,reference_r2,45.004213,119.320693,200907,-74.31648000000001
LA-CH,200908,2,climatology,reference_r2,44.17307600000001,86.85706400000001,200907,-42.683988
LA-CH,200909,3,climatology,reference_r2,32.110839000000006,105.49080899999998,200907,-73.37996999999999
LA-CH,200910,1,climatology,reference_r2,23.227603,23.717216000000008,200910,-0.4896130000000092
LA-CH,200911,2,climatology,reference_r2,12.418226999999998,34.389742,200910,-21.971515
LA-CH,200912,3,climatology,reference_r2,14.757385999999997,24.04104600000001,200910,-9.283660000000012
LA-HO,200801,1,climatology,reference_r2,0.01,0.002739,200801,0.007261
LA-HO,200802,2,climatology,reference_r2,0.01,0.000289,200801,0.009711000000000001
LA-HO,200803,3,climatology,reference_r2,0.01,0.0083209999999999,200801,0.0016790000000001006
LA-HO,200804,1,climatology,reference_r2,0.01,0.046465,200804,-0.036465
LA-HO,200805,2,climatology,reference_r2,0.0,0.0313019999999999,200804,-0.0313019999999999
LA-HO,200806,3,climatology,reference_r2,0.0599999999999999,0.0535599999999999,200804,0.006440000000000001
LA-HO,200807,1,climatology,reference_r2,0.1999999999999999,0.022286,200807,0.1777139999999999
LA-HO,200808,2,climatology,reference_r2,0.0,0.0371549999999999,200807,-0.0371549999999999
LA-HO,200809,3,climatology,reference_r2,0.6900000000000002,0.685606,200807,0.00439400000000012
LA-HO,200810,1,climatology,reference_r2,0.02,0.039385,200810,-0.019385000000000003
LA-HO,200811,2,climatology,reference_r2,0.0,0.0052199999999999,200810,-0.0052199999999999
LA-HO,200812,3,climatology,reference_r2,0.65,0.919687,200810,-0.269687
LA-HO,200901,1,climatology,reference_r2,0.0082809999999999,0.0281009999999999,200901,-0.01982
LA-HO,200902,2,climatology,reference_r2,0.0082809999999999,0.032762,200901,-0.0244810000000001
LA-HO,200903,3,climatology,reference_r2,0.0082809999999999,0.0323149999999999,200901,-0.024034
LA-HO,200904,1,climatology,reference_r2,0.0082809999999999,0.004734,200904,0.003546999999999899
LA-HO,200905,2,climatology,reference_r2,0.0,0.021538,200904,-0.021538
LA-HO,200906,3,climatology,reference_r2,0.049686,0.0608039999999999,200904,-0.011117999999999899
LA-HO,200907,1,climatology,reference_r2,0.16562,0.034608,200907,0.131012
LA-HO,200908,2,climatology,reference_r2,0.0,0.062512,200907,-0.062512
LA-HO,200909,3,climatology,reference_r2,0.5699339999999999,0.670966,200907,-0.10103200000000001
LA-HO,200910,1,climatology,reference_r2,0.834562,0.644655,200910,0.18990700000000005
LA-HO,200911,2,climatology,reference_r2,1.0,0.8539239999999999,200910,0.1460760000000001
LA-HO,200912,3,climatology,reference_r2,0.53681,0.919745,200910,-0.382935
LA-KH,200801,1,climatology,reference_r2,1.1499999999999997,0.6452899999999999,200801,0.5047099999999998
LA-KH,200802,2,climatology,reference_r2,0.1499999999999999,0.047261,200801,0.10273899999999991
LA-KH,200803,3,climatology,reference_r2,0.04,0.068583,200801,-0.028583000000000004
LA-KH,200804,1,climatology,reference_r2,0.1099999999999999,0.218078,200804,-0.10807800000000009
LA-KH,200805,2,climatology,reference_r2,1.38,0.3591329999999999,200804,1.020867
LA-KH,200806,3,climatology,reference_r2,8.940000000000001,0.6976259999999996,200804,8.242374000000002
LA-KH,200807,1,climatology,reference_r2,35.06999999999999,1.556833,200807,33.513166999999996
LA-KH,200808,2,climatology,reference_r2,37.92,0.4118459999999999,200807,37.508154000000005
LA-KH,200809,3,climatology,reference_r2,14.089999999999996,2.108936,200807,11.981063999999996
LA-KH,200810,1,climatology,reference_r2,5.470000000000001,0.468545,200810,5.001455000000001
LA-KH,200811,2,climatology,reference_r2,1.4299999999999995,1.614723,200810,-0.18472300000000041
LA-KH,200812,3,climatology,reference_r2,3.69,3.413875,200810,0.27612499999999995
LA-KH,200901,1,climatology,reference_r2,0.9523149999999996,0.0891629999999999,200901,0.8631519999999997
LA-KH,200902,2,climatology,reference_r2,0.1242149999999999,0.022823,200901,0.1013919999999999
LA-KH,200903,3,climatology,reference_r2,5.305124,4.541534,200901,0.7635899999999998
LA-KH,200904,1,climatology,reference_r2,0.091091,0.6448120000000002,200904,-0.5537210000000001
LA-KH,200905,2,climatology,reference_r2,4.0487779999999995,1.942221,200904,2.1065569999999996
LA-KH,200906,3,climatology,reference_r2,46.36775900000001,57.09463,200904,-10.726870999999996
LA-KH,200907,1,climatology,reference_r2,68.223464,92.154114,200907,-23.93065
LA-KH,200908,2,climatology,reference_r2,171.36027,229.045745,200907,-57.685475
LA-KH,200909,3,climatology,reference_r2,187.121383,206.002728,200907,-18.881344999999982
LA-KH,200910,1,climatology,reference_r2,57.593343,23.814277999999995,200910,33.779065
LA-KH,200911,2,climatology,reference_r2,54.814001,18.957885000000005,200910,35.85611599999999
LA-KH,200912,3,climatology,reference_r2,52.764233,39.334837,200910,13.429395999999997
LA-LM,200801,1,climatology,reference_r2,0.0,0.000289,200801,-0.000289
LA-LM,200802,2,climatology,reference_r2,0.0,3.600000000000044e-05,200801,-3.600000000000044e-05
LA-LM,200803,3,climatology,reference_r2,0.0499999999999999,1.600000000000039e-05,200801,0.0499839999999999
LA-LM,200804,1,climatology,reference_r2,0.01,0.002659,200804,0.007341
LA-LM,200805,2,climatology,reference_r2,0.0,0.0139449999999999,200804,-0.0139449999999999
LA-LM,200806,3,climatology,reference_r2,0.0,0.0128269999999999,200804,-0.0128269999999999
LA-LM,200807,1,climatology,reference_r2,0.0499999999999999,0.0509919999999999,200807,-0.0009919999999999998
LA-LM,200808,2,climatology,reference_r2,0.0299999999999999,0.0409169999999999,200807,-0.010917
LA-LM,200809,3,climatology,reference_r2,0.0,0.057452,200807,-0.057452
LA-LM,200810,1,climatology,reference_r2,0.09,0.0114839999999999,200810,0.0785160000000001
LA-LM,200811,2,climatology,reference_r2,0.02,0.002451,200810,0.017549000000000002
LA-LM,200812,3,climatology,reference_r2,0.0,0.0013,200810,-0.0013
LA-LM,200901,1,climatology,reference_r2,0.0,0.0003149999999999,200901,-0.0003149999999999
LA-LM,200902,2,climatology,reference_r2,0.0,0.000199,200901,-0.000199
LA-LM,200903,3,climatology,reference_r2,0.041405,0.0009109999999999,200901,0.0404940000000001
LA-LM,200904,1,climatology,reference_r2,0.826281,0.906372,200904,-0.08009099999999991
LA-LM,200905,2,climatology,reference_r2,0.0,0.0157439999999999,200904,-0.0157439999999999
LA-LM,200906,3,climatology,reference_r2,2.0,1.535683,200904,0.4643170000000001
LA-LM,200907,1,climatology,reference_r2,0.677405,0.5025380000000002,200907,0.17486699999999988
LA-LM,200908,2,climatology,reference_r2,0.024843,0.925862,200907,-0.901019
LA-LM,200909,3,climatology,reference_r2,4.0,1.650281,200907,2.349719
LA-LM,200910,1,climatology,reference_r2,4.164529,2.541375,200910,1.623154
LA-LM,200911,2,climatology,reference_r2,5.652562,4.567712,200910,1.0848499999999994
LA-LM,200912,3,climatology,reference_r2,4.0,3.37665,200910,0.6233499999999998
LA-LP,200801,1,climatology,reference_r2,0.1999999999999999,0.7676219999999998,200801,-0.5676219999999998
LA-LP,200802,2,climatology,reference_r2,13.92,14.646169,200801,-0.7261690000000005
LA-LP,200803,3,climatology,reference_r2,20.81,20.539094,200801,0.2709060000000001
LA-LP,200804,1,climatology,reference_r2,31.229999999999997,12.29258,200804,18.937419999999996
LA-LP,200805,2,climatology,reference_r2,107.3,58.957914,200804,48.342085999999995
LA-LP,200806,3,climatology,reference_r2,132.97,68.79073,200804,64.17927
LA-LP,200807,1,climatology,reference_r2,10.659999999999998,128.252847,200807,-117.592847
LA-LP,200808,2,climatology,reference_r2,12.43,114.462694,200807,-102.03269399999999
LA-LP,200809,3,climatology,reference_r2,10.5,105.741453,200807,-95.241453
LA-LP,200810,1,climatology,reference_r2,9.55,27.997424999999993,200810,-18.447424999999992
LA-LP,200811,2,climatology,reference_r2,103.0,55.901011999999994,200810,47.098988000000006
LA-LP,200812,3,climatology,reference_r2,126.82,127.826415,200810,-1.006415000000004
LA-LP,200901,1,climatology,reference_r2,0.16562,3.5663669999999996,200901,-3.4007469999999995
LA-LP,200902,2,climatology,reference_r2,0.5962320000000001,1.9755459999999996,200901,-1.3793139999999995
LA-LP,200903,3,climatology,reference_r2,0.4720169999999997,5.422833000000001,200901,-4.950816000000001
LA-LP,200904,1,climatology,reference_r2,0.8104469999999999,15.383231,200904,-14.572784
LA-LP,200905,2,climatology,reference_r2,3.589589,40.457076,200904,-36.867487
LA-LP,200906,3,climatology,reference_r2,5.813261999999998,86.365035,200904,-80.55177300000001
LA-LP,200907,1,climatology,reference_r2,4.452995999999999,21.088366,200907,-16.63537
LA-LP,200908,2,climatology,reference_r2,8.377825999999999,22.2687,200907,-13.890874
LA-LP,200909,3,climatology,reference_r2,238.358321,303.243496,200907,-64.885175
LA-LP,200910,1,climatology,reference_r2,126.23871400000002,99.050337,200910,27.188377000000017
LA-LP,200911,2,climatology,reference_r2,61.383126999999995,56.973628,200910,4.409498999999997
LA-LP,200912,3,climatology,reference_r2,7.821726000000002,2.8290689999999996,200910,4.992657000000002
LA-OU,200801,1,climatology,reference_r2,0.0,0.000362,200801,-0.000362
LA-OU,200802,2,climatology,reference_r2,0.0,6.399999999999982e-05,200801,-6.399999999999982e-05
LA-OU,200803,3,climatology,reference_r2,0.0,6.399999999999982e-05,200801,-6.399999999999982e-05
LA-OU,200804,1,climatology,reference_r2,0.0,0.004588,200804,-0.004588
LA-OU,200805,2,climatology,reference_r2,0.01,0.0127489999999999,200804,-0.002748999999999899
LA-OU,200806,3,climatology,reference_r2,0.01,0.0228589999999999,200804,-0.0128589999999999
LA-OU,200807,1,climatology,reference_r2,0.04,0.098934,200807,-0.05893399999999999
LA-OU,200808,2,climatology,reference_r2,0.12,0.065933,200807,0.05406699999999999
LA-OU,200809,3,climatology,reference_r2,0.04,0.055215,200807,-0.015215
LA-OU,200810,1,climatology,reference_r2,0.0799999999999999,0.0134799999999999,200810,0.06652000000000001
LA-OU,200811,2,climatology,reference_r2,0.01,0.001972,200810,0.008028
LA-OU,200812,3,climatology,reference_r2,0.0,0.001033,200810,-0.001033
LA-OU,200901,1,climatology,reference_r2,0.0,0.0007129999999999,200901,-0.0007129999999999
LA-OU,200902,2,climatology,reference_r2,0.0,0.0003659999999999,200901,-0.0003659999999999
LA-OU,200903,3,climatology,reference_r2,0.0,0.001426,200901,-0.001426
LA-OU,200904,1,climatology,reference_r2,0.0,0.002909,200904,-0.002909
LA-OU,200905,2,climatology,reference_r2,0.0082809999999999,0.0197549999999999,200904,-0.011474000000000002
LA-OU,200906,3,climatology,reference_r2,0.0082809999999999,0.0563199999999999,200904,-0.048039
LA-OU,200907,1,climatology,reference_r2,0.0331239999999999,0.0951739999999999,200907,-0.06205
LA-OU,200908,2,climatology,reference_r2,0.7353719999999999,0.55952,200907,0.1758519999999999
LA-OU,200909,3,climatology,reference_r2,14.669124,13.899945,200907,0.7691789999999994
LA-OU,200910,1,climatology,reference_r2,4.974247999999999,2.997603,200910,1.9766449999999995
LA-OU,200911,2,climatology,reference_r2,12.826281,11.101363,200910,1.7249180000000006
LA-OU,200912,3,climatology,reference_r2,18.0,17.159018,200910,0.8409820000000003
LA-PH,200901,1,climatology,reference_r2,0.0,0.0084169999999999,200901,-0.0084169999999999
LA-PH,200902,2,climatology,reference_r2,0.0,0.0101259999999999,200901,-0.0101259999999999
LA-PH,200903,3,climatology,reference_r2,0.0,0.010187,200901,-0.010187
LA-PH,200904,1,climatology,reference_r2,0.0,0.00356,200904,-0.00356
LA-PH,200905,2,climatology,reference_r2,0.0,0.014099,200904,-0.014099
LA-PH,200906,3,climatology,reference_r2,0.0,0.03115,200904,-0.03115
LA-PH,200907,1,climatology,reference_r2,0.0,0.0224499999999999,200907,-0.0224499999999999
LA-PH,200909,3,climatology,reference_r2,0.04,0.028877,200907,0.011123000000000001
LA-PH,200910,1,climatology,reference_r2,0.0,0.009372,200910,-0.009372
LA-PH,200911,2,climatology,reference_r2,0.0,0.001949,200910,-0.001949
LA-PH,200912,3,climatology,reference_r2,0.0,0.000365,200910,-0.000365
LA-SL,200801,1,climatology,reference_r2,0.1099999999999999,0.7655680000000002,200801,-0.6555680000000004
LA-SL,200802,2,climatology,reference_r2,1.0,0.397512,200801,0.602488
LA-SL,200803,3,climatology,reference_r2,4.62,4.027171,200801,0.592829
LA-SL,200804,1,climatology,reference_r2,2.0,0.8722780000000001,200804,1.127722
LA-SL,200805,2,climatology,reference_r2,82.75,91.708333,200804,-8.958332999999996
LA-SL,200806,3,climatology,reference_r2,206.97,193.86293,200804,13.107069999999993
LA-SL,200807,1,climatology,reference_r2,75.25,54.100348,200807,21.149652000000003
LA-SL,200808,2,climatology,reference_r2,52.45,53.10368699999998,200807,-0.6536869999999766
LA-SL,200809,3,climatology,reference_r2,76.05,47.009596000000016,200807,29.04040399999998
LA-SL,200810,1,climatology,reference_r2,89.54,29.646721,200810,59.89327900000001
LA-SL,200811,2,climatology,reference_r2,19.16,12.347105,200810,6.812894999999999
LA-SL,200812,3,climatology,reference_r2,5.69,7.473072999999999,200810,-1.783072999999999
LA-SL,200901,1,climatology,reference_r2,0.545091,1.342734,200901,-0.7976430000000001
LA-SL,200902,2,climatology,reference_r2,23.826281,19.620244999999997,200901,4.2060360000000045
LA-SL,200903,3,climatology,reference_r2,23.817091,15.203423000000004,200901,8.613667999999997
LA-SL,200904,1,climatology,reference_r2,18.652562,6.174648000000001,200904,12.477913999999998
LA-SL,200905,2,climatology,reference_r2,83.899938,37.65597,200904,46.243968
LA-SL,200906,3,climatology,reference_r2,30.133145000000003,37.751221,200904,-7.6180759999999985
LA-SL,200907,1,climatology,reference_r2,148.17646399999998,53.256393,200907,94.92007099999998
LA-SL,200908,2,climatology,reference_r2,107.331804,49.709179000000006,200907,57.622625
LA-SL,200909,3,climatology,reference_r2,68.83130799999999,43.662611,200907,25.168696999999995
LA-SL,200910,1,climatology,reference_r2,76.984001,31.550527999999993,200910,45.43347300000001
LA-SL,200911,2,climatology,reference_r2,38.830017000000005,15.346326999999995,200910,23.48369000000001
LA-SL,200912,3,climatology,reference_r2,13.699703,9.386648,200910,4.313055
LA-SV,200801,1,climatology,reference_r2,1.7800000000000002,4.597137999999999,200801,-2.817137999999999
LA-SV,200802,2,climatology,reference_r2,0.6200000000000001,0.7757969999999998,200801,-0.15579699999999974
LA-SV,200803,3,climatology,reference_r2,1.42,0.3972340000000001,200801,1.0227659999999998
LA-SV,200804,1,climatology,reference_r2,6.08,1.101817,200804,4.978183
LA-SV,200805,2,climatology,reference_r2,27.53,1.520854,200804,26.009146
LA-SV,200806,3,climatology,reference_r2,67.57,4.064920999999998,200804,63.505078999999995
LA-SV,200807,1,climatology,reference_r2,150.21999999999997,4.841012000000001,200807,145.37898799999996
LA-SV,200808,2,climatology,reference_r2,140.25,5.771088000000001,200807,134.478912
LA-SV,200809,3,climatology,reference_r2,115.49,6.861234999999999,200807,108.628765
LA-SV,200810,1,climatology,reference_r2,53.19,3.2709789999999996,200810,49.919021
LA-SV,200811,2,climatology,reference_r2,12.810000000000002,0.7204250000000001,200810,12.089575000000002
LA-SV,200812,3,climatology,reference_r2,8.030000000000001,0.5013620000000001,200810,7.528638000000001
LA-SV,200901,1,climatology,reference_r2,1.7460180000000003,0.110118,200901,1.6359000000000004
LA-SV,200902,2,climatology,reference_r2,0.6034219999999999,0.0124249999999999,200901,0.590997
LA-SV,200903,3,climatology,reference_r2,1.0848110000000002,0.151513,200901,0.9332980000000002
LA-SV,200904,1,climatology,reference_r2,5.027028,0.166062,200904,4.8609659999999995
LA-SV,200905,2,climatology,reference_r2,23.760858999999996,1.12152,200904,22.639338999999996
LA-SV,200906,3,climatology,reference_r2,63.428528,1.4587319999999997,200904,61.969796
LA-SV,200907,1,climatology,reference_r2,123.24315,9.635873,200907,113.607277
LA-SV,200908,2,climatology,reference_r2,102.30625,30.604708,200907,71.701542
LA-SV,200909,3,climatology,reference_r2,77.799763,44.466122,200907,33.333641
LA-SV,200910,1,climatology,reference_r2,41.95170999999999,5.462085,200910,36.48962499999999
LA-SV,200911,2,climatology,reference_r2,12.497231,23.25442,200910,-10.757189
LA-SV,200912,3,climatology,reference_r2,6.103097000000002,1.403238,200910,4.699859000000002
LA-VT,200801,1,climatology,reference_r2,10.87,11.305470999999995,200801,-0.43547099999999617
LA-VT,200802,2,climatology,reference_r2,9.38,5.005380000000001,200801,4.37462
LA-VT,200803,3,climatology,reference_r2,4.52,18.610004,200801,-14.090004
LA-VT,200804,1,climatology,reference_r2,36.69,16.892838999999995,200804,19.797161000000003
LA-VT,200805,2,climatology,reference_r2,62.27,23.078660999999997,200804,39.191339000000006
LA-VT,200806,3,climatology,reference_r2,83.00999999999999,82.29320399999997,200804,0.7167960000000164
LA-VT,200807,1,climatology,reference_r2,191.24999999999997,86.19092900000001,200807,105.05907099999996
LA-VT,200808,2,climatology,reference_r2,165.86,69.11357799999999,200807,96.74642200000002
LA-VT,200809,3,climatology,reference_r2,113.29999999999998,66.75914099999997,200807,46.54085900000001
LA-VT,200810,1,climatology,reference_r2,129.48000000000002,26.581567000000007,200810,102.89843300000001
LA-VT,200811,2,climatology,reference_r2,36.84,72.062074,200810,-35.22207399999999
LA-VT,200812,3,climatology,reference_r2,17.979999999999997,57.52909699999999,200810,-39.549096999999996
LA-VT,200901,1,climatology,reference_r2,7.815081999999997,23.229963,200901,-15.414881000000005
LA-VT,200902,2,climatology,reference_r2,3.934482,14.489264,200901,-10.554782
LA-VT,200903,3,climatology,reference_r2,7.282829999999999,10.106155,200901,-2.8233250000000005
LA-VT,200904,1,climatology,reference_r2,9.680054000000002,12.032833999999994,200904,-2.352779999999992
LA-VT,200905,2,climatology,reference_r2,27.720475,96.384872,200904,-68.66439700000001
LA-VT,200906,3,climatology,reference_r2,38.075081999999995,181.60789700000004,200904,-143.53281500000003
LA-VT,200907,1,climatology,reference_r2,86.36204900000001,118.01474000000002,200907,-31.652691000000004
LA-VT,200908,2,climatology,reference_r2,101.891894,112.191438,200907,-10.299544000000012
LA-VT,200909,3,climatology,reference_r2,112.384425,130.284516,200907,-17.900091000000003
LA-VT,200910,1,climatology,reference_r2,145.485435,237.698121,200910,-92.21268599999999
LA-VT,200911,2,climatology,reference_r2,297.66520299999996,337.72783599999997,200910,-40.062633000000005
LA-VT,200912,3,climatology,reference_r2,224.551238,255.674107,200910,-31.12286899999998
LA-XA,200801,1,climatology,reference_r2,0.17,1.019332,200801,-0.8493319999999999
LA-XA,200802,2,climatology,reference_r2,0.9500000000000002,0.2567579999999999,200801,0.6932420000000004
LA-XA,200803,3,climatology,reference_r2,0.7399999999999998,0.166478,200801,0.5735219999999998
LA-XA,200804,1,climatology,reference_r2,3.460000000000001,0.053503,200804,3.4064970000000008
LA-XA,200805,2,climatology,reference_r2,5.659999999999997,1.183978,200804,4.476021999999997
LA-XA,200806,3,climatology,reference_r2,14.03,4.220312,200804,9.809688
LA-XA,200807,1,climatology,reference_r2,24.69,10.346223,200807,14.343777000000001
LA-XA,200808,2,climatology,reference_r2,9.729999999999997,2.4381650000000006,200807,7.291834999999996
LA-XA,200809,3,climatology,reference_r2,4.75,1.1194450000000002,200807,3.6305549999999998
LA-XA,200810,1,climatology,reference_r2,1.5699999999999994,1.186982,200810,0.3830179999999994
LA-XA,200811,2,climatology,reference_r2,1.83,0.6751020000000001,200810,1.154898
LA-XA,200812,3,climatology,reference_r2,1.9600000000000009,0.3714,200810,1.588600000000001
LA-XA,200901,1,climatology,reference_r2,0.1407769999999999,0.0976139999999999,200901,0.04316300000000001
LA-XA,200902,2,climatology,reference_r2,0.7866949999999999,0.031979,200901,0.7547159999999999
LA-XA,200903,3,climatology,reference_r2,0.6127940000000001,0.1861589999999999,200901,0.42663500000000015
LA-XA,200904,1,climatology,reference_r2,2.8624980000000004,0.237272,200904,2.6252260000000005
LA-XA,200905,2,climatology,reference_r2,4.777046000000006,0.6916500000000001,200904,4.085396000000006
LA-XA,200906,3,climatology,reference_r2,13.430243,7.429931,200904,6.000312000000001
LA-XA,200907,1,climatology,reference_r2,22.570512,3.8747409999999993,200907,18.695771
LA-XA,200908,2,climatology,reference_r2,13.305413,25.121948,200907,-11.816535
LA-XA,200909,3,climatology,reference_r2,6.654747,4.245054,200907,2.4096930000000008
LA-XA,200910,1,climatology,reference_r2,2.0250260000000004,2.901592,200910,-0.8765659999999995
LA-XA,200911,2,climatology,reference_r2,3.421968000000001,1.475318,200910,1.946650000000001
LA-XA,200912,3,climatology,reference_r2,1.5319850000000006,0.891775,200910,0.6402100000000006
LA-XE,200801,1,climatology,reference_r2,0.09,0.024119,200801,0.065881
LA-XE,200802,2,climatology,reference_r2,0.12,0.0103059999999999,200801,0.1096940000000001
LA-XE,200803,3,climatology,reference_r2,0.0,0.005592,200801,-0.005592
LA-XE,200804,1,climatology,reference_r2,0.0246419999999999,0.0173009999999999,200804,0.007341
LA-XE,200805,2,climatology,reference_r2,0.08,0.061064,200804,0.018936
LA-XE,200806,3,climatology,reference_r2,3.15,4.017822000000001,200804,-0.8678220000000008
LA-XE,200807,1,climatology,reference_r2,0.4000000000000001,0.761822,200807,-0.3618219999999999
LA-XE,200808,2,climatology,reference_r2,0.1899999999999999,1.0433499999999998,200807,-0.8533499999999998
LA-XE,200809,3,climatology,reference_r2,0.6699999999999999,0.677079,200807,-0.0070790000000000575
LA-XE,200810,1,climatology,reference_r2,0.5599999999999998,0.3914069999999999,200810,0.16859299999999994
LA-XE,200811,2,climatology,reference_r2,0.0246419999999999,0.1153369999999999,200810,-0.090695
LA-XE,200812,3,climatology,reference_r2,0.790321,0.5776939999999999,200810,0.21262700000000012
LA-XE,200901,1,climatology,reference_r2,0.074529,0.0089319999999999,200901,0.0655970000000001
LA-XE,200902,2,climatology,reference_r2,1.371372,1.799052,200901,-0.42768000000000006
LA-XE,200903,3,climatology,reference_r2,2.0,1.659708,200901,0.34029200000000004
LA-XE,200904,1,climatology,reference_r2,0.8200000000000001,0.402596,200904,0.41740400000000005
LA-XE,200905,2,climatology,reference_r2,1.338248,0.6838299999999999,200904,0.6544180000000002
LA-XE,200906,3,climatology,reference_r2,6.6023309999999995,4.580768,200904,2.0215629999999996
LA-XE,200907,1,climatology,reference_r2,26.41924,16.484172,200907,9.935067999999998
LA-XE,200908,2,climatology,reference_r2,25.883339,13.072779,200907,12.810559999999999
LA-XE,200909,3,climatology,reference_r2,4.097554,2.113378,200907,1.9841759999999997
LA-XE,200910,1,climatology,reference_r2,4.551736,2.510928,200910,2.040808
LA-XE,200911,2,climatology,reference_r2,2.6199999999999997,10.726127000000002,200910,-8.106127000000003
LA-XE,200912,3,climatology,reference_r2,6.64,9.150109,200910,-2.510109000000001
LA-XI,200801,1,climatology,reference_r2,0.0,0.0006929999999999,200801,-0.0006929999999999
LA-XI,200802,2,climatology,reference_r2,0.0,0.0002559999999999,200801,-0.0002559999999999
LA-XI,200803,3,climatology,reference_r2,0.0,0.00016,200801,-0.00016
LA-XI,200804,1,climatology,reference_r2,0.0,0.003657,200804,-0.003657
LA-XI,200805,2,climatology,reference_r2,0.0,0.0051179999999999,200804,-0.0051179999999999
LA-XI,200806,3,climatology,reference_r2,1.0,0.807601,200804,0.192399
LA-XI,200807,1,climatology,reference_r2,0.0,0.1284609999999999,200807,-0.1284609999999999
LA-XI,200808,2,climatology,reference_r2,0.02,0.130287,200807,-0.11028699999999998
LA-XI,200809,3,climatology,reference_r2,0.01,0.115045,200807,-0.105045
LA-XI,200810,1,climatology,reference_r2,0.0,0.050385,200810,-0.050385
LA-XI,200811,2,climatology,reference_r2,0.01,0.0139529999999999,200810,-0.003952999999999899
LA-XI,200812,3,climatology,reference_r2,0.0,0.004458,200810,-0.004458
LA-XI,200901,1,climatology,reference_r2,0.0,0.003442,200901,-0.003442
LA-XI,200902,2,climatology,reference_r2,0.0,0.004141,200901,-0.004141
LA-XI,200903,3,climatology,reference_r2,0.0,0.0047289999999999,200901,-0.0047289999999999
LA-XI,200904,1,climatology,reference_r2,0.0,0.000739,200904,-0.000739
LA-XI,200905,2,climatology,reference_r2,39.0,38.828176,200904,0.17182400000000086
LA-XI,200906,3,climatology,reference_r2,32.826281,32.591249000000005,200904,0.2350319999999968
LA-XI,200907,1,climatology,reference_r2,1.0,13.564102000000002,200907,-12.564102000000002
LA-XI,200908,2,climatology,reference_r2,9.652562,13.137026,200907,-3.484464000000001
LA-XI,200909,3,climatology,reference_r2,0.0082809999999999,16.007124,200907,-15.998843
LA-XI,200910,1,climatology,reference_r2,0.0,12.412646000000002,200910,-12.412646000000002
LA-XI,200911,2,climatology,reference_r2,0.0082809999999999,4.905581000000001,200910,-4.8973
LA-XI,200912,3,climatology,reference_r2,0.0,2.4942030000000006,200910,-2.4942030000000006
LA-AT,200801,1,climatology,reference_r3,4.0,2.986486,200801,1.0135139999999998
LA-AT,200802,2,climatology,reference_r3,1.63,1.320426,200801,0.3095739999999998
LA-AT,200803,3,climatology,reference_r3,0.0,0.047916,200801,-0.047916
LA-AT,200804,1,climatology,reference_r3,0.02,0.587351,200804,-0.5673509999999999
LA-AT,200805,2,climatology,reference_r3,3.45,2.042765,200804,1.407235
LA-AT,200806,3,climatology,reference_r3,8.86,5.132581,200804,3.7274189999999994
LA-AT,200807,1,climatology,reference_r3,4.54,2.367839,200807,2.172161
LA-AT,200808,2,climatology,reference_r3,9.47,3.491180000000001,200807,5.97882
LA-AT,200809,3,climatology,reference_r3,17.57,11.785665000000002,200807,5.784334999999999
LA-AT,200810,1,climatology,reference_r3,38.95,33.047584,200810,5.902416000000002
LA-AT,200811,2,climatology,reference_r3,43.0,36.070530000000005,200810,6.929469999999995
LA-AT,200812,3,climatology,reference_r3,22.28,18.082013,200810,4.197987000000001
LA-AT,200901,1,climatology,reference_r3,17.305124,7.1003430000000005,200901,10.204780999999999
LA-AT,200902,2,climatology,reference_r3,45.164529,35.99777,200901,9.166758999999999
LA-AT,200903,3,climatology,reference_r3,77.0,55.562048,200901,21.437952000000003
LA-AT,200904,1,climatology,reference_r3,98.652562,33.314725,200904,65.33783700000001
LA-AT,200905,2,climatology,reference_r3,0.1242149999999999,96.524628,200904,-96.400413
LA-AT,200906,3,climatology,reference_r3,21.319868,74.752521,200904,-53.432653
LA-AT,200907,1,climatology,reference_r3,61.750116,101.87320400000002,200907,-40.12308800000002
LA-AT,200908,2,climatology,reference_r3,17.823736,103.86403,200907,-86.040294
LA-AT,200909,3,climatology,reference_r3,10.060613,220.88343399999997,200907,-210.82282099999998
LA-AT,200910,1,climatology,reference_r3,4.830283999999999,41.25112100000001,200910,-36.42083700000001
LA-AT,200911,2,climatology,reference_r3,13.444083,27.755314999999996,200910,-14.311231999999997
LA-AT,200912,3,climatology,reference_r3,4.502959,32.39929599999999,200910,-27.896336999999992
LA-BK,200801,1,climatology,reference_r3,0.81,0.940917,200801,-0.13091699999999995
LA-BK,200802,2,climatology,reference_r3,0.01,0.0001449999999999,200801,0.0098550000000001
LA-BK,200803,3,climatology,reference_r3,0.01,1.600000000000039e-05,200801,0.009984
LA-BK,200804,1,climatology,reference_r3,0.01,0.1255239999999999,200804,-0.11552399999999992
LA-BK,200805,2,climatology,reference_r3,11.64,8.722021999999999,200804,2.9179780000000015
LA-BK,200806,3,climatology,reference_r3,52.17,47.504398,200804,4.665602
LA-BK,200807,1,climatology,reference_r3,0.6600000000000001,15.448432,200807,-14.788432
LA-BK,200808,2,climatology,reference_r3,6.84,28.40379200000001,200807,-21.56379200000001
LA-BK,200809,3,climatology,reference_r3,29.34,79.15430699999999,200807,-49.814306999999985
LA-BK,200810,1,climatology,reference_r3,44.92,35.85751499999999,200810,9.06248500000001
LA-BK,200811,2,climatology,reference_r3,55.0,43.153285999999994,200810,11.846714000000006
LA-BK,200812,3,climatology,reference_r3,5.0,1.7778630000000004,200810,3.2221369999999996
LA-BK,200901,1,climatology,reference_r3,0.6691239999999999,0.4421759999999999,200901,0.22694800000000004
LA-BK,200902,2,climatology,reference_r3,0.0082809999999999,0.3970060000000001,200901,-0.3887250000000002
LA-BK,200903,3,climatology,reference_r3,0.826281,0.6894369999999999,200901,0.1368440000000002
LA-BK,200904,1,climatology,reference_r3,2.826281,1.5609400000000004,200904,1.2653409999999994
LA-BK,200905,2,climatology,reference_r3,71.61762,44.520543,200904,27.097077
LA-BK,200906,3,climatology,reference_r3,206.10648,134.187904,200904,71.918576
LA-BK,200907,1,climatology,reference_r3,209.635455,90.179599,200907,119.45585600000001
LA-BK,200908,2,climatology,reference_r3,106.650017,32.000780000000006,200907,74.649237
LA-BK,200909,3,climatology,reference_r3,43.240067,17.819394999999993,200907,25.42067200000001
LA-BK,200910,1,climatology,reference_r3,23.210034,26.380554000000004,200910,-3.1705200000000033
LA-BK,200911,2,climatology,reference_r3,4.5454550000000005,17.231965999999996,200910,-12.686510999999996
LA-BK,200912,3,climatology,reference_r3,3.313405,6.974369000000001,200910,-3.660964000000001
LA-BL,200801,1,climatology,reference_r3,5.6899999999999995,5.428057000000001,200801,0.2619429999999987
LA-BL,200802,2,climatology,reference_r3,2.88,5.896502,200801,-3.016502
LA-BL,200803,3,climatology,reference_r3,2.29,0.40964,200801,1.88036
LA-BL,200804,1,climatology,reference_r3,2.8299999999999996,1.838674,200804,0.9913259999999997
LA-BL,200805,2,climatology,reference_r3,9.2,10.942029,200804,-1.7420290000000005
LA-BL,200806,3,climatology,reference_r3,10.070000000000002,11.503148,200804,-1.4331479999999974
LA-BL,200807,1,climatology,reference_r3,27.62,16.259242999999998,200807,11.360757000000003
LA-BL,200808,2,climatology,reference_r3,19.03,18.539478000000003,200807,0.49052199999999857
LA-BL,200809,3,climatology,reference_r3,25.370000000000005,20.277568,200807,5.092432000000006
LA-BL,200810,1,climatology,reference_r3,16.870000000000005,11.284123,200810,5.585877000000005
LA-BL,200811,2,climatology,reference_r3,6.290000000000001,3.4143609999999995,200810,2.8756390000000014
LA-BL,200812,3,climatology,reference_r3,2.05,1.520839,200810,0.5291609999999998
LA-BL,200901,1,climatology,reference_r3,0.7038849999999999,0.7637319999999999,200901,-0.059846999999999984
LA-BL,200902,2,climatology,reference_r3,0.926381,1.520053,200901,-0.5936720000000001
LA-BL,200903,3,climatology,reference_r3,2.5287120000000005,1.328685,200901,1.2000270000000006
LA-BL,200904,1,climatology,reference_r3,2.7938859999999996,0.7407000000000004,200904,2.0531859999999993
LA-BL,200905,2,climatology,reference_r3,17.157429000000004,3.318535999999999,200904,13.838893000000006
LA-BL,200906,3,climatology,reference_r3,16.873330000000003,3.828593,200904,13.044737000000003
LA-BL,200907,1,climatology,reference_r3,20.996472,13.351017999999998,200907,7.645454000000003
LA-BL,200908,2,climatology,reference_r3,33.260011999999996,4.8317429999999995,200907,28.428268999999997
LA-BL,200909,3,climatology,reference_r3,41.130528,8.96725,200907,32.163278
LA-BL,200910,1,climatology,reference_r3,17.210586000000003,4.086968999999999,200910,13.123617000000003
LA-BL,200911,2,climatology,reference_r3,11.201476,1.3825659999999995,200910,9.81891
LA-BL,200912,3,climatology,reference_r3,1.6965139999999996,0.4834440000000002,200910,1.2130699999999994
LA-CH,200801,1,climatology,reference_r3,47.5,30.808016,200801,16.691984
LA-CH,200802,2,climatology,reference_r3,53.03999999999999,46.782987000000006,200801,6.257012999999986
LA-CH,200803,3,climatology,reference_r3,50.58,54.398199000000005,200801,-3.818199000000007
LA-CH,200804,1,climatology,reference_r3,31.85,35.180737,200804,-3.330736999999999
LA-CH,200805,2,climatology,reference_r3,38.959999999999994,61.760097,200804,-22.800097000000008
LA-CH,200806,3,climatology,reference_r3,127.17000000000002,169.15558400000003,200804,-41.98558400000002
LA-CH,200807,1,climatology,reference_r3,41.25,141.337266,200807,-100.087266
LA-CH,200808,2,climatology,reference_r3,42.510000000000005,107.924872,200807,-65.41487199999999
LA-CH,200809,3,climatology,reference_r3,49.599999999999994,104.07884199999997,200807,-54.47884199999997
LA-CH,200810,1,climatology,reference_r3,37.669999999999995,38.095675,200810,-0.42567500000000535
LA-CH,200811,2,climatology,reference_r3,41.07000000000001,33.74886,200810,7.321140000000007
LA-CH,200812,3,climatology,reference_r3,33.34,23.654052,200810,9.685948000000003
LA-CH,200901,1,climatology,reference_r3,10.890717,9.489883000000004,200901,1.4008339999999961
LA-CH,200902,2,climatology,reference_r3,19.093116999999996,21.609796,200901,-2.5166790000000034
LA-CH,200903,3,climatology,reference_r3,21.42854,20.020134,200901,1.408406000000003
LA-CH,200904,1,climatology,reference_r3,53.487149,32.78152,200904,20.705629000000002
LA-CH,200905,2,climatology,reference_r3,19.053490000000004,106.71988400000004,200904,-87.66639400000003
LA-CH,200906,3,climatology,reference_r3,30.695037999999997,117.219092,200904,-86.524054
LA-CH,200907,1,climatology,reference_r3,45.004213,112.80888599999996,200907,-67.80467299999995
LA-CH,200908,2,climatology,reference_r3,44.17307600000001,78.21695299999999,200907,-34.04387699999998
LA-CH,200909,3,climatology,reference_r3,32.110839000000006,88.54939399999998,200907,-56.43855499999997
LA-CH,200910,1,climatology,reference_r3,23.227603,24.983527999999993,200910,-1.7559249999999942
LA-CH,200911,2,climatology,reference_r3,12.418226999999998,31.973293,200910,-19.555066000000004
LA-CH,200912,3,climatology,reference_r3,14.757385999999997,24.184602999999996,200910,-9.427216999999999
LA-HO,200801,1,climatology,reference_r3,0.01,0.0021519999999999,200801,0.0078480000000001
LA-HO,200802,2,climatology,reference_r3,0.01,0.000904,200801,0.009096
LA-HO,200803,3,climatology,reference_r3,0.01,0.007224,200801,0.002776
LA-HO,200804,1,climatology,reference_r3,0.01,0.0280499999999999,200804,-0.0180499999999999
LA-HO,200805,2,climatology,reference_r3,0.0,0.058997,200804,-0.058997
LA-HO,200806,3,climatology,reference_r3,0.0599999999999999,0.0896219999999999,200804,-0.029621999999999996
LA-HO,200807,1,climatology,reference_r3,0.1999999999999999,0.022748,200807,0.1772519999999999
LA-HO,200808,2,climatology,reference_r3,0.0,0.024919,200807,-0.024919
LA-HO,200809,3,climatology,reference_r3,0.6900000000000002,0.6858249999999999,200807,0.004175000000000262
LA-HO,200810,1,climatology,reference_r3,0.02,0.0431269999999999,200810,-0.0231269999999999
LA-HO,200811,2,climatology,reference_r3,0.0,0.005265,200810,-0.005265
LA-HO,200812,3,climatology,reference_r3,0.65,0.921638,200810,-0.27163799999999994
LA-HO,200901,1,climatology,reference_r3,0.0082809999999999,0.0151219999999999,200901,-0.006841
LA-HO,200902,2,climatology,reference_r3,0.0082809999999999,0.0294139999999999,200901,-0.021133
LA-HO,200903,3,climatology,reference_r3,0.0082809999999999,0.022481,200901,-0.014200000000000101
LA-HO,200904,1,climatology,reference_r3,0.0082809999999999,0.006098,200904,0.0021829999999998994
LA-HO,200905,2,climatology,reference_r3,0.0,0.013386,200904,-0.013386
LA-HO,200906,3,climatology,reference_r3,0.049686,0.059043,200904,-0.009356999999999997
LA-HO,200907,1,climatology,reference_r3,0.16562,0.0295359999999999,200907,0.1360840000000001
LA-HO,200908,2,climatology,reference_r3,0.0,0.060232,200907,-0.060232
LA-HO,200909,3,climatology,reference_r3,0.5699339999999999,0.6977329999999999,200907,-0.127799
LA-HO,200910,1,climatology,reference_r3,0.834562,0.641767,200910,0.19279500000000005
LA-HO,200911,2,climatology,reference_r3,1.0,0.8504109999999999,200910,0.14958900000000008
LA-HO,200912,3,climatology,reference_r3,0.53681,0.906408,200910,-0.369598
LA-KH,200801,1,climatology,reference_r3,1.1499999999999997,0.660536,200801,0.4894639999999997
LA-KH,200802,2,climatology,reference_r3,0.1499999999999999,0.093742,200801,0.056257999999999905
LA-KH,200803,3,climatology,reference_r3,0.04,0.0788309999999999,200801,-0.0388309999999999
LA-KH,200804,1,climatology,reference_r3,0.1099999999999999,0.3166680000000001,200804,-0.2066680000000002
LA-KH,200805,2,climatology,reference_r3,1.38,0.875607,200804,0.5043929999999999
LA-KH,200806,3,climatology,reference_r3,8.940000000000001,2.586021000000001,200804,6.353979000000001
LA-KH,200807,1,climatology,reference_r3,35.06999999999999,1.552022,200807,33.51797799999999
LA-KH,200808,2,climatology,reference_r3,37.92,0.3493159999999999,200807,37.570684
LA-KH,200809,3,climatology,reference_r3,14.089999999999996,2.1745910000000004,200807,11.915408999999997
LA-KH,200810,1,climatology,reference_r3,5.470000000000001,0.5352060000000001,200810,4.934794
LA-KH,200811,2,climatology,reference_r3,1.4299999999999995,1.5831299999999997,200810,-0.1531300000000002
LA-KH,200812,3,climatology,reference_r3,3.69,3.368927,200810,0.32107300000000016
LA-KH,200901,1,climatology,reference_r3,0.9523149999999996,0.07994,200901,0.8723749999999996
LA-KH,200902,2,climatology,reference_r3,0.1242149999999999,0.0312039999999999,200901,0.093011
LA-KH,200903,3,climatology,reference_r3,5.305124,4.449843,200901,0.8552809999999997
LA-KH,200904,1,climatology,reference_r3,0.091091,0.7304939999999998,200904,-0.6394029999999997
LA-KH,200905,2,climatology,reference_r3,4.0487779999999995,2.005262,200904,2.0435159999999994
LA-KH,200906,3,climatology,reference_r3,46.36775900000001,57.714643,200904,-11.346883999999996
LA-KH,200907,1,climatology,reference_r3,68.223464,89.19832699999999,200907,-20.974862999999985
LA-KH,200908,2,climatology,reference_r3,171.36027,231.873611,200907,-60.513341
LA-KH,200909,3,climatology,reference_r3,187.121383,211.678081,200907,-24.556697999999983
LA-KH,200910,1,climatology,reference_r3,57.593343,25.462993999999995,200910,32.130349
LA-KH,200911,2,climatology,reference_r3,54.814001,19.513842,200910,35.300158999999994
LA-KH,200912,3,climatology,reference_r3,52.764233,41.121751,200910,11.642481999999994
LA-LM,200801,1,climatology,reference_r3,0.0,0.000175,200801,-0.000175
LA-LM,200802,2,climatology,reference_r3,0.0,8.999999999999894e-06,200801,-8.999999999999894e-06
LA-LM,200803,3,climatology,reference_r3,0.0499999999999999,2.499999999999985e-05,200801,0.0499749999999999
LA-LM,200804,1,climatology,reference_r3,0.01,0.044406,200804,-0.034406
LA-LM,200805,2,climatology,reference_r3,0.0,0.1923239999999999,200804,-0.1923239999999999
LA-LM,200806,3,climatology,reference_r3,0.0,0.3729949999999999,200804,-0.3729949999999999
LA-LM,200807,1,climatology,reference_r3,0.0499999999999999,0.0601289999999999,200807,-0.010128999999999999
LA-LM,200808,2,climatology,reference_r3,0.0299999999999999,0.050255,200807,-0.020255000000000103
LA-LM,200809,3,climatology,reference_r3,0.0,0.0697679999999999,200807,-0.0697679999999999
LA-LM,200810,1,climatology,reference_r3,0.09,0.0128369999999999,200810,0.07716300000000009
LA-LM,200811,2,climatology,reference_r3,0.02,0.0019699999999999,200810,0.0180300000000001
LA-LM,200812,3,climatology,reference_r3,0.0,0.0005289999999999,200810,-0.0005289999999999
LA-LM,200901,1,climatology,reference_r3,0.0,0.0001209999999999,200901,-0.0001209999999999
LA-LM,200902,2,climatology,reference_r3,0.0,0.00021,200901,-0.00021
LA-LM,200903,3,climatology,reference_r3,0.041405,0.0001729999999999,200901,0.041232000000000095
LA-LM,200904,1,climatology,reference_r3,0.826281,0.906453,200904,-0.08017199999999991
LA-LM,200905,2,climatology,reference_r3,0.0,0.014614,200904,-0.014614
LA-LM,200906,3,climatology,reference_r3,2.0,1.528604,200904,0.4713959999999999
LA-LM,200907,1,climatology,reference_r3,0.677405,0.5394789999999998,200907,0.13792600000000022
LA-LM,200908,2,climatology,reference_r3,0.024843,0.7998460000000001,200907,-0.7750030000000001
LA-LM,200909,3,climatology,reference_r3,4.0,1.617087,200907,2.3829130000000003
LA-LM,200910,1,climatology,reference_r3,4.164529,2.674027,200910,1.4905019999999998
LA-LM,200911,2,climatology,reference_r3,5.652562,4.648892999999999,200910,1.0036690000000004
LA-LM,200912,3,climatology,reference_r3,4.0,3.360706,200910,0.639294
LA-LP,200801,1,climatology,reference_r3,0.1999999999999999,0.9520670000000002,200801,-0.7520670000000003
LA-LP,200802,2,climatology,reference_r3,13.92,14.390979,200801,-0.4709789999999998
LA-LP,200803,3,climatology,reference_r3,20.81,20.417498,200801,0.39250200000000035
LA-LP,200804,1,climatology,reference_r3,31.229999999999997,31.762654,200804,-0.5326540000000044
LA-LP,200805,2,climatology,reference_r3,107.3,112.127102,200804,-4.8271019999999965
LA-LP,200806,3,climatology,reference_r3,132.97,152.703744,200804,-19.733744
LA-LP,200807,1,climatology,reference_r3,10.659999999999998,137.06253600000002,200807,-126.40253600000003
LA-LP,200808,2,climatology,reference_r3,12.43,117.42614200000004,200807,-104.99614200000005
LA-LP,200809,3,climatology,reference_r3,10.5,109.419179,200807,-98.919179
LA-LP,200810,1,climatology,reference_r3,9.55,32.652564,200810,-23.102563999999997
LA-LP,200811,2,climatology,reference_r3,103.0,54.468205999999995,200810,48.531794000000005
LA-LP,200812,3,climatology,reference_r3,126.82,128.523994,200810,-1.7039939999999945
LA-LP,200901,1,climatology,reference_r3,0.16562,7.240741,200901,-7.075121
LA-LP,200902,2,climatology,reference_r3,0.5962320000000001,6.671977000000002,200901,-6.075745000000001
LA-LP,200903,3,climatology,reference_r3,0.4720169999999997,13.746714,200901,-13.274697000000002
LA-LP,200904,1,climatology,reference_r3,0.8104469999999999,14.506742,200904,-13.696295
LA-LP,200905,2,climatology,reference_r3,3.589589,38.652384999999995,200904,-35.06279599999999
LA-LP,200906,3,climatology,reference_r3,5.813261999999998,78.54867899999999,200904,-72.735417
LA-LP,200907,1,climatology,reference_r3,4.452995999999999,21.858479,200907,-17.405483
LA-LP,200908,2,climatology,reference_r3,8.377825999999999,22.41136,200907,-14.033534
LA-LP,200909,3,climatology,reference_r3,238.358321,303.584991,200907,-65.22667000000001
LA-LP,200910,1,climatology,reference_r3,126.23871400000002,98.606495,200910,27.63221900000002
LA-LP,200911,2,climatology,reference_r3,61.383126999999995,56.845161,200910,4.537965999999997
LA-LP,200912,3,climatology,reference_r3,7.821726000000002,2.901962,200910,4.919764000000002
LA-OU,200801,1,climatology,reference_r3,0.0,0.0008999999999999,200801,-0.0008999999999999
LA-OU,200802,2,climatology,reference_r3,0.0,0.0001309999999999,200801,-0.0001309999999999
LA-OU,200803,3,climatology,reference_r3,0.0,8.999999999999894e-06,200801,-8.999999999999894e-06
LA-OU,200804,1,climatology,reference_r3,0.0,0.1137319999999999,200804,-0.1137319999999999
LA-OU,200805,2,climatology,reference_r3,0.01,0.4005239999999999,200804,-0.39052399999999987
LA-OU,200806,3,climatology,reference_r3,0.01,0.6875050000000003,200804,-0.6775050000000002
LA-OU,200807,1,climatology,reference_r3,0.04,0.084326,200807,-0.044326
LA-OU,200808,2,climatology,reference_r3,0.12,0.064416,200807,0.055583999999999995
LA-OU,200809,3,climatology,reference_r3,0.04,0.0712239999999999,200807,-0.031223999999999898
LA-OU,200810,1,climatology,reference_r3,0.0799999999999999,0.012373,200810,0.06762699999999991
LA-OU,200811,2,climatology,reference_r3,0.01,0.002845,200810,0.007155
LA-OU,200812,3,climatology,reference_r3,0.0,0.000629,200810,-0.000629
LA-OU,200901,1,climatology,reference_r3,0.0,0.0001689999999999,200901,-0.0001689999999999
LA-OU,200902,2,climatology,reference_r3,0.0,0.000289,200901,-0.000289
LA-OU,200903,3,climatology,reference_r3,0.0,0.0005299999999999,200901,-0.0005299999999999
LA-OU,200904,1,climatology,reference_r3,0.0,0.0046309999999999,200904,-0.0046309999999999
LA-OU,200905,2,climatology,reference_r3,0.0082809999999999,0.0201809999999999,200904,-0.0119
LA-OU,200906,3,climatology,reference_r3,0.0082809999999999,0.0583119999999999,200904,-0.050031
LA-OU,200907,1,climatology,reference_r3,0.0331239999999999,0.07614,200907,-0.0430160000000001
LA-OU,200908,2,climatology,reference_r3,0.7353719999999999,0.5398540000000001,200907,0.19551799999999986
LA-OU,200909,3,climatology,reference_r3,14.669124,14.076128,200907,0.5929959999999994
LA-OU,200910,1,climatology,reference_r3,4.974247999999999,2.886982,200910,2.087265999999999
LA-OU,200911,2,climatology,reference_r3,12.826281,11.044936,200910,1.781345
LA-OU,200912,3,climatology,reference_r3,18.0,17.120266,200910,0.8797339999999991
LA-PH,200901,1,climatology,reference_r3,0.0,0.019318,200901,-0.019318
LA-PH,200902,2,climatology,reference_r3,0.0,0.01873,200901,-0.01873
LA-PH,200903,3,climatology,reference_r3,0.0,0.025014,200901,-0.025014
LA-PH,200904,1,climatology,reference_r3,0.0,0.005703,200904,-0.005703
LA-PH,200905,2,climatology,reference_r3,0.0,0.015705,200904,-0.015705
LA-PH,200906,3,climatology,reference_r3,0.0,0.047085,200904,-0.047085
LA-PH,200907,1,climatology,reference_r3,0.0,0.0289189999999999,200907,-0.0289189999999999
LA-PH,200909,3,climatology,reference_r3,0.04,0.0340489999999999,200907,0.005951000000000102
LA-PH,200910,1,climatology,reference_r3,0.0,0.0102089999999999,200910,-0.0102089999999999
LA-PH,200911,2,climatology,reference_r3,0.0,0.001902,200910,-0.001902
LA-PH,200912,3,climatology,reference_r3,0.0,0.000365,200910,-0.000365
LA-SL,200801,1,climatology,reference_r3,0.1099999999999999,0.8798080000000001,200801,-0.7698080000000003
LA-SL,200802,2,climatology,reference_r3,1.0,0.3946400000000001,200801,0.6053599999999999
LA-SL,200803,3,climatology,reference_r3,4.62,3.782077,200801,0.837923
LA-SL,200804,1,climatology,reference_r3,2.0,1.2948839999999997,200804,0.7051160000000003
LA-SL,200805,2,climatology,reference_r3,82.75,90.140072,200804,-7.3900720000000035
LA-SL,200806,3,climatology,reference_r3,206.97,186.677219,200804,20.29278099999999
LA-SL,200807,1,climatology,reference_r3,75.25,53.84395600000002,200807,21.40604399999998
LA-SL,200808,2,climatology,reference_r3,52.45,55.15285299999999,200807,-2.7028529999999904
LA-SL,200809,3,climatology,reference_r3,76.05,45.11576600000001,200807,30.93423399999999
LA-SL,200810,1,climatology,reference_r3,89.54,27.169708,200810,62.370292000000006
LA-SL,200811,2,climatology,reference_r3,19.16,11.849905,200810,7.3100950000000005
LA-SL,200812,3,climatology,reference_r3,5.69,6.763719999999999,200810,-1.073719999999999
LA-SL,200901,1,climatology,reference_r3,0.545091,1.6533319999999998,200901,-1.1082409999999998
LA-SL,200902,2,climatology,reference_r3,23.826281,18.432154,200901,5.394127000000001
LA-SL,200903,3,climatology,reference_r3,23.817091,12.700661,200901,11.116430000000001
LA-SL,200904,1,climatology,reference_r3,18.652562,7.0981989999999975,200904,11.554363000000002
LA-SL,200905,2,climatology,reference_r3,83.899938,36.45312800000001,200904,47.44681
LA-SL,200906,3,climatology,reference_r3,30.133145000000003,39.25175,200904,-9.118604999999999
LA-SL,200907,1,climatology,reference_r3,148.17646399999998,53.18438400000002,200907,94.99207999999996
LA-SL,200908,2,climatology,reference_r3,107.331804,47.976776,200907,59.355028000000004
LA-SL,200909,3,climatology,reference_r3,68.83130799999999,40.999075000000005,200907,27.832232999999988
LA-SL,200910,1,climatology,reference_r3,76.984001,31.861534999999996,200910,45.12246600000001
LA-SL,200911,2,climatology,reference_r3,38.830017000000005,16.036088999999997,200910,22.793928000000008
LA-SL,200912,3,climatology,reference_r3,13.699703,9.882848,200910,3.8168550000000003
LA-SV,200801,1,climatology,reference_r3,1.7800000000000002,5.304838,200801,-3.524838
LA-SV,200802,2,climatology,reference_r3,0.6200000000000001,1.003975,200801,-0.38397499999999996
LA-SV,200803,3,climatology,reference_r3,1.42,0.4604349999999999,200801,0.959565
LA-SV,200804,1,climatology,reference_r3,6.08,2.813371,200804,3.266629
LA-SV,200805,2,climatology,reference_r3,27.53,4.407989000000001,200804,23.122011
LA-SV,200806,3,climatology,reference_r3,67.57,16.353923999999992,200804,51.216076
LA-SV,200807,1,climatology,reference_r3,150.21999999999997,4.500802999999998,200807,145.71919699999998
LA-SV,200808,2,climatology,reference_r3,140.25,5.3320219999999985,200807,134.917978
LA-SV,200809,3,climatology,reference_r3,115.49,7.351842,200807,108.13815799999999
LA-SV,200810,1,climatology,reference_r3,53.19,3.154813,200810,50.035187
LA-SV,200811,2,climatology,reference_r3,12.810000000000002,0.759293,200810,12.050707000000003
LA-SV,200812,3,climatology,reference_r3,8.030000000000001,0.4233419999999999,200810,7.606658000000001
LA-SV,200901,1,climatology,reference_r3,1.7460180000000003,0.084673,200901,1.6613450000000003
LA-SV,200902,2,climatology,reference_r3,0.6034219999999999,0.0196839999999999,200901,0.583738
LA-SV,200903,3,climatology,reference_r3,1.0848110000000002,0.133252,200901,0.9515590000000002
LA-SV,200904,1,climatology,reference_r3,5.027028,0.194554,200904,4.8324739999999995
LA-SV,200905,2,climatology,reference_r3,23.760858999999996,1.0796709999999998,200904,22.681187999999995
LA-SV,200906,3,climatology,reference_r3,63.428528,1.335557,200904,62.092971
LA-SV,200907,1,climatology,reference_r3,123.24315,10.031895,200907,113.211255
LA-SV,200908,2,climatology,reference_r3,102.30625,30.651323,200907,71.654927
LA-SV,200909,3,climatology,reference_r3,77.799763,44.775041,200907,33.024722
LA-SV,200910,1,climatology,reference_r3,41.95170999999999,5.238619000000001,200910,36.71309099999999
LA-SV,200911,2,climatology,reference_r3,12.497231,23.588144,200910,-11.090913
LA-SV,200912,3,climatology,reference_r3,6.103097000000002,1.419184,200910,4.683913000000002
LA-VT,200801,1,climatology,reference_r3,10.87,10.060163000000005,200801,0.8098369999999946
LA-VT,200802,2,climatology,reference_r3,9.38,3.9483359999999994,200801,5.431664000000001
LA-VT,200803,3,climatology,reference_r3,4.52,16.882038,200801,-12.362038000000002
LA-VT,200804,1,climatology,reference_r3,36.69,5.026782999999998,200804,31.663217
LA-VT,200805,2,climatology,reference_r3,62.27,9.197543000000003,200804,53.072457
LA-VT,200806,3,climatology,reference_r3,83.00999999999999,37.648752,200804,45.36124799999999
LA-VT,200807,1,climatology,reference_r3,191.24999999999997,82.900522,200807,108.34947799999998
LA-VT,200808,2,climatology,reference_r3,165.86,72.31125599999999,200807,93.54874400000003
LA-VT,200809,3,climatology,reference_r3,113.29999999999998,62.111436,200807,51.188563999999985
LA-VT,200810,1,climatology,reference_r3,129.48000000000002,28.800461999999996,200810,100.67953800000002
LA-VT,200811,2,climatology,reference_r3,36.84,70.685114,200810,-33.845113999999995
LA-VT,200812,3,climatology,reference_r3,17.979999999999997,58.599912,200810,-40.61991200000001
LA-VT,200901,1,climatology,reference_r3,7.815081999999997,20.122936,200901,-12.307854000000003
LA-VT,200902,2,climatology,reference_r3,3.934482,12.458208,200901,-8.523726
LA-VT,200903,3,climatology,reference_r3,7.282829999999999,5.964889000000001,200901,1.3179409999999976
LA-VT,200904,1,climatology,reference_r3,9.680054000000002,12.974168,200904,-3.2941139999999987
LA-VT,200905,2,climatology,reference_r3,27.720475,93.98072800000004,200904,-66.26025300000003
LA-VT,200906,3,climatology,reference_r3,38.075081999999995,176.55354000000003,200904,-138.47845800000005
LA-VT,200907,1,climatology,reference_r3,86.36204900000001,122.953955,200907,-36.59190599999998
LA-VT,200908,2,climatology,reference_r3,101.891894,113.79878099999996,200907,-11.90688699999997
LA-VT,200909,3,climatology,reference_r3,112.384425,139.72156800000005,200907,-27.337143000000054
LA-VT,200910,1,climatology,reference_r3,145.485435,226.14327299999997,200910,-80.65783799999997
LA-VT,200911,2,climatology,reference_r3,297.66520299999996,325.01911500000006,200910,-27.353912000000093
LA-VT,200912,3,climatology,reference_r3,224.551238,263.58313599999997,200910,-39.031897999999956
LA-XA,200801,1,climatology,reference_r3,0.17,1.116971,200801,-0.9469709999999999
LA-XA,200802,2,climatology,reference_r3,0.9500000000000002,0.243032,200801,0.7069680000000002
LA-XA,200803,3,climatology,reference_r3,0.7399999999999998,0.171737,200801,0.5682629999999997
LA-XA,200804,1,climatology,reference_r3,3.460000000000001,0.5114209999999999,200804,2.948579000000001
LA-XA,200805,2,climatology,reference_r3,5.659999999999997,1.211045,200804,4.448954999999996
LA-XA,200806,3,climatology,reference_r3,14.03,3.0724100000000005,200804,10.95759
LA-XA,200807,1,climatology,reference_r3,24.69,9.936053,200807,14.753947000000002
LA-XA,200808,2,climatology,reference_r3,9.729999999999997,2.496529,200807,7.233470999999996
LA-XA,200809,3,climatology,reference_r3,4.75,1.0527960000000005,200807,3.6972039999999993
LA-XA,200810,1,climatology,reference_r3,1.5699999999999994,1.097585,200810,0.47241499999999936
LA-XA,200811,2,climatology,reference_r3,1.83,0.6649009999999997,200810,1.1650990000000003
LA-XA,200812,3,climatology,reference_r3,1.9600000000000009,0.3718479999999999,200810,1.588152000000001
LA-XA,200901,1,climatology,reference_r3,0.1407769999999999,0.1054689999999999,200901,0.035308000000000006
LA-XA,200902,2,climatology,reference_r3,0.7866949999999999,0.0468779999999999,200901,0.7398170000000001
LA-XA,200903,3,climatology,reference_r3,0.6127940000000001,0.2442040000000001,200901,0.36859
LA-XA,200904,1,climatology,reference_r3,2.8624980000000004,0.219345,200904,2.6431530000000003
LA-XA,200905,2,climatology,reference_r3,4.777046000000006,0.6344869999999998,200904,4.142559000000006
LA-XA,200906,3,climatology,reference_r3,13.430243,7.048278999999999,200904,6.381964000000002
LA-XA,200907,1,climatology,reference_r3,22.570512,3.91125,200907,18.659262000000002
LA-XA,200908,2,climatology,reference_r3,13.305413,25.456804,200907,-12.151391000000002
LA-XA,200909,3,climatology,reference_r3,6.654747,4.27524,200907,2.3795070000000003
LA-XA,200910,1,climatology,reference_r3,2.0250260000000004,2.5879270000000005,200910,-0.5629010000000001
LA-XA,200911,2,climatology,reference_r3,3.421968000000001,1.52237,200910,1.899598000000001
LA-XA,200912,3,climatology,reference_r3,1.5319850000000006,0.9455189999999998,200910,0.5864660000000008
LA-XE,200801,1,climatology,reference_r3,0.09,0.018237,200801,0.071763
LA-XE,200802,2,climatology,reference_r3,0.12,0.008168,200801,0.111832
LA-XE,200803,3,climatology,reference_r3,0.0,0.003187,200801,-0.003187
LA-XE,200804,1,climatology,reference_r3,0.0246419999999999,0.0302489999999999,200804,-0.005607000000000001
LA-XE,200805,2,climatology,reference_r3,0.08,0.0842809999999999,200804,-0.004280999999999896
LA-XE,200806,3,climatology,reference_r3,3.15,3.3424799999999997,200804,-0.19247999999999976
LA-XE,200807,1,climatology,reference_r3,0.4000000000000001,0.8511470000000001,200807,-0.451147
LA-XE,200808,2,climatology,reference_r3,0.1899999999999999,1.052152,200807,-0.862152
LA-XE,200809,3,climatology,reference_r3,0.6699999999999999,0.7067329999999998,200807,-0.036732999999999905
LA-XE,200810,1,climatology,reference_r3,0.5599999999999998,0.332434,200810,0.22756599999999982
LA-XE,200811,2,climatology,reference_r3,0.0246419999999999,0.122511,200810,-0.0978690000000001
LA-XE,200812,3,climatology,reference_r3,0.790321,0.612034,200810,0.17828700000000008
LA-XE,200901,1,climatology,reference_r3,0.074529,0.005004,200901,0.069525
LA-XE,200902,2,climatology,reference_r3,1.371372,1.830332,200901,-0.45896000000000003
LA-XE,200903,3,climatology,reference_r3,2.0,1.725653,200901,0.2743469999999999
LA-XE,200904,1,climatology,reference_r3,0.8200000000000001,0.400339,200904,0.41966100000000006
LA-XE,200905,2,climatology,reference_r3,1.338248,0.746435,200904,0.5918130000000001
LA-XE,200906,3,climatology,reference_r3,6.6023309999999995,4.660807,200904,1.9415239999999994
LA-XE,200907,1,climatology,reference_r3,26.41924,18.011643,200907,8.407596999999999
LA-XE,200908,2,climatology,reference_r3,25.883339,14.380847,200907,11.502492
LA-XE,200909,3,climatology,reference_r3,4.097554,1.929887,200907,2.167667
LA-XE,200910,1,climatology,reference_r3,4.551736,2.6404270000000007,200910,1.9113089999999993
LA-XE,200911,2,climatology,reference_r3,2.6199999999999997,10.927007999999995,200910,-8.307007999999996
LA-XE,200912,3,climatology,reference_r3,6.64,8.018748999999996,200910,-1.3787489999999964
LA-XI,200801,1,climatology,reference_r3,0.0,0.0004119999999999,200801,-0.0004119999999999
LA-XI,200802,2,climatology,reference_r3,0.0,6.499999999999909e-05,200801,-6.499999999999909e-05
LA-XI,200803,3,climatology,reference_r3,0.0,0.0002899999999999,200801,-0.0002899999999999
LA-XI,200804,1,climatology,reference_r3,0.0,0.038119,200804,-0.038119
LA-XI,200805,2,climatology,reference_r3,0.0,0.06257,200804,-0.06257
LA-XI,200806,3,climatology,reference_r3,1.0,0.568242,200804,0.431758
LA-XI,200807,1,climatology,reference_r3,0.0,0.1337579999999999,200807,-0.1337579999999999
LA-XI,200808,2,climatology,reference_r3,0.02,0.1407849999999999,200807,-0.1207849999999999
LA-XI,200809,3,climatology,reference_r3,0.01,0.139062,200807,-0.12906199999999998
LA-XI,200810,1,climatology,reference_r3,0.0,0.039283,200810,-0.039283
LA-XI,200811,2,climatology,reference_r3,0.01,0.008452,200810,0.0015480000000000008
LA-XI,200812,3,climatology,reference_r3,0.0,0.003707,200810,-0.003707
LA-XI,200901,1,climatology,reference_r3,0.0,0.000905,200901,-0.000905
LA-XI,200902,2,climatology,reference_r3,0.0,0.001923,200901,-0.001923
LA-XI,200903,3,climatology,reference_r3,0.0,0.001715,200901,-0.001715
LA-XI,200904,1,climatology,reference_r3,0.0,0.0008639999999999,200904,-0.0008639999999999
LA-XI,200905,2,climatology,reference_r3,39.0,38.837755,200904,0.16224499999999864
LA-XI,200906,3,climatology,reference_r3,32.826281,32.686109,200904,0.14017199999999974
LA-XI,200907,1,climatology,reference_r3,1.0,13.106988,200907,-12.106988
LA-XI,200908,2,climatology,reference_r3,9.652562,11.432157999999998,200907,-1.779595999999998
LA-XI,200909,3,climatology,reference_r3,0.0082809999999999,15.82611,200907,-15.817829
LA-XI,200910,1,climatology,reference_r3,0.0,12.683769000000002,200910,-12.683769000000002
LA-XI,200911,2,climatology,reference_r3,0.0082809999999999,4.94137,200910,-4.933089
LA-XI,200912,3,climatology,reference_r3,0.0,2.3788259999999997,200910,-2.3788259999999997
LA-AT,200801,1,climatology,reference_r4,4.0,2.992425,200801,1.007575
LA-AT,200802,2,climatology,reference_r4,1.63,1.27044,200801,0.3595599999999999
LA-AT,200803,3,climatology,reference_r4,0.0,0.0483289999999999,200801,-0.0483289999999999
LA-AT,200804,1,climatology,reference_r4,0.02,0.4644239999999999,200804,-0.4444239999999999
LA-AT,200805,2,climatology,reference_r4,3.45,1.789513,200804,1.6604870000000003
LA-AT,200806,3,climatology,reference_r4,8.86,4.311268999999999,200804,4.548731
LA-AT,200807,1,climatology,reference_r4,4.54,2.478019999999999,200807,2.061980000000001
LA-AT,200808,2,climatology,reference_r4,9.47,3.345302,200807,6.124698
LA-AT,200809,3,climatology,reference_r4,17.57,10.913305,200807,6.656695000000001
LA-AT,200810,1,climatology,reference_r4,38.95,33.925246,200810,5.0247540000000015
LA-AT,200811,2,climatology,reference_r4,43.0,36.089934,200810,6.9100660000000005
LA-AT,200812,3,climatology,reference_r4,22.28,18.239022,200810,4.040978000000003
LA-AT,200901,1,climatology,reference_r4,17.305124,7.050674999999999,200901,10.254449000000001
LA-AT,200902,2,climatology,reference_r4,45.164529,35.629815,200901,9.534714000000001
LA-AT,200903,3,climatology,reference_r4,77.0,55.394699,200901,21.605300999999997
LA-AT,200904,1,climatology,reference_r4,98.652562,38.814446,200904,59.83811600000001
LA-AT,200905,2,climatology,reference_r4,0.1242149999999999,96.49976,200904,-96.37554499999999
LA-AT,200906,3,climatology,reference_r4,21.319868,81.08959099999998,200904,-59.769722999999985
LA-AT,200907,1,climatology,reference_r4,61.750116,101.736981,200907,-39.986865
LA-AT,200908,2,climatology,reference_r4,17.823736,113.38830000000002,200907,-95.56456400000002
LA-AT,200909,3,climatology,reference_r4,10.060613,231.717233,200907,-221.65662
LA-AT,200910,1,climatology,reference_r4,4.830283999999999,43.376208000000005,200910,-38.54592400000001
LA-AT,200911,2,climatology,reference_r4,13.444083,27.44793899999999,200910,-14.003855999999992
LA-AT,200912,3,climatology,reference_r4,4.502959,32.10785399999999,200910,-27.60489499999999
LA-BK,200801,1,climatology,reference_r4,0.81,0.942845,200801,-0.132845
LA-BK,200802,2,climatology,reference_r4,0.01,0.000196,200801,0.009804
LA-BK,200803,3,climatology,reference_r4,0.01,4.900000000000043e-05,200801,0.009951
LA-BK,200804,1,climatology,reference_r4,0.01,0.0210559999999999,200804,-0.011055999999999901
LA-BK,200805,2,climatology,reference_r4,11.64,10.865402,200804,0.774598000000001
LA-BK,200806,3,climatology,reference_r4,52.17,51.529807,200804,0.6401930000000036
LA-BK,200807,1,climatology,reference_r4,0.6600000000000001,16.883974,200807,-16.223974
LA-BK,200808,2,climatology,reference_r4,6.84,25.515212000000005,200807,-18.675212000000005
LA-BK,200809,3,climatology,reference_r4,29.34,76.47767100000002,200807,-47.13767100000001
LA-BK,200810,1,climatology,reference_r4,44.92,36.070415000000025,200810,8.849584999999976
LA-BK,200811,2,climatology,reference_r4,55.0,44.141422,200810,10.858578000000001
LA-BK,200812,3,climatology,reference_r4,5.0,1.7414590000000003,200810,3.2585409999999997
LA-BK,200901,1,climatology,reference_r4,0.6691239999999999,0.435375,200901,0.23374899999999993
LA-BK,200902,2,climatology,reference_r4,0.0082809999999999,0.379482,200901,-0.3712010000000001
LA-BK,200903,3,climatology,reference_r4,0.826281,0.7330670000000001,200901,0.09321399999999991
LA-BK,200904,1,climatology,reference_r4,2.826281,1.640562,200904,1.1857189999999997
LA-BK,200905,2,climatology,reference_r4,71.61762,42.943895,200904,28.673725000000005
LA-BK,200906,3,climatology,reference_r4,206.10648,127.83433999999998,200904,78.27214000000002
LA-BK,200907,1,climatology,reference_r4,209.635455,95.992876,200907,113.64257900000001
LA-BK,200908,2,climatology,reference_r4,106.650017,32.573977,200907,74.07604
LA-BK,200909,3,climatology,reference_r4,43.240067,17.939648000000005,200907,25.300418999999998
LA-BK,200910,1,climatology,reference_r4,23.210034,27.95677000000001,200910,-4.746736000000009
LA-BK,200911,2,climatology,reference_r4,4.5454550000000005,18.450812999999997,200910,-13.905357999999996
LA-BK,200912,3,climatology,reference_r4,3.313405,7.433836999999999,200910,-4.120431999999999
LA-BL,200801,1,climatology,reference_r4,5.6899999999999995,5.712315,200801,-0.02231500000000075
LA-BL,200802,2,climatology,reference_r4,2.88,5.835274,200801,-2.955274
LA-BL,200803,3,climatology,reference_r4,2.29,0.410046,200801,1.8799540000000001
LA-BL,200804,1,climatology,reference_r4,2.8299999999999996,3.740537,200804,-0.9105370000000002
LA-BL,200805,2,climatology,reference_r4,9.2,4.932082000000001,200804,4.267917999999998
LA-BL,200806,3,climatology,reference_r4,10.070000000000002,7.513457000000003,200804,2.5565429999999987
LA-BL,200807,1,climatology,reference_r4,27.62,15.420891000000005,200807,12.199108999999996
LA-BL,200808,2,climatology,reference_r4,19.03,20.572599000000004,200807,-1.5425990000000027
LA-BL,200809,3,climatology,reference_r4,25.370000000000005,20.00643,200807,5.363570000000003
LA-BL,200810,1,climatology,reference_r4,16.870000000000005,11.021970999999995,200810,5.848029000000009
LA-BL,200811,2,climatology,reference_r4,6.290000000000001,3.4863370000000007,200810,2.8036630000000002
LA-BL,200812,3,climatology,reference_r4,2.05,1.465662,200810,0.5843379999999998
LA-BL,200901,1,climatology,reference_r4,0.7038849999999999,0.7219490000000002,200901,-0.018064000000000302
LA-BL,200902,2,climatology,reference_r4,0.926381,1.45833,200901,-0.5319489999999999
LA-BL,200903,3,climatology,reference_r4,2.5287120000000005,1.381174,200901,1.1475380000000006
LA-BL,200904,1,climatology,reference_r4,2.7938859999999996,0.7216930000000001,200904,2.0721929999999995
LA-BL,200905,2,climatology,reference_r4,17.157429000000004,3.3917899999999994,200904,13.765639000000004
LA-BL,200906,3,climatology,reference_r4,16.873330000000003,3.772229000000001,200904,13.101101000000002
LA-BL,200907,1,climatology,reference_r4,20.996472,13.597406,200907,7.399066000000001
LA-BL,200908,2,climatology,reference_r4,33.260011999999996,4.435206000000001,200907,28.824805999999995
LA-BL,200909,3,climatology,reference_r4,41.130528,8.619005999999999,200907,32.511522
LA-BL,200910,1,climatology,reference_r4,17.210586000000003,3.788059,200910,13.422527000000002
LA-BL,200911,2,climatology,reference_r4,11.201476,1.2091059999999998,200910,9.99237
LA-BL,200912,3,climatology,reference_r4,1.6965139999999996,0.4449719999999999,200910,1.2515419999999997
LA-CH,200801,1,climatology,reference_r4,47.5,29.792073999999996,200801,17.707926000000004
LA-CH,200802,2,climatology,reference_r4,53.03999999999999,46.499285,200801,6.540714999999992
LA-CH,200803,3,climatology,reference_r4,50.58,54.715953,200801,-4.135953000000001
LA-CH,200804,1,climatology,reference_r4,31.85,25.655534000000003,200804,6.1944659999999985
LA-CH,200805,2,climatology,reference_r4,38.959999999999994,38.707183,200804,0.2528169999999932
LA-CH,200806,3,climatology,reference_r4,127.17000000000002,117.907083,200804,9.262917000000016
LA-CH,200807,1,climatology,reference_r4,41.25,152.28074300000003,200807,-111.03074300000003
LA-CH,200808,2,climatology,reference_r4,42.510000000000005,107.413113,200807,-64.90311299999999
LA-CH,200809,3,climatology,reference_r4,49.599999999999994,97.89054500000005,200807,-48.29054500000005
LA-CH,200810,1,climatology,reference_r4,37.669999999999995,39.03426499999999,200810,-1.364264999999996
LA-CH,200811,2,climatology,reference_r4,41.07000000000001,31.229738000000005,200810,9.840262000000003
LA-CH,200812,3,climatology,reference_r4,33.34,23.29909,200810,10.040910000000004
LA-CH,200901,1,climatology,reference_r4,10.890717,10.072936,200901,0.8177810000000001
LA-CH,200902,2,climatology,reference_r4,19.093116999999996,21.8343,200901,-2.741183000000003
LA-CH,200903,3,climatology,reference_r4,21.42854,19.61551,200901,1.8130300000000013
LA-CH,200904,1,climatology,reference_r4,53.487149,33.850481,200904,19.636668
LA-CH,200905,2,climatology,reference_r4,19.053490000000004,113.452631,200904,-94.39914099999999
LA-CH,200906,3,climatology,reference_r4,30.695037999999997,104.28112099999998,200904,-73.58608299999999
LA-CH,200907,1,climatology,reference_r4,45.004213,134.37653700000004,200907,-89.37232400000005
LA-CH,200908,2,climatology,reference_r4,44.17307600000001,69.55106799999999,200907,-25.377991999999978
LA-CH,200909,3,climatology,reference_r4,32.110839000000006,92.54687199999998,200907,-60.43603299999997
LA-CH,200910,1,climatology,reference_r4,23.227603,25.25679799999999,200910,-2.0291949999999908
LA-CH,200911,2,climatology,reference_r4,12.418226999999998,32.12721599999999,200910,-19.708988999999992
LA-CH,200912,3,climatology,reference_r4,14.757385999999997,22.668425000000006,200910,-7.9110390000000095
LA-HO,200801,1,climatology,reference_r4,0.01,0.0014699999999999,200801,0.0085300000000001
LA-HO,200802,2,climatology,reference_r4,0.01,0.0008,200801,0.0092
LA-HO,200803,3,climatology,reference_r4,0.01,0.0083209999999999,200801,0.0016790000000001006
LA-HO,200804,1,climatology,reference_r4,0.01,0.0754859999999999,200804,-0.0654859999999999
LA-HO,200805,2,climatology,reference_r4,0.0,0.029214,200804,-0.029214
LA-HO,200806,3,climatology,reference_r4,0.0599999999999999,0.04111,200804,0.0188899999999999
LA-HO,200807,1,climatology,reference_r4,0.1999999999999999,0.017452,200807,0.1825479999999999
LA-HO,200808,2,climatology,reference_r4,0.0,0.029633,200807,-0.029633
LA-HO,200809,3,climatology,reference_r4,0.6900000000000002,0.699445,200807,-0.009444999999999815
LA-HO,200810,1,climatology,reference_r4,0.02,0.0378869999999999,200810,-0.0178869999999999
LA-HO,200811,2,climatology,reference_r4,0.0,0.0039119999999999,200810,-0.0039119999999999
LA-HO,200812,3,climatology,reference_r4,0.65,0.90251,200810,-0.25251
LA-HO,200901,1,climatology,reference_r4,0.0082809999999999,0.0177589999999999,200901,-0.009478
LA-HO,200902,2,climatology,reference_r4,0.0082809999999999,0.031102,200901,-0.0228210000000001
LA-HO,200903,3,climatology,reference_r4,0.0082809999999999,0.0260769999999999,200901,-0.017796
LA-HO,200904,1,climatology,reference_r4,0.0082809999999999,0.004588,200904,0.0036929999999998995
LA-HO,200905,2,climatology,reference_r4,0.0,0.015697,200904,-0.015697
LA-HO,200906,3,climatology,reference_r4,0.049686,0.056411,200904,-0.006725000000000002
LA-HO,200907,1,climatology,reference_r4,0.16562,0.030348,200907,0.135272
LA-HO,200908,2,climatology,reference_r4,0.0,0.0473389999999999,200907,-0.0473389999999999
LA-HO,200909,3,climatology,reference_r4,0.5699339999999999,0.6984680000000001,200907,-0.12853400000000015
LA-HO,200910,1,climatology,reference_r4,0.834562,0.662839,200910,0.17172300000000007
LA-HO,200911,2,climatology,reference_r4,1.0,0.8375619999999999,200910,0.16243800000000008
LA-HO,200912,3,climatology,reference_r4,0.53681,0.946766,200910,-0.409956
LA-KH,200801,1,climatology,reference_r4,1.1499999999999997,0.714501,200801,0.43549899999999964
LA-KH,200802,2,climatology,reference_r4,0.1499999999999999,0.092607,200801,0.057392999999999916
LA-KH,200803,3,climatology,reference_r4,0.04,0.082893,200801,-0.042892999999999994
LA-KH,200804,1,climatology,reference_r4,0.1099999999999999,0.223202,200804,-0.11320200000000011
LA-KH,200805,2,climatology,reference_r4,1.38,0.2871020000000001,200804,1.092898
LA-KH,200806,3,climatology,reference_r4,8.940000000000001,0.764748,200804,8.175252
LA-KH,200807,1,climatology,reference_r4,35.06999999999999,1.567354,200807,33.50264599999999
LA-KH,200808,2,climatology,reference_r4,37.92,0.3899239999999999,200807,37.530076
LA-KH,200809,3,climatology,reference_r4,14.089999999999996,2.173718,200807,11.916281999999995
LA-KH,200810,1,climatology,reference_r4,5.470000000000001,0.5320229999999997,200810,4.937977000000001
LA-KH,200811,2,climatology,reference_r4,1.4299999999999995,1.6569960000000004,200810,-0.22699600000000086
LA-KH,200812,3,climatology,reference_r4,3.69,3.3211969999999997,200810,0.3688030000000002
LA-KH,200901,1,climatology,reference_r4,0.9523149999999996,0.0693589999999999,200901,0.8829559999999996
LA-KH,200902,2,climatology,reference_r4,0.1242149999999999,0.0199189999999999,200901,0.104296
LA-KH,200903,3,climatology,reference_r4,5.305124,4.606771,200901,0.698353
LA-KH,200904,1,climatology,reference_r4,0.091091,0.733141,200904,-0.64205
LA-KH,200905,2,climatology,reference_r4,4.0487779999999995,1.9357110000000004,200904,2.113066999999999
LA-KH,200906,3,climatology,reference_r4,46.36775900000001,56.63577600000001,200904,-10.268017
LA-KH,200907,1,climatology,reference_r4,68.223464,93.406632,200907,-25.183167999999995
LA-KH,200908,2,climatology,reference_r4,171.36027,233.69858699999995,200907,-62.33831699999993
LA-KH,200909,3,climatology,reference_r4,187.121383,204.189474,200907,-17.06809099999998
LA-KH,200910,1,climatology,reference_r4,57.593343,23.706958,200910,33.886385
LA-KH,200911,2,climatology,reference_r4,54.814001,18.997438,200910,35.816563
LA-KH,200912,3,climatology,reference_r4,52.764233,39.921343,200910,12.842889999999997
LA-LM,200801,1,climatology,reference_r4,0.0,4.900000000000043e-05,200801,-4.900000000000043e-05
LA-LM,200802,2,climatology,reference_r4,0.0,0.0001209999999999,200801,-0.0001209999999999
LA-LM,200803,3,climatology,reference_r4,0.0499999999999999,8.999999999999894e-06,200801,0.0499909999999999
LA-LM,200804,1,climatology,reference_r4,0.01,0.002634,200804,0.007366
LA-LM,200805,2,climatology,reference_r4,0.0,0.014295,200804,-0.014295
LA-LM,200806,3,climatology,reference_r4,0.0,0.014439,200804,-0.014439
LA-LM,200807,1,climatology,reference_r4,0.0499999999999999,0.0521979999999999,200807,-0.0021979999999999986
LA-LM,200808,2,climatology,reference_r4,0.0299999999999999,0.060857,200807,-0.030857000000000103
LA-LM,200809,3,climatology,reference_r4,0.0,0.054152,200807,-0.054152
LA-LM,200810,1,climatology,reference_r4,0.09,0.0209509999999999,200810,0.0690490000000001
LA-LM,200811,2,climatology,reference_r4,0.02,0.0014839999999999,200810,0.018516000000000102
LA-LM,200812,3,climatology,reference_r4,0.0,0.0004889999999999,200810,-0.0004889999999999
LA-LM,200901,1,climatology,reference_r4,0.0,0.000148,200901,-0.000148
LA-LM,200902,2,climatology,reference_r4,0.0,0.0001229999999999,200901,-0.0001229999999999
LA-LM,200903,3,climatology,reference_r4,0.041405,0.0004,200901,0.041005
LA-LM,200904,1,climatology,reference_r4,0.826281,0.885562,200904,-0.05928099999999992
LA-LM,200905,2,climatology,reference_r4,0.0,0.0097769999999999,200904,-0.0097769999999999
LA-LM,200906,3,climatology,reference_r4,2.0,1.607773,200904,0.3922270000000001
LA-LM,200907,1,climatology,reference_r4,0.677405,0.53278,200907,0.144625
LA-LM,200908,2,climatology,reference_r4,0.024843,0.9600540000000004,200907,-0.9352110000000005
LA-LM,200909,3,climatology,reference_r4,4.0,1.731647,200907,2.2683530000000003
LA-LM,200910,1,climatology,reference_r4,4.164529,2.521898,200910,1.6426309999999997
LA-LM,200911,2,climatology,reference_r4,5.652562,4.594981,200910,1.0575809999999999
LA-LM,200912,3,climatology,reference_r4,4.0,3.4129810000000003,200910,0.5870189999999997
LA-LP,200801,1,climatology,reference_r4,0.1999999999999999,0.8406849999999999,200801,-0.640685
LA-LP,200802,2,climatology,reference_r4,13.92,14.436775,200801,-0.5167750000000009
LA-LP,200803,3,climatology,reference_r4,20.81,20.520566,200801,0.28943399999999997
LA-LP,200804,1,climatology,reference_r4,31.229999999999997,10.313024,200804,20.916976
LA-LP,200805,2,climatology,reference_r4,107.3,56.644504999999995,200804,50.655495
LA-LP,200806,3,climatology,reference_r4,132.97,71.244304,200804,61.725696
LA-LP,200807,1,climatology,reference_r4,10.659999999999998,127.62943,200807,-116.96943
LA-LP,200808,2,climatology,reference_r4,12.43,127.478098,200807,-115.04809800000001
LA-LP,200809,3,climatology,reference_r4,10.5,98.56257000000002,200807,-88.06257000000002
LA-LP,200810,1,climatology,reference_r4,9.55,30.75604,200810,-21.206039999999998
LA-LP,200811,2,climatology,reference_r4,103.0,54.792125,200810,48.207875
LA-LP,200812,3,climatology,reference_r4,126.82,127.98233,200810,-1.1623300000000114
LA-LP,200901,1,climatology,reference_r4,0.16562,7.689912,200901,-7.524292
LA-LP,200902,2,climatology,reference_r4,0.5962320000000001,6.906652999999999,200901,-6.310420999999998
LA-LP,200903,3,climatology,reference_r4,0.4720169999999997,13.978636000000002,200901,-13.506619000000002
LA-LP,200904,1,climatology,reference_r4,0.8104469999999999,16.111219,200904,-15.300771999999998
LA-LP,200905,2,climatology,reference_r4,3.589589,39.30815199999999,200904,-35.71856299999999
LA-LP,200906,3,climatology,reference_r4,5.813261999999998,73.4023,200904,-67.589038
LA-LP,200907,1,climatology,reference_r4,4.452995999999999,22.201534,200907,-17.748538
LA-LP,200908,2,climatology,reference_r4,8.377825999999999,22.172237,200907,-13.794411
LA-LP,200909,3,climatology,reference_r4,238.358321,302.732747,200907,-64.37442600000003
LA-LP,200910,1,climatology,reference_r4,126.23871400000002,96.844043,200910,29.394671000000017
LA-LP,200911,2,climatology,reference_r4,61.383126999999995,57.320173,200910,4.062953999999998
LA-LP,200912,3,climatology,reference_r4,7.821726000000002,2.8652949999999997,200910,4.956431000000002
LA-OU,200801,1,climatology,reference_r4,0.0,0.0007369999999999,200801,-0.0007369999999999
LA-OU,200802,2,climatology,reference_r4,0.0,1.600000000000039e-05,200801,-1.600000000000039e-05
LA-OU,200803,3,climatology,reference_r4,0.0,2.700000000000011e-05,200801,-2.700000000000011e-05
LA-OU,200804,1,climatology,reference_r4,0.0,0.004235,200804,-0.004235
LA-OU,200805,2,climatology,reference_r4,0.01,0.0094439999999999,200804,0.0005560000000000998
LA-OU,200806,3,climatology,reference_r4,0.01,0.0234419999999999,200804,-0.0134419999999999
LA-OU,200807,1,climatology,reference_r4,0.04,0.0711349999999999,200807,-0.031134999999999906
LA-OU,200808,2,climatology,reference_r4,0.12,0.0754989999999999,200807,0.044501000000000096
LA-OU,200809,3,climatology,reference_r4,0.04,0.053435,200807,-0.013435000000000002
LA-OU,200810,1,climatology,reference_r4,0.0799999999999999,0.0139709999999999,200810,0.066029
LA-OU,200811,2,climatology,reference_r4,0.01,0.002721,200810,0.007279000000000001
LA-OU,200812,3,climatology,reference_r4,0.0,0.0008,200810,-0.0008
LA-OU,200901,1,climatology,reference_r4,0.0,0.000629,200901,-0.000629
LA-OU,200902,2,climatology,reference_r4,0.0,0.0002589999999999,200901,-0.0002589999999999
LA-OU,200903,3,climatology,reference_r4,0.0,0.0003709999999999,200901,-0.0003709999999999
LA-OU,200904,1,climatology,reference_r4,0.0,0.0049079999999999,200904,-0.0049079999999999
LA-OU,200905,2,climatology,reference_r4,0.0082809999999999,0.016307,200904,-0.008026000000000099
LA-OU,200906,3,climatology,reference_r4,0.0082809999999999,0.048014,200904,-0.0397330000000001
LA-OU,200907,1,climatology,reference_r4,0.0331239999999999,0.0786009999999999,200907,-0.045477
LA-OU,200908,2,climatology,reference_r4,0.7353719999999999,0.570813,200907,0.1645589999999999
LA-OU,200909,3,climatology,reference_r4,14.669124,13.914119,200907,0.7550050000000006
LA-OU,200910,1,climatology,reference_r4,4.974247999999999,2.920085,200910,2.0541629999999995
LA-OU,200911,2,climatology,reference_r4,12.826281,11.03346,200910,1.792821
LA-OU,200912,3,climatology,reference_r4,18.0,17.165494000000002,200910,0.8345059999999975
LA-PH,200901,1,climatology,reference_r4,0.0,0.018418,200901,-0.018418
LA-PH,200902,2,climatology,reference_r4,0.0,0.022733,200901,-0.022733
LA-PH,200903,3,climatology,reference_r4,0.0,0.025421,200901,-0.025421
LA-PH,200904,1,climatology,reference_r4,0.0,0.003866,200904,-0.003866
LA-PH,200905,2,climatology,reference_r4,0.0,0.014172,200904,-0.014172
LA-PH,200906,3,climatology,reference_r4,0.0,0.045493,200904,-0.045493
LA-PH,200907,1,climatology,reference_r4,0.0,0.0229209999999999,200907,-0.0229209999999999
LA-PH,200909,3,climatology,reference_r4,0.04,0.031828,200907,0.008171999999999999
LA-PH,200910,1,climatology,reference_r4,0.0,0.0106709999999999,200910,-0.0106709999999999
LA-PH,200911,2,climatology,reference_r4,0.0,0.002538,200910,-0.002538
LA-PH,200912,3,climatology,reference_r4,0.0,0.000584,200910,-0.000584
LA-SL,200801,1,climatology,reference_r4,0.1099999999999999,0.9600799999999996,200801,-0.8500799999999997
LA-SL,200802,2,climatology,reference_r4,1.0,0.391243,200801,0.608757
LA-SL,200803,3,climatology,reference_r4,4.62,3.744385,200801,0.8756150000000003
LA-SL,200804,1,climatology,reference_r4,2.0,1.0278949999999996,200804,0.9721050000000004
LA-SL,200805,2,climatology,reference_r4,82.75,92.982289,200804,-10.232288999999994
LA-SL,200806,3,climatology,reference_r4,206.97,192.681717,200804,14.288283000000007
LA-SL,200807,1,climatology,reference_r4,75.25,50.50957200000002,200807,24.74042799999998
LA-SL,200808,2,climatology,reference_r4,52.45,55.077301000000006,200807,-2.6273010000000028
LA-SL,200809,3,climatology,reference_r4,76.05,45.82262,200807,30.227379999999997
LA-SL,200810,1,climatology,reference_r4,89.54,28.25725,200810,61.28275000000001
LA-SL,200811,2,climatology,reference_r4,19.16,11.517498999999994,200810,7.642501000000006
LA-SL,200812,3,climatology,reference_r4,5.69,7.012841999999999,200810,-1.3228419999999987
LA-SL,200901,1,climatology,reference_r4,0.545091,1.5871,200901,-1.042009
LA-SL,200902,2,climatology,reference_r4,23.826281,19.056107,200901,4.770174000000001
LA-SL,200903,3,climatology,reference_r4,23.817091,12.500069,200901,11.317022000000001
LA-SL,200904,1,climatology,reference_r4,18.652562,6.748847999999999,200904,11.903714
LA-SL,200905,2,climatology,reference_r4,83.899938,36.451201,200904,47.44873700000001
LA-SL,200906,3,climatology,reference_r4,30.133145000000003,44.595457999999994,200904,-14.462312999999991
LA-SL,200907,1,climatology,reference_r4,148.17646399999998,54.419464000000005,200907,93.75699999999998
LA-SL,200908,2,climatology,reference_r4,107.331804,47.098408999999975,200907,60.23339500000003
LA-SL,200909,3,climatology,reference_r4,68.83130799999999,42.509049000000005,200907,26.32225899999999
LA-SL,200910,1,climatology,reference_r4,76.984001,30.813571000000003,200910,46.17043
LA-SL,200911,2,climatology,reference_r4,38.830017000000005,16.131958000000004,200910,22.698059
LA-SL,200912,3,climatology,reference_r4,13.699703,9.186626999999998,200910,4.513076000000002
LA-SV,200801,1,climatology,reference_r4,1.7800000000000002,4.498469,200801,-2.718469
LA-SV,200802,2,climatology,reference_r4,0.6200000000000001,0.9357829999999998,200801,-0.3157829999999997
LA-SV,200803,3,climatology,reference_r4,1.42,0.4320459999999999,200801,0.987954
LA-SV,200804,1,climatology,reference_r4,6.08,1.270896,200804,4.809104
LA-SV,200805,2,climatology,reference_r4,27.53,1.211938,200804,26.318062
LA-SV,200806,3,climatology,reference_r4,67.57,4.382397000000001,200804,63.187602999999996
LA-SV,200807,1,climatology,reference_r4,150.21999999999997,4.131303000000001,200807,146.08869699999997
LA-SV,200808,2,climatology,reference_r4,140.25,5.728318999999999,200807,134.521681
LA-SV,200809,3,climatology,reference_r4,115.49,7.445155,200807,108.044845
LA-SV,200810,1,climatology,reference_r4,53.19,3.352323,200810,49.837677
LA-SV,200811,2,climatology,reference_r4,12.810000000000002,0.7557459999999998,200810,12.054254000000002
LA-SV,200812,3,climatology,reference_r4,8.030000000000001,0.507585,200810,7.522415000000001
LA-SV,200901,1,climatology,reference_r4,1.7460180000000003,0.0714229999999999,200901,1.6745950000000005
LA-SV,200902,2,climatology,reference_r4,0.6034219999999999,0.0220509999999999,200901,0.581371
LA-SV,200903,3,climatology,reference_r4,1.0848110000000002,0.159238,200901,0.9255730000000002
LA-SV,200904,1,climatology,reference_r4,5.027028,0.163736,200904,4.8632919999999995
LA-SV,200905,2,climatology,reference_r4,23.760858999999996,1.009451,200904,22.751407999999998
LA-SV,200906,3,climatology,reference_r4,63.428528,1.3927969999999994,200904,62.035731
LA-SV,200907,1,climatology,reference_r4,123.24315,10.228096,200907,113.01505399999999
LA-SV,200908,2,climatology,reference_r4,102.30625,31.001547,200907,71.304703
LA-SV,200909,3,climatology,reference_r4,77.799763,45.253779,200907,32.545984
LA-SV,200910,1,climatology,reference_r4,41.95170999999999,5.458602999999999,200910,36.493106999999995
LA-SV,200911,2,climatology,reference_r4,12.497231,23.912272,200910,-11.415041000000002
LA-SV,200912,3,climatology,reference_r4,6.103097000000002,1.481372,200910,4.621725000000001
LA-VT,200801,1,climatology,reference_r4,10.87,11.401864000000003,200801,-0.5318640000000041
LA-VT,200802,2,climatology,reference_r4,9.38,4.149587,200801,5.230413
LA-VT,200803,3,climatology,reference_r4,4.52,17.373132,200801,-12.853131999999999
LA-VT,200804,1,climatology,reference_r4,36.69,17.547157,200804,19.142843
LA-VT,200805,2,climatology,reference_r4,62.27,21.381164,200804,40.888836000000005
LA-VT,200806,3,climatology,reference_r4,83.00999999999999,100.48202199999996,200804,-17.472021999999967
LA-VT,200807,1,climatology,reference_r4,191.24999999999997,73.79979099999997,200807,117.450209
LA-VT,200808,2,climatology,reference_r4,165.86,76.60299900000001,200807,89.257001
LA-VT,200809,3,climatology,reference_r4,113.29999999999998,65.094492,200807,48.20550799999998
LA-VT,200810,1,climatology,reference_r4,129.48000000000002,28.02839300000001,200810,101.45160700000001
LA-VT,200811,2,climatology,reference_r4,36.84,72.404301,200810,-35.564301
LA-VT,200812,3,climatology,reference_r4,17.979999999999997,56.745242999999995,200810,-38.765243
LA-VT,200901,1,climatology,reference_r4,7.815081999999997,20.171851,200901,-12.356769000000003
LA-VT,200902,2,climatology,reference_r4,3.934482,12.639136,200901,-8.704654000000001
LA-VT,200903,3,climatology,reference_r4,7.282829999999999,5.874108999999999,200901,1.408721
LA-VT,200904,1,climatology,reference_r4,9.680054000000002,11.915551,200904,-2.2354969999999987
LA-VT,200905,2,climatology,reference_r4,27.720475,88.11757200000002,200904,-60.397097000000024
LA-VT,200906,3,climatology,reference_r4,38.075081999999995,205.6236269999999,200904,-167.54854499999993
LA-VT,200907,1,climatology,reference_r4,86.36204900000001,129.80826100000002,200907,-43.446212
LA-VT,200908,2,climatology,reference_r4,101.891894,110.477505,200907,-8.585611
LA-VT,200909,3,climatology,reference_r4,112.384425,136.618265,200907,-24.233840000000015
LA-VT,200910,1,climatology,reference_r4,145.485435,233.742105,200910,-88.25667000000001
LA-VT,200911,2,climatology,reference_r4,297.66520299999996,330.77016100000003,200910,-33.10495800000007
LA-VT,200912,3,climatology,reference_r4,224.551238,258.32397000000003,200910,-33.77273200000002
LA-XA,200801,1,climatology,reference_r4,0.17,0.9189230000000002,200801,-0.7489230000000001
LA-XA,200802,2,climatology,reference_r4,0.9500000000000002,0.242623,200801,0.7073770000000001
LA-XA,200803,3,climatology,reference_r4,0.7399999999999998,0.1424059999999999,200801,0.5975939999999998
LA-XA,200804,1,climatology,reference_r4,3.460000000000001,0.069886,200804,3.390114000000001
LA-XA,200805,2,climatology,reference_r4,5.659999999999997,1.187379,200804,4.472620999999997
LA-XA,200806,3,climatology,reference_r4,14.03,4.270967000000001,200804,9.759032999999999
LA-XA,200807,1,climatology,reference_r4,24.69,9.662997999999998,200807,15.027002000000003
LA-XA,200808,2,climatology,reference_r4,9.729999999999997,2.4522980000000003,200807,7.277701999999996
LA-XA,200809,3,climatology,reference_r4,4.75,0.9251850000000004,200807,3.8248149999999996
LA-XA,200810,1,climatology,reference_r4,1.5699999999999994,1.1527489999999996,200810,0.4172509999999998
LA-XA,200811,2,climatology,reference_r4,1.83,0.65151,200810,1.17849
LA-XA,200812,3,climatology,reference_r4,1.9600000000000009,0.3937969999999999,200810,1.566203000000001
LA-XA,200901,1,climatology,reference_r4,0.1407769999999999,0.095914,200901,0.0448629999999999
LA-XA,200902,2,climatology,reference_r4,0.7866949999999999,0.055453,200901,0.731242
LA-XA,200903,3,climatology,reference_r4,0.6127940000000001,0.224484,200901,0.38831000000000004
LA-XA,200904,1,climatology,reference_r4,2.8624980000000004,0.2296639999999999,200904,2.6328340000000003
LA-XA,200905,2,climatology,reference_r4,4.777046000000006,0.5784950000000002,200904,4.1985510000000055
LA-XA,200906,3,climatology,reference_r4,13.430243,7.183929,200904,6.246314000000001
LA-XA,200907,1,climatology,reference_r4,22.570512,4.260052999999999,200907,18.310459
LA-XA,200908,2,climatology,reference_r4,13.305413,26.107709,200907,-12.802296
LA-XA,200909,3,climatology,reference_r4,6.654747,4.267123,200907,2.3876240000000006
LA-XA,200910,1,climatology,reference_r4,2.0250260000000004,2.8570139999999995,200910,-0.8319879999999991
LA-XA,200911,2,climatology,reference_r4,3.421968000000001,1.4497869999999995,200910,1.9721810000000015
LA-XA,200912,3,climatology,reference_r4,1.5319850000000006,0.981279,200910,0.5507060000000006
LA-XE,200801,1,climatology,reference_r4,0.09,0.0147789999999999,200801,0.0752210000000001
LA-XE,200802,2,climatology,reference_r4,0.12,0.0047719999999999,200801,0.1152280000000001
LA-XE,200803,3,climatology,reference_r4,0.0,0.002709,200801,-0.002709
LA-XE,200804,1,climatology,reference_r4,0.0246419999999999,0.0218329999999999,200804,0.002808999999999999
LA-XE,200805,2,climatology,reference_r4,0.08,0.044604,200804,0.035396000000000004
LA-XE,200806,3,climatology,reference_r4,3.15,4.019584,200804,-0.8695840000000001
LA-XE,200807,1,climatology,reference_r4,0.4000000000000001,0.765496,200807,-0.3654959999999999
LA-XE,200808,2,climatology,reference_r4,0.1899999999999999,1.0088939999999995,200807,-0.8188939999999996
LA-XE,200809,3,climatology,reference_r4,0.6699999999999999,0.691745,200807,-0.021745000000000125
LA-XE,200810,1,climatology,reference_r4,0.5599999999999998,0.402077,200810,0.1579229999999998
LA-XE,200811,2,climatology,reference_r4,0.0246419999999999,0.1259199999999999,200810,-0.10127799999999999
LA-XE,200812,3,climatology,reference_r4,0.790321,0.6113390000000001,200810,0.17898199999999997
LA-XE,200901,1,climatology,reference_r4,0.074529,0.005649,200901,0.06888
LA-XE,200902,2,climatology,reference_r4,1.371372,1.845126,200901,-0.473754
LA-XE,200903,3,climatology,reference_r4,2.0,1.71168,200901,0.2883199999999999
LA-XE,200904,1,climatology,reference_r4,0.8200000000000001,0.392333,200904,0.4276670000000001
LA-XE,200905,2,climatology,reference_r4,1.338248,0.7663539999999998,200904,0.5718940000000003
LA-XE,200906,3,climatology,reference_r4,6.6023309999999995,4.397445,200904,2.2048859999999992
LA-XE,200907,1,climatology,reference_r4,26.41924,18.682204,200907,7.737036
LA-XE,200908,2,climatology,reference_r4,25.883339,15.312984,200907,10.570355
LA-XE,200909,3,climatology,reference_r4,4.097554,1.859451,200907,2.2381029999999997
LA-XE,200910,1,climatology,reference_r4,4.551736,2.599609000000001,200910,1.952126999999999
LA-XE,200911,2,climatology,reference_r4,2.6199999999999997,9.82727,200910,-7.207270000000001
LA-XE,200912,3,climatology,reference_r4,6.64,8.447125999999997,200910,-1.8071259999999976
LA-XI,200801,1,climatology,reference_r4,0.0,0.000445,200801,-0.000445
LA-XI,200802,2,climatology,reference_r4,0.0,4.99999999999997e-05,200801,-4.99999999999997e-05
LA-XI,200803,3,climatology,reference_r4,0.0,0.000226,200801,-0.000226
LA-XI,200804,1,climatology,reference_r4,0.0,0.0056789999999999,200804,-0.0056789999999999
LA-XI,200805,2,climatology,reference_r4,0.0,0.001605,200804,-0.001605
LA-XI,200806,3,climatology,reference_r4,1.0,0.806752,200804,0.19324799999999998
LA-XI,200807,1,climatology,reference_r4,0.0,0.1194239999999999,200807,-0.1194239999999999
LA-XI,200808,2,climatology,reference_r4,0.02,0.1384029999999999,200807,-0.11840299999999988
LA-XI,200809,3,climatology,reference_r4,0.01,0.130684,200807,-0.120684
LA-XI,200810,1,climatology,reference_r4,0.0,0.049725,200810,-0.049725
LA-XI,200811,2,climatology,reference_r4,0.01,0.0093689999999999,200810,0.0006310000000001002
LA-XI,200812,3,climatology,reference_r4,0.0,0.0045739999999999,200810,-0.0045739999999999
LA-XI,200901,1,climatology,reference_r4,0.0,0.000507,200901,-0.000507
LA-XI,200902,2,climatology,reference_r4,0.0,0.001228,200901,-0.001228
LA-XI,200903,3,climatology,reference_r4,0.0,0.0013999999999999,200901,-0.0013999999999999
LA-XI,200904,1,climatology,reference_r4,0.0,0.0011879999999999,200904,-0.0011879999999999
LA-XI,200905,2,climatology,reference_r4,39.0,38.891821,200904,0.1081789999999998
LA-XI,200906,3,climatology,reference_r4,32.826281,32.716731,200904,0.1095499999999987
LA-XI,200907,1,climatology,reference_r4,1.0,12.887232999999998,200907,-11.887232999999998
LA-XI,200908,2,climatology,reference_r4,9.652562,11.848004999999995,200907,-2.1954429999999956
LA-XI,200909,3,climatology,reference_r4,0.0082809999999999,15.407272,200907,-15.398991
LA-XI,200910,1,climatology,reference_r4,0.0,13.131773999999997,200910,-13.131773999999997
LA-XI,200911,2,climatology,reference_r4,0.0082809999999999,5.687959000000001,200910,-5.679678000000001
LA-XI,200912,3,climatology,reference_r4,0.0,2.538564,200910,-2.538564
LA-AT,200801,1,persistence,reference,3.417114,2.97824275,200801,0.43887125000000005
LA-AT,200802,2,persistence,reference,1.554761,1.33016525,200801,0.22459574999999998
LA-AT,200803,3,persistence,reference,0.0719689999999997,0.04634925,200801,0.0256197499999997
LA-AT,200804,1,persistence,reference,0.0471139999999998,0.4565529999999999,200804,-0.40943900000000005
LA-AT,200805,2,persistence,reference,3.342761,1.82715075,200804,1.51561025
LA-AT,200806,3,persistence,reference,8.929969,4.71279525,200804,4.21717375
LA-AT,200807,1,persistence,reference,3.450605,2.5677025,200807,0.8829024999999997
LA-AT,200808,2,persistence,reference,0.8260830000000001,3.45742575,200807,-2.63134275
LA-AT,200809,3,persistence,reference,12.807472,11.31119925,200807,1.496272750000001
LA-AT,200810,1,persistence,reference,21.839211,33.537995,200810,-11.698784000000003
LA-AT,200811,2,persistence,reference,17.716617,36.1167355,200810,-18.400118499999998
LA-AT,200812,3,persistence,reference,0.8262919999999996,18.0629155,200810,-17.2366235
LA-AT,200901,1,persistence,reference,4.403041999999999,8.1268215,200901,-3.723779500000001
LA-AT,200902,2,persistence,reference,21.580328,36.46182425,200901,-14.881496249999998
LA-AT,200903,3,persistence,reference,51.660003,55.948888,200901,-4.288884999999993
LA-AT,200904,1,persistence,reference,20.870388,37.03069325,200904,-16.16030525
LA-AT,200905,2,persistence,reference,74.407714,92.2317765,200904,-17.824062499999997
LA-AT,200906,3,persistence,reference,50.686121,74.69015925,200904,-24.004038249999994
LA-AT,200907,1,persistence,reference,38.397211,85.734505,200907,-47.337294
LA-AT,200908,2,persistence,reference,2.492617,88.89274325000001,200907,-86.40012625000001
LA-AT,200909,3,persistence,reference,6.1402920000000005,170.63587875000002,200907,-164.49558675000003
LA-AT,200910,1,persistence,reference,12.098028,42.55892625000001,200910,-30.460898250000014
LA-AT,200911,2,persistence,reference,0.8285939999999998,27.078477999999997,200910,-26.249883999999998
LA-AT,200912,3,persistence,reference,9.930269,31.981349999999996,200910,-22.051080999999996
LA-BK,200801,1,persistence,reference,0.702799,0.9389885,200801,-0.23618950000000005
LA-BK,200802,2,persistence,reference,0.0441579999999999,0.0002057499999999,200801,0.04395225
LA-BK,200803,3,persistence,reference,0.04958,6.450000000000032e-05,200801,0.0495155
LA-BK,200804,1,persistence,reference,0.0387989999999999,0.0496154999999999,200804,-0.0108165
LA-BK,200805,2,persistence,reference,11.132158,10.348775,200804,0.7833830000000006
LA-BK,200806,3,persistence,reference,51.985580000000006,50.53246675,200804,1.4531132500000083
LA-BK,200807,1,persistence,reference,50.223598,16.48096425,200807,33.74263375
LA-BK,200808,2,persistence,reference,43.128316,27.49370075000001,200807,15.634615249999989
LA-BK,200809,3,persistence,reference,19.03516,74.9526455,200807,-55.9174855
LA-BK,200810,1,persistence,reference,14.223598,35.33058025000001,200810,-21.10698225000001
LA-BK,200811,2,persistence,reference,21.128316,43.412364749999995,200810,-22.284048749999993
LA-BK,200812,3,persistence,reference,27.03516,1.7887067500000002,200810,25.246453250000002
LA-BK,200901,1,persistence,reference,3.438492,0.477092,200901,2.9614000000000003
LA-BK,200902,2,persistence,reference,4.3407670000000005,0.3203935,200901,4.020373500000001
LA-BK,200903,3,persistence,reference,3.355307,0.67142975,200901,2.6838772499999997
LA-BK,200904,1,persistence,reference,1.589023,1.6080545,200904,-0.019031499999999868
LA-BK,200905,2,persistence,reference,72.11584199999999,43.90767825,200904,28.20816374999999
LA-BK,200906,3,persistence,reference,214.019436,132.982159,200904,81.03727700000002
LA-BK,200907,1,persistence,reference,3.439598,118.65824075,200907,-115.21864275
LA-BK,200908,2,persistence,reference,105.128316,47.89845075000001,200907,57.22986524999999
LA-BK,200909,3,persistence,reference,163.03516,23.5955485,200907,139.43961149999998
LA-BK,200910,1,persistence,reference,20.223598,27.0755285,200910,-6.851930500000002
LA-BK,200911,2,persistence,reference,46.128316,17.424168249999997,200910,28.70414775
LA-BK,200912,3,persistence,reference,47.03516,6.9384060000000005,200910,40.096754
LA-BL,200801,1,persistence,reference,5.383502,5.498603,200801,-0.11510100000000012
LA-BL,200802,2,persistence,reference,4.609445999999998,5.94577975,200801,-1.3363337500000014
LA-BL,200803,3,persistence,reference,4.952254,0.40200325,200801,4.55025075
LA-BL,200804,1,persistence,reference,2.695502000000001,2.8172137500000005,200804,-0.12171174999999934
LA-BL,200805,2,persistence,reference,7.897445999999999,6.407246,200804,1.4901999999999989
LA-BL,200806,3,persistence,reference,9.692254000000002,8.265453,200804,1.426801000000001
LA-BL,200807,1,persistence,reference,8.23891,16.015395249999997,200807,-7.776485249999997
LA-BL,200808,2,persistence,reference,9.221346999999998,19.868641250000003,200807,-10.647294250000005
LA-BL,200809,3,persistence,reference,9.298677,19.75864525,200807,-10.459968250000001
LA-BL,200810,1,persistence,reference,16.470322000000003,10.744573,200810,5.725749000000002
LA-BL,200811,2,persistence,reference,12.262498,3.4550507500000003,200810,8.807447250000001
LA-BL,200812,3,persistence,reference,17.99097,1.46808125,200810,16.52288875
LA-BL,200901,1,persistence,reference,2.511502,0.8320259999999999,200901,1.6794760000000002
LA-BL,200902,2,persistence,reference,3.6934460000000016,1.60335525,200901,2.0900907500000017
LA-BL,200903,3,persistence,reference,4.9942540000000015,1.1858857500000002,200901,3.8083682500000013
LA-BL,200904,1,persistence,reference,2.5010209999999997,0.7454415000000002,200904,1.7555794999999996
LA-BL,200905,2,persistence,reference,3.323820999999999,3.261640999999999,200904,0.06217999999999968
LA-BL,200906,3,persistence,reference,5.582812999999998,3.63385025,200904,1.948962749999998
LA-BL,200907,1,persistence,reference,17.514046,14.910294749999998,200907,2.603751250000002
LA-BL,200908,2,persistence,reference,4.609358000000002,5.00424675,200907,-0.394888749999998
LA-BL,200909,3,persistence,reference,6.933896999999998,7.9394645,200907,-1.0055675000000015
LA-BL,200910,1,persistence,reference,2.3170210000000004,3.9960645,200910,-1.6790434999999997
LA-BL,200911,2,persistence,reference,3.4678210000000007,1.2438090000000002,200910,2.2240120000000005
LA-BL,200912,3,persistence,reference,4.764813,0.46090225,200910,4.30391075
LA-CH,200801,1,persistence,reference,9.094472000000003,30.81855425,200801,-21.724082249999995
LA-CH,200802,2,persistence,reference,19.277769,48.27061325,200801,-28.992844249999997
LA-CH,200803,3,persistence,reference,22.452036999999997,56.14356,200801,-33.691523000000004
LA-CH,200804,1,persistence,reference,16.585575000000002,27.5777695,200804,-10.992194499999997
LA-CH,200805,2,persistence,reference,17.207692,43.657154000000006,200804,-26.449462000000004
LA-CH,200806,3,persistence,reference,145.733314,121.9575565,200804,23.77575750000001
LA-CH,200807,1,persistence,reference,103.949944,149.78822574999998,200807,-45.83828174999998
LA-CH,200808,2,persistence,reference,112.642802,108.16453325,200807,4.478268749999998
LA-CH,200809,3,persistence,reference,73.553239,102.1736085,200807,-28.620369499999995
LA-CH,200810,1,persistence,reference,31.000921000000005,38.75167449999999,200810,-7.750753499999988
LA-CH,200811,2,persistence,reference,58.287541,32.59691575,200810,25.690625249999997
LA-CH,200812,3,persistence,reference,74.65110700000001,23.08830675,200810,51.56280025000001
LA-CH,200901,1,persistence,reference,28.518953000000003,11.602738250000002,200901,16.91621475
LA-CH,200902,2,persistence,reference,18.940767,23.9947825,200901,-5.054015499999998
LA-CH,200903,3,persistence,reference,16.500345000000003,23.223772749999995,200901,-6.723427749999992
LA-CH,200904,1,persistence,reference,28.357396,33.26328375,200904,-4.905887749999998
LA-CH,200905,2,persistence,reference,10.360133000000005,102.43352875,200904,-92.07339574999999
LA-CH,200906,3,persistence,reference,41.64690100000001,110.7799035,200904,-69.1330025
LA-CH,200907,1,persistence,reference,7.347732000000001,106.44276275,200907,-99.09503075
LA-CH,200908,2,persistence,reference,14.241996999999998,71.8572925,200907,-57.6152955
LA-CH,200909,3,persistence,reference,20.237556,85.23061974999999,200907,-64.99306374999999
LA-CH,200910,1,persistence,reference,31.559768,24.485428249999995,200910,7.074339750000004
LA-CH,200911,2,persistence,reference,48.322561,33.47504574999999,200910,14.847515250000008
LA-CH,200912,3,persistence,reference,48.408425,23.542520250000003,200910,24.86590475
LA-HO,200801,1,persistence,reference,0.8303219999999999,0.0022225,200801,0.8280994999999999
LA-HO,200802,2,persistence,reference,0.8292019999999999,0.00060975,200801,0.8285922499999999
LA-HO,200803,3,persistence,reference,0.820377,0.0071379999999999,200801,0.8132390000000002
LA-HO,200804,1,persistence,reference,0.0149129999999999,0.0544294999999999,200804,-0.0395165
LA-HO,200805,2,persistence,reference,0.013793,0.04176525,200804,-0.027972249999999997
LA-HO,200806,3,persistence,reference,0.015768,0.05936925,200804,-0.043601249999999994
LA-HO,200807,1,persistence,reference,0.0149129999999999,0.02099075,200807,-0.006077750000000099
LA-HO,200808,2,persistence,reference,0.013793,0.03150475,200807,-0.01771175
LA-HO,200809,3,persistence,reference,0.809768,0.69670275,200807,0.11306525
LA-HO,200810,1,persistence,reference,0.8303219999999999,0.0392232499999999,200810,0.79109875
LA-HO,200811,2,persistence,reference,0.8292019999999999,0.0050814999999999,200810,0.8241205
LA-HO,200812,3,persistence,reference,0.0263769999999999,0.91112925,200810,-0.8847522500000001
LA-HO,200901,1,persistence,reference,0.8303219999999999,0.0192212499999999,200901,0.81110075
LA-HO,200902,2,persistence,reference,0.8292019999999999,0.0323445,200901,0.7968574999999999
LA-HO,200903,3,persistence,reference,0.820377,0.0267812499999999,200901,0.7935957500000002
LA-HO,200904,1,persistence,reference,0.0149129999999999,0.0051935,200904,0.0097194999999999
LA-HO,200905,2,persistence,reference,0.013793,0.01740675,200904,-0.003613749999999999
LA-HO,200906,3,persistence,reference,0.015768,0.05840775,200904,-0.042639750000000004
LA-HO,200907,1,persistence,reference,0.0149129999999999,0.12487125,200907,-0.1099582500000001
LA-HO,200908,2,persistence,reference,0.013793,0.2444915,200907,-0.2306985
LA-HO,200909,3,persistence,reference,0.809768,0.6843210000000001,200907,0.12544699999999998
LA-HO,200910,1,persistence,reference,0.024322,0.6427927499999999,200910,-0.61847075
LA-HO,200911,2,persistence,reference,0.023202,0.8434539999999999,200910,-0.820252
LA-HO,200912,3,persistence,reference,0.0263769999999999,0.9164925,200910,-0.8901155000000002
LA-KH,200801,1,persistence,reference,1.3149230000000005,0.668192,200801,0.6467310000000005
LA-KH,200802,2,persistence,reference,2.0702239999999996,0.08029775,200801,1.9899262499999997
LA-KH,200803,3,persistence,reference,2.6522299999999994,0.07456825,200801,2.5776617499999994
LA-KH,200804,1,persistence,reference,1.3149230000000005,0.24409625,200804,1.0708267500000006
LA-KH,200805,2,persistence,reference,2.0702239999999996,0.4543724999999999,200804,1.6158514999999998
LA-KH,200806,3,persistence,reference,3.0462299999999978,1.1807720000000002,200804,1.8654579999999976
LA-KH,200807,1,persistence,reference,2.403284000000001,1.5565425,200807,0.8467415000000011
LA-KH,200808,2,persistence,reference,2.5886239999999994,0.3779609999999999,200807,2.2106629999999994
LA-KH,200809,3,persistence,reference,4.036038999999999,2.1682395000000003,200807,1.8677994999999985
LA-KH,200810,1,persistence,reference,3.125885000000002,0.5096142499999999,200810,2.616270750000002
LA-KH,200811,2,persistence,reference,2.7576459999999976,1.65209625,200810,1.1055497499999976
LA-KH,200812,3,persistence,reference,2.9661490000000015,3.36063125,200810,-0.3944822499999985
LA-KH,200901,1,persistence,reference,3.713884999999999,0.0790274999999999,200901,3.634857499999999
LA-KH,200902,2,persistence,reference,4.333645999999998,0.026117,200901,4.307528999999998
LA-KH,200903,3,persistence,reference,3.796149,4.5077255,200901,-0.7115765000000001
LA-KH,200904,1,persistence,reference,4.995498000000001,0.7074322499999999,200904,4.288065750000001
LA-KH,200905,2,persistence,reference,2.422528,1.95976375,200904,0.46276424999999977
LA-KH,200906,3,persistence,reference,54.16718900000001,57.63883475,200904,-3.4716457499999933
LA-KH,200907,1,persistence,reference,60.490204000000006,95.69765025,200907,-35.20744624999999
LA-KH,200908,2,persistence,reference,191.180325,237.32167575,200907,-46.14135074999999
LA-KH,200909,3,persistence,reference,163.22992399999998,212.42498625,200907,-49.19506225000001
LA-KH,200910,1,persistence,reference,169.74701399999998,24.7073215,200910,145.03969249999997
LA-KH,200911,2,persistence,reference,185.115734,19.22360425,200910,165.89212975
LA-KH,200912,3,persistence,reference,175.88018300000002,39.821657,200910,136.05852600000003
LA-LM,200801,1,persistence,reference,0.0063019999999999,0.0001585,200801,0.0061434999999999
LA-LM,200802,2,persistence,reference,0.007978,6.174999999999985e-05,200801,0.007916250000000001
LA-LM,200803,3,persistence,reference,0.008063,1.3500000000000055e-05,200801,0.008049500000000001
LA-LM,200804,1,persistence,reference,0.0063019999999999,0.0130015,200804,-0.0066995000000000995
LA-LM,200805,2,persistence,reference,0.007978,0.0591669999999999,200804,-0.0511889999999999
LA-LM,200806,3,persistence,reference,0.008063,0.1041679999999999,200804,-0.0961049999999999
LA-LM,200807,1,persistence,reference,0.0063019999999999,0.0535484999999999,200807,-0.047246500000000004
LA-LM,200808,2,persistence,reference,0.007978,0.05174525,200807,-0.04376725
LA-LM,200809,3,persistence,reference,0.008063,0.062426,200807,-0.054363
LA-LM,200810,1,persistence,reference,0.0063019999999999,0.0152224999999999,200810,-0.0089205
LA-LM,200811,2,persistence,reference,0.007978,0.00177175,200810,0.006206250000000001
LA-LM,200812,3,persistence,reference,0.008063,0.00068975,200810,0.0073732500000000005
LA-LM,200901,1,persistence,reference,0.0063019999999999,0.0001949999999999,200901,0.006107
LA-LM,200902,2,persistence,reference,0.007978,0.00018925,200901,0.0077887500000000005
LA-LM,200903,3,persistence,reference,0.008063,0.0004434999999999,200901,0.007619500000000101
LA-LM,200904,1,persistence,reference,0.880302,0.90405325,200904,-0.02375125
LA-LM,200905,2,persistence,reference,0.007978,0.0133689999999999,200904,-0.005390999999999899
LA-LM,200906,3,persistence,reference,1.770063,1.551981,200904,0.2180819999999999
LA-LM,200907,1,persistence,reference,0.886035,0.6302887499999998,200907,0.2557462500000002
LA-LM,200908,2,persistence,reference,1.777203,0.96355375,200907,0.8136492500000001
LA-LM,200909,3,persistence,reference,1.777288,1.74632725,200907,0.03096074999999998
LA-LM,200910,1,persistence,reference,0.8865399999999999,2.592922,200910,-1.7063820000000003
LA-LM,200911,2,persistence,reference,1.7778919999999998,4.6176685,200910,-2.8397765
LA-LM,200912,3,persistence,reference,0.016045,3.4080207500000004,200910,-3.3919757500000003
LA-LP,200801,1,persistence,reference,3.4616930000000004,0.8000940000000001,200801,2.6615990000000003
LA-LP,200802,2,persistence,reference,6.91244,14.4972085,200801,-7.584768499999999
LA-LP,200803,3,persistence,reference,10.133757,20.49389075,200801,-10.36013375
LA-LP,200804,1,persistence,reference,7.587196,16.4612975,200804,-8.874101500000002
LA-LP,200805,2,persistence,reference,77.70587800000001,70.660004,200804,7.045874000000012
LA-LP,200806,3,persistence,reference,116.670978,91.437212,200804,25.233766000000003
LA-LP,200807,1,persistence,reference,129.93954599999998,132.93813575,200807,-2.998589750000008
LA-LP,200808,2,persistence,reference,128.21567000000002,120.5468225,200807,7.6688475000000125
LA-LP,200809,3,persistence,reference,124.816253,105.83628925,200807,18.97996375000001
LA-LP,200810,1,persistence,reference,13.347094,29.917792499999997,200810,-16.5706985
LA-LP,200811,2,persistence,reference,84.94253,54.699316,200810,30.243214000000002
LA-LP,200812,3,persistence,reference,124.888534,128.10342875,200810,-3.214894749999999
LA-LP,200901,1,persistence,reference,146.497715,6.58888025,200901,139.90883475
LA-LP,200902,2,persistence,reference,141.643959,5.566539000000001,200901,136.07742
LA-LP,200903,3,persistence,reference,139.126542,12.11694725,200901,127.00959475
LA-LP,200904,1,persistence,reference,1.1242739999999998,15.0290065,200904,-13.9047325
LA-LP,200905,2,persistence,reference,1.711145,38.7733485,200904,-37.062203499999995
LA-LP,200906,3,persistence,reference,5.2004459999999995,77.28777124999999,200904,-72.08732524999999
LA-LP,200907,1,persistence,reference,14.802083,20.54183075,200907,-5.739747749999999
LA-LP,200908,2,persistence,reference,15.036039,21.08749825,200907,-6.051459249999999
LA-LP,200909,3,persistence,reference,278.002476,301.0382715,200907,-23.035795500000006
LA-LP,200910,1,persistence,reference,133.848548,97.520537,200910,36.32801099999999
LA-LP,200911,2,persistence,reference,204.57629,57.35531225,200910,147.22097775
LA-LP,200912,3,persistence,reference,288.208892,2.84331375,200910,285.36557825
LA-OU,200801,1,persistence,reference,0.0060349999999999,0.00074225,200801,0.0052927499999999
LA-OU,200802,2,persistence,reference,0.004123,8.874999999999985e-05,200801,0.00403425
LA-OU,200803,3,persistence,reference,0.0080099999999999,2.9250000000000088e-05,200801,0.0079807499999999
LA-OU,200804,1,persistence,reference,0.0060349999999999,0.0316992499999999,200804,-0.02566425
LA-OU,200805,2,persistence,reference,0.004123,0.1081782499999999,200804,-0.1040552499999999
LA-OU,200806,3,persistence,reference,0.0080099999999999,0.18916375,200804,-0.18115375000000009
LA-OU,200807,1,persistence,reference,0.0060349999999999,0.0829755,200807,-0.07694050000000009
LA-OU,200808,2,persistence,reference,0.004123,0.0668145,200807,-0.0626915
LA-OU,200809,3,persistence,reference,0.0080099999999999,0.05930025,200807,-0.0512902500000001
LA-OU,200810,1,persistence,reference,0.0060349999999999,0.012843,200810,-0.0068080000000001
LA-OU,200811,2,persistence,reference,0.004123,0.0024695,200810,0.0016535
LA-OU,200812,3,persistence,reference,0.0080099999999999,0.00079875,200810,0.007211249999999899
LA-OU,200901,1,persistence,reference,0.0060349999999999,0.0004679999999999,200901,0.005567
LA-OU,200902,2,persistence,reference,0.004123,0.0002777499999999,200901,0.0038452500000001
LA-OU,200903,3,persistence,reference,0.0080099999999999,0.0007395,200901,0.0072704999999998994
LA-OU,200904,1,persistence,reference,0.0060349999999999,0.00415725,200904,0.0018777499999998995
LA-OU,200905,2,persistence,reference,0.004123,0.0184594999999999,200904,-0.0143364999999999
LA-OU,200906,3,persistence,reference,0.0080099999999999,0.0511769999999999,200904,-0.043167000000000004
LA-OU,200907,1,persistence,reference,0.0060349999999999,0.6232317500000001,200907,-0.6171967500000002
LA-OU,200908,2,persistence,reference,0.886123,0.9829075,200907,-0.09678450000000005
LA-OU,200909,3,persistence,reference,14.71601,12.507459,200907,2.208551
LA-OU,200910,1,persistence,reference,8.76207,2.921761,200910,5.8403089999999995
LA-OU,200911,2,persistence,reference,1.848246,11.034984,200910,-9.186738
LA-OU,200912,3,persistence,reference,2.7500199999999997,17.15396225,200910,-14.40394225
LA-PH,200901,1,persistence,reference,0.0002559999999999,0.0154489999999999,200901,-0.015193
LA-PH,200902,2,persistence,reference,0.0002559999999999,0.0178615,200901,-0.0176055000000001
LA-PH,200903,3,persistence,reference,0.0003239999999999,0.02070775,200901,-0.0203837500000001
LA-PH,200904,1,persistence,reference,0.0002559999999999,0.00479075,200904,-0.0045347500000000995
LA-PH,200905,2,persistence,reference,0.0002559999999999,0.0150095,200904,-0.0147535000000001
LA-PH,200906,3,persistence,reference,0.0003239999999999,0.04324225,200904,-0.0429182500000001
LA-PH,200907,1,persistence,reference,0.0002559999999999,0.0707159999999999,200907,-0.07046000000000001
LA-PH,200909,3,persistence,reference,0.0003239999999999,0.0865845,200907,-0.0862605000000001
LA-PH,200910,1,persistence,reference,0.0002559999999999,0.00941875,200910,-0.0091627500000001
LA-PH,200911,2,persistence,reference,0.0002559999999999,0.0020495,200910,-0.0017935000000001001
LA-PH,200912,3,persistence,reference,0.0003239999999999,0.00046175,200910,-0.00013775000000009998
LA-SL,200801,1,persistence,reference,5.888300000000001,0.87340525,200801,5.014894750000001
LA-SL,200802,2,persistence,reference,4.932642,0.39527375,200801,4.53736825
LA-SL,200803,3,persistence,reference,1.538814,3.809898000000001,200801,-2.271084000000001
LA-SL,200804,1,persistence,reference,2.4083299999999994,1.0500684999999998,200804,1.3582614999999996
LA-SL,200805,2,persistence,reference,94.771065,91.50648275,200804,3.2645822499999895
LA-SL,200806,3,persistence,reference,215.529118,191.208872,200804,24.320245999999997
LA-SL,200807,1,persistence,reference,144.638988,51.932966500000006,200807,92.7060215
LA-SL,200808,2,persistence,reference,157.654794,54.421800999999995,200807,103.23299300000002
LA-SL,200809,3,persistence,reference,135.591742,45.79823450000001,200807,89.7935075
LA-SL,200810,1,persistence,reference,5.024252000000001,28.194475,200810,-23.170223
LA-SL,200811,2,persistence,reference,59.913664,11.675870749999998,200810,48.237793249999996
LA-SL,200812,3,persistence,reference,72.336984,7.235732249999999,200810,65.10125175
LA-SL,200901,1,persistence,reference,5.890064000000001,1.4981945,200901,4.3918695
LA-SL,200902,2,persistence,reference,14.107243,18.98691025,200901,-4.879667250000001
LA-SL,200903,3,persistence,reference,14.945415000000002,13.1447885,200901,1.8006265000000017
LA-SL,200904,1,persistence,reference,5.018927,6.766036,200904,-1.747109
LA-SL,200905,2,persistence,reference,91.851327,37.1722855,200904,54.6790415
LA-SL,200906,3,persistence,reference,14.970665,41.96283525,200904,-26.992170249999997
LA-SL,200907,1,persistence,reference,118.6355,68.04914275,200907,50.58635724999999
LA-SL,200908,2,persistence,reference,80.18723700000001,55.956374,200907,24.230863000000014
LA-SL,200909,3,persistence,reference,45.277277,46.32410325000001,200907,-1.0468262500000094
LA-SL,200910,1,persistence,reference,2.434636,31.14771175,200910,-28.713075749999998
LA-SL,200911,2,persistence,reference,43.493157999999994,15.64338025,200910,27.849777749999994
LA-SL,200912,3,persistence,reference,69.439998,9.333721,200910,60.106277000000006
LA-SV,200801,1,persistence,reference,4.8442229999999995,4.793635999999999,200801,0.05058700000000016
LA-SV,200802,2,persistence,reference,8.673057,0.90884775,200801,7.76420925
LA-SV,200803,3,persistence,reference,12.976107,0.43149175,200801,12.544615250000001
LA-SV,200804,1,persistence,reference,5.031711999999999,1.58831025,200804,3.4434017499999987
LA-SV,200805,2,persistence,reference,8.798821000000004,2.115381,200804,6.683440000000004
LA-SV,200806,3,persistence,reference,14.938783,7.238117499999999,200804,7.700665500000002
LA-SV,200807,1,persistence,reference,5.993041000000005,4.528644249999999,200807,1.464396750000006
LA-SV,200808,2,persistence,reference,11.269002999999998,5.6594774999999995,200807,5.609525499999998
LA-SV,200809,3,persistence,reference,16.011347999999998,7.308066999999999,200807,8.703280999999999
LA-SV,200810,1,persistence,reference,7.473481,3.27803575,200810,4.19544525
LA-SV,200811,2,persistence,reference,8.967742000000001,0.735088,200810,8.232654000000002
LA-SV,200812,3,persistence,reference,13.509918999999996,0.48218925,200810,13.027729749999997
LA-SV,200901,1,persistence,reference,4.710222999999999,0.08493275,200901,4.625290249999999
LA-SV,200902,2,persistence,reference,8.589056999999997,0.0181964999999999,200901,8.570860499999997
LA-SV,200903,3,persistence,reference,12.924106999999992,0.14767375,200901,12.776433249999993
LA-SV,200904,1,persistence,reference,4.710222999999999,0.18392675,200904,4.526296249999999
LA-SV,200905,2,persistence,reference,8.589056999999997,1.0697552499999998,200904,7.519301749999997
LA-SV,200906,3,persistence,reference,12.976107,1.406033,200904,11.570074
LA-SV,200907,1,persistence,reference,9.081712000000003,14.295503000000004,200907,-5.2137910000000005
LA-SV,200908,2,persistence,reference,21.414821000000003,30.0361335,200907,-8.621312499999995
LA-SV,200909,3,persistence,reference,29.858783000000003,40.9221485,200907,-11.063365499999996
LA-SV,200910,1,persistence,reference,22.608721999999993,5.3614605,200910,17.247261499999993
LA-SV,200911,2,persistence,reference,17.216891000000004,23.630774,200910,-6.413882999999995
LA-SV,200912,3,persistence,reference,33.27619299999999,1.440938,200910,31.835254999999993
LA-VT,200801,1,persistence,reference,43.562509000000006,10.826709,200801,32.735800000000005
LA-VT,200802,2,persistence,reference,53.531439000000006,4.24412175,200801,49.28731725000001
LA-VT,200803,3,persistence,reference,53.29954199999999,17.547522999999998,200801,35.75201899999999
LA-VT,200804,1,persistence,reference,17.354836999999996,13.70079775,200804,3.6540392499999967
LA-VT,200805,2,persistence,reference,23.829443999999995,18.771426,200804,5.0580179999999935
LA-VT,200806,3,persistence,reference,34.40855599999999,78.56922449999999,200804,-44.1606685
LA-VT,200807,1,persistence,reference,44.285051,84.3273955,200807,-40.04234449999999
LA-VT,200808,2,persistence,reference,49.550028999999995,73.51633075000001,200807,-23.966301750000014
LA-VT,200809,3,persistence,reference,57.28912399999999,64.61612199999999,200807,-7.326998000000003
LA-VT,200810,1,persistence,reference,40.699749,27.62036,200810,13.079388999999995
LA-VT,200811,2,persistence,reference,36.577603,71.277018,200810,-34.699414999999995
LA-VT,200812,3,persistence,reference,56.08934400000001,57.359508,200810,-1.270163999999987
LA-VT,200901,1,persistence,reference,33.955966000000004,20.997580749999997,200901,12.958385250000006
LA-VT,200902,2,persistence,reference,46.578158000000016,13.03627925,200901,33.541878750000016
LA-VT,200903,3,persistence,reference,52.60918800000002,7.014951249999999,200901,45.59423675000002
LA-VT,200904,1,persistence,reference,14.502862999999998,12.404783999999998,200904,2.0980790000000002
LA-VT,200905,2,persistence,reference,26.674568000000008,91.52218850000004,200904,-64.84762050000003
LA-VT,200906,3,persistence,reference,45.832223,190.43262325,200904,-144.60040025
LA-VT,200907,1,persistence,reference,142.69739800000002,129.33639425,200907,13.361003750000009
LA-VT,200908,2,persistence,reference,166.135237,129.5671325,200907,36.568104499999976
LA-VT,200909,3,persistence,reference,238.83145099999996,166.83894400000003,200907,71.99250699999993
LA-VT,200910,1,persistence,reference,37.81561000000001,230.4980995,200910,-192.68248949999997
LA-VT,200911,2,persistence,reference,44.86481699999999,330.24896950000004,200910,-285.3841525
LA-VT,200912,3,persistence,reference,73.67705999999998,259.39201925,200910,-185.71495925
LA-XA,200801,1,persistence,reference,1.370140000000001,1.0043275,200801,0.365812500000001
LA-XA,200802,2,persistence,reference,1.726794,0.2448219999999999,200801,1.481972
LA-XA,200803,3,persistence,reference,2.4291660000000004,0.15845175,200801,2.27071425
LA-XA,200804,1,persistence,reference,0.9566909999999992,0.1738439999999999,200804,0.7828469999999993
LA-XA,200805,2,persistence,reference,2.003665,1.18700975,200804,0.8166552499999997
LA-XA,200806,3,persistence,reference,4.741557,3.94751075,200804,0.7940462500000001
LA-XA,200807,1,persistence,reference,9.660272,9.99703275,200807,-0.33676074999999983
LA-XA,200808,2,persistence,reference,1.9991069999999984,2.4974052500000004,200807,-0.49829825000000194
LA-XA,200809,3,persistence,reference,4.655937,1.017208,200807,3.6387289999999997
LA-XA,200810,1,persistence,reference,1.8581400000000008,1.150917,200810,0.7072230000000008
LA-XA,200811,2,persistence,reference,1.726794,0.6582945,200810,1.0684995
LA-XA,200812,3,persistence,reference,2.223166000000001,0.37396975,200810,1.8491962500000008
LA-XA,200901,1,persistence,reference,1.370140000000001,0.1008189999999999,200901,1.269321000000001
LA-XA,200902,2,persistence,reference,1.726794,0.047659,200901,1.679135
LA-XA,200903,3,persistence,reference,2.4291660000000004,0.2288425,200901,2.2003235000000005
LA-XA,200904,1,persistence,reference,0.9566909999999992,0.2154945,200904,0.7411964999999991
LA-XA,200905,2,persistence,reference,1.5876649999999994,0.6316809999999999,200904,0.9559839999999995
LA-XA,200906,3,persistence,reference,9.675557,7.3109535,200904,2.3646034999999994
LA-XA,200907,1,persistence,reference,2.7803690000000003,4.586072249999999,200907,-1.8057032499999988
LA-XA,200908,2,persistence,reference,17.094084000000002,24.12270475,200907,-7.028620749999998
LA-XA,200909,3,persistence,reference,3.863987999999999,4.56664825,200907,-0.702660250000001
LA-XA,200910,1,persistence,reference,4.720613,2.769474,200910,1.951139
LA-XA,200911,2,persistence,reference,4.825930999999999,1.4822345,200910,3.343696499999999
LA-XA,200912,3,persistence,reference,8.469738999999999,0.93827675,200910,7.531462249999999
LA-XE,200801,1,persistence,reference,0.6979409999999999,0.0178474999999999,200801,0.6800935
LA-XE,200802,2,persistence,reference,0.6954600000000001,0.00767025,200801,0.6877897500000001
LA-XE,200803,3,persistence,reference,0.6880539999999999,0.0035095,200801,0.6845444999999999
LA-XE,200804,1,persistence,reference,0.067505,0.0217627499999999,200804,0.045742250000000095
LA-XE,200805,2,persistence,reference,0.0713599999999999,0.0601369999999999,200804,0.011222999999999997
LA-XE,200806,3,persistence,reference,4.053398,3.85098325,200804,0.20241474999999953
LA-XE,200807,1,persistence,reference,4.160576,0.8143797500000001,200807,3.3461962499999998
LA-XE,200808,2,persistence,reference,4.131926999999999,1.0329047499999997,200807,3.0990222499999995
LA-XE,200809,3,persistence,reference,3.2153919999999996,0.6939,200807,2.5214919999999994
LA-XE,200810,1,persistence,reference,0.6979409999999999,0.37083325,200810,0.3271077499999999
LA-XE,200811,2,persistence,reference,0.6954600000000001,0.128328,200810,0.5671320000000001
LA-XE,200812,3,persistence,reference,0.120054,0.6007975,200810,-0.4807435
LA-XE,200901,1,persistence,reference,0.6979409999999999,0.0063945,200901,0.6915465
LA-XE,200902,2,persistence,reference,0.6954600000000001,1.8374065,200901,-1.1419465
LA-XE,200903,3,persistence,reference,0.6880539999999999,1.7081305,200901,-1.0200765
LA-XE,200904,1,persistence,reference,0.71307,0.39248425,200904,0.32058575
LA-XE,200905,2,persistence,reference,0.132101,0.7210272499999999,200904,-0.5889262499999999
LA-XE,200906,3,persistence,reference,6.022938,4.5632665,200904,1.4596714999999998
LA-XE,200907,1,persistence,reference,19.060946,19.544624,200907,-0.4836779999999976
LA-XE,200908,2,persistence,reference,16.974494,16.070825,200907,0.9036690000000007
LA-XE,200909,3,persistence,reference,2.3166710000000004,2.3987557500000003,200907,-0.08208474999999993
LA-XE,200910,1,persistence,reference,0.722745,2.5947177500000005,200910,-1.8719727500000005
LA-XE,200911,2,persistence,reference,2.3122510000000003,10.38163975,200910,-8.06938875
LA-XE,200912,3,persistence,reference,0.713921,8.501570999999998,200910,-7.787649999999998
LA-XI,200801,1,persistence,reference,0.000689,0.0003974999999999,200801,0.00029150000000010006
LA-XI,200802,2,persistence,reference,0.000689,0.0001289999999999,200801,0.0005600000000001
LA-XI,200803,3,persistence,reference,0.000757,0.0002122499999999,200801,0.0005447500000001
LA-XI,200804,1,persistence,reference,0.000689,0.013429,200804,-0.01274
LA-XI,200805,2,persistence,reference,0.000689,0.018772,200804,-0.018083000000000002
LA-XI,200806,3,persistence,reference,0.948757,0.75292275,200804,0.19583425
LA-XI,200807,1,persistence,reference,0.951314,0.1255624999999999,200807,0.8257515000000001
LA-XI,200808,2,persistence,reference,0.951314,0.13492425,200807,0.81638975
LA-XI,200809,3,persistence,reference,0.949433,0.1276315,200807,0.8218015
LA-XI,200810,1,persistence,reference,0.000689,0.0459685,200810,-0.0452795
LA-XI,200811,2,persistence,reference,0.000689,0.0099629999999999,200810,-0.0092739999999999
LA-XI,200812,3,persistence,reference,0.000757,0.0041975,200810,-0.0034405
LA-XI,200901,1,persistence,reference,0.000689,0.00142425,200901,-0.0007352499999999999
LA-XI,200902,2,persistence,reference,0.000689,0.00247125,200901,-0.00178225
LA-XI,200903,3,persistence,reference,0.000757,0.0024942499999999,200901,-0.0017372499999999003
LA-XI,200904,1,persistence,reference,0.000689,0.0009894999999999,200904,-0.0003004999999998999
LA-XI,200905,2,persistence,reference,38.934689,38.84592425,200904,0.08876474999999573
LA-XI,200906,3,persistence,reference,32.93075700000001,32.6740025,200904,0.25675450000000666
LA-XI,200907,1,persistence,reference,31.935378,10.05001675,200907,21.885361250000003
LA-XI,200908,2,persistence,reference,22.935378,10.628213,200907,12.307165
LA-XI,200909,3,persistence,reference,32.931514,11.92243725,200907,21.00907675
LA-XI,200910,1,persistence,reference,0.000689,12.911358,200910,-12.910669
LA-XI,200911,2,persistence,reference,0.000689,5.16890725,200910,-5.16821825
LA-XI,200912,3,persistence,reference,0.000757,2.4805465,200910,-2.4797895
LA-AT,200801,1,persistence,reference_r1,3.417114,3.005431,200801,0.411683
LA-AT,200802,2,persistence,reference_r1,1.554761,1.328703,200801,0.2260580000000001
LA-AT,200803,3,persistence,reference_r1,0.0719689999999997,0.039519,200801,0.0324499999999997
LA-AT,200804,1,persistence,reference_r1,0.0471139999999998,0.4299789999999999,200804,-0.38286500000000007
LA-AT,200805,2,persistence,reference_r1,3.342761,1.7335040000000002,200804,1.6092569999999997
LA-AT,200806,3,persistence,reference_r1,8.929969,4.7121960000000005,200804,4.217772999999999
LA-AT,200807,1,persistence,reference_r1,3.450605,2.7693390000000004,200807,0.6812659999999995
LA-AT,200808,2,persistence,reference_r1,0.8260830000000001,3.621935,200807,-2.795852
LA-AT,200809,3,persistence,reference_r1,12.807472,11.103254,200807,1.704218000000001
LA-AT,200810,1,persistence,reference_r1,21.839211,33.681058,200810,-11.841847000000001
LA-AT,200811,2,persistence,reference_r1,17.716617,36.18329,200810,-18.466673
LA-AT,200812,3,persistence,reference_r1,0.8262919999999996,17.860357,200810,-17.034065000000002
LA-AT,200901,1,persistence,reference_r1,4.403041999999999,7.699838,200901,-3.2967960000000005
LA-AT,200902,2,persistence,reference_r1,21.580328,35.85613,200901,-14.275801999999999
LA-AT,200903,3,persistence,reference_r1,51.660003,55.78356899999999,200901,-4.12356599999999
LA-AT,200904,1,persistence,reference_r1,20.870388,36.31825400000001,200904,-15.447866000000012
LA-AT,200905,2,persistence,reference_r1,74.407714,95.503425,200904,-21.095710999999994
LA-AT,200906,3,persistence,reference_r1,50.686121,74.98249000000001,200904,-24.296369000000013
LA-AT,200907,1,persistence,reference_r1,38.397211,46.969736,200907,-8.572524999999999
LA-AT,200908,2,persistence,reference_r1,2.492617,10.932706,200907,-8.440089
LA-AT,200909,3,persistence,reference_r1,6.1402920000000005,9.23415,200907,-3.093857999999999
LA-AT,200910,1,persistence,reference_r1,12.098028,42.37873500000002,200910,-30.28070700000002
LA-AT,200911,2,persistence,reference_r1,0.8285939999999998,26.824453000000005,200910,-25.995859000000006
LA-AT,200912,3,persistence,reference_r1,9.930269,32.568352000000004,200910,-22.638083000000005
LA-BK,200801,1,persistence,reference_r1,0.702799,0.944797,200801,-0.24199800000000005
LA-BK,200802,2,persistence,reference_r1,0.0441579999999999,0.0002559999999999,200801,0.043902
LA-BK,200803,3,persistence,reference_r1,0.04958,4.900000000000043e-05,200801,0.049531
LA-BK,200804,1,persistence,reference_r1,0.0387989999999999,0.02843,200804,0.010368999999999903
LA-BK,200805,2,persistence,reference_r1,11.132158,10.977811,200804,0.15434699999999957
LA-BK,200806,3,persistence,reference_r1,51.985580000000006,51.49998,200804,0.48560000000000514
LA-BK,200807,1,persistence,reference_r1,50.223598,16.846947,200807,33.376651
LA-BK,200808,2,persistence,reference_r1,43.128316,28.597384000000005,200807,14.530931999999993
LA-BK,200809,3,persistence,reference_r1,19.03516,72.04394899999997,200807,-53.008788999999965
LA-BK,200810,1,persistence,reference_r1,14.223598,33.637902,200810,-19.414303999999994
LA-BK,200811,2,persistence,reference_r1,21.128316,43.463404,200810,-22.335087999999995
LA-BK,200812,3,persistence,reference_r1,27.03516,1.835084,200810,25.200076000000003
LA-BK,200901,1,persistence,reference_r1,3.438492,0.4239810000000001,200901,3.014511
LA-BK,200902,2,persistence,reference_r1,4.3407670000000005,0.3703909999999999,200901,3.970376000000001
LA-BK,200903,3,persistence,reference_r1,3.355307,0.6614360000000001,200901,2.6938709999999997
LA-BK,200904,1,persistence,reference_r1,1.589023,1.6892819999999995,200904,-0.10025899999999943
LA-BK,200905,2,persistence,reference_r1,72.11584199999999,44.758206,200904,27.357635999999985
LA-BK,200906,3,persistence,reference_r1,214.019436,132.49897,200904,81.520466
LA-BK,200907,1,persistence,reference_r1,3.439598,195.953262,200907,-192.513664
LA-BK,200908,2,persistence,reference_r1,105.128316,94.023069,200907,11.105246999999991
LA-BK,200909,3,persistence,reference_r1,163.03516,39.632979,200907,123.40218099999998
LA-BK,200910,1,persistence,reference_r1,20.223598,26.62139999999999,200910,-6.3978019999999916
LA-BK,200911,2,persistence,reference_r1,46.128316,17.721013,200910,28.407303
LA-BK,200912,3,persistence,reference_r1,47.03516,6.50576,200910,40.529399999999995
LA-BL,200801,1,persistence,reference_r1,5.383502,5.462375,200801,-0.07887299999999975
LA-BL,200802,2,persistence,reference_r1,4.609445999999998,5.826475,200801,-1.217029000000002
LA-BL,200803,3,persistence,reference_r1,4.952254,0.407452,200801,4.544802
LA-BL,200804,1,persistence,reference_r1,2.695502000000001,2.974816000000001,200804,-0.27931399999999984
LA-BL,200805,2,persistence,reference_r1,7.897445999999999,4.676824,200804,3.2206219999999988
LA-BL,200806,3,persistence,reference_r1,9.692254000000002,6.9777200000000015,200804,2.7145340000000004
LA-BL,200807,1,persistence,reference_r1,8.23891,17.1802,200807,-8.941289999999999
LA-BL,200808,2,persistence,reference_r1,9.221346999999998,20.631847,200807,-11.410500000000003
LA-BL,200809,3,persistence,reference_r1,9.298677,19.569791,200807,-10.271113999999999
LA-BL,200810,1,persistence,reference_r1,16.470322000000003,10.348956,200810,6.121366000000004
LA-BL,200811,2,persistence,reference_r1,12.262498,3.4418249999999997,200810,8.820673000000001
LA-BL,200812,3,persistence,reference_r1,17.99097,1.4879100000000005,200810,16.50306
LA-BL,200901,1,persistence,reference_r1,2.511502,0.6982949999999999,200901,1.8132070000000002
LA-BL,200902,2,persistence,reference_r1,3.6934460000000016,1.447847,200901,2.2455990000000012
LA-BL,200903,3,persistence,reference_r1,4.9942540000000015,1.402994,200901,3.5912600000000015
LA-BL,200904,1,persistence,reference_r1,2.5010209999999997,0.7678760000000002,200904,1.7331449999999995
LA-BL,200905,2,persistence,reference_r1,3.323820999999999,3.078055,200904,0.24576599999999882
LA-BL,200906,3,persistence,reference_r1,5.582812999999998,3.5421549999999993,200904,2.0406579999999988
LA-BL,200907,1,persistence,reference_r1,17.514046,19.861956999999997,200907,-2.3479109999999963
LA-BL,200908,2,persistence,reference_r1,4.609358000000002,5.140787,200907,-0.5314289999999984
LA-BL,200909,3,persistence,reference_r1,6.933896999999998,4.118327000000001,200907,2.8155699999999975
LA-BL,200910,1,persistence,reference_r1,2.3170210000000004,4.108235,200910,-1.7912139999999992
LA-BL,200911,2,persistence,reference_r1,3.4678210000000007,1.2004670000000002,200910,2.2673540000000005
LA-BL,200912,3,persistence,reference_r1,4.764813,0.4568969999999999,200910,4.3079160000000005
LA-CH,200801,1,persistence,reference_r1,9.094472000000003,32.718148,200801,-23.623675999999996
LA-CH,200802,2,persistence,reference_r1,19.277769,47.620565,200801,-28.342796
LA-CH,200803,3,persistence,reference_r1,22.452036999999997,56.482474999999994,200801,-34.030438
LA-CH,200804,1,persistence,reference_r1,16.585575000000002,25.334554999999995,200804,-8.748979999999992
LA-CH,200805,2,persistence,reference_r1,17.207692,37.87996900000002,200804,-20.672277000000015
LA-CH,200806,3,persistence,reference_r1,145.733314,99.545391,200804,46.18792300000001
LA-CH,200807,1,persistence,reference_r1,103.949944,157.00358799999998,200807,-53.05364399999998
LA-CH,200808,2,persistence,reference_r1,112.642802,102.88116300000002,200807,9.761638999999988
LA-CH,200809,3,persistence,reference_r1,73.553239,101.608232,200807,-28.054992999999996
LA-CH,200810,1,persistence,reference_r1,31.000921000000005,40.026129999999995,200810,-9.02520899999999
LA-CH,200811,2,persistence,reference_r1,58.287541,32.841301,200810,25.446239999999996
LA-CH,200812,3,persistence,reference_r1,74.65110700000001,21.503960999999997,200810,53.14714600000001
LA-CH,200901,1,persistence,reference_r1,28.518953000000003,10.248759,200901,18.270194000000004
LA-CH,200902,2,persistence,reference_r1,18.940767,21.785334,200901,-2.844566999999998
LA-CH,200903,3,persistence,reference_r1,16.500345000000003,20.29380399999999,200901,-3.793458999999988
LA-CH,200904,1,persistence,reference_r1,28.357396,32.560801,200904,-4.2034049999999965
LA-CH,200905,2,persistence,reference_r1,10.360133000000005,97.062905,200904,-86.702772
LA-CH,200906,3,persistence,reference_r1,41.64690100000001,116.06969599999996,200904,-74.42279499999995
LA-CH,200907,1,persistence,reference_r1,7.347732000000001,59.264934999999994,200907,-51.91720299999999
LA-CH,200908,2,persistence,reference_r1,14.241996999999998,52.804085,200907,-38.562088
LA-CH,200909,3,persistence,reference_r1,20.237556,54.335404,200907,-34.097848
LA-CH,200910,1,persistence,reference_r1,31.559768,23.98417099999999,200910,7.575597000000009
LA-CH,200911,2,persistence,reference_r1,48.322561,35.409932,200910,12.912629000000003
LA-CH,200912,3,persistence,reference_r1,48.408425,23.276006999999993,200910,25.13241800000001
LA-HO,200801,1,persistence,reference_r1,0.8303219999999999,0.002529,200801,0.8277929999999999
LA-HO,200802,2,persistence,reference_r1,0.8292019999999999,0.000446,200801,0.8287559999999999
LA-HO,200803,3,persistence,reference_r1,0.820377,0.0046859999999999,200801,0.8156910000000002
LA-HO,200804,1,persistence,reference_r1,0.0149129999999999,0.067717,200804,-0.0528040000000001
LA-HO,200805,2,persistence,reference_r1,0.013793,0.047548,200804,-0.033755
LA-HO,200806,3,persistence,reference_r1,0.015768,0.0531849999999999,200804,-0.037416999999999895
LA-HO,200807,1,persistence,reference_r1,0.0149129999999999,0.0214769999999999,200807,-0.006563999999999999
LA-HO,200808,2,persistence,reference_r1,0.013793,0.034312,200807,-0.020519000000000003
LA-HO,200809,3,persistence,reference_r1,0.809768,0.715935,200807,0.09383300000000006
LA-HO,200810,1,persistence,reference_r1,0.8303219999999999,0.0364939999999999,200810,0.793828
LA-HO,200811,2,persistence,reference_r1,0.8292019999999999,0.005929,200810,0.8232729999999999
LA-HO,200812,3,persistence,reference_r1,0.0263769999999999,0.900682,200810,-0.8743050000000001
LA-HO,200901,1,persistence,reference_r1,0.8303219999999999,0.015903,200901,0.8144189999999999
LA-HO,200902,2,persistence,reference_r1,0.8292019999999999,0.0360999999999999,200901,0.793102
LA-HO,200903,3,persistence,reference_r1,0.820377,0.0262519999999999,200901,0.7941250000000001
LA-HO,200904,1,persistence,reference_r1,0.0149129999999999,0.0053539999999999,200904,0.009559000000000002
LA-HO,200905,2,persistence,reference_r1,0.013793,0.0190059999999999,200904,-0.005212999999999902
LA-HO,200906,3,persistence,reference_r1,0.015768,0.057373,200904,-0.041605
LA-HO,200907,1,persistence,reference_r1,0.0149129999999999,0.4049930000000001,200907,-0.3900800000000002
LA-HO,200908,2,persistence,reference_r1,0.013793,0.8078830000000004,200907,-0.7940900000000004
LA-HO,200909,3,persistence,reference_r1,0.809768,0.6701170000000003,200907,0.13965099999999975
LA-HO,200910,1,persistence,reference_r1,0.024322,0.62191,200910,-0.597588
LA-HO,200911,2,persistence,reference_r1,0.023202,0.8319190000000001,200910,-0.8087170000000001
LA-HO,200912,3,persistence,reference_r1,0.0263769999999999,0.8930509999999999,200910,-0.866674
LA-KH,200801,1,persistence,reference_r1,1.3149230000000005,0.652441,200801,0.6624820000000005
LA-KH,200802,2,persistence,reference_r1,2.0702239999999996,0.0875809999999999,200801,1.9826429999999997
LA-KH,200803,3,persistence,reference_r1,2.6522299999999994,0.067966,200801,2.5842639999999992
LA-KH,200804,1,persistence,reference_r1,1.3149230000000005,0.2184369999999998,200804,1.0964860000000007
LA-KH,200805,2,persistence,reference_r1,2.0702239999999996,0.2956479999999999,200804,1.7745759999999997
LA-KH,200806,3,persistence,reference_r1,3.0462299999999978,0.674693,200804,2.371536999999998
LA-KH,200807,1,persistence,reference_r1,2.403284000000001,1.549961,200807,0.8533230000000012
LA-KH,200808,2,persistence,reference_r1,2.5886239999999994,0.3607579999999999,200807,2.2278659999999997
LA-KH,200809,3,persistence,reference_r1,4.036038999999999,2.215713,200807,1.8203259999999988
LA-KH,200810,1,persistence,reference_r1,3.125885000000002,0.502683,200810,2.623202000000002
LA-KH,200811,2,persistence,reference_r1,2.7576459999999976,1.753536,200810,1.0041099999999976
LA-KH,200812,3,persistence,reference_r1,2.9661490000000015,3.338526,200810,-0.3723769999999984
LA-KH,200901,1,persistence,reference_r1,3.713884999999999,0.077648,200901,3.636236999999999
LA-KH,200902,2,persistence,reference_r1,4.333645999999998,0.0305219999999999,200901,4.303123999999999
LA-KH,200903,3,persistence,reference_r1,3.796149,4.432754,200901,-0.6366049999999999
LA-KH,200904,1,persistence,reference_r1,4.995498000000001,0.7212819999999998,200904,4.274216000000002
LA-KH,200905,2,persistence,reference_r1,2.422528,1.9558609999999996,200904,0.46666700000000017
LA-KH,200906,3,persistence,reference_r1,54.16718900000001,59.11029,200904,-4.9431009999999915
LA-KH,200907,1,persistence,reference_r1,60.490204000000006,108.031528,200907,-47.54132399999999
LA-KH,200908,2,persistence,reference_r1,191.180325,254.66876,200907,-63.48843499999998
LA-KH,200909,3,persistence,reference_r1,163.22992399999998,227.829662,200907,-64.59973800000003
LA-KH,200910,1,persistence,reference_r1,169.74701399999998,25.845056,200910,143.90195799999998
LA-KH,200911,2,persistence,reference_r1,185.115734,19.425252,200910,165.690482
LA-KH,200912,3,persistence,reference_r1,175.88018300000002,38.908697,200910,136.97148600000003
LA-LM,200801,1,persistence,reference_r1,0.0063019999999999,0.0001209999999999,200801,0.006181
LA-LM,200802,2,persistence,reference_r1,0.007978,8.099999999999948e-05,200801,0.007897000000000001
LA-LM,200803,3,persistence,reference_r1,0.008063,4.000000000000097e-06,200801,0.008059
LA-LM,200804,1,persistence,reference_r1,0.0063019999999999,0.0023069999999999,200804,0.003995
LA-LM,200805,2,persistence,reference_r1,0.007978,0.016104,200804,-0.008126
LA-LM,200806,3,persistence,reference_r1,0.008063,0.0164109999999999,200804,-0.0083479999999999
LA-LM,200807,1,persistence,reference_r1,0.0063019999999999,0.050875,200807,-0.0445730000000001
LA-LM,200808,2,persistence,reference_r1,0.007978,0.054952,200807,-0.046974
LA-LM,200809,3,persistence,reference_r1,0.008063,0.0683319999999999,200807,-0.060268999999999906
LA-LM,200810,1,persistence,reference_r1,0.0063019999999999,0.0156179999999999,200810,-0.009316
LA-LM,200811,2,persistence,reference_r1,0.007978,0.001182,200810,0.006796000000000001
LA-LM,200812,3,persistence,reference_r1,0.008063,0.000441,200810,0.007622
LA-LM,200901,1,persistence,reference_r1,0.0063019999999999,0.000196,200901,0.0061059999999999
LA-LM,200902,2,persistence,reference_r1,0.007978,0.0002249999999999,200901,0.007753000000000101
LA-LM,200903,3,persistence,reference_r1,0.008063,0.0002899999999999,200901,0.007773000000000101
LA-LM,200904,1,persistence,reference_r1,0.880302,0.917826,200904,-0.037524
LA-LM,200905,2,persistence,reference_r1,0.007978,0.0133409999999999,200904,-0.005362999999999899
LA-LM,200906,3,persistence,reference_r1,1.770063,1.535864,200904,0.23419900000000005
LA-LM,200907,1,persistence,reference_r1,0.886035,0.9463579999999996,200907,-0.06032299999999957
LA-LM,200908,2,persistence,reference_r1,1.777203,1.1684529999999995,200907,0.6087500000000006
LA-LM,200909,3,persistence,reference_r1,1.777288,1.986294,200907,-0.20900600000000003
LA-LM,200910,1,persistence,reference_r1,0.8865399999999999,2.634388,200910,-1.747848
LA-LM,200911,2,persistence,reference_r1,1.7778919999999998,4.659088,200910,-2.881196
LA-LM,200912,3,persistence,reference_r1,0.016045,3.481746,200910,-3.4657009999999997
LA-LP,200801,1,persistence,reference_r1,3.4616930000000004,0.6400020000000002,200801,2.8216910000000004
LA-LP,200802,2,persistence,reference_r1,6.91244,14.514911,200801,-7.6024709999999995
LA-LP,200803,3,persistence,reference_r1,10.133757,20.498405,200801,-10.364648000000003
LA-LP,200804,1,persistence,reference_r1,7.587196,11.476932,200804,-3.889736
LA-LP,200805,2,persistence,reference_r1,77.70587800000001,54.910495,200804,22.795383000000015
LA-LP,200806,3,persistence,reference_r1,116.670978,73.01007,200804,43.660908000000006
LA-LP,200807,1,persistence,reference_r1,129.93954599999998,138.80773,200807,-8.868184000000014
LA-LP,200808,2,persistence,reference_r1,128.21567000000002,122.82035599999998,200807,5.395314000000042
LA-LP,200809,3,persistence,reference_r1,124.816253,109.621955,200807,15.194298000000003
LA-LP,200810,1,persistence,reference_r1,13.347094,28.265141,200810,-14.918047
LA-LP,200811,2,persistence,reference_r1,84.94253,53.63592100000001,200810,31.306608999999995
LA-LP,200812,3,persistence,reference_r1,124.888534,128.08097600000002,200810,-3.192442000000014
LA-LP,200901,1,persistence,reference_r1,146.497715,7.858501,200901,138.639214
LA-LP,200902,2,persistence,reference_r1,141.643959,6.7119800000000005,200901,134.93197899999998
LA-LP,200903,3,persistence,reference_r1,139.126542,15.319605999999997,200901,123.80693600000001
LA-LP,200904,1,persistence,reference_r1,1.1242739999999998,14.114834000000002,200904,-12.990560000000002
LA-LP,200905,2,persistence,reference_r1,1.711145,36.675781,200904,-34.964636
LA-LP,200906,3,persistence,reference_r1,5.2004459999999995,70.835071,200904,-65.634625
LA-LP,200907,1,persistence,reference_r1,14.802083,17.018943999999998,200907,-2.216860999999998
LA-LP,200908,2,persistence,reference_r1,15.036039,17.497696,200907,-2.4616570000000007
LA-LP,200909,3,persistence,reference_r1,278.002476,294.591852,200907,-16.589376000000016
LA-LP,200910,1,persistence,reference_r1,133.848548,95.581273,200910,38.267275
LA-LP,200911,2,persistence,reference_r1,204.57629,58.282287,200910,146.294003
LA-LP,200912,3,persistence,reference_r1,288.208892,2.776929,200910,285.431963
LA-OU,200801,1,persistence,reference_r1,0.0060349999999999,0.00097,200801,0.0050649999999998994
LA-OU,200802,2,persistence,reference_r1,0.004123,0.000144,200801,0.003979
LA-OU,200803,3,persistence,reference_r1,0.0080099999999999,1.700000000000052e-05,200801,0.0079929999999999
LA-OU,200804,1,persistence,reference_r1,0.0060349999999999,0.004242,200804,0.0017929999999998997
LA-OU,200805,2,persistence,reference_r1,0.004123,0.009996,200804,-0.005873
LA-OU,200806,3,persistence,reference_r1,0.0080099999999999,0.022849,200804,-0.014839000000000102
LA-OU,200807,1,persistence,reference_r1,0.0060349999999999,0.0775069999999999,200807,-0.071472
LA-OU,200808,2,persistence,reference_r1,0.004123,0.06141,200807,-0.057287
LA-OU,200809,3,persistence,reference_r1,0.0080099999999999,0.057327,200807,-0.049317000000000104
LA-OU,200810,1,persistence,reference_r1,0.0060349999999999,0.011548,200810,-0.005513000000000099
LA-OU,200811,2,persistence,reference_r1,0.004123,0.00234,200810,0.0017829999999999999
LA-OU,200812,3,persistence,reference_r1,0.0080099999999999,0.000733,200810,0.007276999999999899
LA-OU,200901,1,persistence,reference_r1,0.0060349999999999,0.000361,200901,0.0056739999999999
LA-OU,200902,2,persistence,reference_r1,0.004123,0.0001969999999999,200901,0.0039260000000000995
LA-OU,200903,3,persistence,reference_r1,0.0080099999999999,0.0006309999999999,200901,0.007378999999999999
LA-OU,200904,1,persistence,reference_r1,0.0060349999999999,0.004181,200904,0.0018539999999999
LA-OU,200905,2,persistence,reference_r1,0.004123,0.017595,200904,-0.013472
LA-OU,200906,3,persistence,reference_r1,0.0080099999999999,0.0420619999999999,200904,-0.034052
LA-OU,200907,1,persistence,reference_r1,0.0060349999999999,2.243012,200907,-2.236977
LA-OU,200908,2,persistence,reference_r1,0.886123,2.261443,200907,-1.3753199999999999
LA-OU,200909,3,persistence,reference_r1,14.71601,8.139644,200907,6.576366
LA-OU,200910,1,persistence,reference_r1,8.76207,2.882374,200910,5.879695999999999
LA-OU,200911,2,persistence,reference_r1,1.848246,10.960177,200910,-9.111931
LA-OU,200912,3,persistence,reference_r1,2.7500199999999997,17.171071,200910,-14.421051000000002
LA-PH,200901,1,persistence,reference_r1,0.0002559999999999,0.0156429999999999,200901,-0.015387
LA-PH,200902,2,persistence,reference_r1,0.0002559999999999,0.019857,200901,-0.0196010000000001
LA-PH,200903,3,persistence,reference_r1,0.0003239999999999,0.0222089999999999,200901,-0.021884999999999998
LA-PH,200904,1,persistence,reference_r1,0.0002559999999999,0.006034,200904,-0.0057780000000001
LA-PH,200905,2,persistence,reference_r1,0.0002559999999999,0.016062,200904,-0.0158060000000001
LA-PH,200906,3,persistence,reference_r1,0.0003239999999999,0.0492409999999999,200904,-0.048917
LA-PH,200907,1,persistence,reference_r1,0.0002559999999999,0.208574,200907,-0.20831800000000011
LA-PH,200909,3,persistence,reference_r1,0.0003239999999999,0.251584,200907,-0.2512600000000001
LA-PH,200910,1,persistence,reference_r1,0.0002559999999999,0.0074229999999999,200910,-0.007167
LA-PH,200911,2,persistence,reference_r1,0.0002559999999999,0.001809,200910,-0.0015530000000001
LA-PH,200912,3,persistence,reference_r1,0.0003239999999999,0.000533,200910,-0.00020900000000010006
LA-SL,200801,1,persistence,reference_r1,5.888300000000001,0.8881649999999999,200801,5.000135000000001
LA-SL,200802,2,persistence,reference_r1,4.932642,0.3976999999999999,200801,4.534942000000001
LA-SL,200803,3,persistence,reference_r1,1.538814,3.685959,200801,-2.147145
LA-SL,200804,1,persistence,reference_r1,2.4083299999999994,1.005217,200804,1.4031129999999994
LA-SL,200805,2,persistence,reference_r1,94.771065,91.195237,200804,3.575827999999987
LA-SL,200806,3,persistence,reference_r1,215.529118,191.613622,200804,23.91549600000002
LA-SL,200807,1,persistence,reference_r1,144.638988,49.27798999999999,200807,95.36099800000002
LA-SL,200808,2,persistence,reference_r1,157.654794,54.353363,200807,103.30143100000001
LA-SL,200809,3,persistence,reference_r1,135.591742,45.244956,200807,90.34678600000001
LA-SL,200810,1,persistence,reference_r1,5.024252000000001,27.704221000000004,200810,-22.679969000000003
LA-SL,200811,2,persistence,reference_r1,59.913664,10.988974,200810,48.92469
LA-SL,200812,3,persistence,reference_r1,72.336984,7.693293999999998,200810,64.64369
LA-SL,200901,1,persistence,reference_r1,5.890064000000001,1.409612,200901,4.4804520000000005
LA-SL,200902,2,persistence,reference_r1,14.107243,18.839135,200901,-4.731891999999998
LA-SL,200903,3,persistence,reference_r1,14.945415000000002,12.175000999999998,200901,2.770414000000004
LA-SL,200904,1,persistence,reference_r1,5.018927,7.042449000000001,200904,-2.0235220000000016
LA-SL,200905,2,persistence,reference_r1,91.851327,38.128843,200904,53.722483999999994
LA-SL,200906,3,persistence,reference_r1,14.970665,46.25291200000001,200904,-31.28224700000001
LA-SL,200907,1,persistence,reference_r1,118.6355,111.33632999999998,200907,7.299170000000018
LA-SL,200908,2,persistence,reference_r1,80.18723700000001,79.041132,200907,1.1461050000000057
LA-SL,200909,3,persistence,reference_r1,45.277277,58.12567800000001,200907,-12.84840100000001
LA-SL,200910,1,persistence,reference_r1,2.434636,30.365212999999997,200910,-27.930576999999996
LA-SL,200911,2,persistence,reference_r1,43.493157999999994,15.059147000000005,200910,28.43401099999999
LA-SL,200912,3,persistence,reference_r1,69.439998,8.878761,200910,60.561237000000006
LA-SV,200801,1,persistence,reference_r1,4.8442229999999995,4.774099,200801,0.07012399999999985
LA-SV,200802,2,persistence,reference_r1,8.673057,0.919836,200801,7.753221
LA-SV,200803,3,persistence,reference_r1,12.976107,0.4362520000000001,200801,12.539855000000001
LA-SV,200804,1,persistence,reference_r1,5.031711999999999,1.167157,200804,3.864554999999999
LA-SV,200805,2,persistence,reference_r1,8.798821000000004,1.3207429999999998,200804,7.4780780000000036
LA-SV,200806,3,persistence,reference_r1,14.938783,4.1512280000000015,200804,10.787555
LA-SV,200807,1,persistence,reference_r1,5.993041000000005,4.641458999999999,200807,1.3515820000000058
LA-SV,200808,2,persistence,reference_r1,11.269002999999998,5.806481000000002,200807,5.462521999999996
LA-SV,200809,3,persistence,reference_r1,16.011347999999998,7.574036000000001,200807,8.437311999999997
LA-SV,200810,1,persistence,reference_r1,7.473481,3.334028,200810,4.139453
LA-SV,200811,2,persistence,reference_r1,8.967742000000001,0.704888,200810,8.262854
LA-SV,200812,3,persistence,reference_r1,13.509918999999996,0.4964680000000001,200810,13.013450999999996
LA-SV,200901,1,persistence,reference_r1,4.710222999999999,0.073517,200901,4.636705999999999
LA-SV,200902,2,persistence,reference_r1,8.589056999999997,0.018626,200901,8.570430999999997
LA-SV,200903,3,persistence,reference_r1,12.924106999999992,0.146692,200901,12.777414999999992
LA-SV,200904,1,persistence,reference_r1,4.710222999999999,0.211355,200904,4.498867999999999
LA-SV,200905,2,persistence,reference_r1,8.589056999999997,1.0683789999999995,200904,7.5206779999999975
LA-SV,200906,3,persistence,reference_r1,12.976107,1.437046,200904,11.539061
LA-SV,200907,1,persistence,reference_r1,9.081712000000003,27.28614800000001,200907,-18.20443600000001
LA-SV,200908,2,persistence,reference_r1,21.414821000000003,27.886956,200907,-6.472134999999998
LA-SV,200909,3,persistence,reference_r1,29.858783000000003,29.193652,200907,0.6651310000000024
LA-SV,200910,1,persistence,reference_r1,22.608721999999993,5.286535000000001,200910,17.322186999999992
LA-SV,200911,2,persistence,reference_r1,17.216891000000004,23.76826,200910,-6.5513689999999976
LA-SV,200912,3,persistence,reference_r1,33.27619299999999,1.459958,200910,31.816234999999992
LA-VT,200801,1,persistence,reference_r1,43.562509000000006,10.539337999999995,200801,33.02317100000001
LA-VT,200802,2,persistence,reference_r1,53.531439000000006,3.8731839999999993,200801,49.658255000000004
LA-VT,200803,3,persistence,reference_r1,53.29954199999999,17.324918,200801,35.97462399999999
LA-VT,200804,1,persistence,reference_r1,17.354836999999996,15.336412000000005,200804,2.0184249999999917
LA-VT,200805,2,persistence,reference_r1,23.829443999999995,21.42833599999999,200804,2.4011080000000042
LA-VT,200806,3,persistence,reference_r1,34.40855599999999,93.85291999999998,200804,-59.44436399999999
LA-VT,200807,1,persistence,reference_r1,44.285051,94.41833999999996,200807,-50.133288999999955
LA-VT,200808,2,persistence,reference_r1,49.550028999999995,76.03749000000002,200807,-26.487461000000025
LA-VT,200809,3,persistence,reference_r1,57.28912399999999,64.49941899999999,200807,-7.210295000000002
LA-VT,200810,1,persistence,reference_r1,40.699749,27.071017999999995,200810,13.628731000000002
LA-VT,200811,2,persistence,reference_r1,36.577603,69.956583,200810,-33.37897999999999
LA-VT,200812,3,persistence,reference_r1,56.08934400000001,56.563779999999994,200810,-0.474435999999983
LA-VT,200901,1,persistence,reference_r1,33.955966000000004,20.465573,200901,13.490393000000005
LA-VT,200902,2,persistence,reference_r1,46.578158000000016,12.558509,200901,34.019649000000015
LA-VT,200903,3,persistence,reference_r1,52.60918800000002,6.114651999999998,200901,46.49453600000002
LA-VT,200904,1,persistence,reference_r1,14.502862999999998,12.696582999999997,200904,1.806280000000001
LA-VT,200905,2,persistence,reference_r1,26.674568000000008,87.60558200000003,200904,-60.93101400000002
LA-VT,200906,3,persistence,reference_r1,45.832223,197.94542900000005,200904,-152.11320600000005
LA-VT,200907,1,persistence,reference_r1,142.69739800000002,146.568621,200907,-3.8712229999999863
LA-VT,200908,2,persistence,reference_r1,166.135237,181.800806,200907,-15.665569000000005
LA-VT,200909,3,persistence,reference_r1,238.83145099999996,260.731427,200907,-21.899976000000038
LA-VT,200910,1,persistence,reference_r1,37.81561000000001,224.408899,200910,-186.59328899999997
LA-VT,200911,2,persistence,reference_r1,44.86481699999999,327.478766,200910,-282.61394900000005
LA-VT,200912,3,persistence,reference_r1,73.67705999999998,259.98686399999997,200910,-186.30980399999999
LA-XA,200801,1,persistence,reference_r1,1.370140000000001,0.962084,200801,0.408056000000001
LA-XA,200802,2,persistence,reference_r1,1.726794,0.2368749999999999,200801,1.489919
LA-XA,200803,3,persistence,reference_r1,2.4291660000000004,0.153186,200801,2.2759800000000006
LA-XA,200804,1,persistence,reference_r1,0.9566909999999992,0.060566,200804,0.8961249999999992
LA-XA,200805,2,persistence,reference_r1,2.003665,1.1656369999999998,200804,0.838028
LA-XA,200806,3,persistence,reference_r1,4.741557,4.226354,200804,0.5152030000000005
LA-XA,200807,1,persistence,reference_r1,9.660272,10.042857,200807,-0.38258499999999884
LA-XA,200808,2,persistence,reference_r1,1.9991069999999984,2.6026290000000003,200807,-0.6035220000000019
LA-XA,200809,3,persistence,reference_r1,4.655937,0.971406,200807,3.684531
LA-XA,200810,1,persistence,reference_r1,1.8581400000000008,1.1663520000000005,200810,0.6917880000000003
LA-XA,200811,2,persistence,reference_r1,1.726794,0.6416649999999999,200810,1.085129
LA-XA,200812,3,persistence,reference_r1,2.223166000000001,0.3588339999999999,200810,1.864332000000001
LA-XA,200901,1,persistence,reference_r1,1.370140000000001,0.104279,200901,1.265861000000001
LA-XA,200902,2,persistence,reference_r1,1.726794,0.0563259999999999,200901,1.670468
LA-XA,200903,3,persistence,reference_r1,2.4291660000000004,0.2605229999999999,200901,2.1686430000000003
LA-XA,200904,1,persistence,reference_r1,0.9566909999999992,0.175697,200904,0.7809939999999992
LA-XA,200905,2,persistence,reference_r1,1.5876649999999994,0.6220919999999999,200904,0.9655729999999996
LA-XA,200906,3,persistence,reference_r1,9.675557,7.581675000000001,200904,2.093881999999999
LA-XA,200907,1,persistence,reference_r1,2.7803690000000003,6.298244999999998,200907,-3.5178759999999976
LA-XA,200908,2,persistence,reference_r1,17.094084000000002,19.804357999999997,200907,-2.7102739999999947
LA-XA,200909,3,persistence,reference_r1,3.863987999999999,5.479175999999999,200907,-1.6151879999999998
LA-XA,200910,1,persistence,reference_r1,4.720613,2.731362999999999,200910,1.989250000000001
LA-XA,200911,2,persistence,reference_r1,4.825930999999999,1.4814630000000002,200910,3.3444679999999987
LA-XA,200912,3,persistence,reference_r1,8.469738999999999,0.9345340000000002,200910,7.535204999999999
LA-XE,200801,1,persistence,reference_r1,0.6979409999999999,0.0142549999999999,200801,0.683686
LA-XE,200802,2,persistence,reference_r1,0.6954600000000001,0.0074349999999999,200801,0.6880250000000002
LA-XE,200803,3,persistence,reference_r1,0.6880539999999999,0.00255,200801,0.6855039999999999
LA-XE,200804,1,persistence,reference_r1,0.067505,0.0176679999999999,200804,0.049837000000000097
LA-XE,200805,2,persistence,reference_r1,0.0713599999999999,0.050599,200804,0.020760999999999898
LA-XE,200806,3,persistence,reference_r1,4.053398,4.0240469999999995,200804,0.029351000000000127
LA-XE,200807,1,persistence,reference_r1,4.160576,0.879054,200807,3.281522
LA-XE,200808,2,persistence,reference_r1,4.131926999999999,1.0272229999999998,200807,3.1047039999999995
LA-XE,200809,3,persistence,reference_r1,3.2153919999999996,0.700043,200807,2.5153489999999996
LA-XE,200810,1,persistence,reference_r1,0.6979409999999999,0.3574149999999999,200810,0.340526
LA-XE,200811,2,persistence,reference_r1,0.6954600000000001,0.149544,200810,0.5459160000000001
LA-XE,200812,3,persistence,reference_r1,0.120054,0.602123,200810,-0.48206899999999997
LA-XE,200901,1,persistence,reference_r1,0.6979409999999999,0.005993,200901,0.6919479999999999
LA-XE,200902,2,persistence,reference_r1,0.6954600000000001,1.875116,200901,-1.179656
LA-XE,200903,3,persistence,reference_r1,0.6880539999999999,1.735481,200901,-1.047427
LA-XE,200904,1,persistence,reference_r1,0.71307,0.374669,200904,0.338401
LA-XE,200905,2,persistence,reference_r1,0.132101,0.6874899999999999,200904,-0.5553889999999999
LA-XE,200906,3,persistence,reference_r1,6.022938,4.614046,200904,1.4088919999999998
LA-XE,200907,1,persistence,reference_r1,19.060946,25.000477,200907,-5.939530999999999
LA-XE,200908,2,persistence,reference_r1,16.974494,21.51669,200907,-4.542196000000001
LA-XE,200909,3,persistence,reference_r1,2.3166710000000004,3.692307,200907,-1.3756359999999996
LA-XE,200910,1,persistence,reference_r1,0.722745,2.6279070000000004,200910,-1.9051620000000005
LA-XE,200911,2,persistence,reference_r1,2.3122510000000003,10.046154,200910,-7.733903
LA-XE,200912,3,persistence,reference_r1,0.713921,8.390300000000003,200910,-7.676379000000003
LA-XI,200801,1,persistence,reference_r1,0.000689,4.0000000000000105e-05,200801,0.000649
LA-XI,200802,2,persistence,reference_r1,0.000689,0.0001449999999999,200801,0.0005440000000001001
LA-XI,200803,3,persistence,reference_r1,0.000757,0.0001729999999999,200801,0.0005840000000001
LA-XI,200804,1,persistence,reference_r1,0.000689,0.006261,200804,-0.005572
LA-XI,200805,2,persistence,reference_r1,0.000689,0.0057949999999999,200804,-0.0051059999999999
LA-XI,200806,3,persistence,reference_r1,0.948757,0.8290959999999999,200804,0.11966100000000002
LA-XI,200807,1,persistence,reference_r1,0.951314,0.120607,200807,0.830707
LA-XI,200808,2,persistence,reference_r1,0.951314,0.130222,200807,0.8210919999999999
LA-XI,200809,3,persistence,reference_r1,0.949433,0.125735,200807,0.8236979999999999
LA-XI,200810,1,persistence,reference_r1,0.000689,0.0444809999999999,200810,-0.0437919999999999
LA-XI,200811,2,persistence,reference_r1,0.000689,0.008078,200810,-0.007389
LA-XI,200812,3,persistence,reference_r1,0.000757,0.0040509999999999,200810,-0.0032939999999999003
LA-XI,200901,1,persistence,reference_r1,0.000689,0.0008429999999999,200901,-0.00015399999999989999
LA-XI,200902,2,persistence,reference_r1,0.000689,0.002593,200901,-0.0019039999999999999
LA-XI,200903,3,persistence,reference_r1,0.000757,0.0021329999999999,200901,-0.0013759999999999003
LA-XI,200904,1,persistence,reference_r1,0.000689,0.001167,200904,-0.000478
LA-XI,200905,2,persistence,reference_r1,38.934689,38.825945,200904,0.1087440000000015
LA-XI,200906,3,persistence,reference_r1,32.93075700000001,32.701921,200904,0.22883600000000826
LA-XI,200907,1,persistence,reference_r1,31.935378,0.6417440000000001,200907,31.293634
LA-XI,200908,2,persistence,reference_r1,22.935378,6.095662999999999,200907,16.839715
LA-XI,200909,3,persistence,reference_r1,32.931514,0.449243,200907,32.482271
LA-XI,200910,1,persistence,reference_r1,0.000689,13.417243,200910,-13.416554
LA-XI,200911,2,persistence,reference_r1,0.000689,5.140719,200910,-5.140029999999999
LA-XI,200912,3,persistence,reference_r1,0.000757,2.510593,200910,-2.509836
LA-AT,200801,1,persistence,reference_r2,3.417114,2.928629,200801,0.4884850000000003
LA-AT,200802,2,persistence,reference_r2,1.554761,1.401092,200801,0.15366900000000006
LA-AT,200803,3,persistence,reference_r2,0.0719689999999997,0.0496329999999999,200801,0.0223359999999998
LA-AT,200804,1,persistence,reference_r2,0.0471139999999998,0.3444579999999999,200804,-0.29734400000000005
LA-AT,200805,2,persistence,reference_r2,3.342761,1.7428210000000002,200804,1.5999399999999997
LA-AT,200806,3,persistence,reference_r2,8.929969,4.6951350000000005,200804,4.234833999999999
LA-AT,200807,1,persistence,reference_r2,3.450605,2.6556119999999996,200807,0.7949930000000003
LA-AT,200808,2,persistence,reference_r2,0.8260830000000001,3.3712859999999996,200807,-2.5452029999999994
LA-AT,200809,3,persistence,reference_r2,12.807472,11.442573,200807,1.3648990000000012
LA-AT,200810,1,persistence,reference_r2,21.839211,33.498092,200810,-11.658881000000001
LA-AT,200811,2,persistence,reference_r2,17.716617,36.123188,200810,-18.406571
LA-AT,200812,3,persistence,reference_r2,0.8262919999999996,18.07027,200810,-17.243978000000002
LA-AT,200901,1,persistence,reference_r2,4.403041999999999,10.65643,200901,-6.253388000000001
LA-AT,200902,2,persistence,reference_r2,21.580328,38.363582,200901,-16.783254
LA-AT,200903,3,persistence,reference_r2,51.660003,57.055236,200901,-5.3952329999999975
LA-AT,200904,1,persistence,reference_r2,20.870388,39.675348,200904,-18.80496
LA-AT,200905,2,persistence,reference_r2,74.407714,80.399293,200904,-5.9915790000000015
LA-AT,200906,3,persistence,reference_r2,50.686121,67.936035,200904,-17.249914000000004
LA-AT,200907,1,persistence,reference_r2,38.397211,92.35809899999998,200907,-53.96088799999998
LA-AT,200908,2,persistence,reference_r2,2.492617,127.385937,200907,-124.89332
LA-AT,200909,3,persistence,reference_r2,6.1402920000000005,220.70869800000003,200907,-214.56840600000004
LA-AT,200910,1,persistence,reference_r2,12.098028,43.229641,200910,-31.131613
LA-AT,200911,2,persistence,reference_r2,0.8285939999999998,26.286204999999995,200910,-25.457610999999996
LA-AT,200912,3,persistence,reference_r2,9.930269,30.849897999999996,200910,-20.919628999999997
LA-BK,200801,1,persistence,reference_r2,0.702799,0.927395,200801,-0.22459600000000002
LA-BK,200802,2,persistence,reference_r2,0.0441579999999999,0.000226,200801,0.0439319999999999
LA-BK,200803,3,persistence,reference_r2,0.04958,0.000144,200801,0.049436
LA-BK,200804,1,persistence,reference_r2,0.0387989999999999,0.023452,200804,0.015346999999999902
LA-BK,200805,2,persistence,reference_r2,11.132158,10.829865,200804,0.3022930000000006
LA-BK,200806,3,persistence,reference_r2,51.985580000000006,51.595682,200804,0.3898980000000094
LA-BK,200807,1,persistence,reference_r2,50.223598,16.744503999999996,200807,33.479094
LA-BK,200808,2,persistence,reference_r2,43.128316,27.458415,200807,15.669901
LA-BK,200809,3,persistence,reference_r2,19.03516,72.13465500000004,200807,-53.09949500000003
LA-BK,200810,1,persistence,reference_r2,14.223598,35.756489000000016,200810,-21.532891000000014
LA-BK,200811,2,persistence,reference_r2,21.128316,42.891347,200810,-21.763031
LA-BK,200812,3,persistence,reference_r2,27.03516,1.800421,200810,25.234739
LA-BK,200901,1,persistence,reference_r2,3.438492,0.6068360000000002,200901,2.8316559999999997
LA-BK,200902,2,persistence,reference_r2,4.3407670000000005,0.134695,200901,4.206072000000001
LA-BK,200903,3,persistence,reference_r2,3.355307,0.6017790000000001,200901,2.7535279999999998
LA-BK,200904,1,persistence,reference_r2,1.589023,1.5414339999999995,200904,0.04758900000000055
LA-BK,200905,2,persistence,reference_r2,72.11584199999999,43.408069,200904,28.70777299999999
LA-BK,200906,3,persistence,reference_r2,214.019436,137.407422,200904,76.61201400000002
LA-BK,200907,1,persistence,reference_r2,3.439598,92.507226,200907,-89.067628
LA-BK,200908,2,persistence,reference_r2,105.128316,32.99597700000001,200907,72.13233899999999
LA-BK,200909,3,persistence,reference_r2,163.03516,18.99017199999999,200907,144.044988
LA-BK,200910,1,persistence,reference_r2,20.223598,27.34339,200910,-7.119792
LA-BK,200911,2,persistence,reference_r2,46.128316,16.292880999999998,200910,29.835435
LA-BK,200912,3,persistence,reference_r2,47.03516,6.839658,200910,40.195502
LA-BL,200801,1,persistence,reference_r2,5.383502,5.391665,200801,-0.008162999999999698
LA-BL,200802,2,persistence,reference_r2,4.609445999999998,6.224868000000001,200801,-1.6154220000000024
LA-BL,200803,3,persistence,reference_r2,4.952254,0.3808749999999999,200801,4.571379
LA-BL,200804,1,persistence,reference_r2,2.695502000000001,2.7148280000000007,200804,-0.01932599999999951
LA-BL,200805,2,persistence,reference_r2,7.897445999999999,5.078048999999998,200804,2.8193970000000004
LA-BL,200806,3,persistence,reference_r2,9.692254000000002,7.067487,200804,2.624767000000002
LA-BL,200807,1,persistence,reference_r2,8.23891,15.201246999999997,200807,-6.962336999999996
LA-BL,200808,2,persistence,reference_r2,9.221346999999998,19.730641,200807,-10.509294
LA-BL,200809,3,persistence,reference_r2,9.298677,19.180791999999997,200807,-9.882114999999997
LA-BL,200810,1,persistence,reference_r2,16.470322000000003,10.323242,200810,6.1470800000000025
LA-BL,200811,2,persistence,reference_r2,12.262498,3.477680000000001,200810,8.784818
LA-BL,200812,3,persistence,reference_r2,17.99097,1.397914,200810,16.593056
LA-BL,200901,1,persistence,reference_r2,2.511502,1.1441279999999998,200901,1.3673740000000003
LA-BL,200902,2,persistence,reference_r2,3.6934460000000016,1.987191,200901,1.7062550000000016
LA-BL,200903,3,persistence,reference_r2,4.9942540000000015,0.63069,200901,4.363564000000002
LA-BL,200904,1,persistence,reference_r2,2.5010209999999997,0.7514970000000001,200904,1.7495239999999996
LA-BL,200905,2,persistence,reference_r2,3.323820999999999,3.258182999999999,200904,0.06563799999999986
LA-BL,200906,3,persistence,reference_r2,5.582812999999998,3.392424,200904,2.190388999999998
LA-BL,200907,1,persistence,reference_r2,17.514046,12.830798,200907,4.683248000000001
LA-BL,200908,2,persistence,reference_r2,4.609358000000002,5.609251000000002,200907,-0.9998930000000001
LA-BL,200909,3,persistence,reference_r2,6.933896999999998,10.053275,200907,-3.119378000000001
LA-BL,200910,1,persistence,reference_r2,2.3170210000000004,4.000995000000001,200910,-1.683974000000001
LA-BL,200911,2,persistence,reference_r2,3.4678210000000007,1.1830970000000005,200910,2.284724
LA-BL,200912,3,persistence,reference_r2,4.764813,0.458296,200910,4.306517
LA-CH,200801,1,persistence,reference_r2,9.094472000000003,29.955979000000003,200801,-20.861507
LA-CH,200802,2,persistence,reference_r2,19.277769,52.179616,200801,-32.901847000000004
LA-CH,200803,3,persistence,reference_r2,22.452036999999997,58.977613000000005,200801,-36.52557600000001
LA-CH,200804,1,persistence,reference_r2,16.585575000000002,24.140252000000004,200804,-7.554677000000002
LA-CH,200805,2,persistence,reference_r2,17.207692,36.281367,200804,-19.073675
LA-CH,200806,3,persistence,reference_r2,145.733314,101.22216799999995,200804,44.51114600000005
LA-CH,200807,1,persistence,reference_r2,103.949944,148.53130599999997,200807,-44.58136199999997
LA-CH,200808,2,persistence,reference_r2,112.642802,114.438985,200807,-1.7961829999999992
LA-CH,200809,3,persistence,reference_r2,73.553239,105.11681499999996,200807,-31.563575999999955
LA-CH,200810,1,persistence,reference_r2,31.000921000000005,37.850628,200810,-6.849706999999995
LA-CH,200811,2,persistence,reference_r2,58.287541,32.567764000000004,200810,25.719776999999993
LA-CH,200812,3,persistence,reference_r2,74.65110700000001,23.896124,200810,50.75498300000001
LA-CH,200901,1,persistence,reference_r2,28.518953000000003,16.599375000000002,200901,11.919578000000001
LA-CH,200902,2,persistence,reference_r2,18.940767,30.749699999999997,200901,-11.808932999999996
LA-CH,200903,3,persistence,reference_r2,16.500345000000003,32.96564299999999,200901,-16.46529799999999
LA-CH,200904,1,persistence,reference_r2,28.357396,33.860333,200904,-5.502936999999996
LA-CH,200905,2,persistence,reference_r2,10.360133000000005,92.498695,200904,-82.138562
LA-CH,200906,3,persistence,reference_r2,41.64690100000001,105.54970500000002,200904,-63.90280400000001
LA-CH,200907,1,persistence,reference_r2,7.347732000000001,119.320693,200907,-111.972961
LA-CH,200908,2,persistence,reference_r2,14.241996999999998,86.85706400000001,200907,-72.61506700000001
LA-CH,200909,3,persistence,reference_r2,20.237556,105.49080899999998,200907,-85.25325299999999
LA-CH,200910,1,persistence,reference_r2,31.559768,23.717216000000008,200910,7.842551999999991
LA-CH,200911,2,persistence,reference_r2,48.322561,34.389742,200910,13.932819000000002
LA-CH,200912,3,persistence,reference_r2,48.408425,24.04104600000001,200910,24.367378999999993
LA-HO,200801,1,persistence,reference_r2,0.8303219999999999,0.002739,200801,0.8275829999999998
LA-HO,200802,2,persistence,reference_r2,0.8292019999999999,0.000289,200801,0.8289129999999999
LA-HO,200803,3,persistence,reference_r2,0.820377,0.0083209999999999,200801,0.8120560000000001
LA-HO,200804,1,persistence,reference_r2,0.0149129999999999,0.046465,200804,-0.0315520000000001
LA-HO,200805,2,persistence,reference_r2,0.013793,0.0313019999999999,200804,-0.0175089999999999
LA-HO,200806,3,persistence,reference_r2,0.015768,0.0535599999999999,200804,-0.037791999999999895
LA-HO,200807,1,persistence,reference_r2,0.0149129999999999,0.022286,200807,-0.0073730000000001
LA-HO,200808,2,persistence,reference_r2,0.013793,0.0371549999999999,200807,-0.023361999999999904
LA-HO,200809,3,persistence,reference_r2,0.809768,0.685606,200807,0.124162
LA-HO,200810,1,persistence,reference_r2,0.8303219999999999,0.039385,200810,0.7909369999999999
LA-HO,200811,2,persistence,reference_r2,0.8292019999999999,0.0052199999999999,200810,0.823982
LA-HO,200812,3,persistence,reference_r2,0.0263769999999999,0.919687,200810,-0.8933100000000002
LA-HO,200901,1,persistence,reference_r2,0.8303219999999999,0.0281009999999999,200901,0.802221
LA-HO,200902,2,persistence,reference_r2,0.8292019999999999,0.032762,200901,0.7964399999999999
LA-HO,200903,3,persistence,reference_r2,0.820377,0.0323149999999999,200901,0.7880620000000002
LA-HO,200904,1,persistence,reference_r2,0.0149129999999999,0.004734,200904,0.0101789999999999
LA-HO,200905,2,persistence,reference_r2,0.013793,0.021538,200904,-0.007745000000000002
LA-HO,200906,3,persistence,reference_r2,0.015768,0.0608039999999999,200904,-0.045035999999999896
LA-HO,200907,1,persistence,reference_r2,0.0149129999999999,0.034608,200907,-0.0196950000000001
LA-HO,200908,2,persistence,reference_r2,0.013793,0.062512,200907,-0.048719
LA-HO,200909,3,persistence,reference_r2,0.809768,0.670966,200907,0.1388020000000001
LA-HO,200910,1,persistence,reference_r2,0.024322,0.644655,200910,-0.620333
LA-HO,200911,2,persistence,reference_r2,0.023202,0.8539239999999999,200910,-0.830722
LA-HO,200912,3,persistence,reference_r2,0.0263769999999999,0.919745,200910,-0.8933680000000002
LA-KH,200801,1,persistence,reference_r2,1.3149230000000005,0.6452899999999999,200801,0.6696330000000006
LA-KH,200802,2,persistence,reference_r2,2.0702239999999996,0.047261,200801,2.022963
LA-KH,200803,3,persistence,reference_r2,2.6522299999999994,0.068583,200801,2.5836469999999996
LA-KH,200804,1,persistence,reference_r2,1.3149230000000005,0.218078,200804,1.0968450000000005
LA-KH,200805,2,persistence,reference_r2,2.0702239999999996,0.3591329999999999,200804,1.7110909999999997
LA-KH,200806,3,persistence,reference_r2,3.0462299999999978,0.6976259999999996,200804,2.348603999999998
LA-KH,200807,1,persistence,reference_r2,2.403284000000001,1.556833,200807,0.8464510000000012
LA-KH,200808,2,persistence,reference_r2,2.5886239999999994,0.4118459999999999,200807,2.1767779999999997
LA-KH,200809,3,persistence,reference_r2,4.036038999999999,2.108936,200807,1.927102999999999
LA-KH,200810,1,persistence,reference_r2,3.125885000000002,0.468545,200810,2.6573400000000023
LA-KH,200811,2,persistence,reference_r2,2.7576459999999976,1.614723,200810,1.1429229999999977
LA-KH,200812,3,persistence,reference_r2,2.9661490000000015,3.413875,200810,-0.4477259999999985
LA-KH,200901,1,persistence,reference_r2,3.713884999999999,0.0891629999999999,200901,3.624721999999999
LA-KH,200902,2,persistence,reference_r2,4.333645999999998,0.022823,200901,4.310822999999998
LA-KH,200903,3,persistence,reference_r2,3.796149,4.541534,200901,-0.7453850000000002
LA-KH,200904,1,persistence,reference_r2,4.995498000000001,0.6448120000000002,200904,4.350686000000001
LA-KH,200905,2,persistence,reference_r2,2.422528,1.942221,200904,0.4803069999999998
LA-KH,200906,3,persistence,reference_r2,54.16718900000001,57.09463,200904,-2.9274409999999946
LA-KH,200907,1,persistence,reference_r2,60.490204000000006,92.154114,200907,-31.66391
LA-KH,200908,2,persistence,reference_r2,191.180325,229.045745,200907,-37.86542
LA-KH,200909,3,persistence,reference_r2,163.22992399999998,206.002728,200907,-42.77280400000001
LA-KH,200910,1,persistence,reference_r2,169.74701399999998,23.814277999999995,200910,145.93273599999998
LA-KH,200911,2,persistence,reference_r2,185.115734,18.957885000000005,200910,166.157849
LA-KH,200912,3,persistence,reference_r2,175.88018300000002,39.334837,200910,136.54534600000002
LA-LM,200801,1,persistence,reference_r2,0.0063019999999999,0.000289,200801,0.0060129999999998995
LA-LM,200802,2,persistence,reference_r2,0.007978,3.600000000000044e-05,200801,0.007942000000000001
LA-LM,200803,3,persistence,reference_r2,0.008063,1.600000000000039e-05,200801,0.008047
LA-LM,200804,1,persistence,reference_r2,0.0063019999999999,0.002659,200804,0.0036429999999999
LA-LM,200805,2,persistence,reference_r2,0.007978,0.0139449999999999,200804,-0.0059669999999998995
LA-LM,200806,3,persistence,reference_r2,0.008063,0.0128269999999999,200804,-0.0047639999999998985
LA-LM,200807,1,persistence,reference_r2,0.0063019999999999,0.0509919999999999,200807,-0.04469
LA-LM,200808,2,persistence,reference_r2,0.007978,0.0409169999999999,200807,-0.0329389999999999
LA-LM,200809,3,persistence,reference_r2,0.008063,0.057452,200807,-0.049389
LA-LM,200810,1,persistence,reference_r2,0.0063019999999999,0.0114839999999999,200810,-0.005182000000000001
LA-LM,200811,2,persistence,reference_r2,0.007978,0.002451,200810,0.005527000000000001
LA-LM,200812,3,persistence,reference_r2,0.008063,0.0013,200810,0.006763000000000001
LA-LM,200901,1,persistence,reference_r2,0.0063019999999999,0.0003149999999999,200901,0.005986999999999999
LA-LM,200902,2,persistence,reference_r2,0.007978,0.000199,200901,0.007779
LA-LM,200903,3,persistence,reference_r2,0.008063,0.0009109999999999,200901,0.007152000000000101
LA-LM,200904,1,persistence,reference_r2,0.880302,0.906372,200904,-0.026069999999999927
LA-LM,200905,2,persistence,reference_r2,0.007978,0.0157439999999999,200904,-0.0077659999999999
LA-LM,200906,3,persistence,reference_r2,1.770063,1.535683,200904,0.23438000000000003
LA-LM,200907,1,persistence,reference_r2,0.886035,0.5025380000000002,200907,0.38349699999999987
LA-LM,200908,2,persistence,reference_r2,1.777203,0.925862,200907,0.8513410000000001
LA-LM,200909,3,persistence,reference_r2,1.777288,1.650281,200907,0.12700699999999987
LA-LM,200910,1,persistence,reference_r2,0.8865399999999999,2.541375,200910,-1.654835
LA-LM,200911,2,persistence,reference_r2,1.7778919999999998,4.567712,200910,-2.7898200000000006
LA-LM,200912,3,persistence,reference_r2,0.016045,3.37665,200910,-3.360605
LA-LP,200801,1,persistence,reference_r2,3.4616930000000004,0.7676219999999998,200801,2.6940710000000005
LA-LP,200802,2,persistence,reference_r2,6.91244,14.646169,200801,-7.733729
LA-LP,200803,3,persistence,reference_r2,10.133757,20.539094,200801,-10.405337
LA-LP,200804,1,persistence,reference_r2,7.587196,12.29258,200804,-4.705384
LA-LP,200805,2,persistence,reference_r2,77.70587800000001,58.957914,200804,18.74796400000001
LA-LP,200806,3,persistence,reference_r2,116.670978,68.79073,200804,47.88024800000001
LA-LP,200807,1,persistence,reference_r2,129.93954599999998,128.252847,200807,1.686698999999976
LA-LP,200808,2,persistence,reference_r2,128.21567000000002,114.462694,200807,13.752976000000018
LA-LP,200809,3,persistence,reference_r2,124.816253,105.741453,200807,19.074799999999996
LA-LP,200810,1,persistence,reference_r2,13.347094,27.997424999999993,200810,-14.650330999999992
LA-LP,200811,2,persistence,reference_r2,84.94253,55.901011999999994,200810,29.04151800000001
LA-LP,200812,3,persistence,reference_r2,124.888534,127.826415,200810,-2.93788099999999
LA-LP,200901,1,persistence,reference_r2,146.497715,3.5663669999999996,200901,142.931348
LA-LP,200902,2,persistence,reference_r2,141.643959,1.9755459999999996,200901,139.668413
LA-LP,200903,3,persistence,reference_r2,139.126542,5.422833000000001,200901,133.703709
LA-LP,200904,1,persistence,reference_r2,1.1242739999999998,15.383231,200904,-14.258957
LA-LP,200905,2,persistence,reference_r2,1.711145,40.457076,200904,-38.745931
LA-LP,200906,3,persistence,reference_r2,5.2004459999999995,86.365035,200904,-81.164589
LA-LP,200907,1,persistence,reference_r2,14.802083,21.088366,200907,-6.286283000000001
LA-LP,200908,2,persistence,reference_r2,15.036039,22.2687,200907,-7.2326609999999985
LA-LP,200909,3,persistence,reference_r2,278.002476,303.243496,200907,-25.241019999999992
LA-LP,200910,1,persistence,reference_r2,133.848548,99.050337,200910,34.798210999999995
LA-LP,200911,2,persistence,reference_r2,204.57629,56.973628,200910,147.602662
LA-LP,200912,3,persistence,reference_r2,288.208892,2.8290689999999996,200910,285.379823
LA-OU,200801,1,persistence,reference_r2,0.0060349999999999,0.000362,200801,0.0056729999999998995
LA-OU,200802,2,persistence,reference_r2,0.004123,6.399999999999982e-05,200801,0.004059
LA-OU,200803,3,persistence,reference_r2,0.0080099999999999,6.399999999999982e-05,200801,0.0079459999999999
LA-OU,200804,1,persistence,reference_r2,0.0060349999999999,0.004588,200804,0.0014469999999998998
LA-OU,200805,2,persistence,reference_r2,0.004123,0.0127489999999999,200804,-0.0086259999999999
LA-OU,200806,3,persistence,reference_r2,0.0080099999999999,0.0228589999999999,200804,-0.014849000000000001
LA-OU,200807,1,persistence,reference_r2,0.0060349999999999,0.098934,200807,-0.09289900000000009
LA-OU,200808,2,persistence,reference_r2,0.004123,0.065933,200807,-0.061810000000000004
LA-OU,200809,3,persistence,reference_r2,0.0080099999999999,0.055215,200807,-0.0472050000000001
LA-OU,200810,1,persistence,reference_r2,0.0060349999999999,0.0134799999999999,200810,-0.007445
LA-OU,200811,2,persistence,reference_r2,0.004123,0.001972,200810,0.002151
LA-OU,200812,3,persistence,reference_r2,0.0080099999999999,0.001033,200810,0.006976999999999899
LA-OU,200901,1,persistence,reference_r2,0.0060349999999999,0.0007129999999999,200901,0.0053219999999999995
LA-OU,200902,2,persistence,reference_r2,0.004123,0.0003659999999999,200901,0.0037570000000001
LA-OU,200903,3,persistence,reference_r2,0.0080099999999999,0.001426,200901,0.006583999999999899
LA-OU,200904,1,persistence,reference_r2,0.0060349999999999,0.002909,200904,0.0031259999999998997
LA-OU,200905,2,persistence,reference_r2,0.004123,0.0197549999999999,200904,-0.015631999999999903
LA-OU,200906,3,persistence,reference_r2,0.0080099999999999,0.0563199999999999,200904,-0.04831
LA-OU,200907,1,persistence,reference_r2,0.0060349999999999,0.0951739999999999,200907,-0.089139
LA-OU,200908,2,persistence,reference_r2,0.886123,0.55952,200907,0.326603
LA-OU,200909,3,persistence,reference_r2,14.71601,13.899945,200907,0.816065
LA-OU,200910,1,persistence,reference_r2,8.76207,2.997603,200910,5.764467
LA-OU,200911,2,persistence,reference_r2,1.848246,11.101363,200910,-9.253117
LA-OU,200912,3,persistence,reference_r2,2.7500199999999997,17.159018,200910,-14.408998
LA-PH,200901,1,persistence,reference_r2,0.0002559999999999,0.0084169999999999,200901,-0.008161
LA-PH,200902,2,persistence,reference_r2,0.0002559999999999,0.0101259999999999,200901,-0.00987
LA-PH,200903,3,persistence,reference_r2,0.0003239999999999,0.010187,200901,-0.009863000000000099
LA-PH,200904,1,persistence,reference_r2,0.0002559999999999,0.00356,200904,-0.0033040000000001
LA-PH,200905,2,persistence,reference_r2,0.0002559999999999,0.014099,200904,-0.0138430000000001
LA-PH,200906,3,persistence,reference_r2,0.0003239999999999,0.03115,200904,-0.0308260000000001
LA-PH,200907,1,persistence,reference_r2,0.0002559999999999,0.0224499999999999,200907,-0.022194000000000002
LA-PH,200909,3,persistence,reference_r2,0.0003239999999999,0.028877,200907,-0.0285530000000001
LA-PH,200910,1,persistence,reference_r2,0.0002559999999999,0.009372,200910,-0.0091160000000001
LA-PH,200911,2,persistence,reference_r2,0.0002559999999999,0.001949,200910,-0.0016930000000001
LA-PH,200912,3,persistence,reference_r2,0.0003239999999999,0.000365,200910,-4.1000000000099984e-05
LA-SL,200801,1,persistence,reference_r2,5.888300000000001,0.7655680000000002,200801,5.122732000000001
LA-SL,200802,2,persistence,reference_r2,4.932642,0.397512,200801,4.5351300000000005
LA-SL,200803,3,persistence,reference_r2,1.538814,4.027171,200801,-2.488357
LA-SL,200804,1,persistence,reference_r2,2.4083299999999994,0.8722780000000001,200804,1.5360519999999993
LA-SL,200805,2,persistence,reference_r2,94.771065,91.708333,200804,3.062731999999997
LA-SL,200806,3,persistence,reference_r2,215.529118,193.86293,200804,21.666188000000005
LA-SL,200807,1,persistence,reference_r2,144.638988,54.100348,200807,90.53864000000002
LA-SL,200808,2,persistence,reference_r2,157.654794,53.10368699999998,200807,104.55110700000003
LA-SL,200809,3,persistence,reference_r2,135.591742,47.009596000000016,200807,88.582146
LA-SL,200810,1,persistence,reference_r2,5.024252000000001,29.646721,200810,-24.622469
LA-SL,200811,2,persistence,reference_r2,59.913664,12.347105,200810,47.566559
LA-SL,200812,3,persistence,reference_r2,72.336984,7.473072999999999,200810,64.863911
LA-SL,200901,1,persistence,reference_r2,5.890064000000001,1.342734,200901,4.5473300000000005
LA-SL,200902,2,persistence,reference_r2,14.107243,19.620244999999997,200901,-5.513001999999997
LA-SL,200903,3,persistence,reference_r2,14.945415000000002,15.203423000000004,200901,-0.258008000000002
LA-SL,200904,1,persistence,reference_r2,5.018927,6.174648000000001,200904,-1.1557210000000016
LA-SL,200905,2,persistence,reference_r2,91.851327,37.65597,200904,54.195356999999994
LA-SL,200906,3,persistence,reference_r2,14.970665,37.751221,200904,-22.780556
LA-SL,200907,1,persistence,reference_r2,118.6355,53.256393,200907,65.37910699999999
LA-SL,200908,2,persistence,reference_r2,80.18723700000001,49.709179000000006,200907,30.478058000000004
LA-SL,200909,3,persistence,reference_r2,45.277277,43.662611,200907,1.6146659999999997
LA-SL,200910,1,persistence,reference_r2,2.434636,31.550527999999993,200910,-29.11589199999999
LA-SL,200911,2,persistence,reference_r2,43.493157999999994,15.346326999999995,200910,28.146831
LA-SL,200912,3,persistence,reference_r2,69.439998,9.386648,200910,60.05335
LA-SV,200801,1,persistence,reference_r2,4.8442229999999995,4.597137999999999,200801,0.24708500000000022
LA-SV,200802,2,persistence,reference_r2,8.673057,0.7757969999999998,200801,7.89726
LA-SV,200803,3,persistence,reference_r2,12.976107,0.3972340000000001,200801,12.578873000000002
LA-SV,200804,1,persistence,reference_r2,5.031711999999999,1.101817,200804,3.929894999999999
LA-SV,200805,2,persistence,reference_r2,8.798821000000004,1.520854,200804,7.277967000000004
LA-SV,200806,3,persistence,reference_r2,14.938783,4.064920999999998,200804,10.873862000000003
LA-SV,200807,1,persistence,reference_r2,5.993041000000005,4.841012000000001,200807,1.1520290000000042
LA-SV,200808,2,persistence,reference_r2,11.269002999999998,5.771088000000001,200807,5.497914999999997
LA-SV,200809,3,persistence,reference_r2,16.011347999999998,6.861234999999999,200807,9.150113
LA-SV,200810,1,persistence,reference_r2,7.473481,3.2709789999999996,200810,4.202502
LA-SV,200811,2,persistence,reference_r2,8.967742000000001,0.7204250000000001,200810,8.247317
LA-SV,200812,3,persistence,reference_r2,13.509918999999996,0.5013620000000001,200810,13.008556999999996
LA-SV,200901,1,persistence,reference_r2,4.710222999999999,0.110118,200901,4.600104999999999
LA-SV,200902,2,persistence,reference_r2,8.589056999999997,0.0124249999999999,200901,8.576631999999996
LA-SV,200903,3,persistence,reference_r2,12.924106999999992,0.151513,200901,12.772593999999993
LA-SV,200904,1,persistence,reference_r2,4.710222999999999,0.166062,200904,4.544160999999999
LA-SV,200905,2,persistence,reference_r2,8.589056999999997,1.12152,200904,7.4675369999999965
LA-SV,200906,3,persistence,reference_r2,12.976107,1.4587319999999997,200904,11.517375000000001
LA-SV,200907,1,persistence,reference_r2,9.081712000000003,9.635873,200907,-0.554160999999997
LA-SV,200908,2,persistence,reference_r2,21.414821000000003,30.604708,200907,-9.189886999999995
LA-SV,200909,3,persistence,reference_r2,29.858783000000003,44.466122,200907,-14.607338999999996
LA-SV,200910,1,persistence,reference_r2,22.608721999999993,5.462085,200910,17.14663699999999
LA-SV,200911,2,persistence,reference_r2,17.216891000000004,23.25442,200910,-6.037528999999996
LA-SV,200912,3,persistence,reference_r2,33.27619299999999,1.403238,200910,31.87295499999999
LA-VT,200801,1,persistence,reference_r2,43.562509000000006,11.305470999999995,200801,32.25703800000001
LA-VT,200802,2,persistence,reference_r2,53.531439000000006,5.005380000000001,200801,48.526059000000004
LA-VT,200803,3,persistence,reference_r2,53.29954199999999,18.610004,200801,34.689537999999985
LA-VT,200804,1,persistence,reference_r2,17.354836999999996,16.892838999999995,200804,0.46199800000000124
LA-VT,200805,2,persistence,reference_r2,23.829443999999995,23.078660999999997,200804,0.7507829999999984
LA-VT,200806,3,persistence,reference_r2,34.40855599999999,82.29320399999997,200804,-47.884647999999984
LA-VT,200807,1,persistence,reference_r2,44.285051,86.19092900000001,200807,-41.90587800000001
LA-VT,200808,2,persistence,reference_r2,49.550028999999995,69.11357799999999,200807,-19.563548999999995
LA-VT,200809,3,persistence,reference_r2,57.28912399999999,66.75914099999997,200807,-9.470016999999984
LA-VT,200810,1,persistence,reference_r2,40.699749,26.581567000000007,200810,14.11818199999999
LA-VT,200811,2,persistence,reference_r2,36.577603,72.062074,200810,-35.48447099999999
LA-VT,200812,3,persistence,reference_r2,56.08934400000001,57.52909699999999,200810,-1.4397529999999819
LA-VT,200901,1,persistence,reference_r2,33.955966000000004,23.229963,200901,10.726003000000002
LA-VT,200902,2,persistence,reference_r2,46.578158000000016,14.489264,200901,32.08889400000002
LA-VT,200903,3,persistence,reference_r2,52.60918800000002,10.106155,200901,42.503033000000016
LA-VT,200904,1,persistence,reference_r2,14.502862999999998,12.032833999999994,200904,2.470029000000004
LA-VT,200905,2,persistence,reference_r2,26.674568000000008,96.384872,200904,-69.710304
LA-VT,200906,3,persistence,reference_r2,45.832223,181.60789700000004,200904,-135.77567400000004
LA-VT,200907,1,persistence,reference_r2,142.69739800000002,118.01474000000002,200907,24.682658000000004
LA-VT,200908,2,persistence,reference_r2,166.135237,112.191438,200907,53.943798999999984
LA-VT,200909,3,persistence,reference_r2,238.83145099999996,130.284516,200907,108.54693499999996
LA-VT,200910,1,persistence,reference_r2,37.81561000000001,237.698121,200910,-199.88251099999997
LA-VT,200911,2,persistence,reference_r2,44.86481699999999,337.72783599999997,200910,-292.863019
LA-VT,200912,3,persistence,reference_r2,73.67705999999998,255.674107,200910,-181.997047
LA-XA,200801,1,persistence,reference_r2,1.370140000000001,1.019332,200801,0.3508080000000011
LA-XA,200802,2,persistence,reference_r2,1.726794,0.2567579999999999,200801,1.4700360000000001
LA-XA,200803,3,persistence,reference_r2,2.4291660000000004,0.166478,200801,2.2626880000000003
LA-XA,200804,1,persistence,reference_r2,0.9566909999999992,0.053503,200804,0.9031879999999992
LA-XA,200805,2,persistence,reference_r2,2.003665,1.183978,200804,0.8196869999999998
LA-XA,200806,3,persistence,reference_r2,4.741557,4.220312,200804,0.5212450000000004
LA-XA,200807,1,persistence,reference_r2,9.660272,10.346223,200807,-0.6859509999999993
LA-XA,200808,2,persistence,reference_r2,1.9991069999999984,2.4381650000000006,200807,-0.43905800000000217
LA-XA,200809,3,persistence,reference_r2,4.655937,1.1194450000000002,200807,3.5364919999999995
LA-XA,200810,1,persistence,reference_r2,1.8581400000000008,1.186982,200810,0.6711580000000008
LA-XA,200811,2,persistence,reference_r2,1.726794,0.6751020000000001,200810,1.0516919999999998
LA-XA,200812,3,persistence,reference_r2,2.223166000000001,0.3714,200810,1.851766000000001
LA-XA,200901,1,persistence,reference_r2,1.370140000000001,0.0976139999999999,200901,1.2725260000000012
LA-XA,200902,2,persistence,reference_r2,1.726794,0.031979,200901,1.694815
LA-XA,200903,3,persistence,reference_r2,2.4291660000000004,0.1861589999999999,200901,2.2430070000000004
LA-XA,200904,1,persistence,reference_r2,0.9566909999999992,0.237272,200904,0.7194189999999991
LA-XA,200905,2,persistence,reference_r2,1.5876649999999994,0.6916500000000001,200904,0.8960149999999993
LA-XA,200906,3,persistence,reference_r2,9.675557,7.429931,200904,2.2456259999999997
LA-XA,200907,1,persistence,reference_r2,2.7803690000000003,3.8747409999999993,200907,-1.094371999999999
LA-XA,200908,2,persistence,reference_r2,17.094084000000002,25.121948,200907,-8.027863999999997
LA-XA,200909,3,persistence,reference_r2,3.863987999999999,4.245054,200907,-0.38106600000000057
LA-XA,200910,1,persistence,reference_r2,4.720613,2.901592,200910,1.8190210000000002
LA-XA,200911,2,persistence,reference_r2,4.825930999999999,1.475318,200910,3.350612999999999
LA-XA,200912,3,persistence,reference_r2,8.469738999999999,0.891775,200910,7.577963999999999
LA-XE,200801,1,persistence,reference_r2,0.6979409999999999,0.024119,200801,0.6738219999999999
LA-XE,200802,2,persistence,reference_r2,0.6954600000000001,0.0103059999999999,200801,0.6851540000000002
LA-XE,200803,3,persistence,reference_r2,0.6880539999999999,0.005592,200801,0.6824619999999999
LA-XE,200804,1,persistence,reference_r2,0.067505,0.0173009999999999,200804,0.050204000000000096
LA-XE,200805,2,persistence,reference_r2,0.0713599999999999,0.061064,200804,0.010295999999999896
LA-XE,200806,3,persistence,reference_r2,4.053398,4.017822000000001,200804,0.03557599999999894
LA-XE,200807,1,persistence,reference_r2,4.160576,0.761822,200807,3.398754
LA-XE,200808,2,persistence,reference_r2,4.131926999999999,1.0433499999999998,200807,3.0885769999999995
LA-XE,200809,3,persistence,reference_r2,3.2153919999999996,0.677079,200807,2.5383129999999996
LA-XE,200810,1,persistence,reference_r2,0.6979409999999999,0.3914069999999999,200810,0.30653400000000003
LA-XE,200811,2,persistence,reference_r2,0.6954600000000001,0.1153369999999999,200810,0.5801230000000002
LA-XE,200812,3,persistence,reference_r2,0.120054,0.5776939999999999,200810,-0.45763999999999994
LA-XE,200901,1,persistence,reference_r2,0.6979409999999999,0.0089319999999999,200901,0.689009
LA-XE,200902,2,persistence,reference_r2,0.6954600000000001,1.799052,200901,-1.103592
LA-XE,200903,3,persistence,reference_r2,0.6880539999999999,1.659708,200901,-0.971654
LA-XE,200904,1,persistence,reference_r2,0.71307,0.402596,200904,0.31047399999999997
LA-XE,200905,2,persistence,reference_r2,0.132101,0.6838299999999999,200904,-0.5517289999999999
LA-XE,200906,3,persistence,reference_r2,6.022938,4.580768,200904,1.44217
LA-XE,200907,1,persistence,reference_r2,19.060946,16.484172,200907,2.5767740000000003
LA-XE,200908,2,persistence,reference_r2,16.974494,13.072779,200907,3.9017149999999994
LA-XE,200909,3,persistence,reference_r2,2.3166710000000004,2.113378,200907,0.2032930000000004
LA-XE,200910,1,persistence,reference_r2,0.722745,2.510928,200910,-1.7881829999999999
LA-XE,200911,2,persistence,reference_r2,2.3122510000000003,10.726127000000002,200910,-8.413876000000002
LA-XE,200912,3,persistence,reference_r2,0.713921,9.150109,200910,-8.436188000000001
LA-XI,200801,1,persistence,reference_r2,0.000689,0.0006929999999999,200801,-3.999999999899917e-06
LA-XI,200802,2,persistence,reference_r2,0.000689,0.0002559999999999,200801,0.0004330000000001
LA-XI,200803,3,persistence,reference_r2,0.000757,0.00016,200801,0.000597
LA-XI,200804,1,persistence,reference_r2,0.000689,0.003657,200804,-0.002968
LA-XI,200805,2,persistence,reference_r2,0.000689,0.0051179999999999,200804,-0.0044289999999999
LA-XI,200806,3,persistence,reference_r2,0.948757,0.807601,200804,0.14115599999999995
LA-XI,200807,1,persistence,reference_r2,0.951314,0.1284609999999999,200807,0.8228530000000001
LA-XI,200808,2,persistence,reference_r2,0.951314,0.130287,200807,0.821027
LA-XI,200809,3,persistence,reference_r2,0.949433,0.115045,200807,0.834388
LA-XI,200810,1,persistence,reference_r2,0.000689,0.050385,200810,-0.049696
LA-XI,200811,2,persistence,reference_r2,0.000689,0.0139529999999999,200810,-0.0132639999999999
LA-XI,200812,3,persistence,reference_r2,0.000757,0.004458,200810,-0.0037010000000000003
LA-XI,200901,1,persistence,reference_r2,0.000689,0.003442,200901,-0.0027530000000000002
LA-XI,200902,2,persistence,reference_r2,0.000689,0.004141,200901,-0.0034519999999999998
LA-XI,200903,3,persistence,reference_r2,0.000757,0.0047289999999999,200901,-0.0039719999999999
LA-XI,200904,1,persistence,reference_r2,0.000689,0.000739,200904,-4.9999999999999914e-05
LA-XI,200905,2,persistence,reference_r2,38.934689,38.828176,200904,0.10651299999999964
LA-XI,200906,3,persistence,reference_r2,32.93075700000001,32.591249000000005,200904,0.33950800000000214
LA-XI,200907,1,persistence,reference_r2,31.935378,13.564102000000002,200907,18.371275999999998
LA-XI,200908,2,persistence,reference_r2,22.935378,13.137026,200907,9.798352
LA-XI,200909,3,persistence,reference_r2,32.931514,16.007124,200907,16.92439
LA-XI,200910,1,persistence,reference_r2,0.000689,12.412646000000002,200910,-12.411957000000003
LA-XI,200911,2,persistence,reference_r2,0.000689,4.905581000000001,200910,-4.904892
LA-XI,200912,3,persistence,reference_r2,0.000757,2.4942030000000006,200910,-2.4934460000000005
LA-AT,200801,1,persistence,reference_r3,3.417114,2.986486,200801,0.430628
LA-AT,200802,2,persistence,reference_r3,1.554761,1.320426,200801,0.23433499999999996
LA-AT,200803,3,persistence,reference_r3,0.0719689999999997,0.047916,200801,0.0240529999999997
LA-AT,200804,1,persistence,reference_r3,0.0471139999999998,0.587351,200804,-0.5402370000000002
LA-AT,200805,2,persistence,reference_r3,3.342761,2.042765,200804,1.2999959999999997
LA-AT,200806,3,persistence,reference_r3,8.929969,5.132581,200804,3.7973879999999998
LA-AT,200807,1,persistence,reference_r3,3.450605,2.367839,200807,1.082766
LA-AT,200808,2,persistence,reference_r3,0.8260830000000001,3.491180000000001,200807,-2.6650970000000007
LA-AT,200809,3,persistence,reference_r3,12.807472,11.785665000000002,200807,1.021806999999999
LA-AT,200810,1,persistence,reference_r3,21.839211,33.047584,200810,-11.208373000000002
LA-AT,200811,2,persistence,reference_r3,17.716617,36.070530000000005,200810,-18.353913000000006
LA-AT,200812,3,persistence,reference_r3,0.8262919999999996,18.082013,200810,-17.255721
LA-AT,200901,1,persistence,reference_r3,4.403041999999999,7.1003430000000005,200901,-2.6973010000000013
LA-AT,200902,2,persistence,reference_r3,21.580328,35.99777,200901,-14.417442000000001
LA-AT,200903,3,persistence,reference_r3,51.660003,55.562048,200901,-3.902044999999994
LA-AT,200904,1,persistence,reference_r3,20.870388,33.314725,200904,-12.444337000000004
LA-AT,200905,2,persistence,reference_r3,74.407714,96.524628,200904,-22.11691400000001
LA-AT,200906,3,persistence,reference_r3,50.686121,74.752521,200904,-24.0664
LA-AT,200907,1,persistence,reference_r3,38.397211,101.87320400000002,200907,-63.47599300000002
LA-AT,200908,2,persistence,reference_r3,2.492617,103.86403,200907,-101.371413
LA-AT,200909,3,persistence,reference_r3,6.1402920000000005,220.88343399999997,200907,-214.74314199999998
LA-AT,200910,1,persistence,reference_r3,12.098028,41.25112100000001,200910,-29.153093000000013
LA-AT,200911,2,persistence,reference_r3,0.8285939999999998,27.755314999999996,200910,-26.926720999999997
LA-AT,200912,3,persistence,reference_r3,9.930269,32.39929599999999,200910,-22.469026999999993
LA-BK,200801,1,persistence,reference_r3,0.702799,0.940917,200801,-0.23811800000000005
LA-BK,200802,2,persistence,reference_r3,0.0441579999999999,0.0001449999999999,200801,0.044013
LA-BK,200803,3,persistence,reference_r3,0.04958,1.600000000000039e-05,200801,0.049564
LA-BK,200804,1,persistence,reference_r3,0.0387989999999999,0.1255239999999999,200804,-0.08672500000000001
LA-BK,200805,2,persistence,reference_r3,11.132158,8.722021999999999,200804,2.4101360000000014
LA-BK,200806,3,persistence,reference_r3,51.985580000000006,47.504398,200804,4.481182000000004
LA-BK,200807,1,persistence,reference_r3,50.223598,15.448432,200807,34.775166
LA-BK,200808,2,persistence,reference_r3,43.128316,28.40379200000001,200807,14.724523999999988
LA-BK,200809,3,persistence,reference_r3,19.03516,79.15430699999999,200807,-60.119146999999984
LA-BK,200810,1,persistence,reference_r3,14.223598,35.85751499999999,200810,-21.63391699999999
LA-BK,200811,2,persistence,reference_r3,21.128316,43.153285999999994,200810,-22.024969999999993
LA-BK,200812,3,persistence,reference_r3,27.03516,1.7778630000000004,200810,25.257297
LA-BK,200901,1,persistence,reference_r3,3.438492,0.4421759999999999,200901,2.996316
LA-BK,200902,2,persistence,reference_r3,4.3407670000000005,0.3970060000000001,200901,3.9437610000000003
LA-BK,200903,3,persistence,reference_r3,3.355307,0.6894369999999999,200901,2.66587
LA-BK,200904,1,persistence,reference_r3,1.589023,1.5609400000000004,200904,0.028082999999999636
LA-BK,200905,2,persistence,reference_r3,72.11584199999999,44.520543,200904,27.595298999999983
LA-BK,200906,3,persistence,reference_r3,214.019436,134.187904,200904,79.83153200000001
LA-BK,200907,1,persistence,reference_r3,3.439598,90.179599,200907,-86.74000099999999
LA-BK,200908,2,persistence,reference_r3,105.128316,32.000780000000006,200907,73.12753599999999
LA-BK,200909,3,persistence,reference_r3,163.03516,17.819394999999993,200907,145.215765
LA-BK,200910,1,persistence,reference_r3,20.223598,26.380554000000004,200910,-6.1569560000000045
LA-BK,200911,2,persistence,reference_r3,46.128316,17.231965999999996,200910,28.89635
LA-BK,200912,3,persistence,reference_r3,47.03516,6.974369000000001,200910,40.060790999999995
LA-BL,200801,1,persistence,reference_r3,5.383502,5.428057000000001,200801,-0.04455500000000079
LA-BL,200802,2,persistence,reference_r3,4.609445999999998,5.896502,200801,-1.2870560000000015
LA-BL,200803,3,persistence,reference_r3,4.952254,0.40964,200801,4.542614
LA-BL,200804,1,persistence,reference_r3,2.695502000000001,1.838674,200804,0.8568280000000013
LA-BL,200805,2,persistence,reference_r3,7.897445999999999,10.942029,200804,-3.044583000000001
LA-BL,200806,3,persistence,reference_r3,9.692254000000002,11.503148,200804,-1.8108939999999976
LA-BL,200807,1,persistence,reference_r3,8.23891,16.259242999999998,200807,-8.020332999999997
LA-BL,200808,2,persistence,reference_r3,9.221346999999998,18.539478000000003,200807,-9.318131000000005
LA-BL,200809,3,persistence,reference_r3,9.298677,20.277568,200807,-10.978890999999999
LA-BL,200810,1,persistence,reference_r3,16.470322000000003,11.284123,200810,5.186199000000004
LA-BL,200811,2,persistence,reference_r3,12.262498,3.4143609999999995,200810,8.848137000000001
LA-BL,200812,3,persistence,reference_r3,17.99097,1.520839,200810,16.470131000000002
LA-BL,200901,1,persistence,reference_r3,2.511502,0.7637319999999999,200901,1.7477700000000003
LA-BL,200902,2,persistence,reference_r3,3.6934460000000016,1.520053,200901,2.1733930000000017
LA-BL,200903,3,persistence,reference_r3,4.9942540000000015,1.328685,200901,3.6655690000000014
LA-BL,200904,1,persistence,reference_r3,2.5010209999999997,0.7407000000000004,200904,1.7603209999999994
LA-BL,200905,2,persistence,reference_r3,3.323820999999999,3.318535999999999,200904,0.005284999999999762
LA-BL,200906,3,persistence,reference_r3,5.582812999999998,3.828593,200904,1.754219999999998
LA-BL,200907,1,persistence,reference_r3,17.514046,13.351017999999998,200907,4.163028000000002
LA-BL,200908,2,persistence,reference_r3,4.609358000000002,4.8317429999999995,200907,-0.2223849999999974
LA-BL,200909,3,persistence,reference_r3,6.933896999999998,8.96725,200907,-2.0333530000000017
LA-BL,200910,1,persistence,reference_r3,2.3170210000000004,4.086968999999999,200910,-1.7699479999999985
LA-BL,200911,2,persistence,reference_r3,3.4678210000000007,1.3825659999999995,200910,2.085255000000001
LA-BL,200912,3,persistence,reference_r3,4.764813,0.4834440000000002,200910,4.281369
LA-CH,200801,1,persistence,reference_r3,9.094472000000003,30.808016,200801,-21.713543999999995
LA-CH,200802,2,persistence,reference_r3,19.277769,46.782987000000006,200801,-27.505218000000006
LA-CH,200803,3,persistence,reference_r3,22.452036999999997,54.398199000000005,200801,-31.946162000000008
LA-CH,200804,1,persistence,reference_r3,16.585575000000002,35.180737,200804,-18.595162
LA-CH,200805,2,persistence,reference_r3,17.207692,61.760097,200804,-44.552405
LA-CH,200806,3,persistence,reference_r3,145.733314,169.15558400000003,200804,-23.422270000000026
LA-CH,200807,1,persistence,reference_r3,103.949944,141.337266,200807,-37.387322
LA-CH,200808,2,persistence,reference_r3,112.642802,107.924872,200807,4.71793000000001
LA-CH,200809,3,persistence,reference_r3,73.553239,104.07884199999997,200807,-30.52560299999996
LA-CH,200810,1,persistence,reference_r3,31.000921000000005,38.095675,200810,-7.094753999999995
LA-CH,200811,2,persistence,reference_r3,58.287541,33.74886,200810,24.538680999999997
LA-CH,200812,3,persistence,reference_r3,74.65110700000001,23.654052,200810,50.99705500000001
LA-CH,200901,1,persistence,reference_r3,28.518953000000003,9.489883000000004,200901,19.029069999999997
LA-CH,200902,2,persistence,reference_r3,18.940767,21.609796,200901,-2.6690289999999983
LA-CH,200903,3,persistence,reference_r3,16.500345000000003,20.020134,200901,-3.519788999999996
LA-CH,200904,1,persistence,reference_r3,28.357396,32.78152,200904,-4.424123999999999
LA-CH,200905,2,persistence,reference_r3,10.360133000000005,106.71988400000004,200904,-96.35975100000003
LA-CH,200906,3,persistence,reference_r3,41.64690100000001,117.219092,200904,-75.572191
LA-CH,200907,1,persistence,reference_r3,7.347732000000001,112.80888599999996,200907,-105.46115399999996
LA-CH,200908,2,persistence,reference_r3,14.241996999999998,78.21695299999999,200907,-63.97495599999999
LA-CH,200909,3,persistence,reference_r3,20.237556,88.54939399999998,200907,-68.31183799999998
LA-CH,200910,1,persistence,reference_r3,31.559768,24.983527999999993,200910,6.576240000000006
LA-CH,200911,2,persistence,reference_r3,48.322561,31.973293,200910,16.349268
LA-CH,200912,3,persistence,reference_r3,48.408425,24.184602999999996,200910,24.223822000000006
LA-HO,200801,1,persistence,reference_r3,0.8303219999999999,0.0021519999999999,200801,0.82817
LA-HO,200802,2,persistence,reference_r3,0.8292019999999999,0.000904,200801,0.8282979999999999
LA-HO,200803,3,persistence,reference_r3,0.820377,0.007224,200801,0.813153
LA-HO,200804,1,persistence,reference_r3,0.0149129999999999,0.0280499999999999,200804,-0.013137000000000001
LA-HO,200805,2,persistence,reference_r3,0.013793,0.058997,200804,-0.045204
LA-HO,200806,3,persistence,reference_r3,0.015768,0.0896219999999999,200804,-0.07385399999999989
LA-HO,200807,1,persistence,reference_r3,0.0149129999999999,0.022748,200807,-0.0078350000000001
LA-HO,200808,2,persistence,reference_r3,0.013793,0.024919,200807,-0.011126
LA-HO,200809,3,persistence,reference_r3,0.809768,0.6858249999999999,200807,0.12394300000000014
LA-HO,200810,1,persistence,reference_r3,0.8303219999999999,0.0431269999999999,200810,0.787195
LA-HO,200811,2,persistence,reference_r3,0.8292019999999999,0.005265,200810,0.8239369999999999
LA-HO,200812,3,persistence,reference_r3,0.0263769999999999,0.921638,200810,-0.8952610000000001
LA-HO,200901,1,persistence,reference_r3,0.8303219999999999,0.0151219999999999,200901,0.8152
LA-HO,200902,2,persistence,reference_r3,0.8292019999999999,0.0294139999999999,200901,0.7997879999999999
LA-HO,200903,3,persistence,reference_r3,0.820377,0.022481,200901,0.797896
LA-HO,200904,1,persistence,reference_r3,0.0149129999999999,0.006098,200904,0.0088149999999999
LA-HO,200905,2,persistence,reference_r3,0.013793,0.013386,200904,0.0004069999999999994
LA-HO,200906,3,persistence,reference_r3,0.015768,0.059043,200904,-0.043274999999999994
LA-HO,200907,1,persistence,reference_r3,0.0149129999999999,0.0295359999999999,200907,-0.014622999999999999
LA-HO,200908,2,persistence,reference_r3,0.013793,0.060232,200907,-0.046439
LA-HO,200909,3,persistence,reference_r3,0.809768,0.6977329999999999,200907,0.1120350000000001
LA-HO,200910,1,persistence,reference_r3,0.024322,0.641767,200910,-0.617445
LA-HO,200911,2,persistence,reference_r3,0.023202,0.8504109999999999,200910,-0.8272089999999999
LA-HO,200912,3,persistence,reference_r3,0.0263769999999999,0.906408,200910,-0.8800310000000001
LA-KH,200801,1,persistence,reference_r3,1.3149230000000005,0.660536,200801,0.6543870000000005
LA-KH,200802,2,persistence,reference_r3,2.0702239999999996,0.093742,200801,1.9764819999999996
LA-KH,200803,3,persistence,reference_r3,2.6522299999999994,0.0788309999999999,200801,2.5733989999999993
LA-KH,200804,1,persistence,reference_r3,1.3149230000000005,0.3166680000000001,200804,0.9982550000000003
LA-KH,200805,2,persistence,reference_r3,2.0702239999999996,0.875607,200804,1.1946169999999996
LA-KH,200806,3,persistence,reference_r3,3.0462299999999978,2.586021000000001,200804,0.46020899999999676
LA-KH,200807,1,persistence,reference_r3,2.403284000000001,1.552022,200807,0.8512620000000011
LA-KH,200808,2,persistence,reference_r3,2.5886239999999994,0.3493159999999999,200807,2.2393079999999994
LA-KH,200809,3,persistence,reference_r3,4.036038999999999,2.1745910000000004,200807,1.8614479999999984
LA-KH,200810,1,persistence,reference_r3,3.125885000000002,0.5352060000000001,200810,2.590679000000002
LA-KH,200811,2,persistence,reference_r3,2.7576459999999976,1.5831299999999997,200810,1.174515999999998
LA-KH,200812,3,persistence,reference_r3,2.9661490000000015,3.368927,200810,-0.4027779999999983
LA-KH,200901,1,persistence,reference_r3,3.713884999999999,0.07994,200901,3.633944999999999
LA-KH,200902,2,persistence,reference_r3,4.333645999999998,0.0312039999999999,200901,4.302441999999998
LA-KH,200903,3,persistence,reference_r3,3.796149,4.449843,200901,-0.6536940000000002
LA-KH,200904,1,persistence,reference_r3,4.995498000000001,0.7304939999999998,200904,4.265004000000001
LA-KH,200905,2,persistence,reference_r3,2.422528,2.005262,200904,0.4172659999999997
LA-KH,200906,3,persistence,reference_r3,54.16718900000001,57.714643,200904,-3.547453999999995
LA-KH,200907,1,persistence,reference_r3,60.490204000000006,89.19832699999999,200907,-28.708122999999986
LA-KH,200908,2,persistence,reference_r3,191.180325,231.873611,200907,-40.693286
LA-KH,200909,3,persistence,reference_r3,163.22992399999998,211.678081,200907,-48.44815700000001
LA-KH,200910,1,persistence,reference_r3,169.74701399999998,25.462993999999995,200910,144.28402
LA-KH,200911,2,persistence,reference_r3,185.115734,19.513842,200910,165.601892
LA-KH,200912,3,persistence,reference_r3,175.88018300000002,41.121751,200910,134.75843200000003
LA-LM,200801,1,persistence,reference_r3,0.0063019999999999,0.000175,200801,0.0061269999999999
LA-LM,200802,2,persistence,reference_r3,0.007978,8.999999999999894e-06,200801,0.007969
LA-LM,200803,3,persistence,reference_r3,0.008063,2.499999999999985e-05,200801,0.008038
LA-LM,200804,1,persistence,reference_r3,0.0063019999999999,0.044406,200804,-0.0381040000000001
LA-LM,200805,2,persistence,reference_r3,0.007978,0.1923239999999999,200804,-0.1843459999999999
LA-LM,200806,3,persistence,reference_r3,0.008063,0.3729949999999999,200804,-0.3649319999999999
LA-LM,200807,1,persistence,reference_r3,0.0063019999999999,0.0601289999999999,200807,-0.053827
LA-LM,200808,2,persistence,reference_r3,0.007978,0.050255,200807,-0.042277
LA-LM,200809,3,persistence,reference_r3,0.008063,0.0697679999999999,200807,-0.0617049999999999
LA-LM,200810,1,persistence,reference_r3,0.0063019999999999,0.0128369999999999,200810,-0.006535000000000001
LA-LM,200811,2,persistence,reference_r3,0.007978,0.0019699999999999,200810,0.0060080000000001
LA-LM,200812,3,persistence,reference_r3,0.008063,0.0005289999999999,200810,0.0075340000000001005
LA-LM,200901,1,persistence,reference_r3,0.0063019999999999,0.0001209999999999,200901,0.006181
LA-LM,200902,2,persistence,reference_r3,0.007978,0.00021,200901,0.007768000000000001
LA-LM,200903,3,persistence,reference_r3,0.008063,0.0001729999999999,200901,0.0078900000000001
LA-LM,200904,1,persistence,reference_r3,0.880302,0.906453,200904,-0.026150999999999924
LA-LM,200905,2,persistence,reference_r3,0.007978,0.014614,200904,-0.0066359999999999995
LA-LM,200906,3,persistence,reference_r3,1.770063,1.528604,200904,0.24145899999999987
LA-LM,200907,1,persistence,reference_r3,0.886035,0.5394789999999998,200907,0.3465560000000002
LA-LM,200908,2,persistence,reference_r3,1.777203,0.7998460000000001,200907,0.977357
LA-LM,200909,3,persistence,reference_r3,1.777288,1.617087,200907,0.16020100000000004
LA-LM,200910,1,persistence,reference_r3,0.8865399999999999,2.674027,200910,-1.7874870000000003
LA-LM,200911,2,persistence,reference_r3,1.7778919999999998,4.648892999999999,200910,-2.8710009999999997
LA-LM,200912,3,persistence,reference_r3,0.016045,3.360706,200910,-3.344661
LA-LP,200801,1,persistence,reference_r3,3.4616930000000004,0.9520670000000002,200801,2.509626
LA-LP,200802,2,persistence,reference_r3,6.91244,14.390979,200801,-7.478539
LA-LP,200803,3,persistence,reference_r3,10.133757,20.417498,200801,-10.283741
LA-LP,200804,1,persistence,reference_r3,7.587196,31.762654,200804,-24.175458000000003
LA-LP,200805,2,persistence,reference_r3,77.70587800000001,112.127102,200804,-34.42122399999998
LA-LP,200806,3,persistence,reference_r3,116.670978,152.703744,200804,-36.032765999999995
LA-LP,200807,1,persistence,reference_r3,129.93954599999998,137.06253600000002,200807,-7.122990000000044
LA-LP,200808,2,persistence,reference_r3,128.21567000000002,117.42614200000004,200807,10.789527999999976
LA-LP,200809,3,persistence,reference_r3,124.816253,109.419179,200807,15.397074000000003
LA-LP,200810,1,persistence,reference_r3,13.347094,32.652564,200810,-19.30547
LA-LP,200811,2,persistence,reference_r3,84.94253,54.468205999999995,200810,30.47432400000001
LA-LP,200812,3,persistence,reference_r3,124.888534,128.523994,200810,-3.6354599999999806
LA-LP,200901,1,persistence,reference_r3,146.497715,7.240741,200901,139.256974
LA-LP,200902,2,persistence,reference_r3,141.643959,6.671977000000002,200901,134.971982
LA-LP,200903,3,persistence,reference_r3,139.126542,13.746714,200901,125.379828
LA-LP,200904,1,persistence,reference_r3,1.1242739999999998,14.506742,200904,-13.382468
LA-LP,200905,2,persistence,reference_r3,1.711145,38.652384999999995,200904,-36.94123999999999
LA-LP,200906,3,persistence,reference_r3,5.2004459999999995,78.54867899999999,200904,-73.348233
LA-LP,200907,1,persistence,reference_r3,14.802083,21.858479,200907,-7.0563959999999994
LA-LP,200908,2,persistence,reference_r3,15.036039,22.41136,200907,-7.375320999999998
LA-LP,200909,3,persistence,reference_r3,278.002476,303.584991,200907,-25.582515
LA-LP,200910,1,persistence,reference_r3,133.848548,98.606495,200910,35.242053
LA-LP,200911,2,persistence,reference_r3,204.57629,56.845161,200910,147.731129
LA-LP,200912,3,persistence,reference_r3,288.208892,2.901962,200910,285.30692999999997
LA-OU,200801,1,persistence,reference_r3,0.0060349999999999,0.0008999999999999,200801,0.005135
LA-OU,200802,2,persistence,reference_r3,0.004123,0.0001309999999999,200801,0.0039920000000001
LA-OU,200803,3,persistence,reference_r3,0.0080099999999999,8.999999999999894e-06,200801,0.008000999999999899
LA-OU,200804,1,persistence,reference_r3,0.0060349999999999,0.1137319999999999,200804,-0.107697
LA-OU,200805,2,persistence,reference_r3,0.004123,0.4005239999999999,200804,-0.3964009999999999
LA-OU,200806,3,persistence,reference_r3,0.0080099999999999,0.6875050000000003,200804,-0.6794950000000004
LA-OU,200807,1,persistence,reference_r3,0.0060349999999999,0.084326,200807,-0.0782910000000001
LA-OU,200808,2,persistence,reference_r3,0.004123,0.064416,200807,-0.060293
LA-OU,200809,3,persistence,reference_r3,0.0080099999999999,0.0712239999999999,200807,-0.06321399999999999
LA-OU,200810,1,persistence,reference_r3,0.0060349999999999,0.012373,200810,-0.0063380000000001005
LA-OU,200811,2,persistence,reference_r3,0.004123,0.002845,200810,0.001278
LA-OU,200812,3,persistence,reference_r3,0.0080099999999999,0.000629,200810,0.007380999999999899
LA-OU,200901,1,persistence,reference_r3,0.0060349999999999,0.0001689999999999,200901,0.005866
LA-OU,200902,2,persistence,reference_r3,0.004123,0.000289,200901,0.0038339999999999997
LA-OU,200903,3,persistence,reference_r3,0.0080099999999999,0.0005299999999999,200901,0.007479999999999999
LA-OU,200904,1,persistence,reference_r3,0.0060349999999999,0.0046309999999999,200904,0.0014039999999999999
LA-OU,200905,2,persistence,reference_r3,0.004123,0.0201809999999999,200904,-0.0160579999999999
LA-OU,200906,3,persistence,reference_r3,0.0080099999999999,0.0583119999999999,200904,-0.050302
LA-OU,200907,1,persistence,reference_r3,0.0060349999999999,0.07614,200907,-0.0701050000000001
LA-OU,200908,2,persistence,reference_r3,0.886123,0.5398540000000001,200907,0.34626899999999994
LA-OU,200909,3,persistence,reference_r3,14.71601,14.076128,200907,0.6398820000000001
LA-OU,200910,1,persistence,reference_r3,8.76207,2.886982,200910,5.875088
LA-OU,200911,2,persistence,reference_r3,1.848246,11.044936,200910,-9.19669
LA-OU,200912,3,persistence,reference_r3,2.7500199999999997,17.120266,200910,-14.370246000000002
LA-PH,200901,1,persistence,reference_r3,0.0002559999999999,0.019318,200901,-0.0190620000000001
LA-PH,200902,2,persistence,reference_r3,0.0002559999999999,0.01873,200901,-0.0184740000000001
LA-PH,200903,3,persistence,reference_r3,0.0003239999999999,0.025014,200901,-0.0246900000000001
LA-PH,200904,1,persistence,reference_r3,0.0002559999999999,0.005703,200904,-0.005447000000000099
LA-PH,200905,2,persistence,reference_r3,0.0002559999999999,0.015705,200904,-0.0154490000000001
LA-PH,200906,3,persistence,reference_r3,0.0003239999999999,0.047085,200904,-0.0467610000000001
LA-PH,200907,1,persistence,reference_r3,0.0002559999999999,0.0289189999999999,200907,-0.028663
LA-PH,200909,3,persistence,reference_r3,0.0003239999999999,0.0340489999999999,200907,-0.033725
LA-PH,200910,1,persistence,reference_r3,0.0002559999999999,0.0102089999999999,200910,-0.009953
LA-PH,200911,2,persistence,reference_r3,0.0002559999999999,0.001902,200910,-0.0016460000000001
LA-PH,200912,3,persistence,reference_r3,0.0003239999999999,0.000365,200910,-4.1000000000099984e-05
LA-SL,200801,1,persistence,reference_r3,5.888300000000001,0.8798080000000001,200801,5.008492
LA-SL,200802,2,persistence,reference_r3,4.932642,0.3946400000000001,200801,4.5380020000000005
LA-SL,200803,3,persistence,reference_r3,1.538814,3.782077,200801,-2.2432630000000002
LA-SL,200804,1,persistence,reference_r3,2.4083299999999994,1.2948839999999997,200804,1.1134459999999997
LA-SL,200805,2,persistence,reference_r3,94.771065,90.140072,200804,4.6309929999999895
LA-SL,200806,3,persistence,reference_r3,215.529118,186.677219,200804,28.851899000000003
LA-SL,200807,1,persistence,reference_r3,144.638988,53.84395600000002,200807,90.79503199999999
LA-SL,200808,2,persistence,reference_r3,157.654794,55.15285299999999,200807,102.50194100000002
LA-SL,200809,3,persistence,reference_r3,135.591742,45.11576600000001,200807,90.475976
LA-SL,200810,1,persistence,reference_r3,5.024252000000001,27.169708,200810,-22.145456
LA-SL,200811,2,persistence,reference_r3,59.913664,11.849905,200810,48.063759
LA-SL,200812,3,persistence,reference_r3,72.336984,6.763719999999999,200810,65.573264
LA-SL,200901,1,persistence,reference_r3,5.890064000000001,1.6533319999999998,200901,4.236732000000001
LA-SL,200902,2,persistence,reference_r3,14.107243,18.432154,200901,-4.324911
LA-SL,200903,3,persistence,reference_r3,14.945415000000002,12.700661,200901,2.244754000000002
LA-SL,200904,1,persistence,reference_r3,5.018927,7.0981989999999975,200904,-2.079271999999998
LA-SL,200905,2,persistence,reference_r3,91.851327,36.45312800000001,200904,55.39819899999999
LA-SL,200906,3,persistence,reference_r3,14.970665,39.25175,200904,-24.281085
LA-SL,200907,1,persistence,reference_r3,118.6355,53.18438400000002,200907,65.45111599999997
LA-SL,200908,2,persistence,reference_r3,80.18723700000001,47.976776,200907,32.21046100000001
LA-SL,200909,3,persistence,reference_r3,45.277277,40.999075000000005,200907,4.278201999999993
LA-SL,200910,1,persistence,reference_r3,2.434636,31.861534999999996,200910,-29.426898999999995
LA-SL,200911,2,persistence,reference_r3,43.493157999999994,16.036088999999997,200910,27.457068999999997
LA-SL,200912,3,persistence,reference_r3,69.439998,9.882848,200910,59.55715000000001
LA-SV,200801,1,persistence,reference_r3,4.8442229999999995,5.304838,200801,-0.46061500000000066
LA-SV,200802,2,persistence,reference_r3,8.673057,1.003975,200801,7.6690819999999995
LA-SV,200803,3,persistence,reference_r3,12.976107,0.4604349999999999,200801,12.515672
LA-SV,200804,1,persistence,reference_r3,5.031711999999999,2.813371,200804,2.218340999999999
LA-SV,200805,2,persistence,reference_r3,8.798821000000004,4.407989000000001,200804,4.390832000000003
LA-SV,200806,3,persistence,reference_r3,14.938783,16.353923999999992,200804,-1.4151409999999913
LA-SV,200807,1,persistence,reference_r3,5.993041000000005,4.500802999999998,200807,1.4922380000000075
LA-SV,200808,2,persistence,reference_r3,11.269002999999998,5.3320219999999985,200807,5.936980999999999
LA-SV,200809,3,persistence,reference_r3,16.011347999999998,7.351842,200807,8.659505999999997
LA-SV,200810,1,persistence,reference_r3,7.473481,3.154813,200810,4.318668
LA-SV,200811,2,persistence,reference_r3,8.967742000000001,0.759293,200810,8.208449000000002
LA-SV,200812,3,persistence,reference_r3,13.509918999999996,0.4233419999999999,200810,13.086576999999997
LA-SV,200901,1,persistence,reference_r3,4.710222999999999,0.084673,200901,4.625549999999999
LA-SV,200902,2,persistence,reference_r3,8.589056999999997,0.0196839999999999,200901,8.569372999999997
LA-SV,200903,3,persistence,reference_r3,12.924106999999992,0.133252,200901,12.790854999999992
LA-SV,200904,1,persistence,reference_r3,4.710222999999999,0.194554,200904,4.515668999999999
LA-SV,200905,2,persistence,reference_r3,8.589056999999997,1.0796709999999998,200904,7.5093859999999975
LA-SV,200906,3,persistence,reference_r3,12.976107,1.335557,200904,11.640550000000001
LA-SV,200907,1,persistence,reference_r3,9.081712000000003,10.031895,200907,-0.9501829999999973
LA-SV,200908,2,persistence,reference_r3,21.414821000000003,30.651323,200907,-9.236501999999998
LA-SV,200909,3,persistence,reference_r3,29.858783000000003,44.775041,200907,-14.916258
LA-SV,200910,1,persistence,reference_r3,22.608721999999993,5.238619000000001,200910,17.370102999999993
LA-SV,200911,2,persistence,reference_r3,17.216891000000004,23.588144,200910,-6.371252999999996
LA-SV,200912,3,persistence,reference_r3,33.27619299999999,1.419184,200910,31.85700899999999
LA-VT,200801,1,persistence,reference_r3,43.562509000000006,10.060163000000005,200801,33.502346
LA-VT,200802,2,persistence,reference_r3,53.531439000000006,3.9483359999999994,200801,49.58310300000001
LA-VT,200803,3,persistence,reference_r3,53.29954199999999,16.882038,200801,36.41750399999999
LA-VT,200804,1,persistence,reference_r3,17.354836999999996,5.026782999999998,200804,12.328053999999998
LA-VT,200805,2,persistence,reference_r3,23.829443999999995,9.197543000000003,200804,14.631900999999992
LA-VT,200806,3,persistence,reference_r3,34.40855599999999,37.648752,200804,-3.2401960000000116
LA-VT,200807,1,persistence,reference_r3,44.285051,82.900522,200807,-38.61547099999999
LA-VT,200808,2,persistence,reference_r3,49.550028999999995,72.31125599999999,200807,-22.76122699999999
LA-VT,200809,3,persistence,reference_r3,57.28912399999999,62.111436,200807,-4.822312000000011
LA-VT,200810,1,persistence,reference_r3,40.699749,28.800461999999996,200810,11.899287000000001
LA-VT,200811,2,persistence,reference_r3,36.577603,70.685114,200810,-34.107510999999995
LA-VT,200812,3,persistence,reference_r3,56.08934400000001,58.599912,200810,-2.510567999999992
LA-VT,200901,1,persistence,reference_r3,33.955966000000004,20.122936,200901,13.833030000000004
LA-VT,200902,2,persistence,reference_r3,46.578158000000016,12.458208,200901,34.11995000000002
LA-VT,200903,3,persistence,reference_r3,52.60918800000002,5.964889000000001,200901,46.64429900000002
LA-VT,200904,1,persistence,reference_r3,14.502862999999998,12.974168,200904,1.5286949999999973
LA-VT,200905,2,persistence,reference_r3,26.674568000000008,93.98072800000004,200904,-67.30616000000003
LA-VT,200906,3,persistence,reference_r3,45.832223,176.55354000000003,200904,-130.72131700000003
LA-VT,200907,1,persistence,reference_r3,142.69739800000002,122.953955,200907,19.743443000000028
LA-VT,200908,2,persistence,reference_r3,166.135237,113.79878099999996,200907,52.33645600000003
LA-VT,200909,3,persistence,reference_r3,238.83145099999996,139.72156800000005,200907,99.10988299999991
LA-VT,200910,1,persistence,reference_r3,37.81561000000001,226.14327299999997,200910,-188.32766299999997
LA-VT,200911,2,persistence,reference_r3,44.86481699999999,325.01911500000006,200910,-280.15429800000004
LA-VT,200912,3,persistence,reference_r3,73.67705999999998,263.58313599999997,200910,-189.90607599999998
LA-XA,200801,1,persistence,reference_r3,1.370140000000001,1.116971,200801,0.2531690000000011
LA-XA,200802,2,persistence,reference_r3,1.726794,0.243032,200801,1.483762
LA-XA,200803,3,persistence,reference_r3,2.4291660000000004,0.171737,200801,2.2574290000000006
LA-XA,200804,1,persistence,reference_r3,0.9566909999999992,0.5114209999999999,200804,0.4452699999999993
LA-XA,200805,2,persistence,reference_r3,2.003665,1.211045,200804,0.7926199999999999
LA-XA,200806,3,persistence,reference_r3,4.741557,3.0724100000000005,200804,1.6691469999999997
LA-XA,200807,1,persistence,reference_r3,9.660272,9.936053,200807,-0.2757809999999985
LA-XA,200808,2,persistence,reference_r3,1.9991069999999984,2.496529,200807,-0.4974220000000018
LA-XA,200809,3,persistence,reference_r3,4.655937,1.0527960000000005,200807,3.603140999999999
LA-XA,200810,1,persistence,reference_r3,1.8581400000000008,1.097585,200810,0.7605550000000008
LA-XA,200811,2,persistence,reference_r3,1.726794,0.6649009999999997,200810,1.0618930000000002
LA-XA,200812,3,persistence,reference_r3,2.223166000000001,0.3718479999999999,200810,1.851318000000001
LA-XA,200901,1,persistence,reference_r3,1.370140000000001,0.1054689999999999,200901,1.2646710000000012
LA-XA,200902,2,persistence,reference_r3,1.726794,0.0468779999999999,200901,1.679916
LA-XA,200903,3,persistence,reference_r3,2.4291660000000004,0.2442040000000001,200901,2.1849620000000005
LA-XA,200904,1,persistence,reference_r3,0.9566909999999992,0.219345,200904,0.7373459999999992
LA-XA,200905,2,persistence,reference_r3,1.5876649999999994,0.6344869999999998,200904,0.9531779999999996
LA-XA,200906,3,persistence,reference_r3,9.675557,7.048278999999999,200904,2.6272780000000004
LA-XA,200907,1,persistence,reference_r3,2.7803690000000003,3.91125,200907,-1.1308809999999996
LA-XA,200908,2,persistence,reference_r3,17.094084000000002,25.456804,200907,-8.36272
LA-XA,200909,3,persistence,reference_r3,3.863987999999999,4.27524,200907,-0.41125200000000106
LA-XA,200910,1,persistence,reference_r3,4.720613,2.5879270000000005,200910,2.1326859999999996
LA-XA,200911,2,persistence,reference_r3,4.825930999999999,1.52237,200910,3.303560999999999
LA-XA,200912,3,persistence,reference_r3,8.469738999999999,0.9455189999999998,200910,7.524219999999999
LA-XE,200801,1,persistence,reference_r3,0.6979409999999999,0.018237,200801,0.679704
LA-XE,200802,2,persistence,reference_r3,0.6954600000000001,0.008168,200801,0.6872920000000001
LA-XE,200803,3,persistence,reference_r3,0.6880539999999999,0.003187,200801,0.6848669999999999
LA-XE,200804,1,persistence,reference_r3,0.067505,0.0302489999999999,200804,0.037256000000000095
LA-XE,200805,2,persistence,reference_r3,0.0713599999999999,0.0842809999999999,200804,-0.012921000000000002
LA-XE,200806,3,persistence,reference_r3,4.053398,3.3424799999999997,200804,0.7109179999999999
LA-XE,200807,1,persistence,reference_r3,4.160576,0.8511470000000001,200807,3.3094289999999997
LA-XE,200808,2,persistence,reference_r3,4.131926999999999,1.052152,200807,3.0797749999999993
LA-XE,200809,3,persistence,reference_r3,3.2153919999999996,0.7067329999999998,200807,2.5086589999999998
LA-XE,200810,1,persistence,reference_r3,0.6979409999999999,0.332434,200810,0.3655069999999999
LA-XE,200811,2,persistence,reference_r3,0.6954600000000001,0.122511,200810,0.572949
LA-XE,200812,3,persistence,reference_r3,0.120054,0.612034,200810,-0.49198
LA-XE,200901,1,persistence,reference_r3,0.6979409999999999,0.005004,200901,0.6929369999999999
LA-XE,200902,2,persistence,reference_r3,0.6954600000000001,1.830332,200901,-1.134872
LA-XE,200903,3,persistence,reference_r3,0.6880539999999999,1.725653,200901,-1.0375990000000002
LA-XE,200904,1,persistence,reference_r3,0.71307,0.400339,200904,0.312731
LA-XE,200905,2,persistence,reference_r3,0.132101,0.746435,200904,-0.6143339999999999
LA-XE,200906,3,persistence,reference_r3,6.022938,4.660807,200904,1.3621309999999998
LA-XE,200907,1,persistence,reference_r3,19.060946,18.011643,200907,1.0493030000000019
LA-XE,200908,2,persistence,reference_r3,16.974494,14.380847,200907,2.5936470000000007
LA-XE,200909,3,persistence,reference_r3,2.3166710000000004,1.929887,200907,0.38678400000000046
LA-XE,200910,1,persistence,reference_r3,0.722745,2.6404270000000007,200910,-1.9176820000000008
LA-XE,200911,2,persistence,reference_r3,2.3122510000000003,10.927007999999995,200910,-8.614756999999996
LA-XE,200912,3,persistence,reference_r3,0.713921,8.018748999999996,200910,-7.304827999999996
LA-XI,200801,1,persistence,reference_r3,0.000689,0.0004119999999999,200801,0.00027700000000010003
LA-XI,200802,2,persistence,reference_r3,0.000689,6.499999999999909e-05,200801,0.000624000000000001
LA-XI,200803,3,persistence,reference_r3,0.000757,0.0002899999999999,200801,0.0004670000000001
LA-XI,200804,1,persistence,reference_r3,0.000689,0.038119,200804,-0.03743
LA-XI,200805,2,persistence,reference_r3,0.000689,0.06257,200804,-0.061881
LA-XI,200806,3,persistence,reference_r3,0.948757,0.568242,200804,0.38051499999999994
LA-XI,200807,1,persistence,reference_r3,0.951314,0.1337579999999999,200807,0.8175560000000001
LA-XI,200808,2,persistence,reference_r3,0.951314,0.1407849999999999,200807,0.810529
LA-XI,200809,3,persistence,reference_r3,0.949433,0.139062,200807,0.810371
LA-XI,200810,1,persistence,reference_r3,0.000689,0.039283,200810,-0.038593999999999996
LA-XI,200811,2,persistence,reference_r3,0.000689,0.008452,200810,-0.007762999999999999
LA-XI,200812,3,persistence,reference_r3,0.000757,0.003707,200810,-0.00295
LA-XI,200901,1,persistence,reference_r3,0.000689,0.000905,200901,-0.00021599999999999994
LA-XI,200902,2,persistence,reference_r3,0.000689,0.001923,200901,-0.0012339999999999999
LA-XI,200903,3,persistence,reference_r3,0.000757,0.001715,200901,-0.000958
LA-XI,200904,1,persistence,reference_r3,0.000689,0.0008639999999999,200904,-0.00017499999999989995
LA-XI,200905,2,persistence,reference_r3,38.934689,38.837755,200904,0.09693399999999741
LA-XI,200906,3,persistence,reference_r3,32.93075700000001,32.686109,200904,0.24464800000000508
LA-XI,200907,1,persistence,reference_r3,31.935378,13.106988,200907,18.82839
LA-XI,200908,2,persistence,reference_r3,22.935378,11.432157999999998,200907,11.503220000000002
LA-XI,200909,3,persistence,reference_r3,32.931514,15.82611,200907,17.105404
LA-XI,200910,1,persistence,reference_r3,0.000689,12.683769000000002,200910,-12.683080000000002
LA-XI,200911,2,persistence,reference_r3,0.000689,4.94137,200910,-4.940681
LA-XI,200912,3,persistence,reference_r3,0.000757,2.3788259999999997,200910,-2.3780689999999995
LA-AT,200801,1,persistence,reference_r4,3.417114,2.992425,200801,0.4246890000000003
LA-AT,200802,2,persistence,reference_r4,1.554761,1.27044,200801,0.28432100000000005
LA-AT,200803,3,persistence,reference_r4,0.0719689999999997,0.0483289999999999,200801,0.0236399999999998
LA-AT,200804,1,persistence,reference_r4,0.0471139999999998,0.4644239999999999,200804,-0.41731000000000007
LA-AT,200805,2,persistence,reference_r4,3.342761,1.789513,200804,1.553248
LA-AT,200806,3,persistence,reference_r4,8.929969,4.311268999999999,200804,4.6187000000000005
LA-AT,200807,1,persistence,reference_r4,3.450605,2.478019999999999,200807,0.9725850000000009
LA-AT,200808,2,persistence,reference_r4,0.8260830000000001,3.345302,200807,-2.519219
LA-AT,200809,3,persistence,reference_r4,12.807472,10.913305,200807,1.8941670000000013
LA-AT,200810,1,persistence,reference_r4,21.839211,33.925246,200810,-12.086035000000003
LA-AT,200811,2,persistence,reference_r4,17.716617,36.089934,200810,-18.373317
LA-AT,200812,3,persistence,reference_r4,0.8262919999999996,18.239022,200810,-17.41273
LA-AT,200901,1,persistence,reference_r4,4.403041999999999,7.050674999999999,200901,-2.647633
LA-AT,200902,2,persistence,reference_r4,21.580328,35.629815,200901,-14.049487
LA-AT,200903,3,persistence,reference_r4,51.660003,55.394699,200901,-3.7346959999999996
LA-AT,200904,1,persistence,reference_r4,20.870388,38.814446,200904,-17.944058
LA-AT,200905,2,persistence,reference_r4,74.407714,96.49976,200904,-22.092045999999996
LA-AT,200906,3,persistence,reference_r4,50.686121,81.08959099999998,200904,-30.403469999999984
LA-AT,200907,1,persistence,reference_r4,38.397211,101.736981,200907,-63.33977
LA-AT,200908,2,persistence,reference_r4,2.492617,113.38830000000002,200907,-110.89568300000002
LA-AT,200909,3,persistence,reference_r4,6.1402920000000005,231.717233,200907,-225.576941
LA-AT,200910,1,persistence,reference_r4,12.098028,43.376208000000005,200910,-31.278180000000006
LA-AT,200911,2,persistence,reference_r4,0.8285939999999998,27.44793899999999,200910,-26.619344999999992
LA-AT,200912,3,persistence,reference_r4,9.930269,32.10785399999999,200910,-22.17758499999999
LA-BK,200801,1,persistence,reference_r4,0.702799,0.942845,200801,-0.2400460000000001
LA-BK,200802,2,persistence,reference_r4,0.0441579999999999,0.000196,200801,0.0439619999999999
LA-BK,200803,3,persistence,reference_r4,0.04958,4.900000000000043e-05,200801,0.049531
LA-BK,200804,1,persistence,reference_r4,0.0387989999999999,0.0210559999999999,200804,0.017743000000000002
LA-BK,200805,2,persistence,reference_r4,11.132158,10.865402,200804,0.2667560000000009
LA-BK,200806,3,persistence,reference_r4,51.985580000000006,51.529807,200804,0.45577300000000776
LA-BK,200807,1,persistence,reference_r4,50.223598,16.883974,200807,33.339624
LA-BK,200808,2,persistence,reference_r4,43.128316,25.515212000000005,200807,17.613103999999993
LA-BK,200809,3,persistence,reference_r4,19.03516,76.47767100000002,200807,-57.44251100000001
LA-BK,200810,1,persistence,reference_r4,14.223598,36.070415000000025,200810,-21.846817000000023
LA-BK,200811,2,persistence,reference_r4,21.128316,44.141422,200810,-23.013105999999997
LA-BK,200812,3,persistence,reference_r4,27.03516,1.7414590000000003,200810,25.293701000000002
LA-BK,200901,1,persistence,reference_r4,3.438492,0.435375,200901,3.003117
LA-BK,200902,2,persistence,reference_r4,4.3407670000000005,0.379482,200901,3.9612850000000006
LA-BK,200903,3,persistence,reference_r4,3.355307,0.7330670000000001,200901,2.6222399999999997
LA-BK,200904,1,persistence,reference_r4,1.589023,1.640562,200904,-0.051539
LA-BK,200905,2,persistence,reference_r4,72.11584199999999,42.943895,200904,29.17194699999999
LA-BK,200906,3,persistence,reference_r4,214.019436,127.83433999999998,200904,86.18509600000003
LA-BK,200907,1,persistence,reference_r4,3.439598,95.992876,200907,-92.55327799999999
LA-BK,200908,2,persistence,reference_r4,105.128316,32.573977,200907,72.554339
LA-BK,200909,3,persistence,reference_r4,163.03516,17.939648000000005,200907,145.09551199999999
LA-BK,200910,1,persistence,reference_r4,20.223598,27.95677000000001,200910,-7.73317200000001
LA-BK,200911,2,persistence,reference_r4,46.128316,18.450812999999997,200910,27.677503
LA-BK,200912,3,persistence,reference_r4,47.03516,7.433836999999999,200910,39.601323
LA-BL,200801,1,persistence,reference_r4,5.383502,5.712315,200801,-0.32881300000000024
LA-BL,200802,2,persistence,reference_r4,4.609445999999998,5.835274,200801,-1.2258280000000017
LA-BL,200803,3,persistence,reference_r4,4.952254,0.410046,200801,4.542208
LA-BL,200804,1,persistence,reference_r4,2.695502000000001,3.740537,200804,-1.0450349999999986
LA-BL,200805,2,persistence,reference_r4,7.897445999999999,4.932082000000001,200804,2.9653639999999974
LA-BL,200806,3,persistence,reference_r4,9.692254000000002,7.513457000000003,200804,2.1787969999999985
LA-BL,200807,1,persistence,reference_r4,8.23891,15.420891000000005,200807,-7.181981000000004
LA-BL,200808,2,persistence,reference_r4,9.221346999999998,20.572599000000004,200807,-11.351252000000006
LA-BL,200809,3,persistence,reference_r4,9.298677,20.00643,200807,-10.707753000000002
LA-BL,200810,1,persistence,reference_r4,16.470322000000003,11.021970999999995,200810,5.448351000000008
LA-BL,200811,2,persistence,reference_r4,12.262498,3.4863370000000007,200810,8.776161
LA-BL,200812,3,persistence,reference_r4,17.99097,1.465662,200810,16.525308000000003
LA-BL,200901,1,persistence,reference_r4,2.511502,0.7219490000000002,200901,1.789553
LA-BL,200902,2,persistence,reference_r4,3.6934460000000016,1.45833,200901,2.2351160000000014
LA-BL,200903,3,persistence,reference_r4,4.9942540000000015,1.381174,200901,3.613080000000002
LA-BL,200904,1,persistence,reference_r4,2.5010209999999997,0.7216930000000001,200904,1.7793279999999996
LA-BL,200905,2,persistence,reference_r4,3.323820999999999,3.3917899999999994,200904,-0.06796900000000061
LA-BL,200906,3,persistence,reference_r4,5.582812999999998,3.772229000000001,200904,1.8105839999999969
LA-BL,200907,1,persistence,reference_r4,17.514046,13.597406,200907,3.916640000000001
LA-BL,200908,2,persistence,reference_r4,4.609358000000002,4.435206000000001,200907,0.1741520000000012
LA-BL,200909,3,persistence,reference_r4,6.933896999999998,8.619005999999999,200907,-1.6851090000000006
LA-BL,200910,1,persistence,reference_r4,2.3170210000000004,3.788059,200910,-1.4710379999999996
LA-BL,200911,2,persistence,reference_r4,3.4678210000000007,1.2091059999999998,200910,2.258715000000001
LA-BL,200912,3,persistence,reference_r4,4.764813,0.4449719999999999,200910,4.319841
LA-CH,200801,1,persistence,reference_r4,9.094472000000003,29.792073999999996,200801,-20.697601999999993
LA-CH,200802,2,persistence,reference_r4,19.277769,46.499285,200801,-27.221516
LA-CH,200803,3,persistence,reference_r4,22.452036999999997,54.715953,200801,-32.263916
LA-CH,200804,1,persistence,reference_r4,16.585575000000002,25.655534000000003,200804,-9.069959
LA-CH,200805,2,persistence,reference_r4,17.207692,38.707183,200804,-21.499491
LA-CH,200806,3,persistence,reference_r4,145.733314,117.907083,200804,27.826231000000007
LA-CH,200807,1,persistence,reference_r4,103.949944,152.28074300000003,200807,-48.33079900000003
LA-CH,200808,2,persistence,reference_r4,112.642802,107.413113,200807,5.229689000000008
LA-CH,200809,3,persistence,reference_r4,73.553239,97.89054500000005,200807,-24.33730600000004
LA-CH,200810,1,persistence,reference_r4,31.000921000000005,39.03426499999999,200810,-8.033343999999985
LA-CH,200811,2,persistence,reference_r4,58.287541,31.229738000000005,200810,27.057802999999993
LA-CH,200812,3,persistence,reference_r4,74.65110700000001,23.29909,200810,51.35201700000001
LA-CH,200901,1,persistence,reference_r4,28.518953000000003,10.072936,200901,18.446017000000005
LA-CH,200902,2,persistence,reference_r4,18.940767,21.8343,200901,-2.893532999999998
LA-CH,200903,3,persistence,reference_r4,16.500345000000003,19.61551,200901,-3.1151649999999975
LA-CH,200904,1,persistence,reference_r4,28.357396,33.850481,200904,-5.493085000000001
LA-CH,200905,2,persistence,reference_r4,10.360133000000005,113.452631,200904,-103.09249799999999
LA-CH,200906,3,persistence,reference_r4,41.64690100000001,104.28112099999998,200904,-62.63421999999998
LA-CH,200907,1,persistence,reference_r4,7.347732000000001,134.37653700000004,200907,-127.02880500000003
LA-CH,200908,2,persistence,reference_r4,14.241996999999998,69.55106799999999,200907,-55.30907099999999
LA-CH,200909,3,persistence,reference_r4,20.237556,92.54687199999998,200907,-72.30931599999998
LA-CH,200910,1,persistence,reference_r4,31.559768,25.25679799999999,200910,6.302970000000009
LA-CH,200911,2,persistence,reference_r4,48.322561,32.12721599999999,200910,16.19534500000001
LA-CH,200912,3,persistence,reference_r4,48.408425,22.668425000000006,200910,25.739999999999995
LA-HO,200801,1,persistence,reference_r4,0.8303219999999999,0.0014699999999999,200801,0.828852
LA-HO,200802,2,persistence,reference_r4,0.8292019999999999,0.0008,200801,0.8284019999999999
LA-HO,200803,3,persistence,reference_r4,0.820377,0.0083209999999999,200801,0.8120560000000001
LA-HO,200804,1,persistence,reference_r4,0.0149129999999999,0.0754859999999999,200804,-0.060573
LA-HO,200805,2,persistence,reference_r4,0.013793,0.029214,200804,-0.015421
LA-HO,200806,3,persistence,reference_r4,0.015768,0.04111,200804,-0.025342
LA-HO,200807,1,persistence,reference_r4,0.0149129999999999,0.017452,200807,-0.0025390000000000985
LA-HO,200808,2,persistence,reference_r4,0.013793,0.029633,200807,-0.01584
LA-HO,200809,3,persistence,reference_r4,0.809768,0.699445,200807,0.11032300000000006
LA-HO,200810,1,persistence,reference_r4,0.8303219999999999,0.0378869999999999,200810,0.792435
LA-HO,200811,2,persistence,reference_r4,0.8292019999999999,0.0039119999999999,200810,0.82529
LA-HO,200812,3,persistence,reference_r4,0.0263769999999999,0.90251,200810,-0.8761330000000002
LA-HO,200901,1,persistence,reference_r4,0.8303219999999999,0.0177589999999999,200901,0.812563
LA-HO,200902,2,persistence,reference_r4,0.8292019999999999,0.031102,200901,0.7980999999999999
LA-HO,200903,3,persistence,reference_r4,0.820377,0.0260769999999999,200901,0.7943000000000001
LA-HO,200904,1,persistence,reference_r4,0.0149129999999999,0.004588,200904,0.0103249999999999
LA-HO,200905,2,persistence,reference_r4,0.013793,0.015697,200904,-0.0019039999999999994
LA-HO,200906,3,persistence,reference_r4,0.015768,0.056411,200904,-0.040643
LA-HO,200907,1,persistence,reference_r4,0.0149129999999999,0.030348,200907,-0.0154350000000001
LA-HO,200908,2,persistence,reference_r4,0.013793,0.0473389999999999,200907,-0.0335459999999999
LA-HO,200909,3,persistence,reference_r4,0.809768,0.6984680000000001,200907,0.11129999999999995
LA-HO,200910,1,persistence,reference_r4,0.024322,0.662839,200910,-0.638517
LA-HO,200911,2,persistence,reference_r4,0.023202,0.8375619999999999,200910,-0.81436
LA-HO,200912,3,persistence,reference_r4,0.0263769999999999,0.946766,200910,-0.9203890000000001
LA-KH,200801,1,persistence,reference_r4,1.3149230000000005,0.714501,200801,0.6004220000000005
LA-KH,200802,2,persistence,reference_r4,2.0702239999999996,0.092607,200801,1.9776169999999995
LA-KH,200803,3,persistence,reference_r4,2.6522299999999994,0.082893,200801,2.5693369999999995
LA-KH,200804,1,persistence,reference_r4,1.3149230000000005,0.223202,200804,1.0917210000000006
LA-KH,200805,2,persistence,reference_r4,2.0702239999999996,0.2871020000000001,200804,1.7831219999999997
LA-KH,200806,3,persistence,reference_r4,3.0462299999999978,0.764748,200804,2.281481999999998
LA-KH,200807,1,persistence,reference_r4,2.403284000000001,1.567354,200807,0.8359300000000012
LA-KH,200808,2,persistence,reference_r4,2.5886239999999994,0.3899239999999999,200807,2.1986999999999997
LA-KH,200809,3,persistence,reference_r4,4.036038999999999,2.173718,200807,1.8623209999999988
LA-KH,200810,1,persistence,reference_r4,3.125885000000002,0.5320229999999997,200810,2.5938620000000023
LA-KH,200811,2,persistence,reference_r4,2.7576459999999976,1.6569960000000004,200810,1.1006499999999972
LA-KH,200812,3,persistence,reference_r4,2.9661490000000015,3.3211969999999997,200810,-0.35504799999999825
LA-KH,200901,1,persistence,reference_r4,3.713884999999999,0.0693589999999999,200901,3.644525999999999
LA-KH,200902,2,persistence,reference_r4,4.333645999999998,0.0199189999999999,200901,4.313726999999998
LA-KH,200903,3,persistence,reference_r4,3.796149,4.606771,200901,-0.810622
LA-KH,200904,1,persistence,reference_r4,4.995498000000001,0.733141,200904,4.2623570000000015
LA-KH,200905,2,persistence,reference_r4,2.422528,1.9357110000000004,200904,0.4868169999999994
LA-KH,200906,3,persistence,reference_r4,54.16718900000001,56.63577600000001,200904,-2.4685869999999994
LA-KH,200907,1,persistence,reference_r4,60.490204000000006,93.406632,200907,-32.916427999999996
LA-KH,200908,2,persistence,reference_r4,191.180325,233.69858699999995,200907,-42.518261999999936
LA-KH,200909,3,persistence,reference_r4,163.22992399999998,204.189474,200907,-40.95955000000001
LA-KH,200910,1,persistence,reference_r4,169.74701399999998,23.706958,200910,146.040056
LA-KH,200911,2,persistence,reference_r4,185.115734,18.997438,200910,166.11829600000002
LA-KH,200912,3,persistence,reference_r4,175.88018300000002,39.921343,200910,135.95884
LA-LM,200801,1,persistence,reference_r4,0.0063019999999999,4.900000000000043e-05,200801,0.006252999999999899
LA-LM,200802,2,persistence,reference_r4,0.007978,0.0001209999999999,200801,0.0078570000000001
LA-LM,200803,3,persistence,reference_r4,0.008063,8.999999999999894e-06,200801,0.008054
LA-LM,200804,1,persistence,reference_r4,0.0063019999999999,0.002634,200804,0.0036679999999998996
LA-LM,200805,2,persistence,reference_r4,0.007978,0.014295,200804,-0.006317
LA-LM,200806,3,persistence,reference_r4,0.008063,0.014439,200804,-0.006376
LA-LM,200807,1,persistence,reference_r4,0.0063019999999999,0.0521979999999999,200807,-0.045896
LA-LM,200808,2,persistence,reference_r4,0.007978,0.060857,200807,-0.052879
LA-LM,200809,3,persistence,reference_r4,0.008063,0.054152,200807,-0.046089
LA-LM,200810,1,persistence,reference_r4,0.0063019999999999,0.0209509999999999,200810,-0.014649
LA-LM,200811,2,persistence,reference_r4,0.007978,0.0014839999999999,200810,0.0064940000000001
LA-LM,200812,3,persistence,reference_r4,0.008063,0.0004889999999999,200810,0.007574000000000101
LA-LM,200901,1,persistence,reference_r4,0.0063019999999999,0.000148,200901,0.0061539999999999
LA-LM,200902,2,persistence,reference_r4,0.007978,0.0001229999999999,200901,0.007855000000000101
LA-LM,200903,3,persistence,reference_r4,0.008063,0.0004,200901,0.0076630000000000005
LA-LM,200904,1,persistence,reference_r4,0.880302,0.885562,200904,-0.005259999999999931
LA-LM,200905,2,persistence,reference_r4,0.007978,0.0097769999999999,200904,-0.0017989999999998996
LA-LM,200906,3,persistence,reference_r4,1.770063,1.607773,200904,0.16229000000000005
LA-LM,200907,1,persistence,reference_r4,0.886035,0.53278,200907,0.353255
LA-LM,200908,2,persistence,reference_r4,1.777203,0.9600540000000004,200907,0.8171489999999997
LA-LM,200909,3,persistence,reference_r4,1.777288,1.731647,200907,0.04564100000000004
LA-LM,200910,1,persistence,reference_r4,0.8865399999999999,2.521898,200910,-1.6353580000000003
LA-LM,200911,2,persistence,reference_r4,1.7778919999999998,4.594981,200910,-2.817089
LA-LM,200912,3,persistence,reference_r4,0.016045,3.4129810000000003,200910,-3.396936
LA-LP,200801,1,persistence,reference_r4,3.4616930000000004,0.8406849999999999,200801,2.6210080000000007
LA-LP,200802,2,persistence,reference_r4,6.91244,14.436775,200801,-7.524335000000001
LA-LP,200803,3,persistence,reference_r4,10.133757,20.520566,200801,-10.386809
LA-LP,200804,1,persistence,reference_r4,7.587196,10.313024,200804,-2.725828000000001
LA-LP,200805,2,persistence,reference_r4,77.70587800000001,56.644504999999995,200804,21.061373000000017
LA-LP,200806,3,persistence,reference_r4,116.670978,71.244304,200804,45.426674000000006
LA-LP,200807,1,persistence,reference_r4,129.93954599999998,127.62943,200807,2.3101159999999794
LA-LP,200808,2,persistence,reference_r4,128.21567000000002,127.478098,200807,0.7375720000000143
LA-LP,200809,3,persistence,reference_r4,124.816253,98.56257000000002,200807,26.25368299999998
LA-LP,200810,1,persistence,reference_r4,13.347094,30.75604,200810,-17.408946
LA-LP,200811,2,persistence,reference_r4,84.94253,54.792125,200810,30.150405000000006
LA-LP,200812,3,persistence,reference_r4,124.888534,127.98233,200810,-3.0937959999999975
LA-LP,200901,1,persistence,reference_r4,146.497715,7.689912,200901,138.807803
LA-LP,200902,2,persistence,reference_r4,141.643959,6.906652999999999,200901,134.737306
LA-LP,200903,3,persistence,reference_r4,139.126542,13.978636000000002,200901,125.147906
LA-LP,200904,1,persistence,reference_r4,1.1242739999999998,16.111219,200904,-14.986944999999999
LA-LP,200905,2,persistence,reference_r4,1.711145,39.30815199999999,200904,-37.59700699999999
LA-LP,200906,3,persistence,reference_r4,5.2004459999999995,73.4023,200904,-68.201854
LA-LP,200907,1,persistence,reference_r4,14.802083,22.201534,200907,-7.399450999999999
LA-LP,200908,2,persistence,reference_r4,15.036039,22.172237,200907,-7.1361979999999985
LA-LP,200909,3,persistence,reference_r4,278.002476,302.732747,200907,-24.730271000000016
LA-LP,200910,1,persistence,reference_r4,133.848548,96.844043,200910,37.004504999999995
LA-LP,200911,2,persistence,reference_r4,204.57629,57.320173,200910,147.25611700000002
LA-LP,200912,3,persistence,reference_r4,288.208892,2.8652949999999997,200910,285.343597
LA-OU,200801,1,persistence,reference_r4,0.0060349999999999,0.0007369999999999,200801,0.005298
LA-OU,200802,2,persistence,reference_r4,0.004123,1.600000000000039e-05,200801,0.0041069999999999995
LA-OU,200803,3,persistence,reference_r4,0.0080099999999999,2.700000000000011e-05,200801,0.0079829999999999
LA-OU,200804,1,persistence,reference_r4,0.0060349999999999,0.004235,200804,0.0017999999999998998
LA-OU,200805,2,persistence,reference_r4,0.004123,0.0094439999999999,200804,-0.0053209999999999005
LA-OU,200806,3,persistence,reference_r4,0.0080099999999999,0.0234419999999999,200804,-0.015432000000000001
LA-OU,200807,1,persistence,reference_r4,0.0060349999999999,0.0711349999999999,200807,-0.0651
LA-OU,200808,2,persistence,reference_r4,0.004123,0.0754989999999999,200807,-0.0713759999999999
LA-OU,200809,3,persistence,reference_r4,0.0080099999999999,0.053435,200807,-0.045425000000000104
LA-OU,200810,1,persistence,reference_r4,0.0060349999999999,0.0139709999999999,200810,-0.007936
LA-OU,200811,2,persistence,reference_r4,0.004123,0.002721,200810,0.001402
LA-OU,200812,3,persistence,reference_r4,0.0080099999999999,0.0008,200810,0.007209999999999899
LA-OU,200901,1,persistence,reference_r4,0.0060349999999999,0.000629,200901,0.0054059999999999
LA-OU,200902,2,persistence,reference_r4,0.004123,0.0002589999999999,200901,0.0038640000000001
LA-OU,200903,3,persistence,reference_r4,0.0080099999999999,0.0003709999999999,200901,0.007638999999999999
LA-OU,200904,1,persistence,reference_r4,0.0060349999999999,0.0049079999999999,200904,0.0011269999999999995
LA-OU,200905,2,persistence,reference_r4,0.004123,0.016307,200904,-0.012183999999999999
LA-OU,200906,3,persistence,reference_r4,0.0080099999999999,0.048014,200904,-0.0400040000000001
LA-OU,200907,1,persistence,reference_r4,0.0060349999999999,0.0786009999999999,200907,-0.07256599999999999
LA-OU,200908,2,persistence,reference_r4,0.886123,0.570813,200907,0.31531
LA-OU,200909,3,persistence,reference_r4,14.71601,13.914119,200907,0.8018910000000012
LA-OU,200910,1,persistence,reference_r4,8.76207,2.920085,200910,5.841984999999999
LA-OU,200911,2,persistence,reference_r4,1.848246,11.03346,200910,-9.185214
LA-OU,200912,3,persistence,reference_r4,2.7500199999999997,17.165494000000002,200910,-14.415474000000003
LA-PH,200901,1,persistence,reference_r4,0.0002559999999999,0.018418,200901,-0.0181620000000001
LA-PH,200902,2,persistence,reference_r4,0.0002559999999999,0.022733,200901,-0.0224770000000001
LA-PH,200903,3,persistence,reference_r4,0.0003239999999999,0.025421,200901,-0.0250970000000001
LA-PH,200904,1,persistence,reference_r4,0.0002559999999999,0.003866,200904,-0.0036100000000001
LA-PH,200905,2,persistence,reference_r4,0.0002559999999999,0.014172,200904,-0.0139160000000001
LA-PH,200906,3,persistence,reference_r4,0.0003239999999999,0.045493,200904,-0.0451690000000001
LA-PH,200907,1,persistence,reference_r4,0.0002559999999999,0.0229209999999999,200907,-0.022665
LA-PH,200909,3,persistence,reference_r4,0.0003239999999999,0.031828,200907,-0.0315040000000001
LA-PH,200910,1,persistence,reference_r4,0.0002559999999999,0.0106709999999999,200910,-0.010414999999999999
LA-PH,200911,2,persistence,reference_r4,0.0002559999999999,0.002538,200910,-0.0022820000000001
LA-PH,200912,3,persistence,reference_r4,0.0003239999999999,0.000584,200910,-0.0002600000000001
LA-SL,200801,1,persistence,reference_r4,5.888300000000001,0.9600799999999996,200801,4.928220000000001
LA-SL,200802,2,persistence,reference_r4,4.932642,0.391243,200801,4.541399
LA-SL,200803,3,persistence,reference_r4,1.538814,3.744385,200801,-2.205571
LA-SL,200804,1,persistence,reference_r4,2.4083299999999994,1.0278949999999996,200804,1.3804349999999999
LA-SL,200805,2,persistence,reference_r4,94.771065,92.982289,200804,1.7887759999999986
LA-SL,200806,3,persistence,reference_r4,215.529118,192.681717,200804,22.84740100000002
LA-SL,200807,1,persistence,reference_r4,144.638988,50.50957200000002,200807,94.12941599999999
LA-SL,200808,2,persistence,reference_r4,157.654794,55.077301000000006,200807,102.577493
LA-SL,200809,3,persistence,reference_r4,135.591742,45.82262,200807,89.76912200000001
LA-SL,200810,1,persistence,reference_r4,5.024252000000001,28.25725,200810,-23.232998
LA-SL,200811,2,persistence,reference_r4,59.913664,11.517498999999994,200810,48.396165
LA-SL,200812,3,persistence,reference_r4,72.336984,7.012841999999999,200810,65.324142
LA-SL,200901,1,persistence,reference_r4,5.890064000000001,1.5871,200901,4.302964000000001
LA-SL,200902,2,persistence,reference_r4,14.107243,19.056107,200901,-4.948864
LA-SL,200903,3,persistence,reference_r4,14.945415000000002,12.500069,200901,2.4453460000000025
LA-SL,200904,1,persistence,reference_r4,5.018927,6.748847999999999,200904,-1.7299209999999992
LA-SL,200905,2,persistence,reference_r4,91.851327,36.451201,200904,55.400126
LA-SL,200906,3,persistence,reference_r4,14.970665,44.595457999999994,200904,-29.624792999999993
LA-SL,200907,1,persistence,reference_r4,118.6355,54.419464000000005,200907,64.21603599999999
LA-SL,200908,2,persistence,reference_r4,80.18723700000001,47.098408999999975,200907,33.088828000000035
LA-SL,200909,3,persistence,reference_r4,45.277277,42.509049000000005,200907,2.7682279999999935
LA-SL,200910,1,persistence,reference_r4,2.434636,30.813571000000003,200910,-28.378935000000002
LA-SL,200911,2,persistence,reference_r4,43.493157999999994,16.131958000000004,200910,27.36119999999999
LA-SL,200912,3,persistence,reference_r4,69.439998,9.186626999999998,200910,60.253371
LA-SV,200801,1,persistence,reference_r4,4.8442229999999995,4.498469,200801,0.34575399999999945
LA-SV,200802,2,persistence,reference_r4,8.673057,0.9357829999999998,200801,7.737274
LA-SV,200803,3,persistence,reference_r4,12.976107,0.4320459999999999,200801,12.544061000000001
LA-SV,200804,1,persistence,reference_r4,5.031711999999999,1.270896,200804,3.760815999999999
LA-SV,200805,2,persistence,reference_r4,8.798821000000004,1.211938,200804,7.586883000000004
LA-SV,200806,3,persistence,reference_r4,14.938783,4.382397000000001,200804,10.556386
LA-SV,200807,1,persistence,reference_r4,5.993041000000005,4.131303000000001,200807,1.8617380000000043
LA-SV,200808,2,persistence,reference_r4,11.269002999999998,5.728318999999999,200807,5.540683999999999
LA-SV,200809,3,persistence,reference_r4,16.011347999999998,7.445155,200807,8.566192999999998
LA-SV,200810,1,persistence,reference_r4,7.473481,3.352323,200810,4.121157999999999
LA-SV,200811,2,persistence,reference_r4,8.967742000000001,0.7557459999999998,200810,8.211996000000001
LA-SV,200812,3,persistence,reference_r4,13.509918999999996,0.507585,200810,13.002333999999996
LA-SV,200901,1,persistence,reference_r4,4.710222999999999,0.0714229999999999,200901,4.638799999999999
LA-SV,200902,2,persistence,reference_r4,8.589056999999997,0.0220509999999999,200901,8.567005999999997
LA-SV,200903,3,persistence,reference_r4,12.924106999999992,0.159238,200901,12.764868999999992
LA-SV,200904,1,persistence,reference_r4,4.710222999999999,0.163736,200904,4.546486999999999
LA-SV,200905,2,persistence,reference_r4,8.589056999999997,1.009451,200904,7.5796059999999965
LA-SV,200906,3,persistence,reference_r4,12.976107,1.3927969999999994,200904,11.58331
LA-SV,200907,1,persistence,reference_r4,9.081712000000003,10.228096,200907,-1.1463839999999976
LA-SV,200908,2,persistence,reference_r4,21.414821000000003,31.001547,200907,-9.586725999999995
LA-SV,200909,3,persistence,reference_r4,29.858783000000003,45.253779,200907,-15.394995999999999
LA-SV,200910,1,persistence,reference_r4,22.608721999999993,5.458602999999999,200910,17.150118999999993
LA-SV,200911,2,persistence,reference_r4,17.216891000000004,23.912272,200910,-6.695380999999998
LA-SV,200912,3,persistence,reference_r4,33.27619299999999,1.481372,200910,31.794820999999992
LA-VT,200801,1,persistence,reference_r4,43.562509000000006,11.401864000000003,200801,32.160645
LA-VT,200802,2,persistence,reference_r4,53.531439000000006,4.149587,200801,49.38185200000001
LA-VT,200803,3,persistence,reference_r4,53.29954199999999,17.373132,200801,35.92640999999999
LA-VT,200804,1,persistence,reference_r4,17.354836999999996,17.547157,200804,-0.19232000000000227
LA-VT,200805,2,persistence,reference_r4,23.829443999999995,21.381164,200804,2.448279999999997
LA-VT,200806,3,persistence,reference_r4,34.40855599999999,100.48202199999996,200804,-66.07346599999997
LA-VT,200807,1,persistence,reference_r4,44.285051,73.79979099999997,200807,-29.514739999999968
LA-VT,200808,2,persistence,reference_r4,49.550028999999995,76.60299900000001,200807,-27.052970000000016
LA-VT,200809,3,persistence,reference_r4,57.28912399999999,65.094492,200807,-7.805368000000016
LA-VT,200810,1,persistence,reference_r4,40.699749,28.02839300000001,200810,12.671355999999989
LA-VT,200811,2,persistence,reference_r4,36.577603,72.404301,200810,-35.826698
LA-VT,200812,3,persistence,reference_r4,56.08934400000001,56.745242999999995,200810,-0.6558989999999838
LA-VT,200901,1,persistence,reference_r4,33.955966000000004,20.171851,200901,13.784115000000003
LA-VT,200902,2,persistence,reference_r4,46.578158000000016,12.639136,200901,33.939022000000016
LA-VT,200903,3,persistence,reference_r4,52.60918800000002,5.874108999999999,200901,46.73507900000002
LA-VT,200904,1,persistence,reference_r4,14.502862999999998,11.915551,200904,2.587311999999997
LA-VT,200905,2,persistence,reference_r4,26.674568000000008,88.11757200000002,200904,-61.443004000000016
LA-VT,200906,3,persistence,reference_r4,45.832223,205.6236269999999,200904,-159.79140399999991
LA-VT,200907,1,persistence,reference_r4,142.69739800000002,129.80826100000002,200907,12.889137000000005
LA-VT,200908,2,persistence,reference_r4,166.135237,110.477505,200907,55.657731999999996
LA-VT,200909,3,persistence,reference_r4,238.83145099999996,136.618265,200907,102.21318599999995
LA-VT,200910,1,persistence,reference_r4,37.81561000000001,233.742105,200910,-195.926495
LA-VT,200911,2,persistence,reference_r4,44.86481699999999,330.77016100000003,200910,-285.905344
LA-VT,200912,3,persistence,reference_r4,73.67705999999998,258.32397000000003,200910,-184.64691000000005
LA-XA,200801,1,persistence,reference_r4,1.370140000000001,0.9189230000000002,200801,0.45121700000000087
LA-XA,200802,2,persistence,reference_r4,1.726794,0.242623,200801,1.484171
LA-XA,200803,3,persistence,reference_r4,2.4291660000000004,0.1424059999999999,200801,2.2867600000000006
LA-XA,200804,1,persistence,reference_r4,0.9566909999999992,0.069886,200804,0.8868049999999992
LA-XA,200805,2,persistence,reference_r4,2.003665,1.187379,200804,0.8162859999999998
LA-XA,200806,3,persistence,reference_r4,4.741557,4.270967000000001,200804,0.4705899999999996
LA-XA,200807,1,persistence,reference_r4,9.660272,9.662997999999998,200807,-0.0027259999999973417
LA-XA,200808,2,persistence,reference_r4,1.9991069999999984,2.4522980000000003,200807,-0.4531910000000019
LA-XA,200809,3,persistence,reference_r4,4.655937,0.9251850000000004,200807,3.7307519999999994
LA-XA,200810,1,persistence,reference_r4,1.8581400000000008,1.1527489999999996,200810,0.7053910000000012
LA-XA,200811,2,persistence,reference_r4,1.726794,0.65151,200810,1.075284
LA-XA,200812,3,persistence,reference_r4,2.223166000000001,0.3937969999999999,200810,1.829369000000001
LA-XA,200901,1,persistence,reference_r4,1.370140000000001,0.095914,200901,1.274226000000001
LA-XA,200902,2,persistence,reference_r4,1.726794,0.055453,200901,1.671341
LA-XA,200903,3,persistence,reference_r4,2.4291660000000004,0.224484,200901,2.2046820000000005
LA-XA,200904,1,persistence,reference_r4,0.9566909999999992,0.2296639999999999,200904,0.7270269999999993
LA-XA,200905,2,persistence,reference_r4,1.5876649999999994,0.5784950000000002,200904,1.0091699999999992
LA-XA,200906,3,persistence,reference_r4,9.675557,7.183929,200904,2.4916279999999995
LA-XA,200907,1,persistence,reference_r4,2.7803690000000003,4.260052999999999,200907,-1.479683999999999
LA-XA,200908,2,persistence,reference_r4,17.094084000000002,26.107709,200907,-9.013624999999998
LA-XA,200909,3,persistence,reference_r4,3.863987999999999,4.267123,200907,-0.4031350000000007
LA-XA,200910,1,persistence,reference_r4,4.720613,2.8570139999999995,200910,1.8635990000000007
LA-XA,200911,2,persistence,reference_r4,4.825930999999999,1.4497869999999995,200910,3.376143999999999
LA-XA,200912,3,persistence,reference_r4,8.469738999999999,0.981279,200910,7.488459999999999
LA-XE,200801,1,persistence,reference_r4,0.6979409999999999,0.0147789999999999,200801,0.683162
LA-XE,200802,2,persistence,reference_r4,0.6954600000000001,0.0047719999999999,200801,0.6906880000000002
LA-XE,200803,3,persistence,reference_r4,0.6880539999999999,0.002709,200801,0.685345
LA-XE,200804,1,persistence,reference_r4,0.067505,0.0218329999999999,200804,0.045672000000000094
LA-XE,200805,2,persistence,reference_r4,0.0713599999999999,0.044604,200804,0.026755999999999898
LA-XE,200806,3,persistence,reference_r4,4.053398,4.019584,200804,0.03381399999999957
LA-XE,200807,1,persistence,reference_r4,4.160576,0.765496,200807,3.39508
LA-XE,200808,2,persistence,reference_r4,4.131926999999999,1.0088939999999995,200807,3.1230329999999995
LA-XE,200809,3,persistence,reference_r4,3.2153919999999996,0.691745,200807,2.5236469999999995
LA-XE,200810,1,persistence,reference_r4,0.6979409999999999,0.402077,200810,0.2958639999999999
LA-XE,200811,2,persistence,reference_r4,0.6954600000000001,0.1259199999999999,200810,0.5695400000000002
LA-XE,200812,3,persistence,reference_r4,0.120054,0.6113390000000001,200810,-0.4912850000000001
LA-XE,200901,1,persistence,reference_r4,0.6979409999999999,0.005649,200901,0.6922919999999999
LA-XE,200902,2,persistence,reference_r4,0.6954600000000001,1.845126,200901,-1.1496659999999999
LA-XE,200903,3,persistence,reference_r4,0.6880539999999999,1.71168,200901,-1.0236260000000001
LA-XE,200904,1,persistence,reference_r4,0.71307,0.392333,200904,0.320737
LA-XE,200905,2,persistence,reference_r4,0.132101,0.7663539999999998,200904,-0.6342529999999997
LA-XE,200906,3,persistence,reference_r4,6.022938,4.397445,200904,1.6254929999999996
LA-XE,200907,1,persistence,reference_r4,19.060946,18.682204,200907,0.3787420000000026
LA-XE,200908,2,persistence,reference_r4,16.974494,15.312984,200907,1.6615099999999998
LA-XE,200909,3,persistence,reference_r4,2.3166710000000004,1.859451,200907,0.4572200000000004
LA-XE,200910,1,persistence,reference_r4,0.722745,2.599609000000001,200910,-1.876864000000001
LA-XE,200911,2,persistence,reference_r4,2.3122510000000003,9.82727,200910,-7.515019000000001
LA-XE,200912,3,persistence,reference_r4,0.713921,8.447125999999997,200910,-7.733204999999997
LA-XI,200801,1,persistence,reference_r4,0.000689,0.000445,200801,0.00024400000000000008
LA-XI,200802,2,persistence,reference_r4,0.000689,4.99999999999997e-05,200801,0.0006390000000000004
LA-XI,200803,3,persistence,reference_r4,0.000757,0.000226,200801,0.000531
LA-XI,200804,1,persistence,reference_r4,0.000689,0.0056789999999999,200804,-0.0049899999999999
LA-XI,200805,2,persistence,reference_r4,0.000689,0.001605,200804,-0.000916
LA-XI,200806,3,persistence,reference_r4,0.948757,0.806752,200804,0.14200499999999994
LA-XI,200807,1,persistence,reference_r4,0.951314,0.1194239999999999,200807,0.8318900000000001
LA-XI,200808,2,persistence,reference_r4,0.951314,0.1384029999999999,200807,0.8129110000000002
LA-XI,200809,3,persistence,reference_r4,0.949433,0.130684,200807,0.818749
LA-XI,200810,1,persistence,reference_r4,0.000689,0.049725,200810,-0.049035999999999996
LA-XI,200811,2,persistence,reference_r4,0.000689,0.0093689999999999,200810,-0.0086799999999999
LA-XI,200812,3,persistence,reference_r4,0.000757,0.0045739999999999,200810,-0.0038169999999999003
LA-XI,200901,1,persistence,reference_r4,0.000689,0.000507,200901,0.0001820000000000001
LA-XI,200902,2,persistence,reference_r4,0.000689,0.001228,200901,-0.0005389999999999999
LA-XI,200903,3,persistence,reference_r4,0.000757,0.0013999999999999,200901,-0.0006429999999999
LA-XI,200904,1,persistence,reference_r4,0.000689,0.0011879999999999,200904,-0.0004989999999999
LA-XI,200905,2,persistence,reference_r4,38.934689,38.891821,200904,0.042867999999998574
LA-XI,200906,3,persistence,reference_r4,32.93075700000001,32.716731,200904,0.21402600000000405
LA-XI,200907,1,persistence,reference_r4,31.935378,12.887232999999998,200907,19.048145
LA-XI,200908,2,persistence,reference_r4,22.935378,11.848004999999995,200907,11.087373000000005
LA-XI,200909,3,persistence,reference_r4,32.931514,15.407272,200907,17.524242
LA-XI,200910,1,persistence,reference_r4,0.000689,13.131773999999997,200910,-13.131084999999997
LA-XI,200911,2,persistence,reference_r4,0.000689,5.687959000000001,200910,-5.687270000000001
LA-XI,200912,3,persistence,reference_r4,0.000757,2.538564,200910,-2.537807
