location,time_period,horizon_distance,model,against,crps_model,crps_against,split_first_period,diff
LA-AT,200801,1,ensemble,reference,3.3959930000000003,2.8567205,200801,0.5392725
LA-AT,200802,2,ensemble,reference,1.510919,1.2271735,200801,0.2837455
LA-AT,200803,3,ensemble,reference,0.026809,0.07830275,200801,-0.051493750000000005
LA-AT,200804,1,ensemble,reference,0.059353,0.50567575,200804,-0.44632275
LA-AT,200805,2,ensemble,reference,3.198659,1.56358275,200804,1.6350762500000002
LA-AT,200806,3,ensemble,reference,8.515454,4.13374575,200804,4.38170825
LA-AT,200807,1,ensemble,reference,3.6834890000000007,3.5250217500000014,200807,0.15846724999999928
LA-AT,200808,2,ensemble,reference,7.667672,6.766005999999999,200807,0.9016660000000005
LA-AT,200809,3,ensemble,reference,17.251327,17.3033775,200807,-0.0520505
LA-AT,200810,1,ensemble,reference,34.345468999999994,30.770417750000004,200810,3.5750512499999907
LA-AT,200811,2,ensemble,reference,33.811591,33.719483249999996,200810,0.09210775000000382
LA-AT,200812,3,ensemble,reference,15.907208,17.15468825,200810,-1.2474802499999988
LA-AT,200901,1,ensemble,reference,10.92326,8.29974025,200901,2.6235197500000016
LA-AT,200902,2,ensemble,reference,35.539972999999996,38.76478525,200901,-3.2248122500000065
LA-AT,200903,3,ensemble,reference,65.984555,58.79363725,200901,7.190917749999997
LA-AT,200904,1,ensemble,reference,68.714011,50.53175225,200904,18.182258750000003
LA-AT,200905,2,ensemble,reference,3.5279560000000014,48.4498705,200904,-44.9219145
LA-AT,200906,3,ensemble,reference,13.597899000000002,39.38997125,200904,-25.79207225
LA-AT,200907,1,ensemble,reference,57.691561,48.98766975,200907,8.703891249999998
LA-AT,200908,2,ensemble,reference,16.912423,14.9626135,200907,1.9498095000000006
LA-AT,200909,3,ensemble,reference,11.397989,10.2212285,200907,1.1767605000000003
LA-AT,200910,1,ensemble,reference,2.954942000000001,6.4422120000000005,200910,-3.4872699999999996
LA-AT,200911,2,ensemble,reference,12.240948,6.16758375,200910,6.073364249999999
LA-AT,200912,3,ensemble,reference,3.9774569999999994,5.693875249999999,200910,-1.7164182499999994
LA-BK,200801,1,ensemble,reference,0.6667500000000001,0.95601925,200801,-0.2892692499999999
LA-BK,200802,2,ensemble,reference,0.039221,4.6500000000000046e-05,200801,0.0391745
LA-BK,200803,3,ensemble,reference,0.04577,2.8000000000000247e-05,200801,0.045742
LA-BK,200804,1,ensemble,reference,0.0562489999999999,0.0264175,200804,0.029831499999999903
LA-BK,200805,2,ensemble,reference,11.04588,10.713214999999998,200804,0.3326650000000022
LA-BK,200806,3,ensemble,reference,51.642547,50.8679235,200804,0.774623499999997
LA-BK,200807,1,ensemble,reference,0.9982129999999998,1.96930125,200807,-0.9710882500000002
LA-BK,200808,2,ensemble,reference,6.354260999999999,5.856817999999999,200807,0.4974430000000005
LA-BK,200809,3,ensemble,reference,27.152350999999996,21.43587975,200807,5.716471249999994
LA-BK,200810,1,ensemble,reference,40.554911,21.940763500000003,200810,18.614147499999994
LA-BK,200811,2,ensemble,reference,49.920087,47.66615875,200810,2.2539282500000013
LA-BK,200812,3,ensemble,reference,3.998274,2.97199575,200810,1.0262782499999998
LA-BK,200901,1,ensemble,reference,0.551415,0.45439075,200901,0.09702424999999998
LA-BK,200902,2,ensemble,reference,0.2147279999999998,0.30116375,200901,-0.0864357500000002
LA-BK,200903,3,ensemble,reference,0.5537159999999999,0.6673817500000001,200901,-0.11366575000000023
LA-BK,200904,1,ensemble,reference,2.115465,1.287469,200904,0.827996
LA-BK,200905,2,ensemble,reference,71.998638,43.308491,200904,28.690147000000003
LA-BK,200906,3,ensemble,reference,209.873897,146.54898674999998,200904,63.324910250000016
LA-BK,200907,1,ensemble,reference,178.663678,188.15685825,200907,-9.493180249999995
LA-BK,200908,2,ensemble,reference,92.736919,90.8190615,200907,1.9178574999999967
LA-BK,200909,3,ensemble,reference,39.855599000000005,38.901625249999995,200907,0.9539737500000101
LA-BK,200910,1,ensemble,reference,20.774366,20.581325999999997,200910,0.19304000000000343
LA-BK,200911,2,ensemble,reference,3.3781370000000006,12.810468749999998,200910,-9.432331749999998
LA-BK,200912,3,ensemble,reference,2.953804999999999,4.833049750000001,200910,-1.8792447500000016
LA-BL,200801,1,ensemble,reference,5.591942999999999,5.3708495,200801,0.2210934999999985
LA-BL,200802,2,ensemble,reference,3.4293129999999996,5.84484275,200801,-2.41552975
LA-BL,200803,3,ensemble,reference,0.90268,0.42230275,200801,0.48037725000000003
LA-BL,200804,1,ensemble,reference,1.6409819999999993,1.6217134999999998,200804,0.019268499999999467
LA-BL,200805,2,ensemble,reference,5.931877999999999,6.6790910000000006,200804,-0.7472130000000012
LA-BL,200806,3,ensemble,reference,7.866968,7.575282,200804,0.29168600000000033
LA-BL,200807,1,ensemble,reference,11.687502,20.087886249999997,200807,-8.400384249999997
LA-BL,200808,2,ensemble,reference,10.974128999999998,20.6089715,200807,-9.634842500000001
LA-BL,200809,3,ensemble,reference,11.195741999999996,18.523956,200807,-7.328214000000003
LA-BL,200810,1,ensemble,reference,12.360224000000002,9.729708250000002,200810,2.6305157500000007
LA-BL,200811,2,ensemble,reference,5.317799000000001,4.276498999999999,200810,1.0413000000000014
LA-BL,200812,3,ensemble,reference,4.479175999999999,0.9770205,200810,3.502155499999999
LA-BL,200901,1,ensemble,reference,0.8389099999999998,0.7456575000000001,200901,0.09325249999999974
LA-BL,200902,2,ensemble,reference,1.0475249999999998,1.68273325,200901,-0.6352082500000003
LA-BL,200903,3,ensemble,reference,1.048388,1.1302832499999995,200901,-0.08189524999999942
LA-BL,200904,1,ensemble,reference,1.4366730000000003,0.8048480000000001,200904,0.6318250000000002
LA-BL,200905,2,ensemble,reference,6.077254000000002,3.829161000000001,200904,2.248093000000001
LA-BL,200906,3,ensemble,reference,7.679383999999999,5.61813075,200904,2.061253249999999
LA-BL,200907,1,ensemble,reference,13.537304999999996,21.985704500000004,200907,-8.448399500000008
LA-BL,200908,2,ensemble,reference,11.332068000000003,6.174969249999998,200907,5.157098750000005
LA-BL,200909,3,ensemble,reference,14.621444000000004,4.862042999999998,200907,9.759401000000006
LA-BL,200910,1,ensemble,reference,5.435346999999998,5.49467175,200910,-0.059324750000001814
LA-BL,200911,2,ensemble,reference,3.861016000000001,2.1073274999999994,200910,1.7536885000000018
LA-BL,200912,3,ensemble,reference,1.0996110000000003,0.712077,200910,0.3875340000000004
LA-CH,200801,1,ensemble,reference,30.871327000000004,29.3396385,200801,1.531688500000005
LA-CH,200802,2,ensemble,reference,41.736225999999995,43.54995375,200801,-1.8137277500000053
LA-CH,200803,3,ensemble,reference,43.06991,50.399487500000006,200801,-7.329577500000006
LA-CH,200804,1,ensemble,reference,20.402334999999997,27.6368465,200804,-7.2345115000000035
LA-CH,200805,2,ensemble,reference,34.086164999999994,52.862192500000006,200804,-18.776027500000012
LA-CH,200806,3,ensemble,reference,138.83403099999998,122.0008095,200804,16.83322149999998
LA-CH,200807,1,ensemble,reference,50.316439,96.85658924999996,200807,-46.540150249999954
LA-CH,200808,2,ensemble,reference,49.26340300000001,88.99043875000001,200807,-39.72703575
LA-CH,200809,3,ensemble,reference,53.73576400000002,120.46265225,200807,-66.72688824999999
LA-CH,200810,1,ensemble,reference,39.621346,47.67266175,200810,-8.05131575
LA-CH,200811,2,ensemble,reference,32.280468,44.33711,200810,-12.056642000000004
LA-CH,200812,3,ensemble,reference,29.133590999999996,32.772664750000004,200810,-3.6390737500000085
LA-CH,200901,1,ensemble,reference,11.289501,10.049703,200901,1.2397980000000004
LA-CH,200902,2,ensemble,reference,16.057015999999997,25.96861525,200901,-9.911599250000002
LA-CH,200903,3,ensemble,reference,18.754955,21.53617675,200901,-2.7812217500000003
LA-CH,200904,1,ensemble,reference,46.816311000000006,36.957363,200904,9.858948000000005
LA-CH,200905,2,ensemble,reference,18.959157000000005,75.32216250000002,200904,-56.363005500000014
LA-CH,200906,3,ensemble,reference,39.770465,79.6897195,200904,-39.919254499999994
LA-CH,200907,1,ensemble,reference,40.16368700000001,71.15796999999995,200907,-30.99428299999994
LA-CH,200908,2,ensemble,reference,33.314569999999975,65.9228705,200907,-32.60830050000003
LA-CH,200909,3,ensemble,reference,29.85857,61.406306249999965,200907,-31.547736249999964
LA-CH,200910,1,ensemble,reference,21.111970999999997,20.148328999999997,200910,0.9636420000000001
LA-CH,200911,2,ensemble,reference,17.432050000000004,16.137065750000005,200910,1.2949842499999988
LA-CH,200912,3,ensemble,reference,17.541683,12.705397,200910,4.836285999999999
LA-HO,200801,1,ensemble,reference,0.092032,0.0033932499999999,200801,0.0886387500000001
LA-HO,200802,2,ensemble,reference,0.0929209999999999,0.00093875,200801,0.0919822499999999
LA-HO,200803,3,ensemble,reference,0.1034039999999999,0.0085314999999999,200801,0.0948725
LA-HO,200804,1,ensemble,reference,0.0377649999999999,0.013471,200804,0.024293999999999902
LA-HO,200805,2,ensemble,reference,0.0381969999999999,0.022683,200804,0.0155139999999999
LA-HO,200806,3,ensemble,reference,0.081076,0.03302,200804,0.048055999999999995
LA-HO,200807,1,ensemble,reference,0.118842,0.3769914999999997,200807,-0.2581494999999997
LA-HO,200808,2,ensemble,reference,0.0703129999999999,0.4492542499999994,200807,-0.3789412499999995
LA-HO,200809,3,ensemble,reference,0.6483469999999999,0.7446340000000005,200807,-0.09628700000000057
LA-HO,200810,1,ensemble,reference,0.153034,0.06861625,200810,0.08441775
LA-HO,200811,2,ensemble,reference,0.095291,0.00963075,200810,0.08566025
LA-HO,200812,3,ensemble,reference,0.4904329999999999,0.8974147499999999,200810,-0.40698175000000003
LA-HO,200901,1,ensemble,reference,0.093727,0.0162604999999999,200901,0.0774665000000001
LA-HO,200902,2,ensemble,reference,0.081531,0.0244919999999999,200901,0.057039000000000104
LA-HO,200903,3,ensemble,reference,0.0978069999999999,0.02520025,200901,0.07260674999999989
LA-HO,200904,1,ensemble,reference,0.035801,0.00536225,200904,0.03043875
LA-HO,200905,2,ensemble,reference,0.0343459999999999,0.011925,200904,0.0224209999999999
LA-HO,200906,3,ensemble,reference,0.0706559999999999,0.0431117499999999,200904,0.02754425
LA-HO,200907,1,ensemble,reference,0.1220319999999999,0.2975690000000003,200907,-0.1755370000000004
LA-HO,200908,2,ensemble,reference,0.0701309999999999,0.4700382500000002,200907,-0.3999072500000003
LA-HO,200909,3,ensemble,reference,0.64205,0.7268472499999997,200907,-0.08479724999999971
LA-HO,200910,1,ensemble,reference,0.507252,0.5777009999999999,200910,-0.07044899999999987
LA-HO,200911,2,ensemble,reference,0.5531800000000001,0.78325125,200910,-0.23007124999999984
LA-HO,200912,3,ensemble,reference,0.4841459999999999,0.87533575,200910,-0.39118975000000006
LA-KH,200801,1,ensemble,reference,0.4553739999999999,0.7769425,200801,-0.3215685000000001
LA-KH,200802,2,ensemble,reference,0.3032239999999999,0.0899645,200801,0.21325949999999988
LA-KH,200803,3,ensemble,reference,0.1658109999999999,0.08083225,200801,0.08497874999999991
LA-KH,200804,1,ensemble,reference,0.3438189999999999,0.50089525,200804,-0.15707625000000014
LA-KH,200805,2,ensemble,reference,1.2967359999999992,1.0987155,200804,0.19802049999999927
LA-KH,200806,3,ensemble,reference,3.657329999999998,2.6191885000000004,200804,1.0381414999999978
LA-KH,200807,1,ensemble,reference,9.885990999999995,4.206672750000001,200807,5.679318249999994
LA-KH,200808,2,ensemble,reference,10.352199,4.554646249999996,200807,5.797552750000005
LA-KH,200809,3,ensemble,reference,4.613610000000001,4.605022999999997,200807,0.008587000000003897
LA-KH,200810,1,ensemble,reference,3.3758230000000005,0.7503565,200810,2.6254665000000004
LA-KH,200811,2,ensemble,reference,1.6034230000000005,1.5314975000000002,200810,0.07192550000000031
LA-KH,200812,3,ensemble,reference,2.3214169999999994,3.205132,200810,-0.8837150000000005
LA-KH,200901,1,ensemble,reference,0.7514550000000004,0.0789115,200901,0.6725435000000004
LA-KH,200902,2,ensemble,reference,0.4784269999999999,0.0184859999999999,200901,0.459941
LA-KH,200903,3,ensemble,reference,3.558827,4.757184,200901,-1.1983569999999997
LA-KH,200904,1,ensemble,reference,0.5204570000000004,0.36157825,200904,0.1588787500000004
LA-KH,200905,2,ensemble,reference,3.4013779999999993,2.211093,200904,1.1902849999999994
LA-KH,200906,3,ensemble,reference,52.42411,64.847896,200904,-12.423786000000007
LA-KH,200907,1,ensemble,reference,100.333033,116.86190075,200907,-16.528867750000003
LA-KH,200908,2,ensemble,reference,215.314169,248.8047135,200907,-33.4905445
LA-KH,200909,3,ensemble,reference,215.478709,223.44451925,200907,-7.965810250000004
LA-KH,200910,1,ensemble,reference,48.19529700000001,43.194995,200910,5.000302000000012
LA-KH,200911,2,ensemble,reference,39.963654000000005,21.677693499999997,200910,18.28596050000001
LA-KH,200912,3,ensemble,reference,44.825227,29.364558,200910,15.460669
LA-LM,200801,1,ensemble,reference,0.0153019999999999,0.0001869999999999,200801,0.015115
LA-LM,200802,2,ensemble,reference,0.0241649999999999,6.124999999999989e-05,200801,0.0241037499999999
LA-LM,200803,3,ensemble,reference,0.03865,2.3000000000000346e-05,200801,0.038626999999999995
LA-LM,200804,1,ensemble,reference,0.022098,0.0076832499999999,200804,0.0144147500000001
LA-LM,200805,2,ensemble,reference,0.0312979999999999,0.0507185,200804,-0.019420500000000097
LA-LM,200806,3,ensemble,reference,0.031308,0.07468125,200804,-0.04337325
LA-LM,200807,1,ensemble,reference,0.0743319999999999,0.9505770000000008,200807,-0.8762450000000008
LA-LM,200808,2,ensemble,reference,0.071195,0.5011180000000002,200807,-0.42992300000000017
LA-LM,200809,3,ensemble,reference,0.0705629999999999,0.7134750000000003,200807,-0.6429120000000004
LA-LM,200810,1,ensemble,reference,0.085377,0.02528225,200810,0.060094749999999995
LA-LM,200811,2,ensemble,reference,0.046715,0.00321175,200810,0.04350325
LA-LM,200812,3,ensemble,reference,0.0166989999999999,0.0007694999999999,200810,0.015929500000000003
LA-LM,200901,1,ensemble,reference,0.020495,0.0001122499999999,200901,0.0203827500000001
LA-LM,200902,2,ensemble,reference,0.0223789999999999,0.0001109999999999,200901,0.022268
LA-LM,200903,3,ensemble,reference,0.0351389999999999,0.0004552499999999,200901,0.03468375
LA-LM,200904,1,ensemble,reference,0.752387,0.95552225,200904,-0.20313525
LA-LM,200905,2,ensemble,reference,0.0280679999999999,0.0038972499999999,200904,0.024170749999999998
LA-LM,200906,3,ensemble,reference,1.597872,1.775661,200904,-0.17778899999999997
LA-LM,200907,1,ensemble,reference,0.561564,0.93713525,200907,-0.37557125
LA-LM,200908,2,ensemble,reference,0.1593340000000001,1.1261882500000011,200907,-0.966854250000001
LA-LM,200909,3,ensemble,reference,2.775749,2.3978117500000007,200907,0.3779372499999991
LA-LM,200910,1,ensemble,reference,3.5029329999999996,2.75320575,200910,0.7497272499999998
LA-LM,200911,2,ensemble,reference,4.669093,4.56897925,200910,0.10011375000000022
LA-LM,200912,3,ensemble,reference,3.0347880000000007,3.36008825,200910,-0.3253002499999993
LA-LP,200801,1,ensemble,reference,0.9199670000000002,0.82532475,200801,0.09464225000000015
LA-LP,200802,2,ensemble,reference,11.4469,14.229039,200801,-2.782139000000001
LA-LP,200803,3,ensemble,reference,17.184066,20.42374125,200801,-3.2396752499999977
LA-LP,200804,1,ensemble,reference,25.303241,20.079706,200804,5.223534999999998
LA-LP,200805,2,ensemble,reference,102.073456,82.12704175,200804,19.94641424999999
LA-LP,200806,3,ensemble,reference,129.24167,104.643518,200804,24.598152
LA-LP,200807,1,ensemble,reference,9.345451000000011,9.964950000000002,200807,-0.6194989999999905
LA-LP,200808,2,ensemble,reference,8.975386,8.36418425,200807,0.6112017500000011
LA-LP,200809,3,ensemble,reference,8.462485000000008,8.916167,200807,-0.4536819999999917
LA-LP,200810,1,ensemble,reference,12.445035,17.1979405,200810,-4.752905500000001
LA-LP,200811,2,ensemble,reference,91.530426,107.752947,200810,-16.222521
LA-LP,200812,3,ensemble,reference,142.60368400000002,157.80555925,200810,-15.201875249999972
LA-LP,200901,1,ensemble,reference,7.405499999999996,7.926249,200901,-0.5207490000000039
LA-LP,200902,2,ensemble,reference,7.279920000000004,5.34566875,200901,1.9342512500000044
LA-LP,200903,3,ensemble,reference,7.780261000000003,12.5922905,200901,-4.812029499999998
LA-LP,200904,1,ensemble,reference,0.6652750000000003,11.6730205,200904,-11.007745499999999
LA-LP,200905,2,ensemble,reference,1.6827159999999992,34.6189255,200904,-32.936209500000004
LA-LP,200906,3,ensemble,reference,4.462852999999999,71.9808455,200904,-67.5179925
LA-LP,200907,1,ensemble,reference,10.598537999999998,20.95936,200907,-10.360822000000002
LA-LP,200908,2,ensemble,reference,12.488017999999997,21.068553,200907,-8.580535000000005
LA-LP,200909,3,ensemble,reference,260.697273,284.7330325,200907,-24.035759499999983
LA-LP,200910,1,ensemble,reference,117.787319,69.28776425,200910,48.49955475
LA-LP,200911,2,ensemble,reference,58.83092100000002,38.725323,200910,20.105598000000015
LA-LP,200912,3,ensemble,reference,5.761779000000004,6.0545695,200910,-0.2927904999999962
LA-OU,200801,1,ensemble,reference,0.0253519999999999,0.0009954999999999,200801,0.0243565
LA-OU,200802,2,ensemble,reference,0.022358,0.0001854999999999,200801,0.0221725000000001
LA-OU,200803,3,ensemble,reference,0.021876,6.374999999999979e-05,200801,0.02181225
LA-OU,200804,1,ensemble,reference,0.0213289999999999,0.021019,200804,0.00030999999999990063
LA-OU,200805,2,ensemble,reference,0.034417,0.0979922499999999,200804,-0.0635752499999999
LA-OU,200806,3,ensemble,reference,0.049472,0.169309,200804,-0.11983699999999999
LA-OU,200807,1,ensemble,reference,0.078994,1.9330165000000017,200807,-1.8540225000000017
LA-OU,200808,2,ensemble,reference,0.100287,1.27780225,200807,-1.17751525
LA-OU,200809,3,ensemble,reference,0.0664529999999999,1.5425357500000008,200807,-1.4760827500000009
LA-OU,200810,1,ensemble,reference,0.057176,0.0331582499999999,200810,0.024017750000000095
LA-OU,200811,2,ensemble,reference,0.034749,0.0057727499999999,200810,0.028976250000000103
LA-OU,200812,3,ensemble,reference,0.0172519999999999,0.00139925,200810,0.015852749999999898
LA-OU,200901,1,ensemble,reference,0.020531,0.0002072499999999,200901,0.020323750000000102
LA-OU,200902,2,ensemble,reference,0.0249159999999999,0.0001965,200901,0.0247194999999999
LA-OU,200903,3,ensemble,reference,0.0209159999999999,0.00056025,200901,0.0203557499999999
LA-OU,200904,1,ensemble,reference,0.018494,0.00090175,200904,0.01759225
LA-OU,200905,2,ensemble,reference,0.0371009999999999,0.0051239999999999,200904,0.031977
LA-OU,200906,3,ensemble,reference,0.045518,0.01647975,200904,0.02903825
LA-OU,200907,1,ensemble,reference,0.062363,1.7412692500000009,200907,-1.678906250000001
LA-OU,200908,2,ensemble,reference,0.658688,2.001218249999999,200907,-1.342530249999999
LA-OU,200909,3,ensemble,reference,13.979842,9.3298065,200907,4.6500354999999995
LA-OU,200910,1,ensemble,reference,4.286379,2.2214875000000003,200910,2.0648915
LA-OU,200911,2,ensemble,reference,10.534605,8.9728415,200910,1.5617635000000014
LA-OU,200912,3,ensemble,reference,14.998471000000002,16.17595275,200910,-1.1774817499999983
LA-PH,200901,1,ensemble,reference,0.0148429999999999,0.0130202499999999,200901,0.0018227499999999997
LA-PH,200902,2,ensemble,reference,0.025592,0.01459375,200901,0.01099825
LA-PH,200903,3,ensemble,reference,0.0208089999999999,0.01747275,200901,0.003336249999999902
LA-PH,200904,1,ensemble,reference,0.019823,0.0034817499999999,200904,0.0163412500000001
LA-PH,200905,2,ensemble,reference,0.020099,0.0067925,200904,0.013306499999999999
LA-PH,200906,3,ensemble,reference,0.020466,0.0279412499999999,200904,-0.007475249999999899
LA-PH,200907,1,ensemble,reference,0.023747,0.1950434999999999,200907,-0.1712964999999999
LA-PH,200909,3,ensemble,reference,0.0315189999999999,0.2976595000000001,200907,-0.26614050000000017
LA-PH,200910,1,ensemble,reference,0.02293,0.0170252499999999,200910,0.005904750000000097
LA-PH,200911,2,ensemble,reference,0.0171739999999999,0.0064347499999999,200910,0.010739250000000002
LA-PH,200912,3,ensemble,reference,0.025942,0.0011549999999999,200910,0.0247870000000001
LA-SL,200801,1,ensemble,reference,0.365993,0.944374,200801,-0.578381
LA-SL,200802,2,ensemble,reference,0.72024,0.3960867499999999,200801,0.3241532500000001
LA-SL,200803,3,ensemble,reference,3.3879059999999996,3.71234675,200801,-0.3244407500000004
LA-SL,200804,1,ensemble,reference,1.3527049999999998,0.99449025,200804,0.3582147499999998
LA-SL,200805,2,ensemble,reference,90.876761,89.40537875,200804,1.4713822500000049
LA-SL,200806,3,ensemble,reference,208.714157,184.4246935,200804,24.28946350000001
LA-SL,200807,1,ensemble,reference,58.383173,49.26407675,200807,9.119096249999998
LA-SL,200808,2,ensemble,reference,40.636977,39.41688825,200807,1.2200887500000022
LA-SL,200809,3,ensemble,reference,54.12670299999999,57.114015,200807,-2.98731200000001
LA-SL,200810,1,ensemble,reference,68.337449,37.614025,200810,30.72342400000001
LA-SL,200811,2,ensemble,reference,14.698823999999997,8.01930375,200810,6.679520249999996
LA-SL,200812,3,ensemble,reference,5.230689000000002,2.8268264999999997,200810,2.403862500000002
LA-SL,200901,1,ensemble,reference,1.1580880000000002,1.65789525,200901,-0.4998072499999997
LA-SL,200902,2,ensemble,reference,18.735793,19.7962565,200901,-1.0604634999999973
LA-SL,200903,3,ensemble,reference,18.889934,13.1628275,200901,5.7271065
LA-SL,200904,1,ensemble,reference,12.750323,5.858830749999999,200904,6.891492250000001
LA-SL,200905,2,ensemble,reference,86.297432,45.2519755,200904,41.0454565
LA-SL,200906,3,ensemble,reference,25.542038,31.8076495,200904,-6.265611499999999
LA-SL,200907,1,ensemble,reference,121.605399,118.85979425000002,200907,2.745604749999984
LA-SL,200908,2,ensemble,reference,85.848121,91.037494,200907,-5.189372999999989
LA-SL,200909,3,ensemble,reference,57.496424000000005,62.04129249999999,200907,-4.5448684999999855
LA-SL,200910,1,ensemble,reference,56.259240000000005,35.41509575,200910,20.844144250000006
LA-SL,200911,2,ensemble,reference,24.570793,16.416914499999997,200910,8.153878500000001
LA-SL,200912,3,ensemble,reference,9.759109,7.024564250000001,200910,2.7345447499999995
LA-SV,200801,1,ensemble,reference,1.808536,5.560645,200801,-3.752109
LA-SV,200802,2,ensemble,reference,0.7783999999999995,1.0085315,200801,-0.23013150000000038
LA-SV,200803,3,ensemble,reference,1.0019740000000006,0.4973877499999999,200801,0.5045862500000007
LA-SV,200804,1,ensemble,reference,2.845471999999999,3.5772804999999996,200804,-0.7318085000000005
LA-SV,200805,2,ensemble,reference,9.283547999999996,6.43930125,200804,2.8442467499999964
LA-SV,200806,3,ensemble,reference,15.424445000000006,24.48841975,200804,-9.063974749999993
LA-SV,200807,1,ensemble,reference,40.057536,23.12051975,200807,16.93701625
LA-SV,200808,2,ensemble,reference,31.91931500000001,21.36057074999998,200807,10.558744250000032
LA-SV,200809,3,ensemble,reference,25.929744,23.258939499999997,200807,2.6708045000000027
LA-SV,200810,1,ensemble,reference,13.577576999999993,3.819202250000001,200810,9.75837474999999
LA-SV,200811,2,ensemble,reference,6.186890999999996,0.8241327500000002,200810,5.362758249999995
LA-SV,200812,3,ensemble,reference,2.843322000000001,0.3548737500000001,200810,2.488448250000001
LA-SV,200901,1,ensemble,reference,0.96833,0.0830284999999999,200901,0.8853015000000002
LA-SV,200902,2,ensemble,reference,0.5820850000000002,0.0152394999999999,200901,0.5668455000000003
LA-SV,200903,3,ensemble,reference,0.5745699999999996,0.12601875,200901,0.44855124999999957
LA-SV,200904,1,ensemble,reference,1.888354999999999,0.18258525,200904,1.7057697499999989
LA-SV,200905,2,ensemble,reference,8.408456999999999,1.2562635,200904,7.152193499999998
LA-SV,200906,3,ensemble,reference,17.043855000000008,1.6869117500000002,200904,15.356943250000008
LA-SV,200907,1,ensemble,reference,30.017206000000016,26.799079749999976,200907,3.21812625000004
LA-SV,200908,2,ensemble,reference,31.194189000000023,29.625094249999957,200907,1.5690947500000654
LA-SV,200909,3,ensemble,reference,28.766479000000004,33.84717599999999,200907,-5.0806969999999865
LA-SV,200910,1,ensemble,reference,14.466645,7.0335019999999995,200910,7.433143
LA-SV,200911,2,ensemble,reference,13.91892,15.431827,200910,-1.5129070000000002
LA-SV,200912,3,ensemble,reference,5.0262959999999985,1.7666767499999998,200910,3.2596192499999987
LA-VT,200801,1,ensemble,reference,14.796234000000002,11.1160255,200801,3.6802085000000027
LA-VT,200802,2,ensemble,reference,12.810936000000002,4.11515575,200801,8.695780250000002
LA-VT,200803,3,ensemble,reference,11.145681000000003,16.96018625,200801,-5.814505249999996
LA-VT,200804,1,ensemble,reference,17.403254999999998,10.77835425,200804,6.624900749999998
LA-VT,200805,2,ensemble,reference,24.778174999999997,20.521471750000003,200804,4.256703249999994
LA-VT,200806,3,ensemble,reference,41.32299899999998,69.88104925,200804,-28.558050250000022
LA-VT,200807,1,ensemble,reference,70.88318999999998,81.40077274999996,200807,-10.517582749999974
LA-VT,200808,2,ensemble,reference,63.93849500000002,84.85327000000001,200807,-20.91477499999999
LA-VT,200809,3,ensemble,reference,56.800700000000006,93.64231074999996,200807,-36.84161074999996
LA-VT,200810,1,ensemble,reference,58.80995900000002,35.20602275,200810,23.603936250000018
LA-VT,200811,2,ensemble,reference,35.47283399999999,57.436028,200810,-21.96319400000001
LA-VT,200812,3,ensemble,reference,24.295146999999993,51.8002925,200810,-27.505145500000005
LA-VT,200901,1,ensemble,reference,12.111762999999996,20.70266475,200901,-8.590901750000004
LA-VT,200902,2,ensemble,reference,8.955775,13.901395,200901,-4.945620000000002
LA-VT,200903,3,ensemble,reference,13.015456000000004,6.35277275,200901,6.662683250000004
LA-VT,200904,1,ensemble,reference,8.196621,10.8966255,200904,-2.7000045000000004
LA-VT,200905,2,ensemble,reference,20.022915000000005,109.941614,200904,-89.918699
LA-VT,200906,3,ensemble,reference,40.49485200000001,176.63849825,200904,-136.14364625
LA-VT,200907,1,ensemble,reference,92.85767499999996,174.467824,200907,-81.61014900000005
LA-VT,200908,2,ensemble,reference,117.451345,205.78056975,200907,-88.32922475000001
LA-VT,200909,3,ensemble,reference,164.78033700000003,278.36174550000004,200907,-113.58140850000001
LA-VT,200910,1,ensemble,reference,147.39438100000004,197.894393,200910,-50.50001199999997
LA-VT,200911,2,ensemble,reference,214.53763,268.37443075,200910,-53.83680074999998
LA-VT,200912,3,ensemble,reference,159.80813800000004,226.40287475,200910,-66.59473674999995
LA-XA,200801,1,ensemble,reference,0.3986150000000004,1.06215775,200801,-0.6635427499999995
LA-XA,200802,2,ensemble,reference,0.429335,0.2354625,200801,0.19387250000000003
LA-XA,200803,3,ensemble,reference,0.5434429999999999,0.15566625,200801,0.3877767499999999
LA-XA,200804,1,ensemble,reference,0.9164069999999996,0.7379695000000001,200804,0.17843749999999958
LA-XA,200805,2,ensemble,reference,1.7081199999999992,1.32360175,200804,0.3845182499999993
LA-XA,200806,3,ensemble,reference,5.893207000000004,2.3749184999999997,200804,3.518288500000004
LA-XA,200807,1,ensemble,reference,12.21593,11.184284999999996,200807,1.0316450000000046
LA-XA,200808,2,ensemble,reference,5.8639809999999954,4.234384749999999,200807,1.629596249999996
LA-XA,200809,3,ensemble,reference,4.954492999999999,2.697391250000001,200807,2.2571017499999986
LA-XA,200810,1,ensemble,reference,2.309897999999997,1.5762365,200810,0.7336614999999969
LA-XA,200811,2,ensemble,reference,1.454746,0.8232865,200810,0.6314595000000001
LA-XA,200812,3,ensemble,reference,0.8743529999999993,0.408204,200810,0.46614899999999926
LA-XA,200901,1,ensemble,reference,0.4012799999999998,0.09775275,200901,0.3035272499999998
LA-XA,200902,2,ensemble,reference,0.4174359999999999,0.03872075,200901,0.37871524999999995
LA-XA,200903,3,ensemble,reference,0.4984540000000002,0.2171452499999999,200901,0.2813087500000003
LA-XA,200904,1,ensemble,reference,0.7899910000000006,0.30977675,200904,0.48021425000000056
LA-XA,200905,2,ensemble,reference,2.6472499999999997,1.1146125000000002,200904,1.5326374999999994
LA-XA,200906,3,ensemble,reference,8.996980000000004,5.670314749999999,200904,3.326665250000005
LA-XA,200907,1,ensemble,reference,10.328724,6.406543500000003,200907,3.922180499999996
LA-XA,200908,2,ensemble,reference,16.869136999999995,23.106004,200907,-6.236867000000004
LA-XA,200909,3,ensemble,reference,6.801171,6.533184249999995,200907,0.2679867500000048
LA-XA,200910,1,ensemble,reference,3.1479800000000004,4.4654025,200910,-1.3174224999999993
LA-XA,200911,2,ensemble,reference,2.7492649999999994,2.1824275,200910,0.5668374999999992
LA-XA,200912,3,ensemble,reference,1.6093260000000011,1.3401602499999998,200910,0.2691657500000013
LA-XE,200801,1,ensemble,reference,0.1336159999999999,0.0157672499999999,200801,0.11784875
LA-XE,200802,2,ensemble,reference,0.130263,0.00728225,200801,0.12298074999999999
LA-XE,200803,3,ensemble,reference,0.070645,0.00405975,200801,0.06658525
LA-XE,200804,1,ensemble,reference,0.059686,0.01893125,200804,0.040754750000000006
LA-XE,200805,2,ensemble,reference,0.0940579999999999,0.0490319999999999,200804,0.045026000000000004
LA-XE,200806,3,ensemble,reference,3.455644,3.87301125,200804,-0.41736724999999986
LA-XE,200807,1,ensemble,reference,0.3156729999999998,0.4383570000000001,200807,-0.12268400000000029
LA-XE,200808,2,ensemble,reference,0.2842890000000002,0.5336115000000001,200807,-0.24932249999999995
LA-XE,200809,3,ensemble,reference,0.616908,0.6918269999999999,200807,-0.07491899999999985
LA-XE,200810,1,ensemble,reference,0.259619,0.0499849999999999,200810,0.2096340000000001
LA-XE,200811,2,ensemble,reference,0.1063049999999999,0.020021,200810,0.0862839999999999
LA-XE,200812,3,ensemble,reference,0.6657540000000001,0.86535475,200810,-0.19960074999999988
LA-XE,200901,1,ensemble,reference,0.137343,0.00637675,200901,0.13096625
LA-XE,200902,2,ensemble,reference,1.184656,1.8795005,200901,-0.6948445000000001
LA-XE,200903,3,ensemble,reference,1.368584,1.75755275,200901,-0.3889687500000001
LA-XE,200904,1,ensemble,reference,0.500262,0.521935,200904,-0.021673000000000053
LA-XE,200905,2,ensemble,reference,0.8660140000000001,0.97420275,200904,-0.10818874999999994
LA-XE,200906,3,ensemble,reference,6.523745,5.86126,200904,0.6624850000000002
LA-XE,200907,1,ensemble,reference,22.886367,25.168266749999997,200907,-2.2818997499999973
LA-XE,200908,2,ensemble,reference,21.182357,22.43472575,200907,-1.2523687499999987
LA-XE,200909,3,ensemble,reference,2.9330490000000005,4.09308175,200907,-1.1600327499999992
LA-XE,200910,1,ensemble,reference,3.888526,2.796644,200910,1.091882
LA-XE,200911,2,ensemble,reference,1.4772919999999998,5.795607750000002,200910,-4.318315750000002
LA-XE,200912,3,ensemble,reference,4.465701,6.98543275,200910,-2.51973175
LA-XI,200801,1,ensemble,reference,0.019959,0.0005107499999999,200801,0.0194482500000001
LA-XI,200802,2,ensemble,reference,0.0243999999999999,0.0001444999999999,200801,0.0242555
LA-XI,200803,3,ensemble,reference,0.0167959999999999,0.0003409999999999,200801,0.016455
LA-XI,200804,1,ensemble,reference,0.024096,0.005478,200804,0.018618
LA-XI,200805,2,ensemble,reference,0.026132,0.0145995,200804,0.0115325
LA-XI,200806,3,ensemble,reference,0.7855740000000001,0.8408530000000001,200804,-0.05527899999999997
LA-XI,200807,1,ensemble,reference,0.085921,0.3255652499999999,200807,-0.23964424999999992
LA-XI,200808,2,ensemble,reference,0.125298,0.3256207499999999,200807,-0.2003227499999999
LA-XI,200809,3,ensemble,reference,0.1246689999999999,0.3639719999999995,200807,-0.2393029999999996
LA-XI,200810,1,ensemble,reference,0.029585,0.0140124999999999,200810,0.0155725000000001
LA-XI,200811,2,ensemble,reference,0.0319169999999999,0.0035425,200810,0.028374499999999896
LA-XI,200812,3,ensemble,reference,0.026438,0.0009309999999999,200810,0.0255070000000001
LA-XI,200901,1,ensemble,reference,0.0226809999999999,0.00125375,200901,0.021427249999999898
LA-XI,200902,2,ensemble,reference,0.02077,0.001519,200901,0.019251
LA-XI,200903,3,ensemble,reference,0.020191,0.0012149999999999,200901,0.0189760000000001
LA-XI,200904,1,ensemble,reference,0.0198639999999999,0.00037025,200904,0.0194937499999999
LA-XI,200905,2,ensemble,reference,38.385726,38.924908,200904,-0.5391820000000038
LA-XI,200906,3,ensemble,reference,32.099427,32.83338475,200904,-0.7339577500000019
LA-XI,200907,1,ensemble,reference,0.7948419999999992,0.6998392500000006,200907,0.09500274999999858
LA-XI,200908,2,ensemble,reference,9.095243,7.121734,200907,1.973509
LA-XI,200909,3,ensemble,reference,0.0881439999999997,0.4275137499999998,200907,-0.33936975000000014
LA-XI,200910,1,ensemble,reference,0.018772,0.96271025,200910,-0.94393825
LA-XI,200911,2,ensemble,reference,0.0382879999999999,0.3815999999999999,200910,-0.343312
LA-XI,200912,3,ensemble,reference,0.023471,0.167857,200910,-0.14438600000000001
LA-AT,200801,1,ensemble,reference_r1,3.3959930000000003,2.89589,200801,0.5001030000000002
LA-AT,200802,2,ensemble,reference_r1,1.510919,1.1779190000000002,200801,0.33299999999999974
LA-AT,200803,3,ensemble,reference_r1,0.026809,0.068366,200801,-0.041557
LA-AT,200804,1,ensemble,reference_r1,0.059353,0.43204,200804,-0.372687
LA-AT,200805,2,ensemble,reference_r1,3.198659,1.3779979999999998,200804,1.8206610000000003
LA-AT,200806,3,ensemble,reference_r1,8.515454,4.025428,200804,4.490026
LA-AT,200807,1,ensemble,reference_r1,3.6834890000000007,3.4582960000000007,200807,0.22519299999999998
LA-AT,200808,2,ensemble,reference_r1,7.667672,6.963262,200807,0.7044099999999993
LA-AT,200809,3,ensemble,reference_r1,17.251327,17.334718000000002,200807,-0.08339100000000244
LA-AT,200810,1,ensemble,reference_r1,34.345468999999994,32.554036,200810,1.7914329999999907
LA-AT,200811,2,ensemble,reference_r1,33.811591,35.157385,200810,-1.345793999999998
LA-AT,200812,3,ensemble,reference_r1,15.907208,17.244417,200810,-1.3372089999999979
LA-AT,200901,1,ensemble,reference_r1,10.92326,8.311717,200901,2.611543000000001
LA-AT,200902,2,ensemble,reference_r1,35.539972999999996,39.923892,200901,-4.383919000000006
LA-AT,200903,3,ensemble,reference_r1,65.984555,59.556864999999995,200901,6.4276900000000055
LA-AT,200904,1,ensemble,reference_r1,68.714011,50.321077,200904,18.392933999999997
LA-AT,200905,2,ensemble,reference_r1,3.5279560000000014,47.70569499999999,200904,-44.17773899999999
LA-AT,200906,3,ensemble,reference_r1,13.597899000000002,42.66392600000002,200904,-29.066027000000016
LA-AT,200907,1,ensemble,reference_r1,57.691561,47.604339,200907,10.087221999999997
LA-AT,200908,2,ensemble,reference_r1,16.912423,14.811944,200907,2.100479
LA-AT,200909,3,ensemble,reference_r1,11.397989,10.347153,200907,1.0508360000000003
LA-AT,200910,1,ensemble,reference_r1,2.954942000000001,7.440359000000001,200910,-4.485417
LA-AT,200911,2,ensemble,reference_r1,12.240948,5.397127000000001,200910,6.843820999999998
LA-AT,200912,3,ensemble,reference_r1,3.9774569999999994,7.226236999999998,200910,-3.2487799999999982
LA-BK,200801,1,ensemble,reference_r1,0.6667500000000001,0.956484,200801,-0.28973399999999994
LA-BK,200802,2,ensemble,reference_r1,0.039221,9.99999999999994e-05,200801,0.039121
LA-BK,200803,3,ensemble,reference_r1,0.04577,8.999999999999894e-06,200801,0.045760999999999996
LA-BK,200804,1,ensemble,reference_r1,0.0562489999999999,0.0058819999999999,200804,0.050367
LA-BK,200805,2,ensemble,reference_r1,11.04588,11.478989,200804,-0.43310899999999997
LA-BK,200806,3,ensemble,reference_r1,51.642547,52.355057,200804,-0.7125100000000018
LA-BK,200807,1,ensemble,reference_r1,0.9982129999999998,1.9452689999999997,200807,-0.9470559999999999
LA-BK,200808,2,ensemble,reference_r1,6.354260999999999,5.807879,200807,0.5463819999999995
LA-BK,200809,3,ensemble,reference_r1,27.152350999999996,20.924205,200807,6.228145999999995
LA-BK,200810,1,ensemble,reference_r1,40.554911,21.313686000000004,200810,19.241224999999993
LA-BK,200811,2,ensemble,reference_r1,49.920087,48.309223,200810,1.6108639999999994
LA-BK,200812,3,ensemble,reference_r1,3.998274,3.017966,200810,0.980308
LA-BK,200901,1,ensemble,reference_r1,0.551415,0.448822,200901,0.10259299999999999
LA-BK,200902,2,ensemble,reference_r1,0.2147279999999998,0.256761,200901,-0.04203300000000021
LA-BK,200903,3,ensemble,reference_r1,0.5537159999999999,0.6378340000000002,200901,-0.08411800000000036
LA-BK,200904,1,ensemble,reference_r1,2.115465,1.312607,200904,0.8028579999999998
LA-BK,200905,2,ensemble,reference_r1,71.998638,43.105733,200904,28.892905
LA-BK,200906,3,ensemble,reference_r1,209.873897,147.57993599999998,200904,62.293961000000024
LA-BK,200907,1,ensemble,reference_r1,178.663678,186.285127,200907,-7.621448999999984
LA-BK,200908,2,ensemble,reference_r1,92.736919,88.236543,200907,4.500376000000003
LA-BK,200909,3,ensemble,reference_r1,39.855599000000005,37.372719999999994,200907,2.482879000000011
LA-BK,200910,1,ensemble,reference_r1,20.774366,21.699608000000005,200910,-0.9252420000000043
LA-BK,200911,2,ensemble,reference_r1,3.3781370000000006,10.195140999999996,200910,-6.817003999999995
LA-BK,200912,3,ensemble,reference_r1,2.953804999999999,5.190629000000001,200910,-2.236824000000002
LA-BL,200801,1,ensemble,reference_r1,5.591942999999999,5.573864,200801,0.018078999999998402
LA-BL,200802,2,ensemble,reference_r1,3.4293129999999996,5.695522,200801,-2.266209000000001
LA-BL,200803,3,ensemble,reference_r1,0.90268,0.4229469999999999,200801,0.47973300000000013
LA-BL,200804,1,ensemble,reference_r1,1.6409819999999993,1.3831619999999996,200804,0.2578199999999997
LA-BL,200805,2,ensemble,reference_r1,5.931877999999999,4.905915,200804,1.025962999999999
LA-BL,200806,3,ensemble,reference_r1,7.866968,6.042021999999999,200804,1.8249460000000006
LA-BL,200807,1,ensemble,reference_r1,11.687502,20.993226999999997,200807,-9.305724999999997
LA-BL,200808,2,ensemble,reference_r1,10.974128999999998,21.226176,200807,-10.252047000000001
LA-BL,200809,3,ensemble,reference_r1,11.195741999999996,19.161669999999994,200807,-7.965927999999998
LA-BL,200810,1,ensemble,reference_r1,12.360224000000002,10.016667000000002,200810,2.3435570000000006
LA-BL,200811,2,ensemble,reference_r1,5.317799000000001,4.026722999999999,200810,1.291076000000002
LA-BL,200812,3,ensemble,reference_r1,4.479175999999999,0.8992849999999999,200810,3.579890999999999
LA-BL,200901,1,ensemble,reference_r1,0.8389099999999998,0.729209,200901,0.10970099999999983
LA-BL,200902,2,ensemble,reference_r1,1.0475249999999998,1.7155180000000003,200901,-0.6679930000000005
LA-BL,200903,3,ensemble,reference_r1,1.048388,1.093152,200901,-0.044763999999999804
LA-BL,200904,1,ensemble,reference_r1,1.4366730000000003,0.8236150000000002,200904,0.6130580000000001
LA-BL,200905,2,ensemble,reference_r1,6.077254000000002,3.883565,200904,2.1936890000000018
LA-BL,200906,3,ensemble,reference_r1,7.679383999999999,5.475054999999999,200904,2.2043289999999995
LA-BL,200907,1,ensemble,reference_r1,13.537304999999996,20.911504000000008,200907,-7.3741990000000115
LA-BL,200908,2,ensemble,reference_r1,11.332068000000003,7.218784999999997,200907,4.113283000000006
LA-BL,200909,3,ensemble,reference_r1,14.621444000000004,7.182751999999994,200907,7.43869200000001
LA-BL,200910,1,ensemble,reference_r1,5.435346999999998,5.4901409999999995,200910,-0.05479400000000112
LA-BL,200911,2,ensemble,reference_r1,3.861016000000001,1.8210489999999997,200910,2.0399670000000016
LA-BL,200912,3,ensemble,reference_r1,1.0996110000000003,0.7696850000000004,200910,0.32992599999999994
LA-CH,200801,1,ensemble,reference_r1,30.871327000000004,29.687018,200801,1.184309000000006
LA-CH,200802,2,ensemble,reference_r1,41.736225999999995,40.304853,200801,1.4313729999999936
LA-CH,200803,3,ensemble,reference_r1,43.06991,51.106643000000005,200801,-8.036733000000005
LA-CH,200804,1,ensemble,reference_r1,20.402334999999997,21.933435000000003,200804,-1.5311000000000057
LA-CH,200805,2,ensemble,reference_r1,34.086164999999994,52.212031000000025,200804,-18.12586600000003
LA-CH,200806,3,ensemble,reference_r1,138.83403099999998,101.752994,200804,37.08103699999998
LA-CH,200807,1,ensemble,reference_r1,50.316439,97.40621399999998,200807,-47.089774999999975
LA-CH,200808,2,ensemble,reference_r1,49.26340300000001,88.11937699999999,200807,-38.855973999999975
LA-CH,200809,3,ensemble,reference_r1,53.73576400000002,122.438271,200807,-68.70250699999998
LA-CH,200810,1,ensemble,reference_r1,39.621346,47.403999,200810,-7.782652999999996
LA-CH,200811,2,ensemble,reference_r1,32.280468,47.925228,200810,-15.644759999999998
LA-CH,200812,3,ensemble,reference_r1,29.133590999999996,33.247774,200810,-4.114183000000004
LA-CH,200901,1,ensemble,reference_r1,11.289501,10.234985000000002,200901,1.0545159999999978
LA-CH,200902,2,ensemble,reference_r1,16.057015999999997,26.421125999999997,200901,-10.36411
LA-CH,200903,3,ensemble,reference_r1,18.754955,21.024416,200901,-2.2694609999999997
LA-CH,200904,1,ensemble,reference_r1,46.816311000000006,35.857006000000005,200904,10.959305
LA-CH,200905,2,ensemble,reference_r1,18.959157000000005,77.111999,200904,-58.15284199999999
LA-CH,200906,3,ensemble,reference_r1,39.770465,79.79956299999998,200904,-40.029097999999976
LA-CH,200907,1,ensemble,reference_r1,40.16368700000001,70.88572799999997,200907,-30.72204099999996
LA-CH,200908,2,ensemble,reference_r1,33.314569999999975,65.03535299999999,200907,-31.72078300000001
LA-CH,200909,3,ensemble,reference_r1,29.85857,61.93136199999992,200907,-32.07279199999992
LA-CH,200910,1,ensemble,reference_r1,21.111970999999997,20.443419999999996,200910,0.6685510000000008
LA-CH,200911,2,ensemble,reference_r1,17.432050000000004,12.404856000000002,200910,5.0271940000000015
LA-CH,200912,3,ensemble,reference_r1,17.541683,14.329564000000005,200910,3.212118999999994
LA-HO,200801,1,ensemble,reference_r1,0.092032,0.0030659999999999,200801,0.0889660000000001
LA-HO,200802,2,ensemble,reference_r1,0.0929209999999999,0.00097,200801,0.09195099999999991
LA-HO,200803,3,ensemble,reference_r1,0.1034039999999999,0.0059159999999999,200801,0.097488
LA-HO,200804,1,ensemble,reference_r1,0.0377649999999999,0.0077849999999999,200804,0.029980000000000003
LA-HO,200805,2,ensemble,reference_r1,0.0381969999999999,0.0143429999999999,200804,0.023854
LA-HO,200806,3,ensemble,reference_r1,0.081076,0.0085999999999999,200804,0.0724760000000001
LA-HO,200807,1,ensemble,reference_r1,0.118842,0.2280589999999991,200807,-0.10921699999999909
LA-HO,200808,2,ensemble,reference_r1,0.0703129999999999,0.3675369999999995,200807,-0.2972239999999996
LA-HO,200809,3,ensemble,reference_r1,0.6483469999999999,0.6532730000000004,200807,-0.004926000000000541
LA-HO,200810,1,ensemble,reference_r1,0.153034,0.071268,200810,0.081766
LA-HO,200811,2,ensemble,reference_r1,0.095291,0.008613,200810,0.086678
LA-HO,200812,3,ensemble,reference_r1,0.4904329999999999,0.902553,200810,-0.41212000000000015
LA-HO,200901,1,ensemble,reference_r1,0.093727,0.0180189999999999,200901,0.07570800000000011
LA-HO,200902,2,ensemble,reference_r1,0.081531,0.0215319999999999,200901,0.05999900000000011
LA-HO,200903,3,ensemble,reference_r1,0.0978069999999999,0.024588,200901,0.0732189999999999
LA-HO,200904,1,ensemble,reference_r1,0.035801,0.005208,200904,0.030593
LA-HO,200905,2,ensemble,reference_r1,0.0343459999999999,0.012506,200904,0.021839999999999898
LA-HO,200906,3,ensemble,reference_r1,0.0706559999999999,0.0416269999999999,200904,0.029029
LA-HO,200907,1,ensemble,reference_r1,0.1220319999999999,0.3458800000000002,200907,-0.22384800000000027
LA-HO,200908,2,ensemble,reference_r1,0.0701309999999999,0.6387629999999991,200907,-0.5686319999999991
LA-HO,200909,3,ensemble,reference_r1,0.64205,0.7578110000000002,200907,-0.11576100000000022
LA-HO,200910,1,ensemble,reference_r1,0.507252,0.559631,200910,-0.05237899999999995
LA-HO,200911,2,ensemble,reference_r1,0.5531800000000001,0.824841,200910,-0.27166099999999993
LA-HO,200912,3,ensemble,reference_r1,0.4841459999999999,0.865054,200910,-0.3809080000000001
LA-KH,200801,1,ensemble,reference_r1,0.4553739999999999,0.7367740000000003,200801,-0.28140000000000037
LA-KH,200802,2,ensemble,reference_r1,0.3032239999999999,0.104993,200801,0.19823099999999988
LA-KH,200803,3,ensemble,reference_r1,0.1658109999999999,0.07538,200801,0.0904309999999999
LA-KH,200804,1,ensemble,reference_r1,0.3438189999999999,0.4573239999999998,200804,-0.11350499999999991
LA-KH,200805,2,ensemble,reference_r1,1.2967359999999992,1.3179600000000002,200804,-0.02122400000000102
LA-KH,200806,3,ensemble,reference_r1,3.657329999999998,2.6881449999999996,200804,0.9691849999999986
LA-KH,200807,1,ensemble,reference_r1,9.885990999999995,4.0386040000000065,200807,5.847386999999989
LA-KH,200808,2,ensemble,reference_r1,10.352199,4.381444999999999,200807,5.970754000000001
LA-KH,200809,3,ensemble,reference_r1,4.613610000000001,4.129304999999995,200807,0.4843050000000062
LA-KH,200810,1,ensemble,reference_r1,3.3758230000000005,0.7146050000000002,200810,2.6612180000000003
LA-KH,200811,2,ensemble,reference_r1,1.6034230000000005,1.5712550000000003,200810,0.032168000000000196
LA-KH,200812,3,ensemble,reference_r1,2.3214169999999994,3.204727,200810,-0.8833100000000007
LA-KH,200901,1,ensemble,reference_r1,0.7514550000000004,0.096453,200901,0.6550020000000004
LA-KH,200902,2,ensemble,reference_r1,0.4784269999999999,0.013026,200901,0.4654009999999999
LA-KH,200903,3,ensemble,reference_r1,3.558827,4.723357,200901,-1.16453
LA-KH,200904,1,ensemble,reference_r1,0.5204570000000004,0.3748060000000001,200904,0.1456510000000003
LA-KH,200905,2,ensemble,reference_r1,3.4013779999999993,2.250412,200904,1.1509659999999995
LA-KH,200906,3,ensemble,reference_r1,52.42411,66.41575,200904,-13.991640000000004
LA-KH,200907,1,ensemble,reference_r1,100.333033,115.296474,200907,-14.963441000000003
LA-KH,200908,2,ensemble,reference_r1,215.314169,249.068595,200907,-33.754425999999995
LA-KH,200909,3,ensemble,reference_r1,215.478709,217.711044,200907,-2.2323349999999778
LA-KH,200910,1,ensemble,reference_r1,48.19529700000001,43.99278899999999,200910,4.202508000000023
LA-KH,200911,2,ensemble,reference_r1,39.963654000000005,20.173246,200910,19.790408000000006
LA-KH,200912,3,ensemble,reference_r1,44.825227,27.153737000000003,200910,17.671489999999995
LA-LM,200801,1,ensemble,reference_r1,0.0153019999999999,0.0001209999999999,200801,0.015181
LA-LM,200802,2,ensemble,reference_r1,0.0241649999999999,6.399999999999982e-05,200801,0.0241009999999999
LA-LM,200803,3,ensemble,reference_r1,0.03865,1.600000000000039e-05,200801,0.038633999999999995
LA-LM,200804,1,ensemble,reference_r1,0.022098,0.0001999999999999,200804,0.021898000000000098
LA-LM,200805,2,ensemble,reference_r1,0.0312979999999999,0.0012269999999999,200804,0.030071
LA-LM,200806,3,ensemble,reference_r1,0.031308,0.0017109999999999,200804,0.029597000000000102
LA-LM,200807,1,ensemble,reference_r1,0.0743319999999999,0.915139,200807,-0.8408070000000001
LA-LM,200808,2,ensemble,reference_r1,0.071195,0.5213650000000012,200807,-0.4501700000000012
LA-LM,200809,3,ensemble,reference_r1,0.0705629999999999,0.7953309999999991,200807,-0.7247679999999992
LA-LM,200810,1,ensemble,reference_r1,0.085377,0.030305,200810,0.055071999999999996
LA-LM,200811,2,ensemble,reference_r1,0.046715,0.002114,200810,0.044601
LA-LM,200812,3,ensemble,reference_r1,0.0166989999999999,0.0005739999999999,200810,0.016125
LA-LM,200901,1,ensemble,reference_r1,0.020495,0.0001209999999999,200901,0.0203740000000001
LA-LM,200902,2,ensemble,reference_r1,0.0223789999999999,0.000122,200901,0.0222569999999999
LA-LM,200903,3,ensemble,reference_r1,0.0351389999999999,0.000365,200901,0.0347739999999999
LA-LM,200904,1,ensemble,reference_r1,0.752387,0.96237,200904,-0.20998299999999992
LA-LM,200905,2,ensemble,reference_r1,0.0280679999999999,0.005372,200904,0.022695999999999897
LA-LM,200906,3,ensemble,reference_r1,1.597872,1.751769,200904,-0.15389699999999995
LA-LM,200907,1,ensemble,reference_r1,0.561564,1.1468290000000003,200907,-0.5852650000000004
LA-LM,200908,2,ensemble,reference_r1,0.1593340000000001,1.3371250000000003,200907,-1.1777910000000003
LA-LM,200909,3,ensemble,reference_r1,2.775749,2.265937000000001,200907,0.5098119999999988
LA-LM,200910,1,ensemble,reference_r1,3.5029329999999996,2.5933539999999997,200910,0.9095789999999999
LA-LM,200911,2,ensemble,reference_r1,4.669093,4.743421,200910,-0.0743279999999995
LA-LM,200912,3,ensemble,reference_r1,3.0347880000000007,3.2928680000000004,200910,-0.25807999999999964
LA-LP,200801,1,ensemble,reference_r1,0.9199670000000002,0.875329,200801,0.04463800000000018
LA-LP,200802,2,ensemble,reference_r1,11.4469,13.986595,200801,-2.539695
LA-LP,200803,3,ensemble,reference_r1,17.184066,20.378937,200801,-3.194870999999999
LA-LP,200804,1,ensemble,reference_r1,25.303241,16.986800000000002,200804,8.316440999999998
LA-LP,200805,2,ensemble,reference_r1,102.073456,72.08313000000001,200804,29.990325999999982
LA-LP,200806,3,ensemble,reference_r1,129.24167,86.585332,200804,42.656338000000005
LA-LP,200807,1,ensemble,reference_r1,9.345451000000011,10.268976000000002,200807,-0.9235249999999908
LA-LP,200808,2,ensemble,reference_r1,8.975386,8.381991,200807,0.593395000000001
LA-LP,200809,3,ensemble,reference_r1,8.462485000000008,9.104114,200807,-0.6416289999999911
LA-LP,200810,1,ensemble,reference_r1,12.445035,17.309168,200810,-4.864132999999999
LA-LP,200811,2,ensemble,reference_r1,91.530426,108.263872,200810,-16.733446
LA-LP,200812,3,ensemble,reference_r1,142.60368400000002,158.113551,200810,-15.509866999999986
LA-LP,200901,1,ensemble,reference_r1,7.405499999999996,8.092224000000002,200901,-0.6867240000000052
LA-LP,200902,2,ensemble,reference_r1,7.279920000000004,4.90015,200901,2.379770000000004
LA-LP,200903,3,ensemble,reference_r1,7.780261000000003,12.062924000000002,200901,-4.282662999999999
LA-LP,200904,1,ensemble,reference_r1,0.6652750000000003,11.446195,200904,-10.780919999999998
LA-LP,200905,2,ensemble,reference_r1,1.6827159999999992,32.951622,200904,-31.268906
LA-LP,200906,3,ensemble,reference_r1,4.462852999999999,75.091924,200904,-70.62907100000001
LA-LP,200907,1,ensemble,reference_r1,10.598537999999998,20.167692,200907,-9.569154000000001
LA-LP,200908,2,ensemble,reference_r1,12.488017999999997,20.986515999999995,200907,-8.498497999999998
LA-LP,200909,3,ensemble,reference_r1,260.697273,277.10956699999997,200907,-16.412293999999974
LA-LP,200910,1,ensemble,reference_r1,117.787319,65.535988,200910,52.25133099999999
LA-LP,200911,2,ensemble,reference_r1,58.83092100000002,42.4217,200910,16.409221000000016
LA-LP,200912,3,ensemble,reference_r1,5.761779000000004,6.162929,200910,-0.4011499999999959
LA-OU,200801,1,ensemble,reference_r1,0.0253519999999999,0.000905,200801,0.0244469999999999
LA-OU,200802,2,ensemble,reference_r1,0.022358,0.0002559999999999,200801,0.0221020000000001
LA-OU,200803,3,ensemble,reference_r1,0.021876,4.900000000000043e-05,200801,0.021827
LA-OU,200804,1,ensemble,reference_r1,0.0213289999999999,0.000905,200804,0.0204239999999999
LA-OU,200805,2,ensemble,reference_r1,0.034417,0.005827,200804,0.028590000000000004
LA-OU,200806,3,ensemble,reference_r1,0.049472,0.0141019999999999,200804,0.0353700000000001
LA-OU,200807,1,ensemble,reference_r1,0.078994,1.6279299999999992,200807,-1.5489359999999992
LA-OU,200808,2,ensemble,reference_r1,0.100287,1.1273920000000004,200807,-1.0271050000000004
LA-OU,200809,3,ensemble,reference_r1,0.0664529999999999,1.3167809999999989,200807,-1.250327999999999
LA-OU,200810,1,ensemble,reference_r1,0.057176,0.0403799999999999,200810,0.016796000000000096
LA-OU,200811,2,ensemble,reference_r1,0.034749,0.0042979999999999,200810,0.030451000000000103
LA-OU,200812,3,ensemble,reference_r1,0.0172519999999999,0.0008219999999999,200810,0.01643
LA-OU,200901,1,ensemble,reference_r1,0.020531,0.000289,200901,0.020242
LA-OU,200902,2,ensemble,reference_r1,0.0249159999999999,3.600000000000044e-05,200901,0.0248799999999999
LA-OU,200903,3,ensemble,reference_r1,0.0209159999999999,0.000685,200901,0.0202309999999999
LA-OU,200904,1,ensemble,reference_r1,0.018494,0.0010379999999999,200904,0.0174560000000001
LA-OU,200905,2,ensemble,reference_r1,0.0371009999999999,0.0053129999999999,200904,0.031788
LA-OU,200906,3,ensemble,reference_r1,0.045518,0.0156699999999999,200904,0.029848000000000104
LA-OU,200907,1,ensemble,reference_r1,0.062363,2.364044,200907,-2.301681
LA-OU,200908,2,ensemble,reference_r1,0.658688,2.6968359999999976,200907,-2.0381479999999974
LA-OU,200909,3,ensemble,reference_r1,13.979842,8.770896999999998,200907,5.208945000000002
LA-OU,200910,1,ensemble,reference_r1,4.286379,2.1991160000000005,200910,2.0872629999999996
LA-OU,200911,2,ensemble,reference_r1,10.534605,9.566518,200910,0.9680870000000006
LA-OU,200912,3,ensemble,reference_r1,14.998471000000002,16.101063,200910,-1.1025919999999978
LA-PH,200901,1,ensemble,reference_r1,0.0148429999999999,0.0146789999999999,200901,0.00016399999999999922
LA-PH,200902,2,ensemble,reference_r1,0.025592,0.019336,200901,0.006256000000000001
LA-PH,200903,3,ensemble,reference_r1,0.0208089999999999,0.021245,200901,-0.0004360000000000995
LA-PH,200904,1,ensemble,reference_r1,0.019823,0.0038929999999999,200904,0.0159300000000001
LA-PH,200905,2,ensemble,reference_r1,0.020099,0.006921,200904,0.013177999999999999
LA-PH,200906,3,ensemble,reference_r1,0.020466,0.030276,200904,-0.00981
LA-PH,200907,1,ensemble,reference_r1,0.023747,0.2014949999999995,200907,-0.17774799999999952
LA-PH,200909,3,ensemble,reference_r1,0.0315189999999999,0.2726230000000003,200907,-0.24110400000000037
LA-PH,200910,1,ensemble,reference_r1,0.02293,0.018159,200910,0.0047709999999999975
LA-PH,200911,2,ensemble,reference_r1,0.0171739999999999,0.0057829999999999,200910,0.011391000000000002
LA-PH,200912,3,ensemble,reference_r1,0.025942,0.0010329999999999,200910,0.0249090000000001
LA-SL,200801,1,ensemble,reference_r1,0.365993,0.93596,200801,-0.569967
LA-SL,200802,2,ensemble,reference_r1,0.72024,0.3921460000000001,200801,0.3280939999999999
LA-SL,200803,3,ensemble,reference_r1,3.3879059999999996,3.692026,200801,-0.30412000000000017
LA-SL,200804,1,ensemble,reference_r1,1.3527049999999998,0.8494930000000003,200804,0.5032119999999995
LA-SL,200805,2,ensemble,reference_r1,90.876761,89.52403,200804,1.3527310000000057
LA-SL,200806,3,ensemble,reference_r1,208.714157,188.157378,200804,20.556779000000006
LA-SL,200807,1,ensemble,reference_r1,58.383173,49.670201000000006,200807,8.712971999999993
LA-SL,200808,2,ensemble,reference_r1,40.636977,39.471311,200807,1.1656660000000016
LA-SL,200809,3,ensemble,reference_r1,54.12670299999999,56.592414000000005,200807,-2.465711000000013
LA-SL,200810,1,ensemble,reference_r1,68.337449,39.311372,200810,29.026077000000008
LA-SL,200811,2,ensemble,reference_r1,14.698823999999997,7.296982000000002,200810,7.401841999999995
LA-SL,200812,3,ensemble,reference_r1,5.230689000000002,2.8325199999999997,200810,2.398169000000002
LA-SL,200901,1,ensemble,reference_r1,1.1580880000000002,1.774387,200901,-0.6162989999999997
LA-SL,200902,2,ensemble,reference_r1,18.735793,19.839352,200901,-1.1035590000000006
LA-SL,200903,3,ensemble,reference_r1,18.889934,13.149506,200901,5.740428
LA-SL,200904,1,ensemble,reference_r1,12.750323,5.698871999999998,200904,7.051451000000002
LA-SL,200905,2,ensemble,reference_r1,86.297432,46.334152,200904,39.96328
LA-SL,200906,3,ensemble,reference_r1,25.542038,28.17270000000001,200904,-2.630662000000008
LA-SL,200907,1,ensemble,reference_r1,121.605399,114.07736200000002,200907,7.528036999999983
LA-SL,200908,2,ensemble,reference_r1,85.848121,88.702064,200907,-2.853942999999987
LA-SL,200909,3,ensemble,reference_r1,57.496424000000005,62.36598299999997,200907,-4.869558999999967
LA-SL,200910,1,ensemble,reference_r1,56.259240000000005,34.802546,200910,21.456694000000006
LA-SL,200911,2,ensemble,reference_r1,24.570793,15.498442,200910,9.072350999999998
LA-SL,200912,3,ensemble,reference_r1,9.759109,7.528991000000001,200910,2.230117999999999
LA-SV,200801,1,ensemble,reference_r1,1.808536,5.547417000000001,200801,-3.738881000000001
LA-SV,200802,2,ensemble,reference_r1,0.7783999999999995,1.0893490000000003,200801,-0.3109490000000008
LA-SV,200803,3,ensemble,reference_r1,1.0019740000000006,0.48614,200801,0.5158340000000006
LA-SV,200804,1,ensemble,reference_r1,2.845471999999999,3.279536,200804,-0.43406400000000067
LA-SV,200805,2,ensemble,reference_r1,9.283547999999996,7.876780999999999,200804,1.4067669999999968
LA-SV,200806,3,ensemble,reference_r1,15.424445000000006,28.380984,200804,-12.956538999999996
LA-SV,200807,1,ensemble,reference_r1,40.057536,23.881301000000008,200807,16.17623499999999
LA-SV,200808,2,ensemble,reference_r1,31.91931500000001,21.63117299999999,200807,10.288142000000022
LA-SV,200809,3,ensemble,reference_r1,25.929744,22.400266999999985,200807,3.529477000000014
LA-SV,200810,1,ensemble,reference_r1,13.577576999999993,3.8406100000000007,200810,9.736966999999993
LA-SV,200811,2,ensemble,reference_r1,6.186890999999996,0.7682600000000002,200810,5.418630999999996
LA-SV,200812,3,ensemble,reference_r1,2.843322000000001,0.3406360000000001,200810,2.502686000000001
LA-SV,200901,1,ensemble,reference_r1,0.96833,0.0859659999999999,200901,0.8823640000000001
LA-SV,200902,2,ensemble,reference_r1,0.5820850000000002,0.0134819999999999,200901,0.5686030000000003
LA-SV,200903,3,ensemble,reference_r1,0.5745699999999996,0.11032,200901,0.4642499999999996
LA-SV,200904,1,ensemble,reference_r1,1.888354999999999,0.174683,200904,1.713671999999999
LA-SV,200905,2,ensemble,reference_r1,8.408456999999999,1.249162,200904,7.159294999999998
LA-SV,200906,3,ensemble,reference_r1,17.043855000000008,1.7302809999999995,200904,15.313574000000008
LA-SV,200907,1,ensemble,reference_r1,30.017206000000016,30.152889999999957,200907,-0.13568399999994085
LA-SV,200908,2,ensemble,reference_r1,31.194189000000023,30.933273999999983,200907,0.26091500000003975
LA-SV,200909,3,ensemble,reference_r1,28.766479000000004,36.888075999999955,200907,-8.121596999999952
LA-SV,200910,1,ensemble,reference_r1,14.466645,6.586860999999999,200910,7.879784000000001
LA-SV,200911,2,ensemble,reference_r1,13.91892,16.811281,200910,-2.892361000000001
LA-SV,200912,3,ensemble,reference_r1,5.0262959999999985,1.8371329999999997,200910,3.189162999999999
LA-VT,200801,1,ensemble,reference_r1,14.796234000000002,10.714584000000002,200801,4.08165
LA-VT,200802,2,ensemble,reference_r1,12.810936000000002,3.996601000000001,200801,8.814335
LA-VT,200803,3,ensemble,reference_r1,11.145681000000003,16.522857000000002,200801,-5.377175999999999
LA-VT,200804,1,ensemble,reference_r1,17.403254999999998,11.819135,200804,5.584119999999999
LA-VT,200805,2,ensemble,reference_r1,24.778174999999997,25.304015999999997,200804,-0.5258409999999998
LA-VT,200806,3,ensemble,reference_r1,41.32299899999998,72.77900499999998,200804,-31.456006000000002
LA-VT,200807,1,ensemble,reference_r1,70.88318999999998,79.62387999999999,200807,-8.74069
LA-VT,200808,2,ensemble,reference_r1,63.93849500000002,84.09198400000002,200807,-20.153489000000008
LA-VT,200809,3,ensemble,reference_r1,56.800700000000006,96.71268599999996,200807,-39.911985999999956
LA-VT,200810,1,ensemble,reference_r1,58.80995900000002,35.38703000000001,200810,23.42292900000001
LA-VT,200811,2,ensemble,reference_r1,35.47283399999999,61.523733,200810,-26.05089900000001
LA-VT,200812,3,ensemble,reference_r1,24.295146999999993,53.204702,200810,-28.909555000000005
LA-VT,200901,1,ensemble,reference_r1,12.111762999999996,19.474863,200901,-7.363100000000003
LA-VT,200902,2,ensemble,reference_r1,8.955775,14.463068,200901,-5.507293000000001
LA-VT,200903,3,ensemble,reference_r1,13.015456000000004,6.282218,200901,6.733238000000004
LA-VT,200904,1,ensemble,reference_r1,8.196621,10.609374,200904,-2.4127530000000004
LA-VT,200905,2,ensemble,reference_r1,20.022915000000005,108.37036799999998,200904,-88.34745299999997
LA-VT,200906,3,ensemble,reference_r1,40.49485200000001,166.441737,200904,-125.94688499999998
LA-VT,200907,1,ensemble,reference_r1,92.85767499999996,180.23592699999995,200907,-87.37825199999999
LA-VT,200908,2,ensemble,reference_r1,117.451345,206.069892,200907,-88.618547
LA-VT,200909,3,ensemble,reference_r1,164.78033700000003,279.660473,200907,-114.880136
LA-VT,200910,1,ensemble,reference_r1,147.39438100000004,193.724737,200910,-46.330355999999966
LA-VT,200911,2,ensemble,reference_r1,214.53763,279.928436,200910,-65.39080599999997
LA-VT,200912,3,ensemble,reference_r1,159.80813800000004,210.736437,200910,-50.92829899999995
LA-XA,200801,1,ensemble,reference_r1,0.3986150000000004,1.1126930000000002,200801,-0.7140779999999998
LA-XA,200802,2,ensemble,reference_r1,0.429335,0.234801,200801,0.194534
LA-XA,200803,3,ensemble,reference_r1,0.5434429999999999,0.139513,200801,0.4039299999999999
LA-XA,200804,1,ensemble,reference_r1,0.9164069999999996,0.7268720000000002,200804,0.18953499999999945
LA-XA,200805,2,ensemble,reference_r1,1.7081199999999992,1.3175499999999998,200804,0.3905699999999994
LA-XA,200806,3,ensemble,reference_r1,5.893207000000004,2.1461239999999995,200804,3.7470830000000044
LA-XA,200807,1,ensemble,reference_r1,12.21593,10.850281999999993,200807,1.3656480000000073
LA-XA,200808,2,ensemble,reference_r1,5.8639809999999954,4.105643000000001,200807,1.7583379999999948
LA-XA,200809,3,ensemble,reference_r1,4.954492999999999,2.502944999999997,200807,2.4515480000000025
LA-XA,200810,1,ensemble,reference_r1,2.309897999999997,1.5478009999999998,200810,0.7620969999999971
LA-XA,200811,2,ensemble,reference_r1,1.454746,0.7231389999999998,200810,0.7316070000000003
LA-XA,200812,3,ensemble,reference_r1,0.8743529999999993,0.394121,200810,0.48023199999999927
LA-XA,200901,1,ensemble,reference_r1,0.4012799999999998,0.0975379999999999,200901,0.3037419999999999
LA-XA,200902,2,ensemble,reference_r1,0.4174359999999999,0.030936,200901,0.3864999999999999
LA-XA,200903,3,ensemble,reference_r1,0.4984540000000002,0.212916,200901,0.2855380000000002
LA-XA,200904,1,ensemble,reference_r1,0.7899910000000006,0.2745100000000001,200904,0.5154810000000005
LA-XA,200905,2,ensemble,reference_r1,2.6472499999999997,1.0569640000000002,200904,1.5902859999999994
LA-XA,200906,3,ensemble,reference_r1,8.996980000000004,5.6558589999999995,200904,3.3411210000000047
LA-XA,200907,1,ensemble,reference_r1,10.328724,6.654525,200907,3.6741989999999998
LA-XA,200908,2,ensemble,reference_r1,16.869136999999995,22.004283,200907,-5.135146000000006
LA-XA,200909,3,ensemble,reference_r1,6.801171,6.667822999999991,200907,0.13334800000000868
LA-XA,200910,1,ensemble,reference_r1,3.1479800000000004,4.262353999999998,200910,-1.114373999999998
LA-XA,200911,2,ensemble,reference_r1,2.7492649999999994,1.7879880000000004,200910,0.961276999999999
LA-XA,200912,3,ensemble,reference_r1,1.6093260000000011,1.54066,200910,0.06866600000000123
LA-XE,200801,1,ensemble,reference_r1,0.1336159999999999,0.014126,200801,0.1194899999999999
LA-XE,200802,2,ensemble,reference_r1,0.130263,0.00859,200801,0.12167299999999999
LA-XE,200803,3,ensemble,reference_r1,0.070645,0.003414,200801,0.067231
LA-XE,200804,1,ensemble,reference_r1,0.059686,0.0088569999999999,200804,0.0508290000000001
LA-XE,200805,2,ensemble,reference_r1,0.0940579999999999,0.037743,200804,0.05631499999999991
LA-XE,200806,3,ensemble,reference_r1,3.455644,4.076605000000001,200804,-0.6209610000000008
LA-XE,200807,1,ensemble,reference_r1,0.3156729999999998,0.2786010000000001,200807,0.037071999999999716
LA-XE,200808,2,ensemble,reference_r1,0.2842890000000002,0.3408239999999995,200807,-0.056534999999999336
LA-XE,200809,3,ensemble,reference_r1,0.616908,0.646874,200807,-0.029965999999999937
LA-XE,200810,1,ensemble,reference_r1,0.259619,0.0473129999999999,200810,0.2123060000000001
LA-XE,200811,2,ensemble,reference_r1,0.1063049999999999,0.0126799999999999,200810,0.093625
LA-XE,200812,3,ensemble,reference_r1,0.6657540000000001,0.896913,200810,-0.2311589999999999
LA-XE,200901,1,ensemble,reference_r1,0.137343,0.0067139999999999,200901,0.1306290000000001
LA-XE,200902,2,ensemble,reference_r1,1.184656,1.873414,200901,-0.688758
LA-XE,200903,3,ensemble,reference_r1,1.368584,1.755445,200901,-0.3868609999999999
LA-XE,200904,1,ensemble,reference_r1,0.500262,0.534985,200904,-0.03472300000000006
LA-XE,200905,2,ensemble,reference_r1,0.8660140000000001,0.924619,200904,-0.05860499999999991
LA-XE,200906,3,ensemble,reference_r1,6.523745,5.835069,200904,0.6886760000000001
LA-XE,200907,1,ensemble,reference_r1,22.886367,24.722913999999996,200907,-1.836546999999996
LA-XE,200908,2,ensemble,reference_r1,21.182357,22.169993,200907,-0.987636000000002
LA-XE,200909,3,ensemble,reference_r1,2.9330490000000005,4.003242999999999,200907,-1.070193999999999
LA-XE,200910,1,ensemble,reference_r1,3.888526,2.638095999999999,200910,1.250430000000001
LA-XE,200911,2,ensemble,reference_r1,1.4772919999999998,2.4022140000000007,200910,-0.9249220000000009
LA-XE,200912,3,ensemble,reference_r1,4.465701,6.235538999999999,200910,-1.7698379999999991
LA-XI,200801,1,ensemble,reference_r1,0.019959,0.000445,200801,0.019514
LA-XI,200802,2,ensemble,reference_r1,0.0243999999999999,0.000226,200801,0.0241739999999999
LA-XI,200803,3,ensemble,reference_r1,0.0167959999999999,0.0004499999999999,200801,0.016346000000000003
LA-XI,200804,1,ensemble,reference_r1,0.024096,0.0002979999999999,200804,0.0237980000000001
LA-XI,200805,2,ensemble,reference_r1,0.026132,0.001346,200804,0.024786
LA-XI,200806,3,ensemble,reference_r1,0.7855740000000001,0.935106,200804,-0.1495319999999999
LA-XI,200807,1,ensemble,reference_r1,0.085921,0.2479899999999997,200807,-0.1620689999999997
LA-XI,200808,2,ensemble,reference_r1,0.125298,0.2407529999999997,200807,-0.1154549999999997
LA-XI,200809,3,ensemble,reference_r1,0.1246689999999999,0.247541,200807,-0.1228720000000001
LA-XI,200810,1,ensemble,reference_r1,0.029585,0.0105359999999999,200810,0.0190490000000001
LA-XI,200811,2,ensemble,reference_r1,0.0319169999999999,0.0017099999999999,200810,0.030206999999999998
LA-XI,200812,3,ensemble,reference_r1,0.026438,0.0007599999999999,200810,0.0256780000000001
LA-XI,200901,1,ensemble,reference_r1,0.0226809999999999,0.000902,200901,0.0217789999999999
LA-XI,200902,2,ensemble,reference_r1,0.02077,0.001051,200901,0.019719
LA-XI,200903,3,ensemble,reference_r1,0.020191,0.0015239999999999,200901,0.0186670000000001
LA-XI,200904,1,ensemble,reference_r1,0.0198639999999999,0.0002669999999999,200904,0.019597
LA-XI,200905,2,ensemble,reference_r1,38.385726,38.934755,200904,-0.5490290000000044
LA-XI,200906,3,ensemble,reference_r1,32.099427,32.807079,200904,-0.7076520000000031
LA-XI,200907,1,ensemble,reference_r1,0.7948419999999992,0.7653860000000012,200907,0.02945599999999793
LA-XI,200908,2,ensemble,reference_r1,9.095243,6.952957999999999,200907,2.142285000000001
LA-XI,200909,3,ensemble,reference_r1,0.0881439999999997,0.5359949999999998,200907,-0.4478510000000001
LA-XI,200910,1,ensemble,reference_r1,0.018772,1.1083820000000002,200910,-1.0896100000000002
LA-XI,200911,2,ensemble,reference_r1,0.0382879999999999,0.3309709999999999,200910,-0.292683
LA-XI,200912,3,ensemble,reference_r1,0.023471,0.180008,200910,-0.156537
LA-AT,200801,1,ensemble,reference_r2,3.3959930000000003,2.870029,200801,0.5259640000000001
LA-AT,200802,2,ensemble,reference_r2,1.510919,1.166247,200801,0.34467199999999987
LA-AT,200803,3,ensemble,reference_r2,0.026809,0.0779409999999999,200801,-0.0511319999999999
LA-AT,200804,1,ensemble,reference_r2,0.059353,0.4965809999999999,200804,-0.4372279999999999
LA-AT,200805,2,ensemble,reference_r2,3.198659,2.053591,200804,1.1450680000000002
LA-AT,200806,3,ensemble,reference_r2,8.515454,5.099836,200804,3.4156180000000003
LA-AT,200807,1,ensemble,reference_r2,3.6834890000000007,3.6795430000000096,200807,0.003945999999991123
LA-AT,200808,2,ensemble,reference_r2,7.667672,6.903518999999996,200807,0.7641530000000039
LA-AT,200809,3,ensemble,reference_r2,17.251327,17.34541,200807,-0.09408300000000125
LA-AT,200810,1,ensemble,reference_r2,34.345468999999994,30.636712000000003,200810,3.7087569999999914
LA-AT,200811,2,ensemble,reference_r2,33.811591,36.745142,200810,-2.9335510000000014
LA-AT,200812,3,ensemble,reference_r2,15.907208,17.612139,200810,-1.7049309999999984
LA-AT,200901,1,ensemble,reference_r2,10.92326,8.47136,200901,2.4519
LA-AT,200902,2,ensemble,reference_r2,35.539972999999996,39.265982,200901,-3.726009000000005
LA-AT,200903,3,ensemble,reference_r2,65.984555,59.574331,200901,6.4102239999999995
LA-AT,200904,1,ensemble,reference_r2,68.714011,49.116268,200904,19.597743
LA-AT,200905,2,ensemble,reference_r2,3.5279560000000014,51.268833999999984,200904,-47.74087799999998
LA-AT,200906,3,ensemble,reference_r2,13.597899000000002,35.279944,200904,-21.682045
LA-AT,200907,1,ensemble,reference_r2,57.691561,47.680179,200907,10.011381999999998
LA-AT,200908,2,ensemble,reference_r2,16.912423,14.664608,200907,2.247815000000001
LA-AT,200909,3,ensemble,reference_r2,11.397989,9.823124,200907,1.5748650000000008
LA-AT,200910,1,ensemble,reference_r2,2.954942000000001,5.629828,200910,-2.674885999999999
LA-AT,200911,2,ensemble,reference_r2,12.240948,7.106491000000002,200910,5.134456999999998
LA-AT,200912,3,ensemble,reference_r2,3.9774569999999994,4.375648999999999,200910,-0.3981919999999999
LA-BK,200801,1,ensemble,reference_r2,0.6667500000000001,0.948692,200801,-0.2819419999999999
LA-BK,200802,2,ensemble,reference_r2,0.039221,9.99999999999916e-07,200801,0.03922
LA-BK,200803,3,ensemble,reference_r2,0.04577,5.00000000000023e-06,200801,0.045765
LA-BK,200804,1,ensemble,reference_r2,0.0562489999999999,0.0919389999999999,200804,-0.03568999999999999
LA-BK,200805,2,ensemble,reference_r2,11.04588,8.282046999999999,200804,2.7638330000000018
LA-BK,200806,3,ensemble,reference_r2,51.642547,46.60701,200804,5.035536999999998
LA-BK,200807,1,ensemble,reference_r2,0.9982129999999998,1.8842029999999992,200807,-0.8859899999999994
LA-BK,200808,2,ensemble,reference_r2,6.354260999999999,5.801938,200807,0.5523229999999995
LA-BK,200809,3,ensemble,reference_r2,27.152350999999996,21.645176,200807,5.507174999999997
LA-BK,200810,1,ensemble,reference_r2,40.554911,22.942771000000008,200810,17.61213999999999
LA-BK,200811,2,ensemble,reference_r2,49.920087,48.272275,200810,1.6478120000000018
LA-BK,200812,3,ensemble,reference_r2,3.998274,2.9151080000000005,200810,1.0831659999999994
LA-BK,200901,1,ensemble,reference_r2,0.551415,0.463794,200901,0.087621
LA-BK,200902,2,ensemble,reference_r2,0.2147279999999998,0.269102,200901,-0.0543740000000002
LA-BK,200903,3,ensemble,reference_r2,0.5537159999999999,0.586875,200901,-0.03315900000000016
LA-BK,200904,1,ensemble,reference_r2,2.115465,1.318219,200904,0.7972459999999999
LA-BK,200905,2,ensemble,reference_r2,71.998638,43.200038,200904,28.7986
LA-BK,200906,3,ensemble,reference_r2,209.873897,146.591438,200904,63.28245899999999
LA-BK,200907,1,ensemble,reference_r2,178.663678,184.315415,200907,-5.651736999999997
LA-BK,200908,2,ensemble,reference_r2,92.736919,90.208952,200907,2.527967000000004
LA-BK,200909,3,ensemble,reference_r2,39.855599000000005,39.497511,200907,0.3580880000000022
LA-BK,200910,1,ensemble,reference_r2,20.774366,21.675027,200910,-0.9006609999999995
LA-BK,200911,2,ensemble,reference_r2,3.3781370000000006,16.155339999999995,200910,-12.777202999999995
LA-BK,200912,3,ensemble,reference_r2,2.953804999999999,4.625311999999999,200910,-1.671507
LA-BL,200801,1,ensemble,reference_r2,5.591942999999999,5.211004,200801,0.3809389999999988
LA-BL,200802,2,ensemble,reference_r2,3.4293129999999996,5.742271,200801,-2.312958
LA-BL,200803,3,ensemble,reference_r2,0.90268,0.3935499999999999,200801,0.5091300000000001
LA-BL,200804,1,ensemble,reference_r2,1.6409819999999993,1.801488,200804,-0.1605060000000007
LA-BL,200805,2,ensemble,reference_r2,5.931877999999999,11.091016,200804,-5.1591380000000004
LA-BL,200806,3,ensemble,reference_r2,7.866968,11.807714,200804,-3.9407460000000007
LA-BL,200807,1,ensemble,reference_r2,11.687502,19.489928999999997,200807,-7.802426999999996
LA-BL,200808,2,ensemble,reference_r2,10.974128999999998,20.422767,200807,-9.448638000000003
LA-BL,200809,3,ensemble,reference_r2,11.195741999999996,18.832101999999992,200807,-7.636359999999996
LA-BL,200810,1,ensemble,reference_r2,12.360224000000002,10.138714000000004,200810,2.2215099999999985
LA-BL,200811,2,ensemble,reference_r2,5.317799000000001,3.98417,200810,1.3336290000000006
LA-BL,200812,3,ensemble,reference_r2,4.479175999999999,0.9679320000000002,200810,3.5112439999999987
LA-BL,200901,1,ensemble,reference_r2,0.8389099999999998,0.727095,200901,0.11181499999999978
LA-BL,200902,2,ensemble,reference_r2,1.0475249999999998,1.7457879999999997,200901,-0.6982629999999999
LA-BL,200903,3,ensemble,reference_r2,1.048388,0.9977959999999996,200901,0.050592000000000525
LA-BL,200904,1,ensemble,reference_r2,1.4366730000000003,0.7688329999999999,200904,0.6678400000000004
LA-BL,200905,2,ensemble,reference_r2,6.077254000000002,4.063975000000001,200904,2.0132790000000007
LA-BL,200906,3,ensemble,reference_r2,7.679383999999999,5.191542999999999,200904,2.4878409999999995
LA-BL,200907,1,ensemble,reference_r2,13.537304999999996,21.442379000000003,200907,-7.905074000000006
LA-BL,200908,2,ensemble,reference_r2,11.332068000000003,5.833576000000001,200907,5.498492000000002
LA-BL,200909,3,ensemble,reference_r2,14.621444000000004,5.436509999999998,200907,9.184934000000005
LA-BL,200910,1,ensemble,reference_r2,5.435346999999998,5.468042999999998,200910,-0.032695999999999614
LA-BL,200911,2,ensemble,reference_r2,3.861016000000001,2.460592,200910,1.400424000000001
LA-BL,200912,3,ensemble,reference_r2,1.0996110000000003,0.6904659999999998,200910,0.40914500000000054
LA-CH,200801,1,ensemble,reference_r2,30.871327000000004,29.400878,200801,1.4704490000000057
LA-CH,200802,2,ensemble,reference_r2,41.736225999999995,41.710931,200801,0.02529499999999274
LA-CH,200803,3,ensemble,reference_r2,43.06991,48.63571,200801,-5.565800000000003
LA-CH,200804,1,ensemble,reference_r2,20.402334999999997,36.551064,200804,-16.148729
LA-CH,200805,2,ensemble,reference_r2,34.086164999999994,61.931813000000005,200804,-27.84564800000001
LA-CH,200806,3,ensemble,reference_r2,138.83403099999998,169.26722999999998,200804,-30.433199000000002
LA-CH,200807,1,ensemble,reference_r2,50.316439,95.311037,200807,-44.994597999999996
LA-CH,200808,2,ensemble,reference_r2,49.26340300000001,91.334289,200807,-42.07088599999999
LA-CH,200809,3,ensemble,reference_r2,53.73576400000002,123.56388700000002,200807,-69.828123
LA-CH,200810,1,ensemble,reference_r2,39.621346,48.776076,200810,-9.15473
LA-CH,200811,2,ensemble,reference_r2,32.280468,49.353605,200810,-17.073137000000003
LA-CH,200812,3,ensemble,reference_r2,29.133590999999996,34.683201999999994,200810,-5.549610999999999
LA-CH,200901,1,ensemble,reference_r2,11.289501,10.119243,200901,1.1702579999999987
LA-CH,200902,2,ensemble,reference_r2,16.057015999999997,27.214198000000003,200901,-11.157182000000006
LA-CH,200903,3,ensemble,reference_r2,18.754955,22.387956999999997,200901,-3.6330019999999976
LA-CH,200904,1,ensemble,reference_r2,46.816311000000006,39.571918,200904,7.244393000000009
LA-CH,200905,2,ensemble,reference_r2,18.959157000000005,77.67261800000003,200904,-58.713461000000024
LA-CH,200906,3,ensemble,reference_r2,39.770465,71.83555600000003,200904,-32.065091000000024
LA-CH,200907,1,ensemble,reference_r2,40.16368700000001,72.095211,200907,-31.931523999999996
LA-CH,200908,2,ensemble,reference_r2,33.314569999999975,64.89548500000001,200907,-31.580915000000033
LA-CH,200909,3,ensemble,reference_r2,29.85857,60.58468499999998,200907,-30.72611499999998
LA-CH,200910,1,ensemble,reference_r2,21.111970999999997,20.648829,200910,0.4631419999999977
LA-CH,200911,2,ensemble,reference_r2,17.432050000000004,20.115042000000003,200910,-2.6829919999999987
LA-CH,200912,3,ensemble,reference_r2,17.541683,11.842319999999994,200910,5.699363000000005
LA-HO,200801,1,ensemble,reference_r2,0.092032,0.0028089999999999,200801,0.08922300000000011
LA-HO,200802,2,ensemble,reference_r2,0.0929209999999999,0.001024,200801,0.09189699999999991
LA-HO,200803,3,ensemble,reference_r2,0.1034039999999999,0.0061849999999999,200801,0.097219
LA-HO,200804,1,ensemble,reference_r2,0.0377649999999999,0.01699,200804,0.0207749999999999
LA-HO,200805,2,ensemble,reference_r2,0.0381969999999999,0.0505309999999999,200804,-0.012334000000000005
LA-HO,200806,3,ensemble,reference_r2,0.081076,0.106754,200804,-0.025678000000000006
LA-HO,200807,1,ensemble,reference_r2,0.118842,0.4200189999999999,200807,-0.3011769999999999
LA-HO,200808,2,ensemble,reference_r2,0.0703129999999999,0.4557479999999998,200807,-0.3854349999999999
LA-HO,200809,3,ensemble,reference_r2,0.6483469999999999,0.8657190000000003,200807,-0.21737200000000045
LA-HO,200810,1,ensemble,reference_r2,0.153034,0.07379,200810,0.07924400000000001
LA-HO,200811,2,ensemble,reference_r2,0.095291,0.007235,200810,0.088056
LA-HO,200812,3,ensemble,reference_r2,0.4904329999999999,0.8987419999999999,200810,-0.40830900000000003
LA-HO,200901,1,ensemble,reference_r2,0.093727,0.0168959999999999,200901,0.07683100000000011
LA-HO,200902,2,ensemble,reference_r2,0.081531,0.0283689999999999,200901,0.053162000000000105
LA-HO,200903,3,ensemble,reference_r2,0.0978069999999999,0.0238049999999999,200901,0.074002
LA-HO,200904,1,ensemble,reference_r2,0.035801,0.00596,200904,0.029841
LA-HO,200905,2,ensemble,reference_r2,0.0343459999999999,0.014989,200904,0.019356999999999895
LA-HO,200906,3,ensemble,reference_r2,0.0706559999999999,0.0415379999999999,200904,0.029117999999999998
LA-HO,200907,1,ensemble,reference_r2,0.1220319999999999,0.3486150000000005,200907,-0.2265830000000006
LA-HO,200908,2,ensemble,reference_r2,0.0701309999999999,0.568760000000001,200907,-0.49862900000000115
LA-HO,200909,3,ensemble,reference_r2,0.64205,0.782449999999999,200907,-0.14039999999999897
LA-HO,200910,1,ensemble,reference_r2,0.507252,0.5915029999999999,200910,-0.08425099999999985
LA-HO,200911,2,ensemble,reference_r2,0.5531800000000001,0.7675,200910,-0.21431999999999984
LA-HO,200912,3,ensemble,reference_r2,0.4841459999999999,0.88176,200910,-0.3976140000000001
LA-KH,200801,1,ensemble,reference_r2,0.4553739999999999,0.8436089999999998,200801,-0.38823499999999994
LA-KH,200802,2,ensemble,reference_r2,0.3032239999999999,0.1006579999999999,200801,0.20256599999999997
LA-KH,200803,3,ensemble,reference_r2,0.1658109999999999,0.084513,200801,0.0812979999999999
LA-KH,200804,1,ensemble,reference_r2,0.3438189999999999,0.3475000000000001,200804,-0.003681000000000212
LA-KH,200805,2,ensemble,reference_r2,1.2967359999999992,0.8777169999999996,200804,0.4190189999999996
LA-KH,200806,3,ensemble,reference_r2,3.657329999999998,2.284251000000001,200804,1.373078999999997
LA-KH,200807,1,ensemble,reference_r2,9.885990999999995,4.221245999999994,200807,5.664745000000002
LA-KH,200808,2,ensemble,reference_r2,10.352199,4.132339000000002,200807,6.219859999999999
LA-KH,200809,3,ensemble,reference_r2,4.613610000000001,4.838402000000002,200807,-0.22479200000000077
LA-KH,200810,1,ensemble,reference_r2,3.3758230000000005,0.712469,200810,2.6633540000000004
LA-KH,200811,2,ensemble,reference_r2,1.6034230000000005,1.6994600000000002,200810,-0.0960369999999997
LA-KH,200812,3,ensemble,reference_r2,2.3214169999999994,3.2335190000000003,200810,-0.9121020000000009
LA-KH,200901,1,ensemble,reference_r2,0.7514550000000004,0.095673,200901,0.6557820000000004
LA-KH,200902,2,ensemble,reference_r2,0.4784269999999999,0.0148939999999999,200901,0.463533
LA-KH,200903,3,ensemble,reference_r2,3.558827,4.787865,200901,-1.229038
LA-KH,200904,1,ensemble,reference_r2,0.5204570000000004,0.319434,200904,0.2010230000000004
LA-KH,200905,2,ensemble,reference_r2,3.4013779999999993,2.2428190000000003,200904,1.158558999999999
LA-KH,200906,3,ensemble,reference_r2,52.42411,63.818406,200904,-11.394296000000004
LA-KH,200907,1,ensemble,reference_r2,100.333033,113.180951,200907,-12.847917999999993
LA-KH,200908,2,ensemble,reference_r2,215.314169,238.574493,200907,-23.260323999999997
LA-KH,200909,3,ensemble,reference_r2,215.478709,223.8797,200907,-8.400991000000005
LA-KH,200910,1,ensemble,reference_r2,48.19529700000001,42.39027300000001,200910,5.805024000000003
LA-KH,200911,2,ensemble,reference_r2,39.963654000000005,22.924324999999996,200910,17.03932900000001
LA-KH,200912,3,ensemble,reference_r2,44.825227,30.880674000000003,200910,13.944552999999996
LA-LM,200801,1,ensemble,reference_r2,0.0153019999999999,0.000226,200801,0.0150759999999999
LA-LM,200802,2,ensemble,reference_r2,0.0241649999999999,8.099999999999948e-05,200801,0.024083999999999897
LA-LM,200803,3,ensemble,reference_r2,0.03865,4.000000000000097e-06,200801,0.038646
LA-LM,200804,1,ensemble,reference_r2,0.022098,0.0301639999999999,200804,-0.0080659999999999
LA-LM,200805,2,ensemble,reference_r2,0.0312979999999999,0.198095,200804,-0.16679700000000008
LA-LM,200806,3,ensemble,reference_r2,0.031308,0.292751,200804,-0.261443
LA-LM,200807,1,ensemble,reference_r2,0.0743319999999999,1.0682200000000002,200807,-0.9938880000000003
LA-LM,200808,2,ensemble,reference_r2,0.071195,0.5533980000000005,200807,-0.4822030000000005
LA-LM,200809,3,ensemble,reference_r2,0.0705629999999999,0.5952210000000004,200807,-0.5246580000000005
LA-LM,200810,1,ensemble,reference_r2,0.085377,0.0238269999999999,200810,0.06155000000000009
LA-LM,200811,2,ensemble,reference_r2,0.046715,0.002683,200810,0.044032
LA-LM,200812,3,ensemble,reference_r2,0.0166989999999999,0.000148,200810,0.016550999999999903
LA-LM,200901,1,ensemble,reference_r2,0.020495,0.0001019999999999,200901,0.0203930000000001
LA-LM,200902,2,ensemble,reference_r2,0.0223789999999999,9.99999999999994e-05,200901,0.0222789999999999
LA-LM,200903,3,ensemble,reference_r2,0.0351389999999999,0.0004839999999999,200901,0.034655
LA-LM,200904,1,ensemble,reference_r2,0.752387,0.94868,200904,-0.19629299999999994
LA-LM,200905,2,ensemble,reference_r2,0.0280679999999999,0.0033749999999999,200904,0.024693
LA-LM,200906,3,ensemble,reference_r2,1.597872,1.778816,200904,-0.180944
LA-LM,200907,1,ensemble,reference_r2,0.561564,0.942513,200907,-0.3809490000000001
LA-LM,200908,2,ensemble,reference_r2,0.1593340000000001,1.34788,200907,-1.1885459999999999
LA-LM,200909,3,ensemble,reference_r2,2.775749,2.340674,200907,0.4350749999999999
LA-LM,200910,1,ensemble,reference_r2,3.5029329999999996,2.816205,200910,0.6867279999999996
LA-LM,200911,2,ensemble,reference_r2,4.669093,4.455114999999999,200910,0.2139780000000009
LA-LM,200912,3,ensemble,reference_r2,3.0347880000000007,3.353251,200910,-0.3184629999999995
LA-LP,200801,1,ensemble,reference_r2,0.9199670000000002,0.7571660000000002,200801,0.16280099999999997
LA-LP,200802,2,ensemble,reference_r2,11.4469,14.267759,200801,-2.8208590000000004
LA-LP,200803,3,ensemble,reference_r2,17.184066,20.295906,200801,-3.1118399999999973
LA-LP,200804,1,ensemble,reference_r2,25.303241,31.738872000000004,200804,-6.435631000000004
LA-LP,200805,2,ensemble,reference_r2,102.073456,112.771204,200804,-10.697748000000004
LA-LP,200806,3,ensemble,reference_r2,129.24167,153.205867,200804,-23.964197000000013
LA-LP,200807,1,ensemble,reference_r2,9.345451000000011,9.993556000000003,200807,-0.6481049999999922
LA-LP,200808,2,ensemble,reference_r2,8.975386,8.205945999999997,200807,0.769440000000003
LA-LP,200809,3,ensemble,reference_r2,8.462485000000008,8.876618,200807,-0.41413299999999253
LA-LP,200810,1,ensemble,reference_r2,12.445035,16.71071,200810,-4.265674999999998
LA-LP,200811,2,ensemble,reference_r2,91.530426,108.873379,200810,-17.342952999999994
LA-LP,200812,3,ensemble,reference_r2,142.60368400000002,157.84191199999998,200810,-15.238227999999964
LA-LP,200901,1,ensemble,reference_r2,7.405499999999996,8.096719,200901,-0.6912190000000038
LA-LP,200902,2,ensemble,reference_r2,7.279920000000004,4.327036,200901,2.9528840000000045
LA-LP,200903,3,ensemble,reference_r2,7.780261000000003,11.661655999999995,200901,-3.8813949999999924
LA-LP,200904,1,ensemble,reference_r2,0.6652750000000003,11.652033,200904,-10.986757999999998
LA-LP,200905,2,ensemble,reference_r2,1.6827159999999992,35.67989000000001,200904,-33.99717400000001
LA-LP,200906,3,ensemble,reference_r2,4.462852999999999,70.77148200000002,200904,-66.30862900000002
LA-LP,200907,1,ensemble,reference_r2,10.598537999999998,20.486870999999997,200907,-9.888333
LA-LP,200908,2,ensemble,reference_r2,12.488017999999997,20.185861999999997,200907,-7.697844
LA-LP,200909,3,ensemble,reference_r2,260.697273,283.036426,200907,-22.33915300000001
LA-LP,200910,1,ensemble,reference_r2,117.787319,73.503249,200910,44.28407
LA-LP,200911,2,ensemble,reference_r2,58.83092100000002,35.459931,200910,23.37099000000002
LA-LP,200912,3,ensemble,reference_r2,5.761779000000004,5.855303000000001,200910,-0.09352399999999683
LA-OU,200801,1,ensemble,reference_r2,0.0253519999999999,0.0012409999999999,200801,0.024111
LA-OU,200802,2,ensemble,reference_r2,0.022358,6.399999999999982e-05,200801,0.022294
LA-OU,200803,3,ensemble,reference_r2,0.021876,8.099999999999948e-05,200801,0.021795000000000002
LA-OU,200804,1,ensemble,reference_r2,0.0213289999999999,0.080944,200804,-0.0596150000000001
LA-OU,200805,2,ensemble,reference_r2,0.034417,0.3718069999999998,200804,-0.33738999999999975
LA-OU,200806,3,ensemble,reference_r2,0.049472,0.6405690000000002,200804,-0.5910970000000002
LA-OU,200807,1,ensemble,reference_r2,0.078994,1.957936,200807,-1.878942
LA-OU,200808,2,ensemble,reference_r2,0.100287,1.3450399999999991,200807,-1.244752999999999
LA-OU,200809,3,ensemble,reference_r2,0.0664529999999999,1.5896340000000002,200807,-1.5231810000000003
LA-OU,200810,1,ensemble,reference_r2,0.057176,0.0335859999999999,200810,0.023590000000000097
LA-OU,200811,2,ensemble,reference_r2,0.034749,0.003444,200810,0.031305
LA-OU,200812,3,ensemble,reference_r2,0.0172519999999999,0.000635,200810,0.0166169999999999
LA-OU,200901,1,ensemble,reference_r2,0.020531,0.0002339999999999,200901,0.0202970000000001
LA-OU,200902,2,ensemble,reference_r2,0.0249159999999999,0.0002249999999999,200901,0.024691
LA-OU,200903,3,ensemble,reference_r2,0.0209159999999999,0.0002339999999999,200901,0.020682
LA-OU,200904,1,ensemble,reference_r2,0.018494,0.00073,200904,0.017764
LA-OU,200905,2,ensemble,reference_r2,0.0371009999999999,0.0065199999999999,200904,0.030580999999999997
LA-OU,200906,3,ensemble,reference_r2,0.045518,0.0146779999999999,200904,0.030840000000000103
LA-OU,200907,1,ensemble,reference_r2,0.062363,1.6200480000000006,200907,-1.5576850000000007
LA-OU,200908,2,ensemble,reference_r2,0.658688,2.1309520000000006,200907,-1.4722640000000005
LA-OU,200909,3,ensemble,reference_r2,13.979842,9.051423,200907,4.928419
LA-OU,200910,1,ensemble,reference_r2,4.286379,2.259908,200910,2.0264710000000004
LA-OU,200911,2,ensemble,reference_r2,10.534605,8.562932,200910,1.971673000000001
LA-OU,200912,3,ensemble,reference_r2,14.998471000000002,16.293002,200910,-1.2945309999999992
LA-PH,200901,1,ensemble,reference_r2,0.0148429999999999,0.017178,200901,-0.002335000000000099
LA-PH,200902,2,ensemble,reference_r2,0.025592,0.0116239999999999,200901,0.0139680000000001
LA-PH,200903,3,ensemble,reference_r2,0.0208089999999999,0.015307,200901,0.005501999999999901
LA-PH,200904,1,ensemble,reference_r2,0.019823,0.0035339999999999,200904,0.016289000000000102
LA-PH,200905,2,ensemble,reference_r2,0.020099,0.0082129999999999,200904,0.0118860000000001
LA-PH,200906,3,ensemble,reference_r2,0.020466,0.026865,200904,-0.0063989999999999984
LA-PH,200907,1,ensemble,reference_r2,0.023747,0.2463779999999999,200907,-0.2226309999999999
LA-PH,200909,3,ensemble,reference_r2,0.0315189999999999,0.4324589999999997,200907,-0.4009399999999998
LA-PH,200910,1,ensemble,reference_r2,0.02293,0.013547,200910,0.009382999999999999
LA-PH,200911,2,ensemble,reference_r2,0.0171739999999999,0.0079899999999999,200910,0.009184000000000001
LA-PH,200912,3,ensemble,reference_r2,0.025942,0.001654,200910,0.024288
LA-SL,200801,1,ensemble,reference_r2,0.365993,0.9609960000000002,200801,-0.5950030000000002
LA-SL,200802,2,ensemble,reference_r2,0.72024,0.4065709999999998,200801,0.3136690000000002
LA-SL,200803,3,ensemble,reference_r2,3.3879059999999996,3.618485,200801,-0.23057900000000053
LA-SL,200804,1,ensemble,reference_r2,1.3527049999999998,1.2881089999999995,200804,0.06459600000000032
LA-SL,200805,2,ensemble,reference_r2,90.876761,88.681095,200804,2.195666000000003
LA-SL,200806,3,ensemble,reference_r2,208.714157,182.102189,200804,26.61196799999999
LA-SL,200807,1,ensemble,reference_r2,58.383173,48.087969999999984,200807,10.295203000000015
LA-SL,200808,2,ensemble,reference_r2,40.636977,37.69212300000001,200807,2.9448539999999923
LA-SL,200809,3,ensemble,reference_r2,54.12670299999999,56.927235,200807,-2.800532000000011
LA-SL,200810,1,ensemble,reference_r2,68.337449,38.914912,200810,29.422537000000005
LA-SL,200811,2,ensemble,reference_r2,14.698823999999997,7.517941000000002,200810,7.180882999999994
LA-SL,200812,3,ensemble,reference_r2,5.230689000000002,2.700215,200810,2.5304740000000017
LA-SL,200901,1,ensemble,reference_r2,1.1580880000000002,1.8186020000000005,200901,-0.6605140000000003
LA-SL,200902,2,ensemble,reference_r2,18.735793,19.869148000000003,200901,-1.1333550000000017
LA-SL,200903,3,ensemble,reference_r2,18.889934,13.274758,200901,5.615176
LA-SL,200904,1,ensemble,reference_r2,12.750323,6.034967999999999,200904,6.715355000000001
LA-SL,200905,2,ensemble,reference_r2,86.297432,45.707485,200904,40.589947
LA-SL,200906,3,ensemble,reference_r2,25.542038,34.25086399999999,200904,-8.708825999999991
LA-SL,200907,1,ensemble,reference_r2,121.605399,115.541823,200907,6.063576000000012
LA-SL,200908,2,ensemble,reference_r2,85.848121,87.82631500000001,200907,-1.978194000000002
LA-SL,200909,3,ensemble,reference_r2,57.496424000000005,61.209676,200907,-3.713251999999997
LA-SL,200910,1,ensemble,reference_r2,56.259240000000005,34.766141000000005,200910,21.493099
LA-SL,200911,2,ensemble,reference_r2,24.570793,17.021496,200910,7.549296999999999
LA-SL,200912,3,ensemble,reference_r2,9.759109,6.997938000000001,200910,2.761170999999999
LA-SV,200801,1,ensemble,reference_r2,1.808536,5.727430999999999,200801,-3.918894999999999
LA-SV,200802,2,ensemble,reference_r2,0.7783999999999995,1.0720569999999996,200801,-0.29365700000000006
LA-SV,200803,3,ensemble,reference_r2,1.0019740000000006,0.495967,200801,0.5060070000000005
LA-SV,200804,1,ensemble,reference_r2,2.845471999999999,2.4851609999999997,200804,0.3603109999999994
LA-SV,200805,2,ensemble,reference_r2,9.283547999999996,4.594252000000001,200804,4.689295999999995
LA-SV,200806,3,ensemble,reference_r2,15.424445000000006,16.320681000000008,200804,-0.8962360000000018
LA-SV,200807,1,ensemble,reference_r2,40.057536,22.10757099999998,200807,17.94996500000002
LA-SV,200808,2,ensemble,reference_r2,31.91931500000001,18.885549999999967,200807,13.033765000000045
LA-SV,200809,3,ensemble,reference_r2,25.929744,26.240959999999973,200807,-0.3112159999999733
LA-SV,200810,1,ensemble,reference_r2,13.577576999999993,3.883800000000001,200810,9.693776999999992
LA-SV,200811,2,ensemble,reference_r2,6.186890999999996,0.775015,200810,5.411875999999996
LA-SV,200812,3,ensemble,reference_r2,2.843322000000001,0.35477,200810,2.488552000000001
LA-SV,200901,1,ensemble,reference_r2,0.96833,0.0935149999999999,200901,0.8748150000000001
LA-SV,200902,2,ensemble,reference_r2,0.5820850000000002,0.0167589999999999,200901,0.5653260000000003
LA-SV,200903,3,ensemble,reference_r2,0.5745699999999996,0.1169239999999999,200901,0.45764599999999966
LA-SV,200904,1,ensemble,reference_r2,1.888354999999999,0.183268,200904,1.705086999999999
LA-SV,200905,2,ensemble,reference_r2,8.408456999999999,1.158766,200904,7.2496909999999986
LA-SV,200906,3,ensemble,reference_r2,17.043855000000008,1.7325730000000004,200904,15.311282000000007
LA-SV,200907,1,ensemble,reference_r2,30.017206000000016,30.679626999999986,200907,-0.66242099999997
LA-SV,200908,2,ensemble,reference_r2,31.194189000000023,34.536985999999956,200907,-3.3427969999999334
LA-SV,200909,3,ensemble,reference_r2,28.766479000000004,37.720864000000006,200907,-8.954385000000002
LA-SV,200910,1,ensemble,reference_r2,14.466645,7.350740000000002,200910,7.115904999999998
LA-SV,200911,2,ensemble,reference_r2,13.91892,14.811204,200910,-0.8922840000000001
LA-SV,200912,3,ensemble,reference_r2,5.0262959999999985,1.603733999999999,200910,3.422561999999999
LA-VT,200801,1,ensemble,reference_r2,14.796234000000002,11.966943,200801,2.8292910000000013
LA-VT,200802,2,ensemble,reference_r2,12.810936000000002,3.921690000000001,200801,8.889246
LA-VT,200803,3,ensemble,reference_r2,11.145681000000003,16.988966,200801,-5.843284999999998
LA-VT,200804,1,ensemble,reference_r2,17.403254999999998,5.232127000000002,200804,12.171127999999996
LA-VT,200805,2,ensemble,reference_r2,24.778174999999997,11.074110000000005,200804,13.704064999999993
LA-VT,200806,3,ensemble,reference_r2,41.32299899999998,33.82941000000001,200804,7.493588999999972
LA-VT,200807,1,ensemble,reference_r2,70.88318999999998,82.810205,200807,-11.927015000000011
LA-VT,200808,2,ensemble,reference_r2,63.93849500000002,84.79809499999999,200807,-20.859599999999972
LA-VT,200809,3,ensemble,reference_r2,56.800700000000006,88.43824000000001,200807,-31.63754
LA-VT,200810,1,ensemble,reference_r2,58.80995900000002,34.23430500000002,200810,24.575654
LA-VT,200811,2,ensemble,reference_r2,35.47283399999999,63.076217,200810,-27.603383000000008
LA-VT,200812,3,ensemble,reference_r2,24.295146999999993,52.983022000000005,200810,-28.687875000000012
LA-VT,200901,1,ensemble,reference_r2,12.111762999999996,19.981765000000003,200901,-7.870002000000007
LA-VT,200902,2,ensemble,reference_r2,8.955775,13.921715,200901,-4.965940000000002
LA-VT,200903,3,ensemble,reference_r2,13.015456000000004,6.318354999999999,200901,6.697101000000005
LA-VT,200904,1,ensemble,reference_r2,8.196621,11.17111,200904,-2.974489
LA-VT,200905,2,ensemble,reference_r2,20.022915000000005,106.849626,200904,-86.82671099999999
LA-VT,200906,3,ensemble,reference_r2,40.49485200000001,173.583861,200904,-133.089009
LA-VT,200907,1,ensemble,reference_r2,92.85767499999996,173.3183140000001,200907,-80.46063900000014
LA-VT,200908,2,ensemble,reference_r2,117.451345,208.28285299999993,200907,-90.83150799999993
LA-VT,200909,3,ensemble,reference_r2,164.78033700000003,270.50272200000006,200907,-105.72238500000003
LA-VT,200910,1,ensemble,reference_r2,147.39438100000004,192.928868,200910,-45.534486999999956
LA-VT,200911,2,ensemble,reference_r2,214.53763,246.434299,200910,-31.896669000000003
LA-VT,200912,3,ensemble,reference_r2,159.80813800000004,232.33493500000003,200910,-72.52679699999999
LA-XA,200801,1,ensemble,reference_r2,0.3986150000000004,1.087205,200801,-0.6885899999999996
LA-XA,200802,2,ensemble,reference_r2,0.429335,0.247975,200801,0.18136000000000002
LA-XA,200803,3,ensemble,reference_r2,0.5434429999999999,0.158262,200801,0.3851809999999999
LA-XA,200804,1,ensemble,reference_r2,0.9164069999999996,0.4294739999999999,200804,0.4869329999999997
LA-XA,200805,2,ensemble,reference_r2,1.7081199999999992,1.258622,200804,0.4494979999999993
LA-XA,200806,3,ensemble,reference_r2,5.893207000000004,2.9524669999999995,200804,2.9407400000000044
LA-XA,200807,1,ensemble,reference_r2,12.21593,10.835366,200807,1.3805639999999997
LA-XA,200808,2,ensemble,reference_r2,5.8639809999999954,3.851817999999998,200807,2.0121629999999975
LA-XA,200809,3,ensemble,reference_r2,4.954492999999999,2.27628,200807,2.6782129999999995
LA-XA,200810,1,ensemble,reference_r2,2.309897999999997,1.599311,200810,0.710586999999997
LA-XA,200811,2,ensemble,reference_r2,1.454746,0.7601170000000002,200810,0.6946289999999999
LA-XA,200812,3,ensemble,reference_r2,0.8743529999999993,0.440991,200810,0.43336199999999925
LA-XA,200901,1,ensemble,reference_r2,0.4012799999999998,0.10459,200901,0.2966899999999998
LA-XA,200902,2,ensemble,reference_r2,0.4174359999999999,0.037595,200901,0.37984099999999993
LA-XA,200903,3,ensemble,reference_r2,0.4984540000000002,0.212144,200901,0.2863100000000002
LA-XA,200904,1,ensemble,reference_r2,0.7899910000000006,0.30185,200904,0.48814100000000055
LA-XA,200905,2,ensemble,reference_r2,2.6472499999999997,1.2287720000000002,200904,1.4184779999999995
LA-XA,200906,3,ensemble,reference_r2,8.996980000000004,5.806432999999999,200904,3.190547000000005
LA-XA,200907,1,ensemble,reference_r2,10.328724,6.875187000000011,200907,3.4535369999999883
LA-XA,200908,2,ensemble,reference_r2,16.869136999999995,22.443091999999993,200907,-5.573954999999998
LA-XA,200909,3,ensemble,reference_r2,6.801171,6.936960999999997,200907,-0.13578999999999652
LA-XA,200910,1,ensemble,reference_r2,3.1479800000000004,4.572735999999999,200910,-1.4247559999999986
LA-XA,200911,2,ensemble,reference_r2,2.7492649999999994,2.5080670000000005,200910,0.2411979999999989
LA-XA,200912,3,ensemble,reference_r2,1.6093260000000011,1.1685249999999998,200910,0.44080100000000133
LA-XE,200801,1,ensemble,reference_r2,0.1336159999999999,0.0134849999999999,200801,0.120131
LA-XE,200802,2,ensemble,reference_r2,0.130263,0.007958,200801,0.122305
LA-XE,200803,3,ensemble,reference_r2,0.070645,0.004571,200801,0.066074
LA-XE,200804,1,ensemble,reference_r2,0.059686,0.025236,200804,0.03445
LA-XE,200805,2,ensemble,reference_r2,0.0940579999999999,0.0677099999999999,200804,0.02634800000000001
LA-XE,200806,3,ensemble,reference_r2,3.455644,3.517428,200804,-0.06178400000000028
LA-XE,200807,1,ensemble,reference_r2,0.3156729999999998,0.4643760000000005,200807,-0.1487030000000007
LA-XE,200808,2,ensemble,reference_r2,0.2842890000000002,0.5777359999999998,200807,-0.2934469999999996
LA-XE,200809,3,ensemble,reference_r2,0.616908,0.6821890000000002,200807,-0.06528100000000014
LA-XE,200810,1,ensemble,reference_r2,0.259619,0.046339,200810,0.21328
LA-XE,200811,2,ensemble,reference_r2,0.1063049999999999,0.0087069999999999,200810,0.097598
LA-XE,200812,3,ensemble,reference_r2,0.6657540000000001,0.878037,200810,-0.2122829999999999
LA-XE,200901,1,ensemble,reference_r2,0.137343,0.008175,200901,0.129168
LA-XE,200902,2,ensemble,reference_r2,1.184656,1.89434,200901,-0.709684
LA-XE,200903,3,ensemble,reference_r2,1.368584,1.77034,200901,-0.401756
LA-XE,200904,1,ensemble,reference_r2,0.500262,0.515199,200904,-0.014936999999999978
LA-XE,200905,2,ensemble,reference_r2,0.8660140000000001,1.009627,200904,-0.143613
LA-XE,200906,3,ensemble,reference_r2,6.523745,5.777077,200904,0.7466679999999997
LA-XE,200907,1,ensemble,reference_r2,22.886367,24.536406,200907,-1.6500389999999996
LA-XE,200908,2,ensemble,reference_r2,21.182357,21.610439999999997,200907,-0.4280829999999973
LA-XE,200909,3,ensemble,reference_r2,2.9330490000000005,3.856923,200907,-0.9238739999999996
LA-XE,200910,1,ensemble,reference_r2,3.888526,2.772753,200910,1.1157730000000003
LA-XE,200911,2,ensemble,reference_r2,1.4772919999999998,9.009448000000006,200910,-7.532156000000006
LA-XE,200912,3,ensemble,reference_r2,4.465701,6.752690000000001,200910,-2.286989000000001
LA-XI,200801,1,ensemble,reference_r2,0.019959,0.000531,200801,0.019428
LA-XI,200802,2,ensemble,reference_r2,0.0243999999999999,9.99999999999994e-05,200801,0.0242999999999999
LA-XI,200803,3,ensemble,reference_r2,0.0167959999999999,0.0001539999999999,200801,0.016642
LA-XI,200804,1,ensemble,reference_r2,0.024096,0.020198,200804,0.0038979999999999987
LA-XI,200805,2,ensemble,reference_r2,0.026132,0.054979,200804,-0.028847
LA-XI,200806,3,ensemble,reference_r2,0.7855740000000001,0.5715620000000001,200804,0.21401199999999998
LA-XI,200807,1,ensemble,reference_r2,0.085921,0.4480550000000001,200807,-0.36213400000000007
LA-XI,200808,2,ensemble,reference_r2,0.125298,0.3596569999999994,200807,-0.2343589999999994
LA-XI,200809,3,ensemble,reference_r2,0.1246689999999999,0.4386389999999984,200807,-0.3139699999999985
LA-XI,200810,1,ensemble,reference_r2,0.029585,0.015991,200810,0.013594000000000002
LA-XI,200811,2,ensemble,reference_r2,0.0319169999999999,0.002603,200810,0.029313999999999896
LA-XI,200812,3,ensemble,reference_r2,0.026438,0.0004049999999999,200810,0.0260330000000001
LA-XI,200901,1,ensemble,reference_r2,0.0226809999999999,0.001867,200901,0.0208139999999999
LA-XI,200902,2,ensemble,reference_r2,0.02077,0.001718,200901,0.019052
LA-XI,200903,3,ensemble,reference_r2,0.020191,0.0013359999999999,200901,0.0188550000000001
LA-XI,200904,1,ensemble,reference_r2,0.0198639999999999,0.000539,200904,0.019324999999999898
LA-XI,200905,2,ensemble,reference_r2,38.385726,38.92053,200904,-0.5348040000000012
LA-XI,200906,3,ensemble,reference_r2,32.099427,32.853654999999996,200904,-0.7542279999999977
LA-XI,200907,1,ensemble,reference_r2,0.7948419999999992,0.7331480000000008,200907,0.06169399999999836
LA-XI,200908,2,ensemble,reference_r2,9.095243,6.875860999999999,200907,2.2193820000000013
LA-XI,200909,3,ensemble,reference_r2,0.0881439999999997,0.5530080000000002,200907,-0.4648640000000005
LA-XI,200910,1,ensemble,reference_r2,0.018772,0.7758910000000001,200910,-0.7571190000000001
LA-XI,200911,2,ensemble,reference_r2,0.0382879999999999,0.397899,200910,-0.3596110000000001
LA-XI,200912,3,ensemble,reference_r2,0.023471,0.1502909999999999,200910,-0.1268199999999999
LA-AT,200801,1,ensemble,reference_r3,3.3959930000000003,2.720357,200801,0.6756360000000003
LA-AT,200802,2,ensemble,reference_r3,1.510919,1.307112,200801,0.20380699999999985
LA-AT,200803,3,ensemble,reference_r3,0.026809,0.086338,200801,-0.059529
LA-AT,200804,1,ensemble,reference_r3,0.059353,0.599758,200804,-0.540405
LA-AT,200805,2,ensemble,reference_r3,3.198659,1.4779870000000002,200804,1.720672
LA-AT,200806,3,ensemble,reference_r3,8.515454,3.699967000000001,200804,4.815486999999999
LA-AT,200807,1,ensemble,reference_r3,3.6834890000000007,3.4457489999999993,200807,0.2377400000000014
LA-AT,200808,2,ensemble,reference_r3,7.667672,6.713205000000002,200807,0.9544669999999975
LA-AT,200809,3,ensemble,reference_r3,17.251327,17.844587,200807,-0.5932600000000008
LA-AT,200810,1,ensemble,reference_r3,34.345468999999994,28.765348,200810,5.580120999999995
LA-AT,200811,2,ensemble,reference_r3,33.811591,27.515794,200810,6.295797
LA-AT,200812,3,ensemble,reference_r3,15.907208,16.018390999999998,200810,-0.11118299999999692
LA-AT,200901,1,ensemble,reference_r3,10.92326,8.210778999999999,200901,2.712481000000002
LA-AT,200902,2,ensemble,reference_r3,35.539972999999996,39.230272,200901,-3.690299000000003
LA-AT,200903,3,ensemble,reference_r3,65.984555,60.195632,200901,5.788922999999997
LA-AT,200904,1,ensemble,reference_r3,68.714011,51.80044199999999,200904,16.91356900000001
LA-AT,200905,2,ensemble,reference_r3,3.5279560000000014,44.34508199999999,200904,-40.81712599999999
LA-AT,200906,3,ensemble,reference_r3,13.597899000000002,40.321078,200904,-26.723179
LA-AT,200907,1,ensemble,reference_r3,57.691561,52.602928,200907,5.0886330000000015
LA-AT,200908,2,ensemble,reference_r3,16.912423,15.761648,200907,1.1507750000000012
LA-AT,200909,3,ensemble,reference_r3,11.397989,10.428328,200907,0.9696610000000003
LA-AT,200910,1,ensemble,reference_r3,2.954942000000001,6.254522999999999,200910,-3.299580999999998
LA-AT,200911,2,ensemble,reference_r3,12.240948,5.788535999999999,200910,6.452412000000001
LA-AT,200912,3,ensemble,reference_r3,3.9774569999999994,6.605401999999998,200910,-2.6279449999999986
LA-BK,200801,1,ensemble,reference_r3,0.6667500000000001,0.948676,200801,-0.2819259999999999
LA-BK,200802,2,ensemble,reference_r3,0.039221,4.900000000000043e-05,200801,0.039172
LA-BK,200803,3,ensemble,reference_r3,0.04577,4.900000000000043e-05,200801,0.045721
LA-BK,200804,1,ensemble,reference_r3,0.0562489999999999,0.00355,200804,0.052698999999999906
LA-BK,200805,2,ensemble,reference_r3,11.04588,11.5591,200804,-0.5132200000000005
LA-BK,200806,3,ensemble,reference_r3,51.642547,52.293507,200804,-0.6509599999999978
LA-BK,200807,1,ensemble,reference_r3,0.9982129999999998,2.232635000000002,200807,-1.2344220000000021
LA-BK,200808,2,ensemble,reference_r3,6.354260999999999,5.803381999999996,200807,0.5508790000000037
LA-BK,200809,3,ensemble,reference_r3,27.152350999999996,21.341335,200807,5.811015999999995
LA-BK,200810,1,ensemble,reference_r3,40.554911,20.43059700000001,200810,20.124313999999988
LA-BK,200811,2,ensemble,reference_r3,49.920087,45.528704000000005,200810,4.391382999999998
LA-BK,200812,3,ensemble,reference_r3,3.998274,2.942051999999999,200810,1.0562220000000009
LA-BK,200901,1,ensemble,reference_r3,0.551415,0.4362939999999999,200901,0.11512100000000008
LA-BK,200902,2,ensemble,reference_r3,0.2147279999999998,0.285778,200901,-0.07105000000000017
LA-BK,200903,3,ensemble,reference_r3,0.5537159999999999,0.5932529999999998,200901,-0.03953699999999993
LA-BK,200904,1,ensemble,reference_r3,2.115465,1.2074739999999995,200904,0.9079910000000004
LA-BK,200905,2,ensemble,reference_r3,71.998638,43.848861,200904,28.149777
LA-BK,200906,3,ensemble,reference_r3,209.873897,145.775887,200904,64.09800999999999
LA-BK,200907,1,ensemble,reference_r3,178.663678,197.045967,200907,-18.382288999999986
LA-BK,200908,2,ensemble,reference_r3,92.736919,97.078634,200907,-4.3417149999999936
LA-BK,200909,3,ensemble,reference_r3,39.855599000000005,41.781874,200907,-1.9262749999999969
LA-BK,200910,1,ensemble,reference_r3,20.774366,18.651781,200910,2.122585000000001
LA-BK,200911,2,ensemble,reference_r3,3.3781370000000006,10.574944,200910,-7.196807
LA-BK,200912,3,ensemble,reference_r3,2.953804999999999,5.397960000000001,200910,-2.444155000000002
LA-BL,200801,1,ensemble,reference_r3,5.591942999999999,5.312348,200801,0.2795949999999987
LA-BL,200802,2,ensemble,reference_r3,3.4293129999999996,6.144602,200801,-2.7152890000000003
LA-BL,200803,3,ensemble,reference_r3,0.90268,0.422519,200801,0.48016100000000006
LA-BL,200804,1,ensemble,reference_r3,1.6409819999999993,1.9219150000000005,200804,-0.2809330000000012
LA-BL,200805,2,ensemble,reference_r3,5.931877999999999,5.607081000000001,200804,0.32479699999999845
LA-BL,200806,3,ensemble,reference_r3,7.866968,6.243787000000001,200804,1.6231809999999989
LA-BL,200807,1,ensemble,reference_r3,11.687502,19.772516999999997,200807,-8.085014999999997
LA-BL,200808,2,ensemble,reference_r3,10.974128999999998,20.356723,200807,-9.382594000000001
LA-BL,200809,3,ensemble,reference_r3,11.195741999999996,17.903394,200807,-6.707652000000003
LA-BL,200810,1,ensemble,reference_r3,12.360224000000002,9.194311000000004,200810,3.165912999999998
LA-BL,200811,2,ensemble,reference_r3,5.317799000000001,5.077385,200810,0.24041400000000124
LA-BL,200812,3,ensemble,reference_r3,4.479175999999999,1.0833199999999996,200810,3.3958559999999993
LA-BL,200901,1,ensemble,reference_r3,0.8389099999999998,0.784907,200901,0.0540029999999998
LA-BL,200902,2,ensemble,reference_r3,1.0475249999999998,1.635296,200901,-0.5877710000000003
LA-BL,200903,3,ensemble,reference_r3,1.048388,1.070364,200901,-0.021975999999999996
LA-BL,200904,1,ensemble,reference_r3,1.4366730000000003,0.8236380000000003,200904,0.613035
LA-BL,200905,2,ensemble,reference_r3,6.077254000000002,3.5996620000000004,200904,2.4775920000000013
LA-BL,200906,3,ensemble,reference_r3,7.679383999999999,6.129073,200904,1.5503109999999989
LA-BL,200907,1,ensemble,reference_r3,13.537304999999996,24.432139999999997,200907,-10.894835
LA-BL,200908,2,ensemble,reference_r3,11.332068000000003,5.1644929999999984,200907,6.167575000000005
LA-BL,200909,3,ensemble,reference_r3,14.621444000000004,1.9267629999999991,200907,12.694681000000005
LA-BL,200910,1,ensemble,reference_r3,5.435346999999998,5.803838000000001,200910,-0.36849100000000234
LA-BL,200911,2,ensemble,reference_r3,3.861016000000001,1.6016139999999996,200910,2.2594020000000015
LA-BL,200912,3,ensemble,reference_r3,1.0996110000000003,0.7384339999999998,200910,0.3611770000000005
LA-CH,200801,1,ensemble,reference_r3,30.871327000000004,30.117882,200801,0.7534450000000028
LA-CH,200802,2,ensemble,reference_r3,41.736225999999995,48.570685,200801,-6.8344590000000025
LA-CH,200803,3,ensemble,reference_r3,43.06991,51.246465,200801,-8.176555
LA-CH,200804,1,ensemble,reference_r3,20.402334999999997,28.13525899999999,200804,-7.7329239999999935
LA-CH,200805,2,ensemble,reference_r3,34.086164999999994,45.15965300000002,200804,-11.073488000000026
LA-CH,200806,3,ensemble,reference_r3,138.83403099999998,116.478607,200804,22.355423999999985
LA-CH,200807,1,ensemble,reference_r3,50.316439,100.65572699999996,200807,-50.339287999999954
LA-CH,200808,2,ensemble,reference_r3,49.26340300000001,90.724118,200807,-41.46071499999999
LA-CH,200809,3,ensemble,reference_r3,53.73576400000002,120.46804899999997,200807,-66.73228499999995
LA-CH,200810,1,ensemble,reference_r3,39.621346,46.70008299999999,200810,-7.07873699999999
LA-CH,200811,2,ensemble,reference_r3,32.280468,31.479150000000004,200810,0.8013179999999949
LA-CH,200812,3,ensemble,reference_r3,29.133590999999996,30.016807000000004,200810,-0.883216000000008
LA-CH,200901,1,ensemble,reference_r3,11.289501,9.878589000000002,200901,1.410911999999998
LA-CH,200902,2,ensemble,reference_r3,16.057015999999997,27.316217,200901,-11.259201000000004
LA-CH,200903,3,ensemble,reference_r3,18.754955,21.429513,200901,-2.674558000000001
LA-CH,200904,1,ensemble,reference_r3,46.816311000000006,37.011744,200904,9.804567000000006
LA-CH,200905,2,ensemble,reference_r3,18.959157000000005,76.55674200000001,200904,-57.59758500000001
LA-CH,200906,3,ensemble,reference_r3,39.770465,80.861706,200904,-41.091241
LA-CH,200907,1,ensemble,reference_r3,40.16368700000001,71.16950299999999,200907,-31.00581599999998
LA-CH,200908,2,ensemble,reference_r3,33.314569999999975,69.797297,200907,-36.482727000000025
LA-CH,200909,3,ensemble,reference_r3,29.85857,62.769825,200907,-32.911255
LA-CH,200910,1,ensemble,reference_r3,21.111970999999997,19.448175999999997,200910,1.6637950000000004
LA-CH,200911,2,ensemble,reference_r3,17.432050000000004,11.976567000000005,200910,5.455482999999999
LA-CH,200912,3,ensemble,reference_r3,17.541683,12.895533,200910,4.646149999999999
LA-HO,200801,1,ensemble,reference_r3,0.092032,0.003891,200801,0.088141
LA-HO,200802,2,ensemble,reference_r3,0.0929209999999999,0.000789,200801,0.09213199999999991
LA-HO,200803,3,ensemble,reference_r3,0.1034039999999999,0.0146379999999999,200801,0.088766
LA-HO,200804,1,ensemble,reference_r3,0.0377649999999999,0.022315,200804,0.015449999999999901
LA-HO,200805,2,ensemble,reference_r3,0.0381969999999999,0.013646,200804,0.0245509999999999
LA-HO,200806,3,ensemble,reference_r3,0.081076,0.008409,200804,0.072667
LA-HO,200807,1,ensemble,reference_r3,0.118842,0.4430440000000004,200807,-0.3242020000000004
LA-HO,200808,2,ensemble,reference_r3,0.0703129999999999,0.5289209999999986,200807,-0.45860799999999874
LA-HO,200809,3,ensemble,reference_r3,0.6483469999999999,0.7766020000000005,200807,-0.12825500000000056
LA-HO,200810,1,ensemble,reference_r3,0.153034,0.064998,200810,0.088036
LA-HO,200811,2,ensemble,reference_r3,0.095291,0.0166949999999999,200810,0.0785960000000001
LA-HO,200812,3,ensemble,reference_r3,0.4904329999999999,0.874354,200810,-0.38392100000000007
LA-HO,200901,1,ensemble,reference_r3,0.093727,0.017624,200901,0.076103
LA-HO,200902,2,ensemble,reference_r3,0.081531,0.021591,200901,0.05994000000000001
LA-HO,200903,3,ensemble,reference_r3,0.0978069999999999,0.0211299999999999,200901,0.076677
LA-HO,200904,1,ensemble,reference_r3,0.035801,0.004986,200904,0.030815
LA-HO,200905,2,ensemble,reference_r3,0.0343459999999999,0.0086509999999999,200904,0.025694999999999996
LA-HO,200906,3,ensemble,reference_r3,0.0706559999999999,0.0485709999999999,200904,0.022085
LA-HO,200907,1,ensemble,reference_r3,0.1220319999999999,0.1095700000000001,200907,0.012461999999999807
LA-HO,200908,2,ensemble,reference_r3,0.0701309999999999,0.162795,200907,-0.0926640000000001
LA-HO,200909,3,ensemble,reference_r3,0.64205,0.6488049999999999,200907,-0.0067549999999998445
LA-HO,200910,1,ensemble,reference_r3,0.507252,0.582575,200910,-0.07532299999999992
LA-HO,200911,2,ensemble,reference_r3,0.5531800000000001,0.828743,200910,-0.2755629999999999
LA-HO,200912,3,ensemble,reference_r3,0.4841459999999999,0.893077,200910,-0.4089310000000001
LA-KH,200801,1,ensemble,reference_r3,0.4553739999999999,0.798697,200801,-0.3433230000000001
LA-KH,200802,2,ensemble,reference_r3,0.3032239999999999,0.058326,200801,0.2448979999999999
LA-KH,200803,3,ensemble,reference_r3,0.1658109999999999,0.077979,200801,0.0878319999999999
LA-KH,200804,1,ensemble,reference_r3,0.3438189999999999,0.7155910000000001,200804,-0.3717720000000002
LA-KH,200805,2,ensemble,reference_r3,1.2967359999999992,1.0163909999999996,200804,0.2803449999999996
LA-KH,200806,3,ensemble,reference_r3,3.657329999999998,2.8948620000000007,200804,0.7624679999999975
LA-KH,200807,1,ensemble,reference_r3,9.885990999999995,4.980236000000005,200807,4.90575499999999
LA-KH,200808,2,ensemble,reference_r3,10.352199,5.170608999999985,200807,5.181590000000016
LA-KH,200809,3,ensemble,reference_r3,4.613610000000001,5.132678999999996,200807,-0.5190689999999947
LA-KH,200810,1,ensemble,reference_r3,3.3758230000000005,0.89249,200810,2.4833330000000005
LA-KH,200811,2,ensemble,reference_r3,1.6034230000000005,1.229941,200810,0.37348200000000054
LA-KH,200812,3,ensemble,reference_r3,2.3214169999999994,3.092307,200810,-0.7708900000000005
LA-KH,200901,1,ensemble,reference_r3,0.7514550000000004,0.069965,200901,0.6814900000000004
LA-KH,200902,2,ensemble,reference_r3,0.4784269999999999,0.019764,200901,0.4586629999999999
LA-KH,200903,3,ensemble,reference_r3,3.558827,4.828799999999999,200901,-1.2699729999999994
LA-KH,200904,1,ensemble,reference_r3,0.5204570000000004,0.4130399999999999,200904,0.10741700000000048
LA-KH,200905,2,ensemble,reference_r3,3.4013779999999993,2.1217179999999995,200904,1.2796599999999998
LA-KH,200906,3,ensemble,reference_r3,52.42411,64.896245,200904,-12.472134999999994
LA-KH,200907,1,ensemble,reference_r3,100.333033,127.287933,200907,-26.954899999999995
LA-KH,200908,2,ensemble,reference_r3,215.314169,268.953178,200907,-53.63900899999999
LA-KH,200909,3,ensemble,reference_r3,215.478709,240.04923,200907,-24.570520999999985
LA-KH,200910,1,ensemble,reference_r3,48.19529700000001,44.403861000000006,200910,3.7914360000000045
LA-KH,200911,2,ensemble,reference_r3,39.963654000000005,20.132869999999997,200910,19.83078400000001
LA-KH,200912,3,ensemble,reference_r3,44.825227,27.96267,200910,16.862557
LA-LM,200801,1,ensemble,reference_r3,0.0153019999999999,0.0002559999999999,200801,0.015046
LA-LM,200802,2,ensemble,reference_r3,0.0241649999999999,3.600000000000044e-05,200801,0.024128999999999897
LA-LM,200803,3,ensemble,reference_r3,0.03865,3.600000000000044e-05,200801,0.038613999999999996
LA-LM,200804,1,ensemble,reference_r3,0.022098,0.000144,200804,0.021954
LA-LM,200805,2,ensemble,reference_r3,0.0312979999999999,0.0016349999999999,200804,0.029663000000000002
LA-LM,200806,3,ensemble,reference_r3,0.031308,0.001391,200804,0.029917000000000003
LA-LM,200807,1,ensemble,reference_r3,0.0743319999999999,0.8332150000000027,200807,-0.7588830000000029
LA-LM,200808,2,ensemble,reference_r3,0.071195,0.4028939999999998,200807,-0.3316989999999998
LA-LM,200809,3,ensemble,reference_r3,0.0705629999999999,0.6516940000000009,200807,-0.581131000000001
LA-LM,200810,1,ensemble,reference_r3,0.085377,0.0187219999999999,200810,0.0666550000000001
LA-LM,200811,2,ensemble,reference_r3,0.046715,0.005503,200810,0.041212
LA-LM,200812,3,ensemble,reference_r3,0.0166989999999999,0.00173,200810,0.0149689999999999
LA-LM,200901,1,ensemble,reference_r3,0.020495,8.099999999999948e-05,200901,0.020414
LA-LM,200902,2,ensemble,reference_r3,0.0223789999999999,0.0001009999999999,200901,0.022278
LA-LM,200903,3,ensemble,reference_r3,0.0351389999999999,0.0004839999999999,200901,0.034655
LA-LM,200904,1,ensemble,reference_r3,0.752387,0.958458,200904,-0.206071
LA-LM,200905,2,ensemble,reference_r3,0.0280679999999999,0.0034669999999999,200904,0.024600999999999998
LA-LM,200906,3,ensemble,reference_r3,1.597872,1.7925799999999998,200904,-0.19470799999999988
LA-LM,200907,1,ensemble,reference_r3,0.561564,0.5983580000000002,200907,-0.036794000000000215
LA-LM,200908,2,ensemble,reference_r3,0.1593340000000001,0.4616890000000002,200907,-0.3023550000000001
LA-LM,200909,3,ensemble,reference_r3,2.775749,2.471052,200907,0.304697
LA-LM,200910,1,ensemble,reference_r3,3.5029329999999996,2.7145930000000003,200910,0.7883399999999994
LA-LM,200911,2,ensemble,reference_r3,4.669093,4.633958,200910,0.03513500000000036
LA-LM,200912,3,ensemble,reference_r3,3.0347880000000007,3.330243,200910,-0.29545499999999913
LA-LP,200801,1,ensemble,reference_r3,0.9199670000000002,0.8178340000000002,200801,0.10213300000000003
LA-LP,200802,2,ensemble,reference_r3,11.4469,14.43482,200801,-2.987920000000001
LA-LP,200803,3,ensemble,reference_r3,17.184066,20.460843,200801,-3.276776999999999
LA-LP,200804,1,ensemble,reference_r3,25.303241,14.504039,200804,10.799202
LA-LP,200805,2,ensemble,reference_r3,102.073456,74.529849,200804,27.543606999999994
LA-LP,200806,3,ensemble,reference_r3,129.24167,95.231354,200804,34.010316
LA-LP,200807,1,ensemble,reference_r3,9.345451000000011,9.658103999999998,200807,-0.31265299999998675
LA-LP,200808,2,ensemble,reference_r3,8.975386,8.347596,200807,0.627790000000001
LA-LP,200809,3,ensemble,reference_r3,8.462485000000008,8.784699999999999,200807,-0.32221499999999104
LA-LP,200810,1,ensemble,reference_r3,12.445035,18.4312,200810,-5.986165
LA-LP,200811,2,ensemble,reference_r3,91.530426,104.608028,200810,-13.077601999999999
LA-LP,200812,3,ensemble,reference_r3,142.60368400000002,157.15014399999998,200810,-14.546459999999968
LA-LP,200901,1,ensemble,reference_r3,7.405499999999996,8.142661,200901,-0.737161000000004
LA-LP,200902,2,ensemble,reference_r3,7.279920000000004,5.307313000000001,200901,1.9726070000000036
LA-LP,200903,3,ensemble,reference_r3,7.780261000000003,11.867869000000002,200901,-4.0876079999999995
LA-LP,200904,1,ensemble,reference_r3,0.6652750000000003,12.373787999999998,200904,-11.708512999999996
LA-LP,200905,2,ensemble,reference_r3,1.6827159999999992,34.402712,200904,-32.719996
LA-LP,200906,3,ensemble,reference_r3,4.462852999999999,71.29301699999999,200904,-66.830164
LA-LP,200907,1,ensemble,reference_r3,10.598537999999998,22.999188,200907,-12.400650000000002
LA-LP,200908,2,ensemble,reference_r3,12.488017999999997,23.232467,200907,-10.744449000000003
LA-LP,200909,3,ensemble,reference_r3,260.697273,302.974131,200907,-42.276858000000004
LA-LP,200910,1,ensemble,reference_r3,117.787319,62.344385999999986,200910,55.44293300000001
LA-LP,200911,2,ensemble,reference_r3,58.83092100000002,40.208724999999994,200910,18.622196000000024
LA-LP,200912,3,ensemble,reference_r3,5.761779000000004,6.972092,200910,-1.2103129999999958
LA-OU,200801,1,ensemble,reference_r3,0.0253519999999999,0.0013939999999999,200801,0.023958
LA-OU,200802,2,ensemble,reference_r3,0.022358,0.0001969999999999,200801,0.0221610000000001
LA-OU,200803,3,ensemble,reference_r3,0.021876,9.99999999999994e-05,200801,0.021776
LA-OU,200804,1,ensemble,reference_r3,0.0213289999999999,0.0012649999999999,200804,0.020064
LA-OU,200805,2,ensemble,reference_r3,0.034417,0.0057099999999999,200804,0.028707000000000104
LA-OU,200806,3,ensemble,reference_r3,0.049472,0.0114759999999999,200804,0.0379960000000001
LA-OU,200807,1,ensemble,reference_r3,0.078994,2.004765000000006,200807,-1.9257710000000061
LA-OU,200808,2,ensemble,reference_r3,0.100287,1.246016000000001,200807,-1.1457290000000009
LA-OU,200809,3,ensemble,reference_r3,0.0664529999999999,1.7052740000000028,200807,-1.638821000000003
LA-OU,200810,1,ensemble,reference_r3,0.057176,0.022923,200810,0.034253
LA-OU,200811,2,ensemble,reference_r3,0.034749,0.0104699999999999,200810,0.024279000000000103
LA-OU,200812,3,ensemble,reference_r3,0.0172519999999999,0.002454,200810,0.0147979999999999
LA-OU,200901,1,ensemble,reference_r3,0.020531,0.0002249999999999,200901,0.020306000000000102
LA-OU,200902,2,ensemble,reference_r3,0.0249159999999999,3.600000000000044e-05,200901,0.0248799999999999
LA-OU,200903,3,ensemble,reference_r3,0.0209159999999999,0.001066,200901,0.0198499999999999
LA-OU,200904,1,ensemble,reference_r3,0.018494,0.000746,200904,0.017748
LA-OU,200905,2,ensemble,reference_r3,0.0371009999999999,0.0051539999999999,200904,0.031946999999999996
LA-OU,200906,3,ensemble,reference_r3,0.045518,0.018393,200904,0.027125000000000003
LA-OU,200907,1,ensemble,reference_r3,0.062363,0.7790909999999993,200907,-0.7167279999999994
LA-OU,200908,2,ensemble,reference_r3,0.658688,1.0595989999999995,200907,-0.40091099999999946
LA-OU,200909,3,ensemble,reference_r3,13.979842,10.460322,200907,3.51952
LA-OU,200910,1,ensemble,reference_r3,4.286379,2.070412,200910,2.215967
LA-OU,200911,2,ensemble,reference_r3,10.534605,9.464362,200910,1.0702430000000014
LA-OU,200912,3,ensemble,reference_r3,14.998471000000002,16.049995,200910,-1.051523999999997
LA-PH,200901,1,ensemble,reference_r3,0.0148429999999999,0.0118299999999999,200901,0.003013
LA-PH,200902,2,ensemble,reference_r3,0.025592,0.013668,200901,0.011924
LA-PH,200903,3,ensemble,reference_r3,0.0208089999999999,0.02143,200901,-0.0006210000000001006
LA-PH,200904,1,ensemble,reference_r3,0.019823,0.003154,200904,0.016669
LA-PH,200905,2,ensemble,reference_r3,0.020099,0.0050199999999999,200904,0.0150790000000001
LA-PH,200906,3,ensemble,reference_r3,0.020466,0.0276219999999999,200904,-0.0071559999999998986
LA-PH,200907,1,ensemble,reference_r3,0.023747,0.061466,200907,-0.037719
LA-PH,200909,3,ensemble,reference_r3,0.0315189999999999,0.1039769999999999,200907,-0.072458
LA-PH,200910,1,ensemble,reference_r3,0.02293,0.0217049999999999,200910,0.0012250000000000975
LA-PH,200911,2,ensemble,reference_r3,0.0171739999999999,0.0041319999999999,200910,0.013042000000000002
LA-PH,200912,3,ensemble,reference_r3,0.025942,0.0009749999999999,200910,0.0249670000000001
LA-SL,200801,1,ensemble,reference_r3,0.365993,0.9900379999999998,200801,-0.6240449999999997
LA-SL,200802,2,ensemble,reference_r3,0.72024,0.3865939999999999,200801,0.3336460000000001
LA-SL,200803,3,ensemble,reference_r3,3.3879059999999996,3.82775,200801,-0.43984400000000035
LA-SL,200804,1,ensemble,reference_r3,1.3527049999999998,1.0171480000000002,200804,0.33555699999999966
LA-SL,200805,2,ensemble,reference_r3,90.876761,91.398675,200804,-0.5219139999999953
LA-SL,200806,3,ensemble,reference_r3,208.714157,184.732684,200804,23.981472999999994
LA-SL,200807,1,ensemble,reference_r3,58.383173,50.01057800000001,200807,8.37259499999999
LA-SL,200808,2,ensemble,reference_r3,40.636977,40.01365999999999,200807,0.6233170000000143
LA-SL,200809,3,ensemble,reference_r3,54.12670299999999,58.99029300000001,200807,-4.863590000000016
LA-SL,200810,1,ensemble,reference_r3,68.337449,34.767648,200810,33.569801000000005
LA-SL,200811,2,ensemble,reference_r3,14.698823999999997,9.607678,200810,5.091145999999997
LA-SL,200812,3,ensemble,reference_r3,5.230689000000002,2.959109,200810,2.2715800000000015
LA-SL,200901,1,ensemble,reference_r3,1.1580880000000002,1.6865449999999995,200901,-0.5284569999999993
LA-SL,200902,2,ensemble,reference_r3,18.735793,20.128694,200901,-1.3929009999999984
LA-SL,200903,3,ensemble,reference_r3,18.889934,13.08828,200901,5.801654000000001
LA-SL,200904,1,ensemble,reference_r3,12.750323,5.9089659999999995,200904,6.841357
LA-SL,200905,2,ensemble,reference_r3,86.297432,45.17947999999999,200904,41.11795200000001
LA-SL,200906,3,ensemble,reference_r3,25.542038,32.29494699999999,200904,-6.752908999999992
LA-SL,200907,1,ensemble,reference_r3,121.605399,130.135464,200907,-8.530065000000008
LA-SL,200908,2,ensemble,reference_r3,85.848121,99.269912,200907,-13.421790999999999
LA-SL,200909,3,ensemble,reference_r3,57.496424000000005,65.459931,200907,-7.963506999999993
LA-SL,200910,1,ensemble,reference_r3,56.259240000000005,36.651577,200910,19.607663000000002
LA-SL,200911,2,ensemble,reference_r3,24.570793,14.467916999999996,200910,10.102876000000002
LA-SL,200912,3,ensemble,reference_r3,9.759109,6.707491000000001,200910,3.0516179999999995
LA-SV,200801,1,ensemble,reference_r3,1.808536,5.407520999999999,200801,-3.598984999999999
LA-SV,200802,2,ensemble,reference_r3,0.7783999999999995,0.8048259999999998,200801,-0.026426000000000283
LA-SV,200803,3,ensemble,reference_r3,1.0019740000000006,0.4507189999999998,200801,0.5512550000000007
LA-SV,200804,1,ensemble,reference_r3,2.845471999999999,4.957571999999999,200804,-2.1121
LA-SV,200805,2,ensemble,reference_r3,9.283547999999996,5.260216,200804,4.023331999999996
LA-SV,200806,3,ensemble,reference_r3,15.424445000000006,26.585654999999996,200804,-11.16120999999999
LA-SV,200807,1,ensemble,reference_r3,40.057536,24.206484999999983,200807,15.851051000000016
LA-SV,200808,2,ensemble,reference_r3,31.91931500000001,22.60182199999997,200807,9.317493000000042
LA-SV,200809,3,ensemble,reference_r3,25.929744,23.842084,200807,2.0876599999999996
LA-SV,200810,1,ensemble,reference_r3,13.577576999999993,3.654162,200810,9.923414999999993
LA-SV,200811,2,ensemble,reference_r3,6.186890999999996,1.0289720000000004,200810,5.157918999999995
LA-SV,200812,3,ensemble,reference_r3,2.843322000000001,0.3905100000000001,200810,2.452812000000001
LA-SV,200901,1,ensemble,reference_r3,0.96833,0.0810779999999999,200901,0.8872520000000002
LA-SV,200902,2,ensemble,reference_r3,0.5820850000000002,0.0106959999999999,200901,0.5713890000000003
LA-SV,200903,3,ensemble,reference_r3,0.5745699999999996,0.122613,200901,0.4519569999999996
LA-SV,200904,1,ensemble,reference_r3,1.888354999999999,0.178993,200904,1.709361999999999
LA-SV,200905,2,ensemble,reference_r3,8.408456999999999,1.3662669999999997,200904,7.042189999999999
LA-SV,200906,3,ensemble,reference_r3,17.043855000000008,1.6046540000000005,200904,15.439201000000008
LA-SV,200907,1,ensemble,reference_r3,30.017206000000016,16.916741000000002,200907,13.100465000000014
LA-SV,200908,2,ensemble,reference_r3,31.194189000000023,20.36157999999999,200907,10.832609000000033
LA-SV,200909,3,ensemble,reference_r3,28.766479000000004,27.710908000000003,200907,1.0555710000000005
LA-SV,200910,1,ensemble,reference_r3,14.466645,6.915573999999999,200910,7.551071
LA-SV,200911,2,ensemble,reference_r3,13.91892,16.280793000000003,200910,-2.3618730000000028
LA-SV,200912,3,ensemble,reference_r3,5.0262959999999985,1.9969140000000003,200910,3.0293819999999982
LA-VT,200801,1,ensemble,reference_r3,14.796234000000002,10.977586000000002,200801,3.8186479999999996
LA-VT,200802,2,ensemble,reference_r3,12.810936000000002,4.6070400000000005,200801,8.203896
LA-VT,200803,3,ensemble,reference_r3,11.145681000000003,18.21255,200801,-7.066868999999997
LA-VT,200804,1,ensemble,reference_r3,17.403254999999998,14.923139000000004,200804,2.4801159999999935
LA-VT,200805,2,ensemble,reference_r3,24.778174999999997,20.89227900000001,200804,3.8858959999999882
LA-VT,200806,3,ensemble,reference_r3,41.32299899999998,93.21422099999998,200804,-51.891222
LA-VT,200807,1,ensemble,reference_r3,70.88318999999998,76.15982299999996,200807,-5.2766329999999755
LA-VT,200808,2,ensemble,reference_r3,63.93849500000002,82.88120900000001,200807,-18.942713999999995
LA-VT,200809,3,ensemble,reference_r3,56.800700000000006,91.55173200000002,200807,-34.75103200000001
LA-VT,200810,1,ensemble,reference_r3,58.80995900000002,34.57022599999999,200810,24.23973300000003
LA-VT,200811,2,ensemble,reference_r3,35.47283399999999,44.964343,200810,-9.491509000000008
LA-VT,200812,3,ensemble,reference_r3,24.295146999999993,49.84832800000001,200810,-25.553181000000016
LA-VT,200901,1,ensemble,reference_r3,12.111762999999996,21.592998,200901,-9.481235000000005
LA-VT,200902,2,ensemble,reference_r3,8.955775,14.355337,200901,-5.399562000000001
LA-VT,200903,3,ensemble,reference_r3,13.015456000000004,6.595117,200901,6.420339000000004
LA-VT,200904,1,ensemble,reference_r3,8.196621,10.836351,200904,-2.63973
LA-VT,200905,2,ensemble,reference_r3,20.022915000000005,114.010535,200904,-93.98761999999999
LA-VT,200906,3,ensemble,reference_r3,40.49485200000001,196.674877,200904,-156.180025
LA-VT,200907,1,ensemble,reference_r3,92.85767499999996,171.25835999999998,200907,-78.40068500000002
LA-VT,200908,2,ensemble,reference_r3,117.451345,198.768989,200907,-81.317644
LA-VT,200909,3,ensemble,reference_r3,164.78033700000003,287.536237,200907,-122.7559
LA-VT,200910,1,ensemble,reference_r3,147.39438100000004,204.543601,200910,-57.14921999999996
LA-VT,200911,2,ensemble,reference_r3,214.53763,299.916196,200910,-85.378566
LA-VT,200912,3,ensemble,reference_r3,159.80813800000004,225.463204,200910,-65.65506599999995
LA-XA,200801,1,ensemble,reference_r3,0.3986150000000004,1.1108160000000002,200801,-0.7122009999999999
LA-XA,200802,2,ensemble,reference_r3,0.429335,0.2130419999999999,200801,0.21629300000000012
LA-XA,200803,3,ensemble,reference_r3,0.5434429999999999,0.1682739999999999,200801,0.375169
LA-XA,200804,1,ensemble,reference_r3,0.9164069999999996,1.05403,200804,-0.13762300000000038
LA-XA,200805,2,ensemble,reference_r3,1.7081199999999992,1.4987899999999996,200804,0.20932999999999957
LA-XA,200806,3,ensemble,reference_r3,5.893207000000004,2.1744769999999995,200804,3.7187300000000043
LA-XA,200807,1,ensemble,reference_r3,12.21593,11.302290999999997,200807,0.9136390000000034
LA-XA,200808,2,ensemble,reference_r3,5.8639809999999954,4.398085999999999,200807,1.4658949999999962
LA-XA,200809,3,ensemble,reference_r3,4.954492999999999,2.9016810000000035,200807,2.052811999999996
LA-XA,200810,1,ensemble,reference_r3,2.309897999999997,1.5543209999999998,200810,0.7555769999999971
LA-XA,200811,2,ensemble,reference_r3,1.454746,1.090963,200810,0.3637830000000002
LA-XA,200812,3,ensemble,reference_r3,0.8743529999999993,0.4136139999999999,200810,0.46073899999999934
LA-XA,200901,1,ensemble,reference_r3,0.4012799999999998,0.111623,200901,0.28965699999999983
LA-XA,200902,2,ensemble,reference_r3,0.4174359999999999,0.039612,200901,0.37782399999999994
LA-XA,200903,3,ensemble,reference_r3,0.4984540000000002,0.205743,200901,0.29271100000000017
LA-XA,200904,1,ensemble,reference_r3,0.7899910000000006,0.307819,200904,0.48217200000000054
LA-XA,200905,2,ensemble,reference_r3,2.6472499999999997,1.071732,200904,1.5755179999999998
LA-XA,200906,3,ensemble,reference_r3,8.996980000000004,5.569809,200904,3.427171000000004
LA-XA,200907,1,ensemble,reference_r3,10.328724,5.943300000000001,200907,4.385423999999999
LA-XA,200908,2,ensemble,reference_r3,16.869136999999995,25.179608,200907,-8.310471000000007
LA-XA,200909,3,ensemble,reference_r3,6.801171,6.306405999999999,200907,0.494765000000001
LA-XA,200910,1,ensemble,reference_r3,3.1479800000000004,4.687617000000001,200910,-1.5396370000000008
LA-XA,200911,2,ensemble,reference_r3,2.7492649999999994,1.8435689999999996,200910,0.9056959999999998
LA-XA,200912,3,ensemble,reference_r3,1.6093260000000011,1.3938480000000002,200910,0.21547800000000095
LA-XE,200801,1,ensemble,reference_r3,0.1336159999999999,0.0203689999999999,200801,0.113247
LA-XE,200802,2,ensemble,reference_r3,0.130263,0.008834,200801,0.121429
LA-XE,200803,3,ensemble,reference_r3,0.070645,0.004821,200801,0.065824
LA-XE,200804,1,ensemble,reference_r3,0.059686,0.0298869999999999,200804,0.029799000000000103
LA-XE,200805,2,ensemble,reference_r3,0.0940579999999999,0.045142,200804,0.048915999999999904
LA-XE,200806,3,ensemble,reference_r3,3.455644,3.906143,200804,-0.4504990000000002
LA-XE,200807,1,ensemble,reference_r3,0.3156729999999998,0.4150019999999994,200807,-0.09932899999999961
LA-XE,200808,2,ensemble,reference_r3,0.2842890000000002,0.5209220000000006,200807,-0.23663300000000037
LA-XE,200809,3,ensemble,reference_r3,0.616908,0.6863719999999995,200807,-0.06946399999999953
LA-XE,200810,1,ensemble,reference_r3,0.259619,0.0584329999999999,200810,0.2011860000000001
LA-XE,200811,2,ensemble,reference_r3,0.1063049999999999,0.04886,200810,0.0574449999999999
LA-XE,200812,3,ensemble,reference_r3,0.6657540000000001,0.8194619999999999,200810,-0.15370799999999984
LA-XE,200901,1,ensemble,reference_r3,0.137343,0.006439,200901,0.130904
LA-XE,200902,2,ensemble,reference_r3,1.184656,1.877285,200901,-0.6926290000000002
LA-XE,200903,3,ensemble,reference_r3,1.368584,1.74852,200901,-0.37993600000000005
LA-XE,200904,1,ensemble,reference_r3,0.500262,0.524918,200904,-0.02465600000000001
LA-XE,200905,2,ensemble,reference_r3,0.8660140000000001,0.995196,200904,-0.1291819999999999
LA-XE,200906,3,ensemble,reference_r3,6.523745,6.082333,200904,0.4414119999999997
LA-XE,200907,1,ensemble,reference_r3,22.886367,27.104156,200907,-4.217789
LA-XE,200908,2,ensemble,reference_r3,21.182357,24.184106,200907,-3.0017490000000002
LA-XE,200909,3,ensemble,reference_r3,2.9330490000000005,4.707744999999999,200907,-1.7746959999999987
LA-XE,200910,1,ensemble,reference_r3,3.888526,2.7683170000000015,200910,1.1202089999999987
LA-XE,200911,2,ensemble,reference_r3,1.4772919999999998,2.766860000000001,200910,-1.2895680000000014
LA-XE,200912,3,ensemble,reference_r3,4.465701,6.505773000000005,200910,-2.0400720000000048
LA-XI,200801,1,ensemble,reference_r3,0.019959,0.0005819999999999,200801,0.019377000000000102
LA-XI,200802,2,ensemble,reference_r3,0.0243999999999999,8.099999999999948e-05,200801,0.024318999999999903
LA-XI,200803,3,ensemble,reference_r3,0.0167959999999999,0.0002899999999999,200801,0.016506
LA-XI,200804,1,ensemble,reference_r3,0.024096,0.001029,200804,0.023067
LA-XI,200805,2,ensemble,reference_r3,0.026132,0.001223,200804,0.024909
LA-XI,200806,3,ensemble,reference_r3,0.7855740000000001,0.927383,200804,-0.14180899999999985
LA-XI,200807,1,ensemble,reference_r3,0.085921,0.363836,200807,-0.277915
LA-XI,200808,2,ensemble,reference_r3,0.125298,0.4009730000000004,200807,-0.27567500000000045
LA-XI,200809,3,ensemble,reference_r3,0.1246689999999999,0.4440650000000001,200807,-0.3193960000000002
LA-XI,200810,1,ensemble,reference_r3,0.029585,0.0124549999999999,200810,0.0171300000000001
LA-XI,200811,2,ensemble,reference_r3,0.0319169999999999,0.006938,200810,0.024978999999999897
LA-XI,200812,3,ensemble,reference_r3,0.026438,0.001908,200810,0.02453
LA-XI,200901,1,ensemble,reference_r3,0.0226809999999999,0.000855,200901,0.021825999999999898
LA-XI,200902,2,ensemble,reference_r3,0.02077,0.0022,200901,0.01857
LA-XI,200903,3,ensemble,reference_r3,0.020191,0.0011419999999999,200901,0.0190490000000001
LA-XI,200904,1,ensemble,reference_r3,0.0198639999999999,0.000343,200904,0.0195209999999999
LA-XI,200905,2,ensemble,reference_r3,38.385726,38.91347,200904,-0.5277439999999984
LA-XI,200906,3,ensemble,reference_r3,32.099427,32.841024999999995,200904,-0.7415979999999962
LA-XI,200907,1,ensemble,reference_r3,0.7948419999999992,0.6216379999999999,200907,0.17320399999999925
LA-XI,200908,2,ensemble,reference_r3,9.095243,7.786625000000001,200907,1.3086179999999992
LA-XI,200909,3,ensemble,reference_r3,0.0881439999999997,0.1301489999999998,200907,-0.0420050000000001
LA-XI,200910,1,ensemble,reference_r3,0.018772,1.073362,200910,-1.05459
LA-XI,200911,2,ensemble,reference_r3,0.0382879999999999,0.3366849999999999,200910,-0.298397
LA-XI,200912,3,ensemble,reference_r3,0.023471,0.172367,200910,-0.148896
LA-AT,200801,1,ensemble,reference_r4,3.3959930000000003,2.940606,200801,0.45538700000000043
LA-AT,200802,2,ensemble,reference_r4,1.510919,1.257416,200801,0.2535029999999998
LA-AT,200803,3,ensemble,reference_r4,0.026809,0.080566,200801,-0.053757
LA-AT,200804,1,ensemble,reference_r4,0.059353,0.494324,200804,-0.434971
LA-AT,200805,2,ensemble,reference_r4,3.198659,1.3447549999999997,200804,1.8539040000000004
LA-AT,200806,3,ensemble,reference_r4,8.515454,3.709752,200804,4.805702
LA-AT,200807,1,ensemble,reference_r4,3.6834890000000007,3.516498999999996,200807,0.16699000000000463
LA-AT,200808,2,ensemble,reference_r4,7.667672,6.484037999999998,200807,1.1836340000000014
LA-AT,200809,3,ensemble,reference_r4,17.251327,16.688795,200807,0.5625320000000009
LA-AT,200810,1,ensemble,reference_r4,34.345468999999994,31.125575000000005,200810,3.2198939999999894
LA-AT,200811,2,ensemble,reference_r4,33.811591,35.459612,200810,-1.648021
LA-AT,200812,3,ensemble,reference_r4,15.907208,17.743806,200810,-1.8365979999999986
LA-AT,200901,1,ensemble,reference_r4,10.92326,8.205105,200901,2.718155000000001
LA-AT,200902,2,ensemble,reference_r4,35.539972999999996,36.638995,200901,-1.099022000000005
LA-AT,200903,3,ensemble,reference_r4,65.984555,55.84772099999999,200901,10.136834000000007
LA-AT,200904,1,ensemble,reference_r4,68.714011,50.889222,200904,17.824789000000003
LA-AT,200905,2,ensemble,reference_r4,3.5279560000000014,50.47987100000002,200904,-46.951915000000014
LA-AT,200906,3,ensemble,reference_r4,13.597899000000002,39.294937,200904,-25.697037999999996
LA-AT,200907,1,ensemble,reference_r4,57.691561,48.063233,200907,9.628328000000003
LA-AT,200908,2,ensemble,reference_r4,16.912423,14.612253999999998,200907,2.300169000000002
LA-AT,200909,3,ensemble,reference_r4,11.397989,10.286309,200907,1.1116800000000016
LA-AT,200910,1,ensemble,reference_r4,2.954942000000001,6.444138000000002,200910,-3.4891960000000015
LA-AT,200911,2,ensemble,reference_r4,12.240948,6.378180999999998,200910,5.862767000000002
LA-AT,200912,3,ensemble,reference_r4,3.9774569999999994,4.568213,200910,-0.5907560000000007
LA-BK,200801,1,ensemble,reference_r4,0.6667500000000001,0.970225,200801,-0.30347499999999994
LA-BK,200802,2,ensemble,reference_r4,0.039221,3.600000000000044e-05,200801,0.039185
LA-BK,200803,3,ensemble,reference_r4,0.04577,4.900000000000043e-05,200801,0.045721
LA-BK,200804,1,ensemble,reference_r4,0.0562489999999999,0.0042989999999999,200804,0.05195
LA-BK,200805,2,ensemble,reference_r4,11.04588,11.532724,200804,-0.4868439999999996
LA-BK,200806,3,ensemble,reference_r4,51.642547,52.21612,200804,-0.5735729999999961
LA-BK,200807,1,ensemble,reference_r4,0.9982129999999998,1.815097999999999,200807,-0.8168849999999992
LA-BK,200808,2,ensemble,reference_r4,6.354260999999999,6.014073000000002,200807,0.3401879999999977
LA-BK,200809,3,ensemble,reference_r4,27.152350999999996,21.832803,200807,5.3195479999999975
LA-BK,200810,1,ensemble,reference_r4,40.554911,23.075999999999993,200810,17.478911000000004
LA-BK,200811,2,ensemble,reference_r4,49.920087,48.554433,200810,1.3656539999999993
LA-BK,200812,3,ensemble,reference_r4,3.998274,3.0128570000000003,200810,0.9854169999999995
LA-BK,200901,1,ensemble,reference_r4,0.551415,0.468653,200901,0.082762
LA-BK,200902,2,ensemble,reference_r4,0.2147279999999998,0.393014,200901,-0.17828600000000017
LA-BK,200903,3,ensemble,reference_r4,0.5537159999999999,0.8515650000000003,200901,-0.2978490000000005
LA-BK,200904,1,ensemble,reference_r4,2.115465,1.3115760000000003,200904,0.8038889999999996
LA-BK,200905,2,ensemble,reference_r4,71.998638,43.079332,200904,28.919306
LA-BK,200906,3,ensemble,reference_r4,209.873897,146.248686,200904,63.62521100000001
LA-BK,200907,1,ensemble,reference_r4,178.663678,184.980924,200907,-6.317245999999983
LA-BK,200908,2,ensemble,reference_r4,92.736919,87.752117,200907,4.984802000000002
LA-BK,200909,3,ensemble,reference_r4,39.855599000000005,36.954396,200907,2.9012030000000024
LA-BK,200910,1,ensemble,reference_r4,20.774366,20.29888799999999,200910,0.4754780000000096
LA-BK,200911,2,ensemble,reference_r4,3.3781370000000006,14.316450000000003,200910,-10.938313000000003
LA-BK,200912,3,ensemble,reference_r4,2.953804999999999,4.118297999999999,200910,-1.1644930000000002
LA-BL,200801,1,ensemble,reference_r4,5.591942999999999,5.386182,200801,0.20576099999999897
LA-BL,200802,2,ensemble,reference_r4,3.4293129999999996,5.796976,200801,-2.3676630000000003
LA-BL,200803,3,ensemble,reference_r4,0.90268,0.4501950000000001,200801,0.4524849999999999
LA-BL,200804,1,ensemble,reference_r4,1.6409819999999993,1.3802889999999994,200804,0.26069299999999984
LA-BL,200805,2,ensemble,reference_r4,5.931877999999999,5.112352000000001,200804,0.819525999999998
LA-BL,200806,3,ensemble,reference_r4,7.866968,6.207605000000001,200804,1.659362999999999
LA-BL,200807,1,ensemble,reference_r4,11.687502,20.095872,200807,-8.40837
LA-BL,200808,2,ensemble,reference_r4,10.974128999999998,20.43022,200807,-9.456091
LA-BL,200809,3,ensemble,reference_r4,11.195741999999996,18.198658,200807,-7.002916000000003
LA-BL,200810,1,ensemble,reference_r4,12.360224000000002,9.569141000000002,200810,2.7910830000000004
LA-BL,200811,2,ensemble,reference_r4,5.317799000000001,4.0177179999999995,200810,1.3000810000000014
LA-BL,200812,3,ensemble,reference_r4,4.479175999999999,0.957545,200810,3.521630999999999
LA-BL,200901,1,ensemble,reference_r4,0.8389099999999998,0.741419,200901,0.09749099999999977
LA-BL,200902,2,ensemble,reference_r4,1.0475249999999998,1.634331,200901,-0.5868060000000002
LA-BL,200903,3,ensemble,reference_r4,1.048388,1.3598209999999995,200901,-0.3114329999999994
LA-BL,200904,1,ensemble,reference_r4,1.4366730000000003,0.8033060000000001,200904,0.6333670000000002
LA-BL,200905,2,ensemble,reference_r4,6.077254000000002,3.7694420000000006,200904,2.307812000000001
LA-BL,200906,3,ensemble,reference_r4,7.679383999999999,5.676852,200904,2.0025319999999986
LA-BL,200907,1,ensemble,reference_r4,13.537304999999996,21.156795,200907,-7.6194900000000025
LA-BL,200908,2,ensemble,reference_r4,11.332068000000003,6.483022999999996,200907,4.849045000000007
LA-BL,200909,3,ensemble,reference_r4,14.621444000000004,4.902146999999999,200907,9.719297000000005
LA-BL,200910,1,ensemble,reference_r4,5.435346999999998,5.2166650000000025,200910,0.21868199999999582
LA-BL,200911,2,ensemble,reference_r4,3.861016000000001,2.546054999999999,200910,1.314961000000002
LA-BL,200912,3,ensemble,reference_r4,1.0996110000000003,0.6497229999999998,200910,0.4498880000000005
LA-CH,200801,1,ensemble,reference_r4,30.871327000000004,28.152776,200801,2.718551000000005
LA-CH,200802,2,ensemble,reference_r4,41.736225999999995,43.61334600000001,200801,-1.8771200000000121
LA-CH,200803,3,ensemble,reference_r4,43.06991,50.609132,200801,-7.539222000000002
LA-CH,200804,1,ensemble,reference_r4,20.402334999999997,23.927628000000013,200804,-3.5252930000000156
LA-CH,200805,2,ensemble,reference_r4,34.086164999999994,52.145272999999975,200804,-18.05910799999998
LA-CH,200806,3,ensemble,reference_r4,138.83403099999998,100.50440699999996,200804,38.329624000000024
LA-CH,200807,1,ensemble,reference_r4,50.316439,94.05337899999996,200807,-43.73693999999996
LA-CH,200808,2,ensemble,reference_r4,49.26340300000001,85.78397100000001,200807,-36.520568
LA-CH,200809,3,ensemble,reference_r4,53.73576400000002,115.38040200000005,200807,-61.64463800000003
LA-CH,200810,1,ensemble,reference_r4,39.621346,47.810489,200810,-8.189142999999994
LA-CH,200811,2,ensemble,reference_r4,32.280468,48.590457,200810,-16.309989
LA-CH,200812,3,ensemble,reference_r4,29.133590999999996,33.142876,200810,-4.0092850000000055
LA-CH,200901,1,ensemble,reference_r4,11.289501,9.965995000000005,200901,1.3235059999999947
LA-CH,200902,2,ensemble,reference_r4,16.057015999999997,22.92292,200901,-6.865904000000004
LA-CH,200903,3,ensemble,reference_r4,18.754955,21.302821,200901,-2.5478660000000026
LA-CH,200904,1,ensemble,reference_r4,46.816311000000006,35.388784,200904,11.427527000000005
LA-CH,200905,2,ensemble,reference_r4,18.959157000000005,69.947291,200904,-50.988134
LA-CH,200906,3,ensemble,reference_r4,39.770465,86.26205299999998,200904,-46.49158799999998
LA-CH,200907,1,ensemble,reference_r4,40.16368700000001,70.4814379999998,200907,-30.317750999999788
LA-CH,200908,2,ensemble,reference_r4,33.314569999999975,63.963347,200907,-30.648777000000024
LA-CH,200909,3,ensemble,reference_r4,29.85857,60.33935299999996,200907,-30.48078299999996
LA-CH,200910,1,ensemble,reference_r4,21.111970999999997,20.052890999999995,200910,1.0590800000000016
LA-CH,200911,2,ensemble,reference_r4,17.432050000000004,20.051798000000005,200910,-2.6197480000000013
LA-CH,200912,3,ensemble,reference_r4,17.541683,11.754171000000008,200910,5.787511999999991
LA-HO,200801,1,ensemble,reference_r4,0.092032,0.0038069999999999,200801,0.08822500000000011
LA-HO,200802,2,ensemble,reference_r4,0.0929209999999999,0.000972,200801,0.0919489999999999
LA-HO,200803,3,ensemble,reference_r4,0.1034039999999999,0.007387,200801,0.0960169999999999
LA-HO,200804,1,ensemble,reference_r4,0.0377649999999999,0.006794,200804,0.0309709999999999
LA-HO,200805,2,ensemble,reference_r4,0.0381969999999999,0.012212,200804,0.025984999999999897
LA-HO,200806,3,ensemble,reference_r4,0.081076,0.0083169999999999,200804,0.0727590000000001
LA-HO,200807,1,ensemble,reference_r4,0.118842,0.4168439999999993,200807,-0.2980019999999993
LA-HO,200808,2,ensemble,reference_r4,0.0703129999999999,0.4448109999999996,200807,-0.3744979999999997
LA-HO,200809,3,ensemble,reference_r4,0.6483469999999999,0.6829420000000006,200807,-0.03459500000000071
LA-HO,200810,1,ensemble,reference_r4,0.153034,0.064409,200810,0.08862500000000001
LA-HO,200811,2,ensemble,reference_r4,0.095291,0.0059799999999999,200810,0.0893110000000001
LA-HO,200812,3,ensemble,reference_r4,0.4904329999999999,0.91401,200810,-0.4235770000000001
LA-HO,200901,1,ensemble,reference_r4,0.093727,0.0125029999999999,200901,0.0812240000000001
LA-HO,200902,2,ensemble,reference_r4,0.081531,0.026476,200901,0.05505500000000001
LA-HO,200903,3,ensemble,reference_r4,0.0978069999999999,0.031278,200901,0.0665289999999999
LA-HO,200904,1,ensemble,reference_r4,0.035801,0.0052949999999999,200904,0.0305060000000001
LA-HO,200905,2,ensemble,reference_r4,0.0343459999999999,0.011554,200904,0.022791999999999896
LA-HO,200906,3,ensemble,reference_r4,0.0706559999999999,0.040711,200904,0.029944999999999902
LA-HO,200907,1,ensemble,reference_r4,0.1220319999999999,0.3862110000000003,200907,-0.2641790000000004
LA-HO,200908,2,ensemble,reference_r4,0.0701309999999999,0.5098350000000007,200907,-0.4397040000000008
LA-HO,200909,3,ensemble,reference_r4,0.64205,0.7183229999999998,200907,-0.07627299999999981
LA-HO,200910,1,ensemble,reference_r4,0.507252,0.5770949999999999,200910,-0.06984299999999988
LA-HO,200911,2,ensemble,reference_r4,0.5531800000000001,0.711921,200910,-0.1587409999999999
LA-HO,200912,3,ensemble,reference_r4,0.4841459999999999,0.861452,200910,-0.3773060000000001
LA-KH,200801,1,ensemble,reference_r4,0.4553739999999999,0.7286899999999998,200801,-0.27331599999999995
LA-KH,200802,2,ensemble,reference_r4,0.3032239999999999,0.095881,200801,0.2073429999999999
LA-KH,200803,3,ensemble,reference_r4,0.1658109999999999,0.085457,200801,0.0803539999999999
LA-KH,200804,1,ensemble,reference_r4,0.3438189999999999,0.483166,200804,-0.1393470000000001
LA-KH,200805,2,ensemble,reference_r4,1.2967359999999992,1.1827940000000003,200804,0.11394199999999888
LA-KH,200806,3,ensemble,reference_r4,3.657329999999998,2.609496,200804,1.0478339999999982
LA-KH,200807,1,ensemble,reference_r4,9.885990999999995,3.5866049999999987,200807,6.299385999999997
LA-KH,200808,2,ensemble,reference_r4,10.352199,4.534191999999997,200807,5.818007000000003
LA-KH,200809,3,ensemble,reference_r4,4.613610000000001,4.3197059999999965,200807,0.29390400000000483
LA-KH,200810,1,ensemble,reference_r4,3.3758230000000005,0.6818619999999997,200810,2.6939610000000007
LA-KH,200811,2,ensemble,reference_r4,1.6034230000000005,1.625334,200810,-0.02191099999999957
LA-KH,200812,3,ensemble,reference_r4,2.3214169999999994,3.2899749999999996,200810,-0.9685580000000003
LA-KH,200901,1,ensemble,reference_r4,0.7514550000000004,0.053555,200901,0.6979000000000004
LA-KH,200902,2,ensemble,reference_r4,0.4784269999999999,0.0262599999999999,200901,0.452167
LA-KH,200903,3,ensemble,reference_r4,3.558827,4.688714,200901,-1.129887
LA-KH,200904,1,ensemble,reference_r4,0.5204570000000004,0.3390330000000001,200904,0.1814240000000003
LA-KH,200905,2,ensemble,reference_r4,3.4013779999999993,2.229423,200904,1.1719549999999992
LA-KH,200906,3,ensemble,reference_r4,52.42411,64.261183,200904,-11.837073000000004
LA-KH,200907,1,ensemble,reference_r4,100.333033,111.68224499999997,200907,-11.349211999999966
LA-KH,200908,2,ensemble,reference_r4,215.314169,238.622588,200907,-23.308419000000015
LA-KH,200909,3,ensemble,reference_r4,215.478709,212.138103,200907,3.340606000000008
LA-KH,200910,1,ensemble,reference_r4,48.19529700000001,41.99305699999999,200910,6.2022400000000175
LA-KH,200911,2,ensemble,reference_r4,39.963654000000005,23.480333,200910,16.483321000000004
LA-KH,200912,3,ensemble,reference_r4,44.825227,31.461151,200910,13.364075999999997
LA-LM,200801,1,ensemble,reference_r4,0.0153019999999999,0.0001449999999999,200801,0.015157
LA-LM,200802,2,ensemble,reference_r4,0.0241649999999999,6.399999999999982e-05,200801,0.0241009999999999
LA-LM,200803,3,ensemble,reference_r4,0.03865,3.600000000000044e-05,200801,0.038613999999999996
LA-LM,200804,1,ensemble,reference_r4,0.022098,0.0002249999999999,200804,0.0218730000000001
LA-LM,200805,2,ensemble,reference_r4,0.0312979999999999,0.0019169999999999,200804,0.029381
LA-LM,200806,3,ensemble,reference_r4,0.031308,0.0028719999999999,200804,0.028436000000000104
LA-LM,200807,1,ensemble,reference_r4,0.0743319999999999,0.9857340000000008,200807,-0.9114020000000009
LA-LM,200808,2,ensemble,reference_r4,0.071195,0.5268149999999991,200807,-0.45561999999999914
LA-LM,200809,3,ensemble,reference_r4,0.0705629999999999,0.8116540000000008,200807,-0.7410910000000008
LA-LM,200810,1,ensemble,reference_r4,0.085377,0.0282749999999999,200810,0.0571020000000001
LA-LM,200811,2,ensemble,reference_r4,0.046715,0.002547,200810,0.044168
LA-LM,200812,3,ensemble,reference_r4,0.0166989999999999,0.0006259999999999,200810,0.016073
LA-LM,200901,1,ensemble,reference_r4,0.020495,0.0001449999999999,200901,0.0203500000000001
LA-LM,200902,2,ensemble,reference_r4,0.0223789999999999,0.0001209999999999,200901,0.022258
LA-LM,200903,3,ensemble,reference_r4,0.0351389999999999,0.0004879999999999,200901,0.034651
LA-LM,200904,1,ensemble,reference_r4,0.752387,0.952581,200904,-0.20019399999999998
LA-LM,200905,2,ensemble,reference_r4,0.0280679999999999,0.003375,200904,0.0246929999999999
LA-LM,200906,3,ensemble,reference_r4,1.597872,1.779479,200904,-0.18160700000000007
LA-LM,200907,1,ensemble,reference_r4,0.561564,1.060841,200907,-0.49927699999999997
LA-LM,200908,2,ensemble,reference_r4,0.1593340000000001,1.3580590000000043,200907,-1.1987250000000043
LA-LM,200909,3,ensemble,reference_r4,2.775749,2.5135840000000016,200907,0.2621649999999982
LA-LM,200910,1,ensemble,reference_r4,3.5029329999999996,2.8886710000000004,200910,0.6142619999999992
LA-LM,200911,2,ensemble,reference_r4,4.669093,4.443423,200910,0.22567000000000004
LA-LM,200912,3,ensemble,reference_r4,3.0347880000000007,3.463991,200910,-0.42920299999999934
LA-LP,200801,1,ensemble,reference_r4,0.9199670000000002,0.8509699999999998,200801,0.06899700000000042
LA-LP,200802,2,ensemble,reference_r4,11.4469,14.226982,200801,-2.780082
LA-LP,200803,3,ensemble,reference_r4,17.184066,20.559279,200801,-3.3752129999999987
LA-LP,200804,1,ensemble,reference_r4,25.303241,17.089113,200804,8.214127999999999
LA-LP,200805,2,ensemble,reference_r4,102.073456,69.12398400000001,200804,32.949471999999986
LA-LP,200806,3,ensemble,reference_r4,129.24167,83.551519,200804,45.690151
LA-LP,200807,1,ensemble,reference_r4,9.345451000000011,9.939164000000002,200807,-0.5937129999999904
LA-LP,200808,2,ensemble,reference_r4,8.975386,8.521204000000001,200807,0.4541819999999994
LA-LP,200809,3,ensemble,reference_r4,8.462485000000008,8.899235999999998,200807,-0.43675099999999034
LA-LP,200810,1,ensemble,reference_r4,12.445035,16.340684000000003,200810,-3.8956490000000024
LA-LP,200811,2,ensemble,reference_r4,91.530426,109.266509,200810,-17.736082999999994
LA-LP,200812,3,ensemble,reference_r4,142.60368400000002,158.11663,200810,-15.512945999999971
LA-LP,200901,1,ensemble,reference_r4,7.405499999999996,7.373391999999999,200901,0.03210799999999736
LA-LP,200902,2,ensemble,reference_r4,7.279920000000004,6.8481760000000005,200901,0.4317440000000037
LA-LP,200903,3,ensemble,reference_r4,7.780261000000003,14.776713,200901,-6.996451999999998
LA-LP,200904,1,ensemble,reference_r4,0.6652750000000003,11.220066,200904,-10.554790999999998
LA-LP,200905,2,ensemble,reference_r4,1.6827159999999992,35.441478000000004,200904,-33.758762000000004
LA-LP,200906,3,ensemble,reference_r4,4.462852999999999,70.76695899999999,200904,-66.30410599999999
LA-LP,200907,1,ensemble,reference_r4,10.598537999999998,20.183689,200907,-9.585151000000003
LA-LP,200908,2,ensemble,reference_r4,12.488017999999997,19.869366999999997,200907,-7.381349
LA-LP,200909,3,ensemble,reference_r4,260.697273,275.812006,200907,-15.114733000000001
LA-LP,200910,1,ensemble,reference_r4,117.787319,75.76743399999998,200910,42.019885000000016
LA-LP,200911,2,ensemble,reference_r4,58.83092100000002,36.810936,200910,22.01998500000002
LA-LP,200912,3,ensemble,reference_r4,5.761779000000004,5.227954,200910,0.5338250000000038
LA-OU,200801,1,ensemble,reference_r4,0.0253519999999999,0.0004419999999999,200801,0.024909999999999998
LA-OU,200802,2,ensemble,reference_r4,0.022358,0.0002249999999999,200801,0.0221330000000001
LA-OU,200803,3,ensemble,reference_r4,0.021876,2.499999999999985e-05,200801,0.021851
LA-OU,200804,1,ensemble,reference_r4,0.0213289999999999,0.000962,200804,0.0203669999999999
LA-OU,200805,2,ensemble,reference_r4,0.034417,0.008625,200804,0.025792000000000002
LA-OU,200806,3,ensemble,reference_r4,0.049472,0.0110889999999999,200804,0.038383000000000105
LA-OU,200807,1,ensemble,reference_r4,0.078994,2.1414350000000013,200807,-2.0624410000000015
LA-OU,200808,2,ensemble,reference_r4,0.100287,1.392761,200807,-1.292474
LA-OU,200809,3,ensemble,reference_r4,0.0664529999999999,1.5584540000000011,200807,-1.4920010000000012
LA-OU,200810,1,ensemble,reference_r4,0.057176,0.035744,200810,0.021432
LA-OU,200811,2,ensemble,reference_r4,0.034749,0.0048789999999999,200810,0.0298700000000001
LA-OU,200812,3,ensemble,reference_r4,0.0172519999999999,0.001686,200810,0.0155659999999999
LA-OU,200901,1,ensemble,reference_r4,0.020531,8.099999999999948e-05,200901,0.020450000000000003
LA-OU,200902,2,ensemble,reference_r4,0.0249159999999999,0.0004889999999999,200901,0.024427
LA-OU,200903,3,ensemble,reference_r4,0.0209159999999999,0.0002559999999999,200901,0.02066
LA-OU,200904,1,ensemble,reference_r4,0.018494,0.001093,200904,0.017401
LA-OU,200905,2,ensemble,reference_r4,0.0371009999999999,0.0035089999999999,200904,0.033592
LA-OU,200906,3,ensemble,reference_r4,0.045518,0.017178,200904,0.028340000000000004
LA-OU,200907,1,ensemble,reference_r4,0.062363,2.201894000000003,200907,-2.139531000000003
LA-OU,200908,2,ensemble,reference_r4,0.658688,2.1174859999999995,200907,-1.4587979999999994
LA-OU,200909,3,ensemble,reference_r4,13.979842,9.036583999999998,200907,4.943258000000002
LA-OU,200910,1,ensemble,reference_r4,4.286379,2.356514,200910,1.929865
LA-OU,200911,2,ensemble,reference_r4,10.534605,8.297554,200910,2.237051000000001
LA-OU,200912,3,ensemble,reference_r4,14.998471000000002,16.259750999999998,200910,-1.2612799999999957
LA-PH,200901,1,ensemble,reference_r4,0.0148429999999999,0.008394,200901,0.006448999999999899
LA-PH,200902,2,ensemble,reference_r4,0.025592,0.013747,200901,0.011845
LA-PH,200903,3,ensemble,reference_r4,0.0208089999999999,0.011909,200901,0.008899999999999901
LA-PH,200904,1,ensemble,reference_r4,0.019823,0.003346,200904,0.016477
LA-PH,200905,2,ensemble,reference_r4,0.020099,0.0070159999999999,200904,0.013083000000000098
LA-PH,200906,3,ensemble,reference_r4,0.020466,0.0270019999999999,200904,-0.0065359999999998995
LA-PH,200907,1,ensemble,reference_r4,0.023747,0.2708350000000004,200907,-0.2470880000000004
LA-PH,200909,3,ensemble,reference_r4,0.0315189999999999,0.3815790000000003,200907,-0.35006000000000037
LA-PH,200910,1,ensemble,reference_r4,0.02293,0.0146899999999999,200910,0.0082400000000001
LA-PH,200911,2,ensemble,reference_r4,0.0171739999999999,0.007834,200910,0.0093399999999999
LA-PH,200912,3,ensemble,reference_r4,0.025942,0.000958,200910,0.024984
LA-SL,200801,1,ensemble,reference_r4,0.365993,0.8905020000000001,200801,-0.5245090000000001
LA-SL,200802,2,ensemble,reference_r4,0.72024,0.3990359999999999,200801,0.3212040000000001
LA-SL,200803,3,ensemble,reference_r4,3.3879059999999996,3.711126,200801,-0.3232200000000005
LA-SL,200804,1,ensemble,reference_r4,1.3527049999999998,0.8232109999999997,200804,0.5294940000000001
LA-SL,200805,2,ensemble,reference_r4,90.876761,88.017715,200804,2.8590460000000064
LA-SL,200806,3,ensemble,reference_r4,208.714157,182.706523,200804,26.007633999999996
LA-SL,200807,1,ensemble,reference_r4,58.383173,49.287558,200807,9.095615000000002
LA-SL,200808,2,ensemble,reference_r4,40.636977,40.490459,200807,0.14651800000000037
LA-SL,200809,3,ensemble,reference_r4,54.12670299999999,55.946118,200807,-1.8194150000000064
LA-SL,200810,1,ensemble,reference_r4,68.337449,37.46216799999999,200810,30.875281000000015
LA-SL,200811,2,ensemble,reference_r4,14.698823999999997,7.654614,200810,7.044209999999997
LA-SL,200812,3,ensemble,reference_r4,5.230689000000002,2.8154619999999992,200810,2.4152270000000025
LA-SL,200901,1,ensemble,reference_r4,1.1580880000000002,1.3520469999999998,200901,-0.19395899999999955
LA-SL,200902,2,ensemble,reference_r4,18.735793,19.347832,200901,-0.6120389999999993
LA-SL,200903,3,ensemble,reference_r4,18.889934,13.138766,200901,5.751168
LA-SL,200904,1,ensemble,reference_r4,12.750323,5.792517,200904,6.957806
LA-SL,200905,2,ensemble,reference_r4,86.297432,43.786785,200904,42.510647
LA-SL,200906,3,ensemble,reference_r4,25.542038,32.51208700000001,200904,-6.970049000000007
LA-SL,200907,1,ensemble,reference_r4,121.605399,115.68452800000004,200907,5.920870999999963
LA-SL,200908,2,ensemble,reference_r4,85.848121,88.35168499999999,200907,-2.503563999999983
LA-SL,200909,3,ensemble,reference_r4,57.496424000000005,59.12957999999999,200907,-1.6331559999999854
LA-SL,200910,1,ensemble,reference_r4,56.259240000000005,35.440118999999996,200910,20.81912100000001
LA-SL,200911,2,ensemble,reference_r4,24.570793,18.679802999999993,200910,5.890990000000006
LA-SL,200912,3,ensemble,reference_r4,9.759109,6.863837,200910,2.8952720000000003
LA-SV,200801,1,ensemble,reference_r4,1.808536,5.560211000000001,200801,-3.7516750000000005
LA-SV,200802,2,ensemble,reference_r4,0.7783999999999995,1.067894,200801,-0.28949400000000036
LA-SV,200803,3,ensemble,reference_r4,1.0019740000000006,0.5567249999999999,200801,0.44524900000000067
LA-SV,200804,1,ensemble,reference_r4,2.845471999999999,3.5868529999999996,200804,-0.7413810000000005
LA-SV,200805,2,ensemble,reference_r4,9.283547999999996,8.025956,200804,1.2575919999999954
LA-SV,200806,3,ensemble,reference_r4,15.424445000000006,26.666359000000007,200804,-11.241914000000001
LA-SV,200807,1,ensemble,reference_r4,40.057536,22.286722000000022,200807,17.770813999999977
LA-SV,200808,2,ensemble,reference_r4,31.91931500000001,22.32373799999999,200807,9.59557700000002
LA-SV,200809,3,ensemble,reference_r4,25.929744,20.55244700000003,200807,5.37729699999997
LA-SV,200810,1,ensemble,reference_r4,13.577576999999993,3.898237,200810,9.679339999999993
LA-SV,200811,2,ensemble,reference_r4,6.186890999999996,0.7242839999999999,200810,5.462606999999996
LA-SV,200812,3,ensemble,reference_r4,2.843322000000001,0.333579,200810,2.509743000000001
LA-SV,200901,1,ensemble,reference_r4,0.96833,0.071555,200901,0.896775
LA-SV,200902,2,ensemble,reference_r4,0.5820850000000002,0.0200209999999999,200901,0.5620640000000003
LA-SV,200903,3,ensemble,reference_r4,0.5745699999999996,0.1542179999999999,200901,0.42035199999999967
LA-SV,200904,1,ensemble,reference_r4,1.888354999999999,0.193397,200904,1.6949579999999989
LA-SV,200905,2,ensemble,reference_r4,8.408456999999999,1.2508590000000002,200904,7.157597999999998
LA-SV,200906,3,ensemble,reference_r4,17.043855000000008,1.6801389999999996,200904,15.363716000000007
LA-SV,200907,1,ensemble,reference_r4,30.017206000000016,29.44706099999996,200907,0.570145000000057
LA-SV,200908,2,ensemble,reference_r4,31.194189000000023,32.6685369999999,200907,-1.4743479999998783
LA-SV,200909,3,ensemble,reference_r4,28.766479000000004,33.06885599999998,200907,-4.302376999999979
LA-SV,200910,1,ensemble,reference_r4,14.466645,7.280832999999998,200910,7.185812000000002
LA-SV,200911,2,ensemble,reference_r4,13.91892,13.82403,200910,0.09488999999999947
LA-SV,200912,3,ensemble,reference_r4,5.0262959999999985,1.628926,200910,3.3973699999999987
LA-VT,200801,1,ensemble,reference_r4,14.796234000000002,10.804989,200801,3.991245000000001
LA-VT,200802,2,ensemble,reference_r4,12.810936000000002,3.935292000000001,200801,8.875644000000001
LA-VT,200803,3,ensemble,reference_r4,11.145681000000003,16.116372,200801,-4.970690999999995
LA-VT,200804,1,ensemble,reference_r4,17.403254999999998,11.139016000000002,200804,6.264238999999996
LA-VT,200805,2,ensemble,reference_r4,24.778174999999997,24.815482000000003,200804,-0.03730700000000553
LA-VT,200806,3,ensemble,reference_r4,41.32299899999998,79.70156100000003,200804,-38.378562000000045
LA-VT,200807,1,ensemble,reference_r4,70.88318999999998,87.0091829999999,200807,-16.12599299999991
LA-VT,200808,2,ensemble,reference_r4,63.93849500000002,87.64179200000001,200807,-23.703296999999992
LA-VT,200809,3,ensemble,reference_r4,56.800700000000006,97.86658499999989,200807,-41.06588499999988
LA-VT,200810,1,ensemble,reference_r4,58.80995900000002,36.63253,200810,22.177429000000018
LA-VT,200811,2,ensemble,reference_r4,35.47283399999999,60.17981900000001,200810,-24.706985000000017
LA-VT,200812,3,ensemble,reference_r4,24.295146999999993,51.16511799999999,200810,-26.869971
LA-VT,200901,1,ensemble,reference_r4,12.111762999999996,21.761033,200901,-9.649270000000005
LA-VT,200902,2,ensemble,reference_r4,8.955775,12.86546,200901,-3.9096850000000014
LA-VT,200903,3,ensemble,reference_r4,13.015456000000004,6.215401000000002,200901,6.800055000000002
LA-VT,200904,1,ensemble,reference_r4,8.196621,10.969666999999998,200904,-2.7730459999999972
LA-VT,200905,2,ensemble,reference_r4,20.022915000000005,110.53592700000002,200904,-90.513012
LA-VT,200906,3,ensemble,reference_r4,40.49485200000001,169.85351799999995,200904,-129.35866599999994
LA-VT,200907,1,ensemble,reference_r4,92.85767499999996,173.05869499999994,200907,-80.20101999999999
LA-VT,200908,2,ensemble,reference_r4,117.451345,210.0005450000001,200907,-92.5492000000001
LA-VT,200909,3,ensemble,reference_r4,164.78033700000003,275.74755000000005,200907,-110.96721300000002
LA-VT,200910,1,ensemble,reference_r4,147.39438100000004,200.38036600000004,200910,-52.985985
LA-VT,200911,2,ensemble,reference_r4,214.53763,247.218792,200910,-32.681162
LA-VT,200912,3,ensemble,reference_r4,159.80813800000004,237.076923,200910,-77.26878499999995
LA-XA,200801,1,ensemble,reference_r4,0.3986150000000004,0.937917,200801,-0.5393019999999996
LA-XA,200802,2,ensemble,reference_r4,0.429335,0.246032,200801,0.18330300000000002
LA-XA,200803,3,ensemble,reference_r4,0.5434429999999999,0.156616,200801,0.3868269999999999
LA-XA,200804,1,ensemble,reference_r4,0.9164069999999996,0.7415020000000001,200804,0.17490499999999953
LA-XA,200805,2,ensemble,reference_r4,1.7081199999999992,1.219445,200804,0.4886749999999993
LA-XA,200806,3,ensemble,reference_r4,5.893207000000004,2.2266060000000003,200804,3.6666010000000036
LA-XA,200807,1,ensemble,reference_r4,12.21593,11.749201,200807,0.46672900000000084
LA-XA,200808,2,ensemble,reference_r4,5.8639809999999954,4.581992,200807,1.2819889999999958
LA-XA,200809,3,ensemble,reference_r4,4.954492999999999,3.108659000000003,200807,1.8458339999999964
LA-XA,200810,1,ensemble,reference_r4,2.309897999999997,1.6035130000000004,200810,0.7063849999999965
LA-XA,200811,2,ensemble,reference_r4,1.454746,0.7189270000000003,200810,0.7358189999999998
LA-XA,200812,3,ensemble,reference_r4,0.8743529999999993,0.38409,200810,0.4902629999999993
LA-XA,200901,1,ensemble,reference_r4,0.4012799999999998,0.07726,200901,0.3240199999999998
LA-XA,200902,2,ensemble,reference_r4,0.4174359999999999,0.04674,200901,0.3706959999999999
LA-XA,200903,3,ensemble,reference_r4,0.4984540000000002,0.2377779999999999,200901,0.26067600000000024
LA-XA,200904,1,ensemble,reference_r4,0.7899910000000006,0.354928,200904,0.43506300000000053
LA-XA,200905,2,ensemble,reference_r4,2.6472499999999997,1.100982,200904,1.5462679999999998
LA-XA,200906,3,ensemble,reference_r4,8.996980000000004,5.649157999999999,200904,3.347822000000005
LA-XA,200907,1,ensemble,reference_r4,10.328724,6.153162000000002,200907,4.1755619999999976
LA-XA,200908,2,ensemble,reference_r4,16.869136999999995,22.79703300000001,200907,-5.927896000000015
LA-XA,200909,3,ensemble,reference_r4,6.801171,6.221546999999994,200907,0.5796240000000061
LA-XA,200910,1,ensemble,reference_r4,3.1479800000000004,4.338903000000002,200910,-1.1909230000000015
LA-XA,200911,2,ensemble,reference_r4,2.7492649999999994,2.590086000000001,200910,0.15917899999999818
LA-XA,200912,3,ensemble,reference_r4,1.6093260000000011,1.2576079999999998,200910,0.3517180000000013
LA-XE,200801,1,ensemble,reference_r4,0.1336159999999999,0.0150889999999999,200801,0.11852700000000001
LA-XE,200802,2,ensemble,reference_r4,0.130263,0.003747,200801,0.126516
LA-XE,200803,3,ensemble,reference_r4,0.070645,0.003433,200801,0.067212
LA-XE,200804,1,ensemble,reference_r4,0.059686,0.011745,200804,0.047941000000000004
LA-XE,200805,2,ensemble,reference_r4,0.0940579999999999,0.0455329999999999,200804,0.048525000000000006
LA-XE,200806,3,ensemble,reference_r4,3.455644,3.991869,200804,-0.536225
LA-XE,200807,1,ensemble,reference_r4,0.3156729999999998,0.5954490000000003,200807,-0.2797760000000005
LA-XE,200808,2,ensemble,reference_r4,0.2842890000000002,0.6949640000000006,200807,-0.4106750000000004
LA-XE,200809,3,ensemble,reference_r4,0.616908,0.7518729999999998,200807,-0.13496499999999978
LA-XE,200810,1,ensemble,reference_r4,0.259619,0.0478549999999999,200810,0.2117640000000001
LA-XE,200811,2,ensemble,reference_r4,0.1063049999999999,0.009837,200810,0.0964679999999999
LA-XE,200812,3,ensemble,reference_r4,0.6657540000000001,0.867007,200810,-0.2012529999999999
LA-XE,200901,1,ensemble,reference_r4,0.137343,0.004179,200901,0.133164
LA-XE,200902,2,ensemble,reference_r4,1.184656,1.872963,200901,-0.688307
LA-XE,200903,3,ensemble,reference_r4,1.368584,1.755906,200901,-0.38732199999999994
LA-XE,200904,1,ensemble,reference_r4,0.500262,0.5126379999999999,200904,-0.012375999999999943
LA-XE,200905,2,ensemble,reference_r4,0.8660140000000001,0.967369,200904,-0.10135499999999997
LA-XE,200906,3,ensemble,reference_r4,6.523745,5.750561,200904,0.7731839999999996
LA-XE,200907,1,ensemble,reference_r4,22.886367,24.309591,200907,-1.4232240000000012
LA-XE,200908,2,ensemble,reference_r4,21.182357,21.774364,200907,-0.5920069999999988
LA-XE,200909,3,ensemble,reference_r4,2.9330490000000005,3.804416,200907,-0.8713669999999993
LA-XE,200910,1,ensemble,reference_r4,3.888526,3.00741,200910,0.881116
LA-XE,200911,2,ensemble,reference_r4,1.4772919999999998,9.003909,200910,-7.526617
LA-XE,200912,3,ensemble,reference_r4,4.465701,8.447728999999995,200910,-3.9820279999999952
LA-XI,200801,1,ensemble,reference_r4,0.019959,0.0004849999999999,200801,0.019474000000000102
LA-XI,200802,2,ensemble,reference_r4,0.0243999999999999,0.0001709999999999,200801,0.024229
LA-XI,200803,3,ensemble,reference_r4,0.0167959999999999,0.00047,200801,0.0163259999999999
LA-XI,200804,1,ensemble,reference_r4,0.024096,0.0003869999999999,200804,0.023709000000000098
LA-XI,200805,2,ensemble,reference_r4,0.026132,0.00085,200804,0.025282
LA-XI,200806,3,ensemble,reference_r4,0.7855740000000001,0.929361,200804,-0.1437869999999999
LA-XI,200807,1,ensemble,reference_r4,0.085921,0.2423799999999998,200807,-0.1564589999999998
LA-XI,200808,2,ensemble,reference_r4,0.125298,0.3010999999999999,200807,-0.17580199999999993
LA-XI,200809,3,ensemble,reference_r4,0.1246689999999999,0.3256429999999994,200807,-0.2009739999999995
LA-XI,200810,1,ensemble,reference_r4,0.029585,0.017068,200810,0.012517
LA-XI,200811,2,ensemble,reference_r4,0.0319169999999999,0.002919,200810,0.028997999999999895
LA-XI,200812,3,ensemble,reference_r4,0.026438,0.0006509999999999,200810,0.025787000000000098
LA-XI,200901,1,ensemble,reference_r4,0.0226809999999999,0.001391,200901,0.0212899999999999
LA-XI,200902,2,ensemble,reference_r4,0.02077,0.0011069999999999,200901,0.0196630000000001
LA-XI,200903,3,ensemble,reference_r4,0.020191,0.000858,200901,0.019333
LA-XI,200904,1,ensemble,reference_r4,0.0198639999999999,0.0003319999999999,200904,0.019532
LA-XI,200905,2,ensemble,reference_r4,38.385726,38.930877,200904,-0.5451510000000042
LA-XI,200906,3,ensemble,reference_r4,32.099427,32.83178,200904,-0.7323530000000034
LA-XI,200907,1,ensemble,reference_r4,0.7948419999999992,0.6791850000000004,200907,0.11565699999999879
LA-XI,200908,2,ensemble,reference_r4,9.095243,6.871492,200907,2.223751
LA-XI,200909,3,ensemble,reference_r4,0.0881439999999997,0.4909029999999994,200907,-0.40275899999999976
LA-XI,200910,1,ensemble,reference_r4,0.018772,0.8932059999999997,200910,-0.8744339999999997
LA-XI,200911,2,ensemble,reference_r4,0.0382879999999999,0.4608449999999999,200910,-0.422557
LA-XI,200912,3,ensemble,reference_r4,0.023471,0.1687619999999999,200910,-0.14529099999999992
LA-AT,200801,1,persistence,reference,3.629459,2.8567205,200801,0.7727385
LA-AT,200802,2,persistence,reference,1.671459,1.2271735,200801,0.4442855000000001
LA-AT,200803,3,persistence,reference,0.019459,0.07830275,200801,-0.05884375
LA-AT,200804,1,persistence,reference,0.015468,0.50567575,200804,-0.49020775
LA-AT,200805,2,persistence,reference,3.639468,1.56358275,200804,2.07588525
LA-AT,200806,3,persistence,reference,9.619468,4.13374575,200804,5.485722249999999
LA-AT,200807,1,persistence,reference,2.9651810000000003,3.5250217500000014,200807,-0.5598407500000011
LA-AT,200808,2,persistence,reference,5.193181,6.766005999999999,200807,-1.572824999999999
LA-AT,200809,3,persistence,reference,13.631180999999998,17.3033775,200807,-3.672196500000002
LA-AT,200810,1,persistence,reference,18.220759,30.770417750000004,200810,-12.549658750000003
LA-AT,200811,2,persistence,reference,15.516759000000002,33.719483249999996,200810,-18.202724249999996
LA-AT,200812,3,persistence,reference,5.922759000000001,17.15468825,200810,-11.231929249999999
LA-AT,200901,1,persistence,reference,3.2493620000000005,8.29974025,200901,-5.050378249999999
LA-AT,200902,2,persistence,reference,16.903361999999998,38.76478525,200901,-21.861423250000005
LA-AT,200903,3,persistence,reference,46.529362,58.79363725,200901,-12.264275250000004
LA-AT,200904,1,persistence,reference,17.635059999999996,50.53175225,200904,-32.89669225
LA-AT,200905,2,persistence,reference,52.75106,48.4498705,200904,4.3011894999999996
LA-AT,200906,3,persistence,reference,29.799059999999997,39.38997125,200904,-9.590911250000005
LA-AT,200907,1,persistence,reference,53.070761000000005,48.98766975,200907,4.0830912500000025
LA-AT,200908,2,persistence,reference,16.756761,14.9626135,200907,1.7941475000000011
LA-AT,200909,3,persistence,reference,13.560761000000005,10.2212285,200907,3.3395325000000042
LA-AT,200910,1,persistence,reference,3.46218,6.4422120000000005,200910,-2.9800320000000005
LA-AT,200911,2,persistence,reference,12.792179999999998,6.16758375,200910,6.624596249999998
LA-AT,200912,3,persistence,reference,4.9421800000000005,5.693875249999999,200910,-0.7516952499999983
LA-BK,200801,1,persistence,reference,0.723906,0.95601925,200801,-0.23211324999999994
LA-BK,200802,2,persistence,reference,0.023906,4.6500000000000046e-05,200801,0.0238595
LA-BK,200803,3,persistence,reference,0.023906,2.8000000000000247e-05,200801,0.023878
LA-BK,200804,1,persistence,reference,0.023906,0.0264175,200804,-0.0025115
LA-BK,200805,2,persistence,reference,11.623906,10.713214999999998,200804,0.9106910000000017
LA-BK,200806,3,persistence,reference,52.623906,50.8679235,200804,1.7559824999999947
LA-BK,200807,1,persistence,reference,3.5125309999999956,1.96930125,200807,1.5432297499999956
LA-BK,200808,2,persistence,reference,8.256531000000003,5.856817999999999,200807,2.3997130000000038
LA-BK,200809,3,persistence,reference,26.396531000000003,21.43587975,200807,4.9606512500000015
LA-BK,200810,1,persistence,reference,31.705938999999997,21.940763500000003,200810,9.765175499999994
LA-BK,200811,2,persistence,reference,36.82593899999999,47.66615875,200810,-10.84021975000001
LA-BK,200812,3,persistence,reference,5.101938999999998,2.97199575,200810,2.129943249999998
LA-BK,200901,1,persistence,reference,1.4450170000000004,0.45439075,200901,0.9906262500000005
LA-BK,200902,2,persistence,reference,1.997017,0.30116375,200901,1.69585325
LA-BK,200903,3,persistence,reference,1.4450170000000004,0.6673817500000001,200901,0.7776352500000003
LA-BK,200904,1,persistence,reference,1.6136299999999997,1.287469,200904,0.3261609999999997
LA-BK,200905,2,persistence,reference,72.31163,43.308491,200904,29.003138999999997
LA-BK,200906,3,persistence,reference,214.31163,146.54898674999998,200904,67.76264325000002
LA-BK,200907,1,persistence,reference,122.745891,188.15685825,200907,-65.41096725
LA-BK,200908,2,persistence,reference,66.43789100000001,90.8190615,200907,-24.381170499999996
LA-BK,200909,3,persistence,reference,41.67189100000002,38.901625249999995,200907,2.7702657500000214
LA-BK,200910,1,persistence,reference,16.435781999999996,20.581325999999997,200910,-4.145544000000001
LA-BK,200911,2,persistence,reference,9.235782,12.810468749999998,200910,-3.574686749999998
LA-BK,200912,3,persistence,reference,9.217782,4.833049750000001,200910,4.384732249999999
LA-BL,200801,1,persistence,reference,8.330135,5.3708495,200801,2.9592855
LA-BL,200802,2,persistence,reference,5.3441350000000005,5.84484275,200801,-0.5007077499999992
LA-BL,200803,3,persistence,reference,0.3401349999999998,0.42230275,200801,-0.0821677500000002
LA-BL,200804,1,persistence,reference,1.725826,1.6217134999999998,200804,0.10411250000000027
LA-BL,200805,2,persistence,reference,13.245826,6.6790910000000006,200804,6.566734999999999
LA-BL,200806,3,persistence,reference,17.243826,7.575282,200804,9.668543999999999
LA-BL,200807,1,persistence,reference,10.327266000000002,20.087886249999997,200807,-9.760620249999995
LA-BL,200808,2,persistence,reference,10.935266000000002,20.6089715,200807,-9.673705499999997
LA-BL,200809,3,persistence,reference,9.739266,18.523956,200807,-8.784689999999998
LA-BL,200810,1,persistence,reference,13.267289,9.729708250000002,200810,3.5375807499999983
LA-BL,200811,2,persistence,reference,8.241289,4.276498999999999,200810,3.9647900000000007
LA-BL,200812,3,persistence,reference,16.985289,0.9770205,200810,16.008268500000003
LA-BL,200901,1,persistence,reference,0.821397,0.7456575000000001,200901,0.07573949999999996
LA-BL,200902,2,persistence,reference,1.5753970000000002,1.68273325,200901,-0.10733624999999991
LA-BL,200903,3,persistence,reference,0.3413969999999999,1.1302832499999995,200901,-0.7888862499999996
LA-BL,200904,1,persistence,reference,1.643181,0.8048480000000001,200904,0.8383329999999999
LA-BL,200905,2,persistence,reference,0.027181,3.829161000000001,200904,-3.801980000000001
LA-BL,200906,3,persistence,reference,6.629181,5.61813075,200904,1.0110502500000003
LA-BL,200907,1,persistence,reference,27.53776,21.985704500000004,200907,5.5520554999999945
LA-BL,200908,2,persistence,reference,6.123759999999999,6.174969249999998,200907,-0.05120924999999943
LA-BL,200909,3,persistence,reference,0.6617600000000001,4.862042999999998,200907,-4.200282999999998
LA-BL,200910,1,persistence,reference,0.818222,5.49467175,200910,-4.67644975
LA-BL,200911,2,persistence,reference,1.730222,2.1073274999999994,200910,-0.3771054999999994
LA-BL,200912,3,persistence,reference,0.818222,0.712077,200910,0.10614500000000004
LA-CH,200801,1,persistence,reference,8.929076000000002,29.3396385,200801,-20.410562499999997
LA-CH,200802,2,persistence,reference,17.575076,43.54995375,200801,-25.97487775
LA-CH,200803,3,persistence,reference,18.905076,50.399487500000006,200801,-31.494411500000005
LA-CH,200804,1,persistence,reference,15.323213,27.6368465,200804,-12.3136335
LA-CH,200805,2,persistence,reference,14.027212999999998,52.862192500000006,200804,-38.83497950000001
LA-CH,200806,3,persistence,reference,194.839213,122.0008095,200804,72.8384035
LA-CH,200807,1,persistence,reference,65.01757500000001,96.85658924999996,200807,-31.83901424999995
LA-CH,200808,2,persistence,reference,76.48357500000002,88.99043875000001,200807,-12.506863749999994
LA-CH,200809,3,persistence,reference,53.703575000000015,120.46265225,200807,-66.75907724999999
LA-CH,200810,1,persistence,reference,26.684580000000004,47.67266175,200810,-20.98808175
LA-CH,200811,2,persistence,reference,39.69258,44.33711,200810,-4.644530000000003
LA-CH,200812,3,persistence,reference,57.66658,32.772664750000004,200810,24.89391525
LA-CH,200901,1,persistence,reference,30.826288,10.049703,200901,20.776585000000004
LA-CH,200902,2,persistence,reference,15.034288,25.96861525,200901,-10.934327249999999
LA-CH,200903,3,persistence,reference,7.232288,21.53617675,200901,-14.303888749999999
LA-CH,200904,1,persistence,reference,29.966437,36.957363,200904,-6.990926000000002
LA-CH,200905,2,persistence,reference,7.424436999999999,75.32216250000002,200904,-67.89772550000002
LA-CH,200906,3,persistence,reference,50.068437,79.6897195,200904,-29.621282499999992
LA-CH,200907,1,persistence,reference,13.902496999999997,71.15796999999995,200907,-57.25547299999995
LA-CH,200908,2,persistence,reference,13.664496999999995,65.9228705,200907,-52.258373500000005
LA-CH,200909,3,persistence,reference,14.162497000000002,61.406306249999965,200907,-47.24380924999996
LA-CH,200910,1,persistence,reference,27.094395,20.148328999999997,200910,6.946066000000002
LA-CH,200911,2,persistence,reference,49.27039500000001,16.137065750000005,200910,33.13332925
LA-CH,200912,3,persistence,reference,52.234395000000006,12.705397,200910,39.52899800000001
LA-HO,200801,1,persistence,reference,0.475898,0.0033932499999999,200801,0.4725047500000001
LA-HO,200802,2,persistence,reference,0.475898,0.00093875,200801,0.47495925
LA-HO,200803,3,persistence,reference,0.475898,0.0085314999999999,200801,0.4673665000000001
LA-HO,200804,1,persistence,reference,0.023906,0.013471,200804,0.010435
LA-HO,200805,2,persistence,reference,0.023906,0.022683,200804,0.0012230000000000019
LA-HO,200806,3,persistence,reference,0.023906,0.03302,200804,-0.009114
LA-HO,200807,1,persistence,reference,0.002391,0.3769914999999997,200807,-0.3746004999999997
LA-HO,200808,2,persistence,reference,0.002391,0.4492542499999994,200807,-0.44686324999999943
LA-HO,200809,3,persistence,reference,0.942391,0.7446340000000005,200807,0.19775699999999952
LA-HO,200810,1,persistence,reference,0.475898,0.06861625,200810,0.40728175
LA-HO,200811,2,persistence,reference,0.475898,0.00963075,200810,0.46626724999999997
LA-HO,200812,3,persistence,reference,0.211898,0.8974147499999999,200810,-0.6855167499999999
LA-HO,200901,1,persistence,reference,0.393343,0.0162604999999999,200901,0.3770825000000001
LA-HO,200902,2,persistence,reference,0.393343,0.0244919999999999,200901,0.3688510000000001
LA-HO,200903,3,persistence,reference,0.393343,0.02520025,200901,0.36814275
LA-HO,200904,1,persistence,reference,0.023906,0.00536225,200904,0.01854375
LA-HO,200905,2,persistence,reference,0.023906,0.011925,200904,0.011981
LA-HO,200906,3,persistence,reference,0.023906,0.0431117499999999,200904,-0.0192057499999999
LA-HO,200907,1,persistence,reference,0.002391,0.2975690000000003,200907,-0.29517800000000033
LA-HO,200908,2,persistence,reference,0.002391,0.4700382500000002,200907,-0.46764725000000024
LA-HO,200909,3,persistence,reference,0.942391,0.7268472499999997,200907,0.21554375000000026
LA-HO,200910,1,persistence,reference,0.211898,0.5777009999999999,200910,-0.3658029999999999
LA-HO,200911,2,persistence,reference,0.211898,0.78325125,200910,-0.5713532499999999
LA-HO,200912,3,persistence,reference,0.211898,0.87533575,200910,-0.6634377499999999
LA-KH,200801,1,persistence,reference,0.02368,0.7769425,200801,-0.7532625
LA-KH,200802,2,persistence,reference,0.02368,0.0899645,200801,-0.0662845
LA-KH,200803,3,persistence,reference,0.02368,0.08083225,200801,-0.057152249999999995
LA-KH,200804,1,persistence,reference,0.019719,0.50089525,200804,-0.48117625
LA-KH,200805,2,persistence,reference,0.019719,1.0987155,200804,-1.0789965
LA-KH,200806,3,persistence,reference,0.753719,2.6191885000000004,200804,-1.8654695000000003
LA-KH,200807,1,persistence,reference,1.523898,4.206672750000001,200807,-2.682774750000001
LA-KH,200808,2,persistence,reference,0.475898,4.554646249999996,200807,-4.078748249999996
LA-KH,200809,3,persistence,reference,2.4858979999999997,4.605022999999997,200807,-2.1191249999999977
LA-KH,200810,1,persistence,reference,0.8358370000000006,0.7503565,200810,0.08548050000000063
LA-KH,200811,2,persistence,reference,1.5878370000000004,1.5314975000000002,200810,0.05633950000000021
LA-KH,200812,3,persistence,reference,2.097837,3.205132,200810,-1.1072949999999997
LA-KH,200901,1,persistence,reference,1.01939,0.0789115,200901,0.9404785
LA-KH,200902,2,persistence,reference,1.01939,0.0184859999999999,200901,1.000904
LA-KH,200903,3,persistence,reference,2.75139,4.757184,200901,-2.005794
LA-KH,200904,1,persistence,reference,0.8084749999999996,0.36157825,200904,0.4468967499999996
LA-KH,200905,2,persistence,reference,3.570474999999999,2.211093,200904,1.3593819999999992
LA-KH,200906,3,persistence,reference,69.688475,64.847896,200904,4.840578999999991
LA-KH,200907,1,persistence,reference,120.177069,116.86190075,200907,3.3151682499999993
LA-KH,200908,2,persistence,reference,246.421069,248.8047135,200907,-2.3836445000000026
LA-KH,200909,3,persistence,reference,223.72906900000004,223.44451925,200907,0.2845497500000249
LA-KH,200910,1,persistence,reference,59.31412399999999,43.194995,200910,16.119128999999994
LA-KH,200911,2,persistence,reference,52.600123999999994,21.677693499999997,200910,30.922430499999997
LA-KH,200912,3,persistence,reference,54.124123999999995,29.364558,200910,24.759565999999996
LA-LM,200801,1,persistence,reference,0.002391,0.0001869999999999,200801,0.0022040000000001
LA-LM,200802,2,persistence,reference,0.002391,6.124999999999989e-05,200801,0.0023297500000000002
LA-LM,200803,3,persistence,reference,0.002391,2.3000000000000346e-05,200801,0.0023679999999999994
LA-LM,200804,1,persistence,reference,0.002391,0.0076832499999999,200804,-0.0052922499999999
LA-LM,200805,2,persistence,reference,0.002391,0.0507185,200804,-0.0483275
LA-LM,200806,3,persistence,reference,0.002391,0.07468125,200804,-0.07229025
LA-LM,200807,1,persistence,reference,0.002391,0.9505770000000008,200807,-0.9481860000000008
LA-LM,200808,2,persistence,reference,0.002391,0.5011180000000002,200807,-0.4987270000000002
LA-LM,200809,3,persistence,reference,0.002391,0.7134750000000003,200807,-0.7110840000000003
LA-LM,200810,1,persistence,reference,0.002391,0.02528225,200810,-0.02289125
LA-LM,200811,2,persistence,reference,0.002391,0.00321175,200810,-0.0008207500000000003
LA-LM,200812,3,persistence,reference,0.002391,0.0007694999999999,200810,0.0016215000000000999
LA-LM,200901,1,persistence,reference,0.002391,0.0001122499999999,200901,0.0022787500000000997
LA-LM,200902,2,persistence,reference,0.002391,0.0001109999999999,200901,0.0022800000000001
LA-LM,200903,3,persistence,reference,0.002391,0.0004552499999999,200901,0.0019357500000001
LA-LM,200904,1,persistence,reference,0.942391,0.95552225,200904,-0.013131250000000039
LA-LM,200905,2,persistence,reference,0.002391,0.0038972499999999,200904,-0.0015062499999999
LA-LM,200906,3,persistence,reference,1.900391,1.775661,200904,0.12473000000000001
LA-LM,200907,1,persistence,reference,0.5251649999999999,0.93713525,200907,-0.4119702500000001
LA-LM,200908,2,persistence,reference,0.5091650000000001,1.1261882500000011,200907,-0.617023250000001
LA-LM,200909,3,persistence,reference,1.981165,2.3978117500000007,200907,-0.4166467500000006
LA-LM,200910,1,persistence,reference,2.840144,2.75320575,200910,0.08693825000000022
LA-LM,200911,2,persistence,reference,3.484144,4.56897925,200910,-1.0848352499999998
LA-LM,200912,3,persistence,reference,2.2381439999999997,3.36008825,200910,-1.1219442500000003
LA-LP,200801,1,persistence,reference,2.65538,0.82532475,200801,1.83005525
LA-LP,200802,2,persistence,reference,8.88138,14.229039,200801,-5.347659
LA-LP,200803,3,persistence,reference,14.70338,20.42374125,200801,-5.72036125
LA-LP,200804,1,persistence,reference,24.502973,20.079706,200804,4.423266999999999
LA-LP,200805,2,persistence,reference,95.354973,82.12704175,200804,13.227931249999997
LA-LP,200806,3,persistence,reference,135.374973,104.643518,200804,30.73145500000001
LA-LP,200807,1,persistence,reference,20.196752000000004,9.964950000000002,200807,10.231802000000002
LA-LP,200808,2,persistence,reference,18.936751999999984,8.36418425,200807,10.572567749999985
LA-LP,200809,3,persistence,reference,19.34875199999999,8.916167,200807,10.43258499999999
LA-LP,200810,1,persistence,reference,14.584063,17.1979405,200810,-2.613877500000001
LA-LP,200811,2,persistence,reference,94.882063,107.752947,200810,-12.870884000000004
LA-LP,200812,3,persistence,reference,139.88206300000002,157.80555925,200810,-17.92349624999997
LA-LP,200901,1,persistence,reference,93.472676,7.926249,200901,85.54642700000001
LA-LP,200902,2,persistence,reference,93.472676,5.34566875,200901,88.12700725
LA-LP,200903,3,persistence,reference,93.472676,12.5922905,200901,80.8803855
LA-LP,200904,1,persistence,reference,0.018721,11.6730205,200904,-11.6542995
LA-LP,200905,2,persistence,reference,0.018721,34.6189255,200904,-34.600204500000004
LA-LP,200906,3,persistence,reference,8.620721,71.9808455,200904,-63.3601245
LA-LP,200907,1,persistence,reference,26.316697,20.95936,200907,5.357337000000001
LA-LP,200908,2,persistence,reference,28.134696999999996,21.068553,200907,7.066143999999994
LA-LP,200909,3,persistence,reference,299.12669700000004,284.7330325,200907,14.393664500000057
LA-LP,200910,1,persistence,reference,107.48031400000002,69.28776425,200910,38.192549750000026
LA-LP,200911,2,persistence,reference,65.94431400000002,38.725323,200910,27.218991000000017
LA-LP,200912,3,persistence,reference,34.85831400000001,6.0545695,200910,28.803744500000008
LA-OU,200801,1,persistence,reference,0.002391,0.0009954999999999,200801,0.0013955000000001
LA-OU,200802,2,persistence,reference,0.002391,0.0001854999999999,200801,0.0022055000000000997
LA-OU,200803,3,persistence,reference,0.002391,6.374999999999979e-05,200801,0.0023272500000000003
LA-OU,200804,1,persistence,reference,0.002391,0.021019,200804,-0.018628
LA-OU,200805,2,persistence,reference,0.002391,0.0979922499999999,200804,-0.0956012499999999
LA-OU,200806,3,persistence,reference,0.002391,0.169309,200804,-0.16691799999999998
LA-OU,200807,1,persistence,reference,0.002391,1.9330165000000017,200807,-1.9306255000000017
LA-OU,200808,2,persistence,reference,0.002391,1.27780225,200807,-1.2754112499999999
LA-OU,200809,3,persistence,reference,0.002391,1.5425357500000008,200807,-1.5401447500000007
LA-OU,200810,1,persistence,reference,0.002391,0.0331582499999999,200810,-0.030767249999999902
LA-OU,200811,2,persistence,reference,0.002391,0.0057727499999999,200810,-0.0033817499999999005
LA-OU,200812,3,persistence,reference,0.002391,0.00139925,200810,0.0009917499999999998
LA-OU,200901,1,persistence,reference,0.002391,0.0002072499999999,200901,0.0021837500000000997
LA-OU,200902,2,persistence,reference,0.002391,0.0001965,200901,0.0021945
LA-OU,200903,3,persistence,reference,0.002391,0.00056025,200901,0.00183075
LA-OU,200904,1,persistence,reference,0.002391,0.00090175,200904,0.00148925
LA-OU,200905,2,persistence,reference,0.002391,0.0051239999999999,200904,-0.0027329999999999004
LA-OU,200906,3,persistence,reference,0.002391,0.01647975,200904,-0.01408875
LA-OU,200907,1,persistence,reference,0.002391,1.7412692500000009,200907,-1.7388782500000008
LA-OU,200908,2,persistence,reference,0.942391,2.001218249999999,200907,-1.058827249999999
LA-OU,200909,3,persistence,reference,14.696391,9.3298065,200907,5.3665845
LA-OU,200910,1,persistence,reference,3.9218850000000014,2.2214875000000003,200910,1.7003975000000011
LA-OU,200911,2,persistence,reference,7.633885000000001,8.9728415,200910,-1.3389564999999983
LA-OU,200912,3,persistence,reference,10.737885,16.17595275,200910,-5.43806775
LA-PH,200901,1,persistence,reference,0.002391,0.0130202499999999,200901,-0.0106292499999999
LA-PH,200902,2,persistence,reference,0.002391,0.01459375,200901,-0.012202750000000002
LA-PH,200903,3,persistence,reference,0.002391,0.01747275,200901,-0.015081749999999998
LA-PH,200904,1,persistence,reference,0.002391,0.0034817499999999,200904,-0.0010907499999999
LA-PH,200905,2,persistence,reference,0.002391,0.0067925,200904,-0.0044015
LA-PH,200906,3,persistence,reference,0.002391,0.0279412499999999,200904,-0.0255502499999999
LA-PH,200907,1,persistence,reference,0.002391,0.1950434999999999,200907,-0.1926524999999999
LA-PH,200909,3,persistence,reference,0.002391,0.2976595000000001,200907,-0.2952685000000001
LA-PH,200910,1,persistence,reference,0.002391,0.0170252499999999,200910,-0.0146342499999999
LA-PH,200911,2,persistence,reference,0.002391,0.0064347499999999,200910,-0.0040437499999999
LA-PH,200912,3,persistence,reference,0.002391,0.0011549999999999,200910,0.0012360000000000999
LA-SL,200801,1,persistence,reference,0.8383039999999999,0.944374,200801,-0.10607000000000011
LA-SL,200802,2,persistence,reference,1.1143039999999995,0.3960867499999999,200801,0.7182172499999997
LA-SL,200803,3,persistence,reference,3.1163039999999995,3.71234675,200801,-0.5960427500000005
LA-SL,200804,1,persistence,reference,1.4566819999999998,0.99449025,200804,0.4621917499999998
LA-SL,200805,2,persistence,reference,96.162682,89.40537875,200804,6.757303250000007
LA-SL,200806,3,persistence,reference,216.508682,184.4246935,200804,32.083988500000004
LA-SL,200807,1,persistence,reference,56.446236,49.26407675,200807,7.182159249999998
LA-SL,200808,2,persistence,reference,48.326235999999994,39.41688825,200807,8.909347749999995
LA-SL,200809,3,persistence,reference,60.362236,57.114015,200807,3.248221000000001
LA-SL,200810,1,persistence,reference,59.302918000000005,37.614025,200810,21.688893000000007
LA-SL,200811,2,persistence,reference,16.726917999999998,8.01930375,200810,8.707614249999997
LA-SL,200812,3,persistence,reference,11.062917999999996,2.8268264999999997,200810,8.236091499999997
LA-SL,200901,1,persistence,reference,3.974114,1.65789525,200901,2.31621875
LA-SL,200902,2,persistence,reference,13.068114,19.7962565,200901,-6.728142499999999
LA-SL,200903,3,persistence,reference,14.038114,13.1628275,200901,0.8752864999999996
LA-SL,200904,1,persistence,reference,9.552053,5.858830749999999,200904,3.6932222500000016
LA-SL,200905,2,persistence,reference,87.13005299999999,45.2519755,200904,41.87807749999999
LA-SL,200906,3,persistence,reference,22.828053,31.8076495,200904,-8.9795965
LA-SL,200907,1,persistence,reference,111.63495,118.85979425000002,200907,-7.224844250000018
LA-SL,200908,2,persistence,reference,81.05895000000001,91.037494,200907,-9.978543999999985
LA-SL,200909,3,persistence,reference,53.45095,62.04129249999999,200907,-8.590342499999991
LA-SL,200910,1,persistence,reference,29.447606000000007,35.41509575,200910,-5.9674897499999915
LA-SL,200911,2,persistence,reference,19.925606,16.416914499999997,200910,3.508691500000001
LA-SL,200912,3,persistence,reference,25.035606,7.024564250000001,200910,18.01104175
LA-SV,200801,1,persistence,reference,0.708358,5.560645,200801,-4.8522870000000005
LA-SV,200802,2,persistence,reference,0.708358,1.0085315,200801,-0.30017349999999987
LA-SV,200803,3,persistence,reference,0.708358,0.4973877499999999,200801,0.21097025000000014
LA-SV,200804,1,persistence,reference,0.2601569999999999,3.5772804999999996,200804,-3.3171234999999997
LA-SV,200805,2,persistence,reference,0.414157,6.43930125,200804,-6.025144249999999
LA-SV,200806,3,persistence,reference,8.278157,24.48841975,200804,-16.21026275
LA-SV,200807,1,persistence,reference,4.223967000000001,23.12051975,200807,-18.896552749999998
LA-SV,200808,2,persistence,reference,2.271967000000001,21.36057074999998,200807,-19.08860374999998
LA-SV,200809,3,persistence,reference,2.3579669999999995,23.258939499999997,200807,-20.900972499999998
LA-SV,200810,1,persistence,reference,6.847518999999999,3.819202250000001,200810,3.0283167499999983
LA-SV,200811,2,persistence,reference,0.707519,0.8241327500000002,200810,-0.11661375000000018
LA-SV,200812,3,persistence,reference,0.6475190000000002,0.3548737500000001,200810,0.2926452500000001
LA-SV,200901,1,persistence,reference,0.026358,0.0830284999999999,200901,-0.056670499999999895
LA-SV,200902,2,persistence,reference,0.026358,0.0152394999999999,200901,0.011118500000000099
LA-SV,200903,3,persistence,reference,0.026358,0.12601875,200901,-0.09966075000000002
LA-SV,200904,1,persistence,reference,0.02112,0.18258525,200904,-0.16146525
LA-SV,200905,2,persistence,reference,0.02112,1.2562635,200904,-1.2351435
LA-SV,200906,3,persistence,reference,0.74312,1.6869117500000002,200904,-0.9437917500000002
LA-SV,200907,1,persistence,reference,11.475898,26.799079749999976,200907,-15.323181749999975
LA-SV,200908,2,persistence,reference,32.475898,29.625094249999957,200907,2.8508037500000434
LA-SV,200909,3,persistence,reference,46.475898,33.84717599999999,200907,12.62872200000001
LA-SV,200910,1,persistence,reference,10.503741999999995,7.0335019999999995,200910,3.470239999999996
LA-SV,200911,2,persistence,reference,14.015741999999996,15.431827,200910,-1.4160850000000043
LA-SV,200912,3,persistence,reference,11.403742,1.7666767499999998,200910,9.63706525
LA-VT,200801,1,persistence,reference,51.350280999999995,11.1160255,200801,40.234255499999996
LA-VT,200802,2,persistence,reference,68.34028099999999,4.11515575,200801,64.22512524999999
LA-VT,200803,3,persistence,reference,54.344280999999995,16.96018625,200801,37.384094749999996
LA-VT,200804,1,persistence,reference,12.199369,10.77835425,200804,1.4210147500000012
LA-VT,200805,2,persistence,reference,4.579369,20.521471750000003,200804,-15.942102750000004
LA-VT,200806,3,persistence,reference,25.827368999999997,69.88104925,200804,-44.053680250000006
LA-VT,200807,1,persistence,reference,57.875534,81.40077274999996,200807,-23.525238749999957
LA-VT,200808,2,persistence,reference,67.005534,84.85327000000001,200807,-17.847736000000012
LA-VT,200809,3,persistence,reference,78.173534,93.64231074999996,200807,-15.46877674999996
LA-VT,200810,1,persistence,reference,31.379588,35.20602275,200810,-3.826434750000004
LA-VT,200811,2,persistence,reference,32.061588,57.436028,200810,-25.37444
LA-VT,200812,3,persistence,reference,31.787588,51.8002925,200810,-20.012704499999998
LA-VT,200901,1,persistence,reference,37.725657,20.70266475,200901,17.022992249999998
LA-VT,200902,2,persistence,reference,55.637657,13.901395,200901,41.736261999999996
LA-VT,200903,3,persistence,reference,56.637657,6.35277275,200901,50.28488425
LA-VT,200904,1,persistence,reference,9.878301,10.8966255,200904,-1.0183245000000003
LA-VT,200905,2,persistence,reference,29.714301000000003,109.941614,200904,-80.227313
LA-VT,200906,3,persistence,reference,79.67630100000001,176.63849825,200904,-96.96219724999999
LA-VT,200907,1,persistence,reference,168.360044,174.467824,200907,-6.1077800000000195
LA-VT,200908,2,persistence,reference,222.114044,205.78056975,200907,16.333474249999995
LA-VT,200909,3,persistence,reference,336.066044,278.36174550000004,200907,57.704298499999936
LA-VT,200910,1,persistence,reference,90.19122700000004,197.894393,200910,-107.70316599999997
LA-VT,200911,2,persistence,reference,88.37322699999999,268.37443075,200910,-180.00120375
LA-VT,200912,3,persistence,reference,70.84522700000002,226.40287475,200910,-155.55764774999997
LA-XA,200801,1,persistence,reference,0.2648749999999999,1.06215775,200801,-0.7972827499999999
LA-XA,200802,2,persistence,reference,0.2648749999999999,0.2354625,200801,0.029412499999999925
LA-XA,200803,3,persistence,reference,0.2648749999999999,0.15566625,200801,0.10920874999999991
LA-XA,200804,1,persistence,reference,0.01898,0.7379695000000001,200804,-0.7189895000000001
LA-XA,200805,2,persistence,reference,1.67498,1.32360175,200804,0.35137825
LA-XA,200806,3,persistence,reference,5.620979999999999,2.3749184999999997,200804,3.2460614999999997
LA-XA,200807,1,persistence,reference,10.595703,11.184284999999996,200807,-0.5885819999999953
LA-XA,200808,2,persistence,reference,2.3117029999999996,4.234384749999999,200807,-1.9226817499999997
LA-XA,200809,3,persistence,reference,1.6937030000000002,2.697391250000001,200807,-1.0036882500000006
LA-XA,200810,1,persistence,reference,1.6142070000000002,1.5762365,200810,0.03797050000000013
LA-XA,200811,2,persistence,reference,0.874207,0.8232865,200810,0.050920499999999924
LA-XA,200812,3,persistence,reference,0.3622069999999999,0.408204,200810,-0.04599700000000012
LA-XA,200901,1,persistence,reference,0.367735,0.09775275,200901,0.26998225
LA-XA,200902,2,persistence,reference,0.367735,0.03872075,200901,0.32901424999999995
LA-XA,200903,3,persistence,reference,0.367735,0.2171452499999999,200901,0.15058975000000008
LA-XA,200904,1,persistence,reference,0.033086,0.30977675,200904,-0.27669075
LA-XA,200905,2,persistence,reference,0.671086,1.1146125000000002,200904,-0.44352650000000027
LA-XA,200906,3,persistence,reference,13.633086,5.670314749999999,200904,7.962771250000001
LA-XA,200907,1,persistence,reference,6.312753000000001,6.406543500000003,200907,-0.09379050000000255
LA-XA,200908,2,persistence,reference,24.336753,23.106004,200907,1.230749000000003
LA-XA,200909,3,persistence,reference,6.312753000000001,6.533184249999995,200907,-0.22043124999999453
LA-XA,200910,1,persistence,reference,2.5944010000000004,4.4654025,200910,-1.8710014999999993
LA-XA,200911,2,persistence,reference,2.5944010000000004,2.1824275,200910,0.4119735000000002
LA-XA,200912,3,persistence,reference,3.0544009999999995,1.3401602499999998,200910,1.7142407499999996
LA-XE,200801,1,persistence,reference,0.331464,0.0157672499999999,200801,0.3156967500000001
LA-XE,200802,2,persistence,reference,0.331464,0.00728225,200801,0.32418175
LA-XE,200803,3,persistence,reference,0.331464,0.00405975,200801,0.32740425
LA-XE,200804,1,persistence,reference,0.031464,0.01893125,200804,0.012532749999999999
LA-XE,200805,2,persistence,reference,0.031464,0.0490319999999999,200804,-0.017567999999999903
LA-XE,200806,3,persistence,reference,4.631464,3.87301125,200804,0.7584527500000005
LA-XE,200807,1,persistence,reference,0.2715540000000001,0.4383570000000001,200807,-0.16680300000000003
LA-XE,200808,2,persistence,reference,0.2715540000000001,0.5336115000000001,200807,-0.26205750000000005
LA-XE,200809,3,persistence,reference,0.8975540000000004,0.6918269999999999,200807,0.20572700000000055
LA-XE,200810,1,persistence,reference,0.0846519999999999,0.0499849999999999,200810,0.034666999999999996
LA-XE,200811,2,persistence,reference,0.0846519999999999,0.020021,200810,0.0646309999999999
LA-XE,200812,3,persistence,reference,0.7046520000000001,0.86535475,200810,-0.1607027499999999
LA-XE,200901,1,persistence,reference,0.393343,0.00637675,200901,0.38696625
LA-XE,200902,2,persistence,reference,0.757343,1.8795005,200901,-1.1221575000000001
LA-XE,200903,3,persistence,reference,0.757343,1.75755275,200901,-1.0002097500000002
LA-XE,200904,1,persistence,reference,0.499234,0.521935,200904,-0.022701000000000027
LA-XE,200905,2,persistence,reference,0.3112340000000001,0.97420275,200904,-0.6629687499999999
LA-XE,200906,3,persistence,reference,6.227234,5.86126,200904,0.36597400000000047
LA-XE,200907,1,persistence,reference,16.139077999999998,25.168266749999997,200907,-9.02918875
LA-XE,200908,2,persistence,reference,14.313078,22.43472575,200907,-8.121647749999998
LA-XE,200909,3,persistence,reference,1.7770780000000004,4.09308175,200907,-2.3160037499999993
LA-XE,200910,1,persistence,reference,1.913529,2.796644,200910,-0.8831150000000001
LA-XE,200911,2,persistence,reference,1.3275289999999995,5.795607750000002,200910,-4.468078750000003
LA-XE,200912,3,persistence,reference,1.913529,6.98543275,200910,-5.071903750000001
LA-XI,200801,1,persistence,reference,0.002391,0.0005107499999999,200801,0.0018802500000001
LA-XI,200802,2,persistence,reference,0.002391,0.0001444999999999,200801,0.0022465000000001
LA-XI,200803,3,persistence,reference,0.002391,0.0003409999999999,200801,0.0020500000000001
LA-XI,200804,1,persistence,reference,0.002391,0.005478,200804,-0.0030870000000000003
LA-XI,200805,2,persistence,reference,0.002391,0.0145995,200804,-0.0122085
LA-XI,200806,3,persistence,reference,0.942391,0.8408530000000001,200804,0.1015379999999999
LA-XI,200807,1,persistence,reference,0.475898,0.3255652499999999,200807,0.15033275000000007
LA-XI,200808,2,persistence,reference,0.475898,0.3256207499999999,200807,0.15027725000000008
LA-XI,200809,3,persistence,reference,0.475898,0.3639719999999995,200807,0.11192600000000047
LA-XI,200810,1,persistence,reference,0.023906,0.0140124999999999,200810,0.0098935000000001
LA-XI,200811,2,persistence,reference,0.023906,0.0035425,200810,0.0203635
LA-XI,200812,3,persistence,reference,0.023906,0.0009309999999999,200810,0.0229750000000001
LA-XI,200901,1,persistence,reference,0.002391,0.00125375,200901,0.0011372499999999998
LA-XI,200902,2,persistence,reference,0.002391,0.001519,200901,0.0008719999999999999
LA-XI,200903,3,persistence,reference,0.002391,0.0012149999999999,200901,0.0011760000000001
LA-XI,200904,1,persistence,reference,0.002391,0.00037025,200904,0.00202075
LA-XI,200905,2,persistence,reference,38.620391,38.924908,200904,-0.30451700000000415
LA-XI,200906,3,persistence,reference,32.632391,32.83338475,200904,-0.20099375000000208
LA-XI,200907,1,persistence,reference,1.3035949999999978,0.6998392500000006,200907,0.6037557499999973
LA-XI,200908,2,persistence,reference,9.231595000000002,7.121734,200907,2.109861000000002
LA-XI,200909,3,persistence,reference,0.4635950000000015,0.4275137499999998,200907,0.036081250000001674
LA-XI,200910,1,persistence,reference,0.004394,0.96271025,200910,-0.95831625
LA-XI,200911,2,persistence,reference,0.004394,0.3815999999999999,200910,-0.3772059999999999
LA-XI,200912,3,persistence,reference,0.004394,0.167857,200910,-0.163463
LA-AT,200801,1,persistence,reference_r1,3.629459,2.89589,200801,0.7335690000000001
LA-AT,200802,2,persistence,reference_r1,1.671459,1.1779190000000002,200801,0.49353999999999987
LA-AT,200803,3,persistence,reference_r1,0.019459,0.068366,200801,-0.04890699999999999
LA-AT,200804,1,persistence,reference_r1,0.015468,0.43204,200804,-0.416572
LA-AT,200805,2,persistence,reference_r1,3.639468,1.3779979999999998,200804,2.26147
LA-AT,200806,3,persistence,reference_r1,9.619468,4.025428,200804,5.59404
LA-AT,200807,1,persistence,reference_r1,2.9651810000000003,3.4582960000000007,200807,-0.4931150000000004
LA-AT,200808,2,persistence,reference_r1,5.193181,6.963262,200807,-1.7700810000000002
LA-AT,200809,3,persistence,reference_r1,13.631180999999998,17.334718000000002,200807,-3.7035370000000043
LA-AT,200810,1,persistence,reference_r1,18.220759,32.554036,200810,-14.333277000000002
LA-AT,200811,2,persistence,reference_r1,15.516759000000002,35.157385,200810,-19.640625999999997
LA-AT,200812,3,persistence,reference_r1,5.922759000000001,17.244417,200810,-11.321657999999998
LA-AT,200901,1,persistence,reference_r1,3.2493620000000005,8.311717,200901,-5.062354999999999
LA-AT,200902,2,persistence,reference_r1,16.903361999999998,39.923892,200901,-23.020530000000004
LA-AT,200903,3,persistence,reference_r1,46.529362,59.556864999999995,200901,-13.027502999999996
LA-AT,200904,1,persistence,reference_r1,17.635059999999996,50.321077,200904,-32.68601700000001
LA-AT,200905,2,persistence,reference_r1,52.75106,47.70569499999999,200904,5.045365000000011
LA-AT,200906,3,persistence,reference_r1,29.799059999999997,42.66392600000002,200904,-12.86486600000002
LA-AT,200907,1,persistence,reference_r1,53.070761000000005,47.604339,200907,5.4664220000000014
LA-AT,200908,2,persistence,reference_r1,16.756761,14.811944,200907,1.9448170000000005
LA-AT,200909,3,persistence,reference_r1,13.560761000000005,10.347153,200907,3.2136080000000042
LA-AT,200910,1,persistence,reference_r1,3.46218,7.440359000000001,200910,-3.978179000000001
LA-AT,200911,2,persistence,reference_r1,12.792179999999998,5.397127000000001,200910,7.395052999999997
LA-AT,200912,3,persistence,reference_r1,4.9421800000000005,7.226236999999998,200910,-2.284056999999997
LA-BK,200801,1,persistence,reference_r1,0.723906,0.956484,200801,-0.23257799999999995
LA-BK,200802,2,persistence,reference_r1,0.023906,9.99999999999994e-05,200801,0.023806
LA-BK,200803,3,persistence,reference_r1,0.023906,8.999999999999894e-06,200801,0.023897
LA-BK,200804,1,persistence,reference_r1,0.023906,0.0058819999999999,200804,0.0180240000000001
LA-BK,200805,2,persistence,reference_r1,11.623906,11.478989,200804,0.14491699999999952
LA-BK,200806,3,persistence,reference_r1,52.623906,52.355057,200804,0.2688489999999959
LA-BK,200807,1,persistence,reference_r1,3.5125309999999956,1.9452689999999997,200807,1.567261999999996
LA-BK,200808,2,persistence,reference_r1,8.256531000000003,5.807879,200807,2.4486520000000027
LA-BK,200809,3,persistence,reference_r1,26.396531000000003,20.924205,200807,5.4723260000000025
LA-BK,200810,1,persistence,reference_r1,31.705938999999997,21.313686000000004,200810,10.392252999999993
LA-BK,200811,2,persistence,reference_r1,36.82593899999999,48.309223,200810,-11.483284000000012
LA-BK,200812,3,persistence,reference_r1,5.101938999999998,3.017966,200810,2.083972999999998
LA-BK,200901,1,persistence,reference_r1,1.4450170000000004,0.448822,200901,0.9961950000000004
LA-BK,200902,2,persistence,reference_r1,1.997017,0.256761,200901,1.740256
LA-BK,200903,3,persistence,reference_r1,1.4450170000000004,0.6378340000000002,200901,0.8071830000000002
LA-BK,200904,1,persistence,reference_r1,1.6136299999999997,1.312607,200904,0.3010229999999996
LA-BK,200905,2,persistence,reference_r1,72.31163,43.105733,200904,29.205896999999993
LA-BK,200906,3,persistence,reference_r1,214.31163,147.57993599999998,200904,66.73169400000003
LA-BK,200907,1,persistence,reference_r1,122.745891,186.285127,200907,-63.53923599999999
LA-BK,200908,2,persistence,reference_r1,66.43789100000001,88.236543,200907,-21.79865199999999
LA-BK,200909,3,persistence,reference_r1,41.67189100000002,37.372719999999994,200907,4.2991710000000225
LA-BK,200910,1,persistence,reference_r1,16.435781999999996,21.699608000000005,200910,-5.263826000000009
LA-BK,200911,2,persistence,reference_r1,9.235782,10.195140999999996,200910,-0.9593589999999956
LA-BK,200912,3,persistence,reference_r1,9.217782,5.190629000000001,200910,4.027152999999998
LA-BL,200801,1,persistence,reference_r1,8.330135,5.573864,200801,2.756271
LA-BL,200802,2,persistence,reference_r1,5.3441350000000005,5.695522,200801,-0.3513869999999999
LA-BL,200803,3,persistence,reference_r1,0.3401349999999998,0.4229469999999999,200801,-0.08281200000000011
LA-BL,200804,1,persistence,reference_r1,1.725826,1.3831619999999996,200804,0.3426640000000005
LA-BL,200805,2,persistence,reference_r1,13.245826,4.905915,200804,8.339910999999999
LA-BL,200806,3,persistence,reference_r1,17.243826,6.042021999999999,200804,11.201804
LA-BL,200807,1,persistence,reference_r1,10.327266000000002,20.993226999999997,200807,-10.665960999999996
LA-BL,200808,2,persistence,reference_r1,10.935266000000002,21.226176,200807,-10.290909999999997
LA-BL,200809,3,persistence,reference_r1,9.739266,19.161669999999994,200807,-9.422403999999993
LA-BL,200810,1,persistence,reference_r1,13.267289,10.016667000000002,200810,3.250621999999998
LA-BL,200811,2,persistence,reference_r1,8.241289,4.026722999999999,200810,4.214566000000001
LA-BL,200812,3,persistence,reference_r1,16.985289,0.8992849999999999,200810,16.086004000000003
LA-BL,200901,1,persistence,reference_r1,0.821397,0.729209,200901,0.09218800000000005
LA-BL,200902,2,persistence,reference_r1,1.5753970000000002,1.7155180000000003,200901,-0.14012100000000016
LA-BL,200903,3,persistence,reference_r1,0.3413969999999999,1.093152,200901,-0.751755
LA-BL,200904,1,persistence,reference_r1,1.643181,0.8236150000000002,200904,0.8195659999999998
LA-BL,200905,2,persistence,reference_r1,0.027181,3.883565,200904,-3.856384
LA-BL,200906,3,persistence,reference_r1,6.629181,5.475054999999999,200904,1.1541260000000007
LA-BL,200907,1,persistence,reference_r1,27.53776,20.911504000000008,200907,6.626255999999991
LA-BL,200908,2,persistence,reference_r1,6.123759999999999,7.218784999999997,200907,-1.095024999999998
LA-BL,200909,3,persistence,reference_r1,0.6617600000000001,7.182751999999994,200907,-6.5209919999999935
LA-BL,200910,1,persistence,reference_r1,0.818222,5.4901409999999995,200910,-4.671918999999999
LA-BL,200911,2,persistence,reference_r1,1.730222,1.8210489999999997,200910,-0.09082699999999977
LA-BL,200912,3,persistence,reference_r1,0.818222,0.7696850000000004,200910,0.04853699999999961
LA-CH,200801,1,persistence,reference_r1,8.929076000000002,29.687018,200801,-20.757941999999996
LA-CH,200802,2,persistence,reference_r1,17.575076,40.304853,200801,-22.729777000000002
LA-CH,200803,3,persistence,reference_r1,18.905076,51.106643000000005,200801,-32.201567000000004
LA-CH,200804,1,persistence,reference_r1,15.323213,21.933435000000003,200804,-6.610222000000002
LA-CH,200805,2,persistence,reference_r1,14.027212999999998,52.212031000000025,200804,-38.18481800000003
LA-CH,200806,3,persistence,reference_r1,194.839213,101.752994,200804,93.086219
LA-CH,200807,1,persistence,reference_r1,65.01757500000001,97.40621399999998,200807,-32.38863899999997
LA-CH,200808,2,persistence,reference_r1,76.48357500000002,88.11937699999999,200807,-11.63580199999997
LA-CH,200809,3,persistence,reference_r1,53.703575000000015,122.438271,200807,-68.73469599999999
LA-CH,200810,1,persistence,reference_r1,26.684580000000004,47.403999,200810,-20.719418999999995
LA-CH,200811,2,persistence,reference_r1,39.69258,47.925228,200810,-8.232647999999998
LA-CH,200812,3,persistence,reference_r1,57.66658,33.247774,200810,24.418806000000004
LA-CH,200901,1,persistence,reference_r1,30.826288,10.234985000000002,200901,20.591303
LA-CH,200902,2,persistence,reference_r1,15.034288,26.421125999999997,200901,-11.386837999999997
LA-CH,200903,3,persistence,reference_r1,7.232288,21.024416,200901,-13.792127999999998
LA-CH,200904,1,persistence,reference_r1,29.966437,35.857006000000005,200904,-5.890569000000006
LA-CH,200905,2,persistence,reference_r1,7.424436999999999,77.111999,200904,-69.687562
LA-CH,200906,3,persistence,reference_r1,50.068437,79.79956299999998,200904,-29.731125999999975
LA-CH,200907,1,persistence,reference_r1,13.902496999999997,70.88572799999997,200907,-56.983230999999975
LA-CH,200908,2,persistence,reference_r1,13.664496999999995,65.03535299999999,200907,-51.37085599999999
LA-CH,200909,3,persistence,reference_r1,14.162497000000002,61.93136199999992,200907,-47.76886499999992
LA-CH,200910,1,persistence,reference_r1,27.094395,20.443419999999996,200910,6.6509750000000025
LA-CH,200911,2,persistence,reference_r1,49.27039500000001,12.404856000000002,200910,36.865539000000005
LA-CH,200912,3,persistence,reference_r1,52.234395000000006,14.329564000000005,200910,37.904831
LA-HO,200801,1,persistence,reference_r1,0.475898,0.0030659999999999,200801,0.4728320000000001
LA-HO,200802,2,persistence,reference_r1,0.475898,0.00097,200801,0.47492799999999996
LA-HO,200803,3,persistence,reference_r1,0.475898,0.0059159999999999,200801,0.46998200000000007
LA-HO,200804,1,persistence,reference_r1,0.023906,0.0077849999999999,200804,0.0161210000000001
LA-HO,200805,2,persistence,reference_r1,0.023906,0.0143429999999999,200804,0.009563000000000101
LA-HO,200806,3,persistence,reference_r1,0.023906,0.0085999999999999,200804,0.0153060000000001
LA-HO,200807,1,persistence,reference_r1,0.002391,0.2280589999999991,200807,-0.2256679999999991
LA-HO,200808,2,persistence,reference_r1,0.002391,0.3675369999999995,200807,-0.3651459999999995
LA-HO,200809,3,persistence,reference_r1,0.942391,0.6532730000000004,200807,0.28911799999999954
LA-HO,200810,1,persistence,reference_r1,0.475898,0.071268,200810,0.40463
LA-HO,200811,2,persistence,reference_r1,0.475898,0.008613,200810,0.467285
LA-HO,200812,3,persistence,reference_r1,0.211898,0.902553,200810,-0.690655
LA-HO,200901,1,persistence,reference_r1,0.393343,0.0180189999999999,200901,0.3753240000000001
LA-HO,200902,2,persistence,reference_r1,0.393343,0.0215319999999999,200901,0.3718110000000001
LA-HO,200903,3,persistence,reference_r1,0.393343,0.024588,200901,0.368755
LA-HO,200904,1,persistence,reference_r1,0.023906,0.005208,200904,0.018698
LA-HO,200905,2,persistence,reference_r1,0.023906,0.012506,200904,0.0114
LA-HO,200906,3,persistence,reference_r1,0.023906,0.0416269999999999,200904,-0.0177209999999999
LA-HO,200907,1,persistence,reference_r1,0.002391,0.3458800000000002,200907,-0.3434890000000002
LA-HO,200908,2,persistence,reference_r1,0.002391,0.6387629999999991,200907,-0.636371999999999
LA-HO,200909,3,persistence,reference_r1,0.942391,0.7578110000000002,200907,0.18457999999999974
LA-HO,200910,1,persistence,reference_r1,0.211898,0.559631,200910,-0.34773299999999996
LA-HO,200911,2,persistence,reference_r1,0.211898,0.824841,200910,-0.612943
LA-HO,200912,3,persistence,reference_r1,0.211898,0.865054,200910,-0.653156
LA-KH,200801,1,persistence,reference_r1,0.02368,0.7367740000000003,200801,-0.7130940000000002
LA-KH,200802,2,persistence,reference_r1,0.02368,0.104993,200801,-0.081313
LA-KH,200803,3,persistence,reference_r1,0.02368,0.07538,200801,-0.0517
LA-KH,200804,1,persistence,reference_r1,0.019719,0.4573239999999998,200804,-0.4376049999999998
LA-KH,200805,2,persistence,reference_r1,0.019719,1.3179600000000002,200804,-1.2982410000000002
LA-KH,200806,3,persistence,reference_r1,0.753719,2.6881449999999996,200804,-1.9344259999999995
LA-KH,200807,1,persistence,reference_r1,1.523898,4.0386040000000065,200807,-2.5147060000000065
LA-KH,200808,2,persistence,reference_r1,0.475898,4.381444999999999,200807,-3.9055469999999994
LA-KH,200809,3,persistence,reference_r1,2.4858979999999997,4.129304999999995,200807,-1.6434069999999954
LA-KH,200810,1,persistence,reference_r1,0.8358370000000006,0.7146050000000002,200810,0.12123200000000045
LA-KH,200811,2,persistence,reference_r1,1.5878370000000004,1.5712550000000003,200810,0.016582000000000097
LA-KH,200812,3,persistence,reference_r1,2.097837,3.204727,200810,-1.10689
LA-KH,200901,1,persistence,reference_r1,1.01939,0.096453,200901,0.922937
LA-KH,200902,2,persistence,reference_r1,1.01939,0.013026,200901,1.006364
LA-KH,200903,3,persistence,reference_r1,2.75139,4.723357,200901,-1.9719670000000002
LA-KH,200904,1,persistence,reference_r1,0.8084749999999996,0.3748060000000001,200904,0.4336689999999995
LA-KH,200905,2,persistence,reference_r1,3.570474999999999,2.250412,200904,1.3200629999999993
LA-KH,200906,3,persistence,reference_r1,69.688475,66.41575,200904,3.272724999999994
LA-KH,200907,1,persistence,reference_r1,120.177069,115.296474,200907,4.880595
LA-KH,200908,2,persistence,reference_r1,246.421069,249.068595,200907,-2.647525999999999
LA-KH,200909,3,persistence,reference_r1,223.72906900000004,217.711044,200907,6.018025000000051
LA-KH,200910,1,persistence,reference_r1,59.31412399999999,43.99278899999999,200910,15.321335000000005
LA-KH,200911,2,persistence,reference_r1,52.600123999999994,20.173246,200910,32.426877999999995
LA-KH,200912,3,persistence,reference_r1,54.124123999999995,27.153737000000003,200910,26.97038699999999
LA-LM,200801,1,persistence,reference_r1,0.002391,0.0001209999999999,200801,0.0022700000000001
LA-LM,200802,2,persistence,reference_r1,0.002391,6.399999999999982e-05,200801,0.002327
LA-LM,200803,3,persistence,reference_r1,0.002391,1.600000000000039e-05,200801,0.0023749999999999995
LA-LM,200804,1,persistence,reference_r1,0.002391,0.0001999999999999,200804,0.0021910000000001
LA-LM,200805,2,persistence,reference_r1,0.002391,0.0012269999999999,200804,0.0011640000000000999
LA-LM,200806,3,persistence,reference_r1,0.002391,0.0017109999999999,200804,0.0006800000000000998
LA-LM,200807,1,persistence,reference_r1,0.002391,0.915139,200807,-0.912748
LA-LM,200808,2,persistence,reference_r1,0.002391,0.5213650000000012,200807,-0.5189740000000012
LA-LM,200809,3,persistence,reference_r1,0.002391,0.7953309999999991,200807,-0.7929399999999991
LA-LM,200810,1,persistence,reference_r1,0.002391,0.030305,200810,-0.027913999999999998
LA-LM,200811,2,persistence,reference_r1,0.002391,0.002114,200810,0.0002769999999999999
LA-LM,200812,3,persistence,reference_r1,0.002391,0.0005739999999999,200810,0.0018170000000000998
LA-LM,200901,1,persistence,reference_r1,0.002391,0.0001209999999999,200901,0.0022700000000001
LA-LM,200902,2,persistence,reference_r1,0.002391,0.000122,200901,0.0022689999999999997
LA-LM,200903,3,persistence,reference_r1,0.002391,0.000365,200901,0.002026
LA-LM,200904,1,persistence,reference_r1,0.942391,0.96237,200904,-0.01997899999999997
LA-LM,200905,2,persistence,reference_r1,0.002391,0.005372,200904,-0.002981
LA-LM,200906,3,persistence,reference_r1,1.900391,1.751769,200904,0.14862200000000003
LA-LM,200907,1,persistence,reference_r1,0.5251649999999999,1.1468290000000003,200907,-0.6216640000000004
LA-LM,200908,2,persistence,reference_r1,0.5091650000000001,1.3371250000000003,200907,-0.8279600000000003
LA-LM,200909,3,persistence,reference_r1,1.981165,2.265937000000001,200907,-0.2847720000000009
LA-LM,200910,1,persistence,reference_r1,2.840144,2.5933539999999997,200910,0.2467900000000003
LA-LM,200911,2,persistence,reference_r1,3.484144,4.743421,200910,-1.2592769999999995
LA-LM,200912,3,persistence,reference_r1,2.2381439999999997,3.2928680000000004,200910,-1.0547240000000007
LA-LP,200801,1,persistence,reference_r1,2.65538,0.875329,200801,1.780051
LA-LP,200802,2,persistence,reference_r1,8.88138,13.986595,200801,-5.105214999999999
LA-LP,200803,3,persistence,reference_r1,14.70338,20.378937,200801,-5.675557000000001
LA-LP,200804,1,persistence,reference_r1,24.502973,16.986800000000002,200804,7.516172999999998
LA-LP,200805,2,persistence,reference_r1,95.354973,72.08313000000001,200804,23.27184299999999
LA-LP,200806,3,persistence,reference_r1,135.374973,86.585332,200804,48.78964100000002
LA-LP,200807,1,persistence,reference_r1,20.196752000000004,10.268976000000002,200807,9.927776000000001
LA-LP,200808,2,persistence,reference_r1,18.936751999999984,8.381991,200807,10.554760999999985
LA-LP,200809,3,persistence,reference_r1,19.34875199999999,9.104114,200807,10.244637999999991
LA-LP,200810,1,persistence,reference_r1,14.584063,17.309168,200810,-2.7251049999999992
LA-LP,200811,2,persistence,reference_r1,94.882063,108.263872,200810,-13.381809000000004
LA-LP,200812,3,persistence,reference_r1,139.88206300000002,158.113551,200810,-18.231487999999985
LA-LP,200901,1,persistence,reference_r1,93.472676,8.092224000000002,200901,85.380452
LA-LP,200902,2,persistence,reference_r1,93.472676,4.90015,200901,88.57252600000001
LA-LP,200903,3,persistence,reference_r1,93.472676,12.062924000000002,200901,81.409752
LA-LP,200904,1,persistence,reference_r1,0.018721,11.446195,200904,-11.427474
LA-LP,200905,2,persistence,reference_r1,0.018721,32.951622,200904,-32.932901
LA-LP,200906,3,persistence,reference_r1,8.620721,75.091924,200904,-66.471203
LA-LP,200907,1,persistence,reference_r1,26.316697,20.167692,200907,6.1490050000000025
LA-LP,200908,2,persistence,reference_r1,28.134696999999996,20.986515999999995,200907,7.148181000000001
LA-LP,200909,3,persistence,reference_r1,299.12669700000004,277.10956699999997,200907,22.017130000000066
LA-LP,200910,1,persistence,reference_r1,107.48031400000002,65.535988,200910,41.94432600000002
LA-LP,200911,2,persistence,reference_r1,65.94431400000002,42.4217,200910,23.52261400000002
LA-LP,200912,3,persistence,reference_r1,34.85831400000001,6.162929,200910,28.69538500000001
LA-OU,200801,1,persistence,reference_r1,0.002391,0.000905,200801,0.001486
LA-OU,200802,2,persistence,reference_r1,0.002391,0.0002559999999999,200801,0.0021350000000001
LA-OU,200803,3,persistence,reference_r1,0.002391,4.900000000000043e-05,200801,0.0023419999999999995
LA-OU,200804,1,persistence,reference_r1,0.002391,0.000905,200804,0.001486
LA-OU,200805,2,persistence,reference_r1,0.002391,0.005827,200804,-0.003436
LA-OU,200806,3,persistence,reference_r1,0.002391,0.0141019999999999,200804,-0.011710999999999899
LA-OU,200807,1,persistence,reference_r1,0.002391,1.6279299999999992,200807,-1.6255389999999992
LA-OU,200808,2,persistence,reference_r1,0.002391,1.1273920000000004,200807,-1.1250010000000004
LA-OU,200809,3,persistence,reference_r1,0.002391,1.3167809999999989,200807,-1.3143899999999988
LA-OU,200810,1,persistence,reference_r1,0.002391,0.0403799999999999,200810,-0.037988999999999905
LA-OU,200811,2,persistence,reference_r1,0.002391,0.0042979999999999,200810,-0.0019069999999999
LA-OU,200812,3,persistence,reference_r1,0.002391,0.0008219999999999,200810,0.0015690000000000998
LA-OU,200901,1,persistence,reference_r1,0.002391,0.000289,200901,0.0021019999999999997
LA-OU,200902,2,persistence,reference_r1,0.002391,3.600000000000044e-05,200901,0.0023549999999999995
LA-OU,200903,3,persistence,reference_r1,0.002391,0.000685,200901,0.001706
LA-OU,200904,1,persistence,reference_r1,0.002391,0.0010379999999999,200904,0.0013530000000001
LA-OU,200905,2,persistence,reference_r1,0.002391,0.0053129999999999,200904,-0.0029219999999999004
LA-OU,200906,3,persistence,reference_r1,0.002391,0.0156699999999999,200904,-0.013278999999999899
LA-OU,200907,1,persistence,reference_r1,0.002391,2.364044,200907,-2.361653
LA-OU,200908,2,persistence,reference_r1,0.942391,2.6968359999999976,200907,-1.7544449999999976
LA-OU,200909,3,persistence,reference_r1,14.696391,8.770896999999998,200907,5.925494000000002
LA-OU,200910,1,persistence,reference_r1,3.9218850000000014,2.1991160000000005,200910,1.7227690000000009
LA-OU,200911,2,persistence,reference_r1,7.633885000000001,9.566518,200910,-1.9326329999999992
LA-OU,200912,3,persistence,reference_r1,10.737885,16.101063,200910,-5.363178
LA-PH,200901,1,persistence,reference_r1,0.002391,0.0146789999999999,200901,-0.0122879999999999
LA-PH,200902,2,persistence,reference_r1,0.002391,0.019336,200901,-0.016944999999999998
LA-PH,200903,3,persistence,reference_r1,0.002391,0.021245,200901,-0.018854
LA-PH,200904,1,persistence,reference_r1,0.002391,0.0038929999999999,200904,-0.0015019999999999001
LA-PH,200905,2,persistence,reference_r1,0.002391,0.006921,200904,-0.00453
LA-PH,200906,3,persistence,reference_r1,0.002391,0.030276,200904,-0.027885
LA-PH,200907,1,persistence,reference_r1,0.002391,0.2014949999999995,200907,-0.1991039999999995
LA-PH,200909,3,persistence,reference_r1,0.002391,0.2726230000000003,200907,-0.2702320000000003
LA-PH,200910,1,persistence,reference_r1,0.002391,0.018159,200910,-0.015768
LA-PH,200911,2,persistence,reference_r1,0.002391,0.0057829999999999,200910,-0.0033919999999999003
LA-PH,200912,3,persistence,reference_r1,0.002391,0.0010329999999999,200910,0.0013580000000000998
LA-SL,200801,1,persistence,reference_r1,0.8383039999999999,0.93596,200801,-0.09765600000000008
LA-SL,200802,2,persistence,reference_r1,1.1143039999999995,0.3921460000000001,200801,0.7221579999999994
LA-SL,200803,3,persistence,reference_r1,3.1163039999999995,3.692026,200801,-0.5757220000000003
LA-SL,200804,1,persistence,reference_r1,1.4566819999999998,0.8494930000000003,200804,0.6071889999999995
LA-SL,200805,2,persistence,reference_r1,96.162682,89.52403,200804,6.6386520000000075
LA-SL,200806,3,persistence,reference_r1,216.508682,188.157378,200804,28.351304
LA-SL,200807,1,persistence,reference_r1,56.446236,49.670201000000006,200807,6.776034999999993
LA-SL,200808,2,persistence,reference_r1,48.326235999999994,39.471311,200807,8.854924999999994
LA-SL,200809,3,persistence,reference_r1,60.362236,56.592414000000005,200807,3.769821999999998
LA-SL,200810,1,persistence,reference_r1,59.302918000000005,39.311372,200810,19.991546000000007
LA-SL,200811,2,persistence,reference_r1,16.726917999999998,7.296982000000002,200810,9.429935999999996
LA-SL,200812,3,persistence,reference_r1,11.062917999999996,2.8325199999999997,200810,8.230397999999997
LA-SL,200901,1,persistence,reference_r1,3.974114,1.774387,200901,2.199727
LA-SL,200902,2,persistence,reference_r1,13.068114,19.839352,200901,-6.771238000000002
LA-SL,200903,3,persistence,reference_r1,14.038114,13.149506,200901,0.8886079999999996
LA-SL,200904,1,persistence,reference_r1,9.552053,5.698871999999998,200904,3.853181000000003
LA-SL,200905,2,persistence,reference_r1,87.13005299999999,46.334152,200904,40.795900999999986
LA-SL,200906,3,persistence,reference_r1,22.828053,28.17270000000001,200904,-5.344647000000009
LA-SL,200907,1,persistence,reference_r1,111.63495,114.07736200000002,200907,-2.4424120000000187
LA-SL,200908,2,persistence,reference_r1,81.05895000000001,88.702064,200907,-7.643113999999983
LA-SL,200909,3,persistence,reference_r1,53.45095,62.36598299999997,200907,-8.915032999999973
LA-SL,200910,1,persistence,reference_r1,29.447606000000007,34.802546,200910,-5.354939999999992
LA-SL,200911,2,persistence,reference_r1,19.925606,15.498442,200910,4.427163999999998
LA-SL,200912,3,persistence,reference_r1,25.035606,7.528991000000001,200910,17.506615
LA-SV,200801,1,persistence,reference_r1,0.708358,5.547417000000001,200801,-4.839059000000001
LA-SV,200802,2,persistence,reference_r1,0.708358,1.0893490000000003,200801,-0.3809910000000003
LA-SV,200803,3,persistence,reference_r1,0.708358,0.48614,200801,0.22221800000000003
LA-SV,200804,1,persistence,reference_r1,0.2601569999999999,3.279536,200804,-3.019379
LA-SV,200805,2,persistence,reference_r1,0.414157,7.876780999999999,200804,-7.462623999999999
LA-SV,200806,3,persistence,reference_r1,8.278157,28.380984,200804,-20.102827
LA-SV,200807,1,persistence,reference_r1,4.223967000000001,23.881301000000008,200807,-19.657334000000006
LA-SV,200808,2,persistence,reference_r1,2.271967000000001,21.63117299999999,200807,-19.35920599999999
LA-SV,200809,3,persistence,reference_r1,2.3579669999999995,22.400266999999985,200807,-20.042299999999987
LA-SV,200810,1,persistence,reference_r1,6.847518999999999,3.8406100000000007,200810,3.0069089999999985
LA-SV,200811,2,persistence,reference_r1,0.707519,0.7682600000000002,200810,-0.060741000000000156
LA-SV,200812,3,persistence,reference_r1,0.6475190000000002,0.3406360000000001,200810,0.3068830000000001
LA-SV,200901,1,persistence,reference_r1,0.026358,0.0859659999999999,200901,-0.059607999999999904
LA-SV,200902,2,persistence,reference_r1,0.026358,0.0134819999999999,200901,0.0128760000000001
LA-SV,200903,3,persistence,reference_r1,0.026358,0.11032,200901,-0.08396200000000001
LA-SV,200904,1,persistence,reference_r1,0.02112,0.174683,200904,-0.153563
LA-SV,200905,2,persistence,reference_r1,0.02112,1.249162,200904,-1.228042
LA-SV,200906,3,persistence,reference_r1,0.74312,1.7302809999999995,200904,-0.9871609999999995
LA-SV,200907,1,persistence,reference_r1,11.475898,30.152889999999957,200907,-18.676991999999956
LA-SV,200908,2,persistence,reference_r1,32.475898,30.933273999999983,200907,1.5426240000000178
LA-SV,200909,3,persistence,reference_r1,46.475898,36.888075999999955,200907,9.587822000000045
LA-SV,200910,1,persistence,reference_r1,10.503741999999995,6.586860999999999,200910,3.9168809999999965
LA-SV,200911,2,persistence,reference_r1,14.015741999999996,16.811281,200910,-2.795539000000005
LA-SV,200912,3,persistence,reference_r1,11.403742,1.8371329999999997,200910,9.566609
LA-VT,200801,1,persistence,reference_r1,51.350280999999995,10.714584000000002,200801,40.63569699999999
LA-VT,200802,2,persistence,reference_r1,68.34028099999999,3.996601000000001,200801,64.34367999999999
LA-VT,200803,3,persistence,reference_r1,54.344280999999995,16.522857000000002,200801,37.82142399999999
LA-VT,200804,1,persistence,reference_r1,12.199369,11.819135,200804,0.3802340000000015
LA-VT,200805,2,persistence,reference_r1,4.579369,25.304015999999997,200804,-20.724646999999997
LA-VT,200806,3,persistence,reference_r1,25.827368999999997,72.77900499999998,200804,-46.951635999999986
LA-VT,200807,1,persistence,reference_r1,57.875534,79.62387999999999,200807,-21.748345999999984
LA-VT,200808,2,persistence,reference_r1,67.005534,84.09198400000002,200807,-17.086450000000028
LA-VT,200809,3,persistence,reference_r1,78.173534,96.71268599999996,200807,-18.53915199999996
LA-VT,200810,1,persistence,reference_r1,31.379588,35.38703000000001,200810,-4.007442000000012
LA-VT,200811,2,persistence,reference_r1,32.061588,61.523733,200810,-29.462145
LA-VT,200812,3,persistence,reference_r1,31.787588,53.204702,200810,-21.417113999999998
LA-VT,200901,1,persistence,reference_r1,37.725657,19.474863,200901,18.250794
LA-VT,200902,2,persistence,reference_r1,55.637657,14.463068,200901,41.174589
LA-VT,200903,3,persistence,reference_r1,56.637657,6.282218,200901,50.355439
LA-VT,200904,1,persistence,reference_r1,9.878301,10.609374,200904,-0.7310730000000003
LA-VT,200905,2,persistence,reference_r1,29.714301000000003,108.37036799999998,200904,-78.65606699999998
LA-VT,200906,3,persistence,reference_r1,79.67630100000001,166.441737,200904,-86.76543599999998
LA-VT,200907,1,persistence,reference_r1,168.360044,180.23592699999995,200907,-11.875882999999959
LA-VT,200908,2,persistence,reference_r1,222.114044,206.069892,200907,16.044151999999997
LA-VT,200909,3,persistence,reference_r1,336.066044,279.660473,200907,56.40557099999995
LA-VT,200910,1,persistence,reference_r1,90.19122700000004,193.724737,200910,-103.53350999999996
LA-VT,200911,2,persistence,reference_r1,88.37322699999999,279.928436,200910,-191.555209
LA-VT,200912,3,persistence,reference_r1,70.84522700000002,210.736437,200910,-139.89120999999997
LA-XA,200801,1,persistence,reference_r1,0.2648749999999999,1.1126930000000002,200801,-0.8478180000000002
LA-XA,200802,2,persistence,reference_r1,0.2648749999999999,0.234801,200801,0.030073999999999906
LA-XA,200803,3,persistence,reference_r1,0.2648749999999999,0.139513,200801,0.12536199999999992
LA-XA,200804,1,persistence,reference_r1,0.01898,0.7268720000000002,200804,-0.7078920000000002
LA-XA,200805,2,persistence,reference_r1,1.67498,1.3175499999999998,200804,0.35743000000000014
LA-XA,200806,3,persistence,reference_r1,5.620979999999999,2.1461239999999995,200804,3.474856
LA-XA,200807,1,persistence,reference_r1,10.595703,10.850281999999993,200807,-0.25457899999999256
LA-XA,200808,2,persistence,reference_r1,2.3117029999999996,4.105643000000001,200807,-1.793940000000001
LA-XA,200809,3,persistence,reference_r1,1.6937030000000002,2.502944999999997,200807,-0.8092419999999967
LA-XA,200810,1,persistence,reference_r1,1.6142070000000002,1.5478009999999998,200810,0.06640600000000041
LA-XA,200811,2,persistence,reference_r1,0.874207,0.7231389999999998,200810,0.1510680000000002
LA-XA,200812,3,persistence,reference_r1,0.3622069999999999,0.394121,200810,-0.03191400000000011
LA-XA,200901,1,persistence,reference_r1,0.367735,0.0975379999999999,200901,0.2701970000000001
LA-XA,200902,2,persistence,reference_r1,0.367735,0.030936,200901,0.33679899999999996
LA-XA,200903,3,persistence,reference_r1,0.367735,0.212916,200901,0.15481899999999998
LA-XA,200904,1,persistence,reference_r1,0.033086,0.2745100000000001,200904,-0.24142400000000008
LA-XA,200905,2,persistence,reference_r1,0.671086,1.0569640000000002,200904,-0.3858780000000003
LA-XA,200906,3,persistence,reference_r1,13.633086,5.6558589999999995,200904,7.977227000000001
LA-XA,200907,1,persistence,reference_r1,6.312753000000001,6.654525,200907,-0.34177199999999885
LA-XA,200908,2,persistence,reference_r1,24.336753,22.004283,200907,2.3324700000000007
LA-XA,200909,3,persistence,reference_r1,6.312753000000001,6.667822999999991,200907,-0.35506999999999067
LA-XA,200910,1,persistence,reference_r1,2.5944010000000004,4.262353999999998,200910,-1.667952999999998
LA-XA,200911,2,persistence,reference_r1,2.5944010000000004,1.7879880000000004,200910,0.806413
LA-XA,200912,3,persistence,reference_r1,3.0544009999999995,1.54066,200910,1.5137409999999996
LA-XE,200801,1,persistence,reference_r1,0.331464,0.014126,200801,0.317338
LA-XE,200802,2,persistence,reference_r1,0.331464,0.00859,200801,0.322874
LA-XE,200803,3,persistence,reference_r1,0.331464,0.003414,200801,0.32805
LA-XE,200804,1,persistence,reference_r1,0.031464,0.0088569999999999,200804,0.0226070000000001
LA-XE,200805,2,persistence,reference_r1,0.031464,0.037743,200804,-0.006279
LA-XE,200806,3,persistence,reference_r1,4.631464,4.076605000000001,200804,0.5548589999999995
LA-XE,200807,1,persistence,reference_r1,0.2715540000000001,0.2786010000000001,200807,-0.0070470000000000255
LA-XE,200808,2,persistence,reference_r1,0.2715540000000001,0.3408239999999995,200807,-0.06926999999999944
LA-XE,200809,3,persistence,reference_r1,0.8975540000000004,0.646874,200807,0.25068000000000046
LA-XE,200810,1,persistence,reference_r1,0.0846519999999999,0.0473129999999999,200810,0.037339
LA-XE,200811,2,persistence,reference_r1,0.0846519999999999,0.0126799999999999,200810,0.071972
LA-XE,200812,3,persistence,reference_r1,0.7046520000000001,0.896913,200810,-0.1922609999999999
LA-XE,200901,1,persistence,reference_r1,0.393343,0.0067139999999999,200901,0.3866290000000001
LA-XE,200902,2,persistence,reference_r1,0.757343,1.873414,200901,-1.1160709999999998
LA-XE,200903,3,persistence,reference_r1,0.757343,1.755445,200901,-0.9981019999999999
LA-XE,200904,1,persistence,reference_r1,0.499234,0.534985,200904,-0.03575100000000003
LA-XE,200905,2,persistence,reference_r1,0.3112340000000001,0.924619,200904,-0.6133849999999998
LA-XE,200906,3,persistence,reference_r1,6.227234,5.835069,200904,0.3921650000000003
LA-XE,200907,1,persistence,reference_r1,16.139077999999998,24.722913999999996,200907,-8.583835999999998
LA-XE,200908,2,persistence,reference_r1,14.313078,22.169993,200907,-7.856915000000001
LA-XE,200909,3,persistence,reference_r1,1.7770780000000004,4.003242999999999,200907,-2.226164999999999
LA-XE,200910,1,persistence,reference_r1,1.913529,2.638095999999999,200910,-0.7245669999999991
LA-XE,200911,2,persistence,reference_r1,1.3275289999999995,2.4022140000000007,200910,-1.0746850000000012
LA-XE,200912,3,persistence,reference_r1,1.913529,6.235538999999999,200910,-4.322009999999999
LA-XI,200801,1,persistence,reference_r1,0.002391,0.000445,200801,0.0019459999999999998
LA-XI,200802,2,persistence,reference_r1,0.002391,0.000226,200801,0.002165
LA-XI,200803,3,persistence,reference_r1,0.002391,0.0004499999999999,200801,0.0019410000000000998
LA-XI,200804,1,persistence,reference_r1,0.002391,0.0002979999999999,200804,0.0020930000000001
LA-XI,200805,2,persistence,reference_r1,0.002391,0.001346,200804,0.001045
LA-XI,200806,3,persistence,reference_r1,0.942391,0.935106,200804,0.007284999999999986
LA-XI,200807,1,persistence,reference_r1,0.475898,0.2479899999999997,200807,0.22790800000000028
LA-XI,200808,2,persistence,reference_r1,0.475898,0.2407529999999997,200807,0.2351450000000003
LA-XI,200809,3,persistence,reference_r1,0.475898,0.247541,200807,0.22835699999999998
LA-XI,200810,1,persistence,reference_r1,0.023906,0.0105359999999999,200810,0.0133700000000001
LA-XI,200811,2,persistence,reference_r1,0.023906,0.0017099999999999,200810,0.0221960000000001
LA-XI,200812,3,persistence,reference_r1,0.023906,0.0007599999999999,200810,0.0231460000000001
LA-XI,200901,1,persistence,reference_r1,0.002391,0.000902,200901,0.0014889999999999999
LA-XI,200902,2,persistence,reference_r1,0.002391,0.001051,200901,0.0013399999999999998
LA-XI,200903,3,persistence,reference_r1,0.002391,0.0015239999999999,200901,0.0008670000000000999
LA-XI,200904,1,persistence,reference_r1,0.002391,0.0002669999999999,200904,0.0021240000000000998
LA-XI,200905,2,persistence,reference_r1,38.620391,38.934755,200904,-0.31436400000000475
LA-XI,200906,3,persistence,reference_r1,32.632391,32.807079,200904,-0.17468800000000329
LA-XI,200907,1,persistence,reference_r1,1.3035949999999978,0.7653860000000012,200907,0.5382089999999966
LA-XI,200908,2,persistence,reference_r1,9.231595000000002,6.952957999999999,200907,2.2786370000000034
LA-XI,200909,3,persistence,reference_r1,0.4635950000000015,0.5359949999999998,200907,-0.0723999999999983
LA-XI,200910,1,persistence,reference_r1,0.004394,1.1083820000000002,200910,-1.1039880000000002
LA-XI,200911,2,persistence,reference_r1,0.004394,0.3309709999999999,200910,-0.3265769999999999
LA-XI,200912,3,persistence,reference_r1,0.004394,0.180008,200910,-0.175614
LA-AT,200801,1,persistence,reference_r2,3.629459,2.870029,200801,0.75943
LA-AT,200802,2,persistence,reference_r2,1.671459,1.166247,200801,0.505212
LA-AT,200803,3,persistence,reference_r2,0.019459,0.0779409999999999,200801,-0.058481999999999895
LA-AT,200804,1,persistence,reference_r2,0.015468,0.4965809999999999,200804,-0.4811129999999999
LA-AT,200805,2,persistence,reference_r2,3.639468,2.053591,200804,1.585877
LA-AT,200806,3,persistence,reference_r2,9.619468,5.099836,200804,4.519632
LA-AT,200807,1,persistence,reference_r2,2.9651810000000003,3.6795430000000096,200807,-0.7143620000000093
LA-AT,200808,2,persistence,reference_r2,5.193181,6.903518999999996,200807,-1.7103379999999957
LA-AT,200809,3,persistence,reference_r2,13.631180999999998,17.34541,200807,-3.714229000000003
LA-AT,200810,1,persistence,reference_r2,18.220759,30.636712000000003,200810,-12.415953000000002
LA-AT,200811,2,persistence,reference_r2,15.516759000000002,36.745142,200810,-21.228383
LA-AT,200812,3,persistence,reference_r2,5.922759000000001,17.612139,200810,-11.689379999999998
LA-AT,200901,1,persistence,reference_r2,3.2493620000000005,8.47136,200901,-5.221998
LA-AT,200902,2,persistence,reference_r2,16.903361999999998,39.265982,200901,-22.362620000000003
LA-AT,200903,3,persistence,reference_r2,46.529362,59.574331,200901,-13.044969000000002
LA-AT,200904,1,persistence,reference_r2,17.635059999999996,49.116268,200904,-31.481208000000002
LA-AT,200905,2,persistence,reference_r2,52.75106,51.268833999999984,200904,1.4822260000000185
LA-AT,200906,3,persistence,reference_r2,29.799059999999997,35.279944,200904,-5.480884000000003
LA-AT,200907,1,persistence,reference_r2,53.070761000000005,47.680179,200907,5.390582000000002
LA-AT,200908,2,persistence,reference_r2,16.756761,14.664608,200907,2.0921530000000015
LA-AT,200909,3,persistence,reference_r2,13.560761000000005,9.823124,200907,3.7376370000000048
LA-AT,200910,1,persistence,reference_r2,3.46218,5.629828,200910,-2.167648
LA-AT,200911,2,persistence,reference_r2,12.792179999999998,7.106491000000002,200910,5.685688999999996
LA-AT,200912,3,persistence,reference_r2,4.9421800000000005,4.375648999999999,200910,0.5665310000000012
LA-BK,200801,1,persistence,reference_r2,0.723906,0.948692,200801,-0.22478599999999993
LA-BK,200802,2,persistence,reference_r2,0.023906,9.99999999999916e-07,200801,0.023905
LA-BK,200803,3,persistence,reference_r2,0.023906,5.00000000000023e-06,200801,0.023901
LA-BK,200804,1,persistence,reference_r2,0.023906,0.0919389999999999,200804,-0.0680329999999999
LA-BK,200805,2,persistence,reference_r2,11.623906,8.282046999999999,200804,3.3418590000000012
LA-BK,200806,3,persistence,reference_r2,52.623906,46.60701,200804,6.016895999999996
LA-BK,200807,1,persistence,reference_r2,3.5125309999999956,1.8842029999999992,200807,1.6283279999999964
LA-BK,200808,2,persistence,reference_r2,8.256531000000003,5.801938,200807,2.4545930000000027
LA-BK,200809,3,persistence,reference_r2,26.396531000000003,21.645176,200807,4.751355000000004
LA-BK,200810,1,persistence,reference_r2,31.705938999999997,22.942771000000008,200810,8.76316799999999
LA-BK,200811,2,persistence,reference_r2,36.82593899999999,48.272275,200810,-11.44633600000001
LA-BK,200812,3,persistence,reference_r2,5.101938999999998,2.9151080000000005,200810,2.1868309999999975
LA-BK,200901,1,persistence,reference_r2,1.4450170000000004,0.463794,200901,0.9812230000000004
LA-BK,200902,2,persistence,reference_r2,1.997017,0.269102,200901,1.727915
LA-BK,200903,3,persistence,reference_r2,1.4450170000000004,0.586875,200901,0.8581420000000004
LA-BK,200904,1,persistence,reference_r2,1.6136299999999997,1.318219,200904,0.29541099999999965
LA-BK,200905,2,persistence,reference_r2,72.31163,43.200038,200904,29.111591999999995
LA-BK,200906,3,persistence,reference_r2,214.31163,146.591438,200904,67.720192
LA-BK,200907,1,persistence,reference_r2,122.745891,184.315415,200907,-61.569524
LA-BK,200908,2,persistence,reference_r2,66.43789100000001,90.208952,200907,-23.77106099999999
LA-BK,200909,3,persistence,reference_r2,41.67189100000002,39.497511,200907,2.1743800000000135
LA-BK,200910,1,persistence,reference_r2,16.435781999999996,21.675027,200910,-5.239245000000004
LA-BK,200911,2,persistence,reference_r2,9.235782,16.155339999999995,200910,-6.919557999999995
LA-BK,200912,3,persistence,reference_r2,9.217782,4.625311999999999,200910,4.5924700000000005
LA-BL,200801,1,persistence,reference_r2,8.330135,5.211004,200801,3.1191310000000003
LA-BL,200802,2,persistence,reference_r2,5.3441350000000005,5.742271,200801,-0.39813599999999916
LA-BL,200803,3,persistence,reference_r2,0.3401349999999998,0.3935499999999999,200801,-0.0534150000000001
LA-BL,200804,1,persistence,reference_r2,1.725826,1.801488,200804,-0.0756619999999999
LA-BL,200805,2,persistence,reference_r2,13.245826,11.091016,200804,2.1548099999999994
LA-BL,200806,3,persistence,reference_r2,17.243826,11.807714,200804,5.436111999999998
LA-BL,200807,1,persistence,reference_r2,10.327266000000002,19.489928999999997,200807,-9.162662999999995
LA-BL,200808,2,persistence,reference_r2,10.935266000000002,20.422767,200807,-9.487500999999998
LA-BL,200809,3,persistence,reference_r2,9.739266,18.832101999999992,200807,-9.092835999999991
LA-BL,200810,1,persistence,reference_r2,13.267289,10.138714000000004,200810,3.128574999999996
LA-BL,200811,2,persistence,reference_r2,8.241289,3.98417,200810,4.257118999999999
LA-BL,200812,3,persistence,reference_r2,16.985289,0.9679320000000002,200810,16.017357
LA-BL,200901,1,persistence,reference_r2,0.821397,0.727095,200901,0.094302
LA-BL,200902,2,persistence,reference_r2,1.5753970000000002,1.7457879999999997,200901,-0.17039099999999952
LA-BL,200903,3,persistence,reference_r2,0.3413969999999999,0.9977959999999996,200901,-0.6563989999999997
LA-BL,200904,1,persistence,reference_r2,1.643181,0.7688329999999999,200904,0.8743480000000001
LA-BL,200905,2,persistence,reference_r2,0.027181,4.063975000000001,200904,-4.036794000000001
LA-BL,200906,3,persistence,reference_r2,6.629181,5.191542999999999,200904,1.4376380000000006
LA-BL,200907,1,persistence,reference_r2,27.53776,21.442379000000003,200907,6.095380999999996
LA-BL,200908,2,persistence,reference_r2,6.123759999999999,5.833576000000001,200907,0.2901839999999982
LA-BL,200909,3,persistence,reference_r2,0.6617600000000001,5.436509999999998,200907,-4.774749999999998
LA-BL,200910,1,persistence,reference_r2,0.818222,5.468042999999998,200910,-4.6498209999999975
LA-BL,200911,2,persistence,reference_r2,1.730222,2.460592,200910,-0.7303700000000002
LA-BL,200912,3,persistence,reference_r2,0.818222,0.6904659999999998,200910,0.1277560000000002
LA-CH,200801,1,persistence,reference_r2,8.929076000000002,29.400878,200801,-20.471801999999997
LA-CH,200802,2,persistence,reference_r2,17.575076,41.710931,200801,-24.135855000000003
LA-CH,200803,3,persistence,reference_r2,18.905076,48.63571,200801,-29.730634000000002
LA-CH,200804,1,persistence,reference_r2,15.323213,36.551064,200804,-21.227850999999994
LA-CH,200805,2,persistence,reference_r2,14.027212999999998,61.931813000000005,200804,-47.90460000000001
LA-CH,200806,3,persistence,reference_r2,194.839213,169.26722999999998,200804,25.571983000000017
LA-CH,200807,1,persistence,reference_r2,65.01757500000001,95.311037,200807,-30.29346199999999
LA-CH,200808,2,persistence,reference_r2,76.48357500000002,91.334289,200807,-14.850713999999982
LA-CH,200809,3,persistence,reference_r2,53.703575000000015,123.56388700000002,200807,-69.86031200000001
LA-CH,200810,1,persistence,reference_r2,26.684580000000004,48.776076,200810,-22.091496
LA-CH,200811,2,persistence,reference_r2,39.69258,49.353605,200810,-9.661025000000002
LA-CH,200812,3,persistence,reference_r2,57.66658,34.683201999999994,200810,22.98337800000001
LA-CH,200901,1,persistence,reference_r2,30.826288,10.119243,200901,20.707045
LA-CH,200902,2,persistence,reference_r2,15.034288,27.214198000000003,200901,-12.179910000000003
LA-CH,200903,3,persistence,reference_r2,7.232288,22.387956999999997,200901,-15.155668999999996
LA-CH,200904,1,persistence,reference_r2,29.966437,39.571918,200904,-9.605480999999997
LA-CH,200905,2,persistence,reference_r2,7.424436999999999,77.67261800000003,200904,-70.24818100000003
LA-CH,200906,3,persistence,reference_r2,50.068437,71.83555600000003,200904,-21.767119000000022
LA-CH,200907,1,persistence,reference_r2,13.902496999999997,72.095211,200907,-58.19271400000001
LA-CH,200908,2,persistence,reference_r2,13.664496999999995,64.89548500000001,200907,-51.23098800000001
LA-CH,200909,3,persistence,reference_r2,14.162497000000002,60.58468499999998,200907,-46.42218799999998
LA-CH,200910,1,persistence,reference_r2,27.094395,20.648829,200910,6.4455659999999995
LA-CH,200911,2,persistence,reference_r2,49.27039500000001,20.115042000000003,200910,29.155353000000005
LA-CH,200912,3,persistence,reference_r2,52.234395000000006,11.842319999999994,200910,40.39207500000001
LA-HO,200801,1,persistence,reference_r2,0.475898,0.0028089999999999,200801,0.4730890000000001
LA-HO,200802,2,persistence,reference_r2,0.475898,0.001024,200801,0.47487399999999996
LA-HO,200803,3,persistence,reference_r2,0.475898,0.0061849999999999,200801,0.4697130000000001
LA-HO,200804,1,persistence,reference_r2,0.023906,0.01699,200804,0.0069159999999999985
LA-HO,200805,2,persistence,reference_r2,0.023906,0.0505309999999999,200804,-0.026624999999999902
LA-HO,200806,3,persistence,reference_r2,0.023906,0.106754,200804,-0.082848
LA-HO,200807,1,persistence,reference_r2,0.002391,0.4200189999999999,200807,-0.41762799999999994
LA-HO,200808,2,persistence,reference_r2,0.002391,0.4557479999999998,200807,-0.45335699999999984
LA-HO,200809,3,persistence,reference_r2,0.942391,0.8657190000000003,200807,0.07667199999999963
LA-HO,200810,1,persistence,reference_r2,0.475898,0.07379,200810,0.402108
LA-HO,200811,2,persistence,reference_r2,0.475898,0.007235,200810,0.468663
LA-HO,200812,3,persistence,reference_r2,0.211898,0.8987419999999999,200810,-0.6868439999999999
LA-HO,200901,1,persistence,reference_r2,0.393343,0.0168959999999999,200901,0.3764470000000001
LA-HO,200902,2,persistence,reference_r2,0.393343,0.0283689999999999,200901,0.3649740000000001
LA-HO,200903,3,persistence,reference_r2,0.393343,0.0238049999999999,200901,0.3695380000000001
LA-HO,200904,1,persistence,reference_r2,0.023906,0.00596,200904,0.017946
LA-HO,200905,2,persistence,reference_r2,0.023906,0.014989,200904,0.008917
LA-HO,200906,3,persistence,reference_r2,0.023906,0.0415379999999999,200904,-0.0176319999999999
LA-HO,200907,1,persistence,reference_r2,0.002391,0.3486150000000005,200907,-0.34622400000000053
LA-HO,200908,2,persistence,reference_r2,0.002391,0.568760000000001,200907,-0.566369000000001
LA-HO,200909,3,persistence,reference_r2,0.942391,0.782449999999999,200907,0.159941000000001
LA-HO,200910,1,persistence,reference_r2,0.211898,0.5915029999999999,200910,-0.37960499999999986
LA-HO,200911,2,persistence,reference_r2,0.211898,0.7675,200910,-0.5556019999999999
LA-HO,200912,3,persistence,reference_r2,0.211898,0.88176,200910,-0.669862
LA-KH,200801,1,persistence,reference_r2,0.02368,0.8436089999999998,200801,-0.8199289999999998
LA-KH,200802,2,persistence,reference_r2,0.02368,0.1006579999999999,200801,-0.07697799999999991
LA-KH,200803,3,persistence,reference_r2,0.02368,0.084513,200801,-0.060833000000000005
LA-KH,200804,1,persistence,reference_r2,0.019719,0.3475000000000001,200804,-0.3277810000000001
LA-KH,200805,2,persistence,reference_r2,0.019719,0.8777169999999996,200804,-0.8579979999999996
LA-KH,200806,3,persistence,reference_r2,0.753719,2.284251000000001,200804,-1.5305320000000011
LA-KH,200807,1,persistence,reference_r2,1.523898,4.221245999999994,200807,-2.6973479999999936
LA-KH,200808,2,persistence,reference_r2,0.475898,4.132339000000002,200807,-3.656441000000002
LA-KH,200809,3,persistence,reference_r2,2.4858979999999997,4.838402000000002,200807,-2.3525040000000024
LA-KH,200810,1,persistence,reference_r2,0.8358370000000006,0.712469,200810,0.12336800000000059
LA-KH,200811,2,persistence,reference_r2,1.5878370000000004,1.6994600000000002,200810,-0.1116229999999998
LA-KH,200812,3,persistence,reference_r2,2.097837,3.2335190000000003,200810,-1.135682
LA-KH,200901,1,persistence,reference_r2,1.01939,0.095673,200901,0.923717
LA-KH,200902,2,persistence,reference_r2,1.01939,0.0148939999999999,200901,1.004496
LA-KH,200903,3,persistence,reference_r2,2.75139,4.787865,200901,-2.0364750000000003
LA-KH,200904,1,persistence,reference_r2,0.8084749999999996,0.319434,200904,0.4890409999999996
LA-KH,200905,2,persistence,reference_r2,3.570474999999999,2.2428190000000003,200904,1.3276559999999988
LA-KH,200906,3,persistence,reference_r2,69.688475,63.818406,200904,5.870068999999994
LA-KH,200907,1,persistence,reference_r2,120.177069,113.180951,200907,6.99611800000001
LA-KH,200908,2,persistence,reference_r2,246.421069,238.574493,200907,7.846575999999999
LA-KH,200909,3,persistence,reference_r2,223.72906900000004,223.8797,200907,-0.15063099999997576
LA-KH,200910,1,persistence,reference_r2,59.31412399999999,42.39027300000001,200910,16.923850999999985
LA-KH,200911,2,persistence,reference_r2,52.600123999999994,22.924324999999996,200910,29.675798999999998
LA-KH,200912,3,persistence,reference_r2,54.124123999999995,30.880674000000003,200910,23.243449999999992
LA-LM,200801,1,persistence,reference_r2,0.002391,0.000226,200801,0.002165
LA-LM,200802,2,persistence,reference_r2,0.002391,8.099999999999948e-05,200801,0.0023100000000000004
LA-LM,200803,3,persistence,reference_r2,0.002391,4.000000000000097e-06,200801,0.002387
LA-LM,200804,1,persistence,reference_r2,0.002391,0.0301639999999999,200804,-0.0277729999999999
LA-LM,200805,2,persistence,reference_r2,0.002391,0.198095,200804,-0.195704
LA-LM,200806,3,persistence,reference_r2,0.002391,0.292751,200804,-0.29036
LA-LM,200807,1,persistence,reference_r2,0.002391,1.0682200000000002,200807,-1.0658290000000001
LA-LM,200808,2,persistence,reference_r2,0.002391,0.5533980000000005,200807,-0.5510070000000005
LA-LM,200809,3,persistence,reference_r2,0.002391,0.5952210000000004,200807,-0.5928300000000004
LA-LM,200810,1,persistence,reference_r2,0.002391,0.0238269999999999,200810,-0.0214359999999999
LA-LM,200811,2,persistence,reference_r2,0.002391,0.002683,200810,-0.00029200000000000016
LA-LM,200812,3,persistence,reference_r2,0.002391,0.000148,200810,0.0022429999999999998
LA-LM,200901,1,persistence,reference_r2,0.002391,0.0001019999999999,200901,0.0022890000000001
LA-LM,200902,2,persistence,reference_r2,0.002391,9.99999999999994e-05,200901,0.0022910000000000005
LA-LM,200903,3,persistence,reference_r2,0.002391,0.0004839999999999,200901,0.0019070000000001
LA-LM,200904,1,persistence,reference_r2,0.942391,0.94868,200904,-0.006288999999999989
LA-LM,200905,2,persistence,reference_r2,0.002391,0.0033749999999999,200904,-0.0009839999999999003
LA-LM,200906,3,persistence,reference_r2,1.900391,1.778816,200904,0.12157499999999999
LA-LM,200907,1,persistence,reference_r2,0.5251649999999999,0.942513,200907,-0.41734800000000016
LA-LM,200908,2,persistence,reference_r2,0.5091650000000001,1.34788,200907,-0.8387149999999999
LA-LM,200909,3,persistence,reference_r2,1.981165,2.340674,200907,-0.35950899999999986
LA-LM,200910,1,persistence,reference_r2,2.840144,2.816205,200910,0.023938999999999933
LA-LM,200911,2,persistence,reference_r2,3.484144,4.455114999999999,200910,-0.9709709999999991
LA-LM,200912,3,persistence,reference_r2,2.2381439999999997,3.353251,200910,-1.1151070000000005
LA-LP,200801,1,persistence,reference_r2,2.65538,0.7571660000000002,200801,1.8982139999999998
LA-LP,200802,2,persistence,reference_r2,8.88138,14.267759,200801,-5.386379
LA-LP,200803,3,persistence,reference_r2,14.70338,20.295906,200801,-5.592525999999999
LA-LP,200804,1,persistence,reference_r2,24.502973,31.738872000000004,200804,-7.235899000000003
LA-LP,200805,2,persistence,reference_r2,95.354973,112.771204,200804,-17.416230999999996
LA-LP,200806,3,persistence,reference_r2,135.374973,153.205867,200804,-17.830894
LA-LP,200807,1,persistence,reference_r2,20.196752000000004,9.993556000000003,200807,10.203196
LA-LP,200808,2,persistence,reference_r2,18.936751999999984,8.205945999999997,200807,10.730805999999987
LA-LP,200809,3,persistence,reference_r2,19.34875199999999,8.876618,200807,10.47213399999999
LA-LP,200810,1,persistence,reference_r2,14.584063,16.71071,200810,-2.1266469999999984
LA-LP,200811,2,persistence,reference_r2,94.882063,108.873379,200810,-13.991315999999998
LA-LP,200812,3,persistence,reference_r2,139.88206300000002,157.84191199999998,200810,-17.959848999999963
LA-LP,200901,1,persistence,reference_r2,93.472676,8.096719,200901,85.375957
LA-LP,200902,2,persistence,reference_r2,93.472676,4.327036,200901,89.14564000000001
LA-LP,200903,3,persistence,reference_r2,93.472676,11.661655999999995,200901,81.81102000000001
LA-LP,200904,1,persistence,reference_r2,0.018721,11.652033,200904,-11.633312
LA-LP,200905,2,persistence,reference_r2,0.018721,35.67989000000001,200904,-35.66116900000001
LA-LP,200906,3,persistence,reference_r2,8.620721,70.77148200000002,200904,-62.15076100000002
LA-LP,200907,1,persistence,reference_r2,26.316697,20.486870999999997,200907,5.829826000000004
LA-LP,200908,2,persistence,reference_r2,28.134696999999996,20.185861999999997,200907,7.948834999999999
LA-LP,200909,3,persistence,reference_r2,299.12669700000004,283.036426,200907,16.09027100000003
LA-LP,200910,1,persistence,reference_r2,107.48031400000002,73.503249,200910,33.977065000000024
LA-LP,200911,2,persistence,reference_r2,65.94431400000002,35.459931,200910,30.484383000000022
LA-LP,200912,3,persistence,reference_r2,34.85831400000001,5.855303000000001,200910,29.003011000000008
LA-OU,200801,1,persistence,reference_r2,0.002391,0.0012409999999999,200801,0.0011500000000001
LA-OU,200802,2,persistence,reference_r2,0.002391,6.399999999999982e-05,200801,0.002327
LA-OU,200803,3,persistence,reference_r2,0.002391,8.099999999999948e-05,200801,0.0023100000000000004
LA-OU,200804,1,persistence,reference_r2,0.002391,0.080944,200804,-0.078553
LA-OU,200805,2,persistence,reference_r2,0.002391,0.3718069999999998,200804,-0.3694159999999998
LA-OU,200806,3,persistence,reference_r2,0.002391,0.6405690000000002,200804,-0.6381780000000001
LA-OU,200807,1,persistence,reference_r2,0.002391,1.957936,200807,-1.9555449999999999
LA-OU,200808,2,persistence,reference_r2,0.002391,1.3450399999999991,200807,-1.342648999999999
LA-OU,200809,3,persistence,reference_r2,0.002391,1.5896340000000002,200807,-1.5872430000000002
LA-OU,200810,1,persistence,reference_r2,0.002391,0.0335859999999999,200810,-0.0311949999999999
LA-OU,200811,2,persistence,reference_r2,0.002391,0.003444,200810,-0.0010530000000000001
LA-OU,200812,3,persistence,reference_r2,0.002391,0.000635,200810,0.0017559999999999997
LA-OU,200901,1,persistence,reference_r2,0.002391,0.0002339999999999,200901,0.0021570000000001
LA-OU,200902,2,persistence,reference_r2,0.002391,0.0002249999999999,200901,0.0021660000000000997
LA-OU,200903,3,persistence,reference_r2,0.002391,0.0002339999999999,200901,0.0021570000000001
LA-OU,200904,1,persistence,reference_r2,0.002391,0.00073,200904,0.001661
LA-OU,200905,2,persistence,reference_r2,0.002391,0.0065199999999999,200904,-0.0041289999999999
LA-OU,200906,3,persistence,reference_r2,0.002391,0.0146779999999999,200904,-0.012286999999999899
LA-OU,200907,1,persistence,reference_r2,0.002391,1.6200480000000006,200907,-1.6176570000000006
LA-OU,200908,2,persistence,reference_r2,0.942391,2.1309520000000006,200907,-1.1885610000000006
LA-OU,200909,3,persistence,reference_r2,14.696391,9.051423,200907,5.644968
LA-OU,200910,1,persistence,reference_r2,3.9218850000000014,2.259908,200910,1.6619770000000016
LA-OU,200911,2,persistence,reference_r2,7.633885000000001,8.562932,200910,-0.9290469999999988
LA-OU,200912,3,persistence,reference_r2,10.737885,16.293002,200910,-5.555117000000001
LA-PH,200901,1,persistence,reference_r2,0.002391,0.017178,200901,-0.014786999999999998
LA-PH,200902,2,persistence,reference_r2,0.002391,0.0116239999999999,200901,-0.009232999999999901
LA-PH,200903,3,persistence,reference_r2,0.002391,0.015307,200901,-0.012916
LA-PH,200904,1,persistence,reference_r2,0.002391,0.0035339999999999,200904,-0.0011429999999999002
LA-PH,200905,2,persistence,reference_r2,0.002391,0.0082129999999999,200904,-0.005821999999999899
LA-PH,200906,3,persistence,reference_r2,0.002391,0.026865,200904,-0.024474
LA-PH,200907,1,persistence,reference_r2,0.002391,0.2463779999999999,200907,-0.2439869999999999
LA-PH,200909,3,persistence,reference_r2,0.002391,0.4324589999999997,200907,-0.43006799999999973
LA-PH,200910,1,persistence,reference_r2,0.002391,0.013547,200910,-0.011156
LA-PH,200911,2,persistence,reference_r2,0.002391,0.0079899999999999,200910,-0.0055989999999999
LA-PH,200912,3,persistence,reference_r2,0.002391,0.001654,200910,0.0007369999999999998
LA-SL,200801,1,persistence,reference_r2,0.8383039999999999,0.9609960000000002,200801,-0.12269200000000025
LA-SL,200802,2,persistence,reference_r2,1.1143039999999995,0.4065709999999998,200801,0.7077329999999997
LA-SL,200803,3,persistence,reference_r2,3.1163039999999995,3.618485,200801,-0.5021810000000007
LA-SL,200804,1,persistence,reference_r2,1.4566819999999998,1.2881089999999995,200804,0.1685730000000003
LA-SL,200805,2,persistence,reference_r2,96.162682,88.681095,200804,7.481587000000005
LA-SL,200806,3,persistence,reference_r2,216.508682,182.102189,200804,34.40649299999998
LA-SL,200807,1,persistence,reference_r2,56.446236,48.087969999999984,200807,8.358266000000015
LA-SL,200808,2,persistence,reference_r2,48.326235999999994,37.69212300000001,200807,10.634112999999985
LA-SL,200809,3,persistence,reference_r2,60.362236,56.927235,200807,3.4350009999999997
LA-SL,200810,1,persistence,reference_r2,59.302918000000005,38.914912,200810,20.388006000000004
LA-SL,200811,2,persistence,reference_r2,16.726917999999998,7.517941000000002,200810,9.208976999999996
LA-SL,200812,3,persistence,reference_r2,11.062917999999996,2.700215,200810,8.362702999999996
LA-SL,200901,1,persistence,reference_r2,3.974114,1.8186020000000005,200901,2.155512
LA-SL,200902,2,persistence,reference_r2,13.068114,19.869148000000003,200901,-6.801034000000003
LA-SL,200903,3,persistence,reference_r2,14.038114,13.274758,200901,0.7633559999999999
LA-SL,200904,1,persistence,reference_r2,9.552053,6.034967999999999,200904,3.5170850000000016
LA-SL,200905,2,persistence,reference_r2,87.13005299999999,45.707485,200904,41.42256799999999
LA-SL,200906,3,persistence,reference_r2,22.828053,34.25086399999999,200904,-11.422810999999992
LA-SL,200907,1,persistence,reference_r2,111.63495,115.541823,200907,-3.9068729999999903
LA-SL,200908,2,persistence,reference_r2,81.05895000000001,87.82631500000001,200907,-6.767364999999998
LA-SL,200909,3,persistence,reference_r2,53.45095,61.209676,200907,-7.758726000000003
LA-SL,200910,1,persistence,reference_r2,29.447606000000007,34.766141000000005,200910,-5.318534999999997
LA-SL,200911,2,persistence,reference_r2,19.925606,17.021496,200910,2.9041099999999993
LA-SL,200912,3,persistence,reference_r2,25.035606,6.997938000000001,200910,18.037668
LA-SV,200801,1,persistence,reference_r2,0.708358,5.727430999999999,200801,-5.019072999999999
LA-SV,200802,2,persistence,reference_r2,0.708358,1.0720569999999996,200801,-0.36369899999999955
LA-SV,200803,3,persistence,reference_r2,0.708358,0.495967,200801,0.21239100000000005
LA-SV,200804,1,persistence,reference_r2,0.2601569999999999,2.4851609999999997,200804,-2.2250039999999998
LA-SV,200805,2,persistence,reference_r2,0.414157,4.594252000000001,200804,-4.180095000000001
LA-SV,200806,3,persistence,reference_r2,8.278157,16.320681000000008,200804,-8.042524000000007
LA-SV,200807,1,persistence,reference_r2,4.223967000000001,22.10757099999998,200807,-17.883603999999977
LA-SV,200808,2,persistence,reference_r2,2.271967000000001,18.885549999999967,200807,-16.613582999999966
LA-SV,200809,3,persistence,reference_r2,2.3579669999999995,26.240959999999973,200807,-23.882992999999974
LA-SV,200810,1,persistence,reference_r2,6.847518999999999,3.883800000000001,200810,2.9637189999999984
LA-SV,200811,2,persistence,reference_r2,0.707519,0.775015,200810,-0.067496
LA-SV,200812,3,persistence,reference_r2,0.6475190000000002,0.35477,200810,0.2927490000000002
LA-SV,200901,1,persistence,reference_r2,0.026358,0.0935149999999999,200901,-0.06715699999999991
LA-SV,200902,2,persistence,reference_r2,0.026358,0.0167589999999999,200901,0.0095990000000001
LA-SV,200903,3,persistence,reference_r2,0.026358,0.1169239999999999,200901,-0.0905659999999999
LA-SV,200904,1,persistence,reference_r2,0.02112,0.183268,200904,-0.162148
LA-SV,200905,2,persistence,reference_r2,0.02112,1.158766,200904,-1.137646
LA-SV,200906,3,persistence,reference_r2,0.74312,1.7325730000000004,200904,-0.9894530000000004
LA-SV,200907,1,persistence,reference_r2,11.475898,30.679626999999986,200907,-19.203728999999985
LA-SV,200908,2,persistence,reference_r2,32.475898,34.536985999999956,200907,-2.0610879999999554
LA-SV,200909,3,persistence,reference_r2,46.475898,37.720864000000006,200907,8.755033999999995
LA-SV,200910,1,persistence,reference_r2,10.503741999999995,7.350740000000002,200910,3.1530019999999936
LA-SV,200911,2,persistence,reference_r2,14.015741999999996,14.811204,200910,-0.7954620000000041
LA-SV,200912,3,persistence,reference_r2,11.403742,1.603733999999999,200910,9.800008
LA-VT,200801,1,persistence,reference_r2,51.350280999999995,11.966943,200801,39.383337999999995
LA-VT,200802,2,persistence,reference_r2,68.34028099999999,3.921690000000001,200801,64.41859099999999
LA-VT,200803,3,persistence,reference_r2,54.344280999999995,16.988966,200801,37.35531499999999
LA-VT,200804,1,persistence,reference_r2,12.199369,5.232127000000002,200804,6.967241999999999
LA-VT,200805,2,persistence,reference_r2,4.579369,11.074110000000005,200804,-6.494741000000005
LA-VT,200806,3,persistence,reference_r2,25.827368999999997,33.82941000000001,200804,-8.002041000000013
LA-VT,200807,1,persistence,reference_r2,57.875534,82.810205,200807,-24.934670999999994
LA-VT,200808,2,persistence,reference_r2,67.005534,84.79809499999999,200807,-17.792560999999992
LA-VT,200809,3,persistence,reference_r2,78.173534,88.43824000000001,200807,-10.264706000000004
LA-VT,200810,1,persistence,reference_r2,31.379588,34.23430500000002,200810,-2.854717000000022
LA-VT,200811,2,persistence,reference_r2,32.061588,63.076217,200810,-31.014629
LA-VT,200812,3,persistence,reference_r2,31.787588,52.983022000000005,200810,-21.195434000000006
LA-VT,200901,1,persistence,reference_r2,37.725657,19.981765000000003,200901,17.743891999999995
LA-VT,200902,2,persistence,reference_r2,55.637657,13.921715,200901,41.715942
LA-VT,200903,3,persistence,reference_r2,56.637657,6.318354999999999,200901,50.319302
LA-VT,200904,1,persistence,reference_r2,9.878301,11.17111,200904,-1.292809
LA-VT,200905,2,persistence,reference_r2,29.714301000000003,106.849626,200904,-77.135325
LA-VT,200906,3,persistence,reference_r2,79.67630100000001,173.583861,200904,-93.90756
LA-VT,200907,1,persistence,reference_r2,168.360044,173.3183140000001,200907,-4.9582700000001125
LA-VT,200908,2,persistence,reference_r2,222.114044,208.28285299999993,200907,13.831191000000075
LA-VT,200909,3,persistence,reference_r2,336.066044,270.50272200000006,200907,65.56332199999991
LA-VT,200910,1,persistence,reference_r2,90.19122700000004,192.928868,200910,-102.73764099999995
LA-VT,200911,2,persistence,reference_r2,88.37322699999999,246.434299,200910,-158.06107200000002
LA-VT,200912,3,persistence,reference_r2,70.84522700000002,232.33493500000003,200910,-161.489708
LA-XA,200801,1,persistence,reference_r2,0.2648749999999999,1.087205,200801,-0.82233
LA-XA,200802,2,persistence,reference_r2,0.2648749999999999,0.247975,200801,0.016899999999999915
LA-XA,200803,3,persistence,reference_r2,0.2648749999999999,0.158262,200801,0.1066129999999999
LA-XA,200804,1,persistence,reference_r2,0.01898,0.4294739999999999,200804,-0.4104939999999999
LA-XA,200805,2,persistence,reference_r2,1.67498,1.258622,200804,0.416358
LA-XA,200806,3,persistence,reference_r2,5.620979999999999,2.9524669999999995,200804,2.668513
LA-XA,200807,1,persistence,reference_r2,10.595703,10.835366,200807,-0.23966300000000018
LA-XA,200808,2,persistence,reference_r2,2.3117029999999996,3.851817999999998,200807,-1.5401149999999983
LA-XA,200809,3,persistence,reference_r2,1.6937030000000002,2.27628,200807,-0.5825769999999997
LA-XA,200810,1,persistence,reference_r2,1.6142070000000002,1.599311,200810,0.014896000000000242
LA-XA,200811,2,persistence,reference_r2,0.874207,0.7601170000000002,200810,0.1140899999999998
LA-XA,200812,3,persistence,reference_r2,0.3622069999999999,0.440991,200810,-0.07878400000000013
LA-XA,200901,1,persistence,reference_r2,0.367735,0.10459,200901,0.26314499999999996
LA-XA,200902,2,persistence,reference_r2,0.367735,0.037595,200901,0.33014
LA-XA,200903,3,persistence,reference_r2,0.367735,0.212144,200901,0.15559099999999998
LA-XA,200904,1,persistence,reference_r2,0.033086,0.30185,200904,-0.268764
LA-XA,200905,2,persistence,reference_r2,0.671086,1.2287720000000002,200904,-0.5576860000000002
LA-XA,200906,3,persistence,reference_r2,13.633086,5.806432999999999,200904,7.826653000000001
LA-XA,200907,1,persistence,reference_r2,6.312753000000001,6.875187000000011,200907,-0.5624340000000103
LA-XA,200908,2,persistence,reference_r2,24.336753,22.443091999999993,200907,1.8936610000000087
LA-XA,200909,3,persistence,reference_r2,6.312753000000001,6.936960999999997,200907,-0.6242079999999959
LA-XA,200910,1,persistence,reference_r2,2.5944010000000004,4.572735999999999,200910,-1.9783349999999986
LA-XA,200911,2,persistence,reference_r2,2.5944010000000004,2.5080670000000005,200910,0.08633399999999991
LA-XA,200912,3,persistence,reference_r2,3.0544009999999995,1.1685249999999998,200910,1.8858759999999997
LA-XE,200801,1,persistence,reference_r2,0.331464,0.0134849999999999,200801,0.31797900000000007
LA-XE,200802,2,persistence,reference_r2,0.331464,0.007958,200801,0.32350599999999996
LA-XE,200803,3,persistence,reference_r2,0.331464,0.004571,200801,0.326893
LA-XE,200804,1,persistence,reference_r2,0.031464,0.025236,200804,0.006227999999999997
LA-XE,200805,2,persistence,reference_r2,0.031464,0.0677099999999999,200804,-0.036245999999999896
LA-XE,200806,3,persistence,reference_r2,4.631464,3.517428,200804,1.114036
LA-XE,200807,1,persistence,reference_r2,0.2715540000000001,0.4643760000000005,200807,-0.19282200000000044
LA-XE,200808,2,persistence,reference_r2,0.2715540000000001,0.5777359999999998,200807,-0.30618199999999973
LA-XE,200809,3,persistence,reference_r2,0.8975540000000004,0.6821890000000002,200807,0.21536500000000025
LA-XE,200810,1,persistence,reference_r2,0.0846519999999999,0.046339,200810,0.038312999999999896
LA-XE,200811,2,persistence,reference_r2,0.0846519999999999,0.0087069999999999,200810,0.075945
LA-XE,200812,3,persistence,reference_r2,0.7046520000000001,0.878037,200810,-0.1733849999999999
LA-XE,200901,1,persistence,reference_r2,0.393343,0.008175,200901,0.385168
LA-XE,200902,2,persistence,reference_r2,0.757343,1.89434,200901,-1.136997
LA-XE,200903,3,persistence,reference_r2,0.757343,1.77034,200901,-1.012997
LA-XE,200904,1,persistence,reference_r2,0.499234,0.515199,200904,-0.01596499999999995
LA-XE,200905,2,persistence,reference_r2,0.3112340000000001,1.009627,200904,-0.6983929999999999
LA-XE,200906,3,persistence,reference_r2,6.227234,5.777077,200904,0.4501569999999999
LA-XE,200907,1,persistence,reference_r2,16.139077999999998,24.536406,200907,-8.397328000000002
LA-XE,200908,2,persistence,reference_r2,14.313078,21.610439999999997,200907,-7.297361999999996
LA-XE,200909,3,persistence,reference_r2,1.7770780000000004,3.856923,200907,-2.0798449999999997
LA-XE,200910,1,persistence,reference_r2,1.913529,2.772753,200910,-0.8592239999999998
LA-XE,200911,2,persistence,reference_r2,1.3275289999999995,9.009448000000006,200910,-7.681919000000007
LA-XE,200912,3,persistence,reference_r2,1.913529,6.752690000000001,200910,-4.839161000000001
LA-XI,200801,1,persistence,reference_r2,0.002391,0.000531,200801,0.0018599999999999999
LA-XI,200802,2,persistence,reference_r2,0.002391,9.99999999999994e-05,200801,0.0022910000000000005
LA-XI,200803,3,persistence,reference_r2,0.002391,0.0001539999999999,200801,0.0022370000000001
LA-XI,200804,1,persistence,reference_r2,0.002391,0.020198,200804,-0.017807
LA-XI,200805,2,persistence,reference_r2,0.002391,0.054979,200804,-0.052588
LA-XI,200806,3,persistence,reference_r2,0.942391,0.5715620000000001,200804,0.37082899999999985
LA-XI,200807,1,persistence,reference_r2,0.475898,0.4480550000000001,200807,0.027842999999999896
LA-XI,200808,2,persistence,reference_r2,0.475898,0.3596569999999994,200807,0.1162410000000006
LA-XI,200809,3,persistence,reference_r2,0.475898,0.4386389999999984,200807,0.037259000000001596
LA-XI,200810,1,persistence,reference_r2,0.023906,0.015991,200810,0.007915000000000002
LA-XI,200811,2,persistence,reference_r2,0.023906,0.002603,200810,0.021303
LA-XI,200812,3,persistence,reference_r2,0.023906,0.0004049999999999,200810,0.0235010000000001
LA-XI,200901,1,persistence,reference_r2,0.002391,0.001867,200901,0.0005239999999999999
LA-XI,200902,2,persistence,reference_r2,0.002391,0.001718,200901,0.000673
LA-XI,200903,3,persistence,reference_r2,0.002391,0.0013359999999999,200901,0.0010550000000001
LA-XI,200904,1,persistence,reference_r2,0.002391,0.000539,200904,0.001852
LA-XI,200905,2,persistence,reference_r2,38.620391,38.92053,200904,-0.3001390000000015
LA-XI,200906,3,persistence,reference_r2,32.632391,32.853654999999996,200904,-0.2212639999999979
LA-XI,200907,1,persistence,reference_r2,1.3035949999999978,0.7331480000000008,200907,0.570446999999997
LA-XI,200908,2,persistence,reference_r2,9.231595000000002,6.875860999999999,200907,2.3557340000000035
LA-XI,200909,3,persistence,reference_r2,0.4635950000000015,0.5530080000000002,200907,-0.08941299999999869
LA-XI,200910,1,persistence,reference_r2,0.004394,0.7758910000000001,200910,-0.7714970000000001
LA-XI,200911,2,persistence,reference_r2,0.004394,0.397899,200910,-0.393505
LA-XI,200912,3,persistence,reference_r2,0.004394,0.1502909999999999,200910,-0.1458969999999999
LA-AT,200801,1,persistence,reference_r3,3.629459,2.720357,200801,0.9091020000000003
LA-AT,200802,2,persistence,reference_r3,1.671459,1.307112,200801,0.364347
LA-AT,200803,3,persistence,reference_r3,0.019459,0.086338,200801,-0.066879
LA-AT,200804,1,persistence,reference_r3,0.015468,0.599758,200804,-0.58429
LA-AT,200805,2,persistence,reference_r3,3.639468,1.4779870000000002,200804,2.1614809999999998
LA-AT,200806,3,persistence,reference_r3,9.619468,3.699967000000001,200804,5.919500999999999
LA-AT,200807,1,persistence,reference_r3,2.9651810000000003,3.4457489999999993,200807,-0.480567999999999
LA-AT,200808,2,persistence,reference_r3,5.193181,6.713205000000002,200807,-1.520024000000002
LA-AT,200809,3,persistence,reference_r3,13.631180999999998,17.844587,200807,-4.213406000000003
LA-AT,200810,1,persistence,reference_r3,18.220759,28.765348,200810,-10.544588999999998
LA-AT,200811,2,persistence,reference_r3,15.516759000000002,27.515794,200810,-11.999034999999997
LA-AT,200812,3,persistence,reference_r3,5.922759000000001,16.018390999999998,200810,-10.095631999999997
LA-AT,200901,1,persistence,reference_r3,3.2493620000000005,8.210778999999999,200901,-4.961416999999998
LA-AT,200902,2,persistence,reference_r3,16.903361999999998,39.230272,200901,-22.32691
LA-AT,200903,3,persistence,reference_r3,46.529362,60.195632,200901,-13.666270000000004
LA-AT,200904,1,persistence,reference_r3,17.635059999999996,51.80044199999999,200904,-34.165381999999994
LA-AT,200905,2,persistence,reference_r3,52.75106,44.34508199999999,200904,8.405978000000012
LA-AT,200906,3,persistence,reference_r3,29.799059999999997,40.321078,200904,-10.522018000000003
LA-AT,200907,1,persistence,reference_r3,53.070761000000005,52.602928,200907,0.46783300000000594
LA-AT,200908,2,persistence,reference_r3,16.756761,15.761648,200907,0.9951130000000017
LA-AT,200909,3,persistence,reference_r3,13.560761000000005,10.428328,200907,3.1324330000000042
LA-AT,200910,1,persistence,reference_r3,3.46218,6.254522999999999,200910,-2.792342999999999
LA-AT,200911,2,persistence,reference_r3,12.792179999999998,5.788535999999999,200910,7.0036439999999995
LA-AT,200912,3,persistence,reference_r3,4.9421800000000005,6.605401999999998,200910,-1.6632219999999975
LA-BK,200801,1,persistence,reference_r3,0.723906,0.948676,200801,-0.22476999999999991
LA-BK,200802,2,persistence,reference_r3,0.023906,4.900000000000043e-05,200801,0.023857
LA-BK,200803,3,persistence,reference_r3,0.023906,4.900000000000043e-05,200801,0.023857
LA-BK,200804,1,persistence,reference_r3,0.023906,0.00355,200804,0.020356
LA-BK,200805,2,persistence,reference_r3,11.623906,11.5591,200804,0.06480599999999903
LA-BK,200806,3,persistence,reference_r3,52.623906,52.293507,200804,0.3303989999999999
LA-BK,200807,1,persistence,reference_r3,3.5125309999999956,2.232635000000002,200807,1.2798959999999937
LA-BK,200808,2,persistence,reference_r3,8.256531000000003,5.803381999999996,200807,2.453149000000007
LA-BK,200809,3,persistence,reference_r3,26.396531000000003,21.341335,200807,5.055196000000002
LA-BK,200810,1,persistence,reference_r3,31.705938999999997,20.43059700000001,200810,11.275341999999988
LA-BK,200811,2,persistence,reference_r3,36.82593899999999,45.528704000000005,200810,-8.702765000000014
LA-BK,200812,3,persistence,reference_r3,5.101938999999998,2.942051999999999,200810,2.159886999999999
LA-BK,200901,1,persistence,reference_r3,1.4450170000000004,0.4362939999999999,200901,1.0087230000000005
LA-BK,200902,2,persistence,reference_r3,1.997017,0.285778,200901,1.711239
LA-BK,200903,3,persistence,reference_r3,1.4450170000000004,0.5932529999999998,200901,0.8517640000000006
LA-BK,200904,1,persistence,reference_r3,1.6136299999999997,1.2074739999999995,200904,0.4061560000000002
LA-BK,200905,2,persistence,reference_r3,72.31163,43.848861,200904,28.462768999999994
LA-BK,200906,3,persistence,reference_r3,214.31163,145.775887,200904,68.535743
LA-BK,200907,1,persistence,reference_r3,122.745891,197.045967,200907,-74.30007599999999
LA-BK,200908,2,persistence,reference_r3,66.43789100000001,97.078634,200907,-30.640742999999986
LA-BK,200909,3,persistence,reference_r3,41.67189100000002,41.781874,200907,-0.10998299999998551
LA-BK,200910,1,persistence,reference_r3,16.435781999999996,18.651781,200910,-2.2159990000000036
LA-BK,200911,2,persistence,reference_r3,9.235782,10.574944,200910,-1.339162
LA-BK,200912,3,persistence,reference_r3,9.217782,5.397960000000001,200910,3.8198219999999985
LA-BL,200801,1,persistence,reference_r3,8.330135,5.312348,200801,3.017787
LA-BL,200802,2,persistence,reference_r3,5.3441350000000005,6.144602,200801,-0.8004669999999994
LA-BL,200803,3,persistence,reference_r3,0.3401349999999998,0.422519,200801,-0.08238400000000018
LA-BL,200804,1,persistence,reference_r3,1.725826,1.9219150000000005,200804,-0.1960890000000004
LA-BL,200805,2,persistence,reference_r3,13.245826,5.607081000000001,200804,7.638744999999998
LA-BL,200806,3,persistence,reference_r3,17.243826,6.243787000000001,200804,11.000038999999997
LA-BL,200807,1,persistence,reference_r3,10.327266000000002,19.772516999999997,200807,-9.445250999999995
LA-BL,200808,2,persistence,reference_r3,10.935266000000002,20.356723,200807,-9.421456999999997
LA-BL,200809,3,persistence,reference_r3,9.739266,17.903394,200807,-8.164127999999998
LA-BL,200810,1,persistence,reference_r3,13.267289,9.194311000000004,200810,4.0729779999999955
LA-BL,200811,2,persistence,reference_r3,8.241289,5.077385,200810,3.1639040000000005
LA-BL,200812,3,persistence,reference_r3,16.985289,1.0833199999999996,200810,15.901969000000001
LA-BL,200901,1,persistence,reference_r3,0.821397,0.784907,200901,0.03649000000000002
LA-BL,200902,2,persistence,reference_r3,1.5753970000000002,1.635296,200901,-0.059898999999999925
LA-BL,200903,3,persistence,reference_r3,0.3413969999999999,1.070364,200901,-0.7289670000000001
LA-BL,200904,1,persistence,reference_r3,1.643181,0.8236380000000003,200904,0.8195429999999997
LA-BL,200905,2,persistence,reference_r3,0.027181,3.5996620000000004,200904,-3.5724810000000002
LA-BL,200906,3,persistence,reference_r3,6.629181,6.129073,200904,0.500108
LA-BL,200907,1,persistence,reference_r3,27.53776,24.432139999999997,200907,3.105620000000002
LA-BL,200908,2,persistence,reference_r3,6.123759999999999,5.1644929999999984,200907,0.9592670000000005
LA-BL,200909,3,persistence,reference_r3,0.6617600000000001,1.9267629999999991,200907,-1.265002999999999
LA-BL,200910,1,persistence,reference_r3,0.818222,5.803838000000001,200910,-4.985616
LA-BL,200911,2,persistence,reference_r3,1.730222,1.6016139999999996,200910,0.12860800000000028
LA-BL,200912,3,persistence,reference_r3,0.818222,0.7384339999999998,200910,0.07978800000000019
LA-CH,200801,1,persistence,reference_r3,8.929076000000002,30.117882,200801,-21.188806
LA-CH,200802,2,persistence,reference_r3,17.575076,48.570685,200801,-30.995608999999998
LA-CH,200803,3,persistence,reference_r3,18.905076,51.246465,200801,-32.341389
LA-CH,200804,1,persistence,reference_r3,15.323213,28.13525899999999,200804,-12.81204599999999
LA-CH,200805,2,persistence,reference_r3,14.027212999999998,45.15965300000002,200804,-31.132440000000024
LA-CH,200806,3,persistence,reference_r3,194.839213,116.478607,200804,78.360606
LA-CH,200807,1,persistence,reference_r3,65.01757500000001,100.65572699999996,200807,-35.63815199999995
LA-CH,200808,2,persistence,reference_r3,76.48357500000002,90.724118,200807,-14.240542999999988
LA-CH,200809,3,persistence,reference_r3,53.703575000000015,120.46804899999997,200807,-66.76447399999995
LA-CH,200810,1,persistence,reference_r3,26.684580000000004,46.70008299999999,200810,-20.01550299999999
LA-CH,200811,2,persistence,reference_r3,39.69258,31.479150000000004,200810,8.213429999999995
LA-CH,200812,3,persistence,reference_r3,57.66658,30.016807000000004,200810,27.649773
LA-CH,200901,1,persistence,reference_r3,30.826288,9.878589000000002,200901,20.947699
LA-CH,200902,2,persistence,reference_r3,15.034288,27.316217,200901,-12.281929000000002
LA-CH,200903,3,persistence,reference_r3,7.232288,21.429513,200901,-14.197225
LA-CH,200904,1,persistence,reference_r3,29.966437,37.011744,200904,-7.045307000000001
LA-CH,200905,2,persistence,reference_r3,7.424436999999999,76.55674200000001,200904,-69.13230500000002
LA-CH,200906,3,persistence,reference_r3,50.068437,80.861706,200904,-30.793268999999995
LA-CH,200907,1,persistence,reference_r3,13.902496999999997,71.16950299999999,200907,-57.267005999999995
LA-CH,200908,2,persistence,reference_r3,13.664496999999995,69.797297,200907,-56.1328
LA-CH,200909,3,persistence,reference_r3,14.162497000000002,62.769825,200907,-48.607327999999995
LA-CH,200910,1,persistence,reference_r3,27.094395,19.448175999999997,200910,7.646219000000002
LA-CH,200911,2,persistence,reference_r3,49.27039500000001,11.976567000000005,200910,37.293828000000005
LA-CH,200912,3,persistence,reference_r3,52.234395000000006,12.895533,200910,39.338862000000006
LA-HO,200801,1,persistence,reference_r3,0.475898,0.003891,200801,0.472007
LA-HO,200802,2,persistence,reference_r3,0.475898,0.000789,200801,0.475109
LA-HO,200803,3,persistence,reference_r3,0.475898,0.0146379999999999,200801,0.4612600000000001
LA-HO,200804,1,persistence,reference_r3,0.023906,0.022315,200804,0.0015909999999999987
LA-HO,200805,2,persistence,reference_r3,0.023906,0.013646,200804,0.01026
LA-HO,200806,3,persistence,reference_r3,0.023906,0.008409,200804,0.015497
LA-HO,200807,1,persistence,reference_r3,0.002391,0.4430440000000004,200807,-0.4406530000000004
LA-HO,200808,2,persistence,reference_r3,0.002391,0.5289209999999986,200807,-0.5265299999999986
LA-HO,200809,3,persistence,reference_r3,0.942391,0.7766020000000005,200807,0.16578899999999952
LA-HO,200810,1,persistence,reference_r3,0.475898,0.064998,200810,0.4109
LA-HO,200811,2,persistence,reference_r3,0.475898,0.0166949999999999,200810,0.4592030000000001
LA-HO,200812,3,persistence,reference_r3,0.211898,0.874354,200810,-0.6624559999999999
LA-HO,200901,1,persistence,reference_r3,0.393343,0.017624,200901,0.375719
LA-HO,200902,2,persistence,reference_r3,0.393343,0.021591,200901,0.37175199999999997
LA-HO,200903,3,persistence,reference_r3,0.393343,0.0211299999999999,200901,0.3722130000000001
LA-HO,200904,1,persistence,reference_r3,0.023906,0.004986,200904,0.01892
LA-HO,200905,2,persistence,reference_r3,0.023906,0.0086509999999999,200904,0.0152550000000001
LA-HO,200906,3,persistence,reference_r3,0.023906,0.0485709999999999,200904,-0.0246649999999999
LA-HO,200907,1,persistence,reference_r3,0.002391,0.1095700000000001,200907,-0.1071790000000001
LA-HO,200908,2,persistence,reference_r3,0.002391,0.162795,200907,-0.160404
LA-HO,200909,3,persistence,reference_r3,0.942391,0.6488049999999999,200907,0.2935860000000001
LA-HO,200910,1,persistence,reference_r3,0.211898,0.582575,200910,-0.3706769999999999
LA-HO,200911,2,persistence,reference_r3,0.211898,0.828743,200910,-0.616845
LA-HO,200912,3,persistence,reference_r3,0.211898,0.893077,200910,-0.681179
LA-KH,200801,1,persistence,reference_r3,0.02368,0.798697,200801,-0.775017
LA-KH,200802,2,persistence,reference_r3,0.02368,0.058326,200801,-0.034646
LA-KH,200803,3,persistence,reference_r3,0.02368,0.077979,200801,-0.05429900000000001
LA-KH,200804,1,persistence,reference_r3,0.019719,0.7155910000000001,200804,-0.695872
LA-KH,200805,2,persistence,reference_r3,0.019719,1.0163909999999996,200804,-0.9966719999999996
LA-KH,200806,3,persistence,reference_r3,0.753719,2.8948620000000007,200804,-2.1411430000000005
LA-KH,200807,1,persistence,reference_r3,1.523898,4.980236000000005,200807,-3.456338000000005
LA-KH,200808,2,persistence,reference_r3,0.475898,5.170608999999985,200807,-4.694710999999985
LA-KH,200809,3,persistence,reference_r3,2.4858979999999997,5.132678999999996,200807,-2.6467809999999963
LA-KH,200810,1,persistence,reference_r3,0.8358370000000006,0.89249,200810,-0.0566529999999994
LA-KH,200811,2,persistence,reference_r3,1.5878370000000004,1.229941,200810,0.35789600000000044
LA-KH,200812,3,persistence,reference_r3,2.097837,3.092307,200810,-0.9944699999999997
LA-KH,200901,1,persistence,reference_r3,1.01939,0.069965,200901,0.949425
LA-KH,200902,2,persistence,reference_r3,1.01939,0.019764,200901,0.999626
LA-KH,200903,3,persistence,reference_r3,2.75139,4.828799999999999,200901,-2.0774099999999995
LA-KH,200904,1,persistence,reference_r3,0.8084749999999996,0.4130399999999999,200904,0.3954349999999997
LA-KH,200905,2,persistence,reference_r3,3.570474999999999,2.1217179999999995,200904,1.4487569999999996
LA-KH,200906,3,persistence,reference_r3,69.688475,64.896245,200904,4.7922300000000035
LA-KH,200907,1,persistence,reference_r3,120.177069,127.287933,200907,-7.110863999999992
LA-KH,200908,2,persistence,reference_r3,246.421069,268.953178,200907,-22.53210899999999
LA-KH,200909,3,persistence,reference_r3,223.72906900000004,240.04923,200907,-16.320160999999956
LA-KH,200910,1,persistence,reference_r3,59.31412399999999,44.403861000000006,200910,14.910262999999986
LA-KH,200911,2,persistence,reference_r3,52.600123999999994,20.132869999999997,200910,32.467254
LA-KH,200912,3,persistence,reference_r3,54.124123999999995,27.96267,200910,26.161453999999996
LA-LM,200801,1,persistence,reference_r3,0.002391,0.0002559999999999,200801,0.0021350000000001
LA-LM,200802,2,persistence,reference_r3,0.002391,3.600000000000044e-05,200801,0.0023549999999999995
LA-LM,200803,3,persistence,reference_r3,0.002391,3.600000000000044e-05,200801,0.0023549999999999995
LA-LM,200804,1,persistence,reference_r3,0.002391,0.000144,200804,0.002247
LA-LM,200805,2,persistence,reference_r3,0.002391,0.0016349999999999,200804,0.0007560000000000999
LA-LM,200806,3,persistence,reference_r3,0.002391,0.001391,200804,0.0009999999999999998
LA-LM,200807,1,persistence,reference_r3,0.002391,0.8332150000000027,200807,-0.8308240000000027
LA-LM,200808,2,persistence,reference_r3,0.002391,0.4028939999999998,200807,-0.40050299999999983
LA-LM,200809,3,persistence,reference_r3,0.002391,0.6516940000000009,200807,-0.6493030000000009
LA-LM,200810,1,persistence,reference_r3,0.002391,0.0187219999999999,200810,-0.016330999999999898
LA-LM,200811,2,persistence,reference_r3,0.002391,0.005503,200810,-0.003112
LA-LM,200812,3,persistence,reference_r3,0.002391,0.00173,200810,0.0006609999999999999
LA-LM,200901,1,persistence,reference_r3,0.002391,8.099999999999948e-05,200901,0.0023100000000000004
LA-LM,200902,2,persistence,reference_r3,0.002391,0.0001009999999999,200901,0.0022900000000001
LA-LM,200903,3,persistence,reference_r3,0.002391,0.0004839999999999,200901,0.0019070000000001
LA-LM,200904,1,persistence,reference_r3,0.942391,0.958458,200904,-0.016067000000000053
LA-LM,200905,2,persistence,reference_r3,0.002391,0.0034669999999999,200904,-0.0010759999999999
LA-LM,200906,3,persistence,reference_r3,1.900391,1.7925799999999998,200904,0.1078110000000001
LA-LM,200907,1,persistence,reference_r3,0.5251649999999999,0.5983580000000002,200907,-0.07319300000000029
LA-LM,200908,2,persistence,reference_r3,0.5091650000000001,0.4616890000000002,200907,0.04747599999999991
LA-LM,200909,3,persistence,reference_r3,1.981165,2.471052,200907,-0.48988699999999974
LA-LM,200910,1,persistence,reference_r3,2.840144,2.7145930000000003,200910,0.12555099999999975
LA-LM,200911,2,persistence,reference_r3,3.484144,4.633958,200910,-1.1498139999999997
LA-LM,200912,3,persistence,reference_r3,2.2381439999999997,3.330243,200910,-1.0920990000000002
LA-LP,200801,1,persistence,reference_r3,2.65538,0.8178340000000002,200801,1.837546
LA-LP,200802,2,persistence,reference_r3,8.88138,14.43482,200801,-5.55344
LA-LP,200803,3,persistence,reference_r3,14.70338,20.460843,200801,-5.757463000000001
LA-LP,200804,1,persistence,reference_r3,24.502973,14.504039,200804,9.998934
LA-LP,200805,2,persistence,reference_r3,95.354973,74.529849,200804,20.825124000000002
LA-LP,200806,3,persistence,reference_r3,135.374973,95.231354,200804,40.143619000000015
LA-LP,200807,1,persistence,reference_r3,20.196752000000004,9.658103999999998,200807,10.538648000000006
LA-LP,200808,2,persistence,reference_r3,18.936751999999984,8.347596,200807,10.589155999999985
LA-LP,200809,3,persistence,reference_r3,19.34875199999999,8.784699999999999,200807,10.564051999999991
LA-LP,200810,1,persistence,reference_r3,14.584063,18.4312,200810,-3.847137
LA-LP,200811,2,persistence,reference_r3,94.882063,104.608028,200810,-9.725965000000002
LA-LP,200812,3,persistence,reference_r3,139.88206300000002,157.15014399999998,200810,-17.268080999999967
LA-LP,200901,1,persistence,reference_r3,93.472676,8.142661,200901,85.330015
LA-LP,200902,2,persistence,reference_r3,93.472676,5.307313000000001,200901,88.16536300000001
LA-LP,200903,3,persistence,reference_r3,93.472676,11.867869000000002,200901,81.60480700000001
LA-LP,200904,1,persistence,reference_r3,0.018721,12.373787999999998,200904,-12.355066999999998
LA-LP,200905,2,persistence,reference_r3,0.018721,34.402712,200904,-34.383991
LA-LP,200906,3,persistence,reference_r3,8.620721,71.29301699999999,200904,-62.67229599999999
LA-LP,200907,1,persistence,reference_r3,26.316697,22.999188,200907,3.317509000000001
LA-LP,200908,2,persistence,reference_r3,28.134696999999996,23.232467,200907,4.902229999999996
LA-LP,200909,3,persistence,reference_r3,299.12669700000004,302.974131,200907,-3.8474339999999643
LA-LP,200910,1,persistence,reference_r3,107.48031400000002,62.344385999999986,200910,45.135928000000035
LA-LP,200911,2,persistence,reference_r3,65.94431400000002,40.208724999999994,200910,25.735589000000026
LA-LP,200912,3,persistence,reference_r3,34.85831400000001,6.972092,200910,27.886222000000007
LA-OU,200801,1,persistence,reference_r3,0.002391,0.0013939999999999,200801,0.0009970000000000998
LA-OU,200802,2,persistence,reference_r3,0.002391,0.0001969999999999,200801,0.0021940000000001
LA-OU,200803,3,persistence,reference_r3,0.002391,9.99999999999994e-05,200801,0.0022910000000000005
LA-OU,200804,1,persistence,reference_r3,0.002391,0.0012649999999999,200804,0.0011260000000000998
LA-OU,200805,2,persistence,reference_r3,0.002391,0.0057099999999999,200804,-0.0033189999999999
LA-OU,200806,3,persistence,reference_r3,0.002391,0.0114759999999999,200804,-0.009084999999999899
LA-OU,200807,1,persistence,reference_r3,0.002391,2.004765000000006,200807,-2.0023740000000063
LA-OU,200808,2,persistence,reference_r3,0.002391,1.246016000000001,200807,-1.2436250000000009
LA-OU,200809,3,persistence,reference_r3,0.002391,1.7052740000000028,200807,-1.7028830000000028
LA-OU,200810,1,persistence,reference_r3,0.002391,0.022923,200810,-0.020531999999999998
LA-OU,200811,2,persistence,reference_r3,0.002391,0.0104699999999999,200810,-0.008078999999999899
LA-OU,200812,3,persistence,reference_r3,0.002391,0.002454,200810,-6.300000000000012e-05
LA-OU,200901,1,persistence,reference_r3,0.002391,0.0002249999999999,200901,0.0021660000000000997
LA-OU,200902,2,persistence,reference_r3,0.002391,3.600000000000044e-05,200901,0.0023549999999999995
LA-OU,200903,3,persistence,reference_r3,0.002391,0.001066,200901,0.0013249999999999998
LA-OU,200904,1,persistence,reference_r3,0.002391,0.000746,200904,0.0016449999999999998
LA-OU,200905,2,persistence,reference_r3,0.002391,0.0051539999999999,200904,-0.0027629999999999
LA-OU,200906,3,persistence,reference_r3,0.002391,0.018393,200904,-0.016002
LA-OU,200907,1,persistence,reference_r3,0.002391,0.7790909999999993,200907,-0.7766999999999993
LA-OU,200908,2,persistence,reference_r3,0.942391,1.0595989999999995,200907,-0.11720799999999953
LA-OU,200909,3,persistence,reference_r3,14.696391,10.460322,200907,4.2360690000000005
LA-OU,200910,1,persistence,reference_r3,3.9218850000000014,2.070412,200910,1.8514730000000013
LA-OU,200911,2,persistence,reference_r3,7.633885000000001,9.464362,200910,-1.8304769999999984
LA-OU,200912,3,persistence,reference_r3,10.737885,16.049995,200910,-5.312109999999999
LA-PH,200901,1,persistence,reference_r3,0.002391,0.0118299999999999,200901,-0.009438999999999899
LA-PH,200902,2,persistence,reference_r3,0.002391,0.013668,200901,-0.011276999999999999
LA-PH,200903,3,persistence,reference_r3,0.002391,0.02143,200901,-0.019039
LA-PH,200904,1,persistence,reference_r3,0.002391,0.003154,200904,-0.0007630000000000002
LA-PH,200905,2,persistence,reference_r3,0.002391,0.0050199999999999,200904,-0.0026289999999999005
LA-PH,200906,3,persistence,reference_r3,0.002391,0.0276219999999999,200904,-0.0252309999999999
LA-PH,200907,1,persistence,reference_r3,0.002391,0.061466,200907,-0.059075
LA-PH,200909,3,persistence,reference_r3,0.002391,0.1039769999999999,200907,-0.1015859999999999
LA-PH,200910,1,persistence,reference_r3,0.002391,0.0217049999999999,200910,-0.0193139999999999
LA-PH,200911,2,persistence,reference_r3,0.002391,0.0041319999999999,200910,-0.0017409999999998997
LA-PH,200912,3,persistence,reference_r3,0.002391,0.0009749999999999,200910,0.0014160000000001
LA-SL,200801,1,persistence,reference_r3,0.8383039999999999,0.9900379999999998,200801,-0.1517339999999998
LA-SL,200802,2,persistence,reference_r3,1.1143039999999995,0.3865939999999999,200801,0.7277099999999996
LA-SL,200803,3,persistence,reference_r3,3.1163039999999995,3.82775,200801,-0.7114460000000005
LA-SL,200804,1,persistence,reference_r3,1.4566819999999998,1.0171480000000002,200804,0.43953399999999965
LA-SL,200805,2,persistence,reference_r3,96.162682,91.398675,200804,4.7640070000000065
LA-SL,200806,3,persistence,reference_r3,216.508682,184.732684,200804,31.775997999999987
LA-SL,200807,1,persistence,reference_r3,56.446236,50.01057800000001,200807,6.435657999999989
LA-SL,200808,2,persistence,reference_r3,48.326235999999994,40.01365999999999,200807,8.312576000000007
LA-SL,200809,3,persistence,reference_r3,60.362236,58.99029300000001,200807,1.3719429999999946
LA-SL,200810,1,persistence,reference_r3,59.302918000000005,34.767648,200810,24.535270000000004
LA-SL,200811,2,persistence,reference_r3,16.726917999999998,9.607678,200810,7.119239999999998
LA-SL,200812,3,persistence,reference_r3,11.062917999999996,2.959109,200810,8.103808999999996
LA-SL,200901,1,persistence,reference_r3,3.974114,1.6865449999999995,200901,2.2875690000000004
LA-SL,200902,2,persistence,reference_r3,13.068114,20.128694,200901,-7.06058
LA-SL,200903,3,persistence,reference_r3,14.038114,13.08828,200901,0.949834000000001
LA-SL,200904,1,persistence,reference_r3,9.552053,5.9089659999999995,200904,3.6430870000000013
LA-SL,200905,2,persistence,reference_r3,87.13005299999999,45.17947999999999,200904,41.950573
LA-SL,200906,3,persistence,reference_r3,22.828053,32.29494699999999,200904,-9.466893999999993
LA-SL,200907,1,persistence,reference_r3,111.63495,130.135464,200907,-18.50051400000001
LA-SL,200908,2,persistence,reference_r3,81.05895000000001,99.269912,200907,-18.210961999999995
LA-SL,200909,3,persistence,reference_r3,53.45095,65.459931,200907,-12.008980999999999
LA-SL,200910,1,persistence,reference_r3,29.447606000000007,36.651577,200910,-7.203970999999996
LA-SL,200911,2,persistence,reference_r3,19.925606,14.467916999999996,200910,5.457689000000002
LA-SL,200912,3,persistence,reference_r3,25.035606,6.707491000000001,200910,18.328115
LA-SV,200801,1,persistence,reference_r3,0.708358,5.407520999999999,200801,-4.699162999999999
LA-SV,200802,2,persistence,reference_r3,0.708358,0.8048259999999998,200801,-0.09646799999999978
LA-SV,200803,3,persistence,reference_r3,0.708358,0.4507189999999998,200801,0.25763900000000023
LA-SV,200804,1,persistence,reference_r3,0.2601569999999999,4.957571999999999,200804,-4.6974149999999995
LA-SV,200805,2,persistence,reference_r3,0.414157,5.260216,200804,-4.8460589999999995
LA-SV,200806,3,persistence,reference_r3,8.278157,26.585654999999996,200804,-18.307497999999995
LA-SV,200807,1,persistence,reference_r3,4.223967000000001,24.206484999999983,200807,-19.98251799999998
LA-SV,200808,2,persistence,reference_r3,2.271967000000001,22.60182199999997,200807,-20.32985499999997
LA-SV,200809,3,persistence,reference_r3,2.3579669999999995,23.842084,200807,-21.484117
LA-SV,200810,1,persistence,reference_r3,6.847518999999999,3.654162,200810,3.1933569999999993
LA-SV,200811,2,persistence,reference_r3,0.707519,1.0289720000000004,200810,-0.32145300000000043
LA-SV,200812,3,persistence,reference_r3,0.6475190000000002,0.3905100000000001,200810,0.2570090000000001
LA-SV,200901,1,persistence,reference_r3,0.026358,0.0810779999999999,200901,-0.0547199999999999
LA-SV,200902,2,persistence,reference_r3,0.026358,0.0106959999999999,200901,0.0156620000000001
LA-SV,200903,3,persistence,reference_r3,0.026358,0.122613,200901,-0.09625500000000001
LA-SV,200904,1,persistence,reference_r3,0.02112,0.178993,200904,-0.157873
LA-SV,200905,2,persistence,reference_r3,0.02112,1.3662669999999997,200904,-1.3451469999999996
LA-SV,200906,3,persistence,reference_r3,0.74312,1.6046540000000005,200904,-0.8615340000000005
LA-SV,200907,1,persistence,reference_r3,11.475898,16.916741000000002,200907,-5.440843000000001
LA-SV,200908,2,persistence,reference_r3,32.475898,20.36157999999999,200907,12.114318000000011
LA-SV,200909,3,persistence,reference_r3,46.475898,27.710908000000003,200907,18.764989999999997
LA-SV,200910,1,persistence,reference_r3,10.503741999999995,6.915573999999999,200910,3.588167999999996
LA-SV,200911,2,persistence,reference_r3,14.015741999999996,16.280793000000003,200910,-2.265051000000007
LA-SV,200912,3,persistence,reference_r3,11.403742,1.9969140000000003,200910,9.406827999999999
LA-VT,200801,1,persistence,reference_r3,51.350280999999995,10.977586000000002,200801,40.37269499999999
LA-VT,200802,2,persistence,reference_r3,68.34028099999999,4.6070400000000005,200801,63.73324099999999
LA-VT,200803,3,persistence,reference_r3,54.344280999999995,18.21255,200801,36.131730999999995
LA-VT,200804,1,persistence,reference_r3,12.199369,14.923139000000004,200804,-2.7237700000000036
LA-VT,200805,2,persistence,reference_r3,4.579369,20.89227900000001,200804,-16.31291000000001
LA-VT,200806,3,persistence,reference_r3,25.827368999999997,93.21422099999998,200804,-67.38685199999998
LA-VT,200807,1,persistence,reference_r3,57.875534,76.15982299999996,200807,-18.28428899999996
LA-VT,200808,2,persistence,reference_r3,67.005534,82.88120900000001,200807,-15.875675000000015
LA-VT,200809,3,persistence,reference_r3,78.173534,91.55173200000002,200807,-13.378198000000012
LA-VT,200810,1,persistence,reference_r3,31.379588,34.57022599999999,200810,-3.1906379999999928
LA-VT,200811,2,persistence,reference_r3,32.061588,44.964343,200810,-12.902754999999999
LA-VT,200812,3,persistence,reference_r3,31.787588,49.84832800000001,200810,-18.06074000000001
LA-VT,200901,1,persistence,reference_r3,37.725657,21.592998,200901,16.132658999999997
LA-VT,200902,2,persistence,reference_r3,55.637657,14.355337,200901,41.28232
LA-VT,200903,3,persistence,reference_r3,56.637657,6.595117,200901,50.042539999999995
LA-VT,200904,1,persistence,reference_r3,9.878301,10.836351,200904,-0.9580500000000001
LA-VT,200905,2,persistence,reference_r3,29.714301000000003,114.010535,200904,-84.296234
LA-VT,200906,3,persistence,reference_r3,79.67630100000001,196.674877,200904,-116.998576
LA-VT,200907,1,persistence,reference_r3,168.360044,171.25835999999998,200907,-2.898315999999994
LA-VT,200908,2,persistence,reference_r3,222.114044,198.768989,200907,23.345055000000002
LA-VT,200909,3,persistence,reference_r3,336.066044,287.536237,200907,48.52980699999995
LA-VT,200910,1,persistence,reference_r3,90.19122700000004,204.543601,200910,-114.35237399999995
LA-VT,200911,2,persistence,reference_r3,88.37322699999999,299.916196,200910,-211.54296900000003
LA-VT,200912,3,persistence,reference_r3,70.84522700000002,225.463204,200910,-154.61797699999997
LA-XA,200801,1,persistence,reference_r3,0.2648749999999999,1.1108160000000002,200801,-0.8459410000000003
LA-XA,200802,2,persistence,reference_r3,0.2648749999999999,0.2130419999999999,200801,0.05183300000000002
LA-XA,200803,3,persistence,reference_r3,0.2648749999999999,0.1682739999999999,200801,0.09660100000000002
LA-XA,200804,1,persistence,reference_r3,0.01898,1.05403,200804,-1.03505
LA-XA,200805,2,persistence,reference_r3,1.67498,1.4987899999999996,200804,0.1761900000000003
LA-XA,200806,3,persistence,reference_r3,5.620979999999999,2.1744769999999995,200804,3.446503
LA-XA,200807,1,persistence,reference_r3,10.595703,11.302290999999997,200807,-0.7065879999999964
LA-XA,200808,2,persistence,reference_r3,2.3117029999999996,4.398085999999999,200807,-2.0863829999999997
LA-XA,200809,3,persistence,reference_r3,1.6937030000000002,2.9016810000000035,200807,-1.2079780000000033
LA-XA,200810,1,persistence,reference_r3,1.6142070000000002,1.5543209999999998,200810,0.05988600000000033
LA-XA,200811,2,persistence,reference_r3,0.874207,1.090963,200810,-0.21675599999999995
LA-XA,200812,3,persistence,reference_r3,0.3622069999999999,0.4136139999999999,200810,-0.051407000000000036
LA-XA,200901,1,persistence,reference_r3,0.367735,0.111623,200901,0.256112
LA-XA,200902,2,persistence,reference_r3,0.367735,0.039612,200901,0.328123
LA-XA,200903,3,persistence,reference_r3,0.367735,0.205743,200901,0.16199199999999997
LA-XA,200904,1,persistence,reference_r3,0.033086,0.307819,200904,-0.274733
LA-XA,200905,2,persistence,reference_r3,0.671086,1.071732,200904,-0.40064599999999995
LA-XA,200906,3,persistence,reference_r3,13.633086,5.569809,200904,8.063277
LA-XA,200907,1,persistence,reference_r3,6.312753000000001,5.943300000000001,200907,0.36945300000000003
LA-XA,200908,2,persistence,reference_r3,24.336753,25.179608,200907,-0.8428550000000001
LA-XA,200909,3,persistence,reference_r3,6.312753000000001,6.306405999999999,200907,0.006347000000001657
LA-XA,200910,1,persistence,reference_r3,2.5944010000000004,4.687617000000001,200910,-2.093216000000001
LA-XA,200911,2,persistence,reference_r3,2.5944010000000004,1.8435689999999996,200910,0.7508320000000008
LA-XA,200912,3,persistence,reference_r3,3.0544009999999995,1.3938480000000002,200910,1.6605529999999993
LA-XE,200801,1,persistence,reference_r3,0.331464,0.0203689999999999,200801,0.31109500000000007
LA-XE,200802,2,persistence,reference_r3,0.331464,0.008834,200801,0.32263
LA-XE,200803,3,persistence,reference_r3,0.331464,0.004821,200801,0.32664299999999996
LA-XE,200804,1,persistence,reference_r3,0.031464,0.0298869999999999,200804,0.0015770000000000992
LA-XE,200805,2,persistence,reference_r3,0.031464,0.045142,200804,-0.013678000000000003
LA-XE,200806,3,persistence,reference_r3,4.631464,3.906143,200804,0.7253210000000001
LA-XE,200807,1,persistence,reference_r3,0.2715540000000001,0.4150019999999994,200807,-0.14344799999999935
LA-XE,200808,2,persistence,reference_r3,0.2715540000000001,0.5209220000000006,200807,-0.24936800000000048
LA-XE,200809,3,persistence,reference_r3,0.8975540000000004,0.6863719999999995,200807,0.21118200000000087
LA-XE,200810,1,persistence,reference_r3,0.0846519999999999,0.0584329999999999,200810,0.026218999999999992
LA-XE,200811,2,persistence,reference_r3,0.0846519999999999,0.04886,200810,0.03579199999999989
LA-XE,200812,3,persistence,reference_r3,0.7046520000000001,0.8194619999999999,200810,-0.11480999999999986
LA-XE,200901,1,persistence,reference_r3,0.393343,0.006439,200901,0.386904
LA-XE,200902,2,persistence,reference_r3,0.757343,1.877285,200901,-1.119942
LA-XE,200903,3,persistence,reference_r3,0.757343,1.74852,200901,-0.9911770000000001
LA-XE,200904,1,persistence,reference_r3,0.499234,0.524918,200904,-0.025683999999999985
LA-XE,200905,2,persistence,reference_r3,0.3112340000000001,0.995196,200904,-0.6839619999999998
LA-XE,200906,3,persistence,reference_r3,6.227234,6.082333,200904,0.14490099999999995
LA-XE,200907,1,persistence,reference_r3,16.139077999999998,27.104156,200907,-10.965078000000002
LA-XE,200908,2,persistence,reference_r3,14.313078,24.184106,200907,-9.871027999999999
LA-XE,200909,3,persistence,reference_r3,1.7770780000000004,4.707744999999999,200907,-2.930666999999999
LA-XE,200910,1,persistence,reference_r3,1.913529,2.7683170000000015,200910,-0.8547880000000014
LA-XE,200911,2,persistence,reference_r3,1.3275289999999995,2.766860000000001,200910,-1.4393310000000017
LA-XE,200912,3,persistence,reference_r3,1.913529,6.505773000000005,200910,-4.592244000000004
LA-XI,200801,1,persistence,reference_r3,0.002391,0.0005819999999999,200801,0.0018090000000001
LA-XI,200802,2,persistence,reference_r3,0.002391,8.099999999999948e-05,200801,0.0023100000000000004
LA-XI,200803,3,persistence,reference_r3,0.002391,0.0002899999999999,200801,0.0021010000000000997
LA-XI,200804,1,persistence,reference_r3,0.002391,0.001029,200804,0.001362
LA-XI,200805,2,persistence,reference_r3,0.002391,0.001223,200804,0.001168
LA-XI,200806,3,persistence,reference_r3,0.942391,0.927383,200804,0.015008000000000021
LA-XI,200807,1,persistence,reference_r3,0.475898,0.363836,200807,0.112062
LA-XI,200808,2,persistence,reference_r3,0.475898,0.4009730000000004,200807,0.07492499999999958
LA-XI,200809,3,persistence,reference_r3,0.475898,0.4440650000000001,200807,0.03183299999999989
LA-XI,200810,1,persistence,reference_r3,0.023906,0.0124549999999999,200810,0.0114510000000001
LA-XI,200811,2,persistence,reference_r3,0.023906,0.006938,200810,0.016968
LA-XI,200812,3,persistence,reference_r3,0.023906,0.001908,200810,0.021998
LA-XI,200901,1,persistence,reference_r3,0.002391,0.000855,200901,0.001536
LA-XI,200902,2,persistence,reference_r3,0.002391,0.0022,200901,0.00019099999999999976
LA-XI,200903,3,persistence,reference_r3,0.002391,0.0011419999999999,200901,0.0012490000000000999
LA-XI,200904,1,persistence,reference_r3,0.002391,0.000343,200904,0.002048
LA-XI,200905,2,persistence,reference_r3,38.620391,38.91347,200904,-0.29307899999999876
LA-XI,200906,3,persistence,reference_r3,32.632391,32.841024999999995,200904,-0.20863399999999643
LA-XI,200907,1,persistence,reference_r3,1.3035949999999978,0.6216379999999999,200907,0.6819569999999979
LA-XI,200908,2,persistence,reference_r3,9.231595000000002,7.786625000000001,200907,1.4449700000000014
LA-XI,200909,3,persistence,reference_r3,0.4635950000000015,0.1301489999999998,200907,0.3334460000000017
LA-XI,200910,1,persistence,reference_r3,0.004394,1.073362,200910,-1.068968
LA-XI,200911,2,persistence,reference_r3,0.004394,0.3366849999999999,200910,-0.3322909999999999
LA-XI,200912,3,persistence,reference_r3,0.004394,0.172367,200910,-0.16797299999999998
LA-AT,200801,1,persistence,reference_r4,3.629459,2.940606,200801,0.6888530000000004
LA-AT,200802,2,persistence,reference_r4,1.671459,1.257416,200801,0.41404299999999994
LA-AT,200803,3,persistence,reference_r4,0.019459,0.080566,200801,-0.061106999999999995
LA-AT,200804,1,persistence,reference_r4,0.015468,0.494324,200804,-0.478856
LA-AT,200805,2,persistence,reference_r4,3.639468,1.3447549999999997,200804,2.2947130000000002
LA-AT,200806,3,persistence,reference_r4,9.619468,3.709752,200804,5.9097159999999995
LA-AT,200807,1,persistence,reference_r4,2.9651810000000003,3.516498999999996,200807,-0.5513179999999958
LA-AT,200808,2,persistence,reference_r4,5.193181,6.484037999999998,200807,-1.2908569999999981
LA-AT,200809,3,persistence,reference_r4,13.631180999999998,16.688795,200807,-3.057614000000001
LA-AT,200810,1,persistence,reference_r4,18.220759,31.125575000000005,200810,-12.904816000000004
LA-AT,200811,2,persistence,reference_r4,15.516759000000002,35.459612,200810,-19.942853
LA-AT,200812,3,persistence,reference_r4,5.922759000000001,17.743806,200810,-11.821046999999998
LA-AT,200901,1,persistence,reference_r4,3.2493620000000005,8.205105,200901,-4.955742999999999
LA-AT,200902,2,persistence,reference_r4,16.903361999999998,36.638995,200901,-19.735633000000004
LA-AT,200903,3,persistence,reference_r4,46.529362,55.84772099999999,200901,-9.318358999999994
LA-AT,200904,1,persistence,reference_r4,17.635059999999996,50.889222,200904,-33.254162
LA-AT,200905,2,persistence,reference_r4,52.75106,50.47987100000002,200904,2.2711889999999855
LA-AT,200906,3,persistence,reference_r4,29.799059999999997,39.294937,200904,-9.495877
LA-AT,200907,1,persistence,reference_r4,53.070761000000005,48.063233,200907,5.007528000000008
LA-AT,200908,2,persistence,reference_r4,16.756761,14.612253999999998,200907,2.1445070000000026
LA-AT,200909,3,persistence,reference_r4,13.560761000000005,10.286309,200907,3.2744520000000055
LA-AT,200910,1,persistence,reference_r4,3.46218,6.444138000000002,200910,-2.9819580000000023
LA-AT,200911,2,persistence,reference_r4,12.792179999999998,6.378180999999998,200910,6.4139990000000004
LA-AT,200912,3,persistence,reference_r4,4.9421800000000005,4.568213,200910,0.3739670000000004
LA-BK,200801,1,persistence,reference_r4,0.723906,0.970225,200801,-0.24631899999999995
LA-BK,200802,2,persistence,reference_r4,0.023906,3.600000000000044e-05,200801,0.02387
LA-BK,200803,3,persistence,reference_r4,0.023906,4.900000000000043e-05,200801,0.023857
LA-BK,200804,1,persistence,reference_r4,0.023906,0.0042989999999999,200804,0.0196070000000001
LA-BK,200805,2,persistence,reference_r4,11.623906,11.532724,200804,0.09118199999999987
LA-BK,200806,3,persistence,reference_r4,52.623906,52.21612,200804,0.40778600000000154
LA-BK,200807,1,persistence,reference_r4,3.5125309999999956,1.815097999999999,200807,1.6974329999999966
LA-BK,200808,2,persistence,reference_r4,8.256531000000003,6.014073000000002,200807,2.242458000000001
LA-BK,200809,3,persistence,reference_r4,26.396531000000003,21.832803,200807,4.563728000000005
LA-BK,200810,1,persistence,reference_r4,31.705938999999997,23.075999999999993,200810,8.629939000000004
LA-BK,200811,2,persistence,reference_r4,36.82593899999999,48.554433,200810,-11.728494000000012
LA-BK,200812,3,persistence,reference_r4,5.101938999999998,3.0128570000000003,200810,2.0890819999999977
LA-BK,200901,1,persistence,reference_r4,1.4450170000000004,0.468653,200901,0.9763640000000005
LA-BK,200902,2,persistence,reference_r4,1.997017,0.393014,200901,1.604003
LA-BK,200903,3,persistence,reference_r4,1.4450170000000004,0.8515650000000003,200901,0.5934520000000001
LA-BK,200904,1,persistence,reference_r4,1.6136299999999997,1.3115760000000003,200904,0.3020539999999994
LA-BK,200905,2,persistence,reference_r4,72.31163,43.079332,200904,29.232297999999993
LA-BK,200906,3,persistence,reference_r4,214.31163,146.248686,200904,68.06294400000002
LA-BK,200907,1,persistence,reference_r4,122.745891,184.980924,200907,-62.23503299999999
LA-BK,200908,2,persistence,reference_r4,66.43789100000001,87.752117,200907,-21.31422599999999
LA-BK,200909,3,persistence,reference_r4,41.67189100000002,36.954396,200907,4.717495000000014
LA-BK,200910,1,persistence,reference_r4,16.435781999999996,20.29888799999999,200910,-3.863105999999995
LA-BK,200911,2,persistence,reference_r4,9.235782,14.316450000000003,200910,-5.080668000000003
LA-BK,200912,3,persistence,reference_r4,9.217782,4.118297999999999,200910,5.099484
LA-BL,200801,1,persistence,reference_r4,8.330135,5.386182,200801,2.9439530000000005
LA-BL,200802,2,persistence,reference_r4,5.3441350000000005,5.796976,200801,-0.4528409999999994
LA-BL,200803,3,persistence,reference_r4,0.3401349999999998,0.4501950000000001,200801,-0.11006000000000032
LA-BL,200804,1,persistence,reference_r4,1.725826,1.3802889999999994,200804,0.34553700000000065
LA-BL,200805,2,persistence,reference_r4,13.245826,5.112352000000001,200804,8.133473999999998
LA-BL,200806,3,persistence,reference_r4,17.243826,6.207605000000001,200804,11.036220999999998
LA-BL,200807,1,persistence,reference_r4,10.327266000000002,20.095872,200807,-9.768605999999998
LA-BL,200808,2,persistence,reference_r4,10.935266000000002,20.43022,200807,-9.494953999999996
LA-BL,200809,3,persistence,reference_r4,9.739266,18.198658,200807,-8.459391999999998
LA-BL,200810,1,persistence,reference_r4,13.267289,9.569141000000002,200810,3.698147999999998
LA-BL,200811,2,persistence,reference_r4,8.241289,4.0177179999999995,200810,4.223571000000001
LA-BL,200812,3,persistence,reference_r4,16.985289,0.957545,200810,16.027744000000002
LA-BL,200901,1,persistence,reference_r4,0.821397,0.741419,200901,0.079978
LA-BL,200902,2,persistence,reference_r4,1.5753970000000002,1.634331,200901,-0.05893399999999982
LA-BL,200903,3,persistence,reference_r4,0.3413969999999999,1.3598209999999995,200901,-1.0184239999999996
LA-BL,200904,1,persistence,reference_r4,1.643181,0.8033060000000001,200904,0.8398749999999999
LA-BL,200905,2,persistence,reference_r4,0.027181,3.7694420000000006,200904,-3.7422610000000005
LA-BL,200906,3,persistence,reference_r4,6.629181,5.676852,200904,0.9523289999999998
LA-BL,200907,1,persistence,reference_r4,27.53776,21.156795,200907,6.380965
LA-BL,200908,2,persistence,reference_r4,6.123759999999999,6.483022999999996,200907,-0.3592629999999968
LA-BL,200909,3,persistence,reference_r4,0.6617600000000001,4.902146999999999,200907,-4.240386999999999
LA-BL,200910,1,persistence,reference_r4,0.818222,5.2166650000000025,200910,-4.398443000000002
LA-BL,200911,2,persistence,reference_r4,1.730222,2.546054999999999,200910,-0.8158329999999991
LA-BL,200912,3,persistence,reference_r4,0.818222,0.6497229999999998,200910,0.16849900000000018
LA-CH,200801,1,persistence,reference_r4,8.929076000000002,28.152776,200801,-19.223699999999997
LA-CH,200802,2,persistence,reference_r4,17.575076,43.61334600000001,200801,-26.038270000000008
LA-CH,200803,3,persistence,reference_r4,18.905076,50.609132,200801,-31.704056
LA-CH,200804,1,persistence,reference_r4,15.323213,23.927628000000013,200804,-8.604415000000012
LA-CH,200805,2,persistence,reference_r4,14.027212999999998,52.145272999999975,200804,-38.11805999999998
LA-CH,200806,3,persistence,reference_r4,194.839213,100.50440699999996,200804,94.33480600000004
LA-CH,200807,1,persistence,reference_r4,65.01757500000001,94.05337899999996,200807,-29.035803999999956
LA-CH,200808,2,persistence,reference_r4,76.48357500000002,85.78397100000001,200807,-9.300395999999992
LA-CH,200809,3,persistence,reference_r4,53.703575000000015,115.38040200000005,200807,-61.67682700000003
LA-CH,200810,1,persistence,reference_r4,26.684580000000004,47.810489,200810,-21.125908999999993
LA-CH,200811,2,persistence,reference_r4,39.69258,48.590457,200810,-8.897877000000001
LA-CH,200812,3,persistence,reference_r4,57.66658,33.142876,200810,24.523704000000002
LA-CH,200901,1,persistence,reference_r4,30.826288,9.965995000000005,200901,20.860293
LA-CH,200902,2,persistence,reference_r4,15.034288,22.92292,200901,-7.888632000000001
LA-CH,200903,3,persistence,reference_r4,7.232288,21.302821,200901,-14.070533000000001
LA-CH,200904,1,persistence,reference_r4,29.966437,35.388784,200904,-5.422347000000002
LA-CH,200905,2,persistence,reference_r4,7.424436999999999,69.947291,200904,-62.52285400000001
LA-CH,200906,3,persistence,reference_r4,50.068437,86.26205299999998,200904,-36.19361599999998
LA-CH,200907,1,persistence,reference_r4,13.902496999999997,70.4814379999998,200907,-56.5789409999998
LA-CH,200908,2,persistence,reference_r4,13.664496999999995,63.963347,200907,-50.29885
LA-CH,200909,3,persistence,reference_r4,14.162497000000002,60.33935299999996,200907,-46.17685599999996
LA-CH,200910,1,persistence,reference_r4,27.094395,20.052890999999995,200910,7.041504000000003
LA-CH,200911,2,persistence,reference_r4,49.27039500000001,20.051798000000005,200910,29.218597000000003
LA-CH,200912,3,persistence,reference_r4,52.234395000000006,11.754171000000008,200910,40.480224
LA-HO,200801,1,persistence,reference_r4,0.475898,0.0038069999999999,200801,0.4720910000000001
LA-HO,200802,2,persistence,reference_r4,0.475898,0.000972,200801,0.474926
LA-HO,200803,3,persistence,reference_r4,0.475898,0.007387,200801,0.468511
LA-HO,200804,1,persistence,reference_r4,0.023906,0.006794,200804,0.017112000000000002
LA-HO,200805,2,persistence,reference_r4,0.023906,0.012212,200804,0.011694
LA-HO,200806,3,persistence,reference_r4,0.023906,0.0083169999999999,200804,0.0155890000000001
LA-HO,200807,1,persistence,reference_r4,0.002391,0.4168439999999993,200807,-0.41445299999999935
LA-HO,200808,2,persistence,reference_r4,0.002391,0.4448109999999996,200807,-0.44241999999999965
LA-HO,200809,3,persistence,reference_r4,0.942391,0.6829420000000006,200807,0.2594489999999994
LA-HO,200810,1,persistence,reference_r4,0.475898,0.064409,200810,0.411489
LA-HO,200811,2,persistence,reference_r4,0.475898,0.0059799999999999,200810,0.4699180000000001
LA-HO,200812,3,persistence,reference_r4,0.211898,0.91401,200810,-0.702112
LA-HO,200901,1,persistence,reference_r4,0.393343,0.0125029999999999,200901,0.3808400000000001
LA-HO,200902,2,persistence,reference_r4,0.393343,0.026476,200901,0.366867
LA-HO,200903,3,persistence,reference_r4,0.393343,0.031278,200901,0.36206499999999997
LA-HO,200904,1,persistence,reference_r4,0.023906,0.0052949999999999,200904,0.0186110000000001
LA-HO,200905,2,persistence,reference_r4,0.023906,0.011554,200904,0.012352
LA-HO,200906,3,persistence,reference_r4,0.023906,0.040711,200904,-0.016804999999999997
LA-HO,200907,1,persistence,reference_r4,0.002391,0.3862110000000003,200907,-0.3838200000000003
LA-HO,200908,2,persistence,reference_r4,0.002391,0.5098350000000007,200907,-0.5074440000000007
LA-HO,200909,3,persistence,reference_r4,0.942391,0.7183229999999998,200907,0.22406800000000016
LA-HO,200910,1,persistence,reference_r4,0.211898,0.5770949999999999,200910,-0.3651969999999999
LA-HO,200911,2,persistence,reference_r4,0.211898,0.711921,200910,-0.500023
LA-HO,200912,3,persistence,reference_r4,0.211898,0.861452,200910,-0.649554
LA-KH,200801,1,persistence,reference_r4,0.02368,0.7286899999999998,200801,-0.7050099999999998
LA-KH,200802,2,persistence,reference_r4,0.02368,0.095881,200801,-0.07220099999999999
LA-KH,200803,3,persistence,reference_r4,0.02368,0.085457,200801,-0.061777000000000006
LA-KH,200804,1,persistence,reference_r4,0.019719,0.483166,200804,-0.463447
LA-KH,200805,2,persistence,reference_r4,0.019719,1.1827940000000003,200804,-1.1630750000000003
LA-KH,200806,3,persistence,reference_r4,0.753719,2.609496,200804,-1.855777
LA-KH,200807,1,persistence,reference_r4,1.523898,3.5866049999999987,200807,-2.0627069999999987
LA-KH,200808,2,persistence,reference_r4,0.475898,4.534191999999997,200807,-4.058293999999997
LA-KH,200809,3,persistence,reference_r4,2.4858979999999997,4.3197059999999965,200807,-1.8338079999999968
LA-KH,200810,1,persistence,reference_r4,0.8358370000000006,0.6818619999999997,200810,0.15397500000000086
LA-KH,200811,2,persistence,reference_r4,1.5878370000000004,1.625334,200810,-0.03749699999999967
LA-KH,200812,3,persistence,reference_r4,2.097837,3.2899749999999996,200810,-1.1921379999999995
LA-KH,200901,1,persistence,reference_r4,1.01939,0.053555,200901,0.965835
LA-KH,200902,2,persistence,reference_r4,1.01939,0.0262599999999999,200901,0.9931300000000001
LA-KH,200903,3,persistence,reference_r4,2.75139,4.688714,200901,-1.9373240000000003
LA-KH,200904,1,persistence,reference_r4,0.8084749999999996,0.3390330000000001,200904,0.4694419999999995
LA-KH,200905,2,persistence,reference_r4,3.570474999999999,2.229423,200904,1.341051999999999
LA-KH,200906,3,persistence,reference_r4,69.688475,64.261183,200904,5.427291999999994
LA-KH,200907,1,persistence,reference_r4,120.177069,111.68224499999997,200907,8.494824000000037
LA-KH,200908,2,persistence,reference_r4,246.421069,238.622588,200907,7.798480999999981
LA-KH,200909,3,persistence,reference_r4,223.72906900000004,212.138103,200907,11.590966000000037
LA-KH,200910,1,persistence,reference_r4,59.31412399999999,41.99305699999999,200910,17.321067
LA-KH,200911,2,persistence,reference_r4,52.600123999999994,23.480333,200910,29.119790999999992
LA-KH,200912,3,persistence,reference_r4,54.124123999999995,31.461151,200910,22.662972999999994
LA-LM,200801,1,persistence,reference_r4,0.002391,0.0001449999999999,200801,0.0022460000000001
LA-LM,200802,2,persistence,reference_r4,0.002391,6.399999999999982e-05,200801,0.002327
LA-LM,200803,3,persistence,reference_r4,0.002391,3.600000000000044e-05,200801,0.0023549999999999995
LA-LM,200804,1,persistence,reference_r4,0.002391,0.0002249999999999,200804,0.0021660000000000997
LA-LM,200805,2,persistence,reference_r4,0.002391,0.0019169999999999,200804,0.0004740000000001
LA-LM,200806,3,persistence,reference_r4,0.002391,0.0028719999999999,200804,-0.0004809999999998999
LA-LM,200807,1,persistence,reference_r4,0.002391,0.9857340000000008,200807,-0.9833430000000007
LA-LM,200808,2,persistence,reference_r4,0.002391,0.5268149999999991,200807,-0.5244239999999991
LA-LM,200809,3,persistence,reference_r4,0.002391,0.8116540000000008,200807,-0.8092630000000007
LA-LM,200810,1,persistence,reference_r4,0.002391,0.0282749999999999,200810,-0.0258839999999999
LA-LM,200811,2,persistence,reference_r4,0.002391,0.002547,200810,-0.0001559999999999999
LA-LM,200812,3,persistence,reference_r4,0.002391,0.0006259999999999,200810,0.0017650000000000998
LA-LM,200901,1,persistence,reference_r4,0.002391,0.0001449999999999,200901,0.0022460000000001
LA-LM,200902,2,persistence,reference_r4,0.002391,0.0001209999999999,200901,0.0022700000000001
LA-LM,200903,3,persistence,reference_r4,0.002391,0.0004879999999999,200901,0.0019030000000001
LA-LM,200904,1,persistence,reference_r4,0.942391,0.952581,200904,-0.010190000000000032
LA-LM,200905,2,persistence,reference_r4,0.002391,0.003375,200904,-0.000984
LA-LM,200906,3,persistence,reference_r4,1.900391,1.779479,200904,0.12091199999999991
LA-LM,200907,1,persistence,reference_r4,0.5251649999999999,1.060841,200907,-0.535676
LA-LM,200908,2,persistence,reference_r4,0.5091650000000001,1.3580590000000043,200907,-0.8488940000000043
LA-LM,200909,3,persistence,reference_r4,1.981165,2.5135840000000016,200907,-0.5324190000000015
LA-LM,200910,1,persistence,reference_r4,2.840144,2.8886710000000004,200910,-0.04852700000000043
LA-LM,200911,2,persistence,reference_r4,3.484144,4.443423,200910,-0.959279
LA-LM,200912,3,persistence,reference_r4,2.2381439999999997,3.463991,200910,-1.2258470000000004
LA-LP,200801,1,persistence,reference_r4,2.65538,0.8509699999999998,200801,1.8044100000000003
LA-LP,200802,2,persistence,reference_r4,8.88138,14.226982,200801,-5.3456019999999995
LA-LP,200803,3,persistence,reference_r4,14.70338,20.559279,200801,-5.855899000000001
LA-LP,200804,1,persistence,reference_r4,24.502973,17.089113,200804,7.41386
LA-LP,200805,2,persistence,reference_r4,95.354973,69.12398400000001,200804,26.230988999999994
LA-LP,200806,3,persistence,reference_r4,135.374973,83.551519,200804,51.82345400000001
LA-LP,200807,1,persistence,reference_r4,20.196752000000004,9.939164000000002,200807,10.257588000000002
LA-LP,200808,2,persistence,reference_r4,18.936751999999984,8.521204000000001,200807,10.415547999999983
LA-LP,200809,3,persistence,reference_r4,19.34875199999999,8.899235999999998,200807,10.449515999999992
LA-LP,200810,1,persistence,reference_r4,14.584063,16.340684000000003,200810,-1.7566210000000027
LA-LP,200811,2,persistence,reference_r4,94.882063,109.266509,200810,-14.384445999999997
LA-LP,200812,3,persistence,reference_r4,139.88206300000002,158.11663,200810,-18.23456699999997
LA-LP,200901,1,persistence,reference_r4,93.472676,7.373391999999999,200901,86.09928400000001
LA-LP,200902,2,persistence,reference_r4,93.472676,6.8481760000000005,200901,86.62450000000001
LA-LP,200903,3,persistence,reference_r4,93.472676,14.776713,200901,78.695963
LA-LP,200904,1,persistence,reference_r4,0.018721,11.220066,200904,-11.201345
LA-LP,200905,2,persistence,reference_r4,0.018721,35.441478000000004,200904,-35.422757000000004
LA-LP,200906,3,persistence,reference_r4,8.620721,70.76695899999999,200904,-62.14623799999998
LA-LP,200907,1,persistence,reference_r4,26.316697,20.183689,200907,6.133008
LA-LP,200908,2,persistence,reference_r4,28.134696999999996,19.869366999999997,200907,8.265329999999999
LA-LP,200909,3,persistence,reference_r4,299.12669700000004,275.812006,200907,23.31469100000004
LA-LP,200910,1,persistence,reference_r4,107.48031400000002,75.76743399999998,200910,31.71288000000004
LA-LP,200911,2,persistence,reference_r4,65.94431400000002,36.810936,200910,29.13337800000002
LA-LP,200912,3,persistence,reference_r4,34.85831400000001,5.227954,200910,29.630360000000007
LA-OU,200801,1,persistence,reference_r4,0.002391,0.0004419999999999,200801,0.0019490000000001
LA-OU,200802,2,persistence,reference_r4,0.002391,0.0002249999999999,200801,0.0021660000000000997
LA-OU,200803,3,persistence,reference_r4,0.002391,2.499999999999985e-05,200801,0.002366
LA-OU,200804,1,persistence,reference_r4,0.002391,0.000962,200804,0.001429
LA-OU,200805,2,persistence,reference_r4,0.002391,0.008625,200804,-0.006234000000000001
LA-OU,200806,3,persistence,reference_r4,0.002391,0.0110889999999999,200804,-0.0086979999999999
LA-OU,200807,1,persistence,reference_r4,0.002391,2.1414350000000013,200807,-2.1390440000000015
LA-OU,200808,2,persistence,reference_r4,0.002391,1.392761,200807,-1.3903699999999999
LA-OU,200809,3,persistence,reference_r4,0.002391,1.5584540000000011,200807,-1.556063000000001
LA-OU,200810,1,persistence,reference_r4,0.002391,0.035744,200810,-0.033353
LA-OU,200811,2,persistence,reference_r4,0.002391,0.0048789999999999,200810,-0.0024879999999999
LA-OU,200812,3,persistence,reference_r4,0.002391,0.001686,200810,0.0007049999999999999
LA-OU,200901,1,persistence,reference_r4,0.002391,8.099999999999948e-05,200901,0.0023100000000000004
LA-OU,200902,2,persistence,reference_r4,0.002391,0.0004889999999999,200901,0.0019020000000000998
LA-OU,200903,3,persistence,reference_r4,0.002391,0.0002559999999999,200901,0.0021350000000001
LA-OU,200904,1,persistence,reference_r4,0.002391,0.001093,200904,0.001298
LA-OU,200905,2,persistence,reference_r4,0.002391,0.0035089999999999,200904,-0.0011179999999998999
LA-OU,200906,3,persistence,reference_r4,0.002391,0.017178,200904,-0.014786999999999998
LA-OU,200907,1,persistence,reference_r4,0.002391,2.201894000000003,200907,-2.199503000000003
LA-OU,200908,2,persistence,reference_r4,0.942391,2.1174859999999995,200907,-1.1750949999999996
LA-OU,200909,3,persistence,reference_r4,14.696391,9.036583999999998,200907,5.6598070000000025
LA-OU,200910,1,persistence,reference_r4,3.9218850000000014,2.356514,200910,1.5653710000000012
LA-OU,200911,2,persistence,reference_r4,7.633885000000001,8.297554,200910,-0.6636689999999987
LA-OU,200912,3,persistence,reference_r4,10.737885,16.259750999999998,200910,-5.5218659999999975
LA-PH,200901,1,persistence,reference_r4,0.002391,0.008394,200901,-0.0060030000000000005
LA-PH,200902,2,persistence,reference_r4,0.002391,0.013747,200901,-0.011356000000000002
LA-PH,200903,3,persistence,reference_r4,0.002391,0.011909,200901,-0.009517999999999999
LA-PH,200904,1,persistence,reference_r4,0.002391,0.003346,200904,-0.0009550000000000001
LA-PH,200905,2,persistence,reference_r4,0.002391,0.0070159999999999,200904,-0.0046249999999999
LA-PH,200906,3,persistence,reference_r4,0.002391,0.0270019999999999,200904,-0.0246109999999999
LA-PH,200907,1,persistence,reference_r4,0.002391,0.2708350000000004,200907,-0.2684440000000004
LA-PH,200909,3,persistence,reference_r4,0.002391,0.3815790000000003,200907,-0.3791880000000003
LA-PH,200910,1,persistence,reference_r4,0.002391,0.0146899999999999,200910,-0.0122989999999999
LA-PH,200911,2,persistence,reference_r4,0.002391,0.007834,200910,-0.005443000000000001
LA-PH,200912,3,persistence,reference_r4,0.002391,0.000958,200910,0.0014329999999999998
LA-SL,200801,1,persistence,reference_r4,0.8383039999999999,0.8905020000000001,200801,-0.05219800000000019
LA-SL,200802,2,persistence,reference_r4,1.1143039999999995,0.3990359999999999,200801,0.7152679999999996
LA-SL,200803,3,persistence,reference_r4,3.1163039999999995,3.711126,200801,-0.5948220000000006
LA-SL,200804,1,persistence,reference_r4,1.4566819999999998,0.8232109999999997,200804,0.6334710000000001
LA-SL,200805,2,persistence,reference_r4,96.162682,88.017715,200804,8.144967000000008
LA-SL,200806,3,persistence,reference_r4,216.508682,182.706523,200804,33.80215899999999
LA-SL,200807,1,persistence,reference_r4,56.446236,49.287558,200807,7.158678000000002
LA-SL,200808,2,persistence,reference_r4,48.326235999999994,40.490459,200807,7.835776999999993
LA-SL,200809,3,persistence,reference_r4,60.362236,55.946118,200807,4.416118000000004
LA-SL,200810,1,persistence,reference_r4,59.302918000000005,37.46216799999999,200810,21.840750000000014
LA-SL,200811,2,persistence,reference_r4,16.726917999999998,7.654614,200810,9.072303999999999
LA-SL,200812,3,persistence,reference_r4,11.062917999999996,2.8154619999999992,200810,8.247455999999996
LA-SL,200901,1,persistence,reference_r4,3.974114,1.3520469999999998,200901,2.6220670000000004
LA-SL,200902,2,persistence,reference_r4,13.068114,19.347832,200901,-6.279718000000001
LA-SL,200903,3,persistence,reference_r4,14.038114,13.138766,200901,0.8993479999999998
LA-SL,200904,1,persistence,reference_r4,9.552053,5.792517,200904,3.7595360000000007
LA-SL,200905,2,persistence,reference_r4,87.13005299999999,43.786785,200904,43.34326799999999
LA-SL,200906,3,persistence,reference_r4,22.828053,32.51208700000001,200904,-9.684034000000008
LA-SL,200907,1,persistence,reference_r4,111.63495,115.68452800000004,200907,-4.049578000000039
LA-SL,200908,2,persistence,reference_r4,81.05895000000001,88.35168499999999,200907,-7.292734999999979
LA-SL,200909,3,persistence,reference_r4,53.45095,59.12957999999999,200907,-5.678629999999991
LA-SL,200910,1,persistence,reference_r4,29.447606000000007,35.440118999999996,200910,-5.992512999999988
LA-SL,200911,2,persistence,reference_r4,19.925606,18.679802999999993,200910,1.2458030000000058
LA-SL,200912,3,persistence,reference_r4,25.035606,6.863837,200910,18.171769
LA-SV,200801,1,persistence,reference_r4,0.708358,5.560211000000001,200801,-4.851853
LA-SV,200802,2,persistence,reference_r4,0.708358,1.067894,200801,-0.35953599999999986
LA-SV,200803,3,persistence,reference_r4,0.708358,0.5567249999999999,200801,0.15163300000000013
LA-SV,200804,1,persistence,reference_r4,0.2601569999999999,3.5868529999999996,200804,-3.3266959999999997
LA-SV,200805,2,persistence,reference_r4,0.414157,8.025956,200804,-7.611799
LA-SV,200806,3,persistence,reference_r4,8.278157,26.666359000000007,200804,-18.388202000000007
LA-SV,200807,1,persistence,reference_r4,4.223967000000001,22.286722000000022,200807,-18.06275500000002
LA-SV,200808,2,persistence,reference_r4,2.271967000000001,22.32373799999999,200807,-20.05177099999999
LA-SV,200809,3,persistence,reference_r4,2.3579669999999995,20.55244700000003,200807,-18.19448000000003
LA-SV,200810,1,persistence,reference_r4,6.847518999999999,3.898237,200810,2.9492819999999993
LA-SV,200811,2,persistence,reference_r4,0.707519,0.7242839999999999,200810,-0.01676499999999992
LA-SV,200812,3,persistence,reference_r4,0.6475190000000002,0.333579,200810,0.31394000000000016
LA-SV,200901,1,persistence,reference_r4,0.026358,0.071555,200901,-0.045196999999999994
LA-SV,200902,2,persistence,reference_r4,0.026358,0.0200209999999999,200901,0.0063370000000000995
LA-SV,200903,3,persistence,reference_r4,0.026358,0.1542179999999999,200901,-0.12785999999999992
LA-SV,200904,1,persistence,reference_r4,0.02112,0.193397,200904,-0.172277
LA-SV,200905,2,persistence,reference_r4,0.02112,1.2508590000000002,200904,-1.2297390000000001
LA-SV,200906,3,persistence,reference_r4,0.74312,1.6801389999999996,200904,-0.9370189999999996
LA-SV,200907,1,persistence,reference_r4,11.475898,29.44706099999996,200907,-17.971162999999958
LA-SV,200908,2,persistence,reference_r4,32.475898,32.6685369999999,200907,-0.1926389999999003
LA-SV,200909,3,persistence,reference_r4,46.475898,33.06885599999998,200907,13.407042000000018
LA-SV,200910,1,persistence,reference_r4,10.503741999999995,7.280832999999998,200910,3.222908999999998
LA-SV,200911,2,persistence,reference_r4,14.015741999999996,13.82403,200910,0.19171199999999544
LA-SV,200912,3,persistence,reference_r4,11.403742,1.628926,200910,9.774816
LA-VT,200801,1,persistence,reference_r4,51.350280999999995,10.804989,200801,40.545291999999996
LA-VT,200802,2,persistence,reference_r4,68.34028099999999,3.935292000000001,200801,64.40498899999999
LA-VT,200803,3,persistence,reference_r4,54.344280999999995,16.116372,200801,38.227909
LA-VT,200804,1,persistence,reference_r4,12.199369,11.139016000000002,200804,1.0603529999999992
LA-VT,200805,2,persistence,reference_r4,4.579369,24.815482000000003,200804,-20.236113000000003
LA-VT,200806,3,persistence,reference_r4,25.827368999999997,79.70156100000003,200804,-53.87419200000003
LA-VT,200807,1,persistence,reference_r4,57.875534,87.0091829999999,200807,-29.13364899999989
LA-VT,200808,2,persistence,reference_r4,67.005534,87.64179200000001,200807,-20.636258000000012
LA-VT,200809,3,persistence,reference_r4,78.173534,97.86658499999989,200807,-19.693050999999883
LA-VT,200810,1,persistence,reference_r4,31.379588,36.63253,200810,-5.252942000000004
LA-VT,200811,2,persistence,reference_r4,32.061588,60.17981900000001,200810,-28.11823100000001
LA-VT,200812,3,persistence,reference_r4,31.787588,51.16511799999999,200810,-19.377529999999993
LA-VT,200901,1,persistence,reference_r4,37.725657,21.761033,200901,15.964623999999997
LA-VT,200902,2,persistence,reference_r4,55.637657,12.86546,200901,42.772197
LA-VT,200903,3,persistence,reference_r4,56.637657,6.215401000000002,200901,50.422256
LA-VT,200904,1,persistence,reference_r4,9.878301,10.969666999999998,200904,-1.0913659999999972
LA-VT,200905,2,persistence,reference_r4,29.714301000000003,110.53592700000002,200904,-80.82162600000001
LA-VT,200906,3,persistence,reference_r4,79.67630100000001,169.85351799999995,200904,-90.17721699999994
LA-VT,200907,1,persistence,reference_r4,168.360044,173.05869499999994,200907,-4.6986509999999555
LA-VT,200908,2,persistence,reference_r4,222.114044,210.0005450000001,200907,12.113498999999905
LA-VT,200909,3,persistence,reference_r4,336.066044,275.74755000000005,200907,60.31849399999993
LA-VT,200910,1,persistence,reference_r4,90.19122700000004,200.38036600000004,200910,-110.189139
LA-VT,200911,2,persistence,reference_r4,88.37322699999999,247.218792,200910,-158.84556500000002
LA-VT,200912,3,persistence,reference_r4,70.84522700000002,237.076923,200910,-166.23169599999997
LA-XA,200801,1,persistence,reference_r4,0.2648749999999999,0.937917,200801,-0.6730420000000001
LA-XA,200802,2,persistence,reference_r4,0.2648749999999999,0.246032,200801,0.018842999999999915
LA-XA,200803,3,persistence,reference_r4,0.2648749999999999,0.156616,200801,0.10825899999999991
LA-XA,200804,1,persistence,reference_r4,0.01898,0.7415020000000001,200804,-0.7225220000000001
LA-XA,200805,2,persistence,reference_r4,1.67498,1.219445,200804,0.455535
LA-XA,200806,3,persistence,reference_r4,5.620979999999999,2.2266060000000003,200804,3.394373999999999
LA-XA,200807,1,persistence,reference_r4,10.595703,11.749201,200807,-1.153497999999999
LA-XA,200808,2,persistence,reference_r4,2.3117029999999996,4.581992,200807,-2.270289
LA-XA,200809,3,persistence,reference_r4,1.6937030000000002,3.108659000000003,200807,-1.4149560000000028
LA-XA,200810,1,persistence,reference_r4,1.6142070000000002,1.6035130000000004,200810,0.01069399999999976
LA-XA,200811,2,persistence,reference_r4,0.874207,0.7189270000000003,200810,0.15527999999999964
LA-XA,200812,3,persistence,reference_r4,0.3622069999999999,0.38409,200810,-0.021883000000000097
LA-XA,200901,1,persistence,reference_r4,0.367735,0.07726,200901,0.290475
LA-XA,200902,2,persistence,reference_r4,0.367735,0.04674,200901,0.320995
LA-XA,200903,3,persistence,reference_r4,0.367735,0.2377779999999999,200901,0.12995700000000007
LA-XA,200904,1,persistence,reference_r4,0.033086,0.354928,200904,-0.321842
LA-XA,200905,2,persistence,reference_r4,0.671086,1.100982,200904,-0.42989599999999994
LA-XA,200906,3,persistence,reference_r4,13.633086,5.649157999999999,200904,7.9839280000000015
LA-XA,200907,1,persistence,reference_r4,6.312753000000001,6.153162000000002,200907,0.15959099999999893
LA-XA,200908,2,persistence,reference_r4,24.336753,22.79703300000001,200907,1.539719999999992
LA-XA,200909,3,persistence,reference_r4,6.312753000000001,6.221546999999994,200907,0.09120600000000678
LA-XA,200910,1,persistence,reference_r4,2.5944010000000004,4.338903000000002,200910,-1.7445020000000016
LA-XA,200911,2,persistence,reference_r4,2.5944010000000004,2.590086000000001,200910,0.004314999999999181
LA-XA,200912,3,persistence,reference_r4,3.0544009999999995,1.2576079999999998,200910,1.7967929999999996
LA-XE,200801,1,persistence,reference_r4,0.331464,0.0150889999999999,200801,0.3163750000000001
LA-XE,200802,2,persistence,reference_r4,0.331464,0.003747,200801,0.327717
LA-XE,200803,3,persistence,reference_r4,0.331464,0.003433,200801,0.32803099999999996
LA-XE,200804,1,persistence,reference_r4,0.031464,0.011745,200804,0.019719
LA-XE,200805,2,persistence,reference_r4,0.031464,0.0455329999999999,200804,-0.014068999999999901
LA-XE,200806,3,persistence,reference_r4,4.631464,3.991869,200804,0.6395950000000004
LA-XE,200807,1,persistence,reference_r4,0.2715540000000001,0.5954490000000003,200807,-0.32389500000000027
LA-XE,200808,2,persistence,reference_r4,0.2715540000000001,0.6949640000000006,200807,-0.4234100000000005
LA-XE,200809,3,persistence,reference_r4,0.8975540000000004,0.7518729999999998,200807,0.14568100000000062
LA-XE,200810,1,persistence,reference_r4,0.0846519999999999,0.0478549999999999,200810,0.036796999999999996
LA-XE,200811,2,persistence,reference_r4,0.0846519999999999,0.009837,200810,0.0748149999999999
LA-XE,200812,3,persistence,reference_r4,0.7046520000000001,0.867007,200810,-0.16235499999999992
LA-XE,200901,1,persistence,reference_r4,0.393343,0.004179,200901,0.389164
LA-XE,200902,2,persistence,reference_r4,0.757343,1.872963,200901,-1.1156199999999998
LA-XE,200903,3,persistence,reference_r4,0.757343,1.755906,200901,-0.998563
LA-XE,200904,1,persistence,reference_r4,0.499234,0.5126379999999999,200904,-0.013403999999999916
LA-XE,200905,2,persistence,reference_r4,0.3112340000000001,0.967369,200904,-0.6561349999999999
LA-XE,200906,3,persistence,reference_r4,6.227234,5.750561,200904,0.4766729999999999
LA-XE,200907,1,persistence,reference_r4,16.139077999999998,24.309591,200907,-8.170513000000003
LA-XE,200908,2,persistence,reference_r4,14.313078,21.774364,200907,-7.461285999999998
LA-XE,200909,3,persistence,reference_r4,1.7770780000000004,3.804416,200907,-2.0273379999999994
LA-XE,200910,1,persistence,reference_r4,1.913529,3.00741,200910,-1.093881
LA-XE,200911,2,persistence,reference_r4,1.3275289999999995,9.003909,200910,-7.676380000000001
LA-XE,200912,3,persistence,reference_r4,1.913529,8.447728999999995,200910,-6.534199999999995
LA-XI,200801,1,persistence,reference_r4,0.002391,0.0004849999999999,200801,0.0019060000000000999
LA-XI,200802,2,persistence,reference_r4,0.002391,0.0001709999999999,200801,0.0022200000000001
LA-XI,200803,3,persistence,reference_r4,0.002391,0.00047,200801,0.001921
LA-XI,200804,1,persistence,reference_r4,0.002391,0.0003869999999999,200804,0.0020040000000001
LA-XI,200805,2,persistence,reference_r4,0.002391,0.00085,200804,0.0015409999999999998
LA-XI,200806,3,persistence,reference_r4,0.942391,0.929361,200804,0.013029999999999986
LA-XI,200807,1,persistence,reference_r4,0.475898,0.2423799999999998,200807,0.2335180000000002
LA-XI,200808,2,persistence,reference_r4,0.475898,0.3010999999999999,200807,0.17479800000000006
LA-XI,200809,3,persistence,reference_r4,0.475898,0.3256429999999994,200807,0.15025500000000058
LA-XI,200810,1,persistence,reference_r4,0.023906,0.017068,200810,0.006838
LA-XI,200811,2,persistence,reference_r4,0.023906,0.002919,200810,0.020987
LA-XI,200812,3,persistence,reference_r4,0.023906,0.0006509999999999,200810,0.0232550000000001
LA-XI,200901,1,persistence,reference_r4,0.002391,0.001391,200901,0.0009999999999999998
LA-XI,200902,2,persistence,reference_r4,0.002391,0.0011069999999999,200901,0.0012840000000001
LA-XI,200903,3,persistence,reference_r4,0.002391,0.000858,200901,0.0015329999999999999
LA-XI,200904,1,persistence,reference_r4,0.002391,0.0003319999999999,200904,0.0020590000000001
LA-XI,200905,2,persistence,reference_r4,38.620391,38.930877,200904,-0.3104860000000045
LA-XI,200906,3,persistence,reference_r4,32.632391,32.83178,200904,-0.1993890000000036
LA-XI,200907,1,persistence,reference_r4,1.3035949999999978,0.6791850000000004,200907,0.6244099999999975
LA-XI,200908,2,persistence,reference_r4,9.231595000000002,6.871492,200907,2.3601030000000023
LA-XI,200909,3,persistence,reference_r4,0.4635950000000015,0.4909029999999994,200907,-0.027307999999997945
LA-XI,200910,1,persistence,reference_r4,0.004394,0.8932059999999997,200910,-0.8888119999999997
LA-XI,200911,2,persistence,reference_r4,0.004394,0.4608449999999999,200910,-0.4564509999999999
LA-XI,200912,3,persistence,reference_r4,0.004394,0.1687619999999999,200910,-0.1643679999999999
LA-AT,200801,1,climatology,reference,4.0,2.8567205,200801,1.1432794999999998
LA-AT,200802,2,climatology,reference,1.63,1.2271735,200801,0.4028265
LA-AT,200803,3,climatology,reference,0.0,0.07830275,200801,-0.07830275
LA-AT,200804,1,climatology,reference,0.02,0.50567575,200804,-0.48567574999999996
LA-AT,200805,2,climatology,reference,3.45,1.56358275,200804,1.8864172500000003
LA-AT,200806,3,climatology,reference,8.86,4.13374575,200804,4.726254249999999
LA-AT,200807,1,climatology,reference,4.54,3.5250217500000014,200807,1.0149782499999986
LA-AT,200808,2,climatology,reference,9.47,6.766005999999999,200807,2.7039940000000016
LA-AT,200809,3,climatology,reference,17.57,17.3033775,200807,0.26662250000000043
LA-AT,200810,1,climatology,reference,38.95,30.770417750000004,200810,8.17958225
LA-AT,200811,2,climatology,reference,43.0,33.719483249999996,200810,9.280516750000004
LA-AT,200812,3,climatology,reference,22.28,17.15468825,200810,5.125311750000002
LA-AT,200901,1,climatology,reference,17.305124,8.29974025,200901,9.00538375
LA-AT,200902,2,climatology,reference,45.164529,38.76478525,200901,6.399743749999999
LA-AT,200903,3,climatology,reference,77.0,58.79363725,200901,18.206362749999997
LA-AT,200904,1,climatology,reference,98.652562,50.53175225,200904,48.12080975000001
LA-AT,200905,2,climatology,reference,0.1242149999999999,48.4498705,200904,-48.3256555
LA-AT,200906,3,climatology,reference,21.319868,39.38997125,200904,-18.070103250000003
LA-AT,200907,1,climatology,reference,61.750116,48.98766975,200907,12.762446249999996
LA-AT,200908,2,climatology,reference,17.823736,14.9626135,200907,2.8611225000000005
LA-AT,200909,3,climatology,reference,10.060613,10.2212285,200907,-0.16061550000000047
LA-AT,200910,1,climatology,reference,4.830283999999999,6.4422120000000005,200910,-1.6119280000000016
LA-AT,200911,2,climatology,reference,13.444083,6.16758375,200910,7.276499249999999
LA-AT,200912,3,climatology,reference,4.502959,5.693875249999999,200910,-1.190916249999999
LA-BK,200801,1,climatology,reference,0.81,0.95601925,200801,-0.14601924999999993
LA-BK,200802,2,climatology,reference,0.01,4.6500000000000046e-05,200801,0.0099535
LA-BK,200803,3,climatology,reference,0.01,2.8000000000000247e-05,200801,0.009972
LA-BK,200804,1,climatology,reference,0.01,0.0264175,200804,-0.0164175
LA-BK,200805,2,climatology,reference,11.64,10.713214999999998,200804,0.9267850000000024
LA-BK,200806,3,climatology,reference,52.17,50.8679235,200804,1.3020764999999983
LA-BK,200807,1,climatology,reference,0.6600000000000001,1.96930125,200807,-1.3093012499999999
LA-BK,200808,2,climatology,reference,6.84,5.856817999999999,200807,0.9831820000000011
LA-BK,200809,3,climatology,reference,29.34,21.43587975,200807,7.904120249999998
LA-BK,200810,1,climatology,reference,44.92,21.940763500000003,200810,22.9792365
LA-BK,200811,2,climatology,reference,55.0,47.66615875,200810,7.333841249999999
LA-BK,200812,3,climatology,reference,5.0,2.97199575,200810,2.02800425
LA-BK,200901,1,climatology,reference,0.6691239999999999,0.45439075,200901,0.21473324999999993
LA-BK,200902,2,climatology,reference,0.0082809999999999,0.30116375,200901,-0.2928827500000001
LA-BK,200903,3,climatology,reference,0.826281,0.6673817500000001,200901,0.15889924999999994
LA-BK,200904,1,climatology,reference,2.826281,1.287469,200904,1.5388119999999998
LA-BK,200905,2,climatology,reference,71.61762,43.308491,200904,28.309129000000006
LA-BK,200906,3,climatology,reference,206.10648,146.54898674999998,200904,59.55749325000002
LA-BK,200907,1,climatology,reference,209.635455,188.15685825,200907,21.47859675000001
LA-BK,200908,2,climatology,reference,106.650017,90.8190615,200907,15.830955500000002
LA-BK,200909,3,climatology,reference,43.240067,38.901625249999995,200907,4.338441750000008
LA-BK,200910,1,climatology,reference,23.210034,20.581325999999997,200910,2.628708000000003
LA-BK,200911,2,climatology,reference,4.5454550000000005,12.810468749999998,200910,-8.265013749999998
LA-BK,200912,3,climatology,reference,3.313405,4.833049750000001,200910,-1.5196447500000008
LA-BL,200801,1,climatology,reference,5.6899999999999995,5.3708495,200801,0.3191504999999992
LA-BL,200802,2,climatology,reference,2.88,5.84484275,200801,-2.96484275
LA-BL,200803,3,climatology,reference,2.29,0.42230275,200801,1.86769725
LA-BL,200804,1,climatology,reference,2.8299999999999996,1.6217134999999998,200804,1.2082864999999998
LA-BL,200805,2,climatology,reference,9.2,6.6790910000000006,200804,2.5209089999999987
LA-BL,200806,3,climatology,reference,10.070000000000002,7.575282,200804,2.4947180000000024
LA-BL,200807,1,climatology,reference,27.62,20.087886249999997,200807,7.532113750000004
LA-BL,200808,2,climatology,reference,19.03,20.6089715,200807,-1.578971499999998
LA-BL,200809,3,climatology,reference,25.370000000000005,18.523956,200807,6.846044000000006
LA-BL,200810,1,climatology,reference,16.870000000000005,9.729708250000002,200810,7.140291750000003
LA-BL,200811,2,climatology,reference,6.290000000000001,4.276498999999999,200810,2.0135010000000015
LA-BL,200812,3,climatology,reference,2.05,0.9770205,200810,1.0729794999999998
LA-BL,200901,1,climatology,reference,0.7038849999999999,0.7456575000000001,200901,-0.04177250000000021
LA-BL,200902,2,climatology,reference,0.926381,1.68273325,200901,-0.7563522500000001
LA-BL,200903,3,climatology,reference,2.5287120000000005,1.1302832499999995,200901,1.398428750000001
LA-BL,200904,1,climatology,reference,2.7938859999999996,0.8048480000000001,200904,1.9890379999999994
LA-BL,200905,2,climatology,reference,17.157429000000004,3.829161000000001,200904,13.328268000000003
LA-BL,200906,3,climatology,reference,16.873330000000003,5.61813075,200904,11.255199250000004
LA-BL,200907,1,climatology,reference,20.996472,21.985704500000004,200907,-0.9892325000000035
LA-BL,200908,2,climatology,reference,33.260011999999996,6.174969249999998,200907,27.08504275
LA-BL,200909,3,climatology,reference,41.130528,4.862042999999998,200907,36.268485
LA-BL,200910,1,climatology,reference,17.210586000000003,5.49467175,200910,11.715914250000003
LA-BL,200911,2,climatology,reference,11.201476,2.1073274999999994,200910,9.0941485
LA-BL,200912,3,climatology,reference,1.6965139999999996,0.712077,200910,0.9844369999999997
LA-CH,200801,1,climatology,reference,47.5,29.3396385,200801,18.1603615
LA-CH,200802,2,climatology,reference,53.03999999999999,43.54995375,200801,9.490046249999992
LA-CH,200803,3,climatology,reference,50.58,50.399487500000006,200801,0.18051249999999186
LA-CH,200804,1,climatology,reference,31.85,27.6368465,200804,4.213153500000001
LA-CH,200805,2,climatology,reference,38.959999999999994,52.862192500000006,200804,-13.902192500000012
LA-CH,200806,3,climatology,reference,127.17000000000002,122.0008095,200804,5.169190500000013
LA-CH,200807,1,climatology,reference,41.25,96.85658924999996,200807,-55.606589249999956
LA-CH,200808,2,climatology,reference,42.510000000000005,88.99043875000001,200807,-46.480438750000005
LA-CH,200809,3,climatology,reference,49.599999999999994,120.46265225,200807,-70.86265225000001
LA-CH,200810,1,climatology,reference,37.669999999999995,47.67266175,200810,-10.002661750000009
LA-CH,200811,2,climatology,reference,41.07000000000001,44.33711,200810,-3.2671099999999953
LA-CH,200812,3,climatology,reference,33.34,32.772664750000004,200810,0.5673352499999993
LA-CH,200901,1,climatology,reference,10.890717,10.049703,200901,0.8410140000000013
LA-CH,200902,2,climatology,reference,19.093116999999996,25.96861525,200901,-6.875498250000003
LA-CH,200903,3,climatology,reference,21.42854,21.53617675,200901,-0.1076367499999975
LA-CH,200904,1,climatology,reference,53.487149,36.957363,200904,16.529786
LA-CH,200905,2,climatology,reference,19.053490000000004,75.32216250000002,200904,-56.268672500000015
LA-CH,200906,3,climatology,reference,30.695037999999997,79.6897195,200904,-48.9946815
LA-CH,200907,1,climatology,reference,45.004213,71.15796999999995,200907,-26.15375699999995
LA-CH,200908,2,climatology,reference,44.17307600000001,65.9228705,200907,-21.749794499999993
LA-CH,200909,3,climatology,reference,32.110839000000006,61.406306249999965,200907,-29.29546724999996
LA-CH,200910,1,climatology,reference,23.227603,20.148328999999997,200910,3.0792740000000016
LA-CH,200911,2,climatology,reference,12.418226999999998,16.137065750000005,200910,-3.718838750000007
LA-CH,200912,3,climatology,reference,14.757385999999997,12.705397,200910,2.051988999999997
LA-HO,200801,1,climatology,reference,0.01,0.0033932499999999,200801,0.0066067500000001
LA-HO,200802,2,climatology,reference,0.01,0.00093875,200801,0.00906125
LA-HO,200803,3,climatology,reference,0.01,0.0085314999999999,200801,0.0014685000000001
LA-HO,200804,1,climatology,reference,0.01,0.013471,200804,-0.003471
LA-HO,200805,2,climatology,reference,0.0,0.022683,200804,-0.022683
LA-HO,200806,3,climatology,reference,0.0599999999999999,0.03302,200804,0.0269799999999999
LA-HO,200807,1,climatology,reference,0.1999999999999999,0.3769914999999997,200807,-0.1769914999999998
LA-HO,200808,2,climatology,reference,0.0,0.4492542499999994,200807,-0.4492542499999994
LA-HO,200809,3,climatology,reference,0.6900000000000002,0.7446340000000005,200807,-0.05463400000000029
LA-HO,200810,1,climatology,reference,0.02,0.06861625,200810,-0.04861625
LA-HO,200811,2,climatology,reference,0.0,0.00963075,200810,-0.00963075
LA-HO,200812,3,climatology,reference,0.65,0.8974147499999999,200810,-0.2474147499999999
LA-HO,200901,1,climatology,reference,0.0082809999999999,0.0162604999999999,200901,-0.0079795
LA-HO,200902,2,climatology,reference,0.0082809999999999,0.0244919999999999,200901,-0.016211
LA-HO,200903,3,climatology,reference,0.0082809999999999,0.02520025,200901,-0.0169192500000001
LA-HO,200904,1,climatology,reference,0.0082809999999999,0.00536225,200904,0.0029187499999998997
LA-HO,200905,2,climatology,reference,0.0,0.011925,200904,-0.011925
LA-HO,200906,3,climatology,reference,0.049686,0.0431117499999999,200904,0.006574250000000101
LA-HO,200907,1,climatology,reference,0.16562,0.2975690000000003,200907,-0.13194900000000032
LA-HO,200908,2,climatology,reference,0.0,0.4700382500000002,200907,-0.4700382500000002
LA-HO,200909,3,climatology,reference,0.5699339999999999,0.7268472499999997,200907,-0.15691324999999978
LA-HO,200910,1,climatology,reference,0.834562,0.5777009999999999,200910,0.2568610000000001
LA-HO,200911,2,climatology,reference,1.0,0.78325125,200910,0.21674875000000005
LA-HO,200912,3,climatology,reference,0.53681,0.87533575,200910,-0.33852574999999996
LA-KH,200801,1,climatology,reference,1.1499999999999997,0.7769425,200801,0.3730574999999997
LA-KH,200802,2,climatology,reference,0.1499999999999999,0.0899645,200801,0.06003549999999991
LA-KH,200803,3,climatology,reference,0.04,0.08083225,200801,-0.040832249999999994
LA-KH,200804,1,climatology,reference,0.1099999999999999,0.50089525,200804,-0.39089525000000014
LA-KH,200805,2,climatology,reference,1.38,1.0987155,200804,0.28128449999999994
LA-KH,200806,3,climatology,reference,8.940000000000001,2.6191885000000004,200804,6.320811500000001
LA-KH,200807,1,climatology,reference,35.06999999999999,4.206672750000001,200807,30.86332724999999
LA-KH,200808,2,climatology,reference,37.92,4.554646249999996,200807,33.365353750000004
LA-KH,200809,3,climatology,reference,14.089999999999996,4.605022999999997,200807,9.484976999999999
LA-KH,200810,1,climatology,reference,5.470000000000001,0.7503565,200810,4.719643500000001
LA-KH,200811,2,climatology,reference,1.4299999999999995,1.5314975000000002,200810,-0.10149750000000068
LA-KH,200812,3,climatology,reference,3.69,3.205132,200810,0.4848680000000001
LA-KH,200901,1,climatology,reference,0.9523149999999996,0.0789115,200901,0.8734034999999996
LA-KH,200902,2,climatology,reference,0.1242149999999999,0.0184859999999999,200901,0.10572899999999999
LA-KH,200903,3,climatology,reference,5.305124,4.757184,200901,0.5479400000000005
LA-KH,200904,1,climatology,reference,0.091091,0.36157825,200904,-0.27048724999999996
LA-KH,200905,2,climatology,reference,4.0487779999999995,2.211093,200904,1.8376849999999996
LA-KH,200906,3,climatology,reference,46.36775900000001,64.847896,200904,-18.480137
LA-KH,200907,1,climatology,reference,68.223464,116.86190075,200907,-48.63843675
LA-KH,200908,2,climatology,reference,171.36027,248.8047135,200907,-77.44444349999998
LA-KH,200909,3,climatology,reference,187.121383,223.44451925,200907,-36.323136250000005
LA-KH,200910,1,climatology,reference,57.593343,43.194995,200910,14.398347999999999
LA-KH,200911,2,climatology,reference,54.814001,21.677693499999997,200910,33.1363075
LA-KH,200912,3,climatology,reference,52.764233,29.364558,200910,23.399675
LA-LM,200801,1,climatology,reference,0.0,0.0001869999999999,200801,-0.0001869999999999
LA-LM,200802,2,climatology,reference,0.0,6.124999999999989e-05,200801,-6.124999999999989e-05
LA-LM,200803,3,climatology,reference,0.0499999999999999,2.3000000000000346e-05,200801,0.049976999999999897
LA-LM,200804,1,climatology,reference,0.01,0.0076832499999999,200804,0.0023167500000001
LA-LM,200805,2,climatology,reference,0.0,0.0507185,200804,-0.0507185
LA-LM,200806,3,climatology,reference,0.0,0.07468125,200804,-0.07468125
LA-LM,200807,1,climatology,reference,0.0499999999999999,0.9505770000000008,200807,-0.9005770000000008
LA-LM,200808,2,climatology,reference,0.0299999999999999,0.5011180000000002,200807,-0.47111800000000026
LA-LM,200809,3,climatology,reference,0.0,0.7134750000000003,200807,-0.7134750000000003
LA-LM,200810,1,climatology,reference,0.09,0.02528225,200810,0.06471774999999999
LA-LM,200811,2,climatology,reference,0.02,0.00321175,200810,0.01678825
LA-LM,200812,3,climatology,reference,0.0,0.0007694999999999,200810,-0.0007694999999999
LA-LM,200901,1,climatology,reference,0.0,0.0001122499999999,200901,-0.0001122499999999
LA-LM,200902,2,climatology,reference,0.0,0.0001109999999999,200901,-0.0001109999999999
LA-LM,200903,3,climatology,reference,0.041405,0.0004552499999999,200901,0.0409497500000001
LA-LM,200904,1,climatology,reference,0.826281,0.95552225,200904,-0.12924124999999997
LA-LM,200905,2,climatology,reference,0.0,0.0038972499999999,200904,-0.0038972499999999
LA-LM,200906,3,climatology,reference,2.0,1.775661,200904,0.22433900000000007
LA-LM,200907,1,climatology,reference,0.677405,0.93713525,200907,-0.25973024999999994
LA-LM,200908,2,climatology,reference,0.024843,1.1261882500000011,200907,-1.1013452500000012
LA-LM,200909,3,climatology,reference,4.0,2.3978117500000007,200907,1.6021882499999993
LA-LM,200910,1,climatology,reference,4.164529,2.75320575,200910,1.4113232500000001
LA-LM,200911,2,climatology,reference,5.652562,4.56897925,200910,1.0835827499999997
LA-LM,200912,3,climatology,reference,4.0,3.36008825,200910,0.63991175
LA-LP,200801,1,climatology,reference,0.1999999999999999,0.82532475,200801,-0.6253247500000001
LA-LP,200802,2,climatology,reference,13.92,14.229039,200801,-0.3090390000000003
LA-LP,200803,3,climatology,reference,20.81,20.42374125,200801,0.38625874999999965
LA-LP,200804,1,climatology,reference,31.229999999999997,20.079706,200804,11.150293999999995
LA-LP,200805,2,climatology,reference,107.3,82.12704175,200804,25.172958249999994
LA-LP,200806,3,climatology,reference,132.97,104.643518,200804,28.326482
LA-LP,200807,1,climatology,reference,10.659999999999998,9.964950000000002,200807,0.6950499999999966
LA-LP,200808,2,climatology,reference,12.43,8.36418425,200807,4.0658157500000005
LA-LP,200809,3,climatology,reference,10.5,8.916167,200807,1.5838330000000003
LA-LP,200810,1,climatology,reference,9.55,17.1979405,200810,-7.647940500000001
LA-LP,200811,2,climatology,reference,103.0,107.752947,200810,-4.752947000000006
LA-LP,200812,3,climatology,reference,126.82,157.80555925,200810,-30.985559249999994
LA-LP,200901,1,climatology,reference,0.16562,7.926249,200901,-7.760629000000001
LA-LP,200902,2,climatology,reference,0.5962320000000001,5.34566875,200901,-4.749436749999999
LA-LP,200903,3,climatology,reference,0.4720169999999997,12.5922905,200901,-12.120273500000001
LA-LP,200904,1,climatology,reference,0.8104469999999999,11.6730205,200904,-10.8625735
LA-LP,200905,2,climatology,reference,3.589589,34.6189255,200904,-31.029336500000003
LA-LP,200906,3,climatology,reference,5.813261999999998,71.9808455,200904,-66.1675835
LA-LP,200907,1,climatology,reference,4.452995999999999,20.95936,200907,-16.506364
LA-LP,200908,2,climatology,reference,8.377825999999999,21.068553,200907,-12.690727000000003
LA-LP,200909,3,climatology,reference,238.358321,284.7330325,200907,-46.37471149999999
LA-LP,200910,1,climatology,reference,126.23871400000002,69.28776425,200910,56.95094975000002
LA-LP,200911,2,climatology,reference,61.383126999999995,38.725323,200910,22.65780399999999
LA-LP,200912,3,climatology,reference,7.821726000000002,6.0545695,200910,1.7671565000000014
LA-OU,200801,1,climatology,reference,0.0,0.0009954999999999,200801,-0.0009954999999999
LA-OU,200802,2,climatology,reference,0.0,0.0001854999999999,200801,-0.0001854999999999
LA-OU,200803,3,climatology,reference,0.0,6.374999999999979e-05,200801,-6.374999999999979e-05
LA-OU,200804,1,climatology,reference,0.0,0.021019,200804,-0.021019
LA-OU,200805,2,climatology,reference,0.01,0.0979922499999999,200804,-0.08799224999999991
LA-OU,200806,3,climatology,reference,0.01,0.169309,200804,-0.15930899999999998
LA-OU,200807,1,climatology,reference,0.04,1.9330165000000017,200807,-1.8930165000000017
LA-OU,200808,2,climatology,reference,0.12,1.27780225,200807,-1.15780225
LA-OU,200809,3,climatology,reference,0.04,1.5425357500000008,200807,-1.5025357500000007
LA-OU,200810,1,climatology,reference,0.0799999999999999,0.0331582499999999,200810,0.04684175
LA-OU,200811,2,climatology,reference,0.01,0.0057727499999999,200810,0.0042272500000001
LA-OU,200812,3,climatology,reference,0.0,0.00139925,200810,-0.00139925
LA-OU,200901,1,climatology,reference,0.0,0.0002072499999999,200901,-0.0002072499999999
LA-OU,200902,2,climatology,reference,0.0,0.0001965,200901,-0.0001965
LA-OU,200903,3,climatology,reference,0.0,0.00056025,200901,-0.00056025
LA-OU,200904,1,climatology,reference,0.0,0.00090175,200904,-0.00090175
LA-OU,200905,2,climatology,reference,0.0082809999999999,0.0051239999999999,200904,0.003156999999999999
LA-OU,200906,3,climatology,reference,0.0082809999999999,0.01647975,200904,-0.008198750000000102
LA-OU,200907,1,climatology,reference,0.0331239999999999,1.7412692500000009,200907,-1.708145250000001
LA-OU,200908,2,climatology,reference,0.7353719999999999,2.001218249999999,200907,-1.2658462499999992
LA-OU,200909,3,climatology,reference,14.669124,9.3298065,200907,5.3393175
LA-OU,200910,1,climatology,reference,4.974247999999999,2.2214875000000003,200910,2.752760499999999
LA-OU,200911,2,climatology,reference,12.826281,8.9728415,200910,3.8534395000000004
LA-OU,200912,3,climatology,reference,18.0,16.17595275,200910,1.8240472499999996
LA-PH,200901,1,climatology,reference,0.0,0.0130202499999999,200901,-0.0130202499999999
LA-PH,200902,2,climatology,reference,0.0,0.01459375,200901,-0.01459375
LA-PH,200903,3,climatology,reference,0.0,0.01747275,200901,-0.01747275
LA-PH,200904,1,climatology,reference,0.0,0.0034817499999999,200904,-0.0034817499999999
LA-PH,200905,2,climatology,reference,0.0,0.0067925,200904,-0.0067925
LA-PH,200906,3,climatology,reference,0.0,0.0279412499999999,200904,-0.0279412499999999
LA-PH,200907,1,climatology,reference,0.0,0.1950434999999999,200907,-0.1950434999999999
LA-PH,200909,3,climatology,reference,0.04,0.2976595000000001,200907,-0.2576595000000001
LA-PH,200910,1,climatology,reference,0.0,0.0170252499999999,200910,-0.0170252499999999
LA-PH,200911,2,climatology,reference,0.0,0.0064347499999999,200910,-0.0064347499999999
LA-PH,200912,3,climatology,reference,0.0,0.0011549999999999,200910,-0.0011549999999999
LA-SL,200801,1,climatology,reference,0.1099999999999999,0.944374,200801,-0.8343740000000002
LA-SL,200802,2,climatology,reference,1.0,0.3960867499999999,200801,0.6039132500000002
LA-SL,200803,3,climatology,reference,4.62,3.71234675,200801,0.9076532500000001
LA-SL,200804,1,climatology,reference,2.0,0.99449025,200804,1.0055097499999999
LA-SL,200805,2,climatology,reference,82.75,89.40537875,200804,-6.655378749999997
LA-SL,200806,3,climatology,reference,206.97,184.4246935,200804,22.54530650000001
LA-SL,200807,1,climatology,reference,75.25,49.26407675,200807,25.98592325
LA-SL,200808,2,climatology,reference,52.45,39.41688825,200807,13.033111750000003
LA-SL,200809,3,climatology,reference,76.05,57.114015,200807,18.935984999999995
LA-SL,200810,1,climatology,reference,89.54,37.614025,200810,51.92597500000001
LA-SL,200811,2,climatology,reference,19.16,8.01930375,200810,11.14069625
LA-SL,200812,3,climatology,reference,5.69,2.8268264999999997,200810,2.8631735000000007
LA-SL,200901,1,climatology,reference,0.545091,1.65789525,200901,-1.11280425
LA-SL,200902,2,climatology,reference,23.826281,19.7962565,200901,4.030024500000003
LA-SL,200903,3,climatology,reference,23.817091,13.1628275,200901,10.6542635
LA-SL,200904,1,climatology,reference,18.652562,5.858830749999999,200904,12.79373125
LA-SL,200905,2,climatology,reference,83.899938,45.2519755,200904,38.647962500000006
LA-SL,200906,3,climatology,reference,30.133145000000003,31.8076495,200904,-1.6745044999999976
LA-SL,200907,1,climatology,reference,148.17646399999998,118.85979425000002,200907,29.31666974999996
LA-SL,200908,2,climatology,reference,107.331804,91.037494,200907,16.29431000000001
LA-SL,200909,3,climatology,reference,68.83130799999999,62.04129249999999,200907,6.790015500000003
LA-SL,200910,1,climatology,reference,76.984001,35.41509575,200910,41.56890525000001
LA-SL,200911,2,climatology,reference,38.830017000000005,16.416914499999997,200910,22.413102500000008
LA-SL,200912,3,climatology,reference,13.699703,7.024564250000001,200910,6.675138749999999
LA-SV,200801,1,climatology,reference,1.7800000000000002,5.560645,200801,-3.780645
LA-SV,200802,2,climatology,reference,0.6200000000000001,1.0085315,200801,-0.3885314999999998
LA-SV,200803,3,climatology,reference,1.42,0.4973877499999999,200801,0.92261225
LA-SV,200804,1,climatology,reference,6.08,3.5772804999999996,200804,2.5027195000000004
LA-SV,200805,2,climatology,reference,27.53,6.43930125,200804,21.09069875
LA-SV,200806,3,climatology,reference,67.57,24.48841975,200804,43.081580249999995
LA-SV,200807,1,climatology,reference,150.21999999999997,23.12051975,200807,127.09948024999997
LA-SV,200808,2,climatology,reference,140.25,21.36057074999998,200807,118.88942925000002
LA-SV,200809,3,climatology,reference,115.49,23.258939499999997,200807,92.2310605
LA-SV,200810,1,climatology,reference,53.19,3.819202250000001,200810,49.370797749999994
LA-SV,200811,2,climatology,reference,12.810000000000002,0.8241327500000002,200810,11.985867250000002
LA-SV,200812,3,climatology,reference,8.030000000000001,0.3548737500000001,200810,7.675126250000001
LA-SV,200901,1,climatology,reference,1.7460180000000003,0.0830284999999999,200901,1.6629895000000003
LA-SV,200902,2,climatology,reference,0.6034219999999999,0.0152394999999999,200901,0.5881825
LA-SV,200903,3,climatology,reference,1.0848110000000002,0.12601875,200901,0.9587922500000001
LA-SV,200904,1,climatology,reference,5.027028,0.18258525,200904,4.84444275
LA-SV,200905,2,climatology,reference,23.760858999999996,1.2562635,200904,22.504595499999997
LA-SV,200906,3,climatology,reference,63.428528,1.6869117500000002,200904,61.74161625
LA-SV,200907,1,climatology,reference,123.24315,26.799079749999976,200907,96.44407025000002
LA-SV,200908,2,climatology,reference,102.30625,29.625094249999957,200907,72.68115575000004
LA-SV,200909,3,climatology,reference,77.799763,33.84717599999999,200907,43.95258700000001
LA-SV,200910,1,climatology,reference,41.95170999999999,7.0335019999999995,200910,34.91820799999999
LA-SV,200911,2,climatology,reference,12.497231,15.431827,200910,-2.934596000000001
LA-SV,200912,3,climatology,reference,6.103097000000002,1.7666767499999998,200910,4.3364202500000015
LA-VT,200801,1,climatology,reference,10.87,11.1160255,200801,-0.2460255
LA-VT,200802,2,climatology,reference,9.38,4.11515575,200801,5.264844250000001
LA-VT,200803,3,climatology,reference,4.52,16.96018625,200801,-12.44018625
LA-VT,200804,1,climatology,reference,36.69,10.77835425,200804,25.911645749999998
LA-VT,200805,2,climatology,reference,62.27,20.521471750000003,200804,41.74852825
LA-VT,200806,3,climatology,reference,83.00999999999999,69.88104925,200804,13.128950749999987
LA-VT,200807,1,climatology,reference,191.24999999999997,81.40077274999996,200807,109.84922725000001
LA-VT,200808,2,climatology,reference,165.86,84.85327000000001,200807,81.00673
LA-VT,200809,3,climatology,reference,113.29999999999998,93.64231074999996,200807,19.65768925000002
LA-VT,200810,1,climatology,reference,129.48000000000002,35.20602275,200810,94.27397725000002
LA-VT,200811,2,climatology,reference,36.84,57.436028,200810,-20.596027999999997
LA-VT,200812,3,climatology,reference,17.979999999999997,51.8002925,200810,-33.8202925
LA-VT,200901,1,climatology,reference,7.815081999999997,20.70266475,200901,-12.887582750000004
LA-VT,200902,2,climatology,reference,3.934482,13.901395,200901,-9.966913000000002
LA-VT,200903,3,climatology,reference,7.282829999999999,6.35277275,200901,0.9300572499999991
LA-VT,200904,1,climatology,reference,9.680054000000002,10.8966255,200904,-1.2165714999999988
LA-VT,200905,2,climatology,reference,27.720475,109.941614,200904,-82.221139
LA-VT,200906,3,climatology,reference,38.075081999999995,176.63849825,200904,-138.56341625
LA-VT,200907,1,climatology,reference,86.36204900000001,174.467824,200907,-88.105775
LA-VT,200908,2,climatology,reference,101.891894,205.78056975,200907,-103.88867575000002
LA-VT,200909,3,climatology,reference,112.384425,278.36174550000004,200907,-165.97732050000005
LA-VT,200910,1,climatology,reference,145.485435,197.894393,200910,-52.40895800000001
LA-VT,200911,2,climatology,reference,297.66520299999996,268.37443075,200910,29.290772249999975
LA-VT,200912,3,climatology,reference,224.551238,226.40287475,200910,-1.851636749999983
LA-XA,200801,1,climatology,reference,0.17,1.06215775,200801,-0.8921577499999999
LA-XA,200802,2,climatology,reference,0.9500000000000002,0.2354625,200801,0.7145375000000002
LA-XA,200803,3,climatology,reference,0.7399999999999998,0.15566625,200801,0.5843337499999998
LA-XA,200804,1,climatology,reference,3.460000000000001,0.7379695000000001,200804,2.7220305000000007
LA-XA,200805,2,climatology,reference,5.659999999999997,1.32360175,200804,4.336398249999997
LA-XA,200806,3,climatology,reference,14.03,2.3749184999999997,200804,11.6550815
LA-XA,200807,1,climatology,reference,24.69,11.184284999999996,200807,13.505715000000006
LA-XA,200808,2,climatology,reference,9.729999999999997,4.234384749999999,200807,5.4956152499999975
LA-XA,200809,3,climatology,reference,4.75,2.697391250000001,200807,2.052608749999999
LA-XA,200810,1,climatology,reference,1.5699999999999994,1.5762365,200810,-0.006236500000000644
LA-XA,200811,2,climatology,reference,1.83,0.8232865,200810,1.0067135
LA-XA,200812,3,climatology,reference,1.9600000000000009,0.408204,200810,1.5517960000000008
LA-XA,200901,1,climatology,reference,0.1407769999999999,0.09775275,200901,0.0430242499999999
LA-XA,200902,2,climatology,reference,0.7866949999999999,0.03872075,200901,0.74797425
LA-XA,200903,3,climatology,reference,0.6127940000000001,0.2171452499999999,200901,0.39564875000000016
LA-XA,200904,1,climatology,reference,2.8624980000000004,0.30977675,200904,2.5527212500000003
LA-XA,200905,2,climatology,reference,4.777046000000006,1.1146125000000002,200904,3.6624335000000054
LA-XA,200906,3,climatology,reference,13.430243,5.670314749999999,200904,7.7599282500000015
LA-XA,200907,1,climatology,reference,22.570512,6.406543500000003,200907,16.163968499999996
LA-XA,200908,2,climatology,reference,13.305413,23.106004,200907,-9.800590999999999
LA-XA,200909,3,climatology,reference,6.654747,6.533184249999995,200907,0.12156275000000516
LA-XA,200910,1,climatology,reference,2.0250260000000004,4.4654025,200910,-2.4403764999999993
LA-XA,200911,2,climatology,reference,3.421968000000001,2.1824275,200910,1.2395405000000008
LA-XA,200912,3,climatology,reference,1.5319850000000006,1.3401602499999998,200910,0.19182475000000077
LA-XE,200801,1,climatology,reference,0.09,0.0157672499999999,200801,0.0742327500000001
LA-XE,200802,2,climatology,reference,0.12,0.00728225,200801,0.11271774999999999
LA-XE,200803,3,climatology,reference,0.0,0.00405975,200801,-0.00405975
LA-XE,200804,1,climatology,reference,0.0246419999999999,0.01893125,200804,0.0057107499999999
LA-XE,200805,2,climatology,reference,0.08,0.0490319999999999,200804,0.0309680000000001
LA-XE,200806,3,climatology,reference,3.15,3.87301125,200804,-0.7230112499999999
LA-XE,200807,1,climatology,reference,0.4000000000000001,0.4383570000000001,200807,-0.03835700000000003
LA-XE,200808,2,climatology,reference,0.1899999999999999,0.5336115000000001,200807,-0.34361150000000024
LA-XE,200809,3,climatology,reference,0.6699999999999999,0.6918269999999999,200807,-0.02182699999999993
LA-XE,200810,1,climatology,reference,0.5599999999999998,0.0499849999999999,200810,0.5100149999999999
LA-XE,200811,2,climatology,reference,0.0246419999999999,0.020021,200810,0.0046209999999998995
LA-XE,200812,3,climatology,reference,0.790321,0.86535475,200810,-0.0750337499999999
LA-XE,200901,1,climatology,reference,0.074529,0.00637675,200901,0.06815225
LA-XE,200902,2,climatology,reference,1.371372,1.8795005,200901,-0.5081285
LA-XE,200903,3,climatology,reference,2.0,1.75755275,200901,0.2424472499999999
LA-XE,200904,1,climatology,reference,0.8200000000000001,0.521935,200904,0.298065
LA-XE,200905,2,climatology,reference,1.338248,0.97420275,200904,0.3640452500000001
LA-XE,200906,3,climatology,reference,6.6023309999999995,5.86126,200904,0.7410709999999998
LA-XE,200907,1,climatology,reference,26.41924,25.168266749999997,200907,1.2509732500000013
LA-XE,200908,2,climatology,reference,25.883339,22.43472575,200907,3.448613250000001
LA-XE,200909,3,climatology,reference,4.097554,4.09308175,200907,0.0044722500000000664
LA-XE,200910,1,climatology,reference,4.551736,2.796644,200910,1.7550919999999999
LA-XE,200911,2,climatology,reference,2.6199999999999997,5.795607750000002,200910,-3.1756077500000024
LA-XE,200912,3,climatology,reference,6.64,6.98543275,200910,-0.3454327500000005
LA-XI,200801,1,climatology,reference,0.0,0.0005107499999999,200801,-0.0005107499999999
LA-XI,200802,2,climatology,reference,0.0,0.0001444999999999,200801,-0.0001444999999999
LA-XI,200803,3,climatology,reference,0.0,0.0003409999999999,200801,-0.0003409999999999
LA-XI,200804,1,climatology,reference,0.0,0.005478,200804,-0.005478
LA-XI,200805,2,climatology,reference,0.0,0.0145995,200804,-0.0145995
LA-XI,200806,3,climatology,reference,1.0,0.8408530000000001,200804,0.15914699999999993
LA-XI,200807,1,climatology,reference,0.0,0.3255652499999999,200807,-0.3255652499999999
LA-XI,200808,2,climatology,reference,0.02,0.3256207499999999,200807,-0.3056207499999999
LA-XI,200809,3,climatology,reference,0.01,0.3639719999999995,200807,-0.3539719999999995
LA-XI,200810,1,climatology,reference,0.0,0.0140124999999999,200810,-0.0140124999999999
LA-XI,200811,2,climatology,reference,0.01,0.0035425,200810,0.0064575
LA-XI,200812,3,climatology,reference,0.0,0.0009309999999999,200810,-0.0009309999999999
LA-XI,200901,1,climatology,reference,0.0,0.00125375,200901,-0.00125375
LA-XI,200902,2,climatology,reference,0.0,0.001519,200901,-0.001519
LA-XI,200903,3,climatology,reference,0.0,0.0012149999999999,200901,-0.0012149999999999
LA-XI,200904,1,climatology,reference,0.0,0.00037025,200904,-0.00037025
LA-XI,200905,2,climatology,reference,39.0,38.924908,200904,0.07509199999999794
LA-XI,200906,3,climatology,reference,32.826281,32.83338475,200904,-0.007103749999998854
LA-XI,200907,1,climatology,reference,1.0,0.6998392500000006,200907,0.3001607499999994
LA-XI,200908,2,climatology,reference,9.652562,7.121734,200907,2.5308279999999996
LA-XI,200909,3,climatology,reference,0.0082809999999999,0.4275137499999998,200907,-0.41923274999999993
LA-XI,200910,1,climatology,reference,0.0,0.96271025,200910,-0.96271025
LA-XI,200911,2,climatology,reference,0.0082809999999999,0.3815999999999999,200910,-0.37331899999999996
LA-XI,200912,3,climatology,reference,0.0,0.167857,200910,-0.167857
LA-AT,200801,1,climatology,reference_r1,4.0,2.89589,200801,1.10411
LA-AT,200802,2,climatology,reference_r1,1.63,1.1779190000000002,200801,0.45208099999999973
LA-AT,200803,3,climatology,reference_r1,0.0,0.068366,200801,-0.068366
LA-AT,200804,1,climatology,reference_r1,0.02,0.43204,200804,-0.41203999999999996
LA-AT,200805,2,climatology,reference_r1,3.45,1.3779979999999998,200804,2.0720020000000003
LA-AT,200806,3,climatology,reference_r1,8.86,4.025428,200804,4.834572
LA-AT,200807,1,climatology,reference_r1,4.54,3.4582960000000007,200807,1.0817039999999993
LA-AT,200808,2,climatology,reference_r1,9.47,6.963262,200807,2.5067380000000004
LA-AT,200809,3,climatology,reference_r1,17.57,17.334718000000002,200807,0.235281999999998
LA-AT,200810,1,climatology,reference_r1,38.95,32.554036,200810,6.395963999999999
LA-AT,200811,2,climatology,reference_r1,43.0,35.157385,200810,7.842615000000002
LA-AT,200812,3,climatology,reference_r1,22.28,17.244417,200810,5.035583000000003
LA-AT,200901,1,climatology,reference_r1,17.305124,8.311717,200901,8.993407
LA-AT,200902,2,climatology,reference_r1,45.164529,39.923892,200901,5.2406369999999995
LA-AT,200903,3,climatology,reference_r1,77.0,59.556864999999995,200901,17.443135000000005
LA-AT,200904,1,climatology,reference_r1,98.652562,50.321077,200904,48.331485
LA-AT,200905,2,climatology,reference_r1,0.1242149999999999,47.70569499999999,200904,-47.58147999999999
LA-AT,200906,3,climatology,reference_r1,21.319868,42.66392600000002,200904,-21.344058000000018
LA-AT,200907,1,climatology,reference_r1,61.750116,47.604339,200907,14.145776999999995
LA-AT,200908,2,climatology,reference_r1,17.823736,14.811944,200907,3.011792
LA-AT,200909,3,climatology,reference_r1,10.060613,10.347153,200907,-0.28654000000000046
LA-AT,200910,1,climatology,reference_r1,4.830283999999999,7.440359000000001,200910,-2.610075000000002
LA-AT,200911,2,climatology,reference_r1,13.444083,5.397127000000001,200910,8.046955999999998
LA-AT,200912,3,climatology,reference_r1,4.502959,7.226236999999998,200910,-2.723277999999998
LA-BK,200801,1,climatology,reference_r1,0.81,0.956484,200801,-0.14648399999999995
LA-BK,200802,2,climatology,reference_r1,0.01,9.99999999999994e-05,200801,0.0099
LA-BK,200803,3,climatology,reference_r1,0.01,8.999999999999894e-06,200801,0.009991
LA-BK,200804,1,climatology,reference_r1,0.01,0.0058819999999999,200804,0.0041180000000001
LA-BK,200805,2,climatology,reference_r1,11.64,11.478989,200804,0.16101100000000024
LA-BK,200806,3,climatology,reference_r1,52.17,52.355057,200804,-0.18505700000000047
LA-BK,200807,1,climatology,reference_r1,0.6600000000000001,1.9452689999999997,200807,-1.2852689999999996
LA-BK,200808,2,climatology,reference_r1,6.84,5.807879,200807,1.032121
LA-BK,200809,3,climatology,reference_r1,29.34,20.924205,200807,8.415795
LA-BK,200810,1,climatology,reference_r1,44.92,21.313686000000004,200810,23.606313999999998
LA-BK,200811,2,climatology,reference_r1,55.0,48.309223,200810,6.690776999999997
LA-BK,200812,3,climatology,reference_r1,5.0,3.017966,200810,1.982034
LA-BK,200901,1,climatology,reference_r1,0.6691239999999999,0.448822,200901,0.22030199999999994
LA-BK,200902,2,climatology,reference_r1,0.0082809999999999,0.256761,200901,-0.24848000000000012
LA-BK,200903,3,climatology,reference_r1,0.826281,0.6378340000000002,200901,0.1884469999999998
LA-BK,200904,1,climatology,reference_r1,2.826281,1.312607,200904,1.5136739999999997
LA-BK,200905,2,climatology,reference_r1,71.61762,43.105733,200904,28.511887
LA-BK,200906,3,climatology,reference_r1,206.10648,147.57993599999998,200904,58.52654400000003
LA-BK,200907,1,climatology,reference_r1,209.635455,186.285127,200907,23.35032800000002
LA-BK,200908,2,climatology,reference_r1,106.650017,88.236543,200907,18.413474000000008
LA-BK,200909,3,climatology,reference_r1,43.240067,37.372719999999994,200907,5.867347000000009
LA-BK,200910,1,climatology,reference_r1,23.210034,21.699608000000005,200910,1.5104259999999954
LA-BK,200911,2,climatology,reference_r1,4.5454550000000005,10.195140999999996,200910,-5.6496859999999955
LA-BK,200912,3,climatology,reference_r1,3.313405,5.190629000000001,200910,-1.8772240000000013
LA-BL,200801,1,climatology,reference_r1,5.6899999999999995,5.573864,200801,0.11613599999999913
LA-BL,200802,2,climatology,reference_r1,2.88,5.695522,200801,-2.8155220000000005
LA-BL,200803,3,climatology,reference_r1,2.29,0.4229469999999999,200801,1.867053
LA-BL,200804,1,climatology,reference_r1,2.8299999999999996,1.3831619999999996,200804,1.446838
LA-BL,200805,2,climatology,reference_r1,9.2,4.905915,200804,4.294084999999999
LA-BL,200806,3,climatology,reference_r1,10.070000000000002,6.042021999999999,200804,4.027978000000003
LA-BL,200807,1,climatology,reference_r1,27.62,20.993226999999997,200807,6.626773000000004
LA-BL,200808,2,climatology,reference_r1,19.03,21.226176,200807,-2.1961759999999977
LA-BL,200809,3,climatology,reference_r1,25.370000000000005,19.161669999999994,200807,6.208330000000011
LA-BL,200810,1,climatology,reference_r1,16.870000000000005,10.016667000000002,200810,6.853333000000003
LA-BL,200811,2,climatology,reference_r1,6.290000000000001,4.026722999999999,200810,2.263277000000002
LA-BL,200812,3,climatology,reference_r1,2.05,0.8992849999999999,200810,1.150715
LA-BL,200901,1,climatology,reference_r1,0.7038849999999999,0.729209,200901,-0.025324000000000124
LA-BL,200902,2,climatology,reference_r1,0.926381,1.7155180000000003,200901,-0.7891370000000003
LA-BL,200903,3,climatology,reference_r1,2.5287120000000005,1.093152,200901,1.4355600000000006
LA-BL,200904,1,climatology,reference_r1,2.7938859999999996,0.8236150000000002,200904,1.9702709999999994
LA-BL,200905,2,climatology,reference_r1,17.157429000000004,3.883565,200904,13.273864000000003
LA-BL,200906,3,climatology,reference_r1,16.873330000000003,5.475054999999999,200904,11.398275000000003
LA-BL,200907,1,climatology,reference_r1,20.996472,20.911504000000008,200907,0.08496799999999283
LA-BL,200908,2,climatology,reference_r1,33.260011999999996,7.218784999999997,200907,26.041227
LA-BL,200909,3,climatology,reference_r1,41.130528,7.182751999999994,200907,33.947776000000005
LA-BL,200910,1,climatology,reference_r1,17.210586000000003,5.4901409999999995,200910,11.720445000000003
LA-BL,200911,2,climatology,reference_r1,11.201476,1.8210489999999997,200910,9.380427
LA-BL,200912,3,climatology,reference_r1,1.6965139999999996,0.7696850000000004,200910,0.9268289999999992
LA-CH,200801,1,climatology,reference_r1,47.5,29.687018,200801,17.812982
LA-CH,200802,2,climatology,reference_r1,53.03999999999999,40.304853,200801,12.73514699999999
LA-CH,200803,3,climatology,reference_r1,50.58,51.106643000000005,200801,-0.5266430000000071
LA-CH,200804,1,climatology,reference_r1,31.85,21.933435000000003,200804,9.916564999999999
LA-CH,200805,2,climatology,reference_r1,38.959999999999994,52.212031000000025,200804,-13.25203100000003
LA-CH,200806,3,climatology,reference_r1,127.17000000000002,101.752994,200804,25.417006000000015
LA-CH,200807,1,climatology,reference_r1,41.25,97.40621399999998,200807,-56.15621399999998
LA-CH,200808,2,climatology,reference_r1,42.510000000000005,88.11937699999999,200807,-45.60937699999998
LA-CH,200809,3,climatology,reference_r1,49.599999999999994,122.438271,200807,-72.838271
LA-CH,200810,1,climatology,reference_r1,37.669999999999995,47.403999,200810,-9.733999000000004
LA-CH,200811,2,climatology,reference_r1,41.07000000000001,47.925228,200810,-6.85522799999999
LA-CH,200812,3,climatology,reference_r1,33.34,33.247774,200810,0.0922260000000037
LA-CH,200901,1,climatology,reference_r1,10.890717,10.234985000000002,200901,0.6557319999999986
LA-CH,200902,2,climatology,reference_r1,19.093116999999996,26.421125999999997,200901,-7.3280090000000015
LA-CH,200903,3,climatology,reference_r1,21.42854,21.024416,200901,0.40412400000000304
LA-CH,200904,1,climatology,reference_r1,53.487149,35.857006000000005,200904,17.630142999999997
LA-CH,200905,2,climatology,reference_r1,19.053490000000004,77.111999,200904,-58.058508999999994
LA-CH,200906,3,climatology,reference_r1,30.695037999999997,79.79956299999998,200904,-49.10452499999998
LA-CH,200907,1,climatology,reference_r1,45.004213,70.88572799999997,200907,-25.881514999999972
LA-CH,200908,2,climatology,reference_r1,44.17307600000001,65.03535299999999,200907,-20.862276999999978
LA-CH,200909,3,climatology,reference_r1,32.110839000000006,61.93136199999992,200907,-29.820522999999916
LA-CH,200910,1,climatology,reference_r1,23.227603,20.443419999999996,200910,2.7841830000000023
LA-CH,200911,2,climatology,reference_r1,12.418226999999998,12.404856000000002,200910,0.013370999999995803
LA-CH,200912,3,climatology,reference_r1,14.757385999999997,14.329564000000005,200910,0.42782199999999193
LA-HO,200801,1,climatology,reference_r1,0.01,0.0030659999999999,200801,0.0069340000000001
LA-HO,200802,2,climatology,reference_r1,0.01,0.00097,200801,0.00903
LA-HO,200803,3,climatology,reference_r1,0.01,0.0059159999999999,200801,0.004084000000000101
LA-HO,200804,1,climatology,reference_r1,0.01,0.0077849999999999,200804,0.0022150000000001006
LA-HO,200805,2,climatology,reference_r1,0.0,0.0143429999999999,200804,-0.0143429999999999
LA-HO,200806,3,climatology,reference_r1,0.0599999999999999,0.0085999999999999,200804,0.0514
LA-HO,200807,1,climatology,reference_r1,0.1999999999999999,0.2280589999999991,200807,-0.028058999999999196
LA-HO,200808,2,climatology,reference_r1,0.0,0.3675369999999995,200807,-0.3675369999999995
LA-HO,200809,3,climatology,reference_r1,0.6900000000000002,0.6532730000000004,200807,0.03672699999999973
LA-HO,200810,1,climatology,reference_r1,0.02,0.071268,200810,-0.051267999999999994
LA-HO,200811,2,climatology,reference_r1,0.0,0.008613,200810,-0.008613
LA-HO,200812,3,climatology,reference_r1,0.65,0.902553,200810,-0.252553
LA-HO,200901,1,climatology,reference_r1,0.0082809999999999,0.0180189999999999,200901,-0.009738
LA-HO,200902,2,climatology,reference_r1,0.0082809999999999,0.0215319999999999,200901,-0.013250999999999999
LA-HO,200903,3,climatology,reference_r1,0.0082809999999999,0.024588,200901,-0.0163070000000001
LA-HO,200904,1,climatology,reference_r1,0.0082809999999999,0.005208,200904,0.0030729999999998996
LA-HO,200905,2,climatology,reference_r1,0.0,0.012506,200904,-0.012506
LA-HO,200906,3,climatology,reference_r1,0.049686,0.0416269999999999,200904,0.0080590000000001
LA-HO,200907,1,climatology,reference_r1,0.16562,0.3458800000000002,200907,-0.1802600000000002
LA-HO,200908,2,climatology,reference_r1,0.0,0.6387629999999991,200907,-0.6387629999999991
LA-HO,200909,3,climatology,reference_r1,0.5699339999999999,0.7578110000000002,200907,-0.1878770000000003
LA-HO,200910,1,climatology,reference_r1,0.834562,0.559631,200910,0.27493100000000004
LA-HO,200911,2,climatology,reference_r1,1.0,0.824841,200910,0.17515899999999995
LA-HO,200912,3,climatology,reference_r1,0.53681,0.865054,200910,-0.328244
LA-KH,200801,1,climatology,reference_r1,1.1499999999999997,0.7367740000000003,200801,0.4132259999999994
LA-KH,200802,2,climatology,reference_r1,0.1499999999999999,0.104993,200801,0.04500699999999991
LA-KH,200803,3,climatology,reference_r1,0.04,0.07538,200801,-0.03538
LA-KH,200804,1,climatology,reference_r1,0.1099999999999999,0.4573239999999998,200804,-0.34732399999999986
LA-KH,200805,2,climatology,reference_r1,1.38,1.3179600000000002,200804,0.06203999999999965
LA-KH,200806,3,climatology,reference_r1,8.940000000000001,2.6881449999999996,200804,6.251855000000002
LA-KH,200807,1,climatology,reference_r1,35.06999999999999,4.0386040000000065,200807,31.031395999999987
LA-KH,200808,2,climatology,reference_r1,37.92,4.381444999999999,200807,33.538555
LA-KH,200809,3,climatology,reference_r1,14.089999999999996,4.129304999999995,200807,9.960695000000001
LA-KH,200810,1,climatology,reference_r1,5.470000000000001,0.7146050000000002,200810,4.755395
LA-KH,200811,2,climatology,reference_r1,1.4299999999999995,1.5712550000000003,200810,-0.1412550000000008
LA-KH,200812,3,climatology,reference_r1,3.69,3.204727,200810,0.48527299999999984
LA-KH,200901,1,climatology,reference_r1,0.9523149999999996,0.096453,200901,0.8558619999999996
LA-KH,200902,2,climatology,reference_r1,0.1242149999999999,0.013026,200901,0.1111889999999999
LA-KH,200903,3,climatology,reference_r1,5.305124,4.723357,200901,0.5817670000000001
LA-KH,200904,1,climatology,reference_r1,0.091091,0.3748060000000001,200904,-0.28371500000000005
LA-KH,200905,2,climatology,reference_r1,4.0487779999999995,2.250412,200904,1.7983659999999997
LA-KH,200906,3,climatology,reference_r1,46.36775900000001,66.41575,200904,-20.047990999999996
LA-KH,200907,1,climatology,reference_r1,68.223464,115.296474,200907,-47.07301
LA-KH,200908,2,climatology,reference_r1,171.36027,249.068595,200907,-77.70832499999997
LA-KH,200909,3,climatology,reference_r1,187.121383,217.711044,200907,-30.58966099999998
LA-KH,200910,1,climatology,reference_r1,57.593343,43.99278899999999,200910,13.60055400000001
LA-KH,200911,2,climatology,reference_r1,54.814001,20.173246,200910,34.640755
LA-KH,200912,3,climatology,reference_r1,52.764233,27.153737000000003,200910,25.610495999999994
LA-LM,200801,1,climatology,reference_r1,0.0,0.0001209999999999,200801,-0.0001209999999999
LA-LM,200802,2,climatology,reference_r1,0.0,6.399999999999982e-05,200801,-6.399999999999982e-05
LA-LM,200803,3,climatology,reference_r1,0.0499999999999999,1.600000000000039e-05,200801,0.0499839999999999
LA-LM,200804,1,climatology,reference_r1,0.01,0.0001999999999999,200804,0.0098000000000001
LA-LM,200805,2,climatology,reference_r1,0.0,0.0012269999999999,200804,-0.0012269999999999
LA-LM,200806,3,climatology,reference_r1,0.0,0.0017109999999999,200804,-0.0017109999999999
LA-LM,200807,1,climatology,reference_r1,0.0499999999999999,0.915139,200807,-0.8651390000000001
LA-LM,200808,2,climatology,reference_r1,0.0299999999999999,0.5213650000000012,200807,-0.4913650000000013
LA-LM,200809,3,climatology,reference_r1,0.0,0.7953309999999991,200807,-0.7953309999999991
LA-LM,200810,1,climatology,reference_r1,0.09,0.030305,200810,0.059695
LA-LM,200811,2,climatology,reference_r1,0.02,0.002114,200810,0.017886
LA-LM,200812,3,climatology,reference_r1,0.0,0.0005739999999999,200810,-0.0005739999999999
LA-LM,200901,1,climatology,reference_r1,0.0,0.0001209999999999,200901,-0.0001209999999999
LA-LM,200902,2,climatology,reference_r1,0.0,0.000122,200901,-0.000122
LA-LM,200903,3,climatology,reference_r1,0.041405,0.000365,200901,0.04104
LA-LM,200904,1,climatology,reference_r1,0.826281,0.96237,200904,-0.1360889999999999
LA-LM,200905,2,climatology,reference_r1,0.0,0.005372,200904,-0.005372
LA-LM,200906,3,climatology,reference_r1,2.0,1.751769,200904,0.2482310000000001
LA-LM,200907,1,climatology,reference_r1,0.677405,1.1468290000000003,200907,-0.4694240000000003
LA-LM,200908,2,climatology,reference_r1,0.024843,1.3371250000000003,200907,-1.3122820000000004
LA-LM,200909,3,climatology,reference_r1,4.0,2.265937000000001,200907,1.734062999999999
LA-LM,200910,1,climatology,reference_r1,4.164529,2.5933539999999997,200910,1.5711750000000002
LA-LM,200911,2,climatology,reference_r1,5.652562,4.743421,200910,0.909141
LA-LM,200912,3,climatology,reference_r1,4.0,3.2928680000000004,200910,0.7071319999999996
LA-LP,200801,1,climatology,reference_r1,0.1999999999999999,0.875329,200801,-0.6753290000000001
LA-LP,200802,2,climatology,reference_r1,13.92,13.986595,200801,-0.06659499999999952
LA-LP,200803,3,climatology,reference_r1,20.81,20.378937,200801,0.4310629999999982
LA-LP,200804,1,climatology,reference_r1,31.229999999999997,16.986800000000002,200804,14.243199999999995
LA-LP,200805,2,climatology,reference_r1,107.3,72.08313000000001,200804,35.216869999999986
LA-LP,200806,3,climatology,reference_r1,132.97,86.585332,200804,46.384668000000005
LA-LP,200807,1,climatology,reference_r1,10.659999999999998,10.268976000000002,200807,0.39102399999999626
LA-LP,200808,2,climatology,reference_r1,12.43,8.381991,200807,4.048009
LA-LP,200809,3,climatology,reference_r1,10.5,9.104114,200807,1.3958860000000008
LA-LP,200810,1,climatology,reference_r1,9.55,17.309168,200810,-7.759167999999999
LA-LP,200811,2,climatology,reference_r1,103.0,108.263872,200810,-5.263872000000006
LA-LP,200812,3,climatology,reference_r1,126.82,158.113551,200810,-31.293551000000008
LA-LP,200901,1,climatology,reference_r1,0.16562,8.092224000000002,200901,-7.926604000000002
LA-LP,200902,2,climatology,reference_r1,0.5962320000000001,4.90015,200901,-4.3039179999999995
LA-LP,200903,3,climatology,reference_r1,0.4720169999999997,12.062924000000002,200901,-11.590907000000003
LA-LP,200904,1,climatology,reference_r1,0.8104469999999999,11.446195,200904,-10.635748
LA-LP,200905,2,climatology,reference_r1,3.589589,32.951622,200904,-29.362033
LA-LP,200906,3,climatology,reference_r1,5.813261999999998,75.091924,200904,-69.27866200000001
LA-LP,200907,1,climatology,reference_r1,4.452995999999999,20.167692,200907,-15.714696
LA-LP,200908,2,climatology,reference_r1,8.377825999999999,20.986515999999995,200907,-12.608689999999996
LA-LP,200909,3,climatology,reference_r1,238.358321,277.10956699999997,200907,-38.75124599999998
LA-LP,200910,1,climatology,reference_r1,126.23871400000002,65.535988,200910,60.70272600000001
LA-LP,200911,2,climatology,reference_r1,61.383126999999995,42.4217,200910,18.961426999999993
LA-LP,200912,3,climatology,reference_r1,7.821726000000002,6.162929,200910,1.6587970000000016
LA-OU,200801,1,climatology,reference_r1,0.0,0.000905,200801,-0.000905
LA-OU,200802,2,climatology,reference_r1,0.0,0.0002559999999999,200801,-0.0002559999999999
LA-OU,200803,3,climatology,reference_r1,0.0,4.900000000000043e-05,200801,-4.900000000000043e-05
LA-OU,200804,1,climatology,reference_r1,0.0,0.000905,200804,-0.000905
LA-OU,200805,2,climatology,reference_r1,0.01,0.005827,200804,0.0041730000000000005
LA-OU,200806,3,climatology,reference_r1,0.01,0.0141019999999999,200804,-0.004101999999999899
LA-OU,200807,1,climatology,reference_r1,0.04,1.6279299999999992,200807,-1.5879299999999992
LA-OU,200808,2,climatology,reference_r1,0.12,1.1273920000000004,200807,-1.0073920000000003
LA-OU,200809,3,climatology,reference_r1,0.04,1.3167809999999989,200807,-1.2767809999999988
LA-OU,200810,1,climatology,reference_r1,0.0799999999999999,0.0403799999999999,200810,0.03962
LA-OU,200811,2,climatology,reference_r1,0.01,0.0042979999999999,200810,0.0057020000000001
LA-OU,200812,3,climatology,reference_r1,0.0,0.0008219999999999,200810,-0.0008219999999999
LA-OU,200901,1,climatology,reference_r1,0.0,0.000289,200901,-0.000289
LA-OU,200902,2,climatology,reference_r1,0.0,3.600000000000044e-05,200901,-3.600000000000044e-05
LA-OU,200903,3,climatology,reference_r1,0.0,0.000685,200901,-0.000685
LA-OU,200904,1,climatology,reference_r1,0.0,0.0010379999999999,200904,-0.0010379999999999
LA-OU,200905,2,climatology,reference_r1,0.0082809999999999,0.0053129999999999,200904,0.0029679999999999993
LA-OU,200906,3,climatology,reference_r1,0.0082809999999999,0.0156699999999999,200904,-0.007389
LA-OU,200907,1,climatology,reference_r1,0.0331239999999999,2.364044,200907,-2.33092
LA-OU,200908,2,climatology,reference_r1,0.7353719999999999,2.6968359999999976,200907,-1.9614639999999977
LA-OU,200909,3,climatology,reference_r1,14.669124,8.770896999999998,200907,5.898227000000002
LA-OU,200910,1,climatology,reference_r1,4.974247999999999,2.1991160000000005,200910,2.775131999999999
LA-OU,200911,2,climatology,reference_r1,12.826281,9.566518,200910,3.2597629999999995
LA-OU,200912,3,climatology,reference_r1,18.0,16.101063,200910,1.898937
LA-PH,200901,1,climatology,reference_r1,0.0,0.0146789999999999,200901,-0.0146789999999999
LA-PH,200902,2,climatology,reference_r1,0.0,0.019336,200901,-0.019336
LA-PH,200903,3,climatology,reference_r1,0.0,0.021245,200901,-0.021245
LA-PH,200904,1,climatology,reference_r1,0.0,0.0038929999999999,200904,-0.0038929999999999
LA-PH,200905,2,climatology,reference_r1,0.0,0.006921,200904,-0.006921
LA-PH,200906,3,climatology,reference_r1,0.0,0.030276,200904,-0.030276
LA-PH,200907,1,climatology,reference_r1,0.0,0.2014949999999995,200907,-0.2014949999999995
LA-PH,200909,3,climatology,reference_r1,0.04,0.2726230000000003,200907,-0.23262300000000027
LA-PH,200910,1,climatology,reference_r1,0.0,0.018159,200910,-0.018159
LA-PH,200911,2,climatology,reference_r1,0.0,0.0057829999999999,200910,-0.0057829999999999
LA-PH,200912,3,climatology,reference_r1,0.0,0.0010329999999999,200910,-0.0010329999999999
LA-SL,200801,1,climatology,reference_r1,0.1099999999999999,0.93596,200801,-0.8259600000000001
LA-SL,200802,2,climatology,reference_r1,1.0,0.3921460000000001,200801,0.6078539999999999
LA-SL,200803,3,climatology,reference_r1,4.62,3.692026,200801,0.9279740000000003
LA-SL,200804,1,climatology,reference_r1,2.0,0.8494930000000003,200804,1.1505069999999997
LA-SL,200805,2,climatology,reference_r1,82.75,89.52403,200804,-6.774029999999996
LA-SL,200806,3,climatology,reference_r1,206.97,188.157378,200804,18.812622000000005
LA-SL,200807,1,climatology,reference_r1,75.25,49.670201000000006,200807,25.579798999999994
LA-SL,200808,2,climatology,reference_r1,52.45,39.471311,200807,12.978689000000003
LA-SL,200809,3,climatology,reference_r1,76.05,56.592414000000005,200807,19.457585999999992
LA-SL,200810,1,climatology,reference_r1,89.54,39.311372,200810,50.22862800000001
LA-SL,200811,2,climatology,reference_r1,19.16,7.296982000000002,200810,11.863017999999999
LA-SL,200812,3,climatology,reference_r1,5.69,2.8325199999999997,200810,2.8574800000000007
LA-SL,200901,1,climatology,reference_r1,0.545091,1.774387,200901,-1.229296
LA-SL,200902,2,climatology,reference_r1,23.826281,19.839352,200901,3.986929
LA-SL,200903,3,climatology,reference_r1,23.817091,13.149506,200901,10.667585
LA-SL,200904,1,climatology,reference_r1,18.652562,5.698871999999998,200904,12.953690000000002
LA-SL,200905,2,climatology,reference_r1,83.899938,46.334152,200904,37.565786
LA-SL,200906,3,climatology,reference_r1,30.133145000000003,28.17270000000001,200904,1.9604449999999929
LA-SL,200907,1,climatology,reference_r1,148.17646399999998,114.07736200000002,200907,34.09910199999996
LA-SL,200908,2,climatology,reference_r1,107.331804,88.702064,200907,18.629740000000012
LA-SL,200909,3,climatology,reference_r1,68.83130799999999,62.36598299999997,200907,6.465325000000021
LA-SL,200910,1,climatology,reference_r1,76.984001,34.802546,200910,42.18145500000001
LA-SL,200911,2,climatology,reference_r1,38.830017000000005,15.498442,200910,23.331575000000004
LA-SL,200912,3,climatology,reference_r1,13.699703,7.528991000000001,200910,6.170711999999998
LA-SV,200801,1,climatology,reference_r1,1.7800000000000002,5.547417000000001,200801,-3.767417000000001
LA-SV,200802,2,climatology,reference_r1,0.6200000000000001,1.0893490000000003,200801,-0.46934900000000024
LA-SV,200803,3,climatology,reference_r1,1.42,0.48614,200801,0.9338599999999999
LA-SV,200804,1,climatology,reference_r1,6.08,3.279536,200804,2.8004640000000003
LA-SV,200805,2,climatology,reference_r1,27.53,7.876780999999999,200804,19.653219
LA-SV,200806,3,climatology,reference_r1,67.57,28.380984,200804,39.189015999999995
LA-SV,200807,1,climatology,reference_r1,150.21999999999997,23.881301000000008,200807,126.33869899999996
LA-SV,200808,2,climatology,reference_r1,140.25,21.63117299999999,200807,118.61882700000001
LA-SV,200809,3,climatology,reference_r1,115.49,22.400266999999985,200807,93.08973300000001
LA-SV,200810,1,climatology,reference_r1,53.19,3.8406100000000007,200810,49.34939
LA-SV,200811,2,climatology,reference_r1,12.810000000000002,0.7682600000000002,200810,12.041740000000003
LA-SV,200812,3,climatology,reference_r1,8.030000000000001,0.3406360000000001,200810,7.689364000000001
LA-SV,200901,1,climatology,reference_r1,1.7460180000000003,0.0859659999999999,200901,1.6600520000000003
LA-SV,200902,2,climatology,reference_r1,0.6034219999999999,0.0134819999999999,200901,0.58994
LA-SV,200903,3,climatology,reference_r1,1.0848110000000002,0.11032,200901,0.9744910000000002
LA-SV,200904,1,climatology,reference_r1,5.027028,0.174683,200904,4.852345
LA-SV,200905,2,climatology,reference_r1,23.760858999999996,1.249162,200904,22.511696999999998
LA-SV,200906,3,climatology,reference_r1,63.428528,1.7302809999999995,200904,61.698247
LA-SV,200907,1,climatology,reference_r1,123.24315,30.152889999999957,200907,93.09026000000004
LA-SV,200908,2,climatology,reference_r1,102.30625,30.933273999999983,200907,71.37297600000002
LA-SV,200909,3,climatology,reference_r1,77.799763,36.888075999999955,200907,40.91168700000004
LA-SV,200910,1,climatology,reference_r1,41.95170999999999,6.586860999999999,200910,35.36484899999999
LA-SV,200911,2,climatology,reference_r1,12.497231,16.811281,200910,-4.314050000000002
LA-SV,200912,3,climatology,reference_r1,6.103097000000002,1.8371329999999997,200910,4.265964000000002
LA-VT,200801,1,climatology,reference_r1,10.87,10.714584000000002,200801,0.1554159999999971
LA-VT,200802,2,climatology,reference_r1,9.38,3.996601000000001,200801,5.383399
LA-VT,200803,3,climatology,reference_r1,4.52,16.522857000000002,200801,-12.002857000000002
LA-VT,200804,1,climatology,reference_r1,36.69,11.819135,200804,24.870865
LA-VT,200805,2,climatology,reference_r1,62.27,25.304015999999997,200804,36.965984000000006
LA-VT,200806,3,climatology,reference_r1,83.00999999999999,72.77900499999998,200804,10.230995000000007
LA-VT,200807,1,climatology,reference_r1,191.24999999999997,79.62387999999999,200807,111.62611999999999
LA-VT,200808,2,climatology,reference_r1,165.86,84.09198400000002,200807,81.76801599999999
LA-VT,200809,3,climatology,reference_r1,113.29999999999998,96.71268599999996,200807,16.58731400000002
LA-VT,200810,1,climatology,reference_r1,129.48000000000002,35.38703000000001,200810,94.09297000000001
LA-VT,200811,2,climatology,reference_r1,36.84,61.523733,200810,-24.683732999999997
LA-VT,200812,3,climatology,reference_r1,17.979999999999997,53.204702,200810,-35.224702
LA-VT,200901,1,climatology,reference_r1,7.815081999999997,19.474863,200901,-11.659781000000002
LA-VT,200902,2,climatology,reference_r1,3.934482,14.463068,200901,-10.528586
LA-VT,200903,3,climatology,reference_r1,7.282829999999999,6.282218,200901,1.0006119999999985
LA-VT,200904,1,climatology,reference_r1,9.680054000000002,10.609374,200904,-0.9293199999999988
LA-VT,200905,2,climatology,reference_r1,27.720475,108.37036799999998,200904,-80.64989299999999
LA-VT,200906,3,climatology,reference_r1,38.075081999999995,166.441737,200904,-128.36665499999998
LA-VT,200907,1,climatology,reference_r1,86.36204900000001,180.23592699999995,200907,-93.87387799999993
LA-VT,200908,2,climatology,reference_r1,101.891894,206.069892,200907,-104.17799800000002
LA-VT,200909,3,climatology,reference_r1,112.384425,279.660473,200907,-167.27604800000003
LA-VT,200910,1,climatology,reference_r1,145.485435,193.724737,200910,-48.23930200000001
LA-VT,200911,2,climatology,reference_r1,297.66520299999996,279.928436,200910,17.736766999999986
LA-VT,200912,3,climatology,reference_r1,224.551238,210.736437,200910,13.814801000000017
LA-XA,200801,1,climatology,reference_r1,0.17,1.1126930000000002,200801,-0.9426930000000001
LA-XA,200802,2,climatology,reference_r1,0.9500000000000002,0.234801,200801,0.7151990000000001
LA-XA,200803,3,climatology,reference_r1,0.7399999999999998,0.139513,200801,0.6004869999999998
LA-XA,200804,1,climatology,reference_r1,3.460000000000001,0.7268720000000002,200804,2.7331280000000007
LA-XA,200805,2,climatology,reference_r1,5.659999999999997,1.3175499999999998,200804,4.342449999999997
LA-XA,200806,3,climatology,reference_r1,14.03,2.1461239999999995,200804,11.883876
LA-XA,200807,1,climatology,reference_r1,24.69,10.850281999999993,200807,13.839718000000008
LA-XA,200808,2,climatology,reference_r1,9.729999999999997,4.105643000000001,200807,5.624356999999996
LA-XA,200809,3,climatology,reference_r1,4.75,2.502944999999997,200807,2.247055000000003
LA-XA,200810,1,climatology,reference_r1,1.5699999999999994,1.5478009999999998,200810,0.022198999999999636
LA-XA,200811,2,climatology,reference_r1,1.83,0.7231389999999998,200810,1.1068610000000003
LA-XA,200812,3,climatology,reference_r1,1.9600000000000009,0.394121,200810,1.565879000000001
LA-XA,200901,1,climatology,reference_r1,0.1407769999999999,0.0975379999999999,200901,0.043239
LA-XA,200902,2,climatology,reference_r1,0.7866949999999999,0.030936,200901,0.755759
LA-XA,200903,3,climatology,reference_r1,0.6127940000000001,0.212916,200901,0.39987800000000007
LA-XA,200904,1,climatology,reference_r1,2.8624980000000004,0.2745100000000001,200904,2.587988
LA-XA,200905,2,climatology,reference_r1,4.777046000000006,1.0569640000000002,200904,3.7200820000000054
LA-XA,200906,3,climatology,reference_r1,13.430243,5.6558589999999995,200904,7.774384000000001
LA-XA,200907,1,climatology,reference_r1,22.570512,6.654525,200907,15.915987000000001
LA-XA,200908,2,climatology,reference_r1,13.305413,22.004283,200907,-8.698870000000001
LA-XA,200909,3,climatology,reference_r1,6.654747,6.667822999999991,200907,-0.013075999999990984
LA-XA,200910,1,climatology,reference_r1,2.0250260000000004,4.262353999999998,200910,-2.237327999999998
LA-XA,200911,2,climatology,reference_r1,3.421968000000001,1.7879880000000004,200910,1.6339800000000007
LA-XA,200912,3,climatology,reference_r1,1.5319850000000006,1.54066,200910,-0.008674999999999322
LA-XE,200801,1,climatology,reference_r1,0.09,0.014126,200801,0.075874
LA-XE,200802,2,climatology,reference_r1,0.12,0.00859,200801,0.11141
LA-XE,200803,3,climatology,reference_r1,0.0,0.003414,200801,-0.003414
LA-XE,200804,1,climatology,reference_r1,0.0246419999999999,0.0088569999999999,200804,0.015785
LA-XE,200805,2,climatology,reference_r1,0.08,0.037743,200804,0.042257
LA-XE,200806,3,climatology,reference_r1,3.15,4.076605000000001,200804,-0.9266050000000008
LA-XE,200807,1,climatology,reference_r1,0.4000000000000001,0.2786010000000001,200807,0.12139899999999998
LA-XE,200808,2,climatology,reference_r1,0.1899999999999999,0.3408239999999995,200807,-0.15082399999999963
LA-XE,200809,3,climatology,reference_r1,0.6699999999999999,0.646874,200807,0.02312599999999998
LA-XE,200810,1,climatology,reference_r1,0.5599999999999998,0.0473129999999999,200810,0.5126869999999999
LA-XE,200811,2,climatology,reference_r1,0.0246419999999999,0.0126799999999999,200810,0.011962
LA-XE,200812,3,climatology,reference_r1,0.790321,0.896913,200810,-0.10659199999999991
LA-XE,200901,1,climatology,reference_r1,0.074529,0.0067139999999999,200901,0.0678150000000001
LA-XE,200902,2,climatology,reference_r1,1.371372,1.873414,200901,-0.5020419999999999
LA-XE,200903,3,climatology,reference_r1,2.0,1.755445,200901,0.24455500000000008
LA-XE,200904,1,climatology,reference_r1,0.8200000000000001,0.534985,200904,0.285015
LA-XE,200905,2,climatology,reference_r1,1.338248,0.924619,200904,0.41362900000000014
LA-XE,200906,3,climatology,reference_r1,6.6023309999999995,5.835069,200904,0.7672619999999997
LA-XE,200907,1,climatology,reference_r1,26.41924,24.722913999999996,200907,1.6963260000000027
LA-XE,200908,2,climatology,reference_r1,25.883339,22.169993,200907,3.713345999999998
LA-XE,200909,3,climatology,reference_r1,4.097554,4.003242999999999,200907,0.09431100000000026
LA-XE,200910,1,climatology,reference_r1,4.551736,2.638095999999999,200910,1.913640000000001
LA-XE,200911,2,climatology,reference_r1,2.6199999999999997,2.4022140000000007,200910,0.21778599999999892
LA-XE,200912,3,climatology,reference_r1,6.64,6.235538999999999,200910,0.4044610000000004
LA-XI,200801,1,climatology,reference_r1,0.0,0.000445,200801,-0.000445
LA-XI,200802,2,climatology,reference_r1,0.0,0.000226,200801,-0.000226
LA-XI,200803,3,climatology,reference_r1,0.0,0.0004499999999999,200801,-0.0004499999999999
LA-XI,200804,1,climatology,reference_r1,0.0,0.0002979999999999,200804,-0.0002979999999999
LA-XI,200805,2,climatology,reference_r1,0.0,0.001346,200804,-0.001346
LA-XI,200806,3,climatology,reference_r1,1.0,0.935106,200804,0.06489400000000001
LA-XI,200807,1,climatology,reference_r1,0.0,0.2479899999999997,200807,-0.2479899999999997
LA-XI,200808,2,climatology,reference_r1,0.02,0.2407529999999997,200807,-0.2207529999999997
LA-XI,200809,3,climatology,reference_r1,0.01,0.247541,200807,-0.237541
LA-XI,200810,1,climatology,reference_r1,0.0,0.0105359999999999,200810,-0.0105359999999999
LA-XI,200811,2,climatology,reference_r1,0.01,0.0017099999999999,200810,0.0082900000000001
LA-XI,200812,3,climatology,reference_r1,0.0,0.0007599999999999,200810,-0.0007599999999999
LA-XI,200901,1,climatology,reference_r1,0.0,0.000902,200901,-0.000902
LA-XI,200902,2,climatology,reference_r1,0.0,0.001051,200901,-0.001051
LA-XI,200903,3,climatology,reference_r1,0.0,0.0015239999999999,200901,-0.0015239999999999
LA-XI,200904,1,climatology,reference_r1,0.0,0.0002669999999999,200904,-0.0002669999999999
LA-XI,200905,2,climatology,reference_r1,39.0,38.934755,200904,0.06524499999999733
LA-XI,200906,3,climatology,reference_r1,32.826281,32.807079,200904,0.01920199999999994
LA-XI,200907,1,climatology,reference_r1,1.0,0.7653860000000012,200907,0.23461399999999877
LA-XI,200908,2,climatology,reference_r1,9.652562,6.952957999999999,200907,2.699604000000001
LA-XI,200909,3,climatology,reference_r1,0.0082809999999999,0.5359949999999998,200907,-0.5277139999999999
LA-XI,200910,1,climatology,reference_r1,0.0,1.1083820000000002,200910,-1.1083820000000002
LA-XI,200911,2,climatology,reference_r1,0.0082809999999999,0.3309709999999999,200910,-0.32269000000000003
LA-XI,200912,3,climatology,reference_r1,0.0,0.180008,200910,-0.180008
LA-AT,200801,1,climatology,reference_r2,4.0,2.870029,200801,1.1299709999999998
LA-AT,200802,2,climatology,reference_r2,1.63,1.166247,200801,0.46375299999999986
LA-AT,200803,3,climatology,reference_r2,0.0,0.0779409999999999,200801,-0.0779409999999999
LA-AT,200804,1,climatology,reference_r2,0.02,0.4965809999999999,200804,-0.47658099999999987
LA-AT,200805,2,climatology,reference_r2,3.45,2.053591,200804,1.3964090000000002
LA-AT,200806,3,climatology,reference_r2,8.86,5.099836,200804,3.7601639999999996
LA-AT,200807,1,climatology,reference_r2,4.54,3.6795430000000096,200807,0.8604569999999905
LA-AT,200808,2,climatology,reference_r2,9.47,6.903518999999996,200807,2.566481000000005
LA-AT,200809,3,climatology,reference_r2,17.57,17.34541,200807,0.22458999999999918
LA-AT,200810,1,climatology,reference_r2,38.95,30.636712000000003,200810,8.313288
LA-AT,200811,2,climatology,reference_r2,43.0,36.745142,200810,6.254857999999999
LA-AT,200812,3,climatology,reference_r2,22.28,17.612139,200810,4.667861000000002
LA-AT,200901,1,climatology,reference_r2,17.305124,8.47136,200901,8.833763999999999
LA-AT,200902,2,climatology,reference_r2,45.164529,39.265982,200901,5.898547000000001
LA-AT,200903,3,climatology,reference_r2,77.0,59.574331,200901,17.425669
LA-AT,200904,1,climatology,reference_r2,98.652562,49.116268,200904,49.536294000000005
LA-AT,200905,2,climatology,reference_r2,0.1242149999999999,51.268833999999984,200904,-51.144618999999985
LA-AT,200906,3,climatology,reference_r2,21.319868,35.279944,200904,-13.960076
LA-AT,200907,1,climatology,reference_r2,61.750116,47.680179,200907,14.069936999999996
LA-AT,200908,2,climatology,reference_r2,17.823736,14.664608,200907,3.159128000000001
LA-AT,200909,3,climatology,reference_r2,10.060613,9.823124,200907,0.23748900000000006
LA-AT,200910,1,climatology,reference_r2,4.830283999999999,5.629828,200910,-0.7995440000000009
LA-AT,200911,2,climatology,reference_r2,13.444083,7.106491000000002,200910,6.337591999999997
LA-AT,200912,3,climatology,reference_r2,4.502959,4.375648999999999,200910,0.12731000000000048
LA-BK,200801,1,climatology,reference_r2,0.81,0.948692,200801,-0.13869199999999993
LA-BK,200802,2,climatology,reference_r2,0.01,9.99999999999916e-07,200801,0.009999000000000001
LA-BK,200803,3,climatology,reference_r2,0.01,5.00000000000023e-06,200801,0.009995
LA-BK,200804,1,climatology,reference_r2,0.01,0.0919389999999999,200804,-0.0819389999999999
LA-BK,200805,2,climatology,reference_r2,11.64,8.282046999999999,200804,3.357953000000002
LA-BK,200806,3,climatology,reference_r2,52.17,46.60701,200804,5.562989999999999
LA-BK,200807,1,climatology,reference_r2,0.6600000000000001,1.8842029999999992,200807,-1.224202999999999
LA-BK,200808,2,climatology,reference_r2,6.84,5.801938,200807,1.038062
LA-BK,200809,3,climatology,reference_r2,29.34,21.645176,200807,7.6948240000000006
LA-BK,200810,1,climatology,reference_r2,44.92,22.942771000000008,200810,21.977228999999994
LA-BK,200811,2,climatology,reference_r2,55.0,48.272275,200810,6.7277249999999995
LA-BK,200812,3,climatology,reference_r2,5.0,2.9151080000000005,200810,2.0848919999999995
LA-BK,200901,1,climatology,reference_r2,0.6691239999999999,0.463794,200901,0.20532999999999996
LA-BK,200902,2,climatology,reference_r2,0.0082809999999999,0.269102,200901,-0.2608210000000001
LA-BK,200903,3,climatology,reference_r2,0.826281,0.586875,200901,0.239406
LA-BK,200904,1,climatology,reference_r2,2.826281,1.318219,200904,1.5080619999999998
LA-BK,200905,2,climatology,reference_r2,71.61762,43.200038,200904,28.417582000000003
LA-BK,200906,3,climatology,reference_r2,206.10648,146.591438,200904,59.515041999999994
LA-BK,200907,1,climatology,reference_r2,209.635455,184.315415,200907,25.320040000000006
LA-BK,200908,2,climatology,reference_r2,106.650017,90.208952,200907,16.44106500000001
LA-BK,200909,3,climatology,reference_r2,43.240067,39.497511,200907,3.7425560000000004
LA-BK,200910,1,climatology,reference_r2,23.210034,21.675027,200910,1.5350070000000002
LA-BK,200911,2,climatology,reference_r2,4.5454550000000005,16.155339999999995,200910,-11.609884999999995
LA-BK,200912,3,climatology,reference_r2,3.313405,4.625311999999999,200910,-1.3119069999999993
LA-BL,200801,1,climatology,reference_r2,5.6899999999999995,5.211004,200801,0.47899599999999953
LA-BL,200802,2,climatology,reference_r2,2.88,5.742271,200801,-2.862271
LA-BL,200803,3,climatology,reference_r2,2.29,0.3935499999999999,200801,1.8964500000000002
LA-BL,200804,1,climatology,reference_r2,2.8299999999999996,1.801488,200804,1.0285119999999996
LA-BL,200805,2,climatology,reference_r2,9.2,11.091016,200804,-1.8910160000000005
LA-BL,200806,3,climatology,reference_r2,10.070000000000002,11.807714,200804,-1.7377139999999986
LA-BL,200807,1,climatology,reference_r2,27.62,19.489928999999997,200807,8.130071000000004
LA-BL,200808,2,climatology,reference_r2,19.03,20.422767,200807,-1.3927669999999992
LA-BL,200809,3,climatology,reference_r2,25.370000000000005,18.832101999999992,200807,6.537898000000013
LA-BL,200810,1,climatology,reference_r2,16.870000000000005,10.138714000000004,200810,6.731286000000001
LA-BL,200811,2,climatology,reference_r2,6.290000000000001,3.98417,200810,2.3058300000000007
LA-BL,200812,3,climatology,reference_r2,2.05,0.9679320000000002,200810,1.0820679999999996
LA-BL,200901,1,climatology,reference_r2,0.7038849999999999,0.727095,200901,-0.023210000000000175
LA-BL,200902,2,climatology,reference_r2,0.926381,1.7457879999999997,200901,-0.8194069999999997
LA-BL,200903,3,climatology,reference_r2,2.5287120000000005,0.9977959999999996,200901,1.5309160000000008
LA-BL,200904,1,climatology,reference_r2,2.7938859999999996,0.7688329999999999,200904,2.0250529999999998
LA-BL,200905,2,climatology,reference_r2,17.157429000000004,4.063975000000001,200904,13.093454000000003
LA-BL,200906,3,climatology,reference_r2,16.873330000000003,5.191542999999999,200904,11.681787000000003
LA-BL,200907,1,climatology,reference_r2,20.996472,21.442379000000003,200907,-0.44590700000000183
LA-BL,200908,2,climatology,reference_r2,33.260011999999996,5.833576000000001,200907,27.426435999999995
LA-BL,200909,3,climatology,reference_r2,41.130528,5.436509999999998,200907,35.694018
LA-BL,200910,1,climatology,reference_r2,17.210586000000003,5.468042999999998,200910,11.742543000000005
LA-BL,200911,2,climatology,reference_r2,11.201476,2.460592,200910,8.740884
LA-BL,200912,3,climatology,reference_r2,1.6965139999999996,0.6904659999999998,200910,1.0060479999999998
LA-CH,200801,1,climatology,reference_r2,47.5,29.400878,200801,18.099122
LA-CH,200802,2,climatology,reference_r2,53.03999999999999,41.710931,200801,11.32906899999999
LA-CH,200803,3,climatology,reference_r2,50.58,48.63571,200801,1.9442899999999952
LA-CH,200804,1,climatology,reference_r2,31.85,36.551064,200804,-4.701063999999995
LA-CH,200805,2,climatology,reference_r2,38.959999999999994,61.931813000000005,200804,-22.97181300000001
LA-CH,200806,3,climatology,reference_r2,127.17000000000002,169.26722999999998,200804,-42.09722999999997
LA-CH,200807,1,climatology,reference_r2,41.25,95.311037,200807,-54.061037
LA-CH,200808,2,climatology,reference_r2,42.510000000000005,91.334289,200807,-48.82428899999999
LA-CH,200809,3,climatology,reference_r2,49.599999999999994,123.56388700000002,200807,-73.96388700000003
LA-CH,200810,1,climatology,reference_r2,37.669999999999995,48.776076,200810,-11.106076000000009
LA-CH,200811,2,climatology,reference_r2,41.07000000000001,49.353605,200810,-8.283604999999994
LA-CH,200812,3,climatology,reference_r2,33.34,34.683201999999994,200810,-1.343201999999991
LA-CH,200901,1,climatology,reference_r2,10.890717,10.119243,200901,0.7714739999999995
LA-CH,200902,2,climatology,reference_r2,19.093116999999996,27.214198000000003,200901,-8.121081000000007
LA-CH,200903,3,climatology,reference_r2,21.42854,22.387956999999997,200901,-0.9594169999999949
LA-CH,200904,1,climatology,reference_r2,53.487149,39.571918,200904,13.915231000000006
LA-CH,200905,2,climatology,reference_r2,19.053490000000004,77.67261800000003,200904,-58.619128000000025
LA-CH,200906,3,climatology,reference_r2,30.695037999999997,71.83555600000003,200904,-41.14051800000003
LA-CH,200907,1,climatology,reference_r2,45.004213,72.095211,200907,-27.090998000000006
LA-CH,200908,2,climatology,reference_r2,44.17307600000001,64.89548500000001,200907,-20.722409
LA-CH,200909,3,climatology,reference_r2,32.110839000000006,60.58468499999998,200907,-28.473845999999973
LA-CH,200910,1,climatology,reference_r2,23.227603,20.648829,200910,2.5787739999999992
LA-CH,200911,2,climatology,reference_r2,12.418226999999998,20.115042000000003,200910,-7.696815000000004
LA-CH,200912,3,climatology,reference_r2,14.757385999999997,11.842319999999994,200910,2.915066000000003
LA-HO,200801,1,climatology,reference_r2,0.01,0.0028089999999999,200801,0.0071910000000001
LA-HO,200802,2,climatology,reference_r2,0.01,0.001024,200801,0.008976
LA-HO,200803,3,climatology,reference_r2,0.01,0.0061849999999999,200801,0.0038150000000001004
LA-HO,200804,1,climatology,reference_r2,0.01,0.01699,200804,-0.006990000000000001
LA-HO,200805,2,climatology,reference_r2,0.0,0.0505309999999999,200804,-0.0505309999999999
LA-HO,200806,3,climatology,reference_r2,0.0599999999999999,0.106754,200804,-0.0467540000000001
LA-HO,200807,1,climatology,reference_r2,0.1999999999999999,0.4200189999999999,200807,-0.22001900000000002
LA-HO,200808,2,climatology,reference_r2,0.0,0.4557479999999998,200807,-0.4557479999999998
LA-HO,200809,3,climatology,reference_r2,0.6900000000000002,0.8657190000000003,200807,-0.17571900000000018
LA-HO,200810,1,climatology,reference_r2,0.02,0.07379,200810,-0.05378999999999999
LA-HO,200811,2,climatology,reference_r2,0.0,0.007235,200810,-0.007235
LA-HO,200812,3,climatology,reference_r2,0.65,0.8987419999999999,200810,-0.2487419999999999
LA-HO,200901,1,climatology,reference_r2,0.0082809999999999,0.0168959999999999,200901,-0.008615000000000001
LA-HO,200902,2,climatology,reference_r2,0.0082809999999999,0.0283689999999999,200901,-0.020088
LA-HO,200903,3,climatology,reference_r2,0.0082809999999999,0.0238049999999999,200901,-0.015524
LA-HO,200904,1,climatology,reference_r2,0.0082809999999999,0.00596,200904,0.0023209999999998995
LA-HO,200905,2,climatology,reference_r2,0.0,0.014989,200904,-0.014989
LA-HO,200906,3,climatology,reference_r2,0.049686,0.0415379999999999,200904,0.0081480000000001
LA-HO,200907,1,climatology,reference_r2,0.16562,0.3486150000000005,200907,-0.18299500000000052
LA-HO,200908,2,climatology,reference_r2,0.0,0.568760000000001,200907,-0.568760000000001
LA-HO,200909,3,climatology,reference_r2,0.5699339999999999,0.782449999999999,200907,-0.21251599999999904
LA-HO,200910,1,climatology,reference_r2,0.834562,0.5915029999999999,200910,0.24305900000000014
LA-HO,200911,2,climatology,reference_r2,1.0,0.7675,200910,0.23250000000000004
LA-HO,200912,3,climatology,reference_r2,0.53681,0.88176,200910,-0.34495
LA-KH,200801,1,climatology,reference_r2,1.1499999999999997,0.8436089999999998,200801,0.30639099999999986
LA-KH,200802,2,climatology,reference_r2,0.1499999999999999,0.1006579999999999,200801,0.04934200000000001
LA-KH,200803,3,climatology,reference_r2,0.04,0.084513,200801,-0.044513000000000004
LA-KH,200804,1,climatology,reference_r2,0.1099999999999999,0.3475000000000001,200804,-0.23750000000000018
LA-KH,200805,2,climatology,reference_r2,1.38,0.8777169999999996,200804,0.5022830000000003
LA-KH,200806,3,climatology,reference_r2,8.940000000000001,2.284251000000001,200804,6.655749
LA-KH,200807,1,climatology,reference_r2,35.06999999999999,4.221245999999994,200807,30.848754
LA-KH,200808,2,climatology,reference_r2,37.92,4.132339000000002,200807,33.787661
LA-KH,200809,3,climatology,reference_r2,14.089999999999996,4.838402000000002,200807,9.251597999999994
LA-KH,200810,1,climatology,reference_r2,5.470000000000001,0.712469,200810,4.757531
LA-KH,200811,2,climatology,reference_r2,1.4299999999999995,1.6994600000000002,200810,-0.2694600000000007
LA-KH,200812,3,climatology,reference_r2,3.69,3.2335190000000003,200810,0.4564809999999997
LA-KH,200901,1,climatology,reference_r2,0.9523149999999996,0.095673,200901,0.8566419999999996
LA-KH,200902,2,climatology,reference_r2,0.1242149999999999,0.0148939999999999,200901,0.109321
LA-KH,200903,3,climatology,reference_r2,5.305124,4.787865,200901,0.5172590000000001
LA-KH,200904,1,climatology,reference_r2,0.091091,0.319434,200904,-0.228343
LA-KH,200905,2,climatology,reference_r2,4.0487779999999995,2.2428190000000003,200904,1.8059589999999992
LA-KH,200906,3,climatology,reference_r2,46.36775900000001,63.818406,200904,-17.450646999999996
LA-KH,200907,1,climatology,reference_r2,68.223464,113.180951,200907,-44.957486999999986
LA-KH,200908,2,climatology,reference_r2,171.36027,238.574493,200907,-67.21422299999998
LA-KH,200909,3,climatology,reference_r2,187.121383,223.8797,200907,-36.758317000000005
LA-KH,200910,1,climatology,reference_r2,57.593343,42.39027300000001,200910,15.20306999999999
LA-KH,200911,2,climatology,reference_r2,54.814001,22.924324999999996,200910,31.889676
LA-KH,200912,3,climatology,reference_r2,52.764233,30.880674000000003,200910,21.883558999999995
LA-LM,200801,1,climatology,reference_r2,0.0,0.000226,200801,-0.000226
LA-LM,200802,2,climatology,reference_r2,0.0,8.099999999999948e-05,200801,-8.099999999999948e-05
LA-LM,200803,3,climatology,reference_r2,0.0499999999999999,4.000000000000097e-06,200801,0.0499959999999999
LA-LM,200804,1,climatology,reference_r2,0.01,0.0301639999999999,200804,-0.020163999999999897
LA-LM,200805,2,climatology,reference_r2,0.0,0.198095,200804,-0.198095
LA-LM,200806,3,climatology,reference_r2,0.0,0.292751,200804,-0.292751
LA-LM,200807,1,climatology,reference_r2,0.0499999999999999,1.0682200000000002,200807,-1.0182200000000003
LA-LM,200808,2,climatology,reference_r2,0.0299999999999999,0.5533980000000005,200807,-0.5233980000000006
LA-LM,200809,3,climatology,reference_r2,0.0,0.5952210000000004,200807,-0.5952210000000004
LA-LM,200810,1,climatology,reference_r2,0.09,0.0238269999999999,200810,0.06617300000000009
LA-LM,200811,2,climatology,reference_r2,0.02,0.002683,200810,0.017317
LA-LM,200812,3,climatology,reference_r2,0.0,0.000148,200810,-0.000148
LA-LM,200901,1,climatology,reference_r2,0.0,0.0001019999999999,200901,-0.0001019999999999
LA-LM,200902,2,climatology,reference_r2,0.0,9.99999999999994e-05,200901,-9.99999999999994e-05
LA-LM,200903,3,climatology,reference_r2,0.041405,0.0004839999999999,200901,0.040921000000000096
LA-LM,200904,1,climatology,reference_r2,0.826281,0.94868,200904,-0.12239899999999992
LA-LM,200905,2,climatology,reference_r2,0.0,0.0033749999999999,200904,-0.0033749999999999
LA-LM,200906,3,climatology,reference_r2,2.0,1.778816,200904,0.22118400000000005
LA-LM,200907,1,climatology,reference_r2,0.677405,0.942513,200907,-0.265108
LA-LM,200908,2,climatology,reference_r2,0.024843,1.34788,200907,-1.323037
LA-LM,200909,3,climatology,reference_r2,4.0,2.340674,200907,1.659326
LA-LM,200910,1,climatology,reference_r2,4.164529,2.816205,200910,1.3483239999999999
LA-LM,200911,2,climatology,reference_r2,5.652562,4.455114999999999,200910,1.1974470000000004
LA-LM,200912,3,climatology,reference_r2,4.0,3.353251,200910,0.6467489999999998
LA-LP,200801,1,climatology,reference_r2,0.1999999999999999,0.7571660000000002,200801,-0.5571660000000003
LA-LP,200802,2,climatology,reference_r2,13.92,14.267759,200801,-0.34775899999999993
LA-LP,200803,3,climatology,reference_r2,20.81,20.295906,200801,0.514094
LA-LP,200804,1,climatology,reference_r2,31.229999999999997,31.738872000000004,200804,-0.5088720000000073
LA-LP,200805,2,climatology,reference_r2,107.3,112.771204,200804,-5.471204
LA-LP,200806,3,climatology,reference_r2,132.97,153.205867,200804,-20.235867000000013
LA-LP,200807,1,climatology,reference_r2,10.659999999999998,9.993556000000003,200807,0.6664439999999949
LA-LP,200808,2,climatology,reference_r2,12.43,8.205945999999997,200807,4.224054000000002
LA-LP,200809,3,climatology,reference_r2,10.5,8.876618,200807,1.6233819999999994
LA-LP,200810,1,climatology,reference_r2,9.55,16.71071,200810,-7.160709999999998
LA-LP,200811,2,climatology,reference_r2,103.0,108.873379,200810,-5.873379
LA-LP,200812,3,climatology,reference_r2,126.82,157.84191199999998,200810,-31.021911999999986
LA-LP,200901,1,climatology,reference_r2,0.16562,8.096719,200901,-7.931099000000001
LA-LP,200902,2,climatology,reference_r2,0.5962320000000001,4.327036,200901,-3.7308039999999996
LA-LP,200903,3,climatology,reference_r2,0.4720169999999997,11.661655999999995,200901,-11.189638999999996
LA-LP,200904,1,climatology,reference_r2,0.8104469999999999,11.652033,200904,-10.841586
LA-LP,200905,2,climatology,reference_r2,3.589589,35.67989000000001,200904,-32.09030100000001
LA-LP,200906,3,climatology,reference_r2,5.813261999999998,70.77148200000002,200904,-64.95822000000003
LA-LP,200907,1,climatology,reference_r2,4.452995999999999,20.486870999999997,200907,-16.033875
LA-LP,200908,2,climatology,reference_r2,8.377825999999999,20.185861999999997,200907,-11.808035999999998
LA-LP,200909,3,climatology,reference_r2,238.358321,283.036426,200907,-44.678105000000016
LA-LP,200910,1,climatology,reference_r2,126.23871400000002,73.503249,200910,52.73546500000002
LA-LP,200911,2,climatology,reference_r2,61.383126999999995,35.459931,200910,25.923195999999997
LA-LP,200912,3,climatology,reference_r2,7.821726000000002,5.855303000000001,200910,1.9664230000000007
LA-OU,200801,1,climatology,reference_r2,0.0,0.0012409999999999,200801,-0.0012409999999999
LA-OU,200802,2,climatology,reference_r2,0.0,6.399999999999982e-05,200801,-6.399999999999982e-05
LA-OU,200803,3,climatology,reference_r2,0.0,8.099999999999948e-05,200801,-8.099999999999948e-05
LA-OU,200804,1,climatology,reference_r2,0.0,0.080944,200804,-0.080944
LA-OU,200805,2,climatology,reference_r2,0.01,0.3718069999999998,200804,-0.36180699999999977
LA-OU,200806,3,climatology,reference_r2,0.01,0.6405690000000002,200804,-0.6305690000000002
LA-OU,200807,1,climatology,reference_r2,0.04,1.957936,200807,-1.9179359999999999
LA-OU,200808,2,climatology,reference_r2,0.12,1.3450399999999991,200807,-1.225039999999999
LA-OU,200809,3,climatology,reference_r2,0.04,1.5896340000000002,200807,-1.5496340000000002
LA-OU,200810,1,climatology,reference_r2,0.0799999999999999,0.0335859999999999,200810,0.046414000000000004
LA-OU,200811,2,climatology,reference_r2,0.01,0.003444,200810,0.006556
LA-OU,200812,3,climatology,reference_r2,0.0,0.000635,200810,-0.000635
LA-OU,200901,1,climatology,reference_r2,0.0,0.0002339999999999,200901,-0.0002339999999999
LA-OU,200902,2,climatology,reference_r2,0.0,0.0002249999999999,200901,-0.0002249999999999
LA-OU,200903,3,climatology,reference_r2,0.0,0.0002339999999999,200901,-0.0002339999999999
LA-OU,200904,1,climatology,reference_r2,0.0,0.00073,200904,-0.00073
LA-OU,200905,2,climatology,reference_r2,0.0082809999999999,0.0065199999999999,200904,0.0017609999999999995
LA-OU,200906,3,climatology,reference_r2,0.0082809999999999,0.0146779999999999,200904,-0.006397
LA-OU,200907,1,climatology,reference_r2,0.0331239999999999,1.6200480000000006,200907,-1.5869240000000007
LA-OU,200908,2,climatology,reference_r2,0.7353719999999999,2.1309520000000006,200907,-1.3955800000000007
LA-OU,200909,3,climatology,reference_r2,14.669124,9.051423,200907,5.617701
LA-OU,200910,1,climatology,reference_r2,4.974247999999999,2.259908,200910,2.7143399999999995
LA-OU,200911,2,climatology,reference_r2,12.826281,8.562932,200910,4.263349
LA-OU,200912,3,climatology,reference_r2,18.0,16.293002,200910,1.7069979999999987
LA-PH,200901,1,climatology,reference_r2,0.0,0.017178,200901,-0.017178
LA-PH,200902,2,climatology,reference_r2,0.0,0.0116239999999999,200901,-0.0116239999999999
LA-PH,200903,3,climatology,reference_r2,0.0,0.015307,200901,-0.015307
LA-PH,200904,1,climatology,reference_r2,0.0,0.0035339999999999,200904,-0.0035339999999999
LA-PH,200905,2,climatology,reference_r2,0.0,0.0082129999999999,200904,-0.0082129999999999
LA-PH,200906,3,climatology,reference_r2,0.0,0.026865,200904,-0.026865
LA-PH,200907,1,climatology,reference_r2,0.0,0.2463779999999999,200907,-0.2463779999999999
LA-PH,200909,3,climatology,reference_r2,0.04,0.4324589999999997,200907,-0.3924589999999997
LA-PH,200910,1,climatology,reference_r2,0.0,0.013547,200910,-0.013547
LA-PH,200911,2,climatology,reference_r2,0.0,0.0079899999999999,200910,-0.0079899999999999
LA-PH,200912,3,climatology,reference_r2,0.0,0.001654,200910,-0.001654
LA-SL,200801,1,climatology,reference_r2,0.1099999999999999,0.9609960000000002,200801,-0.8509960000000003
LA-SL,200802,2,climatology,reference_r2,1.0,0.4065709999999998,200801,0.5934290000000002
LA-SL,200803,3,climatology,reference_r2,4.62,3.618485,200801,1.001515
LA-SL,200804,1,climatology,reference_r2,2.0,1.2881089999999995,200804,0.7118910000000005
LA-SL,200805,2,climatology,reference_r2,82.75,88.681095,200804,-5.931094999999999
LA-SL,200806,3,climatology,reference_r2,206.97,182.102189,200804,24.86781099999999
LA-SL,200807,1,climatology,reference_r2,75.25,48.087969999999984,200807,27.162030000000016
LA-SL,200808,2,climatology,reference_r2,52.45,37.69212300000001,200807,14.757876999999993
LA-SL,200809,3,climatology,reference_r2,76.05,56.927235,200807,19.122764999999994
LA-SL,200810,1,climatology,reference_r2,89.54,38.914912,200810,50.625088000000005
LA-SL,200811,2,climatology,reference_r2,19.16,7.517941000000002,200810,11.642058999999998
LA-SL,200812,3,climatology,reference_r2,5.69,2.700215,200810,2.9897850000000004
LA-SL,200901,1,climatology,reference_r2,0.545091,1.8186020000000005,200901,-1.2735110000000005
LA-SL,200902,2,climatology,reference_r2,23.826281,19.869148000000003,200901,3.957132999999999
LA-SL,200903,3,climatology,reference_r2,23.817091,13.274758,200901,10.542333000000001
LA-SL,200904,1,climatology,reference_r2,18.652562,6.034967999999999,200904,12.617594
LA-SL,200905,2,climatology,reference_r2,83.899938,45.707485,200904,38.19245300000001
LA-SL,200906,3,climatology,reference_r2,30.133145000000003,34.25086399999999,200904,-4.11771899999999
LA-SL,200907,1,climatology,reference_r2,148.17646399999998,115.541823,200907,32.63464099999999
LA-SL,200908,2,climatology,reference_r2,107.331804,87.82631500000001,200907,19.505488999999997
LA-SL,200909,3,climatology,reference_r2,68.83130799999999,61.209676,200907,7.621631999999991
LA-SL,200910,1,climatology,reference_r2,76.984001,34.766141000000005,200910,42.21786
LA-SL,200911,2,climatology,reference_r2,38.830017000000005,17.021496,200910,21.808521000000006
LA-SL,200912,3,climatology,reference_r2,13.699703,6.997938000000001,200910,6.701764999999998
LA-SV,200801,1,climatology,reference_r2,1.7800000000000002,5.727430999999999,200801,-3.947430999999999
LA-SV,200802,2,climatology,reference_r2,0.6200000000000001,1.0720569999999996,200801,-0.4520569999999995
LA-SV,200803,3,climatology,reference_r2,1.42,0.495967,200801,0.9240329999999999
LA-SV,200804,1,climatology,reference_r2,6.08,2.4851609999999997,200804,3.5948390000000003
LA-SV,200805,2,climatology,reference_r2,27.53,4.594252000000001,200804,22.935748
LA-SV,200806,3,climatology,reference_r2,67.57,16.320681000000008,200804,51.249318999999986
LA-SV,200807,1,climatology,reference_r2,150.21999999999997,22.10757099999998,200807,128.112429
LA-SV,200808,2,climatology,reference_r2,140.25,18.885549999999967,200807,121.36445000000003
LA-SV,200809,3,climatology,reference_r2,115.49,26.240959999999973,200807,89.24904000000002
LA-SV,200810,1,climatology,reference_r2,53.19,3.883800000000001,200810,49.3062
LA-SV,200811,2,climatology,reference_r2,12.810000000000002,0.775015,200810,12.034985000000002
LA-SV,200812,3,climatology,reference_r2,8.030000000000001,0.35477,200810,7.675230000000001
LA-SV,200901,1,climatology,reference_r2,1.7460180000000003,0.0935149999999999,200901,1.6525030000000003
LA-SV,200902,2,climatology,reference_r2,0.6034219999999999,0.0167589999999999,200901,0.586663
LA-SV,200903,3,climatology,reference_r2,1.0848110000000002,0.1169239999999999,200901,0.9678870000000003
LA-SV,200904,1,climatology,reference_r2,5.027028,0.183268,200904,4.84376
LA-SV,200905,2,climatology,reference_r2,23.760858999999996,1.158766,200904,22.602092999999996
LA-SV,200906,3,climatology,reference_r2,63.428528,1.7325730000000004,200904,61.695955
LA-SV,200907,1,climatology,reference_r2,123.24315,30.679626999999986,200907,92.56352300000002
LA-SV,200908,2,climatology,reference_r2,102.30625,34.536985999999956,200907,67.76926400000005
LA-SV,200909,3,climatology,reference_r2,77.799763,37.720864000000006,200907,40.07889899999999
LA-SV,200910,1,climatology,reference_r2,41.95170999999999,7.350740000000002,200910,34.60096999999999
LA-SV,200911,2,climatology,reference_r2,12.497231,14.811204,200910,-2.3139730000000007
LA-SV,200912,3,climatology,reference_r2,6.103097000000002,1.603733999999999,200910,4.499363000000002
LA-VT,200801,1,climatology,reference_r2,10.87,11.966943,200801,-1.0969430000000013
LA-VT,200802,2,climatology,reference_r2,9.38,3.921690000000001,200801,5.45831
LA-VT,200803,3,climatology,reference_r2,4.52,16.988966,200801,-12.468966000000002
LA-VT,200804,1,climatology,reference_r2,36.69,5.232127000000002,200804,31.457872999999996
LA-VT,200805,2,climatology,reference_r2,62.27,11.074110000000005,200804,51.19589
LA-VT,200806,3,climatology,reference_r2,83.00999999999999,33.82941000000001,200804,49.18058999999998
LA-VT,200807,1,climatology,reference_r2,191.24999999999997,82.810205,200807,108.43979499999998
LA-VT,200808,2,climatology,reference_r2,165.86,84.79809499999999,200807,81.06190500000002
LA-VT,200809,3,climatology,reference_r2,113.29999999999998,88.43824000000001,200807,24.861759999999975
LA-VT,200810,1,climatology,reference_r2,129.48000000000002,34.23430500000002,200810,95.245695
LA-VT,200811,2,climatology,reference_r2,36.84,63.076217,200810,-26.236216999999996
LA-VT,200812,3,climatology,reference_r2,17.979999999999997,52.983022000000005,200810,-35.00302200000001
LA-VT,200901,1,climatology,reference_r2,7.815081999999997,19.981765000000003,200901,-12.166683000000006
LA-VT,200902,2,climatology,reference_r2,3.934482,13.921715,200901,-9.987233
LA-VT,200903,3,climatology,reference_r2,7.282829999999999,6.318354999999999,200901,0.9644750000000002
LA-VT,200904,1,climatology,reference_r2,9.680054000000002,11.17111,200904,-1.4910559999999986
LA-VT,200905,2,climatology,reference_r2,27.720475,106.849626,200904,-79.12915100000001
LA-VT,200906,3,climatology,reference_r2,38.075081999999995,173.583861,200904,-135.508779
LA-VT,200907,1,climatology,reference_r2,86.36204900000001,173.3183140000001,200907,-86.95626500000009
LA-VT,200908,2,climatology,reference_r2,101.891894,208.28285299999993,200907,-106.39095899999994
LA-VT,200909,3,climatology,reference_r2,112.384425,270.50272200000006,200907,-158.11829700000007
LA-VT,200910,1,climatology,reference_r2,145.485435,192.928868,200910,-47.443433
LA-VT,200911,2,climatology,reference_r2,297.66520299999996,246.434299,200910,51.23090399999995
LA-VT,200912,3,climatology,reference_r2,224.551238,232.33493500000003,200910,-7.783697000000018
LA-XA,200801,1,climatology,reference_r2,0.17,1.087205,200801,-0.9172049999999999
LA-XA,200802,2,climatology,reference_r2,0.9500000000000002,0.247975,200801,0.7020250000000001
LA-XA,200803,3,climatology,reference_r2,0.7399999999999998,0.158262,200801,0.5817379999999998
LA-XA,200804,1,climatology,reference_r2,3.460000000000001,0.4294739999999999,200804,3.030526000000001
LA-XA,200805,2,climatology,reference_r2,5.659999999999997,1.258622,200804,4.401377999999997
LA-XA,200806,3,climatology,reference_r2,14.03,2.9524669999999995,200804,11.077532999999999
LA-XA,200807,1,climatology,reference_r2,24.69,10.835366,200807,13.854634
LA-XA,200808,2,climatology,reference_r2,9.729999999999997,3.851817999999998,200807,5.878181999999999
LA-XA,200809,3,climatology,reference_r2,4.75,2.27628,200807,2.47372
LA-XA,200810,1,climatology,reference_r2,1.5699999999999994,1.599311,200810,-0.02931100000000053
LA-XA,200811,2,climatology,reference_r2,1.83,0.7601170000000002,200810,1.069883
LA-XA,200812,3,climatology,reference_r2,1.9600000000000009,0.440991,200810,1.519009000000001
LA-XA,200901,1,climatology,reference_r2,0.1407769999999999,0.10459,200901,0.0361869999999999
LA-XA,200902,2,climatology,reference_r2,0.7866949999999999,0.037595,200901,0.7490999999999999
LA-XA,200903,3,climatology,reference_r2,0.6127940000000001,0.212144,200901,0.40065000000000006
LA-XA,200904,1,climatology,reference_r2,2.8624980000000004,0.30185,200904,2.5606480000000005
LA-XA,200905,2,climatology,reference_r2,4.777046000000006,1.2287720000000002,200904,3.5482740000000055
LA-XA,200906,3,climatology,reference_r2,13.430243,5.806432999999999,200904,7.6238100000000015
LA-XA,200907,1,climatology,reference_r2,22.570512,6.875187000000011,200907,15.69532499999999
LA-XA,200908,2,climatology,reference_r2,13.305413,22.443091999999993,200907,-9.137678999999993
LA-XA,200909,3,climatology,reference_r2,6.654747,6.936960999999997,200907,-0.2822139999999962
LA-XA,200910,1,climatology,reference_r2,2.0250260000000004,4.572735999999999,200910,-2.5477099999999986
LA-XA,200911,2,climatology,reference_r2,3.421968000000001,2.5080670000000005,200910,0.9139010000000005
LA-XA,200912,3,climatology,reference_r2,1.5319850000000006,1.1685249999999998,200910,0.3634600000000008
LA-XE,200801,1,climatology,reference_r2,0.09,0.0134849999999999,200801,0.0765150000000001
LA-XE,200802,2,climatology,reference_r2,0.12,0.007958,200801,0.112042
LA-XE,200803,3,climatology,reference_r2,0.0,0.004571,200801,-0.004571
LA-XE,200804,1,climatology,reference_r2,0.0246419999999999,0.025236,200804,-0.0005940000000001014
LA-XE,200805,2,climatology,reference_r2,0.08,0.0677099999999999,200804,0.012290000000000106
LA-XE,200806,3,climatology,reference_r2,3.15,3.517428,200804,-0.3674280000000003
LA-XE,200807,1,climatology,reference_r2,0.4000000000000001,0.4643760000000005,200807,-0.06437600000000043
LA-XE,200808,2,climatology,reference_r2,0.1899999999999999,0.5777359999999998,200807,-0.3877359999999999
LA-XE,200809,3,climatology,reference_r2,0.6699999999999999,0.6821890000000002,200807,-0.012189000000000227
LA-XE,200810,1,climatology,reference_r2,0.5599999999999998,0.046339,200810,0.5136609999999998
LA-XE,200811,2,climatology,reference_r2,0.0246419999999999,0.0087069999999999,200810,0.015934999999999998
LA-XE,200812,3,climatology,reference_r2,0.790321,0.878037,200810,-0.0877159999999999
LA-XE,200901,1,climatology,reference_r2,0.074529,0.008175,200901,0.066354
LA-XE,200902,2,climatology,reference_r2,1.371372,1.89434,200901,-0.5229679999999999
LA-XE,200903,3,climatology,reference_r2,2.0,1.77034,200901,0.22965999999999998
LA-XE,200904,1,climatology,reference_r2,0.8200000000000001,0.515199,200904,0.3048010000000001
LA-XE,200905,2,climatology,reference_r2,1.338248,1.009627,200904,0.32862100000000005
LA-XE,200906,3,climatology,reference_r2,6.6023309999999995,5.777077,200904,0.8252539999999993
LA-XE,200907,1,climatology,reference_r2,26.41924,24.536406,200907,1.882833999999999
LA-XE,200908,2,climatology,reference_r2,25.883339,21.610439999999997,200907,4.2728990000000024
LA-XE,200909,3,climatology,reference_r2,4.097554,3.856923,200907,0.2406309999999996
LA-XE,200910,1,climatology,reference_r2,4.551736,2.772753,200910,1.7789830000000002
LA-XE,200911,2,climatology,reference_r2,2.6199999999999997,9.009448000000006,200910,-6.389448000000007
LA-XE,200912,3,climatology,reference_r2,6.64,6.752690000000001,200910,-0.11269000000000151
LA-XI,200801,1,climatology,reference_r2,0.0,0.000531,200801,-0.000531
LA-XI,200802,2,climatology,reference_r2,0.0,9.99999999999994e-05,200801,-9.99999999999994e-05
LA-XI,200803,3,climatology,reference_r2,0.0,0.0001539999999999,200801,-0.0001539999999999
LA-XI,200804,1,climatology,reference_r2,0.0,0.020198,200804,-0.020198
LA-XI,200805,2,climatology,reference_r2,0.0,0.054979,200804,-0.054979
LA-XI,200806,3,climatology,reference_r2,1.0,0.5715620000000001,200804,0.4284379999999999
LA-XI,200807,1,climatology,reference_r2,0.0,0.4480550000000001,200807,-0.4480550000000001
LA-XI,200808,2,climatology,reference_r2,0.02,0.3596569999999994,200807,-0.3396569999999994
LA-XI,200809,3,climatology,reference_r2,0.01,0.4386389999999984,200807,-0.4286389999999984
LA-XI,200810,1,climatology,reference_r2,0.0,0.015991,200810,-0.015991
LA-XI,200811,2,climatology,reference_r2,0.01,0.002603,200810,0.007397000000000001
LA-XI,200812,3,climatology,reference_r2,0.0,0.0004049999999999,200810,-0.0004049999999999
LA-XI,200901,1,climatology,reference_r2,0.0,0.001867,200901,-0.001867
LA-XI,200902,2,climatology,reference_r2,0.0,0.001718,200901,-0.001718
LA-XI,200903,3,climatology,reference_r2,0.0,0.0013359999999999,200901,-0.0013359999999999
LA-XI,200904,1,climatology,reference_r2,0.0,0.000539,200904,-0.000539
LA-XI,200905,2,climatology,reference_r2,39.0,38.92053,200904,0.0794700000000006
LA-XI,200906,3,climatology,reference_r2,32.826281,32.853654999999996,200904,-0.02737399999999468
LA-XI,200907,1,climatology,reference_r2,1.0,0.7331480000000008,200907,0.2668519999999992
LA-XI,200908,2,climatology,reference_r2,9.652562,6.875860999999999,200907,2.776701000000001
LA-XI,200909,3,climatology,reference_r2,0.0082809999999999,0.5530080000000002,200907,-0.5447270000000003
LA-XI,200910,1,climatology,reference_r2,0.0,0.7758910000000001,200910,-0.7758910000000001
LA-XI,200911,2,climatology,reference_r2,0.0082809999999999,0.397899,200910,-0.38961800000000013
LA-XI,200912,3,climatology,reference_r2,0.0,0.1502909999999999,200910,-0.1502909999999999
LA-AT,200801,1,climatology,reference_r3,4.0,2.720357,200801,1.279643
LA-AT,200802,2,climatology,reference_r3,1.63,1.307112,200801,0.32288799999999984
LA-AT,200803,3,climatology,reference_r3,0.0,0.086338,200801,-0.086338
LA-AT,200804,1,climatology,reference_r3,0.02,0.599758,200804,-0.579758
LA-AT,200805,2,climatology,reference_r3,3.45,1.4779870000000002,200804,1.972013
LA-AT,200806,3,climatology,reference_r3,8.86,3.699967000000001,200804,5.1600329999999985
LA-AT,200807,1,climatology,reference_r3,4.54,3.4457489999999993,200807,1.0942510000000008
LA-AT,200808,2,climatology,reference_r3,9.47,6.713205000000002,200807,2.7567949999999986
LA-AT,200809,3,climatology,reference_r3,17.57,17.844587,200807,-0.27458700000000036
LA-AT,200810,1,climatology,reference_r3,38.95,28.765348,200810,10.184652000000003
LA-AT,200811,2,climatology,reference_r3,43.0,27.515794,200810,15.484206
LA-AT,200812,3,climatology,reference_r3,22.28,16.018390999999998,200810,6.2616090000000035
LA-AT,200901,1,climatology,reference_r3,17.305124,8.210778999999999,200901,9.094345
LA-AT,200902,2,climatology,reference_r3,45.164529,39.230272,200901,5.934257000000002
LA-AT,200903,3,climatology,reference_r3,77.0,60.195632,200901,16.804367999999997
LA-AT,200904,1,climatology,reference_r3,98.652562,51.80044199999999,200904,46.85212000000001
LA-AT,200905,2,climatology,reference_r3,0.1242149999999999,44.34508199999999,200904,-44.22086699999999
LA-AT,200906,3,climatology,reference_r3,21.319868,40.321078,200904,-19.00121
LA-AT,200907,1,climatology,reference_r3,61.750116,52.602928,200907,9.147188
LA-AT,200908,2,climatology,reference_r3,17.823736,15.761648,200907,2.062088000000001
LA-AT,200909,3,climatology,reference_r3,10.060613,10.428328,200907,-0.36771500000000046
LA-AT,200910,1,climatology,reference_r3,4.830283999999999,6.254522999999999,200910,-1.424239
LA-AT,200911,2,climatology,reference_r3,13.444083,5.788535999999999,200910,7.655547
LA-AT,200912,3,climatology,reference_r3,4.502959,6.605401999999998,200910,-2.1024429999999983
LA-BK,200801,1,climatology,reference_r3,0.81,0.948676,200801,-0.1386759999999999
LA-BK,200802,2,climatology,reference_r3,0.01,4.900000000000043e-05,200801,0.009951
LA-BK,200803,3,climatology,reference_r3,0.01,4.900000000000043e-05,200801,0.009951
LA-BK,200804,1,climatology,reference_r3,0.01,0.00355,200804,0.00645
LA-BK,200805,2,climatology,reference_r3,11.64,11.5591,200804,0.08089999999999975
LA-BK,200806,3,climatology,reference_r3,52.17,52.293507,200804,-0.12350699999999648
LA-BK,200807,1,climatology,reference_r3,0.6600000000000001,2.232635000000002,200807,-1.5726350000000018
LA-BK,200808,2,climatology,reference_r3,6.84,5.803381999999996,200807,1.0366180000000043
LA-BK,200809,3,climatology,reference_r3,29.34,21.341335,200807,7.998664999999999
LA-BK,200810,1,climatology,reference_r3,44.92,20.43059700000001,200810,24.489402999999992
LA-BK,200811,2,climatology,reference_r3,55.0,45.528704000000005,200810,9.471295999999995
LA-BK,200812,3,climatology,reference_r3,5.0,2.942051999999999,200810,2.057948000000001
LA-BK,200901,1,climatology,reference_r3,0.6691239999999999,0.4362939999999999,200901,0.23283000000000004
LA-BK,200902,2,climatology,reference_r3,0.0082809999999999,0.285778,200901,-0.2774970000000001
LA-BK,200903,3,climatology,reference_r3,0.826281,0.5932529999999998,200901,0.23302800000000023
LA-BK,200904,1,climatology,reference_r3,2.826281,1.2074739999999995,200904,1.6188070000000003
LA-BK,200905,2,climatology,reference_r3,71.61762,43.848861,200904,27.768759000000003
LA-BK,200906,3,climatology,reference_r3,206.10648,145.775887,200904,60.33059299999999
LA-BK,200907,1,climatology,reference_r3,209.635455,197.045967,200907,12.589488000000017
LA-BK,200908,2,climatology,reference_r3,106.650017,97.078634,200907,9.571383000000012
LA-BK,200909,3,climatology,reference_r3,43.240067,41.781874,200907,1.4581930000000014
LA-BK,200910,1,climatology,reference_r3,23.210034,18.651781,200910,4.5582530000000006
LA-BK,200911,2,climatology,reference_r3,4.5454550000000005,10.574944,200910,-6.029489
LA-BK,200912,3,climatology,reference_r3,3.313405,5.397960000000001,200910,-2.0845550000000013
LA-BL,200801,1,climatology,reference_r3,5.6899999999999995,5.312348,200801,0.37765199999999943
LA-BL,200802,2,climatology,reference_r3,2.88,6.144602,200801,-3.264602
LA-BL,200803,3,climatology,reference_r3,2.29,0.422519,200801,1.8674810000000002
LA-BL,200804,1,climatology,reference_r3,2.8299999999999996,1.9219150000000005,200804,0.9080849999999991
LA-BL,200805,2,climatology,reference_r3,9.2,5.607081000000001,200804,3.5929189999999984
LA-BL,200806,3,climatology,reference_r3,10.070000000000002,6.243787000000001,200804,3.826213000000001
LA-BL,200807,1,climatology,reference_r3,27.62,19.772516999999997,200807,7.847483000000004
LA-BL,200808,2,climatology,reference_r3,19.03,20.356723,200807,-1.3267229999999977
LA-BL,200809,3,climatology,reference_r3,25.370000000000005,17.903394,200807,7.466606000000006
LA-BL,200810,1,climatology,reference_r3,16.870000000000005,9.194311000000004,200810,7.675689
LA-BL,200811,2,climatology,reference_r3,6.290000000000001,5.077385,200810,1.2126150000000013
LA-BL,200812,3,climatology,reference_r3,2.05,1.0833199999999996,200810,0.9666800000000002
LA-BL,200901,1,climatology,reference_r3,0.7038849999999999,0.784907,200901,-0.08102200000000015
LA-BL,200902,2,climatology,reference_r3,0.926381,1.635296,200901,-0.7089150000000001
LA-BL,200903,3,climatology,reference_r3,2.5287120000000005,1.070364,200901,1.4583480000000004
LA-BL,200904,1,climatology,reference_r3,2.7938859999999996,0.8236380000000003,200904,1.9702479999999993
LA-BL,200905,2,climatology,reference_r3,17.157429000000004,3.5996620000000004,200904,13.557767000000004
LA-BL,200906,3,climatology,reference_r3,16.873330000000003,6.129073,200904,10.744257000000003
LA-BL,200907,1,climatology,reference_r3,20.996472,24.432139999999997,200907,-3.435667999999996
LA-BL,200908,2,climatology,reference_r3,33.260011999999996,5.1644929999999984,200907,28.095518999999996
LA-BL,200909,3,climatology,reference_r3,41.130528,1.9267629999999991,200907,39.203765
LA-BL,200910,1,climatology,reference_r3,17.210586000000003,5.803838000000001,200910,11.406748000000002
LA-BL,200911,2,climatology,reference_r3,11.201476,1.6016139999999996,200910,9.599862
LA-BL,200912,3,climatology,reference_r3,1.6965139999999996,0.7384339999999998,200910,0.9580799999999998
LA-CH,200801,1,climatology,reference_r3,47.5,30.117882,200801,17.382118
LA-CH,200802,2,climatology,reference_r3,53.03999999999999,48.570685,200801,4.469314999999995
LA-CH,200803,3,climatology,reference_r3,50.58,51.246465,200801,-0.6664650000000023
LA-CH,200804,1,climatology,reference_r3,31.85,28.13525899999999,200804,3.7147410000000107
LA-CH,200805,2,climatology,reference_r3,38.959999999999994,45.15965300000002,200804,-6.199653000000026
LA-CH,200806,3,climatology,reference_r3,127.17000000000002,116.478607,200804,10.69139300000002
LA-CH,200807,1,climatology,reference_r3,41.25,100.65572699999996,200807,-59.405726999999956
LA-CH,200808,2,climatology,reference_r3,42.510000000000005,90.724118,200807,-48.214118
LA-CH,200809,3,climatology,reference_r3,49.599999999999994,120.46804899999997,200807,-70.86804899999997
LA-CH,200810,1,climatology,reference_r3,37.669999999999995,46.70008299999999,200810,-9.030082999999998
LA-CH,200811,2,climatology,reference_r3,41.07000000000001,31.479150000000004,200810,9.590850000000003
LA-CH,200812,3,climatology,reference_r3,33.34,30.016807000000004,200810,3.323193
LA-CH,200901,1,climatology,reference_r3,10.890717,9.878589000000002,200901,1.0121279999999988
LA-CH,200902,2,climatology,reference_r3,19.093116999999996,27.316217,200901,-8.223100000000006
LA-CH,200903,3,climatology,reference_r3,21.42854,21.429513,200901,-0.0009729999999983363
LA-CH,200904,1,climatology,reference_r3,53.487149,37.011744,200904,16.475405000000002
LA-CH,200905,2,climatology,reference_r3,19.053490000000004,76.55674200000001,200904,-57.50325200000001
LA-CH,200906,3,climatology,reference_r3,30.695037999999997,80.861706,200904,-50.166668
LA-CH,200907,1,climatology,reference_r3,45.004213,71.16950299999999,200907,-26.16528999999999
LA-CH,200908,2,climatology,reference_r3,44.17307600000001,69.797297,200907,-25.62422099999999
LA-CH,200909,3,climatology,reference_r3,32.110839000000006,62.769825,200907,-30.65898599999999
LA-CH,200910,1,climatology,reference_r3,23.227603,19.448175999999997,200910,3.779427000000002
LA-CH,200911,2,climatology,reference_r3,12.418226999999998,11.976567000000005,200910,0.4416599999999935
LA-CH,200912,3,climatology,reference_r3,14.757385999999997,12.895533,200910,1.8618529999999964
LA-HO,200801,1,climatology,reference_r3,0.01,0.003891,200801,0.006109
LA-HO,200802,2,climatology,reference_r3,0.01,0.000789,200801,0.009211
LA-HO,200803,3,climatology,reference_r3,0.01,0.0146379999999999,200801,-0.004637999999999899
LA-HO,200804,1,climatology,reference_r3,0.01,0.022315,200804,-0.012315000000000001
LA-HO,200805,2,climatology,reference_r3,0.0,0.013646,200804,-0.013646
LA-HO,200806,3,climatology,reference_r3,0.0599999999999999,0.008409,200804,0.0515909999999999
LA-HO,200807,1,climatology,reference_r3,0.1999999999999999,0.4430440000000004,200807,-0.24304400000000048
LA-HO,200808,2,climatology,reference_r3,0.0,0.5289209999999986,200807,-0.5289209999999986
LA-HO,200809,3,climatology,reference_r3,0.6900000000000002,0.7766020000000005,200807,-0.08660200000000029
LA-HO,200810,1,climatology,reference_r3,0.02,0.064998,200810,-0.044997999999999996
LA-HO,200811,2,climatology,reference_r3,0.0,0.0166949999999999,200810,-0.0166949999999999
LA-HO,200812,3,climatology,reference_r3,0.65,0.874354,200810,-0.22435399999999994
LA-HO,200901,1,climatology,reference_r3,0.0082809999999999,0.017624,200901,-0.009343000000000101
LA-HO,200902,2,climatology,reference_r3,0.0082809999999999,0.021591,200901,-0.0133100000000001
LA-HO,200903,3,climatology,reference_r3,0.0082809999999999,0.0211299999999999,200901,-0.012849
LA-HO,200904,1,climatology,reference_r3,0.0082809999999999,0.004986,200904,0.0032949999999998996
LA-HO,200905,2,climatology,reference_r3,0.0,0.0086509999999999,200904,-0.0086509999999999
LA-HO,200906,3,climatology,reference_r3,0.049686,0.0485709999999999,200904,0.001115000000000102
LA-HO,200907,1,climatology,reference_r3,0.16562,0.1095700000000001,200907,0.05604999999999989
LA-HO,200908,2,climatology,reference_r3,0.0,0.162795,200907,-0.162795
LA-HO,200909,3,climatology,reference_r3,0.5699339999999999,0.6488049999999999,200907,-0.07887099999999991
LA-HO,200910,1,climatology,reference_r3,0.834562,0.582575,200910,0.25198700000000007
LA-HO,200911,2,climatology,reference_r3,1.0,0.828743,200910,0.171257
LA-HO,200912,3,climatology,reference_r3,0.53681,0.893077,200910,-0.356267
LA-KH,200801,1,climatology,reference_r3,1.1499999999999997,0.798697,200801,0.3513029999999997
LA-KH,200802,2,climatology,reference_r3,0.1499999999999999,0.058326,200801,0.09167399999999991
LA-KH,200803,3,climatology,reference_r3,0.04,0.077979,200801,-0.037979000000000006
LA-KH,200804,1,climatology,reference_r3,0.1099999999999999,0.7155910000000001,200804,-0.6055910000000002
LA-KH,200805,2,climatology,reference_r3,1.38,1.0163909999999996,200804,0.3636090000000003
LA-KH,200806,3,climatology,reference_r3,8.940000000000001,2.8948620000000007,200804,6.045138000000001
LA-KH,200807,1,climatology,reference_r3,35.06999999999999,4.980236000000005,200807,30.089763999999988
LA-KH,200808,2,climatology,reference_r3,37.92,5.170608999999985,200807,32.74939100000002
LA-KH,200809,3,climatology,reference_r3,14.089999999999996,5.132678999999996,200807,8.957321
LA-KH,200810,1,climatology,reference_r3,5.470000000000001,0.89249,200810,4.57751
LA-KH,200811,2,climatology,reference_r3,1.4299999999999995,1.229941,200810,0.20005899999999954
LA-KH,200812,3,climatology,reference_r3,3.69,3.092307,200810,0.597693
LA-KH,200901,1,climatology,reference_r3,0.9523149999999996,0.069965,200901,0.8823499999999995
LA-KH,200902,2,climatology,reference_r3,0.1242149999999999,0.019764,200901,0.10445099999999989
LA-KH,200903,3,climatology,reference_r3,5.305124,4.828799999999999,200901,0.47632400000000086
LA-KH,200904,1,climatology,reference_r3,0.091091,0.4130399999999999,200904,-0.32194899999999993
LA-KH,200905,2,climatology,reference_r3,4.0487779999999995,2.1217179999999995,200904,1.92706
LA-KH,200906,3,climatology,reference_r3,46.36775900000001,64.896245,200904,-18.528485999999987
LA-KH,200907,1,climatology,reference_r3,68.223464,127.287933,200907,-59.06446899999999
LA-KH,200908,2,climatology,reference_r3,171.36027,268.953178,200907,-97.59290799999997
LA-KH,200909,3,climatology,reference_r3,187.121383,240.04923,200907,-52.927846999999986
LA-KH,200910,1,climatology,reference_r3,57.593343,44.403861000000006,200910,13.189481999999991
LA-KH,200911,2,climatology,reference_r3,54.814001,20.132869999999997,200910,34.681131
LA-KH,200912,3,climatology,reference_r3,52.764233,27.96267,200910,24.801562999999998
LA-LM,200801,1,climatology,reference_r3,0.0,0.0002559999999999,200801,-0.0002559999999999
LA-LM,200802,2,climatology,reference_r3,0.0,3.600000000000044e-05,200801,-3.600000000000044e-05
LA-LM,200803,3,climatology,reference_r3,0.0499999999999999,3.600000000000044e-05,200801,0.0499639999999999
LA-LM,200804,1,climatology,reference_r3,0.01,0.000144,200804,0.009856
LA-LM,200805,2,climatology,reference_r3,0.0,0.0016349999999999,200804,-0.0016349999999999
LA-LM,200806,3,climatology,reference_r3,0.0,0.001391,200804,-0.001391
LA-LM,200807,1,climatology,reference_r3,0.0499999999999999,0.8332150000000027,200807,-0.7832150000000028
LA-LM,200808,2,climatology,reference_r3,0.0299999999999999,0.4028939999999998,200807,-0.3728939999999999
LA-LM,200809,3,climatology,reference_r3,0.0,0.6516940000000009,200807,-0.6516940000000009
LA-LM,200810,1,climatology,reference_r3,0.09,0.0187219999999999,200810,0.07127800000000009
LA-LM,200811,2,climatology,reference_r3,0.02,0.005503,200810,0.014497
LA-LM,200812,3,climatology,reference_r3,0.0,0.00173,200810,-0.00173
LA-LM,200901,1,climatology,reference_r3,0.0,8.099999999999948e-05,200901,-8.099999999999948e-05
LA-LM,200902,2,climatology,reference_r3,0.0,0.0001009999999999,200901,-0.0001009999999999
LA-LM,200903,3,climatology,reference_r3,0.041405,0.0004839999999999,200901,0.040921000000000096
LA-LM,200904,1,climatology,reference_r3,0.826281,0.958458,200904,-0.132177
LA-LM,200905,2,climatology,reference_r3,0.0,0.0034669999999999,200904,-0.0034669999999999
LA-LM,200906,3,climatology,reference_r3,2.0,1.7925799999999998,200904,0.20742000000000016
LA-LM,200907,1,climatology,reference_r3,0.677405,0.5983580000000002,200907,0.07904699999999987
LA-LM,200908,2,climatology,reference_r3,0.024843,0.4616890000000002,200907,-0.4368460000000002
LA-LM,200909,3,climatology,reference_r3,4.0,2.471052,200907,1.5289480000000002
LA-LM,200910,1,climatology,reference_r3,4.164529,2.7145930000000003,200910,1.4499359999999997
LA-LM,200911,2,climatology,reference_r3,5.652562,4.633958,200910,1.0186039999999998
LA-LM,200912,3,climatology,reference_r3,4.0,3.330243,200910,0.6697570000000002
LA-LP,200801,1,climatology,reference_r3,0.1999999999999999,0.8178340000000002,200801,-0.6178340000000002
LA-LP,200802,2,climatology,reference_r3,13.92,14.43482,200801,-0.5148200000000003
LA-LP,200803,3,climatology,reference_r3,20.81,20.460843,200801,0.34915699999999816
LA-LP,200804,1,climatology,reference_r3,31.229999999999997,14.504039,200804,16.725960999999998
LA-LP,200805,2,climatology,reference_r3,107.3,74.529849,200804,32.770151
LA-LP,200806,3,climatology,reference_r3,132.97,95.231354,200804,37.738646
LA-LP,200807,1,climatology,reference_r3,10.659999999999998,9.658103999999998,200807,1.0018960000000003
LA-LP,200808,2,climatology,reference_r3,12.43,8.347596,200807,4.082404
LA-LP,200809,3,climatology,reference_r3,10.5,8.784699999999999,200807,1.715300000000001
LA-LP,200810,1,climatology,reference_r3,9.55,18.4312,200810,-8.8812
LA-LP,200811,2,climatology,reference_r3,103.0,104.608028,200810,-1.6080280000000045
LA-LP,200812,3,climatology,reference_r3,126.82,157.15014399999998,200810,-30.33014399999999
LA-LP,200901,1,climatology,reference_r3,0.16562,8.142661,200901,-7.977041000000001
LA-LP,200902,2,climatology,reference_r3,0.5962320000000001,5.307313000000001,200901,-4.711081
LA-LP,200903,3,climatology,reference_r3,0.4720169999999997,11.867869000000002,200901,-11.395852000000003
LA-LP,200904,1,climatology,reference_r3,0.8104469999999999,12.373787999999998,200904,-11.563340999999998
LA-LP,200905,2,climatology,reference_r3,3.589589,34.402712,200904,-30.813123
LA-LP,200906,3,climatology,reference_r3,5.813261999999998,71.29301699999999,200904,-65.479755
LA-LP,200907,1,climatology,reference_r3,4.452995999999999,22.999188,200907,-18.546192
LA-LP,200908,2,climatology,reference_r3,8.377825999999999,23.232467,200907,-14.854641
LA-LP,200909,3,climatology,reference_r3,238.358321,302.974131,200907,-64.61581000000001
LA-LP,200910,1,climatology,reference_r3,126.23871400000002,62.344385999999986,200910,63.89432800000003
LA-LP,200911,2,climatology,reference_r3,61.383126999999995,40.208724999999994,200910,21.174402
LA-LP,200912,3,climatology,reference_r3,7.821726000000002,6.972092,200910,0.8496340000000018
LA-OU,200801,1,climatology,reference_r3,0.0,0.0013939999999999,200801,-0.0013939999999999
LA-OU,200802,2,climatology,reference_r3,0.0,0.0001969999999999,200801,-0.0001969999999999
LA-OU,200803,3,climatology,reference_r3,0.0,9.99999999999994e-05,200801,-9.99999999999994e-05
LA-OU,200804,1,climatology,reference_r3,0.0,0.0012649999999999,200804,-0.0012649999999999
LA-OU,200805,2,climatology,reference_r3,0.01,0.0057099999999999,200804,0.0042900000000001
LA-OU,200806,3,climatology,reference_r3,0.01,0.0114759999999999,200804,-0.0014759999999998993
LA-OU,200807,1,climatology,reference_r3,0.04,2.004765000000006,200807,-1.964765000000006
LA-OU,200808,2,climatology,reference_r3,0.12,1.246016000000001,200807,-1.1260160000000008
LA-OU,200809,3,climatology,reference_r3,0.04,1.7052740000000028,200807,-1.6652740000000028
LA-OU,200810,1,climatology,reference_r3,0.0799999999999999,0.022923,200810,0.057076999999999906
LA-OU,200811,2,climatology,reference_r3,0.01,0.0104699999999999,200810,-0.0004699999999998993
LA-OU,200812,3,climatology,reference_r3,0.0,0.002454,200810,-0.002454
LA-OU,200901,1,climatology,reference_r3,0.0,0.0002249999999999,200901,-0.0002249999999999
LA-OU,200902,2,climatology,reference_r3,0.0,3.600000000000044e-05,200901,-3.600000000000044e-05
LA-OU,200903,3,climatology,reference_r3,0.0,0.001066,200901,-0.001066
LA-OU,200904,1,climatology,reference_r3,0.0,0.000746,200904,-0.000746
LA-OU,200905,2,climatology,reference_r3,0.0082809999999999,0.0051539999999999,200904,0.0031269999999999996
LA-OU,200906,3,climatology,reference_r3,0.0082809999999999,0.018393,200904,-0.0101120000000001
LA-OU,200907,1,climatology,reference_r3,0.0331239999999999,0.7790909999999993,200907,-0.7459669999999994
LA-OU,200908,2,climatology,reference_r3,0.7353719999999999,1.0595989999999995,200907,-0.3242269999999996
LA-OU,200909,3,climatology,reference_r3,14.669124,10.460322,200907,4.208802
LA-OU,200910,1,climatology,reference_r3,4.974247999999999,2.070412,200910,2.903835999999999
LA-OU,200911,2,climatology,reference_r3,12.826281,9.464362,200910,3.3619190000000003
LA-OU,200912,3,climatology,reference_r3,18.0,16.049995,200910,1.9500050000000009
LA-PH,200901,1,climatology,reference_r3,0.0,0.0118299999999999,200901,-0.0118299999999999
LA-PH,200902,2,climatology,reference_r3,0.0,0.013668,200901,-0.013668
LA-PH,200903,3,climatology,reference_r3,0.0,0.02143,200901,-0.02143
LA-PH,200904,1,climatology,reference_r3,0.0,0.003154,200904,-0.003154
LA-PH,200905,2,climatology,reference_r3,0.0,0.0050199999999999,200904,-0.0050199999999999
LA-PH,200906,3,climatology,reference_r3,0.0,0.0276219999999999,200904,-0.0276219999999999
LA-PH,200907,1,climatology,reference_r3,0.0,0.061466,200907,-0.061466
LA-PH,200909,3,climatology,reference_r3,0.04,0.1039769999999999,200907,-0.0639769999999999
LA-PH,200910,1,climatology,reference_r3,0.0,0.0217049999999999,200910,-0.0217049999999999
LA-PH,200911,2,climatology,reference_r3,0.0,0.0041319999999999,200910,-0.0041319999999999
LA-PH,200912,3,climatology,reference_r3,0.0,0.0009749999999999,200910,-0.0009749999999999
LA-SL,200801,1,climatology,reference_r3,0.1099999999999999,0.9900379999999998,200801,-0.8800379999999999
LA-SL,200802,2,climatology,reference_r3,1.0,0.3865939999999999,200801,0.6134060000000001
LA-SL,200803,3,climatology,reference_r3,4.62,3.82775,200801,0.7922500000000001
LA-SL,200804,1,climatology,reference_r3,2.0,1.0171480000000002,200804,0.9828519999999998
LA-SL,200805,2,climatology,reference_r3,82.75,91.398675,200804,-8.648674999999997
LA-SL,200806,3,climatology,reference_r3,206.97,184.732684,200804,22.237315999999993
LA-SL,200807,1,climatology,reference_r3,75.25,50.01057800000001,200807,25.23942199999999
LA-SL,200808,2,climatology,reference_r3,52.45,40.01365999999999,200807,12.436340000000015
LA-SL,200809,3,climatology,reference_r3,76.05,58.99029300000001,200807,17.05970699999999
LA-SL,200810,1,climatology,reference_r3,89.54,34.767648,200810,54.772352000000005
LA-SL,200811,2,climatology,reference_r3,19.16,9.607678,200810,9.552322
LA-SL,200812,3,climatology,reference_r3,5.69,2.959109,200810,2.730891
LA-SL,200901,1,climatology,reference_r3,0.545091,1.6865449999999995,200901,-1.1414539999999995
LA-SL,200902,2,climatology,reference_r3,23.826281,20.128694,200901,3.697587000000002
LA-SL,200903,3,climatology,reference_r3,23.817091,13.08828,200901,10.728811000000002
LA-SL,200904,1,climatology,reference_r3,18.652562,5.9089659999999995,200904,12.743596
LA-SL,200905,2,climatology,reference_r3,83.899938,45.17947999999999,200904,38.720458000000015
LA-SL,200906,3,climatology,reference_r3,30.133145000000003,32.29494699999999,200904,-2.161801999999991
LA-SL,200907,1,climatology,reference_r3,148.17646399999998,130.135464,200907,18.04099999999997
LA-SL,200908,2,climatology,reference_r3,107.331804,99.269912,200907,8.061892
LA-SL,200909,3,climatology,reference_r3,68.83130799999999,65.459931,200907,3.3713769999999954
LA-SL,200910,1,climatology,reference_r3,76.984001,36.651577,200910,40.332424
LA-SL,200911,2,climatology,reference_r3,38.830017000000005,14.467916999999996,200910,24.36210000000001
LA-SL,200912,3,climatology,reference_r3,13.699703,6.707491000000001,200910,6.9922119999999985
LA-SV,200801,1,climatology,reference_r3,1.7800000000000002,5.407520999999999,200801,-3.627520999999999
LA-SV,200802,2,climatology,reference_r3,0.6200000000000001,0.8048259999999998,200801,-0.1848259999999997
LA-SV,200803,3,climatology,reference_r3,1.42,0.4507189999999998,200801,0.9692810000000001
LA-SV,200804,1,climatology,reference_r3,6.08,4.957571999999999,200804,1.122428000000001
LA-SV,200805,2,climatology,reference_r3,27.53,5.260216,200804,22.269784
LA-SV,200806,3,climatology,reference_r3,67.57,26.585654999999996,200804,40.984345
LA-SV,200807,1,climatology,reference_r3,150.21999999999997,24.206484999999983,200807,126.01351499999998
LA-SV,200808,2,climatology,reference_r3,140.25,22.60182199999997,200807,117.64817800000003
LA-SV,200809,3,climatology,reference_r3,115.49,23.842084,200807,91.647916
LA-SV,200810,1,climatology,reference_r3,53.19,3.654162,200810,49.535838
LA-SV,200811,2,climatology,reference_r3,12.810000000000002,1.0289720000000004,200810,11.781028000000003
LA-SV,200812,3,climatology,reference_r3,8.030000000000001,0.3905100000000001,200810,7.639490000000001
LA-SV,200901,1,climatology,reference_r3,1.7460180000000003,0.0810779999999999,200901,1.6649400000000003
LA-SV,200902,2,climatology,reference_r3,0.6034219999999999,0.0106959999999999,200901,0.592726
LA-SV,200903,3,climatology,reference_r3,1.0848110000000002,0.122613,200901,0.9621980000000002
LA-SV,200904,1,climatology,reference_r3,5.027028,0.178993,200904,4.848034999999999
LA-SV,200905,2,climatology,reference_r3,23.760858999999996,1.3662669999999997,200904,22.394591999999996
LA-SV,200906,3,climatology,reference_r3,63.428528,1.6046540000000005,200904,61.823873999999996
LA-SV,200907,1,climatology,reference_r3,123.24315,16.916741000000002,200907,106.326409
LA-SV,200908,2,climatology,reference_r3,102.30625,20.36157999999999,200907,81.94467000000002
LA-SV,200909,3,climatology,reference_r3,77.799763,27.710908000000003,200907,50.088854999999995
LA-SV,200910,1,climatology,reference_r3,41.95170999999999,6.915573999999999,200910,35.03613599999999
LA-SV,200911,2,climatology,reference_r3,12.497231,16.280793000000003,200910,-3.7835620000000034
LA-SV,200912,3,climatology,reference_r3,6.103097000000002,1.9969140000000003,200910,4.1061830000000015
LA-VT,200801,1,climatology,reference_r3,10.87,10.977586000000002,200801,-0.10758600000000307
LA-VT,200802,2,climatology,reference_r3,9.38,4.6070400000000005,200801,4.77296
LA-VT,200803,3,climatology,reference_r3,4.52,18.21255,200801,-13.69255
LA-VT,200804,1,climatology,reference_r3,36.69,14.923139000000004,200804,21.76686099999999
LA-VT,200805,2,climatology,reference_r3,62.27,20.89227900000001,200804,41.377720999999994
LA-VT,200806,3,climatology,reference_r3,83.00999999999999,93.21422099999998,200804,-10.20422099999999
LA-VT,200807,1,climatology,reference_r3,191.24999999999997,76.15982299999996,200807,115.09017700000001
LA-VT,200808,2,climatology,reference_r3,165.86,82.88120900000001,200807,82.978791
LA-VT,200809,3,climatology,reference_r3,113.29999999999998,91.55173200000002,200807,21.748267999999968
LA-VT,200810,1,climatology,reference_r3,129.48000000000002,34.57022599999999,200810,94.90977400000003
LA-VT,200811,2,climatology,reference_r3,36.84,44.964343,200810,-8.124342999999996
LA-VT,200812,3,climatology,reference_r3,17.979999999999997,49.84832800000001,200810,-31.868328000000012
LA-VT,200901,1,climatology,reference_r3,7.815081999999997,21.592998,200901,-13.777916000000005
LA-VT,200902,2,climatology,reference_r3,3.934482,14.355337,200901,-10.420855
LA-VT,200903,3,climatology,reference_r3,7.282829999999999,6.595117,200901,0.6877129999999987
LA-VT,200904,1,climatology,reference_r3,9.680054000000002,10.836351,200904,-1.1562969999999986
LA-VT,200905,2,climatology,reference_r3,27.720475,114.010535,200904,-86.29006000000001
LA-VT,200906,3,climatology,reference_r3,38.075081999999995,196.674877,200904,-158.59979500000003
LA-VT,200907,1,climatology,reference_r3,86.36204900000001,171.25835999999998,200907,-84.89631099999997
LA-VT,200908,2,climatology,reference_r3,101.891894,198.768989,200907,-96.87709500000001
LA-VT,200909,3,climatology,reference_r3,112.384425,287.536237,200907,-175.15181200000004
LA-VT,200910,1,climatology,reference_r3,145.485435,204.543601,200910,-59.058166
LA-VT,200911,2,climatology,reference_r3,297.66520299999996,299.916196,200910,-2.250993000000051
LA-VT,200912,3,climatology,reference_r3,224.551238,225.463204,200910,-0.9119659999999783
LA-XA,200801,1,climatology,reference_r3,0.17,1.1108160000000002,200801,-0.9408160000000002
LA-XA,200802,2,climatology,reference_r3,0.9500000000000002,0.2130419999999999,200801,0.7369580000000002
LA-XA,200803,3,climatology,reference_r3,0.7399999999999998,0.1682739999999999,200801,0.5717259999999998
LA-XA,200804,1,climatology,reference_r3,3.460000000000001,1.05403,200804,2.405970000000001
LA-XA,200805,2,climatology,reference_r3,5.659999999999997,1.4987899999999996,200804,4.161209999999997
LA-XA,200806,3,climatology,reference_r3,14.03,2.1744769999999995,200804,11.855523
LA-XA,200807,1,climatology,reference_r3,24.69,11.302290999999997,200807,13.387709000000005
LA-XA,200808,2,climatology,reference_r3,9.729999999999997,4.398085999999999,200807,5.331913999999998
LA-XA,200809,3,climatology,reference_r3,4.75,2.9016810000000035,200807,1.8483189999999965
LA-XA,200810,1,climatology,reference_r3,1.5699999999999994,1.5543209999999998,200810,0.015678999999999554
LA-XA,200811,2,climatology,reference_r3,1.83,1.090963,200810,0.7390370000000002
LA-XA,200812,3,climatology,reference_r3,1.9600000000000009,0.4136139999999999,200810,1.546386000000001
LA-XA,200901,1,climatology,reference_r3,0.1407769999999999,0.111623,200901,0.029153999999999902
LA-XA,200902,2,climatology,reference_r3,0.7866949999999999,0.039612,200901,0.7470829999999999
LA-XA,200903,3,climatology,reference_r3,0.6127940000000001,0.205743,200901,0.40705100000000005
LA-XA,200904,1,climatology,reference_r3,2.8624980000000004,0.307819,200904,2.5546790000000006
LA-XA,200905,2,climatology,reference_r3,4.777046000000006,1.071732,200904,3.7053140000000058
LA-XA,200906,3,climatology,reference_r3,13.430243,5.569809,200904,7.860434000000001
LA-XA,200907,1,climatology,reference_r3,22.570512,5.943300000000001,200907,16.627212
LA-XA,200908,2,climatology,reference_r3,13.305413,25.179608,200907,-11.874195000000002
LA-XA,200909,3,climatology,reference_r3,6.654747,6.306405999999999,200907,0.34834100000000134
LA-XA,200910,1,climatology,reference_r3,2.0250260000000004,4.687617000000001,200910,-2.662591000000001
LA-XA,200911,2,climatology,reference_r3,3.421968000000001,1.8435689999999996,200910,1.5783990000000014
LA-XA,200912,3,climatology,reference_r3,1.5319850000000006,1.3938480000000002,200910,0.1381370000000004
LA-XE,200801,1,climatology,reference_r3,0.09,0.0203689999999999,200801,0.0696310000000001
LA-XE,200802,2,climatology,reference_r3,0.12,0.008834,200801,0.111166
LA-XE,200803,3,climatology,reference_r3,0.0,0.004821,200801,-0.004821
LA-XE,200804,1,climatology,reference_r3,0.0246419999999999,0.0298869999999999,200804,-0.005245
LA-XE,200805,2,climatology,reference_r3,0.08,0.045142,200804,0.034858
LA-XE,200806,3,climatology,reference_r3,3.15,3.906143,200804,-0.7561430000000002
LA-XE,200807,1,climatology,reference_r3,0.4000000000000001,0.4150019999999994,200807,-0.01500199999999935
LA-XE,200808,2,climatology,reference_r3,0.1899999999999999,0.5209220000000006,200807,-0.33092200000000066
LA-XE,200809,3,climatology,reference_r3,0.6699999999999999,0.6863719999999995,200807,-0.01637199999999961
LA-XE,200810,1,climatology,reference_r3,0.5599999999999998,0.0584329999999999,200810,0.5015669999999999
LA-XE,200811,2,climatology,reference_r3,0.0246419999999999,0.04886,200810,-0.0242180000000001
LA-XE,200812,3,climatology,reference_r3,0.790321,0.8194619999999999,200810,-0.02914099999999986
LA-XE,200901,1,climatology,reference_r3,0.074529,0.006439,200901,0.06809
LA-XE,200902,2,climatology,reference_r3,1.371372,1.877285,200901,-0.5059130000000001
LA-XE,200903,3,climatology,reference_r3,2.0,1.74852,200901,0.2514799999999999
LA-XE,200904,1,climatology,reference_r3,0.8200000000000001,0.524918,200904,0.29508200000000007
LA-XE,200905,2,climatology,reference_r3,1.338248,0.995196,200904,0.34305200000000013
LA-XE,200906,3,climatology,reference_r3,6.6023309999999995,6.082333,200904,0.5199979999999993
LA-XE,200907,1,climatology,reference_r3,26.41924,27.104156,200907,-0.6849160000000012
LA-XE,200908,2,climatology,reference_r3,25.883339,24.184106,200907,1.6992329999999995
LA-XE,200909,3,climatology,reference_r3,4.097554,4.707744999999999,200907,-0.6101909999999995
LA-XE,200910,1,climatology,reference_r3,4.551736,2.7683170000000015,200910,1.7834189999999985
LA-XE,200911,2,climatology,reference_r3,2.6199999999999997,2.766860000000001,200910,-0.14686000000000154
LA-XE,200912,3,climatology,reference_r3,6.64,6.505773000000005,200910,0.13422699999999477
LA-XI,200801,1,climatology,reference_r3,0.0,0.0005819999999999,200801,-0.0005819999999999
LA-XI,200802,2,climatology,reference_r3,0.0,8.099999999999948e-05,200801,-8.099999999999948e-05
LA-XI,200803,3,climatology,reference_r3,0.0,0.0002899999999999,200801,-0.0002899999999999
LA-XI,200804,1,climatology,reference_r3,0.0,0.001029,200804,-0.001029
LA-XI,200805,2,climatology,reference_r3,0.0,0.001223,200804,-0.001223
LA-XI,200806,3,climatology,reference_r3,1.0,0.927383,200804,0.07261700000000004
LA-XI,200807,1,climatology,reference_r3,0.0,0.363836,200807,-0.363836
LA-XI,200808,2,climatology,reference_r3,0.02,0.4009730000000004,200807,-0.3809730000000004
LA-XI,200809,3,climatology,reference_r3,0.01,0.4440650000000001,200807,-0.4340650000000001
LA-XI,200810,1,climatology,reference_r3,0.0,0.0124549999999999,200810,-0.0124549999999999
LA-XI,200811,2,climatology,reference_r3,0.01,0.006938,200810,0.0030620000000000005
LA-XI,200812,3,climatology,reference_r3,0.0,0.001908,200810,-0.001908
LA-XI,200901,1,climatology,reference_r3,0.0,0.000855,200901,-0.000855
LA-XI,200902,2,climatology,reference_r3,0.0,0.0022,200901,-0.0022
LA-XI,200903,3,climatology,reference_r3,0.0,0.0011419999999999,200901,-0.0011419999999999
LA-XI,200904,1,climatology,reference_r3,0.0,0.000343,200904,-0.000343
LA-XI,200905,2,climatology,reference_r3,39.0,38.91347,200904,0.08653000000000333
LA-XI,200906,3,climatology,reference_r3,32.826281,32.841024999999995,200904,-0.014743999999993207
LA-XI,200907,1,climatology,reference_r3,1.0,0.6216379999999999,200907,0.3783620000000001
LA-XI,200908,2,climatology,reference_r3,9.652562,7.786625000000001,200907,1.8659369999999988
LA-XI,200909,3,climatology,reference_r3,0.0082809999999999,0.1301489999999998,200907,-0.1218679999999999
LA-XI,200910,1,climatology,reference_r3,0.0,1.073362,200910,-1.073362
LA-XI,200911,2,climatology,reference_r3,0.0082809999999999,0.3366849999999999,200910,-0.32840400000000003
LA-XI,200912,3,climatology,reference_r3,0.0,0.172367,200910,-0.172367
LA-AT,200801,1,climatology,reference_r4,4.0,2.940606,200801,1.0593940000000002
LA-AT,200802,2,climatology,reference_r4,1.63,1.257416,200801,0.3725839999999998
LA-AT,200803,3,climatology,reference_r4,0.0,0.080566,200801,-0.080566
LA-AT,200804,1,climatology,reference_r4,0.02,0.494324,200804,-0.47432399999999997
LA-AT,200805,2,climatology,reference_r4,3.45,1.3447549999999997,200804,2.1052450000000005
LA-AT,200806,3,climatology,reference_r4,8.86,3.709752,200804,5.1502479999999995
LA-AT,200807,1,climatology,reference_r4,4.54,3.516498999999996,200807,1.023501000000004
LA-AT,200808,2,climatology,reference_r4,9.47,6.484037999999998,200807,2.9859620000000024
LA-AT,200809,3,climatology,reference_r4,17.57,16.688795,200807,0.8812050000000013
LA-AT,200810,1,climatology,reference_r4,38.95,31.125575000000005,200810,7.824424999999998
LA-AT,200811,2,climatology,reference_r4,43.0,35.459612,200810,7.540388
LA-AT,200812,3,climatology,reference_r4,22.28,17.743806,200810,4.536194000000002
LA-AT,200901,1,climatology,reference_r4,17.305124,8.205105,200901,9.100019
LA-AT,200902,2,climatology,reference_r4,45.164529,36.638995,200901,8.525534
LA-AT,200903,3,climatology,reference_r4,77.0,55.84772099999999,200901,21.152279000000007
LA-AT,200904,1,climatology,reference_r4,98.652562,50.889222,200904,47.76334000000001
LA-AT,200905,2,climatology,reference_r4,0.1242149999999999,50.47987100000002,200904,-50.35565600000002
LA-AT,200906,3,climatology,reference_r4,21.319868,39.294937,200904,-17.975068999999998
LA-AT,200907,1,climatology,reference_r4,61.750116,48.063233,200907,13.686883000000002
LA-AT,200908,2,climatology,reference_r4,17.823736,14.612253999999998,200907,3.211482000000002
LA-AT,200909,3,climatology,reference_r4,10.060613,10.286309,200907,-0.22569599999999923
LA-AT,200910,1,climatology,reference_r4,4.830283999999999,6.444138000000002,200910,-1.6138540000000035
LA-AT,200911,2,climatology,reference_r4,13.444083,6.378180999999998,200910,7.065902000000001
LA-AT,200912,3,climatology,reference_r4,4.502959,4.568213,200910,-0.06525400000000037
LA-BK,200801,1,climatology,reference_r4,0.81,0.970225,200801,-0.16022499999999995
LA-BK,200802,2,climatology,reference_r4,0.01,3.600000000000044e-05,200801,0.009964
LA-BK,200803,3,climatology,reference_r4,0.01,4.900000000000043e-05,200801,0.009951
LA-BK,200804,1,climatology,reference_r4,0.01,0.0042989999999999,200804,0.0057010000000001
LA-BK,200805,2,climatology,reference_r4,11.64,11.532724,200804,0.1072760000000006
LA-BK,200806,3,climatology,reference_r4,52.17,52.21612,200804,-0.04611999999999483
LA-BK,200807,1,climatology,reference_r4,0.6600000000000001,1.815097999999999,200807,-1.1550979999999988
LA-BK,200808,2,climatology,reference_r4,6.84,6.014073000000002,200807,0.8259269999999983
LA-BK,200809,3,climatology,reference_r4,29.34,21.832803,200807,7.5071970000000015
LA-BK,200810,1,climatology,reference_r4,44.92,23.075999999999993,200810,21.84400000000001
LA-BK,200811,2,climatology,reference_r4,55.0,48.554433,200810,6.445566999999997
LA-BK,200812,3,climatology,reference_r4,5.0,3.0128570000000003,200810,1.9871429999999997
LA-BK,200901,1,climatology,reference_r4,0.6691239999999999,0.468653,200901,0.20047099999999995
LA-BK,200902,2,climatology,reference_r4,0.0082809999999999,0.393014,200901,-0.3847330000000001
LA-BK,200903,3,climatology,reference_r4,0.826281,0.8515650000000003,200901,-0.025284000000000306
LA-BK,200904,1,climatology,reference_r4,2.826281,1.3115760000000003,200904,1.5147049999999995
LA-BK,200905,2,climatology,reference_r4,71.61762,43.079332,200904,28.538288
LA-BK,200906,3,climatology,reference_r4,206.10648,146.248686,200904,59.85779400000001
LA-BK,200907,1,climatology,reference_r4,209.635455,184.980924,200907,24.65453100000002
LA-BK,200908,2,climatology,reference_r4,106.650017,87.752117,200907,18.897900000000007
LA-BK,200909,3,climatology,reference_r4,43.240067,36.954396,200907,6.285671000000001
LA-BK,200910,1,climatology,reference_r4,23.210034,20.29888799999999,200910,2.9111460000000093
LA-BK,200911,2,climatology,reference_r4,4.5454550000000005,14.316450000000003,200910,-9.770995000000003
LA-BK,200912,3,climatology,reference_r4,3.313405,4.118297999999999,200910,-0.8048929999999994
LA-BL,200801,1,climatology,reference_r4,5.6899999999999995,5.386182,200801,0.3038179999999997
LA-BL,200802,2,climatology,reference_r4,2.88,5.796976,200801,-2.916976
LA-BL,200803,3,climatology,reference_r4,2.29,0.4501950000000001,200801,1.839805
LA-BL,200804,1,climatology,reference_r4,2.8299999999999996,1.3802889999999994,200804,1.4497110000000002
LA-BL,200805,2,climatology,reference_r4,9.2,5.112352000000001,200804,4.087647999999998
LA-BL,200806,3,climatology,reference_r4,10.070000000000002,6.207605000000001,200804,3.862395000000001
LA-BL,200807,1,climatology,reference_r4,27.62,20.095872,200807,7.524128000000001
LA-BL,200808,2,climatology,reference_r4,19.03,20.43022,200807,-1.4002199999999974
LA-BL,200809,3,climatology,reference_r4,25.370000000000005,18.198658,200807,7.171342000000006
LA-BL,200810,1,climatology,reference_r4,16.870000000000005,9.569141000000002,200810,7.300859000000003
LA-BL,200811,2,climatology,reference_r4,6.290000000000001,4.0177179999999995,200810,2.2722820000000015
LA-BL,200812,3,climatology,reference_r4,2.05,0.957545,200810,1.0924549999999997
LA-BL,200901,1,climatology,reference_r4,0.7038849999999999,0.741419,200901,-0.03753400000000018
LA-BL,200902,2,climatology,reference_r4,0.926381,1.634331,200901,-0.70795
LA-BL,200903,3,climatology,reference_r4,2.5287120000000005,1.3598209999999995,200901,1.168891000000001
LA-BL,200904,1,climatology,reference_r4,2.7938859999999996,0.8033060000000001,200904,1.9905799999999996
LA-BL,200905,2,climatology,reference_r4,17.157429000000004,3.7694420000000006,200904,13.387987000000003
LA-BL,200906,3,climatology,reference_r4,16.873330000000003,5.676852,200904,11.196478000000003
LA-BL,200907,1,climatology,reference_r4,20.996472,21.156795,200907,-0.16032299999999822
LA-BL,200908,2,climatology,reference_r4,33.260011999999996,6.483022999999996,200907,26.776989
LA-BL,200909,3,climatology,reference_r4,41.130528,4.902146999999999,200907,36.228381
LA-BL,200910,1,climatology,reference_r4,17.210586000000003,5.2166650000000025,200910,11.993921
LA-BL,200911,2,climatology,reference_r4,11.201476,2.546054999999999,200910,8.655421
LA-BL,200912,3,climatology,reference_r4,1.6965139999999996,0.6497229999999998,200910,1.0467909999999998
LA-CH,200801,1,climatology,reference_r4,47.5,28.152776,200801,19.347224
LA-CH,200802,2,climatology,reference_r4,53.03999999999999,43.61334600000001,200801,9.426653999999985
LA-CH,200803,3,climatology,reference_r4,50.58,50.609132,200801,-0.029132000000004155
LA-CH,200804,1,climatology,reference_r4,31.85,23.927628000000013,200804,7.922371999999989
LA-CH,200805,2,climatology,reference_r4,38.959999999999994,52.145272999999975,200804,-13.185272999999981
LA-CH,200806,3,climatology,reference_r4,127.17000000000002,100.50440699999996,200804,26.665593000000058
LA-CH,200807,1,climatology,reference_r4,41.25,94.05337899999996,200807,-52.803378999999964
LA-CH,200808,2,climatology,reference_r4,42.510000000000005,85.78397100000001,200807,-43.273971
LA-CH,200809,3,climatology,reference_r4,49.599999999999994,115.38040200000005,200807,-65.78040200000005
LA-CH,200810,1,climatology,reference_r4,37.669999999999995,47.810489,200810,-10.140489000000002
LA-CH,200811,2,climatology,reference_r4,41.07000000000001,48.590457,200810,-7.520456999999993
LA-CH,200812,3,climatology,reference_r4,33.34,33.142876,200810,0.1971240000000023
LA-CH,200901,1,climatology,reference_r4,10.890717,9.965995000000005,200901,0.9247219999999956
LA-CH,200902,2,climatology,reference_r4,19.093116999999996,22.92292,200901,-3.8298030000000054
LA-CH,200903,3,climatology,reference_r4,21.42854,21.302821,200901,0.12571900000000014
LA-CH,200904,1,climatology,reference_r4,53.487149,35.388784,200904,18.098365
LA-CH,200905,2,climatology,reference_r4,19.053490000000004,69.947291,200904,-50.893801
LA-CH,200906,3,climatology,reference_r4,30.695037999999997,86.26205299999998,200904,-55.567014999999984
LA-CH,200907,1,climatology,reference_r4,45.004213,70.4814379999998,200907,-25.477224999999798
LA-CH,200908,2,climatology,reference_r4,44.17307600000001,63.963347,200907,-19.79027099999999
LA-CH,200909,3,climatology,reference_r4,32.110839000000006,60.33935299999996,200907,-28.228513999999954
LA-CH,200910,1,climatology,reference_r4,23.227603,20.052890999999995,200910,3.174712000000003
LA-CH,200911,2,climatology,reference_r4,12.418226999999998,20.051798000000005,200910,-7.633571000000007
LA-CH,200912,3,climatology,reference_r4,14.757385999999997,11.754171000000008,200910,3.0032149999999884
LA-HO,200801,1,climatology,reference_r4,0.01,0.0038069999999999,200801,0.0061930000000001
LA-HO,200802,2,climatology,reference_r4,0.01,0.000972,200801,0.009028
LA-HO,200803,3,climatology,reference_r4,0.01,0.007387,200801,0.002613
LA-HO,200804,1,climatology,reference_r4,0.01,0.006794,200804,0.0032060000000000005
LA-HO,200805,2,climatology,reference_r4,0.0,0.012212,200804,-0.012212
LA-HO,200806,3,climatology,reference_r4,0.0599999999999999,0.0083169999999999,200804,0.051683
LA-HO,200807,1,climatology,reference_r4,0.1999999999999999,0.4168439999999993,200807,-0.21684399999999943
LA-HO,200808,2,climatology,reference_r4,0.0,0.4448109999999996,200807,-0.4448109999999996
LA-HO,200809,3,climatology,reference_r4,0.6900000000000002,0.6829420000000006,200807,0.007057999999999565
LA-HO,200810,1,climatology,reference_r4,0.02,0.064409,200810,-0.04440899999999999
LA-HO,200811,2,climatology,reference_r4,0.0,0.0059799999999999,200810,-0.0059799999999999
LA-HO,200812,3,climatology,reference_r4,0.65,0.91401,200810,-0.26400999999999997
LA-HO,200901,1,climatology,reference_r4,0.0082809999999999,0.0125029999999999,200901,-0.004222
LA-HO,200902,2,climatology,reference_r4,0.0082809999999999,0.026476,200901,-0.0181950000000001
LA-HO,200903,3,climatology,reference_r4,0.0082809999999999,0.031278,200901,-0.0229970000000001
LA-HO,200904,1,climatology,reference_r4,0.0082809999999999,0.0052949999999999,200904,0.002986
LA-HO,200905,2,climatology,reference_r4,0.0,0.011554,200904,-0.011554
LA-HO,200906,3,climatology,reference_r4,0.049686,0.040711,200904,0.008975000000000004
LA-HO,200907,1,climatology,reference_r4,0.16562,0.3862110000000003,200907,-0.22059100000000031
LA-HO,200908,2,climatology,reference_r4,0.0,0.5098350000000007,200907,-0.5098350000000007
LA-HO,200909,3,climatology,reference_r4,0.5699339999999999,0.7183229999999998,200907,-0.14838899999999988
LA-HO,200910,1,climatology,reference_r4,0.834562,0.5770949999999999,200910,0.2574670000000001
LA-HO,200911,2,climatology,reference_r4,1.0,0.711921,200910,0.288079
LA-HO,200912,3,climatology,reference_r4,0.53681,0.861452,200910,-0.324642
LA-KH,200801,1,climatology,reference_r4,1.1499999999999997,0.7286899999999998,200801,0.42130999999999985
LA-KH,200802,2,climatology,reference_r4,0.1499999999999999,0.095881,200801,0.05411899999999992
LA-KH,200803,3,climatology,reference_r4,0.04,0.085457,200801,-0.045457000000000004
LA-KH,200804,1,climatology,reference_r4,0.1099999999999999,0.483166,200804,-0.3731660000000001
LA-KH,200805,2,climatology,reference_r4,1.38,1.1827940000000003,200804,0.19720599999999955
LA-KH,200806,3,climatology,reference_r4,8.940000000000001,2.609496,200804,6.330504000000001
LA-KH,200807,1,climatology,reference_r4,35.06999999999999,3.5866049999999987,200807,31.483394999999994
LA-KH,200808,2,climatology,reference_r4,37.92,4.534191999999997,200807,33.385808000000004
LA-KH,200809,3,climatology,reference_r4,14.089999999999996,4.3197059999999965,200807,9.770294
LA-KH,200810,1,climatology,reference_r4,5.470000000000001,0.6818619999999997,200810,4.788138000000001
LA-KH,200811,2,climatology,reference_r4,1.4299999999999995,1.625334,200810,-0.19533400000000056
LA-KH,200812,3,climatology,reference_r4,3.69,3.2899749999999996,200810,0.4000250000000003
LA-KH,200901,1,climatology,reference_r4,0.9523149999999996,0.053555,200901,0.8987599999999996
LA-KH,200902,2,climatology,reference_r4,0.1242149999999999,0.0262599999999999,200901,0.09795499999999999
LA-KH,200903,3,climatology,reference_r4,5.305124,4.688714,200901,0.6164100000000001
LA-KH,200904,1,climatology,reference_r4,0.091091,0.3390330000000001,200904,-0.24794200000000008
LA-KH,200905,2,climatology,reference_r4,4.0487779999999995,2.229423,200904,1.8193549999999994
LA-KH,200906,3,climatology,reference_r4,46.36775900000001,64.261183,200904,-17.893423999999996
LA-KH,200907,1,climatology,reference_r4,68.223464,111.68224499999997,200907,-43.45878099999996
LA-KH,200908,2,climatology,reference_r4,171.36027,238.622588,200907,-67.262318
LA-KH,200909,3,climatology,reference_r4,187.121383,212.138103,200907,-25.016719999999992
LA-KH,200910,1,climatology,reference_r4,57.593343,41.99305699999999,200910,15.600286000000004
LA-KH,200911,2,climatology,reference_r4,54.814001,23.480333,200910,31.333667999999996
LA-KH,200912,3,climatology,reference_r4,52.764233,31.461151,200910,21.303081999999996
LA-LM,200801,1,climatology,reference_r4,0.0,0.0001449999999999,200801,-0.0001449999999999
LA-LM,200802,2,climatology,reference_r4,0.0,6.399999999999982e-05,200801,-6.399999999999982e-05
LA-LM,200803,3,climatology,reference_r4,0.0499999999999999,3.600000000000044e-05,200801,0.0499639999999999
LA-LM,200804,1,climatology,reference_r4,0.01,0.0002249999999999,200804,0.0097750000000001
LA-LM,200805,2,climatology,reference_r4,0.0,0.0019169999999999,200804,-0.0019169999999999
LA-LM,200806,3,climatology,reference_r4,0.0,0.0028719999999999,200804,-0.0028719999999999
LA-LM,200807,1,climatology,reference_r4,0.0499999999999999,0.9857340000000008,200807,-0.9357340000000008
LA-LM,200808,2,climatology,reference_r4,0.0299999999999999,0.5268149999999991,200807,-0.49681499999999923
LA-LM,200809,3,climatology,reference_r4,0.0,0.8116540000000008,200807,-0.8116540000000008
LA-LM,200810,1,climatology,reference_r4,0.09,0.0282749999999999,200810,0.0617250000000001
LA-LM,200811,2,climatology,reference_r4,0.02,0.002547,200810,0.017453
LA-LM,200812,3,climatology,reference_r4,0.0,0.0006259999999999,200810,-0.0006259999999999
LA-LM,200901,1,climatology,reference_r4,0.0,0.0001449999999999,200901,-0.0001449999999999
LA-LM,200902,2,climatology,reference_r4,0.0,0.0001209999999999,200901,-0.0001209999999999
LA-LM,200903,3,climatology,reference_r4,0.041405,0.0004879999999999,200901,0.0409170000000001
LA-LM,200904,1,climatology,reference_r4,0.826281,0.952581,200904,-0.12629999999999997
LA-LM,200905,2,climatology,reference_r4,0.0,0.003375,200904,-0.003375
LA-LM,200906,3,climatology,reference_r4,2.0,1.779479,200904,0.22052099999999997
LA-LM,200907,1,climatology,reference_r4,0.677405,1.060841,200907,-0.3834359999999999
LA-LM,200908,2,climatology,reference_r4,0.024843,1.3580590000000043,200907,-1.3332160000000044
LA-LM,200909,3,climatology,reference_r4,4.0,2.5135840000000016,200907,1.4864159999999984
LA-LM,200910,1,climatology,reference_r4,4.164529,2.8886710000000004,200910,1.2758579999999995
LA-LM,200911,2,climatology,reference_r4,5.652562,4.443423,200910,1.2091389999999995
LA-LM,200912,3,climatology,reference_r4,4.0,3.463991,200910,0.536009
LA-LP,200801,1,climatology,reference_r4,0.1999999999999999,0.8509699999999998,200801,-0.6509699999999998
LA-LP,200802,2,climatology,reference_r4,13.92,14.226982,200801,-0.30698199999999964
LA-LP,200803,3,climatology,reference_r4,20.81,20.559279,200801,0.25072099999999864
LA-LP,200804,1,climatology,reference_r4,31.229999999999997,17.089113,200804,14.140886999999996
LA-LP,200805,2,climatology,reference_r4,107.3,69.12398400000001,200804,38.17601599999999
LA-LP,200806,3,climatology,reference_r4,132.97,83.551519,200804,49.418481
LA-LP,200807,1,climatology,reference_r4,10.659999999999998,9.939164000000002,200807,0.7208359999999967
LA-LP,200808,2,climatology,reference_r4,12.43,8.521204000000001,200807,3.908795999999999
LA-LP,200809,3,climatology,reference_r4,10.5,8.899235999999998,200807,1.6007640000000016
LA-LP,200810,1,climatology,reference_r4,9.55,16.340684000000003,200810,-6.790684000000002
LA-LP,200811,2,climatology,reference_r4,103.0,109.266509,200810,-6.266508999999999
LA-LP,200812,3,climatology,reference_r4,126.82,158.11663,200810,-31.296629999999993
LA-LP,200901,1,climatology,reference_r4,0.16562,7.373391999999999,200901,-7.207771999999999
LA-LP,200902,2,climatology,reference_r4,0.5962320000000001,6.8481760000000005,200901,-6.251944
LA-LP,200903,3,climatology,reference_r4,0.4720169999999997,14.776713,200901,-14.304696000000002
LA-LP,200904,1,climatology,reference_r4,0.8104469999999999,11.220066,200904,-10.409619
LA-LP,200905,2,climatology,reference_r4,3.589589,35.441478000000004,200904,-31.851889000000003
LA-LP,200906,3,climatology,reference_r4,5.813261999999998,70.76695899999999,200904,-64.95369699999999
LA-LP,200907,1,climatology,reference_r4,4.452995999999999,20.183689,200907,-15.730693000000002
LA-LP,200908,2,climatology,reference_r4,8.377825999999999,19.869366999999997,200907,-11.491540999999998
LA-LP,200909,3,climatology,reference_r4,238.358321,275.812006,200907,-37.45368500000001
LA-LP,200910,1,climatology,reference_r4,126.23871400000002,75.76743399999998,200910,50.471280000000036
LA-LP,200911,2,climatology,reference_r4,61.383126999999995,36.810936,200910,24.572190999999997
LA-LP,200912,3,climatology,reference_r4,7.821726000000002,5.227954,200910,2.5937720000000013
LA-OU,200801,1,climatology,reference_r4,0.0,0.0004419999999999,200801,-0.0004419999999999
LA-OU,200802,2,climatology,reference_r4,0.0,0.0002249999999999,200801,-0.0002249999999999
LA-OU,200803,3,climatology,reference_r4,0.0,2.499999999999985e-05,200801,-2.499999999999985e-05
LA-OU,200804,1,climatology,reference_r4,0.0,0.000962,200804,-0.000962
LA-OU,200805,2,climatology,reference_r4,0.01,0.008625,200804,0.0013749999999999995
LA-OU,200806,3,climatology,reference_r4,0.01,0.0110889999999999,200804,-0.001088999999999899
LA-OU,200807,1,climatology,reference_r4,0.04,2.1414350000000013,200807,-2.1014350000000013
LA-OU,200808,2,climatology,reference_r4,0.12,1.392761,200807,-1.272761
LA-OU,200809,3,climatology,reference_r4,0.04,1.5584540000000011,200807,-1.518454000000001
LA-OU,200810,1,climatology,reference_r4,0.0799999999999999,0.035744,200810,0.044255999999999907
LA-OU,200811,2,climatology,reference_r4,0.01,0.0048789999999999,200810,0.0051210000000001
LA-OU,200812,3,climatology,reference_r4,0.0,0.001686,200810,-0.001686
LA-OU,200901,1,climatology,reference_r4,0.0,8.099999999999948e-05,200901,-8.099999999999948e-05
LA-OU,200902,2,climatology,reference_r4,0.0,0.0004889999999999,200901,-0.0004889999999999
LA-OU,200903,3,climatology,reference_r4,0.0,0.0002559999999999,200901,-0.0002559999999999
LA-OU,200904,1,climatology,reference_r4,0.0,0.001093,200904,-0.001093
LA-OU,200905,2,climatology,reference_r4,0.0082809999999999,0.0035089999999999,200904,0.004772
LA-OU,200906,3,climatology,reference_r4,0.0082809999999999,0.017178,200904,-0.0088970000000001
LA-OU,200907,1,climatology,reference_r4,0.0331239999999999,2.201894000000003,200907,-2.168770000000003
LA-OU,200908,2,climatology,reference_r4,0.7353719999999999,2.1174859999999995,200907,-1.3821139999999996
LA-OU,200909,3,climatology,reference_r4,14.669124,9.036583999999998,200907,5.632540000000002
LA-OU,200910,1,climatology,reference_r4,4.974247999999999,2.356514,200910,2.617733999999999
LA-OU,200911,2,climatology,reference_r4,12.826281,8.297554,200910,4.528727
LA-OU,200912,3,climatology,reference_r4,18.0,16.259750999999998,200910,1.7402490000000022
LA-PH,200901,1,climatology,reference_r4,0.0,0.008394,200901,-0.008394
LA-PH,200902,2,climatology,reference_r4,0.0,0.013747,200901,-0.013747
LA-PH,200903,3,climatology,reference_r4,0.0,0.011909,200901,-0.011909
LA-PH,200904,1,climatology,reference_r4,0.0,0.003346,200904,-0.003346
LA-PH,200905,2,climatology,reference_r4,0.0,0.0070159999999999,200904,-0.0070159999999999
LA-PH,200906,3,climatology,reference_r4,0.0,0.0270019999999999,200904,-0.0270019999999999
LA-PH,200907,1,climatology,reference_r4,0.0,0.2708350000000004,200907,-0.2708350000000004
LA-PH,200909,3,climatology,reference_r4,0.04,0.3815790000000003,200907,-0.3415790000000003
LA-PH,200910,1,climatology,reference_r4,0.0,0.0146899999999999,200910,-0.0146899999999999
LA-PH,200911,2,climatology,reference_r4,0.0,0.007834,200910,-0.007834
LA-PH,200912,3,climatology,reference_r4,0.0,0.000958,200910,-0.000958
LA-SL,200801,1,climatology,reference_r4,0.1099999999999999,0.8905020000000001,200801,-0.7805020000000003
LA-SL,200802,2,climatology,reference_r4,1.0,0.3990359999999999,200801,0.600964
LA-SL,200803,3,climatology,reference_r4,4.62,3.711126,200801,0.908874
LA-SL,200804,1,climatology,reference_r4,2.0,0.8232109999999997,200804,1.1767890000000003
LA-SL,200805,2,climatology,reference_r4,82.75,88.017715,200804,-5.2677149999999955
LA-SL,200806,3,climatology,reference_r4,206.97,182.706523,200804,24.263476999999995
LA-SL,200807,1,climatology,reference_r4,75.25,49.287558,200807,25.962442000000003
LA-SL,200808,2,climatology,reference_r4,52.45,40.490459,200807,11.959541000000002
LA-SL,200809,3,climatology,reference_r4,76.05,55.946118,200807,20.103882
LA-SL,200810,1,climatology,reference_r4,89.54,37.46216799999999,200810,52.077832000000015
LA-SL,200811,2,climatology,reference_r4,19.16,7.654614,200810,11.505386000000001
LA-SL,200812,3,climatology,reference_r4,5.69,2.8154619999999992,200810,2.874538000000001
LA-SL,200901,1,climatology,reference_r4,0.545091,1.3520469999999998,200901,-0.8069559999999998
LA-SL,200902,2,climatology,reference_r4,23.826281,19.347832,200901,4.478449000000001
LA-SL,200903,3,climatology,reference_r4,23.817091,13.138766,200901,10.678325000000001
LA-SL,200904,1,climatology,reference_r4,18.652562,5.792517,200904,12.860045
LA-SL,200905,2,climatology,reference_r4,83.899938,43.786785,200904,40.113153000000004
LA-SL,200906,3,climatology,reference_r4,30.133145000000003,32.51208700000001,200904,-2.3789420000000057
LA-SL,200907,1,climatology,reference_r4,148.17646399999998,115.68452800000004,200907,32.49193599999994
LA-SL,200908,2,climatology,reference_r4,107.331804,88.35168499999999,200907,18.980119000000016
LA-SL,200909,3,climatology,reference_r4,68.83130799999999,59.12957999999999,200907,9.701728000000003
LA-SL,200910,1,climatology,reference_r4,76.984001,35.440118999999996,200910,41.54388200000001
LA-SL,200911,2,climatology,reference_r4,38.830017000000005,18.679802999999993,200910,20.150214000000013
LA-SL,200912,3,climatology,reference_r4,13.699703,6.863837,200910,6.835865999999999
LA-SV,200801,1,climatology,reference_r4,1.7800000000000002,5.560211000000001,200801,-3.7802110000000004
LA-SV,200802,2,climatology,reference_r4,0.6200000000000001,1.067894,200801,-0.4478939999999998
LA-SV,200803,3,climatology,reference_r4,1.42,0.5567249999999999,200801,0.863275
LA-SV,200804,1,climatology,reference_r4,6.08,3.5868529999999996,200804,2.4931470000000004
LA-SV,200805,2,climatology,reference_r4,27.53,8.025956,200804,19.504044
LA-SV,200806,3,climatology,reference_r4,67.57,26.666359000000007,200804,40.903640999999986
LA-SV,200807,1,climatology,reference_r4,150.21999999999997,22.286722000000022,200807,127.93327799999994
LA-SV,200808,2,climatology,reference_r4,140.25,22.32373799999999,200807,117.92626200000001
LA-SV,200809,3,climatology,reference_r4,115.49,20.55244700000003,200807,94.93755299999997
LA-SV,200810,1,climatology,reference_r4,53.19,3.898237,200810,49.291762999999996
LA-SV,200811,2,climatology,reference_r4,12.810000000000002,0.7242839999999999,200810,12.085716000000001
LA-SV,200812,3,climatology,reference_r4,8.030000000000001,0.333579,200810,7.696421000000001
LA-SV,200901,1,climatology,reference_r4,1.7460180000000003,0.071555,200901,1.6744630000000003
LA-SV,200902,2,climatology,reference_r4,0.6034219999999999,0.0200209999999999,200901,0.5834010000000001
LA-SV,200903,3,climatology,reference_r4,1.0848110000000002,0.1542179999999999,200901,0.9305930000000002
LA-SV,200904,1,climatology,reference_r4,5.027028,0.193397,200904,4.833631
LA-SV,200905,2,climatology,reference_r4,23.760858999999996,1.2508590000000002,200904,22.509999999999998
LA-SV,200906,3,climatology,reference_r4,63.428528,1.6801389999999996,200904,61.748389
LA-SV,200907,1,climatology,reference_r4,123.24315,29.44706099999996,200907,93.79608900000004
LA-SV,200908,2,climatology,reference_r4,102.30625,32.6685369999999,200907,69.6377130000001
LA-SV,200909,3,climatology,reference_r4,77.799763,33.06885599999998,200907,44.730907000000016
LA-SV,200910,1,climatology,reference_r4,41.95170999999999,7.280832999999998,200910,34.67087699999999
LA-SV,200911,2,climatology,reference_r4,12.497231,13.82403,200910,-1.3267990000000012
LA-SV,200912,3,climatology,reference_r4,6.103097000000002,1.628926,200910,4.474171000000002
LA-VT,200801,1,climatology,reference_r4,10.87,10.804989,200801,0.06501099999999838
LA-VT,200802,2,climatology,reference_r4,9.38,3.935292000000001,200801,5.444708
LA-VT,200803,3,climatology,reference_r4,4.52,16.116372,200801,-11.596371999999999
LA-VT,200804,1,climatology,reference_r4,36.69,11.139016000000002,200804,25.550983999999996
LA-VT,200805,2,climatology,reference_r4,62.27,24.815482000000003,200804,37.454518
LA-VT,200806,3,climatology,reference_r4,83.00999999999999,79.70156100000003,200804,3.3084389999999644
LA-VT,200807,1,climatology,reference_r4,191.24999999999997,87.0091829999999,200807,104.24081700000008
LA-VT,200808,2,climatology,reference_r4,165.86,87.64179200000001,200807,78.218208
LA-VT,200809,3,climatology,reference_r4,113.29999999999998,97.86658499999989,200807,15.433415000000096
LA-VT,200810,1,climatology,reference_r4,129.48000000000002,36.63253,200810,92.84747000000002
LA-VT,200811,2,climatology,reference_r4,36.84,60.17981900000001,200810,-23.339819000000006
LA-VT,200812,3,climatology,reference_r4,17.979999999999997,51.16511799999999,200810,-33.185117999999996
LA-VT,200901,1,climatology,reference_r4,7.815081999999997,21.761033,200901,-13.945951000000004
LA-VT,200902,2,climatology,reference_r4,3.934482,12.86546,200901,-8.930978
LA-VT,200903,3,climatology,reference_r4,7.282829999999999,6.215401000000002,200901,1.067428999999997
LA-VT,200904,1,climatology,reference_r4,9.680054000000002,10.969666999999998,200904,-1.2896129999999957
LA-VT,200905,2,climatology,reference_r4,27.720475,110.53592700000002,200904,-82.81545200000002
LA-VT,200906,3,climatology,reference_r4,38.075081999999995,169.85351799999995,200904,-131.77843599999994
LA-VT,200907,1,climatology,reference_r4,86.36204900000001,173.05869499999994,200907,-86.69664599999993
LA-VT,200908,2,climatology,reference_r4,101.891894,210.0005450000001,200907,-108.10865100000011
LA-VT,200909,3,climatology,reference_r4,112.384425,275.74755000000005,200907,-163.36312500000005
LA-VT,200910,1,climatology,reference_r4,145.485435,200.38036600000004,200910,-54.89493100000004
LA-VT,200911,2,climatology,reference_r4,297.66520299999996,247.218792,200910,50.446410999999955
LA-VT,200912,3,climatology,reference_r4,224.551238,237.076923,200910,-12.525684999999982
LA-XA,200801,1,climatology,reference_r4,0.17,0.937917,200801,-0.767917
LA-XA,200802,2,climatology,reference_r4,0.9500000000000002,0.246032,200801,0.7039680000000001
LA-XA,200803,3,climatology,reference_r4,0.7399999999999998,0.156616,200801,0.5833839999999998
LA-XA,200804,1,climatology,reference_r4,3.460000000000001,0.7415020000000001,200804,2.7184980000000007
LA-XA,200805,2,climatology,reference_r4,5.659999999999997,1.219445,200804,4.440554999999996
LA-XA,200806,3,climatology,reference_r4,14.03,2.2266060000000003,200804,11.803393999999999
LA-XA,200807,1,climatology,reference_r4,24.69,11.749201,200807,12.940799000000002
LA-XA,200808,2,climatology,reference_r4,9.729999999999997,4.581992,200807,5.148007999999997
LA-XA,200809,3,climatology,reference_r4,4.75,3.108659000000003,200807,1.641340999999997
LA-XA,200810,1,climatology,reference_r4,1.5699999999999994,1.6035130000000004,200810,-0.033513000000001014
LA-XA,200811,2,climatology,reference_r4,1.83,0.7189270000000003,200810,1.1110729999999998
LA-XA,200812,3,climatology,reference_r4,1.9600000000000009,0.38409,200810,1.5759100000000008
LA-XA,200901,1,climatology,reference_r4,0.1407769999999999,0.07726,200901,0.0635169999999999
LA-XA,200902,2,climatology,reference_r4,0.7866949999999999,0.04674,200901,0.7399549999999999
LA-XA,200903,3,climatology,reference_r4,0.6127940000000001,0.2377779999999999,200901,0.3750160000000001
LA-XA,200904,1,climatology,reference_r4,2.8624980000000004,0.354928,200904,2.5075700000000003
LA-XA,200905,2,climatology,reference_r4,4.777046000000006,1.100982,200904,3.6760640000000055
LA-XA,200906,3,climatology,reference_r4,13.430243,5.649157999999999,200904,7.781085000000002
LA-XA,200907,1,climatology,reference_r4,22.570512,6.153162000000002,200907,16.41735
LA-XA,200908,2,climatology,reference_r4,13.305413,22.79703300000001,200907,-9.49162000000001
LA-XA,200909,3,climatology,reference_r4,6.654747,6.221546999999994,200907,0.43320000000000647
LA-XA,200910,1,climatology,reference_r4,2.0250260000000004,4.338903000000002,200910,-2.3138770000000015
LA-XA,200911,2,climatology,reference_r4,3.421968000000001,2.590086000000001,200910,0.8318819999999998
LA-XA,200912,3,climatology,reference_r4,1.5319850000000006,1.2576079999999998,200910,0.27437700000000076
LA-XE,200801,1,climatology,reference_r4,0.09,0.0150889999999999,200801,0.0749110000000001
LA-XE,200802,2,climatology,reference_r4,0.12,0.003747,200801,0.116253
LA-XE,200803,3,climatology,reference_r4,0.0,0.003433,200801,-0.003433
LA-XE,200804,1,climatology,reference_r4,0.0246419999999999,0.011745,200804,0.0128969999999999
LA-XE,200805,2,climatology,reference_r4,0.08,0.0455329999999999,200804,0.0344670000000001
LA-XE,200806,3,climatology,reference_r4,3.15,3.991869,200804,-0.841869
LA-XE,200807,1,climatology,reference_r4,0.4000000000000001,0.5954490000000003,200807,-0.19544900000000026
LA-XE,200808,2,climatology,reference_r4,0.1899999999999999,0.6949640000000006,200807,-0.5049640000000006
LA-XE,200809,3,climatology,reference_r4,0.6699999999999999,0.7518729999999998,200807,-0.08187299999999986
LA-XE,200810,1,climatology,reference_r4,0.5599999999999998,0.0478549999999999,200810,0.512145
LA-XE,200811,2,climatology,reference_r4,0.0246419999999999,0.009837,200810,0.0148049999999999
LA-XE,200812,3,climatology,reference_r4,0.790321,0.867007,200810,-0.07668599999999992
LA-XE,200901,1,climatology,reference_r4,0.074529,0.004179,200901,0.07035
LA-XE,200902,2,climatology,reference_r4,1.371372,1.872963,200901,-0.5015909999999999
LA-XE,200903,3,climatology,reference_r4,2.0,1.755906,200901,0.24409400000000003
LA-XE,200904,1,climatology,reference_r4,0.8200000000000001,0.5126379999999999,200904,0.30736200000000014
LA-XE,200905,2,climatology,reference_r4,1.338248,0.967369,200904,0.37087900000000007
LA-XE,200906,3,climatology,reference_r4,6.6023309999999995,5.750561,200904,0.8517699999999992
LA-XE,200907,1,climatology,reference_r4,26.41924,24.309591,200907,2.1096489999999974
LA-XE,200908,2,climatology,reference_r4,25.883339,21.774364,200907,4.108975000000001
LA-XE,200909,3,climatology,reference_r4,4.097554,3.804416,200907,0.2931379999999999
LA-XE,200910,1,climatology,reference_r4,4.551736,3.00741,200910,1.5443259999999999
LA-XE,200911,2,climatology,reference_r4,2.6199999999999997,9.003909,200910,-6.383909000000001
LA-XE,200912,3,climatology,reference_r4,6.64,8.447728999999995,200910,-1.8077289999999957
LA-XI,200801,1,climatology,reference_r4,0.0,0.0004849999999999,200801,-0.0004849999999999
LA-XI,200802,2,climatology,reference_r4,0.0,0.0001709999999999,200801,-0.0001709999999999
LA-XI,200803,3,climatology,reference_r4,0.0,0.00047,200801,-0.00047
LA-XI,200804,1,climatology,reference_r4,0.0,0.0003869999999999,200804,-0.0003869999999999
LA-XI,200805,2,climatology,reference_r4,0.0,0.00085,200804,-0.00085
LA-XI,200806,3,climatology,reference_r4,1.0,0.929361,200804,0.07063900000000001
LA-XI,200807,1,climatology,reference_r4,0.0,0.2423799999999998,200807,-0.2423799999999998
LA-XI,200808,2,climatology,reference_r4,0.02,0.3010999999999999,200807,-0.2810999999999999
LA-XI,200809,3,climatology,reference_r4,0.01,0.3256429999999994,200807,-0.3156429999999994
LA-XI,200810,1,climatology,reference_r4,0.0,0.017068,200810,-0.017068
LA-XI,200811,2,climatology,reference_r4,0.01,0.002919,200810,0.0070810000000000005
LA-XI,200812,3,climatology,reference_r4,0.0,0.0006509999999999,200810,-0.0006509999999999
LA-XI,200901,1,climatology,reference_r4,0.0,0.001391,200901,-0.001391
LA-XI,200902,2,climatology,reference_r4,0.0,0.0011069999999999,200901,-0.0011069999999999
LA-XI,200903,3,climatology,reference_r4,0.0,0.000858,200901,-0.000858
LA-XI,200904,1,climatology,reference_r4,0.0,0.0003319999999999,200904,-0.0003319999999999
LA-XI,200905,2,climatology,reference_r4,39.0,38.930877,200904,0.0691229999999976
LA-XI,200906,3,climatology,reference_r4,32.826281,32.83178,200904,-0.005499000000000365
LA-XI,200907,1,climatology,reference_r4,1.0,0.6791850000000004,200907,0.32081499999999963
LA-XI,200908,2,climatology,reference_r4,9.652562,6.871492,200907,2.7810699999999997
LA-XI,200909,3,climatology,reference_r4,0.0082809999999999,0.4909029999999994,200907,-0.48262199999999955
LA-XI,200910,1,climatology,reference_r4,0.0,0.8932059999999997,200910,-0.8932059999999997
LA-XI,200911,2,climatology,reference_r4,0.0082809999999999,0.4608449999999999,200910,-0.45256399999999997
LA-XI,200912,3,climatology,reference_r4,0.0,0.1687619999999999,200910,-0.1687619999999999
