location,time_period,horizon_distance,model,against,crps_model,crps_against,split_first_period,diff,weight
LA-AT,200801,1,persistence,reference,3.417114,2.4572515,200801,0.9598625000000004,4.0
LA-AT,200802,2,persistence,reference,1.554761,1.0992047500000002,200801,0.4555562499999999,2.0
LA-AT,200803,3,persistence,reference,0.0719689999999997,0.48845825,200801,-0.4164892500000002,0.0
LA-AT,200804,1,persistence,reference,0.0471139999999998,0.38526,200804,-0.3381460000000001,0.0
LA-AT,200805,2,persistence,reference,3.342761,1.7285335,200804,1.6142275,4.0
LA-AT,200806,3,persistence,reference,8.929969,4.66493025,200804,4.2650387499999995,10.0
LA-AT,200807,1,persistence,reference,3.450605,2.3829085,200807,1.0676964999999998,6.0
LA-AT,200808,2,persistence,reference,0.8260830000000001,3.801981,200807,-2.975898,11.0
LA-AT,200809,3,persistence,reference,12.807472,12.016339,200807,0.7911330000000003,24.0
LA-AT,200810,1,persistence,reference,21.839211,33.646784499999995,200810,-11.807573499999997,47.0
LA-AT,200811,2,persistence,reference,17.716617,35.3377105,200810,-17.6210935,43.0
LA-AT,200812,3,persistence,reference,0.8262919999999996,17.632734,200810,-16.806442,23.0
LA-AT,200901,1,persistence,reference,4.403041999999999,7.56566525,200901,-3.162623250000001,18.0
LA-AT,200902,2,persistence,reference,21.580328,37.3167155,200901,-15.7363875,46.0
LA-AT,200903,3,persistence,reference,51.660003,56.45955825,200901,-4.799555249999997,77.0
LA-AT,200904,1,persistence,reference,20.870388,38.36334275,200904,-17.492954750000003,99.0
LA-AT,200905,2,persistence,reference,74.407714,87.152383,200904,-12.744669000000002,0.0
LA-AT,200906,3,persistence,reference,50.686121,73.05715699999999,200904,-22.37103599999999,24.0
LA-AT,200907,1,persistence,reference,38.397211,101.925443,200907,-63.528232,64.0
LA-AT,200908,2,persistence,reference,2.492617,122.86303,200907,-120.370413,21.0
LA-AT,200909,3,persistence,reference,6.1402920000000005,231.48168225,200907,-225.34139025,17.0
LA-AT,200910,1,persistence,reference,12.098028,38.96140075,200910,-26.863372750000003,4.0
LA-AT,200911,2,persistence,reference,0.8285939999999998,31.62339425,200910,-30.79480025,16.0
LA-AT,200912,3,persistence,reference,9.930269,29.56166074999999,200910,-19.63139174999999,6.0
LA-BK,200801,1,persistence,reference,0.702799,0.785863,200801,-0.083064,1.0
LA-BK,200802,2,persistence,reference,0.0441579999999999,0.1090254999999999,200801,-0.0648675,0.0
LA-BK,200803,3,persistence,reference,0.04958,0.1217505,200801,-0.0721705,0.0
LA-BK,200804,1,persistence,reference,0.0387989999999999,0.02783575,200804,0.0109632499999999,0.0
LA-BK,200805,2,persistence,reference,11.132158,10.8348715,200804,0.2972865000000002,12.0
LA-BK,200806,3,persistence,reference,51.985580000000006,51.481997,200804,0.5035830000000061,53.0
LA-BK,200807,1,persistence,reference,50.223598,17.58906775,200807,32.63453025,2.0
LA-BK,200808,2,persistence,reference,43.128316,22.100853,200807,21.027462999999997,9.0
LA-BK,200809,3,persistence,reference,19.03516,64.000504,200807,-44.965344,33.0
LA-BK,200810,1,persistence,reference,14.223598,33.434669,200810,-19.211070999999997,48.0
LA-BK,200811,2,persistence,reference,21.128316,42.18707775,200810,-21.05876175,55.0
LA-BK,200812,3,persistence,reference,27.03516,1.79815475,200810,25.237005250000003,5.0
LA-BK,200901,1,persistence,reference,3.438492,0.43155475,200901,3.00693725,1.0
LA-BK,200902,2,persistence,reference,4.3407670000000005,0.29852025,200901,4.04224675,0.0
LA-BK,200903,3,persistence,reference,3.355307,0.5750872500000002,200901,2.7802197499999997,1.0
LA-BK,200904,1,persistence,reference,1.589023,1.6307850000000004,200904,-0.0417620000000003,3.0
LA-BK,200905,2,persistence,reference,72.11584199999999,43.53290225,200904,28.582939749999987,74.0
LA-BK,200906,3,persistence,reference,214.019436,134.538128,200904,79.48130800000001,216.0
LA-BK,200907,1,persistence,reference,3.439598,89.8696175,200907,-86.4300195,212.0
LA-BK,200908,2,persistence,reference,105.128316,32.5540305,200907,72.5742855,110.0
LA-BK,200909,3,persistence,reference,163.03516,18.789362,200907,144.24579799999998,52.0
LA-BK,200910,1,persistence,reference,20.223598,26.750267249999997,200910,-6.526669249999998,31.0
LA-BK,200911,2,persistence,reference,46.128316,18.3345285,200910,27.793787499999997,5.0
LA-BK,200912,3,persistence,reference,47.03516,6.4347255,200910,40.6004345,4.0
LA-BL,200801,1,persistence,reference,5.383502,5.1953185,200801,0.1881835,10.0
LA-BL,200802,2,persistence,reference,4.609445999999998,4.92974825,200801,-0.3203022500000019,7.0
LA-BL,200803,3,persistence,reference,4.952254,1.29796675,200801,3.65428725,1.0
LA-BL,200804,1,persistence,reference,2.695502000000001,3.08132025,200804,-0.3858182499999989,3.0
LA-BL,200805,2,persistence,reference,7.897445999999999,5.0021255,200804,2.895320499999998,15.0
LA-BL,200806,3,persistence,reference,9.692254000000002,7.1434222499999995,200804,2.5488317500000024,19.0
LA-BL,200807,1,persistence,reference,8.23891,17.797534499999998,200807,-9.558624499999995,31.0
LA-BL,200808,2,persistence,reference,9.221346999999998,19.865002250000003,200807,-10.643655250000004,32.0
LA-BL,200809,3,persistence,reference,9.298677,18.357721750000003,200807,-9.059044750000004,30.0
LA-BL,200810,1,persistence,reference,16.470322000000003,11.095471,200810,5.374851000000003,5.0
LA-BL,200811,2,persistence,reference,12.262498,3.7202622499999993,200810,8.542235750000001,12.0
LA-BL,200812,3,persistence,reference,17.99097,1.3904815,200810,16.6004885,1.0
LA-BL,200901,1,persistence,reference,2.511502,0.7061344999999999,200901,1.8053675,2.0
LA-BL,200902,2,persistence,reference,3.6934460000000016,1.4873054999999995,200901,2.206140500000002,3.0
LA-BL,200903,3,persistence,reference,4.9942540000000015,1.19987675,200901,3.7943772500000015,0.0
LA-BL,200904,1,persistence,reference,2.5010209999999997,0.7533335000000001,200904,1.7476874999999996,2.0
LA-BL,200905,2,persistence,reference,3.323820999999999,3.37442175,200904,-0.0506007500000014,0.0
LA-BL,200906,3,persistence,reference,5.582812999999998,4.04896125,200904,1.5338517499999984,7.0
LA-BL,200907,1,persistence,reference,17.514046,13.05826925,200907,4.45577675,35.0
LA-BL,200908,2,persistence,reference,4.609358000000002,4.79656,200907,-0.1872019999999983,9.0
LA-BL,200909,3,persistence,reference,6.933896999999998,9.076205,200907,-2.1423080000000017,0.0
LA-BL,200910,1,persistence,reference,2.3170210000000004,3.80502975,200910,-1.4880087499999997,1.0
LA-BL,200911,2,persistence,reference,3.4678210000000007,1.3181850000000002,200910,2.1496360000000005,2.0
LA-BL,200912,3,persistence,reference,4.764813,0.45991775,200910,4.30489525,1.0
LA-CH,200801,1,persistence,reference,9.094472000000003,31.90423075,200801,-22.809758749999997,73.0
LA-CH,200802,2,persistence,reference,19.277769,49.4732335,200801,-30.1954645,90.0
LA-CH,200803,3,persistence,reference,22.452036999999997,53.652343,200801,-31.200306000000005,92.0
LA-CH,200804,1,persistence,reference,16.585575000000002,24.083442,200804,-7.497866999999999,69.0
LA-CH,200805,2,persistence,reference,17.207692,37.95600525,200804,-20.748313249999995,113.0
LA-CH,200806,3,persistence,reference,145.733314,101.41474975,200804,44.31856425000001,295.0
LA-CH,200807,1,persistence,reference,103.949944,134.01294,200807,-30.062995999999984,162.0
LA-CH,200808,2,persistence,reference,112.642802,82.86095600000002,200807,29.781845999999987,143.0
LA-CH,200809,3,persistence,reference,73.553239,94.78290925000002,200807,-21.229670250000012,185.0
LA-CH,200810,1,persistence,reference,31.000921000000005,39.5149015,200810,-8.513980499999995,140.0
LA-CH,200811,2,persistence,reference,58.287541,31.35523675,200810,26.93230425,102.0
LA-CH,200812,3,persistence,reference,74.65110700000001,22.991555500000004,200810,51.659551500000006,73.0
LA-CH,200901,1,persistence,reference,28.518953000000003,9.739322,200901,18.779631,31.0
LA-CH,200902,2,persistence,reference,18.940767,23.39347,200901,-4.452703,48.0
LA-CH,200903,3,persistence,reference,16.500345000000003,20.1857245,200901,-3.685379499999996,60.0
LA-CH,200904,1,persistence,reference,28.357396,33.3295555,200904,-4.9721594999999965,102.0
LA-CH,200905,2,persistence,reference,10.360133000000005,101.69403875000002,200904,-91.33390575,66.0
LA-CH,200906,3,persistence,reference,41.64690100000001,107.003725,200904,-65.35682399999999,124.0
LA-CH,200907,1,persistence,reference,7.347732000000001,119.366096,200907,-112.018364,122.0
LA-CH,200908,2,persistence,reference,14.241996999999998,79.32702949999998,200907,-65.08503249999998,110.0
LA-CH,200909,3,persistence,reference,20.237556,96.46007150000004,200907,-76.22251550000004,105.0
LA-CH,200910,1,persistence,reference,31.559768,23.769135749999997,200910,7.790632250000002,59.0
LA-CH,200911,2,persistence,reference,48.322561,36.107756249999994,200910,12.214804750000006,35.0
LA-CH,200912,3,persistence,reference,48.408425,22.196459000000004,200910,26.211965999999997,32.0
LA-HO,200801,1,persistence,reference,0.8303219999999999,0.2019005,200801,0.6284214999999999,0.0
LA-HO,200802,2,persistence,reference,0.8292019999999999,0.61940225,200801,0.2097997499999998,0.0
LA-HO,200803,3,persistence,reference,0.820377,2.2223387499999996,200801,-1.4019617499999997,0.0
LA-HO,200804,1,persistence,reference,0.0149129999999999,0.05633875,200804,-0.0414257500000001,0.0
LA-HO,200805,2,persistence,reference,0.013793,0.038491,200804,-0.0246979999999999,0.0
LA-HO,200806,3,persistence,reference,0.015768,0.047342,200804,-0.031574,0.0
LA-HO,200807,1,persistence,reference,0.0149129999999999,0.01792925,200807,-0.0030162500000001,0.0
LA-HO,200808,2,persistence,reference,0.013793,0.02371475,200807,-0.00992175,0.0
LA-HO,200809,3,persistence,reference,0.809768,0.72078525,200807,0.08898275,1.0
LA-HO,200810,1,persistence,reference,0.8303219999999999,0.0392525,200810,0.7910694999999999,0.0
LA-HO,200811,2,persistence,reference,0.8292019999999999,0.00699125,200810,0.8222107499999999,0.0
LA-HO,200812,3,persistence,reference,0.0263769999999999,0.90733525,200810,-0.8809582500000002,1.0
LA-HO,200901,1,persistence,reference,0.8303219999999999,0.0190077499999999,200901,0.81131425,0.0
LA-HO,200902,2,persistence,reference,0.8292019999999999,0.0303672499999999,200901,0.7988347499999999,0.0
LA-HO,200903,3,persistence,reference,0.820377,0.022481,200901,0.797896,0.0
LA-HO,200904,1,persistence,reference,0.0149129999999999,0.005353,200904,0.0095599999999999,0.0
LA-HO,200905,2,persistence,reference,0.013793,0.0185542499999999,200904,-0.0047612499999999,0.0
LA-HO,200906,3,persistence,reference,0.015768,0.05562925,200904,-0.03986125,0.0
LA-HO,200907,1,persistence,reference,0.0149129999999999,0.028846,200907,-0.0139330000000001,0.0
LA-HO,200908,2,persistence,reference,0.013793,0.04879625,200907,-0.03500325,0.0
LA-HO,200909,3,persistence,reference,0.809768,0.68236725,200907,0.12740075,1.0
LA-HO,200910,1,persistence,reference,0.024322,0.63160775,200910,-0.6072857500000001,1.0
LA-HO,200911,2,persistence,reference,0.023202,0.81543975,200910,-0.79223775,1.0
LA-HO,200912,3,persistence,reference,0.0263769999999999,0.9192335,200910,-0.8928565000000002,1.0
LA-KH,200801,1,persistence,reference,1.3149230000000005,1.49521,200801,-0.1802869999999994,0.0
LA-KH,200802,2,persistence,reference,2.0702239999999996,0.6627952500000001,200801,1.4074287499999996,0.0
LA-KH,200803,3,persistence,reference,2.6522299999999994,1.04225825,200801,1.6099717499999997,0.0
LA-KH,200804,1,persistence,reference,1.3149230000000005,0.21798325,200804,1.0969397500000004,0.0
LA-KH,200805,2,persistence,reference,2.0702239999999996,0.3309689999999999,200804,1.7392549999999998,0.0
LA-KH,200806,3,persistence,reference,3.0462299999999978,0.6611834999999998,200804,2.385046499999998,1.0
LA-KH,200807,1,persistence,reference,2.403284000000001,1.4723185,200807,0.930965500000001,3.0
LA-KH,200808,2,persistence,reference,2.5886239999999994,0.37484525,200807,2.2137787499999995,0.0
LA-KH,200809,3,persistence,reference,4.036038999999999,2.2661735,200807,1.769865499999999,4.0
LA-KH,200810,1,persistence,reference,3.125885000000002,0.5198725,200810,2.606012500000002,1.0
LA-KH,200811,2,persistence,reference,2.7576459999999976,1.57417125,200810,1.1834747499999976,3.0
LA-KH,200812,3,persistence,reference,2.9661490000000015,3.34946225,200810,-0.3833132499999987,4.0
LA-KH,200901,1,persistence,reference,3.713884999999999,0.0904052499999999,200901,3.623479749999999,0.0
LA-KH,200902,2,persistence,reference,4.333645999999998,0.0278519999999999,200901,4.305793999999998,0.0
LA-KH,200903,3,persistence,reference,3.796149,4.5622155,200901,-0.7660664999999995,6.0
LA-KH,200904,1,persistence,reference,4.995498000000001,0.7376475000000001,200904,4.257850500000001,0.0
LA-KH,200905,2,persistence,reference,2.422528,1.946533,200904,0.4759949999999997,6.0
LA-KH,200906,3,persistence,reference,54.16718900000001,57.86423125,200904,-3.697042249999995,80.0
LA-KH,200907,1,persistence,reference,60.490204000000006,91.641744,200907,-31.151539999999997,155.0
LA-KH,200908,2,persistence,reference,191.180325,235.3077135,200907,-44.127388499999995,303.0
LA-KH,200909,3,persistence,reference,163.22992399999998,204.419162,200907,-41.18923800000002,277.0
LA-KH,200910,1,persistence,reference,169.74701399999998,25.25099125,200910,144.49602274999998,85.0
LA-KH,200911,2,persistence,reference,185.115734,18.89023425,200910,166.22549975,61.0
LA-KH,200912,3,persistence,reference,175.88018300000002,39.816269,200910,136.063914,67.0
LA-LM,200801,1,persistence,reference,0.0063019999999999,0.181996,200801,-0.1756940000000001,0.0
LA-LM,200802,2,persistence,reference,0.007978,0.1715394999999999,200801,-0.1635614999999999,0.0
LA-LM,200803,3,persistence,reference,0.008063,0.21189025,200801,-0.20382725,0.0
LA-LM,200804,1,persistence,reference,0.0063019999999999,0.00290125,200804,0.0034007499999998,0.0
LA-LM,200805,2,persistence,reference,0.007978,0.0133655,200804,-0.0053875,0.0
LA-LM,200806,3,persistence,reference,0.008063,0.01486475,200804,-0.0068017499999999,0.0
LA-LM,200807,1,persistence,reference,0.0063019999999999,0.0668469999999999,200807,-0.060545,0.0
LA-LM,200808,2,persistence,reference,0.007978,0.0502712499999999,200807,-0.0422932499999999,0.0
LA-LM,200809,3,persistence,reference,0.008063,0.0557952499999999,200807,-0.0477322499999999,0.0
LA-LM,200810,1,persistence,reference,0.0063019999999999,0.0118722499999999,200810,-0.00557025,0.0
LA-LM,200811,2,persistence,reference,0.007978,0.0019814999999999,200810,0.0059965000000001,0.0
LA-LM,200812,3,persistence,reference,0.008063,0.000592,200810,0.007471,0.0
LA-LM,200901,1,persistence,reference,0.0063019999999999,0.0002057499999999,200901,0.00609625,0.0
LA-LM,200902,2,persistence,reference,0.007978,6.400000000000025e-05,200901,0.007914,0.0
LA-LM,200903,3,persistence,reference,0.008063,0.0002374999999999,200901,0.0078255000000001,0.0
LA-LM,200904,1,persistence,reference,0.880302,0.8912962499999999,200904,-0.0109942499999998,1.0
LA-LM,200905,2,persistence,reference,0.007978,0.0116607499999999,200904,-0.0036827499999998,0.0
LA-LM,200906,3,persistence,reference,1.770063,1.5536385,200904,0.2164245,2.0
LA-LM,200907,1,persistence,reference,0.886035,0.5634492499999999,200907,0.3225857500000001,1.0
LA-LM,200908,2,persistence,reference,1.777203,0.94004475,200907,0.8371582500000001,0.0
LA-LM,200909,3,persistence,reference,1.777288,1.64434375,200907,0.1329442499999999,4.0
LA-LM,200910,1,persistence,reference,0.8865399999999999,2.6351455,200910,-1.7486055000000005,5.0
LA-LM,200911,2,persistence,reference,1.7778919999999998,4.51093775,200910,-2.7330457500000005,6.0
LA-LM,200912,3,persistence,reference,0.016045,3.38728575,200910,-3.37124075,4.0
LA-LP,200801,1,persistence,reference,3.4616930000000004,1.0574145,200801,2.4042785,0.0
LA-LP,200802,2,persistence,reference,6.91244,13.7883205,200801,-6.875880499999999,16.0
LA-LP,200803,3,persistence,reference,10.133757,19.51043975,200801,-9.37668275,22.0
LA-LP,200804,1,persistence,reference,7.587196,11.537236,200804,-3.95004,33.0
LA-LP,200805,2,persistence,reference,77.70587800000001,57.674244,200804,20.03163400000001,116.0
LA-LP,200806,3,persistence,reference,116.670978,70.18981500000001,200804,46.481162999999995,160.0
LA-LP,200807,1,persistence,reference,129.93954599999998,123.4718835,200807,6.467662499999975,16.0
LA-LP,200808,2,persistence,reference,128.21567000000002,115.31915824999996,200807,12.89651175000006,13.0
LA-LP,200809,3,persistence,reference,124.816253,99.668677,200807,25.147576,14.0
LA-LP,200810,1,persistence,reference,13.347094,28.576387249999996,200810,-15.229293249999996,33.0
LA-LP,200811,2,persistence,reference,84.94253,53.10374,200810,31.838790000000003,116.0
LA-LP,200812,3,persistence,reference,124.888534,127.41190675,200810,-2.523372749999993,161.0
LA-LP,200901,1,persistence,reference,146.497715,8.5558965,200901,137.9418185,0.0
LA-LP,200902,2,persistence,reference,141.643959,5.92632925,200901,135.71762975,0.0
LA-LP,200903,3,persistence,reference,139.126542,12.53232325,200901,126.59421875,0.0
LA-LP,200904,1,persistence,reference,1.1242739999999998,15.421691250000002,200904,-14.297417250000002,0.0
LA-LP,200905,2,persistence,reference,1.711145,36.32875075,200904,-34.617605749999996,0.0
LA-LP,200906,3,persistence,reference,5.2004459999999995,75.2784345,200904,-70.0779885,9.0
LA-LP,200907,1,persistence,reference,14.802083,21.54772775,200907,-6.74564475,30.0
LA-LP,200908,2,persistence,reference,15.036039,22.435132,200907,-7.399092999999999,32.0
LA-LP,200909,3,persistence,reference,278.002476,303.12593125,200907,-25.123455250000006,313.0
LA-LP,200910,1,persistence,reference,133.848548,99.93562725,200910,33.91292075,165.0
LA-LP,200911,2,persistence,reference,204.57629,54.40982475,200910,150.16646525,87.0
LA-LP,200912,3,persistence,reference,288.208892,3.0576297500000003,200910,285.15126225,0.0
LA-OU,200801,1,persistence,reference,0.0060349999999999,0.3472967499999999,200801,-0.34126175,0.0
LA-OU,200802,2,persistence,reference,0.004123,0.32245675,200801,-0.31833375,0.0
LA-OU,200803,3,persistence,reference,0.0080099999999999,0.4250047499999999,200801,-0.4169947499999999,0.0
LA-OU,200804,1,persistence,reference,0.0060349999999999,0.0038785,200804,0.0021564999999999,0.0
LA-OU,200805,2,persistence,reference,0.004123,0.0122122499999999,200804,-0.0080892499999999,0.0
LA-OU,200806,3,persistence,reference,0.0080099999999999,0.01783375,200804,-0.0098237500000001,0.0
LA-OU,200807,1,persistence,reference,0.0060349999999999,0.0873805,200807,-0.0813455000000001,0.0
LA-OU,200808,2,persistence,reference,0.004123,0.0586447499999999,200807,-0.0545217499999999,0.0
LA-OU,200809,3,persistence,reference,0.0080099999999999,0.05711725,200807,-0.0491072500000001,0.0
LA-OU,200810,1,persistence,reference,0.0060349999999999,0.0104552499999999,200810,-0.00442025,0.0
LA-OU,200811,2,persistence,reference,0.004123,0.00270675,200810,0.00141625,0.0
LA-OU,200812,3,persistence,reference,0.0080099999999999,0.00045525,200810,0.0075547499999998,0.0
LA-OU,200901,1,persistence,reference,0.0060349999999999,0.0002379999999999,200901,0.005797,0.0
LA-OU,200902,2,persistence,reference,0.004123,7.600000000000011e-05,200901,0.004047,0.0
LA-OU,200903,3,persistence,reference,0.0080099999999999,0.000542,200901,0.0074679999999998,0.0
LA-OU,200904,1,persistence,reference,0.0060349999999999,0.0054359999999999,200904,0.0005989999999999,0.0
LA-OU,200905,2,persistence,reference,0.004123,0.0208955,200904,-0.0167725,0.0
LA-OU,200906,3,persistence,reference,0.0080099999999999,0.06052925,200904,-0.0525192500000001,0.0
LA-OU,200907,1,persistence,reference,0.0060349999999999,0.08269575,200907,-0.0766607500000001,0.0
LA-OU,200908,2,persistence,reference,0.886123,0.55958175,200907,0.32654125,1.0
LA-OU,200909,3,persistence,reference,14.71601,13.9160955,200907,0.7999144999999999,15.0
LA-OU,200910,1,persistence,reference,8.76207,2.87477675,200910,5.887293249999999,6.0
LA-OU,200911,2,persistence,reference,1.848246,10.8018955,200910,-8.953649500000001,13.0
LA-OU,200912,3,persistence,reference,2.7500199999999997,17.1782135,200910,-14.4281935,18.0
LA-PH,200901,1,persistence,reference,0.0002559999999999,0.0158399999999999,200901,-0.0155839999999999,0.0
LA-PH,200902,2,persistence,reference,0.0002559999999999,0.0171622499999999,200901,-0.01690625,0.0
LA-PH,200903,3,persistence,reference,0.0003239999999999,0.02211575,200901,-0.0217917500000001,0.0
LA-PH,200904,1,persistence,reference,0.0002559999999999,0.0041624999999999,200904,-0.0039064999999999,0.0
LA-PH,200905,2,persistence,reference,0.0002559999999999,0.0121745,200904,-0.0119185000000001,0.0
LA-PH,200906,3,persistence,reference,0.0003239999999999,0.0409442499999999,200904,-0.04062025,0.0
LA-PH,200907,1,persistence,reference,0.0002559999999999,0.0275054999999999,200907,-0.0272495,0.0
LA-PH,200909,3,persistence,reference,0.0003239999999999,0.0415642499999999,200907,-0.04124025,0.0
LA-PH,200910,1,persistence,reference,0.0002559999999999,0.0075195,200910,-0.0072635000000001,0.0
LA-PH,200911,2,persistence,reference,0.0002559999999999,0.0026622499999999,200910,-0.00240625,0.0
LA-PH,200912,3,persistence,reference,0.0003239999999999,0.00045475,200910,-0.0001307500000001,0.0
LA-SL,200801,1,persistence,reference,5.888300000000001,2.008269,200801,3.880031000000001,0.0
LA-SL,200802,2,persistence,reference,4.932642,0.798758,200801,4.133884,1.0
LA-SL,200803,3,persistence,reference,1.538814,3.0200287500000003,200801,-1.4812147500000004,5.0
LA-SL,200804,1,persistence,reference,2.4083299999999994,0.96721925,200804,1.4411107499999996,2.0
LA-SL,200805,2,persistence,reference,94.771065,91.89682375,200804,2.874241249999997,105.0
LA-SL,200806,3,persistence,reference,215.529118,191.8838315,200804,23.645286499999997,226.0
LA-SL,200807,1,persistence,reference,144.638988,43.57102449999999,200807,101.06796350000002,78.0
LA-SL,200808,2,persistence,reference,157.654794,41.5805635,200807,116.0742305,63.0
LA-SL,200809,3,persistence,reference,135.591742,42.13507925,200807,93.45666275000002,85.0
LA-SL,200810,1,persistence,reference,5.024252000000001,29.17136675,200810,-24.14711475,91.0
LA-SL,200811,2,persistence,reference,59.913664,16.081771500000002,200810,43.831892499999995,21.0
LA-SL,200812,3,persistence,reference,72.336984,7.831851750000001,200810,64.50513225,8.0
LA-SL,200901,1,persistence,reference,5.890064000000001,1.8639099999999995,200901,4.026154000000001,1.0
LA-SL,200902,2,persistence,reference,14.107243,19.12352125,200901,-5.016278249999999,24.0
LA-SL,200903,3,persistence,reference,14.945415000000002,12.92872575,200901,2.0166892500000024,25.0
LA-SL,200904,1,persistence,reference,5.018927,6.5596335,200904,-1.5407065000000006,19.0
LA-SL,200905,2,persistence,reference,91.851327,37.6246675,200904,54.2266595,122.0
LA-SL,200906,3,persistence,reference,14.970665,40.1759685,200904,-25.205303500000003,42.0
LA-SL,200907,1,persistence,reference,118.6355,54.898374749999995,200907,63.73712525,164.0
LA-SL,200908,2,persistence,reference,80.18723700000001,45.17708075,200907,35.01015625000001,127.0
LA-SL,200909,3,persistence,reference,45.277277,38.8448645,200907,6.432412499999998,91.0
LA-SL,200910,1,persistence,reference,2.434636,31.01223275,200910,-28.57759675,94.0
LA-SL,200911,2,persistence,reference,43.493157999999994,17.389995750000004,200910,26.10316224999999,44.0
LA-SL,200912,3,persistence,reference,69.439998,8.968936750000001,200910,60.471061250000005,17.0
LA-SV,200801,1,persistence,reference,4.8442229999999995,7.59971825,200801,-2.75549525,1.0
LA-SV,200802,2,persistence,reference,8.673057,2.4666615,200801,6.2063955,1.0
LA-SV,200803,3,persistence,reference,12.976107,2.258521,200801,10.717586,1.0
LA-SV,200804,1,persistence,reference,5.031711999999999,1.0633825,200804,3.968329499999999,0.0
LA-SV,200805,2,persistence,reference,8.798821000000004,1.42499875,200804,7.3738222500000035,1.0
LA-SV,200806,3,persistence,reference,14.938783,4.216407250000001,200804,10.72237575,10.0
LA-SV,200807,1,persistence,reference,5.993041000000005,4.44315875,200807,1.549882250000005,11.0
LA-SV,200808,2,persistence,reference,11.269002999999998,4.804307,200807,6.464695999999998,4.0
LA-SV,200809,3,persistence,reference,16.011347999999998,6.90646775,200807,9.104880249999995,2.0
LA-SV,200810,1,persistence,reference,7.473481,3.147438749999999,200810,4.32604225,10.0
LA-SV,200811,2,persistence,reference,8.967742000000001,0.9019055,200810,8.065836500000001,2.0
LA-SV,200812,3,persistence,reference,13.509918999999996,0.4803679999999999,200810,13.029550999999996,0.0
LA-SV,200901,1,persistence,reference,4.710222999999999,0.0945284999999999,200901,4.615694499999999,0.0
LA-SV,200902,2,persistence,reference,8.589056999999997,0.0175799999999999,200901,8.571476999999996,0.0
LA-SV,200903,3,persistence,reference,12.924106999999992,0.15729125,200901,12.766815749999992,0.0
LA-SV,200904,1,persistence,reference,4.710222999999999,0.196378,200904,4.513844999999999,0.0
LA-SV,200905,2,persistence,reference,8.589056999999997,1.0969665000000002,200904,7.492090499999996,0.0
LA-SV,200906,3,persistence,reference,12.976107,1.53486675,200904,11.44124025,1.0
LA-SV,200907,1,persistence,reference,9.081712000000003,9.99603275,200907,-0.9143207499999964,13.0
LA-SV,200908,2,persistence,reference,21.414821000000003,30.6935975,200907,-9.278776499999996,34.0
LA-SV,200909,3,persistence,reference,29.858783000000003,44.91700375,200907,-15.058220749999997,48.0
LA-SV,200910,1,persistence,reference,22.608721999999993,5.1910115,200910,17.41771049999999,16.0
LA-SV,200911,2,persistence,reference,17.216891000000004,22.50529725,200910,-5.288406249999998,33.0
LA-SV,200912,3,persistence,reference,33.27619299999999,1.447404,200910,31.828788999999993,4.0
LA-VT,200801,1,persistence,reference,43.562509000000006,9.99099225,200801,33.57151675000001,29.0
LA-VT,200802,2,persistence,reference,53.531439000000006,4.68100875,200801,48.85043025,12.0
LA-VT,200803,3,persistence,reference,53.29954199999999,13.903716500000002,200801,39.39582549999999,26.0
LA-VT,200804,1,persistence,reference,17.354836999999996,16.70790925,200804,0.6469277499999961,4.0
LA-VT,200805,2,persistence,reference,23.829443999999995,23.56919575,200804,0.2602482499999965,17.0
LA-VT,200806,3,persistence,reference,34.40855599999999,91.9487075,200804,-57.54015150000001,60.0
LA-VT,200807,1,persistence,reference,44.285051,105.78140475,200807,-61.49635374999999,132.0
LA-VT,200808,2,persistence,reference,49.550028999999995,81.48967300000001,200807,-31.939644000000015,144.0
LA-VT,200809,3,persistence,reference,57.28912399999999,64.17930174999998,200807,-6.890177749999992,158.0
LA-VT,200810,1,persistence,reference,40.699749,27.26922325,200810,13.430525749999996,95.0
LA-VT,200811,2,persistence,reference,36.577603,67.32248150000001,200810,-30.74487850000001,129.0
LA-VT,200812,3,persistence,reference,56.08934400000001,57.740305,200810,-1.650960999999988,91.0
LA-VT,200901,1,persistence,reference,33.955966000000004,20.14893775,200901,13.807028250000002,38.0
LA-VT,200902,2,persistence,reference,46.578158000000016,13.13932475,200901,33.438833250000016,20.0
LA-VT,200903,3,persistence,reference,52.60918800000002,6.058705250000001,200901,46.550482750000015,19.0
LA-VT,200904,1,persistence,reference,14.502862999999998,12.425606000000002,200904,2.077256999999996,33.0
LA-VT,200905,2,persistence,reference,26.674568000000008,93.41276324999998,200904,-66.73819524999998,54.0
LA-VT,200906,3,persistence,reference,45.832223,190.8269285,200904,-144.9947055,104.0
LA-VT,200907,1,persistence,reference,142.69739800000002,120.53118950000002,200907,22.166208499999996,302.0
LA-VT,200908,2,persistence,reference,166.135237,109.86835375,200907,56.26688324999999,356.0
LA-VT,200909,3,persistence,reference,238.83145099999996,140.3396875,200907,98.49176349999996,470.0
LA-VT,200910,1,persistence,reference,37.81561000000001,243.76640575,200910,-205.95079575,527.0
LA-VT,200911,2,persistence,reference,44.86481699999999,318.84125225,200910,-273.97643525,521.0
LA-VT,200912,3,persistence,reference,73.67705999999998,264.46156175,200910,-190.78450175,366.0
LA-XA,200801,1,persistence,reference,1.370140000000001,1.4927725,200801,-0.122632499999999,0.0
LA-XA,200802,2,persistence,reference,1.726794,0.731611,200801,0.995183,0.0
LA-XA,200803,3,persistence,reference,2.4291660000000004,0.6368742500000001,200801,1.7922917500000004,0.0
LA-XA,200804,1,persistence,reference,0.9566909999999992,0.0573669999999999,200804,0.8993239999999992,0.0
LA-XA,200805,2,persistence,reference,2.003665,1.178686,200804,0.8249789999999999,2.0
LA-XA,200806,3,persistence,reference,4.741557,4.20205375,200804,0.5395032500000001,6.0
LA-XA,200807,1,persistence,reference,9.660272,10.212292,200807,-0.5520199999999988,19.0
LA-XA,200808,2,persistence,reference,1.9991069999999984,2.65588975,200807,-0.6567827500000016,7.0
LA-XA,200809,3,persistence,reference,4.655937,0.96475275,200807,3.69118425,1.0
LA-XA,200810,1,persistence,reference,1.8581400000000008,1.09633775,200810,0.7618022500000008,3.0
LA-XA,200811,2,persistence,reference,1.726794,0.69790025,200810,1.02889375,2.0
LA-XA,200812,3,persistence,reference,2.223166000000001,0.3772952499999999,200810,1.845870750000001,1.0
LA-XA,200901,1,persistence,reference,1.370140000000001,0.1072325,200901,1.262907500000001,0.0
LA-XA,200902,2,persistence,reference,1.726794,0.0465999999999999,200901,1.680194,0.0
LA-XA,200903,3,persistence,reference,2.4291660000000004,0.2334524999999999,200901,2.1957135000000005,0.0
LA-XA,200904,1,persistence,reference,0.9566909999999992,0.21176525,200904,0.7449257499999992,0.0
LA-XA,200905,2,persistence,reference,1.5876649999999994,0.6325092500000001,200904,0.9551557499999992,1.0
LA-XA,200906,3,persistence,reference,9.675557,7.30196075,200904,2.3735962499999994,14.0
LA-XA,200907,1,persistence,reference,2.7803690000000003,4.06975125,200907,-1.28938225,11.0
LA-XA,200908,2,persistence,reference,17.094084000000002,25.645254,200907,-8.551169999999999,37.0
LA-XA,200909,3,persistence,reference,3.863987999999999,4.246188749999999,200907,-0.38220075,11.0
LA-XA,200910,1,persistence,reference,4.720613,2.8559392500000005,200910,1.8646737499999997,5.0
LA-XA,200911,2,persistence,reference,4.825930999999999,1.5939185,200910,3.232012499999999,5.0
LA-XA,200912,3,persistence,reference,8.469738999999999,0.924332,200910,7.545406999999999,0.0
LA-XE,200801,1,persistence,reference,0.6979409999999999,0.15751625,200801,0.5404247499999999,0.0
LA-XE,200802,2,persistence,reference,0.6954600000000001,0.11956575,200801,0.57589425,0.0
LA-XE,200803,3,persistence,reference,0.6880539999999999,0.1121379999999999,200801,0.5759160000000001,0.0
LA-XE,200804,1,persistence,reference,0.067505,0.0203049999999999,200804,0.0472,0.0
LA-XE,200805,2,persistence,reference,0.0713599999999999,0.055226,200804,0.0161339999999999,0.0
LA-XE,200806,3,persistence,reference,4.053398,3.95878425,200804,0.0946137499999997,5.0
LA-XE,200807,1,persistence,reference,4.160576,0.62864525,200807,3.53193075,0.0
LA-XE,200808,2,persistence,reference,4.131926999999999,0.7163724999999999,200807,3.4155544999999994,0.0
LA-XE,200809,3,persistence,reference,3.2153919999999996,0.57480975,200807,2.6405822499999996,1.0
LA-XE,200810,1,persistence,reference,0.6979409999999999,0.42147025,200810,0.2764707499999999,0.0
LA-XE,200811,2,persistence,reference,0.6954600000000001,0.16011325,200810,0.5353467500000001,0.0
LA-XE,200812,3,persistence,reference,0.120054,0.59467375,200810,-0.47461975,1.0
LA-XE,200901,1,persistence,reference,0.6979409999999999,0.0067047499999999,200901,0.69123625,0.0
LA-XE,200902,2,persistence,reference,0.6954600000000001,1.853577,200901,-1.1581169999999998,2.0
LA-XE,200903,3,persistence,reference,0.6880539999999999,1.74061525,200901,-1.05256125,2.0
LA-XE,200904,1,persistence,reference,0.71307,0.3970312500000001,200904,0.3160387499999998,1.0
LA-XE,200905,2,persistence,reference,0.132101,0.7435584999999998,200904,-0.6114574999999998,2.0
LA-XE,200906,3,persistence,reference,6.022938,4.48276225,200904,1.5401757499999995,9.0
LA-XE,200907,1,persistence,reference,19.060946,16.940079500000003,200907,2.120866499999998,29.0
LA-XE,200908,2,persistence,reference,16.974494,13.79649875,200907,3.1779952500000004,27.0
LA-XE,200909,3,persistence,reference,2.3166710000000004,1.9888265000000005,200907,0.3278444999999998,6.0
LA-XE,200910,1,persistence,reference,0.722745,2.48017675,200910,-1.75743175,7.0
LA-XE,200911,2,persistence,reference,2.3122510000000003,11.220477249999998,200910,-8.908226249999998,3.0
LA-XE,200912,3,persistence,reference,0.713921,7.51475875,200910,-6.80083775,7.0
LA-XI,200801,1,persistence,reference,0.000689,0.2949694999999999,200801,-0.2942804999999999,0.0
LA-XI,200802,2,persistence,reference,0.000689,0.6363515000000001,200801,-0.6356625,0.0
LA-XI,200803,3,persistence,reference,0.000757,1.22795225,200801,-1.22719525,0.0
LA-XI,200804,1,persistence,reference,0.000689,0.0046799999999999,200804,-0.0039909999999999,0.0
LA-XI,200805,2,persistence,reference,0.000689,0.004919,200804,-0.0042299999999999,0.0
LA-XI,200806,3,persistence,reference,0.948757,0.829436,200804,0.119321,1.0
LA-XI,200807,1,persistence,reference,0.951314,0.11965675,200807,0.83165725,0.0
LA-XI,200808,2,persistence,reference,0.951314,0.1227987499999999,200807,0.8285152500000001,0.0
LA-XI,200809,3,persistence,reference,0.949433,0.12201075,200807,0.8274222499999999,0.0
LA-XI,200810,1,persistence,reference,0.000689,0.042485,200810,-0.041796,0.0
LA-XI,200811,2,persistence,reference,0.000689,0.0125625,200810,-0.0118735,0.0
LA-XI,200812,3,persistence,reference,0.000757,0.0051752499999999,200810,-0.0044182499999999,0.0
LA-XI,200901,1,persistence,reference,0.000689,0.0019145,200901,-0.0012255,0.0
LA-XI,200902,2,persistence,reference,0.000689,0.0017127499999999,200901,-0.0010237499999998,0.0
LA-XI,200903,3,persistence,reference,0.000757,0.0018939999999999,200901,-0.0011369999999999,0.0
LA-XI,200904,1,persistence,reference,0.000689,0.0011005,200904,-0.0004114999999999,0.0
LA-XI,200905,2,persistence,reference,38.934689,38.82913975,200904,0.1055492499999957,39.0
LA-XI,200906,3,persistence,reference,32.93075700000001,32.67115525,200904,0.2596017500000087,33.0
LA-XI,200907,1,persistence,reference,31.935378,12.9594865,200907,18.9758915,1.0
LA-XI,200908,2,persistence,reference,22.935378,12.039135000000002,200907,10.896242999999998,10.0
LA-XI,200909,3,persistence,reference,32.931514,16.07659725,200907,16.85491675,0.0
LA-XI,200910,1,persistence,reference,0.000689,12.543454999999998,200910,-12.542766,0.0
LA-XI,200911,2,persistence,reference,0.000689,5.573164,200910,-5.572475,0.0
LA-XI,200912,3,persistence,reference,0.000757,2.57199575,200910,-2.57123875,0.0
LA-AT,200801,1,ensemble,reference,3.225517,2.4572515,200801,0.7682655,4.0
LA-AT,200802,2,ensemble,reference,1.4862729999999995,1.0992047500000002,200801,0.3870682499999993,2.0
LA-AT,200803,3,ensemble,reference,0.0660539999999998,0.48845825,200801,-0.4224042500000002,0.0
LA-AT,200804,1,ensemble,reference,0.0821960000000001,0.38526,200804,-0.3030639999999999,0.0
LA-AT,200805,2,ensemble,reference,3.0460139999999996,1.7285335,200804,1.3174804999999996,4.0
LA-AT,200806,3,ensemble,reference,7.969327,4.66493025,200804,3.3043967499999995,10.0
LA-AT,200807,1,ensemble,reference,2.5767469999999992,2.3829085,200807,0.1938384999999991,6.0
LA-AT,200808,2,ensemble,reference,5.203348999999999,3.801981,200807,1.4013679999999993,11.0
LA-AT,200809,3,ensemble,reference,15.670126,12.016339,200807,3.653786999999999,24.0
LA-AT,200810,1,ensemble,reference,32.592971,33.646784499999995,200810,-1.0538134999999968,47.0
LA-AT,200811,2,ensemble,reference,31.437156,35.3377105,200810,-3.9005544999999984,43.0
LA-AT,200812,3,ensemble,reference,12.152605,17.632734,200810,-5.480129,23.0
LA-AT,200901,1,ensemble,reference,9.583275,7.56566525,200901,2.01760975,18.0
LA-AT,200902,2,ensemble,reference,35.121239,37.3167155,200901,-2.195476499999998,46.0
LA-AT,200903,3,ensemble,reference,65.915879,56.45955825,200901,9.456320750000003,77.0
LA-AT,200904,1,ensemble,reference,64.181376,38.36334275,200904,25.81803325,99.0
LA-AT,200905,2,ensemble,reference,5.1229939999999985,87.152383,200904,-82.02938900000001,0.0
LA-AT,200906,3,ensemble,reference,14.232556999999998,73.05715699999999,200904,-58.82459999999999,24.0
LA-AT,200907,1,ensemble,reference,50.721221,101.925443,200907,-51.204222,64.0
LA-AT,200908,2,ensemble,reference,9.839303,122.86303,200907,-113.023727,21.0
LA-AT,200909,3,ensemble,reference,6.626277,231.48168225,200907,-224.85540525,17.0
LA-AT,200910,1,ensemble,reference,3.0243160000000007,38.96140075,200910,-35.937084750000004,4.0
LA-AT,200911,2,ensemble,reference,6.964463,31.62339425,200910,-24.65893125,16.0
LA-AT,200912,3,ensemble,reference,3.3179760000000007,29.56166074999999,200910,-26.24368474999999,6.0
LA-BK,200801,1,ensemble,reference,0.670793,0.785863,200801,-0.11507,1.0
LA-BK,200802,2,ensemble,reference,0.0598699999999999,0.1090254999999999,200801,-0.0491555,0.0
LA-BK,200803,3,ensemble,reference,0.065879,0.1217505,200801,-0.0558715,0.0
LA-BK,200804,1,ensemble,reference,0.071317,0.02783575,200804,0.04348125,0.0
LA-BK,200805,2,ensemble,reference,10.739969,10.8348715,200804,-0.0949024999999998,12.0
LA-BK,200806,3,ensemble,reference,51.257669,51.481997,200804,-0.2243279999999998,53.0
LA-BK,200807,1,ensemble,reference,4.018262,17.58906775,200807,-13.570805750000002,2.0
LA-BK,200808,2,ensemble,reference,6.234849999999998,22.100853,200807,-15.866003000000005,9.0
LA-BK,200809,3,ensemble,reference,16.724338,64.000504,200807,-47.276166,33.0
LA-BK,200810,1,ensemble,reference,31.340423,33.434669,200810,-2.0942459999999983,48.0
LA-BK,200811,2,ensemble,reference,39.657118,42.18707775,200810,-2.5299597500000033,55.0
LA-BK,200812,3,ensemble,reference,4.118231,1.79815475,200810,2.3200762499999996,5.0
LA-BK,200901,1,ensemble,reference,0.7112879999999999,0.43155475,200901,0.2797332499999999,1.0
LA-BK,200902,2,ensemble,reference,0.5451110000000001,0.29852025,200901,0.2465907500000001,0.0
LA-BK,200903,3,ensemble,reference,0.6927669999999999,0.5750872500000002,200901,0.1176797499999997,1.0
LA-BK,200904,1,ensemble,reference,2.017163,1.6307850000000004,200904,0.3863779999999996,3.0
LA-BK,200905,2,ensemble,reference,71.499601,43.53290225,200904,27.96669875,74.0
LA-BK,200906,3,ensemble,reference,207.017442,134.538128,200904,72.47931399999999,216.0
LA-BK,200907,1,ensemble,reference,117.466376,89.8696175,200907,27.596758499999993,212.0
LA-BK,200908,2,ensemble,reference,65.501644,32.5540305,200907,32.947613499999996,110.0
LA-BK,200909,3,ensemble,reference,34.409786,18.789362,200907,15.620423999999996,52.0
LA-BK,200910,1,ensemble,reference,14.878436,26.750267249999997,200910,-11.871831249999996,31.0
LA-BK,200911,2,ensemble,reference,6.172892000000001,18.3345285,200910,-12.1616365,5.0
LA-BK,200912,3,ensemble,reference,4.725213999999999,6.4347255,200910,-1.7095115000000003,4.0
LA-BL,200801,1,ensemble,reference,4.766840999999999,5.1953185,200801,-0.4284775000000005,10.0
LA-BL,200802,2,ensemble,reference,2.98095,4.92974825,200801,-1.9487982500000005,7.0
LA-BL,200803,3,ensemble,reference,2.0064390000000003,1.29796675,200801,0.7084722500000002,1.0
LA-BL,200804,1,ensemble,reference,2.321699999999999,3.08132025,200804,-0.7596202500000011,3.0
LA-BL,200805,2,ensemble,reference,6.098741999999998,5.0021255,200804,1.096616499999998,15.0
LA-BL,200806,3,ensemble,reference,7.949878000000002,7.1434222499999995,200804,0.8064557500000022,19.0
LA-BL,200807,1,ensemble,reference,10.944999,17.797534499999998,200807,-6.852535499999998,31.0
LA-BL,200808,2,ensemble,reference,12.416137999999997,19.865002250000003,200807,-7.448864250000007,32.0
LA-BL,200809,3,ensemble,reference,12.144116000000004,18.357721750000003,200807,-6.213605749999999,30.0
LA-BL,200810,1,ensemble,reference,11.57513,11.095471,200810,0.4796589999999998,5.0
LA-BL,200811,2,ensemble,reference,6.425819000000002,3.7202622499999993,200810,2.705556750000003,12.0
LA-BL,200812,3,ensemble,reference,4.550018999999999,1.3904815,200810,3.159537499999999,1.0
LA-BL,200901,1,ensemble,reference,1.274158,0.7061344999999999,200901,0.5680235,2.0
LA-BL,200902,2,ensemble,reference,1.4589320000000008,1.4873054999999995,200901,-0.0283734999999987,3.0
LA-BL,200903,3,ensemble,reference,2.055922,1.19987675,200901,0.8560452499999998,0.0
LA-BL,200904,1,ensemble,reference,2.116777999999999,0.7533335000000001,200904,1.363444499999999,2.0
LA-BL,200905,2,ensemble,reference,7.483889000000001,3.37442175,200904,4.109467250000002,0.0
LA-BL,200906,3,ensemble,reference,8.556324,4.04896125,200904,4.50736275,7.0
LA-BL,200907,1,ensemble,reference,12.007196000000004,13.05826925,200907,-1.0510732499999964,35.0
LA-BL,200908,2,ensemble,reference,13.359362999999998,4.79656,200907,8.562802999999999,9.0
LA-BL,200909,3,ensemble,reference,17.339071000000004,9.076205,200907,8.262866000000004,0.0
LA-BL,200910,1,ensemble,reference,6.543002999999999,3.80502975,200910,2.7379732499999987,1.0
LA-BL,200911,2,ensemble,reference,6.177269000000001,1.3181850000000002,200910,4.859084000000001,2.0
LA-BL,200912,3,ensemble,reference,2.514409000000001,0.45991775,200910,2.0544912500000008,1.0
LA-CH,200801,1,ensemble,reference,31.684247000000003,31.90423075,200801,-0.2199837499999972,73.0
LA-CH,200802,2,ensemble,reference,45.296626,49.4732335,200801,-4.176607499999996,90.0
LA-CH,200803,3,ensemble,reference,44.861434,53.652343,200801,-8.790909,92.0
LA-CH,200804,1,ensemble,reference,26.054474,24.083442,200804,1.9710319999999977,69.0
LA-CH,200805,2,ensemble,reference,38.338722,37.95600525,200804,0.3827167500000001,113.0
LA-CH,200806,3,ensemble,reference,133.960889,101.41474975,200804,32.54613925000001,295.0
LA-CH,200807,1,ensemble,reference,49.967195,134.01294,200807,-84.04574499999998,162.0
LA-CH,200808,2,ensemble,reference,51.757486,82.86095600000002,200807,-31.103470000000016,143.0
LA-CH,200809,3,ensemble,reference,54.53981200000001,94.78290925000002,200807,-40.243097250000005,185.0
LA-CH,200810,1,ensemble,reference,36.80582899999999,39.5149015,200810,-2.709072500000012,140.0
LA-CH,200811,2,ensemble,reference,35.70313,31.35523675,200810,4.347893250000002,102.0
LA-CH,200812,3,ensemble,reference,32.71563499999999,22.991555500000004,200810,9.724079499999988,73.0
LA-CH,200901,1,ensemble,reference,12.232305000000004,9.739322,200901,2.492983000000004,31.0
LA-CH,200902,2,ensemble,reference,18.993280999999996,23.39347,200901,-4.400189000000005,48.0
LA-CH,200903,3,ensemble,reference,22.605439000000004,20.1857245,200901,2.419714500000005,60.0
LA-CH,200904,1,ensemble,reference,48.005702,33.3295555,200904,14.676146500000002,102.0
LA-CH,200905,2,ensemble,reference,20.630528,101.69403875000002,200904,-81.06351075000002,66.0
LA-CH,200906,3,ensemble,reference,41.171305,107.003725,200904,-65.83242000000001,124.0
LA-CH,200907,1,ensemble,reference,33.369078,119.366096,200907,-85.997018,122.0
LA-CH,200908,2,ensemble,reference,34.073954999999984,79.32702949999998,200907,-45.2530745,110.0
LA-CH,200909,3,ensemble,reference,31.930408999999997,96.46007150000004,200907,-64.52966250000004,105.0
LA-CH,200910,1,ensemble,reference,23.311681000000007,23.769135749999997,200910,-0.4574547499999895,59.0
LA-CH,200911,2,ensemble,reference,17.748786999999993,36.107756249999994,200910,-18.35896925,35.0
LA-CH,200912,3,ensemble,reference,17.944096000000002,22.196459000000004,200910,-4.252363000000003,32.0
LA-HO,200801,1,ensemble,reference,0.149441,0.2019005,200801,-0.0524595,0.0
LA-HO,200802,2,ensemble,reference,0.144637,0.61940225,200801,-0.47476525,0.0
LA-HO,200803,3,ensemble,reference,0.162333,2.2223387499999996,200801,-2.0600057499999997,0.0
LA-HO,200804,1,ensemble,reference,0.044564,0.05633875,200804,-0.01177475,0.0
LA-HO,200805,2,ensemble,reference,0.044691,0.038491,200804,0.0062,0.0
LA-HO,200806,3,ensemble,reference,0.0847689999999999,0.047342,200804,0.0374269999999999,0.0
LA-HO,200807,1,ensemble,reference,0.150136,0.01792925,200807,0.1322067499999999,0.0
LA-HO,200808,2,ensemble,reference,0.097488,0.02371475,200807,0.07377325,0.0
LA-HO,200809,3,ensemble,reference,0.6445960000000001,0.72078525,200807,-0.0761892499999999,1.0
LA-HO,200810,1,ensemble,reference,0.214392,0.0392525,200810,0.1751395,0.0
LA-HO,200811,2,ensemble,reference,0.1504799999999999,0.00699125,200810,0.1434887499999999,0.0
LA-HO,200812,3,ensemble,reference,0.4024609999999999,0.90733525,200810,-0.5048742500000001,1.0
LA-HO,200901,1,ensemble,reference,0.1527539999999999,0.0190077499999999,200901,0.1337462499999999,0.0
LA-HO,200902,2,ensemble,reference,0.150533,0.0303672499999999,200901,0.1201657500000001,0.0
LA-HO,200903,3,ensemble,reference,0.1596499999999999,0.022481,200901,0.1371689999999999,0.0
LA-HO,200904,1,ensemble,reference,0.050657,0.005353,200904,0.045304,0.0
LA-HO,200905,2,ensemble,reference,0.0437699999999999,0.0185542499999999,200904,0.02521575,0.0
LA-HO,200906,3,ensemble,reference,0.082884,0.05562925,200904,0.02725475,0.0
LA-HO,200907,1,ensemble,reference,0.132429,0.028846,200907,0.103583,0.0
LA-HO,200908,2,ensemble,reference,0.084964,0.04879625,200907,0.03616775,0.0
LA-HO,200909,3,ensemble,reference,0.6263789999999999,0.68236725,200907,-0.05598825,1.0
LA-HO,200910,1,ensemble,reference,0.386971,0.63160775,200910,-0.24463675,1.0
LA-HO,200911,2,ensemble,reference,0.4300239999999999,0.81543975,200910,-0.3854157500000001,1.0
LA-HO,200912,3,ensemble,reference,0.3683849999999999,0.9192335,200910,-0.5508485000000001,1.0
LA-KH,200801,1,ensemble,reference,0.8014429999999999,1.49521,200801,-0.693767,0.0
LA-KH,200802,2,ensemble,reference,0.6193270000000002,0.6627952500000001,200801,-0.0434682499999998,0.0
LA-KH,200803,3,ensemble,reference,0.4974749999999996,1.04225825,200801,-0.5447832500000003,0.0
LA-KH,200804,1,ensemble,reference,0.5147839999999997,0.21798325,200804,0.2968007499999997,0.0
LA-KH,200805,2,ensemble,reference,2.051685000000001,0.3309689999999999,200804,1.720716000000001,0.0
LA-KH,200806,3,ensemble,reference,5.119012999999999,0.6611834999999998,200804,4.457829499999999,1.0
LA-KH,200807,1,ensemble,reference,10.710085,1.4723185,200807,9.2377665,3.0
LA-KH,200808,2,ensemble,reference,11.451431,0.37484525,200807,11.07658575,0.0
LA-KH,200809,3,ensemble,reference,6.133212999999998,2.2661735,200807,3.867039499999998,4.0
LA-KH,200810,1,ensemble,reference,4.024996000000002,0.5198725,200810,3.5051235000000016,1.0
LA-KH,200811,2,ensemble,reference,1.7499659999999988,1.57417125,200810,0.1757947499999987,3.0
LA-KH,200812,3,ensemble,reference,2.4159629999999996,3.34946225,200810,-0.9334992500000006,4.0
LA-KH,200901,1,ensemble,reference,1.1202550000000002,0.0904052499999999,200901,1.0298497500000003,0.0
LA-KH,200902,2,ensemble,reference,0.8869980000000011,0.0278519999999999,200901,0.8591460000000012,0.0
LA-KH,200903,3,ensemble,reference,3.318566000000001,4.5622155,200901,-1.2436494999999987,6.0
LA-KH,200904,1,ensemble,reference,1.127428,0.7376475000000001,200904,0.3897805,0.0
LA-KH,200905,2,ensemble,reference,3.1350979999999993,1.946533,200904,1.1885649999999992,6.0
LA-KH,200906,3,ensemble,reference,47.95262600000001,57.86423125,200904,-9.911605249999994,80.0
LA-KH,200907,1,ensemble,reference,82.82245599999999,91.641744,200907,-8.819288000000014,155.0
LA-KH,200908,2,ensemble,reference,202.271329,235.3077135,200907,-33.0363845,303.0
LA-KH,200909,3,ensemble,reference,195.084341,204.419162,200907,-9.334821000000003,277.0
LA-KH,200910,1,ensemble,reference,43.23420099999999,25.25099125,200910,17.983209749999993,85.0
LA-KH,200911,2,ensemble,reference,39.65853799999999,18.89023425,200910,20.76830374999999,61.0
LA-KH,200912,3,ensemble,reference,40.90182500000001,39.816269,200910,1.085556000000011,67.0
LA-LM,200801,1,ensemble,reference,0.031934,0.181996,200801,-0.150062,0.0
LA-LM,200802,2,ensemble,reference,0.036775,0.1715394999999999,200801,-0.1347644999999999,0.0
LA-LM,200803,3,ensemble,reference,0.065805,0.21189025,200801,-0.14608525,0.0
LA-LM,200804,1,ensemble,reference,0.042277,0.00290125,200804,0.03937575,0.0
LA-LM,200805,2,ensemble,reference,0.0427259999999999,0.0133655,200804,0.0293604999999999,0.0
LA-LM,200806,3,ensemble,reference,0.038639,0.01486475,200804,0.02377425,0.0
LA-LM,200807,1,ensemble,reference,0.0898689999999999,0.0668469999999999,200807,0.0230219999999999,0.0
LA-LM,200808,2,ensemble,reference,0.108746,0.0502712499999999,200807,0.05847475,0.0
LA-LM,200809,3,ensemble,reference,0.1870799999999999,0.0557952499999999,200807,0.13128475,0.0
LA-LM,200810,1,ensemble,reference,0.1361810000000001,0.0118722499999999,200810,0.1243087500000002,0.0
LA-LM,200811,2,ensemble,reference,0.0516120000000001,0.0019814999999999,200810,0.0496305000000002,0.0
LA-LM,200812,3,ensemble,reference,0.0251649999999999,0.000592,200810,0.0245729999999999,0.0
LA-LM,200901,1,ensemble,reference,0.036193,0.0002057499999999,200901,0.0359872500000001,0.0
LA-LM,200902,2,ensemble,reference,0.042242,6.400000000000025e-05,200901,0.042178,0.0
LA-LM,200903,3,ensemble,reference,0.058702,0.0002374999999999,200901,0.0584645000000001,0.0
LA-LM,200904,1,ensemble,reference,0.7334970000000001,0.8912962499999999,200904,-0.1577992499999998,1.0
LA-LM,200905,2,ensemble,reference,0.036055,0.0116607499999999,200904,0.02439425,0.0
LA-LM,200906,3,ensemble,reference,1.5697800000000002,1.5536385,200904,0.0161415000000002,2.0
LA-LM,200907,1,ensemble,reference,0.4700850000000001,0.5634492499999999,200907,-0.0933642499999998,1.0
LA-LM,200908,2,ensemble,reference,0.3245069999999999,0.94004475,200907,-0.6155377500000001,0.0
LA-LM,200909,3,ensemble,reference,2.5157749999999997,1.64434375,200907,0.8714312499999997,4.0
LA-LM,200910,1,ensemble,reference,2.476273,2.6351455,200910,-0.1588725000000002,5.0
LA-LM,200911,2,ensemble,reference,3.5147999999999993,4.51093775,200910,-0.9961377500000008,6.0
LA-LM,200912,3,ensemble,reference,1.9489479999999997,3.38728575,200910,-1.4383377500000003,4.0
LA-LP,200801,1,ensemble,reference,1.0280950000000004,1.0574145,200801,-0.0293194999999995,0.0
LA-LP,200802,2,ensemble,reference,10.633351,13.7883205,200801,-3.1549695,16.0
LA-LP,200803,3,ensemble,reference,15.742244,19.51043975,200801,-3.76819575,22.0
LA-LP,200804,1,ensemble,reference,19.875372,11.537236,200804,8.338135999999999,33.0
LA-LP,200805,2,ensemble,reference,95.072864,57.674244,200804,37.398619999999994,116.0
LA-LP,200806,3,ensemble,reference,122.912708,70.18981500000001,200804,52.722892999999985,160.0
LA-LP,200807,1,ensemble,reference,20.071771,123.4718835,200807,-103.4001125,16.0
LA-LP,200808,2,ensemble,reference,22.18127699999999,115.31915824999996,200807,-93.13788124999996,13.0
LA-LP,200809,3,ensemble,reference,18.295522999999996,99.668677,200807,-81.373154,14.0
LA-LP,200810,1,ensemble,reference,12.391552,28.576387249999996,200810,-16.184835249999995,33.0
LA-LP,200811,2,ensemble,reference,92.140003,53.10374,200810,39.03626299999999,116.0
LA-LP,200812,3,ensemble,reference,138.141018,127.41190675,200810,10.729111250000004,161.0
LA-LP,200901,1,ensemble,reference,10.667493,8.5558965,200901,2.111596500000001,0.0
LA-LP,200902,2,ensemble,reference,10.966393999999994,5.92632925,200901,5.040064749999994,0.0
LA-LP,200903,3,ensemble,reference,10.96586,12.53232325,200901,-1.56646325,0.0
LA-LP,200904,1,ensemble,reference,1.2945829999999994,15.421691250000002,200904,-14.127108250000004,0.0
LA-LP,200905,2,ensemble,reference,2.3696319999999993,36.32875075,200904,-33.95911875,0.0
LA-LP,200906,3,ensemble,reference,4.711196000000001,75.2784345,200904,-70.5672385,9.0
LA-LP,200907,1,ensemble,reference,9.327502,21.54772775,200907,-12.22022575,30.0
LA-LP,200908,2,ensemble,reference,11.411461000000005,22.435132,200907,-11.023670999999997,32.0
LA-LP,200909,3,ensemble,reference,257.655828,303.12593125,200907,-45.47010325000002,313.0
LA-LP,200910,1,ensemble,reference,81.258154,99.93562725,200910,-18.67747324999999,165.0
LA-LP,200911,2,ensemble,reference,49.316396999999995,54.40982475,200910,-5.093427750000004,87.0
LA-LP,200912,3,ensemble,reference,26.311487,3.0576297500000003,200910,23.25385725,0.0
LA-OU,200801,1,ensemble,reference,0.0424579999999999,0.3472967499999999,200801,-0.30483875,0.0
LA-OU,200802,2,ensemble,reference,0.0350659999999999,0.32245675,200801,-0.2873907500000001,0.0
LA-OU,200803,3,ensemble,reference,0.0387769999999999,0.4250047499999999,200801,-0.38622775,0.0
LA-OU,200804,1,ensemble,reference,0.0298199999999999,0.0038785,200804,0.0259414999999999,0.0
LA-OU,200805,2,ensemble,reference,0.0466999999999999,0.0122122499999999,200804,0.03448775,0.0
LA-OU,200806,3,ensemble,reference,0.057532,0.01783375,200804,0.03969825,0.0
LA-OU,200807,1,ensemble,reference,0.088565,0.0873805,200807,0.0011845,0.0
LA-OU,200808,2,ensemble,reference,0.1337520000000001,0.0586447499999999,200807,0.0751072500000002,0.0
LA-OU,200809,3,ensemble,reference,0.1054529999999999,0.05711725,200807,0.0483357499999998,0.0
LA-OU,200810,1,ensemble,reference,0.08542,0.0104552499999999,200810,0.0749647500000001,0.0
LA-OU,200811,2,ensemble,reference,0.0409289999999999,0.00270675,200810,0.0382222499999999,0.0
LA-OU,200812,3,ensemble,reference,0.0455979999999999,0.00045525,200810,0.0451427499999999,0.0
LA-OU,200901,1,ensemble,reference,0.041887,0.0002379999999999,200901,0.0416490000000001,0.0
LA-OU,200902,2,ensemble,reference,0.0314799999999999,7.600000000000011e-05,200901,0.0314039999999999,0.0
LA-OU,200903,3,ensemble,reference,0.045079,0.000542,200901,0.044537,0.0
LA-OU,200904,1,ensemble,reference,0.029681,0.0054359999999999,200904,0.0242450000000001,0.0
LA-OU,200905,2,ensemble,reference,0.050115,0.0208955,200904,0.0292195,0.0
LA-OU,200906,3,ensemble,reference,0.062111,0.06052925,200904,0.0015817499999999,0.0
LA-OU,200907,1,ensemble,reference,0.08628,0.08269575,200907,0.0035842499999999,0.0
LA-OU,200908,2,ensemble,reference,0.623039,0.55958175,200907,0.06345725,1.0
LA-OU,200909,3,ensemble,reference,13.698486,13.9160955,200907,-0.2176095,15.0
LA-OU,200910,1,ensemble,reference,3.239264,2.87477675,200910,0.3644872499999998,6.0
LA-OU,200911,2,ensemble,reference,6.561855,10.8018955,200910,-4.2400405,13.0
LA-OU,200912,3,ensemble,reference,10.703618,17.1782135,200910,-6.474595499999998,18.0
LA-PH,200901,1,ensemble,reference,0.0295799999999999,0.0158399999999999,200901,0.01374,0.0
LA-PH,200902,2,ensemble,reference,0.0349329999999999,0.0171622499999999,200901,0.01777075,0.0
LA-PH,200903,3,ensemble,reference,0.0340349999999999,0.02211575,200901,0.0119192499999998,0.0
LA-PH,200904,1,ensemble,reference,0.03992,0.0041624999999999,200904,0.0357575,0.0
LA-PH,200905,2,ensemble,reference,0.038578,0.0121745,200904,0.0264035,0.0
LA-PH,200906,3,ensemble,reference,0.032579,0.0409442499999999,200904,-0.0083652499999999,0.0
LA-PH,200907,1,ensemble,reference,0.0400189999999999,0.0275054999999999,200907,0.0125135,0.0
LA-PH,200909,3,ensemble,reference,0.063228,0.0415642499999999,200907,0.0216637500000001,0.0
LA-PH,200910,1,ensemble,reference,0.03559,0.0075195,200910,0.0280704999999999,0.0
LA-PH,200911,2,ensemble,reference,0.0435729999999999,0.0026622499999999,200910,0.0409107499999999,0.0
LA-PH,200912,3,ensemble,reference,0.0366099999999999,0.00045475,200910,0.0361552499999999,0.0
LA-SL,200801,1,ensemble,reference,1.016521,2.008269,200801,-0.991748,0.0
LA-SL,200802,2,ensemble,reference,0.9887270000000004,0.798758,200801,0.1899690000000004,1.0
LA-SL,200803,3,ensemble,reference,2.266135,3.0200287500000003,200801,-0.7538937500000005,5.0
LA-SL,200804,1,ensemble,reference,1.069061,0.96721925,200804,0.10184175,2.0
LA-SL,200805,2,ensemble,reference,88.714161,91.89682375,200804,-3.1826627499999915,105.0
LA-SL,200806,3,ensemble,reference,206.202169,191.8838315,200804,14.318337499999984,226.0
LA-SL,200807,1,ensemble,reference,46.226358,43.57102449999999,200807,2.6553335000000047,78.0
LA-SL,200808,2,ensemble,reference,37.707099,41.5805635,200807,-3.873464499999997,63.0
LA-SL,200809,3,ensemble,reference,45.105380999999994,42.13507925,200807,2.9703017499999973,85.0
LA-SL,200810,1,ensemble,reference,46.129228999999995,29.17136675,200810,16.957862249999994,91.0
LA-SL,200811,2,ensemble,reference,13.517989999999998,16.081771500000002,200810,-2.5637815000000046,21.0
LA-SL,200812,3,ensemble,reference,8.913645000000002,7.831851750000001,200810,1.0817932500000014,8.0
LA-SL,200901,1,ensemble,reference,1.247814,1.8639099999999995,200901,-0.6160959999999995,1.0
LA-SL,200902,2,ensemble,reference,18.225875,19.12352125,200901,-0.8976462500000011,24.0
LA-SL,200903,3,ensemble,reference,18.762413,12.92872575,200901,5.833687249999999,25.0
LA-SL,200904,1,ensemble,reference,9.380492,6.5596335,200904,2.8208585,19.0
LA-SL,200905,2,ensemble,reference,86.665402,37.6246675,200904,49.0407345,122.0
LA-SL,200906,3,ensemble,reference,21.392303,40.1759685,200904,-18.783665500000005,42.0
LA-SL,200907,1,ensemble,reference,116.412466,54.898374749999995,200907,61.51409125,164.0
LA-SL,200908,2,ensemble,reference,82.962815,45.17708075,200907,37.78573425,127.0
LA-SL,200909,3,ensemble,reference,51.484489999999994,38.8448645,200907,12.639625499999994,91.0
LA-SL,200910,1,ensemble,reference,38.701279,31.01223275,200910,7.68904625,94.0
LA-SL,200911,2,ensemble,reference,22.407386999999996,17.389995750000004,200910,5.017391249999992,44.0
LA-SL,200912,3,ensemble,reference,11.977619999999998,8.968936750000001,200910,3.008683249999997,17.0
LA-SV,200801,1,ensemble,reference,3.2214870000000033,7.59971825,200801,-4.378231249999996,1.0
LA-SV,200802,2,ensemble,reference,1.661642999999998,2.4666615,200801,-0.8050185000000019,1.0
LA-SV,200803,3,ensemble,reference,2.722028999999999,2.258521,200801,0.4635079999999991,1.0
LA-SV,200804,1,ensemble,reference,4.714292,1.0633825,200804,3.650909500000001,0.0
LA-SV,200805,2,ensemble,reference,11.415935999999988,1.42499875,200804,9.990937249999988,1.0
LA-SV,200806,3,ensemble,reference,21.605666999999997,4.216407250000001,200804,17.389259749999994,10.0
LA-SV,200807,1,ensemble,reference,38.346367999999984,4.44315875,200807,33.90320924999998,11.0
LA-SV,200808,2,ensemble,reference,35.17479300000002,4.804307,200807,30.37048600000002,4.0
LA-SV,200809,3,ensemble,reference,34.45524300000001,6.90646775,200807,27.54877525000001,2.0
LA-SV,200810,1,ensemble,reference,14.627112000000013,3.147438749999999,200810,11.479673250000014,10.0
LA-SV,200811,2,ensemble,reference,8.106223,0.9019055,200810,7.2043175,2.0
LA-SV,200812,3,ensemble,reference,5.298906000000002,0.4803679999999999,200810,4.818538000000002,0.0
LA-SV,200901,1,ensemble,reference,2.4502970000000026,0.0945284999999999,200901,2.3557685000000026,0.0
LA-SV,200902,2,ensemble,reference,1.513493999999998,0.0175799999999999,200901,1.495913999999998,0.0
LA-SV,200903,3,ensemble,reference,2.479723,0.15729125,200901,2.32243175,0.0
LA-SV,200904,1,ensemble,reference,3.5590009999999985,0.196378,200904,3.3626229999999984,0.0
LA-SV,200905,2,ensemble,reference,11.180144999999996,1.0969665000000002,200904,10.083178499999995,0.0
LA-SV,200906,3,ensemble,reference,26.025758999999994,1.53486675,200904,24.490892249999995,1.0
LA-SV,200907,1,ensemble,reference,31.787266000000017,9.99603275,200907,21.79123325000002,13.0
LA-SV,200908,2,ensemble,reference,32.43115399999999,30.6935975,200907,1.737556499999993,34.0
LA-SV,200909,3,ensemble,reference,29.609505000000013,44.91700375,200907,-15.307498749999986,48.0
LA-SV,200910,1,ensemble,reference,17.575285000000008,5.1910115,200910,12.384273500000008,16.0
LA-SV,200911,2,ensemble,reference,13.008840000000006,22.50529725,200910,-9.496457249999995,33.0
LA-SV,200912,3,ensemble,reference,7.848163999999997,1.447404,200910,6.400759999999997,4.0
LA-VT,200801,1,ensemble,reference,14.873890999999992,9.99099225,200801,4.882898749999992,29.0
LA-VT,200802,2,ensemble,reference,11.389699,4.68100875,200801,6.70869025,12.0
LA-VT,200803,3,ensemble,reference,10.683191,13.903716500000002,200801,-3.220525500000001,26.0
LA-VT,200804,1,ensemble,reference,20.037103,16.70790925,200804,3.329193749999998,4.0
LA-VT,200805,2,ensemble,reference,33.523771,23.56919575,200804,9.954575250000005,17.0
LA-VT,200806,3,ensemble,reference,55.97260499999999,91.9487075,200804,-35.97610250000001,60.0
LA-VT,200807,1,ensemble,reference,79.738135,105.78140475,200807,-26.043269749999993,132.0
LA-VT,200808,2,ensemble,reference,69.61056199999999,81.48967300000001,200807,-11.879111000000025,144.0
LA-VT,200809,3,ensemble,reference,66.90507499999998,64.17930174999998,200807,2.725773250000003,158.0
LA-VT,200810,1,ensemble,reference,59.49786400000001,27.26922325,200810,32.22864075000001,95.0
LA-VT,200811,2,ensemble,reference,35.50348199999999,67.32248150000001,200810,-31.818999500000015,129.0
LA-VT,200812,3,ensemble,reference,29.413312000000005,57.740305,200810,-28.326992999999995,91.0
LA-VT,200901,1,ensemble,reference,13.203159,20.14893775,200901,-6.945778750000002,38.0
LA-VT,200902,2,ensemble,reference,8.842382,13.13932475,200901,-4.2969427499999995,20.0
LA-VT,200903,3,ensemble,reference,12.460343000000002,6.058705250000001,200901,6.401637750000001,19.0
LA-VT,200904,1,ensemble,reference,10.375383,12.425606000000002,200904,-2.0502230000000026,33.0
LA-VT,200905,2,ensemble,reference,26.507871999999992,93.41276324999998,200904,-66.90489124999999,54.0
LA-VT,200906,3,ensemble,reference,45.20692500000001,190.8269285,200904,-145.6200035,104.0
LA-VT,200907,1,ensemble,reference,93.585642,120.53118950000002,200907,-26.945547500000018,302.0
LA-VT,200908,2,ensemble,reference,106.852189,109.86835375,200907,-3.0161647500000015,356.0
LA-VT,200909,3,ensemble,reference,154.610076,140.3396875,200907,14.270388499999996,470.0
LA-VT,200910,1,ensemble,reference,130.977546,243.76640575,200910,-112.78885975,527.0
LA-VT,200911,2,ensemble,reference,196.926249,318.84125225,200910,-121.91500325,521.0
LA-VT,200912,3,ensemble,reference,154.280885,264.46156175,200910,-110.18067674999998,366.0
LA-XA,200801,1,ensemble,reference,0.7027719999999995,1.4927725,200801,-0.7900005000000005,0.0
LA-XA,200802,2,ensemble,reference,0.7329920000000003,0.731611,200801,0.0013810000000002,0.0
LA-XA,200803,3,ensemble,reference,0.9394870000000006,0.6368742500000001,200801,0.3026127500000005,0.0
LA-XA,200804,1,ensemble,reference,1.4063169999999996,0.0573669999999999,200804,1.3489499999999996,0.0
LA-XA,200805,2,ensemble,reference,2.261575000000001,1.178686,200804,1.082889000000001,2.0
LA-XA,200806,3,ensemble,reference,6.2866,4.20205375,200804,2.08454625,6.0
LA-XA,200807,1,ensemble,reference,12.061362000000004,10.212292,200807,1.8490700000000049,19.0
LA-XA,200808,2,ensemble,reference,6.451433999999999,2.65588975,200807,3.795544249999999,7.0
LA-XA,200809,3,ensemble,reference,5.755808999999999,0.96475275,200807,4.79105625,1.0
LA-XA,200810,1,ensemble,reference,2.6467419999999997,1.09633775,200810,1.5504042499999997,3.0
LA-XA,200811,2,ensemble,reference,1.9840129999999991,0.69790025,200810,1.2861127499999991,2.0
LA-XA,200812,3,ensemble,reference,1.507058000000001,0.3772952499999999,200810,1.129762750000001,1.0
LA-XA,200901,1,ensemble,reference,0.6410640000000001,0.1072325,200901,0.5338315000000001,0.0
LA-XA,200902,2,ensemble,reference,0.6933039999999995,0.0465999999999999,200901,0.6467039999999996,0.0
LA-XA,200903,3,ensemble,reference,0.904942,0.2334524999999999,200901,0.6714895000000001,0.0
LA-XA,200904,1,ensemble,reference,1.474696999999999,0.21176525,200904,1.262931749999999,0.0
LA-XA,200905,2,ensemble,reference,3.5888859999999987,0.6325092500000001,200904,2.9563767499999987,1.0
LA-XA,200906,3,ensemble,reference,9.072325,7.30196075,200904,1.7703642499999992,14.0
LA-XA,200907,1,ensemble,reference,9.879844000000006,4.06975125,200907,5.810092750000005,11.0
LA-XA,200908,2,ensemble,reference,15.159331000000002,25.645254,200907,-10.485923,37.0
LA-XA,200909,3,ensemble,reference,6.557759999999998,4.246188749999999,200907,2.311571249999999,11.0
LA-XA,200910,1,ensemble,reference,3.1186039999999977,2.8559392500000005,200910,0.2626647499999972,5.0
LA-XA,200911,2,ensemble,reference,2.9042509999999986,1.5939185,200910,1.3103324999999986,5.0
LA-XA,200912,3,ensemble,reference,2.463379999999999,0.924332,200910,1.5390479999999989,0.0
LA-XE,200801,1,ensemble,reference,0.190793,0.15751625,200801,0.0332767499999999,0.0
LA-XE,200802,2,ensemble,reference,0.2150480000000001,0.11956575,200801,0.0954822500000001,0.0
LA-XE,200803,3,ensemble,reference,0.164596,0.1121379999999999,200801,0.052458,0.0
LA-XE,200804,1,ensemble,reference,0.092616,0.0203049999999999,200804,0.0723110000000001,0.0
LA-XE,200805,2,ensemble,reference,0.136387,0.055226,200804,0.081161,0.0
LA-XE,200806,3,ensemble,reference,3.216944,3.95878425,200804,-0.7418402500000001,5.0
LA-XE,200807,1,ensemble,reference,0.999926,0.62864525,200807,0.3712807499999999,0.0
LA-XE,200808,2,ensemble,reference,0.94437,0.7163724999999999,200807,0.2279975000000002,0.0
LA-XE,200809,3,ensemble,reference,0.861254,0.57480975,200807,0.2864442499999999,1.0
LA-XE,200810,1,ensemble,reference,0.4599899999999999,0.42147025,200810,0.0385197499999999,0.0
LA-XE,200811,2,ensemble,reference,0.218271,0.16011325,200810,0.0581577499999999,0.0
LA-XE,200812,3,ensemble,reference,0.468159,0.59467375,200810,-0.12651475,1.0
LA-XE,200901,1,ensemble,reference,0.200954,0.0067047499999999,200901,0.1942492500000001,0.0
LA-XE,200902,2,ensemble,reference,1.094671,1.853577,200901,-0.7589060000000001,2.0
LA-XE,200903,3,ensemble,reference,1.209445,1.74061525,200901,-0.53117025,2.0
LA-XE,200904,1,ensemble,reference,0.4981620000000001,0.3970312500000001,200904,0.1011307499999999,1.0
LA-XE,200905,2,ensemble,reference,0.7322719999999998,0.7435584999999998,200904,-0.0112864999999999,2.0
LA-XE,200906,3,ensemble,reference,6.208856,4.48276225,200904,1.7260937499999995,9.0
LA-XE,200907,1,ensemble,reference,22.680733,16.940079500000003,200907,5.740653499999997,29.0
LA-XE,200908,2,ensemble,reference,20.900331,13.79649875,200907,7.103832250000002,27.0
LA-XE,200909,3,ensemble,reference,2.367491,1.9888265000000005,200907,0.3786644999999993,6.0
LA-XE,200910,1,ensemble,reference,3.102744,2.48017675,200910,0.6225672499999999,7.0
LA-XE,200911,2,ensemble,reference,1.3765,11.220477249999998,200910,-9.843977249999998,3.0
LA-XE,200912,3,ensemble,reference,3.721735,7.51475875,200910,-3.7930237500000006,7.0
LA-XI,200801,1,ensemble,reference,0.030197,0.2949694999999999,200801,-0.2647724999999998,0.0
LA-XI,200802,2,ensemble,reference,0.034845,0.6363515000000001,200801,-0.6015065,0.0
LA-XI,200803,3,ensemble,reference,0.0285929999999999,1.22795225,200801,-1.19935925,0.0
LA-XI,200804,1,ensemble,reference,0.030642,0.0046799999999999,200804,0.0259620000000001,0.0
LA-XI,200805,2,ensemble,reference,0.0312839999999999,0.004919,200804,0.0263649999999999,0.0
LA-XI,200806,3,ensemble,reference,0.7786479999999999,0.829436,200804,-0.050788,1.0
LA-XI,200807,1,ensemble,reference,0.1609939999999999,0.11965675,200807,0.0413372499999998,0.0
LA-XI,200808,2,ensemble,reference,0.172379,0.1227987499999999,200807,0.0495802500000001,0.0
LA-XI,200809,3,ensemble,reference,0.185496,0.12201075,200807,0.06348525,0.0
LA-XI,200810,1,ensemble,reference,0.029557,0.042485,200810,-0.012928,0.0
LA-XI,200811,2,ensemble,reference,0.0362819999999999,0.0125625,200810,0.0237194999999998,0.0
LA-XI,200812,3,ensemble,reference,0.0325329999999999,0.0051752499999999,200810,0.02735775,0.0
LA-XI,200901,1,ensemble,reference,0.0419,0.0019145,200901,0.0399855,0.0
LA-XI,200902,2,ensemble,reference,0.0236009999999999,0.0017127499999999,200901,0.02188825,0.0
LA-XI,200903,3,ensemble,reference,0.0299209999999999,0.0018939999999999,200901,0.028027,0.0
LA-XI,200904,1,ensemble,reference,0.036621,0.0011005,200904,0.0355205,0.0
LA-XI,200905,2,ensemble,reference,37.840674,38.82913975,200904,-0.9884657500000033,39.0
LA-XI,200906,3,ensemble,reference,31.592832,32.67115525,200904,-1.0783232499999968,33.0
LA-XI,200907,1,ensemble,reference,2.638720000000001,12.9594865,200907,-10.3207665,1.0
LA-XI,200908,2,ensemble,reference,6.234446999999999,12.039135000000002,200907,-5.804688000000002,10.0
LA-XI,200909,3,ensemble,reference,2.4301259999999996,16.07659725,200907,-13.64647125,0.0
LA-XI,200910,1,ensemble,reference,0.0255769999999999,12.543454999999998,200910,-12.517877999999998,0.0
LA-XI,200911,2,ensemble,reference,0.037033,5.573164,200910,-5.536131,0.0
LA-XI,200912,3,ensemble,reference,0.031702,2.57199575,200910,-2.54029375,0.0
LA-AT,200801,1,climatology,reference,4.0,2.4572515,200801,1.5427485,4.0
LA-AT,200802,2,climatology,reference,1.63,1.0992047500000002,200801,0.5307952499999997,2.0
LA-AT,200803,3,climatology,reference,0.0,0.48845825,200801,-0.48845825,0.0
LA-AT,200804,1,climatology,reference,0.02,0.38526,200804,-0.36526,0.0
LA-AT,200805,2,climatology,reference,3.45,1.7285335,200804,1.7214665000000002,4.0
LA-AT,200806,3,climatology,reference,8.86,4.66493025,200804,4.195069749999999,10.0
LA-AT,200807,1,climatology,reference,4.54,2.3829085,200807,2.1570915,6.0
LA-AT,200808,2,climatology,reference,9.47,3.801981,200807,5.668019000000001,11.0
LA-AT,200809,3,climatology,reference,17.57,12.016339,200807,5.553661,24.0
LA-AT,200810,1,climatology,reference,38.95,33.646784499999995,200810,5.303215500000007,47.0
LA-AT,200811,2,climatology,reference,43.0,35.3377105,200810,7.6622895,43.0
LA-AT,200812,3,climatology,reference,22.28,17.632734,200810,4.647266000000002,23.0
LA-AT,200901,1,climatology,reference,17.305124,7.56566525,200901,9.73945875,18.0
LA-AT,200902,2,climatology,reference,45.164529,37.3167155,200901,7.847813500000001,46.0
LA-AT,200903,3,climatology,reference,77.0,56.45955825,200901,20.54044175,77.0
LA-AT,200904,1,climatology,reference,98.652562,38.36334275,200904,60.28921925,99.0
LA-AT,200905,2,climatology,reference,0.1242149999999999,87.152383,200904,-87.028168,0.0
LA-AT,200906,3,climatology,reference,21.319868,73.05715699999999,200904,-51.73728899999999,24.0
LA-AT,200907,1,climatology,reference,61.750116,101.925443,200907,-40.175327,64.0
LA-AT,200908,2,climatology,reference,17.823736,122.86303,200907,-105.039294,21.0
LA-AT,200909,3,climatology,reference,10.060613,231.48168225,200907,-221.42106925,17.0
LA-AT,200910,1,climatology,reference,4.830283999999999,38.96140075,200910,-34.131116750000004,4.0
LA-AT,200911,2,climatology,reference,13.444083,31.62339425,200910,-18.17931125,16.0
LA-AT,200912,3,climatology,reference,4.502959,29.56166074999999,200910,-25.05870174999999,6.0
LA-BK,200801,1,climatology,reference,0.81,0.785863,200801,0.024137,1.0
LA-BK,200802,2,climatology,reference,0.01,0.1090254999999999,200801,-0.0990254999999999,0.0
LA-BK,200803,3,climatology,reference,0.01,0.1217505,200801,-0.1117505,0.0
LA-BK,200804,1,climatology,reference,0.01,0.02783575,200804,-0.0178357499999999,0.0
LA-BK,200805,2,climatology,reference,11.64,10.8348715,200804,0.8051285000000004,12.0
LA-BK,200806,3,climatology,reference,52.17,51.481997,200804,0.6880030000000019,53.0
LA-BK,200807,1,climatology,reference,0.6600000000000001,17.58906775,200807,-16.92906775,2.0
LA-BK,200808,2,climatology,reference,6.84,22.100853,200807,-15.260853,9.0
LA-BK,200809,3,climatology,reference,29.34,64.000504,200807,-34.660504,33.0
LA-BK,200810,1,climatology,reference,44.92,33.434669,200810,11.485331000000002,48.0
LA-BK,200811,2,climatology,reference,55.0,42.18707775,200810,12.81292225,55.0
LA-BK,200812,3,climatology,reference,5.0,1.79815475,200810,3.20184525,5.0
LA-BK,200901,1,climatology,reference,0.6691239999999999,0.43155475,200901,0.2375692499999999,1.0
LA-BK,200902,2,climatology,reference,0.0082809999999999,0.29852025,200901,-0.29023925,0.0
LA-BK,200903,3,climatology,reference,0.826281,0.5750872500000002,200901,0.2511937499999999,1.0
LA-BK,200904,1,climatology,reference,2.826281,1.6307850000000004,200904,1.1954959999999994,3.0
LA-BK,200905,2,climatology,reference,71.61762,43.53290225,200904,28.084717750000003,74.0
LA-BK,200906,3,climatology,reference,206.10648,134.538128,200904,71.568352,216.0
LA-BK,200907,1,climatology,reference,209.635455,89.8696175,200907,119.7658375,212.0
LA-BK,200908,2,climatology,reference,106.650017,32.5540305,200907,74.09598650000001,110.0
LA-BK,200909,3,climatology,reference,43.240067,18.789362,200907,24.450705000000003,52.0
LA-BK,200910,1,climatology,reference,23.210034,26.750267249999997,200910,-3.5402332499999964,31.0
LA-BK,200911,2,climatology,reference,4.5454550000000005,18.3345285,200910,-13.7890735,5.0
LA-BK,200912,3,climatology,reference,3.313405,6.4347255,200910,-3.1213205,4.0
LA-BL,200801,1,climatology,reference,5.6899999999999995,5.1953185,200801,0.4946814999999995,10.0
LA-BL,200802,2,climatology,reference,2.88,4.92974825,200801,-2.0497482500000004,7.0
LA-BL,200803,3,climatology,reference,2.29,1.29796675,200801,0.99203325,1.0
LA-BL,200804,1,climatology,reference,2.8299999999999996,3.08132025,200804,-0.2513202500000004,3.0
LA-BL,200805,2,climatology,reference,9.2,5.0021255,200804,4.197874499999999,15.0
LA-BL,200806,3,climatology,reference,10.070000000000002,7.1434222499999995,200804,2.9265777500000025,19.0
LA-BL,200807,1,climatology,reference,27.62,17.797534499999998,200807,9.822465500000003,31.0
LA-BL,200808,2,climatology,reference,19.03,19.865002250000003,200807,-0.8350022500000023,32.0
LA-BL,200809,3,climatology,reference,25.370000000000005,18.357721750000003,200807,7.012278250000001,30.0
LA-BL,200810,1,climatology,reference,16.870000000000005,11.095471,200810,5.774529000000005,5.0
LA-BL,200811,2,climatology,reference,6.290000000000001,3.7202622499999993,200810,2.5697377500000016,12.0
LA-BL,200812,3,climatology,reference,2.05,1.3904815,200810,0.6595184999999999,1.0
LA-BL,200901,1,climatology,reference,0.7038849999999999,0.7061344999999999,200901,-0.0022495,2.0
LA-BL,200902,2,climatology,reference,0.926381,1.4873054999999995,200901,-0.5609244999999995,3.0
LA-BL,200903,3,climatology,reference,2.5287120000000005,1.19987675,200901,1.3288352500000005,0.0
LA-BL,200904,1,climatology,reference,2.7938859999999996,0.7533335000000001,200904,2.0405524999999995,2.0
LA-BL,200905,2,climatology,reference,17.157429000000004,3.37442175,200904,13.783007250000004,0.0
LA-BL,200906,3,climatology,reference,16.873330000000003,4.04896125,200904,12.824368750000003,7.0
LA-BL,200907,1,climatology,reference,20.996472,13.05826925,200907,7.93820275,35.0
LA-BL,200908,2,climatology,reference,33.260011999999996,4.79656,200907,28.463451999999997,9.0
LA-BL,200909,3,climatology,reference,41.130528,9.076205,200907,32.054323,0.0
LA-BL,200910,1,climatology,reference,17.210586000000003,3.80502975,200910,13.405556250000004,1.0
LA-BL,200911,2,climatology,reference,11.201476,1.3181850000000002,200910,9.883291,2.0
LA-BL,200912,3,climatology,reference,1.6965139999999996,0.45991775,200910,1.2365962499999996,1.0
LA-CH,200801,1,climatology,reference,47.5,31.90423075,200801,15.59576925,73.0
LA-CH,200802,2,climatology,reference,53.03999999999999,49.4732335,200801,3.566766499999993,90.0
LA-CH,200803,3,climatology,reference,50.58,53.652343,200801,-3.0723430000000036,92.0
LA-CH,200804,1,climatology,reference,31.85,24.083442,200804,7.766558,69.0
LA-CH,200805,2,climatology,reference,38.959999999999994,37.95600525,200804,1.0039947499999968,113.0
LA-CH,200806,3,climatology,reference,127.17000000000002,101.41474975,200804,25.755250250000017,295.0
LA-CH,200807,1,climatology,reference,41.25,134.01294,200807,-92.76294,162.0
LA-CH,200808,2,climatology,reference,42.510000000000005,82.86095600000002,200807,-40.35095600000001,143.0
LA-CH,200809,3,climatology,reference,49.599999999999994,94.78290925000002,200807,-45.18290925000002,185.0
LA-CH,200810,1,climatology,reference,37.669999999999995,39.5149015,200810,-1.844901500000006,140.0
LA-CH,200811,2,climatology,reference,41.07000000000001,31.35523675,200810,9.714763250000008,102.0
LA-CH,200812,3,climatology,reference,33.34,22.991555500000004,200810,10.3484445,73.0
LA-CH,200901,1,climatology,reference,10.890717,9.739322,200901,1.1513950000000008,31.0
LA-CH,200902,2,climatology,reference,19.093116999999996,23.39347,200901,-4.300353000000005,48.0
LA-CH,200903,3,climatology,reference,21.42854,20.1857245,200901,1.2428155000000023,60.0
LA-CH,200904,1,climatology,reference,53.487149,33.3295555,200904,20.157593500000004,102.0
LA-CH,200905,2,climatology,reference,19.053490000000004,101.69403875000002,200904,-82.64054875000002,66.0
LA-CH,200906,3,climatology,reference,30.695037999999997,107.003725,200904,-76.308687,124.0
LA-CH,200907,1,climatology,reference,45.004213,119.366096,200907,-74.361883,122.0
LA-CH,200908,2,climatology,reference,44.17307600000001,79.32702949999998,200907,-35.15395349999997,110.0
LA-CH,200909,3,climatology,reference,32.110839000000006,96.46007150000004,200907,-64.34923250000003,105.0
LA-CH,200910,1,climatology,reference,23.227603,23.769135749999997,200910,-0.5415327499999982,59.0
LA-CH,200911,2,climatology,reference,12.418226999999998,36.107756249999994,200910,-23.689529249999996,35.0
LA-CH,200912,3,climatology,reference,14.757385999999997,22.196459000000004,200910,-7.439073000000008,32.0
LA-HO,200801,1,climatology,reference,0.01,0.2019005,200801,-0.1919005,0.0
LA-HO,200802,2,climatology,reference,0.01,0.61940225,200801,-0.60940225,0.0
LA-HO,200803,3,climatology,reference,0.01,2.2223387499999996,200801,-2.21233875,0.0
LA-HO,200804,1,climatology,reference,0.01,0.05633875,200804,-0.04633875,0.0
LA-HO,200805,2,climatology,reference,0.0,0.038491,200804,-0.038491,0.0
LA-HO,200806,3,climatology,reference,0.0599999999999999,0.047342,200804,0.0126579999999998,0.0
LA-HO,200807,1,climatology,reference,0.1999999999999999,0.01792925,200807,0.1820707499999999,0.0
LA-HO,200808,2,climatology,reference,0.0,0.02371475,200807,-0.02371475,0.0
LA-HO,200809,3,climatology,reference,0.6900000000000002,0.72078525,200807,-0.0307852499999998,1.0
LA-HO,200810,1,climatology,reference,0.02,0.0392525,200810,-0.0192525,0.0
LA-HO,200811,2,climatology,reference,0.0,0.00699125,200810,-0.00699125,0.0
LA-HO,200812,3,climatology,reference,0.65,0.90733525,200810,-0.25733525,1.0
LA-HO,200901,1,climatology,reference,0.0082809999999999,0.0190077499999999,200901,-0.01072675,0.0
LA-HO,200902,2,climatology,reference,0.0082809999999999,0.0303672499999999,200901,-0.02208625,0.0
LA-HO,200903,3,climatology,reference,0.0082809999999999,0.022481,200901,-0.0142000000000001,0.0
LA-HO,200904,1,climatology,reference,0.0082809999999999,0.005353,200904,0.0029279999999998,0.0
LA-HO,200905,2,climatology,reference,0.0,0.0185542499999999,200904,-0.0185542499999999,0.0
LA-HO,200906,3,climatology,reference,0.049686,0.05562925,200904,-0.0059432499999999,0.0
LA-HO,200907,1,climatology,reference,0.16562,0.028846,200907,0.1367739999999999,0.0
LA-HO,200908,2,climatology,reference,0.0,0.04879625,200907,-0.04879625,0.0
LA-HO,200909,3,climatology,reference,0.5699339999999999,0.68236725,200907,-0.11243325,1.0
LA-HO,200910,1,climatology,reference,0.834562,0.63160775,200910,0.20295425,1.0
LA-HO,200911,2,climatology,reference,1.0,0.81543975,200910,0.1845602499999999,1.0
LA-HO,200912,3,climatology,reference,0.53681,0.9192335,200910,-0.3824235,1.0
LA-KH,200801,1,climatology,reference,1.1499999999999997,1.49521,200801,-0.3452100000000002,0.0
LA-KH,200802,2,climatology,reference,0.1499999999999999,0.6627952500000001,200801,-0.5127952500000001,0.0
LA-KH,200803,3,climatology,reference,0.04,1.04225825,200801,-1.00225825,0.0
LA-KH,200804,1,climatology,reference,0.1099999999999999,0.21798325,200804,-0.10798325,0.0
LA-KH,200805,2,climatology,reference,1.38,0.3309689999999999,200804,1.049031,0.0
LA-KH,200806,3,climatology,reference,8.940000000000001,0.6611834999999998,200804,8.278816500000001,1.0
LA-KH,200807,1,climatology,reference,35.06999999999999,1.4723185,200807,33.59768149999999,3.0
LA-KH,200808,2,climatology,reference,37.92,0.37484525,200807,37.54515475,0.0
LA-KH,200809,3,climatology,reference,14.089999999999996,2.2661735,200807,11.823826499999996,4.0
LA-KH,200810,1,climatology,reference,5.470000000000001,0.5198725,200810,4.950127500000001,1.0
LA-KH,200811,2,climatology,reference,1.4299999999999995,1.57417125,200810,-0.1441712500000005,3.0
LA-KH,200812,3,climatology,reference,3.69,3.34946225,200810,0.3405377499999997,4.0
LA-KH,200901,1,climatology,reference,0.9523149999999996,0.0904052499999999,200901,0.8619097499999997,0.0
LA-KH,200902,2,climatology,reference,0.1242149999999999,0.0278519999999999,200901,0.0963629999999999,0.0
LA-KH,200903,3,climatology,reference,5.305124,4.5622155,200901,0.7429085000000004,6.0
LA-KH,200904,1,climatology,reference,0.091091,0.7376475000000001,200904,-0.6465565000000001,0.0
LA-KH,200905,2,climatology,reference,4.0487779999999995,1.946533,200904,2.1022449999999995,6.0
LA-KH,200906,3,climatology,reference,46.36775900000001,57.86423125,200904,-11.496472249999997,80.0
LA-KH,200907,1,climatology,reference,68.223464,91.641744,200907,-23.418279999999996,155.0
LA-KH,200908,2,climatology,reference,171.36027,235.3077135,200907,-63.94744349999999,303.0
LA-KH,200909,3,climatology,reference,187.121383,204.419162,200907,-17.29777899999999,277.0
LA-KH,200910,1,climatology,reference,57.593343,25.25099125,200910,32.34235175,85.0
LA-KH,200911,2,climatology,reference,54.814001,18.89023425,200910,35.92376675,61.0
LA-KH,200912,3,climatology,reference,52.764233,39.816269,200910,12.947964,67.0
LA-LM,200801,1,climatology,reference,0.0,0.181996,200801,-0.181996,0.0
LA-LM,200802,2,climatology,reference,0.0,0.1715394999999999,200801,-0.1715394999999999,0.0
LA-LM,200803,3,climatology,reference,0.0499999999999999,0.21189025,200801,-0.1618902500000001,0.0
LA-LM,200804,1,climatology,reference,0.01,0.00290125,200804,0.00709875,0.0
LA-LM,200805,2,climatology,reference,0.0,0.0133655,200804,-0.0133655,0.0
LA-LM,200806,3,climatology,reference,0.0,0.01486475,200804,-0.01486475,0.0
LA-LM,200807,1,climatology,reference,0.0499999999999999,0.0668469999999999,200807,-0.016847,0.0
LA-LM,200808,2,climatology,reference,0.0299999999999999,0.0502712499999999,200807,-0.02027125,0.0
LA-LM,200809,3,climatology,reference,0.0,0.0557952499999999,200807,-0.0557952499999999,0.0
LA-LM,200810,1,climatology,reference,0.09,0.0118722499999999,200810,0.07812775,0.0
LA-LM,200811,2,climatology,reference,0.02,0.0019814999999999,200810,0.0180185000000001,0.0
LA-LM,200812,3,climatology,reference,0.0,0.000592,200810,-0.000592,0.0
LA-LM,200901,1,climatology,reference,0.0,0.0002057499999999,200901,-0.0002057499999999,0.0
LA-LM,200902,2,climatology,reference,0.0,6.400000000000025e-05,200901,-6.400000000000025e-05,0.0
LA-LM,200903,3,climatology,reference,0.041405,0.0002374999999999,200901,0.0411675000000001,0.0
LA-LM,200904,1,climatology,reference,0.826281,0.8912962499999999,200904,-0.0650152499999998,1.0
LA-LM,200905,2,climatology,reference,0.0,0.0116607499999999,200904,-0.0116607499999999,0.0
LA-LM,200906,3,climatology,reference,2.0,1.5536385,200904,0.4463615000000001,2.0
LA-LM,200907,1,climatology,reference,0.677405,0.5634492499999999,200907,0.1139557500000001,1.0
LA-LM,200908,2,climatology,reference,0.024843,0.94004475,200907,-0.91520175,0.0
LA-LM,200909,3,climatology,reference,4.0,1.64434375,200907,2.35565625,4.0
LA-LM,200910,1,climatology,reference,4.164529,2.6351455,200910,1.5293834999999998,5.0
LA-LM,200911,2,climatology,reference,5.652562,4.51093775,200910,1.1416242499999996,6.0
LA-LM,200912,3,climatology,reference,4.0,3.38728575,200910,0.6127142499999998,4.0
LA-LP,200801,1,climatology,reference,0.1999999999999999,1.0574145,200801,-0.8574145,0.0
LA-LP,200802,2,climatology,reference,13.92,13.7883205,200801,0.1316795000000006,16.0
LA-LP,200803,3,climatology,reference,20.81,19.51043975,200801,1.299560249999999,22.0
LA-LP,200804,1,climatology,reference,31.229999999999997,11.537236,200804,19.692763999999997,33.0
LA-LP,200805,2,climatology,reference,107.3,57.674244,200804,49.625756,116.0
LA-LP,200806,3,climatology,reference,132.97,70.18981500000001,200804,62.78018499999999,160.0
LA-LP,200807,1,climatology,reference,10.659999999999998,123.4718835,200807,-112.8118835,16.0
LA-LP,200808,2,climatology,reference,12.43,115.31915824999996,200807,-102.88915824999997,13.0
LA-LP,200809,3,climatology,reference,10.5,99.668677,200807,-89.168677,14.0
LA-LP,200810,1,climatology,reference,9.55,28.576387249999996,200810,-19.026387249999996,33.0
LA-LP,200811,2,climatology,reference,103.0,53.10374,200810,49.89626,116.0
LA-LP,200812,3,climatology,reference,126.82,127.41190675,200810,-0.5919067500000068,161.0
LA-LP,200901,1,climatology,reference,0.16562,8.5558965,200901,-8.390276499999999,0.0
LA-LP,200902,2,climatology,reference,0.5962320000000001,5.92632925,200901,-5.33009725,0.0
LA-LP,200903,3,climatology,reference,0.4720169999999997,12.53232325,200901,-12.06030625,0.0
LA-LP,200904,1,climatology,reference,0.8104469999999999,15.421691250000002,200904,-14.611244250000002,0.0
LA-LP,200905,2,climatology,reference,3.589589,36.32875075,200904,-32.739161749999994,0.0
LA-LP,200906,3,climatology,reference,5.813261999999998,75.2784345,200904,-69.46517250000001,9.0
LA-LP,200907,1,climatology,reference,4.452995999999999,21.54772775,200907,-17.09473175,30.0
LA-LP,200908,2,climatology,reference,8.377825999999999,22.435132,200907,-14.057306,32.0
LA-LP,200909,3,climatology,reference,238.358321,303.12593125,200907,-64.76761025000002,313.0
LA-LP,200910,1,climatology,reference,126.23871400000002,99.93562725,200910,26.30308675000002,165.0
LA-LP,200911,2,climatology,reference,61.383126999999995,54.40982475,200910,6.973302249999996,87.0
LA-LP,200912,3,climatology,reference,7.821726000000002,3.0576297500000003,200910,4.7640962500000015,0.0
LA-OU,200801,1,climatology,reference,0.0,0.3472967499999999,200801,-0.3472967499999999,0.0
LA-OU,200802,2,climatology,reference,0.0,0.32245675,200801,-0.32245675,0.0
LA-OU,200803,3,climatology,reference,0.0,0.4250047499999999,200801,-0.4250047499999999,0.0
LA-OU,200804,1,climatology,reference,0.0,0.0038785,200804,-0.0038785,0.0
LA-OU,200805,2,climatology,reference,0.01,0.0122122499999999,200804,-0.0022122499999999,0.0
LA-OU,200806,3,climatology,reference,0.01,0.01783375,200804,-0.0078337499999999,0.0
LA-OU,200807,1,climatology,reference,0.04,0.0873805,200807,-0.0473805,0.0
LA-OU,200808,2,climatology,reference,0.12,0.0586447499999999,200807,0.0613552500000001,0.0
LA-OU,200809,3,climatology,reference,0.04,0.05711725,200807,-0.01711725,0.0
LA-OU,200810,1,climatology,reference,0.0799999999999999,0.0104552499999999,200810,0.06954475,0.0
LA-OU,200811,2,climatology,reference,0.01,0.00270675,200810,0.00729325,0.0
LA-OU,200812,3,climatology,reference,0.0,0.00045525,200810,-0.00045525,0.0
LA-OU,200901,1,climatology,reference,0.0,0.0002379999999999,200901,-0.0002379999999999,0.0
LA-OU,200902,2,climatology,reference,0.0,7.600000000000011e-05,200901,-7.600000000000011e-05,0.0
LA-OU,200903,3,climatology,reference,0.0,0.000542,200901,-0.000542,0.0
LA-OU,200904,1,climatology,reference,0.0,0.0054359999999999,200904,-0.0054359999999999,0.0
LA-OU,200905,2,climatology,reference,0.0082809999999999,0.0208955,200904,-0.0126145000000001,0.0
LA-OU,200906,3,climatology,reference,0.0082809999999999,0.06052925,200904,-0.0522482500000001,0.0
LA-OU,200907,1,climatology,reference,0.0331239999999999,0.08269575,200907,-0.0495717500000001,0.0
LA-OU,200908,2,climatology,reference,0.7353719999999999,0.55958175,200907,0.1757902499999999,1.0
LA-OU,200909,3,climatology,reference,14.669124,13.9160955,200907,0.7530284999999992,15.0
LA-OU,200910,1,climatology,reference,4.974247999999999,2.87477675,200910,2.0994712499999992,6.0
LA-OU,200911,2,climatology,reference,12.826281,10.8018955,200910,2.0243854999999993,13.0
LA-OU,200912,3,climatology,reference,18.0,17.1782135,200910,0.8217865000000018,18.0
LA-PH,200901,1,climatology,reference,0.0,0.0158399999999999,200901,-0.0158399999999999,0.0
LA-PH,200902,2,climatology,reference,0.0,0.0171622499999999,200901,-0.0171622499999999,0.0
LA-PH,200903,3,climatology,reference,0.0,0.02211575,200901,-0.02211575,0.0
LA-PH,200904,1,climatology,reference,0.0,0.0041624999999999,200904,-0.0041624999999999,0.0
LA-PH,200905,2,climatology,reference,0.0,0.0121745,200904,-0.0121745,0.0
LA-PH,200906,3,climatology,reference,0.0,0.0409442499999999,200904,-0.0409442499999999,0.0
LA-PH,200907,1,climatology,reference,0.0,0.0275054999999999,200907,-0.0275054999999999,0.0
LA-PH,200909,3,climatology,reference,0.04,0.0415642499999999,200907,-0.0015642499999998,0.0
LA-PH,200910,1,climatology,reference,0.0,0.0075195,200910,-0.0075195,0.0
LA-PH,200911,2,climatology,reference,0.0,0.0026622499999999,200910,-0.0026622499999999,0.0
LA-PH,200912,3,climatology,reference,0.0,0.00045475,200910,-0.00045475,0.0
LA-SL,200801,1,climatology,reference,0.1099999999999999,2.008269,200801,-1.898269,0.0
LA-SL,200802,2,climatology,reference,1.0,0.798758,200801,0.201242,1.0
LA-SL,200803,3,climatology,reference,4.62,3.0200287500000003,200801,1.5999712499999998,5.0
LA-SL,200804,1,climatology,reference,2.0,0.96721925,200804,1.03278075,2.0
LA-SL,200805,2,climatology,reference,82.75,91.89682375,200804,-9.146823749999996,105.0
LA-SL,200806,3,climatology,reference,206.97,191.8838315,200804,15.086168499999983,226.0
LA-SL,200807,1,climatology,reference,75.25,43.57102449999999,200807,31.678975500000007,78.0
LA-SL,200808,2,climatology,reference,52.45,41.5805635,200807,10.869436500000006,63.0
LA-SL,200809,3,climatology,reference,76.05,42.13507925,200807,33.91492075,85.0
LA-SL,200810,1,climatology,reference,89.54,29.17136675,200810,60.36863325,91.0
LA-SL,200811,2,climatology,reference,19.16,16.081771500000002,200810,3.078228499999998,21.0
LA-SL,200812,3,climatology,reference,5.69,7.831851750000001,200810,-2.1418517500000007,8.0
LA-SL,200901,1,climatology,reference,0.545091,1.8639099999999995,200901,-1.3188189999999995,1.0
LA-SL,200902,2,climatology,reference,23.826281,19.12352125,200901,4.702759750000002,24.0
LA-SL,200903,3,climatology,reference,23.817091,12.92872575,200901,10.88836525,25.0
LA-SL,200904,1,climatology,reference,18.652562,6.5596335,200904,12.0929285,19.0
LA-SL,200905,2,climatology,reference,83.899938,37.6246675,200904,46.275270500000005,122.0
LA-SL,200906,3,climatology,reference,30.133145000000003,40.1759685,200904,-10.0428235,42.0
LA-SL,200907,1,climatology,reference,148.17646399999998,54.898374749999995,200907,93.27808925,164.0
LA-SL,200908,2,climatology,reference,107.331804,45.17708075,200907,62.15472325,127.0
LA-SL,200909,3,climatology,reference,68.83130799999999,38.8448645,200907,29.986443499999993,91.0
LA-SL,200910,1,climatology,reference,76.984001,31.01223275,200910,45.97176825000001,94.0
LA-SL,200911,2,climatology,reference,38.830017000000005,17.389995750000004,200910,21.44002125,44.0
LA-SL,200912,3,climatology,reference,13.699703,8.968936750000001,200910,4.7307662499999985,17.0
LA-SV,200801,1,climatology,reference,1.7800000000000002,7.59971825,200801,-5.819718249999999,1.0
LA-SV,200802,2,climatology,reference,0.6200000000000001,2.4666615,200801,-1.8466614999999995,1.0
LA-SV,200803,3,climatology,reference,1.42,2.258521,200801,-0.8385210000000001,1.0
LA-SV,200804,1,climatology,reference,6.08,1.0633825,200804,5.016617500000001,0.0
LA-SV,200805,2,climatology,reference,27.53,1.42499875,200804,26.10500125,1.0
LA-SV,200806,3,climatology,reference,67.57,4.216407250000001,200804,63.35359274999999,10.0
LA-SV,200807,1,climatology,reference,150.21999999999997,4.44315875,200807,145.77684124999996,11.0
LA-SV,200808,2,climatology,reference,140.25,4.804307,200807,135.445693,4.0
LA-SV,200809,3,climatology,reference,115.49,6.90646775,200807,108.58353225,2.0
LA-SV,200810,1,climatology,reference,53.19,3.147438749999999,200810,50.04256125,10.0
LA-SV,200811,2,climatology,reference,12.810000000000002,0.9019055,200810,11.908094500000002,2.0
LA-SV,200812,3,climatology,reference,8.030000000000001,0.4803679999999999,200810,7.549632000000001,0.0
LA-SV,200901,1,climatology,reference,1.7460180000000003,0.0945284999999999,200901,1.6514895000000005,0.0
LA-SV,200902,2,climatology,reference,0.6034219999999999,0.0175799999999999,200901,0.585842,0.0
LA-SV,200903,3,climatology,reference,1.0848110000000002,0.15729125,200901,0.9275197500000002,0.0
LA-SV,200904,1,climatology,reference,5.027028,0.196378,200904,4.8306499999999994,0.0
LA-SV,200905,2,climatology,reference,23.760858999999996,1.0969665000000002,200904,22.663892499999996,0.0
LA-SV,200906,3,climatology,reference,63.428528,1.53486675,200904,61.89366125,1.0
LA-SV,200907,1,climatology,reference,123.24315,9.99603275,200907,113.24711725,13.0
LA-SV,200908,2,climatology,reference,102.30625,30.6935975,200907,71.61265250000001,34.0
LA-SV,200909,3,climatology,reference,77.799763,44.91700375,200907,32.88275925,48.0
LA-SV,200910,1,climatology,reference,41.95170999999999,5.1910115,200910,36.76069849999999,16.0
LA-SV,200911,2,climatology,reference,12.497231,22.50529725,200910,-10.008066250000002,33.0
LA-SV,200912,3,climatology,reference,6.103097000000002,1.447404,200910,4.655693000000002,4.0
LA-VT,200801,1,climatology,reference,10.87,9.99099225,200801,0.8790077499999995,29.0
LA-VT,200802,2,climatology,reference,9.38,4.68100875,200801,4.698991250000001,12.0
LA-VT,200803,3,climatology,reference,4.52,13.903716500000002,200801,-9.383716500000002,26.0
LA-VT,200804,1,climatology,reference,36.69,16.70790925,200804,19.98209075,4.0
LA-VT,200805,2,climatology,reference,62.27,23.56919575,200804,38.70080425,17.0
LA-VT,200806,3,climatology,reference,83.00999999999999,91.9487075,200804,-8.938707500000007,60.0
LA-VT,200807,1,climatology,reference,191.24999999999997,105.78140475,200807,85.46859524999998,132.0
LA-VT,200808,2,climatology,reference,165.86,81.48967300000001,200807,84.370327,144.0
LA-VT,200809,3,climatology,reference,113.29999999999998,64.17930174999998,200807,49.12069825,158.0
LA-VT,200810,1,climatology,reference,129.48000000000002,27.26922325,200810,102.21077675000002,95.0
LA-VT,200811,2,climatology,reference,36.84,67.32248150000001,200810,-30.48248150000001,129.0
LA-VT,200812,3,climatology,reference,17.979999999999997,57.740305,200810,-39.760305,91.0
LA-VT,200901,1,climatology,reference,7.815081999999997,20.14893775,200901,-12.333855750000003,38.0
LA-VT,200902,2,climatology,reference,3.934482,13.13932475,200901,-9.20484275,20.0
LA-VT,200903,3,climatology,reference,7.282829999999999,6.058705250000001,200901,1.224124749999998,19.0
LA-VT,200904,1,climatology,reference,9.680054000000002,12.425606000000002,200904,-2.745552,33.0
LA-VT,200905,2,climatology,reference,27.720475,93.41276324999998,200904,-65.69228824999999,54.0
LA-VT,200906,3,climatology,reference,38.075081999999995,190.8269285,200904,-152.7518465,104.0
LA-VT,200907,1,climatology,reference,86.36204900000001,120.53118950000002,200907,-34.16914050000001,302.0
LA-VT,200908,2,climatology,reference,101.891894,109.86835375,200907,-7.976459750000004,356.0
LA-VT,200909,3,climatology,reference,112.384425,140.3396875,200907,-27.955262500000003,470.0
LA-VT,200910,1,climatology,reference,145.485435,243.76640575,200910,-98.28097075,527.0
LA-VT,200911,2,climatology,reference,297.66520299999996,318.84125225,200910,-21.176049250000062,521.0
LA-VT,200912,3,climatology,reference,224.551238,264.46156175,200910,-39.910323749999975,366.0
LA-XA,200801,1,climatology,reference,0.17,1.4927725,200801,-1.3227725,0.0
LA-XA,200802,2,climatology,reference,0.9500000000000002,0.731611,200801,0.2183890000000001,0.0
LA-XA,200803,3,climatology,reference,0.7399999999999998,0.6368742500000001,200801,0.1031257499999996,0.0
LA-XA,200804,1,climatology,reference,3.460000000000001,0.0573669999999999,200804,3.402633000000001,0.0
LA-XA,200805,2,climatology,reference,5.659999999999997,1.178686,200804,4.481313999999997,2.0
LA-XA,200806,3,climatology,reference,14.03,4.20205375,200804,9.82794625,6.0
LA-XA,200807,1,climatology,reference,24.69,10.212292,200807,14.477708000000002,19.0
LA-XA,200808,2,climatology,reference,9.729999999999997,2.65588975,200807,7.074110249999997,7.0
LA-XA,200809,3,climatology,reference,4.75,0.96475275,200807,3.78524725,1.0
LA-XA,200810,1,climatology,reference,1.5699999999999994,1.09633775,200810,0.4736622499999994,3.0
LA-XA,200811,2,climatology,reference,1.83,0.69790025,200810,1.13209975,2.0
LA-XA,200812,3,climatology,reference,1.9600000000000009,0.3772952499999999,200810,1.5827047500000009,1.0
LA-XA,200901,1,climatology,reference,0.1407769999999999,0.1072325,200901,0.0335444999999999,0.0
LA-XA,200902,2,climatology,reference,0.7866949999999999,0.0465999999999999,200901,0.7400950000000001,0.0
LA-XA,200903,3,climatology,reference,0.6127940000000001,0.2334524999999999,200901,0.3793415000000001,0.0
LA-XA,200904,1,climatology,reference,2.8624980000000004,0.21176525,200904,2.6507327500000004,0.0
LA-XA,200905,2,climatology,reference,4.777046000000006,0.6325092500000001,200904,4.144536750000006,1.0
LA-XA,200906,3,climatology,reference,13.430243,7.30196075,200904,6.128282250000001,14.0
LA-XA,200907,1,climatology,reference,22.570512,4.06975125,200907,18.50076075,11.0
LA-XA,200908,2,climatology,reference,13.305413,25.645254,200907,-12.339841000000002,37.0
LA-XA,200909,3,climatology,reference,6.654747,4.246188749999999,200907,2.4085582500000013,11.0
LA-XA,200910,1,climatology,reference,2.0250260000000004,2.8559392500000005,200910,-0.83091325,5.0
LA-XA,200911,2,climatology,reference,3.421968000000001,1.5939185,200910,1.828049500000001,5.0
LA-XA,200912,3,climatology,reference,1.5319850000000006,0.924332,200910,0.6076530000000006,0.0
LA-XE,200801,1,climatology,reference,0.09,0.15751625,200801,-0.06751625,0.0
LA-XE,200802,2,climatology,reference,0.12,0.11956575,200801,0.0004342499999999,0.0
LA-XE,200803,3,climatology,reference,0.0,0.1121379999999999,200801,-0.1121379999999999,0.0
LA-XE,200804,1,climatology,reference,0.0246419999999999,0.0203049999999999,200804,0.004337,0.0
LA-XE,200805,2,climatology,reference,0.08,0.055226,200804,0.024774,0.0
LA-XE,200806,3,climatology,reference,3.15,3.95878425,200804,-0.80878425,5.0
LA-XE,200807,1,climatology,reference,0.4000000000000001,0.62864525,200807,-0.2286452499999999,0.0
LA-XE,200808,2,climatology,reference,0.1899999999999999,0.7163724999999999,200807,-0.5263724999999999,0.0
LA-XE,200809,3,climatology,reference,0.6699999999999999,0.57480975,200807,0.0951902499999999,1.0
LA-XE,200810,1,climatology,reference,0.5599999999999998,0.42147025,200810,0.1385297499999998,0.0
LA-XE,200811,2,climatology,reference,0.0246419999999999,0.16011325,200810,-0.1354712500000001,0.0
LA-XE,200812,3,climatology,reference,0.790321,0.59467375,200810,0.19564725,1.0
LA-XE,200901,1,climatology,reference,0.074529,0.0067047499999999,200901,0.0678242500000001,0.0
LA-XE,200902,2,climatology,reference,1.371372,1.853577,200901,-0.482205,2.0
LA-XE,200903,3,climatology,reference,2.0,1.74061525,200901,0.2593847499999999,2.0
LA-XE,200904,1,climatology,reference,0.8200000000000001,0.3970312500000001,200904,0.4229687499999999,1.0
LA-XE,200905,2,climatology,reference,1.338248,0.7435584999999998,200904,0.5946895000000003,2.0
LA-XE,200906,3,climatology,reference,6.6023309999999995,4.48276225,200904,2.119568749999999,9.0
LA-XE,200907,1,climatology,reference,26.41924,16.940079500000003,200907,9.479160499999995,29.0
LA-XE,200908,2,climatology,reference,25.883339,13.79649875,200907,12.08684025,27.0
LA-XE,200909,3,climatology,reference,4.097554,1.9888265000000005,200907,2.108727499999999,6.0
LA-XE,200910,1,climatology,reference,4.551736,2.48017675,200910,2.07155925,7.0
LA-XE,200911,2,climatology,reference,2.6199999999999997,11.220477249999998,200910,-8.600477249999999,3.0
LA-XE,200912,3,climatology,reference,6.64,7.51475875,200910,-0.8747587500000007,7.0
LA-XI,200801,1,climatology,reference,0.0,0.2949694999999999,200801,-0.2949694999999999,0.0
LA-XI,200802,2,climatology,reference,0.0,0.6363515000000001,200801,-0.6363515000000001,0.0
LA-XI,200803,3,climatology,reference,0.0,1.22795225,200801,-1.22795225,0.0
LA-XI,200804,1,climatology,reference,0.0,0.0046799999999999,200804,-0.0046799999999999,0.0
LA-XI,200805,2,climatology,reference,0.0,0.004919,200804,-0.004919,0.0
LA-XI,200806,3,climatology,reference,1.0,0.829436,200804,0.170564,1.0
LA-XI,200807,1,climatology,reference,0.0,0.11965675,200807,-0.11965675,0.0
LA-XI,200808,2,climatology,reference,0.02,0.1227987499999999,200807,-0.1027987499999999,0.0
LA-XI,200809,3,climatology,reference,0.01,0.12201075,200807,-0.11201075,0.0
LA-XI,200810,1,climatology,reference,0.0,0.042485,200810,-0.042485,0.0
LA-XI,200811,2,climatology,reference,0.01,0.0125625,200810,-0.0025625,0.0
LA-XI,200812,3,climatology,reference,0.0,0.0051752499999999,200810,-0.0051752499999999,0.0
LA-XI,200901,1,climatology,reference,0.0,0.0019145,200901,-0.0019145,0.0
LA-XI,200902,2,climatology,reference,0.0,0.0017127499999999,200901,-0.0017127499999999,0.0
LA-XI,200903,3,climatology,reference,0.0,0.0018939999999999,200901,-0.0018939999999999,0.0
LA-XI,200904,1,climatology,reference,0.0,0.0011005,200904,-0.0011005,0.0
LA-XI,200905,2,climatology,reference,39.0,38.82913975,200904,0.1708602499999969,39.0
LA-XI,200906,3,climatology,reference,32.826281,32.67115525,200904,0.1551257500000034,33.0
LA-XI,200907,1,climatology,reference,1.0,12.9594865,200907,-11.9594865,1.0
LA-XI,200908,2,climatology,reference,9.652562,12.039135000000002,200907,-2.386573000000002,10.0
LA-XI,200909,3,climatology,reference,0.0082809999999999,16.07659725,200907,-16.06831625,0.0
LA-XI,200910,1,climatology,reference,0.0,12.543454999999998,200910,-12.543454999999998,0.0
LA-XI,200911,2,climatology,reference,0.0082809999999999,5.573164,200910,-5.564883,0.0
LA-XI,200912,3,climatology,reference,0.0,2.57199575,200910,-2.57199575,0.0
