model,location,time_period,horizon_distance,crps,abs_error,in_10_90,in_25_75,observed,split_first_period,n_samples
climatology,LA-AT,200801,1,4.0,4.0,0.0,0.0,4.0,200801,1000
climatology,LA-AT,200802,2,1.63,2.0,0.0,0.0,2.0,200801,1000
climatology,LA-AT,200803,3,0.0,0.0,1.0,1.0,0.0,200801,1000
climatology,LA-AT,200804,1,0.020000000000000018,0.0,1.0,1.0,0.0,200804,1000
climatology,LA-AT,200805,2,3.45,4.0,0.0,0.0,4.0,200804,1000
climatology,LA-AT,200806,3,8.86,10.0,0.0,0.0,10.0,200804,1000
climatology,LA-AT,200807,1,4.54,6.0,0.0,0.0,6.0,200807,1000
climatology,LA-AT,200808,2,9.469999999999999,11.0,0.0,0.0,11.0,200807,1000
climatology,LA-AT,200809,3,17.57,24.0,0.0,0.0,24.0,200807,1000
climatology,LA-AT,200810,1,38.95,47.0,0.0,0.0,47.0,200810,1000
climatology,LA-AT,200811,2,43.0,43.0,0.0,0.0,43.0,200810,1000
climatology,LA-AT,200812,3,22.28,23.0,0.0,0.0,23.0,200810,1000
climatology,LA-AT,200901,1,17.305124,18.0,0.0,0.0,18.0,200901,1000
climatology,LA-AT,200902,2,45.164529,46.0,0.0,0.0,46.0,200901,1000
climatology,LA-AT,200903,3,77.0,77.0,0.0,0.0,77.0,200901,1000
climatology,LA-AT,200904,1,98.652562,99.0,0.0,0.0,99.0,200904,1000
climatology,LA-AT,200905,2,0.12421499999999996,0.0,1.0,1.0,0.0,200904,1000
climatology,LA-AT,200906,3,21.319868,24.0,0.0,0.0,24.0,200904,1000
climatology,LA-AT,200907,1,61.750116,64.0,0.0,0.0,64.0,200907,1000
climatology,LA-AT,200908,2,17.823736,21.0,0.0,0.0,21.0,200907,1000
climatology,LA-AT,200909,3,10.060613,17.0,1.0,0.0,17.0,200907,1000
climatology,LA-AT,200910,1,4.830283999999999,4.0,1.0,0.0,4.0,200910,1000
climatology,LA-AT,200911,2,13.444083000000001,16.0,0.0,0.0,16.0,200910,1000
climatology,LA-AT,200912,3,4.502959,6.0,0.0,0.0,6.0,200910,1000
climatology,LA-BK,200801,1,0.81,1.0,0.0,0.0,1.0,200801,1000
climatology,LA-BK,200802,2,0.010000000000000009,0.0,1.0,1.0,0.0,200801,1000
climatology,LA-BK,200803,3,0.010000000000000009,0.0,1.0,1.0,0.0,200801,1000
climatology,LA-BK,200804,1,0.010000000000000009,0.0,1.0,1.0,0.0,200804,1000
climatology,LA-BK,200805,2,11.64,12.0,0.0,0.0,12.0,200804,1000
climatology,LA-BK,200806,3,52.17,53.0,0.0,0.0,53.0,200804,1000
climatology,LA-BK,200807,1,0.6600000000000001,1.5,1.0,1.0,2.0,200807,1000
climatology,LA-BK,200808,2,6.84,9.0,0.0,0.0,9.0,200807,1000
climatology,LA-BK,200809,3,29.34,33.0,0.0,0.0,33.0,200807,1000
climatology,LA-BK,200810,1,44.92,46.5,0.0,0.0,48.0,200810,1000
climatology,LA-BK,200811,2,55.0,55.0,0.0,0.0,55.0,200810,1000
climatology,LA-BK,200812,3,5.0,5.0,0.0,0.0,5.0,200810,1000
climatology,LA-BK,200901,1,0.6691239999999999,1.0,1.0,0.0,1.0,200901,1000
climatology,LA-BK,200902,2,0.008280999999999997,0.0,1.0,1.0,0.0,200901,1000
climatology,LA-BK,200903,3,0.826281,1.0,0.0,0.0,1.0,200901,1000
climatology,LA-BK,200904,1,2.826281,3.0,0.0,0.0,3.0,200904,1000
climatology,LA-BK,200905,2,71.61762,74.0,0.0,0.0,74.0,200904,1000
climatology,LA-BK,200906,3,206.10648,216.0,0.0,0.0,216.0,200904,1000
climatology,LA-BK,200907,1,209.63545499999998,211.0,0.0,0.0,212.0,200907,1000
climatology,LA-BK,200908,2,106.650017,110.0,0.0,0.0,110.0,200907,1000
climatology,LA-BK,200909,3,43.240066999999996,52.0,0.0,0.0,52.0,200907,1000
climatology,LA-BK,200910,1,23.210034,29.0,0.0,0.0,31.0,200910,1000
climatology,LA-BK,200911,2,4.5454550000000005,5.0,0.0,0.0,5.0,200910,1000
climatology,LA-BK,200912,3,3.313405,4.0,0.0,0.0,4.0,200910,1000
climatology,LA-BL,200801,1,5.6899999999999995,8.0,0.0,0.0,10.0,200801,1000
climatology,LA-BL,200802,2,2.88,5.0,1.0,0.0,7.0,200801,1000
climatology,LA-BL,200803,3,2.29,3.0,1.0,1.0,1.0,200801,1000
climatology,LA-BL,200804,1,2.8299999999999996,3.5,1.0,1.0,3.0,200804,1000
climatology,LA-BL,200805,2,9.2,6.5,1.0,1.0,15.0,200804,1000
climatology,LA-BL,200806,3,10.070000000000002,17.5,1.0,1.0,19.0,200804,1000
climatology,LA-BL,200807,1,27.62,48.5,1.0,0.0,31.0,200807,1000
climatology,LA-BL,200808,2,19.03,37.5,1.0,1.0,32.0,200807,1000
climatology,LA-BL,200809,3,25.370000000000005,48.0,1.0,0.0,30.0,200807,1000
climatology,LA-BL,200810,1,16.870000000000005,25.5,0.0,0.0,5.0,200810,1000
climatology,LA-BL,200811,2,6.290000000000001,8.5,1.0,1.0,12.0,200810,1000
climatology,LA-BL,200812,3,2.05,1.0,1.0,1.0,1.0,200810,1000
climatology,LA-BL,200901,1,0.7038849999999999,0.0,1.0,1.0,2.0,200901,1000
climatology,LA-BL,200902,2,0.9263810000000001,1.0,1.0,1.0,3.0,200901,1000
climatology,LA-BL,200903,3,2.5287120000000005,4.0,1.0,0.0,0.0,200901,1000
climatology,LA-BL,200904,1,2.7938859999999996,4.0,1.0,1.0,2.0,200904,1000
climatology,LA-BL,200905,2,17.157429000000004,16.0,0.0,0.0,0.0,200904,1000
climatology,LA-BL,200906,3,16.873330000000003,19.0,0.0,0.0,7.0,200904,1000
climatology,LA-BL,200907,1,20.996472,42.0,1.0,1.0,35.0,200907,1000
climatology,LA-BL,200908,2,33.260011999999996,58.0,0.0,0.0,9.0,200907,1000
climatology,LA-BL,200909,3,41.130528,75.0,0.0,0.0,0.0,200907,1000
climatology,LA-BL,200910,1,17.210586000000003,29.0,0.0,0.0,1.0,200910,1000
climatology,LA-BL,200911,2,11.201476,13.0,1.0,0.0,2.0,200910,1000
climatology,LA-BL,200912,3,1.6965139999999996,1.0,1.0,1.0,1.0,200910,1000
climatology,LA-CH,200801,1,47.5,65.0,0.0,0.0,73.0,200801,1000
climatology,LA-CH,200802,2,53.03999999999999,86.5,0.0,0.0,90.0,200801,1000
climatology,LA-CH,200803,3,50.58,77.0,0.0,0.0,92.0,200801,1000
climatology,LA-CH,200804,1,31.849999999999998,52.5,1.0,0.0,69.0,200804,1000
climatology,LA-CH,200805,2,38.959999999999994,54.0,1.0,0.0,113.0,200804,1000
climatology,LA-CH,200806,3,127.17000000000002,172.5,0.0,0.0,295.0,200804,1000
climatology,LA-CH,200807,1,41.25,39.0,1.0,1.0,162.0,200807,1000
climatology,LA-CH,200808,2,42.510000000000005,22.0,1.0,1.0,143.0,200807,1000
climatology,LA-CH,200809,3,49.599999999999994,73.0,1.0,1.0,185.0,200807,1000
climatology,LA-CH,200810,1,37.669999999999995,53.0,1.0,0.0,140.0,200810,1000
climatology,LA-CH,200811,2,41.07000000000001,67.0,0.0,0.0,102.0,200810,1000
climatology,LA-CH,200812,3,33.34,49.5,1.0,0.0,73.0,200810,1000
climatology,LA-CH,200901,1,10.890716999999999,19.0,1.0,1.0,31.0,200901,1000
climatology,LA-CH,200902,2,19.093116999999996,43.0,1.0,1.0,48.0,200901,1000
climatology,LA-CH,200903,3,21.428539999999998,42.0,1.0,0.0,60.0,200901,1000
climatology,LA-CH,200904,1,53.487149,79.0,0.0,0.0,102.0,200904,1000
climatology,LA-CH,200905,2,19.053490000000004,1.0,1.0,1.0,66.0,200904,1000
climatology,LA-CH,200906,3,30.695037999999997,10.0,1.0,1.0,124.0,200904,1000
climatology,LA-CH,200907,1,45.004213,72.0,1.0,1.0,122.0,200907,1000
climatology,LA-CH,200908,2,44.17307600000001,38.0,1.0,1.0,110.0,200907,1000
climatology,LA-CH,200909,3,32.110839000000006,33.0,1.0,1.0,105.0,200907,1000
climatology,LA-CH,200910,1,23.227603000000002,35.0,1.0,1.0,59.0,200910,1000
climatology,LA-CH,200911,2,12.418226999999998,3.0,1.0,1.0,35.0,200910,1000
climatology,LA-CH,200912,3,14.757385999999997,7.0,1.0,1.0,32.0,200910,1000
climatology,LA-HO,200801,1,0.010000000000000009,0.0,1.0,1.0,0.0,200801,1000
climatology,LA-HO,200802,2,0.010000000000000009,0.0,1.0,1.0,0.0,200801,1000
climatology,LA-HO,200803,3,0.010000000000000009,0.0,1.0,1.0,0.0,200801,1000
climatology,LA-HO,200804,1,0.010000000000000009,0.0,1.0,1.0,0.0,200804,1000
climatology,LA-HO,200805,2,0.0,0.0,1.0,1.0,0.0,200804,1000
climatology,LA-HO,200806,3,0.05999999999999994,0.0,1.0,1.0,0.0,200804,1000
climatology,LA-HO,200807,1,0.19999999999999996,0.0,1.0,1.0,0.0,200807,1000
climatology,LA-HO,200808,2,0.0,0.0,1.0,1.0,0.0,200807,1000
climatology,LA-HO,200809,3,0.6900000000000002,1.0,1.0,0.0,1.0,200807,1000
climatology,LA-HO,200810,1,0.020000000000000018,0.0,1.0,1.0,0.0,200810,1000
climatology,LA-HO,200811,2,0.0,0.0,1.0,1.0,0.0,200810,1000
climatology,LA-HO,200812,3,0.65,1.0,1.0,0.0,1.0,200810,1000
climatology,LA-HO,200901,1,0.008280999999999997,0.0,1.0,1.0,0.0,200901,1000
climatology,LA-HO,200902,2,0.008280999999999997,0.0,1.0,1.0,0.0,200901,1000
climatology,LA-HO,200903,3,0.008280999999999997,0.0,1.0,1.0,0.0,200901,1000
climatology,LA-HO,200904,1,0.008280999999999997,0.0,1.0,1.0,0.0,200904,1000
climatology,LA-HO,200905,2,0.0,0.0,1.0,1.0,0.0,200904,1000
climatology,LA-HO,200906,3,0.04968600000000006,0.0,1.0,1.0,0.0,200904,1000
climatology,LA-HO,200907,1,0.16562,0.0,1.0,1.0,0.0,200907,1000
climatology,LA-HO,200908,2,0.0,0.0,1.0,1.0,0.0,200907,1000
climatology,LA-HO,200909,3,0.5699339999999999,1.0,1.0,1.0,1.0,200907,1000
climatology,LA-HO,200910,1,0.834562,1.0,0.0,0.0,1.0,200910,1000
climatology,LA-HO,200911,2,1.0,1.0,0.0,0.0,1.0,200910,1000
climatology,LA-HO,200912,3,0.53681,1.0,1.0,1.0,1.0,200910,1000
climatology,LA-KH,200801,1,1.1499999999999995,0.0,1.0,1.0,0.0,200801,1000
climatology,LA-KH,200802,2,0.1499999999999999,0.0,1.0,1.0,0.0,200801,1000
climatology,LA-KH,200803,3,0.040000000000000036,0.0,1.0,1.0,0.0,200801,1000
climatology,LA-KH,200804,1,0.10999999999999999,0.0,1.0,1.0,0.0,200804,1000
climatology,LA-KH,200805,2,1.38,0.5,1.0,1.0,0.0,200804,1000
climatology,LA-KH,200806,3,8.940000000000001,6.0,1.0,1.0,1.0,200804,1000
climatology,LA-KH,200807,1,35.06999999999999,31.0,1.0,1.0,3.0,200807,1000
climatology,LA-KH,200808,2,37.92,43.0,1.0,0.0,0.0,200807,1000
climatology,LA-KH,200809,3,14.089999999999996,7.5,1.0,1.0,4.0,200807,1000
climatology,LA-KH,200810,1,5.470000000000001,5.0,1.0,1.0,1.0,200810,1000
climatology,LA-KH,200811,2,1.4299999999999997,2.5,1.0,1.0,3.0,200810,1000
climatology,LA-KH,200812,3,3.6900000000000004,4.0,1.0,0.0,4.0,200810,1000
climatology,LA-KH,200901,1,0.9523149999999996,0.0,1.0,1.0,0.0,200901,1000
climatology,LA-KH,200902,2,0.12421499999999996,0.0,1.0,1.0,0.0,200901,1000
climatology,LA-KH,200903,3,5.305124,6.0,0.0,0.0,6.0,200901,1000
climatology,LA-KH,200904,1,0.09109100000000003,0.0,1.0,1.0,0.0,200904,1000
climatology,LA-KH,200905,2,4.0487779999999995,6.0,1.0,0.0,6.0,200904,1000
climatology,LA-KH,200906,3,46.36775900000001,74.0,1.0,0.0,80.0,200904,1000
climatology,LA-KH,200907,1,68.223464,127.0,1.0,1.0,155.0,200907,1000
climatology,LA-KH,200908,2,171.36027,263.0,0.0,0.0,303.0,200907,1000
climatology,LA-KH,200909,3,187.12138299999998,267.0,0.0,0.0,277.0,200907,1000
climatology,LA-KH,200910,1,57.593343000000004,80.0,0.0,0.0,85.0,200910,1000
climatology,LA-KH,200911,2,54.814001,60.0,0.0,0.0,61.0,200910,1000
climatology,LA-KH,200912,3,52.764233,67.0,0.0,0.0,67.0,200910,1000
climatology,LA-LM,200801,1,0.0,0.0,1.0,1.0,0.0,200801,1000
climatology,LA-LM,200802,2,0.0,0.0,1.0,1.0,0.0,200801,1000
climatology,LA-LM,200803,3,0.04999999999999999,0.0,1.0,1.0,0.0,200801,1000
climatology,LA-LM,200804,1,0.010000000000000009,0.0,1.0,1.0,0.0,200804,1000
climatology,LA-LM,200805,2,0.0,0.0,1.0,1.0,0.0,200804,1000
climatology,LA-LM,200806,3,0.0,0.0,1.0,1.0,0.0,200804,1000
climatology,LA-LM,200807,1,0.04999999999999999,0.0,1.0,1.0,0.0,200807,1000
climatology,LA-LM,200808,2,0.02999999999999997,0.0,1.0,1.0,0.0,200807,1000
climatology,LA-LM,200809,3,0.0,0.0,1.0,1.0,0.0,200807,1000
climatology,LA-LM,200810,1,0.09000000000000002,0.0,1.0,1.0,0.0,200810,1000
climatology,LA-LM,200811,2,0.020000000000000018,0.0,1.0,1.0,0.0,200810,1000
climatology,LA-LM,200812,3,0.0,0.0,1.0,1.0,0.0,200810,1000
climatology,LA-LM,200901,1,0.0,0.0,1.0,1.0,0.0,200901,1000
climatology,LA-LM,200902,2,0.0,0.0,1.0,1.0,0.0,200901,1000
climatology,LA-LM,200903,3,0.041405000000000025,0.0,1.0,1.0,0.0,200901,1000
climatology,LA-LM,200904,1,0.826281,1.0,0.0,0.0,1.0,200904,1000
climatology,LA-LM,200905,2,0.0,0.0,1.0,1.0,0.0,200904,1000
climatology,LA-LM,200906,3,2.0,2.0,0.0,0.0,2.0,200904,1000
climatology,LA-LM,200907,1,0.677405,1.0,1.0,0.0,1.0,200907,1000
climatology,LA-LM,200908,2,0.02484300000000003,0.0,1.0,1.0,0.0,200907,1000
climatology,LA-LM,200909,3,4.0,4.0,0.0,0.0,4.0,200907,1000
climatology,LA-LM,200910,1,4.164529,5.0,0.0,0.0,5.0,200910,1000
climatology,LA-LM,200911,2,5.652562,6.0,0.0,0.0,6.0,200910,1000
climatology,LA-LM,200912,3,4.0,4.0,0.0,0.0,4.0,200910,1000
climatology,LA-LP,200801,1,0.19999999999999996,0.0,1.0,1.0,0.0,200801,1000
climatology,LA-LP,200802,2,13.92,16.0,0.0,0.0,16.0,200801,1000
climatology,LA-LP,200803,3,20.810000000000002,22.0,0.0,0.0,22.0,200801,1000
climatology,LA-LP,200804,1,31.229999999999997,32.5,0.0,0.0,33.0,200804,1000
climatology,LA-LP,200805,2,107.3,113.0,0.0,0.0,116.0,200804,1000
climatology,LA-LP,200806,3,132.97,153.0,0.0,0.0,160.0,200804,1000
climatology,LA-LP,200807,1,10.659999999999998,13.5,1.0,0.0,16.0,200807,1000
climatology,LA-LP,200808,2,12.43,17.0,1.0,1.0,13.0,200807,1000
climatology,LA-LP,200809,3,10.5,12.5,1.0,1.0,14.0,200807,1000
climatology,LA-LP,200810,1,9.549999999999999,15.0,1.0,0.0,33.0,200810,1000
climatology,LA-LP,200811,2,103.0,107.0,0.0,0.0,116.0,200810,1000
climatology,LA-LP,200812,3,126.82,158.5,0.0,0.0,161.0,200810,1000
climatology,LA-LP,200901,1,0.16562000000000004,0.0,1.0,1.0,0.0,200901,1000
climatology,LA-LP,200902,2,0.5962320000000001,0.0,1.0,1.0,0.0,200901,1000
climatology,LA-LP,200903,3,0.4720169999999997,0.0,1.0,1.0,0.0,200901,1000
climatology,LA-LP,200904,1,0.8104469999999999,1.0,1.0,1.0,0.0,200904,1000
climatology,LA-LP,200905,2,3.589589,3.0,1.0,0.0,0.0,200904,1000
climatology,LA-LP,200906,3,5.813261999999998,0.0,1.0,1.0,9.0,200904,1000
climatology,LA-LP,200907,1,4.452995999999999,2.0,1.0,1.0,30.0,200907,1000
climatology,LA-LP,200908,2,8.377825999999999,2.0,1.0,1.0,32.0,200907,1000
climatology,LA-LP,200909,3,238.358321,292.0,0.0,0.0,313.0,200907,1000
climatology,LA-LP,200910,1,126.23871400000002,147.0,0.0,0.0,165.0,200910,1000
climatology,LA-LP,200911,2,61.383126999999995,78.0,0.0,0.0,87.0,200910,1000
climatology,LA-LP,200912,3,7.821726000000002,3.0,1.0,1.0,0.0,200910,1000
climatology,LA-OU,200801,1,0.0,0.0,1.0,1.0,0.0,200801,1000
climatology,LA-OU,200802,2,0.0,0.0,1.0,1.0,0.0,200801,1000
climatology,LA-OU,200803,3,0.0,0.0,1.0,1.0,0.0,200801,1000
climatology,LA-OU,200804,1,0.0,0.0,1.0,1.0,0.0,200804,1000
climatology,LA-OU,200805,2,0.010000000000000009,0.0,1.0,1.0,0.0,200804,1000
climatology,LA-OU,200806,3,0.010000000000000009,0.0,1.0,1.0,0.0,200804,1000
climatology,LA-OU,200807,1,0.04000000000000001,0.0,1.0,1.0,0.0,200807,1000
climatology,LA-OU,200808,2,0.12,0.0,1.0,1.0,0.0,200807,1000
climatology,LA-OU,200809,3,0.04000000000000001,0.0,1.0,1.0,0.0,200807,1000
climatology,LA-OU,200810,1,0.07999999999999996,0.0,1.0,1.0,0.0,200810,1000
climatology,LA-OU,200811,2,0.010000000000000009,0.0,1.0,1.0,0.0,200810,1000
climatology,LA-OU,200812,3,0.0,0.0,1.0,1.0,0.0,200810,1000
climatology,LA-OU,200901,1,0.0,0.0,1.0,1.0,0.0,200901,1000
climatology,LA-OU,200902,2,0.0,0.0,1.0,1.0,0.0,200901,1000
climatology,LA-OU,200903,3,0.0,0.0,1.0,1.0,0.0,200901,1000
climatology,LA-OU,200904,1,0.0,0.0,1.0,1.0,0.0,200904,1000
climatology,LA-OU,200905,2,0.008280999999999997,0.0,1.0,1.0,0.0,200904,1000
climatology,LA-OU,200906,3,0.008280999999999997,0.0,1.0,1.0,0.0,200904,1000
climatology,LA-OU,200907,1,0.03312399999999999,0.0,1.0,1.0,0.0,200907,1000
climatology,LA-OU,200908,2,0.7353719999999999,1.0,1.0,0.0,1.0,200907,1000
climatology,LA-OU,200909,3,14.669124,15.0,0.0,0.0,15.0,200907,1000
climatology,LA-OU,200910,1,4.974247999999999,6.0,0.0,0.0,6.0,200910,1000
climatology,LA-OU,200911,2,12.826281,13.0,0.0,0.0,13.0,200910,1000
climatology,LA-OU,200912,3,18.0,18.0,0.0,0.0,18.0,200910,1000
climatology,LA-PH,200901,1,0.0,0.0,1.0,1.0,0.0,200901,1000
climatology,LA-PH,200902,2,0.0,0.0,1.0,1.0,0.0,200901,1000
climatology,LA-PH,200903,3,0.0,0.0,1.0,1.0,0.0,200901,1000
climatology,LA-PH,200904,1,0.0,0.0,1.0,1.0,0.0,200904,1000
climatology,LA-PH,200905,2,0.0,0.0,1.0,1.0,0.0,200904,1000
climatology,LA-PH,200906,3,0.0,0.0,1.0,1.0,0.0,200904,1000
climatology,LA-PH,200907,1,0.0,0.0,1.0,1.0,0.0,200907,1000
climatology,LA-PH,200909,3,0.040000000000000036,0.0,1.0,1.0,0.0,200907,1000
climatology,LA-PH,200910,1,0.0,0.0,1.0,1.0,0.0,200910,1000
climatology,LA-PH,200911,2,0.0,0.0,1.0,1.0,0.0,200910,1000
climatology,LA-PH,200912,3,0.0,0.0,1.0,1.0,0.0,200910,1000
climatology,LA-SL,200801,1,0.10999999999999999,0.0,1.0,1.0,0.0,200801,1000
climatology,LA-SL,200802,2,1.0,1.0,0.0,0.0,1.0,200801,1000
climatology,LA-SL,200803,3,4.62,5.0,0.0,0.0,5.0,200801,1000
climatology,LA-SL,200804,1,2.0,2.0,0.0,0.0,2.0,200804,1000
climatology,LA-SL,200805,2,82.75,105.0,0.0,0.0,105.0,200804,1000
climatology,LA-SL,200806,3,206.97,226.0,0.0,0.0,226.0,200804,1000
climatology,LA-SL,200807,1,75.25,77.0,0.0,0.0,78.0,200807,1000
climatology,LA-SL,200808,2,52.45,62.0,0.0,0.0,63.0,200807,1000
climatology,LA-SL,200809,3,76.05,85.0,0.0,0.0,85.0,200807,1000
climatology,LA-SL,200810,1,89.54,91.0,0.0,0.0,91.0,200810,1000
climatology,LA-SL,200811,2,19.16,21.0,0.0,0.0,21.0,200810,1000
climatology,LA-SL,200812,3,5.69,8.0,0.0,0.0,8.0,200810,1000
climatology,LA-SL,200901,1,0.545091,1.0,1.0,1.0,1.0,200901,1000
climatology,LA-SL,200902,2,23.826280999999998,24.0,0.0,0.0,24.0,200901,1000
climatology,LA-SL,200903,3,23.817090999999998,25.0,0.0,0.0,25.0,200901,1000
climatology,LA-SL,200904,1,18.652562,19.0,0.0,0.0,19.0,200904,1000
climatology,LA-SL,200905,2,83.899938,122.0,0.0,0.0,122.0,200904,1000
climatology,LA-SL,200906,3,30.133145000000003,42.0,1.0,0.0,42.0,200904,1000
climatology,LA-SL,200907,1,148.17646399999998,163.0,0.0,0.0,164.0,200907,1000
climatology,LA-SL,200908,2,107.331804,125.0,0.0,0.0,127.0,200907,1000
climatology,LA-SL,200909,3,68.83130799999999,91.0,0.0,0.0,91.0,200907,1000
climatology,LA-SL,200910,1,76.984001,94.0,0.0,0.0,94.0,200910,1000
climatology,LA-SL,200911,2,38.830017000000005,44.0,0.0,0.0,44.0,200910,1000
climatology,LA-SL,200912,3,13.699703,17.0,0.0,0.0,17.0,200910,1000
climatology,LA-SV,200801,1,1.7800000000000002,0.5,1.0,1.0,1.0,200801,1000
climatology,LA-SV,200802,2,0.6200000000000001,0.5,1.0,1.0,1.0,200801,1000
climatology,LA-SV,200803,3,1.42,1.0,1.0,1.0,1.0,200801,1000
climatology,LA-SV,200804,1,6.08,7.0,0.0,0.0,0.0,200804,1000
climatology,LA-SV,200805,2,27.53,36.0,0.0,0.0,1.0,200804,1000
climatology,LA-SV,200806,3,67.57,70.5,1.0,0.0,10.0,200804,1000
climatology,LA-SV,200807,1,150.21999999999997,218.0,1.0,0.0,11.0,200807,1000
climatology,LA-SV,200808,2,140.25,205.0,1.0,0.0,4.0,200807,1000
climatology,LA-SV,200809,3,115.49,178.0,0.0,0.0,2.0,200807,1000
climatology,LA-SV,200810,1,53.19,81.0,1.0,0.0,10.0,200810,1000
climatology,LA-SV,200811,2,12.810000000000002,14.0,1.0,1.0,2.0,200810,1000
climatology,LA-SV,200812,3,8.030000000000001,4.5,1.0,1.0,0.0,200810,1000
climatology,LA-SV,200901,1,1.7460180000000003,1.0,1.0,1.0,0.0,200901,1000
climatology,LA-SV,200902,2,0.6034219999999999,1.0,1.0,1.0,0.0,200901,1000
climatology,LA-SV,200903,3,1.0848110000000002,0.0,1.0,1.0,0.0,200901,1000
climatology,LA-SV,200904,1,5.027028,6.0,1.0,0.0,0.0,200904,1000
climatology,LA-SV,200905,2,23.760858999999996,31.0,0.0,0.0,0.0,200904,1000
climatology,LA-SV,200906,3,63.428528,72.0,0.0,0.0,1.0,200904,1000
climatology,LA-SV,200907,1,123.24315000000001,212.0,1.0,1.0,13.0,200907,1000
climatology,LA-SV,200908,2,102.30625,137.0,1.0,1.0,34.0,200907,1000
climatology,LA-SV,200909,3,77.799763,132.0,1.0,1.0,48.0,200907,1000
climatology,LA-SV,200910,1,41.95170999999999,73.0,1.0,1.0,16.0,200910,1000
climatology,LA-SV,200911,2,12.497231,19.0,1.0,1.0,33.0,200910,1000
climatology,LA-SV,200912,3,6.103097000000002,0.0,1.0,1.0,4.0,200910,1000
climatology,LA-VT,200801,1,10.870000000000001,11.0,1.0,1.0,29.0,200801,1000
climatology,LA-VT,200802,2,9.379999999999999,14.5,0.0,0.0,12.0,200801,1000
climatology,LA-VT,200803,3,4.52,2.5,1.0,1.0,26.0,200801,1000
climatology,LA-VT,200804,1,36.69,50.0,0.0,0.0,4.0,200804,1000
climatology,LA-VT,200805,2,62.269999999999996,92.0,0.0,0.0,17.0,200804,1000
climatology,LA-VT,200806,3,83.00999999999999,93.0,0.0,0.0,60.0,200804,1000
climatology,LA-VT,200807,1,191.24999999999997,247.0,0.0,0.0,132.0,200807,1000
climatology,LA-VT,200808,2,165.85999999999999,220.0,0.0,0.0,144.0,200807,1000
climatology,LA-VT,200809,3,113.29999999999998,176.5,1.0,0.0,158.0,200807,1000
climatology,LA-VT,200810,1,129.48000000000002,243.5,0.0,0.0,95.0,200810,1000
climatology,LA-VT,200811,2,36.84,40.5,1.0,1.0,129.0,200810,1000
climatology,LA-VT,200812,3,17.979999999999997,8.0,1.0,1.0,91.0,200810,1000
climatology,LA-VT,200901,1,7.815081999999997,2.0,1.0,1.0,38.0,200901,1000
climatology,LA-VT,200902,2,3.934482,6.0,1.0,1.0,20.0,200901,1000
climatology,LA-VT,200903,3,7.282829999999999,9.0,1.0,0.0,19.0,200901,1000
climatology,LA-VT,200904,1,9.680054000000002,20.0,1.0,1.0,33.0,200904,1000
climatology,LA-VT,200905,2,27.720475,55.0,1.0,1.0,54.0,200904,1000
climatology,LA-VT,200906,3,38.075081999999995,45.0,1.0,0.0,104.0,200904,1000
climatology,LA-VT,200907,1,86.36204900000001,46.0,1.0,1.0,302.0,200907,1000
climatology,LA-VT,200908,2,101.89189400000001,104.0,1.0,1.0,356.0,200907,1000
climatology,LA-VT,200909,3,112.384425,153.0,1.0,1.0,470.0,200907,1000
climatology,LA-VT,200910,1,145.485435,277.0,0.0,0.0,527.0,200910,1000
climatology,LA-VT,200911,2,297.66520299999996,381.0,0.0,0.0,521.0,200910,1000
climatology,LA-VT,200912,3,224.551238,275.0,0.0,0.0,366.0,200910,1000
climatology,LA-XA,200801,1,0.17000000000000004,0.0,1.0,1.0,0.0,200801,1000
climatology,LA-XA,200802,2,0.9500000000000002,0.0,1.0,1.0,0.0,200801,1000
climatology,LA-XA,200803,3,0.7399999999999998,0.5,1.0,1.0,0.0,200801,1000
climatology,LA-XA,200804,1,3.460000000000001,2.5,0.0,0.0,0.0,200804,1000
climatology,LA-XA,200805,2,5.659999999999997,0.5,1.0,1.0,2.0,200804,1000
climatology,LA-XA,200806,3,14.030000000000001,1.5,1.0,1.0,6.0,200804,1000
climatology,LA-XA,200807,1,24.69,49.0,1.0,1.0,19.0,200807,1000
climatology,LA-XA,200808,2,9.729999999999997,8.0,1.0,1.0,7.0,200807,1000
climatology,LA-XA,200809,3,4.75,2.0,1.0,0.0,1.0,200807,1000
climatology,LA-XA,200810,1,1.5699999999999994,1.0,1.0,1.0,3.0,200810,1000
climatology,LA-XA,200811,2,1.83,1.5,1.0,0.0,2.0,200810,1000
climatology,LA-XA,200812,3,1.9600000000000009,1.0,1.0,1.0,1.0,200810,1000
climatology,LA-XA,200901,1,0.14077699999999993,0.0,1.0,1.0,0.0,200901,1000
climatology,LA-XA,200902,2,0.7866949999999999,0.0,1.0,1.0,0.0,200901,1000
climatology,LA-XA,200903,3,0.6127940000000001,0.0,1.0,1.0,0.0,200901,1000
climatology,LA-XA,200904,1,2.8624980000000004,2.0,1.0,0.0,0.0,200904,1000
climatology,LA-XA,200905,2,4.777046000000006,1.0,1.0,1.0,1.0,200904,1000
climatology,LA-XA,200906,3,13.430243,8.0,1.0,1.0,14.0,200904,1000
climatology,LA-XA,200907,1,22.570512,55.0,1.0,1.0,11.0,200907,1000
climatology,LA-XA,200908,2,13.305413000000001,30.0,1.0,1.0,37.0,200907,1000
climatology,LA-XA,200909,3,6.654747,8.0,1.0,1.0,11.0,200907,1000
climatology,LA-XA,200910,1,2.0250260000000004,3.0,1.0,1.0,5.0,200910,1000
climatology,LA-XA,200911,2,3.4219680000000006,4.0,1.0,0.0,5.0,200910,1000
climatology,LA-XA,200912,3,1.5319850000000006,0.0,1.0,1.0,0.0,200910,1000
climatology,LA-XE,200801,1,0.09,0.0,1.0,1.0,0.0,200801,1000
climatology,LA-XE,200802,2,0.12,0.0,1.0,1.0,0.0,200801,1000
climatology,LA-XE,200803,3,0.0,0.0,1.0,1.0,0.0,200801,1000
climatology,LA-XE,200804,1,0.024641999999999997,0.0,1.0,1.0,0.0,200804,1000
climatology,LA-XE,200805,2,0.08000000000000002,0.0,1.0,1.0,0.0,200804,1000
climatology,LA-XE,200806,3,3.15,4.5,0.0,0.0,5.0,200804,1000
climatology,LA-XE,200807,1,0.40000000000000013,0.0,1.0,1.0,0.0,200807,1000
climatology,LA-XE,200808,2,0.18999999999999995,0.0,1.0,1.0,0.0,200807,1000
climatology,LA-XE,200809,3,0.6699999999999999,1.0,1.0,1.0,1.0,200807,1000
climatology,LA-XE,200810,1,0.5599999999999998,0.5,1.0,1.0,0.0,200810,1000
climatology,LA-XE,200811,2,0.024641999999999997,0.0,1.0,1.0,0.0,200810,1000
climatology,LA-XE,200812,3,0.790321,1.0,1.0,0.0,1.0,200810,1000
climatology,LA-XE,200901,1,0.07452900000000001,0.0,1.0,1.0,0.0,200901,1000
climatology,LA-XE,200902,2,1.371372,2.0,1.0,0.0,2.0,200901,1000
climatology,LA-XE,200903,3,2.0,2.0,0.0,0.0,2.0,200901,1000
climatology,LA-XE,200904,1,0.8200000000000001,1.0,0.0,0.0,1.0,200904,1000
climatology,LA-XE,200905,2,1.3382479999999999,2.0,1.0,0.0,2.0,200904,1000
climatology,LA-XE,200906,3,6.6023309999999995,8.0,0.0,0.0,9.0,200904,1000
climatology,LA-XE,200907,1,26.419240000000002,29.0,0.0,0.0,29.0,200907,1000
climatology,LA-XE,200908,2,25.883339,27.0,0.0,0.0,27.0,200907,1000
climatology,LA-XE,200909,3,4.097554,6.0,0.0,0.0,6.0,200907,1000
climatology,LA-XE,200910,1,4.551736,7.0,0.0,0.0,7.0,200910,1000
climatology,LA-XE,200911,2,2.6199999999999997,3.0,0.0,0.0,3.0,200910,1000
climatology,LA-XE,200912,3,6.64,7.0,0.0,0.0,7.0,200910,1000
climatology,LA-XI,200801,1,0.0,0.0,1.0,1.0,0.0,200801,1000
climatology,LA-XI,200802,2,0.0,0.0,1.0,1.0,0.0,200801,1000
climatology,LA-XI,200803,3,0.0,0.0,1.0,1.0,0.0,200801,1000
climatology,LA-XI,200804,1,0.0,0.0,1.0,1.0,0.0,200804,1000
climatology,LA-XI,200805,2,0.0,0.0,1.0,1.0,0.0,200804,1000
climatology,LA-XI,200806,3,1.0,1.0,0.0,0.0,1.0,200804,1000
climatology,LA-XI,200807,1,0.0,0.0,1.0,1.0,0.0,200807,1000
climatology,LA-XI,200808,2,0.020000000000000018,0.0,1.0,1.0,0.0,200807,1000
climatology,LA-XI,200809,3,0.010000000000000009,0.0,1.0,1.0,0.0,200807,1000
climatology,LA-XI,200810,1,0.0,0.0,1.0,1.0,0.0,200810,1000
climatology,LA-XI,200811,2,0.010000000000000009,0.0,1.0,1.0,0.0,200810,1000
climatology,LA-XI,200812,3,0.0,0.0,1.0,1.0,0.0,200810,1000
climatology,LA-XI,200901,1,0.0,0.0,1.0,1.0,0.0,200901,1000
climatology,LA-XI,200902,2,0.0,0.0,1.0,1.0,0.0,200901,1000
climatology,LA-XI,200903,3,0.0,0.0,1.0,1.0,0.0,200901,1000
climatology,LA-XI,200904,1,0.0,0.0,1.0,1.0,0.0,200904,1000
climatology,LA-XI,200905,2,39.0,39.0,0.0,0.0,39.0,200904,1000
climatology,LA-XI,200906,3,32.826281,33.0,0.0,0.0,33.0,200904,1000
climatology,LA-XI,200907,1,1.0,1.0,0.0,0.0,1.0,200907,1000
climatology,LA-XI,200908,2,9.652562,10.0,0.0,0.0,10.0,200907,1000
climatology,LA-XI,200909,3,0.008280999999999997,0.0,1.0,1.0,0.0,200907,1000
climatology,LA-XI,200910,1,0.0,0.0,1.0,1.0,0.0,200910,1000
climatology,LA-XI,200911,2,0.008280999999999997,0.0,1.0,1.0,0.0,200910,1000
climatology,LA-XI,200912,3,0.0,0.0,1.0,1.0,0.0,200910,1000
ensemble,LA-AT,200801,1,3.632036,4.0,0.0,0.0,4.0,200801,1000
ensemble,LA-AT,200802,2,1.728047,2.0,0.0,0.0,2.0,200801,1000
ensemble,LA-AT,200803,3,0.016381000000000034,0.0,1.0,1.0,0.0,200801,1000
ensemble,LA-AT,200804,1,0.018508999999999998,0.0,1.0,1.0,0.0,200804,1000
ensemble,LA-AT,200805,2,3.146657,4.0,0.0,0.0,4.0,200804,1000
ensemble,LA-AT,200806,3,8.003693,10.0,0.0,0.0,10.0,200804,1000
ensemble,LA-AT,200807,1,3.761572,6.0,1.0,0.0,6.0,200807,1000
ensemble,LA-AT,200808,2,7.039131,11.0,1.0,0.0,11.0,200807,1000
ensemble,LA-AT,200809,3,19.25094,24.0,0.0,0.0,24.0,200807,1000
ensemble,LA-AT,200810,1,42.526132000000004,47.0,0.0,0.0,47.0,200810,1000
ensemble,LA-AT,200811,2,40.248661,43.0,0.0,0.0,43.0,200810,1000
ensemble,LA-AT,200812,3,21.001407,23.0,0.0,0.0,23.0,200810,1000
ensemble,LA-AT,200901,1,16.45021,18.0,0.0,0.0,18.0,200901,1000
ensemble,LA-AT,200902,2,44.267625,46.0,0.0,0.0,46.0,200901,1000
ensemble,LA-AT,200903,3,75.006132,77.0,0.0,0.0,77.0,200901,1000
ensemble,LA-AT,200904,1,94.191736,99.0,0.0,0.0,99.0,200904,1000
ensemble,LA-AT,200905,2,0.16172599999999981,0.0,1.0,1.0,0.0,200904,1000
ensemble,LA-AT,200906,3,19.849212,24.0,0.0,0.0,24.0,200904,1000
ensemble,LA-AT,200907,1,56.792271,64.0,0.0,0.0,64.0,200907,1000
ensemble,LA-AT,200908,2,14.748947,21.0,0.0,0.0,21.0,200907,1000
ensemble,LA-AT,200909,3,12.046733999999999,17.0,0.0,0.0,17.0,200907,1000
ensemble,LA-AT,200910,1,2.6275150000000003,4.0,1.0,0.0,4.0,200910,1000
ensemble,LA-AT,200911,2,13.078212,16.0,0.0,0.0,16.0,200910,1000
ensemble,LA-AT,200912,3,4.861322,6.0,0.0,0.0,6.0,200910,1000
ensemble,LA-BK,200801,1,0.7681330000000001,1.0,1.0,0.0,1.0,200801,1000
ensemble,LA-BK,200802,2,0.017513999999999974,0.0,1.0,1.0,0.0,200801,1000
ensemble,LA-BK,200803,3,0.01646800000000001,0.0,1.0,1.0,0.0,200801,1000
ensemble,LA-BK,200804,1,0.03579399999999999,0.0,1.0,1.0,0.0,200804,1000
ensemble,LA-BK,200805,2,10.870512,12.0,0.0,0.0,12.0,200804,1000
ensemble,LA-BK,200806,3,51.336856,53.0,0.0,0.0,53.0,200804,1000
ensemble,LA-BK,200807,1,0.9989330000000001,2.0,1.0,1.0,2.0,200807,1000
ensemble,LA-BK,200808,2,5.689978,9.0,0.0,0.0,9.0,200807,1000
ensemble,LA-BK,200809,3,27.765265000000003,33.0,0.0,0.0,33.0,200807,1000
ensemble,LA-BK,200810,1,43.832544999999996,48.0,0.0,0.0,48.0,200810,1000
ensemble,LA-BK,200811,2,52.208978,55.0,0.0,0.0,55.0,200810,1000
ensemble,LA-BK,200812,3,4.088557,5.0,0.0,0.0,5.0,200810,1000
ensemble,LA-BK,200901,1,0.748966,1.0,1.0,0.0,1.0,200901,1000
ensemble,LA-BK,200902,2,0.034645999999999955,0.0,1.0,1.0,0.0,200901,1000
ensemble,LA-BK,200903,3,0.7261979999999999,1.0,1.0,0.0,1.0,200901,1000
ensemble,LA-BK,200904,1,2.479922,3.0,0.0,0.0,3.0,200904,1000
ensemble,LA-BK,200905,2,72.775075,74.0,0.0,0.0,74.0,200904,1000
ensemble,LA-BK,200906,3,212.838992,216.0,0.0,0.0,216.0,200904,1000
ensemble,LA-BK,200907,1,197.85237,212.0,0.0,0.0,212.0,200907,1000
ensemble,LA-BK,200908,2,100.148187,110.0,0.0,0.0,110.0,200907,1000
ensemble,LA-BK,200909,3,44.993109999999994,52.0,0.0,0.0,52.0,200907,1000
ensemble,LA-BK,200910,1,26.483599,31.0,0.0,0.0,31.0,200910,1000
ensemble,LA-BK,200911,2,3.784898,5.0,0.0,0.0,5.0,200910,1000
ensemble,LA-BK,200912,3,3.1933229999999995,4.0,0.0,0.0,4.0,200910,1000
ensemble,LA-BL,200801,1,4.281254000000001,8.0,1.0,0.0,10.0,200801,1000
ensemble,LA-BL,200802,2,2.850859,5.0,1.0,0.0,7.0,200801,1000
ensemble,LA-BL,200803,3,1.3338789999999996,1.0,1.0,1.0,1.0,200801,1000
ensemble,LA-BL,200804,1,2.0436569999999996,1.0,1.0,1.0,3.0,200804,1000
ensemble,LA-BL,200805,2,4.442153999999999,5.0,1.0,1.0,15.0,200804,1000
ensemble,LA-BL,200806,3,9.437666,6.0,1.0,1.0,19.0,200804,1000
ensemble,LA-BL,200807,1,13.315465000000003,4.0,1.0,1.0,31.0,200807,1000
ensemble,LA-BL,200808,2,15.60396,10.0,1.0,1.0,32.0,200807,1000
ensemble,LA-BL,200809,3,12.163075999999997,4.0,1.0,1.0,30.0,200807,1000
ensemble,LA-BL,200810,1,11.557381000000003,17.0,1.0,0.0,5.0,200810,1000
ensemble,LA-BL,200811,2,4.672099000000001,1.0,1.0,1.0,12.0,200810,1000
ensemble,LA-BL,200812,3,3.372415,5.0,1.0,1.0,1.0,200810,1000
ensemble,LA-BL,200901,1,1.3107030000000002,1.0,1.0,1.0,2.0,200901,1000
ensemble,LA-BL,200902,2,1.1275279999999999,1.0,1.0,1.0,3.0,200901,1000
ensemble,LA-BL,200903,3,1.5942309999999997,2.0,1.0,1.0,0.0,200901,1000
ensemble,LA-BL,200904,1,2.20542,2.0,1.0,1.0,2.0,200904,1000
ensemble,LA-BL,200905,2,7.372807,11.0,1.0,0.0,0.0,200904,1000
ensemble,LA-BL,200906,3,12.483566,17.0,1.0,1.0,7.0,200904,1000
ensemble,LA-BL,200907,1,13.260804999999998,0.0,1.0,1.0,35.0,200907,1000
ensemble,LA-BL,200908,2,21.704007000000004,30.0,1.0,0.0,9.0,200907,1000
ensemble,LA-BL,200909,3,24.699533000000002,34.0,0.0,0.0,0.0,200907,1000
ensemble,LA-BL,200910,1,12.725447999999997,18.0,1.0,0.0,1.0,200910,1000
ensemble,LA-BL,200911,2,6.636092000000001,9.0,1.0,0.0,2.0,200910,1000
ensemble,LA-BL,200912,3,2.9577220000000004,4.0,1.0,1.0,1.0,200910,1000
ensemble,LA-CH,200801,1,47.860637,69.0,0.0,0.0,73.0,200801,1000
ensemble,LA-CH,200802,2,67.232978,87.0,0.0,0.0,90.0,200801,1000
ensemble,LA-CH,200803,3,65.75419,89.0,0.0,0.0,92.0,200801,1000
ensemble,LA-CH,200804,1,38.833794,63.0,1.0,0.0,69.0,200804,1000
ensemble,LA-CH,200805,2,56.95609899999998,98.0,1.0,0.0,113.0,200804,1000
ensemble,LA-CH,200806,3,155.79715900000002,256.0,1.0,0.0,295.0,200804,1000
ensemble,LA-CH,200807,1,70.59448600000002,105.0,1.0,1.0,162.0,200807,1000
ensemble,LA-CH,200808,2,61.00162900000004,71.5,1.0,1.0,143.0,200807,1000
ensemble,LA-CH,200809,3,80.37026200000003,136.0,1.0,1.0,185.0,200807,1000
ensemble,LA-CH,200810,1,61.374211,107.0,1.0,0.0,140.0,200810,1000
ensemble,LA-CH,200811,2,48.736850000000004,86.0,1.0,0.0,102.0,200810,1000
ensemble,LA-CH,200812,3,38.973452,65.0,1.0,0.0,73.0,200810,1000
ensemble,LA-CH,200901,1,16.245054999999997,27.0,1.0,0.0,31.0,200901,1000
ensemble,LA-CH,200902,2,30.707690999999997,45.0,0.0,0.0,48.0,200901,1000
ensemble,LA-CH,200903,3,38.47377300000001,57.0,1.0,0.0,60.0,200901,1000
ensemble,LA-CH,200904,1,65.065119,96.0,0.0,0.0,102.0,200904,1000
ensemble,LA-CH,200905,2,29.476934000000014,51.0,1.0,1.0,66.0,200904,1000
ensemble,LA-CH,200906,3,53.480031999999994,85.0,1.0,1.0,124.0,200904,1000
ensemble,LA-CH,200907,1,58.85622000000001,66.0,1.0,1.0,122.0,200907,1000
ensemble,LA-CH,200908,2,53.37028699999996,42.0,1.0,1.0,110.0,200907,1000
ensemble,LA-CH,200909,3,49.26114999999999,57.5,1.0,1.0,105.0,200907,1000
ensemble,LA-CH,200910,1,27.767829000000006,29.0,1.0,1.0,59.0,200910,1000
ensemble,LA-CH,200911,2,15.475625000000008,20.0,1.0,1.0,35.0,200910,1000
ensemble,LA-CH,200912,3,14.683480000000003,24.5,1.0,1.0,32.0,200910,1000
ensemble,LA-HO,200801,1,0.015302000000000038,0.0,1.0,1.0,0.0,200801,1000
ensemble,LA-HO,200802,2,0.010267000000000026,0.0,1.0,1.0,0.0,200801,1000
ensemble,LA-HO,200803,3,0.009939000000000031,0.0,1.0,1.0,0.0,200801,1000
ensemble,LA-HO,200804,1,0.013530999999999987,0.0,1.0,1.0,0.0,200804,1000
ensemble,LA-HO,200805,2,0.02016100000000004,0.0,1.0,1.0,0.0,200804,1000
ensemble,LA-HO,200806,3,0.07498800000000005,0.0,1.0,1.0,0.0,200804,1000
ensemble,LA-HO,200807,1,0.15433600000000003,0.0,1.0,1.0,0.0,200807,1000
ensemble,LA-HO,200808,2,0.17327399999999993,0.0,1.0,1.0,0.0,200807,1000
ensemble,LA-HO,200809,3,0.6420739999999999,1.0,1.0,0.0,1.0,200807,1000
ensemble,LA-HO,200810,1,0.07154499999999997,0.0,1.0,1.0,0.0,200810,1000
ensemble,LA-HO,200811,2,0.025859999999999994,0.0,1.0,1.0,0.0,200810,1000
ensemble,LA-HO,200812,3,0.8129489999999999,1.0,1.0,0.0,1.0,200810,1000
ensemble,LA-HO,200901,1,0.013321000000000027,0.0,1.0,1.0,0.0,200901,1000
ensemble,LA-HO,200902,2,0.012624000000000024,0.0,1.0,1.0,0.0,200901,1000
ensemble,LA-HO,200903,3,0.01208999999999999,0.0,1.0,1.0,0.0,200901,1000
ensemble,LA-HO,200904,1,0.019662999999999986,0.0,1.0,1.0,0.0,200904,1000
ensemble,LA-HO,200905,2,0.022285,0.0,1.0,1.0,0.0,200904,1000
ensemble,LA-HO,200906,3,0.07135100000000005,0.0,1.0,1.0,0.0,200904,1000
ensemble,LA-HO,200907,1,0.14988000000000012,0.0,1.0,1.0,0.0,200907,1000
ensemble,LA-HO,200908,2,0.16036899999999998,0.0,1.0,1.0,0.0,200907,1000
ensemble,LA-HO,200909,3,0.646343,1.0,1.0,0.0,1.0,200907,1000
ensemble,LA-HO,200910,1,0.6412869999999999,1.0,1.0,0.0,1.0,200910,1000
ensemble,LA-HO,200911,2,0.7567439999999999,1.0,1.0,0.0,1.0,200910,1000
ensemble,LA-HO,200912,3,0.827544,1.0,0.0,0.0,1.0,200910,1000
ensemble,LA-KH,200801,1,0.4223570000000003,0.0,1.0,1.0,0.0,200801,1000
ensemble,LA-KH,200802,2,0.2680769999999999,0.0,1.0,1.0,0.0,200801,1000
ensemble,LA-KH,200803,3,0.3116650000000001,0.0,1.0,1.0,0.0,200801,1000
ensemble,LA-KH,200804,1,0.7029259999999997,0.0,1.0,1.0,0.0,200804,1000
ensemble,LA-KH,200805,2,2.096596,0.0,1.0,1.0,0.0,200804,1000
ensemble,LA-KH,200806,3,6.051427000000004,3.0,1.0,1.0,1.0,200804,1000
ensemble,LA-KH,200807,1,11.037626000000003,6.0,1.0,1.0,3.0,200807,1000
ensemble,LA-KH,200808,2,11.636212,9.0,1.0,1.0,0.0,200807,1000
ensemble,LA-KH,200809,3,8.028400999999995,4.0,1.0,1.0,4.0,200807,1000
ensemble,LA-KH,200810,1,4.955051000000001,2.0,1.0,1.0,1.0,200810,1000
ensemble,LA-KH,200811,2,2.4568689999999993,2.0,1.0,1.0,3.0,200810,1000
ensemble,LA-KH,200812,3,2.230169,4.0,1.0,1.0,4.0,200810,1000
ensemble,LA-KH,200901,1,0.46860999999999997,0.0,1.0,1.0,0.0,200901,1000
ensemble,LA-KH,200902,2,0.316948,0.0,1.0,1.0,0.0,200901,1000
ensemble,LA-KH,200903,3,3.8537780000000006,6.0,1.0,0.0,6.0,200901,1000
ensemble,LA-KH,200904,1,0.7930029999999997,0.0,1.0,1.0,0.0,200904,1000
ensemble,LA-KH,200905,2,3.196562,5.0,1.0,1.0,6.0,200904,1000
ensemble,LA-KH,200906,3,48.130399,76.0,1.0,0.0,80.0,200904,1000
ensemble,LA-KH,200907,1,96.51603600000001,146.0,0.0,0.0,155.0,200907,1000
ensemble,LA-KH,200908,2,221.854871,292.0,0.0,0.0,303.0,200907,1000
ensemble,LA-KH,200909,3,214.384151,267.5,0.0,0.0,277.0,200907,1000
ensemble,LA-KH,200910,1,51.890316000000006,81.0,1.0,0.0,85.0,200910,1000
ensemble,LA-KH,200911,2,41.93208,60.0,0.0,0.0,61.0,200910,1000
ensemble,LA-KH,200912,3,53.79546200000001,67.0,0.0,0.0,67.0,200910,1000
ensemble,LA-LM,200801,1,0.006444000000000005,0.0,1.0,1.0,0.0,200801,1000
ensemble,LA-LM,200802,2,0.009216999999999975,0.0,1.0,1.0,0.0,200801,1000
ensemble,LA-LM,200803,3,0.010722999999999983,0.0,1.0,1.0,0.0,200801,1000
ensemble,LA-LM,200804,1,0.014290999999999998,0.0,1.0,1.0,0.0,200804,1000
ensemble,LA-LM,200805,2,0.021660999999999986,0.0,1.0,1.0,0.0,200804,1000
ensemble,LA-LM,200806,3,0.029113,0.0,1.0,1.0,0.0,200804,1000
ensemble,LA-LM,200807,1,0.102406,0.0,1.0,1.0,0.0,200807,1000
ensemble,LA-LM,200808,2,0.14353800000000017,0.0,1.0,1.0,0.0,200807,1000
ensemble,LA-LM,200809,3,0.130185,0.0,1.0,1.0,0.0,200807,1000
ensemble,LA-LM,200810,1,0.052257,0.0,1.0,1.0,0.0,200810,1000
ensemble,LA-LM,200811,2,0.015717999999999954,0.0,1.0,1.0,0.0,200810,1000
ensemble,LA-LM,200812,3,0.011708000000000052,0.0,1.0,1.0,0.0,200810,1000
ensemble,LA-LM,200901,1,0.005917000000000006,0.0,1.0,1.0,0.0,200901,1000
ensemble,LA-LM,200902,2,0.005959999999999993,0.0,1.0,1.0,0.0,200901,1000
ensemble,LA-LM,200903,3,0.006646999999999986,0.0,1.0,1.0,0.0,200901,1000
ensemble,LA-LM,200904,1,0.8440660000000001,1.0,0.0,0.0,1.0,200904,1000
ensemble,LA-LM,200905,2,0.017498000000000014,0.0,1.0,1.0,0.0,200904,1000
ensemble,LA-LM,200906,3,1.598707,2.0,0.0,0.0,2.0,200904,1000
ensemble,LA-LM,200907,1,0.68879,1.0,1.0,0.0,1.0,200907,1000
ensemble,LA-LM,200908,2,0.122112,0.0,1.0,1.0,0.0,200907,1000
ensemble,LA-LM,200909,3,3.069866,4.0,0.0,0.0,4.0,200907,1000
ensemble,LA-LM,200910,1,3.971794,5.0,0.0,0.0,5.0,200910,1000
ensemble,LA-LM,200911,2,5.355797999999999,6.0,0.0,0.0,6.0,200910,1000
ensemble,LA-LM,200912,3,3.459209,4.0,0.0,0.0,4.0,200910,1000
ensemble,LA-LP,200801,1,0.663573,1.0,1.0,1.0,0.0,200801,1000
ensemble,LA-LP,200802,2,12.501101,16.0,0.0,0.0,16.0,200801,1000
ensemble,LA-LP,200803,3,17.184752,21.0,0.0,0.0,22.0,200801,1000
ensemble,LA-LP,200804,1,25.194259,32.0,0.0,0.0,33.0,200804,1000
ensemble,LA-LP,200805,2,97.983464,112.0,0.0,0.0,116.0,200804,1000
ensemble,LA-LP,200806,3,119.859483,149.5,0.0,0.0,160.0,200804,1000
ensemble,LA-LP,200807,1,8.942897999999996,2.0,1.0,1.0,16.0,200807,1000
ensemble,LA-LP,200808,2,11.038839,7.0,1.0,1.0,13.0,200807,1000
ensemble,LA-LP,200809,3,7.435380000000002,1.0,1.0,1.0,14.0,200807,1000
ensemble,LA-LP,200810,1,13.542409,23.0,1.0,0.0,33.0,200810,1000
ensemble,LA-LP,200811,2,93.20093299999999,111.0,0.0,0.0,116.0,200810,1000
ensemble,LA-LP,200812,3,149.53005399999998,159.0,0.0,0.0,161.0,200810,1000
ensemble,LA-LP,200901,1,0.8959190000000001,1.0,1.0,1.0,0.0,200901,1000
ensemble,LA-LP,200902,2,0.6846319999999997,0.0,1.0,1.0,0.0,200901,1000
ensemble,LA-LP,200903,3,0.9529449999999997,1.0,1.0,1.0,0.0,200901,1000
ensemble,LA-LP,200904,1,1.142718,1.0,1.0,1.0,0.0,200904,1000
ensemble,LA-LP,200905,2,3.224247,4.0,1.0,1.0,0.0,200904,1000
ensemble,LA-LP,200906,3,4.8142299999999985,1.0,1.0,1.0,9.0,200904,1000
ensemble,LA-LP,200907,1,10.189959000000002,13.0,1.0,1.0,30.0,200907,1000
ensemble,LA-LP,200908,2,11.192622,13.0,1.0,1.0,32.0,200907,1000
ensemble,LA-LP,200909,3,251.402203,298.0,0.0,0.0,313.0,200907,1000
ensemble,LA-LP,200910,1,121.83631,155.0,0.0,0.0,165.0,200910,1000
ensemble,LA-LP,200911,2,62.874357,82.0,0.0,0.0,87.0,200910,1000
ensemble,LA-LP,200912,3,2.072113999999999,2.0,1.0,1.0,0.0,200910,1000
ensemble,LA-OU,200801,1,0.007325000000000026,0.0,1.0,1.0,0.0,200801,1000
ensemble,LA-OU,200802,2,0.012239999999999973,0.0,1.0,1.0,0.0,200801,1000
ensemble,LA-OU,200803,3,0.013066999999999995,0.0,1.0,1.0,0.0,200801,1000
ensemble,LA-OU,200804,1,0.017531999999999992,0.0,1.0,1.0,0.0,200804,1000
ensemble,LA-OU,200805,2,0.02388600000000002,0.0,1.0,1.0,0.0,200804,1000
ensemble,LA-OU,200806,3,0.06196299999999999,0.0,1.0,1.0,0.0,200804,1000
ensemble,LA-OU,200807,1,0.11141899999999993,0.0,1.0,1.0,0.0,200807,1000
ensemble,LA-OU,200808,2,0.179272,0.0,1.0,1.0,0.0,200807,1000
ensemble,LA-OU,200809,3,0.08637300000000003,0.0,1.0,1.0,0.0,200807,1000
ensemble,LA-OU,200810,1,0.05930200000000002,0.0,1.0,1.0,0.0,200810,1000
ensemble,LA-OU,200811,2,0.016077000000000008,0.0,1.0,1.0,0.0,200810,1000
ensemble,LA-OU,200812,3,0.013214000000000004,0.0,1.0,1.0,0.0,200810,1000
ensemble,LA-OU,200901,1,0.009969000000000006,0.0,1.0,1.0,0.0,200901,1000
ensemble,LA-OU,200902,2,0.01244099999999998,0.0,1.0,1.0,0.0,200901,1000
ensemble,LA-OU,200903,3,0.009996000000000005,0.0,1.0,1.0,0.0,200901,1000
ensemble,LA-OU,200904,1,0.02094999999999997,0.0,1.0,1.0,0.0,200904,1000
ensemble,LA-OU,200905,2,0.021453999999999973,0.0,1.0,1.0,0.0,200904,1000
ensemble,LA-OU,200906,3,0.05966200000000005,0.0,1.0,1.0,0.0,200904,1000
ensemble,LA-OU,200907,1,0.10281200000000001,0.0,1.0,1.0,0.0,200907,1000
ensemble,LA-OU,200908,2,0.5504160000000001,1.0,1.0,1.0,1.0,200907,1000
ensemble,LA-OU,200909,3,13.787527,15.0,0.0,0.0,15.0,200907,1000
ensemble,LA-OU,200910,1,4.839535000000001,6.0,0.0,0.0,6.0,200910,1000
ensemble,LA-OU,200911,2,11.77934,13.0,0.0,0.0,13.0,200910,1000
ensemble,LA-OU,200912,3,16.653245,18.0,0.0,0.0,18.0,200910,1000
ensemble,LA-PH,200901,1,0.0062470000000000026,0.0,1.0,1.0,0.0,200901,1000
ensemble,LA-PH,200902,2,0.007266999999999968,0.0,1.0,1.0,0.0,200901,1000
ensemble,LA-PH,200903,3,0.007307999999999981,0.0,1.0,1.0,0.0,200901,1000
ensemble,LA-PH,200904,1,0.004602999999999996,0.0,1.0,1.0,0.0,200904,1000
ensemble,LA-PH,200905,2,0.006987999999999994,0.0,1.0,1.0,0.0,200904,1000
ensemble,LA-PH,200906,3,0.010512000000000021,0.0,1.0,1.0,0.0,200904,1000
ensemble,LA-PH,200907,1,0.01890599999999998,0.0,1.0,1.0,0.0,200907,1000
ensemble,LA-PH,200909,3,0.021612000000000076,0.0,1.0,1.0,0.0,200907,1000
ensemble,LA-PH,200910,1,0.01218199999999997,0.0,1.0,1.0,0.0,200910,1000
ensemble,LA-PH,200911,2,0.009743999999999975,0.0,1.0,1.0,0.0,200910,1000
ensemble,LA-PH,200912,3,0.01161300000000004,0.0,1.0,1.0,0.0,200910,1000
ensemble,LA-SL,200801,1,0.09860699999999989,0.0,1.0,1.0,0.0,200801,1000
ensemble,LA-SL,200802,2,0.716478,1.0,1.0,0.0,1.0,200801,1000
ensemble,LA-SL,200803,3,4.034835,5.0,0.0,0.0,5.0,200801,1000
ensemble,LA-SL,200804,1,1.3012810000000001,2.0,1.0,0.0,2.0,200804,1000
ensemble,LA-SL,200805,2,97.876971,105.0,0.0,0.0,105.0,200804,1000
ensemble,LA-SL,200806,3,213.391591,226.0,0.0,0.0,226.0,200804,1000
ensemble,LA-SL,200807,1,61.01158,77.0,0.0,0.0,78.0,200807,1000
ensemble,LA-SL,200808,2,43.603476,62.0,0.0,0.0,63.0,200807,1000
ensemble,LA-SL,200809,3,64.62783,84.0,0.0,0.0,85.0,200807,1000
ensemble,LA-SL,200810,1,75.599943,91.0,0.0,0.0,91.0,200810,1000
ensemble,LA-SL,200811,2,16.81143,21.0,0.0,0.0,21.0,200810,1000
ensemble,LA-SL,200812,3,6.3087610000000005,8.0,0.0,0.0,8.0,200810,1000
ensemble,LA-SL,200901,1,0.690051,1.0,1.0,0.0,1.0,200901,1000
ensemble,LA-SL,200902,2,22.312981999999998,24.0,0.0,0.0,24.0,200901,1000
ensemble,LA-SL,200903,3,23.47417,25.0,0.0,0.0,25.0,200901,1000
ensemble,LA-SL,200904,1,16.079438,19.0,0.0,0.0,19.0,200904,1000
ensemble,LA-SL,200905,2,110.529019,122.0,0.0,0.0,122.0,200904,1000
ensemble,LA-SL,200906,3,32.12026,42.0,0.0,0.0,42.0,200904,1000
ensemble,LA-SL,200907,1,139.23398,163.0,0.0,0.0,164.0,200907,1000
ensemble,LA-SL,200908,2,100.734715,126.0,0.0,0.0,127.0,200907,1000
ensemble,LA-SL,200909,3,72.825193,90.0,0.0,0.0,91.0,200907,1000
ensemble,LA-SL,200910,1,76.694737,94.0,0.0,0.0,94.0,200910,1000
ensemble,LA-SL,200911,2,36.212655000000005,44.0,0.0,0.0,44.0,200910,1000
ensemble,LA-SL,200912,3,13.72375,17.0,0.0,0.0,17.0,200910,1000
ensemble,LA-SV,200801,1,2.686306000000002,1.0,1.0,1.0,1.0,200801,1000
ensemble,LA-SV,200802,2,1.5263990000000014,0.0,1.0,1.0,1.0,200801,1000
ensemble,LA-SV,200803,3,1.6777119999999996,0.0,1.0,1.0,1.0,200801,1000
ensemble,LA-SV,200804,1,4.238517000000002,3.0,1.0,1.0,0.0,200804,1000
ensemble,LA-SV,200805,2,12.090603000000002,7.0,1.0,0.0,1.0,200804,1000
ensemble,LA-SV,200806,3,23.409527999999995,10.0,1.0,1.0,10.0,200804,1000
ensemble,LA-SV,200807,1,39.312351999999976,28.0,1.0,1.0,11.0,200807,1000
ensemble,LA-SV,200808,2,48.421131,36.0,1.0,0.0,4.0,200807,1000
ensemble,LA-SV,200809,3,35.555228,30.0,1.0,0.0,2.0,200807,1000
ensemble,LA-SV,200810,1,17.98222100000001,7.5,1.0,1.0,10.0,200810,1000
ensemble,LA-SV,200811,2,11.096017000000003,7.0,1.0,1.0,2.0,200810,1000
ensemble,LA-SV,200812,3,5.2681010000000015,3.0,1.0,1.0,0.0,200810,1000
ensemble,LA-SV,200901,1,2.672647999999999,2.0,1.0,1.0,0.0,200901,1000
ensemble,LA-SV,200902,2,1.5070370000000004,1.0,1.0,1.0,0.0,200901,1000
ensemble,LA-SV,200903,3,1.9761699999999998,1.0,1.0,1.0,0.0,200901,1000
ensemble,LA-SV,200904,1,3.964828999999998,2.0,1.0,1.0,0.0,200904,1000
ensemble,LA-SV,200905,2,12.097881999999998,8.0,1.0,0.0,0.0,200904,1000
ensemble,LA-SV,200906,3,27.964877,20.0,1.0,0.0,1.0,200904,1000
ensemble,LA-SV,200907,1,37.84361799999999,25.5,1.0,1.0,13.0,200907,1000
ensemble,LA-SV,200908,2,40.409144000000026,4.0,1.0,1.0,34.0,200907,1000
ensemble,LA-SV,200909,3,27.917253999999986,22.0,1.0,1.0,48.0,200907,1000
ensemble,LA-SV,200910,1,17.28564700000001,3.0,1.0,1.0,16.0,200910,1000
ensemble,LA-SV,200911,2,15.43629700000001,24.0,1.0,1.0,33.0,200910,1000
ensemble,LA-SV,200912,3,5.133398999999997,0.0,1.0,1.0,4.0,200910,1000
ensemble,LA-VT,200801,1,8.33917,3.0,1.0,1.0,29.0,200801,1000
ensemble,LA-VT,200802,2,6.375432,6.0,1.0,1.0,12.0,200801,1000
ensemble,LA-VT,200803,3,7.0893000000000015,6.0,1.0,1.0,26.0,200801,1000
ensemble,LA-VT,200804,1,21.427469,31.0,1.0,0.0,4.0,200804,1000
ensemble,LA-VT,200805,2,44.02030499999999,64.0,1.0,0.0,17.0,200804,1000
ensemble,LA-VT,200806,3,82.59097599999998,112.0,1.0,0.0,60.0,200804,1000
ensemble,LA-VT,200807,1,106.53543099999996,135.0,1.0,1.0,132.0,200807,1000
ensemble,LA-VT,200808,2,105.774643,128.0,1.0,1.0,144.0,200807,1000
ensemble,LA-VT,200809,3,85.64586,85.0,1.0,1.0,158.0,200807,1000
ensemble,LA-VT,200810,1,52.882396,60.0,1.0,1.0,95.0,200810,1000
ensemble,LA-VT,200811,2,34.15063099999999,47.0,1.0,1.0,129.0,200810,1000
ensemble,LA-VT,200812,3,26.278419999999997,47.0,1.0,1.0,91.0,200810,1000
ensemble,LA-VT,200901,1,9.849056999999995,11.0,1.0,1.0,38.0,200901,1000
ensemble,LA-VT,200902,2,5.737024000000002,2.0,1.0,1.0,20.0,200901,1000
ensemble,LA-VT,200903,3,6.769746000000001,1.0,1.0,1.0,19.0,200901,1000
ensemble,LA-VT,200904,1,10.437148,1.0,1.0,1.0,33.0,200904,1000
ensemble,LA-VT,200905,2,30.29029,33.0,1.0,1.0,54.0,200904,1000
ensemble,LA-VT,200906,3,65.73885999999999,69.0,1.0,1.0,104.0,200904,1000
ensemble,LA-VT,200907,1,87.50053400000002,29.5,1.0,1.0,302.0,200907,1000
ensemble,LA-VT,200908,2,95.81823399999996,68.0,1.0,1.0,356.0,200907,1000
ensemble,LA-VT,200909,3,123.81242599999999,208.5,1.0,1.0,470.0,200907,1000
ensemble,LA-VT,200910,1,214.82817,362.5,1.0,0.0,527.0,200910,1000
ensemble,LA-VT,200911,2,305.84291499999995,434.0,0.0,0.0,521.0,200910,1000
ensemble,LA-VT,200912,3,238.460402,319.0,0.0,0.0,366.0,200910,1000
ensemble,LA-XA,200801,1,0.5950059999999997,0.0,1.0,1.0,0.0,200801,1000
ensemble,LA-XA,200802,2,0.3084629999999997,0.0,1.0,1.0,0.0,200801,1000
ensemble,LA-XA,200803,3,0.4173139999999993,0.0,1.0,1.0,0.0,200801,1000
ensemble,LA-XA,200804,1,0.7346240000000002,0.0,1.0,1.0,0.0,200804,1000
ensemble,LA-XA,200805,2,2.2960700000000003,1.0,1.0,1.0,2.0,200804,1000
ensemble,LA-XA,200806,3,5.719974000000001,2.0,1.0,1.0,6.0,200804,1000
ensemble,LA-XA,200807,1,12.050618999999998,11.0,1.0,1.0,19.0,200807,1000
ensemble,LA-XA,200808,2,11.901154999999989,2.0,1.0,1.0,7.0,200807,1000
ensemble,LA-XA,200809,3,9.649382999999993,6.0,1.0,1.0,1.0,200807,1000
ensemble,LA-XA,200810,1,5.012215999999995,0.0,1.0,1.0,3.0,200810,1000
ensemble,LA-XA,200811,2,2.5078390000000006,0.0,1.0,1.0,2.0,200810,1000
ensemble,LA-XA,200812,3,1.095460000000001,0.0,1.0,1.0,1.0,200810,1000
ensemble,LA-XA,200901,1,0.5907999999999998,0.0,1.0,1.0,0.0,200901,1000
ensemble,LA-XA,200902,2,0.29934499999999975,0.0,1.0,1.0,0.0,200901,1000
ensemble,LA-XA,200903,3,0.4310040000000006,0.0,1.0,1.0,0.0,200901,1000
ensemble,LA-XA,200904,1,0.7640139999999995,0.0,1.0,1.0,0.0,200904,1000
ensemble,LA-XA,200905,2,2.7615890000000007,0.5,1.0,1.0,1.0,200904,1000
ensemble,LA-XA,200906,3,7.883057000000001,9.0,1.0,1.0,14.0,200904,1000
ensemble,LA-XA,200907,1,10.742701999999994,2.0,1.0,1.0,11.0,200907,1000
ensemble,LA-XA,200908,2,19.711839999999995,28.0,1.0,1.0,37.0,200907,1000
ensemble,LA-XA,200909,3,9.634761000000005,3.0,1.0,1.0,11.0,200907,1000
ensemble,LA-XA,200910,1,5.091111000000005,1.0,1.0,1.0,5.0,200910,1000
ensemble,LA-XA,200911,2,3.080496,3.0,1.0,1.0,5.0,200910,1000
ensemble,LA-XA,200912,3,1.2534670000000006,1.0,1.0,1.0,0.0,200910,1000
ensemble,LA-XE,200801,1,0.02510499999999999,0.0,1.0,1.0,0.0,200801,1000
ensemble,LA-XE,200802,2,0.021109000000000044,0.0,1.0,1.0,0.0,200801,1000
ensemble,LA-XE,200803,3,0.032631999999999994,0.0,1.0,1.0,0.0,200801,1000
ensemble,LA-XE,200804,1,0.04652899999999999,0.0,1.0,1.0,0.0,200804,1000
ensemble,LA-XE,200805,2,0.11371500000000001,0.0,1.0,1.0,0.0,200804,1000
ensemble,LA-XE,200806,3,3.2925720000000003,5.0,0.0,0.0,5.0,200804,1000
ensemble,LA-XE,200807,1,0.5552059999999996,0.0,1.0,1.0,0.0,200807,1000
ensemble,LA-XE,200808,2,0.825081,1.0,1.0,1.0,0.0,200807,1000
ensemble,LA-XE,200809,3,0.6123620000000001,1.0,1.0,1.0,1.0,200807,1000
ensemble,LA-XE,200810,1,0.2813840000000001,0.0,1.0,1.0,0.0,200810,1000
ensemble,LA-XE,200811,2,0.09806899999999996,0.0,1.0,1.0,0.0,200810,1000
ensemble,LA-XE,200812,3,0.7192240000000001,1.0,1.0,0.0,1.0,200810,1000
ensemble,LA-XE,200901,1,0.023623000000000005,0.0,1.0,1.0,0.0,200901,1000
ensemble,LA-XE,200902,2,1.6336639999999998,2.0,0.0,0.0,2.0,200901,1000
ensemble,LA-XE,200903,3,1.612449,2.0,0.0,0.0,2.0,200901,1000
ensemble,LA-XE,200904,1,0.6656880000000001,1.0,1.0,0.0,1.0,200904,1000
ensemble,LA-XE,200905,2,1.216618,2.0,1.0,0.0,2.0,200904,1000
ensemble,LA-XE,200906,3,6.879950999999999,9.0,0.0,0.0,9.0,200904,1000
ensemble,LA-XE,200907,1,24.295956,29.0,0.0,0.0,29.0,200907,1000
ensemble,LA-XE,200908,2,21.441116,26.0,0.0,0.0,27.0,200907,1000
ensemble,LA-XE,200909,3,3.262478,6.0,1.0,0.0,6.0,200907,1000
ensemble,LA-XE,200910,1,4.709969,7.0,0.0,0.0,7.0,200910,1000
ensemble,LA-XE,200911,2,2.1091480000000002,3.0,1.0,0.0,3.0,200910,1000
ensemble,LA-XE,200912,3,6.058622,7.0,0.0,0.0,7.0,200910,1000
ensemble,LA-XI,200801,1,0.009787000000000018,0.0,1.0,1.0,0.0,200801,1000
ensemble,LA-XI,200802,2,0.005763000000000018,0.0,1.0,1.0,0.0,200801,1000
ensemble,LA-XI,200803,3,0.00727899999999998,0.0,1.0,1.0,0.0,200801,1000
ensemble,LA-XI,200804,1,0.006184000000000023,0.0,1.0,1.0,0.0,200804,1000
ensemble,LA-XI,200805,2,0.008382999999999974,0.0,1.0,1.0,0.0,200804,1000
ensemble,LA-XI,200806,3,0.8270149999999998,1.0,0.0,0.0,1.0,200804,1000
ensemble,LA-XI,200807,1,0.029586999999999974,0.0,1.0,1.0,0.0,200807,1000
ensemble,LA-XI,200808,2,0.05503100000000005,0.0,1.0,1.0,0.0,200807,1000
ensemble,LA-XI,200809,3,0.027210999999999985,0.0,1.0,1.0,0.0,200807,1000
ensemble,LA-XI,200810,1,0.018291,0.0,1.0,1.0,0.0,200810,1000
ensemble,LA-XI,200811,2,0.011164000000000007,0.0,1.0,1.0,0.0,200810,1000
ensemble,LA-XI,200812,3,0.009263999999999994,0.0,1.0,1.0,0.0,200810,1000
ensemble,LA-XI,200901,1,0.007417000000000007,0.0,1.0,1.0,0.0,200901,1000
ensemble,LA-XI,200902,2,0.002622000000000013,0.0,1.0,1.0,0.0,200901,1000
ensemble,LA-XI,200903,3,0.00925100000000001,0.0,1.0,1.0,0.0,200901,1000
ensemble,LA-XI,200904,1,0.008021999999999974,0.0,1.0,1.0,0.0,200904,1000
ensemble,LA-XI,200905,2,38.446605,39.0,0.0,0.0,39.0,200904,1000
ensemble,LA-XI,200906,3,32.405427,33.0,0.0,0.0,33.0,200904,1000
ensemble,LA-XI,200907,1,0.776054,1.0,1.0,0.0,1.0,200907,1000
ensemble,LA-XI,200908,2,8.660454999999999,10.0,0.0,0.0,10.0,200907,1000
ensemble,LA-XI,200909,3,0.07149099999999997,0.0,1.0,1.0,0.0,200907,1000
ensemble,LA-XI,200910,1,0.017811999999999995,0.0,1.0,1.0,0.0,200910,1000
ensemble,LA-XI,200911,2,0.008664000000000005,0.0,1.0,1.0,0.0,200910,1000
ensemble,LA-XI,200912,3,0.0069350000000000245,0.0,1.0,1.0,0.0,200910,1000
persistence,LA-AT,200801,1,3.4171139999999998,4.0,0.0,0.0,4.0,200801,1000
persistence,LA-AT,200802,2,1.554761,2.0,1.0,0.0,2.0,200801,1000
persistence,LA-AT,200803,3,0.07196899999999973,0.0,1.0,1.0,0.0,200801,1000
persistence,LA-AT,200804,1,0.04711399999999988,0.0,1.0,1.0,0.0,200804,1000
persistence,LA-AT,200805,2,3.342761,4.0,0.0,0.0,4.0,200804,1000
persistence,LA-AT,200806,3,8.929969,10.0,0.0,0.0,10.0,200804,1000
persistence,LA-AT,200807,1,3.450605,4.0,0.0,0.0,6.0,200807,1000
persistence,LA-AT,200808,2,0.8260830000000001,1.0,1.0,0.0,11.0,200807,1000
persistence,LA-AT,200809,3,12.807471999999999,14.0,0.0,0.0,24.0,200807,1000
persistence,LA-AT,200810,1,21.839211000000002,23.0,0.0,0.0,47.0,200810,1000
persistence,LA-AT,200811,2,17.716617,19.0,0.0,0.0,43.0,200810,1000
persistence,LA-AT,200812,3,0.8262919999999996,1.0,1.0,0.0,23.0,200810,1000
persistence,LA-AT,200901,1,4.403041999999999,5.0,0.0,0.0,18.0,200901,1000
persistence,LA-AT,200902,2,21.580327999999998,23.0,0.0,0.0,46.0,200901,1000
persistence,LA-AT,200903,3,51.660003,54.0,0.0,0.0,77.0,200901,1000
persistence,LA-AT,200904,1,20.870388000000002,22.0,0.0,0.0,99.0,200904,1000
persistence,LA-AT,200905,2,74.407714,77.0,0.0,0.0,0.0,200904,1000
persistence,LA-AT,200906,3,50.686121,53.0,0.0,0.0,24.0,200904,1000
persistence,LA-AT,200907,1,38.397211,40.0,0.0,0.0,64.0,200907,1000
persistence,LA-AT,200908,2,2.492617,3.0,0.0,0.0,21.0,200907,1000
persistence,LA-AT,200909,3,6.1402920000000005,7.0,0.0,0.0,17.0,200907,1000
persistence,LA-AT,200910,1,12.098028,13.0,0.0,0.0,4.0,200910,1000
persistence,LA-AT,200911,2,0.8285939999999998,1.0,1.0,0.0,16.0,200910,1000
persistence,LA-AT,200912,3,9.930269000000001,11.0,0.0,0.0,6.0,200910,1000
persistence,LA-BK,200801,1,0.702799,1.0,1.0,0.0,1.0,200801,1000
persistence,LA-BK,200802,2,0.044157999999999975,0.0,1.0,1.0,0.0,200801,1000
persistence,LA-BK,200803,3,0.04958000000000001,0.0,1.0,1.0,0.0,200801,1000
persistence,LA-BK,200804,1,0.03879899999999997,0.0,1.0,1.0,0.0,200804,1000
persistence,LA-BK,200805,2,11.132158,12.0,0.0,0.0,12.0,200804,1000
persistence,LA-BK,200806,3,51.985580000000006,53.0,0.0,0.0,53.0,200804,1000
persistence,LA-BK,200807,1,50.223598,51.0,0.0,0.0,2.0,200807,1000
persistence,LA-BK,200808,2,43.128316,44.0,0.0,0.0,9.0,200807,1000
persistence,LA-BK,200809,3,19.03516,20.0,0.0,0.0,33.0,200807,1000
persistence,LA-BK,200810,1,14.223597999999999,15.0,0.0,0.0,48.0,200810,1000
persistence,LA-BK,200811,2,21.128316,22.0,0.0,0.0,55.0,200810,1000
persistence,LA-BK,200812,3,27.03516,28.0,0.0,0.0,5.0,200810,1000
persistence,LA-BK,200901,1,3.438492,4.0,0.0,0.0,1.0,200901,1000
persistence,LA-BK,200902,2,4.3407670000000005,5.0,0.0,0.0,0.0,200901,1000
persistence,LA-BK,200903,3,3.355307,4.0,0.0,0.0,1.0,200901,1000
persistence,LA-BK,200904,1,1.589023,2.0,0.0,0.0,3.0,200904,1000
persistence,LA-BK,200905,2,72.11584199999999,73.0,0.0,0.0,74.0,200904,1000
persistence,LA-BK,200906,3,214.01943599999998,215.0,0.0,0.0,216.0,200904,1000
persistence,LA-BK,200907,1,3.439598,4.0,0.0,0.0,212.0,200907,1000
persistence,LA-BK,200908,2,105.128316,106.0,0.0,0.0,110.0,200907,1000
persistence,LA-BK,200909,3,163.03516,164.0,0.0,0.0,52.0,200907,1000
persistence,LA-BK,200910,1,20.223598,21.0,0.0,0.0,31.0,200910,1000
persistence,LA-BK,200911,2,46.128316,47.0,0.0,0.0,5.0,200910,1000
persistence,LA-BK,200912,3,47.03516,48.0,0.0,0.0,4.0,200910,1000
persistence,LA-BL,200801,1,5.383502,9.0,1.0,1.0,10.0,200801,1000
persistence,LA-BL,200802,2,4.609445999999998,6.0,1.0,1.0,7.0,200801,1000
persistence,LA-BL,200803,3,4.952254,0.0,1.0,1.0,1.0,200801,1000
persistence,LA-BL,200804,1,2.695502000000001,2.0,1.0,1.0,3.0,200804,1000
persistence,LA-BL,200805,2,7.897445999999999,14.0,1.0,1.0,15.0,200804,1000
persistence,LA-BL,200806,3,9.692254000000002,18.0,1.0,1.0,19.0,200804,1000
persistence,LA-BL,200807,1,8.23891,12.0,1.0,0.0,31.0,200807,1000
persistence,LA-BL,200808,2,9.221346999999998,13.0,1.0,1.0,32.0,200807,1000
persistence,LA-BL,200809,3,9.298677000000001,11.0,1.0,1.0,30.0,200807,1000
persistence,LA-BL,200810,1,16.470322000000003,25.0,1.0,0.0,5.0,200810,1000
persistence,LA-BL,200811,2,12.262498,18.0,1.0,0.0,12.0,200810,1000
persistence,LA-BL,200812,3,17.99097,29.0,1.0,0.0,1.0,200810,1000
persistence,LA-BL,200901,1,2.511502,1.0,1.0,1.0,2.0,200901,1000
persistence,LA-BL,200902,2,3.6934460000000016,2.0,1.0,1.0,3.0,200901,1000
persistence,LA-BL,200903,3,4.9942540000000015,1.0,1.0,1.0,0.0,200901,1000
persistence,LA-BL,200904,1,2.5010209999999997,2.0,1.0,1.0,2.0,200904,1000
persistence,LA-BL,200905,2,3.323820999999999,0.0,1.0,1.0,0.0,200904,1000
persistence,LA-BL,200906,3,5.582812999999998,7.0,1.0,1.0,7.0,200904,1000
persistence,LA-BL,200907,1,17.514046,28.0,1.0,0.0,35.0,200907,1000
persistence,LA-BL,200908,2,4.609358000000002,2.0,1.0,1.0,9.0,200907,1000
persistence,LA-BL,200909,3,6.933896999999998,7.0,1.0,1.0,0.0,200907,1000
persistence,LA-BL,200910,1,2.3170210000000004,1.0,1.0,1.0,1.0,200910,1000
persistence,LA-BL,200911,2,3.4678210000000007,2.0,1.0,1.0,2.0,200910,1000
persistence,LA-BL,200912,3,4.764813,1.0,1.0,1.0,1.0,200910,1000
persistence,LA-CH,200801,1,9.094472000000003,9.0,1.0,1.0,73.0,200801,1000
persistence,LA-CH,200802,2,19.277769,26.0,1.0,0.0,90.0,200801,1000
persistence,LA-CH,200803,3,22.452036999999997,28.0,1.0,1.0,92.0,200801,1000
persistence,LA-CH,200804,1,16.585575000000002,23.0,1.0,0.0,69.0,200804,1000
persistence,LA-CH,200805,2,17.207692,21.0,1.0,1.0,113.0,200804,1000
persistence,LA-CH,200806,3,145.733314,203.0,0.0,0.0,295.0,200804,1000
persistence,LA-CH,200807,1,103.949944,133.0,0.0,0.0,162.0,200807,1000
persistence,LA-CH,200808,2,112.64280199999999,152.0,0.0,0.0,143.0,200807,1000
persistence,LA-CH,200809,3,73.553239,110.0,1.0,0.0,185.0,200807,1000
persistence,LA-CH,200810,1,31.000921000000005,45.0,1.0,0.0,140.0,200810,1000
persistence,LA-CH,200811,2,58.287541,83.0,1.0,0.0,102.0,200810,1000
persistence,LA-CH,200812,3,74.65110700000001,112.0,1.0,0.0,73.0,200810,1000
persistence,LA-CH,200901,1,28.518953000000003,42.0,1.0,0.0,31.0,200901,1000
persistence,LA-CH,200902,2,18.940767,25.0,1.0,0.0,48.0,200901,1000
persistence,LA-CH,200903,3,16.500345000000003,13.0,1.0,1.0,60.0,200901,1000
persistence,LA-CH,200904,1,28.357395999999998,42.0,1.0,0.0,102.0,200904,1000
persistence,LA-CH,200905,2,10.360133000000005,6.0,1.0,1.0,66.0,200904,1000
persistence,LA-CH,200906,3,41.64690100000001,64.0,1.0,0.0,124.0,200904,1000
persistence,LA-CH,200907,1,7.347732000000001,2.0,1.0,1.0,122.0,200907,1000
persistence,LA-CH,200908,2,14.241996999999998,14.0,1.0,1.0,110.0,200907,1000
persistence,LA-CH,200909,3,20.237555999999998,19.0,1.0,1.0,105.0,200907,1000
persistence,LA-CH,200910,1,31.559768,46.0,1.0,0.0,59.0,200910,1000
persistence,LA-CH,200911,2,48.322561,70.0,1.0,0.0,35.0,200910,1000
persistence,LA-CH,200912,3,48.408425,73.0,1.0,0.0,32.0,200910,1000
persistence,LA-HO,200801,1,0.8303219999999999,1.0,0.0,0.0,0.0,200801,1000
persistence,LA-HO,200802,2,0.8292019999999999,1.0,0.0,0.0,0.0,200801,1000
persistence,LA-HO,200803,3,0.820377,1.0,1.0,0.0,0.0,200801,1000
persistence,LA-HO,200804,1,0.014912999999999982,0.0,1.0,1.0,0.0,200804,1000
persistence,LA-HO,200805,2,0.013793,0.0,1.0,1.0,0.0,200804,1000
persistence,LA-HO,200806,3,0.015768000000000004,0.0,1.0,1.0,0.0,200804,1000
persistence,LA-HO,200807,1,0.014912999999999982,0.0,1.0,1.0,0.0,200807,1000
persistence,LA-HO,200808,2,0.013793,0.0,1.0,1.0,0.0,200807,1000
persistence,LA-HO,200809,3,0.809768,1.0,1.0,0.0,1.0,200807,1000
persistence,LA-HO,200810,1,0.8303219999999999,1.0,0.0,0.0,0.0,200810,1000
persistence,LA-HO,200811,2,0.8292019999999999,1.0,0.0,0.0,0.0,200810,1000
persistence,LA-HO,200812,3,0.026376999999999984,0.0,1.0,1.0,1.0,200810,1000
persistence,LA-HO,200901,1,0.8303219999999999,1.0,0.0,0.0,0.0,200901,1000
persistence,LA-HO,200902,2,0.8292019999999999,1.0,0.0,0.0,0.0,200901,1000
persistence,LA-HO,200903,3,0.820377,1.0,1.0,0.0,0.0,200901,1000
persistence,LA-HO,200904,1,0.014912999999999982,0.0,1.0,1.0,0.0,200904,1000
persistence,LA-HO,200905,2,0.013793,0.0,1.0,1.0,0.0,200904,1000
persistence,LA-HO,200906,3,0.015768000000000004,0.0,1.0,1.0,0.0,200904,1000
persistence,LA-HO,200907,1,0.014912999999999982,0.0,1.0,1.0,0.0,200907,1000
persistence,LA-HO,200908,2,0.013793,0.0,1.0,1.0,0.0,200907,1000
persistence,LA-HO,200909,3,0.809768,1.0,1.0,0.0,1.0,200907,1000
persistence,LA-HO,200910,1,0.02432200000000001,0.0,1.0,1.0,1.0,200910,1000
persistence,LA-HO,200911,2,0.023202,0.0,1.0,1.0,1.0,200910,1000
persistence,LA-HO,200912,3,0.026376999999999984,0.0,1.0,1.0,1.0,200910,1000
persistence,LA-KH,200801,1,1.3149230000000003,0.0,1.0,1.0,0.0,200801,1000
persistence,LA-KH,200802,2,2.0702239999999996,0.0,1.0,1.0,0.0,200801,1000
persistence,LA-KH,200803,3,2.6522299999999994,0.0,1.0,1.0,0.0,200801,1000
persistence,LA-KH,200804,1,1.3149230000000003,0.0,1.0,1.0,0.0,200804,1000
persistence,LA-KH,200805,2,2.0702239999999996,0.0,1.0,1.0,0.0,200804,1000
persistence,LA-KH,200806,3,3.0462299999999978,1.0,1.0,1.0,1.0,200804,1000
persistence,LA-KH,200807,1,2.403284000000001,2.0,1.0,0.0,3.0,200807,1000
persistence,LA-KH,200808,2,2.5886239999999994,1.0,1.0,1.0,0.0,200807,1000
persistence,LA-KH,200809,3,4.036038999999999,3.0,1.0,1.0,4.0,200807,1000
persistence,LA-KH,200810,1,3.125885000000002,3.0,1.0,0.0,1.0,200810,1000
persistence,LA-KH,200811,2,2.7576459999999976,1.0,1.0,1.0,3.0,200810,1000
persistence,LA-KH,200812,3,2.9661490000000015,0.0,1.0,1.0,4.0,200810,1000
persistence,LA-KH,200901,1,3.7138849999999994,4.0,1.0,0.0,0.0,200901,1000
persistence,LA-KH,200902,2,4.333645999999998,4.0,1.0,0.0,0.0,200901,1000
persistence,LA-KH,200903,3,3.7961489999999998,2.0,1.0,1.0,6.0,200901,1000
persistence,LA-KH,200904,1,4.995498000000001,6.0,1.0,0.0,0.0,200904,1000
persistence,LA-KH,200905,2,2.422528,0.0,1.0,1.0,6.0,200904,1000
persistence,LA-KH,200906,3,54.16718900000001,74.0,0.0,0.0,80.0,200904,1000
persistence,LA-KH,200907,1,60.490204000000006,75.0,0.0,0.0,155.0,200907,1000
persistence,LA-KH,200908,2,191.18032499999998,223.0,0.0,0.0,303.0,200907,1000
persistence,LA-KH,200909,3,163.22992399999998,197.0,0.0,0.0,277.0,200907,1000
persistence,LA-KH,200910,1,169.74701399999998,192.0,0.0,0.0,85.0,200910,1000
persistence,LA-KH,200911,2,185.115734,216.0,0.0,0.0,61.0,200910,1000
persistence,LA-KH,200912,3,175.88018300000002,210.0,0.0,0.0,67.0,200910,1000
persistence,LA-LM,200801,1,0.006301999999999974,0.0,1.0,1.0,0.0,200801,1000
persistence,LA-LM,200802,2,0.007978000000000013,0.0,1.0,1.0,0.0,200801,1000
persistence,LA-LM,200803,3,0.008063000000000015,0.0,1.0,1.0,0.0,200801,1000
persistence,LA-LM,200804,1,0.006301999999999974,0.0,1.0,1.0,0.0,200804,1000
persistence,LA-LM,200805,2,0.007978000000000013,0.0,1.0,1.0,0.0,200804,1000
persistence,LA-LM,200806,3,0.008063000000000015,0.0,1.0,1.0,0.0,200804,1000
persistence,LA-LM,200807,1,0.006301999999999974,0.0,1.0,1.0,0.0,200807,1000
persistence,LA-LM,200808,2,0.007978000000000013,0.0,1.0,1.0,0.0,200807,1000
persistence,LA-LM,200809,3,0.008063000000000015,0.0,1.0,1.0,0.0,200807,1000
persistence,LA-LM,200810,1,0.006301999999999974,0.0,1.0,1.0,0.0,200810,1000
persistence,LA-LM,200811,2,0.007978000000000013,0.0,1.0,1.0,0.0,200810,1000
persistence,LA-LM,200812,3,0.008063000000000015,0.0,1.0,1.0,0.0,200810,1000
persistence,LA-LM,200901,1,0.006301999999999974,0.0,1.0,1.0,0.0,200901,1000
persistence,LA-LM,200902,2,0.007978000000000013,0.0,1.0,1.0,0.0,200901,1000
persistence,LA-LM,200903,3,0.008063000000000015,0.0,1.0,1.0,0.0,200901,1000
persistence,LA-LM,200904,1,0.880302,1.0,0.0,0.0,1.0,200904,1000
persistence,LA-LM,200905,2,0.007978000000000013,0.0,1.0,1.0,0.0,200904,1000
persistence,LA-LM,200906,3,1.770063,2.0,0.0,0.0,2.0,200904,1000
persistence,LA-LM,200907,1,0.886035,1.0,0.0,0.0,1.0,200907,1000
persistence,LA-LM,200908,2,1.7772029999999999,2.0,0.0,0.0,0.0,200907,1000
persistence,LA-LM,200909,3,1.777288,2.0,0.0,0.0,4.0,200907,1000
persistence,LA-LM,200910,1,0.8865399999999999,1.0,0.0,0.0,5.0,200910,1000
persistence,LA-LM,200911,2,1.7778919999999998,2.0,0.0,0.0,6.0,200910,1000
persistence,LA-LM,200912,3,0.01604500000000003,0.0,1.0,1.0,4.0,200910,1000
persistence,LA-LP,200801,1,3.4616930000000004,5.0,1.0,1.0,0.0,200801,1000
persistence,LA-LP,200802,2,6.91244,11.0,1.0,0.0,16.0,200801,1000
persistence,LA-LP,200803,3,10.133757000000001,17.0,1.0,0.0,22.0,200801,1000
persistence,LA-LP,200804,1,7.5871960000000005,11.0,1.0,0.0,33.0,200804,1000
persistence,LA-LP,200805,2,77.70587800000001,94.0,0.0,0.0,116.0,200804,1000
persistence,LA-LP,200806,3,116.670978,138.0,0.0,0.0,160.0,200804,1000
persistence,LA-LP,200807,1,129.93954599999998,144.0,0.0,0.0,16.0,200807,1000
persistence,LA-LP,200808,2,128.21567000000002,147.0,0.0,0.0,13.0,200807,1000
persistence,LA-LP,200809,3,124.816253,146.0,0.0,0.0,14.0,200807,1000
persistence,LA-LP,200810,1,13.347094,19.0,1.0,0.0,33.0,200810,1000
persistence,LA-LP,200811,2,84.94253,102.0,0.0,0.0,116.0,200810,1000
persistence,LA-LP,200812,3,124.888534,147.0,0.0,0.0,161.0,200810,1000
persistence,LA-LP,200901,1,146.497715,161.0,0.0,0.0,0.0,200901,1000
persistence,LA-LP,200902,2,141.643959,161.0,0.0,0.0,0.0,200901,1000
persistence,LA-LP,200903,3,139.126542,161.0,0.0,0.0,0.0,200901,1000
persistence,LA-LP,200904,1,1.1242739999999998,0.0,1.0,1.0,0.0,200904,1000
persistence,LA-LP,200905,2,1.7111450000000001,0.0,1.0,1.0,0.0,200904,1000
persistence,LA-LP,200906,3,5.2004459999999995,9.0,1.0,1.0,9.0,200904,1000
persistence,LA-LP,200907,1,14.802083,21.0,1.0,0.0,30.0,200907,1000
persistence,LA-LP,200908,2,15.036038999999999,23.0,1.0,0.0,32.0,200907,1000
persistence,LA-LP,200909,3,278.002476,304.0,0.0,0.0,313.0,200907,1000
persistence,LA-LP,200910,1,133.848548,148.0,0.0,0.0,165.0,200910,1000
persistence,LA-LP,200911,2,204.57629,226.0,0.0,0.0,87.0,200910,1000
persistence,LA-LP,200912,3,288.208892,313.0,0.0,0.0,0.0,200910,1000
persistence,LA-OU,200801,1,0.006034999999999999,0.0,1.0,1.0,0.0,200801,1000
persistence,LA-OU,200802,2,0.004123000000000002,0.0,1.0,1.0,0.0,200801,1000
persistence,LA-OU,200803,3,0.00800999999999999,0.0,1.0,1.0,0.0,200801,1000
persistence,LA-OU,200804,1,0.006034999999999999,0.0,1.0,1.0,0.0,200804,1000
persistence,LA-OU,200805,2,0.004123000000000002,0.0,1.0,1.0,0.0,200804,1000
persistence,LA-OU,200806,3,0.00800999999999999,0.0,1.0,1.0,0.0,200804,1000
persistence,LA-OU,200807,1,0.006034999999999999,0.0,1.0,1.0,0.0,200807,1000
persistence,LA-OU,200808,2,0.004123000000000002,0.0,1.0,1.0,0.0,200807,1000
persistence,LA-OU,200809,3,0.00800999999999999,0.0,1.0,1.0,0.0,200807,1000
persistence,LA-OU,200810,1,0.006034999999999999,0.0,1.0,1.0,0.0,200810,1000
persistence,LA-OU,200811,2,0.004123000000000002,0.0,1.0,1.0,0.0,200810,1000
persistence,LA-OU,200812,3,0.00800999999999999,0.0,1.0,1.0,0.0,200810,1000
persistence,LA-OU,200901,1,0.006034999999999999,0.0,1.0,1.0,0.0,200901,1000
persistence,LA-OU,200902,2,0.004123000000000002,0.0,1.0,1.0,0.0,200901,1000
persistence,LA-OU,200903,3,0.00800999999999999,0.0,1.0,1.0,0.0,200901,1000
persistence,LA-OU,200904,1,0.006034999999999999,0.0,1.0,1.0,0.0,200904,1000
persistence,LA-OU,200905,2,0.004123000000000002,0.0,1.0,1.0,0.0,200904,1000
persistence,LA-OU,200906,3,0.00800999999999999,0.0,1.0,1.0,0.0,200904,1000
persistence,LA-OU,200907,1,0.006034999999999999,0.0,1.0,1.0,0.0,200907,1000
persistence,LA-OU,200908,2,0.886123,1.0,0.0,0.0,1.0,200907,1000
persistence,LA-OU,200909,3,14.716009999999999,15.0,0.0,0.0,15.0,200907,1000
persistence,LA-OU,200910,1,8.76207,9.0,0.0,0.0,6.0,200910,1000
persistence,LA-OU,200911,2,1.8482459999999998,2.0,0.0,0.0,13.0,200910,1000
persistence,LA-OU,200912,3,2.7500199999999997,3.0,0.0,0.0,18.0,200910,1000
persistence,LA-PH,200901,1,0.0002559999999999993,0.0,1.0,1.0,0.0,200901,1000
persistence,LA-PH,200902,2,0.0002559999999999993,0.0,1.0,1.0,0.0,200901,1000
persistence,LA-PH,200903,3,0.0003239999999999979,0.0,1.0,1.0,0.0,200901,1000
persistence,LA-PH,200904,1,0.0002559999999999993,0.0,1.0,1.0,0.0,200904,1000
persistence,LA-PH,200905,2,0.0002559999999999993,0.0,1.0,1.0,0.0,200904,1000
persistence,LA-PH,200906,3,0.0003239999999999979,0.0,1.0,1.0,0.0,200904,1000
persistence,LA-PH,200907,1,0.0002559999999999993,0.0,1.0,1.0,0.0,200907,1000
persistence,LA-PH,200909,3,0.0003239999999999979,0.0,1.0,1.0,0.0,200907,1000
persistence,LA-PH,200910,1,0.0002559999999999993,0.0,1.0,1.0,0.0,200910,1000
persistence,LA-PH,200911,2,0.0002559999999999993,0.0,1.0,1.0,0.0,200910,1000
persistence,LA-PH,200912,3,0.0003239999999999979,0.0,1.0,1.0,0.0,200910,1000
persistence,LA-SL,200801,1,5.888300000000001,7.0,0.0,0.0,0.0,200801,1000
persistence,LA-SL,200802,2,4.932642,6.0,0.0,0.0,1.0,200801,1000
persistence,LA-SL,200803,3,1.538814,2.0,1.0,0.0,5.0,200801,1000
persistence,LA-SL,200804,1,2.4083299999999994,3.0,0.0,0.0,2.0,200804,1000
persistence,LA-SL,200805,2,94.77106500000001,100.0,0.0,0.0,105.0,200804,1000
persistence,LA-SL,200806,3,215.529118,221.0,0.0,0.0,226.0,200804,1000
persistence,LA-SL,200807,1,144.638988,148.0,0.0,0.0,78.0,200807,1000
persistence,LA-SL,200808,2,157.654794,163.0,0.0,0.0,63.0,200807,1000
persistence,LA-SL,200809,3,135.591742,141.0,0.0,0.0,85.0,200807,1000
persistence,LA-SL,200810,1,5.024252000000001,6.0,0.0,0.0,91.0,200810,1000
persistence,LA-SL,200811,2,59.913664,64.0,0.0,0.0,21.0,200810,1000
persistence,LA-SL,200812,3,72.336984,77.0,0.0,0.0,8.0,200810,1000
persistence,LA-SL,200901,1,5.890064000000001,7.0,0.0,0.0,1.0,200901,1000
persistence,LA-SL,200902,2,14.107242999999999,16.0,0.0,0.0,24.0,200901,1000
persistence,LA-SL,200903,3,14.945415000000002,17.0,0.0,0.0,25.0,200901,1000
persistence,LA-SL,200904,1,5.018927,6.0,0.0,0.0,19.0,200904,1000
persistence,LA-SL,200905,2,91.851327,97.0,0.0,0.0,122.0,200904,1000
persistence,LA-SL,200906,3,14.970665,17.0,0.0,0.0,42.0,200904,1000
persistence,LA-SL,200907,1,118.6355,122.0,0.0,0.0,164.0,200907,1000
persistence,LA-SL,200908,2,80.18723700000001,85.0,0.0,0.0,127.0,200907,1000
persistence,LA-SL,200909,3,45.277277,49.0,0.0,0.0,91.0,200907,1000
persistence,LA-SL,200910,1,2.4346360000000002,3.0,0.0,0.0,94.0,200910,1000
persistence,LA-SL,200911,2,43.493157999999994,47.0,0.0,0.0,44.0,200910,1000
persistence,LA-SL,200912,3,69.439998,74.0,0.0,0.0,17.0,200910,1000
persistence,LA-SV,200801,1,4.8442229999999995,1.0,1.0,1.0,1.0,200801,1000
persistence,LA-SV,200802,2,8.673057,1.0,1.0,1.0,1.0,200801,1000
persistence,LA-SV,200803,3,12.976106999999999,1.0,1.0,1.0,1.0,200801,1000
persistence,LA-SV,200804,1,5.031711999999999,1.0,1.0,1.0,0.0,200804,1000
persistence,LA-SV,200805,2,8.798821000000004,0.0,1.0,1.0,1.0,200804,1000
persistence,LA-SV,200806,3,14.938783,9.0,1.0,1.0,10.0,200804,1000
persistence,LA-SV,200807,1,5.993041000000005,1.0,1.0,1.0,11.0,200807,1000
persistence,LA-SV,200808,2,11.269002999999998,6.0,1.0,1.0,4.0,200807,1000
persistence,LA-SV,200809,3,16.011347999999998,8.0,1.0,1.0,2.0,200807,1000
persistence,LA-SV,200810,1,7.473481,8.0,1.0,1.0,10.0,200810,1000
persistence,LA-SV,200811,2,8.967742000000001,0.0,1.0,1.0,2.0,200810,1000
persistence,LA-SV,200812,3,13.509918999999996,2.0,1.0,1.0,0.0,200810,1000
persistence,LA-SV,200901,1,4.710222999999999,0.0,1.0,1.0,0.0,200901,1000
persistence,LA-SV,200902,2,8.589056999999997,0.0,1.0,1.0,0.0,200901,1000
persistence,LA-SV,200903,3,12.924106999999992,0.0,1.0,1.0,0.0,200901,1000
persistence,LA-SV,200904,1,4.710222999999999,0.0,1.0,1.0,0.0,200904,1000
persistence,LA-SV,200905,2,8.589056999999997,0.0,1.0,1.0,0.0,200904,1000
persistence,LA-SV,200906,3,12.976106999999999,1.0,1.0,1.0,1.0,200904,1000
persistence,LA-SV,200907,1,9.081712000000003,12.0,1.0,1.0,13.0,200907,1000
persistence,LA-SV,200908,2,21.414821000000003,33.0,1.0,1.0,34.0,200907,1000
persistence,LA-SV,200909,3,29.858783000000003,47.0,1.0,1.0,48.0,200907,1000
persistence,LA-SV,200910,1,22.608721999999993,32.0,1.0,0.0,16.0,200910,1000
persistence,LA-SV,200911,2,17.216891000000004,15.0,1.0,1.0,33.0,200910,1000
persistence,LA-SV,200912,3,33.27619299999999,44.0,1.0,1.0,4.0,200910,1000
persistence,LA-VT,200801,1,43.562509000000006,69.0,1.0,0.0,29.0,200801,1000
persistence,LA-VT,200802,2,53.531439000000006,86.0,1.0,1.0,12.0,200801,1000
persistence,LA-VT,200803,3,53.29954199999999,72.0,1.0,1.0,26.0,200801,1000
persistence,LA-VT,200804,1,17.354836999999996,22.0,1.0,1.0,4.0,200804,1000
persistence,LA-VT,200805,2,23.829443999999995,9.0,1.0,1.0,17.0,200804,1000
persistence,LA-VT,200806,3,34.40855599999999,34.0,1.0,1.0,60.0,200804,1000
persistence,LA-VT,200807,1,44.285050999999996,72.0,1.0,0.0,132.0,200807,1000
persistence,LA-VT,200808,2,49.550028999999995,84.0,1.0,1.0,144.0,200807,1000
persistence,LA-VT,200809,3,57.28912399999999,98.0,1.0,1.0,158.0,200807,1000
persistence,LA-VT,200810,1,40.699749000000004,63.0,1.0,0.0,95.0,200810,1000
persistence,LA-VT,200811,2,36.577602999999996,29.0,1.0,1.0,129.0,200810,1000
persistence,LA-VT,200812,3,56.08934400000001,67.0,1.0,1.0,91.0,200810,1000
persistence,LA-VT,200901,1,33.955966000000004,53.0,1.0,0.0,38.0,200901,1000
persistence,LA-VT,200902,2,46.578158000000016,71.0,1.0,1.0,20.0,200901,1000
persistence,LA-VT,200903,3,52.60918800000002,72.0,1.0,1.0,19.0,200901,1000
persistence,LA-VT,200904,1,14.502862999999998,14.0,1.0,1.0,33.0,200904,1000
persistence,LA-VT,200905,2,26.674568000000008,35.0,1.0,1.0,54.0,200904,1000
persistence,LA-VT,200906,3,45.832223,85.0,1.0,1.0,104.0,200904,1000
persistence,LA-VT,200907,1,142.69739800000002,198.0,0.0,0.0,302.0,200907,1000
persistence,LA-VT,200908,2,166.135237,252.0,0.0,0.0,356.0,200907,1000
persistence,LA-VT,200909,3,238.83145099999996,366.0,0.0,0.0,470.0,200907,1000
persistence,LA-VT,200910,1,37.81561000000001,57.0,1.0,0.0,527.0,200910,1000
persistence,LA-VT,200911,2,44.86481699999999,51.0,1.0,1.0,521.0,200910,1000
persistence,LA-VT,200912,3,73.67705999999998,104.0,1.0,1.0,366.0,200910,1000
persistence,LA-XA,200801,1,1.370140000000001,1.0,1.0,1.0,0.0,200801,1000
persistence,LA-XA,200802,2,1.726794,1.0,1.0,1.0,0.0,200801,1000
persistence,LA-XA,200803,3,2.4291660000000004,1.0,1.0,1.0,0.0,200801,1000
persistence,LA-XA,200804,1,0.9566909999999993,0.0,1.0,1.0,0.0,200804,1000
persistence,LA-XA,200805,2,2.003665,2.0,1.0,1.0,2.0,200804,1000
persistence,LA-XA,200806,3,4.741557,6.0,1.0,0.0,6.0,200804,1000
persistence,LA-XA,200807,1,9.660272,13.0,1.0,0.0,19.0,200807,1000
persistence,LA-XA,200808,2,1.9991069999999986,1.0,1.0,1.0,7.0,200807,1000
persistence,LA-XA,200809,3,4.655937,5.0,1.0,0.0,1.0,200807,1000
persistence,LA-XA,200810,1,1.8581400000000006,2.0,1.0,1.0,3.0,200810,1000
persistence,LA-XA,200811,2,1.726794,1.0,1.0,1.0,2.0,200810,1000
persistence,LA-XA,200812,3,2.223166000000001,0.0,1.0,1.0,1.0,200810,1000
persistence,LA-XA,200901,1,1.370140000000001,1.0,1.0,1.0,0.0,200901,1000
persistence,LA-XA,200902,2,1.726794,1.0,1.0,1.0,0.0,200901,1000
persistence,LA-XA,200903,3,2.4291660000000004,1.0,1.0,1.0,0.0,200901,1000
persistence,LA-XA,200904,1,0.9566909999999993,0.0,1.0,1.0,0.0,200904,1000
persistence,LA-XA,200905,2,1.5876649999999994,1.0,1.0,1.0,1.0,200904,1000
persistence,LA-XA,200906,3,9.675557000000001,14.0,1.0,0.0,14.0,200904,1000
persistence,LA-XA,200907,1,2.7803690000000003,3.0,1.0,0.0,11.0,200907,1000
persistence,LA-XA,200908,2,17.094084000000002,23.0,1.0,0.0,37.0,200907,1000
persistence,LA-XA,200909,3,3.863987999999999,3.0,1.0,1.0,11.0,200907,1000
persistence,LA-XA,200910,1,4.720613,6.0,1.0,0.0,5.0,200910,1000
persistence,LA-XA,200911,2,4.825930999999999,6.0,1.0,0.0,5.0,200910,1000
persistence,LA-XA,200912,3,8.469738999999999,11.0,1.0,0.0,0.0,200910,1000
persistence,LA-XE,200801,1,0.6979409999999999,1.0,1.0,0.0,0.0,200801,1000
persistence,LA-XE,200802,2,0.6954600000000001,1.0,1.0,0.0,0.0,200801,1000
persistence,LA-XE,200803,3,0.6880539999999999,1.0,1.0,0.0,0.0,200801,1000
persistence,LA-XE,200804,1,0.06750500000000004,0.0,1.0,1.0,0.0,200804,1000
persistence,LA-XE,200805,2,0.07135999999999998,0.0,1.0,1.0,0.0,200804,1000
persistence,LA-XE,200806,3,4.053398,5.0,0.0,0.0,5.0,200804,1000
persistence,LA-XE,200807,1,4.160576,5.0,0.0,0.0,0.0,200807,1000
persistence,LA-XE,200808,2,4.131926999999999,5.0,0.0,0.0,0.0,200807,1000
persistence,LA-XE,200809,3,3.2153919999999996,4.0,0.0,0.0,1.0,200807,1000
persistence,LA-XE,200810,1,0.6979409999999999,1.0,1.0,0.0,0.0,200810,1000
persistence,LA-XE,200811,2,0.6954600000000001,1.0,1.0,0.0,0.0,200810,1000
persistence,LA-XE,200812,3,0.120054,0.0,1.0,1.0,1.0,200810,1000
persistence,LA-XE,200901,1,0.6979409999999999,1.0,1.0,0.0,0.0,200901,1000
persistence,LA-XE,200902,2,0.6954600000000001,1.0,1.0,0.0,2.0,200901,1000
persistence,LA-XE,200903,3,0.6880539999999999,1.0,1.0,0.0,2.0,200901,1000
persistence,LA-XE,200904,1,0.71307,1.0,1.0,0.0,1.0,200904,1000
persistence,LA-XE,200905,2,0.13210100000000002,0.0,1.0,1.0,2.0,200904,1000
persistence,LA-XE,200906,3,6.022938,7.0,0.0,0.0,9.0,200904,1000
persistence,LA-XE,200907,1,19.060946,20.0,0.0,0.0,29.0,200907,1000
persistence,LA-XE,200908,2,16.974494,18.0,0.0,0.0,27.0,200907,1000
persistence,LA-XE,200909,3,2.3166710000000004,3.0,0.0,0.0,6.0,200907,1000
persistence,LA-XE,200910,1,0.722745,1.0,1.0,0.0,7.0,200910,1000
persistence,LA-XE,200911,2,2.3122510000000003,3.0,0.0,0.0,3.0,200910,1000
persistence,LA-XE,200912,3,0.713921,1.0,1.0,0.0,7.0,200910,1000
persistence,LA-XI,200801,1,0.0006890000000000021,0.0,1.0,1.0,0.0,200801,1000
persistence,LA-XI,200802,2,0.0006890000000000021,0.0,1.0,1.0,0.0,200801,1000
persistence,LA-XI,200803,3,0.0007570000000000007,0.0,1.0,1.0,0.0,200801,1000
persistence,LA-XI,200804,1,0.0006890000000000021,0.0,1.0,1.0,0.0,200804,1000
persistence,LA-XI,200805,2,0.0006890000000000021,0.0,1.0,1.0,0.0,200804,1000
persistence,LA-XI,200806,3,0.948757,1.0,0.0,0.0,1.0,200804,1000
persistence,LA-XI,200807,1,0.951314,1.0,0.0,0.0,0.0,200807,1000
persistence,LA-XI,200808,2,0.951314,1.0,0.0,0.0,0.0,200807,1000
persistence,LA-XI,200809,3,0.9494329999999999,1.0,0.0,0.0,0.0,200807,1000
persistence,LA-XI,200810,1,0.0006890000000000021,0.0,1.0,1.0,0.0,200810,1000
persistence,LA-XI,200811,2,0.0006890000000000021,0.0,1.0,1.0,0.0,200810,1000
persistence,LA-XI,200812,3,0.0007570000000000007,0.0,1.0,1.0,0.0,200810,1000
persistence,LA-XI,200901,1,0.0006890000000000021,0.0,1.0,1.0,0.0,200901,1000
persistence,LA-XI,200902,2,0.0006890000000000021,0.0,1.0,1.0,0.0,200901,1000
persistence,LA-XI,200903,3,0.0007570000000000007,0.0,1.0,1.0,0.0,200901,1000
persistence,LA-XI,200904,1,0.0006890000000000021,0.0,1.0,1.0,0.0,200904,1000
persistence,LA-XI,200905,2,38.934689,39.0,0.0,0.0,39.0,200904,1000
persistence,LA-XI,200906,3,32.93075700000001,33.0,0.0,0.0,33.0,200904,1000
persistence,LA-XI,200907,1,31.935378,32.0,0.0,0.0,1.0,200907,1000
persistence,LA-XI,200908,2,22.935378,23.0,0.0,0.0,10.0,200907,1000
persistence,LA-XI,200909,3,32.931514,33.0,0.0,0.0,0.0,200907,1000
persistence,LA-XI,200910,1,0.0006890000000000021,0.0,1.0,1.0,0.0,200910,1000
persistence,LA-XI,200911,2,0.0006890000000000021,0.0,1.0,1.0,0.0,200910,1000
persistence,LA-XI,200912,3,0.0007570000000000007,0.0,1.0,1.0,0.0,200910,1000
reference,LA-AT,200801,1,2.760833,4.0,0.25,0.0,4.0,200801,4000
reference,LA-AT,200802,2,1.25609275,2.0,1.0,0.25,2.0,200801,4000
reference,LA-AT,200803,3,0.12224574999999997,0.0,1.0,1.0,0.0,200801,4000
reference,LA-AT,200804,1,0.53097975,0.75,1.0,1.0,0.0,200804,4000
reference,LA-AT,200805,2,1.8055605000000001,3.0,1.0,0.25,4.0,200804,4000
reference,LA-AT,200806,3,4.67405925,7.75,1.0,0.25,10.0,200804,4000
reference,LA-AT,200807,1,2.5819794999999996,0.75,1.0,1.0,6.0,200807,4000
reference,LA-AT,200808,2,3.4991745000000005,6.25,1.0,0.75,11.0,200807,4000
reference,LA-AT,200809,3,11.649643750000001,18.75,1.0,0.0,24.0,200807,4000
reference,LA-AT,200810,1,36.51275975,44.75,0.0,0.0,47.0,200810,4000
reference,LA-AT,200811,2,35.5957445,41.5,0.0,0.0,43.0,200810,4000
reference,LA-AT,200812,3,18.499064999999998,22.0,0.0,0.0,23.0,200810,4000
reference,LA-AT,200901,1,7.681362249999999,13.25,1.0,0.0,18.0,200901,4000
reference,LA-AT,200902,2,36.6774035,43.25,0.0,0.0,46.0,200901,4000
reference,LA-AT,200903,3,56.967467250000006,70.75,0.0,0.0,77.0,200901,4000
reference,LA-AT,200904,1,38.048755,67.375,1.0,0.0,99.0,200904,4000
reference,LA-AT,200905,2,85.88252875,113.75,0.0,0.0,0.0,200904,4000
reference,LA-AT,200906,3,69.25253975000001,89.625,1.0,0.0,24.0,200904,4000
reference,LA-AT,200907,1,100.03155875000002,130.875,1.0,0.5,64.0,200907,4000
reference,LA-AT,200908,2,117.60591700000002,152.75,1.0,0.0,21.0,200907,4000
reference,LA-AT,200909,3,215.35188800000003,279.0,0.0,0.0,17.0,200907,4000
reference,LA-AT,200910,1,42.7035815,52.875,0.5,0.0,4.0,200910,4000
reference,LA-AT,200911,2,28.561111250000003,33.625,1.0,0.5,16.0,200910,4000
reference,LA-AT,200912,3,32.7289035,40.75,1.0,0.0,6.0,200910,4000
reference,LA-BK,200801,1,0.84546725,1.0,0.25,0.25,1.0,200801,4000
reference,LA-BK,200802,2,0.012270250000000003,0.0,1.0,1.0,0.0,200801,4000
reference,LA-BK,200803,3,0.003160000000000003,0.0,1.0,1.0,0.0,200801,4000
reference,LA-BK,200804,1,0.07283425,0.0,1.0,1.0,0.0,200804,4000
reference,LA-BK,200805,2,10.26192425,12.0,0.0,0.0,12.0,200804,4000
reference,LA-BK,200806,3,50.3418335,53.0,0.0,0.0,53.0,200804,4000
reference,LA-BK,200807,1,16.6146545,22.75,1.0,0.0,2.0,200807,4000
reference,LA-BK,200808,2,27.020165249999998,32.875,1.0,0.0,9.0,200807,4000
reference,LA-BK,200809,3,76.10195074999999,80.875,1.0,0.75,33.0,200807,4000
reference,LA-BK,200810,1,27.965027249999995,27.125,1.0,1.0,48.0,200810,4000
reference,LA-BK,200811,2,45.56657125,52.75,0.0,0.0,55.0,200810,4000
reference,LA-BK,200812,3,2.49266575,4.0,0.75,0.25,5.0,200810,4000
reference,LA-BK,200901,1,0.44313174999999994,0.0,1.0,1.0,1.0,200901,4000
reference,LA-BK,200902,2,0.33335125000000004,0.5,1.0,1.0,0.0,200901,4000
reference,LA-BK,200903,3,0.61700975,0.0,1.0,1.0,1.0,200901,4000
reference,LA-BK,200904,1,1.648515,0.75,1.0,1.0,3.0,200904,4000
reference,LA-BK,200905,2,43.08072425,62.75,0.0,0.0,74.0,200904,4000
reference,LA-BK,200906,3,133.2292725,187.0,0.0,0.0,216.0,200904,4000
reference,LA-BK,200907,1,95.842723,160.0,1.0,0.0,212.0,200907,4000
reference,LA-BK,200908,2,32.932519,56.0,1.0,1.0,110.0,200907,4000
reference,LA-BK,200909,3,18.360550250000003,5.25,1.0,1.0,52.0,200907,4000
reference,LA-BK,200910,1,27.158042000000002,30.375,1.0,1.0,31.0,200910,4000
reference,LA-BK,200911,2,16.857343,22.5,1.0,0.0,5.0,200910,4000
reference,LA-BK,200912,3,6.62136775,8.5,1.0,1.0,4.0,200910,4000
reference,LA-BL,200801,1,5.61683425,8.75,0.5,0.0,10.0,200801,4000
reference,LA-BL,200802,2,6.008294,7.0,0.0,0.0,7.0,200801,4000
reference,LA-BL,200803,3,0.44656074999999995,1.0,1.0,0.75,1.0,200801,4000
reference,LA-BL,200804,1,2.72351775,2.75,1.0,0.75,3.0,200804,4000
reference,LA-BL,200805,2,6.4905247500000005,9.5,0.75,0.75,15.0,200804,4000
reference,LA-BL,200806,3,8.38254775,6.125,1.0,0.75,19.0,200804,4000
reference,LA-BL,200807,1,16.51069375,10.125,1.0,1.0,31.0,200807,4000
reference,LA-BL,200808,2,20.24160525,16.25,1.0,1.0,32.0,200807,4000
reference,LA-BL,200809,3,20.260726000000002,16.25,1.0,1.0,30.0,200807,4000
reference,LA-BL,200810,1,6.7769235,9.0,1.0,0.5,5.0,200810,4000
reference,LA-BL,200811,2,5.4391055,7.0,1.0,0.5,12.0,200810,4000
reference,LA-BL,200812,3,1.0511654999999998,1.25,1.0,1.0,1.0,200810,4000
reference,LA-BL,200901,1,0.7323080000000001,1.0,1.0,1.0,2.0,200901,4000
reference,LA-BL,200902,2,1.4891775,2.75,1.0,0.0,3.0,200901,4000
reference,LA-BL,200903,3,1.3088337499999998,2.0,1.0,1.0,0.0,200901,4000
reference,LA-BL,200904,1,0.7450647500000002,1.0,1.0,1.0,2.0,200904,4000
reference,LA-BL,200905,2,3.3507842500000002,4.25,1.0,0.0,0.0,200904,4000
reference,LA-BL,200906,3,3.775456,1.75,1.0,1.0,7.0,200904,4000
reference,LA-BL,200907,1,13.19806625,24.0,1.0,0.0,35.0,200907,4000
reference,LA-BL,200908,2,4.783835000000001,2.75,1.0,1.0,9.0,200907,4000
reference,LA-BL,200909,3,9.4446885,12.0,0.0,0.0,0.0,200907,4000
reference,LA-BL,200910,1,4.0439757499999995,5.25,1.0,0.0,1.0,200910,4000
reference,LA-BL,200911,2,1.2749757499999999,1.0,1.0,1.0,2.0,200910,4000
reference,LA-BL,200912,3,0.45002925000000005,0.0,1.0,1.0,1.0,200910,4000
reference,LA-CH,200801,1,33.45146025,57.625,1.0,0.0,73.0,200801,4000
reference,LA-CH,200802,2,48.8802155,76.25,0.75,0.0,90.0,200801,4000
reference,LA-CH,200803,3,56.8482555,81.375,0.0,0.0,92.0,200801,4000
reference,LA-CH,200804,1,27.356351500000002,22.125,1.0,0.75,69.0,200804,4000
reference,LA-CH,200805,2,46.312591499999996,42.25,1.0,0.75,113.0,200804,4000
reference,LA-CH,200806,3,114.8213595,101.0,1.0,0.75,295.0,200804,4000
reference,LA-CH,200807,1,144.71215074999998,159.25,1.0,1.0,162.0,200807,4000
reference,LA-CH,200808,2,97.57190025000003,88.75,1.0,1.0,143.0,200807,4000
reference,LA-CH,200809,3,97.54557275000002,57.75,1.0,1.0,185.0,200807,4000
reference,LA-CH,200810,1,60.84553875,86.5,0.75,0.5,140.0,200810,4000
reference,LA-CH,200811,2,47.85479625000001,67.25,0.75,0.5,102.0,200810,4000
reference,LA-CH,200812,3,34.417958250000005,56.125,0.75,0.25,73.0,200810,4000
reference,LA-CH,200901,1,9.42624275,9.75,1.0,1.0,31.0,200901,4000
reference,LA-CH,200902,2,22.81389625,37.0,0.75,0.0,48.0,200901,4000
reference,LA-CH,200903,3,20.245691249999997,36.375,1.0,0.75,60.0,200901,4000
reference,LA-CH,200904,1,32.63748825,57.5,1.0,1.0,102.0,200904,4000
reference,LA-CH,200905,2,104.54897424999999,130.75,1.0,0.5,66.0,200904,4000
reference,LA-CH,200906,3,106.24527674999999,103.875,1.0,1.0,124.0,200904,4000
reference,LA-CH,200907,1,127.62074874999999,148.75,1.0,1.0,122.0,200907,4000
reference,LA-CH,200908,2,77.783376,77.5,1.0,1.0,110.0,200907,4000
reference,LA-CH,200909,3,101.68066175,112.875,1.0,1.0,105.0,200907,4000
reference,LA-CH,200910,1,24.102855249999998,1.125,1.0,1.0,59.0,200910,4000
reference,LA-CH,200911,2,32.14937725,35.25,1.0,1.0,35.0,200910,4000
reference,LA-CH,200912,3,25.607675250000003,24.625,1.0,1.0,32.0,200910,4000
reference,LA-HO,200801,1,0.010939999999999993,0.0,1.0,1.0,0.0,200801,4000
reference,LA-HO,200802,2,0.0019752499999999987,0.0,1.0,1.0,0.0,200801,4000
reference,LA-HO,200803,3,0.010616,0.0,1.0,1.0,0.0,200801,4000
reference,LA-HO,200804,1,0.06326374999999994,0.0,1.0,1.0,0.0,200804,4000
reference,LA-HO,200805,2,0.04045425000000001,0.0,1.0,1.0,0.0,200804,4000
reference,LA-HO,200806,3,0.06884475,0.0,1.0,1.0,0.0,200804,4000
reference,LA-HO,200807,1,0.02375325000000001,0.0,1.0,1.0,0.0,200807,4000
reference,LA-HO,200808,2,0.03280825000000001,0.0,1.0,1.0,0.0,200807,4000
reference,LA-HO,200809,3,0.7139545,1.0,1.0,0.0,1.0,200807,4000
reference,LA-HO,200810,1,0.15908525000000004,0.0,1.0,1.0,0.0,200810,4000
reference,LA-HO,200811,2,0.04802824999999999,0.0,1.0,1.0,0.0,200810,4000
reference,LA-HO,200812,3,0.7964877499999999,1.0,0.5,0.0,1.0,200810,4000
reference,LA-HO,200901,1,0.015818500000000006,0.0,1.0,1.0,0.0,200901,4000
reference,LA-HO,200902,2,0.028627000000000007,0.0,1.0,1.0,0.0,200901,4000
reference,LA-HO,200903,3,0.021904250000000007,0.0,1.0,1.0,0.0,200901,4000
reference,LA-HO,200904,1,0.003825499999999999,0.0,1.0,1.0,0.0,200904,4000
reference,LA-HO,200905,2,0.019228499999999996,0.0,1.0,1.0,0.0,200904,4000
reference,LA-HO,200906,3,0.056958999999999996,0.0,1.0,1.0,0.0,200904,4000
reference,LA-HO,200907,1,0.026929750000000002,0.0,1.0,1.0,0.0,200907,4000
reference,LA-HO,200908,2,0.04848324999999999,0.0,1.0,1.0,0.0,200907,4000
reference,LA-HO,200909,3,0.68233525,1.0,1.0,0.0,1.0,200907,4000
reference,LA-HO,200910,1,0.6567354999999999,1.0,1.0,0.0,1.0,200910,4000
reference,LA-HO,200911,2,0.8403309999999999,1.0,0.0,0.0,1.0,200910,4000
reference,LA-HO,200912,3,0.919756,1.0,0.0,0.0,1.0,200910,4000
reference,LA-KH,200801,1,0.7488915,1.0,1.0,1.0,0.0,200801,4000
reference,LA-KH,200802,2,0.08340424999999999,0.0,1.0,1.0,0.0,200801,4000
reference,LA-KH,200803,3,0.07104549999999998,0.0,1.0,1.0,0.0,200801,4000
reference,LA-KH,200804,1,0.28901575,0.0,1.0,1.0,0.0,200804,4000
reference,LA-KH,200805,2,0.42362500000000014,0.25,1.0,1.0,0.0,200804,4000
reference,LA-KH,200806,3,1.19480225,0.25,1.0,1.0,1.0,200804,4000
reference,LA-KH,200807,1,1.4620815,2.5,1.0,0.0,3.0,200807,4000
reference,LA-KH,200808,2,0.389235,0.0,1.0,1.0,0.0,200807,4000
reference,LA-KH,200809,3,2.162512,3.25,1.0,0.0,4.0,200807,4000
reference,LA-KH,200810,1,1.8699257500000004,0.25,1.0,1.0,1.0,200810,4000
reference,LA-KH,200811,2,1.9576662499999995,2.25,1.0,0.5,3.0,200810,4000
reference,LA-KH,200812,3,2.666416,4.0,0.5,0.5,4.0,200810,4000
reference,LA-KH,200901,1,0.08519750000000001,0.0,1.0,1.0,0.0,200901,4000
reference,LA-KH,200902,2,0.02545125,0.0,1.0,1.0,0.0,200901,4000
reference,LA-KH,200903,3,4.55534225,6.0,0.0,0.0,6.0,200901,4000
reference,LA-KH,200904,1,0.7420227500000001,1.0,1.0,1.0,0.0,200904,4000
reference,LA-KH,200905,2,1.9750805000000002,2.0,1.0,1.0,6.0,200904,4000
reference,LA-KH,200906,3,58.143444,73.25,0.0,0.0,80.0,200904,4000
reference,LA-KH,200907,1,91.78398925,131.25,0.0,0.0,155.0,200907,4000
reference,LA-KH,200908,2,233.98836799999998,279.875,0.0,0.0,303.0,200907,4000
reference,LA-KH,200909,3,204.3826725,251.5,0.0,0.0,277.0,200907,4000
reference,LA-KH,200910,1,25.496141499999997,24.625,1.0,1.0,85.0,200910,4000
reference,LA-KH,200911,2,19.19692125,34.25,1.0,0.5,61.0,200910,4000
reference,LA-KH,200912,3,40.61299875,56.75,0.0,0.0,67.0,200910,4000
reference,LA-LM,200801,1,0.020190499999999986,0.0,1.0,1.0,0.0,200801,4000
reference,LA-LM,200802,2,0.0032985000000000046,0.0,1.0,1.0,0.0,200801,4000
reference,LA-LM,200803,3,0.001828749999999998,0.0,1.0,1.0,0.0,200801,4000
reference,LA-LM,200804,1,0.023540750000000003,0.0,1.0,1.0,0.0,200804,4000
reference,LA-LM,200805,2,0.08053675000000002,0.0,1.0,1.0,0.0,200804,4000
reference,LA-LM,200806,3,0.07461299999999996,0.0,1.0,1.0,0.0,200804,4000
reference,LA-LM,200807,1,0.05853225000000002,0.0,1.0,1.0,0.0,200807,4000
reference,LA-LM,200808,2,0.048947000000000004,0.0,1.0,1.0,0.0,200807,4000
reference,LA-LM,200809,3,0.0674255,0.0,1.0,1.0,0.0,200807,4000
reference,LA-LM,200810,1,0.4317499999999999,0.0,1.0,1.0,0.0,200810,4000
reference,LA-LM,200811,2,0.12945075,0.0,1.0,1.0,0.0,200810,4000
reference,LA-LM,200812,3,0.063083,0.0,1.0,1.0,0.0,200810,4000
reference,LA-LM,200901,1,0.00022324999999999862,0.0,1.0,1.0,0.0,200901,4000
reference,LA-LM,200902,2,0.00014650000000000036,0.0,1.0,1.0,0.0,200901,4000
reference,LA-LM,200903,3,0.0001904999999999997,0.0,1.0,1.0,0.0,200901,4000
reference,LA-LM,200904,1,0.904763,1.0,0.0,0.0,1.0,200904,4000
reference,LA-LM,200905,2,0.01311275,0.0,1.0,1.0,0.0,200904,4000
reference,LA-LM,200906,3,1.56051525,2.0,0.0,0.0,2.0,200904,4000
reference,LA-LM,200907,1,0.559926,0.0,1.0,1.0,1.0,200907,4000
reference,LA-LM,200908,2,0.9188184999999999,1.0,1.0,1.0,0.0,200907,4000
reference,LA-LM,200909,3,1.6689665,3.0,1.0,0.0,4.0,200907,4000
reference,LA-LM,200910,1,2.6672565,4.0,1.0,0.0,5.0,200910,4000
reference,LA-LM,200911,2,4.70962,6.0,0.0,0.0,6.0,200910,4000
reference,LA-LM,200912,3,3.39275225,4.0,0.0,0.0,4.0,200910,4000
reference,LA-LP,200801,1,0.6703795,0.75,1.0,1.0,0.0,200801,4000
reference,LA-LP,200802,2,14.77188375,16.0,0.0,0.0,16.0,200801,4000
reference,LA-LP,200803,3,20.73521225,22.0,0.0,0.0,22.0,200801,4000
reference,LA-LP,200804,1,16.117977999999997,23.0,0.75,0.25,33.0,200804,4000
reference,LA-LP,200805,2,71.2463945,98.5,0.75,0.0,116.0,200804,4000
reference,LA-LP,200806,3,92.73654450000001,132.375,0.75,0.0,160.0,200804,4000
reference,LA-LP,200807,1,129.63580475,170.875,0.5,0.0,16.0,200807,4000
reference,LA-LP,200808,2,116.21771275,155.125,0.25,0.0,13.0,200807,4000
reference,LA-LP,200809,3,101.26721725,138.875,0.5,0.0,14.0,200807,4000
reference,LA-LP,200810,1,26.56176475,32.25,0.5,0.5,33.0,200810,4000
reference,LA-LP,200811,2,80.38530825,100.5,0.5,0.0,116.0,200810,4000
reference,LA-LP,200812,3,142.92446225,155.5,0.0,0.0,161.0,200810,4000
reference,LA-LP,200901,1,7.892043000000001,10.25,1.0,0.0,0.0,200901,4000
reference,LA-LP,200902,2,6.08396075,7.75,1.0,0.0,0.0,200901,4000
reference,LA-LP,200903,3,13.433394999999997,17.25,0.0,0.0,0.0,200901,4000
reference,LA-LP,200904,1,15.69692975,19.875,0.0,0.0,0.0,200904,4000
reference,LA-LP,200905,2,38.54520624999999,49.375,0.0,0.0,0.0,200904,4000
reference,LA-LP,200906,3,72.64128875,95.75,1.0,0.0,9.0,200904,4000
reference,LA-LP,200907,1,21.7946145,27.5,0.0,0.0,30.0,200907,4000
reference,LA-LP,200908,2,21.985986250000003,29.0,0.0,0.0,32.0,200907,4000
reference,LA-LP,200909,3,302.8450645,310.25,0.0,0.0,313.0,200907,4000
reference,LA-LP,200910,1,98.61229025,139.25,0.0,0.0,165.0,200910,4000
reference,LA-LP,200911,2,57.681214749999995,76.5,0.0,0.0,87.0,200910,4000
reference,LA-LP,200912,3,2.8869517499999997,4.0,1.0,0.0,0.0,200910,4000
reference,LA-OU,200801,1,0.05560324999999997,0.0,1.0,1.0,0.0,200801,4000
reference,LA-OU,200802,2,0.009487750000000003,0.0,1.0,1.0,0.0,200801,4000
reference,LA-OU,200803,3,0.004038000000000002,0.0,1.0,1.0,0.0,200801,4000
reference,LA-OU,200804,1,0.053384249999999966,0.0,1.0,1.0,0.0,200804,4000
reference,LA-OU,200805,2,0.11448449999999999,0.0,1.0,1.0,0.0,200804,4000
reference,LA-OU,200806,3,0.14188650000000008,0.0,1.0,1.0,0.0,200804,4000
reference,LA-OU,200807,1,0.08059525000000001,0.0,1.0,1.0,0.0,200807,4000
reference,LA-OU,200808,2,0.06646425000000002,0.0,1.0,1.0,0.0,200807,4000
reference,LA-OU,200809,3,0.06634474999999997,0.0,1.0,1.0,0.0,200807,4000
reference,LA-OU,200810,1,0.5157912500000001,0.125,1.0,1.0,0.0,200810,4000
reference,LA-OU,200811,2,0.2863885,0.0,1.0,1.0,0.0,200810,4000
reference,LA-OU,200812,3,0.10448024999999998,0.0,1.0,1.0,0.0,200810,4000
reference,LA-OU,200901,1,0.0001274999999999998,0.0,1.0,1.0,0.0,200901,4000
reference,LA-OU,200902,2,0.00018225000000000012,0.0,1.0,1.0,0.0,200901,4000
reference,LA-OU,200903,3,0.0005184999999999999,0.0,1.0,1.0,0.0,200901,4000
reference,LA-OU,200904,1,0.004373000000000002,0.0,1.0,1.0,0.0,200904,4000
reference,LA-OU,200905,2,0.017059999999999985,0.0,1.0,1.0,0.0,200904,4000
reference,LA-OU,200906,3,0.05528975000000001,0.0,1.0,1.0,0.0,200904,4000
reference,LA-OU,200907,1,0.07699975,0.0,1.0,1.0,0.0,200907,4000
reference,LA-OU,200908,2,0.5733360000000001,1.0,1.0,0.75,1.0,200907,4000
reference,LA-OU,200909,3,13.88537075,15.0,0.0,0.0,15.0,200907,4000
reference,LA-OU,200910,1,2.88392725,5.0,1.0,0.0,6.0,200910,4000
reference,LA-OU,200911,2,11.15958375,13.0,0.0,0.0,13.0,200910,4000
reference,LA-OU,200912,3,17.20672925,18.0,0.0,0.0,18.0,200910,4000
reference,LA-PH,200901,1,0.017065999999999998,0.0,1.0,1.0,0.0,200901,4000
reference,LA-PH,200902,2,0.016191499999999998,0.0,1.0,1.0,0.0,200901,4000
reference,LA-PH,200903,3,0.02160199999999997,0.0,1.0,1.0,0.0,200901,4000
reference,LA-PH,200904,1,0.003473750000000001,0.0,1.0,1.0,0.0,200904,4000
reference,LA-PH,200905,2,0.012358250000000001,0.0,1.0,1.0,0.0,200904,4000
reference,LA-PH,200906,3,0.041075250000000035,0.0,1.0,1.0,0.0,200904,4000
reference,LA-PH,200907,1,0.024945750000000003,0.0,1.0,1.0,0.0,200907,4000
reference,LA-PH,200909,3,0.034411500000000025,0.0,1.0,1.0,0.0,200907,4000
reference,LA-PH,200910,1,0.008266250000000006,0.0,1.0,1.0,0.0,200910,4000
reference,LA-PH,200911,2,0.0016422500000000013,0.0,1.0,1.0,0.0,200910,4000
reference,LA-PH,200912,3,0.00041025,0.0,1.0,1.0,0.0,200910,4000
reference,LA-SL,200801,1,1.06607575,1.0,1.0,1.0,0.0,200801,4000
reference,LA-SL,200802,2,0.47278025000000007,0.375,1.0,1.0,1.0,200801,4000
reference,LA-SL,200803,3,3.5774155,5.0,0.25,0.0,5.0,200801,4000
reference,LA-SL,200804,1,1.150621,0.25,1.0,1.0,2.0,200804,4000
reference,LA-SL,200805,2,90.6999565,102.0,0.0,0.0,105.0,200804,4000
reference,LA-SL,200806,3,189.18701049999999,218.5,0.0,0.0,226.0,200804,4000
reference,LA-SL,200807,1,48.44836274999999,37.125,1.0,1.0,78.0,200807,4000
reference,LA-SL,200808,2,48.34659775,48.625,1.0,1.0,63.0,200807,4000
reference,LA-SL,200809,3,43.98226075,25.125,1.0,1.0,85.0,200807,4000
reference,LA-SL,200810,1,46.19975225,52.25,0.5,0.5,91.0,200810,4000
reference,LA-SL,200811,2,16.539813,22.25,1.0,0.5,21.0,200810,4000
reference,LA-SL,200812,3,6.5104595,9.125,1.0,0.5,8.0,200810,4000
reference,LA-SL,200901,1,1.6105605000000003,2.0,1.0,1.0,1.0,200901,4000
reference,LA-SL,200902,2,18.877416,22.75,0.0,0.0,24.0,200901,4000
reference,LA-SL,200903,3,12.797296750000001,20.5,1.0,0.0,25.0,200901,4000
reference,LA-SL,200904,1,6.668288499999999,3.125,1.0,1.0,19.0,200904,4000
reference,LA-SL,200905,2,38.001940749999996,64.375,1.0,1.0,122.0,200904,4000
reference,LA-SL,200906,3,40.560556500000004,43.25,1.0,1.0,42.0,200904,4000
reference,LA-SL,200907,1,53.552754,21.5,1.0,1.0,164.0,200907,4000
reference,LA-SL,200908,2,46.62131,8.25,1.0,1.0,127.0,200907,4000
reference,LA-SL,200909,3,42.26988875000001,19.125,1.0,1.0,91.0,200907,4000
reference,LA-SL,200910,1,31.777886500000005,57.5,1.0,0.5,94.0,200910,4000
reference,LA-SL,200911,2,15.5903025,2.875,1.0,1.0,44.0,200910,4000
reference,LA-SL,200912,3,9.358070749999998,6.25,1.0,1.0,17.0,200910,4000
reference,LA-SV,200801,1,5.07465725,5.25,1.0,0.25,1.0,200801,4000
reference,LA-SV,200802,2,0.9054062500000001,1.0,1.0,1.0,1.0,200801,4000
reference,LA-SV,200803,3,0.50374125,0.25,1.0,1.0,1.0,200801,4000
reference,LA-SV,200804,1,1.73875225,1.75,1.0,1.0,0.0,200804,4000
reference,LA-SV,200805,2,2.0362655000000003,1.5,1.0,1.0,1.0,200804,4000
reference,LA-SV,200806,3,7.828074999999998,1.0,1.0,1.0,10.0,200804,4000
reference,LA-SV,200807,1,4.509112249999999,0.75,1.0,1.0,11.0,200807,4000
reference,LA-SV,200808,2,5.323398000000001,5.875,1.0,1.0,4.0,200807,4000
reference,LA-SV,200809,3,7.13209625,9.125,1.0,0.0,2.0,200807,4000
reference,LA-SV,200810,1,9.24925525,3.75,1.0,1.0,10.0,200810,4000
reference,LA-SV,200811,2,5.475899750000001,2.25,1.0,1.0,2.0,200810,4000
reference,LA-SV,200812,3,2.7140619999999998,1.75,1.0,1.0,0.0,200810,4000
reference,LA-SV,200901,1,0.08425049999999999,0.0,1.0,1.0,0.0,200901,4000
reference,LA-SV,200902,2,0.01625625,0.0,1.0,1.0,0.0,200901,4000
reference,LA-SV,200903,3,0.14629375,0.0,1.0,1.0,0.0,200901,4000
reference,LA-SV,200904,1,0.185825,0.0,1.0,1.0,0.0,200904,4000
reference,LA-SV,200905,2,1.11965375,1.5,1.0,1.0,0.0,200904,4000
reference,LA-SV,200906,3,1.40422875,1.5,1.0,1.0,1.0,200904,4000
reference,LA-SV,200907,1,9.98734625,12.25,0.0,0.0,13.0,200907,4000
reference,LA-SV,200908,2,30.862562,33.25,0.0,0.0,34.0,200907,4000
reference,LA-SV,200909,3,44.89906825,47.75,0.0,0.0,48.0,200907,4000
reference,LA-SV,200910,1,5.47385525,9.75,1.0,0.0,16.0,200910,4000
reference,LA-SV,200911,2,23.9468975,30.0,0.0,0.0,33.0,200910,4000
reference,LA-SV,200912,3,1.3976665000000001,2.75,1.0,1.0,4.0,200910,4000
reference,LA-VT,200801,1,13.30571325,7.5,1.0,1.0,29.0,200801,4000
reference,LA-VT,200802,2,4.5857905,8.5,1.0,0.75,12.0,200801,4000
reference,LA-VT,200803,3,16.93460375,23.5,0.0,0.0,26.0,200801,4000
reference,LA-VT,200804,1,14.914488749999999,17.25,1.0,0.25,4.0,200804,4000
reference,LA-VT,200805,2,19.2221855,21.75,1.0,1.0,17.0,200804,4000
reference,LA-VT,200806,3,77.715303,94.75,1.0,1.0,60.0,200804,4000
reference,LA-VT,200807,1,91.01573875,83.0,1.0,1.0,132.0,200807,4000
reference,LA-VT,200808,2,74.81927999999999,45.625,1.0,1.0,144.0,200807,4000
reference,LA-VT,200809,3,67.4471015,14.0,1.0,1.0,158.0,200807,4000
reference,LA-VT,200810,1,39.33362475,57.875,1.0,1.0,95.0,200810,4000
reference,LA-VT,200811,2,64.3154405,108.5,0.75,0.25,129.0,200810,4000
reference,LA-VT,200812,3,54.057878,82.0,0.5,0.0,91.0,200810,4000
reference,LA-VT,200901,1,20.23481175,31.25,0.25,0.0,38.0,200901,4000
reference,LA-VT,200902,2,13.02953925,17.75,0.0,0.0,20.0,200901,4000
reference,LA-VT,200903,3,5.983635000000001,9.0,1.0,1.0,19.0,200901,4000
reference,LA-VT,200904,1,12.46517175,2.5,1.0,1.0,33.0,200904,4000
reference,LA-VT,200905,2,98.94211525,121.375,1.0,0.5,54.0,200904,4000
reference,LA-VT,200906,3,190.02585625,237.25,1.0,0.25,104.0,200904,4000
reference,LA-VT,200907,1,116.18553749999998,12.25,1.0,1.0,302.0,200907,4000
reference,LA-VT,200908,2,110.94159075,69.25,1.0,1.0,356.0,200907,4000
reference,LA-VT,200909,3,134.543473,199.625,1.0,1.0,470.0,200907,4000
reference,LA-VT,200910,1,231.88814625,387.0,1.0,0.0,527.0,200910,4000
reference,LA-VT,200911,2,328.65175250000004,449.125,0.0,0.0,521.0,200910,4000
reference,LA-VT,200912,3,260.157383,328.875,0.0,0.0,366.0,200910,4000
reference,LA-XA,200801,1,1.054001,1.0,1.0,1.0,0.0,200801,4000
reference,LA-XA,200802,2,0.21647899999999998,0.0,1.0,1.0,0.0,200801,4000
reference,LA-XA,200803,3,0.15052349999999998,0.0,1.0,1.0,0.0,200801,4000
reference,LA-XA,200804,1,0.2197825,0.0,1.0,1.0,0.0,200804,4000
reference,LA-XA,200805,2,1.17536,2.0,1.0,0.25,2.0,200804,4000
reference,LA-XA,200806,3,3.8547027500000004,5.75,0.25,0.25,6.0,200804,4000
reference,LA-XA,200807,1,10.09031125,16.0,0.75,0.0,19.0,200807,4000
reference,LA-XA,200808,2,2.614113,5.0,1.0,0.0,7.0,200807,4000
reference,LA-XA,200809,3,0.95957625,1.0,1.0,1.0,1.0,200807,4000
reference,LA-XA,200810,1,1.5554447500000002,1.25,1.0,1.0,3.0,200810,4000
reference,LA-XA,200811,2,1.0248292499999998,1.0,1.0,1.0,2.0,200810,4000
reference,LA-XA,200812,3,0.54513875,1.0,1.0,1.0,1.0,200810,4000
reference,LA-XA,200901,1,0.10918524999999998,0.0,1.0,1.0,0.0,200901,4000
reference,LA-XA,200902,2,0.046587250000000004,0.0,1.0,1.0,0.0,200901,4000
reference,LA-XA,200903,3,0.242498,0.0,1.0,1.0,0.0,200901,4000
reference,LA-XA,200904,1,0.22259299999999999,0.0,1.0,1.0,0.0,200904,4000
reference,LA-XA,200905,2,0.6067407499999999,0.0,1.0,1.0,1.0,200904,4000
reference,LA-XA,200906,3,7.371586000000001,11.625,1.0,0.0,14.0,200904,4000
reference,LA-XA,200907,1,4.127990250000001,7.5,1.0,0.0,11.0,200907,4000
reference,LA-XA,200908,2,25.5224905,33.25,0.0,0.0,37.0,200907,4000
reference,LA-XA,200909,3,4.37416875,7.75,1.0,0.0,11.0,200907,4000
reference,LA-XA,200910,1,2.6752105000000004,1.5,1.0,1.0,5.0,200910,4000
reference,LA-XA,200911,2,1.5111265,2.0,1.0,1.0,5.0,200910,4000
reference,LA-XA,200912,3,0.9277090000000001,1.0,1.0,1.0,0.0,200910,4000
reference,LA-XE,200801,1,0.020480250000000012,0.0,1.0,1.0,0.0,200801,4000
reference,LA-XE,200802,2,0.011258249999999997,0.0,1.0,1.0,0.0,200801,4000
reference,LA-XE,200803,3,0.005881000000000004,0.0,1.0,1.0,0.0,200801,4000
reference,LA-XE,200804,1,0.03340225,0.0,1.0,1.0,0.0,200804,4000
reference,LA-XE,200805,2,0.06981975,0.0,1.0,1.0,0.0,200804,4000
reference,LA-XE,200806,3,3.730005,5.0,0.25,0.0,5.0,200804,4000
reference,LA-XE,200807,1,0.745544,1.0,1.0,1.0,0.0,200807,4000
reference,LA-XE,200808,2,0.9072212500000001,1.0,1.0,1.0,0.0,200807,4000
reference,LA-XE,200809,3,0.6580442499999999,0.25,1.0,1.0,1.0,200807,4000
reference,LA-XE,200810,1,0.31366425,0.5,1.0,1.0,0.0,200810,4000
reference,LA-XE,200811,2,0.14706349999999999,0.0,1.0,1.0,0.0,200810,4000
reference,LA-XE,200812,3,0.6286685,1.0,1.0,0.25,1.0,200810,4000
reference,LA-XE,200901,1,0.006947250000000002,0.0,1.0,1.0,0.0,200901,4000
reference,LA-XE,200902,2,1.843445,2.0,0.0,0.0,2.0,200901,4000
reference,LA-XE,200903,3,1.7464724999999999,2.0,0.0,0.0,2.0,200901,4000
reference,LA-XE,200904,1,0.39985799999999994,1.0,1.0,1.0,1.0,200904,4000
reference,LA-XE,200905,2,0.7384925,1.0,1.0,1.0,2.0,200904,4000
reference,LA-XE,200906,3,4.433444499999999,7.0,1.0,0.0,9.0,200904,4000
reference,LA-XE,200907,1,17.4044205,24.75,0.0,0.0,29.0,200907,4000
reference,LA-XE,200908,2,14.359637750000001,22.0,0.25,0.0,27.0,200907,4000
reference,LA-XE,200909,3,2.0445845,1.75,1.0,1.0,6.0,200907,4000
reference,LA-XE,200910,1,2.52172575,2.25,1.0,1.0,7.0,200910,4000
reference,LA-XE,200911,2,9.87008925,10.5,1.0,0.0,3.0,200910,4000
reference,LA-XE,200912,3,8.439068249999998,7.5,1.0,1.0,7.0,200910,4000
reference,LA-XI,200801,1,0.01658325,0.0,1.0,1.0,0.0,200801,4000
reference,LA-XI,200802,2,0.0021642500000000012,0.0,1.0,1.0,0.0,200801,4000
reference,LA-XI,200803,3,0.0031562500000000037,0.0,1.0,1.0,0.0,200801,4000
reference,LA-XI,200804,1,0.019149749999999997,0.0,1.0,1.0,0.0,200804,4000
reference,LA-XI,200805,2,0.02193250000000001,0.0,1.0,1.0,0.0,200804,4000
reference,LA-XI,200806,3,0.77151,1.0,0.25,0.25,1.0,200804,4000
reference,LA-XI,200807,1,0.12230649999999998,0.0,1.0,1.0,0.0,200807,4000
reference,LA-XI,200808,2,0.12021150000000003,0.0,1.0,1.0,0.0,200807,4000
reference,LA-XI,200809,3,0.11034474999999999,0.0,1.0,1.0,0.0,200807,4000
reference,LA-XI,200810,1,0.11534149999999997,0.0,1.0,1.0,0.0,200810,4000
reference,LA-XI,200811,2,0.08017774999999999,0.0,1.0,1.0,0.0,200810,4000
reference,LA-XI,200812,3,0.03664425,0.0,1.0,1.0,0.0,200810,4000
reference,LA-XI,200901,1,0.0011925000000000009,0.0,1.0,1.0,0.0,200901,4000
reference,LA-XI,200902,2,0.001970999999999997,0.0,1.0,1.0,0.0,200901,4000
reference,LA-XI,200903,3,0.0019642500000000025,0.0,1.0,1.0,0.0,200901,4000
reference,LA-XI,200904,1,0.0010600000000000028,0.0,1.0,1.0,0.0,200904,4000
reference,LA-XI,200905,2,38.84460325,39.0,0.0,0.0,39.0,200904,4000
reference,LA-XI,200906,3,32.6850935,33.0,0.0,0.0,33.0,200904,4000
reference,LA-XI,200907,1,12.706895749999997,16.75,1.0,0.0,1.0,200907,4000
reference,LA-XI,200908,2,11.88697325,14.375,1.0,1.0,10.0,200907,4000
reference,LA-XI,200909,3,15.59323,21.375,0.0,0.0,0.0,200907,4000
reference,LA-XI,200910,1,12.650469999999999,17.0,0.0,0.0,0.0,200910,4000
reference,LA-XI,200911,2,5.183632,7.25,1.0,0.0,0.0,200910,4000
reference,LA-XI,200912,3,2.4725165000000002,3.5,1.0,0.0,0.0,200910,4000
reference_r1,LA-AT,200801,1,2.091352,4.0,1.0,0.0,4.0,200801,1000
reference_r1,LA-AT,200802,2,1.038339,2.0,1.0,1.0,2.0,200801,1000
reference_r1,LA-AT,200803,3,0.3367819999999999,0.0,1.0,1.0,0.0,200801,1000
reference_r1,LA-AT,200804,1,0.85215,0.0,1.0,1.0,0.0,200804,1000
reference_r1,LA-AT,200805,2,1.98895,3.0,1.0,1.0,4.0,200804,1000
reference_r1,LA-AT,200806,3,4.905367,8.0,1.0,1.0,10.0,200804,1000
reference_r1,LA-AT,200807,1,2.8133979999999994,1.0,1.0,1.0,6.0,200807,1000
reference_r1,LA-AT,200808,2,3.2839970000000003,6.0,1.0,1.0,11.0,200807,1000
reference_r1,LA-AT,200809,3,11.267004000000002,18.0,1.0,0.0,24.0,200807,1000
reference_r1,LA-AT,200810,1,39.647764,47.0,0.0,0.0,47.0,200810,1000
reference_r1,LA-AT,200811,2,35.90739,43.0,0.0,0.0,43.0,200810,1000
reference_r1,LA-AT,200812,3,18.910365,23.0,0.0,0.0,23.0,200810,1000
reference_r1,LA-AT,200901,1,7.786972,13.0,1.0,0.0,18.0,200901,1000
reference_r1,LA-AT,200902,2,36.039210999999995,43.0,0.0,0.0,46.0,200901,1000
reference_r1,LA-AT,200903,3,55.46188,70.0,0.0,0.0,77.0,200901,1000
reference_r1,LA-AT,200904,1,40.436634,72.0,1.0,0.0,99.0,200904,1000
reference_r1,LA-AT,200905,2,76.74204499999999,105.0,0.0,0.0,0.0,200904,1000
reference_r1,LA-AT,200906,3,61.36704399999999,81.0,1.0,0.0,24.0,200904,1000
reference_r1,LA-AT,200907,1,97.32391600000003,129.0,1.0,0.0,64.0,200907,1000
reference_r1,LA-AT,200908,2,120.80215500000003,153.5,1.0,0.0,21.0,200907,1000
reference_r1,LA-AT,200909,3,215.50858000000005,275.0,0.0,0.0,17.0,200907,1000
reference_r1,LA-AT,200910,1,43.80103,56.0,1.0,0.0,4.0,200910,1000
reference_r1,LA-AT,200911,2,28.665796000000007,34.0,1.0,1.0,16.0,200910,1000
reference_r1,LA-AT,200912,3,34.51373199999999,44.0,1.0,0.0,6.0,200910,1000
reference_r1,LA-BK,200801,1,0.5474890000000001,1.0,1.0,1.0,1.0,200801,1000
reference_r1,LA-BK,200802,2,0.04858600000000002,0.0,1.0,1.0,0.0,200801,1000
reference_r1,LA-BK,200803,3,0.012502000000000013,0.0,1.0,1.0,0.0,200801,1000
reference_r1,LA-BK,200804,1,0.20532000000000006,0.0,1.0,1.0,0.0,200804,1000
reference_r1,LA-BK,200805,2,8.505462999999999,12.0,0.0,0.0,12.0,200804,1000
reference_r1,LA-BK,200806,3,47.078083,53.0,0.0,0.0,53.0,200804,1000
reference_r1,LA-BK,200807,1,15.992084000000002,22.0,1.0,0.0,2.0,200807,1000
reference_r1,LA-BK,200808,2,27.854366,36.0,1.0,0.0,9.0,200807,1000
reference_r1,LA-BK,200809,3,74.99175200000002,74.5,1.0,1.0,33.0,200807,1000
reference_r1,LA-BK,200810,1,25.906410000000008,40.0,1.0,1.0,48.0,200810,1000
reference_r1,LA-BK,200811,2,49.300135999999995,55.0,0.0,0.0,55.0,200810,1000
reference_r1,LA-BK,200812,3,3.261894,5.0,1.0,0.0,5.0,200810,1000
reference_r1,LA-BK,200901,1,0.4371769999999999,0.0,1.0,1.0,1.0,200901,1000
reference_r1,LA-BK,200902,2,0.31923500000000005,0.0,1.0,1.0,0.0,200901,1000
reference_r1,LA-BK,200903,3,0.7001460000000002,0.0,1.0,1.0,1.0,200901,1000
reference_r1,LA-BK,200904,1,1.6105999999999998,0.0,1.0,1.0,3.0,200904,1000
reference_r1,LA-BK,200905,2,40.607564,63.0,0.0,0.0,74.0,200904,1000
reference_r1,LA-BK,200906,3,132.209214,186.0,0.0,0.0,216.0,200904,1000
reference_r1,LA-BK,200907,1,97.55755099999999,161.0,1.0,0.0,212.0,200907,1000
reference_r1,LA-BK,200908,2,33.405533,58.5,1.0,1.0,110.0,200907,1000
reference_r1,LA-BK,200909,3,17.584457000000008,6.0,1.0,1.0,52.0,200907,1000
reference_r1,LA-BK,200910,1,27.273746000000003,31.5,1.0,1.0,31.0,200910,1000
reference_r1,LA-BK,200911,2,17.93582,24.0,1.0,0.0,5.0,200910,1000
reference_r1,LA-BK,200912,3,6.316735000000001,8.0,1.0,1.0,4.0,200910,1000
reference_r1,LA-BL,200801,1,6.270344,10.0,1.0,0.0,10.0,200801,1000
reference_r1,LA-BL,200802,2,6.490298,7.0,0.0,0.0,7.0,200801,1000
reference_r1,LA-BL,200803,3,0.647697,1.0,1.0,0.0,1.0,200801,1000
reference_r1,LA-BL,200804,1,1.733283,3.0,1.0,0.0,3.0,200804,1000
reference_r1,LA-BL,200805,2,11.314152,15.0,0.0,0.0,15.0,200804,1000
reference_r1,LA-BL,200806,3,11.766392000000002,19.0,1.0,0.0,19.0,200804,1000
reference_r1,LA-BL,200807,1,15.111246000000001,7.0,1.0,1.0,31.0,200807,1000
reference_r1,LA-BL,200808,2,20.309566999999994,15.0,1.0,1.0,32.0,200807,1000
reference_r1,LA-BL,200809,3,21.697166000000003,20.0,1.0,1.0,30.0,200807,1000
reference_r1,LA-BL,200810,1,3.0424299999999995,4.0,1.0,1.0,5.0,200810,1000
reference_r1,LA-BL,200811,2,6.377115,11.0,1.0,0.0,12.0,200810,1000
reference_r1,LA-BL,200812,3,0.6177099999999998,1.0,1.0,1.0,1.0,200810,1000
reference_r1,LA-BL,200901,1,0.7380200000000001,1.0,1.0,1.0,2.0,200901,1000
reference_r1,LA-BL,200902,2,1.4438820000000003,3.0,1.0,0.0,3.0,200901,1000
reference_r1,LA-BL,200903,3,1.4656820000000002,2.0,1.0,1.0,0.0,200901,1000
reference_r1,LA-BL,200904,1,0.7368840000000003,1.0,1.0,1.0,2.0,200904,1000
reference_r1,LA-BL,200905,2,3.564069,5.0,1.0,0.0,0.0,200904,1000
reference_r1,LA-BL,200906,3,3.912329999999999,2.0,1.0,1.0,7.0,200904,1000
reference_r1,LA-BL,200907,1,13.190880000000002,24.0,1.0,0.0,35.0,200907,1000
reference_r1,LA-BL,200908,2,4.981797000000002,2.0,1.0,1.0,9.0,200907,1000
reference_r1,LA-BL,200909,3,9.320691000000002,12.0,0.0,0.0,0.0,200907,1000
reference_r1,LA-BL,200910,1,3.972694999999999,5.0,1.0,0.0,1.0,200910,1000
reference_r1,LA-BL,200911,2,1.4222449999999998,1.0,1.0,1.0,2.0,200910,1000
reference_r1,LA-BL,200912,3,0.44376300000000013,0.0,1.0,1.0,1.0,200910,1000
reference_r1,LA-CH,200801,1,40.331038,69.0,1.0,0.0,73.0,200801,1000
reference_r1,LA-CH,200802,2,58.73070799999999,88.0,0.0,0.0,90.0,200801,1000
reference_r1,LA-CH,200803,3,61.030483000000004,89.5,0.0,0.0,92.0,200801,1000
reference_r1,LA-CH,200804,1,35.371748000000004,63.0,1.0,0.0,69.0,200804,1000
reference_r1,LA-CH,200805,2,59.778045999999996,106.0,1.0,0.0,113.0,200804,1000
reference_r1,LA-CH,200806,3,154.828375,275.5,1.0,0.0,295.0,200804,1000
reference_r1,LA-CH,200807,1,137.29749899999996,129.0,1.0,1.0,162.0,200807,1000
reference_r1,LA-CH,200808,2,99.16546100000005,91.5,1.0,1.0,143.0,200807,1000
reference_r1,LA-CH,200809,3,96.66013600000002,62.5,1.0,1.0,185.0,200807,1000
reference_r1,LA-CH,200810,1,80.422563,133.0,1.0,0.0,140.0,200810,1000
reference_r1,LA-CH,200811,2,61.10880100000001,98.0,1.0,0.0,102.0,200810,1000
reference_r1,LA-CH,200812,3,44.773629,70.5,0.0,0.0,73.0,200810,1000
reference_r1,LA-CH,200901,1,9.548929000000001,8.0,1.0,1.0,31.0,200901,1000
reference_r1,LA-CH,200902,2,22.039475,35.0,1.0,0.0,48.0,200901,1000
reference_r1,LA-CH,200903,3,19.877871999999996,35.0,1.0,1.0,60.0,200901,1000
reference_r1,LA-CH,200904,1,35.842599,65.0,1.0,1.0,102.0,200904,1000
reference_r1,LA-CH,200905,2,101.73623400000002,128.0,1.0,0.0,66.0,200904,1000
reference_r1,LA-CH,200906,3,97.97750499999998,97.0,1.0,1.0,124.0,200904,1000
reference_r1,LA-CH,200907,1,133.17688299999998,142.0,1.0,1.0,122.0,200907,1000
reference_r1,LA-CH,200908,2,75.591813,73.5,1.0,1.0,110.0,200907,1000
reference_r1,LA-CH,200909,3,106.512,115.0,1.0,1.0,105.0,200907,1000
reference_r1,LA-CH,200910,1,23.20210499999999,1.0,1.0,1.0,59.0,200910,1000
reference_r1,LA-CH,200911,2,30.232533000000004,33.0,1.0,1.0,35.0,200910,1000
reference_r1,LA-CH,200912,3,25.317729999999997,26.0,1.0,1.0,32.0,200910,1000
reference_r1,LA-HO,200801,1,0.03824099999999997,0.0,1.0,1.0,0.0,200801,1000
reference_r1,LA-HO,200802,2,0.005837999999999996,0.0,1.0,1.0,0.0,200801,1000
reference_r1,LA-HO,200803,3,0.023863999999999996,0.0,1.0,1.0,0.0,200801,1000
reference_r1,LA-HO,200804,1,0.04941799999999996,0.0,1.0,1.0,0.0,200804,1000
reference_r1,LA-HO,200805,2,0.06290400000000007,0.0,1.0,1.0,0.0,200804,1000
reference_r1,LA-HO,200806,3,0.10452499999999998,0.0,1.0,1.0,0.0,200804,1000
reference_r1,LA-HO,200807,1,0.02558100000000002,0.0,1.0,1.0,0.0,200807,1000
reference_r1,LA-HO,200808,2,0.035887999999999975,0.0,1.0,1.0,0.0,200807,1000
reference_r1,LA-HO,200809,3,0.7007369999999999,1.0,1.0,0.0,1.0,200807,1000
reference_r1,LA-HO,200810,1,0.27559200000000006,0.0,1.0,1.0,0.0,200810,1000
reference_r1,LA-HO,200811,2,0.10363699999999998,0.0,1.0,1.0,0.0,200810,1000
reference_r1,LA-HO,200812,3,0.71471,1.0,1.0,0.0,1.0,200810,1000
reference_r1,LA-HO,200901,1,0.013162000000000007,0.0,1.0,1.0,0.0,200901,1000
reference_r1,LA-HO,200902,2,0.029377000000000014,0.0,1.0,1.0,0.0,200901,1000
reference_r1,LA-HO,200903,3,0.024349999999999983,0.0,1.0,1.0,0.0,200901,1000
reference_r1,LA-HO,200904,1,0.003825999999999996,0.0,1.0,1.0,0.0,200904,1000
reference_r1,LA-HO,200905,2,0.018669999999999992,0.0,1.0,1.0,0.0,200904,1000
reference_r1,LA-HO,200906,3,0.046221999999999985,0.0,1.0,1.0,0.0,200904,1000
reference_r1,LA-HO,200907,1,0.02784500000000001,0.0,1.0,1.0,0.0,200907,1000
reference_r1,LA-HO,200908,2,0.052007000000000025,0.0,1.0,1.0,0.0,200907,1000
reference_r1,LA-HO,200909,3,0.6674599999999999,1.0,1.0,0.0,1.0,200907,1000
reference_r1,LA-HO,200910,1,0.651589,1.0,1.0,0.0,1.0,200910,1000
reference_r1,LA-HO,200911,2,0.8503809999999999,1.0,0.0,0.0,1.0,200910,1000
reference_r1,LA-HO,200912,3,0.9197069999999999,1.0,0.0,0.0,1.0,200910,1000
reference_r1,LA-KH,200801,1,1.0493810000000003,1.0,1.0,1.0,0.0,200801,1000
reference_r1,LA-KH,200802,2,0.07640599999999997,0.0,1.0,1.0,0.0,200801,1000
reference_r1,LA-KH,200803,3,0.054116,0.0,1.0,1.0,0.0,200801,1000
reference_r1,LA-KH,200804,1,0.5014750000000001,0.0,1.0,1.0,0.0,200804,1000
reference_r1,LA-KH,200805,2,0.6835380000000004,0.0,1.0,1.0,0.0,200804,1000
reference_r1,LA-KH,200806,3,2.7182139999999997,1.0,1.0,1.0,1.0,200804,1000
reference_r1,LA-KH,200807,1,1.4547440000000003,3.0,1.0,0.0,3.0,200807,1000
reference_r1,LA-KH,200808,2,0.41739099999999985,0.0,1.0,1.0,0.0,200807,1000
reference_r1,LA-KH,200809,3,2.13326,3.0,1.0,0.0,4.0,200807,1000
reference_r1,LA-KH,200810,1,3.3695880000000002,1.0,1.0,1.0,1.0,200810,1000
reference_r1,LA-KH,200811,2,2.4791239999999988,2.0,1.0,1.0,3.0,200810,1000
reference_r1,LA-KH,200812,3,1.960061,4.0,1.0,1.0,4.0,200810,1000
reference_r1,LA-KH,200901,1,0.07866699999999999,0.0,1.0,1.0,0.0,200901,1000
reference_r1,LA-KH,200902,2,0.03021399999999999,0.0,1.0,1.0,0.0,200901,1000
reference_r1,LA-KH,200903,3,4.566984,6.0,0.0,0.0,6.0,200901,1000
reference_r1,LA-KH,200904,1,0.6669950000000002,1.0,1.0,1.0,0.0,200904,1000
reference_r1,LA-KH,200905,2,1.9152550000000002,2.0,1.0,1.0,6.0,200904,1000
reference_r1,LA-KH,200906,3,59.991586000000005,74.0,0.0,0.0,80.0,200904,1000
reference_r1,LA-KH,200907,1,91.9368,133.0,0.0,0.0,155.0,200907,1000
reference_r1,LA-KH,200908,2,241.10606899999996,283.0,0.0,0.0,303.0,200907,1000
reference_r1,LA-KH,200909,3,208.68094,255.0,0.0,0.0,277.0,200907,1000
reference_r1,LA-KH,200910,1,24.529315999999994,29.5,1.0,1.0,85.0,200910,1000
reference_r1,LA-KH,200911,2,19.21558,35.0,1.0,1.0,61.0,200910,1000
reference_r1,LA-KH,200912,3,39.697626,56.0,0.0,0.0,67.0,200910,1000
reference_r1,LA-LM,200801,1,0.08042599999999994,0.0,1.0,1.0,0.0,200801,1000
reference_r1,LA-LM,200802,2,0.012979000000000018,0.0,1.0,1.0,0.0,200801,1000
reference_r1,LA-LM,200803,3,0.007276999999999992,0.0,1.0,1.0,0.0,200801,1000
reference_r1,LA-LM,200804,1,0.08726800000000001,0.0,1.0,1.0,0.0,200804,1000
reference_r1,LA-LM,200805,2,0.2847390000000001,0.0,1.0,1.0,0.0,200804,1000
reference_r1,LA-LM,200806,3,0.25965099999999985,0.0,1.0,1.0,0.0,200804,1000
reference_r1,LA-LM,200807,1,0.059771000000000074,0.0,1.0,1.0,0.0,200807,1000
reference_r1,LA-LM,200808,2,0.052497000000000016,0.0,1.0,1.0,0.0,200807,1000
reference_r1,LA-LM,200809,3,0.07301099999999999,0.0,1.0,1.0,0.0,200807,1000
reference_r1,LA-LM,200810,1,0.757307,0.0,1.0,1.0,0.0,200810,1000
reference_r1,LA-LM,200811,2,0.3077590000000001,0.0,1.0,1.0,0.0,200810,1000
reference_r1,LA-LM,200812,3,0.151748,0.0,1.0,1.0,0.0,200810,1000
reference_r1,LA-LM,200901,1,0.00020299999999999832,0.0,1.0,1.0,0.0,200901,1000
reference_r1,LA-LM,200902,2,0.00012200000000000058,0.0,1.0,1.0,0.0,200901,1000
reference_r1,LA-LM,200903,3,0.0003699999999999988,0.0,1.0,1.0,0.0,200901,1000
reference_r1,LA-LM,200904,1,0.929566,1.0,0.0,0.0,1.0,200904,1000
reference_r1,LA-LM,200905,2,0.012608999999999981,0.0,1.0,1.0,0.0,200904,1000
reference_r1,LA-LM,200906,3,1.5899539999999999,2.0,0.0,0.0,2.0,200904,1000
reference_r1,LA-LM,200907,1,0.5418470000000002,0.0,1.0,1.0,1.0,200907,1000
reference_r1,LA-LM,200908,2,0.8290549999999999,1.0,1.0,1.0,0.0,200907,1000
reference_r1,LA-LM,200909,3,1.6954730000000002,3.0,1.0,0.0,4.0,200907,1000
reference_r1,LA-LM,200910,1,2.691243,4.0,1.0,0.0,5.0,200910,1000
reference_r1,LA-LM,200911,2,4.8377289999999995,6.0,0.0,0.0,6.0,200910,1000
reference_r1,LA-LM,200912,3,3.418282,4.0,0.0,0.0,4.0,200910,1000
reference_r1,LA-LP,200801,1,0.21552499999999997,0.0,1.0,1.0,0.0,200801,1000
reference_r1,LA-LP,200802,2,15.532964,16.0,0.0,0.0,16.0,200801,1000
reference_r1,LA-LP,200803,3,21.64521,22.0,0.0,0.0,22.0,200801,1000
reference_r1,LA-LP,200804,1,30.965601999999997,33.0,0.0,0.0,33.0,200804,1000
reference_r1,LA-LP,200805,2,112.407563,116.0,0.0,0.0,116.0,200804,1000
reference_r1,LA-LP,200806,3,153.71472400000002,160.0,0.0,0.0,160.0,200804,1000
reference_r1,LA-LP,200807,1,134.98064100000002,178.0,0.0,0.0,16.0,200807,1000
reference_r1,LA-LP,200808,2,115.861131,153.0,0.0,0.0,13.0,200807,1000
reference_r1,LA-LP,200809,3,92.13895300000001,124.0,1.0,0.0,14.0,200807,1000
reference_r1,LA-LP,200810,1,25.585696000000002,33.0,0.0,0.0,33.0,200810,1000
reference_r1,LA-LP,200811,2,110.28193,116.0,0.0,0.0,116.0,200810,1000
reference_r1,LA-LP,200812,3,158.404766,161.0,0.0,0.0,161.0,200810,1000
reference_r1,LA-LP,200901,1,7.4344490000000025,10.0,1.0,0.0,0.0,200901,1000
reference_r1,LA-LP,200902,2,6.1933430000000005,8.0,1.0,0.0,0.0,200901,1000
reference_r1,LA-LP,200903,3,13.385190999999995,16.0,0.0,0.0,0.0,200901,1000
reference_r1,LA-LP,200904,1,15.942543999999998,20.0,0.0,0.0,0.0,200904,1000
reference_r1,LA-LP,200905,2,41.352588999999995,53.0,0.0,0.0,0.0,200904,1000
reference_r1,LA-LP,200906,3,80.67859200000001,107.0,1.0,0.0,9.0,200904,1000
reference_r1,LA-LP,200907,1,21.636878,27.0,0.0,0.0,30.0,200907,1000
reference_r1,LA-LP,200908,2,21.658838000000003,29.0,0.0,0.0,32.0,200907,1000
reference_r1,LA-LP,200909,3,302.747596,310.0,0.0,0.0,313.0,200907,1000
reference_r1,LA-LP,200910,1,96.617551,137.0,0.0,0.0,165.0,200910,1000
reference_r1,LA-LP,200911,2,56.567078,76.0,0.0,0.0,87.0,200910,1000
reference_r1,LA-LP,200912,3,2.9817919999999996,4.0,1.0,0.0,0.0,200910,1000
reference_r1,LA-OU,200801,1,0.2200009999999999,0.0,1.0,1.0,0.0,200801,1000
reference_r1,LA-OU,200802,2,0.037648000000000015,0.0,1.0,1.0,0.0,200801,1000
reference_r1,LA-OU,200803,3,0.016075000000000006,0.0,1.0,1.0,0.0,200801,1000
reference_r1,LA-OU,200804,1,0.20113599999999987,0.0,1.0,1.0,0.0,200804,1000
reference_r1,LA-OU,200805,2,0.418631,0.0,1.0,1.0,0.0,200804,1000
reference_r1,LA-OU,200806,3,0.5079800000000003,0.0,1.0,1.0,0.0,200804,1000
reference_r1,LA-OU,200807,1,0.07020300000000002,0.0,1.0,1.0,0.0,200807,1000
reference_r1,LA-OU,200808,2,0.05829699999999999,0.0,1.0,1.0,0.0,200807,1000
reference_r1,LA-OU,200809,3,0.054788,0.0,1.0,1.0,0.0,200807,1000
reference_r1,LA-OU,200810,1,1.0290050000000002,0.5,1.0,1.0,0.0,200810,1000
reference_r1,LA-OU,200811,2,0.6885219999999999,0.0,1.0,1.0,0.0,200810,1000
reference_r1,LA-OU,200812,3,0.198561,0.0,1.0,1.0,0.0,200810,1000
reference_r1,LA-OU,200901,1,0.000196,0.0,1.0,1.0,0.0,200901,1000
reference_r1,LA-OU,200902,2,0.00022799999999999904,0.0,1.0,1.0,0.0,200901,1000
reference_r1,LA-OU,200903,3,0.0007370000000000015,0.0,1.0,1.0,0.0,200901,1000
reference_r1,LA-OU,200904,1,0.003691,0.0,1.0,1.0,0.0,200904,1000
reference_r1,LA-OU,200905,2,0.01652699999999996,0.0,1.0,1.0,0.0,200904,1000
reference_r1,LA-OU,200906,3,0.04514000000000001,0.0,1.0,1.0,0.0,200904,1000
reference_r1,LA-OU,200907,1,0.062145000000000006,0.0,1.0,1.0,0.0,200907,1000
reference_r1,LA-OU,200908,2,0.569727,1.0,1.0,1.0,1.0,200907,1000
reference_r1,LA-OU,200909,3,13.910039000000001,15.0,0.0,0.0,15.0,200907,1000
reference_r1,LA-OU,200910,1,2.793292,5.0,1.0,0.0,6.0,200910,1000
reference_r1,LA-OU,200911,2,11.069588999999999,13.0,0.0,0.0,13.0,200910,1000
reference_r1,LA-OU,200912,3,17.175505,18.0,0.0,0.0,18.0,200910,1000
reference_r1,LA-PH,200901,1,0.015471999999999986,0.0,1.0,1.0,0.0,200901,1000
reference_r1,LA-PH,200902,2,0.021260999999999974,0.0,1.0,1.0,0.0,200901,1000
reference_r1,LA-PH,200903,3,0.023541999999999952,0.0,1.0,1.0,0.0,200901,1000
reference_r1,LA-PH,200904,1,0.0028490000000000043,0.0,1.0,1.0,0.0,200904,1000
reference_r1,LA-PH,200905,2,0.009741,0.0,1.0,1.0,0.0,200904,1000
reference_r1,LA-PH,200906,3,0.030283000000000004,0.0,1.0,1.0,0.0,200904,1000
reference_r1,LA-PH,200907,1,0.02846000000000004,0.0,1.0,1.0,0.0,200907,1000
reference_r1,LA-PH,200909,3,0.037234000000000045,0.0,1.0,1.0,0.0,200907,1000
reference_r1,LA-PH,200910,1,0.011857000000000006,0.0,1.0,1.0,0.0,200910,1000
reference_r1,LA-PH,200911,2,0.0017829999999999999,0.0,1.0,1.0,0.0,200910,1000
reference_r1,LA-PH,200912,3,0.0002899999999999986,0.0,1.0,1.0,0.0,200910,1000
reference_r1,LA-SL,200801,1,1.5477530000000002,1.0,1.0,1.0,0.0,200801,1000
reference_r1,LA-SL,200802,2,0.7034000000000002,1.0,1.0,1.0,1.0,200801,1000
reference_r1,LA-SL,200803,3,2.91205,5.0,1.0,0.0,5.0,200801,1000
reference_r1,LA-SL,200804,1,1.6254470000000003,1.0,1.0,1.0,2.0,200804,1000
reference_r1,LA-SL,200805,2,89.12173999999999,104.0,0.0,0.0,105.0,200804,1000
reference_r1,LA-SL,200806,3,177.928791,223.0,0.0,0.0,226.0,200804,1000
reference_r1,LA-SL,200807,1,49.36761299999998,41.0,1.0,1.0,78.0,200807,1000
reference_r1,LA-SL,200808,2,47.559943000000004,48.0,1.0,1.0,63.0,200807,1000
reference_r1,LA-SL,200809,3,44.591764999999995,31.0,1.0,1.0,85.0,200807,1000
reference_r1,LA-SL,200810,1,62.48147300000001,89.0,0.0,0.0,91.0,200810,1000
reference_r1,LA-SL,200811,2,11.165134999999998,20.0,1.0,0.0,21.0,200810,1000
reference_r1,LA-SL,200812,3,4.056982,7.0,1.0,0.0,8.0,200810,1000
reference_r1,LA-SL,200901,1,1.5668170000000003,2.0,1.0,1.0,1.0,200901,1000
reference_r1,LA-SL,200902,2,18.579723,23.0,0.0,0.0,24.0,200901,1000
reference_r1,LA-SL,200903,3,12.949234,21.0,1.0,0.0,25.0,200901,1000
reference_r1,LA-SL,200904,1,6.164811999999998,5.0,1.0,1.0,19.0,200904,1000
reference_r1,LA-SL,200905,2,40.82288299999999,72.5,1.0,1.0,122.0,200904,1000
reference_r1,LA-SL,200906,3,38.546383000000006,40.0,1.0,1.0,42.0,200904,1000
reference_r1,LA-SL,200907,1,50.47881899999999,32.0,1.0,1.0,164.0,200907,1000
reference_r1,LA-SL,200908,2,43.817710000000005,12.0,1.0,1.0,127.0,200907,1000
reference_r1,LA-SL,200909,3,42.179771,15.0,1.0,1.0,91.0,200907,1000
reference_r1,LA-SL,200910,1,31.730217000000003,57.0,1.0,0.0,94.0,200910,1000
reference_r1,LA-SL,200911,2,16.504367000000002,2.0,1.0,1.0,44.0,200910,1000
reference_r1,LA-SL,200912,3,9.124898999999996,5.0,1.0,1.0,17.0,200910,1000
reference_r1,LA-SV,200801,1,5.054888999999999,1.0,1.0,1.0,1.0,200801,1000
reference_r1,LA-SV,200802,2,0.9326840000000005,1.0,1.0,1.0,1.0,200801,1000
reference_r1,LA-SV,200803,3,0.6937060000000002,1.0,1.0,1.0,1.0,200801,1000
reference_r1,LA-SV,200804,1,3.4543300000000006,2.0,1.0,1.0,0.0,200804,1000
reference_r1,LA-SV,200805,2,3.8509990000000016,1.0,1.0,1.0,1.0,200804,1000
reference_r1,LA-SV,200806,3,18.336816999999996,1.0,1.0,1.0,10.0,200804,1000
reference_r1,LA-SV,200807,1,4.729804999999999,1.0,1.0,1.0,11.0,200807,1000
reference_r1,LA-SV,200808,2,5.238889,5.0,1.0,1.0,4.0,200807,1000
reference_r1,LA-SV,200809,3,7.727119000000002,10.0,1.0,0.0,2.0,200807,1000
reference_r1,LA-SV,200810,1,16.180453,3.0,1.0,1.0,10.0,200810,1000
reference_r1,LA-SV,200811,2,12.453546000000003,6.0,1.0,1.0,2.0,200810,1000
reference_r1,LA-SV,200812,3,4.752312,2.0,1.0,1.0,0.0,200810,1000
reference_r1,LA-SV,200901,1,0.07334000000000002,0.0,1.0,1.0,0.0,200901,1000
reference_r1,LA-SV,200902,2,0.018238000000000004,0.0,1.0,1.0,0.0,200901,1000
reference_r1,LA-SV,200903,3,0.16078199999999998,0.0,1.0,1.0,0.0,200901,1000
reference_r1,LA-SV,200904,1,0.171334,0.0,1.0,1.0,0.0,200904,1000
reference_r1,LA-SV,200905,2,1.0950219999999997,1.0,1.0,1.0,0.0,200904,1000
reference_r1,LA-SV,200906,3,1.2991359999999998,1.0,1.0,1.0,1.0,200904,1000
reference_r1,LA-SV,200907,1,10.228181999999999,13.0,0.0,0.0,13.0,200907,1000
reference_r1,LA-SV,200908,2,30.796929,34.0,0.0,0.0,34.0,200907,1000
reference_r1,LA-SV,200909,3,44.939433,48.0,0.0,0.0,48.0,200907,1000
reference_r1,LA-SV,200910,1,5.245462,9.0,1.0,0.0,16.0,200910,1000
reference_r1,LA-SV,200911,2,24.069547,30.0,0.0,0.0,33.0,200910,1000
reference_r1,LA-SV,200912,3,1.43189,3.0,1.0,1.0,4.0,200910,1000
reference_r1,LA-VT,200801,1,21.341881,18.0,1.0,1.0,29.0,200801,1000
reference_r1,LA-VT,200802,2,6.089366999999999,11.0,1.0,0.0,12.0,200801,1000
reference_r1,LA-VT,200803,3,16.431846,25.0,0.0,0.0,26.0,200801,1000
reference_r1,LA-VT,200804,1,6.893156000000001,0.0,1.0,1.0,4.0,200804,1000
reference_r1,LA-VT,200805,2,9.922688,14.0,1.0,1.0,17.0,200804,1000
reference_r1,LA-VT,200806,3,33.772422000000006,47.5,1.0,1.0,60.0,200804,1000
reference_r1,LA-VT,200807,1,92.363651,84.0,1.0,1.0,132.0,200807,1000
reference_r1,LA-VT,200808,2,77.09418999999997,56.0,1.0,1.0,144.0,200807,1000
reference_r1,LA-VT,200809,3,69.95742200000001,8.0,1.0,1.0,158.0,200807,1000
reference_r1,LA-VT,200810,1,51.24025799999998,78.0,1.0,1.0,95.0,200810,1000
reference_r1,LA-VT,200811,2,60.93186499999999,114.0,1.0,1.0,129.0,200810,1000
reference_r1,LA-VT,200812,3,50.861639000000004,85.0,1.0,0.0,91.0,200810,1000
reference_r1,LA-VT,200901,1,20.43467,31.0,0.0,0.0,38.0,200901,1000
reference_r1,LA-VT,200902,2,12.605837,17.0,0.0,0.0,20.0,200901,1000
reference_r1,LA-VT,200903,3,5.681083000000001,8.0,1.0,1.0,19.0,200901,1000
reference_r1,LA-VT,200904,1,11.914895999999999,3.0,1.0,1.0,33.0,200904,1000
reference_r1,LA-VT,200905,2,109.58152099999998,145.0,1.0,0.0,54.0,200904,1000
reference_r1,LA-VT,200906,3,165.48611899999997,201.5,1.0,1.0,104.0,200904,1000
reference_r1,LA-VT,200907,1,114.8888,4.0,1.0,1.0,302.0,200907,1000
reference_r1,LA-VT,200908,2,109.843615,71.5,1.0,1.0,356.0,200907,1000
reference_r1,LA-VT,200909,3,139.69896800000004,214.5,1.0,1.0,470.0,200907,1000
reference_r1,LA-VT,200910,1,226.39756,382.5,1.0,0.0,527.0,200910,1000
reference_r1,LA-VT,200911,2,329.51533,451.0,0.0,0.0,521.0,200910,1000
reference_r1,LA-VT,200912,3,256.20019099999996,328.5,0.0,0.0,366.0,200910,1000
reference_r1,LA-XA,200801,1,1.0978960000000004,0.0,1.0,1.0,0.0,200801,1000
reference_r1,LA-XA,200802,2,0.16497800000000007,0.0,1.0,1.0,0.0,200801,1000
reference_r1,LA-XA,200803,3,0.08854199999999995,0.0,1.0,1.0,0.0,200801,1000
reference_r1,LA-XA,200804,1,0.681594,0.0,1.0,1.0,0.0,200804,1000
reference_r1,LA-XA,200805,2,1.1954659999999997,2.0,1.0,1.0,2.0,200804,1000
reference_r1,LA-XA,200806,3,3.126697000000001,5.0,1.0,1.0,6.0,200804,1000
reference_r1,LA-XA,200807,1,9.961991999999999,16.0,1.0,0.0,19.0,200807,1000
reference_r1,LA-XA,200808,2,2.540697,5.0,1.0,0.0,7.0,200807,1000
reference_r1,LA-XA,200809,3,0.9408460000000001,1.0,1.0,1.0,1.0,200807,1000
reference_r1,LA-XA,200810,1,1.9725069999999993,2.0,1.0,1.0,3.0,200810,1000
reference_r1,LA-XA,200811,2,1.4109499999999997,1.0,1.0,1.0,2.0,200810,1000
reference_r1,LA-XA,200812,3,0.7268349999999999,1.0,1.0,1.0,1.0,200810,1000
reference_r1,LA-XA,200901,1,0.09849999999999998,0.0,1.0,1.0,0.0,200901,1000
reference_r1,LA-XA,200902,2,0.047873,0.0,1.0,1.0,0.0,200901,1000
reference_r1,LA-XA,200903,3,0.25890099999999994,0.0,1.0,1.0,0.0,200901,1000
reference_r1,LA-XA,200904,1,0.206951,0.0,1.0,1.0,0.0,200904,1000
reference_r1,LA-XA,200905,2,0.647268,0.0,1.0,1.0,1.0,200904,1000
reference_r1,LA-XA,200906,3,7.316830000000001,11.5,1.0,0.0,14.0,200904,1000
reference_r1,LA-XA,200907,1,4.052153000000001,7.0,1.0,0.0,11.0,200907,1000
reference_r1,LA-XA,200908,2,26.642136,34.0,0.0,0.0,37.0,200907,1000
reference_r1,LA-XA,200909,3,4.5856699999999995,8.0,1.0,0.0,11.0,200907,1000
reference_r1,LA-XA,200910,1,2.7666399999999998,2.0,1.0,1.0,5.0,200910,1000
reference_r1,LA-XA,200911,2,1.5309909999999998,2.0,1.0,1.0,5.0,200910,1000
reference_r1,LA-XA,200912,3,0.9335810000000002,1.0,1.0,1.0,0.0,200910,1000
reference_r1,LA-XE,200801,1,0.036726000000000036,0.0,1.0,1.0,0.0,200801,1000
reference_r1,LA-XE,200802,2,0.022048999999999985,0.0,1.0,1.0,0.0,200801,1000
reference_r1,LA-XE,200803,3,0.010866000000000015,0.0,1.0,1.0,0.0,200801,1000
reference_r1,LA-XE,200804,1,0.06956400000000001,0.0,1.0,1.0,0.0,200804,1000
reference_r1,LA-XE,200805,2,0.10871600000000003,0.0,1.0,1.0,0.0,200804,1000
reference_r1,LA-XE,200806,3,3.3767229999999997,5.0,1.0,0.0,5.0,200804,1000
reference_r1,LA-XE,200807,1,0.7153569999999998,1.0,1.0,1.0,0.0,200807,1000
reference_r1,LA-XE,200808,2,0.9476080000000002,1.0,1.0,1.0,0.0,200807,1000
reference_r1,LA-XE,200809,3,0.624492,0.0,1.0,1.0,1.0,200807,1000
reference_r1,LA-XE,200810,1,0.24947699999999995,0.0,1.0,1.0,0.0,200810,1000
reference_r1,LA-XE,200811,2,0.152713,0.0,1.0,1.0,0.0,200810,1000
reference_r1,LA-XE,200812,3,0.6481939999999999,1.0,1.0,0.0,1.0,200810,1000
reference_r1,LA-XE,200901,1,0.005976999999999996,0.0,1.0,1.0,0.0,200901,1000
reference_r1,LA-XE,200902,2,1.871531,2.0,0.0,0.0,2.0,200901,1000
reference_r1,LA-XE,200903,3,1.753701,2.0,0.0,0.0,2.0,200901,1000
reference_r1,LA-XE,200904,1,0.411836,1.0,1.0,1.0,1.0,200904,1000
reference_r1,LA-XE,200905,2,0.7158640000000001,1.0,1.0,1.0,2.0,200904,1000
reference_r1,LA-XE,200906,3,4.322445999999999,7.0,1.0,0.0,9.0,200904,1000
reference_r1,LA-XE,200907,1,18.308099,25.0,0.0,0.0,29.0,200907,1000
reference_r1,LA-XE,200908,2,14.255975000000001,22.0,0.0,0.0,27.0,200907,1000
reference_r1,LA-XE,200909,3,1.973808,2.0,1.0,1.0,6.0,200907,1000
reference_r1,LA-XE,200910,1,2.4530259999999995,2.0,1.0,1.0,7.0,200910,1000
reference_r1,LA-XE,200911,2,9.430264999999999,10.0,1.0,0.0,3.0,200910,1000
reference_r1,LA-XE,200912,3,9.311405999999998,8.0,1.0,1.0,7.0,200910,1000
reference_r1,LA-XI,200801,1,0.065724,0.0,1.0,1.0,0.0,200801,1000
reference_r1,LA-XI,200802,2,0.008416000000000007,0.0,1.0,1.0,0.0,200801,1000
reference_r1,LA-XI,200803,3,0.012004000000000015,0.0,1.0,1.0,0.0,200801,1000
reference_r1,LA-XI,200804,1,0.06154799999999999,0.0,1.0,1.0,0.0,200804,1000
reference_r1,LA-XI,200805,2,0.07688300000000003,0.0,1.0,1.0,0.0,200804,1000
reference_r1,LA-XI,200806,3,0.578003,1.0,1.0,1.0,1.0,200804,1000
reference_r1,LA-XI,200807,1,0.15201700000000007,0.0,1.0,1.0,0.0,200807,1000
reference_r1,LA-XI,200808,2,0.11451800000000001,0.0,1.0,1.0,0.0,200807,1000
reference_r1,LA-XI,200809,3,0.122691,0.0,1.0,1.0,0.0,200807,1000
reference_r1,LA-XI,200810,1,0.17302899999999988,0.0,1.0,1.0,0.0,200810,1000
reference_r1,LA-XI,200811,2,0.160045,0.0,1.0,1.0,0.0,200810,1000
reference_r1,LA-XI,200812,3,0.07214700000000002,0.0,1.0,1.0,0.0,200810,1000
reference_r1,LA-XI,200901,1,0.001125000000000001,0.0,1.0,1.0,0.0,200901,1000
reference_r1,LA-XI,200902,2,0.002779999999999991,0.0,1.0,1.0,0.0,200901,1000
reference_r1,LA-XI,200903,3,0.0014030000000000015,0.0,1.0,1.0,0.0,200901,1000
reference_r1,LA-XI,200904,1,0.000841999999999999,0.0,1.0,1.0,0.0,200904,1000
reference_r1,LA-XI,200905,2,38.876591,39.0,0.0,0.0,39.0,200904,1000
reference_r1,LA-XI,200906,3,32.724804,33.0,0.0,0.0,33.0,200904,1000
reference_r1,LA-XI,200907,1,12.035633,16.0,1.0,0.0,1.0,200907,1000
reference_r1,LA-XI,200908,2,11.475671000000002,14.0,1.0,1.0,10.0,200907,1000
reference_r1,LA-XI,200909,3,15.786394000000001,21.0,0.0,0.0,0.0,200907,1000
reference_r1,LA-XI,200910,1,12.509348000000003,16.0,0.0,0.0,0.0,200910,1000
reference_r1,LA-XI,200911,2,5.162178999999999,7.0,1.0,0.0,0.0,200910,1000
reference_r1,LA-XI,200912,3,2.583159,4.0,1.0,0.0,0.0,200910,1000
reference_r2,LA-AT,200801,1,2.987429,4.0,0.0,0.0,4.0,200801,1000
reference_r2,LA-AT,200802,2,1.3316919999999999,2.0,1.0,0.0,2.0,200801,1000
reference_r2,LA-AT,200803,3,0.05068400000000001,0.0,1.0,1.0,0.0,200801,1000
reference_r2,LA-AT,200804,1,0.40669599999999995,1.0,1.0,1.0,0.0,200804,1000
reference_r2,LA-AT,200805,2,1.715502,3.0,1.0,0.0,4.0,200804,1000
reference_r2,LA-AT,200806,3,4.889550000000001,8.0,1.0,0.0,10.0,200804,1000
reference_r2,LA-AT,200807,1,2.3325199999999997,0.0,1.0,1.0,6.0,200807,1000
reference_r2,LA-AT,200808,2,3.9961540000000007,7.0,1.0,0.0,11.0,200807,1000
reference_r2,LA-AT,200809,3,12.039511000000001,19.0,1.0,0.0,24.0,200807,1000
reference_r2,LA-AT,200810,1,33.694456,43.0,0.0,0.0,47.0,200810,1000
reference_r2,LA-AT,200811,2,35.553124,41.0,0.0,0.0,43.0,200810,1000
reference_r2,LA-AT,200812,3,17.652717,21.0,0.0,0.0,23.0,200810,1000
reference_r2,LA-AT,200901,1,7.903243000000001,14.0,1.0,0.0,18.0,200901,1000
reference_r2,LA-AT,200902,2,39.384568,44.0,0.0,0.0,46.0,200901,1000
reference_r2,LA-AT,200903,3,59.459528000000006,71.0,0.0,0.0,77.0,200901,1000
reference_r2,LA-AT,200904,1,36.295313,65.5,1.0,0.0,99.0,200904,1000
reference_r2,LA-AT,200905,2,85.45706200000001,110.0,0.0,0.0,0.0,200904,1000
reference_r2,LA-AT,200906,3,74.694748,97.0,1.0,0.0,24.0,200904,1000
reference_r2,LA-AT,200907,1,98.22811300000001,125.5,1.0,1.0,64.0,200907,1000
reference_r2,LA-AT,200908,2,104.06197,131.0,1.0,0.0,21.0,200907,1000
reference_r2,LA-AT,200909,3,216.94460200000003,288.5,0.0,0.0,17.0,200907,1000
reference_r2,LA-AT,200910,1,45.142894,56.5,0.0,0.0,4.0,200910,1000
reference_r2,LA-AT,200911,2,27.742604,34.0,1.0,0.0,16.0,200910,1000
reference_r2,LA-AT,200912,3,34.24369,43.0,1.0,0.0,6.0,200910,1000
reference_r2,LA-BK,200801,1,0.950629,1.0,0.0,0.0,1.0,200801,1000
reference_r2,LA-BK,200802,2,0.0001449999999999993,0.0,1.0,1.0,0.0,200801,1000
reference_r2,LA-BK,200803,3,6.399999999999982e-05,0.0,1.0,1.0,0.0,200801,1000
reference_r2,LA-BK,200804,1,0.03380299999999997,0.0,1.0,1.0,0.0,200804,1000
reference_r2,LA-BK,200805,2,10.777213999999999,12.0,0.0,0.0,12.0,200804,1000
reference_r2,LA-BK,200806,3,51.321175,53.0,0.0,0.0,53.0,200804,1000
reference_r2,LA-BK,200807,1,17.319858000000004,24.0,1.0,0.0,2.0,200807,1000
reference_r2,LA-BK,200808,2,23.366509000000008,26.5,1.0,0.0,9.0,200807,1000
reference_r2,LA-BK,200809,3,69.34239499999998,67.0,1.0,1.0,33.0,200807,1000
reference_r2,LA-BK,200810,1,34.14595099999998,23.5,1.0,1.0,48.0,200810,1000
reference_r2,LA-BK,200811,2,43.494818,51.0,0.0,0.0,55.0,200810,1000
reference_r2,LA-BK,200812,3,1.7791110000000003,3.0,1.0,0.0,5.0,200810,1000
reference_r2,LA-BK,200901,1,0.424342,0.0,1.0,1.0,1.0,200901,1000
reference_r2,LA-BK,200902,2,0.24388300000000007,0.0,1.0,1.0,0.0,200901,1000
reference_r2,LA-BK,200903,3,0.5096340000000001,0.0,1.0,1.0,1.0,200901,1000
reference_r2,LA-BK,200904,1,1.5815989999999998,1.0,1.0,1.0,3.0,200904,1000
reference_r2,LA-BK,200905,2,44.212572,63.0,0.0,0.0,74.0,200904,1000
reference_r2,LA-BK,200906,3,131.548064,186.0,0.0,0.0,216.0,200904,1000
reference_r2,LA-BK,200907,1,98.86483299999999,165.0,1.0,0.0,212.0,200907,1000
reference_r2,LA-BK,200908,2,34.328286,60.5,1.0,1.0,110.0,200907,1000
reference_r2,LA-BK,200909,3,18.353923,5.0,1.0,1.0,52.0,200907,1000
reference_r2,LA-BK,200910,1,26.323787999999993,27.0,1.0,1.0,31.0,200910,1000
reference_r2,LA-BK,200911,2,15.908774000000001,21.0,1.0,0.0,5.0,200910,1000
reference_r2,LA-BK,200912,3,5.932777,8.0,1.0,1.0,4.0,200910,1000
reference_r2,LA-BL,200801,1,5.068238000000001,8.0,1.0,0.0,10.0,200801,1000
reference_r2,LA-BL,200802,2,5.7755220000000005,7.0,0.0,0.0,7.0,200801,1000
reference_r2,LA-BL,200803,3,0.376258,1.0,1.0,1.0,1.0,200801,1000
reference_r2,LA-BL,200804,1,3.168061,3.0,1.0,1.0,3.0,200804,1000
reference_r2,LA-BL,200805,2,4.890164,7.0,1.0,1.0,15.0,200804,1000
reference_r2,LA-BL,200806,3,7.374464,3.0,1.0,1.0,19.0,200804,1000
reference_r2,LA-BL,200807,1,19.732873000000005,14.0,1.0,1.0,31.0,200807,1000
reference_r2,LA-BL,200808,2,19.315240999999993,16.0,1.0,1.0,32.0,200807,1000
reference_r2,LA-BL,200809,3,18.525991000000005,12.0,1.0,1.0,30.0,200807,1000
reference_r2,LA-BL,200810,1,10.824580999999998,15.0,1.0,0.0,5.0,200810,1000
reference_r2,LA-BL,200811,2,3.4694249999999993,4.0,1.0,1.0,12.0,200810,1000
reference_r2,LA-BL,200812,3,1.646611,2.0,1.0,1.0,1.0,200810,1000
reference_r2,LA-BL,200901,1,0.707819,1.0,1.0,1.0,2.0,200901,1000
reference_r2,LA-BL,200902,2,1.707538,3.0,1.0,0.0,3.0,200901,1000
reference_r2,LA-BL,200903,3,1.1693989999999999,2.0,1.0,1.0,0.0,200901,1000
reference_r2,LA-BL,200904,1,0.7367680000000001,1.0,1.0,1.0,2.0,200904,1000
reference_r2,LA-BL,200905,2,3.218712,4.0,1.0,0.0,0.0,200904,1000
reference_r2,LA-BL,200906,3,3.7075110000000002,1.0,1.0,1.0,7.0,200904,1000
reference_r2,LA-BL,200907,1,14.098284999999999,25.0,1.0,0.0,35.0,200907,1000
reference_r2,LA-BL,200908,2,4.810603,3.0,1.0,1.0,9.0,200907,1000
reference_r2,LA-BL,200909,3,9.368471,12.0,0.0,0.0,0.0,200907,1000
reference_r2,LA-BL,200910,1,3.9411229999999993,5.0,1.0,0.0,1.0,200910,1000
reference_r2,LA-BL,200911,2,1.2666359999999997,1.0,1.0,1.0,2.0,200910,1000
reference_r2,LA-BL,200912,3,0.454812,0.0,1.0,1.0,1.0,200910,1000
reference_r2,LA-CH,200801,1,30.290391,54.0,1.0,0.0,73.0,200801,1000
reference_r2,LA-CH,200802,2,44.416606,72.0,1.0,0.0,90.0,200801,1000
reference_r2,LA-CH,200803,3,53.117717,77.0,0.0,0.0,92.0,200801,1000
reference_r2,LA-CH,200804,1,24.386291999999997,10.0,1.0,1.0,69.0,200804,1000
reference_r2,LA-CH,200805,2,40.697293,19.0,1.0,1.0,113.0,200804,1000
reference_r2,LA-CH,200806,3,102.953057,33.5,1.0,1.0,295.0,200804,1000
reference_r2,LA-CH,200807,1,142.77219299999996,169.0,1.0,1.0,162.0,200807,1000
reference_r2,LA-CH,200808,2,86.79107200000001,70.0,1.0,1.0,143.0,200807,1000
reference_r2,LA-CH,200809,3,93.238292,30.5,1.0,1.0,185.0,200807,1000
reference_r2,LA-CH,200810,1,36.752345000000005,42.0,1.0,1.0,140.0,200810,1000
reference_r2,LA-CH,200811,2,32.747909,58.0,1.0,1.0,102.0,200810,1000
reference_r2,LA-CH,200812,3,22.586583000000005,40.0,1.0,1.0,73.0,200810,1000
reference_r2,LA-CH,200901,1,9.544209999999996,10.0,1.0,1.0,31.0,200901,1000
reference_r2,LA-CH,200902,2,26.113788,40.0,0.0,0.0,48.0,200901,1000
reference_r2,LA-CH,200903,3,21.278313999999998,39.0,1.0,0.0,60.0,200901,1000
reference_r2,LA-CH,200904,1,32.357110999999996,55.0,1.0,1.0,102.0,200904,1000
reference_r2,LA-CH,200905,2,108.85561199999998,139.0,1.0,1.0,66.0,200904,1000
reference_r2,LA-CH,200906,3,110.14815299999998,101.0,1.0,1.0,124.0,200904,1000
reference_r2,LA-CH,200907,1,143.13642799999997,172.0,1.0,1.0,122.0,200907,1000
reference_r2,LA-CH,200908,2,79.10924600000001,81.5,1.0,1.0,110.0,200907,1000
reference_r2,LA-CH,200909,3,94.91810099999998,107.5,1.0,1.0,105.0,200907,1000
reference_r2,LA-CH,200910,1,25.618949999999998,2.0,1.0,1.0,59.0,200910,1000
reference_r2,LA-CH,200911,2,31.961863000000008,33.0,1.0,1.0,35.0,200910,1000
reference_r2,LA-CH,200912,3,26.62034100000001,25.5,1.0,1.0,32.0,200910,1000
reference_r2,LA-HO,200801,1,0.0015410000000000007,0.0,1.0,1.0,0.0,200801,1000
reference_r2,LA-HO,200802,2,0.0008459999999999995,0.0,1.0,1.0,0.0,200801,1000
reference_r2,LA-HO,200803,3,0.006586999999999996,0.0,1.0,1.0,0.0,200801,1000
reference_r2,LA-HO,200804,1,0.05615399999999998,0.0,1.0,1.0,0.0,200804,1000
reference_r2,LA-HO,200805,2,0.03832799999999997,0.0,1.0,1.0,0.0,200804,1000
reference_r2,LA-HO,200806,3,0.063697,0.0,1.0,1.0,0.0,200804,1000
reference_r2,LA-HO,200807,1,0.01657,0.0,1.0,1.0,0.0,200807,1000
reference_r2,LA-HO,200808,2,0.021972000000000047,0.0,1.0,1.0,0.0,200807,1000
reference_r2,LA-HO,200809,3,0.7358020000000001,1.0,1.0,0.0,1.0,200807,1000
reference_r2,LA-HO,200810,1,0.04586600000000002,0.0,1.0,1.0,0.0,200810,1000
reference_r2,LA-HO,200811,2,0.008320999999999995,0.0,1.0,1.0,0.0,200810,1000
reference_r2,LA-HO,200812,3,0.910136,1.0,0.0,0.0,1.0,200810,1000
reference_r2,LA-HO,200901,1,0.024373000000000006,0.0,1.0,1.0,0.0,200901,1000
reference_r2,LA-HO,200902,2,0.02641300000000002,0.0,1.0,1.0,0.0,200901,1000
reference_r2,LA-HO,200903,3,0.02277100000000004,0.0,1.0,1.0,0.0,200901,1000
reference_r2,LA-HO,200904,1,0.005693000000000004,0.0,1.0,1.0,0.0,200904,1000
reference_r2,LA-HO,200905,2,0.023743999999999987,0.0,1.0,1.0,0.0,200904,1000
reference_r2,LA-HO,200906,3,0.05978900000000004,0.0,1.0,1.0,0.0,200904,1000
reference_r2,LA-HO,200907,1,0.025933999999999957,0.0,1.0,1.0,0.0,200907,1000
reference_r2,LA-HO,200908,2,0.04858199999999996,0.0,1.0,1.0,0.0,200907,1000
reference_r2,LA-HO,200909,3,0.6745340000000001,1.0,1.0,0.0,1.0,200907,1000
reference_r2,LA-HO,200910,1,0.65679,1.0,1.0,0.0,1.0,200910,1000
reference_r2,LA-HO,200911,2,0.8375029999999999,1.0,0.0,0.0,1.0,200910,1000
reference_r2,LA-HO,200912,3,0.933179,1.0,0.0,0.0,1.0,200910,1000
reference_r2,LA-KH,200801,1,0.6798580000000001,1.0,1.0,1.0,0.0,200801,1000
reference_r2,LA-KH,200802,2,0.09460999999999997,0.0,1.0,1.0,0.0,200801,1000
reference_r2,LA-KH,200803,3,0.07300299999999998,0.0,1.0,1.0,0.0,200801,1000
reference_r2,LA-KH,200804,1,0.21596899999999997,0.0,1.0,1.0,0.0,200804,1000
reference_r2,LA-KH,200805,2,0.40031799999999995,1.0,1.0,1.0,0.0,200804,1000
reference_r2,LA-KH,200806,3,0.6791969999999998,0.0,1.0,1.0,1.0,200804,1000
reference_r2,LA-KH,200807,1,1.399298,2.0,1.0,0.0,3.0,200807,1000
reference_r2,LA-KH,200808,2,0.38555300000000003,0.0,1.0,1.0,0.0,200807,1000
reference_r2,LA-KH,200809,3,2.298834,4.0,1.0,0.0,4.0,200807,1000
reference_r2,LA-KH,200810,1,0.5033290000000001,0.0,1.0,1.0,1.0,200810,1000
reference_r2,LA-KH,200811,2,1.7855600000000003,3.0,1.0,0.0,3.0,200810,1000
reference_r2,LA-KH,200812,3,3.3718389999999996,4.0,0.0,0.0,4.0,200810,1000
reference_r2,LA-KH,200901,1,0.107375,0.0,1.0,1.0,0.0,200901,1000
reference_r2,LA-KH,200902,2,0.021759,0.0,1.0,1.0,0.0,200901,1000
reference_r2,LA-KH,200903,3,4.5003660000000005,6.0,0.0,0.0,6.0,200901,1000
reference_r2,LA-KH,200904,1,0.807815,1.0,1.0,1.0,0.0,200904,1000
reference_r2,LA-KH,200905,2,1.9865830000000004,2.0,1.0,1.0,6.0,200904,1000
reference_r2,LA-KH,200906,3,57.45862,73.0,0.0,0.0,80.0,200904,1000
reference_r2,LA-KH,200907,1,90.824145,131.0,0.0,0.0,155.0,200907,1000
reference_r2,LA-KH,200908,2,235.37571899999998,279.0,0.0,0.0,303.0,200907,1000
reference_r2,LA-KH,200909,3,202.79039,249.0,0.0,0.0,277.0,200907,1000
reference_r2,LA-KH,200910,1,26.94422999999999,20.5,1.0,1.0,85.0,200910,1000
reference_r2,LA-KH,200911,2,18.524258999999997,32.0,1.0,1.0,61.0,200910,1000
reference_r2,LA-KH,200912,3,40.746081,57.0,0.0,0.0,67.0,200910,1000
reference_r2,LA-LM,200801,1,8.99999999999998e-05,0.0,1.0,1.0,0.0,200801,1000
reference_r2,LA-LM,200802,2,0.00010899999999999972,0.0,1.0,1.0,0.0,200801,1000
reference_r2,LA-LM,200803,3,2.499999999999985e-05,0.0,1.0,1.0,0.0,200801,1000
reference_r2,LA-LM,200804,1,0.0029819999999999985,0.0,1.0,1.0,0.0,200804,1000
reference_r2,LA-LM,200805,2,0.011925999999999992,0.0,1.0,1.0,0.0,200804,1000
reference_r2,LA-LM,200806,3,0.013437999999999978,0.0,1.0,1.0,0.0,200804,1000
reference_r2,LA-LM,200807,1,0.05369299999999999,0.0,1.0,1.0,0.0,200807,1000
reference_r2,LA-LM,200808,2,0.04120600000000002,0.0,1.0,1.0,0.0,200807,1000
reference_r2,LA-LM,200809,3,0.056398000000000004,0.0,1.0,1.0,0.0,200807,1000
reference_r2,LA-LM,200810,1,0.020205,0.0,1.0,1.0,0.0,200810,1000
reference_r2,LA-LM,200811,2,0.0016520000000000007,0.0,1.0,1.0,0.0,200810,1000
reference_r2,LA-LM,200812,3,0.0005450000000000003,0.0,1.0,1.0,0.0,200810,1000
reference_r2,LA-LM,200901,1,0.000168999999999999,0.0,1.0,1.0,0.0,200901,1000
reference_r2,LA-LM,200902,2,0.00012200000000000058,0.0,1.0,1.0,0.0,200901,1000
reference_r2,LA-LM,200903,3,8.5e-05,0.0,1.0,1.0,0.0,200901,1000
reference_r2,LA-LM,200904,1,0.9084639999999999,1.0,0.0,0.0,1.0,200904,1000
reference_r2,LA-LM,200905,2,0.014812999999999993,0.0,1.0,1.0,0.0,200904,1000
reference_r2,LA-LM,200906,3,1.546399,2.0,0.0,0.0,2.0,200904,1000
reference_r2,LA-LM,200907,1,0.5617379999999998,0.0,1.0,1.0,1.0,200907,1000
reference_r2,LA-LM,200908,2,0.9607559999999999,1.0,1.0,1.0,0.0,200907,1000
reference_r2,LA-LM,200909,3,1.6245589999999999,3.0,1.0,0.0,4.0,200907,1000
reference_r2,LA-LM,200910,1,2.6546080000000005,4.0,1.0,0.0,5.0,200910,1000
reference_r2,LA-LM,200911,2,4.585719,6.0,0.0,0.0,6.0,200910,1000
reference_r2,LA-LM,200912,3,3.437675,4.0,0.0,0.0,4.0,200910,1000
reference_r2,LA-LP,200801,1,0.925386,1.0,1.0,1.0,0.0,200801,1000
reference_r2,LA-LP,200802,2,14.56487,16.0,0.0,0.0,16.0,200801,1000
reference_r2,LA-LP,200803,3,20.36611,22.0,0.0,0.0,22.0,200801,1000
reference_r2,LA-LP,200804,1,11.579146999999999,21.0,1.0,0.0,33.0,200804,1000
reference_r2,LA-LP,200805,2,58.09478599999999,94.5,1.0,0.0,116.0,200804,1000
reference_r2,LA-LP,200806,3,71.424417,121.5,1.0,0.0,160.0,200804,1000
reference_r2,LA-LP,200807,1,134.85978599999999,175.0,0.0,0.0,16.0,200807,1000
reference_r2,LA-LP,200808,2,113.469562,158.0,0.0,0.0,13.0,200807,1000
reference_r2,LA-LP,200809,3,104.14370599999998,141.5,0.0,0.0,14.0,200807,1000
reference_r2,LA-LP,200810,1,32.071169999999995,39.0,1.0,1.0,33.0,200810,1000
reference_r2,LA-LP,200811,2,56.851698999999996,91.0,1.0,0.0,116.0,200810,1000
reference_r2,LA-LP,200812,3,127.292903,150.0,0.0,0.0,161.0,200810,1000
reference_r2,LA-LP,200901,1,8.516775,11.0,1.0,0.0,0.0,200901,1000
reference_r2,LA-LP,200902,2,4.920448,6.0,1.0,0.0,0.0,200901,1000
reference_r2,LA-LP,200903,3,10.697989,14.0,0.0,0.0,0.0,200901,1000
reference_r2,LA-LP,200904,1,15.698717000000002,19.5,0.0,0.0,0.0,200904,1000
reference_r2,LA-LP,200905,2,34.986548,45.5,0.0,0.0,0.0,200904,1000
reference_r2,LA-LP,200906,3,69.10690800000002,90.0,1.0,0.0,9.0,200904,1000
reference_r2,LA-LP,200907,1,21.85887,28.0,0.0,0.0,30.0,200907,1000
reference_r2,LA-LP,200908,2,22.33511,29.0,0.0,0.0,32.0,200907,1000
reference_r2,LA-LP,200909,3,303.39343499999995,311.0,0.0,0.0,313.0,200907,1000
reference_r2,LA-LP,200910,1,99.414198,140.0,0.0,0.0,165.0,200910,1000
reference_r2,LA-LP,200911,2,59.359640999999996,78.0,0.0,0.0,87.0,200910,1000
reference_r2,LA-LP,200912,3,2.904006,4.0,1.0,0.0,0.0,200910,1000
reference_r2,LA-OU,200801,1,0.001113999999999997,0.0,1.0,1.0,0.0,200801,1000
reference_r2,LA-OU,200802,2,9.99999999999994e-05,0.0,1.0,1.0,0.0,200801,1000
reference_r2,LA-OU,200803,3,3.600000000000044e-05,0.0,1.0,1.0,0.0,200801,1000
reference_r2,LA-OU,200804,1,0.0032900000000000013,0.0,1.0,1.0,0.0,200804,1000
reference_r2,LA-OU,200805,2,0.012254999999999988,0.0,1.0,1.0,0.0,200804,1000
reference_r2,LA-OU,200806,3,0.02096999999999999,0.0,1.0,1.0,0.0,200804,1000
reference_r2,LA-OU,200807,1,0.10639300000000007,0.0,1.0,1.0,0.0,200807,1000
reference_r2,LA-OU,200808,2,0.08111400000000002,0.0,1.0,1.0,0.0,200807,1000
reference_r2,LA-OU,200809,3,0.085847,0.0,1.0,1.0,0.0,200807,1000
reference_r2,LA-OU,200810,1,0.011792999999999998,0.0,1.0,1.0,0.0,200810,1000
reference_r2,LA-OU,200811,2,0.0020790000000000045,0.0,1.0,1.0,0.0,200810,1000
reference_r2,LA-OU,200812,3,0.0005770000000000011,0.0,1.0,1.0,0.0,200810,1000
reference_r2,LA-OU,200901,1,1.7999999999999787e-05,0.0,1.0,1.0,0.0,200901,1000
reference_r2,LA-OU,200902,2,6.800000000000035e-05,0.0,1.0,1.0,0.0,200901,1000
reference_r2,LA-OU,200903,3,0.0003239999999999979,0.0,1.0,1.0,0.0,200901,1000
reference_r2,LA-OU,200904,1,0.003484000000000001,0.0,1.0,1.0,0.0,200904,1000
reference_r2,LA-OU,200905,2,0.019798999999999983,0.0,1.0,1.0,0.0,200904,1000
reference_r2,LA-OU,200906,3,0.062388,0.0,1.0,1.0,0.0,200904,1000
reference_r2,LA-OU,200907,1,0.08446799999999999,0.0,1.0,1.0,0.0,200907,1000
reference_r2,LA-OU,200908,2,0.558377,1.0,1.0,1.0,1.0,200907,1000
reference_r2,LA-OU,200909,3,13.868699,15.0,0.0,0.0,15.0,200907,1000
reference_r2,LA-OU,200910,1,3.015612,5.0,1.0,0.0,6.0,200910,1000
reference_r2,LA-OU,200911,2,11.109635,13.0,0.0,0.0,13.0,200910,1000
reference_r2,LA-OU,200912,3,17.168865,18.0,0.0,0.0,18.0,200910,1000
reference_r2,LA-PH,200901,1,0.02206600000000003,0.0,1.0,1.0,0.0,200901,1000
reference_r2,LA-PH,200902,2,0.014104000000000005,0.0,1.0,1.0,0.0,200901,1000
reference_r2,LA-PH,200903,3,0.020926999999999918,0.0,1.0,1.0,0.0,200901,1000
reference_r2,LA-PH,200904,1,0.0023040000000000005,0.0,1.0,1.0,0.0,200904,1000
reference_r2,LA-PH,200905,2,0.012862000000000012,0.0,1.0,1.0,0.0,200904,1000
reference_r2,LA-PH,200906,3,0.04513,0.0,1.0,1.0,0.0,200904,1000
reference_r2,LA-PH,200907,1,0.022511999999999976,0.0,1.0,1.0,0.0,200907,1000
reference_r2,LA-PH,200909,3,0.035641000000000034,0.0,1.0,1.0,0.0,200907,1000
reference_r2,LA-PH,200910,1,0.006774000000000002,0.0,1.0,1.0,0.0,200910,1000
reference_r2,LA-PH,200911,2,0.0016460000000000016,0.0,1.0,1.0,0.0,200910,1000
reference_r2,LA-PH,200912,3,0.00029799999999999965,0.0,1.0,1.0,0.0,200910,1000
reference_r2,LA-SL,200801,1,0.927349,1.0,1.0,1.0,0.0,200801,1000
reference_r2,LA-SL,200802,2,0.39297700000000013,0.0,1.0,1.0,1.0,200801,1000
reference_r2,LA-SL,200803,3,3.7549409999999996,5.0,0.0,0.0,5.0,200801,1000
reference_r2,LA-SL,200804,1,0.9707319999999999,0.0,1.0,1.0,2.0,200804,1000
reference_r2,LA-SL,200805,2,91.30581500000001,101.0,0.0,0.0,105.0,200804,1000
reference_r2,LA-SL,200806,3,192.49564,216.0,0.0,0.0,226.0,200804,1000
reference_r2,LA-SL,200807,1,43.692188,26.5,1.0,1.0,78.0,200807,1000
reference_r2,LA-SL,200808,2,40.92379,36.0,1.0,1.0,63.0,200807,1000
reference_r2,LA-SL,200809,3,41.999860999999996,18.0,1.0,1.0,85.0,200807,1000
reference_r2,LA-SL,200810,1,29.445396000000002,18.0,1.0,1.0,91.0,200810,1000
reference_r2,LA-SL,200811,2,13.399740999999999,11.0,1.0,1.0,21.0,200810,1000
reference_r2,LA-SL,200812,3,8.315587999999998,11.0,1.0,1.0,8.0,200810,1000
reference_r2,LA-SL,200901,1,1.8494339999999996,2.0,1.0,1.0,1.0,200901,1000
reference_r2,LA-SL,200902,2,19.389562,23.0,0.0,0.0,24.0,200901,1000
reference_r2,LA-SL,200903,3,12.886478,20.0,1.0,0.0,25.0,200901,1000
reference_r2,LA-SL,200904,1,6.335408000000001,2.5,1.0,1.0,19.0,200904,1000
reference_r2,LA-SL,200905,2,36.969566,63.0,1.0,1.0,122.0,200904,1000
reference_r2,LA-SL,200906,3,40.49067599999999,43.0,1.0,1.0,42.0,200904,1000
reference_r2,LA-SL,200907,1,49.20841300000001,29.0,1.0,1.0,164.0,200907,1000
reference_r2,LA-SL,200908,2,45.837231,10.0,1.0,1.0,127.0,200907,1000
reference_r2,LA-SL,200909,3,41.72213900000001,16.0,1.0,1.0,91.0,200907,1000
reference_r2,LA-SL,200910,1,29.817021000000004,54.0,1.0,1.0,94.0,200910,1000
reference_r2,LA-SL,200911,2,15.719553999999995,3.0,1.0,1.0,44.0,200910,1000
reference_r2,LA-SL,200912,3,9.696102999999997,6.0,1.0,1.0,17.0,200910,1000
reference_r2,LA-SV,200801,1,4.902070999999999,6.0,1.0,0.0,1.0,200801,1000
reference_r2,LA-SV,200802,2,0.8572069999999998,1.0,1.0,1.0,1.0,200801,1000
reference_r2,LA-SV,200803,3,0.43208199999999986,0.0,1.0,1.0,1.0,200801,1000
reference_r2,LA-SV,200804,1,1.1689949999999998,2.0,1.0,1.0,0.0,200804,1000
reference_r2,LA-SV,200805,2,1.426856,1.0,1.0,1.0,1.0,200804,1000
reference_r2,LA-SV,200806,3,4.156547,2.0,1.0,1.0,10.0,200804,1000
reference_r2,LA-SV,200807,1,4.413307,2.0,1.0,1.0,11.0,200807,1000
reference_r2,LA-SV,200808,2,4.997706999999998,6.0,1.0,1.0,4.0,200807,1000
reference_r2,LA-SV,200809,3,6.7017679999999995,8.0,1.0,0.0,2.0,200807,1000
reference_r2,LA-SV,200810,1,3.317417999999999,6.0,1.0,1.0,10.0,200810,1000
reference_r2,LA-SV,200811,2,0.749905,0.0,1.0,1.0,2.0,200810,1000
reference_r2,LA-SV,200812,3,0.4903629999999999,1.0,1.0,1.0,0.0,200810,1000
reference_r2,LA-SV,200901,1,0.100522,0.0,1.0,1.0,0.0,200901,1000
reference_r2,LA-SV,200902,2,0.011578000000000005,0.0,1.0,1.0,0.0,200901,1000
reference_r2,LA-SV,200903,3,0.13723799999999997,0.0,1.0,1.0,0.0,200901,1000
reference_r2,LA-SV,200904,1,0.19792900000000002,0.0,1.0,1.0,0.0,200904,1000
reference_r2,LA-SV,200905,2,1.1325880000000002,2.0,1.0,1.0,0.0,200904,1000
reference_r2,LA-SV,200906,3,1.446081,2.0,1.0,1.0,1.0,200904,1000
reference_r2,LA-SV,200907,1,10.016042,12.0,0.0,0.0,13.0,200907,1000
reference_r2,LA-SV,200908,2,30.978223,33.0,0.0,0.0,34.0,200907,1000
reference_r2,LA-SV,200909,3,45.150397999999996,48.0,0.0,0.0,48.0,200907,1000
reference_r2,LA-SV,200910,1,5.628313,10.0,1.0,0.0,16.0,200910,1000
reference_r2,LA-SV,200911,2,23.592261999999998,30.0,0.0,0.0,33.0,200910,1000
reference_r2,LA-SV,200912,3,1.4018169999999999,3.0,1.0,1.0,4.0,200910,1000
reference_r2,LA-VT,200801,1,10.781725999999999,3.0,1.0,1.0,29.0,200801,1000
reference_r2,LA-VT,200802,2,4.131883,8.0,1.0,1.0,12.0,200801,1000
reference_r2,LA-VT,200803,3,17.004248,23.0,0.0,0.0,26.0,200801,1000
reference_r2,LA-VT,200804,1,17.024625999999998,23.0,1.0,0.0,4.0,200804,1000
reference_r2,LA-VT,200805,2,21.03169799999999,21.0,1.0,1.0,17.0,200804,1000
reference_r2,LA-VT,200806,3,84.604603,104.0,1.0,1.0,60.0,200804,1000
reference_r2,LA-VT,200807,1,103.02599199999997,95.0,1.0,1.0,132.0,200807,1000
reference_r2,LA-VT,200808,2,76.659784,30.5,1.0,1.0,144.0,200807,1000
reference_r2,LA-VT,200809,3,61.127477,10.0,1.0,1.0,158.0,200807,1000
reference_r2,LA-VT,200810,1,27.694359,42.0,1.0,1.0,95.0,200810,1000
reference_r2,LA-VT,200811,2,70.49716699999999,104.0,0.0,0.0,129.0,200810,1000
reference_r2,LA-VT,200812,3,57.526737999999995,79.0,0.0,0.0,91.0,200810,1000
reference_r2,LA-VT,200901,1,20.442493,32.0,1.0,0.0,38.0,200901,1000
reference_r2,LA-VT,200902,2,13.975135,18.0,0.0,0.0,20.0,200901,1000
reference_r2,LA-VT,200903,3,6.224326000000001,10.0,1.0,1.0,19.0,200901,1000
reference_r2,LA-VT,200904,1,13.18741,2.0,1.0,1.0,33.0,200904,1000
reference_r2,LA-VT,200905,2,101.074354,123.0,1.0,1.0,54.0,200904,1000
reference_r2,LA-VT,200906,3,191.67240400000003,227.0,1.0,0.0,104.0,200904,1000
reference_r2,LA-VT,200907,1,121.63203699999997,18.5,1.0,1.0,302.0,200907,1000
reference_r2,LA-VT,200908,2,111.185111,61.5,1.0,1.0,356.0,200907,1000
reference_r2,LA-VT,200909,3,131.80113999999998,188.0,1.0,1.0,470.0,200907,1000
reference_r2,LA-VT,200910,1,223.76146100000003,372.0,1.0,0.0,527.0,200910,1000
reference_r2,LA-VT,200911,2,324.804744,453.5,0.0,0.0,521.0,200910,1000
reference_r2,LA-VT,200912,3,256.397788,328.0,0.0,0.0,366.0,200910,1000
reference_r2,LA-XA,200801,1,1.1154919999999997,2.0,1.0,1.0,0.0,200801,1000
reference_r2,LA-XA,200802,2,0.21864499999999998,0.0,1.0,1.0,0.0,200801,1000
reference_r2,LA-XA,200803,3,0.16822899999999996,0.0,1.0,1.0,0.0,200801,1000
reference_r2,LA-XA,200804,1,0.06684899999999999,0.0,1.0,1.0,0.0,200804,1000
reference_r2,LA-XA,200805,2,1.169813,2.0,1.0,0.0,2.0,200804,1000
reference_r2,LA-XA,200806,3,4.03157,6.0,0.0,0.0,6.0,200804,1000
reference_r2,LA-XA,200807,1,9.960352,16.0,1.0,0.0,19.0,200807,1000
reference_r2,LA-XA,200808,2,2.5689750000000005,5.0,1.0,0.0,7.0,200807,1000
reference_r2,LA-XA,200809,3,0.9523949999999997,1.0,1.0,1.0,1.0,200807,1000
reference_r2,LA-XA,200810,1,1.1097790000000005,0.0,1.0,1.0,3.0,200810,1000
reference_r2,LA-XA,200811,2,0.6841370000000002,1.0,1.0,1.0,2.0,200810,1000
reference_r2,LA-XA,200812,3,0.37646599999999997,1.0,1.0,1.0,1.0,200810,1000
reference_r2,LA-XA,200901,1,0.13588199999999995,0.0,1.0,1.0,0.0,200901,1000
reference_r2,LA-XA,200902,2,0.034023,0.0,1.0,1.0,0.0,200901,1000
reference_r2,LA-XA,200903,3,0.21696500000000007,0.0,1.0,1.0,0.0,200901,1000
reference_r2,LA-XA,200904,1,0.22901799999999994,0.0,1.0,1.0,0.0,200904,1000
reference_r2,LA-XA,200905,2,0.5913229999999998,0.0,1.0,1.0,1.0,200904,1000
reference_r2,LA-XA,200906,3,7.608880999999999,12.0,1.0,0.0,14.0,200904,1000
reference_r2,LA-XA,200907,1,4.290222000000001,8.0,1.0,0.0,11.0,200907,1000
reference_r2,LA-XA,200908,2,25.586182,33.0,0.0,0.0,37.0,200907,1000
reference_r2,LA-XA,200909,3,4.341623,8.0,1.0,0.0,11.0,200907,1000
reference_r2,LA-XA,200910,1,2.7579790000000006,2.0,1.0,1.0,5.0,200910,1000
reference_r2,LA-XA,200911,2,1.5125889999999997,2.0,1.0,1.0,5.0,200910,1000
reference_r2,LA-XA,200912,3,0.8401560000000001,1.0,1.0,1.0,0.0,200910,1000
reference_r2,LA-XE,200801,1,0.016110000000000013,0.0,1.0,1.0,0.0,200801,1000
reference_r2,LA-XE,200802,2,0.007954000000000003,0.0,1.0,1.0,0.0,200801,1000
reference_r2,LA-XE,200803,3,0.004734000000000002,0.0,1.0,1.0,0.0,200801,1000
reference_r2,LA-XE,200804,1,0.01941599999999999,0.0,1.0,1.0,0.0,200804,1000
reference_r2,LA-XE,200805,2,0.05915799999999999,0.0,1.0,1.0,0.0,200804,1000
reference_r2,LA-XE,200806,3,3.890614,5.0,0.0,0.0,5.0,200804,1000
reference_r2,LA-XE,200807,1,0.6276840000000001,1.0,1.0,1.0,0.0,200807,1000
reference_r2,LA-XE,200808,2,0.6685650000000003,1.0,1.0,1.0,0.0,200807,1000
reference_r2,LA-XE,200809,3,0.5467479999999998,0.0,1.0,1.0,1.0,200807,1000
reference_r2,LA-XE,200810,1,0.3736860000000001,1.0,1.0,1.0,0.0,200810,1000
reference_r2,LA-XE,200811,2,0.096464,0.0,1.0,1.0,0.0,200810,1000
reference_r2,LA-XE,200812,3,0.6117360000000001,1.0,1.0,0.0,1.0,200810,1000
reference_r2,LA-XE,200901,1,0.010456000000000007,0.0,1.0,1.0,0.0,200901,1000
reference_r2,LA-XE,200902,2,1.820105,2.0,0.0,0.0,2.0,200901,1000
reference_r2,LA-XE,200903,3,1.710692,2.0,0.0,0.0,2.0,200901,1000
reference_r2,LA-XE,200904,1,0.3922079999999999,1.0,1.0,1.0,1.0,200904,1000
reference_r2,LA-XE,200905,2,0.739341,1.0,1.0,1.0,2.0,200904,1000
reference_r2,LA-XE,200906,3,4.302111999999999,7.0,1.0,0.0,9.0,200904,1000
reference_r2,LA-XE,200907,1,18.249056,25.0,0.0,0.0,29.0,200907,1000
reference_r2,LA-XE,200908,2,14.945452,22.0,0.0,0.0,27.0,200907,1000
reference_r2,LA-XE,200909,3,1.9514459999999998,2.0,1.0,1.0,6.0,200907,1000
reference_r2,LA-XE,200910,1,2.3977759999999995,2.0,1.0,1.0,7.0,200910,1000
reference_r2,LA-XE,200911,2,9.990147999999998,10.0,1.0,0.0,3.0,200910,1000
reference_r2,LA-XE,200912,3,8.810212,9.0,1.0,1.0,7.0,200910,1000
reference_r2,LA-XI,200801,1,0.0001999999999999988,0.0,1.0,1.0,0.0,200801,1000
reference_r2,LA-XI,200802,2,4.0000000000000105e-05,0.0,1.0,1.0,0.0,200801,1000
reference_r2,LA-XI,200803,3,0.0002249999999999995,0.0,1.0,1.0,0.0,200801,1000
reference_r2,LA-XI,200804,1,0.002923999999999996,0.0,1.0,1.0,0.0,200804,1000
reference_r2,LA-XI,200805,2,0.0036290000000000072,0.0,1.0,1.0,0.0,200804,1000
reference_r2,LA-XI,200806,3,0.848437,1.0,0.0,0.0,1.0,200804,1000
reference_r2,LA-XI,200807,1,0.13438299999999992,0.0,1.0,1.0,0.0,200807,1000
reference_r2,LA-XI,200808,2,0.11985699999999999,0.0,1.0,1.0,0.0,200807,1000
reference_r2,LA-XI,200809,3,0.10550199999999998,0.0,1.0,1.0,0.0,200807,1000
reference_r2,LA-XI,200810,1,0.037914,0.0,1.0,1.0,0.0,200810,1000
reference_r2,LA-XI,200811,2,0.008091000000000001,0.0,1.0,1.0,0.0,200810,1000
reference_r2,LA-XI,200812,3,0.005293000000000006,0.0,1.0,1.0,0.0,200810,1000
reference_r2,LA-XI,200901,1,0.001565999999999998,0.0,1.0,1.0,0.0,200901,1000
reference_r2,LA-XI,200902,2,0.0013120000000000007,0.0,1.0,1.0,0.0,200901,1000
reference_r2,LA-XI,200903,3,0.002128000000000005,0.0,1.0,1.0,0.0,200901,1000
reference_r2,LA-XI,200904,1,0.0011820000000000025,0.0,1.0,1.0,0.0,200904,1000
reference_r2,LA-XI,200905,2,38.84668,39.0,0.0,0.0,39.0,200904,1000
reference_r2,LA-XI,200906,3,32.6549,33.0,0.0,0.0,33.0,200904,1000
reference_r2,LA-XI,200907,1,11.575619,15.0,1.0,0.0,1.0,200907,1000
reference_r2,LA-XI,200908,2,10.841066000000001,12.0,1.0,1.0,10.0,200907,1000
reference_r2,LA-XI,200909,3,14.308919000000003,19.0,0.0,0.0,0.0,200907,1000
reference_r2,LA-XI,200910,1,11.717203999999999,16.0,0.0,0.0,0.0,200910,1000
reference_r2,LA-XI,200911,2,4.954688000000001,7.0,1.0,0.0,0.0,200910,1000
reference_r2,LA-XI,200912,3,2.307712,3.0,1.0,0.0,0.0,200910,1000
reference_r3,LA-AT,200801,1,3.0226249999999997,4.0,0.0,0.0,4.0,200801,1000
reference_r3,LA-AT,200802,2,1.3235270000000001,2.0,1.0,0.0,2.0,200801,1000
reference_r3,LA-AT,200803,3,0.05076999999999998,0.0,1.0,1.0,0.0,200801,1000
reference_r3,LA-AT,200804,1,0.409006,1.0,1.0,1.0,0.0,200804,1000
reference_r3,LA-AT,200805,2,1.7014690000000001,3.0,1.0,0.0,4.0,200804,1000
reference_r3,LA-AT,200806,3,4.452637,7.0,1.0,0.0,10.0,200804,1000
reference_r3,LA-AT,200807,1,2.649456,1.0,1.0,1.0,6.0,200807,1000
reference_r3,LA-AT,200808,2,3.393891,6.0,1.0,1.0,11.0,200807,1000
reference_r3,LA-AT,200809,3,11.931028000000001,19.0,1.0,0.0,24.0,200807,1000
reference_r3,LA-AT,200810,1,40.035244,47.0,0.0,0.0,47.0,200810,1000
reference_r3,LA-AT,200811,2,38.709623,43.0,0.0,0.0,43.0,200810,1000
reference_r3,LA-AT,200812,3,19.825736,23.0,0.0,0.0,23.0,200810,1000
reference_r3,LA-AT,200901,1,7.330525999999999,13.0,1.0,0.0,18.0,200901,1000
reference_r3,LA-AT,200902,2,35.633325,43.0,0.0,0.0,46.0,200901,1000
reference_r3,LA-AT,200903,3,56.18918600000001,71.0,0.0,0.0,77.0,200901,1000
reference_r3,LA-AT,200904,1,37.688702,65.0,1.0,0.0,99.0,200904,1000
reference_r3,LA-AT,200905,2,94.199262,125.5,0.0,0.0,0.0,200904,1000
reference_r3,LA-AT,200906,3,71.81618900000001,90.5,1.0,0.0,24.0,200904,1000
reference_r3,LA-AT,200907,1,102.02570600000001,138.0,1.0,0.0,64.0,200907,1000
reference_r3,LA-AT,200908,2,121.11509200000003,161.5,1.0,0.0,21.0,200907,1000
reference_r3,LA-AT,200909,3,216.64060900000004,276.5,0.0,0.0,17.0,200907,1000
reference_r3,LA-AT,200910,1,41.153031999999996,46.0,0.0,0.0,4.0,200910,1000
reference_r3,LA-AT,200911,2,30.397109999999998,35.0,1.0,0.0,16.0,200910,1000
reference_r3,LA-AT,200912,3,31.239370000000008,38.0,1.0,0.0,6.0,200910,1000
reference_r3,LA-BK,200801,1,0.940909,1.0,0.0,0.0,1.0,200801,1000
reference_r3,LA-BK,200802,2,0.0002249999999999995,0.0,1.0,1.0,0.0,200801,1000
reference_r3,LA-BK,200803,3,6.399999999999982e-05,0.0,1.0,1.0,0.0,200801,1000
reference_r3,LA-BK,200804,1,0.02168199999999998,0.0,1.0,1.0,0.0,200804,1000
reference_r3,LA-BK,200805,2,10.849873,12.0,0.0,0.0,12.0,200804,1000
reference_r3,LA-BK,200806,3,51.489095,53.0,0.0,0.0,53.0,200804,1000
reference_r3,LA-BK,200807,1,16.494561,23.0,1.0,0.0,2.0,200807,1000
reference_r3,LA-BK,200808,2,27.680456999999997,34.0,1.0,0.0,9.0,200807,1000
reference_r3,LA-BK,200809,3,78.03061899999997,95.0,1.0,0.0,33.0,200807,1000
reference_r3,LA-BK,200810,1,30.946309999999983,40.0,1.0,1.0,48.0,200810,1000
reference_r3,LA-BK,200811,2,50.041952,55.0,0.0,0.0,55.0,200810,1000
reference_r3,LA-BK,200812,3,3.291948,5.0,0.0,0.0,5.0,200810,1000
reference_r3,LA-BK,200901,1,0.4635989999999999,0.0,1.0,1.0,1.0,200901,1000
reference_r3,LA-BK,200902,2,0.3785020000000001,1.0,1.0,1.0,0.0,200901,1000
reference_r3,LA-BK,200903,3,0.631081,0.0,1.0,1.0,1.0,200901,1000
reference_r3,LA-BK,200904,1,1.6469969999999998,1.0,1.0,1.0,3.0,200904,1000
reference_r3,LA-BK,200905,2,43.969303,63.0,0.0,0.0,74.0,200904,1000
reference_r3,LA-BK,200906,3,133.663576,187.0,0.0,0.0,216.0,200904,1000
reference_r3,LA-BK,200907,1,94.07986500000001,155.0,1.0,0.0,212.0,200907,1000
reference_r3,LA-BK,200908,2,33.03322600000001,55.0,1.0,1.0,110.0,200907,1000
reference_r3,LA-BK,200909,3,19.247113,7.0,1.0,1.0,52.0,200907,1000
reference_r3,LA-BK,200910,1,26.406998,31.0,1.0,1.0,31.0,200910,1000
reference_r3,LA-BK,200911,2,16.923043999999997,24.0,1.0,0.0,5.0,200910,1000
reference_r3,LA-BK,200912,3,7.4514890000000005,10.0,1.0,1.0,4.0,200910,1000
reference_r3,LA-BL,200801,1,5.50295,8.0,0.0,0.0,10.0,200801,1000
reference_r3,LA-BL,200802,2,5.834082,7.0,0.0,0.0,7.0,200801,1000
reference_r3,LA-BL,200803,3,0.385842,1.0,1.0,1.0,1.0,200801,1000
reference_r3,LA-BL,200804,1,2.728448,2.0,1.0,1.0,3.0,200804,1000
reference_r3,LA-BL,200805,2,4.922025999999999,8.0,1.0,1.0,15.0,200804,1000
reference_r3,LA-BL,200806,3,7.170669,1.0,1.0,1.0,19.0,200804,1000
reference_r3,LA-BL,200807,1,14.721995,8.5,1.0,1.0,31.0,200807,1000
reference_r3,LA-BL,200808,2,19.967722000000002,17.0,1.0,1.0,32.0,200807,1000
reference_r3,LA-BL,200809,3,20.157236000000005,16.0,1.0,1.0,30.0,200807,1000
reference_r3,LA-BL,200810,1,2.8775790000000008,4.0,1.0,1.0,5.0,200810,1000
reference_r3,LA-BL,200811,2,7.210196,12.0,1.0,0.0,12.0,200810,1000
reference_r3,LA-BL,200812,3,0.6135599999999999,1.0,1.0,1.0,1.0,200810,1000
reference_r3,LA-BL,200901,1,0.7354300000000003,1.0,1.0,1.0,2.0,200901,1000
reference_r3,LA-BL,200902,2,1.3629109999999998,2.0,1.0,0.0,3.0,200901,1000
reference_r3,LA-BL,200903,3,1.264669,2.0,1.0,1.0,0.0,200901,1000
reference_r3,LA-BL,200904,1,0.7536230000000002,1.0,1.0,1.0,2.0,200904,1000
reference_r3,LA-BL,200905,2,3.33587,4.0,1.0,0.0,0.0,200904,1000
reference_r3,LA-BL,200906,3,3.6823260000000015,2.0,1.0,1.0,7.0,200904,1000
reference_r3,LA-BL,200907,1,13.148735,24.0,1.0,0.0,35.0,200907,1000
reference_r3,LA-BL,200908,2,4.583219999999999,3.0,1.0,1.0,9.0,200907,1000
reference_r3,LA-BL,200909,3,9.267674000000001,12.0,0.0,0.0,0.0,200907,1000
reference_r3,LA-BL,200910,1,4.260672,6.0,1.0,0.0,1.0,200910,1000
reference_r3,LA-BL,200911,2,1.1971749999999997,1.0,1.0,1.0,2.0,200910,1000
reference_r3,LA-BL,200912,3,0.4670000000000001,0.0,1.0,1.0,1.0,200910,1000
reference_r3,LA-CH,200801,1,30.923423000000003,53.0,1.0,0.0,73.0,200801,1000
reference_r3,LA-CH,200802,2,45.926478,72.5,1.0,0.0,90.0,200801,1000
reference_r3,LA-CH,200803,3,57.626909,80.0,0.0,0.0,92.0,200801,1000
reference_r3,LA-CH,200804,1,23.947887999999992,8.5,1.0,1.0,69.0,200804,1000
reference_r3,LA-CH,200805,2,44.608819,12.0,1.0,1.0,113.0,200804,1000
reference_r3,LA-CH,200806,3,99.63147400000003,69.5,1.0,1.0,295.0,200804,1000
reference_r3,LA-CH,200807,1,139.050047,141.0,1.0,1.0,162.0,200807,1000
reference_r3,LA-CH,200808,2,107.13584400000002,110.0,1.0,1.0,143.0,200807,1000
reference_r3,LA-CH,200809,3,96.21771900000005,66.0,1.0,1.0,185.0,200807,1000
reference_r3,LA-CH,200810,1,85.771261,134.0,0.0,0.0,140.0,200810,1000
reference_r3,LA-CH,200811,2,66.894687,99.0,0.0,0.0,102.0,200810,1000
reference_r3,LA-CH,200812,3,46.61933900000001,71.0,1.0,0.0,73.0,200810,1000
reference_r3,LA-CH,200901,1,9.620512000000002,11.0,1.0,1.0,31.0,200901,1000
reference_r3,LA-CH,200902,2,21.375667,36.0,1.0,0.0,48.0,200901,1000
reference_r3,LA-CH,200903,3,19.830338999999995,35.0,1.0,1.0,60.0,200901,1000
reference_r3,LA-CH,200904,1,30.753129,53.0,1.0,1.0,102.0,200904,1000
reference_r3,LA-CH,200905,2,109.09577999999996,141.5,1.0,0.0,66.0,200904,1000
reference_r3,LA-CH,200906,3,114.81456700000001,120.5,1.0,1.0,124.0,200904,1000
reference_r3,LA-CH,200907,1,118.68811700000003,137.0,1.0,1.0,122.0,200907,1000
reference_r3,LA-CH,200908,2,78.09192900000002,79.0,1.0,1.0,110.0,200907,1000
reference_r3,LA-CH,200909,3,92.40617900000001,105.0,1.0,1.0,105.0,200907,1000
reference_r3,LA-CH,200910,1,23.360045,1.0,1.0,1.0,59.0,200910,1000
reference_r3,LA-CH,200911,2,33.954401000000004,41.0,1.0,1.0,35.0,200910,1000
reference_r3,LA-CH,200912,3,24.748716,23.0,1.0,1.0,32.0,200910,1000
reference_r3,LA-HO,200801,1,0.0018579999999999985,0.0,1.0,1.0,0.0,200801,1000
reference_r3,LA-HO,200802,2,0.0004849999999999993,0.0,1.0,1.0,0.0,200801,1000
reference_r3,LA-HO,200803,3,0.00556100000000001,0.0,1.0,1.0,0.0,200801,1000
reference_r3,LA-HO,200804,1,0.057426999999999895,0.0,1.0,1.0,0.0,200804,1000
reference_r3,LA-HO,200805,2,0.026453000000000004,0.0,1.0,1.0,0.0,200804,1000
reference_r3,LA-HO,200806,3,0.056970999999999994,0.0,1.0,1.0,0.0,200804,1000
reference_r3,LA-HO,200807,1,0.02967200000000003,0.0,1.0,1.0,0.0,200807,1000
reference_r3,LA-HO,200808,2,0.039505999999999986,0.0,1.0,1.0,0.0,200807,1000
reference_r3,LA-HO,200809,3,0.6905300000000001,1.0,1.0,0.0,1.0,200807,1000
reference_r3,LA-HO,200810,1,0.26031800000000005,0.0,1.0,1.0,0.0,200810,1000
reference_r3,LA-HO,200811,2,0.06590099999999999,0.0,1.0,1.0,0.0,200810,1000
reference_r3,LA-HO,200812,3,0.650936,1.0,1.0,0.0,1.0,200810,1000
reference_r3,LA-HO,200901,1,0.014356000000000008,0.0,1.0,1.0,0.0,200901,1000
reference_r3,LA-HO,200902,2,0.034214999999999995,0.0,1.0,1.0,0.0,200901,1000
reference_r3,LA-HO,200903,3,0.018424999999999997,0.0,1.0,1.0,0.0,200901,1000
reference_r3,LA-HO,200904,1,0.002892999999999993,0.0,1.0,1.0,0.0,200904,1000
reference_r3,LA-HO,200905,2,0.017562000000000022,0.0,1.0,1.0,0.0,200904,1000
reference_r3,LA-HO,200906,3,0.06773799999999996,0.0,1.0,1.0,0.0,200904,1000
reference_r3,LA-HO,200907,1,0.027881000000000045,0.0,1.0,1.0,0.0,200907,1000
reference_r3,LA-HO,200908,2,0.045064999999999966,0.0,1.0,1.0,0.0,200907,1000
reference_r3,LA-HO,200909,3,0.684349,1.0,1.0,0.0,1.0,200907,1000
reference_r3,LA-HO,200910,1,0.662816,1.0,1.0,0.0,1.0,200910,1000
reference_r3,LA-HO,200911,2,0.850463,1.0,0.0,0.0,1.0,200910,1000
reference_r3,LA-HO,200912,3,0.927398,1.0,0.0,0.0,1.0,200910,1000
reference_r3,LA-KH,200801,1,0.6344449999999999,1.0,1.0,1.0,0.0,200801,1000
reference_r3,LA-KH,200802,2,0.085779,0.0,1.0,1.0,0.0,200801,1000
reference_r3,LA-KH,200803,3,0.08235999999999999,0.0,1.0,1.0,0.0,200801,1000
reference_r3,LA-KH,200804,1,0.203886,0.0,1.0,1.0,0.0,200804,1000
reference_r3,LA-KH,200805,2,0.351116,0.0,1.0,1.0,0.0,200804,1000
reference_r3,LA-KH,200806,3,0.7078519999999999,0.0,1.0,1.0,1.0,200804,1000
reference_r3,LA-KH,200807,1,1.467177,2.0,1.0,0.0,3.0,200807,1000
reference_r3,LA-KH,200808,2,0.408741,0.0,1.0,1.0,0.0,200807,1000
reference_r3,LA-KH,200809,3,2.122336,3.0,1.0,0.0,4.0,200807,1000
reference_r3,LA-KH,200810,1,3.034315000000001,0.0,1.0,1.0,1.0,200810,1000
reference_r3,LA-KH,200811,2,2.2812529999999995,2.0,1.0,1.0,3.0,200810,1000
reference_r3,LA-KH,200812,3,1.9705689999999998,4.0,1.0,1.0,4.0,200810,1000
reference_r3,LA-KH,200901,1,0.08874000000000004,0.0,1.0,1.0,0.0,200901,1000
reference_r3,LA-KH,200902,2,0.021605000000000013,0.0,1.0,1.0,0.0,200901,1000
reference_r3,LA-KH,200903,3,4.495769,6.0,0.0,0.0,6.0,200901,1000
reference_r3,LA-KH,200904,1,0.740424,1.0,1.0,1.0,0.0,200904,1000
reference_r3,LA-KH,200905,2,2.043501,2.0,1.0,1.0,6.0,200904,1000
reference_r3,LA-KH,200906,3,57.943984,73.0,0.0,0.0,80.0,200904,1000
reference_r3,LA-KH,200907,1,92.558988,131.0,0.0,0.0,155.0,200907,1000
reference_r3,LA-KH,200908,2,229.762139,281.0,0.0,0.0,303.0,200907,1000
reference_r3,LA-KH,200909,3,206.047186,251.0,0.0,0.0,277.0,200907,1000
reference_r3,LA-KH,200910,1,25.455539,25.0,1.0,1.0,85.0,200910,1000
reference_r3,LA-KH,200911,2,19.32379,35.0,1.0,0.0,61.0,200910,1000
reference_r3,LA-KH,200912,3,41.384586,57.0,0.0,0.0,67.0,200910,1000
reference_r3,LA-LM,200801,1,0.00010099999999999866,0.0,1.0,1.0,0.0,200801,1000
reference_r3,LA-LM,200802,2,8.099999999999948e-05,0.0,1.0,1.0,0.0,200801,1000
reference_r3,LA-LM,200803,3,8.999999999999894e-06,0.0,1.0,1.0,0.0,200801,1000
reference_r3,LA-LM,200804,1,0.0017669999999999977,0.0,1.0,1.0,0.0,200804,1000
reference_r3,LA-LM,200805,2,0.011502000000000012,0.0,1.0,1.0,0.0,200804,1000
reference_r3,LA-LM,200806,3,0.011608000000000007,0.0,1.0,1.0,0.0,200804,1000
reference_r3,LA-LM,200807,1,0.06135500000000005,0.0,1.0,1.0,0.0,200807,1000
reference_r3,LA-LM,200808,2,0.05218200000000006,0.0,1.0,1.0,0.0,200807,1000
reference_r3,LA-LM,200809,3,0.08350599999999997,0.0,1.0,1.0,0.0,200807,1000
reference_r3,LA-LM,200810,1,0.9389279999999998,0.0,1.0,1.0,0.0,200810,1000
reference_r3,LA-LM,200811,2,0.2030399999999999,0.0,1.0,1.0,0.0,200810,1000
reference_r3,LA-LM,200812,3,0.09963500000000003,0.0,1.0,1.0,0.0,200810,1000
reference_r3,LA-LM,200901,1,0.00019699999999999926,0.0,1.0,1.0,0.0,200901,1000
reference_r3,LA-LM,200902,2,0.000196,0.0,1.0,1.0,0.0,200901,1000
reference_r3,LA-LM,200903,3,0.00010899999999999972,0.0,1.0,1.0,0.0,200901,1000
reference_r3,LA-LM,200904,1,0.910306,1.0,0.0,0.0,1.0,200904,1000
reference_r3,LA-LM,200905,2,0.009916000000000008,0.0,1.0,1.0,0.0,200904,1000
reference_r3,LA-LM,200906,3,1.564644,2.0,0.0,0.0,2.0,200904,1000
reference_r3,LA-LM,200907,1,0.5633920000000001,0.0,1.0,1.0,1.0,200907,1000
reference_r3,LA-LM,200908,2,0.9033039999999999,1.0,1.0,1.0,0.0,200907,1000
reference_r3,LA-LM,200909,3,1.717516,3.0,1.0,0.0,4.0,200907,1000
reference_r3,LA-LM,200910,1,2.689483,4.0,1.0,0.0,5.0,200910,1000
reference_r3,LA-LM,200911,2,4.71974,6.0,0.0,0.0,6.0,200910,1000
reference_r3,LA-LM,200912,3,3.367209,4.0,0.0,0.0,4.0,200910,1000
reference_r3,LA-LP,200801,1,0.7061440000000001,1.0,1.0,1.0,0.0,200801,1000
reference_r3,LA-LP,200802,2,14.440562,16.0,0.0,0.0,16.0,200801,1000
reference_r3,LA-LP,200803,3,20.501717,22.0,0.0,0.0,22.0,200801,1000
reference_r3,LA-LP,200804,1,11.467334999999999,20.0,1.0,0.0,33.0,200804,1000
reference_r3,LA-LP,200805,2,55.859584,91.5,1.0,0.0,116.0,200804,1000
reference_r3,LA-LP,200806,3,76.892863,126.0,1.0,0.0,160.0,200804,1000
reference_r3,LA-LP,200807,1,122.12278599999999,161.5,1.0,0.0,16.0,200807,1000
reference_r3,LA-LP,200808,2,118.69448400000002,152.5,0.0,0.0,13.0,200807,1000
reference_r3,LA-LP,200809,3,104.789019,143.0,1.0,0.0,14.0,200807,1000
reference_r3,LA-LP,200810,1,25.362488,33.0,0.0,0.0,33.0,200810,1000
reference_r3,LA-LP,200811,2,110.66345299999999,116.0,0.0,0.0,116.0,200810,1000
reference_r3,LA-LP,200812,3,158.77637099999998,161.0,0.0,0.0,161.0,200810,1000
reference_r3,LA-LP,200901,1,7.8697029999999994,10.0,1.0,0.0,0.0,200901,1000
reference_r3,LA-LP,200902,2,6.3766739999999995,8.5,1.0,0.0,0.0,200901,1000
reference_r3,LA-LP,200903,3,14.038567999999998,19.0,0.0,0.0,0.0,200901,1000
reference_r3,LA-LP,200904,1,15.441739000000002,20.0,0.0,0.0,0.0,200904,1000
reference_r3,LA-LP,200905,2,41.22471999999999,51.0,0.0,0.0,0.0,200904,1000
reference_r3,LA-LP,200906,3,72.705808,96.0,1.0,0.0,9.0,200904,1000
reference_r3,LA-LP,200907,1,22.057492,28.0,0.0,0.0,30.0,200907,1000
reference_r3,LA-LP,200908,2,21.823378,29.0,0.0,0.0,32.0,200907,1000
reference_r3,LA-LP,200909,3,303.141152,310.0,0.0,0.0,313.0,200907,1000
reference_r3,LA-LP,200910,1,99.27895099999999,141.0,0.0,0.0,165.0,200910,1000
reference_r3,LA-LP,200911,2,57.122789999999995,76.0,0.0,0.0,87.0,200910,1000
reference_r3,LA-LP,200912,3,2.8496989999999993,4.0,1.0,0.0,0.0,200910,1000
reference_r3,LA-OU,200801,1,0.00048799999999999885,0.0,1.0,1.0,0.0,200801,1000
reference_r3,LA-OU,200802,2,8.200000000000048e-05,0.0,1.0,1.0,0.0,200801,1000
reference_r3,LA-OU,200803,3,1.600000000000039e-05,0.0,1.0,1.0,0.0,200801,1000
reference_r3,LA-OU,200804,1,0.003376999999999991,0.0,1.0,1.0,0.0,200804,1000
reference_r3,LA-OU,200805,2,0.01477400000000001,0.0,1.0,1.0,0.0,200804,1000
reference_r3,LA-OU,200806,3,0.019876000000000005,0.0,1.0,1.0,0.0,200804,1000
reference_r3,LA-OU,200807,1,0.07739799999999997,0.0,1.0,1.0,0.0,200807,1000
reference_r3,LA-OU,200808,2,0.060719999999999996,0.0,1.0,1.0,0.0,200807,1000
reference_r3,LA-OU,200809,3,0.06560599999999994,0.0,1.0,1.0,0.0,200807,1000
reference_r3,LA-OU,200810,1,1.0087400000000004,0.0,1.0,1.0,0.0,200810,1000
reference_r3,LA-OU,200811,2,0.44995700000000016,0.0,1.0,1.0,0.0,200810,1000
reference_r3,LA-OU,200812,3,0.21792999999999996,0.0,1.0,1.0,0.0,200810,1000
reference_r3,LA-OU,200901,1,0.000196,0.0,1.0,1.0,0.0,200901,1000
reference_r3,LA-OU,200902,2,0.00028900000000000106,0.0,1.0,1.0,0.0,200901,1000
reference_r3,LA-OU,200903,3,0.00022900000000000004,0.0,1.0,1.0,0.0,200901,1000
reference_r3,LA-OU,200904,1,0.005320000000000005,0.0,1.0,1.0,0.0,200904,1000
reference_r3,LA-OU,200905,2,0.018785999999999997,0.0,1.0,1.0,0.0,200904,1000
reference_r3,LA-OU,200906,3,0.04758899999999999,0.0,1.0,1.0,0.0,200904,1000
reference_r3,LA-OU,200907,1,0.07379800000000003,0.0,1.0,1.0,0.0,200907,1000
reference_r3,LA-OU,200908,2,0.5887530000000001,1.0,1.0,0.0,1.0,200907,1000
reference_r3,LA-OU,200909,3,14.066691,15.0,0.0,0.0,15.0,200907,1000
reference_r3,LA-OU,200910,1,2.882759,5.0,1.0,0.0,6.0,200910,1000
reference_r3,LA-OU,200911,2,11.249027,13.0,0.0,0.0,13.0,200910,1000
reference_r3,LA-OU,200912,3,17.202479999999998,18.0,0.0,0.0,18.0,200910,1000
reference_r3,LA-PH,200901,1,0.013097999999999999,0.0,1.0,1.0,0.0,200901,1000
reference_r3,LA-PH,200902,2,0.010023000000000004,0.0,1.0,1.0,0.0,200901,1000
reference_r3,LA-PH,200903,3,0.020546999999999982,0.0,1.0,1.0,0.0,200901,1000
reference_r3,LA-PH,200904,1,0.004937999999999998,0.0,1.0,1.0,0.0,200904,1000
reference_r3,LA-PH,200905,2,0.016339999999999993,0.0,1.0,1.0,0.0,200904,1000
reference_r3,LA-PH,200906,3,0.04701000000000011,0.0,1.0,1.0,0.0,200904,1000
reference_r3,LA-PH,200907,1,0.026527000000000023,0.0,1.0,1.0,0.0,200907,1000
reference_r3,LA-PH,200909,3,0.03383200000000003,0.0,1.0,1.0,0.0,200907,1000
reference_r3,LA-PH,200910,1,0.005916000000000005,0.0,1.0,1.0,0.0,200910,1000
reference_r3,LA-PH,200911,2,0.0018659999999999996,0.0,1.0,1.0,0.0,200910,1000
reference_r3,LA-PH,200912,3,0.0005140000000000006,0.0,1.0,1.0,0.0,200910,1000
reference_r3,LA-SL,200801,1,0.8824999999999998,1.0,1.0,1.0,0.0,200801,1000
reference_r3,LA-SL,200802,2,0.391918,0.0,1.0,1.0,1.0,200801,1000
reference_r3,LA-SL,200803,3,3.9221580000000005,5.0,0.0,0.0,5.0,200801,1000
reference_r3,LA-SL,200804,1,0.9413259999999997,0.0,1.0,1.0,2.0,200804,1000
reference_r3,LA-SL,200805,2,90.365224,101.0,0.0,0.0,105.0,200804,1000
reference_r3,LA-SL,200806,3,191.808629,217.0,0.0,0.0,226.0,200804,1000
reference_r3,LA-SL,200807,1,50.341024000000004,38.0,1.0,1.0,78.0,200807,1000
reference_r3,LA-SL,200808,2,51.72359,56.0,1.0,1.0,63.0,200807,1000
reference_r3,LA-SL,200809,3,44.45571000000001,22.0,1.0,1.0,85.0,200807,1000
reference_r3,LA-SL,200810,1,62.86634500000001,89.0,0.0,0.0,91.0,200810,1000
reference_r3,LA-SL,200811,2,12.302058,20.0,1.0,0.0,21.0,200810,1000
reference_r3,LA-SL,200812,3,4.217911,8.0,1.0,0.0,8.0,200810,1000
reference_r3,LA-SL,200901,1,1.5405600000000006,2.0,1.0,1.0,1.0,200901,1000
reference_r3,LA-SL,200902,2,18.920496,23.0,0.0,0.0,24.0,200901,1000
reference_r3,LA-SL,200903,3,12.823239000000001,21.0,1.0,0.0,25.0,200901,1000
reference_r3,LA-SL,200904,1,7.024062999999998,2.0,1.0,1.0,19.0,200904,1000
reference_r3,LA-SL,200905,2,36.977374999999995,62.0,1.0,1.0,122.0,200904,1000
reference_r3,LA-SL,200906,3,42.206064,47.0,1.0,1.0,42.0,200904,1000
reference_r3,LA-SL,200907,1,58.206636,13.5,1.0,1.0,164.0,200907,1000
reference_r3,LA-SL,200908,2,48.64660999999998,9.5,1.0,1.0,127.0,200907,1000
reference_r3,LA-SL,200909,3,41.618307,28.0,1.0,1.0,91.0,200907,1000
reference_r3,LA-SL,200910,1,34.458698000000005,63.0,1.0,0.0,94.0,200910,1000
reference_r3,LA-SL,200911,2,14.893123000000003,5.5,1.0,1.0,44.0,200910,1000
reference_r3,LA-SL,200912,3,8.807339000000002,6.0,1.0,1.0,17.0,200910,1000
reference_r3,LA-SV,200801,1,5.549382000000001,8.0,1.0,0.0,1.0,200801,1000
reference_r3,LA-SV,200802,2,0.877761,1.0,1.0,1.0,1.0,200801,1000
reference_r3,LA-SV,200803,3,0.45511499999999994,0.0,1.0,1.0,1.0,200801,1000
reference_r3,LA-SV,200804,1,1.0360559999999999,1.0,1.0,1.0,0.0,200804,1000
reference_r3,LA-SV,200805,2,1.4688220000000003,2.0,1.0,1.0,1.0,200804,1000
reference_r3,LA-SV,200806,3,4.578588999999999,1.0,1.0,1.0,10.0,200804,1000
reference_r3,LA-SV,200807,1,4.4050519999999995,0.0,1.0,1.0,11.0,200807,1000
reference_r3,LA-SV,200808,2,5.592568000000002,6.5,1.0,1.0,4.0,200807,1000
reference_r3,LA-SV,200809,3,6.698866000000001,9.0,1.0,0.0,2.0,200807,1000
reference_r3,LA-SV,200810,1,14.438960999999999,1.0,1.0,1.0,10.0,200810,1000
reference_r3,LA-SV,200811,2,7.297913000000001,2.0,1.0,1.0,2.0,200810,1000
reference_r3,LA-SV,200812,3,5.111885999999998,3.0,1.0,1.0,0.0,200810,1000
reference_r3,LA-SV,200901,1,0.07442899999999997,0.0,1.0,1.0,0.0,200901,1000
reference_r3,LA-SV,200902,2,0.014290999999999998,0.0,1.0,1.0,0.0,200901,1000
reference_r3,LA-SV,200903,3,0.147988,0.0,1.0,1.0,0.0,200901,1000
reference_r3,LA-SV,200904,1,0.20896499999999996,0.0,1.0,1.0,0.0,200904,1000
reference_r3,LA-SV,200905,2,1.191634,2.0,1.0,1.0,0.0,200904,1000
reference_r3,LA-SV,200906,3,1.320922,1.0,1.0,1.0,1.0,200904,1000
reference_r3,LA-SV,200907,1,9.949379,12.0,0.0,0.0,13.0,200907,1000
reference_r3,LA-SV,200908,2,30.897942999999998,33.0,0.0,0.0,34.0,200907,1000
reference_r3,LA-SV,200909,3,44.826103,48.0,0.0,0.0,48.0,200907,1000
reference_r3,LA-SV,200910,1,5.51347,10.0,1.0,0.0,16.0,200910,1000
reference_r3,LA-SV,200911,2,23.986697,30.0,0.0,0.0,33.0,200910,1000
reference_r3,LA-SV,200912,3,1.35871,2.0,1.0,1.0,4.0,200910,1000
reference_r3,LA-VT,200801,1,10.057061999999998,4.0,1.0,1.0,29.0,200801,1000
reference_r3,LA-VT,200802,2,3.974978000000001,7.0,1.0,1.0,12.0,200801,1000
reference_r3,LA-VT,200803,3,17.394930000000002,23.0,0.0,0.0,26.0,200801,1000
reference_r3,LA-VT,200804,1,16.469227999999998,20.0,1.0,0.0,4.0,200804,1000
reference_r3,LA-VT,200805,2,23.92217,26.5,1.0,1.0,17.0,200804,1000
reference_r3,LA-VT,200806,3,89.84481000000002,107.5,1.0,1.0,60.0,200804,1000
reference_r3,LA-VT,200807,1,80.172529,71.5,1.0,1.0,132.0,200807,1000
reference_r3,LA-VT,200808,2,76.64832099999998,46.0,1.0,1.0,144.0,200807,1000
reference_r3,LA-VT,200809,3,69.62404800000002,13.5,1.0,1.0,158.0,200807,1000
reference_r3,LA-VT,200810,1,52.023450999999994,72.5,1.0,1.0,95.0,200810,1000
reference_r3,LA-VT,200811,2,71.130328,122.0,1.0,0.0,129.0,200810,1000
reference_r3,LA-VT,200812,3,48.353885,85.0,1.0,0.0,91.0,200810,1000
reference_r3,LA-VT,200901,1,19.752691,31.0,0.0,0.0,38.0,200901,1000
reference_r3,LA-VT,200902,2,12.621457000000001,18.0,0.0,0.0,20.0,200901,1000
reference_r3,LA-VT,200903,3,6.037096000000002,9.0,1.0,1.0,19.0,200901,1000
reference_r3,LA-VT,200904,1,12.823845999999996,1.0,1.0,1.0,33.0,200904,1000
reference_r3,LA-VT,200905,2,99.71466500000002,123.5,1.0,0.0,54.0,200904,1000
reference_r3,LA-VT,200906,3,202.32232599999998,260.5,1.0,0.0,104.0,200904,1000
reference_r3,LA-VT,200907,1,114.66519799999998,6.5,1.0,1.0,302.0,200907,1000
reference_r3,LA-VT,200908,2,113.46543700000001,77.5,1.0,1.0,356.0,200907,1000
reference_r3,LA-VT,200909,3,134.52741300000002,202.0,1.0,1.0,470.0,200907,1000
reference_r3,LA-VT,200910,1,245.18499099999997,400.5,1.0,0.0,527.0,200910,1000
reference_r3,LA-VT,200911,2,329.001625,443.0,0.0,0.0,521.0,200910,1000
reference_r3,LA-VT,200912,3,268.361132,331.0,0.0,0.0,366.0,200910,1000
reference_r3,LA-XA,200801,1,1.054097,1.0,1.0,1.0,0.0,200801,1000
reference_r3,LA-XA,200802,2,0.22902599999999995,0.0,1.0,1.0,0.0,200801,1000
reference_r3,LA-XA,200803,3,0.16970699999999994,0.0,1.0,1.0,0.0,200801,1000
reference_r3,LA-XA,200804,1,0.053500999999999965,0.0,1.0,1.0,0.0,200804,1000
reference_r3,LA-XA,200805,2,1.163487,2.0,1.0,0.0,2.0,200804,1000
reference_r3,LA-XA,200806,3,4.0009749999999995,6.0,0.0,0.0,6.0,200804,1000
reference_r3,LA-XA,200807,1,10.162073,16.0,1.0,0.0,19.0,200807,1000
reference_r3,LA-XA,200808,2,2.676473,5.0,1.0,0.0,7.0,200807,1000
reference_r3,LA-XA,200809,3,0.9439360000000003,1.0,1.0,1.0,1.0,200807,1000
reference_r3,LA-XA,200810,1,2.0016190000000007,2.0,1.0,1.0,3.0,200810,1000
reference_r3,LA-XA,200811,2,1.179713,2.0,1.0,1.0,2.0,200810,1000
reference_r3,LA-XA,200812,3,0.6818240000000002,1.0,1.0,1.0,1.0,200810,1000
reference_r3,LA-XA,200901,1,0.09065400000000001,0.0,1.0,1.0,0.0,200901,1000
reference_r3,LA-XA,200902,2,0.05642200000000003,0.0,1.0,1.0,0.0,200901,1000
reference_r3,LA-XA,200903,3,0.24020300000000006,0.0,1.0,1.0,0.0,200901,1000
reference_r3,LA-XA,200904,1,0.22547700000000004,0.0,1.0,1.0,0.0,200904,1000
reference_r3,LA-XA,200905,2,0.5803720000000001,0.0,1.0,1.0,1.0,200904,1000
reference_r3,LA-XA,200906,3,7.471392,12.0,1.0,0.0,14.0,200904,1000
reference_r3,LA-XA,200907,1,4.206171,8.0,1.0,0.0,11.0,200907,1000
reference_r3,LA-XA,200908,2,25.114561000000002,33.0,0.0,0.0,37.0,200907,1000
reference_r3,LA-XA,200909,3,4.186184999999999,7.0,1.0,0.0,11.0,200907,1000
reference_r3,LA-XA,200910,1,2.66767,1.0,1.0,1.0,5.0,200910,1000
reference_r3,LA-XA,200911,2,1.5174149999999997,2.0,1.0,1.0,5.0,200910,1000
reference_r3,LA-XA,200912,3,0.928582,1.0,1.0,1.0,0.0,200910,1000
reference_r3,LA-XE,200801,1,0.015670000000000017,0.0,1.0,1.0,0.0,200801,1000
reference_r3,LA-XE,200802,2,0.008577000000000001,0.0,1.0,1.0,0.0,200801,1000
reference_r3,LA-XE,200803,3,0.003394000000000008,0.0,1.0,1.0,0.0,200801,1000
reference_r3,LA-XE,200804,1,0.01905699999999999,0.0,1.0,1.0,0.0,200804,1000
reference_r3,LA-XE,200805,2,0.062108,0.0,1.0,1.0,0.0,200804,1000
reference_r3,LA-XE,200806,3,3.858104,5.0,0.0,0.0,5.0,200804,1000
reference_r3,LA-XE,200807,1,0.8049159999999997,1.0,1.0,1.0,0.0,200807,1000
reference_r3,LA-XE,200808,2,0.9757500000000001,1.0,1.0,1.0,0.0,200807,1000
reference_r3,LA-XE,200809,3,0.678191,0.0,1.0,1.0,1.0,200807,1000
reference_r3,LA-XE,200810,1,0.2316180000000001,0.0,1.0,1.0,0.0,200810,1000
reference_r3,LA-XE,200811,2,0.07737899999999998,0.0,1.0,1.0,0.0,200810,1000
reference_r3,LA-XE,200812,3,0.685063,1.0,1.0,0.0,1.0,200810,1000
reference_r3,LA-XE,200901,1,0.005606,0.0,1.0,1.0,0.0,200901,1000
reference_r3,LA-XE,200902,2,1.829688,2.0,0.0,0.0,2.0,200901,1000
reference_r3,LA-XE,200903,3,1.776473,2.0,0.0,0.0,2.0,200901,1000
reference_r3,LA-XE,200904,1,0.399481,1.0,1.0,1.0,1.0,200904,1000
reference_r3,LA-XE,200905,2,0.754864,1.0,1.0,1.0,2.0,200904,1000
reference_r3,LA-XE,200906,3,4.659731,7.0,1.0,0.0,9.0,200904,1000
reference_r3,LA-XE,200907,1,17.15729,25.0,0.0,0.0,29.0,200907,1000
reference_r3,LA-XE,200908,2,14.695194,22.0,0.0,0.0,27.0,200907,1000
reference_r3,LA-XE,200909,3,2.000999,2.0,1.0,1.0,6.0,200907,1000
reference_r3,LA-XE,200910,1,2.517367,3.0,1.0,1.0,7.0,200910,1000
reference_r3,LA-XE,200911,2,9.580123,10.0,1.0,0.0,3.0,200910,1000
reference_r3,LA-XE,200912,3,7.686683999999996,6.0,1.0,1.0,7.0,200910,1000
reference_r3,LA-XI,200801,1,0.0002129999999999979,0.0,1.0,1.0,0.0,200801,1000
reference_r3,LA-XI,200802,2,0.00010099999999999866,0.0,1.0,1.0,0.0,200801,1000
reference_r3,LA-XI,200803,3,0.0002260000000000005,0.0,1.0,1.0,0.0,200801,1000
reference_r3,LA-XI,200804,1,0.005182999999999993,0.0,1.0,1.0,0.0,200804,1000
reference_r3,LA-XI,200805,2,0.0042179999999999995,0.0,1.0,1.0,0.0,200804,1000
reference_r3,LA-XI,200806,3,0.827061,1.0,0.0,0.0,1.0,200804,1000
reference_r3,LA-XI,200807,1,0.09455499999999994,0.0,1.0,1.0,0.0,200807,1000
reference_r3,LA-XI,200808,2,0.11376600000000003,0.0,1.0,1.0,0.0,200807,1000
reference_r3,LA-XI,200809,3,0.09898499999999999,0.0,1.0,1.0,0.0,200807,1000
reference_r3,LA-XI,200810,1,0.20838800000000002,0.0,1.0,1.0,0.0,200810,1000
reference_r3,LA-XI,200811,2,0.12685599999999997,0.0,1.0,1.0,0.0,200810,1000
reference_r3,LA-XI,200812,3,0.06222,0.0,1.0,1.0,0.0,200810,1000
reference_r3,LA-XI,200901,1,0.0007670000000000038,0.0,1.0,1.0,0.0,200901,1000
reference_r3,LA-XI,200902,2,0.0024100000000000024,0.0,1.0,1.0,0.0,200901,1000
reference_r3,LA-XI,200903,3,0.002920000000000006,0.0,1.0,1.0,0.0,200901,1000
reference_r3,LA-XI,200904,1,0.0008300000000000043,0.0,1.0,1.0,0.0,200904,1000
reference_r3,LA-XI,200905,2,38.829127,39.0,0.0,0.0,39.0,200904,1000
reference_r3,LA-XI,200906,3,32.62656,33.0,0.0,0.0,33.0,200904,1000
reference_r3,LA-XI,200907,1,12.680804999999996,17.0,1.0,0.0,1.0,200907,1000
reference_r3,LA-XI,200908,2,13.668720999999998,18.0,1.0,1.0,10.0,200907,1000
reference_r3,LA-XI,200909,3,15.433080999999998,21.0,0.0,0.0,0.0,200907,1000
reference_r3,LA-XI,200910,1,13.982271999999998,19.0,0.0,0.0,0.0,200910,1000
reference_r3,LA-XI,200911,2,5.023796000000001,7.0,1.0,0.0,0.0,200910,1000
reference_r3,LA-XI,200912,3,2.484749,4.0,1.0,0.0,0.0,200910,1000
reference_r4,LA-AT,200801,1,2.941926,4.0,0.0,0.0,4.0,200801,1000
reference_r4,LA-AT,200802,2,1.330813,2.0,1.0,0.0,2.0,200801,1000
reference_r4,LA-AT,200803,3,0.05074699999999999,0.0,1.0,1.0,0.0,200801,1000
reference_r4,LA-AT,200804,1,0.456067,1.0,1.0,1.0,0.0,200804,1000
reference_r4,LA-AT,200805,2,1.816321,3.0,1.0,0.0,4.0,200804,1000
reference_r4,LA-AT,200806,3,4.448683,8.0,1.0,0.0,10.0,200804,1000
reference_r4,LA-AT,200807,1,2.5325439999999997,1.0,1.0,1.0,6.0,200807,1000
reference_r4,LA-AT,200808,2,3.322656000000001,6.0,1.0,1.0,11.0,200807,1000
reference_r4,LA-AT,200809,3,11.361032,19.0,1.0,0.0,24.0,200807,1000
reference_r4,LA-AT,200810,1,32.673575,42.0,0.0,0.0,47.0,200810,1000
reference_r4,LA-AT,200811,2,32.212841000000004,39.0,0.0,0.0,43.0,200810,1000
reference_r4,LA-AT,200812,3,17.607442,21.0,0.0,0.0,23.0,200810,1000
reference_r4,LA-AT,200901,1,7.704708,13.0,1.0,0.0,18.0,200901,1000
reference_r4,LA-AT,200902,2,35.65251,43.0,0.0,0.0,46.0,200901,1000
reference_r4,LA-AT,200903,3,56.759275,71.0,0.0,0.0,77.0,200901,1000
reference_r4,LA-AT,200904,1,37.774370999999995,67.0,1.0,0.0,99.0,200904,1000
reference_r4,LA-AT,200905,2,87.13174600000002,114.5,0.0,0.0,0.0,200904,1000
reference_r4,LA-AT,200906,3,69.13217800000001,90.0,1.0,0.0,24.0,200904,1000
reference_r4,LA-AT,200907,1,102.54850000000002,131.0,1.0,1.0,64.0,200907,1000
reference_r4,LA-AT,200908,2,124.44445100000002,165.0,1.0,0.0,21.0,200907,1000
reference_r4,LA-AT,200909,3,212.31376099999994,276.0,0.0,0.0,17.0,200907,1000
reference_r4,LA-AT,200910,1,40.71737,53.0,1.0,0.0,4.0,200910,1000
reference_r4,LA-AT,200911,2,27.438935,31.5,1.0,1.0,16.0,200910,1000
reference_r4,LA-AT,200912,3,30.91882199999999,38.0,1.0,0.0,6.0,200910,1000
reference_r4,LA-BK,200801,1,0.942842,1.0,0.0,0.0,1.0,200801,1000
reference_r4,LA-BK,200802,2,0.0001250000000000001,0.0,1.0,1.0,0.0,200801,1000
reference_r4,LA-BK,200803,3,1.000000000000046e-05,0.0,1.0,1.0,0.0,200801,1000
reference_r4,LA-BK,200804,1,0.030532000000000004,0.0,1.0,1.0,0.0,200804,1000
reference_r4,LA-BK,200805,2,10.915147000000001,12.0,0.0,0.0,12.0,200804,1000
reference_r4,LA-BK,200806,3,51.478981000000005,53.0,0.0,0.0,53.0,200804,1000
reference_r4,LA-BK,200807,1,16.652115,22.0,1.0,0.0,2.0,200807,1000
reference_r4,LA-BK,200808,2,29.179328999999996,35.0,1.0,0.0,9.0,200807,1000
reference_r4,LA-BK,200809,3,82.04303699999997,87.0,1.0,1.0,33.0,200807,1000
reference_r4,LA-BK,200810,1,20.861438000000007,5.0,1.0,1.0,48.0,200810,1000
reference_r4,LA-BK,200811,2,39.429379000000004,50.0,0.0,0.0,55.0,200810,1000
reference_r4,LA-BK,200812,3,1.6377099999999998,3.0,1.0,1.0,5.0,200810,1000
reference_r4,LA-BK,200901,1,0.44740899999999995,0.0,1.0,1.0,1.0,200901,1000
reference_r4,LA-BK,200902,2,0.39178499999999994,1.0,1.0,1.0,0.0,200901,1000
reference_r4,LA-BK,200903,3,0.627178,0.0,1.0,1.0,1.0,200901,1000
reference_r4,LA-BK,200904,1,1.7548640000000004,1.0,1.0,1.0,3.0,200904,1000
reference_r4,LA-BK,200905,2,43.533458,62.0,0.0,0.0,74.0,200904,1000
reference_r4,LA-BK,200906,3,135.496236,189.0,0.0,0.0,216.0,200904,1000
reference_r4,LA-BK,200907,1,92.868643,159.0,1.0,0.0,212.0,200907,1000
reference_r4,LA-BK,200908,2,30.963030999999994,50.0,1.0,1.0,110.0,200907,1000
reference_r4,LA-BK,200909,3,18.256708000000003,3.0,1.0,1.0,52.0,200907,1000
reference_r4,LA-BK,200910,1,28.627636000000003,32.0,1.0,1.0,31.0,200910,1000
reference_r4,LA-BK,200911,2,16.661734000000003,21.0,1.0,0.0,5.0,200910,1000
reference_r4,LA-BK,200912,3,6.784469999999999,8.0,1.0,1.0,4.0,200910,1000
reference_r4,LA-BL,200801,1,5.625805,9.0,0.0,0.0,10.0,200801,1000
reference_r4,LA-BL,200802,2,5.933274000000001,7.0,0.0,0.0,7.0,200801,1000
reference_r4,LA-BL,200803,3,0.37644599999999995,1.0,1.0,1.0,1.0,200801,1000
reference_r4,LA-BL,200804,1,3.264279,3.0,1.0,1.0,3.0,200804,1000
reference_r4,LA-BL,200805,2,4.835757000000001,8.0,1.0,1.0,15.0,200804,1000
reference_r4,LA-BL,200806,3,7.218665999999999,1.5,1.0,1.0,19.0,200804,1000
reference_r4,LA-BL,200807,1,16.476661,11.0,1.0,1.0,31.0,200807,1000
reference_r4,LA-BL,200808,2,21.373891000000008,17.0,1.0,1.0,32.0,200807,1000
reference_r4,LA-BL,200809,3,20.662510999999995,17.0,1.0,1.0,30.0,200807,1000
reference_r4,LA-BL,200810,1,10.363104,13.0,1.0,0.0,5.0,200810,1000
reference_r4,LA-BL,200811,2,4.699686000000002,1.0,1.0,1.0,12.0,200810,1000
reference_r4,LA-BL,200812,3,1.3267809999999995,1.0,1.0,1.0,1.0,200810,1000
reference_r4,LA-BL,200901,1,0.7479629999999999,1.0,1.0,1.0,2.0,200901,1000
reference_r4,LA-BL,200902,2,1.4423789999999999,3.0,1.0,0.0,3.0,200901,1000
reference_r4,LA-BL,200903,3,1.3355849999999996,2.0,1.0,1.0,0.0,200901,1000
reference_r4,LA-BL,200904,1,0.7529840000000001,1.0,1.0,1.0,2.0,200904,1000
reference_r4,LA-BL,200905,2,3.284486000000001,4.0,1.0,0.0,0.0,200904,1000
reference_r4,LA-BL,200906,3,3.799657,2.0,1.0,1.0,7.0,200904,1000
reference_r4,LA-BL,200907,1,12.354365,23.0,1.0,0.0,35.0,200907,1000
reference_r4,LA-BL,200908,2,4.7597200000000015,3.0,1.0,1.0,9.0,200907,1000
reference_r4,LA-BL,200909,3,9.821917999999998,12.0,0.0,0.0,0.0,200907,1000
reference_r4,LA-BL,200910,1,4.001413,5.0,1.0,0.0,1.0,200910,1000
reference_r4,LA-BL,200911,2,1.213847,1.0,1.0,1.0,2.0,200910,1000
reference_r4,LA-BL,200912,3,0.434542,0.0,1.0,1.0,1.0,200910,1000
reference_r4,LA-CH,200801,1,32.260988999999995,54.5,1.0,0.0,73.0,200801,1000
reference_r4,LA-CH,200802,2,46.44707,72.5,1.0,0.0,90.0,200801,1000
reference_r4,LA-CH,200803,3,55.617913,79.0,0.0,0.0,92.0,200801,1000
reference_r4,LA-CH,200804,1,25.71947800000001,7.0,1.0,1.0,69.0,200804,1000
reference_r4,LA-CH,200805,2,40.166208,32.0,1.0,1.0,113.0,200804,1000
reference_r4,LA-CH,200806,3,101.87253199999998,25.5,1.0,1.0,295.0,200804,1000
reference_r4,LA-CH,200807,1,159.728864,198.0,1.0,1.0,162.0,200807,1000
reference_r4,LA-CH,200808,2,97.195224,83.5,1.0,1.0,143.0,200807,1000
reference_r4,LA-CH,200809,3,104.06614400000001,72.0,1.0,1.0,185.0,200807,1000
reference_r4,LA-CH,200810,1,40.435986000000014,37.0,1.0,1.0,140.0,200810,1000
reference_r4,LA-CH,200811,2,30.667788,14.0,1.0,1.0,102.0,200810,1000
reference_r4,LA-CH,200812,3,23.692282000000002,43.0,1.0,0.0,73.0,200810,1000
reference_r4,LA-CH,200901,1,8.991320000000002,10.0,1.0,1.0,31.0,200901,1000
reference_r4,LA-CH,200902,2,21.726655,37.0,1.0,0.0,48.0,200901,1000
reference_r4,LA-CH,200903,3,19.99624,36.5,1.0,1.0,60.0,200901,1000
reference_r4,LA-CH,200904,1,31.597113999999998,57.0,1.0,1.0,102.0,200904,1000
reference_r4,LA-CH,200905,2,98.50827099999998,114.5,1.0,1.0,66.0,200904,1000
reference_r4,LA-CH,200906,3,102.04088199999998,97.0,1.0,1.0,124.0,200904,1000
reference_r4,LA-CH,200907,1,115.48156699999998,144.0,1.0,1.0,122.0,200907,1000
reference_r4,LA-CH,200908,2,78.34051600000001,76.0,1.0,1.0,110.0,200907,1000
reference_r4,LA-CH,200909,3,112.886367,124.0,1.0,1.0,105.0,200907,1000
reference_r4,LA-CH,200910,1,24.230321000000004,0.5,1.0,1.0,59.0,200910,1000
reference_r4,LA-CH,200911,2,32.448712,34.0,1.0,1.0,35.0,200910,1000
reference_r4,LA-CH,200912,3,25.743914000000004,24.0,1.0,1.0,32.0,200910,1000
reference_r4,LA-HO,200801,1,0.002120000000000004,0.0,1.0,1.0,0.0,200801,1000
reference_r4,LA-HO,200802,2,0.000732,0.0,1.0,1.0,0.0,200801,1000
reference_r4,LA-HO,200803,3,0.006451999999999999,0.0,1.0,1.0,0.0,200801,1000
reference_r4,LA-HO,200804,1,0.09005599999999991,0.0,1.0,1.0,0.0,200804,1000
reference_r4,LA-HO,200805,2,0.034131999999999996,0.0,1.0,1.0,0.0,200804,1000
reference_r4,LA-HO,200806,3,0.05018600000000001,0.0,1.0,1.0,0.0,200804,1000
reference_r4,LA-HO,200807,1,0.02318999999999999,0.0,1.0,1.0,0.0,200807,1000
reference_r4,LA-HO,200808,2,0.033867000000000036,0.0,1.0,1.0,0.0,200807,1000
reference_r4,LA-HO,200809,3,0.7287489999999999,1.0,1.0,0.0,1.0,200807,1000
reference_r4,LA-HO,200810,1,0.05456500000000003,0.0,1.0,1.0,0.0,200810,1000
reference_r4,LA-HO,200811,2,0.014253999999999989,0.0,1.0,1.0,0.0,200810,1000
reference_r4,LA-HO,200812,3,0.910169,1.0,0.0,0.0,1.0,200810,1000
reference_r4,LA-HO,200901,1,0.011383000000000004,0.0,1.0,1.0,0.0,200901,1000
reference_r4,LA-HO,200902,2,0.024502999999999997,0.0,1.0,1.0,0.0,200901,1000
reference_r4,LA-HO,200903,3,0.022071000000000007,0.0,1.0,1.0,0.0,200901,1000
reference_r4,LA-HO,200904,1,0.0028900000000000037,0.0,1.0,1.0,0.0,200904,1000
reference_r4,LA-HO,200905,2,0.01693799999999998,0.0,1.0,1.0,0.0,200904,1000
reference_r4,LA-HO,200906,3,0.054086999999999996,0.0,1.0,1.0,0.0,200904,1000
reference_r4,LA-HO,200907,1,0.026059,0.0,1.0,1.0,0.0,200907,1000
reference_r4,LA-HO,200908,2,0.048279000000000016,0.0,1.0,1.0,0.0,200907,1000
reference_r4,LA-HO,200909,3,0.702998,1.0,1.0,0.0,1.0,200907,1000
reference_r4,LA-HO,200910,1,0.655747,1.0,1.0,0.0,1.0,200910,1000
reference_r4,LA-HO,200911,2,0.8229770000000001,1.0,0.0,0.0,1.0,200910,1000
reference_r4,LA-HO,200912,3,0.89874,1.0,0.0,0.0,1.0,200910,1000
reference_r4,LA-KH,200801,1,0.6318819999999998,1.0,1.0,1.0,0.0,200801,1000
reference_r4,LA-KH,200802,2,0.076822,0.0,1.0,1.0,0.0,200801,1000
reference_r4,LA-KH,200803,3,0.07470299999999996,0.0,1.0,1.0,0.0,200801,1000
reference_r4,LA-KH,200804,1,0.23473299999999997,0.0,1.0,1.0,0.0,200804,1000
reference_r4,LA-KH,200805,2,0.2595280000000001,0.0,1.0,1.0,0.0,200804,1000
reference_r4,LA-KH,200806,3,0.6739459999999999,0.0,1.0,1.0,1.0,200804,1000
reference_r4,LA-KH,200807,1,1.5271070000000002,3.0,1.0,0.0,3.0,200807,1000
reference_r4,LA-KH,200808,2,0.3452550000000001,0.0,1.0,1.0,0.0,200807,1000
reference_r4,LA-KH,200809,3,2.095618,3.0,1.0,0.0,4.0,200807,1000
reference_r4,LA-KH,200810,1,0.572471,0.0,1.0,1.0,1.0,200810,1000
reference_r4,LA-KH,200811,2,1.2847279999999999,2.0,1.0,0.0,3.0,200810,1000
reference_r4,LA-KH,200812,3,3.363195,4.0,0.0,0.0,4.0,200810,1000
reference_r4,LA-KH,200901,1,0.06600800000000001,0.0,1.0,1.0,0.0,200901,1000
reference_r4,LA-KH,200902,2,0.028227000000000002,0.0,1.0,1.0,0.0,200901,1000
reference_r4,LA-KH,200903,3,4.65825,6.0,0.0,0.0,6.0,200901,1000
reference_r4,LA-KH,200904,1,0.7528569999999999,1.0,1.0,1.0,0.0,200904,1000
reference_r4,LA-KH,200905,2,1.9549830000000004,2.0,1.0,1.0,6.0,200904,1000
reference_r4,LA-KH,200906,3,57.179586,73.0,0.0,0.0,80.0,200904,1000
reference_r4,LA-KH,200907,1,91.816024,130.0,0.0,0.0,155.0,200907,1000
reference_r4,LA-KH,200908,2,229.70954500000002,276.5,0.0,0.0,303.0,200907,1000
reference_r4,LA-KH,200909,3,200.012174,251.0,0.0,0.0,277.0,200907,1000
reference_r4,LA-KH,200910,1,25.055481,23.5,1.0,1.0,85.0,200910,1000
reference_r4,LA-KH,200911,2,19.724056,35.0,1.0,0.0,61.0,200910,1000
reference_r4,LA-KH,200912,3,40.623702,57.0,0.0,0.0,67.0,200910,1000
reference_r4,LA-LM,200801,1,0.0001449999999999993,0.0,1.0,1.0,0.0,200801,1000
reference_r4,LA-LM,200802,2,2.499999999999985e-05,0.0,1.0,1.0,0.0,200801,1000
reference_r4,LA-LM,200803,3,4.000000000000097e-06,0.0,1.0,1.0,0.0,200801,1000
reference_r4,LA-LM,200804,1,0.002146000000000002,0.0,1.0,1.0,0.0,200804,1000
reference_r4,LA-LM,200805,2,0.013979999999999992,0.0,1.0,1.0,0.0,200804,1000
reference_r4,LA-LM,200806,3,0.01375499999999999,0.0,1.0,1.0,0.0,200804,1000
reference_r4,LA-LM,200807,1,0.059309999999999974,0.0,1.0,1.0,0.0,200807,1000
reference_r4,LA-LM,200808,2,0.04990299999999992,0.0,1.0,1.0,0.0,200807,1000
reference_r4,LA-LM,200809,3,0.05678700000000003,0.0,1.0,1.0,0.0,200807,1000
reference_r4,LA-LM,200810,1,0.010559999999999986,0.0,1.0,1.0,0.0,200810,1000
reference_r4,LA-LM,200811,2,0.0053520000000000095,0.0,1.0,1.0,0.0,200810,1000
reference_r4,LA-LM,200812,3,0.0004039999999999981,0.0,1.0,1.0,0.0,200810,1000
reference_r4,LA-LM,200901,1,0.0003239999999999979,0.0,1.0,1.0,0.0,200901,1000
reference_r4,LA-LM,200902,2,0.0001460000000000003,0.0,1.0,1.0,0.0,200901,1000
reference_r4,LA-LM,200903,3,0.00019800000000000026,0.0,1.0,1.0,0.0,200901,1000
reference_r4,LA-LM,200904,1,0.8707159999999999,1.0,0.0,0.0,1.0,200904,1000
reference_r4,LA-LM,200905,2,0.015113000000000015,0.0,1.0,1.0,0.0,200904,1000
reference_r4,LA-LM,200906,3,1.541064,2.0,0.0,0.0,2.0,200904,1000
reference_r4,LA-LM,200907,1,0.572727,0.0,1.0,1.0,1.0,200907,1000
reference_r4,LA-LM,200908,2,0.9821589999999998,1.0,1.0,1.0,0.0,200907,1000
reference_r4,LA-LM,200909,3,1.638318,3.0,1.0,0.0,4.0,200907,1000
reference_r4,LA-LM,200910,1,2.633692,4.0,1.0,0.0,5.0,200910,1000
reference_r4,LA-LM,200911,2,4.695292,6.0,0.0,0.0,6.0,200910,1000
reference_r4,LA-LM,200912,3,3.347843,4.0,0.0,0.0,4.0,200910,1000
reference_r4,LA-LP,200801,1,0.834463,1.0,1.0,1.0,0.0,200801,1000
reference_r4,LA-LP,200802,2,14.549139,16.0,0.0,0.0,16.0,200801,1000
reference_r4,LA-LP,200803,3,20.427812,22.0,0.0,0.0,22.0,200801,1000
reference_r4,LA-LP,200804,1,10.459827999999998,18.0,1.0,1.0,33.0,200804,1000
reference_r4,LA-LP,200805,2,58.623645,92.0,1.0,0.0,116.0,200804,1000
reference_r4,LA-LP,200806,3,68.914174,122.0,1.0,0.0,160.0,200804,1000
reference_r4,LA-LP,200807,1,126.58000600000003,169.0,1.0,0.0,16.0,200807,1000
reference_r4,LA-LP,200808,2,116.845674,157.0,1.0,0.0,13.0,200807,1000
reference_r4,LA-LP,200809,3,103.99719100000002,147.0,0.0,0.0,14.0,200807,1000
reference_r4,LA-LP,200810,1,23.227705,24.0,1.0,1.0,33.0,200810,1000
reference_r4,LA-LP,200811,2,43.744150999999995,79.0,1.0,0.0,116.0,200810,1000
reference_r4,LA-LP,200812,3,127.223809,150.0,0.0,0.0,161.0,200810,1000
reference_r4,LA-LP,200901,1,7.747245000000001,10.0,1.0,0.0,0.0,200901,1000
reference_r4,LA-LP,200902,2,6.845378,8.5,1.0,0.0,0.0,200901,1000
reference_r4,LA-LP,200903,3,15.611832,20.0,0.0,0.0,0.0,200901,1000
reference_r4,LA-LP,200904,1,15.704719,20.0,0.0,0.0,0.0,200904,1000
reference_r4,LA-LP,200905,2,36.616968,48.0,0.0,0.0,0.0,200904,1000
reference_r4,LA-LP,200906,3,68.07384699999999,90.0,1.0,0.0,9.0,200904,1000
reference_r4,LA-LP,200907,1,21.625218,27.0,0.0,0.0,30.0,200907,1000
reference_r4,LA-LP,200908,2,22.126619,29.0,0.0,0.0,32.0,200907,1000
reference_r4,LA-LP,200909,3,302.098075,310.0,0.0,0.0,313.0,200907,1000
reference_r4,LA-LP,200910,1,99.13846099999999,139.0,0.0,0.0,165.0,200910,1000
reference_r4,LA-LP,200911,2,57.67535,76.0,0.0,0.0,87.0,200910,1000
reference_r4,LA-LP,200912,3,2.81231,4.0,1.0,0.0,0.0,200910,1000
reference_r4,LA-OU,200801,1,0.0008100000000000052,0.0,1.0,1.0,0.0,200801,1000
reference_r4,LA-OU,200802,2,0.00012099999999999958,0.0,1.0,1.0,0.0,200801,1000
reference_r4,LA-OU,200803,3,2.499999999999985e-05,0.0,1.0,1.0,0.0,200801,1000
reference_r4,LA-OU,200804,1,0.005734000000000003,0.0,1.0,1.0,0.0,200804,1000
reference_r4,LA-OU,200805,2,0.012278000000000011,0.0,1.0,1.0,0.0,200804,1000
reference_r4,LA-OU,200806,3,0.018719999999999987,0.0,1.0,1.0,0.0,200804,1000
reference_r4,LA-OU,200807,1,0.06838699999999998,0.0,1.0,1.0,0.0,200807,1000
reference_r4,LA-OU,200808,2,0.06572600000000006,0.0,1.0,1.0,0.0,200807,1000
reference_r4,LA-OU,200809,3,0.05913799999999991,0.0,1.0,1.0,0.0,200807,1000
reference_r4,LA-OU,200810,1,0.013627,0.0,1.0,1.0,0.0,200810,1000
reference_r4,LA-OU,200811,2,0.0049960000000000004,0.0,1.0,1.0,0.0,200810,1000
reference_r4,LA-OU,200812,3,0.0008530000000000065,0.0,1.0,1.0,0.0,200810,1000
reference_r4,LA-OU,200901,1,9.99999999999994e-05,0.0,1.0,1.0,0.0,200901,1000
reference_r4,LA-OU,200902,2,0.00014400000000000003,0.0,1.0,1.0,0.0,200901,1000
reference_r4,LA-OU,200903,3,0.000784,0.0,1.0,1.0,0.0,200901,1000
reference_r4,LA-OU,200904,1,0.0049970000000000014,0.0,1.0,1.0,0.0,200904,1000
reference_r4,LA-OU,200905,2,0.013128,0.0,1.0,1.0,0.0,200904,1000
reference_r4,LA-OU,200906,3,0.06604200000000005,0.0,1.0,1.0,0.0,200904,1000
reference_r4,LA-OU,200907,1,0.087588,0.0,1.0,1.0,0.0,200907,1000
reference_r4,LA-OU,200908,2,0.5764870000000001,1.0,1.0,1.0,1.0,200907,1000
reference_r4,LA-OU,200909,3,13.696054,15.0,0.0,0.0,15.0,200907,1000
reference_r4,LA-OU,200910,1,2.8440459999999996,5.0,1.0,0.0,6.0,200910,1000
reference_r4,LA-OU,200911,2,11.210084,13.0,0.0,0.0,13.0,200910,1000
reference_r4,LA-OU,200912,3,17.280067,18.0,0.0,0.0,18.0,200910,1000
reference_r4,LA-PH,200901,1,0.017627999999999977,0.0,1.0,1.0,0.0,200901,1000
reference_r4,LA-PH,200902,2,0.019378000000000006,0.0,1.0,1.0,0.0,200901,1000
reference_r4,LA-PH,200903,3,0.021392000000000022,0.0,1.0,1.0,0.0,200901,1000
reference_r4,LA-PH,200904,1,0.003804000000000002,0.0,1.0,1.0,0.0,200904,1000
reference_r4,LA-PH,200905,2,0.01049,0.0,1.0,1.0,0.0,200904,1000
reference_r4,LA-PH,200906,3,0.041878000000000026,0.0,1.0,1.0,0.0,200904,1000
reference_r4,LA-PH,200907,1,0.02228399999999997,0.0,1.0,1.0,0.0,200907,1000
reference_r4,LA-PH,200909,3,0.030938999999999994,0.0,1.0,1.0,0.0,200907,1000
reference_r4,LA-PH,200910,1,0.008518000000000012,0.0,1.0,1.0,0.0,200910,1000
reference_r4,LA-PH,200911,2,0.0012740000000000043,0.0,1.0,1.0,0.0,200910,1000
reference_r4,LA-PH,200912,3,0.0005390000000000013,0.0,1.0,1.0,0.0,200910,1000
reference_r4,LA-SL,200801,1,0.906701,1.0,1.0,1.0,0.0,200801,1000
reference_r4,LA-SL,200802,2,0.4028259999999999,0.5,1.0,1.0,1.0,200801,1000
reference_r4,LA-SL,200803,3,3.7205130000000004,5.0,0.0,0.0,5.0,200801,1000
reference_r4,LA-SL,200804,1,1.0649789999999997,0.0,1.0,1.0,2.0,200804,1000
reference_r4,LA-SL,200805,2,92.007047,102.0,0.0,0.0,105.0,200804,1000
reference_r4,LA-SL,200806,3,194.514982,218.0,0.0,0.0,226.0,200804,1000
reference_r4,LA-SL,200807,1,50.39262599999998,43.0,1.0,1.0,78.0,200807,1000
reference_r4,LA-SL,200808,2,53.179068,54.5,1.0,1.0,63.0,200807,1000
reference_r4,LA-SL,200809,3,44.881707000000006,29.5,1.0,1.0,85.0,200807,1000
reference_r4,LA-SL,200810,1,30.005795000000006,13.0,1.0,1.0,91.0,200810,1000
reference_r4,LA-SL,200811,2,29.292317999999995,38.0,1.0,1.0,21.0,200810,1000
reference_r4,LA-SL,200812,3,9.451357000000002,10.5,1.0,1.0,8.0,200810,1000
reference_r4,LA-SL,200901,1,1.4854310000000006,2.0,1.0,1.0,1.0,200901,1000
reference_r4,LA-SL,200902,2,18.619882999999998,22.0,0.0,0.0,24.0,200901,1000
reference_r4,LA-SL,200903,3,12.530236,20.0,1.0,0.0,25.0,200901,1000
reference_r4,LA-SL,200904,1,7.148871,3.0,1.0,1.0,19.0,200904,1000
reference_r4,LA-SL,200905,2,37.237939,60.0,1.0,1.0,122.0,200904,1000
reference_r4,LA-SL,200906,3,40.999103000000005,43.0,1.0,1.0,42.0,200904,1000
reference_r4,LA-SL,200907,1,56.317148,11.5,1.0,1.0,164.0,200907,1000
reference_r4,LA-SL,200908,2,48.183689000000015,1.5,1.0,1.0,127.0,200907,1000
reference_r4,LA-SL,200909,3,43.559338,17.5,1.0,1.0,91.0,200907,1000
reference_r4,LA-SL,200910,1,31.105610000000006,56.0,1.0,1.0,94.0,200910,1000
reference_r4,LA-SL,200911,2,15.244166,1.0,1.0,1.0,44.0,200910,1000
reference_r4,LA-SL,200912,3,9.803941999999996,8.0,1.0,1.0,17.0,200910,1000
reference_r4,LA-SV,200801,1,4.792287,6.0,1.0,0.0,1.0,200801,1000
reference_r4,LA-SV,200802,2,0.953973,1.0,1.0,1.0,1.0,200801,1000
reference_r4,LA-SV,200803,3,0.43406199999999995,0.0,1.0,1.0,1.0,200801,1000
reference_r4,LA-SV,200804,1,1.2956280000000002,2.0,1.0,1.0,0.0,200804,1000
reference_r4,LA-SV,200805,2,1.3983849999999998,2.0,1.0,1.0,1.0,200804,1000
reference_r4,LA-SV,200806,3,4.240347,0.0,1.0,1.0,10.0,200804,1000
reference_r4,LA-SV,200807,1,4.488285000000001,0.0,1.0,1.0,11.0,200807,1000
reference_r4,LA-SV,200808,2,5.464428000000002,6.0,1.0,1.0,4.0,200807,1000
reference_r4,LA-SV,200809,3,7.400631999999998,9.5,1.0,0.0,2.0,200807,1000
reference_r4,LA-SV,200810,1,3.0601890000000003,5.0,1.0,1.0,10.0,200810,1000
reference_r4,LA-SV,200811,2,1.4022349999999997,1.0,1.0,1.0,2.0,200810,1000
reference_r4,LA-SV,200812,3,0.501687,1.0,1.0,1.0,0.0,200810,1000
reference_r4,LA-SV,200901,1,0.08871099999999998,0.0,1.0,1.0,0.0,200901,1000
reference_r4,LA-SV,200902,2,0.020917999999999992,0.0,1.0,1.0,0.0,200901,1000
reference_r4,LA-SV,200903,3,0.13916700000000004,0.0,1.0,1.0,0.0,200901,1000
reference_r4,LA-SV,200904,1,0.165072,0.0,1.0,1.0,0.0,200904,1000
reference_r4,LA-SV,200905,2,1.059371,1.0,1.0,1.0,0.0,200904,1000
reference_r4,LA-SV,200906,3,1.550776,2.0,1.0,1.0,1.0,200904,1000
reference_r4,LA-SV,200907,1,9.755782,12.0,0.0,0.0,13.0,200907,1000
reference_r4,LA-SV,200908,2,30.777153000000002,33.0,0.0,0.0,34.0,200907,1000
reference_r4,LA-SV,200909,3,44.680339000000004,47.0,0.0,0.0,48.0,200907,1000
reference_r4,LA-SV,200910,1,5.508176,10.0,1.0,0.0,16.0,200910,1000
reference_r4,LA-SV,200911,2,24.139084,30.0,0.0,0.0,33.0,200910,1000
reference_r4,LA-SV,200912,3,1.398249,3.0,1.0,1.0,4.0,200910,1000
reference_r4,LA-VT,200801,1,11.042183999999999,5.0,1.0,1.0,29.0,200801,1000
reference_r4,LA-VT,200802,2,4.146933999999999,8.0,1.0,1.0,12.0,200801,1000
reference_r4,LA-VT,200803,3,16.907391,23.0,0.0,0.0,26.0,200801,1000
reference_r4,LA-VT,200804,1,19.270944999999998,26.0,1.0,0.0,4.0,200804,1000
reference_r4,LA-VT,200805,2,22.012186,25.5,1.0,1.0,17.0,200804,1000
reference_r4,LA-VT,200806,3,102.639377,120.0,1.0,1.0,60.0,200804,1000
reference_r4,LA-VT,200807,1,88.50078300000001,81.5,1.0,1.0,132.0,200807,1000
reference_r4,LA-VT,200808,2,68.87482500000002,50.0,1.0,1.0,144.0,200807,1000
reference_r4,LA-VT,200809,3,69.07945899999999,24.5,1.0,1.0,158.0,200807,1000
reference_r4,LA-VT,200810,1,26.376431000000004,39.0,1.0,1.0,95.0,200810,1000
reference_r4,LA-VT,200811,2,54.702402000000006,94.0,1.0,0.0,129.0,200810,1000
reference_r4,LA-VT,200812,3,59.48925,79.0,0.0,0.0,91.0,200810,1000
reference_r4,LA-VT,200901,1,20.309393,31.0,0.0,0.0,38.0,200901,1000
reference_r4,LA-VT,200902,2,12.915728,18.0,0.0,0.0,20.0,200901,1000
reference_r4,LA-VT,200903,3,5.992035000000001,9.0,1.0,1.0,19.0,200901,1000
reference_r4,LA-VT,200904,1,11.934535000000004,4.0,1.0,1.0,33.0,200904,1000
reference_r4,LA-VT,200905,2,85.39792100000003,94.0,1.0,1.0,54.0,200904,1000
reference_r4,LA-VT,200906,3,200.62257599999998,260.0,1.0,0.0,104.0,200904,1000
reference_r4,LA-VT,200907,1,113.55611499999998,20.0,1.0,1.0,302.0,200907,1000
reference_r4,LA-VT,200908,2,109.2722,66.5,1.0,1.0,356.0,200907,1000
reference_r4,LA-VT,200909,3,132.146371,194.0,1.0,1.0,470.0,200907,1000
reference_r4,LA-VT,200910,1,232.208573,393.0,1.0,0.0,527.0,200910,1000
reference_r4,LA-VT,200911,2,331.28531100000004,449.0,0.0,0.0,521.0,200910,1000
reference_r4,LA-VT,200912,3,259.670421,328.0,0.0,0.0,366.0,200910,1000
reference_r4,LA-XA,200801,1,0.9485190000000001,1.0,1.0,1.0,0.0,200801,1000
reference_r4,LA-XA,200802,2,0.2532669999999999,0.0,1.0,1.0,0.0,200801,1000
reference_r4,LA-XA,200803,3,0.175616,0.0,1.0,1.0,0.0,200801,1000
reference_r4,LA-XA,200804,1,0.07718599999999998,0.0,1.0,1.0,0.0,200804,1000
reference_r4,LA-XA,200805,2,1.172674,2.0,1.0,0.0,2.0,200804,1000
reference_r4,LA-XA,200806,3,4.259569,6.0,0.0,0.0,6.0,200804,1000
reference_r4,LA-XA,200807,1,10.276828,16.0,0.0,0.0,19.0,200807,1000
reference_r4,LA-XA,200808,2,2.670307,5.0,1.0,0.0,7.0,200807,1000
reference_r4,LA-XA,200809,3,1.001128,1.0,1.0,1.0,1.0,200807,1000
reference_r4,LA-XA,200810,1,1.137874,1.0,1.0,1.0,3.0,200810,1000
reference_r4,LA-XA,200811,2,0.8245169999999997,0.0,1.0,1.0,2.0,200810,1000
reference_r4,LA-XA,200812,3,0.39543000000000006,1.0,1.0,1.0,1.0,200810,1000
reference_r4,LA-XA,200901,1,0.111705,0.0,1.0,1.0,0.0,200901,1000
reference_r4,LA-XA,200902,2,0.04803099999999999,0.0,1.0,1.0,0.0,200901,1000
reference_r4,LA-XA,200903,3,0.2539229999999999,0.0,1.0,1.0,0.0,200901,1000
reference_r4,LA-XA,200904,1,0.22892599999999996,0.0,1.0,1.0,0.0,200904,1000
reference_r4,LA-XA,200905,2,0.6079999999999999,0.0,1.0,1.0,1.0,200904,1000
reference_r4,LA-XA,200906,3,7.089241,11.0,1.0,0.0,14.0,200904,1000
reference_r4,LA-XA,200907,1,3.9634150000000004,7.0,1.0,0.0,11.0,200907,1000
reference_r4,LA-XA,200908,2,24.747083,33.0,0.0,0.0,37.0,200907,1000
reference_r4,LA-XA,200909,3,4.383197,8.0,1.0,0.0,11.0,200907,1000
reference_r4,LA-XA,200910,1,2.508553,1.0,1.0,1.0,5.0,200910,1000
reference_r4,LA-XA,200911,2,1.4835110000000005,2.0,1.0,1.0,5.0,200910,1000
reference_r4,LA-XA,200912,3,1.008517,1.0,1.0,1.0,0.0,200910,1000
reference_r4,LA-XE,200801,1,0.013414999999999982,0.0,1.0,1.0,0.0,200801,1000
reference_r4,LA-XE,200802,2,0.006453,0.0,1.0,1.0,0.0,200801,1000
reference_r4,LA-XE,200803,3,0.004529999999999992,0.0,1.0,1.0,0.0,200801,1000
reference_r4,LA-XE,200804,1,0.02557200000000001,0.0,1.0,1.0,0.0,200804,1000
reference_r4,LA-XE,200805,2,0.04929699999999998,0.0,1.0,1.0,0.0,200804,1000
reference_r4,LA-XE,200806,3,3.794579,5.0,0.0,0.0,5.0,200804,1000
reference_r4,LA-XE,200807,1,0.834219,1.0,1.0,1.0,0.0,200807,1000
reference_r4,LA-XE,200808,2,1.036962,1.0,1.0,1.0,0.0,200807,1000
reference_r4,LA-XE,200809,3,0.7827459999999999,1.0,1.0,1.0,1.0,200807,1000
reference_r4,LA-XE,200810,1,0.3998759999999999,1.0,1.0,1.0,0.0,200810,1000
reference_r4,LA-XE,200811,2,0.261698,0.0,1.0,1.0,0.0,200810,1000
reference_r4,LA-XE,200812,3,0.569681,1.0,1.0,1.0,1.0,200810,1000
reference_r4,LA-XE,200901,1,0.005750000000000005,0.0,1.0,1.0,0.0,200901,1000
reference_r4,LA-XE,200902,2,1.8524559999999999,2.0,0.0,0.0,2.0,200901,1000
reference_r4,LA-XE,200903,3,1.745024,2.0,0.0,0.0,2.0,200901,1000
reference_r4,LA-XE,200904,1,0.395907,1.0,1.0,1.0,1.0,200904,1000
reference_r4,LA-XE,200905,2,0.7439010000000001,1.0,1.0,1.0,2.0,200904,1000
reference_r4,LA-XE,200906,3,4.449489,7.0,1.0,0.0,9.0,200904,1000
reference_r4,LA-XE,200907,1,15.903237,24.0,0.0,0.0,29.0,200907,1000
reference_r4,LA-XE,200908,2,13.54193,22.0,1.0,0.0,27.0,200907,1000
reference_r4,LA-XE,200909,3,2.252085,1.0,1.0,1.0,6.0,200907,1000
reference_r4,LA-XE,200910,1,2.7187340000000013,2.0,1.0,1.0,7.0,200910,1000
reference_r4,LA-XE,200911,2,10.479820999999998,12.0,1.0,0.0,3.0,200910,1000
reference_r4,LA-XE,200912,3,7.9479709999999955,7.0,1.0,1.0,7.0,200910,1000
reference_r4,LA-XI,200801,1,0.000196,0.0,1.0,1.0,0.0,200801,1000
reference_r4,LA-XI,200802,2,9.99999999999994e-05,0.0,1.0,1.0,0.0,200801,1000
reference_r4,LA-XI,200803,3,0.00017,0.0,1.0,1.0,0.0,200801,1000
reference_r4,LA-XI,200804,1,0.006944000000000006,0.0,1.0,1.0,0.0,200804,1000
reference_r4,LA-XI,200805,2,0.0030000000000000027,0.0,1.0,1.0,0.0,200804,1000
reference_r4,LA-XI,200806,3,0.8325389999999999,1.0,0.0,0.0,1.0,200804,1000
reference_r4,LA-XI,200807,1,0.108271,0.0,1.0,1.0,0.0,200807,1000
reference_r4,LA-XI,200808,2,0.13270500000000007,0.0,1.0,1.0,0.0,200807,1000
reference_r4,LA-XI,200809,3,0.114201,0.0,1.0,1.0,0.0,200807,1000
reference_r4,LA-XI,200810,1,0.04203499999999999,0.0,1.0,1.0,0.0,200810,1000
reference_r4,LA-XI,200811,2,0.025718999999999992,0.0,1.0,1.0,0.0,200810,1000
reference_r4,LA-XI,200812,3,0.006916999999999993,0.0,1.0,1.0,0.0,200810,1000
reference_r4,LA-XI,200901,1,0.0013120000000000007,0.0,1.0,1.0,0.0,200901,1000
reference_r4,LA-XI,200902,2,0.0013819999999999943,0.0,1.0,1.0,0.0,200901,1000
reference_r4,LA-XI,200903,3,0.0014059999999999975,0.0,1.0,1.0,0.0,200901,1000
reference_r4,LA-XI,200904,1,0.0013860000000000053,0.0,1.0,1.0,0.0,200904,1000
reference_r4,LA-XI,200905,2,38.826015,39.0,0.0,0.0,39.0,200904,1000
reference_r4,LA-XI,200906,3,32.73411,33.0,0.0,0.0,33.0,200904,1000
reference_r4,LA-XI,200907,1,14.535525999999997,19.0,1.0,0.0,1.0,200907,1000
reference_r4,LA-XI,200908,2,11.562435,13.5,1.0,1.0,10.0,200907,1000
reference_r4,LA-XI,200909,3,16.844526,24.5,0.0,0.0,0.0,200907,1000
reference_r4,LA-XI,200910,1,12.393055999999998,17.0,0.0,0.0,0.0,200910,1000
reference_r4,LA-XI,200911,2,5.593864999999999,8.0,1.0,0.0,0.0,200910,1000
reference_r4,LA-XI,200912,3,2.5144460000000004,3.0,1.0,0.0,0.0,200910,1000
