location,time_period,horizon_distance,model,against,crps_model,crps_against,split_first_period,diff
LA-AT,200801,1,ensemble,reference,3.325916,2.6563835,200801,0.6695324999999999
LA-AT,200802,2,ensemble,reference,1.483591,1.2444295,200801,0.23916150000000003
LA-AT,200803,3,ensemble,reference,0.0340559999999999,0.13223975,200801,-0.0981837500000001
LA-AT,200804,1,ensemble,reference,0.0867650000000002,0.5102465,200804,-0.42348149999999984
LA-AT,200805,2,ensemble,reference,3.0217180000000003,1.452392,200804,1.5693260000000004
LA-AT,200806,3,ensemble,reference,8.316646,3.657939499999999,200804,4.658706500000001
LA-AT,200807,1,ensemble,reference,2.625597999999999,3.590773499999999,200807,-0.9651755
LA-AT,200808,2,ensemble,reference,5.223223000000001,6.755743500000001,200807,-1.5325205000000004
LA-AT,200809,3,ensemble,reference,15.963242,16.677847749999998,200807,-0.7146057499999987
LA-AT,200810,1,ensemble,reference,32.5282,30.583830749999997,200810,1.9443692500000012
LA-AT,200811,2,ensemble,reference,31.752948999999997,33.532728,200810,-1.7797790000000013
LA-AT,200812,3,ensemble,reference,12.820189,16.946894,200810,-4.126705000000001
LA-AT,200901,1,ensemble,reference,8.848504,8.2938795,200901,0.554624500000001
LA-AT,200902,2,ensemble,reference,33.291547,38.7103185,200901,-5.418771499999998
LA-AT,200903,3,ensemble,reference,62.89455,58.55002075,200901,4.344529250000001
LA-AT,200904,1,ensemble,reference,57.282439999999994,45.42513025,200904,11.857309749999992
LA-AT,200905,2,ensemble,reference,7.993997999999998,63.82051000000001,200904,-55.826512000000015
LA-AT,200906,3,ensemble,reference,13.996307000000002,42.00962750000001,200904,-28.013320500000006
LA-AT,200907,1,ensemble,reference,43.536574,47.715487249999995,200907,-4.178913249999994
LA-AT,200908,2,ensemble,reference,8.262708,14.53221175,200907,-6.26950375
LA-AT,200909,3,ensemble,reference,6.694088000000001,10.350503,200907,-3.656414999999999
LA-AT,200910,1,ensemble,reference,4.150596999999998,6.7472455,200910,-2.5966485000000024
LA-AT,200911,2,ensemble,reference,7.095370000000001,6.42005025,200910,0.6753197500000008
LA-AT,200912,3,ensemble,reference,3.667050999999999,5.446962999999999,200910,-1.7799120000000004
LA-BK,200801,1,ensemble,reference,0.656509,0.8510905,200801,-0.19458149999999996
LA-BK,200802,2,ensemble,reference,0.044509,0.0103385,200801,0.0341705
LA-BK,200803,3,ensemble,reference,0.05556,0.0043965,200801,0.0511635
LA-BK,200804,1,ensemble,reference,0.0636189999999999,0.0048274999999999,200804,0.0587915
LA-BK,200805,2,ensemble,reference,10.958623,11.52875975,200804,-0.5701367500000014
LA-BK,200806,3,ensemble,reference,51.265029,52.392754499999995,200804,-1.1277254999999968
LA-BK,200807,1,ensemble,reference,4.13083,2.043859000000001,200807,2.0869709999999984
LA-BK,200808,2,ensemble,reference,6.1359580000000005,5.934718999999999,200807,0.20123900000000106
LA-BK,200809,3,ensemble,reference,16.340614,21.7090295,200807,-5.368415500000001
LA-BK,200810,1,ensemble,reference,31.547904000000003,22.424512499999995,200810,9.123391500000007
LA-BK,200811,2,ensemble,reference,39.953927,47.32701175,200810,-7.373084749999997
LA-BK,200812,3,ensemble,reference,4.220537,2.919382,200810,1.301155
LA-BK,200901,1,ensemble,reference,0.7935289999999999,0.46977225,200901,0.3237567499999999
LA-BK,200902,2,ensemble,reference,0.644285,0.30266425,200901,0.34162075
LA-BK,200903,3,ensemble,reference,0.7884379999999998,0.6737202499999999,200901,0.11471774999999984
LA-BK,200904,1,ensemble,reference,1.8746699999999996,1.3251049999999998,200904,0.5495649999999999
LA-BK,200905,2,ensemble,reference,68.73419,43.243468750000005,200904,25.490721249999993
LA-BK,200906,3,ensemble,reference,204.611437,142.22168925,200904,62.38974775
LA-BK,200907,1,ensemble,reference,112.919046,186.665665,200907,-73.746619
LA-BK,200908,2,ensemble,reference,58.63334,89.40175500000001,200907,-30.76841500000001
LA-BK,200909,3,ensemble,reference,33.461614,38.9964515,200907,-5.534837500000002
LA-BK,200910,1,ensemble,reference,14.29144,19.654500499999997,200910,-5.363060499999998
LA-BK,200911,2,ensemble,reference,7.354396999999999,12.779082,200910,-5.424685000000002
LA-BK,200912,3,ensemble,reference,5.599042999999998,4.75812975,200910,0.8409132499999981
LA-BL,200801,1,ensemble,reference,4.827346000000001,5.56772675,200801,-0.740380749999999
LA-BL,200802,2,ensemble,reference,2.9907209999999997,6.15000875,200801,-3.15928775
LA-BL,200803,3,ensemble,reference,1.7747210000000004,0.48244725,200801,1.2922737500000006
LA-BL,200804,1,ensemble,reference,2.0335979999999996,1.7519202499999995,200804,0.28167775000000006
LA-BL,200805,2,ensemble,reference,5.727341999999998,5.345977,200804,0.38136499999999796
LA-BL,200806,3,ensemble,reference,8.020843,6.153129,200804,1.8677139999999994
LA-BL,200807,1,ensemble,reference,11.562967000000004,20.16148925,200807,-8.598522249999995
LA-BL,200808,2,ensemble,reference,11.551066000000002,20.587495250000003,200807,-9.036429250000001
LA-BL,200809,3,ensemble,reference,11.188740000000005,18.307201749999997,200807,-7.118461749999993
LA-BL,200810,1,ensemble,reference,14.100391000000002,10.061925000000002,200810,4.038466
LA-BL,200811,2,ensemble,reference,5.4995829999999994,4.3957275000000005,200810,1.103855499999999
LA-BL,200812,3,ensemble,reference,3.7800649999999982,0.9268287499999998,200810,2.8532362499999984
LA-BL,200901,1,ensemble,reference,1.3446560000000003,0.7360022500000001,200901,0.6086537500000002
LA-BL,200902,2,ensemble,reference,1.477722,1.69875425,200901,-0.22103224999999993
LA-BL,200903,3,ensemble,reference,1.933432,1.1130169999999997,200901,0.8204150000000003
LA-BL,200904,1,ensemble,reference,2.0214219999999994,0.8173517499999999,200904,1.2040702499999996
LA-BL,200905,2,ensemble,reference,7.250435,4.00189275,200904,3.2485422500000007
LA-BL,200906,3,ensemble,reference,8.149173999999999,5.03766975,200904,3.1115042499999985
LA-BL,200907,1,ensemble,reference,12.10632,21.35739925,200907,-9.25107925
LA-BL,200908,2,ensemble,reference,10.852954999999998,5.952682250000002,200907,4.900272749999996
LA-BL,200909,3,ensemble,reference,15.522771,5.004365749999998,200907,10.518405250000002
LA-BL,200910,1,ensemble,reference,7.192321,5.203911249999999,200910,1.9884097500000006
LA-BL,200911,2,ensemble,reference,5.451605000000001,2.1279250000000003,200910,3.3236800000000004
LA-BL,200912,3,ensemble,reference,2.469061,0.7289875000000001,200910,1.7400734999999998
LA-CH,200801,1,ensemble,reference,31.196128,32.63279525,200801,-1.4366672499999993
LA-CH,200802,2,ensemble,reference,42.616792,50.7757955,200801,-8.159003500000004
LA-CH,200803,3,ensemble,reference,44.606148,53.3136945,200801,-8.7075465
LA-CH,200804,1,ensemble,reference,23.371581,25.886664000000003,200804,-2.515083000000004
LA-CH,200805,2,ensemble,reference,36.89201,46.121753000000005,200804,-9.229743000000006
LA-CH,200806,3,ensemble,reference,136.13251100000002,107.78875875,200804,28.343752250000023
LA-CH,200807,1,ensemble,reference,50.175275,95.547867,200807,-45.372592
LA-CH,200808,2,ensemble,reference,50.18397199999998,86.83555175,200807,-36.65157975000001
LA-CH,200809,3,ensemble,reference,51.608509,120.37481899999996,200807,-68.76630999999996
LA-CH,200810,1,ensemble,reference,31.605476999999993,48.32053225000001,200810,-16.715055250000013
LA-CH,200811,2,ensemble,reference,30.87862800000001,44.21392275,200810,-13.335294749999992
LA-CH,200812,3,ensemble,reference,29.355946000000003,33.066764,200810,-3.710817999999996
LA-CH,200901,1,ensemble,reference,12.376314999999998,9.692696000000002,200901,2.6836189999999966
LA-CH,200902,2,ensemble,reference,19.142681,26.077482250000003,200901,-6.934801250000003
LA-CH,200903,3,ensemble,reference,22.572248,21.189539,200901,1.3827089999999984
LA-CH,200904,1,ensemble,reference,46.490778000000006,33.80708525,200904,12.683692750000006
LA-CH,200905,2,ensemble,reference,20.906093999999996,105.96658775,200904,-85.06049375
LA-CH,200906,3,ensemble,reference,41.69074099999999,88.12778575,200904,-46.43704475000001
LA-CH,200907,1,ensemble,reference,35.01287099999999,73.20473449999999,200907,-38.1918635
LA-CH,200908,2,ensemble,reference,33.65977699999999,64.52453374999999,200907,-30.864756749999998
LA-CH,200909,3,ensemble,reference,33.97765000000001,61.613204750000016,200907,-27.635554750000004
LA-CH,200910,1,ensemble,reference,23.888895000000005,20.100934,200910,3.7879610000000064
LA-CH,200911,2,ensemble,reference,18.488135999999997,17.096257749999996,200910,1.3918782500000013
LA-CH,200912,3,ensemble,reference,18.516073999999996,12.95707725,200910,5.558996749999997
LA-HO,200801,1,ensemble,reference,0.1291999999999999,0.0104039999999999,200801,0.118796
LA-HO,200802,2,ensemble,reference,0.127531,0.0022004999999999,200801,0.1253305000000001
LA-HO,200803,3,ensemble,reference,0.135912,0.0122754999999999,200801,0.12363650000000011
LA-HO,200804,1,ensemble,reference,0.036478,0.01194025,200804,0.024537749999999997
LA-HO,200805,2,ensemble,reference,0.0287749999999999,0.01256625,200804,0.016208749999999904
LA-HO,200806,3,ensemble,reference,0.0896569999999999,0.009248,200804,0.0804089999999999
LA-HO,200807,1,ensemble,reference,0.087817,0.3486799999999999,200807,-0.26086299999999985
LA-HO,200808,2,ensemble,reference,0.0611779999999999,0.4015772499999999,200807,-0.34039925
LA-HO,200809,3,ensemble,reference,0.6944480000000001,0.7285934999999999,200807,-0.03414549999999983
LA-HO,200810,1,ensemble,reference,0.121344,0.06100525,200810,0.06033875
LA-HO,200811,2,ensemble,reference,0.093327,0.0097575,200810,0.08356949999999999
LA-HO,200812,3,ensemble,reference,0.431666,0.8898247499999999,200810,-0.45815874999999995
LA-HO,200901,1,ensemble,reference,0.1527279999999999,0.0153512499999999,200901,0.13737675
LA-HO,200902,2,ensemble,reference,0.1645040000000001,0.02754325,200901,0.1369607500000001
LA-HO,200903,3,ensemble,reference,0.155239,0.0253837499999999,200901,0.1298552500000001
LA-HO,200904,1,ensemble,reference,0.053406,0.00443,200904,0.048976000000000006
LA-HO,200905,2,ensemble,reference,0.0654560000000001,0.0107879999999999,200904,0.054668000000000196
LA-HO,200906,3,ensemble,reference,0.1065529999999999,0.0333635,200904,0.07318949999999991
LA-HO,200907,1,ensemble,reference,0.176015,0.3791885000000001,200907,-0.2031735000000001
LA-HO,200908,2,ensemble,reference,0.088891,0.6476342499999999,200907,-0.5587432499999998
LA-HO,200909,3,ensemble,reference,0.6369209999999998,0.8123610000000003,200907,-0.17544000000000048
LA-HO,200910,1,ensemble,reference,0.4877250000000002,0.5670165,200910,-0.07929149999999985
LA-HO,200911,2,ensemble,reference,0.5078899999999997,0.7723325000000001,200910,-0.26444250000000036
LA-HO,200912,3,ensemble,reference,0.4446300000000001,0.879049,200910,-0.4344189999999999
LA-KH,200801,1,ensemble,reference,0.8199129999999997,0.8414474999999999,200801,-0.021534500000000234
LA-KH,200802,2,ensemble,reference,0.6248490000000011,0.06937825,200801,0.5554707500000011
LA-KH,200803,3,ensemble,reference,0.4709110000000001,0.0793859999999999,200801,0.3915250000000002
LA-KH,200804,1,ensemble,reference,0.541296,0.6304507500000001,200804,-0.08915475000000006
LA-KH,200805,2,ensemble,reference,1.976578,1.11954675,200804,0.8570312499999999
LA-KH,200806,3,ensemble,reference,4.877372000000001,2.8087110000000006,200804,2.0686610000000005
LA-KH,200807,1,ensemble,reference,11.019311000000002,3.991546999999999,200807,7.027764000000003
LA-KH,200808,2,ensemble,reference,10.220549000000004,4.710004,200807,5.510545000000004
LA-KH,200809,3,ensemble,reference,5.2262230000000045,4.981922500000003,200807,0.24430050000000136
LA-KH,200810,1,ensemble,reference,2.632657,0.790537,200810,1.84212
LA-KH,200811,2,ensemble,reference,1.4965510000000002,1.52842175,200810,-0.031870749999999726
LA-KH,200812,3,ensemble,reference,2.045567,3.22883225,200810,-1.1832652499999998
LA-KH,200901,1,ensemble,reference,1.305142,0.0741489999999999,200901,1.2309930000000002
LA-KH,200902,2,ensemble,reference,0.8526540000000011,0.0174132499999999,200901,0.8352407500000012
LA-KH,200903,3,ensemble,reference,3.390772,4.73319425,200901,-1.3424222500000003
LA-KH,200904,1,ensemble,reference,1.23311,0.408992,200904,0.8241179999999999
LA-KH,200905,2,ensemble,reference,3.219106,2.0479425,200904,1.1711635
LA-KH,200906,3,ensemble,reference,49.622997999999995,64.48420225,200904,-14.86120425
LA-KH,200907,1,ensemble,reference,81.74557999999999,113.54543925,200907,-31.79985925000001
LA-KH,200908,2,ensemble,reference,204.378773,239.6915295,200907,-35.312756500000006
LA-KH,200909,3,ensemble,reference,191.254729,214.880092,200907,-23.625362999999993
LA-KH,200910,1,ensemble,reference,43.96696299999999,41.76903324999999,200910,2.19792975
LA-KH,200911,2,ensemble,reference,39.621112,21.4022835,200910,18.218828499999997
LA-KH,200912,3,ensemble,reference,41.514424,30.11469125,200910,11.399732749999998
LA-LM,200801,1,ensemble,reference,0.017015,0.02023225,200801,-0.0032172500000000014
LA-LM,200802,2,ensemble,reference,0.0286569999999999,0.0054239999999999,200801,0.023233
LA-LM,200803,3,ensemble,reference,0.041325,0.00165325,200801,0.03967175
LA-LM,200804,1,ensemble,reference,0.02976,0.0002607499999999,200804,0.029499250000000102
LA-LM,200805,2,ensemble,reference,0.030315,0.0016834999999999,200804,0.0286315000000001
LA-LM,200806,3,ensemble,reference,0.05262,0.0017182499999999,200804,0.0509017500000001
LA-LM,200807,1,ensemble,reference,0.048775,0.9980217500000004,200807,-0.9492467500000004
LA-LM,200808,2,ensemble,reference,0.0587440000000001,0.5324442500000004,200807,-0.47370025000000027
LA-LM,200809,3,ensemble,reference,0.053281,0.8141345000000006,200807,-0.7608535000000006
LA-LM,200810,1,ensemble,reference,0.05876,0.02474375,200810,0.03401625
LA-LM,200811,2,ensemble,reference,0.0144779999999999,0.004741,200810,0.0097369999999999
LA-LM,200812,3,ensemble,reference,0.0023089999999999,0.0013299999999999,200810,0.000979
LA-LM,200901,1,ensemble,reference,0.0468709999999999,0.0001454999999999,200901,0.046725499999999996
LA-LM,200902,2,ensemble,reference,0.042794,0.00012775,200901,0.042666249999999996
LA-LM,200903,3,ensemble,reference,0.0601659999999999,0.0002735,200901,0.0598924999999999
LA-LM,200904,1,ensemble,reference,0.7657719999999999,0.948701,200904,-0.18292900000000012
LA-LM,200905,2,ensemble,reference,0.052513,0.0037094999999999,200904,0.0488035000000001
LA-LM,200906,3,ensemble,reference,1.6094050000000002,1.77098,200904,-0.1615749999999998
LA-LM,200907,1,ensemble,reference,0.5265979999999999,0.9617027500000002,200907,-0.43510475000000026
LA-LM,200908,2,ensemble,reference,0.4352,1.2096559999999998,200907,-0.7744559999999998
LA-LM,200909,3,ensemble,reference,2.489028,2.3191877500000007,200907,0.16984024999999914
LA-LM,200910,1,ensemble,reference,2.406719,2.797554,200910,-0.39083500000000004
LA-LM,200911,2,ensemble,reference,3.2874369999999997,4.60574525,200910,-1.3183082500000003
LA-LM,200912,3,ensemble,reference,1.7985350000000002,3.36361975,200910,-1.5650847499999996
LA-LP,200801,1,ensemble,reference,1.0086030000000008,0.70310025,200801,0.3055027500000008
LA-LP,200802,2,ensemble,reference,10.705016,14.738327,200801,-4.033310999999999
LA-LP,200803,3,ensemble,reference,15.789170000000002,20.72676,200801,-4.937589999999997
LA-LP,200804,1,ensemble,reference,20.049219,15.52519925,200804,4.524019750000001
LA-LP,200805,2,ensemble,reference,94.876698,71.641744,200804,23.234954000000002
LA-LP,200806,3,ensemble,reference,120.317095,87.08524475,200804,33.231850249999994
LA-LP,200807,1,ensemble,reference,21.976953,9.99798925,200807,11.978963750000002
LA-LP,200808,2,ensemble,reference,23.89035800000001,8.247414500000001,200807,15.642943500000008
LA-LP,200809,3,ensemble,reference,21.624414999999992,8.945924,200807,12.678490999999992
LA-LP,200810,1,ensemble,reference,10.627031000000002,17.51249425,200810,-6.885463249999997
LA-LP,200811,2,ensemble,reference,93.673417,107.544855,200810,-13.871437999999998
LA-LP,200812,3,ensemble,reference,136.695584,157.683263,200810,-20.987679000000014
LA-LP,200901,1,ensemble,reference,10.643307999999998,7.839611250000001,200901,2.8036967499999967
LA-LP,200902,2,ensemble,reference,10.742096999999994,5.23536225,200901,5.506734749999994
LA-LP,200903,3,ensemble,reference,10.484064000000004,12.3175135,200901,-1.8334494999999968
LA-LP,200904,1,ensemble,reference,1.4254430000000005,11.43259425,200904,-10.00715125
LA-LP,200905,2,ensemble,reference,2.7386549999999996,30.706517000000005,200904,-27.967862000000004
LA-LP,200906,3,ensemble,reference,5.601093000000002,61.84522,200904,-56.24412699999999
LA-LP,200907,1,ensemble,reference,9.597015,20.07057425,200907,-10.47355925
LA-LP,200908,2,ensemble,reference,11.586986999999995,20.85949725,200907,-9.272510250000005
LA-LP,200909,3,ensemble,reference,256.62571,276.97759075,200907,-20.351880749999964
LA-LP,200910,1,ensemble,reference,76.44409199999998,71.460847,200910,4.983244999999982
LA-LP,200911,2,ensemble,reference,50.18491900000001,39.228986,200910,10.955933000000009
LA-LP,200912,3,ensemble,reference,28.285177000000004,5.786571,200910,22.498606000000002
LA-OU,200801,1,ensemble,reference,0.0280199999999999,0.05068175,200801,-0.0226617500000001
LA-OU,200802,2,ensemble,reference,0.023536,0.00916125,200801,0.014374750000000002
LA-OU,200803,3,ensemble,reference,0.026693,0.00369025,200801,0.023002750000000002
LA-OU,200804,1,ensemble,reference,0.0248039999999999,0.0014919999999999,200804,0.023312
LA-OU,200805,2,ensemble,reference,0.032808,0.006317,200804,0.026490999999999997
LA-OU,200806,3,ensemble,reference,0.044953,0.013714,200804,0.031239
LA-OU,200807,1,ensemble,reference,0.0589,1.7840782499999983,200807,-1.7251782499999984
LA-OU,200808,2,ensemble,reference,0.0655629999999999,1.028298500000001,200807,-0.962735500000001
LA-OU,200809,3,ensemble,reference,0.0552509999999999,1.3755319999999998,200807,-1.3202809999999998
LA-OU,200810,1,ensemble,reference,0.0298539999999999,0.0254269999999999,200810,0.004427
LA-OU,200811,2,ensemble,reference,0.012961,0.0053732499999999,200810,0.0075877500000001005
LA-OU,200812,3,ensemble,reference,0.00465,0.0011929999999999,200810,0.0034570000000000998
LA-OU,200901,1,ensemble,reference,0.0467969999999999,0.00018125,200901,0.0466157499999999
LA-OU,200902,2,ensemble,reference,0.0384039999999999,0.0001074999999999,200901,0.0382965
LA-OU,200903,3,ensemble,reference,0.0405249999999999,0.0005022499999999,200901,0.04002275
LA-OU,200904,1,ensemble,reference,0.0388979999999999,0.00066625,200904,0.0382317499999999
LA-OU,200905,2,ensemble,reference,0.071018,0.0056424999999999,200904,0.0653755000000001
LA-OU,200906,3,ensemble,reference,0.064797,0.0176569999999999,200904,0.0471400000000001
LA-OU,200907,1,ensemble,reference,0.0969689999999998,1.9617474999999995,200907,-1.8647784999999997
LA-OU,200908,2,ensemble,reference,0.6640729999999999,2.5348342500000003,200907,-1.8707612500000004
LA-OU,200909,3,ensemble,reference,13.176556,9.044341,200907,4.132215
LA-OU,200910,1,ensemble,reference,3.1906370000000006,2.1777517499999997,200910,1.012885250000001
LA-OU,200911,2,ensemble,reference,6.0961300000000005,9.078102,200910,-2.981971999999999
LA-OU,200912,3,ensemble,reference,9.551806,16.070453999999998,200910,-6.518647999999999
LA-PH,200901,1,ensemble,reference,0.0356029999999999,0.0126455,200901,0.022957499999999898
LA-PH,200902,2,ensemble,reference,0.0368549999999999,0.0135245,200901,0.0233304999999999
LA-PH,200903,3,ensemble,reference,0.040794,0.0177504999999999,200901,0.0230435000000001
LA-PH,200904,1,ensemble,reference,0.0407409999999999,0.0036247499999999,200904,0.03711625
LA-PH,200905,2,ensemble,reference,0.0494209999999999,0.010032,200904,0.0393889999999999
LA-PH,200906,3,ensemble,reference,0.036868,0.0306805,200904,0.0061874999999999986
LA-PH,200907,1,ensemble,reference,0.0668649999999999,0.1925577499999998,200907,-0.1256927499999999
LA-PH,200909,3,ensemble,reference,0.0591190000000001,0.3013259999999997,200907,-0.24220699999999962
LA-PH,200910,1,ensemble,reference,0.1062470000000002,0.01590375,200910,0.09034325000000021
LA-PH,200911,2,ensemble,reference,0.1040169999999998,0.0070875,200910,0.09692949999999981
LA-PH,200912,3,ensemble,reference,0.0794420000000002,0.0008772499999999,200910,0.07856475000000031
LA-SL,200801,1,ensemble,reference,0.941525,1.04352075,200801,-0.10199575000000016
LA-SL,200802,2,ensemble,reference,0.9092409999999996,0.4772499999999999,200801,0.43199099999999974
LA-SL,200803,3,ensemble,reference,2.244567,3.5385757499999997,200801,-1.2940087499999997
LA-SL,200804,1,ensemble,reference,1.0481439999999995,0.98442425,200804,0.06371974999999952
LA-SL,200805,2,ensemble,reference,90.429066,90.416845,200804,0.012221000000010918
LA-SL,200806,3,ensemble,reference,205.352522,186.45879925,200804,18.893722749999995
LA-SL,200807,1,ensemble,reference,41.646594,48.69095324999998,200807,-7.044359249999978
LA-SL,200808,2,ensemble,reference,36.1767,38.981795,200807,-2.8050950000000014
LA-SL,200809,3,ensemble,reference,43.53553199999999,56.42164525,200807,-12.886113250000008
LA-SL,200810,1,ensemble,reference,42.225391,37.24492025,200810,4.980470750000002
LA-SL,200811,2,ensemble,reference,12.200128000000005,7.962200000000001,200810,4.237928000000004
LA-SL,200812,3,ensemble,reference,7.676627999999997,2.74880625,200810,4.927821749999998
LA-SL,200901,1,ensemble,reference,1.1638329999999997,1.6214007500000005,200901,-0.45756775000000083
LA-SL,200902,2,ensemble,reference,17.599712999999998,19.65144475,200901,-2.051731750000002
LA-SL,200903,3,ensemble,reference,18.007460000000002,13.265794,200901,4.741666000000002
LA-SL,200904,1,ensemble,reference,8.876152,6.4122125,200904,2.4639394999999995
LA-SL,200905,2,ensemble,reference,84.29131699999999,41.72307425,200904,42.56824274999999
LA-SL,200906,3,ensemble,reference,21.047735000000003,31.96939425,200904,-10.921659249999998
LA-SL,200907,1,ensemble,reference,113.600495,113.96097925,200907,-0.36048424999999895
LA-SL,200908,2,ensemble,reference,78.42733199999999,86.26337699999999,200907,-7.836044999999999
LA-SL,200909,3,ensemble,reference,50.72779800000001,59.429267,200907,-8.701468999999996
LA-SL,200910,1,ensemble,reference,40.348422,35.6807105,200910,4.667711499999996
LA-SL,200911,2,ensemble,reference,22.235935,16.349348499999998,200910,5.8865865000000035
LA-SL,200912,3,ensemble,reference,12.587051,7.292087500000001,200910,5.2949635
LA-SV,200801,1,ensemble,reference,3.158859999999997,6.163215499999999,200801,-3.0043555000000017
LA-SV,200802,2,ensemble,reference,1.7243829999999996,0.97165275,200801,0.7527302499999996
LA-SV,200803,3,ensemble,reference,2.8676030000000026,0.5269109999999999,200801,2.3406920000000024
LA-SV,200804,1,ensemble,reference,4.266731,4.221666,200804,0.04506500000000013
LA-SV,200805,2,ensemble,reference,12.095531,6.755001999999999,200804,5.340529
LA-SV,200806,3,ensemble,reference,23.500411,28.92125925,200804,-5.420848249999999
LA-SV,200807,1,ensemble,reference,37.22028800000001,25.7625525,200807,11.457735500000009
LA-SV,200808,2,ensemble,reference,34.43881300000001,23.43147300000001,200807,11.00734
LA-SV,200809,3,ensemble,reference,35.948727000000005,24.034243500000017,200807,11.914483499999989
LA-SV,200810,1,ensemble,reference,13.689954999999998,3.7606835,200810,9.929271499999999
LA-SV,200811,2,ensemble,reference,8.327965999999996,0.8683247500000002,200810,7.459641249999996
LA-SV,200812,3,ensemble,reference,5.018979000000002,0.31616775,200810,4.702811250000002
LA-SV,200901,1,ensemble,reference,2.0620779999999996,0.0837535,200901,1.9783244999999996
LA-SV,200902,2,ensemble,reference,1.397700999999998,0.0125345,200901,1.3851664999999982
LA-SV,200903,3,ensemble,reference,2.2557529999999986,0.1341415,200901,2.1216114999999984
LA-SV,200904,1,ensemble,reference,3.343243000000001,0.2079889999999999,200904,3.135254000000001
LA-SV,200905,2,ensemble,reference,11.217890000000004,1.3082662499999995,200904,9.909623750000005
LA-SV,200906,3,ensemble,reference,21.364160000000012,1.6266747500000005,200904,19.737485250000013
LA-SV,200907,1,ensemble,reference,27.321764,30.698631249999977,200907,-3.3768672499999752
LA-SV,200908,2,ensemble,reference,30.738711999999992,31.95085449999999,200907,-1.2121424999999988
LA-SV,200909,3,ensemble,reference,30.33605899999999,38.11131725000003,200907,-7.775258250000036
LA-SV,200910,1,ensemble,reference,17.349317,7.02285775,200910,10.32645925
LA-SV,200911,2,ensemble,reference,13.619584000000003,15.6087895,200910,-1.989205499999997
LA-SV,200912,3,ensemble,reference,7.717061000000001,1.72090625,200910,5.9961547500000005
LA-VT,200801,1,ensemble,reference,14.464391999999997,14.818912250000002,200801,-0.35452025000000553
LA-VT,200802,2,ensemble,reference,10.878897000000002,4.80991425,200801,6.068982750000002
LA-VT,200803,3,ensemble,reference,11.417961999999996,17.251504750000002,200801,-5.8335427500000065
LA-VT,200804,1,ensemble,reference,19.802147,13.03667775,200804,6.765469250000001
LA-VT,200805,2,ensemble,reference,31.43949899999999,22.37503325,200804,9.06446574999999
LA-VT,200806,3,ensemble,reference,50.887597,87.691701,200804,-36.804103999999995
LA-VT,200807,1,ensemble,reference,79.28503900000004,83.60069725,200807,-4.315658249999956
LA-VT,200808,2,ensemble,reference,67.90060299999999,86.41307949999997,200807,-18.512476499999977
LA-VT,200809,3,ensemble,reference,59.585115,94.52787874999991,200807,-34.94276374999991
LA-VT,200810,1,ensemble,reference,51.71768300000001,35.027027,200810,16.69065600000001
LA-VT,200811,2,ensemble,reference,33.01191100000001,58.86707700000001,200810,-25.855165999999997
LA-VT,200812,3,ensemble,reference,26.202962999999997,52.6915765,200810,-26.4886135
LA-VT,200901,1,ensemble,reference,13.192190000000004,20.898494,200901,-7.706303999999996
LA-VT,200902,2,ensemble,reference,8.657442000000003,14.06409075,200901,-5.406648749999997
LA-VT,200903,3,ensemble,reference,10.82479,6.223130749999999,200901,4.601659250000001
LA-VT,200904,1,ensemble,reference,10.948777999999995,11.98035725,200904,-1.0315792500000054
LA-VT,200905,2,ensemble,reference,23.804772,109.1085395,200904,-85.3037675
LA-VT,200906,3,ensemble,reference,41.648917999999995,214.40912575000004,200904,-172.76020775000006
LA-VT,200907,1,ensemble,reference,88.46700099999998,179.81173049999995,200907,-91.34472949999997
LA-VT,200908,2,ensemble,reference,113.408048,208.74681900000004,200907,-95.33877100000005
LA-VT,200909,3,ensemble,reference,166.28073600000002,280.77565924999993,200907,-114.49492324999991
LA-VT,200910,1,ensemble,reference,145.77170399999997,203.35847625,200910,-57.586772250000024
LA-VT,200911,2,ensemble,reference,210.32734600000003,265.73622925,200910,-55.408883249999974
LA-VT,200912,3,ensemble,reference,150.051799,224.285947,200910,-74.234148
LA-XA,200801,1,ensemble,reference,0.5909089999999999,0.9896700000000002,200801,-0.39876100000000025
LA-XA,200802,2,ensemble,reference,0.6997629999999999,0.22011275,200801,0.47965024999999994
LA-XA,200803,3,ensemble,reference,0.92056,0.1392575,200801,0.7813025
LA-XA,200804,1,ensemble,reference,1.2846130000000002,0.8690395,200804,0.41557350000000026
LA-XA,200805,2,ensemble,reference,2.1037539999999986,1.3708935,200804,0.7328604999999986
LA-XA,200806,3,ensemble,reference,6.801691999999999,2.37543275,200804,4.426259249999999
LA-XA,200807,1,ensemble,reference,10.472414999999998,11.048075749999995,200807,-0.5756607499999973
LA-XA,200808,2,ensemble,reference,6.5908760000000015,4.556747,200807,2.034129000000002
LA-XA,200809,3,ensemble,reference,5.017976000000001,2.8700585000000007,200807,2.1479175
LA-XA,200810,1,ensemble,reference,2.221806000000001,1.6197335,200810,0.6020725000000009
LA-XA,200811,2,ensemble,reference,1.3201160000000003,0.8453459999999999,200810,0.47477000000000036
LA-XA,200812,3,ensemble,reference,1.0639769999999995,0.40506575,200810,0.6589112499999995
LA-XA,200901,1,ensemble,reference,0.5785089999999995,0.1020047499999999,200901,0.47650424999999963
LA-XA,200902,2,ensemble,reference,0.686369,0.0321199999999999,200901,0.6542490000000001
LA-XA,200903,3,ensemble,reference,0.7398280000000002,0.22082125,200901,0.5190067500000002
LA-XA,200904,1,ensemble,reference,1.4301760000000003,0.33277975,200904,1.0973962500000003
LA-XA,200905,2,ensemble,reference,2.566777000000002,1.18828825,200904,1.3784887500000018
LA-XA,200906,3,ensemble,reference,8.782756999999997,5.472437,200904,3.3103199999999964
LA-XA,200907,1,ensemble,reference,7.4363990000000015,7.151606500000003,200907,0.2847924999999982
LA-XA,200908,2,ensemble,reference,15.684335999999998,23.04141425,200907,-7.357078250000001
LA-XA,200909,3,ensemble,reference,5.064252,6.853994,200907,-1.7897420000000004
LA-XA,200910,1,ensemble,reference,2.9560129999999987,4.578251,200910,-1.6222380000000012
LA-XA,200911,2,ensemble,reference,2.7991550000000007,2.2680652499999994,200910,0.5310897500000014
LA-XA,200912,3,ensemble,reference,2.178697999999999,1.4253885,200910,0.753309499999999
LA-XE,200801,1,ensemble,reference,0.188347,0.0213829999999999,200801,0.16696400000000008
LA-XE,200802,2,ensemble,reference,0.1760039999999999,0.0123947499999999,200801,0.16360925
LA-XE,200803,3,ensemble,reference,0.114479,0.00537225,200801,0.10910675
LA-XE,200804,1,ensemble,reference,0.081563,0.0206955,200804,0.0608675
LA-XE,200805,2,ensemble,reference,0.0969649999999999,0.046058,200804,0.0509069999999999
LA-XE,200806,3,ensemble,reference,3.3358929999999996,3.974066,200804,-0.6381730000000005
LA-XE,200807,1,ensemble,reference,0.8230489999999999,0.3828672500000004,200807,0.44018174999999954
LA-XE,200808,2,ensemble,reference,0.7587229999999998,0.4385554999999997,200807,0.3201675000000001
LA-XE,200809,3,ensemble,reference,0.7694469999999998,0.6987947500000009,200807,0.07065224999999886
LA-XE,200810,1,ensemble,reference,0.303693,0.0546897499999999,200810,0.2490032500000001
LA-XE,200811,2,ensemble,reference,0.1703699999999999,0.020516,200810,0.1498539999999999
LA-XE,200812,3,ensemble,reference,0.4663,0.86411075,200810,-0.39781075000000005
LA-XE,200901,1,ensemble,reference,0.1920480000000001,0.0061269999999999,200901,0.1859210000000002
LA-XE,200902,2,ensemble,reference,1.079126,1.86331575,200901,-0.7841897499999999
LA-XE,200903,3,ensemble,reference,1.2292260000000002,1.75181925,200901,-0.5225932499999999
LA-XE,200904,1,ensemble,reference,0.5213030000000001,0.4861489999999999,200904,0.035154000000000185
LA-XE,200905,2,ensemble,reference,0.7778129999999999,0.88316175,200904,-0.1053487500000001
LA-XE,200906,3,ensemble,reference,6.000155,5.952774,200904,0.04738100000000056
LA-XE,200907,1,ensemble,reference,21.697365,24.91769025,200907,-3.2203252499999984
LA-XE,200908,2,ensemble,reference,19.900986,22.04593875,200907,-2.1449527500000016
LA-XE,200909,3,ensemble,reference,2.175114,4.073622,200907,-1.898508
LA-XE,200910,1,ensemble,reference,2.8904110000000003,2.83573925,200910,0.05467175000000024
LA-XE,200911,2,ensemble,reference,1.4292250000000006,6.485716000000002,200910,-5.056491000000001
LA-XE,200912,3,ensemble,reference,3.457492,7.85328675,200910,-4.39579475
LA-XI,200801,1,ensemble,reference,0.0186029999999999,0.015035,200801,0.003567999999999901
LA-XI,200802,2,ensemble,reference,0.0216069999999999,0.0021647499999999,200801,0.01944225
LA-XI,200803,3,ensemble,reference,0.015337,0.0030675,200801,0.0122695
LA-XI,200804,1,ensemble,reference,0.021458,0.0008977499999999,200804,0.020560250000000103
LA-XI,200805,2,ensemble,reference,0.0228929999999999,0.0012975,200804,0.0215954999999999
LA-XI,200806,3,ensemble,reference,0.750843,0.9245845,200804,-0.1737415
LA-XI,200807,1,ensemble,reference,0.113452,0.35807925,200807,-0.24462725000000002
LA-XI,200808,2,ensemble,reference,0.129527,0.3334225000000004,200807,-0.2038955000000004
LA-XI,200809,3,ensemble,reference,0.1495409999999999,0.4171464999999998,200807,-0.26760549999999994
LA-XI,200810,1,ensemble,reference,0.007192,0.01379625,200810,-0.00660425
LA-XI,200811,2,ensemble,reference,0.0083599999999999,0.0031682499999999,200810,0.00519175
LA-XI,200812,3,ensemble,reference,0.002202,0.001281,200810,0.0009209999999999999
LA-XI,200901,1,ensemble,reference,0.0466389999999999,0.001307,200901,0.0453319999999999
LA-XI,200902,2,ensemble,reference,0.029392,0.00184675,200901,0.02754525
LA-XI,200903,3,ensemble,reference,0.0408549999999999,0.00164175,200901,0.0392132499999999
LA-XI,200904,1,ensemble,reference,0.0479629999999999,0.0005025,200904,0.0474604999999999
LA-XI,200905,2,ensemble,reference,36.9488,38.93029025,200904,-1.9814902500000002
LA-XI,200906,3,ensemble,reference,31.721968,32.835496,200904,-1.1135279999999987
LA-XI,200907,1,ensemble,reference,3.0649379999999997,0.7179242499999998,200907,2.34701375
LA-XI,200908,2,ensemble,reference,6.19609,6.967504,200907,-0.771414
LA-XI,200909,3,ensemble,reference,2.886633999999999,0.5063197499999998,200907,2.380314249999999
LA-XI,200910,1,ensemble,reference,0.215173,0.9681205,200910,-0.7529475000000001
LA-XI,200911,2,ensemble,reference,0.1882619999999999,0.3902842499999999,200910,-0.20202225
LA-XI,200912,3,ensemble,reference,0.1391429999999998,0.1778985,200910,-0.03875550000000019
LA-AT,200801,1,ensemble,reference_r1,3.325916,2.145736,200801,1.18018
LA-AT,200802,2,ensemble,reference_r1,1.483591,1.0869760000000002,200801,0.39661499999999994
LA-AT,200803,3,ensemble,reference_r1,0.0340559999999999,0.3015969999999999,200801,-0.267541
LA-AT,200804,1,ensemble,reference_r1,0.0867650000000002,0.415429,200804,-0.3286639999999998
LA-AT,200805,2,ensemble,reference_r1,3.0217180000000003,1.3644349999999998,200804,1.6572830000000005
LA-AT,200806,3,ensemble,reference_r1,8.316646,3.555891,200804,4.7607550000000005
LA-AT,200807,1,ensemble,reference_r1,2.625597999999999,3.6322350000000014,200807,-1.0066370000000022
LA-AT,200808,2,ensemble,reference_r1,5.223223000000001,6.645397000000003,200807,-1.4221740000000018
LA-AT,200809,3,ensemble,reference_r1,15.963242,16.674124,200807,-0.7108819999999998
LA-AT,200810,1,ensemble,reference_r1,32.5282,28.754062,200810,3.774137999999997
LA-AT,200811,2,ensemble,reference_r1,31.752948999999997,27.747988,200810,4.004960999999998
LA-AT,200812,3,ensemble,reference_r1,12.820189,16.009131,200810,-3.188942000000001
LA-AT,200901,1,ensemble,reference_r1,8.848504,8.554047,200901,0.2944569999999995
LA-AT,200902,2,ensemble,reference_r1,33.291547,39.695273,200901,-6.403725999999999
LA-AT,200903,3,ensemble,reference_r1,62.89455,60.638278,200901,2.2562720000000027
LA-AT,200904,1,ensemble,reference_r1,57.282439999999994,50.162208,200904,7.120231999999994
LA-AT,200905,2,ensemble,reference_r1,7.993997999999998,53.482433000000015,200904,-45.48843500000002
LA-AT,200906,3,ensemble,reference_r1,13.996307000000002,41.709609,200904,-27.713302
LA-AT,200907,1,ensemble,reference_r1,43.536574,46.88119199999999,200907,-3.34461799999999
LA-AT,200908,2,ensemble,reference_r1,8.262708,14.189222,200907,-5.926513999999999
LA-AT,200909,3,ensemble,reference_r1,6.694088000000001,10.582070000000002,200907,-3.887982000000001
LA-AT,200910,1,ensemble,reference_r1,4.150596999999998,7.157781,200910,-3.0071840000000023
LA-AT,200911,2,ensemble,reference_r1,7.095370000000001,5.510847,200910,1.5845230000000008
LA-AT,200912,3,ensemble,reference_r1,3.667050999999999,6.242144999999997,200910,-2.575093999999998
LA-BK,200801,1,ensemble,reference_r1,0.656509,0.546581,200801,0.10992800000000003
LA-BK,200802,2,ensemble,reference_r1,0.044509,0.040976,200801,0.0035330000000000014
LA-BK,200803,3,ensemble,reference_r1,0.05556,0.017486,200801,0.038074
LA-BK,200804,1,ensemble,reference_r1,0.0636189999999999,0.0049639999999999,200804,0.058655
LA-BK,200805,2,ensemble,reference_r1,10.958623,11.481164,200804,-0.5225410000000004
LA-BK,200806,3,ensemble,reference_r1,51.265029,52.445198,200804,-1.1801689999999994
LA-BK,200807,1,ensemble,reference_r1,4.13083,1.972805000000001,200807,2.1580249999999985
LA-BK,200808,2,ensemble,reference_r1,6.1359580000000005,5.9269549999999995,200807,0.20900300000000094
LA-BK,200809,3,ensemble,reference_r1,16.340614,21.421427,200807,-5.080813000000003
LA-BK,200810,1,ensemble,reference_r1,31.547904000000003,20.486543,200810,11.061361000000002
LA-BK,200811,2,ensemble,reference_r1,39.953927,45.352885,200810,-5.398958
LA-BK,200812,3,ensemble,reference_r1,4.220537,2.932289,200810,1.2882480000000003
LA-BK,200901,1,ensemble,reference_r1,0.7935289999999999,0.431996,200901,0.36153299999999994
LA-BK,200902,2,ensemble,reference_r1,0.644285,0.2517009999999999,200901,0.3925840000000001
LA-BK,200903,3,ensemble,reference_r1,0.7884379999999998,0.5729839999999999,200901,0.2154539999999998
LA-BK,200904,1,ensemble,reference_r1,1.8746699999999996,1.361668,200904,0.5130019999999995
LA-BK,200905,2,ensemble,reference_r1,68.73419,43.499258000000005,200904,25.234931999999993
LA-BK,200906,3,ensemble,reference_r1,204.611437,143.411896,200904,61.19954099999998
LA-BK,200907,1,ensemble,reference_r1,112.919046,183.967815,200907,-71.04876900000001
LA-BK,200908,2,ensemble,reference_r1,58.63334,87.120234,200907,-28.486894
LA-BK,200909,3,ensemble,reference_r1,33.461614,37.557586,200907,-4.095972000000003
LA-BK,200910,1,ensemble,reference_r1,14.29144,21.869683999999992,200910,-7.578243999999993
LA-BK,200911,2,ensemble,reference_r1,7.354396999999999,9.777252,200910,-2.422855000000002
LA-BK,200912,3,ensemble,reference_r1,5.599042999999998,5.518939,200910,0.08010399999999862
LA-BL,200801,1,ensemble,reference_r1,4.827346000000001,6.277274,200801,-1.449927999999999
LA-BL,200802,2,ensemble,reference_r1,2.9907209999999997,6.462529,200801,-3.4718080000000002
LA-BL,200803,3,ensemble,reference_r1,1.7747210000000004,0.680527,200801,1.0941940000000003
LA-BL,200804,1,ensemble,reference_r1,2.0335979999999996,1.3643079999999994,200804,0.6692900000000002
LA-BL,200805,2,ensemble,reference_r1,5.727341999999998,4.879065000000001,200804,0.8482769999999977
LA-BL,200806,3,ensemble,reference_r1,8.020843,6.164076000000001,200804,1.8567669999999978
LA-BL,200807,1,ensemble,reference_r1,11.562967000000004,20.347325,200807,-8.784357999999997
LA-BL,200808,2,ensemble,reference_r1,11.551066000000002,20.42701600000001,200807,-8.875950000000007
LA-BL,200809,3,ensemble,reference_r1,11.188740000000005,18.72258200000001,200807,-7.533842000000005
LA-BL,200810,1,ensemble,reference_r1,14.100391000000002,10.324418,200810,3.7759730000000022
LA-BL,200811,2,ensemble,reference_r1,5.4995829999999994,5.116645,200810,0.38293799999999933
LA-BL,200812,3,ensemble,reference_r1,3.7800649999999982,1.0391879999999998,200810,2.7408769999999985
LA-BL,200901,1,ensemble,reference_r1,1.3446560000000003,0.7314410000000002,200901,0.6132150000000001
LA-BL,200902,2,ensemble,reference_r1,1.477722,1.7277270000000002,200901,-0.25000500000000025
LA-BL,200903,3,ensemble,reference_r1,1.933432,1.0585079999999998,200901,0.8749240000000003
LA-BL,200904,1,ensemble,reference_r1,2.0214219999999994,0.8368160000000002,200904,1.1846059999999992
LA-BL,200905,2,ensemble,reference_r1,7.250435,3.726764999999999,200904,3.5236700000000014
LA-BL,200906,3,ensemble,reference_r1,8.149173999999999,5.046999000000001,200904,3.1021749999999972
LA-BL,200907,1,ensemble,reference_r1,12.10632,21.840237,200907,-9.733916999999998
LA-BL,200908,2,ensemble,reference_r1,10.852954999999998,5.777617000000006,200907,5.0753379999999915
LA-BL,200909,3,ensemble,reference_r1,15.522771,4.268850999999998,200907,11.253920000000003
LA-BL,200910,1,ensemble,reference_r1,7.192321,5.127814000000001,200910,2.064506999999999
LA-BL,200911,2,ensemble,reference_r1,5.451605000000001,1.6664370000000002,200910,3.7851680000000005
LA-BL,200912,3,ensemble,reference_r1,2.469061,0.7895020000000001,200910,1.6795589999999998
LA-CH,200801,1,ensemble,reference_r1,31.196128,41.147757,200801,-9.951628999999997
LA-CH,200802,2,ensemble,reference_r1,42.616792,59.242147,200801,-16.625355000000006
LA-CH,200803,3,ensemble,reference_r1,44.606148,58.28536899999999,200801,-13.679220999999991
LA-CH,200804,1,ensemble,reference_r1,23.371581,23.140504000000007,200804,0.23107699999999198
LA-CH,200805,2,ensemble,reference_r1,36.89201,45.656949999999995,200804,-8.764939999999996
LA-CH,200806,3,ensemble,reference_r1,136.13251100000002,98.89890400000002,200804,37.233607000000006
LA-CH,200807,1,ensemble,reference_r1,50.175275,94.42896399999997,200807,-44.253688999999966
LA-CH,200808,2,ensemble,reference_r1,50.18397199999998,85.387857,200807,-35.203885000000014
LA-CH,200809,3,ensemble,reference_r1,51.608509,119.15751999999998,200807,-67.54901099999998
LA-CH,200810,1,ensemble,reference_r1,31.605476999999993,45.13859200000002,200810,-13.533115000000024
LA-CH,200811,2,ensemble,reference_r1,30.87862800000001,32.881620999999996,200810,-2.002992999999986
LA-CH,200812,3,ensemble,reference_r1,29.355946000000003,28.893849000000003,200810,0.462097
LA-CH,200901,1,ensemble,reference_r1,12.376314999999998,9.756949999999996,200901,2.619365000000002
LA-CH,200902,2,ensemble,reference_r1,19.142681,28.280518,200901,-9.137837000000001
LA-CH,200903,3,ensemble,reference_r1,22.572248,21.016378000000003,200901,1.5558699999999952
LA-CH,200904,1,ensemble,reference_r1,46.490778000000006,35.491328,200904,10.999450000000003
LA-CH,200905,2,ensemble,reference_r1,20.906093999999996,76.53154900000001,200904,-55.62545500000002
LA-CH,200906,3,ensemble,reference_r1,41.69074099999999,80.346858,200904,-38.65611700000001
LA-CH,200907,1,ensemble,reference_r1,35.01287099999999,70.95715799999999,200907,-35.944287
LA-CH,200908,2,ensemble,reference_r1,33.65977699999999,63.95468300000002,200907,-30.294906000000026
LA-CH,200909,3,ensemble,reference_r1,33.97765000000001,62.101629,200907,-28.12397899999999
LA-CH,200910,1,ensemble,reference_r1,23.888895000000005,19.698027000000003,200910,4.190868000000002
LA-CH,200911,2,ensemble,reference_r1,18.488135999999997,12.379519000000002,200910,6.108616999999995
LA-CH,200912,3,ensemble,reference_r1,18.516073999999996,13.492714999999995,200910,5.023359000000001
LA-HO,200801,1,ensemble,reference_r1,0.1291999999999999,0.0318879999999999,200801,0.097312
LA-HO,200802,2,ensemble,reference_r1,0.127531,0.005344,200801,0.122187
LA-HO,200803,3,ensemble,reference_r1,0.135912,0.018744,200801,0.11716800000000001
LA-HO,200804,1,ensemble,reference_r1,0.036478,0.005699,200804,0.030778999999999997
LA-HO,200805,2,ensemble,reference_r1,0.0287749999999999,0.0148729999999999,200804,0.013902000000000001
LA-HO,200806,3,ensemble,reference_r1,0.0896569999999999,0.010789,200804,0.07886799999999991
LA-HO,200807,1,ensemble,reference_r1,0.087817,0.3546050000000003,200807,-0.26678800000000025
LA-HO,200808,2,ensemble,reference_r1,0.0611779999999999,0.3892969999999991,200807,-0.3281189999999992
LA-HO,200809,3,ensemble,reference_r1,0.6944480000000001,0.7110880000000002,200807,-0.0166400000000001
LA-HO,200810,1,ensemble,reference_r1,0.121344,0.069786,200810,0.05155799999999999
LA-HO,200811,2,ensemble,reference_r1,0.093327,0.0236379999999999,200810,0.0696890000000001
LA-HO,200812,3,ensemble,reference_r1,0.431666,0.887394,200810,-0.455728
LA-HO,200901,1,ensemble,reference_r1,0.1527279999999999,0.01682,200901,0.1359079999999999
LA-HO,200902,2,ensemble,reference_r1,0.1645040000000001,0.0236059999999999,200901,0.1408980000000002
LA-HO,200903,3,ensemble,reference_r1,0.155239,0.028904,200901,0.12633499999999998
LA-HO,200904,1,ensemble,reference_r1,0.053406,0.003345,200904,0.050061
LA-HO,200905,2,ensemble,reference_r1,0.0654560000000001,0.0103069999999999,200904,0.0551490000000002
LA-HO,200906,3,ensemble,reference_r1,0.1065529999999999,0.034116,200904,0.07243699999999989
LA-HO,200907,1,ensemble,reference_r1,0.176015,0.3483749999999999,200907,-0.17235999999999987
LA-HO,200908,2,ensemble,reference_r1,0.088891,0.5482139999999998,200907,-0.45932299999999976
LA-HO,200909,3,ensemble,reference_r1,0.6369209999999998,0.7523860000000004,200907,-0.1154650000000006
LA-HO,200910,1,ensemble,reference_r1,0.4877250000000002,0.571008,200910,-0.08328299999999977
LA-HO,200911,2,ensemble,reference_r1,0.5078899999999997,0.828421,200910,-0.32053100000000023
LA-HO,200912,3,ensemble,reference_r1,0.4446300000000001,0.891185,200910,-0.4465549999999999
LA-KH,200801,1,ensemble,reference_r1,0.8199129999999997,1.1341389999999991,200801,-0.31422599999999945
LA-KH,200802,2,ensemble,reference_r1,0.6248490000000011,0.069607,200801,0.5552420000000011
LA-KH,200803,3,ensemble,reference_r1,0.4709110000000001,0.0544829999999999,200801,0.4164280000000002
LA-KH,200804,1,ensemble,reference_r1,0.541296,0.470267,200804,0.07102900000000001
LA-KH,200805,2,ensemble,reference_r1,1.976578,1.40359,200804,0.572988
LA-KH,200806,3,ensemble,reference_r1,4.877372000000001,2.6562720000000004,200804,2.2211000000000007
LA-KH,200807,1,ensemble,reference_r1,11.019311000000002,4.017579000000005,200807,7.001731999999997
LA-KH,200808,2,ensemble,reference_r1,10.220549000000004,4.470711999999999,200807,5.749837000000005
LA-KH,200809,3,ensemble,reference_r1,5.2262230000000045,4.937131000000008,200807,0.2890919999999966
LA-KH,200810,1,ensemble,reference_r1,2.632657,0.8700520000000003,200810,1.7626049999999998
LA-KH,200811,2,ensemble,reference_r1,1.4965510000000002,1.2062180000000002,200810,0.29033299999999995
LA-KH,200812,3,ensemble,reference_r1,2.045567,3.155387,200810,-1.10982
LA-KH,200901,1,ensemble,reference_r1,1.305142,0.0743249999999999,200901,1.230817
LA-KH,200902,2,ensemble,reference_r1,0.8526540000000011,0.0150879999999999,200901,0.8375660000000013
LA-KH,200903,3,ensemble,reference_r1,3.390772,4.808243,200901,-1.417471
LA-KH,200904,1,ensemble,reference_r1,1.23311,0.3969750000000001,200904,0.8361349999999999
LA-KH,200905,2,ensemble,reference_r1,3.219106,2.0939720000000004,200904,1.1251339999999996
LA-KH,200906,3,ensemble,reference_r1,49.622997999999995,64.026445,200904,-14.403447
LA-KH,200907,1,ensemble,reference_r1,81.74557999999999,112.276547,200907,-30.530967000000004
LA-KH,200908,2,ensemble,reference_r1,204.378773,239.68471999999997,200907,-35.305946999999975
LA-KH,200909,3,ensemble,reference_r1,191.254729,214.439548,200907,-23.184819000000005
LA-KH,200910,1,ensemble,reference_r1,43.96696299999999,42.079407,200910,1.8875559999999894
LA-KH,200911,2,ensemble,reference_r1,39.621112,19.48337099999999,200910,20.137741000000005
LA-KH,200912,3,ensemble,reference_r1,41.514424,28.391016000000004,200910,13.123407999999994
LA-LM,200801,1,ensemble,reference_r1,0.017015,0.080627,200801,-0.063612
LA-LM,200802,2,ensemble,reference_r1,0.0286569999999999,0.0216149999999999,200801,0.007042
LA-LM,200803,3,ensemble,reference_r1,0.041325,0.006579,200801,0.034746
LA-LM,200804,1,ensemble,reference_r1,0.02976,0.000144,200804,0.029616000000000003
LA-LM,200805,2,ensemble,reference_r1,0.030315,0.002026,200804,0.028289
LA-LM,200806,3,ensemble,reference_r1,0.05262,0.0016989999999999,200804,0.0509210000000001
LA-LM,200807,1,ensemble,reference_r1,0.048775,1.0445759999999993,200807,-0.9958009999999993
LA-LM,200808,2,ensemble,reference_r1,0.0587440000000001,0.6223530000000004,200807,-0.5636090000000002
LA-LM,200809,3,ensemble,reference_r1,0.053281,0.8025890000000011,200807,-0.7493080000000011
LA-LM,200810,1,ensemble,reference_r1,0.05876,0.022566,200810,0.036194000000000004
LA-LM,200811,2,ensemble,reference_r1,0.0144779999999999,0.007313,200810,0.007164999999999901
LA-LM,200812,3,ensemble,reference_r1,0.0023089999999999,0.0022669999999999,200810,4.199999999999994e-05
LA-LM,200901,1,ensemble,reference_r1,0.0468709999999999,6.399999999999982e-05,200901,0.0468069999999999
LA-LM,200902,2,ensemble,reference_r1,0.042794,3.7000000000000574e-05,200901,0.042756999999999996
LA-LM,200903,3,ensemble,reference_r1,0.0601659999999999,0.000403,200901,0.0597629999999999
LA-LM,200904,1,ensemble,reference_r1,0.7657719999999999,0.946746,200904,-0.18097400000000008
LA-LM,200905,2,ensemble,reference_r1,0.052513,0.0033709999999999,200904,0.049142000000000095
LA-LM,200906,3,ensemble,reference_r1,1.6094050000000002,1.804877,200904,-0.19547199999999987
LA-LM,200907,1,ensemble,reference_r1,0.5265979999999999,0.8646329999999995,200907,-0.33803499999999964
LA-LM,200908,2,ensemble,reference_r1,0.4352,1.1623389999999991,200907,-0.7271389999999991
LA-LM,200909,3,ensemble,reference_r1,2.489028,2.3886080000000014,200907,0.1004199999999984
LA-LM,200910,1,ensemble,reference_r1,2.406719,2.6982289999999995,200910,-0.2915099999999997
LA-LM,200911,2,ensemble,reference_r1,3.2874369999999997,4.812410999999999,200910,-1.5249739999999994
LA-LM,200912,3,ensemble,reference_r1,1.7985350000000002,3.342975,200910,-1.5444399999999998
LA-LP,200801,1,ensemble,reference_r1,1.0086030000000008,0.1637959999999999,200801,0.844807000000001
LA-LP,200802,2,ensemble,reference_r1,10.705016,15.510944,200801,-4.805928
LA-LP,200803,3,ensemble,reference_r1,15.789170000000002,21.625247,200801,-5.8360769999999995
LA-LP,200804,1,ensemble,reference_r1,20.049219,17.553432,200804,2.495787
LA-LP,200805,2,ensemble,reference_r1,94.876698,69.750825,200804,25.125873
LA-LP,200806,3,ensemble,reference_r1,120.317095,83.99121,200804,36.325885
LA-LP,200807,1,ensemble,reference_r1,21.976953,9.884673999999997,200807,12.092279000000005
LA-LP,200808,2,ensemble,reference_r1,23.89035800000001,8.243891000000001,200807,15.646467000000008
LA-LP,200809,3,ensemble,reference_r1,21.624414999999992,9.006344000000002,200807,12.61807099999999
LA-LP,200810,1,ensemble,reference_r1,10.627031000000002,18.292073,200810,-7.665041999999996
LA-LP,200811,2,ensemble,reference_r1,93.673417,104.185924,200810,-10.512507
LA-LP,200812,3,ensemble,reference_r1,136.695584,157.402718,200810,-20.707133999999996
LA-LP,200901,1,ensemble,reference_r1,10.643307999999998,7.648578,200901,2.994729999999998
LA-LP,200902,2,ensemble,reference_r1,10.742096999999994,5.02932,200901,5.712776999999994
LA-LP,200903,3,ensemble,reference_r1,10.484064000000004,11.726748,200901,-1.242683999999997
LA-LP,200904,1,ensemble,reference_r1,1.4254430000000005,11.299571,200904,-9.874127999999999
LA-LP,200905,2,ensemble,reference_r1,2.7386549999999996,33.68041,200904,-30.941755
LA-LP,200906,3,ensemble,reference_r1,5.601093000000002,76.74043200000003,200904,-71.13933900000002
LA-LP,200907,1,ensemble,reference_r1,9.597015,19.998278,200907,-10.401262999999998
LA-LP,200908,2,ensemble,reference_r1,11.586986999999995,20.366691000000003,200907,-8.779704000000008
LA-LP,200909,3,ensemble,reference_r1,256.62571,276.517947,200907,-19.892236999999966
LA-LP,200910,1,ensemble,reference_r1,76.44409199999998,65.935979,200910,10.50811299999998
LA-LP,200911,2,ensemble,reference_r1,50.18491900000001,43.394425,200910,6.79049400000001
LA-LP,200912,3,ensemble,reference_r1,28.285177000000004,6.063930000000001,200910,22.221247000000005
LA-OU,200801,1,ensemble,reference_r1,0.0280199999999999,0.199332,200801,-0.1713120000000001
LA-OU,200802,2,ensemble,reference_r1,0.023536,0.036075,200801,-0.012539000000000002
LA-OU,200803,3,ensemble,reference_r1,0.026693,0.014584,200801,0.012109000000000002
LA-OU,200804,1,ensemble,reference_r1,0.0248039999999999,0.0005299999999999,200804,0.024274
LA-OU,200805,2,ensemble,reference_r1,0.032808,0.005248,200804,0.027559999999999998
LA-OU,200806,3,ensemble,reference_r1,0.044953,0.0143739999999999,200804,0.0305790000000001
LA-OU,200807,1,ensemble,reference_r1,0.0589,1.985952000000001,200807,-1.927052000000001
LA-OU,200808,2,ensemble,reference_r1,0.0655629999999999,1.0147980000000008,200807,-0.9492350000000008
LA-OU,200809,3,ensemble,reference_r1,0.0552509999999999,1.20223,200807,-1.146979
LA-OU,200810,1,ensemble,reference_r1,0.0298539999999999,0.0142859999999999,200810,0.015568000000000002
LA-OU,200811,2,ensemble,reference_r1,0.012961,0.008949,200810,0.004012
LA-OU,200812,3,ensemble,reference_r1,0.00465,0.002084,200810,0.0025659999999999997
LA-OU,200901,1,ensemble,reference_r1,0.0467969999999999,0.0001489999999999,200901,0.046648
LA-OU,200902,2,ensemble,reference_r1,0.0384039999999999,0.0001209999999999,200901,0.038283
LA-OU,200903,3,ensemble,reference_r1,0.0405249999999999,0.0005859999999999,200901,0.039939
LA-OU,200904,1,ensemble,reference_r1,0.0388979999999999,0.000785,200904,0.0381129999999999
LA-OU,200905,2,ensemble,reference_r1,0.071018,0.007807,200904,0.063211
LA-OU,200906,3,ensemble,reference_r1,0.064797,0.0160799999999999,200904,0.048717000000000094
LA-OU,200907,1,ensemble,reference_r1,0.0969689999999998,1.9749789999999976,200907,-1.8780099999999977
LA-OU,200908,2,ensemble,reference_r1,0.6640729999999999,2.2991750000000017,200907,-1.6351020000000018
LA-OU,200909,3,ensemble,reference_r1,13.176556,9.523029,200907,3.6535270000000004
LA-OU,200910,1,ensemble,reference_r1,3.1906370000000006,2.05422,200910,1.1364170000000007
LA-OU,200911,2,ensemble,reference_r1,6.0961300000000005,9.41034,200910,-3.314209999999999
LA-OU,200912,3,ensemble,reference_r1,9.551806,15.98683,200910,-6.435024
LA-PH,200901,1,ensemble,reference_r1,0.0356029999999999,0.012556,200901,0.0230469999999999
LA-PH,200902,2,ensemble,reference_r1,0.0368549999999999,0.0128429999999999,200901,0.024012000000000002
LA-PH,200903,3,ensemble,reference_r1,0.040794,0.015795,200901,0.024998999999999997
LA-PH,200904,1,ensemble,reference_r1,0.0407409999999999,0.0021489999999999,200904,0.038592
LA-PH,200905,2,ensemble,reference_r1,0.0494209999999999,0.0082929999999999,200904,0.041128000000000005
LA-PH,200906,3,ensemble,reference_r1,0.036868,0.0302110000000001,200904,0.006656999999999899
LA-PH,200907,1,ensemble,reference_r1,0.0668649999999999,0.218884,200907,-0.1520190000000001
LA-PH,200909,3,ensemble,reference_r1,0.0591190000000001,0.3023219999999993,200907,-0.24320299999999923
LA-PH,200910,1,ensemble,reference_r1,0.1062470000000002,0.020306,200910,0.0859410000000002
LA-PH,200911,2,ensemble,reference_r1,0.1040169999999998,0.005289,200910,0.0987279999999998
LA-PH,200912,3,ensemble,reference_r1,0.0794420000000002,0.000493,200910,0.07894900000000021
LA-SL,200801,1,ensemble,reference_r1,0.941525,1.2523340000000005,200801,-0.31080900000000056
LA-SL,200802,2,ensemble,reference_r1,0.9092409999999996,0.65272,200801,0.25652099999999967
LA-SL,200803,3,ensemble,reference_r1,2.244567,2.9516139999999997,200801,-0.7070469999999998
LA-SL,200804,1,ensemble,reference_r1,1.0481439999999995,0.9442969999999996,200804,0.10384699999999991
LA-SL,200805,2,ensemble,reference_r1,90.429066,88.66067100000001,200804,1.7683949999999982
LA-SL,200806,3,ensemble,reference_r1,205.352522,183.622699,200804,21.729822999999982
LA-SL,200807,1,ensemble,reference_r1,41.646594,47.83550499999998,200807,-6.188910999999983
LA-SL,200808,2,ensemble,reference_r1,36.1767,38.83641899999999,200807,-2.6597189999999955
LA-SL,200809,3,ensemble,reference_r1,43.53553199999999,57.47635599999998,200807,-13.940823999999992
LA-SL,200810,1,ensemble,reference_r1,42.225391,33.70696100000001,200810,8.518429999999995
LA-SL,200811,2,ensemble,reference_r1,12.200128000000005,9.621322000000005,200810,2.578806
LA-SL,200812,3,ensemble,reference_r1,7.676627999999997,3.0520899999999997,200810,4.624537999999998
LA-SL,200901,1,ensemble,reference_r1,1.1638329999999997,1.7122020000000004,200901,-0.5483690000000008
LA-SL,200902,2,ensemble,reference_r1,17.599712999999998,20.058046,200901,-2.458333000000003
LA-SL,200903,3,ensemble,reference_r1,18.007460000000002,13.033993,200901,4.973467000000001
LA-SL,200904,1,ensemble,reference_r1,8.876152,6.1601469999999985,200904,2.716005000000001
LA-SL,200905,2,ensemble,reference_r1,84.29131699999999,43.806544,200904,40.48477299999999
LA-SL,200906,3,ensemble,reference_r1,21.047735000000003,29.762761,200904,-8.715025999999998
LA-SL,200907,1,ensemble,reference_r1,113.600495,115.84506299999998,200907,-2.244567999999987
LA-SL,200908,2,ensemble,reference_r1,78.42733199999999,84.51140600000001,200907,-6.084074000000015
LA-SL,200909,3,ensemble,reference_r1,50.72779800000001,58.537504,200907,-7.809705999999991
LA-SL,200910,1,ensemble,reference_r1,40.348422,35.434078,200910,4.914344
LA-SL,200911,2,ensemble,reference_r1,22.235935,14.449782999999996,200910,7.786152000000005
LA-SL,200912,3,ensemble,reference_r1,12.587051,8.394862000000003,200910,4.192188999999997
LA-SV,200801,1,ensemble,reference_r1,3.158859999999997,6.963842999999997,200801,-3.804983
LA-SV,200802,2,ensemble,reference_r1,1.7243829999999996,1.043602,200801,0.6807809999999996
LA-SV,200803,3,ensemble,reference_r1,2.8676030000000026,0.6927029999999998,200801,2.1749000000000027
LA-SV,200804,1,ensemble,reference_r1,4.266731,3.4266229999999993,200804,0.8401080000000007
LA-SV,200805,2,ensemble,reference_r1,12.095531,7.488893999999998,200804,4.606637000000001
LA-SV,200806,3,ensemble,reference_r1,23.500411,27.989363999999995,200804,-4.488952999999995
LA-SV,200807,1,ensemble,reference_r1,37.22028800000001,28.99053799999996,200807,8.229750000000049
LA-SV,200808,2,ensemble,reference_r1,34.43881300000001,20.90706799999998,200807,13.53174500000003
LA-SV,200809,3,ensemble,reference_r1,35.948727000000005,22.40774399999998,200807,13.540983000000026
LA-SV,200810,1,ensemble,reference_r1,13.689954999999998,3.486014,200810,10.203940999999997
LA-SV,200811,2,ensemble,reference_r1,8.327965999999996,1.1885890000000003,200810,7.139376999999996
LA-SV,200812,3,ensemble,reference_r1,5.018979000000002,0.342165,200810,4.676814000000002
LA-SV,200901,1,ensemble,reference_r1,2.0620779999999996,0.084186,200901,1.9778919999999995
LA-SV,200902,2,ensemble,reference_r1,1.397700999999998,0.01003,200901,1.387670999999998
LA-SV,200903,3,ensemble,reference_r1,2.2557529999999986,0.136021,200901,2.1197319999999986
LA-SV,200904,1,ensemble,reference_r1,3.343243000000001,0.1783739999999999,200904,3.1648690000000013
LA-SV,200905,2,ensemble,reference_r1,11.217890000000004,1.2849339999999998,200904,9.932956000000004
LA-SV,200906,3,ensemble,reference_r1,21.364160000000012,1.5260139999999995,200904,19.838146000000012
LA-SV,200907,1,ensemble,reference_r1,27.321764,29.240554999999972,200907,-1.9187909999999704
LA-SV,200908,2,ensemble,reference_r1,30.738711999999992,32.102540999999974,200907,-1.3638289999999813
LA-SV,200909,3,ensemble,reference_r1,30.33605899999999,36.953052000000014,200907,-6.616993000000022
LA-SV,200910,1,ensemble,reference_r1,17.349317,7.358410999999997,200910,9.990906000000003
LA-SV,200911,2,ensemble,reference_r1,13.619584000000003,17.064518,200910,-3.4449339999999964
LA-SV,200912,3,ensemble,reference_r1,7.717061000000001,1.7635429999999994,200910,5.953518000000002
LA-VT,200801,1,ensemble,reference_r1,14.464391999999997,23.80546000000001,200801,-9.341068000000014
LA-VT,200802,2,ensemble,reference_r1,10.878897000000002,6.210807000000001,200801,4.668090000000001
LA-VT,200803,3,ensemble,reference_r1,11.417961999999996,16.270515,200801,-4.852553000000004
LA-VT,200804,1,ensemble,reference_r1,19.802147,11.159151,200804,8.642996000000002
LA-VT,200805,2,ensemble,reference_r1,31.43949899999999,23.31912,200804,8.12037899999999
LA-VT,200806,3,ensemble,reference_r1,50.887597,80.60270899999998,200804,-29.715111999999976
LA-VT,200807,1,ensemble,reference_r1,79.28503900000004,87.35175800000002,200807,-8.066718999999978
LA-VT,200808,2,ensemble,reference_r1,67.90060299999999,84.81813699999998,200807,-16.91753399999999
LA-VT,200809,3,ensemble,reference_r1,59.585115,99.8049729999998,200807,-40.2198579999998
LA-VT,200810,1,ensemble,reference_r1,51.71768300000001,36.697038000000006,200810,15.020645000000002
LA-VT,200811,2,ensemble,reference_r1,33.01191100000001,45.27036600000001,200810,-12.258454999999998
LA-VT,200812,3,ensemble,reference_r1,26.202962999999997,48.316042,200810,-22.113079000000006
LA-VT,200901,1,ensemble,reference_r1,13.192190000000004,20.366967,200901,-7.174776999999995
LA-VT,200902,2,ensemble,reference_r1,8.657442000000003,14.349657,200901,-5.692214999999997
LA-VT,200903,3,ensemble,reference_r1,10.82479,6.341520999999998,200901,4.483269000000002
LA-VT,200904,1,ensemble,reference_r1,10.948777999999995,11.365306000000004,200904,-0.41652800000000845
LA-VT,200905,2,ensemble,reference_r1,23.804772,113.365163,200904,-89.560391
LA-VT,200906,3,ensemble,reference_r1,41.648917999999995,189.488734,200904,-147.83981599999998
LA-VT,200907,1,ensemble,reference_r1,88.46700099999998,183.06244799999968,200907,-94.5954469999997
LA-VT,200908,2,ensemble,reference_r1,113.408048,210.101441,200907,-96.693393
LA-VT,200909,3,ensemble,reference_r1,166.28073600000002,293.00253699999985,200907,-126.72180099999983
LA-VT,200910,1,ensemble,reference_r1,145.77170399999997,202.997795,200910,-57.226091000000025
LA-VT,200911,2,ensemble,reference_r1,210.32734600000003,293.77151100000003,200910,-83.444165
LA-VT,200912,3,ensemble,reference_r1,150.051799,218.483042,200910,-68.43124300000002
LA-XA,200801,1,ensemble,reference_r1,0.5909089999999999,0.8033520000000003,200801,-0.21244300000000038
LA-XA,200802,2,ensemble,reference_r1,0.6997629999999999,0.190452,200801,0.5093109999999998
LA-XA,200803,3,ensemble,reference_r1,0.92056,0.1025129999999999,200801,0.8180470000000002
LA-XA,200804,1,ensemble,reference_r1,1.2846130000000002,0.6456049999999998,200804,0.6390080000000005
LA-XA,200805,2,ensemble,reference_r1,2.1037539999999986,1.427625,200804,0.6761289999999986
LA-XA,200806,3,ensemble,reference_r1,6.801691999999999,2.3588429999999994,200804,4.442849
LA-XA,200807,1,ensemble,reference_r1,10.472414999999998,10.886063999999998,200807,-0.4136489999999995
LA-XA,200808,2,ensemble,reference_r1,6.5908760000000015,4.443611000000004,200807,2.1472649999999973
LA-XA,200809,3,ensemble,reference_r1,5.017976000000001,2.8469379999999944,200807,2.1710380000000065
LA-XA,200810,1,ensemble,reference_r1,2.221806000000001,1.5121249999999993,200810,0.7096810000000016
LA-XA,200811,2,ensemble,reference_r1,1.3201160000000003,1.1031689999999998,200810,0.21694700000000045
LA-XA,200812,3,ensemble,reference_r1,1.0639769999999995,0.425864,200810,0.6381129999999995
LA-XA,200901,1,ensemble,reference_r1,0.5785089999999995,0.110427,200901,0.4680819999999995
LA-XA,200902,2,ensemble,reference_r1,0.686369,0.0309229999999999,200901,0.6554460000000001
LA-XA,200903,3,ensemble,reference_r1,0.7398280000000002,0.232632,200901,0.5071960000000002
LA-XA,200904,1,ensemble,reference_r1,1.4301760000000003,0.2878149999999999,200904,1.1423610000000004
LA-XA,200905,2,ensemble,reference_r1,2.566777000000002,1.1968770000000002,200904,1.3699000000000017
LA-XA,200906,3,ensemble,reference_r1,8.782756999999997,5.751604,200904,3.031152999999996
LA-XA,200907,1,ensemble,reference_r1,7.4363990000000015,6.552755000000005,200907,0.8836439999999968
LA-XA,200908,2,ensemble,reference_r1,15.684335999999998,22.906820999999994,200907,-7.222484999999995
LA-XA,200909,3,ensemble,reference_r1,5.064252,6.456806,200907,-1.3925540000000005
LA-XA,200910,1,ensemble,reference_r1,2.9560129999999987,4.403065999999999,200910,-1.4470530000000004
LA-XA,200911,2,ensemble,reference_r1,2.7991550000000007,1.8683099999999992,200910,0.9308450000000015
LA-XA,200912,3,ensemble,reference_r1,2.178697999999999,1.455438,200910,0.7232599999999989
LA-XE,200801,1,ensemble,reference_r1,0.188347,0.0346429999999999,200801,0.1537040000000001
LA-XE,200802,2,ensemble,reference_r1,0.1760039999999999,0.0177079999999999,200801,0.15829600000000002
LA-XE,200803,3,ensemble,reference_r1,0.114479,0.0085679999999999,200801,0.1059110000000001
LA-XE,200804,1,ensemble,reference_r1,0.081563,0.0147739999999999,200804,0.0667890000000001
LA-XE,200805,2,ensemble,reference_r1,0.0969649999999999,0.040203,200804,0.056761999999999896
LA-XE,200806,3,ensemble,reference_r1,3.3358929999999996,4.040085,200804,-0.7041920000000008
LA-XE,200807,1,ensemble,reference_r1,0.8230489999999999,0.3851960000000005,200807,0.43785299999999944
LA-XE,200808,2,ensemble,reference_r1,0.7587229999999998,0.5288779999999988,200807,0.22984500000000097
LA-XE,200809,3,ensemble,reference_r1,0.7694469999999998,0.8019620000000032,200807,-0.0325150000000034
LA-XE,200810,1,ensemble,reference_r1,0.303693,0.064919,200810,0.238774
LA-XE,200811,2,ensemble,reference_r1,0.1703699999999999,0.0410349999999999,200810,0.129335
LA-XE,200812,3,ensemble,reference_r1,0.4663,0.81432,200810,-0.34802000000000005
LA-XE,200901,1,ensemble,reference_r1,0.1920480000000001,0.005135,200901,0.1869130000000001
LA-XE,200902,2,ensemble,reference_r1,1.079126,1.856205,200901,-0.7770790000000001
LA-XE,200903,3,ensemble,reference_r1,1.2292260000000002,1.724381,200901,-0.4951549999999998
LA-XE,200904,1,ensemble,reference_r1,0.5213030000000001,0.5282120000000001,200904,-0.006909000000000054
LA-XE,200905,2,ensemble,reference_r1,0.7778129999999999,0.914529,200904,-0.13671600000000017
LA-XE,200906,3,ensemble,reference_r1,6.000155,6.096636999999999,200904,-0.09648199999999907
LA-XE,200907,1,ensemble,reference_r1,21.697365,24.476746,200907,-2.779380999999997
LA-XE,200908,2,ensemble,reference_r1,19.900986,21.667219000000003,200907,-1.7662330000000033
LA-XE,200909,3,ensemble,reference_r1,2.175114,3.888246000000001,200907,-1.7131320000000008
LA-XE,200910,1,ensemble,reference_r1,2.8904110000000003,2.7119560000000007,200910,0.1784549999999996
LA-XE,200911,2,ensemble,reference_r1,1.4292250000000006,2.768030999999999,200910,-1.3388059999999982
LA-XE,200912,3,ensemble,reference_r1,3.457492,6.376936000000001,200910,-2.919444000000001
LA-XI,200801,1,ensemble,reference_r1,0.0186029999999999,0.058534,200801,-0.039931000000000105
LA-XI,200802,2,ensemble,reference_r1,0.0216069999999999,0.0084209999999999,200801,0.013186
LA-XI,200803,3,ensemble,reference_r1,0.015337,0.011249,200801,0.004088
LA-XI,200804,1,ensemble,reference_r1,0.021458,0.000493,200804,0.020965
LA-XI,200805,2,ensemble,reference_r1,0.0228929999999999,0.0014669999999999,200804,0.021426
LA-XI,200806,3,ensemble,reference_r1,0.750843,0.908389,200804,-0.15754599999999996
LA-XI,200807,1,ensemble,reference_r1,0.113452,0.3627130000000003,200807,-0.2492610000000003
LA-XI,200808,2,ensemble,reference_r1,0.129527,0.3288770000000003,200807,-0.1993500000000003
LA-XI,200809,3,ensemble,reference_r1,0.1495409999999999,0.4311189999999998,200807,-0.2815779999999999
LA-XI,200810,1,ensemble,reference_r1,0.007192,0.011714,200810,-0.004522000000000001
LA-XI,200811,2,ensemble,reference_r1,0.0083599999999999,0.005372,200810,0.0029879999999999005
LA-XI,200812,3,ensemble,reference_r1,0.002202,0.000998,200810,0.001204
LA-XI,200901,1,ensemble,reference_r1,0.0466389999999999,0.002046,200901,0.044592999999999904
LA-XI,200902,2,ensemble,reference_r1,0.029392,0.001915,200901,0.027477
LA-XI,200903,3,ensemble,reference_r1,0.0408549999999999,0.001732,200901,0.0391229999999999
LA-XI,200904,1,ensemble,reference_r1,0.0479629999999999,0.0006,200904,0.0473629999999999
LA-XI,200905,2,ensemble,reference_r1,36.9488,38.915185,200904,-1.9663850000000025
LA-XI,200906,3,ensemble,reference_r1,31.721968,32.835918,200904,-1.113949999999999
LA-XI,200907,1,ensemble,reference_r1,3.0649379999999997,0.712966999999999,200907,2.3519710000000007
LA-XI,200908,2,ensemble,reference_r1,6.19609,6.842136999999999,200907,-0.6460469999999994
LA-XI,200909,3,ensemble,reference_r1,2.886633999999999,0.5378019999999992,200907,2.348832
LA-XI,200910,1,ensemble,reference_r1,0.215173,1.126802,200910,-0.911629
LA-XI,200911,2,ensemble,reference_r1,0.1882619999999999,0.345955,200910,-0.1576930000000001
LA-XI,200912,3,ensemble,reference_r1,0.1391429999999998,0.194381,200910,-0.055238000000000204
LA-AT,200801,1,ensemble,reference_r2,3.325916,2.732569,200801,0.5933470000000001
LA-AT,200802,2,ensemble,reference_r2,1.483591,1.3246790000000002,200801,0.15891199999999994
LA-AT,200803,3,ensemble,reference_r2,0.0340559999999999,0.073266,200801,-0.0392100000000001
LA-AT,200804,1,ensemble,reference_r2,0.0867650000000002,0.6135839999999999,200804,-0.5268189999999997
LA-AT,200805,2,ensemble,reference_r2,3.0217180000000003,1.506481,200804,1.5152370000000004
LA-AT,200806,3,ensemble,reference_r2,8.316646,3.5345829999999996,200804,4.782063000000001
LA-AT,200807,1,ensemble,reference_r2,2.625597999999999,3.6872529999999983,200807,-1.0616549999999991
LA-AT,200808,2,ensemble,reference_r2,5.223223000000001,6.996525999999996,200807,-1.773302999999995
LA-AT,200809,3,ensemble,reference_r2,15.963242,16.729951,200807,-0.7667090000000005
LA-AT,200810,1,ensemble,reference_r2,32.5282,30.764961999999997,200810,1.7632380000000012
LA-AT,200811,2,ensemble,reference_r2,31.752948999999997,35.007805,200810,-3.254856
LA-AT,200812,3,ensemble,reference_r2,12.820189,17.551071999999998,200810,-4.730882999999999
LA-AT,200901,1,ensemble,reference_r2,8.848504,7.860275,200901,0.9882290000000005
LA-AT,200902,2,ensemble,reference_r2,33.291547,36.350508000000005,200901,-3.0589610000000036
LA-AT,200903,3,ensemble,reference_r2,62.89455,55.842465,200901,7.052085000000005
LA-AT,200904,1,ensemble,reference_r2,57.282439999999994,41.085091,200904,16.197348999999996
LA-AT,200905,2,ensemble,reference_r2,7.993997999999998,75.08733200000002,200904,-67.09333400000003
LA-AT,200906,3,ensemble,reference_r2,13.996307000000002,42.586405,200904,-28.590097999999998
LA-AT,200907,1,ensemble,reference_r2,43.536574,48.265159,200907,-4.728584999999995
LA-AT,200908,2,ensemble,reference_r2,8.262708,14.891445999999998,200907,-6.6287379999999985
LA-AT,200909,3,ensemble,reference_r2,6.694088000000001,10.31458,200907,-3.6204919999999987
LA-AT,200910,1,ensemble,reference_r2,4.150596999999998,6.635116,200910,-2.4845190000000024
LA-AT,200911,2,ensemble,reference_r2,7.095370000000001,7.507289999999998,200910,-0.41191999999999673
LA-AT,200912,3,ensemble,reference_r2,3.667050999999999,4.687902000000001,200910,-1.0208510000000022
LA-BK,200801,1,ensemble,reference_r2,0.656509,0.954539,200801,-0.29803
LA-BK,200802,2,ensemble,reference_r2,0.044509,8.099999999999948e-05,200801,0.044428
LA-BK,200803,3,ensemble,reference_r2,0.05556,0.0,200801,0.05556
LA-BK,200804,1,ensemble,reference_r2,0.0636189999999999,0.0064339999999999,200804,0.057185
LA-BK,200805,2,ensemble,reference_r2,10.958623,11.569035,200804,-0.6104120000000002
LA-BK,200806,3,ensemble,reference_r2,51.265029,52.384108999999995,200804,-1.1190799999999967
LA-BK,200807,1,ensemble,reference_r2,4.13083,2.2706640000000036,200807,1.860165999999996
LA-BK,200808,2,ensemble,reference_r2,6.1359580000000005,5.959847,200807,0.17611100000000057
LA-BK,200809,3,ensemble,reference_r2,16.340614,22.101928000000008,200807,-5.761314000000009
LA-BK,200810,1,ensemble,reference_r2,31.547904000000003,22.333471000000003,200810,9.214433
LA-BK,200811,2,ensemble,reference_r2,39.953927,48.222352,200810,-8.268425
LA-BK,200812,3,ensemble,reference_r2,4.220537,2.87153,200810,1.3490070000000003
LA-BK,200901,1,ensemble,reference_r2,0.7935289999999999,0.4677450000000001,200901,0.32578399999999985
LA-BK,200902,2,ensemble,reference_r2,0.644285,0.3962050000000001,200901,0.2480799999999999
LA-BK,200903,3,ensemble,reference_r2,0.7884379999999998,0.933522,200901,-0.1450840000000002
LA-BK,200904,1,ensemble,reference_r2,1.8746699999999996,1.320925,200904,0.5537449999999997
LA-BK,200905,2,ensemble,reference_r2,68.73419,42.759021,200904,25.975169
LA-BK,200906,3,ensemble,reference_r2,204.611437,141.11375500000003,200904,63.49768199999997
LA-BK,200907,1,ensemble,reference_r2,112.919046,191.620972,200907,-78.701926
LA-BK,200908,2,ensemble,reference_r2,58.63334,91.07446,200907,-32.441120000000005
LA-BK,200909,3,ensemble,reference_r2,33.461614,40.553352,200907,-7.091737999999999
LA-BK,200910,1,ensemble,reference_r2,14.29144,19.136854000000007,200910,-4.845414000000007
LA-BK,200911,2,ensemble,reference_r2,7.354396999999999,15.062976,200910,-7.708579000000002
LA-BK,200912,3,ensemble,reference_r2,5.599042999999998,4.075866000000001,200910,1.523176999999997
LA-BL,200801,1,ensemble,reference_r2,4.827346000000001,5.359655,200801,-0.5323089999999988
LA-BL,200802,2,ensemble,reference_r2,2.9907209999999997,6.150571,200801,-3.1598500000000005
LA-BL,200803,3,ensemble,reference_r2,1.7747210000000004,0.394476,200801,1.3802450000000004
LA-BL,200804,1,ensemble,reference_r2,2.0335979999999996,2.360404,200804,-0.3268060000000004
LA-BL,200805,2,ensemble,reference_r2,5.727341999999998,5.702030000000001,200804,0.02531199999999778
LA-BL,200806,3,ensemble,reference_r2,8.020843,6.375101000000001,200804,1.6457419999999985
LA-BL,200807,1,ensemble,reference_r2,11.562967000000004,20.434535000000004,200807,-8.871568
LA-BL,200808,2,ensemble,reference_r2,11.551066000000002,20.866254999999995,200807,-9.315188999999993
LA-BL,200809,3,ensemble,reference_r2,11.188740000000005,18.410033,200807,-7.221292999999994
LA-BL,200810,1,ensemble,reference_r2,14.100391000000002,9.736277,200810,4.3641140000000025
LA-BL,200811,2,ensemble,reference_r2,5.4995829999999994,4.187096,200810,1.312486999999999
LA-BL,200812,3,ensemble,reference_r2,3.7800649999999982,0.9271869999999997,200810,2.8528779999999987
LA-BL,200901,1,ensemble,reference_r2,1.3446560000000003,0.7757599999999998,200901,0.5688960000000005
LA-BL,200902,2,ensemble,reference_r2,1.477722,1.53548,200901,-0.057757999999999976
LA-BL,200903,3,ensemble,reference_r2,1.933432,1.1992919999999998,200901,0.7341400000000002
LA-BL,200904,1,ensemble,reference_r2,2.0214219999999994,0.8170639999999998,200904,1.2043579999999996
LA-BL,200905,2,ensemble,reference_r2,7.250435,4.311576,200904,2.9388590000000008
LA-BL,200906,3,ensemble,reference_r2,8.149173999999999,4.386779999999998,200904,3.7623940000000005
LA-BL,200907,1,ensemble,reference_r2,12.10632,21.535006999999993,200907,-9.428686999999993
LA-BL,200908,2,ensemble,reference_r2,10.852954999999998,6.3194329999999965,200907,4.533522000000001
LA-BL,200909,3,ensemble,reference_r2,15.522771,4.892702,200907,10.630069
LA-BL,200910,1,ensemble,reference_r2,7.192321,5.708105999999999,200910,1.4842150000000007
LA-BL,200911,2,ensemble,reference_r2,5.451605000000001,2.6581410000000005,200910,2.793464
LA-BL,200912,3,ensemble,reference_r2,2.469061,0.701092,200910,1.767969
LA-CH,200801,1,ensemble,reference_r2,31.196128,30.495536000000005,200801,0.7005919999999968
LA-CH,200802,2,ensemble,reference_r2,42.616792,51.932333,200801,-9.315541000000003
LA-CH,200803,3,ensemble,reference_r2,44.606148,53.024849,200801,-8.418701000000006
LA-CH,200804,1,ensemble,reference_r2,23.371581,27.109195,200804,-3.7376140000000007
LA-CH,200805,2,ensemble,reference_r2,36.89201,42.276516000000015,200804,-5.384506000000016
LA-CH,200806,3,ensemble,reference_r2,136.13251100000002,117.65408200000002,200804,18.478429000000006
LA-CH,200807,1,ensemble,reference_r2,50.175275,96.33048300000002,200807,-46.155208000000016
LA-CH,200808,2,ensemble,reference_r2,50.18397199999998,87.57778300000001,200807,-37.39381100000003
LA-CH,200809,3,ensemble,reference_r2,51.608509,123.702545,200807,-72.094036
LA-CH,200810,1,ensemble,reference_r2,31.605476999999993,48.830247000000014,200810,-17.22477000000002
LA-CH,200811,2,ensemble,reference_r2,30.87862800000001,48.22720100000001,200810,-17.348573
LA-CH,200812,3,ensemble,reference_r2,29.355946000000003,34.91847799999999,200810,-5.56253199999999
LA-CH,200901,1,ensemble,reference_r2,12.376314999999998,9.665734,200901,2.7105809999999977
LA-CH,200902,2,ensemble,reference_r2,19.142681,22.653967,200901,-3.511286000000002
LA-CH,200903,3,ensemble,reference_r2,22.572248,20.102816,200901,2.4694319999999976
LA-CH,200904,1,ensemble,reference_r2,46.490778000000006,33.033232,200904,13.457546000000008
LA-CH,200905,2,ensemble,reference_r2,20.906093999999996,135.167233,200904,-114.26113900000001
LA-CH,200906,3,ensemble,reference_r2,41.69074099999999,95.93793399999998,200904,-54.247192999999996
LA-CH,200907,1,ensemble,reference_r2,35.01287099999999,81.25319499999989,200907,-46.2403239999999
LA-CH,200908,2,ensemble,reference_r2,33.65977699999999,65.83725499999997,200907,-32.17747799999998
LA-CH,200909,3,ensemble,reference_r2,33.97765000000001,66.02543000000003,200907,-32.04778000000002
LA-CH,200910,1,ensemble,reference_r2,23.888895000000005,20.221161,200910,3.6677340000000065
LA-CH,200911,2,ensemble,reference_r2,18.488135999999997,20.16615999999999,200910,-1.6780239999999935
LA-CH,200912,3,ensemble,reference_r2,18.516073999999996,12.356686999999994,200910,6.159387000000002
LA-HO,200801,1,ensemble,reference_r2,0.1291999999999999,0.0038829999999999,200801,0.125317
LA-HO,200802,2,ensemble,reference_r2,0.127531,0.001098,200801,0.12643300000000002
LA-HO,200803,3,ensemble,reference_r2,0.135912,0.0112309999999999,200801,0.1246810000000001
LA-HO,200804,1,ensemble,reference_r2,0.036478,0.02096,200804,0.015517999999999997
LA-HO,200805,2,ensemble,reference_r2,0.0287749999999999,0.009665,200804,0.0191099999999999
LA-HO,200806,3,ensemble,reference_r2,0.0896569999999999,0.0084759999999999,200804,0.081181
LA-HO,200807,1,ensemble,reference_r2,0.087817,0.272227,200807,-0.18441
LA-HO,200808,2,ensemble,reference_r2,0.0611779999999999,0.3132590000000004,200807,-0.2520810000000005
LA-HO,200809,3,ensemble,reference_r2,0.6944480000000001,0.7315330000000007,200807,-0.03708500000000059
LA-HO,200810,1,ensemble,reference_r2,0.121344,0.055426,200810,0.06591799999999999
LA-HO,200811,2,ensemble,reference_r2,0.093327,0.005048,200810,0.088279
LA-HO,200812,3,ensemble,reference_r2,0.431666,0.8837269999999999,200810,-0.45206099999999994
LA-HO,200901,1,ensemble,reference_r2,0.1527279999999999,0.0123189999999999,200901,0.140409
LA-HO,200902,2,ensemble,reference_r2,0.1645040000000001,0.0320229999999999,200901,0.13248100000000018
LA-HO,200903,3,ensemble,reference_r2,0.155239,0.0210299999999999,200901,0.13420900000000008
LA-HO,200904,1,ensemble,reference_r2,0.053406,0.004143,200904,0.049263
LA-HO,200905,2,ensemble,reference_r2,0.0654560000000001,0.012826,200904,0.05263000000000009
LA-HO,200906,3,ensemble,reference_r2,0.1065529999999999,0.034054,200904,0.0724989999999999
LA-HO,200907,1,ensemble,reference_r2,0.176015,0.3772890000000002,200907,-0.2012740000000002
LA-HO,200908,2,ensemble,reference_r2,0.088891,0.7485549999999996,200907,-0.6596639999999996
LA-HO,200909,3,ensemble,reference_r2,0.6369209999999998,0.8701270000000001,200907,-0.23320600000000025
LA-HO,200910,1,ensemble,reference_r2,0.4877250000000002,0.5723680000000001,200910,-0.08464299999999991
LA-HO,200911,2,ensemble,reference_r2,0.5078899999999997,0.716912,200910,-0.20902200000000026
LA-HO,200912,3,ensemble,reference_r2,0.4446300000000001,0.881888,200910,-0.4372579999999999
LA-KH,200801,1,ensemble,reference_r2,0.8199129999999997,0.7445469999999998,200801,0.07536599999999982
LA-KH,200802,2,ensemble,reference_r2,0.6248490000000011,0.064021,200801,0.5608280000000011
LA-KH,200803,3,ensemble,reference_r2,0.4709110000000001,0.0714459999999999,200801,0.3994650000000002
LA-KH,200804,1,ensemble,reference_r2,0.541296,0.805669,200804,-0.26437299999999997
LA-KH,200805,2,ensemble,reference_r2,1.976578,0.857321,200804,1.119257
LA-KH,200806,3,ensemble,reference_r2,4.877372000000001,2.9420319999999993,200804,1.9353400000000018
LA-KH,200807,1,ensemble,reference_r2,11.019311000000002,4.100326000000003,200807,6.918984999999999
LA-KH,200808,2,ensemble,reference_r2,10.220549000000004,5.2824700000000036,200807,4.938079
LA-KH,200809,3,ensemble,reference_r2,5.2262230000000045,5.631826000000004,200807,-0.40560299999999927
LA-KH,200810,1,ensemble,reference_r2,2.632657,0.7932429999999999,200810,1.839414
LA-KH,200811,2,ensemble,reference_r2,1.4965510000000002,1.6153939999999998,200810,-0.11884299999999959
LA-KH,200812,3,ensemble,reference_r2,2.045567,3.188564,200810,-1.1429969999999998
LA-KH,200901,1,ensemble,reference_r2,1.305142,0.061072,200901,1.24407
LA-KH,200902,2,ensemble,reference_r2,0.8526540000000011,0.0241739999999999,200901,0.8284800000000012
LA-KH,200903,3,ensemble,reference_r2,3.390772,4.5976349999999995,200901,-1.2068629999999994
LA-KH,200904,1,ensemble,reference_r2,1.23311,0.4204940000000001,200904,0.8126159999999998
LA-KH,200905,2,ensemble,reference_r2,3.219106,1.9809319999999997,200904,1.2381740000000003
LA-KH,200906,3,ensemble,reference_r2,49.622997999999995,64.05837199999999,200904,-14.435373999999996
LA-KH,200907,1,ensemble,reference_r2,81.74557999999999,115.68769099999996,200907,-33.94211099999997
LA-KH,200908,2,ensemble,reference_r2,204.378773,243.857579,200907,-39.47880599999999
LA-KH,200909,3,ensemble,reference_r2,191.254729,215.091153,200907,-23.836423999999994
LA-KH,200910,1,ensemble,reference_r2,43.96696299999999,40.69676199999998,200910,3.2702010000000143
LA-KH,200911,2,ensemble,reference_r2,39.621112,24.76266200000001,200910,14.858449999999987
LA-KH,200912,3,ensemble,reference_r2,41.514424,31.479818,200910,10.034605999999997
LA-LM,200801,1,ensemble,reference_r2,0.017015,9.99999999999994e-05,200801,0.016915
LA-LM,200802,2,ensemble,reference_r2,0.0286569999999999,4.900000000000043e-05,200801,0.0286079999999999
LA-LM,200803,3,ensemble,reference_r2,0.041325,8.999999999999894e-06,200801,0.041316
LA-LM,200804,1,ensemble,reference_r2,0.02976,0.0004089999999999,200804,0.029351000000000103
LA-LM,200805,2,ensemble,reference_r2,0.030315,0.002041,200804,0.028274
LA-LM,200806,3,ensemble,reference_r2,0.05262,0.0018209999999999,200804,0.0507990000000001
LA-LM,200807,1,ensemble,reference_r2,0.048775,1.0643770000000004,200807,-1.0156020000000003
LA-LM,200808,2,ensemble,reference_r2,0.0587440000000001,0.5001480000000011,200807,-0.441404000000001
LA-LM,200809,3,ensemble,reference_r2,0.053281,0.8728909999999992,200807,-0.8196099999999992
LA-LM,200810,1,ensemble,reference_r2,0.05876,0.0253579999999999,200810,0.0334020000000001
LA-LM,200811,2,ensemble,reference_r2,0.0144779999999999,0.0018589999999999,200810,0.012619
LA-LM,200812,3,ensemble,reference_r2,0.0023089999999999,0.0009049999999999,200810,0.001404
LA-LM,200901,1,ensemble,reference_r2,0.0468709999999999,6.399999999999982e-05,200901,0.0468069999999999
LA-LM,200902,2,ensemble,reference_r2,0.042794,0.000289,200901,0.042505
LA-LM,200903,3,ensemble,reference_r2,0.0601659999999999,0.00017,200901,0.0599959999999999
LA-LM,200904,1,ensemble,reference_r2,0.7657719999999999,0.94869,200904,-0.18291800000000014
LA-LM,200905,2,ensemble,reference_r2,0.052513,0.0036979999999999,200904,0.048815000000000094
LA-LM,200906,3,ensemble,reference_r2,1.6094050000000002,1.7639159999999998,200904,-0.15451099999999962
LA-LM,200907,1,ensemble,reference_r2,0.5265979999999999,1.017761,200907,-0.491163
LA-LM,200908,2,ensemble,reference_r2,0.4352,1.426221,200907,-0.9910209999999999
LA-LM,200909,3,ensemble,reference_r2,2.489028,2.325477000000001,200907,0.16355099999999867
LA-LM,200910,1,ensemble,reference_r2,2.406719,2.881639,200910,-0.47492
LA-LM,200911,2,ensemble,reference_r2,3.2874369999999997,4.380814,200910,-1.0933770000000003
LA-LM,200912,3,ensemble,reference_r2,1.7985350000000002,3.365638,200910,-1.567103
LA-LP,200801,1,ensemble,reference_r2,1.0086030000000008,0.864222,200801,0.14438100000000076
LA-LP,200802,2,ensemble,reference_r2,10.705016,14.622922,200801,-3.9179060000000003
LA-LP,200803,3,ensemble,reference_r2,15.789170000000002,20.453954,200801,-4.664783999999997
LA-LP,200804,1,ensemble,reference_r2,20.049219,13.718936,200804,6.330283000000001
LA-LP,200805,2,ensemble,reference_r2,94.876698,71.71427800000001,200804,23.162419999999997
LA-LP,200806,3,ensemble,reference_r2,120.317095,91.400738,200804,28.91635699999999
LA-LP,200807,1,ensemble,reference_r2,21.976953,10.051370000000002,200807,11.925583
LA-LP,200808,2,ensemble,reference_r2,23.89035800000001,8.370231000000004,200807,15.520127000000006
LA-LP,200809,3,ensemble,reference_r2,21.624414999999992,9.079065999999996,200807,12.545348999999996
LA-LP,200810,1,ensemble,reference_r2,10.627031000000002,17.864565,200810,-7.237533999999997
LA-LP,200811,2,ensemble,reference_r2,93.673417,109.065427,200810,-15.392009999999999
LA-LP,200812,3,ensemble,reference_r2,136.695584,157.555392,200810,-20.859808000000015
LA-LP,200901,1,ensemble,reference_r2,10.643307999999998,7.2554310000000015,200901,3.387876999999996
LA-LP,200902,2,ensemble,reference_r2,10.742096999999994,6.247680000000001,200901,4.494416999999993
LA-LP,200903,3,ensemble,reference_r2,10.484064000000004,14.475235,200901,-3.991170999999996
LA-LP,200904,1,ensemble,reference_r2,1.4254430000000005,11.344577000000005,200904,-9.919134000000003
LA-LP,200905,2,ensemble,reference_r2,2.7386549999999996,30.284835000000008,200904,-27.546180000000007
LA-LP,200906,3,ensemble,reference_r2,5.601093000000002,51.266073000000006,200904,-45.66498
LA-LP,200907,1,ensemble,reference_r2,9.597015,19.829588,200907,-10.232573
LA-LP,200908,2,ensemble,reference_r2,11.586986999999995,20.920720000000003,200907,-9.333733000000008
LA-LP,200909,3,ensemble,reference_r2,256.62571,274.242217,200907,-17.616506999999956
LA-LP,200910,1,ensemble,reference_r2,76.44409199999998,73.33034,200910,3.1137519999999768
LA-LP,200911,2,ensemble,reference_r2,50.18491900000001,35.217999,200910,14.966920000000009
LA-LP,200912,3,ensemble,reference_r2,28.285177000000004,5.385577,200910,22.899600000000007
LA-OU,200801,1,ensemble,reference_r2,0.0280199999999999,0.0006019999999999,200801,0.027417999999999998
LA-OU,200802,2,ensemble,reference_r2,0.023536,0.000144,200801,0.023392000000000003
LA-OU,200803,3,ensemble,reference_r2,0.026693,0.0001449999999999,200801,0.026548000000000103
LA-OU,200804,1,ensemble,reference_r2,0.0248039999999999,0.0016159999999999,200804,0.023188
LA-OU,200805,2,ensemble,reference_r2,0.032808,0.0065069999999999,200804,0.026301000000000095
LA-OU,200806,3,ensemble,reference_r2,0.044953,0.012515,200804,0.032438
LA-OU,200807,1,ensemble,reference_r2,0.0589,1.673562999999998,200807,-1.614662999999998
LA-OU,200808,2,ensemble,reference_r2,0.0655629999999999,1.117217,200807,-1.051654
LA-OU,200809,3,ensemble,reference_r2,0.0552509999999999,1.5918880000000009,200807,-1.536637000000001
LA-OU,200810,1,ensemble,reference_r2,0.0298539999999999,0.0277979999999999,200810,0.0020560000000000023
LA-OU,200811,2,ensemble,reference_r2,0.012961,0.003553,200810,0.009408
LA-OU,200812,3,ensemble,reference_r2,0.00465,0.0010979999999999,200810,0.0035520000000000993
LA-OU,200901,1,ensemble,reference_r2,0.0467969999999999,0.0002249999999999,200901,0.046572
LA-OU,200902,2,ensemble,reference_r2,0.0384039999999999,6.499999999999909e-05,200901,0.0383389999999999
LA-OU,200903,3,ensemble,reference_r2,0.0405249999999999,0.0004039999999999,200901,0.040121000000000004
LA-OU,200904,1,ensemble,reference_r2,0.0388979999999999,0.000458,200904,0.0384399999999999
LA-OU,200905,2,ensemble,reference_r2,0.071018,0.0054399999999999,200904,0.0655780000000001
LA-OU,200906,3,ensemble,reference_r2,0.064797,0.0142229999999999,200904,0.05057400000000009
LA-OU,200907,1,ensemble,reference_r2,0.0969689999999998,1.9850020000000017,200907,-1.8880330000000018
LA-OU,200908,2,ensemble,reference_r2,0.6640729999999999,2.865465999999998,200907,-2.2013929999999977
LA-OU,200909,3,ensemble,reference_r2,13.176556,8.683643999999997,200907,4.492912000000002
LA-OU,200910,1,ensemble,reference_r2,3.1906370000000006,2.262297,200910,0.9283400000000008
LA-OU,200911,2,ensemble,reference_r2,6.0961300000000005,8.739315000000001,200910,-2.643185000000001
LA-OU,200912,3,ensemble,reference_r2,9.551806,16.027116,200910,-6.47531
LA-PH,200901,1,ensemble,reference_r2,0.0356029999999999,0.010381,200901,0.025221999999999897
LA-PH,200902,2,ensemble,reference_r2,0.0368549999999999,0.0150659999999999,200901,0.021789000000000003
LA-PH,200903,3,ensemble,reference_r2,0.040794,0.0164999999999999,200901,0.024294000000000097
LA-PH,200904,1,ensemble,reference_r2,0.0407409999999999,0.0030599999999999,200904,0.037681
LA-PH,200905,2,ensemble,reference_r2,0.0494209999999999,0.010799,200904,0.038621999999999906
LA-PH,200906,3,ensemble,reference_r2,0.036868,0.027202,200904,0.009665999999999998
LA-PH,200907,1,ensemble,reference_r2,0.0668649999999999,0.1833019999999998,200907,-0.1164369999999999
LA-PH,200909,3,ensemble,reference_r2,0.0591190000000001,0.3112779999999997,200907,-0.25215899999999963
LA-PH,200910,1,ensemble,reference_r2,0.1062470000000002,0.0152059999999999,200910,0.0910410000000003
LA-PH,200911,2,ensemble,reference_r2,0.1040169999999998,0.01267,200910,0.0913469999999998
LA-PH,200912,3,ensemble,reference_r2,0.0794420000000002,0.001062,200910,0.07838000000000021
LA-SL,200801,1,ensemble,reference_r2,0.941525,1.0456119999999998,200801,-0.10408699999999982
LA-SL,200802,2,ensemble,reference_r2,0.9092409999999996,0.414529,200801,0.49471199999999965
LA-SL,200803,3,ensemble,reference_r2,2.244567,3.799716,200801,-1.5551490000000001
LA-SL,200804,1,ensemble,reference_r2,1.0481439999999995,1.0690889999999995,200804,-0.02094499999999999
LA-SL,200805,2,ensemble,reference_r2,90.429066,92.488938,200804,-2.0598719999999986
LA-SL,200806,3,ensemble,reference_r2,205.352522,187.262872,200804,18.089650000000006
LA-SL,200807,1,ensemble,reference_r2,41.646594,48.78674299999999,200807,-7.140148999999987
LA-SL,200808,2,ensemble,reference_r2,36.1767,38.631253000000015,200807,-2.4545530000000184
LA-SL,200809,3,ensemble,reference_r2,43.53553199999999,56.62572899999999,200807,-13.090197000000003
LA-SL,200810,1,ensemble,reference_r2,42.225391,37.748735,200810,4.476655999999998
LA-SL,200811,2,ensemble,reference_r2,12.200128000000005,7.083928,200810,5.1162000000000045
LA-SL,200812,3,ensemble,reference_r2,7.676627999999997,2.6424499999999993,200810,5.034177999999998
LA-SL,200901,1,ensemble,reference_r2,1.1638329999999997,1.283057,200901,-0.11922400000000022
LA-SL,200902,2,ensemble,reference_r2,17.599712999999998,18.99471,200901,-1.3949970000000036
LA-SL,200903,3,ensemble,reference_r2,18.007460000000002,12.544033999999998,200901,5.463426000000004
LA-SL,200904,1,ensemble,reference_r2,8.876152,6.620528,200904,2.255623999999999
LA-SL,200905,2,ensemble,reference_r2,84.29131699999999,38.404691,200904,45.88662599999999
LA-SL,200906,3,ensemble,reference_r2,21.047735000000003,32.06223299999999,200904,-11.014497999999989
LA-SL,200907,1,ensemble,reference_r2,113.600495,114.145739,200907,-0.5452440000000109
LA-SL,200908,2,ensemble,reference_r2,78.42733199999999,87.96150799999998,200907,-9.534175999999988
LA-SL,200909,3,ensemble,reference_r2,50.72779800000001,57.79920899999999,200907,-7.0714109999999835
LA-SL,200910,1,ensemble,reference_r2,40.348422,36.271739,200910,4.076683000000003
LA-SL,200911,2,ensemble,reference_r2,22.235935,17.818126,200910,4.417809000000002
LA-SL,200912,3,ensemble,reference_r2,12.587051,6.460138000000001,200910,6.126913
LA-SV,200801,1,ensemble,reference_r2,3.158859999999997,5.444440999999999,200801,-2.2855810000000023
LA-SV,200802,2,ensemble,reference_r2,1.7243829999999996,0.8866399999999999,200801,0.8377429999999997
LA-SV,200803,3,ensemble,reference_r2,2.8676030000000026,0.451657,200801,2.4159460000000026
LA-SV,200804,1,ensemble,reference_r2,4.266731,4.906604,200804,-0.6398729999999997
LA-SV,200805,2,ensemble,reference_r2,12.095531,5.819484000000001,200804,6.276046999999998
LA-SV,200806,3,ensemble,reference_r2,23.500411,31.45649499999999,200804,-7.95608399999999
LA-SV,200807,1,ensemble,reference_r2,37.22028800000001,23.64916000000005,200807,13.571127999999959
LA-SV,200808,2,ensemble,reference_r2,34.43881300000001,26.75584200000003,200807,7.682970999999981
LA-SV,200809,3,ensemble,reference_r2,35.948727000000005,25.80550100000005,200807,10.143225999999956
LA-SV,200810,1,ensemble,reference_r2,13.689954999999998,3.97766,200810,9.712294999999997
LA-SV,200811,2,ensemble,reference_r2,8.327965999999996,0.7989510000000002,200810,7.529014999999996
LA-SV,200812,3,ensemble,reference_r2,5.018979000000002,0.3231449999999999,200810,4.695834000000001
LA-SV,200901,1,ensemble,reference_r2,2.0620779999999996,0.071795,200901,1.9902829999999996
LA-SV,200902,2,ensemble,reference_r2,1.397700999999998,0.020818,200901,1.376882999999998
LA-SV,200903,3,ensemble,reference_r2,2.2557529999999986,0.1522919999999999,200901,2.1034609999999985
LA-SV,200904,1,ensemble,reference_r2,3.343243000000001,0.250846,200904,3.092397000000001
LA-SV,200905,2,ensemble,reference_r2,11.217890000000004,1.4172769999999997,200904,9.800613000000004
LA-SV,200906,3,ensemble,reference_r2,21.364160000000012,1.5069610000000004,200904,19.857199000000012
LA-SV,200907,1,ensemble,reference_r2,27.321764,30.662386999999967,200907,-3.3406229999999653
LA-SV,200908,2,ensemble,reference_r2,30.738711999999992,30.76234500000004,200907,-0.023633000000046422
LA-SV,200909,3,ensemble,reference_r2,30.33605899999999,37.724245,200907,-7.388186000000012
LA-SV,200910,1,ensemble,reference_r2,17.349317,7.314817999999999,200910,10.034499
LA-SV,200911,2,ensemble,reference_r2,13.619584000000003,13.378443,200910,0.2411410000000025
LA-SV,200912,3,ensemble,reference_r2,7.717061000000001,1.6980500000000005,200910,6.019011000000001
LA-VT,200801,1,ensemble,reference_r2,14.464391999999997,11.689757,200801,2.7746349999999964
LA-VT,200802,2,ensemble,reference_r2,10.878897000000002,4.667682,200801,6.211215000000002
LA-VT,200803,3,ensemble,reference_r2,11.417961999999996,18.237541,200801,-6.8195790000000045
LA-VT,200804,1,ensemble,reference_r2,19.802147,15.094431,200804,4.707716000000001
LA-VT,200805,2,ensemble,reference_r2,31.43949899999999,22.198068999999997,200804,9.241429999999994
LA-VT,200806,3,ensemble,reference_r2,50.887597,101.127471,200804,-50.239874
LA-VT,200807,1,ensemble,reference_r2,79.28503900000004,78.54241000000002,200807,0.7426290000000222
LA-VT,200808,2,ensemble,reference_r2,67.90060299999999,84.81655799999993,200807,-16.91595499999994
LA-VT,200809,3,ensemble,reference_r2,59.585115,93.17185599999992,200807,-33.58674099999992
LA-VT,200810,1,ensemble,reference_r2,51.71768300000001,36.00233899999999,200810,15.715344000000016
LA-VT,200811,2,ensemble,reference_r2,33.01191100000001,64.894551,200810,-31.882639999999995
LA-VT,200812,3,ensemble,reference_r2,26.202962999999997,54.026814,200810,-27.823851000000005
LA-VT,200901,1,ensemble,reference_r2,13.192190000000004,21.962053,200901,-8.769862999999997
LA-VT,200902,2,ensemble,reference_r2,8.657442000000003,13.122546,200901,-4.465103999999997
LA-VT,200903,3,ensemble,reference_r2,10.82479,5.846480999999999,200901,4.978309000000001
LA-VT,200904,1,ensemble,reference_r2,10.948777999999995,12.973296000000005,200904,-2.0245180000000094
LA-VT,200905,2,ensemble,reference_r2,23.804772,113.710575,200904,-89.905803
LA-VT,200906,3,ensemble,reference_r2,41.648917999999995,237.506582,200904,-195.857664
LA-VT,200907,1,ensemble,reference_r2,88.46700099999998,189.8490260000001,200907,-101.38202500000011
LA-VT,200908,2,ensemble,reference_r2,113.408048,206.70273199999997,200907,-93.29468399999998
LA-VT,200909,3,ensemble,reference_r2,166.28073600000002,272.97224400000005,200907,-106.69150800000003
LA-VT,200910,1,ensemble,reference_r2,145.77170399999997,205.366876,200910,-59.59517200000002
LA-VT,200911,2,ensemble,reference_r2,210.32734600000003,228.592663,200910,-18.265316999999953
LA-VT,200912,3,ensemble,reference_r2,150.051799,231.83302199999997,200910,-81.78122299999998
LA-XA,200801,1,ensemble,reference_r2,0.5909089999999999,1.0731100000000002,200801,-0.4822010000000003
LA-XA,200802,2,ensemble,reference_r2,0.6997629999999999,0.210026,200801,0.4897369999999999
LA-XA,200803,3,ensemble,reference_r2,0.92056,0.139015,200801,0.781545
LA-XA,200804,1,ensemble,reference_r2,1.2846130000000002,1.087943,200804,0.19667000000000012
LA-XA,200805,2,ensemble,reference_r2,2.1037539999999986,1.3733000000000004,200804,0.7304539999999982
LA-XA,200806,3,ensemble,reference_r2,6.801691999999999,2.502014,200804,4.299677999999999
LA-XA,200807,1,ensemble,reference_r2,10.472414999999998,10.80233100000001,200807,-0.3299160000000114
LA-XA,200808,2,ensemble,reference_r2,6.5908760000000015,4.795306999999994,200807,1.7955690000000075
LA-XA,200809,3,ensemble,reference_r2,5.017976000000001,3.0675570000000008,200807,1.9504190000000001
LA-XA,200810,1,ensemble,reference_r2,2.221806000000001,1.5871300000000002,200810,0.6346760000000007
LA-XA,200811,2,ensemble,reference_r2,1.3201160000000003,0.7547539999999999,200810,0.5653620000000004
LA-XA,200812,3,ensemble,reference_r2,1.0639769999999995,0.3914660000000001,200810,0.6725109999999994
LA-XA,200901,1,ensemble,reference_r2,0.5785089999999995,0.0828019999999999,200901,0.49570699999999956
LA-XA,200902,2,ensemble,reference_r2,0.686369,0.035375,200901,0.650994
LA-XA,200903,3,ensemble,reference_r2,0.7398280000000002,0.214829,200901,0.5249990000000002
LA-XA,200904,1,ensemble,reference_r2,1.4301760000000003,0.337177,200904,1.0929990000000003
LA-XA,200905,2,ensemble,reference_r2,2.566777000000002,1.240929,200904,1.325848000000002
LA-XA,200906,3,ensemble,reference_r2,8.782756999999997,5.269497,200904,3.5132599999999963
LA-XA,200907,1,ensemble,reference_r2,7.4363990000000015,7.643463999999995,200907,-0.20706499999999384
LA-XA,200908,2,ensemble,reference_r2,15.684335999999998,23.652629999999988,200907,-7.9682939999999896
LA-XA,200909,3,ensemble,reference_r2,5.064252,7.453452999999996,200907,-2.3892009999999964
LA-XA,200910,1,ensemble,reference_r2,2.9560129999999987,4.422632,200910,-1.4666190000000014
LA-XA,200911,2,ensemble,reference_r2,2.7991550000000007,2.474596,200910,0.3245590000000007
LA-XA,200912,3,ensemble,reference_r2,2.178697999999999,1.2573249999999998,200910,0.9213729999999991
LA-XE,200801,1,ensemble,reference_r2,0.188347,0.0218009999999999,200801,0.16654600000000008
LA-XE,200802,2,ensemble,reference_r2,0.1760039999999999,0.012725,200801,0.1632789999999999
LA-XE,200803,3,ensemble,reference_r2,0.114479,0.005561,200801,0.108918
LA-XE,200804,1,ensemble,reference_r2,0.081563,0.030751,200804,0.050811999999999996
LA-XE,200805,2,ensemble,reference_r2,0.0969649999999999,0.051755,200804,0.045209999999999896
LA-XE,200806,3,ensemble,reference_r2,3.3358929999999996,3.862645,200804,-0.5267520000000006
LA-XE,200807,1,ensemble,reference_r2,0.8230489999999999,0.4080139999999996,200807,0.4150350000000003
LA-XE,200808,2,ensemble,reference_r2,0.7587229999999998,0.4500960000000003,200807,0.30862699999999954
LA-XE,200809,3,ensemble,reference_r2,0.7694469999999998,0.6479249999999999,200807,0.12152199999999991
LA-XE,200810,1,ensemble,reference_r2,0.303693,0.049727,200810,0.25396599999999997
LA-XE,200811,2,ensemble,reference_r2,0.1703699999999999,0.0155099999999999,200810,0.15486
LA-XE,200812,3,ensemble,reference_r2,0.4663,0.868803,200810,-0.402503
LA-XE,200901,1,ensemble,reference_r2,0.1920480000000001,0.005179,200901,0.18686900000000012
LA-XE,200902,2,ensemble,reference_r2,1.079126,1.835477,200901,-0.756351
LA-XE,200903,3,ensemble,reference_r2,1.2292260000000002,1.764863,200901,-0.5356369999999999
LA-XE,200904,1,ensemble,reference_r2,0.5213030000000001,0.4672109999999999,200904,0.054092000000000195
LA-XE,200905,2,ensemble,reference_r2,0.7778129999999999,0.8595459999999999,200904,-0.08173300000000006
LA-XE,200906,3,ensemble,reference_r2,6.000155,5.9161459999999995,200904,0.08400900000000089
LA-XE,200907,1,ensemble,reference_r2,21.697365,25.394755,200907,-3.6973899999999986
LA-XE,200908,2,ensemble,reference_r2,19.900986,22.176722,200907,-2.275736000000002
LA-XE,200909,3,ensemble,reference_r2,2.175114,4.178295,200907,-2.003181
LA-XE,200910,1,ensemble,reference_r2,2.8904110000000003,2.9374319999999994,200910,-0.04702099999999909
LA-XE,200911,2,ensemble,reference_r2,1.4292250000000006,10.548491000000006,200910,-9.119266000000005
LA-XE,200912,3,ensemble,reference_r2,3.457492,9.168519000000003,200910,-5.711027000000003
LA-XI,200801,1,ensemble,reference_r2,0.0186029999999999,0.0004439999999999,200801,0.018159
LA-XI,200802,2,ensemble,reference_r2,0.0216069999999999,5.299999999999923e-05,200801,0.0215539999999999
LA-XI,200803,3,ensemble,reference_r2,0.015337,0.0002599999999999,200801,0.0150770000000001
LA-XI,200804,1,ensemble,reference_r2,0.021458,0.00102,200804,0.020438
LA-XI,200805,2,ensemble,reference_r2,0.0228929999999999,0.000821,200804,0.0220719999999999
LA-XI,200806,3,ensemble,reference_r2,0.750843,0.933181,200804,-0.182338
LA-XI,200807,1,ensemble,reference_r2,0.113452,0.346756,200807,-0.233304
LA-XI,200808,2,ensemble,reference_r2,0.129527,0.3214660000000009,200807,-0.19193900000000091
LA-XI,200809,3,ensemble,reference_r2,0.1495409999999999,0.3854030000000001,200807,-0.2358620000000002
LA-XI,200810,1,ensemble,reference_r2,0.007192,0.01438,200810,-0.007188000000000001
LA-XI,200811,2,ensemble,reference_r2,0.0083599999999999,0.0026289999999999,200810,0.005731
LA-XI,200812,3,ensemble,reference_r2,0.002202,0.001548,200810,0.0006540000000000001
LA-XI,200901,1,ensemble,reference_r2,0.0466389999999999,0.0008039999999999,200901,0.045835
LA-XI,200902,2,ensemble,reference_r2,0.029392,0.00271,200901,0.026682
LA-XI,200903,3,ensemble,reference_r2,0.0408549999999999,0.002221,200901,0.0386339999999999
LA-XI,200904,1,ensemble,reference_r2,0.0479629999999999,0.0007349999999999,200904,0.047228
LA-XI,200905,2,ensemble,reference_r2,36.9488,38.950457,200904,-2.0016570000000016
LA-XI,200906,3,ensemble,reference_r2,31.721968,32.819494,200904,-1.0975259999999984
LA-XI,200907,1,ensemble,reference_r2,3.0649379999999997,0.6735409999999993,200907,2.3913970000000004
LA-XI,200908,2,ensemble,reference_r2,6.19609,7.147765000000001,200907,-0.9516750000000007
LA-XI,200909,3,ensemble,reference_r2,2.886633999999999,0.4093920000000004,200907,2.4772419999999986
LA-XI,200910,1,ensemble,reference_r2,0.215173,0.8393410000000001,200910,-0.6241680000000001
LA-XI,200911,2,ensemble,reference_r2,0.1882619999999999,0.3995899999999999,200910,-0.211328
LA-XI,200912,3,ensemble,reference_r2,0.1391429999999998,0.165825,200910,-0.026682000000000206
LA-AT,200801,1,ensemble,reference_r3,3.325916,2.8753360000000003,200801,0.45057999999999954
LA-AT,200802,2,ensemble,reference_r3,1.483591,1.246732,200801,0.23685900000000015
LA-AT,200803,3,ensemble,reference_r3,0.0340559999999999,0.0776459999999999,200801,-0.04359
LA-AT,200804,1,ensemble,reference_r3,0.0867650000000002,0.601259,200804,-0.5144939999999998
LA-AT,200805,2,ensemble,reference_r3,3.0217180000000003,1.535256,200804,1.4864620000000004
LA-AT,200806,3,ensemble,reference_r3,8.316646,3.591926,200804,4.7247200000000005
LA-AT,200807,1,ensemble,reference_r3,2.625597999999999,3.479008999999998,200807,-0.8534109999999986
LA-AT,200808,2,ensemble,reference_r3,5.223223000000001,6.760175000000004,200807,-1.536952000000003
LA-AT,200809,3,ensemble,reference_r3,15.963242,16.802501,200807,-0.8392590000000002
LA-AT,200810,1,ensemble,reference_r3,32.5282,32.246725,200810,0.28147500000000036
LA-AT,200811,2,ensemble,reference_r3,31.752948999999997,35.932750999999996,200810,-4.179801999999999
LA-AT,200812,3,ensemble,reference_r3,12.820189,16.63512,200810,-3.8149310000000014
LA-AT,200901,1,ensemble,reference_r3,8.848504,8.237484,200901,0.6110199999999999
LA-AT,200902,2,ensemble,reference_r3,33.291547,39.309762,200901,-6.018214999999998
LA-AT,200903,3,ensemble,reference_r3,62.89455,59.094952,200901,3.799598000000003
LA-AT,200904,1,ensemble,reference_r3,57.282439999999994,40.706911,200904,16.575528999999996
LA-AT,200905,2,ensemble,reference_r3,7.993997999999998,78.635321,200904,-70.641323
LA-AT,200906,3,ensemble,reference_r3,13.996307000000002,41.160718,200904,-27.164411
LA-AT,200907,1,ensemble,reference_r3,43.536574,47.41860899999999,200907,-3.8820349999999877
LA-AT,200908,2,ensemble,reference_r3,8.262708,14.600046,200907,-6.337338000000001
LA-AT,200909,3,ensemble,reference_r3,6.694088000000001,10.81738,200907,-4.123291999999999
LA-AT,200910,1,ensemble,reference_r3,4.150596999999998,6.874393000000001,200910,-2.7237960000000037
LA-AT,200911,2,ensemble,reference_r3,7.095370000000001,5.902303999999999,200910,1.1930660000000017
LA-AT,200912,3,ensemble,reference_r3,3.667050999999999,5.843610999999999,200910,-2.1765600000000003
LA-BK,200801,1,ensemble,reference_r3,0.656509,0.960401,200801,-0.30389199999999994
LA-BK,200802,2,ensemble,reference_r3,0.044509,9.99999999999994e-05,200801,0.044409000000000004
LA-BK,200803,3,ensemble,reference_r3,0.05556,6.399999999999982e-05,200801,0.055496
LA-BK,200804,1,ensemble,reference_r3,0.0636189999999999,0.0042849999999999,200804,0.059334
LA-BK,200805,2,ensemble,reference_r3,10.958623,11.582519,200804,-0.6238960000000002
LA-BK,200806,3,ensemble,reference_r3,51.265029,52.399882,200804,-1.1348529999999997
LA-BK,200807,1,ensemble,reference_r3,4.13083,1.9540170000000003,200807,2.176812999999999
LA-BK,200808,2,ensemble,reference_r3,6.1359580000000005,5.780802000000001,200807,0.35515599999999914
LA-BK,200809,3,ensemble,reference_r3,16.340614,21.504078999999997,200807,-5.163464999999999
LA-BK,200810,1,ensemble,reference_r3,31.547904000000003,23.83023399999999,200810,7.7176700000000125
LA-BK,200811,2,ensemble,reference_r3,39.953927,47.70185,200810,-7.747923
LA-BK,200812,3,ensemble,reference_r3,4.220537,2.83385,200810,1.3866870000000002
LA-BK,200901,1,ensemble,reference_r3,0.7935289999999999,0.4965379999999999,200901,0.296991
LA-BK,200902,2,ensemble,reference_r3,0.644285,0.2767909999999999,200901,0.3674940000000001
LA-BK,200903,3,ensemble,reference_r3,0.7884379999999998,0.6053459999999999,200901,0.1830919999999998
LA-BK,200904,1,ensemble,reference_r3,1.8746699999999996,1.3619459999999997,200904,0.512724
LA-BK,200905,2,ensemble,reference_r3,68.73419,43.735017,200904,24.999173
LA-BK,200906,3,ensemble,reference_r3,204.611437,141.527765,200904,63.08367200000001
LA-BK,200907,1,ensemble,reference_r3,112.919046,187.716271,200907,-74.79722500000001
LA-BK,200908,2,ensemble,reference_r3,58.63334,90.502417,200907,-31.869076999999997
LA-BK,200909,3,ensemble,reference_r3,33.461614,39.515868000000005,200907,-6.054254000000007
LA-BK,200910,1,ensemble,reference_r3,14.29144,19.52218,200910,-5.230739999999999
LA-BK,200911,2,ensemble,reference_r3,7.354396999999999,10.895572999999995,200910,-3.5411759999999965
LA-BK,200912,3,ensemble,reference_r3,5.599042999999998,4.915691999999998,200910,0.683351
LA-BL,200801,1,ensemble,reference_r3,4.827346000000001,5.18305,200801,-0.35570399999999847
LA-BL,200802,2,ensemble,reference_r3,2.9907209999999997,5.874608,200801,-2.8838870000000005
LA-BL,200803,3,ensemble,reference_r3,1.7747210000000004,0.4283490000000001,200801,1.3463720000000003
LA-BL,200804,1,ensemble,reference_r3,2.0335979999999996,1.9400239999999993,200804,0.09357400000000027
LA-BL,200805,2,ensemble,reference_r3,5.727341999999998,5.472131,200804,0.2552109999999983
LA-BL,200806,3,ensemble,reference_r3,8.020843,6.173449999999999,200804,1.8473930000000003
LA-BL,200807,1,ensemble,reference_r3,11.562967000000004,19.558330999999995,200807,-7.9953639999999915
LA-BL,200808,2,ensemble,reference_r3,11.551066000000002,20.416618,200807,-8.865551999999997
LA-BL,200809,3,ensemble,reference_r3,11.188740000000005,17.84726899999999,200807,-6.6585289999999855
LA-BL,200810,1,ensemble,reference_r3,14.100391000000002,10.061753000000005,200810,4.038637999999997
LA-BL,200811,2,ensemble,reference_r3,5.4995829999999994,4.1664129999999995,200810,1.33317
LA-BL,200812,3,ensemble,reference_r3,3.7800649999999982,0.8339029999999998,200810,2.9461619999999984
LA-BL,200901,1,ensemble,reference_r3,1.3446560000000003,0.7139660000000001,200901,0.6306900000000002
LA-BL,200902,2,ensemble,reference_r3,1.477722,1.766136,200901,-0.28841399999999995
LA-BL,200903,3,ensemble,reference_r3,1.933432,1.0953679999999997,200901,0.8380640000000004
LA-BL,200904,1,ensemble,reference_r3,2.0214219999999994,0.8668159999999996,200904,1.1546059999999998
LA-BL,200905,2,ensemble,reference_r3,7.250435,4.2568209999999995,200904,2.993614000000001
LA-BL,200906,3,ensemble,reference_r3,8.149173999999999,5.676874999999999,200904,2.4722989999999996
LA-BL,200907,1,ensemble,reference_r3,12.10632,21.06193200000001,200907,-8.95561200000001
LA-BL,200908,2,ensemble,reference_r3,10.852954999999998,5.561838000000002,200907,5.291116999999996
LA-BL,200909,3,ensemble,reference_r3,15.522771,4.8732809999999915,200907,10.649490000000009
LA-BL,200910,1,ensemble,reference_r3,7.192321,4.983514999999999,200910,2.208806000000001
LA-BL,200911,2,ensemble,reference_r3,5.451605000000001,1.770201,200910,3.6814040000000006
LA-BL,200912,3,ensemble,reference_r3,2.469061,0.7687080000000002,200910,1.7003529999999998
LA-CH,200801,1,ensemble,reference_r3,31.196128,29.97579,200801,1.2203380000000017
LA-CH,200802,2,ensemble,reference_r3,42.616792,41.13403100000001,200801,1.4827609999999893
LA-CH,200803,3,ensemble,reference_r3,44.606148,50.801792000000006,200801,-6.195644000000009
LA-CH,200804,1,ensemble,reference_r3,23.371581,32.135726000000005,200804,-8.764145000000006
LA-CH,200805,2,ensemble,reference_r3,36.89201,47.55250800000002,200804,-10.660498000000018
LA-CH,200806,3,ensemble,reference_r3,136.13251100000002,113.044825,200804,23.08768600000002
LA-CH,200807,1,ensemble,reference_r3,50.175275,96.510088,200807,-46.334813
LA-CH,200808,2,ensemble,reference_r3,50.18397199999998,87.92616499999997,200807,-37.742192999999986
LA-CH,200809,3,ensemble,reference_r3,51.608509,118.39549899999996,200807,-66.78698999999996
LA-CH,200810,1,ensemble,reference_r3,31.605476999999993,50.73405599999998,200810,-19.128578999999988
LA-CH,200811,2,ensemble,reference_r3,30.87862800000001,48.414728999999994,200810,-17.536100999999984
LA-CH,200812,3,ensemble,reference_r3,29.355946000000003,34.790358999999995,200810,-5.434412999999992
LA-CH,200901,1,ensemble,reference_r3,12.376314999999998,9.474019000000002,200901,2.902295999999996
LA-CH,200902,2,ensemble,reference_r3,19.142681,26.524021000000005,200901,-7.381340000000005
LA-CH,200903,3,ensemble,reference_r3,22.572248,21.183761,200901,1.3884869999999978
LA-CH,200904,1,ensemble,reference_r3,46.490778000000006,32.951474000000005,200904,13.539304000000001
LA-CH,200905,2,ensemble,reference_r3,20.906093999999996,136.27215,200904,-115.36605600000001
LA-CH,200906,3,ensemble,reference_r3,41.69074099999999,94.285319,200904,-52.59457800000001
LA-CH,200907,1,ensemble,reference_r3,35.01287099999999,69.004549,200907,-33.99167800000001
LA-CH,200908,2,ensemble,reference_r3,33.65977699999999,63.25608699999998,200907,-29.59630999999999
LA-CH,200909,3,ensemble,reference_r3,33.97765000000001,58.90093500000003,200907,-24.92328500000002
LA-CH,200910,1,ensemble,reference_r3,23.888895000000005,19.894447,200910,3.9944480000000055
LA-CH,200911,2,ensemble,reference_r3,18.488135999999997,12.661603,200910,5.826532999999998
LA-CH,200912,3,ensemble,reference_r3,18.516073999999996,13.921396000000009,200910,4.594677999999988
LA-HO,200801,1,ensemble,reference_r3,0.1291999999999999,0.003089,200801,0.1261109999999999
LA-HO,200802,2,ensemble,reference_r3,0.127531,0.0009869999999999,200801,0.1265440000000001
LA-HO,200803,3,ensemble,reference_r3,0.135912,0.0107299999999999,200801,0.1251820000000001
LA-HO,200804,1,ensemble,reference_r3,0.036478,0.0118,200804,0.024678
LA-HO,200805,2,ensemble,reference_r3,0.0287749999999999,0.0110169999999999,200804,0.017758000000000003
LA-HO,200806,3,ensemble,reference_r3,0.0896569999999999,0.0080689999999999,200804,0.08158800000000001
LA-HO,200807,1,ensemble,reference_r3,0.087817,0.3878019999999988,200807,-0.29998499999999884
LA-HO,200808,2,ensemble,reference_r3,0.0611779999999999,0.4517649999999999,200807,-0.390587
LA-HO,200809,3,ensemble,reference_r3,0.6944480000000001,0.7392309999999993,200807,-0.04478299999999924
LA-HO,200810,1,ensemble,reference_r3,0.121344,0.056651,200810,0.064693
LA-HO,200811,2,ensemble,reference_r3,0.093327,0.0055189999999999,200810,0.0878080000000001
LA-HO,200812,3,ensemble,reference_r3,0.431666,0.906372,200810,-0.47470599999999996
LA-HO,200901,1,ensemble,reference_r3,0.1527279999999999,0.012274,200901,0.14045399999999988
LA-HO,200902,2,ensemble,reference_r3,0.1645040000000001,0.030451,200901,0.1340530000000001
LA-HO,200903,3,ensemble,reference_r3,0.155239,0.023454,200901,0.13178499999999999
LA-HO,200904,1,ensemble,reference_r3,0.053406,0.0050609999999999,200904,0.0483450000000001
LA-HO,200905,2,ensemble,reference_r3,0.0654560000000001,0.0089839999999999,200904,0.056472000000000196
LA-HO,200906,3,ensemble,reference_r3,0.1065529999999999,0.0291629999999999,200904,0.07739
LA-HO,200907,1,ensemble,reference_r3,0.176015,0.3831220000000002,200907,-0.20710700000000018
LA-HO,200908,2,ensemble,reference_r3,0.088891,0.7234189999999998,200907,-0.6345279999999998
LA-HO,200909,3,ensemble,reference_r3,0.6369209999999998,0.825012000000001,200907,-0.18809100000000112
LA-HO,200910,1,ensemble,reference_r3,0.4877250000000002,0.568589,200910,-0.08086399999999982
LA-HO,200911,2,ensemble,reference_r3,0.5078899999999997,0.8138890000000001,200910,-0.30599900000000035
LA-HO,200912,3,ensemble,reference_r3,0.4446300000000001,0.876261,200910,-0.4316309999999999
LA-KH,200801,1,ensemble,reference_r3,0.8199129999999997,0.8064630000000002,200801,0.013449999999999518
LA-KH,200802,2,ensemble,reference_r3,0.6248490000000011,0.0926319999999999,200801,0.5322170000000012
LA-KH,200803,3,ensemble,reference_r3,0.4709110000000001,0.0843749999999999,200801,0.3865360000000002
LA-KH,200804,1,ensemble,reference_r3,0.541296,0.686204,200804,-0.14490800000000004
LA-KH,200805,2,ensemble,reference_r3,1.976578,0.8488650000000002,200804,1.1277129999999997
LA-KH,200806,3,ensemble,reference_r3,4.877372000000001,2.841744000000001,200804,2.035628
LA-KH,200807,1,ensemble,reference_r3,11.019311000000002,4.2249009999999885,200807,6.794410000000013
LA-KH,200808,2,ensemble,reference_r3,10.220549000000004,4.712040999999999,200807,5.508508000000004
LA-KH,200809,3,ensemble,reference_r3,5.2262230000000045,5.051953999999995,200807,0.17426900000000956
LA-KH,200810,1,ensemble,reference_r3,2.632657,0.7567719999999998,200810,1.8758850000000002
LA-KH,200811,2,ensemble,reference_r3,1.4965510000000002,1.688117,200810,-0.1915659999999999
LA-KH,200812,3,ensemble,reference_r3,2.045567,3.268253,200810,-1.222686
LA-KH,200901,1,ensemble,reference_r3,1.305142,0.08488,200901,1.220262
LA-KH,200902,2,ensemble,reference_r3,0.8526540000000011,0.020025,200901,0.8326290000000012
LA-KH,200903,3,ensemble,reference_r3,3.390772,4.762649,200901,-1.3718769999999996
LA-KH,200904,1,ensemble,reference_r3,1.23311,0.4158919999999999,200904,0.817218
LA-KH,200905,2,ensemble,reference_r3,3.219106,1.908949,200904,1.310157
LA-KH,200906,3,ensemble,reference_r3,49.622997999999995,64.669179,200904,-15.046181000000004
LA-KH,200907,1,ensemble,reference_r3,81.74557999999999,115.283637,200907,-33.53805700000001
LA-KH,200908,2,ensemble,reference_r3,204.378773,241.09763300000003,200907,-36.718860000000035
LA-KH,200909,3,ensemble,reference_r3,191.254729,218.77734399999997,200907,-27.522614999999973
LA-KH,200910,1,ensemble,reference_r3,43.96696299999999,44.917058999999995,200910,-0.950096000000002
LA-KH,200911,2,ensemble,reference_r3,39.621112,19.835632000000004,200910,19.785479999999993
LA-KH,200912,3,ensemble,reference_r3,41.514424,28.204306000000003,200910,13.310117999999996
LA-LM,200801,1,ensemble,reference_r3,0.017015,8.099999999999948e-05,200801,0.016933999999999998
LA-LM,200802,2,ensemble,reference_r3,0.0286569999999999,1.600000000000039e-05,200801,0.028640999999999903
LA-LM,200803,3,ensemble,reference_r3,0.041325,1.600000000000039e-05,200801,0.041309
LA-LM,200804,1,ensemble,reference_r3,0.02976,0.0002649999999999,200804,0.0294950000000001
LA-LM,200805,2,ensemble,reference_r3,0.030315,0.0011089999999999,200804,0.0292060000000001
LA-LM,200806,3,ensemble,reference_r3,0.05262,0.0012619999999999,200804,0.0513580000000001
LA-LM,200807,1,ensemble,reference_r3,0.048775,0.8339110000000005,200807,-0.7851360000000005
LA-LM,200808,2,ensemble,reference_r3,0.0587440000000001,0.3847849999999999,200807,-0.3260409999999998
LA-LM,200809,3,ensemble,reference_r3,0.053281,0.6501090000000005,200807,-0.5968280000000005
LA-LM,200810,1,ensemble,reference_r3,0.05876,0.0265849999999999,200810,0.0321750000000001
LA-LM,200811,2,ensemble,reference_r3,0.0144779999999999,0.005526,200810,0.008951999999999901
LA-LM,200812,3,ensemble,reference_r3,0.0023089999999999,0.0009859999999999,200810,0.0013230000000000002
LA-LM,200901,1,ensemble,reference_r3,0.0468709999999999,0.0001969999999999,200901,0.046674
LA-LM,200902,2,ensemble,reference_r3,0.042794,0.0001209999999999,200901,0.0426730000000001
LA-LM,200903,3,ensemble,reference_r3,0.0601659999999999,0.0001209999999999,200901,0.060045
LA-LM,200904,1,ensemble,reference_r3,0.7657719999999999,0.944804,200904,-0.17903200000000008
LA-LM,200905,2,ensemble,reference_r3,0.052513,0.0039539999999999,200904,0.048559000000000095
LA-LM,200906,3,ensemble,reference_r3,1.6094050000000002,1.75413,200904,-0.14472499999999977
LA-LM,200907,1,ensemble,reference_r3,0.5265979999999999,0.8859680000000001,200907,-0.3593700000000002
LA-LM,200908,2,ensemble,reference_r3,0.4352,1.03716,200907,-0.60196
LA-LM,200909,3,ensemble,reference_r3,2.489028,2.293685,200907,0.19534299999999982
LA-LM,200910,1,ensemble,reference_r3,2.406719,2.7676549999999995,200910,-0.3609359999999997
LA-LM,200911,2,ensemble,reference_r3,3.2874369999999997,4.8913210000000005,200910,-1.6038840000000008
LA-LM,200912,3,ensemble,reference_r3,1.7985350000000002,3.310133,200910,-1.5115979999999998
LA-LP,200801,1,ensemble,reference_r3,1.0086030000000008,0.879527,200801,0.12907600000000086
LA-LP,200802,2,ensemble,reference_r3,10.705016,14.218008,200801,-3.512991999999999
LA-LP,200803,3,ensemble,reference_r3,15.789170000000002,20.426416,200801,-4.6372459999999975
LA-LP,200804,1,ensemble,reference_r3,20.049219,13.850242,200804,6.198977000000001
LA-LP,200805,2,ensemble,reference_r3,94.876698,74.267398,200804,20.609300000000005
LA-LP,200806,3,ensemble,reference_r3,120.317095,93.449751,200804,26.86734399999999
LA-LP,200807,1,ensemble,reference_r3,21.976953,10.343443,200807,11.633510000000001
LA-LP,200808,2,ensemble,reference_r3,23.89035800000001,8.370263999999999,200807,15.520094000000011
LA-LP,200809,3,ensemble,reference_r3,21.624414999999992,9.173119,200807,12.451295999999992
LA-LP,200810,1,ensemble,reference_r3,10.627031000000002,17.079786,200810,-6.452754999999996
LA-LP,200811,2,ensemble,reference_r3,93.673417,108.744804,200810,-15.071387000000001
LA-LP,200812,3,ensemble,reference_r3,136.695584,158.02091299999998,200810,-21.325328999999982
LA-LP,200901,1,ensemble,reference_r3,10.643307999999998,8.390830999999999,200901,2.252476999999999
LA-LP,200902,2,ensemble,reference_r3,10.742096999999994,4.821031,200901,5.921065999999994
LA-LP,200903,3,ensemble,reference_r3,10.484064000000004,11.424651,200901,-0.9405869999999972
LA-LP,200904,1,ensemble,reference_r3,1.4254430000000005,11.263314,200904,-9.837871
LA-LP,200905,2,ensemble,reference_r3,2.7386549999999996,25.571546000000005,200904,-22.832891000000004
LA-LP,200906,3,ensemble,reference_r3,5.601093000000002,50.20542499999999,200904,-44.604331999999985
LA-LP,200907,1,ensemble,reference_r3,9.597015,20.618247000000004,200907,-11.021232000000003
LA-LP,200908,2,ensemble,reference_r3,11.586986999999995,21.64074,200907,-10.053753000000006
LA-LP,200909,3,ensemble,reference_r3,256.62571,279.070114,200907,-22.444403999999963
LA-LP,200910,1,ensemble,reference_r3,76.44409199999998,68.71068799999999,200910,7.733403999999993
LA-LP,200911,2,ensemble,reference_r3,50.18491900000001,42.588798999999995,200910,7.596120000000013
LA-LP,200912,3,ensemble,reference_r3,28.285177000000004,6.369770999999998,200910,21.915406000000004
LA-OU,200801,1,ensemble,reference_r3,0.0280199999999999,0.000841,200801,0.027178999999999898
LA-OU,200802,2,ensemble,reference_r3,0.023536,0.00017,200801,0.023366
LA-OU,200803,3,ensemble,reference_r3,0.026693,1.600000000000039e-05,200801,0.026677
LA-OU,200804,1,ensemble,reference_r3,0.0248039999999999,0.002526,200804,0.0222779999999999
LA-OU,200805,2,ensemble,reference_r3,0.032808,0.0069599999999999,200804,0.025848000000000097
LA-OU,200806,3,ensemble,reference_r3,0.044953,0.014297,200804,0.030656
LA-OU,200807,1,ensemble,reference_r3,0.0589,1.864627999999996,200807,-1.805727999999996
LA-OU,200808,2,ensemble,reference_r3,0.0655629999999999,0.9577130000000018,200807,-0.8921500000000019
LA-OU,200809,3,ensemble,reference_r3,0.0552509999999999,1.3580059999999996,200807,-1.3027549999999997
LA-OU,200810,1,ensemble,reference_r3,0.0298539999999999,0.0342379999999999,200810,-0.004383999999999999
LA-OU,200811,2,ensemble,reference_r3,0.012961,0.0043929999999999,200810,0.0085680000000001
LA-OU,200812,3,ensemble,reference_r3,0.00465,0.000538,200810,0.004111999999999999
LA-OU,200901,1,ensemble,reference_r3,0.0467969999999999,0.000122,200901,0.046674999999999904
LA-OU,200902,2,ensemble,reference_r3,0.0384039999999999,0.000144,200901,0.0382599999999999
LA-OU,200903,3,ensemble,reference_r3,0.0405249999999999,0.0004419999999999,200901,0.040083
LA-OU,200904,1,ensemble,reference_r3,0.0388979999999999,0.0007929999999999,200904,0.038105
LA-OU,200905,2,ensemble,reference_r3,0.071018,0.005594,200904,0.065424
LA-OU,200906,3,ensemble,reference_r3,0.064797,0.0181969999999999,200904,0.04660000000000009
LA-OU,200907,1,ensemble,reference_r3,0.0969689999999998,1.8353520000000003,200907,-1.7383830000000005
LA-OU,200908,2,ensemble,reference_r3,0.6640729999999999,2.5456730000000007,200907,-1.8816000000000008
LA-OU,200909,3,ensemble,reference_r3,13.176556,8.673551,200907,4.503005
LA-OU,200910,1,ensemble,reference_r3,3.1906370000000006,2.1342939999999997,200910,1.056343000000001
LA-OU,200911,2,ensemble,reference_r3,6.0961300000000005,9.610889,200910,-3.5147589999999997
LA-OU,200912,3,ensemble,reference_r3,9.551806,15.842523,200910,-6.290717000000001
LA-PH,200901,1,ensemble,reference_r3,0.0356029999999999,0.013209,200901,0.0223939999999999
LA-PH,200902,2,ensemble,reference_r3,0.0368549999999999,0.013346,200901,0.0235089999999999
LA-PH,200903,3,ensemble,reference_r3,0.040794,0.019425,200901,0.021368999999999996
LA-PH,200904,1,ensemble,reference_r3,0.0407409999999999,0.00589,200904,0.0348509999999999
LA-PH,200905,2,ensemble,reference_r3,0.0494209999999999,0.0129549999999999,200904,0.036466
LA-PH,200906,3,ensemble,reference_r3,0.036868,0.0315079999999998,200904,0.005360000000000198
LA-PH,200907,1,ensemble,reference_r3,0.0668649999999999,0.1862259999999995,200907,-0.1193609999999996
LA-PH,200909,3,ensemble,reference_r3,0.0591190000000001,0.3257380000000003,200907,-0.2666190000000002
LA-PH,200910,1,ensemble,reference_r3,0.1062470000000002,0.018875,200910,0.0873720000000002
LA-PH,200911,2,ensemble,reference_r3,0.1040169999999998,0.0048129999999999,200910,0.0992039999999999
LA-PH,200912,3,ensemble,reference_r3,0.0794420000000002,0.0011609999999999,200910,0.07828100000000031
LA-SL,200801,1,ensemble,reference_r3,0.941525,0.94842,200801,-0.0068950000000000955
LA-SL,200802,2,ensemble,reference_r3,0.9092409999999996,0.430129,200801,0.47911199999999965
LA-SL,200803,3,ensemble,reference_r3,2.244567,3.623937999999999,200801,-1.379370999999999
LA-SL,200804,1,ensemble,reference_r3,1.0481439999999995,1.0851900000000003,200804,-0.0370460000000008
LA-SL,200805,2,ensemble,reference_r3,90.429066,90.802917,200804,-0.3738509999999877
LA-SL,200806,3,ensemble,reference_r3,205.352522,188.80843,200804,16.544092000000006
LA-SL,200807,1,ensemble,reference_r3,41.646594,49.564234,200807,-7.917639999999999
LA-SL,200808,2,ensemble,reference_r3,36.1767,40.54563399999999,200807,-4.368933999999996
LA-SL,200809,3,ensemble,reference_r3,43.53553199999999,56.23806900000001,200807,-12.70253700000002
LA-SL,200810,1,ensemble,reference_r3,42.225391,40.001926,200810,2.2234650000000045
LA-SL,200811,2,ensemble,reference_r3,12.200128000000005,7.453512000000002,200810,4.746616000000003
LA-SL,200812,3,ensemble,reference_r3,7.676627999999997,2.652851,200810,5.023776999999997
LA-SL,200901,1,ensemble,reference_r3,1.1638329999999997,1.7577410000000002,200901,-0.5939080000000005
LA-SL,200902,2,ensemble,reference_r3,17.599712999999998,19.638183,200901,-2.038470000000004
LA-SL,200903,3,ensemble,reference_r3,18.007460000000002,13.457545,200901,4.549915000000002
LA-SL,200904,1,ensemble,reference_r3,8.876152,6.476237000000001,200904,2.3999149999999982
LA-SL,200905,2,ensemble,reference_r3,84.29131699999999,39.398402,200904,44.892914999999995
LA-SL,200906,3,ensemble,reference_r3,21.047735000000003,34.960459000000014,200904,-13.912724000000011
LA-SL,200907,1,ensemble,reference_r3,113.600495,111.154907,200907,2.4455880000000008
LA-SL,200908,2,ensemble,reference_r3,78.42733199999999,85.62148400000001,200907,-7.194152000000017
LA-SL,200909,3,ensemble,reference_r3,50.72779800000001,59.51284199999999,200907,-8.785043999999985
LA-SL,200910,1,ensemble,reference_r3,40.348422,35.72203400000001,200910,4.6263879999999915
LA-SL,200911,2,ensemble,reference_r3,22.235935,14.541368000000006,200910,7.694566999999996
LA-SL,200912,3,ensemble,reference_r3,12.587051,7.368538999999998,200910,5.218512000000002
LA-SV,200801,1,ensemble,reference_r3,3.158859999999997,6.343932000000001,200801,-3.1850720000000035
LA-SV,200802,2,ensemble,reference_r3,1.7243829999999996,1.1522020000000004,200801,0.5721809999999992
LA-SV,200803,3,ensemble,reference_r3,2.8676030000000026,0.519744,200801,2.3478590000000024
LA-SV,200804,1,ensemble,reference_r3,4.266731,5.069597,200804,-0.8028659999999999
LA-SV,200805,2,ensemble,reference_r3,12.095531,5.928521999999999,200804,6.167009
LA-SV,200806,3,ensemble,reference_r3,23.500411,28.011697,200804,-4.511286000000002
LA-SV,200807,1,ensemble,reference_r3,37.22028800000001,24.24969999999996,200807,12.970588000000049
LA-SV,200808,2,ensemble,reference_r3,34.43881300000001,23.30398600000001,200807,11.134827000000001
LA-SV,200809,3,ensemble,reference_r3,35.948727000000005,24.80402700000002,200807,11.144699999999986
LA-SV,200810,1,ensemble,reference_r3,13.689954999999998,3.778307,200810,9.911647999999998
LA-SV,200811,2,ensemble,reference_r3,8.327965999999996,0.7563069999999998,200810,7.571658999999997
LA-SV,200812,3,ensemble,reference_r3,5.018979000000002,0.2857970000000001,200810,4.733182000000001
LA-SV,200901,1,ensemble,reference_r3,2.0620779999999996,0.076593,200901,1.9854849999999997
LA-SV,200902,2,ensemble,reference_r3,1.397700999999998,0.010589,200901,1.3871119999999981
LA-SV,200903,3,ensemble,reference_r3,2.2557529999999986,0.1156599999999999,200901,2.1400929999999985
LA-SV,200904,1,ensemble,reference_r3,3.343243000000001,0.2275589999999999,200904,3.1156840000000012
LA-SV,200905,2,ensemble,reference_r3,11.217890000000004,1.3903179999999995,200904,9.827572000000005
LA-SV,200906,3,ensemble,reference_r3,21.364160000000012,1.8154330000000003,200904,19.548727000000014
LA-SV,200907,1,ensemble,reference_r3,27.321764,33.96630299999998,200907,-6.64453899999998
LA-SV,200908,2,ensemble,reference_r3,30.738711999999992,34.823421999999994,200907,-4.084710000000001
LA-SV,200909,3,ensemble,reference_r3,30.33605899999999,37.87798900000007,200907,-7.541930000000079
LA-SV,200910,1,ensemble,reference_r3,17.349317,6.342349000000002,200910,11.006967999999997
LA-SV,200911,2,ensemble,reference_r3,13.619584000000003,17.117534,200910,-3.497949999999996
LA-SV,200912,3,ensemble,reference_r3,7.717061000000001,1.7962869999999995,200910,5.9207740000000015
LA-VT,200801,1,ensemble,reference_r3,14.464391999999997,11.746502,200801,2.717889999999997
LA-VT,200802,2,ensemble,reference_r3,10.878897000000002,3.888460000000001,200801,6.990437000000001
LA-VT,200803,3,ensemble,reference_r3,11.417961999999996,16.553672000000002,200801,-5.135710000000007
LA-VT,200804,1,ensemble,reference_r3,19.802147,14.906576,200804,4.895571000000002
LA-VT,200805,2,ensemble,reference_r3,31.43949899999999,22.066223,200804,9.37327599999999
LA-VT,200806,3,ensemble,reference_r3,50.887597,94.77330899999998,200804,-43.885711999999984
LA-VT,200807,1,ensemble,reference_r3,79.28503900000004,85.952495,200807,-6.667455999999959
LA-VT,200808,2,ensemble,reference_r3,67.90060299999999,89.18191100000001,200807,-21.281308000000024
LA-VT,200809,3,ensemble,reference_r3,59.585115,92.10323300000005,200807,-32.518118000000044
LA-VT,200810,1,ensemble,reference_r3,51.71768300000001,33.762259,200810,17.955424000000008
LA-VT,200811,2,ensemble,reference_r3,33.01191100000001,61.414296,200810,-28.40238499999999
LA-VT,200812,3,ensemble,reference_r3,26.202962999999997,54.474912,200810,-28.271949000000006
LA-VT,200901,1,ensemble,reference_r3,13.192190000000004,19.919134999999997,200901,-6.7269449999999935
LA-VT,200902,2,ensemble,reference_r3,8.657442000000003,14.362582000000002,200901,-5.705139999999998
LA-VT,200903,3,ensemble,reference_r3,10.82479,6.1726220000000005,200901,4.652168
LA-VT,200904,1,ensemble,reference_r3,10.948777999999995,12.906869,200904,-1.958091000000005
LA-VT,200905,2,ensemble,reference_r3,23.804772,117.295326,200904,-93.490554
LA-VT,200906,3,ensemble,reference_r3,41.648917999999995,238.35484500000007,200904,-196.7059270000001
LA-VT,200907,1,ensemble,reference_r3,88.46700099999998,174.33220200000005,200907,-85.86520100000007
LA-VT,200908,2,ensemble,reference_r3,113.408048,206.45499500000005,200907,-93.04694700000006
LA-VT,200909,3,ensemble,reference_r3,166.28073600000002,272.5934749999999,200907,-106.31273899999988
LA-VT,200910,1,ensemble,reference_r3,145.77170399999997,200.576816,200910,-54.80511200000004
LA-VT,200911,2,ensemble,reference_r3,210.32734600000003,301.179222,200910,-90.85187599999995
LA-VT,200912,3,ensemble,reference_r3,150.051799,219.462944,200910,-69.411145
LA-XA,200801,1,ensemble,reference_r3,0.5909089999999999,0.9403640000000002,200801,-0.3494550000000003
LA-XA,200802,2,ensemble,reference_r3,0.6997629999999999,0.2572479999999999,200801,0.442515
LA-XA,200803,3,ensemble,reference_r3,0.92056,0.15223,200801,0.7683300000000001
LA-XA,200804,1,ensemble,reference_r3,1.2846130000000002,1.0118680000000002,200804,0.272745
LA-XA,200805,2,ensemble,reference_r3,2.1037539999999986,1.497058,200804,0.6066959999999986
LA-XA,200806,3,ensemble,reference_r3,6.801691999999999,2.398245999999999,200804,4.403446000000001
LA-XA,200807,1,ensemble,reference_r3,10.472414999999998,11.34678199999999,200807,-0.8743669999999923
LA-XA,200808,2,ensemble,reference_r3,6.5908760000000015,4.483753,200807,2.1071230000000014
LA-XA,200809,3,ensemble,reference_r3,5.017976000000001,2.6211910000000103,200807,2.3967849999999906
LA-XA,200810,1,ensemble,reference_r3,2.221806000000001,1.6847630000000002,200810,0.5370430000000006
LA-XA,200811,2,ensemble,reference_r3,1.3201160000000003,0.772394,200810,0.5477220000000003
LA-XA,200812,3,ensemble,reference_r3,1.0639769999999995,0.403124,200810,0.6608529999999995
LA-XA,200901,1,ensemble,reference_r3,0.5785089999999995,0.0926549999999999,200901,0.48585399999999956
LA-XA,200902,2,ensemble,reference_r3,0.686369,0.0296639999999999,200901,0.6567050000000001
LA-XA,200903,3,ensemble,reference_r3,0.7398280000000002,0.21298,200901,0.5268480000000002
LA-XA,200904,1,ensemble,reference_r3,1.4301760000000003,0.3838490000000001,200904,1.0463270000000002
LA-XA,200905,2,ensemble,reference_r3,2.566777000000002,1.279861,200904,1.286916000000002
LA-XA,200906,3,ensemble,reference_r3,8.782756999999997,5.392492000000001,200904,3.390264999999996
LA-XA,200907,1,ensemble,reference_r3,7.4363990000000015,7.378557999999998,200907,0.05784100000000336
LA-XA,200908,2,ensemble,reference_r3,15.684335999999998,22.440030000000007,200907,-6.755694000000009
LA-XA,200909,3,ensemble,reference_r3,5.064252,6.574709000000013,200907,-1.510457000000013
LA-XA,200910,1,ensemble,reference_r3,2.9560129999999987,4.4310469999999995,200910,-1.4750340000000008
LA-XA,200911,2,ensemble,reference_r3,2.7991550000000007,1.842427,200910,0.9567280000000007
LA-XA,200912,3,ensemble,reference_r3,2.178697999999999,1.541605,200910,0.637092999999999
LA-XE,200801,1,ensemble,reference_r3,0.188347,0.010433,200801,0.177914
LA-XE,200802,2,ensemble,reference_r3,0.1760039999999999,0.010059,200801,0.1659449999999999
LA-XE,200803,3,ensemble,reference_r3,0.114479,0.003609,200801,0.11087
LA-XE,200804,1,ensemble,reference_r3,0.081563,0.026506,200804,0.055056999999999995
LA-XE,200805,2,ensemble,reference_r3,0.0969649999999999,0.0521829999999999,200804,0.044781999999999995
LA-XE,200806,3,ensemble,reference_r3,3.3358929999999996,3.890274,200804,-0.5543810000000002
LA-XE,200807,1,ensemble,reference_r3,0.8230489999999999,0.4075560000000013,200807,0.4154929999999986
LA-XE,200808,2,ensemble,reference_r3,0.7587229999999998,0.3913889999999997,200807,0.3673340000000001
LA-XE,200809,3,ensemble,reference_r3,0.7694469999999998,0.7226540000000004,200807,0.04679299999999942
LA-XE,200810,1,ensemble,reference_r3,0.303693,0.052566,200810,0.251127
LA-XE,200811,2,ensemble,reference_r3,0.1703699999999999,0.011499,200810,0.1588709999999999
LA-XE,200812,3,ensemble,reference_r3,0.4663,0.891452,200810,-0.42515200000000003
LA-XE,200901,1,ensemble,reference_r3,0.1920480000000001,0.0073899999999999,200901,0.1846580000000002
LA-XE,200902,2,ensemble,reference_r3,1.079126,1.878723,200901,-0.7995969999999999
LA-XE,200903,3,ensemble,reference_r3,1.2292260000000002,1.7627739999999998,200901,-0.5335479999999997
LA-XE,200904,1,ensemble,reference_r3,0.5213030000000001,0.4488589999999999,200904,0.07244400000000017
LA-XE,200905,2,ensemble,reference_r3,0.7778129999999999,0.8121259999999999,200904,-0.03431300000000004
LA-XE,200906,3,ensemble,reference_r3,6.000155,5.876785999999999,200904,0.12336900000000117
LA-XE,200907,1,ensemble,reference_r3,21.697365,24.734958,200907,-3.0375929999999975
LA-XE,200908,2,ensemble,reference_r3,19.900986,21.915244,200907,-2.0142580000000017
LA-XE,200909,3,ensemble,reference_r3,2.175114,4.105083,200907,-1.9299689999999994
LA-XE,200910,1,ensemble,reference_r3,2.8904110000000003,2.854322,200910,0.03608900000000048
LA-XE,200911,2,ensemble,reference_r3,1.4292250000000006,2.5277230000000017,200910,-1.098498000000001
LA-XE,200912,3,ensemble,reference_r3,3.457492,6.605806000000001,200910,-3.1483140000000014
LA-XI,200801,1,ensemble,reference_r3,0.0186029999999999,0.000629,200801,0.0179739999999999
LA-XI,200802,2,ensemble,reference_r3,0.0216069999999999,3.7000000000000574e-05,200801,0.021569999999999902
LA-XI,200803,3,ensemble,reference_r3,0.015337,0.000226,200801,0.015111
LA-XI,200804,1,ensemble,reference_r3,0.021458,0.0016359999999999,200804,0.0198220000000001
LA-XI,200805,2,ensemble,reference_r3,0.0228929999999999,0.001596,200804,0.0212969999999999
LA-XI,200806,3,ensemble,reference_r3,0.750843,0.923563,200804,-0.17271999999999998
LA-XI,200807,1,ensemble,reference_r3,0.113452,0.3549470000000001,200807,-0.24149500000000013
LA-XI,200808,2,ensemble,reference_r3,0.129527,0.3022629999999999,200807,-0.1727359999999999
LA-XI,200809,3,ensemble,reference_r3,0.1495409999999999,0.3859909999999997,200807,-0.2364499999999998
LA-XI,200810,1,ensemble,reference_r3,0.007192,0.015355,200810,-0.008163
LA-XI,200811,2,ensemble,reference_r3,0.0083599999999999,0.0033019999999999,200810,0.005058
LA-XI,200812,3,ensemble,reference_r3,0.002202,0.0014809999999999,200810,0.0007210000000001
LA-XI,200901,1,ensemble,reference_r3,0.0466389999999999,0.0013289999999999,200901,0.04531
LA-XI,200902,2,ensemble,reference_r3,0.029392,0.00107,200901,0.028322
LA-XI,200903,3,ensemble,reference_r3,0.0408549999999999,0.0014979999999999,200901,0.039356999999999996
LA-XI,200904,1,ensemble,reference_r3,0.0479629999999999,0.0001869999999999,200904,0.047776
LA-XI,200905,2,ensemble,reference_r3,36.9488,38.932866,200904,-1.9840659999999986
LA-XI,200906,3,ensemble,reference_r3,31.721968,32.854844,200904,-1.1328759999999996
LA-XI,200907,1,ensemble,reference_r3,3.0649379999999997,0.7521170000000001,200907,2.3128209999999996
LA-XI,200908,2,ensemble,reference_r3,6.19609,6.938048,200907,-0.7419580000000003
LA-XI,200909,3,ensemble,reference_r3,2.886633999999999,0.525995,200907,2.360638999999999
LA-XI,200910,1,ensemble,reference_r3,0.215173,1.078652,200910,-0.8634789999999999
LA-XI,200911,2,ensemble,reference_r3,0.1882619999999999,0.311836,200910,-0.1235740000000001
LA-XI,200912,3,ensemble,reference_r3,0.1391429999999998,0.1929659999999999,200910,-0.05382300000000009
LA-AT,200801,1,ensemble,reference_r4,3.325916,2.871893,200801,0.45402299999999984
LA-AT,200802,2,ensemble,reference_r4,1.483591,1.319331,200801,0.16426000000000007
LA-AT,200803,3,ensemble,reference_r4,0.0340559999999999,0.0764499999999999,200801,-0.04239400000000001
LA-AT,200804,1,ensemble,reference_r4,0.0867650000000002,0.410714,200804,-0.3239489999999998
LA-AT,200805,2,ensemble,reference_r4,3.0217180000000003,1.403396,200804,1.6183220000000003
LA-AT,200806,3,ensemble,reference_r4,8.316646,3.9493579999999993,200804,4.367288000000001
LA-AT,200807,1,ensemble,reference_r4,2.625597999999999,3.564596999999999,200807,-0.9389989999999999
LA-AT,200808,2,ensemble,reference_r4,5.223223000000001,6.620876000000003,200807,-1.3976530000000018
LA-AT,200809,3,ensemble,reference_r4,15.963242,16.504815,200807,-0.5415730000000014
LA-AT,200810,1,ensemble,reference_r4,32.5282,30.569574,200810,1.9586259999999989
LA-AT,200811,2,ensemble,reference_r4,31.752948999999997,35.442368,200810,-3.6894190000000044
LA-AT,200812,3,ensemble,reference_r4,12.820189,17.592253,200810,-4.772064
LA-AT,200901,1,ensemble,reference_r4,8.848504,8.523712,200901,0.3247920000000004
LA-AT,200902,2,ensemble,reference_r4,33.291547,39.485731,200901,-6.194184
LA-AT,200903,3,ensemble,reference_r4,62.89455,58.624388,200901,4.270161999999999
LA-AT,200904,1,ensemble,reference_r4,57.282439999999994,49.746311000000006,200904,7.536128999999988
LA-AT,200905,2,ensemble,reference_r4,7.993997999999998,48.076954,200904,-40.082956
LA-AT,200906,3,ensemble,reference_r4,13.996307000000002,42.581778000000014,200904,-28.585471000000013
LA-AT,200907,1,ensemble,reference_r4,43.536574,48.296989,200907,-4.760415000000002
LA-AT,200908,2,ensemble,reference_r4,8.262708,14.448133,200907,-6.185425
LA-AT,200909,3,ensemble,reference_r4,6.694088000000001,9.687981999999998,200907,-2.9938939999999974
LA-AT,200910,1,ensemble,reference_r4,4.150596999999998,6.321691999999999,200910,-2.171095000000001
LA-AT,200911,2,ensemble,reference_r4,7.095370000000001,6.7597600000000035,200910,0.3356099999999973
LA-AT,200912,3,ensemble,reference_r4,3.667050999999999,5.014194,200910,-1.3471430000000009
LA-BK,200801,1,ensemble,reference_r4,0.656509,0.942841,200801,-0.28633200000000003
LA-BK,200802,2,ensemble,reference_r4,0.044509,0.0001969999999999,200801,0.0443120000000001
LA-BK,200803,3,ensemble,reference_r4,0.05556,3.600000000000044e-05,200801,0.055524
LA-BK,200804,1,ensemble,reference_r4,0.0636189999999999,0.003627,200804,0.0599919999999999
LA-BK,200805,2,ensemble,reference_r4,10.958623,11.482321,200804,-0.5236980000000013
LA-BK,200806,3,ensemble,reference_r4,51.265029,52.341829,200804,-1.0767999999999986
LA-BK,200807,1,ensemble,reference_r4,4.13083,1.97795,200807,2.1528799999999997
LA-BK,200808,2,ensemble,reference_r4,6.1359580000000005,6.071271999999999,200807,0.0646860000000018
LA-BK,200809,3,ensemble,reference_r4,16.340614,21.808684,200807,-5.468070000000001
LA-BK,200810,1,ensemble,reference_r4,31.547904000000003,23.04780199999999,200810,8.500102000000012
LA-BK,200811,2,ensemble,reference_r4,39.953927,48.03095999999999,200810,-8.077032999999993
LA-BK,200812,3,ensemble,reference_r4,4.220537,3.0398590000000003,200810,1.180678
LA-BK,200901,1,ensemble,reference_r4,0.7935289999999999,0.4828100000000002,200901,0.31071899999999975
LA-BK,200902,2,ensemble,reference_r4,0.644285,0.2859600000000001,200901,0.3583249999999999
LA-BK,200903,3,ensemble,reference_r4,0.7884379999999998,0.583029,200901,0.20540899999999973
LA-BK,200904,1,ensemble,reference_r4,1.8746699999999996,1.255881,200904,0.6187889999999996
LA-BK,200905,2,ensemble,reference_r4,68.73419,42.980579,200904,25.753611
LA-BK,200906,3,ensemble,reference_r4,204.611437,142.833341,200904,61.778096000000005
LA-BK,200907,1,ensemble,reference_r4,112.919046,183.357602,200907,-70.43855600000002
LA-BK,200908,2,ensemble,reference_r4,58.63334,88.909909,200907,-30.276569000000002
LA-BK,200909,3,ensemble,reference_r4,33.461614,38.359,200907,-4.8973860000000045
LA-BK,200910,1,ensemble,reference_r4,14.29144,18.089284,200910,-3.7978439999999996
LA-BK,200911,2,ensemble,reference_r4,7.354396999999999,15.380527,200910,-8.026130000000002
LA-BK,200912,3,ensemble,reference_r4,5.599042999999998,4.5220220000000015,200910,1.0770209999999967
LA-BL,200801,1,ensemble,reference_r4,4.827346000000001,5.450927999999999,200801,-0.6235819999999981
LA-BL,200802,2,ensemble,reference_r4,2.9907209999999997,6.112327,200801,-3.121606
LA-BL,200803,3,ensemble,reference_r4,1.7747210000000004,0.426437,200801,1.3482840000000005
LA-BL,200804,1,ensemble,reference_r4,2.0335979999999996,1.3429450000000005,200804,0.6906529999999991
LA-BL,200805,2,ensemble,reference_r4,5.727341999999998,5.3306819999999995,200804,0.3966599999999989
LA-BL,200806,3,ensemble,reference_r4,8.020843,5.899888999999998,200804,2.120954000000001
LA-BL,200807,1,ensemble,reference_r4,11.562967000000004,20.305766,200807,-8.742798999999994
LA-BL,200808,2,ensemble,reference_r4,11.551066000000002,20.640092000000003,200807,-9.089026
LA-BL,200809,3,ensemble,reference_r4,11.188740000000005,18.248923,200807,-7.060182999999997
LA-BL,200810,1,ensemble,reference_r4,14.100391000000002,10.125252000000003,200810,3.9751389999999986
LA-BL,200811,2,ensemble,reference_r4,5.4995829999999994,4.112756000000001,200810,1.3868269999999985
LA-BL,200812,3,ensemble,reference_r4,3.7800649999999982,0.907037,200810,2.8730279999999984
LA-BL,200901,1,ensemble,reference_r4,1.3446560000000003,0.722842,200901,0.6218140000000003
LA-BL,200902,2,ensemble,reference_r4,1.477722,1.765674,200901,-0.287952
LA-BL,200903,3,ensemble,reference_r4,1.933432,1.0989,200901,0.834532
LA-BL,200904,1,ensemble,reference_r4,2.0214219999999994,0.7487110000000001,200904,1.2727109999999993
LA-BL,200905,2,ensemble,reference_r4,7.250435,3.712408999999999,200904,3.5380260000000012
LA-BL,200906,3,ensemble,reference_r4,8.149173999999999,5.040025000000002,200904,3.109148999999997
LA-BL,200907,1,ensemble,reference_r4,12.10632,20.992421000000007,200907,-8.886101000000007
LA-BL,200908,2,ensemble,reference_r4,10.852954999999998,6.1518410000000046,200907,4.701113999999993
LA-BL,200909,3,ensemble,reference_r4,15.522771,5.982629000000003,200907,9.540141999999998
LA-BL,200910,1,ensemble,reference_r4,7.192321,4.99621,200910,2.196111
LA-BL,200911,2,ensemble,reference_r4,5.451605000000001,2.4169210000000003,200910,3.0346840000000004
LA-BL,200912,3,ensemble,reference_r4,2.469061,0.6566480000000001,200910,1.8124129999999998
LA-CH,200801,1,ensemble,reference_r4,31.196128,28.912098000000004,200801,2.284029999999998
LA-CH,200802,2,ensemble,reference_r4,42.616792,50.79467100000001,200801,-8.177879000000011
LA-CH,200803,3,ensemble,reference_r4,44.606148,51.142768,200801,-6.536619999999999
LA-CH,200804,1,ensemble,reference_r4,23.371581,21.161231,200804,2.2103499999999983
LA-CH,200805,2,ensemble,reference_r4,36.89201,49.001037999999994,200804,-12.109027999999995
LA-CH,200806,3,ensemble,reference_r4,136.13251100000002,101.55722400000002,200804,34.575287
LA-CH,200807,1,ensemble,reference_r4,50.175275,94.92193300000002,200807,-44.746658000000025
LA-CH,200808,2,ensemble,reference_r4,50.18397199999998,86.450402,200807,-36.266430000000014
LA-CH,200809,3,ensemble,reference_r4,51.608509,120.243712,200807,-68.635203
LA-CH,200810,1,ensemble,reference_r4,31.605476999999993,48.579234000000014,200810,-16.97375700000002
LA-CH,200811,2,ensemble,reference_r4,30.87862800000001,47.33214,200810,-16.453511999999993
LA-CH,200812,3,ensemble,reference_r4,29.355946000000003,33.66437,200810,-4.308423999999995
LA-CH,200901,1,ensemble,reference_r4,12.376314999999998,9.874081000000004,200901,2.5022339999999943
LA-CH,200902,2,ensemble,reference_r4,19.142681,26.851423,200901,-7.708742000000001
LA-CH,200903,3,ensemble,reference_r4,22.572248,22.455201,200901,0.11704699999999946
LA-CH,200904,1,ensemble,reference_r4,46.490778000000006,33.752307,200904,12.738471000000004
LA-CH,200905,2,ensemble,reference_r4,20.906093999999996,75.895419,200904,-54.98932500000001
LA-CH,200906,3,ensemble,reference_r4,41.69074099999999,81.94103200000004,200904,-40.25029100000005
LA-CH,200907,1,ensemble,reference_r4,35.01287099999999,71.60403600000006,200907,-36.591165000000075
LA-CH,200908,2,ensemble,reference_r4,33.65977699999999,65.05010999999996,200907,-31.39033299999997
LA-CH,200909,3,ensemble,reference_r4,33.97765000000001,59.424825,200907,-25.447174999999987
LA-CH,200910,1,ensemble,reference_r4,23.888895000000005,20.590100999999997,200910,3.298794000000008
LA-CH,200911,2,ensemble,reference_r4,18.488135999999997,23.17774899999999,200910,-4.689612999999994
LA-CH,200912,3,ensemble,reference_r4,18.516073999999996,12.057510999999998,200910,6.458562999999998
LA-HO,200801,1,ensemble,reference_r4,0.1291999999999999,0.002756,200801,0.1264439999999999
LA-HO,200802,2,ensemble,reference_r4,0.127531,0.0013729999999999,200801,0.1261580000000001
LA-HO,200803,3,ensemble,reference_r4,0.135912,0.008397,200801,0.12751500000000002
LA-HO,200804,1,ensemble,reference_r4,0.036478,0.009302,200804,0.027176
LA-HO,200805,2,ensemble,reference_r4,0.0287749999999999,0.01471,200804,0.0140649999999999
LA-HO,200806,3,ensemble,reference_r4,0.0896569999999999,0.009658,200804,0.0799989999999999
LA-HO,200807,1,ensemble,reference_r4,0.087817,0.3800860000000003,200807,-0.29226900000000033
LA-HO,200808,2,ensemble,reference_r4,0.0611779999999999,0.451988,200807,-0.3908100000000001
LA-HO,200809,3,ensemble,reference_r4,0.6944480000000001,0.7325219999999995,200807,-0.038073999999999386
LA-HO,200810,1,ensemble,reference_r4,0.121344,0.0621579999999999,200810,0.05918600000000009
LA-HO,200811,2,ensemble,reference_r4,0.093327,0.004825,200810,0.088502
LA-HO,200812,3,ensemble,reference_r4,0.431666,0.881806,200810,-0.45014
LA-HO,200901,1,ensemble,reference_r4,0.1527279999999999,0.0199919999999999,200901,0.132736
LA-HO,200902,2,ensemble,reference_r4,0.1645040000000001,0.024093,200901,0.1404110000000001
LA-HO,200903,3,ensemble,reference_r4,0.155239,0.0281469999999999,200901,0.1270920000000001
LA-HO,200904,1,ensemble,reference_r4,0.053406,0.005171,200904,0.048235
LA-HO,200905,2,ensemble,reference_r4,0.0654560000000001,0.0110349999999999,200904,0.0544210000000002
LA-HO,200906,3,ensemble,reference_r4,0.1065529999999999,0.036121,200904,0.0704319999999999
LA-HO,200907,1,ensemble,reference_r4,0.176015,0.4079680000000003,200907,-0.23195300000000027
LA-HO,200908,2,ensemble,reference_r4,0.088891,0.5703490000000002,200907,-0.4814580000000002
LA-HO,200909,3,ensemble,reference_r4,0.6369209999999998,0.8019189999999998,200907,-0.16499799999999998
LA-HO,200910,1,ensemble,reference_r4,0.4877250000000002,0.556101,200910,-0.06837599999999977
LA-HO,200911,2,ensemble,reference_r4,0.5078899999999997,0.7301080000000001,200910,-0.22221800000000036
LA-HO,200912,3,ensemble,reference_r4,0.4446300000000001,0.8668619999999999,200910,-0.42223199999999983
LA-KH,200801,1,ensemble,reference_r4,0.8199129999999997,0.680641,200801,0.13927199999999962
LA-KH,200802,2,ensemble,reference_r4,0.6248490000000011,0.051253,200801,0.5735960000000011
LA-KH,200803,3,ensemble,reference_r4,0.4709110000000001,0.10724,200801,0.3636710000000001
LA-KH,200804,1,ensemble,reference_r4,0.541296,0.559663,200804,-0.018367000000000022
LA-KH,200805,2,ensemble,reference_r4,1.976578,1.3684110000000005,200804,0.6081669999999995
LA-KH,200806,3,ensemble,reference_r4,4.877372000000001,2.7947960000000007,200804,2.0825760000000004
LA-KH,200807,1,ensemble,reference_r4,11.019311000000002,3.623381999999999,200807,7.395929000000002
LA-KH,200808,2,ensemble,reference_r4,10.220549000000004,4.374792999999997,200807,5.845756000000007
LA-KH,200809,3,ensemble,reference_r4,5.2262230000000045,4.306779000000006,200807,0.9194439999999986
LA-KH,200810,1,ensemble,reference_r4,2.632657,0.7420810000000002,200810,1.8905759999999998
LA-KH,200811,2,ensemble,reference_r4,1.4965510000000002,1.603958,200810,-0.10740699999999981
LA-KH,200812,3,ensemble,reference_r4,2.045567,3.3031249999999996,200810,-1.2575579999999995
LA-KH,200901,1,ensemble,reference_r4,1.305142,0.0763189999999999,200901,1.2288230000000002
LA-KH,200902,2,ensemble,reference_r4,0.8526540000000011,0.010366,200901,0.8422880000000011
LA-KH,200903,3,ensemble,reference_r4,3.390772,4.7642500000000005,200901,-1.3734780000000004
LA-KH,200904,1,ensemble,reference_r4,1.23311,0.4026069999999999,200904,0.830503
LA-KH,200905,2,ensemble,reference_r4,3.219106,2.207917,200904,1.011189
LA-KH,200906,3,ensemble,reference_r4,49.622997999999995,65.18281300000001,200904,-15.559815000000015
LA-KH,200907,1,ensemble,reference_r4,81.74557999999999,110.933882,200907,-29.188302000000007
LA-KH,200908,2,ensemble,reference_r4,204.378773,234.126186,200907,-29.747412999999995
LA-KH,200909,3,ensemble,reference_r4,191.254729,211.21232300000003,200907,-19.95759400000003
LA-KH,200910,1,ensemble,reference_r4,43.96696299999999,39.382904999999994,200910,4.584057999999999
LA-KH,200911,2,ensemble,reference_r4,39.621112,21.527468999999996,200910,18.093643
LA-KH,200912,3,ensemble,reference_r4,41.514424,32.383624999999995,200910,9.130799000000003
LA-LM,200801,1,ensemble,reference_r4,0.017015,0.0001209999999999,200801,0.0168940000000001
LA-LM,200802,2,ensemble,reference_r4,0.0286569999999999,1.600000000000039e-05,200801,0.028640999999999903
LA-LM,200803,3,ensemble,reference_r4,0.041325,8.999999999999894e-06,200801,0.041316
LA-LM,200804,1,ensemble,reference_r4,0.02976,0.0002249999999999,200804,0.029535000000000103
LA-LM,200805,2,ensemble,reference_r4,0.030315,0.0015579999999999,200804,0.028757000000000102
LA-LM,200806,3,ensemble,reference_r4,0.05262,0.0020909999999999,200804,0.0505290000000001
LA-LM,200807,1,ensemble,reference_r4,0.048775,1.0492230000000011,200807,-1.0004480000000011
LA-LM,200808,2,ensemble,reference_r4,0.0587440000000001,0.6224910000000001,200807,-0.563747
LA-LM,200809,3,ensemble,reference_r4,0.053281,0.9309490000000018,200807,-0.8776680000000018
LA-LM,200810,1,ensemble,reference_r4,0.05876,0.024466,200810,0.034294
LA-LM,200811,2,ensemble,reference_r4,0.0144779999999999,0.0042659999999999,200810,0.010212
LA-LM,200812,3,ensemble,reference_r4,0.0023089999999999,0.0011619999999999,200810,0.001147
LA-LM,200901,1,ensemble,reference_r4,0.0468709999999999,0.000257,200901,0.0466139999999999
LA-LM,200902,2,ensemble,reference_r4,0.042794,6.399999999999982e-05,200901,0.04273
LA-LM,200903,3,ensemble,reference_r4,0.0601659999999999,0.0004,200901,0.0597659999999999
LA-LM,200904,1,ensemble,reference_r4,0.7657719999999999,0.954564,200904,-0.18879200000000007
LA-LM,200905,2,ensemble,reference_r4,0.052513,0.0038149999999999,200904,0.048698000000000095
LA-LM,200906,3,ensemble,reference_r4,1.6094050000000002,1.760997,200904,-0.15159199999999973
LA-LM,200907,1,ensemble,reference_r4,0.5265979999999999,1.0784490000000009,200907,-0.551851000000001
LA-LM,200908,2,ensemble,reference_r4,0.4352,1.212904,200907,-0.777704
LA-LM,200909,3,ensemble,reference_r4,2.489028,2.268981,200907,0.22004699999999966
LA-LM,200910,1,ensemble,reference_r4,2.406719,2.8426929999999997,200910,-0.43597399999999986
LA-LM,200911,2,ensemble,reference_r4,3.2874369999999997,4.338435,200910,-1.0509979999999999
LA-LM,200912,3,ensemble,reference_r4,1.7985350000000002,3.435733,200910,-1.6371979999999997
LA-LP,200801,1,ensemble,reference_r4,1.0086030000000008,0.904856,200801,0.10374700000000081
LA-LP,200802,2,ensemble,reference_r4,10.705016,14.601434,200801,-3.896417999999999
LA-LP,200803,3,ensemble,reference_r4,15.789170000000002,20.401423,200801,-4.612252999999999
LA-LP,200804,1,ensemble,reference_r4,20.049219,16.978187,200804,3.0710320000000024
LA-LP,200805,2,ensemble,reference_r4,94.876698,70.834475,200804,24.042223000000007
LA-LP,200806,3,ensemble,reference_r4,120.317095,79.49928,200804,40.817814999999996
LA-LP,200807,1,ensemble,reference_r4,21.976953,9.712470000000003,200807,12.264482999999998
LA-LP,200808,2,ensemble,reference_r4,23.89035800000001,8.005272000000001,200807,15.885086000000008
LA-LP,200809,3,ensemble,reference_r4,21.624414999999992,8.525167,200807,13.099247999999992
LA-LP,200810,1,ensemble,reference_r4,10.627031000000002,16.813553,200810,-6.1865219999999965
LA-LP,200811,2,ensemble,reference_r4,93.673417,108.183265,200810,-14.509848000000005
LA-LP,200812,3,ensemble,reference_r4,136.695584,157.754029,200810,-21.058445000000006
LA-LP,200901,1,ensemble,reference_r4,10.643307999999998,8.063605,200901,2.5797029999999967
LA-LP,200902,2,ensemble,reference_r4,10.742096999999994,4.843418,200901,5.898678999999994
LA-LP,200903,3,ensemble,reference_r4,10.484064000000004,11.64342,200901,-1.1593559999999972
LA-LP,200904,1,ensemble,reference_r4,1.4254430000000005,11.822914999999998,200904,-10.397471999999997
LA-LP,200905,2,ensemble,reference_r4,2.7386549999999996,33.289277,200904,-30.550621999999997
LA-LP,200906,3,ensemble,reference_r4,5.601093000000002,69.16894999999998,200904,-63.567856999999975
LA-LP,200907,1,ensemble,reference_r4,9.597015,19.836184000000003,200907,-10.239169000000002
LA-LP,200908,2,ensemble,reference_r4,11.586986999999995,20.509838,200907,-8.922851000000003
LA-LP,200909,3,ensemble,reference_r4,256.62571,278.080085,200907,-21.45437499999997
LA-LP,200910,1,ensemble,reference_r4,76.44409199999998,77.866381,200910,-1.4222890000000206
LA-LP,200911,2,ensemble,reference_r4,50.18491900000001,35.714721,200910,14.47019800000001
LA-LP,200912,3,ensemble,reference_r4,28.285177000000004,5.327006000000001,200910,22.958171000000004
LA-OU,200801,1,ensemble,reference_r4,0.0280199999999999,0.001952,200801,0.0260679999999999
LA-OU,200802,2,ensemble,reference_r4,0.023536,0.0002559999999999,200801,0.023280000000000103
LA-OU,200803,3,ensemble,reference_r4,0.026693,1.600000000000039e-05,200801,0.026677
LA-OU,200804,1,ensemble,reference_r4,0.0248039999999999,0.0012959999999999,200804,0.023507999999999998
LA-OU,200805,2,ensemble,reference_r4,0.032808,0.006553,200804,0.026254999999999997
LA-OU,200806,3,ensemble,reference_r4,0.044953,0.01367,200804,0.031283
LA-OU,200807,1,ensemble,reference_r4,0.0589,1.612169999999999,200807,-1.553269999999999
LA-OU,200808,2,ensemble,reference_r4,0.0655629999999999,1.0234660000000009,200807,-0.957903000000001
LA-OU,200809,3,ensemble,reference_r4,0.0552509999999999,1.3500039999999984,200807,-1.2947529999999985
LA-OU,200810,1,ensemble,reference_r4,0.0298539999999999,0.025386,200810,0.004467999999999903
LA-OU,200811,2,ensemble,reference_r4,0.012961,0.0045979999999999,200810,0.0083630000000001
LA-OU,200812,3,ensemble,reference_r4,0.00465,0.0010519999999999,200810,0.0035980000000000994
LA-OU,200901,1,ensemble,reference_r4,0.0467969999999999,0.000229,200901,0.0465679999999999
LA-OU,200902,2,ensemble,reference_r4,0.0384039999999999,9.99999999999994e-05,200901,0.038303999999999894
LA-OU,200903,3,ensemble,reference_r4,0.0405249999999999,0.000577,200901,0.0399479999999999
LA-OU,200904,1,ensemble,reference_r4,0.0388979999999999,0.000629,200904,0.0382689999999999
LA-OU,200905,2,ensemble,reference_r4,0.071018,0.0037289999999999,200904,0.0672890000000001
LA-OU,200906,3,ensemble,reference_r4,0.064797,0.022128,200904,0.042669
LA-OU,200907,1,ensemble,reference_r4,0.0969689999999998,2.0516569999999987,200907,-1.9546879999999989
LA-OU,200908,2,ensemble,reference_r4,0.6640729999999999,2.429023000000001,200907,-1.764950000000001
LA-OU,200909,3,ensemble,reference_r4,13.176556,9.29714,200907,3.879415999999999
LA-OU,200910,1,ensemble,reference_r4,3.1906370000000006,2.2601959999999996,200910,0.930441000000001
LA-OU,200911,2,ensemble,reference_r4,6.0961300000000005,8.551864,200910,-2.4557339999999996
LA-OU,200912,3,ensemble,reference_r4,9.551806,16.425347,200910,-6.8735409999999995
LA-PH,200901,1,ensemble,reference_r4,0.0356029999999999,0.014436,200901,0.0211669999999999
LA-PH,200902,2,ensemble,reference_r4,0.0368549999999999,0.012843,200901,0.0240119999999999
LA-PH,200903,3,ensemble,reference_r4,0.040794,0.0192819999999999,200901,0.021512000000000097
LA-PH,200904,1,ensemble,reference_r4,0.0407409999999999,0.0034,200904,0.0373409999999999
LA-PH,200905,2,ensemble,reference_r4,0.0494209999999999,0.008081,200904,0.041339999999999905
LA-PH,200906,3,ensemble,reference_r4,0.036868,0.033801,200904,0.0030670000000000003
LA-PH,200907,1,ensemble,reference_r4,0.0668649999999999,0.1818189999999999,200907,-0.114954
LA-PH,200909,3,ensemble,reference_r4,0.0591190000000001,0.2659659999999997,200907,-0.20684699999999961
LA-PH,200910,1,ensemble,reference_r4,0.1062470000000002,0.009228,200910,0.0970190000000002
LA-PH,200911,2,ensemble,reference_r4,0.1040169999999998,0.005578,200910,0.0984389999999998
LA-PH,200912,3,ensemble,reference_r4,0.0794420000000002,0.0007929999999999,200910,0.0786490000000003
LA-SL,200801,1,ensemble,reference_r4,0.941525,0.9277169999999996,200801,0.013808000000000376
LA-SL,200802,2,ensemble,reference_r4,0.9092409999999996,0.4116219999999999,200801,0.49761899999999976
LA-SL,200803,3,ensemble,reference_r4,2.244567,3.779035,200801,-1.534468
LA-SL,200804,1,ensemble,reference_r4,1.0481439999999995,0.839121,200804,0.20902299999999951
LA-SL,200805,2,ensemble,reference_r4,90.429066,89.714854,200804,0.7142120000000034
LA-SL,200806,3,ensemble,reference_r4,205.352522,186.141196,200804,19.211325999999985
LA-SL,200807,1,ensemble,reference_r4,41.646594,48.57733099999996,200807,-6.930736999999958
LA-SL,200808,2,ensemble,reference_r4,36.1767,37.91387399999999,200807,-1.737173999999996
LA-SL,200809,3,ensemble,reference_r4,43.53553199999999,55.346427000000006,200807,-11.810895000000016
LA-SL,200810,1,ensemble,reference_r4,42.225391,37.522059,200810,4.703332000000003
LA-SL,200811,2,ensemble,reference_r4,12.200128000000005,7.690037999999998,200810,4.510090000000007
LA-SL,200812,3,ensemble,reference_r4,7.676627999999997,2.6478340000000005,200810,5.028793999999997
LA-SL,200901,1,ensemble,reference_r4,1.1638329999999997,1.732603,200901,-0.5687700000000002
LA-SL,200902,2,ensemble,reference_r4,17.599712999999998,19.91484,200901,-2.315127000000004
LA-SL,200903,3,ensemble,reference_r4,18.007460000000002,14.027604,200901,3.9798560000000016
LA-SL,200904,1,ensemble,reference_r4,8.876152,6.391938,200904,2.4842139999999997
LA-SL,200905,2,ensemble,reference_r4,84.29131699999999,45.28266,200904,39.00865699999999
LA-SL,200906,3,ensemble,reference_r4,21.047735000000003,31.092124,200904,-10.044388999999995
LA-SL,200907,1,ensemble,reference_r4,113.600495,114.698208,200907,-1.0977129999999988
LA-SL,200908,2,ensemble,reference_r4,78.42733199999999,86.95910999999998,200907,-8.531777999999989
LA-SL,200909,3,ensemble,reference_r4,50.72779800000001,61.867513,200907,-11.139714999999995
LA-SL,200910,1,ensemble,reference_r4,40.348422,35.294991,200910,5.053430999999996
LA-SL,200911,2,ensemble,reference_r4,22.235935,18.588116999999997,200910,3.6478180000000044
LA-SL,200912,3,ensemble,reference_r4,12.587051,6.944811000000001,200910,5.642239999999999
LA-SV,200801,1,ensemble,reference_r4,3.158859999999997,5.900645999999998,200801,-2.741786000000001
LA-SV,200802,2,ensemble,reference_r4,1.7243829999999996,0.8041670000000001,200801,0.9202159999999995
LA-SV,200803,3,ensemble,reference_r4,2.8676030000000026,0.44354,200801,2.4240630000000025
LA-SV,200804,1,ensemble,reference_r4,4.266731,3.4838400000000007,200804,0.7828909999999993
LA-SV,200805,2,ensemble,reference_r4,12.095531,7.783108,200804,4.312422999999999
LA-SV,200806,3,ensemble,reference_r4,23.500411,28.227481000000004,200804,-4.727070000000005
LA-SV,200807,1,ensemble,reference_r4,37.22028800000001,26.16081200000002,200807,11.05947599999999
LA-SV,200808,2,ensemble,reference_r4,34.43881300000001,22.758996000000025,200807,11.679816999999986
LA-SV,200809,3,ensemble,reference_r4,35.948727000000005,23.119702000000014,200807,12.82902499999999
LA-SV,200810,1,ensemble,reference_r4,13.689954999999998,3.8007529999999994,200810,9.889201999999997
LA-SV,200811,2,ensemble,reference_r4,8.327965999999996,0.7294520000000002,200810,7.598513999999996
LA-SV,200812,3,ensemble,reference_r4,5.018979000000002,0.313564,200810,4.705415000000001
LA-SV,200901,1,ensemble,reference_r4,2.0620779999999996,0.10244,200901,1.9596379999999995
LA-SV,200902,2,ensemble,reference_r4,1.397700999999998,0.008701,200901,1.388999999999998
LA-SV,200903,3,ensemble,reference_r4,2.2557529999999986,0.132593,200901,2.1231599999999986
LA-SV,200904,1,ensemble,reference_r4,3.343243000000001,0.175177,200904,3.168066000000001
LA-SV,200905,2,ensemble,reference_r4,11.217890000000004,1.140536,200904,10.077354000000003
LA-SV,200906,3,ensemble,reference_r4,21.364160000000012,1.6582910000000002,200904,19.705869000000014
LA-SV,200907,1,ensemble,reference_r4,27.321764,28.925279999999987,200907,-1.6035159999999848
LA-SV,200908,2,ensemble,reference_r4,30.738711999999992,30.11510999999996,200907,0.6236020000000337
LA-SV,200909,3,ensemble,reference_r4,30.33605899999999,39.88998300000003,200907,-9.553924000000038
LA-SV,200910,1,ensemble,reference_r4,17.349317,7.075853000000002,200910,10.273463999999997
LA-SV,200911,2,ensemble,reference_r4,13.619584000000003,14.874663,200910,-1.2550789999999967
LA-SV,200912,3,ensemble,reference_r4,7.717061000000001,1.6257450000000002,200910,6.091316000000001
LA-VT,200801,1,ensemble,reference_r4,14.464391999999997,12.033929999999998,200801,2.4304619999999986
LA-VT,200802,2,ensemble,reference_r4,10.878897000000002,4.472708,200801,6.406189000000002
LA-VT,200803,3,ensemble,reference_r4,11.417961999999996,17.944291,200801,-6.526329000000004
LA-VT,200804,1,ensemble,reference_r4,19.802147,10.986553,200804,8.815594
LA-VT,200805,2,ensemble,reference_r4,31.43949899999999,21.916720999999995,200804,9.522777999999995
LA-VT,200806,3,ensemble,reference_r4,50.887597,74.263315,200804,-23.375718000000006
LA-VT,200807,1,ensemble,reference_r4,79.28503900000004,82.55612599999995,200807,-3.271086999999909
LA-VT,200808,2,ensemble,reference_r4,67.90060299999999,86.83571199999994,200807,-18.935108999999954
LA-VT,200809,3,ensemble,reference_r4,59.585115,93.03145299999994,200807,-33.44633799999994
LA-VT,200810,1,ensemble,reference_r4,51.71768300000001,33.64647199999999,200810,18.07121100000002
LA-VT,200811,2,ensemble,reference_r4,33.01191100000001,63.889095000000005,200810,-30.877183999999993
LA-VT,200812,3,ensemble,reference_r4,26.202962999999997,53.948538000000006,200810,-27.74557500000001
LA-VT,200901,1,ensemble,reference_r4,13.192190000000004,21.345821,200901,-8.153630999999997
LA-VT,200902,2,ensemble,reference_r4,8.657442000000003,14.421578000000002,200901,-5.764135999999999
LA-VT,200903,3,ensemble,reference_r4,10.82479,6.531899000000001,200901,4.292890999999999
LA-VT,200904,1,ensemble,reference_r4,10.948777999999995,10.675957999999998,200904,0.2728199999999976
LA-VT,200905,2,ensemble,reference_r4,23.804772,92.063094,200904,-68.258322
LA-VT,200906,3,ensemble,reference_r4,41.648917999999995,192.28634200000005,200904,-150.63742400000007
LA-VT,200907,1,ensemble,reference_r4,88.46700099999998,172.003246,200907,-83.53624500000001
LA-VT,200908,2,ensemble,reference_r4,113.408048,211.72810800000013,200907,-98.32006000000014
LA-VT,200909,3,ensemble,reference_r4,166.28073600000002,284.53438099999994,200907,-118.25364499999992
LA-VT,200910,1,ensemble,reference_r4,145.77170399999997,204.492418,200910,-58.720714000000015
LA-VT,200911,2,ensemble,reference_r4,210.32734600000003,239.401521,200910,-29.07417499999997
LA-VT,200912,3,ensemble,reference_r4,150.051799,227.36478,200910,-77.31298100000001
LA-XA,200801,1,ensemble,reference_r4,0.5909089999999999,1.141854,200801,-0.550945
LA-XA,200802,2,ensemble,reference_r4,0.6997629999999999,0.2227249999999999,200801,0.477038
LA-XA,200803,3,ensemble,reference_r4,0.92056,0.163272,200801,0.7572880000000001
LA-XA,200804,1,ensemble,reference_r4,1.2846130000000002,0.730742,200804,0.5538710000000002
LA-XA,200805,2,ensemble,reference_r4,2.1037539999999986,1.1855909999999996,200804,0.918162999999999
LA-XA,200806,3,ensemble,reference_r4,6.801691999999999,2.2426280000000007,200804,4.5590639999999985
LA-XA,200807,1,ensemble,reference_r4,10.472414999999998,11.157125999999993,200807,-0.6847109999999947
LA-XA,200808,2,ensemble,reference_r4,6.5908760000000015,4.504317,200807,2.086559000000001
LA-XA,200809,3,ensemble,reference_r4,5.017976000000001,2.9445479999999975,200807,2.0734280000000034
LA-XA,200810,1,ensemble,reference_r4,2.221806000000001,1.694916,200810,0.5268900000000007
LA-XA,200811,2,ensemble,reference_r4,1.3201160000000003,0.7510669999999999,200810,0.5690490000000004
LA-XA,200812,3,ensemble,reference_r4,1.0639769999999995,0.3998090000000001,200810,0.6641679999999994
LA-XA,200901,1,ensemble,reference_r4,0.5785089999999995,0.1221349999999999,200901,0.4563739999999996
LA-XA,200902,2,ensemble,reference_r4,0.686369,0.0325179999999999,200901,0.6538510000000001
LA-XA,200903,3,ensemble,reference_r4,0.7398280000000002,0.222844,200901,0.5169840000000001
LA-XA,200904,1,ensemble,reference_r4,1.4301760000000003,0.3222779999999999,200904,1.1078980000000005
LA-XA,200905,2,ensemble,reference_r4,2.566777000000002,1.035486,200904,1.531291000000002
LA-XA,200906,3,ensemble,reference_r4,8.782756999999997,5.476154999999999,200904,3.306601999999997
LA-XA,200907,1,ensemble,reference_r4,7.4363990000000015,7.031649000000016,200907,0.40474999999998573
LA-XA,200908,2,ensemble,reference_r4,15.684335999999998,23.166176000000007,200907,-7.481840000000009
LA-XA,200909,3,ensemble,reference_r4,5.064252,6.931007999999991,200907,-1.8667559999999916
LA-XA,200910,1,ensemble,reference_r4,2.9560129999999987,5.056259000000001,200910,-2.100246000000002
LA-XA,200911,2,ensemble,reference_r4,2.7991550000000007,2.8869279999999993,200910,-0.08777299999999855
LA-XA,200912,3,ensemble,reference_r4,2.178697999999999,1.447186,200910,0.7315119999999988
LA-XE,200801,1,ensemble,reference_r4,0.188347,0.018655,200801,0.16969199999999998
LA-XE,200802,2,ensemble,reference_r4,0.1760039999999999,0.0090869999999999,200801,0.166917
LA-XE,200803,3,ensemble,reference_r4,0.114479,0.003751,200801,0.110728
LA-XE,200804,1,ensemble,reference_r4,0.081563,0.010751,200804,0.070812
LA-XE,200805,2,ensemble,reference_r4,0.0969649999999999,0.040091,200804,0.0568739999999999
LA-XE,200806,3,ensemble,reference_r4,3.3358929999999996,4.103260000000001,200804,-0.767367000000001
LA-XE,200807,1,ensemble,reference_r4,0.8230489999999999,0.3307030000000002,200807,0.49234599999999973
LA-XE,200808,2,ensemble,reference_r4,0.7587229999999998,0.3838590000000002,200807,0.37486399999999964
LA-XE,200809,3,ensemble,reference_r4,0.7694469999999998,0.6226380000000002,200807,0.14680899999999952
LA-XE,200810,1,ensemble,reference_r4,0.303693,0.0515469999999999,200810,0.2521460000000001
LA-XE,200811,2,ensemble,reference_r4,0.1703699999999999,0.01402,200810,0.1563499999999999
LA-XE,200812,3,ensemble,reference_r4,0.4663,0.881868,200810,-0.415568
LA-XE,200901,1,ensemble,reference_r4,0.1920480000000001,0.0068039999999999,200901,0.18524400000000021
LA-XE,200902,2,ensemble,reference_r4,1.079126,1.882858,200901,-0.8037319999999999
LA-XE,200903,3,ensemble,reference_r4,1.2292260000000002,1.755259,200901,-0.5260329999999998
LA-XE,200904,1,ensemble,reference_r4,0.5213030000000001,0.5003139999999999,200904,0.020989000000000146
LA-XE,200905,2,ensemble,reference_r4,0.7778129999999999,0.946446,200904,-0.16863300000000014
LA-XE,200906,3,ensemble,reference_r4,6.000155,5.921527,200904,0.07862800000000014
LA-XE,200907,1,ensemble,reference_r4,21.697365,25.064302,200907,-3.366937
LA-XE,200908,2,ensemble,reference_r4,19.900986,22.42457,200907,-2.5235839999999996
LA-XE,200909,3,ensemble,reference_r4,2.175114,4.122864000000001,200907,-1.9477500000000005
LA-XE,200910,1,ensemble,reference_r4,2.8904110000000003,2.8392470000000003,200910,0.05116399999999999
LA-XE,200911,2,ensemble,reference_r4,1.4292250000000006,10.098619,200910,-8.669393999999999
LA-XE,200912,3,ensemble,reference_r4,3.457492,9.261885999999995,200910,-5.804393999999995
LA-XI,200801,1,ensemble,reference_r4,0.0186029999999999,0.000533,200801,0.018069999999999902
LA-XI,200802,2,ensemble,reference_r4,0.0216069999999999,0.000148,200801,0.021458999999999902
LA-XI,200803,3,ensemble,reference_r4,0.015337,0.000535,200801,0.014802
LA-XI,200804,1,ensemble,reference_r4,0.021458,0.0004419999999999,200804,0.0210160000000001
LA-XI,200805,2,ensemble,reference_r4,0.0228929999999999,0.001306,200804,0.021586999999999898
LA-XI,200806,3,ensemble,reference_r4,0.750843,0.933205,200804,-0.1823619999999999
LA-XI,200807,1,ensemble,reference_r4,0.113452,0.3679009999999998,200807,-0.2544489999999998
LA-XI,200808,2,ensemble,reference_r4,0.129527,0.3810840000000004,200807,-0.2515570000000004
LA-XI,200809,3,ensemble,reference_r4,0.1495409999999999,0.4660729999999997,200807,-0.3165319999999998
LA-XI,200810,1,ensemble,reference_r4,0.007192,0.0137359999999999,200810,-0.0065439999999999
LA-XI,200811,2,ensemble,reference_r4,0.0083599999999999,0.0013699999999999,200810,0.0069900000000000006
LA-XI,200812,3,ensemble,reference_r4,0.002202,0.001097,200810,0.0011049999999999999
LA-XI,200901,1,ensemble,reference_r4,0.0466389999999999,0.001049,200901,0.0455899999999999
LA-XI,200902,2,ensemble,reference_r4,0.029392,0.0016919999999999,200901,0.027700000000000103
LA-XI,200903,3,ensemble,reference_r4,0.0408549999999999,0.0011159999999999,200901,0.039739
LA-XI,200904,1,ensemble,reference_r4,0.0479629999999999,0.0004879999999999,200904,0.047475
LA-XI,200905,2,ensemble,reference_r4,36.9488,38.922653,200904,-1.9738529999999983
LA-XI,200906,3,ensemble,reference_r4,31.721968,32.831728,200904,-1.1097599999999979
LA-XI,200907,1,ensemble,reference_r4,3.0649379999999997,0.7330720000000008,200907,2.331865999999999
LA-XI,200908,2,ensemble,reference_r4,6.19609,6.9420660000000005,200907,-0.7459760000000006
LA-XI,200909,3,ensemble,reference_r4,2.886633999999999,0.5520899999999997,200907,2.3345439999999993
LA-XI,200910,1,ensemble,reference_r4,0.215173,0.8276870000000001,200910,-0.612514
LA-XI,200911,2,ensemble,reference_r4,0.1882619999999999,0.5037559999999999,200910,-0.31549399999999994
LA-XI,200912,3,ensemble,reference_r4,0.1391429999999998,0.158422,200910,-0.019279000000000213
LA-AT,200801,1,climatology,reference,4.0,2.6563835,200801,1.3436165
LA-AT,200802,2,climatology,reference,1.63,1.2444295,200801,0.3855704999999998
LA-AT,200803,3,climatology,reference,0.0,0.13223975,200801,-0.13223975
LA-AT,200804,1,climatology,reference,0.02,0.5102465,200804,-0.49024650000000003
LA-AT,200805,2,climatology,reference,3.45,1.452392,200804,1.9976080000000003
LA-AT,200806,3,climatology,reference,8.86,3.657939499999999,200804,5.2020605
LA-AT,200807,1,climatology,reference,4.54,3.590773499999999,200807,0.9492265000000009
LA-AT,200808,2,climatology,reference,9.47,6.755743500000001,200807,2.7142564999999994
LA-AT,200809,3,climatology,reference,17.57,16.677847749999998,200807,0.8921522500000023
LA-AT,200810,1,climatology,reference,38.95,30.583830749999997,200810,8.366169250000006
LA-AT,200811,2,climatology,reference,43.0,33.532728,200810,9.467272000000001
LA-AT,200812,3,climatology,reference,22.28,16.946894,200810,5.333106000000001
LA-AT,200901,1,climatology,reference,17.305124,8.2938795,200901,9.0112445
LA-AT,200902,2,climatology,reference,45.164529,38.7103185,200901,6.454210500000002
LA-AT,200903,3,climatology,reference,77.0,58.55002075,200901,18.44997925
LA-AT,200904,1,climatology,reference,98.652562,45.42513025,200904,53.22743175
LA-AT,200905,2,climatology,reference,0.1242149999999999,63.82051000000001,200904,-63.69629500000001
LA-AT,200906,3,climatology,reference,21.319868,42.00962750000001,200904,-20.689759500000008
LA-AT,200907,1,climatology,reference,61.750116,47.715487249999995,200907,14.034628750000003
LA-AT,200908,2,climatology,reference,17.823736,14.53221175,200907,3.29152425
LA-AT,200909,3,climatology,reference,10.060613,10.350503,200907,-0.28988999999999976
LA-AT,200910,1,climatology,reference,4.830283999999999,6.7472455,200910,-1.916961500000001
LA-AT,200911,2,climatology,reference,13.444083,6.42005025,200910,7.024032749999999
LA-AT,200912,3,climatology,reference,4.502959,5.446962999999999,200910,-0.9440039999999996
LA-BK,200801,1,climatology,reference,0.81,0.8510905,200801,-0.04109049999999992
LA-BK,200802,2,climatology,reference,0.01,0.0103385,200801,-0.00033850000000000026
LA-BK,200803,3,climatology,reference,0.01,0.0043965,200801,0.0056035
LA-BK,200804,1,climatology,reference,0.01,0.0048274999999999,200804,0.005172500000000101
LA-BK,200805,2,climatology,reference,11.64,11.52875975,200804,0.11124024999999982
LA-BK,200806,3,climatology,reference,52.17,52.392754499999995,200804,-0.22275449999999353
LA-BK,200807,1,climatology,reference,0.6600000000000001,2.043859000000001,200807,-1.383859000000001
LA-BK,200808,2,climatology,reference,6.84,5.934718999999999,200807,0.9052810000000004
LA-BK,200809,3,climatology,reference,29.34,21.7090295,200807,7.6309705
LA-BK,200810,1,climatology,reference,44.92,22.424512499999995,200810,22.495487500000007
LA-BK,200811,2,climatology,reference,55.0,47.32701175,200810,7.672988250000003
LA-BK,200812,3,climatology,reference,5.0,2.919382,200810,2.080618
LA-BK,200901,1,climatology,reference,0.6691239999999999,0.46977225,200901,0.19935174999999994
LA-BK,200902,2,climatology,reference,0.0082809999999999,0.30266425,200901,-0.2943832500000001
LA-BK,200903,3,climatology,reference,0.826281,0.6737202499999999,200901,0.15256075000000013
LA-BK,200904,1,climatology,reference,2.826281,1.3251049999999998,200904,1.501176
LA-BK,200905,2,climatology,reference,71.61762,43.243468750000005,200904,28.374151249999997
LA-BK,200906,3,climatology,reference,206.10648,142.22168925,200904,63.88479075000001
LA-BK,200907,1,climatology,reference,209.635455,186.665665,200907,22.969790000000017
LA-BK,200908,2,climatology,reference,106.650017,89.40175500000001,200907,17.248261999999997
LA-BK,200909,3,climatology,reference,43.240067,38.9964515,200907,4.243615500000004
LA-BK,200910,1,climatology,reference,23.210034,19.654500499999997,200910,3.555533500000003
LA-BK,200911,2,climatology,reference,4.5454550000000005,12.779082,200910,-8.233627
LA-BK,200912,3,climatology,reference,3.313405,4.75812975,200910,-1.4447247500000002
LA-BL,200801,1,climatology,reference,5.6899999999999995,5.56772675,200801,0.12227324999999922
LA-BL,200802,2,climatology,reference,2.88,6.15000875,200801,-3.2700087499999997
LA-BL,200803,3,climatology,reference,2.29,0.48244725,200801,1.8075527500000002
LA-BL,200804,1,climatology,reference,2.8299999999999996,1.7519202499999995,200804,1.0780797500000001
LA-BL,200805,2,climatology,reference,9.2,5.345977,200804,3.854022999999999
LA-BL,200806,3,climatology,reference,10.070000000000002,6.153129,200804,3.916871000000002
LA-BL,200807,1,climatology,reference,27.62,20.16148925,200807,7.458510750000002
LA-BL,200808,2,climatology,reference,19.03,20.587495250000003,200807,-1.5574952500000023
LA-BL,200809,3,climatology,reference,25.370000000000005,18.307201749999997,200807,7.062798250000007
LA-BL,200810,1,climatology,reference,16.870000000000005,10.061925000000002,200810,6.808075000000002
LA-BL,200811,2,climatology,reference,6.290000000000001,4.3957275000000005,200810,1.8942725000000005
LA-BL,200812,3,climatology,reference,2.05,0.9268287499999998,200810,1.12317125
LA-BL,200901,1,climatology,reference,0.7038849999999999,0.7360022500000001,200901,-0.03211725000000021
LA-BL,200902,2,climatology,reference,0.926381,1.69875425,200901,-0.7723732499999999
LA-BL,200903,3,climatology,reference,2.5287120000000005,1.1130169999999997,200901,1.4156950000000008
LA-BL,200904,1,climatology,reference,2.7938859999999996,0.8173517499999999,200904,1.9765342499999998
LA-BL,200905,2,climatology,reference,17.157429000000004,4.00189275,200904,13.155536250000004
LA-BL,200906,3,climatology,reference,16.873330000000003,5.03766975,200904,11.835660250000004
LA-BL,200907,1,climatology,reference,20.996472,21.35739925,200907,-0.3609272499999996
LA-BL,200908,2,climatology,reference,33.260011999999996,5.952682250000002,200907,27.307329749999994
LA-BL,200909,3,climatology,reference,41.130528,5.004365749999998,200907,36.12616225
LA-BL,200910,1,climatology,reference,17.210586000000003,5.203911249999999,200910,12.006674750000004
LA-BL,200911,2,climatology,reference,11.201476,2.1279250000000003,200910,9.073550999999998
LA-BL,200912,3,climatology,reference,1.6965139999999996,0.7289875000000001,200910,0.9675264999999995
LA-CH,200801,1,climatology,reference,47.5,32.63279525,200801,14.867204749999999
LA-CH,200802,2,climatology,reference,53.03999999999999,50.7757955,200801,2.264204499999991
LA-CH,200803,3,climatology,reference,50.58,53.3136945,200801,-2.7336944999999986
LA-CH,200804,1,climatology,reference,31.85,25.886664000000003,200804,5.963335999999998
LA-CH,200805,2,climatology,reference,38.959999999999994,46.121753000000005,200804,-7.161753000000012
LA-CH,200806,3,climatology,reference,127.17000000000002,107.78875875,200804,19.381241250000016
LA-CH,200807,1,climatology,reference,41.25,95.547867,200807,-54.297867
LA-CH,200808,2,climatology,reference,42.510000000000005,86.83555175,200807,-44.32555174999999
LA-CH,200809,3,climatology,reference,49.599999999999994,120.37481899999996,200807,-70.77481899999997
LA-CH,200810,1,climatology,reference,37.669999999999995,48.32053225000001,200810,-10.650532250000012
LA-CH,200811,2,climatology,reference,41.07000000000001,44.21392275,200810,-3.1439227499999944
LA-CH,200812,3,climatology,reference,33.34,33.066764,200810,0.27323600000000425
LA-CH,200901,1,climatology,reference,10.890717,9.692696000000002,200901,1.198020999999999
LA-CH,200902,2,climatology,reference,19.093116999999996,26.077482250000003,200901,-6.984365250000007
LA-CH,200903,3,climatology,reference,21.42854,21.189539,200901,0.2390010000000018
LA-CH,200904,1,climatology,reference,53.487149,33.80708525,200904,19.680063750000002
LA-CH,200905,2,climatology,reference,19.053490000000004,105.96658775,200904,-86.91309774999999
LA-CH,200906,3,climatology,reference,30.695037999999997,88.12778575,200904,-57.432747750000004
LA-CH,200907,1,climatology,reference,45.004213,73.20473449999999,200907,-28.200521499999986
LA-CH,200908,2,climatology,reference,44.17307600000001,64.52453374999999,200907,-20.35145774999998
LA-CH,200909,3,climatology,reference,32.110839000000006,61.613204750000016,200907,-29.50236575000001
LA-CH,200910,1,climatology,reference,23.227603,20.100934,200910,3.1266689999999997
LA-CH,200911,2,climatology,reference,12.418226999999998,17.096257749999996,200910,-4.678030749999998
LA-CH,200912,3,climatology,reference,14.757385999999997,12.95707725,200910,1.8003087499999975
LA-HO,200801,1,climatology,reference,0.01,0.0104039999999999,200801,-0.00040399999999989923
LA-HO,200802,2,climatology,reference,0.01,0.0022004999999999,200801,0.0077995000000001
LA-HO,200803,3,climatology,reference,0.01,0.0122754999999999,200801,-0.002275499999999899
LA-HO,200804,1,climatology,reference,0.01,0.01194025,200804,-0.0019402499999999993
LA-HO,200805,2,climatology,reference,0.0,0.01256625,200804,-0.01256625
LA-HO,200806,3,climatology,reference,0.0599999999999999,0.009248,200804,0.0507519999999999
LA-HO,200807,1,climatology,reference,0.1999999999999999,0.3486799999999999,200807,-0.14867999999999998
LA-HO,200808,2,climatology,reference,0.0,0.4015772499999999,200807,-0.4015772499999999
LA-HO,200809,3,climatology,reference,0.6900000000000002,0.7285934999999999,200807,-0.038593499999999725
LA-HO,200810,1,climatology,reference,0.02,0.06100525,200810,-0.04100524999999999
LA-HO,200811,2,climatology,reference,0.0,0.0097575,200810,-0.0097575
LA-HO,200812,3,climatology,reference,0.65,0.8898247499999999,200810,-0.23982474999999992
LA-HO,200901,1,climatology,reference,0.0082809999999999,0.0153512499999999,200901,-0.00707025
LA-HO,200902,2,climatology,reference,0.0082809999999999,0.02754325,200901,-0.0192622500000001
LA-HO,200903,3,climatology,reference,0.0082809999999999,0.0253837499999999,200901,-0.01710275
LA-HO,200904,1,climatology,reference,0.0082809999999999,0.00443,200904,0.0038509999999998996
LA-HO,200905,2,climatology,reference,0.0,0.0107879999999999,200904,-0.0107879999999999
LA-HO,200906,3,climatology,reference,0.049686,0.0333635,200904,0.016322500000000004
LA-HO,200907,1,climatology,reference,0.16562,0.3791885000000001,200907,-0.2135685000000001
LA-HO,200908,2,climatology,reference,0.0,0.6476342499999999,200907,-0.6476342499999999
LA-HO,200909,3,climatology,reference,0.5699339999999999,0.8123610000000003,200907,-0.2424270000000004
LA-HO,200910,1,climatology,reference,0.834562,0.5670165,200910,0.2675455
LA-HO,200911,2,climatology,reference,1.0,0.7723325000000001,200910,0.2276674999999999
LA-HO,200912,3,climatology,reference,0.53681,0.879049,200910,-0.34223899999999996
LA-KH,200801,1,climatology,reference,1.1499999999999997,0.8414474999999999,200801,0.3085524999999998
LA-KH,200802,2,climatology,reference,0.1499999999999999,0.06937825,200801,0.08062174999999991
LA-KH,200803,3,climatology,reference,0.04,0.0793859999999999,200801,-0.0393859999999999
LA-KH,200804,1,climatology,reference,0.1099999999999999,0.6304507500000001,200804,-0.5204507500000002
LA-KH,200805,2,climatology,reference,1.38,1.11954675,200804,0.26045324999999986
LA-KH,200806,3,climatology,reference,8.940000000000001,2.8087110000000006,200804,6.131289000000001
LA-KH,200807,1,climatology,reference,35.06999999999999,3.991546999999999,200807,31.078452999999996
LA-KH,200808,2,climatology,reference,37.92,4.710004,200807,33.209996000000004
LA-KH,200809,3,climatology,reference,14.089999999999996,4.981922500000003,200807,9.108077499999993
LA-KH,200810,1,climatology,reference,5.470000000000001,0.790537,200810,4.679463
LA-KH,200811,2,climatology,reference,1.4299999999999995,1.52842175,200810,-0.09842175000000042
LA-KH,200812,3,climatology,reference,3.69,3.22883225,200810,0.46116775
LA-KH,200901,1,climatology,reference,0.9523149999999996,0.0741489999999999,200901,0.8781659999999997
LA-KH,200902,2,climatology,reference,0.1242149999999999,0.0174132499999999,200901,0.10680175
LA-KH,200903,3,climatology,reference,5.305124,4.73319425,200901,0.5719297499999998
LA-KH,200904,1,climatology,reference,0.091091,0.408992,200904,-0.317901
LA-KH,200905,2,climatology,reference,4.0487779999999995,2.0479425,200904,2.0008354999999995
LA-KH,200906,3,climatology,reference,46.36775900000001,64.48420225,200904,-18.11644324999999
LA-KH,200907,1,climatology,reference,68.223464,113.54543925,200907,-45.321975249999994
LA-KH,200908,2,climatology,reference,171.36027,239.6915295,200907,-68.33125949999999
LA-KH,200909,3,climatology,reference,187.121383,214.880092,200907,-27.758708999999982
LA-KH,200910,1,climatology,reference,57.593343,41.76903324999999,200910,15.824309750000005
LA-KH,200911,2,climatology,reference,54.814001,21.4022835,200910,33.411717499999995
LA-KH,200912,3,climatology,reference,52.764233,30.11469125,200910,22.649541749999997
LA-LM,200801,1,climatology,reference,0.0,0.02023225,200801,-0.02023225
LA-LM,200802,2,climatology,reference,0.0,0.0054239999999999,200801,-0.0054239999999999
LA-LM,200803,3,climatology,reference,0.0499999999999999,0.00165325,200801,0.0483467499999999
LA-LM,200804,1,climatology,reference,0.01,0.0002607499999999,200804,0.0097392500000001
LA-LM,200805,2,climatology,reference,0.0,0.0016834999999999,200804,-0.0016834999999999
LA-LM,200806,3,climatology,reference,0.0,0.0017182499999999,200804,-0.0017182499999999
LA-LM,200807,1,climatology,reference,0.0499999999999999,0.9980217500000004,200807,-0.9480217500000004
LA-LM,200808,2,climatology,reference,0.0299999999999999,0.5324442500000004,200807,-0.5024442500000005
LA-LM,200809,3,climatology,reference,0.0,0.8141345000000006,200807,-0.8141345000000006
LA-LM,200810,1,climatology,reference,0.09,0.02474375,200810,0.06525625
LA-LM,200811,2,climatology,reference,0.02,0.004741,200810,0.015259
LA-LM,200812,3,climatology,reference,0.0,0.0013299999999999,200810,-0.0013299999999999
LA-LM,200901,1,climatology,reference,0.0,0.0001454999999999,200901,-0.0001454999999999
LA-LM,200902,2,climatology,reference,0.0,0.00012775,200901,-0.00012775
LA-LM,200903,3,climatology,reference,0.041405,0.0002735,200901,0.041131499999999994
LA-LM,200904,1,climatology,reference,0.826281,0.948701,200904,-0.12241999999999997
LA-LM,200905,2,climatology,reference,0.0,0.0037094999999999,200904,-0.0037094999999999
LA-LM,200906,3,climatology,reference,2.0,1.77098,200904,0.22902
LA-LM,200907,1,climatology,reference,0.677405,0.9617027500000002,200907,-0.2842977500000001
LA-LM,200908,2,climatology,reference,0.024843,1.2096559999999998,200907,-1.184813
LA-LM,200909,3,climatology,reference,4.0,2.3191877500000007,200907,1.6808122499999993
LA-LM,200910,1,climatology,reference,4.164529,2.797554,200910,1.366975
LA-LM,200911,2,climatology,reference,5.652562,4.60574525,200910,1.0468167499999996
LA-LM,200912,3,climatology,reference,4.0,3.36361975,200910,0.6363802500000002
LA-LP,200801,1,climatology,reference,0.1999999999999999,0.70310025,200801,-0.5031002500000001
LA-LP,200802,2,climatology,reference,13.92,14.738327,200801,-0.818327
LA-LP,200803,3,climatology,reference,20.81,20.72676,200801,0.08323999999999998
LA-LP,200804,1,climatology,reference,31.229999999999997,15.52519925,200804,15.704800749999997
LA-LP,200805,2,climatology,reference,107.3,71.641744,200804,35.658255999999994
LA-LP,200806,3,climatology,reference,132.97,87.08524475,200804,45.88475525
LA-LP,200807,1,climatology,reference,10.659999999999998,9.99798925,200807,0.6620107499999985
LA-LP,200808,2,climatology,reference,12.43,8.247414500000001,200807,4.182585499999998
LA-LP,200809,3,climatology,reference,10.5,8.945924,200807,1.5540760000000002
LA-LP,200810,1,climatology,reference,9.55,17.51249425,200810,-7.962494249999999
LA-LP,200811,2,climatology,reference,103.0,107.544855,200810,-4.544854999999998
LA-LP,200812,3,climatology,reference,126.82,157.683263,200810,-30.863263000000018
LA-LP,200901,1,climatology,reference,0.16562,7.839611250000001,200901,-7.673991250000001
LA-LP,200902,2,climatology,reference,0.5962320000000001,5.23536225,200901,-4.639130249999999
LA-LP,200903,3,climatology,reference,0.4720169999999997,12.3175135,200901,-11.845496500000001
LA-LP,200904,1,climatology,reference,0.8104469999999999,11.43259425,200904,-10.62214725
LA-LP,200905,2,climatology,reference,3.589589,30.706517000000005,200904,-27.116928000000005
LA-LP,200906,3,climatology,reference,5.813261999999998,61.84522,200904,-56.031958
LA-LP,200907,1,climatology,reference,4.452995999999999,20.07057425,200907,-15.617578250000001
LA-LP,200908,2,climatology,reference,8.377825999999999,20.85949725,200907,-12.481671250000002
LA-LP,200909,3,climatology,reference,238.358321,276.97759075,200907,-38.61926975
LA-LP,200910,1,climatology,reference,126.23871400000002,71.460847,200910,54.777867000000015
LA-LP,200911,2,climatology,reference,61.383126999999995,39.228986,200910,22.154140999999996
LA-LP,200912,3,climatology,reference,7.821726000000002,5.786571,200910,2.0351550000000014
LA-OU,200801,1,climatology,reference,0.0,0.05068175,200801,-0.05068175
LA-OU,200802,2,climatology,reference,0.0,0.00916125,200801,-0.00916125
LA-OU,200803,3,climatology,reference,0.0,0.00369025,200801,-0.00369025
LA-OU,200804,1,climatology,reference,0.0,0.0014919999999999,200804,-0.0014919999999999
LA-OU,200805,2,climatology,reference,0.01,0.006317,200804,0.0036830000000000005
LA-OU,200806,3,climatology,reference,0.01,0.013714,200804,-0.0037140000000000003
LA-OU,200807,1,climatology,reference,0.04,1.7840782499999983,200807,-1.7440782499999983
LA-OU,200808,2,climatology,reference,0.12,1.028298500000001,200807,-0.9082985000000009
LA-OU,200809,3,climatology,reference,0.04,1.3755319999999998,200807,-1.3355319999999997
LA-OU,200810,1,climatology,reference,0.0799999999999999,0.0254269999999999,200810,0.054573
LA-OU,200811,2,climatology,reference,0.01,0.0053732499999999,200810,0.0046267500000001
LA-OU,200812,3,climatology,reference,0.0,0.0011929999999999,200810,-0.0011929999999999
LA-OU,200901,1,climatology,reference,0.0,0.00018125,200901,-0.00018125
LA-OU,200902,2,climatology,reference,0.0,0.0001074999999999,200901,-0.0001074999999999
LA-OU,200903,3,climatology,reference,0.0,0.0005022499999999,200901,-0.0005022499999999
LA-OU,200904,1,climatology,reference,0.0,0.00066625,200904,-0.00066625
LA-OU,200905,2,climatology,reference,0.0082809999999999,0.0056424999999999,200904,0.0026384999999999994
LA-OU,200906,3,climatology,reference,0.0082809999999999,0.0176569999999999,200904,-0.009375999999999999
LA-OU,200907,1,climatology,reference,0.0331239999999999,1.9617474999999995,200907,-1.9286234999999996
LA-OU,200908,2,climatology,reference,0.7353719999999999,2.5348342500000003,200907,-1.7994622500000004
LA-OU,200909,3,climatology,reference,14.669124,9.044341,200907,5.624783000000001
LA-OU,200910,1,climatology,reference,4.974247999999999,2.1777517499999997,200910,2.7964962499999997
LA-OU,200911,2,climatology,reference,12.826281,9.078102,200910,3.7481790000000004
LA-OU,200912,3,climatology,reference,18.0,16.070453999999998,200910,1.929546000000002
LA-PH,200901,1,climatology,reference,0.0,0.0126455,200901,-0.0126455
LA-PH,200902,2,climatology,reference,0.0,0.0135245,200901,-0.0135245
LA-PH,200903,3,climatology,reference,0.0,0.0177504999999999,200901,-0.0177504999999999
LA-PH,200904,1,climatology,reference,0.0,0.0036247499999999,200904,-0.0036247499999999
LA-PH,200905,2,climatology,reference,0.0,0.010032,200904,-0.010032
LA-PH,200906,3,climatology,reference,0.0,0.0306805,200904,-0.0306805
LA-PH,200907,1,climatology,reference,0.0,0.1925577499999998,200907,-0.1925577499999998
LA-PH,200909,3,climatology,reference,0.04,0.3013259999999997,200907,-0.2613259999999997
LA-PH,200910,1,climatology,reference,0.0,0.01590375,200910,-0.01590375
LA-PH,200911,2,climatology,reference,0.0,0.0070875,200910,-0.0070875
LA-PH,200912,3,climatology,reference,0.0,0.0008772499999999,200910,-0.0008772499999999
LA-SL,200801,1,climatology,reference,0.1099999999999999,1.04352075,200801,-0.9335207500000002
LA-SL,200802,2,climatology,reference,1.0,0.4772499999999999,200801,0.52275
LA-SL,200803,3,climatology,reference,4.62,3.5385757499999997,200801,1.0814242500000004
LA-SL,200804,1,climatology,reference,2.0,0.98442425,200804,1.01557575
LA-SL,200805,2,climatology,reference,82.75,90.416845,200804,-7.666844999999995
LA-SL,200806,3,climatology,reference,206.97,186.45879925,200804,20.51120075
LA-SL,200807,1,climatology,reference,75.25,48.69095324999998,200807,26.55904675000002
LA-SL,200808,2,climatology,reference,52.45,38.981795,200807,13.468205000000005
LA-SL,200809,3,climatology,reference,76.05,56.42164525,200807,19.62835475
LA-SL,200810,1,climatology,reference,89.54,37.24492025,200810,52.295079750000006
LA-SL,200811,2,climatology,reference,19.16,7.962200000000001,200810,11.197799999999999
LA-SL,200812,3,climatology,reference,5.69,2.74880625,200810,2.9411937500000005
LA-SL,200901,1,climatology,reference,0.545091,1.6214007500000005,200901,-1.0763097500000005
LA-SL,200902,2,climatology,reference,23.826281,19.65144475,200901,4.174836250000002
LA-SL,200903,3,climatology,reference,23.817091,13.265794,200901,10.551297000000002
LA-SL,200904,1,climatology,reference,18.652562,6.4122125,200904,12.2403495
LA-SL,200905,2,climatology,reference,83.899938,41.72307425,200904,42.17686375
LA-SL,200906,3,climatology,reference,30.133145000000003,31.96939425,200904,-1.836249249999998
LA-SL,200907,1,climatology,reference,148.17646399999998,113.96097925,200907,34.21548474999999
LA-SL,200908,2,climatology,reference,107.331804,86.26337699999999,200907,21.068427000000014
LA-SL,200909,3,climatology,reference,68.83130799999999,59.429267,200907,9.40204099999999
LA-SL,200910,1,climatology,reference,76.984001,35.6807105,200910,41.3032905
LA-SL,200911,2,climatology,reference,38.830017000000005,16.349348499999998,200910,22.480668500000007
LA-SL,200912,3,climatology,reference,13.699703,7.292087500000001,200910,6.407615499999999
LA-SV,200801,1,climatology,reference,1.7800000000000002,6.163215499999999,200801,-4.383215499999999
LA-SV,200802,2,climatology,reference,0.6200000000000001,0.97165275,200801,-0.35165274999999985
LA-SV,200803,3,climatology,reference,1.42,0.5269109999999999,200801,0.893089
LA-SV,200804,1,climatology,reference,6.08,4.221666,200804,1.8583340000000002
LA-SV,200805,2,climatology,reference,27.53,6.755001999999999,200804,20.774998000000004
LA-SV,200806,3,climatology,reference,67.57,28.92125925,200804,38.648740749999995
LA-SV,200807,1,climatology,reference,150.21999999999997,25.7625525,200807,124.45744749999997
LA-SV,200808,2,climatology,reference,140.25,23.43147300000001,200807,116.81852699999999
LA-SV,200809,3,climatology,reference,115.49,24.034243500000017,200807,91.45575649999998
LA-SV,200810,1,climatology,reference,53.19,3.7606835,200810,49.4293165
LA-SV,200811,2,climatology,reference,12.810000000000002,0.8683247500000002,200810,11.941675250000003
LA-SV,200812,3,climatology,reference,8.030000000000001,0.31616775,200810,7.713832250000001
LA-SV,200901,1,climatology,reference,1.7460180000000003,0.0837535,200901,1.6622645000000003
LA-SV,200902,2,climatology,reference,0.6034219999999999,0.0125345,200901,0.5908874999999999
LA-SV,200903,3,climatology,reference,1.0848110000000002,0.1341415,200901,0.9506695000000002
LA-SV,200904,1,climatology,reference,5.027028,0.2079889999999999,200904,4.819039
LA-SV,200905,2,climatology,reference,23.760858999999996,1.3082662499999995,200904,22.452592749999997
LA-SV,200906,3,climatology,reference,63.428528,1.6266747500000005,200904,61.80185325
LA-SV,200907,1,climatology,reference,123.24315,30.698631249999977,200907,92.54451875000002
LA-SV,200908,2,climatology,reference,102.30625,31.95085449999999,200907,70.35539550000001
LA-SV,200909,3,climatology,reference,77.799763,38.11131725000003,200907,39.68844574999997
LA-SV,200910,1,climatology,reference,41.95170999999999,7.02285775,200910,34.92885224999999
LA-SV,200911,2,climatology,reference,12.497231,15.6087895,200910,-3.111558500000001
LA-SV,200912,3,climatology,reference,6.103097000000002,1.72090625,200910,4.382190750000001
LA-VT,200801,1,climatology,reference,10.87,14.818912250000002,200801,-3.948912250000003
LA-VT,200802,2,climatology,reference,9.38,4.80991425,200801,4.5700857500000005
LA-VT,200803,3,climatology,reference,4.52,17.251504750000002,200801,-12.731504750000003
LA-VT,200804,1,climatology,reference,36.69,13.03667775,200804,23.653322249999995
LA-VT,200805,2,climatology,reference,62.27,22.37503325,200804,39.89496675
LA-VT,200806,3,climatology,reference,83.00999999999999,87.691701,200804,-4.681701000000004
LA-VT,200807,1,climatology,reference,191.24999999999997,83.60069725,200807,107.64930274999998
LA-VT,200808,2,climatology,reference,165.86,86.41307949999997,200807,79.44692050000005
LA-VT,200809,3,climatology,reference,113.29999999999998,94.52787874999991,200807,18.77212125000007
LA-VT,200810,1,climatology,reference,129.48000000000002,35.027027,200810,94.45297300000001
LA-VT,200811,2,climatology,reference,36.84,58.86707700000001,200810,-22.027077000000006
LA-VT,200812,3,climatology,reference,17.979999999999997,52.6915765,200810,-34.7115765
LA-VT,200901,1,climatology,reference,7.815081999999997,20.898494,200901,-13.083412000000003
LA-VT,200902,2,climatology,reference,3.934482,14.06409075,200901,-10.12960875
LA-VT,200903,3,climatology,reference,7.282829999999999,6.223130749999999,200901,1.0596992499999995
LA-VT,200904,1,climatology,reference,9.680054000000002,11.98035725,200904,-2.300303249999999
LA-VT,200905,2,climatology,reference,27.720475,109.1085395,200904,-81.38806450000001
LA-VT,200906,3,climatology,reference,38.075081999999995,214.40912575000004,200904,-176.33404375000003
LA-VT,200907,1,climatology,reference,86.36204900000001,179.81173049999995,200907,-93.44968149999994
LA-VT,200908,2,climatology,reference,101.891894,208.74681900000004,200907,-106.85492500000005
LA-VT,200909,3,climatology,reference,112.384425,280.77565924999993,200907,-168.39123424999994
LA-VT,200910,1,climatology,reference,145.485435,203.35847625,200910,-57.87304125
LA-VT,200911,2,climatology,reference,297.66520299999996,265.73622925,200910,31.928973749999955
LA-VT,200912,3,climatology,reference,224.551238,224.285947,200910,0.26529100000001904
LA-XA,200801,1,climatology,reference,0.17,0.9896700000000002,200801,-0.8196700000000001
LA-XA,200802,2,climatology,reference,0.9500000000000002,0.22011275,200801,0.7298872500000002
LA-XA,200803,3,climatology,reference,0.7399999999999998,0.1392575,200801,0.6007424999999997
LA-XA,200804,1,climatology,reference,3.460000000000001,0.8690395,200804,2.590960500000001
LA-XA,200805,2,climatology,reference,5.659999999999997,1.3708935,200804,4.289106499999996
LA-XA,200806,3,climatology,reference,14.03,2.37543275,200804,11.65456725
LA-XA,200807,1,climatology,reference,24.69,11.048075749999995,200807,13.641924250000006
LA-XA,200808,2,climatology,reference,9.729999999999997,4.556747,200807,5.173252999999997
LA-XA,200809,3,climatology,reference,4.75,2.8700585000000007,200807,1.8799414999999993
LA-XA,200810,1,climatology,reference,1.5699999999999994,1.6197335,200810,-0.04973350000000054
LA-XA,200811,2,climatology,reference,1.83,0.8453459999999999,200810,0.9846540000000001
LA-XA,200812,3,climatology,reference,1.9600000000000009,0.40506575,200810,1.554934250000001
LA-XA,200901,1,climatology,reference,0.1407769999999999,0.1020047499999999,200901,0.03877225000000001
LA-XA,200902,2,climatology,reference,0.7866949999999999,0.0321199999999999,200901,0.754575
LA-XA,200903,3,climatology,reference,0.6127940000000001,0.22082125,200901,0.3919727500000001
LA-XA,200904,1,climatology,reference,2.8624980000000004,0.33277975,200904,2.5297182500000006
LA-XA,200905,2,climatology,reference,4.777046000000006,1.18828825,200904,3.5887577500000054
LA-XA,200906,3,climatology,reference,13.430243,5.472437,200904,7.957806000000001
LA-XA,200907,1,climatology,reference,22.570512,7.151606500000003,200907,15.418905499999997
LA-XA,200908,2,climatology,reference,13.305413,23.04141425,200907,-9.73600125
LA-XA,200909,3,climatology,reference,6.654747,6.853994,200907,-0.19924699999999973
LA-XA,200910,1,climatology,reference,2.0250260000000004,4.578251,200910,-2.5532249999999994
LA-XA,200911,2,climatology,reference,3.421968000000001,2.2680652499999994,200910,1.1539027500000016
LA-XA,200912,3,climatology,reference,1.5319850000000006,1.4253885,200910,0.10659650000000065
LA-XE,200801,1,climatology,reference,0.09,0.0213829999999999,200801,0.0686170000000001
LA-XE,200802,2,climatology,reference,0.12,0.0123947499999999,200801,0.1076052500000001
LA-XE,200803,3,climatology,reference,0.0,0.00537225,200801,-0.00537225
LA-XE,200804,1,climatology,reference,0.0246419999999999,0.0206955,200804,0.0039464999999999015
LA-XE,200805,2,climatology,reference,0.08,0.046058,200804,0.033942
LA-XE,200806,3,climatology,reference,3.15,3.974066,200804,-0.8240660000000002
LA-XE,200807,1,climatology,reference,0.4000000000000001,0.3828672500000004,200807,0.017132749999999697
LA-XE,200808,2,climatology,reference,0.1899999999999999,0.4385554999999997,200807,-0.24855549999999982
LA-XE,200809,3,climatology,reference,0.6699999999999999,0.6987947500000009,200807,-0.02879475000000098
LA-XE,200810,1,climatology,reference,0.5599999999999998,0.0546897499999999,200810,0.50531025
LA-XE,200811,2,climatology,reference,0.0246419999999999,0.020516,200810,0.004125999999999901
LA-XE,200812,3,climatology,reference,0.790321,0.86411075,200810,-0.07378974999999999
LA-XE,200901,1,climatology,reference,0.074529,0.0061269999999999,200901,0.0684020000000001
LA-XE,200902,2,climatology,reference,1.371372,1.86331575,200901,-0.4919437499999999
LA-XE,200903,3,climatology,reference,2.0,1.75181925,200901,0.24818074999999995
LA-XE,200904,1,climatology,reference,0.8200000000000001,0.4861489999999999,200904,0.3338510000000002
LA-XE,200905,2,climatology,reference,1.338248,0.88316175,200904,0.45508625000000014
LA-XE,200906,3,climatology,reference,6.6023309999999995,5.952774,200904,0.6495569999999997
LA-XE,200907,1,climatology,reference,26.41924,24.91769025,200907,1.5015497499999988
LA-XE,200908,2,climatology,reference,25.883339,22.04593875,200907,3.837400249999998
LA-XE,200909,3,climatology,reference,4.097554,4.073622,200907,0.023931999999999398
LA-XE,200910,1,climatology,reference,4.551736,2.83573925,200910,1.71599675
LA-XE,200911,2,climatology,reference,2.6199999999999997,6.485716000000002,200910,-3.865716000000002
LA-XE,200912,3,climatology,reference,6.64,7.85328675,200910,-1.21328675
LA-XI,200801,1,climatology,reference,0.0,0.015035,200801,-0.015035
LA-XI,200802,2,climatology,reference,0.0,0.0021647499999999,200801,-0.0021647499999999
LA-XI,200803,3,climatology,reference,0.0,0.0030675,200801,-0.0030675
LA-XI,200804,1,climatology,reference,0.0,0.0008977499999999,200804,-0.0008977499999999
LA-XI,200805,2,climatology,reference,0.0,0.0012975,200804,-0.0012975
LA-XI,200806,3,climatology,reference,1.0,0.9245845,200804,0.07541549999999997
LA-XI,200807,1,climatology,reference,0.0,0.35807925,200807,-0.35807925
LA-XI,200808,2,climatology,reference,0.02,0.3334225000000004,200807,-0.3134225000000004
LA-XI,200809,3,climatology,reference,0.01,0.4171464999999998,200807,-0.4071464999999998
LA-XI,200810,1,climatology,reference,0.0,0.01379625,200810,-0.01379625
LA-XI,200811,2,climatology,reference,0.01,0.0031682499999999,200810,0.0068317500000001
LA-XI,200812,3,climatology,reference,0.0,0.001281,200810,-0.001281
LA-XI,200901,1,climatology,reference,0.0,0.001307,200901,-0.001307
LA-XI,200902,2,climatology,reference,0.0,0.00184675,200901,-0.00184675
LA-XI,200903,3,climatology,reference,0.0,0.00164175,200901,-0.00164175
LA-XI,200904,1,climatology,reference,0.0,0.0005025,200904,-0.0005025
LA-XI,200905,2,climatology,reference,39.0,38.93029025,200904,0.06970975000000124
LA-XI,200906,3,climatology,reference,32.826281,32.835496,200904,-0.00921499999999753
LA-XI,200907,1,climatology,reference,1.0,0.7179242499999998,200907,0.2820757500000002
LA-XI,200908,2,climatology,reference,9.652562,6.967504,200907,2.6850579999999997
LA-XI,200909,3,climatology,reference,0.0082809999999999,0.5063197499999998,200907,-0.49803875
LA-XI,200910,1,climatology,reference,0.0,0.9681205,200910,-0.9681205
LA-XI,200911,2,climatology,reference,0.0082809999999999,0.3902842499999999,200910,-0.38200325
LA-XI,200912,3,climatology,reference,0.0,0.1778985,200910,-0.1778985
LA-AT,200801,1,climatology,reference_r1,4.0,2.145736,200801,1.8542640000000001
LA-AT,200802,2,climatology,reference_r1,1.63,1.0869760000000002,200801,0.5430239999999997
LA-AT,200803,3,climatology,reference_r1,0.0,0.3015969999999999,200801,-0.3015969999999999
LA-AT,200804,1,climatology,reference_r1,0.02,0.415429,200804,-0.395429
LA-AT,200805,2,climatology,reference_r1,3.45,1.3644349999999998,200804,2.0855650000000003
LA-AT,200806,3,climatology,reference_r1,8.86,3.555891,200804,5.3041089999999995
LA-AT,200807,1,climatology,reference_r1,4.54,3.6322350000000014,200807,0.9077649999999986
LA-AT,200808,2,climatology,reference_r1,9.47,6.645397000000003,200807,2.824602999999998
LA-AT,200809,3,climatology,reference_r1,17.57,16.674124,200807,0.8958760000000012
LA-AT,200810,1,climatology,reference_r1,38.95,28.754062,200810,10.195938000000002
LA-AT,200811,2,climatology,reference_r1,43.0,27.747988,200810,15.252012
LA-AT,200812,3,climatology,reference_r1,22.28,16.009131,200810,6.270869000000001
LA-AT,200901,1,climatology,reference_r1,17.305124,8.554047,200901,8.751076999999999
LA-AT,200902,2,climatology,reference_r1,45.164529,39.695273,200901,5.4692560000000014
LA-AT,200903,3,climatology,reference_r1,77.0,60.638278,200901,16.361722
LA-AT,200904,1,climatology,reference_r1,98.652562,50.162208,200904,48.490354
LA-AT,200905,2,climatology,reference_r1,0.1242149999999999,53.482433000000015,200904,-53.358218000000015
LA-AT,200906,3,climatology,reference_r1,21.319868,41.709609,200904,-20.389741
LA-AT,200907,1,climatology,reference_r1,61.750116,46.88119199999999,200907,14.868924000000007
LA-AT,200908,2,climatology,reference_r1,17.823736,14.189222,200907,3.634514000000001
LA-AT,200909,3,climatology,reference_r1,10.060613,10.582070000000002,200907,-0.5214570000000016
LA-AT,200910,1,climatology,reference_r1,4.830283999999999,7.157781,200910,-2.327497000000001
LA-AT,200911,2,climatology,reference_r1,13.444083,5.510847,200910,7.933235999999999
LA-AT,200912,3,climatology,reference_r1,4.502959,6.242144999999997,200910,-1.7391859999999975
LA-BK,200801,1,climatology,reference_r1,0.81,0.546581,200801,0.26341900000000007
LA-BK,200802,2,climatology,reference_r1,0.01,0.040976,200801,-0.030975999999999997
LA-BK,200803,3,climatology,reference_r1,0.01,0.017486,200801,-0.007486000000000001
LA-BK,200804,1,climatology,reference_r1,0.01,0.0049639999999999,200804,0.0050360000000001
LA-BK,200805,2,climatology,reference_r1,11.64,11.481164,200804,0.15883600000000087
LA-BK,200806,3,climatology,reference_r1,52.17,52.445198,200804,-0.27519799999999606
LA-BK,200807,1,climatology,reference_r1,0.6600000000000001,1.972805000000001,200807,-1.3128050000000009
LA-BK,200808,2,climatology,reference_r1,6.84,5.9269549999999995,200807,0.9130450000000003
LA-BK,200809,3,climatology,reference_r1,29.34,21.421427,200807,7.9185729999999985
LA-BK,200810,1,climatology,reference_r1,44.92,20.486543,200810,24.433457
LA-BK,200811,2,climatology,reference_r1,55.0,45.352885,200810,9.647115
LA-BK,200812,3,climatology,reference_r1,5.0,2.932289,200810,2.067711
LA-BK,200901,1,climatology,reference_r1,0.6691239999999999,0.431996,200901,0.23712799999999995
LA-BK,200902,2,climatology,reference_r1,0.0082809999999999,0.2517009999999999,200901,-0.24342
LA-BK,200903,3,climatology,reference_r1,0.826281,0.5729839999999999,200901,0.2532970000000001
LA-BK,200904,1,climatology,reference_r1,2.826281,1.361668,200904,1.4646129999999997
LA-BK,200905,2,climatology,reference_r1,71.61762,43.499258000000005,200904,28.118361999999998
LA-BK,200906,3,climatology,reference_r1,206.10648,143.411896,200904,62.69458399999999
LA-BK,200907,1,climatology,reference_r1,209.635455,183.967815,200907,25.667640000000006
LA-BK,200908,2,climatology,reference_r1,106.650017,87.120234,200907,19.52978300000001
LA-BK,200909,3,climatology,reference_r1,43.240067,37.557586,200907,5.682481000000003
LA-BK,200910,1,climatology,reference_r1,23.210034,21.869683999999992,200910,1.340350000000008
LA-BK,200911,2,climatology,reference_r1,4.5454550000000005,9.777252,200910,-5.231797
LA-BK,200912,3,climatology,reference_r1,3.313405,5.518939,200910,-2.2055339999999997
LA-BL,200801,1,climatology,reference_r1,5.6899999999999995,6.277274,200801,-0.5872740000000007
LA-BL,200802,2,climatology,reference_r1,2.88,6.462529,200801,-3.582529
LA-BL,200803,3,climatology,reference_r1,2.29,0.680527,200801,1.609473
LA-BL,200804,1,climatology,reference_r1,2.8299999999999996,1.3643079999999994,200804,1.4656920000000002
LA-BL,200805,2,climatology,reference_r1,9.2,4.879065000000001,200804,4.320934999999999
LA-BL,200806,3,climatology,reference_r1,10.070000000000002,6.164076000000001,200804,3.9059240000000006
LA-BL,200807,1,climatology,reference_r1,27.62,20.347325,200807,7.272675
LA-BL,200808,2,climatology,reference_r1,19.03,20.42701600000001,200807,-1.3970160000000078
LA-BL,200809,3,climatology,reference_r1,25.370000000000005,18.72258200000001,200807,6.647417999999995
LA-BL,200810,1,climatology,reference_r1,16.870000000000005,10.324418,200810,6.545582000000005
LA-BL,200811,2,climatology,reference_r1,6.290000000000001,5.116645,200810,1.1733550000000008
LA-BL,200812,3,climatology,reference_r1,2.05,1.0391879999999998,200810,1.010812
LA-BL,200901,1,climatology,reference_r1,0.7038849999999999,0.7314410000000002,200901,-0.027556000000000358
LA-BL,200902,2,climatology,reference_r1,0.926381,1.7277270000000002,200901,-0.8013460000000002
LA-BL,200903,3,climatology,reference_r1,2.5287120000000005,1.0585079999999998,200901,1.4702040000000007
LA-BL,200904,1,climatology,reference_r1,2.7938859999999996,0.8368160000000002,200904,1.9570699999999994
LA-BL,200905,2,climatology,reference_r1,17.157429000000004,3.726764999999999,200904,13.430664000000005
LA-BL,200906,3,climatology,reference_r1,16.873330000000003,5.046999000000001,200904,11.826331000000001
LA-BL,200907,1,climatology,reference_r1,20.996472,21.840237,200907,-0.8437649999999977
LA-BL,200908,2,climatology,reference_r1,33.260011999999996,5.777617000000006,200907,27.48239499999999
LA-BL,200909,3,climatology,reference_r1,41.130528,4.268850999999998,200907,36.861677
LA-BL,200910,1,climatology,reference_r1,17.210586000000003,5.127814000000001,200910,12.082772000000002
LA-BL,200911,2,climatology,reference_r1,11.201476,1.6664370000000002,200910,9.535039
LA-BL,200912,3,climatology,reference_r1,1.6965139999999996,0.7895020000000001,200910,0.9070119999999995
LA-CH,200801,1,climatology,reference_r1,47.5,41.147757,200801,6.352243000000001
LA-CH,200802,2,climatology,reference_r1,53.03999999999999,59.242147,200801,-6.202147000000011
LA-CH,200803,3,climatology,reference_r1,50.58,58.28536899999999,200801,-7.70536899999999
LA-CH,200804,1,climatology,reference_r1,31.85,23.140504000000007,200804,8.709495999999994
LA-CH,200805,2,climatology,reference_r1,38.959999999999994,45.656949999999995,200804,-6.696950000000001
LA-CH,200806,3,climatology,reference_r1,127.17000000000002,98.89890400000002,200804,28.271096
LA-CH,200807,1,climatology,reference_r1,41.25,94.42896399999997,200807,-53.178963999999965
LA-CH,200808,2,climatology,reference_r1,42.510000000000005,85.387857,200807,-42.87785699999999
LA-CH,200809,3,climatology,reference_r1,49.599999999999994,119.15751999999998,200807,-69.55751999999998
LA-CH,200810,1,climatology,reference_r1,37.669999999999995,45.13859200000002,200810,-7.468592000000022
LA-CH,200811,2,climatology,reference_r1,41.07000000000001,32.881620999999996,200810,8.188379000000012
LA-CH,200812,3,climatology,reference_r1,33.34,28.893849000000003,200810,4.446151
LA-CH,200901,1,climatology,reference_r1,10.890717,9.756949999999996,200901,1.1337670000000042
LA-CH,200902,2,climatology,reference_r1,19.093116999999996,28.280518,200901,-9.187401000000005
LA-CH,200903,3,climatology,reference_r1,21.42854,21.016378000000003,200901,0.4121619999999986
LA-CH,200904,1,climatology,reference_r1,53.487149,35.491328,200904,17.995821
LA-CH,200905,2,climatology,reference_r1,19.053490000000004,76.53154900000001,200904,-57.47805900000001
LA-CH,200906,3,climatology,reference_r1,30.695037999999997,80.346858,200904,-49.65182
LA-CH,200907,1,climatology,reference_r1,45.004213,70.95715799999999,200907,-25.952944999999993
LA-CH,200908,2,climatology,reference_r1,44.17307600000001,63.95468300000002,200907,-19.781607000000008
LA-CH,200909,3,climatology,reference_r1,32.110839000000006,62.101629,200907,-29.990789999999997
LA-CH,200910,1,climatology,reference_r1,23.227603,19.698027000000003,200910,3.529575999999995
LA-CH,200911,2,climatology,reference_r1,12.418226999999998,12.379519000000002,200910,0.03870799999999619
LA-CH,200912,3,climatology,reference_r1,14.757385999999997,13.492714999999995,200910,1.2646710000000017
LA-HO,200801,1,climatology,reference_r1,0.01,0.0318879999999999,200801,-0.0218879999999999
LA-HO,200802,2,climatology,reference_r1,0.01,0.005344,200801,0.004656
LA-HO,200803,3,climatology,reference_r1,0.01,0.018744,200801,-0.008744
LA-HO,200804,1,climatology,reference_r1,0.01,0.005699,200804,0.004301
LA-HO,200805,2,climatology,reference_r1,0.0,0.0148729999999999,200804,-0.0148729999999999
LA-HO,200806,3,climatology,reference_r1,0.0599999999999999,0.010789,200804,0.0492109999999999
LA-HO,200807,1,climatology,reference_r1,0.1999999999999999,0.3546050000000003,200807,-0.15460500000000038
LA-HO,200808,2,climatology,reference_r1,0.0,0.3892969999999991,200807,-0.3892969999999991
LA-HO,200809,3,climatology,reference_r1,0.6900000000000002,0.7110880000000002,200807,-0.021087999999999996
LA-HO,200810,1,climatology,reference_r1,0.02,0.069786,200810,-0.049786
LA-HO,200811,2,climatology,reference_r1,0.0,0.0236379999999999,200810,-0.0236379999999999
LA-HO,200812,3,climatology,reference_r1,0.65,0.887394,200810,-0.237394
LA-HO,200901,1,climatology,reference_r1,0.0082809999999999,0.01682,200901,-0.008539000000000102
LA-HO,200902,2,climatology,reference_r1,0.0082809999999999,0.0236059999999999,200901,-0.015325000000000002
LA-HO,200903,3,climatology,reference_r1,0.0082809999999999,0.028904,200901,-0.0206230000000001
LA-HO,200904,1,climatology,reference_r1,0.0082809999999999,0.003345,200904,0.0049359999999999
LA-HO,200905,2,climatology,reference_r1,0.0,0.0103069999999999,200904,-0.0103069999999999
LA-HO,200906,3,climatology,reference_r1,0.049686,0.034116,200904,0.01557
LA-HO,200907,1,climatology,reference_r1,0.16562,0.3483749999999999,200907,-0.1827549999999999
LA-HO,200908,2,climatology,reference_r1,0.0,0.5482139999999998,200907,-0.5482139999999998
LA-HO,200909,3,climatology,reference_r1,0.5699339999999999,0.7523860000000004,200907,-0.1824520000000005
LA-HO,200910,1,climatology,reference_r1,0.834562,0.571008,200910,0.26355400000000007
LA-HO,200911,2,climatology,reference_r1,1.0,0.828421,200910,0.17157900000000004
LA-HO,200912,3,climatology,reference_r1,0.53681,0.891185,200910,-0.354375
LA-KH,200801,1,climatology,reference_r1,1.1499999999999997,1.1341389999999991,200801,0.01586100000000057
LA-KH,200802,2,climatology,reference_r1,0.1499999999999999,0.069607,200801,0.08039299999999991
LA-KH,200803,3,climatology,reference_r1,0.04,0.0544829999999999,200801,-0.014482999999999899
LA-KH,200804,1,climatology,reference_r1,0.1099999999999999,0.470267,200804,-0.3602670000000001
LA-KH,200805,2,climatology,reference_r1,1.38,1.40359,200804,-0.02359
LA-KH,200806,3,climatology,reference_r1,8.940000000000001,2.6562720000000004,200804,6.283728000000001
LA-KH,200807,1,climatology,reference_r1,35.06999999999999,4.017579000000005,200807,31.05242099999999
LA-KH,200808,2,climatology,reference_r1,37.92,4.470711999999999,200807,33.449288
LA-KH,200809,3,climatology,reference_r1,14.089999999999996,4.937131000000008,200807,9.152868999999988
LA-KH,200810,1,climatology,reference_r1,5.470000000000001,0.8700520000000003,200810,4.599948
LA-KH,200811,2,climatology,reference_r1,1.4299999999999995,1.2062180000000002,200810,0.22378199999999926
LA-KH,200812,3,climatology,reference_r1,3.69,3.155387,200810,0.5346129999999998
LA-KH,200901,1,climatology,reference_r1,0.9523149999999996,0.0743249999999999,200901,0.8779899999999997
LA-KH,200902,2,climatology,reference_r1,0.1242149999999999,0.0150879999999999,200901,0.109127
LA-KH,200903,3,climatology,reference_r1,5.305124,4.808243,200901,0.49688100000000013
LA-KH,200904,1,climatology,reference_r1,0.091091,0.3969750000000001,200904,-0.30588400000000004
LA-KH,200905,2,climatology,reference_r1,4.0487779999999995,2.0939720000000004,200904,1.9548059999999992
LA-KH,200906,3,climatology,reference_r1,46.36775900000001,64.026445,200904,-17.65868599999999
LA-KH,200907,1,climatology,reference_r1,68.223464,112.276547,200907,-44.05308299999999
LA-KH,200908,2,climatology,reference_r1,171.36027,239.68471999999997,200907,-68.32444999999996
LA-KH,200909,3,climatology,reference_r1,187.121383,214.439548,200907,-27.318164999999993
LA-KH,200910,1,climatology,reference_r1,57.593343,42.079407,200910,15.513935999999994
LA-KH,200911,2,climatology,reference_r1,54.814001,19.48337099999999,200910,35.330630000000006
LA-KH,200912,3,climatology,reference_r1,52.764233,28.391016000000004,200910,24.373216999999993
LA-LM,200801,1,climatology,reference_r1,0.0,0.080627,200801,-0.080627
LA-LM,200802,2,climatology,reference_r1,0.0,0.0216149999999999,200801,-0.0216149999999999
LA-LM,200803,3,climatology,reference_r1,0.0499999999999999,0.006579,200801,0.0434209999999999
LA-LM,200804,1,climatology,reference_r1,0.01,0.000144,200804,0.009856
LA-LM,200805,2,climatology,reference_r1,0.0,0.002026,200804,-0.002026
LA-LM,200806,3,climatology,reference_r1,0.0,0.0016989999999999,200804,-0.0016989999999999
LA-LM,200807,1,climatology,reference_r1,0.0499999999999999,1.0445759999999993,200807,-0.9945759999999993
LA-LM,200808,2,climatology,reference_r1,0.0299999999999999,0.6223530000000004,200807,-0.5923530000000005
LA-LM,200809,3,climatology,reference_r1,0.0,0.8025890000000011,200807,-0.8025890000000011
LA-LM,200810,1,climatology,reference_r1,0.09,0.022566,200810,0.067434
LA-LM,200811,2,climatology,reference_r1,0.02,0.007313,200810,0.012687
LA-LM,200812,3,climatology,reference_r1,0.0,0.0022669999999999,200810,-0.0022669999999999
LA-LM,200901,1,climatology,reference_r1,0.0,6.399999999999982e-05,200901,-6.399999999999982e-05
LA-LM,200902,2,climatology,reference_r1,0.0,3.7000000000000574e-05,200901,-3.7000000000000574e-05
LA-LM,200903,3,climatology,reference_r1,0.041405,0.000403,200901,0.041002
LA-LM,200904,1,climatology,reference_r1,0.826281,0.946746,200904,-0.12046499999999993
LA-LM,200905,2,climatology,reference_r1,0.0,0.0033709999999999,200904,-0.0033709999999999
LA-LM,200906,3,climatology,reference_r1,2.0,1.804877,200904,0.19512299999999994
LA-LM,200907,1,climatology,reference_r1,0.677405,0.8646329999999995,200907,-0.1872279999999995
LA-LM,200908,2,climatology,reference_r1,0.024843,1.1623389999999991,200907,-1.1374959999999992
LA-LM,200909,3,climatology,reference_r1,4.0,2.3886080000000014,200907,1.6113919999999986
LA-LM,200910,1,climatology,reference_r1,4.164529,2.6982289999999995,200910,1.4663000000000004
LA-LM,200911,2,climatology,reference_r1,5.652562,4.812410999999999,200910,0.8401510000000005
LA-LM,200912,3,climatology,reference_r1,4.0,3.342975,200910,0.657025
LA-LP,200801,1,climatology,reference_r1,0.1999999999999999,0.1637959999999999,200801,0.036204000000000014
LA-LP,200802,2,climatology,reference_r1,13.92,15.510944,200801,-1.5909440000000004
LA-LP,200803,3,climatology,reference_r1,20.81,21.625247,200801,-0.8152470000000029
LA-LP,200804,1,climatology,reference_r1,31.229999999999997,17.553432,200804,13.676567999999996
LA-LP,200805,2,climatology,reference_r1,107.3,69.750825,200804,37.54917499999999
LA-LP,200806,3,climatology,reference_r1,132.97,83.99121,200804,48.978790000000004
LA-LP,200807,1,climatology,reference_r1,10.659999999999998,9.884673999999997,200807,0.7753260000000015
LA-LP,200808,2,climatology,reference_r1,12.43,8.243891000000001,200807,4.186108999999998
LA-LP,200809,3,climatology,reference_r1,10.5,9.006344000000002,200807,1.4936559999999979
LA-LP,200810,1,climatology,reference_r1,9.55,18.292073,200810,-8.742072999999998
LA-LP,200811,2,climatology,reference_r1,103.0,104.185924,200810,-1.185924
LA-LP,200812,3,climatology,reference_r1,126.82,157.402718,200810,-30.582718
LA-LP,200901,1,climatology,reference_r1,0.16562,7.648578,200901,-7.482958
LA-LP,200902,2,climatology,reference_r1,0.5962320000000001,5.02932,200901,-4.433088
LA-LP,200903,3,climatology,reference_r1,0.4720169999999997,11.726748,200901,-11.254731000000001
LA-LP,200904,1,climatology,reference_r1,0.8104469999999999,11.299571,200904,-10.489124
LA-LP,200905,2,climatology,reference_r1,3.589589,33.68041,200904,-30.090821000000002
LA-LP,200906,3,climatology,reference_r1,5.813261999999998,76.74043200000003,200904,-70.92717000000003
LA-LP,200907,1,climatology,reference_r1,4.452995999999999,19.998278,200907,-15.545282
LA-LP,200908,2,climatology,reference_r1,8.377825999999999,20.366691000000003,200907,-11.988865000000004
LA-LP,200909,3,climatology,reference_r1,238.358321,276.517947,200907,-38.159626
LA-LP,200910,1,climatology,reference_r1,126.23871400000002,65.935979,200910,60.30273500000001
LA-LP,200911,2,climatology,reference_r1,61.383126999999995,43.394425,200910,17.988701999999996
LA-LP,200912,3,climatology,reference_r1,7.821726000000002,6.063930000000001,200910,1.7577960000000008
LA-OU,200801,1,climatology,reference_r1,0.0,0.199332,200801,-0.199332
LA-OU,200802,2,climatology,reference_r1,0.0,0.036075,200801,-0.036075
LA-OU,200803,3,climatology,reference_r1,0.0,0.014584,200801,-0.014584
LA-OU,200804,1,climatology,reference_r1,0.0,0.0005299999999999,200804,-0.0005299999999999
LA-OU,200805,2,climatology,reference_r1,0.01,0.005248,200804,0.004752
LA-OU,200806,3,climatology,reference_r1,0.01,0.0143739999999999,200804,-0.0043739999999999005
LA-OU,200807,1,climatology,reference_r1,0.04,1.985952000000001,200807,-1.945952000000001
LA-OU,200808,2,climatology,reference_r1,0.12,1.0147980000000008,200807,-0.8947980000000008
LA-OU,200809,3,climatology,reference_r1,0.04,1.20223,200807,-1.1622299999999999
LA-OU,200810,1,climatology,reference_r1,0.0799999999999999,0.0142859999999999,200810,0.06571400000000001
LA-OU,200811,2,climatology,reference_r1,0.01,0.008949,200810,0.0010509999999999999
LA-OU,200812,3,climatology,reference_r1,0.0,0.002084,200810,-0.002084
LA-OU,200901,1,climatology,reference_r1,0.0,0.0001489999999999,200901,-0.0001489999999999
LA-OU,200902,2,climatology,reference_r1,0.0,0.0001209999999999,200901,-0.0001209999999999
LA-OU,200903,3,climatology,reference_r1,0.0,0.0005859999999999,200901,-0.0005859999999999
LA-OU,200904,1,climatology,reference_r1,0.0,0.000785,200904,-0.000785
LA-OU,200905,2,climatology,reference_r1,0.0082809999999999,0.007807,200904,0.00047399999999989985
LA-OU,200906,3,climatology,reference_r1,0.0082809999999999,0.0160799999999999,200904,-0.007799
LA-OU,200907,1,climatology,reference_r1,0.0331239999999999,1.9749789999999976,200907,-1.9418549999999977
LA-OU,200908,2,climatology,reference_r1,0.7353719999999999,2.2991750000000017,200907,-1.5638030000000018
LA-OU,200909,3,climatology,reference_r1,14.669124,9.523029,200907,5.146095000000001
LA-OU,200910,1,climatology,reference_r1,4.974247999999999,2.05422,200910,2.9200279999999994
LA-OU,200911,2,climatology,reference_r1,12.826281,9.41034,200910,3.415941
LA-OU,200912,3,climatology,reference_r1,18.0,15.98683,200910,2.0131700000000006
LA-PH,200901,1,climatology,reference_r1,0.0,0.012556,200901,-0.012556
LA-PH,200902,2,climatology,reference_r1,0.0,0.0128429999999999,200901,-0.0128429999999999
LA-PH,200903,3,climatology,reference_r1,0.0,0.015795,200901,-0.015795
LA-PH,200904,1,climatology,reference_r1,0.0,0.0021489999999999,200904,-0.0021489999999999
LA-PH,200905,2,climatology,reference_r1,0.0,0.0082929999999999,200904,-0.0082929999999999
LA-PH,200906,3,climatology,reference_r1,0.0,0.0302110000000001,200904,-0.0302110000000001
LA-PH,200907,1,climatology,reference_r1,0.0,0.218884,200907,-0.218884
LA-PH,200909,3,climatology,reference_r1,0.04,0.3023219999999993,200907,-0.26232199999999933
LA-PH,200910,1,climatology,reference_r1,0.0,0.020306,200910,-0.020306
LA-PH,200911,2,climatology,reference_r1,0.0,0.005289,200910,-0.005289
LA-PH,200912,3,climatology,reference_r1,0.0,0.000493,200910,-0.000493
LA-SL,200801,1,climatology,reference_r1,0.1099999999999999,1.2523340000000005,200801,-1.1423340000000006
LA-SL,200802,2,climatology,reference_r1,1.0,0.65272,200801,0.34728000000000003
LA-SL,200803,3,climatology,reference_r1,4.62,2.9516139999999997,200801,1.6683860000000004
LA-SL,200804,1,climatology,reference_r1,2.0,0.9442969999999996,200804,1.0557030000000003
LA-SL,200805,2,climatology,reference_r1,82.75,88.66067100000001,200804,-5.910671000000008
LA-SL,200806,3,climatology,reference_r1,206.97,183.622699,200804,23.347300999999987
LA-SL,200807,1,climatology,reference_r1,75.25,47.83550499999998,200807,27.414495000000016
LA-SL,200808,2,climatology,reference_r1,52.45,38.83641899999999,200807,13.61358100000001
LA-SL,200809,3,climatology,reference_r1,76.05,57.47635599999998,200807,18.573644000000016
LA-SL,200810,1,climatology,reference_r1,89.54,33.70696100000001,200810,55.833039
LA-SL,200811,2,climatology,reference_r1,19.16,9.621322000000005,200810,9.538677999999996
LA-SL,200812,3,climatology,reference_r1,5.69,3.0520899999999997,200810,2.6379100000000006
LA-SL,200901,1,climatology,reference_r1,0.545091,1.7122020000000004,200901,-1.1671110000000005
LA-SL,200902,2,climatology,reference_r1,23.826281,20.058046,200901,3.7682350000000007
LA-SL,200903,3,climatology,reference_r1,23.817091,13.033993,200901,10.783098
LA-SL,200904,1,climatology,reference_r1,18.652562,6.1601469999999985,200904,12.492415000000001
LA-SL,200905,2,climatology,reference_r1,83.899938,43.806544,200904,40.093394
LA-SL,200906,3,climatology,reference_r1,30.133145000000003,29.762761,200904,0.3703840000000014
LA-SL,200907,1,climatology,reference_r1,148.17646399999998,115.84506299999998,200907,32.331401
LA-SL,200908,2,climatology,reference_r1,107.331804,84.51140600000001,200907,22.820397999999997
LA-SL,200909,3,climatology,reference_r1,68.83130799999999,58.537504,200907,10.293803999999994
LA-SL,200910,1,climatology,reference_r1,76.984001,35.434078,200910,41.54992300000001
LA-SL,200911,2,climatology,reference_r1,38.830017000000005,14.449782999999996,200910,24.38023400000001
LA-SL,200912,3,climatology,reference_r1,13.699703,8.394862000000003,200910,5.304840999999996
LA-SV,200801,1,climatology,reference_r1,1.7800000000000002,6.963842999999997,200801,-5.183842999999997
LA-SV,200802,2,climatology,reference_r1,0.6200000000000001,1.043602,200801,-0.4236019999999998
LA-SV,200803,3,climatology,reference_r1,1.42,0.6927029999999998,200801,0.7272970000000001
LA-SV,200804,1,climatology,reference_r1,6.08,3.4266229999999993,200804,2.6533770000000008
LA-SV,200805,2,climatology,reference_r1,27.53,7.488893999999998,200804,20.041106000000003
LA-SV,200806,3,climatology,reference_r1,67.57,27.989363999999995,200804,39.580636
LA-SV,200807,1,climatology,reference_r1,150.21999999999997,28.99053799999996,200807,121.22946200000001
LA-SV,200808,2,climatology,reference_r1,140.25,20.90706799999998,200807,119.34293200000002
LA-SV,200809,3,climatology,reference_r1,115.49,22.40774399999998,200807,93.08225600000002
LA-SV,200810,1,climatology,reference_r1,53.19,3.486014,200810,49.703986
LA-SV,200811,2,climatology,reference_r1,12.810000000000002,1.1885890000000003,200810,11.621411000000002
LA-SV,200812,3,climatology,reference_r1,8.030000000000001,0.342165,200810,7.6878350000000015
LA-SV,200901,1,climatology,reference_r1,1.7460180000000003,0.084186,200901,1.6618320000000002
LA-SV,200902,2,climatology,reference_r1,0.6034219999999999,0.01003,200901,0.5933919999999999
LA-SV,200903,3,climatology,reference_r1,1.0848110000000002,0.136021,200901,0.9487900000000002
LA-SV,200904,1,climatology,reference_r1,5.027028,0.1783739999999999,200904,4.848654
LA-SV,200905,2,climatology,reference_r1,23.760858999999996,1.2849339999999998,200904,22.475924999999997
LA-SV,200906,3,climatology,reference_r1,63.428528,1.5260139999999995,200904,61.902514000000004
LA-SV,200907,1,climatology,reference_r1,123.24315,29.240554999999972,200907,94.00259500000003
LA-SV,200908,2,climatology,reference_r1,102.30625,32.102540999999974,200907,70.20370900000003
LA-SV,200909,3,climatology,reference_r1,77.799763,36.953052000000014,200907,40.846710999999985
LA-SV,200910,1,climatology,reference_r1,41.95170999999999,7.358410999999997,200910,34.593298999999995
LA-SV,200911,2,climatology,reference_r1,12.497231,17.064518,200910,-4.567287
LA-SV,200912,3,climatology,reference_r1,6.103097000000002,1.7635429999999994,200910,4.339554000000002
LA-VT,200801,1,climatology,reference_r1,10.87,23.80546000000001,200801,-12.935460000000012
LA-VT,200802,2,climatology,reference_r1,9.38,6.210807000000001,200801,3.169193
LA-VT,200803,3,climatology,reference_r1,4.52,16.270515,200801,-11.750515
LA-VT,200804,1,climatology,reference_r1,36.69,11.159151,200804,25.530848999999996
LA-VT,200805,2,climatology,reference_r1,62.27,23.31912,200804,38.95088
LA-VT,200806,3,climatology,reference_r1,83.00999999999999,80.60270899999998,200804,2.407291000000015
LA-VT,200807,1,climatology,reference_r1,191.24999999999997,87.35175800000002,200807,103.89824199999995
LA-VT,200808,2,climatology,reference_r1,165.86,84.81813699999998,200807,81.04186300000003
LA-VT,200809,3,climatology,reference_r1,113.29999999999998,99.8049729999998,200807,13.495027000000178
LA-VT,200810,1,climatology,reference_r1,129.48000000000002,36.697038000000006,200810,92.78296200000001
LA-VT,200811,2,climatology,reference_r1,36.84,45.27036600000001,200810,-8.430366000000006
LA-VT,200812,3,climatology,reference_r1,17.979999999999997,48.316042,200810,-30.336042000000006
LA-VT,200901,1,climatology,reference_r1,7.815081999999997,20.366967,200901,-12.551885000000002
LA-VT,200902,2,climatology,reference_r1,3.934482,14.349657,200901,-10.415175000000001
LA-VT,200903,3,climatology,reference_r1,7.282829999999999,6.341520999999998,200901,0.9413090000000004
LA-VT,200904,1,climatology,reference_r1,9.680054000000002,11.365306000000004,200904,-1.685252000000002
LA-VT,200905,2,climatology,reference_r1,27.720475,113.365163,200904,-85.644688
LA-VT,200906,3,climatology,reference_r1,38.075081999999995,189.488734,200904,-151.413652
LA-VT,200907,1,climatology,reference_r1,86.36204900000001,183.06244799999968,200907,-96.70039899999966
LA-VT,200908,2,climatology,reference_r1,101.891894,210.101441,200907,-108.209547
LA-VT,200909,3,climatology,reference_r1,112.384425,293.00253699999985,200907,-180.61811199999985
LA-VT,200910,1,climatology,reference_r1,145.485435,202.997795,200910,-57.51236
LA-VT,200911,2,climatology,reference_r1,297.66520299999996,293.77151100000003,200910,3.8936919999999304
LA-VT,200912,3,climatology,reference_r1,224.551238,218.483042,200910,6.068196
LA-XA,200801,1,climatology,reference_r1,0.17,0.8033520000000003,200801,-0.6333520000000002
LA-XA,200802,2,climatology,reference_r1,0.9500000000000002,0.190452,200801,0.7595480000000001
LA-XA,200803,3,climatology,reference_r1,0.7399999999999998,0.1025129999999999,200801,0.6374869999999999
LA-XA,200804,1,climatology,reference_r1,3.460000000000001,0.6456049999999998,200804,2.814395000000001
LA-XA,200805,2,climatology,reference_r1,5.659999999999997,1.427625,200804,4.232374999999997
LA-XA,200806,3,climatology,reference_r1,14.03,2.3588429999999994,200804,11.671157000000001
LA-XA,200807,1,climatology,reference_r1,24.69,10.886063999999998,200807,13.803936000000004
LA-XA,200808,2,climatology,reference_r1,9.729999999999997,4.443611000000004,200807,5.286388999999993
LA-XA,200809,3,climatology,reference_r1,4.75,2.8469379999999944,200807,1.9030620000000056
LA-XA,200810,1,climatology,reference_r1,1.5699999999999994,1.5121249999999993,200810,0.05787500000000012
LA-XA,200811,2,climatology,reference_r1,1.83,1.1031689999999998,200810,0.7268310000000002
LA-XA,200812,3,climatology,reference_r1,1.9600000000000009,0.425864,200810,1.5341360000000008
LA-XA,200901,1,climatology,reference_r1,0.1407769999999999,0.110427,200901,0.030349999999999905
LA-XA,200902,2,climatology,reference_r1,0.7866949999999999,0.0309229999999999,200901,0.755772
LA-XA,200903,3,climatology,reference_r1,0.6127940000000001,0.232632,200901,0.38016200000000006
LA-XA,200904,1,climatology,reference_r1,2.8624980000000004,0.2878149999999999,200904,2.5746830000000007
LA-XA,200905,2,climatology,reference_r1,4.777046000000006,1.1968770000000002,200904,3.5801690000000055
LA-XA,200906,3,climatology,reference_r1,13.430243,5.751604,200904,7.678639
LA-XA,200907,1,climatology,reference_r1,22.570512,6.552755000000005,200907,16.017756999999996
LA-XA,200908,2,climatology,reference_r1,13.305413,22.906820999999994,200907,-9.601407999999994
LA-XA,200909,3,climatology,reference_r1,6.654747,6.456806,200907,0.19794100000000014
LA-XA,200910,1,climatology,reference_r1,2.0250260000000004,4.403065999999999,200910,-2.3780399999999986
LA-XA,200911,2,climatology,reference_r1,3.421968000000001,1.8683099999999992,200910,1.5536580000000018
LA-XA,200912,3,climatology,reference_r1,1.5319850000000006,1.455438,200910,0.07654700000000059
LA-XE,200801,1,climatology,reference_r1,0.09,0.0346429999999999,200801,0.055357000000000094
LA-XE,200802,2,climatology,reference_r1,0.12,0.0177079999999999,200801,0.10229200000000009
LA-XE,200803,3,climatology,reference_r1,0.0,0.0085679999999999,200801,-0.0085679999999999
LA-XE,200804,1,climatology,reference_r1,0.0246419999999999,0.0147739999999999,200804,0.009868
LA-XE,200805,2,climatology,reference_r1,0.08,0.040203,200804,0.039797
LA-XE,200806,3,climatology,reference_r1,3.15,4.040085,200804,-0.8900850000000005
LA-XE,200807,1,climatology,reference_r1,0.4000000000000001,0.3851960000000005,200807,0.014803999999999595
LA-XE,200808,2,climatology,reference_r1,0.1899999999999999,0.5288779999999988,200807,-0.33887799999999896
LA-XE,200809,3,climatology,reference_r1,0.6699999999999999,0.8019620000000032,200807,-0.13196200000000324
LA-XE,200810,1,climatology,reference_r1,0.5599999999999998,0.064919,200810,0.4950809999999998
LA-XE,200811,2,climatology,reference_r1,0.0246419999999999,0.0410349999999999,200810,-0.016392999999999998
LA-XE,200812,3,climatology,reference_r1,0.790321,0.81432,200810,-0.023998999999999993
LA-XE,200901,1,climatology,reference_r1,0.074529,0.005135,200901,0.069394
LA-XE,200902,2,climatology,reference_r1,1.371372,1.856205,200901,-0.48483300000000007
LA-XE,200903,3,climatology,reference_r1,2.0,1.724381,200901,0.27561900000000006
LA-XE,200904,1,climatology,reference_r1,0.8200000000000001,0.5282120000000001,200904,0.29178799999999994
LA-XE,200905,2,climatology,reference_r1,1.338248,0.914529,200904,0.42371900000000007
LA-XE,200906,3,climatology,reference_r1,6.6023309999999995,6.096636999999999,200904,0.5056940000000001
LA-XE,200907,1,climatology,reference_r1,26.41924,24.476746,200907,1.942494
LA-XE,200908,2,climatology,reference_r1,25.883339,21.667219000000003,200907,4.2161199999999965
LA-XE,200909,3,climatology,reference_r1,4.097554,3.888246000000001,200907,0.20930799999999872
LA-XE,200910,1,climatology,reference_r1,4.551736,2.7119560000000007,200910,1.8397799999999993
LA-XE,200911,2,climatology,reference_r1,2.6199999999999997,2.768030999999999,200910,-0.14803099999999914
LA-XE,200912,3,climatology,reference_r1,6.64,6.376936000000001,200910,0.2630639999999991
LA-XI,200801,1,climatology,reference_r1,0.0,0.058534,200801,-0.058534
LA-XI,200802,2,climatology,reference_r1,0.0,0.0084209999999999,200801,-0.0084209999999999
LA-XI,200803,3,climatology,reference_r1,0.0,0.011249,200801,-0.011249
LA-XI,200804,1,climatology,reference_r1,0.0,0.000493,200804,-0.000493
LA-XI,200805,2,climatology,reference_r1,0.0,0.0014669999999999,200804,-0.0014669999999999
LA-XI,200806,3,climatology,reference_r1,1.0,0.908389,200804,0.091611
LA-XI,200807,1,climatology,reference_r1,0.0,0.3627130000000003,200807,-0.3627130000000003
LA-XI,200808,2,climatology,reference_r1,0.02,0.3288770000000003,200807,-0.3088770000000003
LA-XI,200809,3,climatology,reference_r1,0.01,0.4311189999999998,200807,-0.4211189999999998
LA-XI,200810,1,climatology,reference_r1,0.0,0.011714,200810,-0.011714
LA-XI,200811,2,climatology,reference_r1,0.01,0.005372,200810,0.004628
LA-XI,200812,3,climatology,reference_r1,0.0,0.000998,200810,-0.000998
LA-XI,200901,1,climatology,reference_r1,0.0,0.002046,200901,-0.002046
LA-XI,200902,2,climatology,reference_r1,0.0,0.001915,200901,-0.001915
LA-XI,200903,3,climatology,reference_r1,0.0,0.001732,200901,-0.001732
LA-XI,200904,1,climatology,reference_r1,0.0,0.0006,200904,-0.0006
LA-XI,200905,2,climatology,reference_r1,39.0,38.915185,200904,0.08481499999999897
LA-XI,200906,3,climatology,reference_r1,32.826281,32.835918,200904,-0.009636999999997897
LA-XI,200907,1,climatology,reference_r1,1.0,0.712966999999999,200907,0.287033000000001
LA-XI,200908,2,climatology,reference_r1,9.652562,6.842136999999999,200907,2.8104250000000004
LA-XI,200909,3,climatology,reference_r1,0.0082809999999999,0.5378019999999992,200907,-0.5295209999999994
LA-XI,200910,1,climatology,reference_r1,0.0,1.126802,200910,-1.126802
LA-XI,200911,2,climatology,reference_r1,0.0082809999999999,0.345955,200910,-0.33767400000000014
LA-XI,200912,3,climatology,reference_r1,0.0,0.194381,200910,-0.194381
LA-AT,200801,1,climatology,reference_r2,4.0,2.732569,200801,1.2674310000000002
LA-AT,200802,2,climatology,reference_r2,1.63,1.3246790000000002,200801,0.30532099999999973
LA-AT,200803,3,climatology,reference_r2,0.0,0.073266,200801,-0.073266
LA-AT,200804,1,climatology,reference_r2,0.02,0.6135839999999999,200804,-0.5935839999999999
LA-AT,200805,2,climatology,reference_r2,3.45,1.506481,200804,1.9435190000000002
LA-AT,200806,3,climatology,reference_r2,8.86,3.5345829999999996,200804,5.325417
LA-AT,200807,1,climatology,reference_r2,4.54,3.6872529999999983,200807,0.8527470000000017
LA-AT,200808,2,climatology,reference_r2,9.47,6.996525999999996,200807,2.473474000000005
LA-AT,200809,3,climatology,reference_r2,17.57,16.729951,200807,0.8400490000000005
LA-AT,200810,1,climatology,reference_r2,38.95,30.764961999999997,200810,8.185038000000006
LA-AT,200811,2,climatology,reference_r2,43.0,35.007805,200810,7.992195000000002
LA-AT,200812,3,climatology,reference_r2,22.28,17.551071999999998,200810,4.728928000000003
LA-AT,200901,1,climatology,reference_r2,17.305124,7.860275,200901,9.444849
LA-AT,200902,2,climatology,reference_r2,45.164529,36.350508000000005,200901,8.814020999999997
LA-AT,200903,3,climatology,reference_r2,77.0,55.842465,200901,21.157535000000003
LA-AT,200904,1,climatology,reference_r2,98.652562,41.085091,200904,57.567471000000005
LA-AT,200905,2,climatology,reference_r2,0.1242149999999999,75.08733200000002,200904,-74.96311700000001
LA-AT,200906,3,climatology,reference_r2,21.319868,42.586405,200904,-21.266537
LA-AT,200907,1,climatology,reference_r2,61.750116,48.265159,200907,13.484957000000001
LA-AT,200908,2,climatology,reference_r2,17.823736,14.891445999999998,200907,2.932290000000002
LA-AT,200909,3,climatology,reference_r2,10.060613,10.31458,200907,-0.2539669999999994
LA-AT,200910,1,climatology,reference_r2,4.830283999999999,6.635116,200910,-1.804832000000001
LA-AT,200911,2,climatology,reference_r2,13.444083,7.507289999999998,200910,5.9367930000000015
LA-AT,200912,3,climatology,reference_r2,4.502959,4.687902000000001,200910,-0.1849430000000014
LA-BK,200801,1,climatology,reference_r2,0.81,0.954539,200801,-0.14453899999999997
LA-BK,200802,2,climatology,reference_r2,0.01,8.099999999999948e-05,200801,0.009919
LA-BK,200803,3,climatology,reference_r2,0.01,0.0,200801,0.01
LA-BK,200804,1,climatology,reference_r2,0.01,0.0064339999999999,200804,0.0035660000000001003
LA-BK,200805,2,climatology,reference_r2,11.64,11.569035,200804,0.07096500000000106
LA-BK,200806,3,climatology,reference_r2,52.17,52.384108999999995,200804,-0.21410899999999344
LA-BK,200807,1,climatology,reference_r2,0.6600000000000001,2.2706640000000036,200807,-1.6106640000000034
LA-BK,200808,2,climatology,reference_r2,6.84,5.959847,200807,0.880153
LA-BK,200809,3,climatology,reference_r2,29.34,22.101928000000008,200807,7.238071999999992
LA-BK,200810,1,climatology,reference_r2,44.92,22.333471000000003,200810,22.586529
LA-BK,200811,2,climatology,reference_r2,55.0,48.222352,200810,6.777647999999999
LA-BK,200812,3,climatology,reference_r2,5.0,2.87153,200810,2.12847
LA-BK,200901,1,climatology,reference_r2,0.6691239999999999,0.4677450000000001,200901,0.20137899999999986
LA-BK,200902,2,climatology,reference_r2,0.0082809999999999,0.3962050000000001,200901,-0.38792400000000016
LA-BK,200903,3,climatology,reference_r2,0.826281,0.933522,200901,-0.10724099999999992
LA-BK,200904,1,climatology,reference_r2,2.826281,1.320925,200904,1.505356
LA-BK,200905,2,climatology,reference_r2,71.61762,42.759021,200904,28.858599000000005
LA-BK,200906,3,climatology,reference_r2,206.10648,141.11375500000003,200904,64.99272499999998
LA-BK,200907,1,climatology,reference_r2,209.635455,191.620972,200907,18.014483000000013
LA-BK,200908,2,climatology,reference_r2,106.650017,91.07446,200907,15.575557000000003
LA-BK,200909,3,climatology,reference_r2,43.240067,40.553352,200907,2.6867150000000066
LA-BK,200910,1,climatology,reference_r2,23.210034,19.136854000000007,200910,4.073179999999994
LA-BK,200911,2,climatology,reference_r2,4.5454550000000005,15.062976,200910,-10.517521
LA-BK,200912,3,climatology,reference_r2,3.313405,4.075866000000001,200910,-0.7624610000000014
LA-BL,200801,1,climatology,reference_r2,5.6899999999999995,5.359655,200801,0.33034499999999944
LA-BL,200802,2,climatology,reference_r2,2.88,6.150571,200801,-3.2705710000000003
LA-BL,200803,3,climatology,reference_r2,2.29,0.394476,200801,1.895524
LA-BL,200804,1,climatology,reference_r2,2.8299999999999996,2.360404,200804,0.4695959999999997
LA-BL,200805,2,climatology,reference_r2,9.2,5.702030000000001,200804,3.4979699999999987
LA-BL,200806,3,climatology,reference_r2,10.070000000000002,6.375101000000001,200804,3.6948990000000013
LA-BL,200807,1,climatology,reference_r2,27.62,20.434535000000004,200807,7.185464999999997
LA-BL,200808,2,climatology,reference_r2,19.03,20.866254999999995,200807,-1.8362549999999942
LA-BL,200809,3,climatology,reference_r2,25.370000000000005,18.410033,200807,6.959967000000006
LA-BL,200810,1,climatology,reference_r2,16.870000000000005,9.736277,200810,7.133723000000005
LA-BL,200811,2,climatology,reference_r2,6.290000000000001,4.187096,200810,2.1029040000000006
LA-BL,200812,3,climatology,reference_r2,2.05,0.9271869999999997,200810,1.1228130000000003
LA-BL,200901,1,climatology,reference_r2,0.7038849999999999,0.7757599999999998,200901,-0.07187499999999991
LA-BL,200902,2,climatology,reference_r2,0.926381,1.53548,200901,-0.609099
LA-BL,200903,3,climatology,reference_r2,2.5287120000000005,1.1992919999999998,200901,1.3294200000000007
LA-BL,200904,1,climatology,reference_r2,2.7938859999999996,0.8170639999999998,200904,1.9768219999999999
LA-BL,200905,2,climatology,reference_r2,17.157429000000004,4.311576,200904,12.845853000000005
LA-BL,200906,3,climatology,reference_r2,16.873330000000003,4.386779999999998,200904,12.486550000000005
LA-BL,200907,1,climatology,reference_r2,20.996472,21.535006999999993,200907,-0.5385349999999924
LA-BL,200908,2,climatology,reference_r2,33.260011999999996,6.3194329999999965,200907,26.940579
LA-BL,200909,3,climatology,reference_r2,41.130528,4.892702,200907,36.237826
LA-BL,200910,1,climatology,reference_r2,17.210586000000003,5.708105999999999,200910,11.502480000000004
LA-BL,200911,2,climatology,reference_r2,11.201476,2.6581410000000005,200910,8.543334999999999
LA-BL,200912,3,climatology,reference_r2,1.6965139999999996,0.701092,200910,0.9954219999999996
LA-CH,200801,1,climatology,reference_r2,47.5,30.495536000000005,200801,17.004463999999995
LA-CH,200802,2,climatology,reference_r2,53.03999999999999,51.932333,200801,1.1076669999999922
LA-CH,200803,3,climatology,reference_r2,50.58,53.024849,200801,-2.444849000000005
LA-CH,200804,1,climatology,reference_r2,31.85,27.109195,200804,4.740805000000002
LA-CH,200805,2,climatology,reference_r2,38.959999999999994,42.276516000000015,200804,-3.3165160000000213
LA-CH,200806,3,climatology,reference_r2,127.17000000000002,117.65408200000002,200804,9.515918
LA-CH,200807,1,climatology,reference_r2,41.25,96.33048300000002,200807,-55.080483000000015
LA-CH,200808,2,climatology,reference_r2,42.510000000000005,87.57778300000001,200807,-45.067783000000006
LA-CH,200809,3,climatology,reference_r2,49.599999999999994,123.702545,200807,-74.102545
LA-CH,200810,1,climatology,reference_r2,37.669999999999995,48.830247000000014,200810,-11.16024700000002
LA-CH,200811,2,climatology,reference_r2,41.07000000000001,48.22720100000001,200810,-7.157201000000001
LA-CH,200812,3,climatology,reference_r2,33.34,34.91847799999999,200810,-1.5784779999999898
LA-CH,200901,1,climatology,reference_r2,10.890717,9.665734,200901,1.224983
LA-CH,200902,2,climatology,reference_r2,19.093116999999996,22.653967,200901,-3.5608500000000056
LA-CH,200903,3,climatology,reference_r2,21.42854,20.102816,200901,1.325724000000001
LA-CH,200904,1,climatology,reference_r2,53.487149,33.033232,200904,20.453917000000004
LA-CH,200905,2,climatology,reference_r2,19.053490000000004,135.167233,200904,-116.113743
LA-CH,200906,3,climatology,reference_r2,30.695037999999997,95.93793399999998,200904,-65.24289599999999
LA-CH,200907,1,climatology,reference_r2,45.004213,81.25319499999989,200907,-36.24898199999989
LA-CH,200908,2,climatology,reference_r2,44.17307600000001,65.83725499999997,200907,-21.66417899999996
LA-CH,200909,3,climatology,reference_r2,32.110839000000006,66.02543000000003,200907,-33.91459100000002
LA-CH,200910,1,climatology,reference_r2,23.227603,20.221161,200910,3.006442
LA-CH,200911,2,climatology,reference_r2,12.418226999999998,20.16615999999999,200910,-7.747932999999993
LA-CH,200912,3,climatology,reference_r2,14.757385999999997,12.356686999999994,200910,2.400699000000003
LA-HO,200801,1,climatology,reference_r2,0.01,0.0038829999999999,200801,0.0061170000000001
LA-HO,200802,2,climatology,reference_r2,0.01,0.001098,200801,0.008902
LA-HO,200803,3,climatology,reference_r2,0.01,0.0112309999999999,200801,-0.0012309999999999006
LA-HO,200804,1,climatology,reference_r2,0.01,0.02096,200804,-0.01096
LA-HO,200805,2,climatology,reference_r2,0.0,0.009665,200804,-0.009665
LA-HO,200806,3,climatology,reference_r2,0.0599999999999999,0.0084759999999999,200804,0.051524
LA-HO,200807,1,climatology,reference_r2,0.1999999999999999,0.272227,200807,-0.0722270000000001
LA-HO,200808,2,climatology,reference_r2,0.0,0.3132590000000004,200807,-0.3132590000000004
LA-HO,200809,3,climatology,reference_r2,0.6900000000000002,0.7315330000000007,200807,-0.041533000000000486
LA-HO,200810,1,climatology,reference_r2,0.02,0.055426,200810,-0.035426
LA-HO,200811,2,climatology,reference_r2,0.0,0.005048,200810,-0.005048
LA-HO,200812,3,climatology,reference_r2,0.65,0.8837269999999999,200810,-0.2337269999999999
LA-HO,200901,1,climatology,reference_r2,0.0082809999999999,0.0123189999999999,200901,-0.004038
LA-HO,200902,2,climatology,reference_r2,0.0082809999999999,0.0320229999999999,200901,-0.023742
LA-HO,200903,3,climatology,reference_r2,0.0082809999999999,0.0210299999999999,200901,-0.012749
LA-HO,200904,1,climatology,reference_r2,0.0082809999999999,0.004143,200904,0.0041379999999999
LA-HO,200905,2,climatology,reference_r2,0.0,0.012826,200904,-0.012826
LA-HO,200906,3,climatology,reference_r2,0.049686,0.034054,200904,0.015632
LA-HO,200907,1,climatology,reference_r2,0.16562,0.3772890000000002,200907,-0.21166900000000022
LA-HO,200908,2,climatology,reference_r2,0.0,0.7485549999999996,200907,-0.7485549999999996
LA-HO,200909,3,climatology,reference_r2,0.5699339999999999,0.8701270000000001,200907,-0.30019300000000015
LA-HO,200910,1,climatology,reference_r2,0.834562,0.5723680000000001,200910,0.2621939999999999
LA-HO,200911,2,climatology,reference_r2,1.0,0.716912,200910,0.283088
LA-HO,200912,3,climatology,reference_r2,0.53681,0.881888,200910,-0.345078
LA-KH,200801,1,climatology,reference_r2,1.1499999999999997,0.7445469999999998,200801,0.40545299999999984
LA-KH,200802,2,climatology,reference_r2,0.1499999999999999,0.064021,200801,0.08597899999999992
LA-KH,200803,3,climatology,reference_r2,0.04,0.0714459999999999,200801,-0.0314459999999999
LA-KH,200804,1,climatology,reference_r2,0.1099999999999999,0.805669,200804,-0.6956690000000001
LA-KH,200805,2,climatology,reference_r2,1.38,0.857321,200804,0.5226789999999999
LA-KH,200806,3,climatology,reference_r2,8.940000000000001,2.9420319999999993,200804,5.997968000000002
LA-KH,200807,1,climatology,reference_r2,35.06999999999999,4.100326000000003,200807,30.96967399999999
LA-KH,200808,2,climatology,reference_r2,37.92,5.2824700000000036,200807,32.63753
LA-KH,200809,3,climatology,reference_r2,14.089999999999996,5.631826000000004,200807,8.458173999999993
LA-KH,200810,1,climatology,reference_r2,5.470000000000001,0.7932429999999999,200810,4.676757
LA-KH,200811,2,climatology,reference_r2,1.4299999999999995,1.6153939999999998,200810,-0.18539400000000028
LA-KH,200812,3,climatology,reference_r2,3.69,3.188564,200810,0.501436
LA-KH,200901,1,climatology,reference_r2,0.9523149999999996,0.061072,200901,0.8912429999999996
LA-KH,200902,2,climatology,reference_r2,0.1242149999999999,0.0241739999999999,200901,0.10004099999999999
LA-KH,200903,3,climatology,reference_r2,5.305124,4.5976349999999995,200901,0.7074890000000007
LA-KH,200904,1,climatology,reference_r2,0.091091,0.4204940000000001,200904,-0.3294030000000001
LA-KH,200905,2,climatology,reference_r2,4.0487779999999995,1.9809319999999997,200904,2.067846
LA-KH,200906,3,climatology,reference_r2,46.36775900000001,64.05837199999999,200904,-17.690612999999985
LA-KH,200907,1,climatology,reference_r2,68.223464,115.68769099999996,200907,-47.46422699999995
LA-KH,200908,2,climatology,reference_r2,171.36027,243.857579,200907,-72.49730899999997
LA-KH,200909,3,climatology,reference_r2,187.121383,215.091153,200907,-27.969769999999983
LA-KH,200910,1,climatology,reference_r2,57.593343,40.69676199999998,200910,16.89658100000002
LA-KH,200911,2,climatology,reference_r2,54.814001,24.76266200000001,200910,30.051338999999988
LA-KH,200912,3,climatology,reference_r2,52.764233,31.479818,200910,21.284414999999996
LA-LM,200801,1,climatology,reference_r2,0.0,9.99999999999994e-05,200801,-9.99999999999994e-05
LA-LM,200802,2,climatology,reference_r2,0.0,4.900000000000043e-05,200801,-4.900000000000043e-05
LA-LM,200803,3,climatology,reference_r2,0.0499999999999999,8.999999999999894e-06,200801,0.0499909999999999
LA-LM,200804,1,climatology,reference_r2,0.01,0.0004089999999999,200804,0.0095910000000001
LA-LM,200805,2,climatology,reference_r2,0.0,0.002041,200804,-0.002041
LA-LM,200806,3,climatology,reference_r2,0.0,0.0018209999999999,200804,-0.0018209999999999
LA-LM,200807,1,climatology,reference_r2,0.0499999999999999,1.0643770000000004,200807,-1.0143770000000005
LA-LM,200808,2,climatology,reference_r2,0.0299999999999999,0.5001480000000011,200807,-0.47014800000000123
LA-LM,200809,3,climatology,reference_r2,0.0,0.8728909999999992,200807,-0.8728909999999992
LA-LM,200810,1,climatology,reference_r2,0.09,0.0253579999999999,200810,0.06464200000000009
LA-LM,200811,2,climatology,reference_r2,0.02,0.0018589999999999,200810,0.0181410000000001
LA-LM,200812,3,climatology,reference_r2,0.0,0.0009049999999999,200810,-0.0009049999999999
LA-LM,200901,1,climatology,reference_r2,0.0,6.399999999999982e-05,200901,-6.399999999999982e-05
LA-LM,200902,2,climatology,reference_r2,0.0,0.000289,200901,-0.000289
LA-LM,200903,3,climatology,reference_r2,0.041405,0.00017,200901,0.041234999999999994
LA-LM,200904,1,climatology,reference_r2,0.826281,0.94869,200904,-0.12240899999999999
LA-LM,200905,2,climatology,reference_r2,0.0,0.0036979999999999,200904,-0.0036979999999999
LA-LM,200906,3,climatology,reference_r2,2.0,1.7639159999999998,200904,0.23608400000000018
LA-LM,200907,1,climatology,reference_r2,0.677405,1.017761,200907,-0.3403559999999999
LA-LM,200908,2,climatology,reference_r2,0.024843,1.426221,200907,-1.401378
LA-LM,200909,3,climatology,reference_r2,4.0,2.325477000000001,200907,1.6745229999999989
LA-LM,200910,1,climatology,reference_r2,4.164529,2.881639,200910,1.28289
LA-LM,200911,2,climatology,reference_r2,5.652562,4.380814,200910,1.2717479999999997
LA-LM,200912,3,climatology,reference_r2,4.0,3.365638,200910,0.6343619999999999
LA-LP,200801,1,climatology,reference_r2,0.1999999999999999,0.864222,200801,-0.6642220000000001
LA-LP,200802,2,climatology,reference_r2,13.92,14.622922,200801,-0.7029220000000009
LA-LP,200803,3,climatology,reference_r2,20.81,20.453954,200801,0.3560459999999992
LA-LP,200804,1,climatology,reference_r2,31.229999999999997,13.718936,200804,17.511063999999998
LA-LP,200805,2,climatology,reference_r2,107.3,71.71427800000001,200804,35.58572199999999
LA-LP,200806,3,climatology,reference_r2,132.97,91.400738,200804,41.569261999999995
LA-LP,200807,1,climatology,reference_r2,10.659999999999998,10.051370000000002,200807,0.6086299999999962
LA-LP,200808,2,climatology,reference_r2,12.43,8.370231000000004,200807,4.059768999999996
LA-LP,200809,3,climatology,reference_r2,10.5,9.079065999999996,200807,1.4209340000000044
LA-LP,200810,1,climatology,reference_r2,9.55,17.864565,200810,-8.314564999999998
LA-LP,200811,2,climatology,reference_r2,103.0,109.065427,200810,-6.065427
LA-LP,200812,3,climatology,reference_r2,126.82,157.555392,200810,-30.73539200000002
LA-LP,200901,1,climatology,reference_r2,0.16562,7.2554310000000015,200901,-7.089811000000002
LA-LP,200902,2,climatology,reference_r2,0.5962320000000001,6.247680000000001,200901,-5.651448
LA-LP,200903,3,climatology,reference_r2,0.4720169999999997,14.475235,200901,-14.003218
LA-LP,200904,1,climatology,reference_r2,0.8104469999999999,11.344577000000005,200904,-10.534130000000005
LA-LP,200905,2,climatology,reference_r2,3.589589,30.284835000000008,200904,-26.695246000000008
LA-LP,200906,3,climatology,reference_r2,5.813261999999998,51.266073000000006,200904,-45.45281100000001
LA-LP,200907,1,climatology,reference_r2,4.452995999999999,19.829588,200907,-15.376592000000002
LA-LP,200908,2,climatology,reference_r2,8.377825999999999,20.920720000000003,200907,-12.542894000000004
LA-LP,200909,3,climatology,reference_r2,238.358321,274.242217,200907,-35.88389599999999
LA-LP,200910,1,climatology,reference_r2,126.23871400000002,73.33034,200910,52.90837400000001
LA-LP,200911,2,climatology,reference_r2,61.383126999999995,35.217999,200910,26.165127999999996
LA-LP,200912,3,climatology,reference_r2,7.821726000000002,5.385577,200910,2.436149000000002
LA-OU,200801,1,climatology,reference_r2,0.0,0.0006019999999999,200801,-0.0006019999999999
LA-OU,200802,2,climatology,reference_r2,0.0,0.000144,200801,-0.000144
LA-OU,200803,3,climatology,reference_r2,0.0,0.0001449999999999,200801,-0.0001449999999999
LA-OU,200804,1,climatology,reference_r2,0.0,0.0016159999999999,200804,-0.0016159999999999
LA-OU,200805,2,climatology,reference_r2,0.01,0.0065069999999999,200804,0.0034930000000001
LA-OU,200806,3,climatology,reference_r2,0.01,0.012515,200804,-0.002515
LA-OU,200807,1,climatology,reference_r2,0.04,1.673562999999998,200807,-1.6335629999999979
LA-OU,200808,2,climatology,reference_r2,0.12,1.117217,200807,-0.9972169999999999
LA-OU,200809,3,climatology,reference_r2,0.04,1.5918880000000009,200807,-1.5518880000000008
LA-OU,200810,1,climatology,reference_r2,0.0799999999999999,0.0277979999999999,200810,0.052202000000000005
LA-OU,200811,2,climatology,reference_r2,0.01,0.003553,200810,0.006447
LA-OU,200812,3,climatology,reference_r2,0.0,0.0010979999999999,200810,-0.0010979999999999
LA-OU,200901,1,climatology,reference_r2,0.0,0.0002249999999999,200901,-0.0002249999999999
LA-OU,200902,2,climatology,reference_r2,0.0,6.499999999999909e-05,200901,-6.499999999999909e-05
LA-OU,200903,3,climatology,reference_r2,0.0,0.0004039999999999,200901,-0.0004039999999999
LA-OU,200904,1,climatology,reference_r2,0.0,0.000458,200904,-0.000458
LA-OU,200905,2,climatology,reference_r2,0.0082809999999999,0.0054399999999999,200904,0.0028409999999999998
LA-OU,200906,3,climatology,reference_r2,0.0082809999999999,0.0142229999999999,200904,-0.005942000000000001
LA-OU,200907,1,climatology,reference_r2,0.0331239999999999,1.9850020000000017,200907,-1.9518780000000018
LA-OU,200908,2,climatology,reference_r2,0.7353719999999999,2.865465999999998,200907,-2.130093999999998
LA-OU,200909,3,climatology,reference_r2,14.669124,8.683643999999997,200907,5.985480000000003
LA-OU,200910,1,climatology,reference_r2,4.974247999999999,2.262297,200910,2.7119509999999996
LA-OU,200911,2,climatology,reference_r2,12.826281,8.739315000000001,200910,4.0869659999999985
LA-OU,200912,3,climatology,reference_r2,18.0,16.027116,200910,1.9728840000000005
LA-PH,200901,1,climatology,reference_r2,0.0,0.010381,200901,-0.010381
LA-PH,200902,2,climatology,reference_r2,0.0,0.0150659999999999,200901,-0.0150659999999999
LA-PH,200903,3,climatology,reference_r2,0.0,0.0164999999999999,200901,-0.0164999999999999
LA-PH,200904,1,climatology,reference_r2,0.0,0.0030599999999999,200904,-0.0030599999999999
LA-PH,200905,2,climatology,reference_r2,0.0,0.010799,200904,-0.010799
LA-PH,200906,3,climatology,reference_r2,0.0,0.027202,200904,-0.027202
LA-PH,200907,1,climatology,reference_r2,0.0,0.1833019999999998,200907,-0.1833019999999998
LA-PH,200909,3,climatology,reference_r2,0.04,0.3112779999999997,200907,-0.27127799999999974
LA-PH,200910,1,climatology,reference_r2,0.0,0.0152059999999999,200910,-0.0152059999999999
LA-PH,200911,2,climatology,reference_r2,0.0,0.01267,200910,-0.01267
LA-PH,200912,3,climatology,reference_r2,0.0,0.001062,200910,-0.001062
LA-SL,200801,1,climatology,reference_r2,0.1099999999999999,1.0456119999999998,200801,-0.9356119999999999
LA-SL,200802,2,climatology,reference_r2,1.0,0.414529,200801,0.5854710000000001
LA-SL,200803,3,climatology,reference_r2,4.62,3.799716,200801,0.820284
LA-SL,200804,1,climatology,reference_r2,2.0,1.0690889999999995,200804,0.9309110000000005
LA-SL,200805,2,climatology,reference_r2,82.75,92.488938,200804,-9.738938000000005
LA-SL,200806,3,climatology,reference_r2,206.97,187.262872,200804,19.70712800000001
LA-SL,200807,1,climatology,reference_r2,75.25,48.78674299999999,200807,26.463257000000013
LA-SL,200808,2,climatology,reference_r2,52.45,38.631253000000015,200807,13.818746999999988
LA-SL,200809,3,climatology,reference_r2,76.05,56.62572899999999,200807,19.424271000000005
LA-SL,200810,1,climatology,reference_r2,89.54,37.748735,200810,51.791265
LA-SL,200811,2,climatology,reference_r2,19.16,7.083928,200810,12.076072
LA-SL,200812,3,climatology,reference_r2,5.69,2.6424499999999993,200810,3.047550000000001
LA-SL,200901,1,climatology,reference_r2,0.545091,1.283057,200901,-0.7379659999999999
LA-SL,200902,2,climatology,reference_r2,23.826281,18.99471,200901,4.831571
LA-SL,200903,3,climatology,reference_r2,23.817091,12.544033999999998,200901,11.273057000000003
LA-SL,200904,1,climatology,reference_r2,18.652562,6.620528,200904,12.032034
LA-SL,200905,2,climatology,reference_r2,83.899938,38.404691,200904,45.495247000000006
LA-SL,200906,3,climatology,reference_r2,30.133145000000003,32.06223299999999,200904,-1.9290879999999895
LA-SL,200907,1,climatology,reference_r2,148.17646399999998,114.145739,200907,34.030724999999975
LA-SL,200908,2,climatology,reference_r2,107.331804,87.96150799999998,200907,19.370296000000025
LA-SL,200909,3,climatology,reference_r2,68.83130799999999,57.79920899999999,200907,11.032099000000002
LA-SL,200910,1,climatology,reference_r2,76.984001,36.271739,200910,40.71226200000001
LA-SL,200911,2,climatology,reference_r2,38.830017000000005,17.818126,200910,21.011891000000006
LA-SL,200912,3,climatology,reference_r2,13.699703,6.460138000000001,200910,7.239564999999999
LA-SV,200801,1,climatology,reference_r2,1.7800000000000002,5.444440999999999,200801,-3.664440999999999
LA-SV,200802,2,climatology,reference_r2,0.6200000000000001,0.8866399999999999,200801,-0.26663999999999977
LA-SV,200803,3,climatology,reference_r2,1.42,0.451657,200801,0.968343
LA-SV,200804,1,climatology,reference_r2,6.08,4.906604,200804,1.1733960000000003
LA-SV,200805,2,climatology,reference_r2,27.53,5.819484000000001,200804,21.710516
LA-SV,200806,3,climatology,reference_r2,67.57,31.45649499999999,200804,36.113505
LA-SV,200807,1,climatology,reference_r2,150.21999999999997,23.64916000000005,200807,126.57083999999992
LA-SV,200808,2,climatology,reference_r2,140.25,26.75584200000003,200807,113.49415799999997
LA-SV,200809,3,climatology,reference_r2,115.49,25.80550100000005,200807,89.68449899999995
LA-SV,200810,1,climatology,reference_r2,53.19,3.97766,200810,49.21234
LA-SV,200811,2,climatology,reference_r2,12.810000000000002,0.7989510000000002,200810,12.011049000000002
LA-SV,200812,3,climatology,reference_r2,8.030000000000001,0.3231449999999999,200810,7.706855000000001
LA-SV,200901,1,climatology,reference_r2,1.7460180000000003,0.071795,200901,1.6742230000000002
LA-SV,200902,2,climatology,reference_r2,0.6034219999999999,0.020818,200901,0.5826039999999999
LA-SV,200903,3,climatology,reference_r2,1.0848110000000002,0.1522919999999999,200901,0.9325190000000003
LA-SV,200904,1,climatology,reference_r2,5.027028,0.250846,200904,4.7761819999999995
LA-SV,200905,2,climatology,reference_r2,23.760858999999996,1.4172769999999997,200904,22.343581999999998
LA-SV,200906,3,climatology,reference_r2,63.428528,1.5069610000000004,200904,61.921566999999996
LA-SV,200907,1,climatology,reference_r2,123.24315,30.662386999999967,200907,92.58076300000003
LA-SV,200908,2,climatology,reference_r2,102.30625,30.76234500000004,200907,71.54390499999997
LA-SV,200909,3,climatology,reference_r2,77.799763,37.724245,200907,40.075517999999995
LA-SV,200910,1,climatology,reference_r2,41.95170999999999,7.314817999999999,200910,34.63689199999999
LA-SV,200911,2,climatology,reference_r2,12.497231,13.378443,200910,-0.8812120000000014
LA-SV,200912,3,climatology,reference_r2,6.103097000000002,1.6980500000000005,200910,4.4050470000000015
LA-VT,200801,1,climatology,reference_r2,10.87,11.689757,200801,-0.819757000000001
LA-VT,200802,2,climatology,reference_r2,9.38,4.667682,200801,4.712318000000001
LA-VT,200803,3,climatology,reference_r2,4.52,18.237541,200801,-13.717541
LA-VT,200804,1,climatology,reference_r2,36.69,15.094431,200804,21.595568999999998
LA-VT,200805,2,climatology,reference_r2,62.27,22.198068999999997,200804,40.071931000000006
LA-VT,200806,3,climatology,reference_r2,83.00999999999999,101.127471,200804,-18.11747100000001
LA-VT,200807,1,climatology,reference_r2,191.24999999999997,78.54241000000002,200807,112.70758999999995
LA-VT,200808,2,climatology,reference_r2,165.86,84.81655799999993,200807,81.04344200000008
LA-VT,200809,3,climatology,reference_r2,113.29999999999998,93.17185599999992,200807,20.128144000000063
LA-VT,200810,1,climatology,reference_r2,129.48000000000002,36.00233899999999,200810,93.47766100000003
LA-VT,200811,2,climatology,reference_r2,36.84,64.894551,200810,-28.054551000000004
LA-VT,200812,3,climatology,reference_r2,17.979999999999997,54.026814,200810,-36.046814000000005
LA-VT,200901,1,climatology,reference_r2,7.815081999999997,21.962053,200901,-14.146971000000004
LA-VT,200902,2,climatology,reference_r2,3.934482,13.122546,200901,-9.188064
LA-VT,200903,3,climatology,reference_r2,7.282829999999999,5.846480999999999,200901,1.4363489999999999
LA-VT,200904,1,climatology,reference_r2,9.680054000000002,12.973296000000005,200904,-3.293242000000003
LA-VT,200905,2,climatology,reference_r2,27.720475,113.710575,200904,-85.99010000000001
LA-VT,200906,3,climatology,reference_r2,38.075081999999995,237.506582,200904,-199.43150000000003
LA-VT,200907,1,climatology,reference_r2,86.36204900000001,189.8490260000001,200907,-103.48697700000008
LA-VT,200908,2,climatology,reference_r2,101.891894,206.70273199999997,200907,-104.81083799999998
LA-VT,200909,3,climatology,reference_r2,112.384425,272.97224400000005,200907,-160.58781900000005
LA-VT,200910,1,climatology,reference_r2,145.485435,205.366876,200910,-59.881440999999995
LA-VT,200911,2,climatology,reference_r2,297.66520299999996,228.592663,200910,69.07253999999998
LA-VT,200912,3,climatology,reference_r2,224.551238,231.83302199999997,200910,-7.281783999999959
LA-XA,200801,1,climatology,reference_r2,0.17,1.0731100000000002,200801,-0.9031100000000002
LA-XA,200802,2,climatology,reference_r2,0.9500000000000002,0.210026,200801,0.7399740000000001
LA-XA,200803,3,climatology,reference_r2,0.7399999999999998,0.139015,200801,0.6009849999999998
LA-XA,200804,1,climatology,reference_r2,3.460000000000001,1.087943,200804,2.3720570000000007
LA-XA,200805,2,climatology,reference_r2,5.659999999999997,1.3733000000000004,200804,4.286699999999996
LA-XA,200806,3,climatology,reference_r2,14.03,2.502014,200804,11.527985999999999
LA-XA,200807,1,climatology,reference_r2,24.69,10.80233100000001,200807,13.887668999999992
LA-XA,200808,2,climatology,reference_r2,9.729999999999997,4.795306999999994,200807,4.934693000000003
LA-XA,200809,3,climatology,reference_r2,4.75,3.0675570000000008,200807,1.6824429999999992
LA-XA,200810,1,climatology,reference_r2,1.5699999999999994,1.5871300000000002,200810,-0.017130000000000756
LA-XA,200811,2,climatology,reference_r2,1.83,0.7547539999999999,200810,1.0752460000000001
LA-XA,200812,3,climatology,reference_r2,1.9600000000000009,0.3914660000000001,200810,1.5685340000000008
LA-XA,200901,1,climatology,reference_r2,0.1407769999999999,0.0828019999999999,200901,0.057975
LA-XA,200902,2,climatology,reference_r2,0.7866949999999999,0.035375,200901,0.7513199999999999
LA-XA,200903,3,climatology,reference_r2,0.6127940000000001,0.214829,200901,0.39796500000000007
LA-XA,200904,1,climatology,reference_r2,2.8624980000000004,0.337177,200904,2.5253210000000004
LA-XA,200905,2,climatology,reference_r2,4.777046000000006,1.240929,200904,3.5361170000000057
LA-XA,200906,3,climatology,reference_r2,13.430243,5.269497,200904,8.160746
LA-XA,200907,1,climatology,reference_r2,22.570512,7.643463999999995,200907,14.927048000000006
LA-XA,200908,2,climatology,reference_r2,13.305413,23.652629999999988,200907,-10.347216999999988
LA-XA,200909,3,climatology,reference_r2,6.654747,7.453452999999996,200907,-0.7987059999999957
LA-XA,200910,1,climatology,reference_r2,2.0250260000000004,4.422632,200910,-2.3976059999999997
LA-XA,200911,2,climatology,reference_r2,3.421968000000001,2.474596,200910,0.947372000000001
LA-XA,200912,3,climatology,reference_r2,1.5319850000000006,1.2573249999999998,200910,0.2746600000000008
LA-XE,200801,1,climatology,reference_r2,0.09,0.0218009999999999,200801,0.06819900000000009
LA-XE,200802,2,climatology,reference_r2,0.12,0.012725,200801,0.107275
LA-XE,200803,3,climatology,reference_r2,0.0,0.005561,200801,-0.005561
LA-XE,200804,1,climatology,reference_r2,0.0246419999999999,0.030751,200804,-0.0061090000000001005
LA-XE,200805,2,climatology,reference_r2,0.08,0.051755,200804,0.028245
LA-XE,200806,3,climatology,reference_r2,3.15,3.862645,200804,-0.7126450000000002
LA-XE,200807,1,climatology,reference_r2,0.4000000000000001,0.4080139999999996,200807,-0.008013999999999522
LA-XE,200808,2,climatology,reference_r2,0.1899999999999999,0.4500960000000003,200807,-0.2600960000000004
LA-XE,200809,3,climatology,reference_r2,0.6699999999999999,0.6479249999999999,200807,0.022075000000000067
LA-XE,200810,1,climatology,reference_r2,0.5599999999999998,0.049727,200810,0.5102729999999999
LA-XE,200811,2,climatology,reference_r2,0.0246419999999999,0.0155099999999999,200810,0.009132
LA-XE,200812,3,climatology,reference_r2,0.790321,0.868803,200810,-0.07848199999999994
LA-XE,200901,1,climatology,reference_r2,0.074529,0.005179,200901,0.06935
LA-XE,200902,2,climatology,reference_r2,1.371372,1.835477,200901,-0.464105
LA-XE,200903,3,climatology,reference_r2,2.0,1.764863,200901,0.23513699999999993
LA-XE,200904,1,climatology,reference_r2,0.8200000000000001,0.4672109999999999,200904,0.3527890000000002
LA-XE,200905,2,climatology,reference_r2,1.338248,0.8595459999999999,200904,0.4787020000000002
LA-XE,200906,3,climatology,reference_r2,6.6023309999999995,5.9161459999999995,200904,0.686185
LA-XE,200907,1,climatology,reference_r2,26.41924,25.394755,200907,1.0244849999999985
LA-XE,200908,2,climatology,reference_r2,25.883339,22.176722,200907,3.706616999999998
LA-XE,200909,3,climatology,reference_r2,4.097554,4.178295,200907,-0.08074100000000062
LA-XE,200910,1,climatology,reference_r2,4.551736,2.9374319999999994,200910,1.6143040000000006
LA-XE,200911,2,climatology,reference_r2,2.6199999999999997,10.548491000000006,200910,-7.928491000000006
LA-XE,200912,3,climatology,reference_r2,6.64,9.168519000000003,200910,-2.5285190000000037
LA-XI,200801,1,climatology,reference_r2,0.0,0.0004439999999999,200801,-0.0004439999999999
LA-XI,200802,2,climatology,reference_r2,0.0,5.299999999999923e-05,200801,-5.299999999999923e-05
LA-XI,200803,3,climatology,reference_r2,0.0,0.0002599999999999,200801,-0.0002599999999999
LA-XI,200804,1,climatology,reference_r2,0.0,0.00102,200804,-0.00102
LA-XI,200805,2,climatology,reference_r2,0.0,0.000821,200804,-0.000821
LA-XI,200806,3,climatology,reference_r2,1.0,0.933181,200804,0.06681899999999996
LA-XI,200807,1,climatology,reference_r2,0.0,0.346756,200807,-0.346756
LA-XI,200808,2,climatology,reference_r2,0.02,0.3214660000000009,200807,-0.3014660000000009
LA-XI,200809,3,climatology,reference_r2,0.01,0.3854030000000001,200807,-0.3754030000000001
LA-XI,200810,1,climatology,reference_r2,0.0,0.01438,200810,-0.01438
LA-XI,200811,2,climatology,reference_r2,0.01,0.0026289999999999,200810,0.0073710000000001
LA-XI,200812,3,climatology,reference_r2,0.0,0.001548,200810,-0.001548
LA-XI,200901,1,climatology,reference_r2,0.0,0.0008039999999999,200901,-0.0008039999999999
LA-XI,200902,2,climatology,reference_r2,0.0,0.00271,200901,-0.00271
LA-XI,200903,3,climatology,reference_r2,0.0,0.002221,200901,-0.002221
LA-XI,200904,1,climatology,reference_r2,0.0,0.0007349999999999,200904,-0.0007349999999999
LA-XI,200905,2,climatology,reference_r2,39.0,38.950457,200904,0.04954299999999989
LA-XI,200906,3,climatology,reference_r2,32.826281,32.819494,200904,0.006787000000002763
LA-XI,200907,1,climatology,reference_r2,1.0,0.6735409999999993,200907,0.3264590000000007
LA-XI,200908,2,climatology,reference_r2,9.652562,7.147765000000001,200907,2.504796999999999
LA-XI,200909,3,climatology,reference_r2,0.0082809999999999,0.4093920000000004,200907,-0.40111100000000055
LA-XI,200910,1,climatology,reference_r2,0.0,0.8393410000000001,200910,-0.8393410000000001
LA-XI,200911,2,climatology,reference_r2,0.0082809999999999,0.3995899999999999,200910,-0.391309
LA-XI,200912,3,climatology,reference_r2,0.0,0.165825,200910,-0.165825
LA-AT,200801,1,climatology,reference_r3,4.0,2.8753360000000003,200801,1.1246639999999997
LA-AT,200802,2,climatology,reference_r3,1.63,1.246732,200801,0.38326799999999994
LA-AT,200803,3,climatology,reference_r3,0.0,0.0776459999999999,200801,-0.0776459999999999
LA-AT,200804,1,climatology,reference_r3,0.02,0.601259,200804,-0.581259
LA-AT,200805,2,climatology,reference_r3,3.45,1.535256,200804,1.9147440000000002
LA-AT,200806,3,climatology,reference_r3,8.86,3.591926,200804,5.2680739999999995
LA-AT,200807,1,climatology,reference_r3,4.54,3.479008999999998,200807,1.0609910000000022
LA-AT,200808,2,climatology,reference_r3,9.47,6.760175000000004,200807,2.709824999999997
LA-AT,200809,3,climatology,reference_r3,17.57,16.802501,200807,0.7674990000000008
LA-AT,200810,1,climatology,reference_r3,38.95,32.246725,200810,6.703275000000005
LA-AT,200811,2,climatology,reference_r3,43.0,35.932750999999996,200810,7.067249000000004
LA-AT,200812,3,climatology,reference_r3,22.28,16.63512,200810,5.644880000000001
LA-AT,200901,1,climatology,reference_r3,17.305124,8.237484,200901,9.067639999999999
LA-AT,200902,2,climatology,reference_r3,45.164529,39.309762,200901,5.8547670000000025
LA-AT,200903,3,climatology,reference_r3,77.0,59.094952,200901,17.905048
LA-AT,200904,1,climatology,reference_r3,98.652562,40.706911,200904,57.945651000000005
LA-AT,200905,2,climatology,reference_r3,0.1242149999999999,78.635321,200904,-78.511106
LA-AT,200906,3,climatology,reference_r3,21.319868,41.160718,200904,-19.840850000000003
LA-AT,200907,1,climatology,reference_r3,61.750116,47.41860899999999,200907,14.331507000000009
LA-AT,200908,2,climatology,reference_r3,17.823736,14.600046,200907,3.2236899999999995
LA-AT,200909,3,climatology,reference_r3,10.060613,10.81738,200907,-0.756767
LA-AT,200910,1,climatology,reference_r3,4.830283999999999,6.874393000000001,200910,-2.0441090000000024
LA-AT,200911,2,climatology,reference_r3,13.444083,5.902303999999999,200910,7.541779
LA-AT,200912,3,climatology,reference_r3,4.502959,5.843610999999999,200910,-1.3406519999999995
LA-BK,200801,1,climatology,reference_r3,0.81,0.960401,200801,-0.1504009999999999
LA-BK,200802,2,climatology,reference_r3,0.01,9.99999999999994e-05,200801,0.0099
LA-BK,200803,3,climatology,reference_r3,0.01,6.399999999999982e-05,200801,0.009936
LA-BK,200804,1,climatology,reference_r3,0.01,0.0042849999999999,200804,0.0057150000000001
LA-BK,200805,2,climatology,reference_r3,11.64,11.582519,200804,0.057481000000001004
LA-BK,200806,3,climatology,reference_r3,52.17,52.399882,200804,-0.22988199999999637
LA-BK,200807,1,climatology,reference_r3,0.6600000000000001,1.9540170000000003,200807,-1.2940170000000002
LA-BK,200808,2,climatology,reference_r3,6.84,5.780802000000001,200807,1.0591979999999985
LA-BK,200809,3,climatology,reference_r3,29.34,21.504078999999997,200807,7.835921000000003
LA-BK,200810,1,climatology,reference_r3,44.92,23.83023399999999,200810,21.08976600000001
LA-BK,200811,2,climatology,reference_r3,55.0,47.70185,200810,7.29815
LA-BK,200812,3,climatology,reference_r3,5.0,2.83385,200810,2.16615
LA-BK,200901,1,climatology,reference_r3,0.6691239999999999,0.4965379999999999,200901,0.17258600000000002
LA-BK,200902,2,climatology,reference_r3,0.0082809999999999,0.2767909999999999,200901,-0.26851
LA-BK,200903,3,climatology,reference_r3,0.826281,0.6053459999999999,200901,0.2209350000000001
LA-BK,200904,1,climatology,reference_r3,2.826281,1.3619459999999997,200904,1.4643350000000002
LA-BK,200905,2,climatology,reference_r3,71.61762,43.735017,200904,27.882603000000003
LA-BK,200906,3,climatology,reference_r3,206.10648,141.527765,200904,64.57871500000002
LA-BK,200907,1,climatology,reference_r3,209.635455,187.716271,200907,21.919184
LA-BK,200908,2,climatology,reference_r3,106.650017,90.502417,200907,16.14760000000001
LA-BK,200909,3,climatology,reference_r3,43.240067,39.515868000000005,200907,3.7241989999999987
LA-BK,200910,1,climatology,reference_r3,23.210034,19.52218,200910,3.6878540000000015
LA-BK,200911,2,climatology,reference_r3,4.5454550000000005,10.895572999999995,200910,-6.350117999999995
LA-BK,200912,3,climatology,reference_r3,3.313405,4.915691999999998,200910,-1.6022869999999982
LA-BL,200801,1,climatology,reference_r3,5.6899999999999995,5.18305,200801,0.5069499999999998
LA-BL,200802,2,climatology,reference_r3,2.88,5.874608,200801,-2.9946080000000004
LA-BL,200803,3,climatology,reference_r3,2.29,0.4283490000000001,200801,1.861651
LA-BL,200804,1,climatology,reference_r3,2.8299999999999996,1.9400239999999993,200804,0.8899760000000003
LA-BL,200805,2,climatology,reference_r3,9.2,5.472131,200804,3.727868999999999
LA-BL,200806,3,climatology,reference_r3,10.070000000000002,6.173449999999999,200804,3.896550000000003
LA-BL,200807,1,climatology,reference_r3,27.62,19.558330999999995,200807,8.061669000000006
LA-BL,200808,2,climatology,reference_r3,19.03,20.416618,200807,-1.3866179999999986
LA-BL,200809,3,climatology,reference_r3,25.370000000000005,17.84726899999999,200807,7.5227310000000145
LA-BL,200810,1,climatology,reference_r3,16.870000000000005,10.061753000000005,200810,6.808247
LA-BL,200811,2,climatology,reference_r3,6.290000000000001,4.1664129999999995,200810,2.1235870000000014
LA-BL,200812,3,climatology,reference_r3,2.05,0.8339029999999998,200810,1.216097
LA-BL,200901,1,climatology,reference_r3,0.7038849999999999,0.7139660000000001,200901,-0.010081000000000229
LA-BL,200902,2,climatology,reference_r3,0.926381,1.766136,200901,-0.8397549999999999
LA-BL,200903,3,climatology,reference_r3,2.5287120000000005,1.0953679999999997,200901,1.4333440000000008
LA-BL,200904,1,climatology,reference_r3,2.7938859999999996,0.8668159999999996,200904,1.92707
LA-BL,200905,2,climatology,reference_r3,17.157429000000004,4.2568209999999995,200904,12.900608000000005
LA-BL,200906,3,climatology,reference_r3,16.873330000000003,5.676874999999999,200904,11.196455000000004
LA-BL,200907,1,climatology,reference_r3,20.996472,21.06193200000001,200907,-0.06546000000000873
LA-BL,200908,2,climatology,reference_r3,33.260011999999996,5.561838000000002,200907,27.698173999999995
LA-BL,200909,3,climatology,reference_r3,41.130528,4.8732809999999915,200907,36.25724700000001
LA-BL,200910,1,climatology,reference_r3,17.210586000000003,4.983514999999999,200910,12.227071000000004
LA-BL,200911,2,climatology,reference_r3,11.201476,1.770201,200910,9.431275
LA-BL,200912,3,climatology,reference_r3,1.6965139999999996,0.7687080000000002,200910,0.9278059999999995
LA-CH,200801,1,climatology,reference_r3,47.5,29.97579,200801,17.52421
LA-CH,200802,2,climatology,reference_r3,53.03999999999999,41.13403100000001,200801,11.905968999999985
LA-CH,200803,3,climatology,reference_r3,50.58,50.801792000000006,200801,-0.22179200000000776
LA-CH,200804,1,climatology,reference_r3,31.85,32.135726000000005,200804,-0.2857260000000039
LA-CH,200805,2,climatology,reference_r3,38.959999999999994,47.55250800000002,200804,-8.592508000000024
LA-CH,200806,3,climatology,reference_r3,127.17000000000002,113.044825,200804,14.125175000000013
LA-CH,200807,1,climatology,reference_r3,41.25,96.510088,200807,-55.260087999999996
LA-CH,200808,2,climatology,reference_r3,42.510000000000005,87.92616499999997,200807,-45.416164999999964
LA-CH,200809,3,climatology,reference_r3,49.599999999999994,118.39549899999996,200807,-68.79549899999996
LA-CH,200810,1,climatology,reference_r3,37.669999999999995,50.73405599999998,200810,-13.064055999999987
LA-CH,200811,2,climatology,reference_r3,41.07000000000001,48.414728999999994,200810,-7.344728999999987
LA-CH,200812,3,climatology,reference_r3,33.34,34.790358999999995,200810,-1.4503589999999917
LA-CH,200901,1,climatology,reference_r3,10.890717,9.474019000000002,200901,1.4166979999999985
LA-CH,200902,2,climatology,reference_r3,19.093116999999996,26.524021000000005,200901,-7.430904000000009
LA-CH,200903,3,climatology,reference_r3,21.42854,21.183761,200901,0.2447790000000012
LA-CH,200904,1,climatology,reference_r3,53.487149,32.951474000000005,200904,20.535674999999998
LA-CH,200905,2,climatology,reference_r3,19.053490000000004,136.27215,200904,-117.21866
LA-CH,200906,3,climatology,reference_r3,30.695037999999997,94.285319,200904,-63.590281000000004
LA-CH,200907,1,climatology,reference_r3,45.004213,69.004549,200907,-24.000335999999997
LA-CH,200908,2,climatology,reference_r3,44.17307600000001,63.25608699999998,200907,-19.08301099999997
LA-CH,200909,3,climatology,reference_r3,32.110839000000006,58.90093500000003,200907,-26.790096000000027
LA-CH,200910,1,climatology,reference_r3,23.227603,19.894447,200910,3.333155999999999
LA-CH,200911,2,climatology,reference_r3,12.418226999999998,12.661603,200910,-0.24337600000000137
LA-CH,200912,3,climatology,reference_r3,14.757385999999997,13.921396000000009,200910,0.8359899999999882
LA-HO,200801,1,climatology,reference_r3,0.01,0.003089,200801,0.0069110000000000005
LA-HO,200802,2,climatology,reference_r3,0.01,0.0009869999999999,200801,0.0090130000000001
LA-HO,200803,3,climatology,reference_r3,0.01,0.0107299999999999,200801,-0.0007299999999998991
LA-HO,200804,1,climatology,reference_r3,0.01,0.0118,200804,-0.0017999999999999995
LA-HO,200805,2,climatology,reference_r3,0.0,0.0110169999999999,200804,-0.0110169999999999
LA-HO,200806,3,climatology,reference_r3,0.0599999999999999,0.0080689999999999,200804,0.051931000000000005
LA-HO,200807,1,climatology,reference_r3,0.1999999999999999,0.3878019999999988,200807,-0.18780199999999891
LA-HO,200808,2,climatology,reference_r3,0.0,0.4517649999999999,200807,-0.4517649999999999
LA-HO,200809,3,climatology,reference_r3,0.6900000000000002,0.7392309999999993,200807,-0.04923099999999914
LA-HO,200810,1,climatology,reference_r3,0.02,0.056651,200810,-0.036651
LA-HO,200811,2,climatology,reference_r3,0.0,0.0055189999999999,200810,-0.0055189999999999
LA-HO,200812,3,climatology,reference_r3,0.65,0.906372,200810,-0.25637199999999993
LA-HO,200901,1,climatology,reference_r3,0.0082809999999999,0.012274,200901,-0.003993000000000101
LA-HO,200902,2,climatology,reference_r3,0.0082809999999999,0.030451,200901,-0.0221700000000001
LA-HO,200903,3,climatology,reference_r3,0.0082809999999999,0.023454,200901,-0.0151730000000001
LA-HO,200904,1,climatology,reference_r3,0.0082809999999999,0.0050609999999999,200904,0.0032199999999999998
LA-HO,200905,2,climatology,reference_r3,0.0,0.0089839999999999,200904,-0.0089839999999999
LA-HO,200906,3,climatology,reference_r3,0.049686,0.0291629999999999,200904,0.0205230000000001
LA-HO,200907,1,climatology,reference_r3,0.16562,0.3831220000000002,200907,-0.2175020000000002
LA-HO,200908,2,climatology,reference_r3,0.0,0.7234189999999998,200907,-0.7234189999999998
LA-HO,200909,3,climatology,reference_r3,0.5699339999999999,0.825012000000001,200907,-0.255078000000001
LA-HO,200910,1,climatology,reference_r3,0.834562,0.568589,200910,0.265973
LA-HO,200911,2,climatology,reference_r3,1.0,0.8138890000000001,200910,0.18611099999999992
LA-HO,200912,3,climatology,reference_r3,0.53681,0.876261,200910,-0.33945099999999995
LA-KH,200801,1,climatology,reference_r3,1.1499999999999997,0.8064630000000002,200801,0.34353699999999954
LA-KH,200802,2,climatology,reference_r3,0.1499999999999999,0.0926319999999999,200801,0.057368000000000016
LA-KH,200803,3,climatology,reference_r3,0.04,0.0843749999999999,200801,-0.044374999999999894
LA-KH,200804,1,climatology,reference_r3,0.1099999999999999,0.686204,200804,-0.5762040000000002
LA-KH,200805,2,climatology,reference_r3,1.38,0.8488650000000002,200804,0.5311349999999997
LA-KH,200806,3,climatology,reference_r3,8.940000000000001,2.841744000000001,200804,6.098256
LA-KH,200807,1,climatology,reference_r3,35.06999999999999,4.2249009999999885,200807,30.845099000000005
LA-KH,200808,2,climatology,reference_r3,37.92,4.712040999999999,200807,33.207959
LA-KH,200809,3,climatology,reference_r3,14.089999999999996,5.051953999999995,200807,9.038046000000001
LA-KH,200810,1,climatology,reference_r3,5.470000000000001,0.7567719999999998,200810,4.713228000000001
LA-KH,200811,2,climatology,reference_r3,1.4299999999999995,1.688117,200810,-0.2581170000000006
LA-KH,200812,3,climatology,reference_r3,3.69,3.268253,200810,0.42174699999999987
LA-KH,200901,1,climatology,reference_r3,0.9523149999999996,0.08488,200901,0.8674349999999996
LA-KH,200902,2,climatology,reference_r3,0.1242149999999999,0.020025,200901,0.1041899999999999
LA-KH,200903,3,climatology,reference_r3,5.305124,4.762649,200901,0.5424750000000005
LA-KH,200904,1,climatology,reference_r3,0.091091,0.4158919999999999,200904,-0.3248009999999999
LA-KH,200905,2,climatology,reference_r3,4.0487779999999995,1.908949,200904,2.1398289999999998
LA-KH,200906,3,climatology,reference_r3,46.36775900000001,64.669179,200904,-18.301419999999993
LA-KH,200907,1,climatology,reference_r3,68.223464,115.283637,200907,-47.06017299999999
LA-KH,200908,2,climatology,reference_r3,171.36027,241.09763300000003,200907,-69.73736300000002
LA-KH,200909,3,climatology,reference_r3,187.121383,218.77734399999997,200907,-31.655960999999962
LA-KH,200910,1,climatology,reference_r3,57.593343,44.917058999999995,200910,12.676284000000003
LA-KH,200911,2,climatology,reference_r3,54.814001,19.835632000000004,200910,34.978368999999994
LA-KH,200912,3,climatology,reference_r3,52.764233,28.204306000000003,200910,24.559926999999995
LA-LM,200801,1,climatology,reference_r3,0.0,8.099999999999948e-05,200801,-8.099999999999948e-05
LA-LM,200802,2,climatology,reference_r3,0.0,1.600000000000039e-05,200801,-1.600000000000039e-05
LA-LM,200803,3,climatology,reference_r3,0.0499999999999999,1.600000000000039e-05,200801,0.0499839999999999
LA-LM,200804,1,climatology,reference_r3,0.01,0.0002649999999999,200804,0.0097350000000001
LA-LM,200805,2,climatology,reference_r3,0.0,0.0011089999999999,200804,-0.0011089999999999
LA-LM,200806,3,climatology,reference_r3,0.0,0.0012619999999999,200804,-0.0012619999999999
LA-LM,200807,1,climatology,reference_r3,0.0499999999999999,0.8339110000000005,200807,-0.7839110000000006
LA-LM,200808,2,climatology,reference_r3,0.0299999999999999,0.3847849999999999,200807,-0.35478499999999996
LA-LM,200809,3,climatology,reference_r3,0.0,0.6501090000000005,200807,-0.6501090000000005
LA-LM,200810,1,climatology,reference_r3,0.09,0.0265849999999999,200810,0.0634150000000001
LA-LM,200811,2,climatology,reference_r3,0.02,0.005526,200810,0.014474
LA-LM,200812,3,climatology,reference_r3,0.0,0.0009859999999999,200810,-0.0009859999999999
LA-LM,200901,1,climatology,reference_r3,0.0,0.0001969999999999,200901,-0.0001969999999999
LA-LM,200902,2,climatology,reference_r3,0.0,0.0001209999999999,200901,-0.0001209999999999
LA-LM,200903,3,climatology,reference_r3,0.041405,0.0001209999999999,200901,0.0412840000000001
LA-LM,200904,1,climatology,reference_r3,0.826281,0.944804,200904,-0.11852299999999993
LA-LM,200905,2,climatology,reference_r3,0.0,0.0039539999999999,200904,-0.0039539999999999
LA-LM,200906,3,climatology,reference_r3,2.0,1.75413,200904,0.24587000000000003
LA-LM,200907,1,climatology,reference_r3,0.677405,0.8859680000000001,200907,-0.20856300000000005
LA-LM,200908,2,climatology,reference_r3,0.024843,1.03716,200907,-1.0123170000000001
LA-LM,200909,3,climatology,reference_r3,4.0,2.293685,200907,1.706315
LA-LM,200910,1,climatology,reference_r3,4.164529,2.7676549999999995,200910,1.3968740000000004
LA-LM,200911,2,climatology,reference_r3,5.652562,4.8913210000000005,200910,0.7612409999999992
LA-LM,200912,3,climatology,reference_r3,4.0,3.310133,200910,0.689867
LA-LP,200801,1,climatology,reference_r3,0.1999999999999999,0.879527,200801,-0.679527
LA-LP,200802,2,climatology,reference_r3,13.92,14.218008,200801,-0.2980079999999994
LA-LP,200803,3,climatology,reference_r3,20.81,20.426416,200801,0.38358399999999904
LA-LP,200804,1,climatology,reference_r3,31.229999999999997,13.850242,200804,17.379757999999995
LA-LP,200805,2,climatology,reference_r3,107.3,74.267398,200804,33.032602
LA-LP,200806,3,climatology,reference_r3,132.97,93.449751,200804,39.52024899999999
LA-LP,200807,1,climatology,reference_r3,10.659999999999998,10.343443,200807,0.31655699999999776
LA-LP,200808,2,climatology,reference_r3,12.43,8.370263999999999,200807,4.059736000000001
LA-LP,200809,3,climatology,reference_r3,10.5,9.173119,200807,1.3268810000000002
LA-LP,200810,1,climatology,reference_r3,9.55,17.079786,200810,-7.529785999999998
LA-LP,200811,2,climatology,reference_r3,103.0,108.744804,200810,-5.744804000000002
LA-LP,200812,3,climatology,reference_r3,126.82,158.02091299999998,200810,-31.200912999999986
LA-LP,200901,1,climatology,reference_r3,0.16562,8.390830999999999,200901,-8.225210999999998
LA-LP,200902,2,climatology,reference_r3,0.5962320000000001,4.821031,200901,-4.224798999999999
LA-LP,200903,3,climatology,reference_r3,0.4720169999999997,11.424651,200901,-10.952634000000002
LA-LP,200904,1,climatology,reference_r3,0.8104469999999999,11.263314,200904,-10.452867
LA-LP,200905,2,climatology,reference_r3,3.589589,25.571546000000005,200904,-21.981957000000005
LA-LP,200906,3,climatology,reference_r3,5.813261999999998,50.20542499999999,200904,-44.392163
LA-LP,200907,1,climatology,reference_r3,4.452995999999999,20.618247000000004,200907,-16.165251000000005
LA-LP,200908,2,climatology,reference_r3,8.377825999999999,21.64074,200907,-13.262914000000002
LA-LP,200909,3,climatology,reference_r3,238.358321,279.070114,200907,-40.711793
LA-LP,200910,1,climatology,reference_r3,126.23871400000002,68.71068799999999,200910,57.528026000000025
LA-LP,200911,2,climatology,reference_r3,61.383126999999995,42.588798999999995,200910,18.794328
LA-LP,200912,3,climatology,reference_r3,7.821726000000002,6.369770999999998,200910,1.4519550000000034
LA-OU,200801,1,climatology,reference_r3,0.0,0.000841,200801,-0.000841
LA-OU,200802,2,climatology,reference_r3,0.0,0.00017,200801,-0.00017
LA-OU,200803,3,climatology,reference_r3,0.0,1.600000000000039e-05,200801,-1.600000000000039e-05
LA-OU,200804,1,climatology,reference_r3,0.0,0.002526,200804,-0.002526
LA-OU,200805,2,climatology,reference_r3,0.01,0.0069599999999999,200804,0.0030400000000001
LA-OU,200806,3,climatology,reference_r3,0.01,0.014297,200804,-0.0042970000000000005
LA-OU,200807,1,climatology,reference_r3,0.04,1.864627999999996,200807,-1.824627999999996
LA-OU,200808,2,climatology,reference_r3,0.12,0.9577130000000018,200807,-0.8377130000000018
LA-OU,200809,3,climatology,reference_r3,0.04,1.3580059999999996,200807,-1.3180059999999996
LA-OU,200810,1,climatology,reference_r3,0.0799999999999999,0.0342379999999999,200810,0.045762000000000004
LA-OU,200811,2,climatology,reference_r3,0.01,0.0043929999999999,200810,0.005607000000000101
LA-OU,200812,3,climatology,reference_r3,0.0,0.000538,200810,-0.000538
LA-OU,200901,1,climatology,reference_r3,0.0,0.000122,200901,-0.000122
LA-OU,200902,2,climatology,reference_r3,0.0,0.000144,200901,-0.000144
LA-OU,200903,3,climatology,reference_r3,0.0,0.0004419999999999,200901,-0.0004419999999999
LA-OU,200904,1,climatology,reference_r3,0.0,0.0007929999999999,200904,-0.0007929999999999
LA-OU,200905,2,climatology,reference_r3,0.0082809999999999,0.005594,200904,0.0026869999999998995
LA-OU,200906,3,climatology,reference_r3,0.0082809999999999,0.0181969999999999,200904,-0.009916000000000001
LA-OU,200907,1,climatology,reference_r3,0.0331239999999999,1.8353520000000003,200907,-1.8022280000000004
LA-OU,200908,2,climatology,reference_r3,0.7353719999999999,2.5456730000000007,200907,-1.8103010000000008
LA-OU,200909,3,climatology,reference_r3,14.669124,8.673551,200907,5.995573
LA-OU,200910,1,climatology,reference_r3,4.974247999999999,2.1342939999999997,200910,2.8399539999999996
LA-OU,200911,2,climatology,reference_r3,12.826281,9.610889,200910,3.2153919999999996
LA-OU,200912,3,climatology,reference_r3,18.0,15.842523,200910,2.157477
LA-PH,200901,1,climatology,reference_r3,0.0,0.013209,200901,-0.013209
LA-PH,200902,2,climatology,reference_r3,0.0,0.013346,200901,-0.013346
LA-PH,200903,3,climatology,reference_r3,0.0,0.019425,200901,-0.019425
LA-PH,200904,1,climatology,reference_r3,0.0,0.00589,200904,-0.00589
LA-PH,200905,2,climatology,reference_r3,0.0,0.0129549999999999,200904,-0.0129549999999999
LA-PH,200906,3,climatology,reference_r3,0.0,0.0315079999999998,200904,-0.0315079999999998
LA-PH,200907,1,climatology,reference_r3,0.0,0.1862259999999995,200907,-0.1862259999999995
LA-PH,200909,3,climatology,reference_r3,0.04,0.3257380000000003,200907,-0.2857380000000003
LA-PH,200910,1,climatology,reference_r3,0.0,0.018875,200910,-0.018875
LA-PH,200911,2,climatology,reference_r3,0.0,0.0048129999999999,200910,-0.0048129999999999
LA-PH,200912,3,climatology,reference_r3,0.0,0.0011609999999999,200910,-0.0011609999999999
LA-SL,200801,1,climatology,reference_r3,0.1099999999999999,0.94842,200801,-0.8384200000000002
LA-SL,200802,2,climatology,reference_r3,1.0,0.430129,200801,0.569871
LA-SL,200803,3,climatology,reference_r3,4.62,3.623937999999999,200801,0.9960620000000011
LA-SL,200804,1,climatology,reference_r3,2.0,1.0851900000000003,200804,0.9148099999999997
LA-SL,200805,2,climatology,reference_r3,82.75,90.802917,200804,-8.052916999999994
LA-SL,200806,3,climatology,reference_r3,206.97,188.80843,200804,18.16157000000001
LA-SL,200807,1,climatology,reference_r3,75.25,49.564234,200807,25.685766
LA-SL,200808,2,climatology,reference_r3,52.45,40.54563399999999,200807,11.90436600000001
LA-SL,200809,3,climatology,reference_r3,76.05,56.23806900000001,200807,19.811930999999987
LA-SL,200810,1,climatology,reference_r3,89.54,40.001926,200810,49.53807400000001
LA-SL,200811,2,climatology,reference_r3,19.16,7.453512000000002,200810,11.706487999999998
LA-SL,200812,3,climatology,reference_r3,5.69,2.652851,200810,3.0371490000000003
LA-SL,200901,1,climatology,reference_r3,0.545091,1.7577410000000002,200901,-1.2126500000000002
LA-SL,200902,2,climatology,reference_r3,23.826281,19.638183,200901,4.188098
LA-SL,200903,3,climatology,reference_r3,23.817091,13.457545,200901,10.359546000000002
LA-SL,200904,1,climatology,reference_r3,18.652562,6.476237000000001,200904,12.176324999999999
LA-SL,200905,2,climatology,reference_r3,83.899938,39.398402,200904,44.50153600000001
LA-SL,200906,3,climatology,reference_r3,30.133145000000003,34.960459000000014,200904,-4.827314000000012
LA-SL,200907,1,climatology,reference_r3,148.17646399999998,111.154907,200907,37.02155699999999
LA-SL,200908,2,climatology,reference_r3,107.331804,85.62148400000001,200907,21.710319999999996
LA-SL,200909,3,climatology,reference_r3,68.83130799999999,59.51284199999999,200907,9.318466
LA-SL,200910,1,climatology,reference_r3,76.984001,35.72203400000001,200910,41.261967
LA-SL,200911,2,climatology,reference_r3,38.830017000000005,14.541368000000006,200910,24.288649
LA-SL,200912,3,climatology,reference_r3,13.699703,7.368538999999998,200910,6.331164000000001
LA-SV,200801,1,climatology,reference_r3,1.7800000000000002,6.343932000000001,200801,-4.563932
LA-SV,200802,2,climatology,reference_r3,0.6200000000000001,1.1522020000000004,200801,-0.5322020000000003
LA-SV,200803,3,climatology,reference_r3,1.42,0.519744,200801,0.900256
LA-SV,200804,1,climatology,reference_r3,6.08,5.069597,200804,1.0104030000000002
LA-SV,200805,2,climatology,reference_r3,27.53,5.928521999999999,200804,21.601478
LA-SV,200806,3,climatology,reference_r3,67.57,28.011697,200804,39.558302999999995
LA-SV,200807,1,climatology,reference_r3,150.21999999999997,24.24969999999996,200807,125.97030000000001
LA-SV,200808,2,climatology,reference_r3,140.25,23.30398600000001,200807,116.94601399999999
LA-SV,200809,3,climatology,reference_r3,115.49,24.80402700000002,200807,90.68597299999998
LA-SV,200810,1,climatology,reference_r3,53.19,3.778307,200810,49.411693
LA-SV,200811,2,climatology,reference_r3,12.810000000000002,0.7563069999999998,200810,12.053693000000003
LA-SV,200812,3,climatology,reference_r3,8.030000000000001,0.2857970000000001,200810,7.744203000000001
LA-SV,200901,1,climatology,reference_r3,1.7460180000000003,0.076593,200901,1.6694250000000004
LA-SV,200902,2,climatology,reference_r3,0.6034219999999999,0.010589,200901,0.5928329999999999
LA-SV,200903,3,climatology,reference_r3,1.0848110000000002,0.1156599999999999,200901,0.9691510000000003
LA-SV,200904,1,climatology,reference_r3,5.027028,0.2275589999999999,200904,4.799468999999999
LA-SV,200905,2,climatology,reference_r3,23.760858999999996,1.3903179999999995,200904,22.370540999999996
LA-SV,200906,3,climatology,reference_r3,63.428528,1.8154330000000003,200904,61.613095
LA-SV,200907,1,climatology,reference_r3,123.24315,33.96630299999998,200907,89.27684700000002
LA-SV,200908,2,climatology,reference_r3,102.30625,34.823421999999994,200907,67.48282800000001
LA-SV,200909,3,climatology,reference_r3,77.799763,37.87798900000007,200907,39.92177399999993
LA-SV,200910,1,climatology,reference_r3,41.95170999999999,6.342349000000002,200910,35.60936099999999
LA-SV,200911,2,climatology,reference_r3,12.497231,17.117534,200910,-4.620303
LA-SV,200912,3,climatology,reference_r3,6.103097000000002,1.7962869999999995,200910,4.306810000000002
LA-VT,200801,1,climatology,reference_r3,10.87,11.746502,200801,-0.8765020000000003
LA-VT,200802,2,climatology,reference_r3,9.38,3.888460000000001,200801,5.49154
LA-VT,200803,3,climatology,reference_r3,4.52,16.553672000000002,200801,-12.033672000000003
LA-VT,200804,1,climatology,reference_r3,36.69,14.906576,200804,21.783423999999997
LA-VT,200805,2,climatology,reference_r3,62.27,22.066223,200804,40.203777
LA-VT,200806,3,climatology,reference_r3,83.00999999999999,94.77330899999998,200804,-11.763308999999992
LA-VT,200807,1,climatology,reference_r3,191.24999999999997,85.952495,200807,105.29750499999997
LA-VT,200808,2,climatology,reference_r3,165.86,89.18191100000001,200807,76.678089
LA-VT,200809,3,climatology,reference_r3,113.29999999999998,92.10323300000005,200807,21.196766999999937
LA-VT,200810,1,climatology,reference_r3,129.48000000000002,33.762259,200810,95.71774100000002
LA-VT,200811,2,climatology,reference_r3,36.84,61.414296,200810,-24.574295999999997
LA-VT,200812,3,climatology,reference_r3,17.979999999999997,54.474912,200810,-36.49491200000001
LA-VT,200901,1,climatology,reference_r3,7.815081999999997,19.919134999999997,200901,-12.104053
LA-VT,200902,2,climatology,reference_r3,3.934482,14.362582000000002,200901,-10.4281
LA-VT,200903,3,climatology,reference_r3,7.282829999999999,6.1726220000000005,200901,1.1102079999999983
LA-VT,200904,1,climatology,reference_r3,9.680054000000002,12.906869,200904,-3.2268149999999984
LA-VT,200905,2,climatology,reference_r3,27.720475,117.295326,200904,-89.574851
LA-VT,200906,3,climatology,reference_r3,38.075081999999995,238.35484500000007,200904,-200.27976300000006
LA-VT,200907,1,climatology,reference_r3,86.36204900000001,174.33220200000005,200907,-87.97015300000004
LA-VT,200908,2,climatology,reference_r3,101.891894,206.45499500000005,200907,-104.56310100000006
LA-VT,200909,3,climatology,reference_r3,112.384425,272.5934749999999,200907,-160.2090499999999
LA-VT,200910,1,climatology,reference_r3,145.485435,200.576816,200910,-55.09138100000001
LA-VT,200911,2,climatology,reference_r3,297.66520299999996,301.179222,200910,-3.514019000000019
LA-VT,200912,3,climatology,reference_r3,224.551238,219.462944,200910,5.088294000000019
LA-XA,200801,1,climatology,reference_r3,0.17,0.9403640000000002,200801,-0.7703640000000002
LA-XA,200802,2,climatology,reference_r3,0.9500000000000002,0.2572479999999999,200801,0.6927520000000003
LA-XA,200803,3,climatology,reference_r3,0.7399999999999998,0.15223,200801,0.5877699999999998
LA-XA,200804,1,climatology,reference_r3,3.460000000000001,1.0118680000000002,200804,2.4481320000000006
LA-XA,200805,2,climatology,reference_r3,5.659999999999997,1.497058,200804,4.162941999999997
LA-XA,200806,3,climatology,reference_r3,14.03,2.398245999999999,200804,11.631754
LA-XA,200807,1,climatology,reference_r3,24.69,11.34678199999999,200807,13.343218000000011
LA-XA,200808,2,climatology,reference_r3,9.729999999999997,4.483753,200807,5.246246999999997
LA-XA,200809,3,climatology,reference_r3,4.75,2.6211910000000103,200807,2.1288089999999897
LA-XA,200810,1,climatology,reference_r3,1.5699999999999994,1.6847630000000002,200810,-0.11476300000000084
LA-XA,200811,2,climatology,reference_r3,1.83,0.772394,200810,1.057606
LA-XA,200812,3,climatology,reference_r3,1.9600000000000009,0.403124,200810,1.5568760000000008
LA-XA,200901,1,climatology,reference_r3,0.1407769999999999,0.0926549999999999,200901,0.048122
LA-XA,200902,2,climatology,reference_r3,0.7866949999999999,0.0296639999999999,200901,0.757031
LA-XA,200903,3,climatology,reference_r3,0.6127940000000001,0.21298,200901,0.39981400000000006
LA-XA,200904,1,climatology,reference_r3,2.8624980000000004,0.3838490000000001,200904,2.4786490000000003
LA-XA,200905,2,climatology,reference_r3,4.777046000000006,1.279861,200904,3.4971850000000058
LA-XA,200906,3,climatology,reference_r3,13.430243,5.392492000000001,200904,8.037751
LA-XA,200907,1,climatology,reference_r3,22.570512,7.378557999999998,200907,15.191954000000003
LA-XA,200908,2,climatology,reference_r3,13.305413,22.440030000000007,200907,-9.134617000000008
LA-XA,200909,3,climatology,reference_r3,6.654747,6.574709000000013,200907,0.08003799999998762
LA-XA,200910,1,climatology,reference_r3,2.0250260000000004,4.4310469999999995,200910,-2.406020999999999
LA-XA,200911,2,climatology,reference_r3,3.421968000000001,1.842427,200910,1.579541000000001
LA-XA,200912,3,climatology,reference_r3,1.5319850000000006,1.541605,200910,-0.009619999999999296
LA-XE,200801,1,climatology,reference_r3,0.09,0.010433,200801,0.079567
LA-XE,200802,2,climatology,reference_r3,0.12,0.010059,200801,0.109941
LA-XE,200803,3,climatology,reference_r3,0.0,0.003609,200801,-0.003609
LA-XE,200804,1,climatology,reference_r3,0.0246419999999999,0.026506,200804,-0.0018640000000000982
LA-XE,200805,2,climatology,reference_r3,0.08,0.0521829999999999,200804,0.0278170000000001
LA-XE,200806,3,climatology,reference_r3,3.15,3.890274,200804,-0.7402739999999999
LA-XE,200807,1,climatology,reference_r3,0.4000000000000001,0.4075560000000013,200807,-0.007556000000001228
LA-XE,200808,2,climatology,reference_r3,0.1899999999999999,0.3913889999999997,200807,-0.20138899999999982
LA-XE,200809,3,climatology,reference_r3,0.6699999999999999,0.7226540000000004,200807,-0.05265400000000042
LA-XE,200810,1,climatology,reference_r3,0.5599999999999998,0.052566,200810,0.5074339999999998
LA-XE,200811,2,climatology,reference_r3,0.0246419999999999,0.011499,200810,0.0131429999999999
LA-XE,200812,3,climatology,reference_r3,0.790321,0.891452,200810,-0.10113099999999997
LA-XE,200901,1,climatology,reference_r3,0.074529,0.0073899999999999,200901,0.0671390000000001
LA-XE,200902,2,climatology,reference_r3,1.371372,1.878723,200901,-0.5073509999999999
LA-XE,200903,3,climatology,reference_r3,2.0,1.7627739999999998,200901,0.23722600000000016
LA-XE,200904,1,climatology,reference_r3,0.8200000000000001,0.4488589999999999,200904,0.37114100000000017
LA-XE,200905,2,climatology,reference_r3,1.338248,0.8121259999999999,200904,0.5261220000000002
LA-XE,200906,3,climatology,reference_r3,6.6023309999999995,5.876785999999999,200904,0.7255450000000003
LA-XE,200907,1,climatology,reference_r3,26.41924,24.734958,200907,1.6842819999999996
LA-XE,200908,2,climatology,reference_r3,25.883339,21.915244,200907,3.968094999999998
LA-XE,200909,3,climatology,reference_r3,4.097554,4.105083,200907,-0.007528999999999897
LA-XE,200910,1,climatology,reference_r3,4.551736,2.854322,200910,1.6974140000000002
LA-XE,200911,2,climatology,reference_r3,2.6199999999999997,2.5277230000000017,200910,0.09227699999999794
LA-XE,200912,3,climatology,reference_r3,6.64,6.605806000000001,200910,0.0341939999999985
LA-XI,200801,1,climatology,reference_r3,0.0,0.000629,200801,-0.000629
LA-XI,200802,2,climatology,reference_r3,0.0,3.7000000000000574e-05,200801,-3.7000000000000574e-05
LA-XI,200803,3,climatology,reference_r3,0.0,0.000226,200801,-0.000226
LA-XI,200804,1,climatology,reference_r3,0.0,0.0016359999999999,200804,-0.0016359999999999
LA-XI,200805,2,climatology,reference_r3,0.0,0.001596,200804,-0.001596
LA-XI,200806,3,climatology,reference_r3,1.0,0.923563,200804,0.07643699999999998
LA-XI,200807,1,climatology,reference_r3,0.0,0.3549470000000001,200807,-0.3549470000000001
LA-XI,200808,2,climatology,reference_r3,0.02,0.3022629999999999,200807,-0.2822629999999999
LA-XI,200809,3,climatology,reference_r3,0.01,0.3859909999999997,200807,-0.3759909999999997
LA-XI,200810,1,climatology,reference_r3,0.0,0.015355,200810,-0.015355
LA-XI,200811,2,climatology,reference_r3,0.01,0.0033019999999999,200810,0.0066980000000001
LA-XI,200812,3,climatology,reference_r3,0.0,0.0014809999999999,200810,-0.0014809999999999
LA-XI,200901,1,climatology,reference_r3,0.0,0.0013289999999999,200901,-0.0013289999999999
LA-XI,200902,2,climatology,reference_r3,0.0,0.00107,200901,-0.00107
LA-XI,200903,3,climatology,reference_r3,0.0,0.0014979999999999,200901,-0.0014979999999999
LA-XI,200904,1,climatology,reference_r3,0.0,0.0001869999999999,200904,-0.0001869999999999
LA-XI,200905,2,climatology,reference_r3,39.0,38.932866,200904,0.06713400000000291
LA-XI,200906,3,climatology,reference_r3,32.826281,32.854844,200904,-0.02856299999999834
LA-XI,200907,1,climatology,reference_r3,1.0,0.7521170000000001,200907,0.24788299999999985
LA-XI,200908,2,climatology,reference_r3,9.652562,6.938048,200907,2.7145139999999994
LA-XI,200909,3,climatology,reference_r3,0.0082809999999999,0.525995,200907,-0.5177140000000001
LA-XI,200910,1,climatology,reference_r3,0.0,1.078652,200910,-1.078652
LA-XI,200911,2,climatology,reference_r3,0.0082809999999999,0.311836,200910,-0.30355500000000013
LA-XI,200912,3,climatology,reference_r3,0.0,0.1929659999999999,200910,-0.1929659999999999
LA-AT,200801,1,climatology,reference_r4,4.0,2.871893,200801,1.128107
LA-AT,200802,2,climatology,reference_r4,1.63,1.319331,200801,0.31066899999999986
LA-AT,200803,3,climatology,reference_r4,0.0,0.0764499999999999,200801,-0.0764499999999999
LA-AT,200804,1,climatology,reference_r4,0.02,0.410714,200804,-0.390714
LA-AT,200805,2,climatology,reference_r4,3.45,1.403396,200804,2.0466040000000003
LA-AT,200806,3,climatology,reference_r4,8.86,3.9493579999999993,200804,4.910642
LA-AT,200807,1,climatology,reference_r4,4.54,3.564596999999999,200807,0.9754030000000009
LA-AT,200808,2,climatology,reference_r4,9.47,6.620876000000003,200807,2.849123999999998
LA-AT,200809,3,climatology,reference_r4,17.57,16.504815,200807,1.0651849999999996
LA-AT,200810,1,climatology,reference_r4,38.95,30.569574,200810,8.380426000000003
LA-AT,200811,2,climatology,reference_r4,43.0,35.442368,200810,7.557631999999998
LA-AT,200812,3,climatology,reference_r4,22.28,17.592253,200810,4.687747000000002
LA-AT,200901,1,climatology,reference_r4,17.305124,8.523712,200901,8.781412
LA-AT,200902,2,climatology,reference_r4,45.164529,39.485731,200901,5.6787980000000005
LA-AT,200903,3,climatology,reference_r4,77.0,58.624388,200901,18.375611999999997
LA-AT,200904,1,climatology,reference_r4,98.652562,49.746311000000006,200904,48.906251
LA-AT,200905,2,climatology,reference_r4,0.1242149999999999,48.076954,200904,-47.952739
LA-AT,200906,3,climatology,reference_r4,21.319868,42.581778000000014,200904,-21.261910000000015
LA-AT,200907,1,climatology,reference_r4,61.750116,48.296989,200907,13.453126999999995
LA-AT,200908,2,climatology,reference_r4,17.823736,14.448133,200907,3.375603
LA-AT,200909,3,climatology,reference_r4,10.060613,9.687981999999998,200907,0.37263100000000193
LA-AT,200910,1,climatology,reference_r4,4.830283999999999,6.321691999999999,200910,-1.4914079999999998
LA-AT,200911,2,climatology,reference_r4,13.444083,6.7597600000000035,200910,6.684322999999996
LA-AT,200912,3,climatology,reference_r4,4.502959,5.014194,200910,-0.5112350000000001
LA-BK,200801,1,climatology,reference_r4,0.81,0.942841,200801,-0.132841
LA-BK,200802,2,climatology,reference_r4,0.01,0.0001969999999999,200801,0.0098030000000001
LA-BK,200803,3,climatology,reference_r4,0.01,3.600000000000044e-05,200801,0.009964
LA-BK,200804,1,climatology,reference_r4,0.01,0.003627,200804,0.006373
LA-BK,200805,2,climatology,reference_r4,11.64,11.482321,200804,0.1576789999999999
LA-BK,200806,3,climatology,reference_r4,52.17,52.341829,200804,-0.17182899999999535
LA-BK,200807,1,climatology,reference_r4,0.6600000000000001,1.97795,200807,-1.31795
LA-BK,200808,2,climatology,reference_r4,6.84,6.071271999999999,200807,0.7687280000000012
LA-BK,200809,3,climatology,reference_r4,29.34,21.808684,200807,7.531316
LA-BK,200810,1,climatology,reference_r4,44.92,23.04780199999999,200810,21.87219800000001
LA-BK,200811,2,climatology,reference_r4,55.0,48.03095999999999,200810,6.969040000000007
LA-BK,200812,3,climatology,reference_r4,5.0,3.0398590000000003,200810,1.9601409999999997
LA-BK,200901,1,climatology,reference_r4,0.6691239999999999,0.4828100000000002,200901,0.18631399999999976
LA-BK,200902,2,climatology,reference_r4,0.0082809999999999,0.2859600000000001,200901,-0.27767900000000023
LA-BK,200903,3,climatology,reference_r4,0.826281,0.583029,200901,0.24325200000000002
LA-BK,200904,1,climatology,reference_r4,2.826281,1.255881,200904,1.5703999999999998
LA-BK,200905,2,climatology,reference_r4,71.61762,42.980579,200904,28.637041000000004
LA-BK,200906,3,climatology,reference_r4,206.10648,142.833341,200904,63.273139000000015
LA-BK,200907,1,climatology,reference_r4,209.635455,183.357602,200907,26.277852999999993
LA-BK,200908,2,climatology,reference_r4,106.650017,88.909909,200907,17.740108000000006
LA-BK,200909,3,climatology,reference_r4,43.240067,38.359,200907,4.881067000000002
LA-BK,200910,1,climatology,reference_r4,23.210034,18.089284,200910,5.120750000000001
LA-BK,200911,2,climatology,reference_r4,4.5454550000000005,15.380527,200910,-10.835072
LA-BK,200912,3,climatology,reference_r4,3.313405,4.5220220000000015,200910,-1.2086170000000016
LA-BL,200801,1,climatology,reference_r4,5.6899999999999995,5.450927999999999,200801,0.23907200000000017
LA-BL,200802,2,climatology,reference_r4,2.88,6.112327,200801,-3.2323269999999997
LA-BL,200803,3,climatology,reference_r4,2.29,0.426437,200801,1.863563
LA-BL,200804,1,climatology,reference_r4,2.8299999999999996,1.3429450000000005,200804,1.4870549999999991
LA-BL,200805,2,climatology,reference_r4,9.2,5.3306819999999995,200804,3.869318
LA-BL,200806,3,climatology,reference_r4,10.070000000000002,5.899888999999998,200804,4.170111000000004
LA-BL,200807,1,climatology,reference_r4,27.62,20.305766,200807,7.314234000000003
LA-BL,200808,2,climatology,reference_r4,19.03,20.640092000000003,200807,-1.6100920000000016
LA-BL,200809,3,climatology,reference_r4,25.370000000000005,18.248923,200807,7.121077000000003
LA-BL,200810,1,climatology,reference_r4,16.870000000000005,10.125252000000003,200810,6.744748000000001
LA-BL,200811,2,climatology,reference_r4,6.290000000000001,4.112756000000001,200810,2.177244
LA-BL,200812,3,climatology,reference_r4,2.05,0.907037,200810,1.142963
LA-BL,200901,1,climatology,reference_r4,0.7038849999999999,0.722842,200901,-0.018957000000000113
LA-BL,200902,2,climatology,reference_r4,0.926381,1.765674,200901,-0.839293
LA-BL,200903,3,climatology,reference_r4,2.5287120000000005,1.0989,200901,1.4298120000000005
LA-BL,200904,1,climatology,reference_r4,2.7938859999999996,0.7487110000000001,200904,2.0451749999999995
LA-BL,200905,2,climatology,reference_r4,17.157429000000004,3.712408999999999,200904,13.445020000000005
LA-BL,200906,3,climatology,reference_r4,16.873330000000003,5.040025000000002,200904,11.833305000000001
LA-BL,200907,1,climatology,reference_r4,20.996472,20.992421000000007,200907,0.0040509999999933655
LA-BL,200908,2,climatology,reference_r4,33.260011999999996,6.1518410000000046,200907,27.10817099999999
LA-BL,200909,3,climatology,reference_r4,41.130528,5.982629000000003,200907,35.147898999999995
LA-BL,200910,1,climatology,reference_r4,17.210586000000003,4.99621,200910,12.214376000000003
LA-BL,200911,2,climatology,reference_r4,11.201476,2.4169210000000003,200910,8.784555
LA-BL,200912,3,climatology,reference_r4,1.6965139999999996,0.6566480000000001,200910,1.0398659999999995
LA-CH,200801,1,climatology,reference_r4,47.5,28.912098000000004,200801,18.587901999999996
LA-CH,200802,2,climatology,reference_r4,53.03999999999999,50.79467100000001,200801,2.245328999999984
LA-CH,200803,3,climatology,reference_r4,50.58,51.142768,200801,-0.5627679999999984
LA-CH,200804,1,climatology,reference_r4,31.85,21.161231,200804,10.688769
LA-CH,200805,2,climatology,reference_r4,38.959999999999994,49.001037999999994,200804,-10.041038
LA-CH,200806,3,climatology,reference_r4,127.17000000000002,101.55722400000002,200804,25.612775999999997
LA-CH,200807,1,climatology,reference_r4,41.25,94.92193300000002,200807,-53.671933000000024
LA-CH,200808,2,climatology,reference_r4,42.510000000000005,86.450402,200807,-43.94040199999999
LA-CH,200809,3,climatology,reference_r4,49.599999999999994,120.243712,200807,-70.64371200000001
LA-CH,200810,1,climatology,reference_r4,37.669999999999995,48.579234000000014,200810,-10.90923400000002
LA-CH,200811,2,climatology,reference_r4,41.07000000000001,47.33214,200810,-6.262139999999995
LA-CH,200812,3,climatology,reference_r4,33.34,33.66437,200810,-0.3243699999999947
LA-CH,200901,1,climatology,reference_r4,10.890717,9.874081000000004,200901,1.0166359999999965
LA-CH,200902,2,climatology,reference_r4,19.093116999999996,26.851423,200901,-7.758306000000005
LA-CH,200903,3,climatology,reference_r4,21.42854,22.455201,200901,-1.0266609999999972
LA-CH,200904,1,climatology,reference_r4,53.487149,33.752307,200904,19.734842
LA-CH,200905,2,climatology,reference_r4,19.053490000000004,75.895419,200904,-56.841929
LA-CH,200906,3,climatology,reference_r4,30.695037999999997,81.94103200000004,200904,-51.24599400000004
LA-CH,200907,1,climatology,reference_r4,45.004213,71.60403600000006,200907,-26.599823000000065
LA-CH,200908,2,climatology,reference_r4,44.17307600000001,65.05010999999996,200907,-20.877033999999952
LA-CH,200909,3,climatology,reference_r4,32.110839000000006,59.424825,200907,-27.313985999999993
LA-CH,200910,1,climatology,reference_r4,23.227603,20.590100999999997,200910,2.6375020000000013
LA-CH,200911,2,climatology,reference_r4,12.418226999999998,23.17774899999999,200910,-10.759521999999993
LA-CH,200912,3,climatology,reference_r4,14.757385999999997,12.057510999999998,200910,2.6998749999999987
LA-HO,200801,1,climatology,reference_r4,0.01,0.002756,200801,0.0072440000000000004
LA-HO,200802,2,climatology,reference_r4,0.01,0.0013729999999999,200801,0.0086270000000001
LA-HO,200803,3,climatology,reference_r4,0.01,0.008397,200801,0.0016030000000000003
LA-HO,200804,1,climatology,reference_r4,0.01,0.009302,200804,0.0006980000000000007
LA-HO,200805,2,climatology,reference_r4,0.0,0.01471,200804,-0.01471
LA-HO,200806,3,climatology,reference_r4,0.0599999999999999,0.009658,200804,0.0503419999999999
LA-HO,200807,1,climatology,reference_r4,0.1999999999999999,0.3800860000000003,200807,-0.1800860000000004
LA-HO,200808,2,climatology,reference_r4,0.0,0.451988,200807,-0.451988
LA-HO,200809,3,climatology,reference_r4,0.6900000000000002,0.7325219999999995,200807,-0.04252199999999928
LA-HO,200810,1,climatology,reference_r4,0.02,0.0621579999999999,200810,-0.042157999999999904
LA-HO,200811,2,climatology,reference_r4,0.0,0.004825,200810,-0.004825
LA-HO,200812,3,climatology,reference_r4,0.65,0.881806,200810,-0.23180599999999996
LA-HO,200901,1,climatology,reference_r4,0.0082809999999999,0.0199919999999999,200901,-0.011711
LA-HO,200902,2,climatology,reference_r4,0.0082809999999999,0.024093,200901,-0.0158120000000001
LA-HO,200903,3,climatology,reference_r4,0.0082809999999999,0.0281469999999999,200901,-0.019866
LA-HO,200904,1,climatology,reference_r4,0.0082809999999999,0.005171,200904,0.0031099999999998993
LA-HO,200905,2,climatology,reference_r4,0.0,0.0110349999999999,200904,-0.0110349999999999
LA-HO,200906,3,climatology,reference_r4,0.049686,0.036121,200904,0.013565
LA-HO,200907,1,climatology,reference_r4,0.16562,0.4079680000000003,200907,-0.24234800000000029
LA-HO,200908,2,climatology,reference_r4,0.0,0.5703490000000002,200907,-0.5703490000000002
LA-HO,200909,3,climatology,reference_r4,0.5699339999999999,0.8019189999999998,200907,-0.23198499999999989
LA-HO,200910,1,climatology,reference_r4,0.834562,0.556101,200910,0.27846100000000007
LA-HO,200911,2,climatology,reference_r4,1.0,0.7301080000000001,200910,0.2698919999999999
LA-HO,200912,3,climatology,reference_r4,0.53681,0.8668619999999999,200910,-0.3300519999999999
LA-KH,200801,1,climatology,reference_r4,1.1499999999999997,0.680641,200801,0.46935899999999964
LA-KH,200802,2,climatology,reference_r4,0.1499999999999999,0.051253,200801,0.09874699999999992
LA-KH,200803,3,climatology,reference_r4,0.04,0.10724,200801,-0.06724
LA-KH,200804,1,climatology,reference_r4,0.1099999999999999,0.559663,200804,-0.44966300000000015
LA-KH,200805,2,climatology,reference_r4,1.38,1.3684110000000005,200804,0.011588999999999405
LA-KH,200806,3,climatology,reference_r4,8.940000000000001,2.7947960000000007,200804,6.1452040000000006
LA-KH,200807,1,climatology,reference_r4,35.06999999999999,3.623381999999999,200807,31.446617999999994
LA-KH,200808,2,climatology,reference_r4,37.92,4.374792999999997,200807,33.545207000000005
LA-KH,200809,3,climatology,reference_r4,14.089999999999996,4.306779000000006,200807,9.78322099999999
LA-KH,200810,1,climatology,reference_r4,5.470000000000001,0.7420810000000002,200810,4.727919
LA-KH,200811,2,climatology,reference_r4,1.4299999999999995,1.603958,200810,-0.1739580000000005
LA-KH,200812,3,climatology,reference_r4,3.69,3.3031249999999996,200810,0.3868750000000003
LA-KH,200901,1,climatology,reference_r4,0.9523149999999996,0.0763189999999999,200901,0.8759959999999997
LA-KH,200902,2,climatology,reference_r4,0.1242149999999999,0.010366,200901,0.1138489999999999
LA-KH,200903,3,climatology,reference_r4,5.305124,4.7642500000000005,200901,0.5408739999999996
LA-KH,200904,1,climatology,reference_r4,0.091091,0.4026069999999999,200904,-0.3115159999999999
LA-KH,200905,2,climatology,reference_r4,4.0487779999999995,2.207917,200904,1.8408609999999994
LA-KH,200906,3,climatology,reference_r4,46.36775900000001,65.18281300000001,200904,-18.815054000000003
LA-KH,200907,1,climatology,reference_r4,68.223464,110.933882,200907,-42.71041799999999
LA-KH,200908,2,climatology,reference_r4,171.36027,234.126186,200907,-62.765915999999976
LA-KH,200909,3,climatology,reference_r4,187.121383,211.21232300000003,200907,-24.090940000000018
LA-KH,200910,1,climatology,reference_r4,57.593343,39.382904999999994,200910,18.210438000000003
LA-KH,200911,2,climatology,reference_r4,54.814001,21.527468999999996,200910,33.286532
LA-KH,200912,3,climatology,reference_r4,52.764233,32.383624999999995,200910,20.380608000000002
LA-LM,200801,1,climatology,reference_r4,0.0,0.0001209999999999,200801,-0.0001209999999999
LA-LM,200802,2,climatology,reference_r4,0.0,1.600000000000039e-05,200801,-1.600000000000039e-05
LA-LM,200803,3,climatology,reference_r4,0.0499999999999999,8.999999999999894e-06,200801,0.0499909999999999
LA-LM,200804,1,climatology,reference_r4,0.01,0.0002249999999999,200804,0.0097750000000001
LA-LM,200805,2,climatology,reference_r4,0.0,0.0015579999999999,200804,-0.0015579999999999
LA-LM,200806,3,climatology,reference_r4,0.0,0.0020909999999999,200804,-0.0020909999999999
LA-LM,200807,1,climatology,reference_r4,0.0499999999999999,1.0492230000000011,200807,-0.9992230000000012
LA-LM,200808,2,climatology,reference_r4,0.0299999999999999,0.6224910000000001,200807,-0.5924910000000002
LA-LM,200809,3,climatology,reference_r4,0.0,0.9309490000000018,200807,-0.9309490000000018
LA-LM,200810,1,climatology,reference_r4,0.09,0.024466,200810,0.065534
LA-LM,200811,2,climatology,reference_r4,0.02,0.0042659999999999,200810,0.015734000000000102
LA-LM,200812,3,climatology,reference_r4,0.0,0.0011619999999999,200810,-0.0011619999999999
LA-LM,200901,1,climatology,reference_r4,0.0,0.000257,200901,-0.000257
LA-LM,200902,2,climatology,reference_r4,0.0,6.399999999999982e-05,200901,-6.399999999999982e-05
LA-LM,200903,3,climatology,reference_r4,0.041405,0.0004,200901,0.041005
LA-LM,200904,1,climatology,reference_r4,0.826281,0.954564,200904,-0.12828299999999992
LA-LM,200905,2,climatology,reference_r4,0.0,0.0038149999999999,200904,-0.0038149999999999
LA-LM,200906,3,climatology,reference_r4,2.0,1.760997,200904,0.23900300000000008
LA-LM,200907,1,climatology,reference_r4,0.677405,1.0784490000000009,200907,-0.40104400000000084
LA-LM,200908,2,climatology,reference_r4,0.024843,1.212904,200907,-1.188061
LA-LM,200909,3,climatology,reference_r4,4.0,2.268981,200907,1.7310189999999999
LA-LM,200910,1,climatology,reference_r4,4.164529,2.8426929999999997,200910,1.3218360000000002
LA-LM,200911,2,climatology,reference_r4,5.652562,4.338435,200910,1.314127
LA-LM,200912,3,climatology,reference_r4,4.0,3.435733,200910,0.5642670000000001
LA-LP,200801,1,climatology,reference_r4,0.1999999999999999,0.904856,200801,-0.7048560000000001
LA-LP,200802,2,climatology,reference_r4,13.92,14.601434,200801,-0.6814339999999994
LA-LP,200803,3,climatology,reference_r4,20.81,20.401423,200801,0.4085769999999975
LA-LP,200804,1,climatology,reference_r4,31.229999999999997,16.978187,200804,14.251812999999999
LA-LP,200805,2,climatology,reference_r4,107.3,70.834475,200804,36.465525
LA-LP,200806,3,climatology,reference_r4,132.97,79.49928,200804,53.47072
LA-LP,200807,1,climatology,reference_r4,10.659999999999998,9.712470000000003,200807,0.9475299999999951
LA-LP,200808,2,climatology,reference_r4,12.43,8.005272000000001,200807,4.424727999999998
LA-LP,200809,3,climatology,reference_r4,10.5,8.525167,200807,1.9748330000000003
LA-LP,200810,1,climatology,reference_r4,9.55,16.813553,200810,-7.263552999999998
LA-LP,200811,2,climatology,reference_r4,103.0,108.183265,200810,-5.183265000000006
LA-LP,200812,3,climatology,reference_r4,126.82,157.754029,200810,-30.93402900000001
LA-LP,200901,1,climatology,reference_r4,0.16562,8.063605,200901,-7.897985000000001
LA-LP,200902,2,climatology,reference_r4,0.5962320000000001,4.843418,200901,-4.247185999999999
LA-LP,200903,3,climatology,reference_r4,0.4720169999999997,11.64342,200901,-11.171403000000002
LA-LP,200904,1,climatology,reference_r4,0.8104469999999999,11.822914999999998,200904,-11.012467999999998
LA-LP,200905,2,climatology,reference_r4,3.589589,33.289277,200904,-29.699688
LA-LP,200906,3,climatology,reference_r4,5.813261999999998,69.16894999999998,200904,-63.35568799999999
LA-LP,200907,1,climatology,reference_r4,4.452995999999999,19.836184000000003,200907,-15.383188000000004
LA-LP,200908,2,climatology,reference_r4,8.377825999999999,20.509838,200907,-12.132012
LA-LP,200909,3,climatology,reference_r4,238.358321,278.080085,200907,-39.72176400000001
LA-LP,200910,1,climatology,reference_r4,126.23871400000002,77.866381,200910,48.37233300000001
LA-LP,200911,2,climatology,reference_r4,61.383126999999995,35.714721,200910,25.668405999999997
LA-LP,200912,3,climatology,reference_r4,7.821726000000002,5.327006000000001,200910,2.494720000000001
LA-OU,200801,1,climatology,reference_r4,0.0,0.001952,200801,-0.001952
LA-OU,200802,2,climatology,reference_r4,0.0,0.0002559999999999,200801,-0.0002559999999999
LA-OU,200803,3,climatology,reference_r4,0.0,1.600000000000039e-05,200801,-1.600000000000039e-05
LA-OU,200804,1,climatology,reference_r4,0.0,0.0012959999999999,200804,-0.0012959999999999
LA-OU,200805,2,climatology,reference_r4,0.01,0.006553,200804,0.0034470000000000004
LA-OU,200806,3,climatology,reference_r4,0.01,0.01367,200804,-0.0036699999999999997
LA-OU,200807,1,climatology,reference_r4,0.04,1.612169999999999,200807,-1.572169999999999
LA-OU,200808,2,climatology,reference_r4,0.12,1.0234660000000009,200807,-0.9034660000000009
LA-OU,200809,3,climatology,reference_r4,0.04,1.3500039999999984,200807,-1.3100039999999984
LA-OU,200810,1,climatology,reference_r4,0.0799999999999999,0.025386,200810,0.054613999999999906
LA-OU,200811,2,climatology,reference_r4,0.01,0.0045979999999999,200810,0.0054020000000001
LA-OU,200812,3,climatology,reference_r4,0.0,0.0010519999999999,200810,-0.0010519999999999
LA-OU,200901,1,climatology,reference_r4,0.0,0.000229,200901,-0.000229
LA-OU,200902,2,climatology,reference_r4,0.0,9.99999999999994e-05,200901,-9.99999999999994e-05
LA-OU,200903,3,climatology,reference_r4,0.0,0.000577,200901,-0.000577
LA-OU,200904,1,climatology,reference_r4,0.0,0.000629,200904,-0.000629
LA-OU,200905,2,climatology,reference_r4,0.0082809999999999,0.0037289999999999,200904,0.004552
LA-OU,200906,3,climatology,reference_r4,0.0082809999999999,0.022128,200904,-0.013847000000000099
LA-OU,200907,1,climatology,reference_r4,0.0331239999999999,2.0516569999999987,200907,-2.018532999999999
LA-OU,200908,2,climatology,reference_r4,0.7353719999999999,2.429023000000001,200907,-1.693651000000001
LA-OU,200909,3,climatology,reference_r4,14.669124,9.29714,200907,5.371983999999999
LA-OU,200910,1,climatology,reference_r4,4.974247999999999,2.2601959999999996,200910,2.7140519999999997
LA-OU,200911,2,climatology,reference_r4,12.826281,8.551864,200910,4.274417
LA-OU,200912,3,climatology,reference_r4,18.0,16.425347,200910,1.5746530000000014
LA-PH,200901,1,climatology,reference_r4,0.0,0.014436,200901,-0.014436
LA-PH,200902,2,climatology,reference_r4,0.0,0.012843,200901,-0.012843
LA-PH,200903,3,climatology,reference_r4,0.0,0.0192819999999999,200901,-0.0192819999999999
LA-PH,200904,1,climatology,reference_r4,0.0,0.0034,200904,-0.0034
LA-PH,200905,2,climatology,reference_r4,0.0,0.008081,200904,-0.008081
LA-PH,200906,3,climatology,reference_r4,0.0,0.033801,200904,-0.033801
LA-PH,200907,1,climatology,reference_r4,0.0,0.1818189999999999,200907,-0.1818189999999999
LA-PH,200909,3,climatology,reference_r4,0.04,0.2659659999999997,200907,-0.2259659999999997
LA-PH,200910,1,climatology,reference_r4,0.0,0.009228,200910,-0.009228
LA-PH,200911,2,climatology,reference_r4,0.0,0.005578,200910,-0.005578
LA-PH,200912,3,climatology,reference_r4,0.0,0.0007929999999999,200910,-0.0007929999999999
LA-SL,200801,1,climatology,reference_r4,0.1099999999999999,0.9277169999999996,200801,-0.8177169999999997
LA-SL,200802,2,climatology,reference_r4,1.0,0.4116219999999999,200801,0.5883780000000001
LA-SL,200803,3,climatology,reference_r4,4.62,3.779035,200801,0.8409650000000002
LA-SL,200804,1,climatology,reference_r4,2.0,0.839121,200804,1.160879
LA-SL,200805,2,climatology,reference_r4,82.75,89.714854,200804,-6.9648540000000025
LA-SL,200806,3,climatology,reference_r4,206.97,186.141196,200804,20.82880399999999
LA-SL,200807,1,climatology,reference_r4,75.25,48.57733099999996,200807,26.67266900000004
LA-SL,200808,2,climatology,reference_r4,52.45,37.91387399999999,200807,14.53612600000001
LA-SL,200809,3,climatology,reference_r4,76.05,55.346427000000006,200807,20.70357299999999
LA-SL,200810,1,climatology,reference_r4,89.54,37.522059,200810,52.01794100000001
LA-SL,200811,2,climatology,reference_r4,19.16,7.690037999999998,200810,11.469962000000002
LA-SL,200812,3,climatology,reference_r4,5.69,2.6478340000000005,200810,3.042166
LA-SL,200901,1,climatology,reference_r4,0.545091,1.732603,200901,-1.187512
LA-SL,200902,2,climatology,reference_r4,23.826281,19.91484,200901,3.911441
LA-SL,200903,3,climatology,reference_r4,23.817091,14.027604,200901,9.789487000000001
LA-SL,200904,1,climatology,reference_r4,18.652562,6.391938,200904,12.260624
LA-SL,200905,2,climatology,reference_r4,83.899938,45.28266,200904,38.617278000000006
LA-SL,200906,3,climatology,reference_r4,30.133145000000003,31.092124,200904,-0.9589789999999958
LA-SL,200907,1,climatology,reference_r4,148.17646399999998,114.698208,200907,33.47825599999999
LA-SL,200908,2,climatology,reference_r4,107.331804,86.95910999999998,200907,20.372694000000024
LA-SL,200909,3,climatology,reference_r4,68.83130799999999,61.867513,200907,6.96379499999999
LA-SL,200910,1,climatology,reference_r4,76.984001,35.294991,200910,41.68901
LA-SL,200911,2,climatology,reference_r4,38.830017000000005,18.588116999999997,200910,20.241900000000008
LA-SL,200912,3,climatology,reference_r4,13.699703,6.944811000000001,200910,6.754891999999998
LA-SV,200801,1,climatology,reference_r4,1.7800000000000002,5.900645999999998,200801,-4.120645999999998
LA-SV,200802,2,climatology,reference_r4,0.6200000000000001,0.8041670000000001,200801,-0.18416699999999997
LA-SV,200803,3,climatology,reference_r4,1.42,0.44354,200801,0.9764599999999999
LA-SV,200804,1,climatology,reference_r4,6.08,3.4838400000000007,200804,2.5961599999999994
LA-SV,200805,2,climatology,reference_r4,27.53,7.783108,200804,19.746892000000003
LA-SV,200806,3,climatology,reference_r4,67.57,28.227481000000004,200804,39.34251899999999
LA-SV,200807,1,climatology,reference_r4,150.21999999999997,26.16081200000002,200807,124.05918799999995
LA-SV,200808,2,climatology,reference_r4,140.25,22.758996000000025,200807,117.49100399999998
LA-SV,200809,3,climatology,reference_r4,115.49,23.119702000000014,200807,92.37029799999998
LA-SV,200810,1,climatology,reference_r4,53.19,3.8007529999999994,200810,49.389247
LA-SV,200811,2,climatology,reference_r4,12.810000000000002,0.7294520000000002,200810,12.080548000000002
LA-SV,200812,3,climatology,reference_r4,8.030000000000001,0.313564,200810,7.716436000000001
LA-SV,200901,1,climatology,reference_r4,1.7460180000000003,0.10244,200901,1.6435780000000002
LA-SV,200902,2,climatology,reference_r4,0.6034219999999999,0.008701,200901,0.5947209999999999
LA-SV,200903,3,climatology,reference_r4,1.0848110000000002,0.132593,200901,0.9522180000000002
LA-SV,200904,1,climatology,reference_r4,5.027028,0.175177,200904,4.851851
LA-SV,200905,2,climatology,reference_r4,23.760858999999996,1.140536,200904,22.620322999999996
LA-SV,200906,3,climatology,reference_r4,63.428528,1.6582910000000002,200904,61.770237
LA-SV,200907,1,climatology,reference_r4,123.24315,28.925279999999987,200907,94.31787000000001
LA-SV,200908,2,climatology,reference_r4,102.30625,30.11510999999996,200907,72.19114000000005
LA-SV,200909,3,climatology,reference_r4,77.799763,39.88998300000003,200907,37.90977999999997
LA-SV,200910,1,climatology,reference_r4,41.95170999999999,7.075853000000002,200910,34.87585699999999
LA-SV,200911,2,climatology,reference_r4,12.497231,14.874663,200910,-2.3774320000000007
LA-SV,200912,3,climatology,reference_r4,6.103097000000002,1.6257450000000002,200910,4.4773520000000016
LA-VT,200801,1,climatology,reference_r4,10.87,12.033929999999998,200801,-1.1639299999999988
LA-VT,200802,2,climatology,reference_r4,9.38,4.472708,200801,4.907292000000001
LA-VT,200803,3,climatology,reference_r4,4.52,17.944291,200801,-13.424291
LA-VT,200804,1,climatology,reference_r4,36.69,10.986553,200804,25.703446999999997
LA-VT,200805,2,climatology,reference_r4,62.27,21.916720999999995,200804,40.35327900000001
LA-VT,200806,3,climatology,reference_r4,83.00999999999999,74.263315,200804,8.746684999999985
LA-VT,200807,1,climatology,reference_r4,191.24999999999997,82.55612599999995,200807,108.69387400000002
LA-VT,200808,2,climatology,reference_r4,165.86,86.83571199999994,200807,79.02428800000007
LA-VT,200809,3,climatology,reference_r4,113.29999999999998,93.03145299999994,200807,20.26854700000004
LA-VT,200810,1,climatology,reference_r4,129.48000000000002,33.64647199999999,200810,95.83352800000003
LA-VT,200811,2,climatology,reference_r4,36.84,63.889095000000005,200810,-27.049095
LA-VT,200812,3,climatology,reference_r4,17.979999999999997,53.948538000000006,200810,-35.96853800000001
LA-VT,200901,1,climatology,reference_r4,7.815081999999997,21.345821,200901,-13.530739000000004
LA-VT,200902,2,climatology,reference_r4,3.934482,14.421578000000002,200901,-10.487096000000001
LA-VT,200903,3,climatology,reference_r4,7.282829999999999,6.531899000000001,200901,0.7509309999999978
LA-VT,200904,1,climatology,reference_r4,9.680054000000002,10.675957999999998,200904,-0.9959039999999959
LA-VT,200905,2,climatology,reference_r4,27.720475,92.063094,200904,-64.34261900000001
LA-VT,200906,3,climatology,reference_r4,38.075081999999995,192.28634200000005,200904,-154.21126000000004
LA-VT,200907,1,climatology,reference_r4,86.36204900000001,172.003246,200907,-85.64119699999998
LA-VT,200908,2,climatology,reference_r4,101.891894,211.72810800000013,200907,-109.83621400000014
LA-VT,200909,3,climatology,reference_r4,112.384425,284.53438099999994,200907,-172.14995599999995
LA-VT,200910,1,climatology,reference_r4,145.485435,204.492418,200910,-59.00698299999999
LA-VT,200911,2,climatology,reference_r4,297.66520299999996,239.401521,200910,58.26368199999996
LA-VT,200912,3,climatology,reference_r4,224.551238,227.36478,200910,-2.813541999999984
LA-XA,200801,1,climatology,reference_r4,0.17,1.141854,200801,-0.9718539999999999
LA-XA,200802,2,climatology,reference_r4,0.9500000000000002,0.2227249999999999,200801,0.7272750000000003
LA-XA,200803,3,climatology,reference_r4,0.7399999999999998,0.163272,200801,0.5767279999999998
LA-XA,200804,1,climatology,reference_r4,3.460000000000001,0.730742,200804,2.7292580000000006
LA-XA,200805,2,climatology,reference_r4,5.659999999999997,1.1855909999999996,200804,4.474408999999997
LA-XA,200806,3,climatology,reference_r4,14.03,2.2426280000000007,200804,11.787371999999998
LA-XA,200807,1,climatology,reference_r4,24.69,11.157125999999993,200807,13.532874000000009
LA-XA,200808,2,climatology,reference_r4,9.729999999999997,4.504317,200807,5.2256829999999965
LA-XA,200809,3,climatology,reference_r4,4.75,2.9445479999999975,200807,1.8054520000000025
LA-XA,200810,1,climatology,reference_r4,1.5699999999999994,1.694916,200810,-0.1249160000000007
LA-XA,200811,2,climatology,reference_r4,1.83,0.7510669999999999,200810,1.0789330000000001
LA-XA,200812,3,climatology,reference_r4,1.9600000000000009,0.3998090000000001,200810,1.5601910000000008
LA-XA,200901,1,climatology,reference_r4,0.1407769999999999,0.1221349999999999,200901,0.018642000000000006
LA-XA,200902,2,climatology,reference_r4,0.7866949999999999,0.0325179999999999,200901,0.754177
LA-XA,200903,3,climatology,reference_r4,0.6127940000000001,0.222844,200901,0.3899500000000001
LA-XA,200904,1,climatology,reference_r4,2.8624980000000004,0.3222779999999999,200904,2.5402200000000006
LA-XA,200905,2,climatology,reference_r4,4.777046000000006,1.035486,200904,3.741560000000006
LA-XA,200906,3,climatology,reference_r4,13.430243,5.476154999999999,200904,7.954088000000001
LA-XA,200907,1,climatology,reference_r4,22.570512,7.031649000000016,200907,15.538862999999985
LA-XA,200908,2,climatology,reference_r4,13.305413,23.166176000000007,200907,-9.860763000000007
LA-XA,200909,3,climatology,reference_r4,6.654747,6.931007999999991,200907,-0.276260999999991
LA-XA,200910,1,climatology,reference_r4,2.0250260000000004,5.056259000000001,200910,-3.0312330000000003
LA-XA,200911,2,climatology,reference_r4,3.421968000000001,2.8869279999999993,200910,0.5350400000000017
LA-XA,200912,3,climatology,reference_r4,1.5319850000000006,1.447186,200910,0.08479900000000051
LA-XE,200801,1,climatology,reference_r4,0.09,0.018655,200801,0.07134499999999999
LA-XE,200802,2,climatology,reference_r4,0.12,0.0090869999999999,200801,0.1109130000000001
LA-XE,200803,3,climatology,reference_r4,0.0,0.003751,200801,-0.003751
LA-XE,200804,1,climatology,reference_r4,0.0246419999999999,0.010751,200804,0.0138909999999999
LA-XE,200805,2,climatology,reference_r4,0.08,0.040091,200804,0.039909
LA-XE,200806,3,climatology,reference_r4,3.15,4.103260000000001,200804,-0.9532600000000007
LA-XE,200807,1,climatology,reference_r4,0.4000000000000001,0.3307030000000002,200807,0.06929699999999989
LA-XE,200808,2,climatology,reference_r4,0.1899999999999999,0.3838590000000002,200807,-0.19385900000000028
LA-XE,200809,3,climatology,reference_r4,0.6699999999999999,0.6226380000000002,200807,0.04736199999999968
LA-XE,200810,1,climatology,reference_r4,0.5599999999999998,0.0515469999999999,200810,0.5084529999999999
LA-XE,200811,2,climatology,reference_r4,0.0246419999999999,0.01402,200810,0.0106219999999999
LA-XE,200812,3,climatology,reference_r4,0.790321,0.881868,200810,-0.09154699999999993
LA-XE,200901,1,climatology,reference_r4,0.074529,0.0068039999999999,200901,0.06772500000000009
LA-XE,200902,2,climatology,reference_r4,1.371372,1.882858,200901,-0.5114859999999999
LA-XE,200903,3,climatology,reference_r4,2.0,1.755259,200901,0.2447410000000001
LA-XE,200904,1,climatology,reference_r4,0.8200000000000001,0.5003139999999999,200904,0.31968600000000014
LA-XE,200905,2,climatology,reference_r4,1.338248,0.946446,200904,0.3918020000000001
LA-XE,200906,3,climatology,reference_r4,6.6023309999999995,5.921527,200904,0.6808039999999993
LA-XE,200907,1,climatology,reference_r4,26.41924,25.064302,200907,1.354937999999997
LA-XE,200908,2,climatology,reference_r4,25.883339,22.42457,200907,3.458769
LA-XE,200909,3,climatology,reference_r4,4.097554,4.122864000000001,200907,-0.025310000000001054
LA-XE,200910,1,climatology,reference_r4,4.551736,2.8392470000000003,200910,1.7124889999999997
LA-XE,200911,2,climatology,reference_r4,2.6199999999999997,10.098619,200910,-7.478619
LA-XE,200912,3,climatology,reference_r4,6.64,9.261885999999995,200910,-2.6218859999999955
LA-XI,200801,1,climatology,reference_r4,0.0,0.000533,200801,-0.000533
LA-XI,200802,2,climatology,reference_r4,0.0,0.000148,200801,-0.000148
LA-XI,200803,3,climatology,reference_r4,0.0,0.000535,200801,-0.000535
LA-XI,200804,1,climatology,reference_r4,0.0,0.0004419999999999,200804,-0.0004419999999999
LA-XI,200805,2,climatology,reference_r4,0.0,0.001306,200804,-0.001306
LA-XI,200806,3,climatology,reference_r4,1.0,0.933205,200804,0.06679500000000005
LA-XI,200807,1,climatology,reference_r4,0.0,0.3679009999999998,200807,-0.3679009999999998
LA-XI,200808,2,climatology,reference_r4,0.02,0.3810840000000004,200807,-0.3610840000000004
LA-XI,200809,3,climatology,reference_r4,0.01,0.4660729999999997,200807,-0.4560729999999997
LA-XI,200810,1,climatology,reference_r4,0.0,0.0137359999999999,200810,-0.0137359999999999
LA-XI,200811,2,climatology,reference_r4,0.01,0.0013699999999999,200810,0.0086300000000001
LA-XI,200812,3,climatology,reference_r4,0.0,0.001097,200810,-0.001097
LA-XI,200901,1,climatology,reference_r4,0.0,0.001049,200901,-0.001049
LA-XI,200902,2,climatology,reference_r4,0.0,0.0016919999999999,200901,-0.0016919999999999
LA-XI,200903,3,climatology,reference_r4,0.0,0.0011159999999999,200901,-0.0011159999999999
LA-XI,200904,1,climatology,reference_r4,0.0,0.0004879999999999,200904,-0.0004879999999999
LA-XI,200905,2,climatology,reference_r4,39.0,38.922653,200904,0.07734700000000316
LA-XI,200906,3,climatology,reference_r4,32.826281,32.831728,200904,-0.005446999999996649
LA-XI,200907,1,climatology,reference_r4,1.0,0.7330720000000008,200907,0.26692799999999917
LA-XI,200908,2,climatology,reference_r4,9.652562,6.9420660000000005,200907,2.710495999999999
LA-XI,200909,3,climatology,reference_r4,0.0082809999999999,0.5520899999999997,200907,-0.5438089999999999
LA-XI,200910,1,climatology,reference_r4,0.0,0.8276870000000001,200910,-0.8276870000000001
LA-XI,200911,2,climatology,reference_r4,0.0082809999999999,0.5037559999999999,200910,-0.495475
LA-XI,200912,3,climatology,reference_r4,0.0,0.158422,200910,-0.158422
LA-AT,200801,1,persistence,reference,3.417114,2.6563835,200801,0.7607305000000002
LA-AT,200802,2,persistence,reference,1.554761,1.2444295,200801,0.3103315
LA-AT,200803,3,persistence,reference,0.0719689999999997,0.13223975,200801,-0.06027075000000029
LA-AT,200804,1,persistence,reference,0.0511810000000001,0.5102465,200804,-0.45906549999999996
LA-AT,200805,2,persistence,reference,3.283157,1.452392,200804,1.8307650000000002
LA-AT,200806,3,persistence,reference,8.913824,3.657939499999999,200804,5.2558845000000005
LA-AT,200807,1,persistence,reference,3.3700159999999997,3.590773499999999,200807,-0.2207574999999995
LA-AT,200808,2,persistence,reference,0.8191120000000001,6.755743500000001,200807,-5.936631500000001
LA-AT,200809,3,persistence,reference,12.721026,16.677847749999998,200807,-3.956821749999998
LA-AT,200810,1,persistence,reference,21.653144,30.583830749999997,200810,-8.930686749999996
LA-AT,200811,2,persistence,reference,17.48097,33.532728,200810,-16.051758
LA-AT,200812,3,persistence,reference,0.8254960000000002,16.946894,200810,-16.121398
LA-AT,200901,1,persistence,reference,4.180414,8.2938795,200901,-4.113465499999999
LA-AT,200902,2,persistence,reference,20.936991,38.7103185,200901,-17.7733275
LA-AT,200903,3,persistence,reference,51.026816,58.55002075,200901,-7.523204750000005
LA-AT,200904,1,persistence,reference,20.099783,45.42513025,200904,-25.325347250000004
LA-AT,200905,2,persistence,reference,73.050844,63.82051000000001,200904,9.230333999999985
LA-AT,200906,3,persistence,reference,49.528944,42.00962750000001,200904,7.519316499999995
LA-AT,200907,1,persistence,reference,37.048551,47.715487249999995,200907,-10.666936249999992
LA-AT,200908,2,persistence,reference,2.417319,14.53221175,200907,-12.11489275
LA-AT,200909,3,persistence,reference,5.769361000000001,10.350503,200907,-4.581141999999999
LA-AT,200910,1,persistence,reference,11.202864,6.7472455,200910,4.4556185
LA-AT,200911,2,persistence,reference,0.964524,6.42005025,200910,-5.45552625
LA-AT,200912,3,persistence,reference,9.197218,5.446962999999999,200910,3.750255
LA-BK,200801,1,persistence,reference,0.702799,0.8510905,200801,-0.14829150000000002
LA-BK,200802,2,persistence,reference,0.0441579999999999,0.0103385,200801,0.0338194999999999
LA-BK,200803,3,persistence,reference,0.04958,0.0043965,200801,0.0451835
LA-BK,200804,1,persistence,reference,0.0397599999999999,0.0048274999999999,200804,0.0349325
LA-BK,200805,2,persistence,reference,11.138969,11.52875975,200804,-0.3897907500000013
LA-BK,200806,3,persistence,reference,52.014405,52.392754499999995,200804,-0.3783494999999988
LA-BK,200807,1,persistence,reference,49.835424,2.043859000000001,200807,47.791565000000006
LA-BK,200808,2,persistence,reference,42.722548,5.934718999999999,200807,36.787829
LA-BK,200809,3,persistence,reference,18.834476,21.7090295,200807,-2.874553500000001
LA-BK,200810,1,persistence,reference,13.800889,22.424512499999995,200810,-8.623623499999995
LA-BK,200811,2,persistence,reference,20.51978,47.32701175,200810,-26.807231749999996
LA-BK,200812,3,persistence,reference,26.609596,2.919382,200810,23.690214
LA-BK,200901,1,persistence,reference,3.291513,0.46977225,200901,2.82174075
LA-BK,200902,2,persistence,reference,4.151589,0.30266425,200901,3.8489247500000006
LA-BK,200903,3,persistence,reference,3.23703,0.6737202499999999,200901,2.56330975
LA-BK,200904,1,persistence,reference,1.525313,1.3251049999999998,200904,0.20020800000000016
LA-BK,200905,2,persistence,reference,69.900575,43.243468750000005,200904,26.65710625
LA-BK,200906,3,persistence,reference,211.790007,142.22168925,200904,69.56831775
LA-BK,200907,1,persistence,reference,3.2750239999999997,186.665665,200907,-183.390641
LA-BK,200908,2,persistence,reference,101.752842,89.40175500000001,200907,12.351086999999993
LA-BK,200909,3,persistence,reference,159.17502399999998,38.9964515,200907,120.17857249999997
LA-BK,200910,1,persistence,reference,18.917614,19.654500499999997,200910,-0.7368864999999971
LA-BK,200911,2,persistence,reference,42.640113,12.779082,200910,29.861030999999997
LA-BK,200912,3,persistence,reference,43.577127,4.75812975,200910,38.818997249999995
LA-BL,200801,1,persistence,reference,5.383502,5.56772675,200801,-0.18422475000000027
LA-BL,200802,2,persistence,reference,4.609445999999998,6.15000875,200801,-1.5405627500000012
LA-BL,200803,3,persistence,reference,4.952254,0.48244725,200801,4.46980675
LA-BL,200804,1,persistence,reference,2.636164000000001,1.7519202499999995,200804,0.8842437500000013
LA-BL,200805,2,persistence,reference,7.896362999999999,5.345977,200804,2.5503859999999987
LA-BL,200806,3,persistence,reference,9.681316999999998,6.153129,200804,3.5281879999999983
LA-BL,200807,1,persistence,reference,8.159136000000002,20.16148925,200807,-12.002353249999997
LA-BL,200808,2,persistence,reference,9.075822000000002,20.587495250000003,200807,-11.511673250000001
LA-BL,200809,3,persistence,reference,9.060482,18.307201749999997,200807,-9.246719749999997
LA-BL,200810,1,persistence,reference,16.667979,10.061925000000002,200810,6.606053999999997
LA-BL,200811,2,persistence,reference,12.08074,4.3957275000000005,200810,7.6850125
LA-BL,200812,3,persistence,reference,17.987838,0.9268287499999998,200810,17.06100925
LA-BL,200901,1,persistence,reference,2.337492000000001,0.7360022500000001,200901,1.601489750000001
LA-BL,200902,2,persistence,reference,3.435244000000001,1.69875425,200901,1.736489750000001
LA-BL,200903,3,persistence,reference,4.660024,1.1130169999999997,200901,3.5470070000000002
LA-BL,200904,1,persistence,reference,2.246751999999999,0.8173517499999999,200904,1.4294002499999992
LA-BL,200905,2,persistence,reference,2.9662450000000007,4.00189275,200904,-1.035647749999999
LA-BL,200906,3,persistence,reference,5.147416,5.03766975,200904,0.10974624999999971
LA-BL,200907,1,persistence,reference,18.167389999999997,21.35739925,200907,-3.190009250000003
LA-BL,200908,2,persistence,reference,4.105169999999999,5.952682250000002,200907,-1.847512250000003
LA-BL,200909,3,persistence,reference,6.357973000000001,5.004365749999998,200907,1.3536072500000031
LA-BL,200910,1,persistence,reference,2.030341,5.203911249999999,200910,-3.173570249999999
LA-BL,200911,2,persistence,reference,3.023436,2.1279250000000003,200910,0.8955109999999995
LA-BL,200912,3,persistence,reference,4.071548,0.7289875000000001,200910,3.3425605
LA-CH,200801,1,persistence,reference,9.094472000000003,32.63279525,200801,-23.538323249999998
LA-CH,200802,2,persistence,reference,19.277769,50.7757955,200801,-31.4980265
LA-CH,200803,3,persistence,reference,22.452036999999997,53.3136945,200801,-30.8616575
LA-CH,200804,1,persistence,reference,16.510193000000005,25.886664000000003,200804,-9.376470999999999
LA-CH,200805,2,persistence,reference,16.954777,46.121753000000005,200804,-29.166976000000005
LA-CH,200806,3,persistence,reference,146.66641599999997,107.78875875,200804,38.87765724999997
LA-CH,200807,1,persistence,reference,103.897824,95.547867,200807,8.349957000000003
LA-CH,200808,2,persistence,reference,113.015082,86.83555175,200807,26.179530250000013
LA-CH,200809,3,persistence,reference,74.04150599999998,120.37481899999996,200807,-46.333312999999976
LA-CH,200810,1,persistence,reference,30.826214,48.32053225000001,200810,-17.494318250000006
LA-CH,200811,2,persistence,reference,58.307119,44.21392275,200810,14.093196249999998
LA-CH,200812,3,persistence,reference,74.776431,33.066764,200810,41.709667
LA-CH,200901,1,persistence,reference,28.082606,9.692696000000002,200901,18.389909999999997
LA-CH,200902,2,persistence,reference,18.725211,26.077482250000003,200901,-7.352271250000001
LA-CH,200903,3,persistence,reference,16.224573999999997,21.189539,200901,-4.964965000000003
LA-CH,200904,1,persistence,reference,27.857684,33.80708525,200904,-5.949401250000001
LA-CH,200905,2,persistence,reference,10.543306,105.96658775,200904,-95.42328175
LA-CH,200906,3,persistence,reference,41.359300000000005,88.12778575,200904,-46.768485749999996
LA-CH,200907,1,persistence,reference,7.796242999999997,73.20473449999999,200907,-65.4084915
LA-CH,200908,2,persistence,reference,14.010396,64.52453374999999,200907,-50.51413774999999
LA-CH,200909,3,persistence,reference,19.634912,61.613204750000016,200907,-41.978292750000016
LA-CH,200910,1,persistence,reference,30.947815,20.100934,200910,10.846881
LA-CH,200911,2,persistence,reference,47.867679,17.096257749999996,200910,30.771421250000007
LA-CH,200912,3,persistence,reference,47.93113300000001,12.95707725,200910,34.97405575000001
LA-HO,200801,1,persistence,reference,0.8303219999999999,0.0104039999999999,200801,0.819918
LA-HO,200802,2,persistence,reference,0.8292019999999999,0.0022004999999999,200801,0.8270015
LA-HO,200803,3,persistence,reference,0.820377,0.0122754999999999,200801,0.8081015000000001
LA-HO,200804,1,persistence,reference,0.01471,0.01194025,200804,0.0027697500000000014
LA-HO,200805,2,persistence,reference,0.013967,0.01256625,200804,0.001400750000000001
LA-HO,200806,3,persistence,reference,0.0156879999999999,0.009248,200804,0.006439999999999901
LA-HO,200807,1,persistence,reference,0.014144,0.3486799999999999,200807,-0.3345359999999999
LA-HO,200808,2,persistence,reference,0.0132809999999999,0.4015772499999999,200807,-0.38829625
LA-HO,200809,3,persistence,reference,0.8110700000000001,0.7285934999999999,200807,0.08247650000000017
LA-HO,200810,1,persistence,reference,0.8279619999999999,0.06100525,200810,0.7669567499999999
LA-HO,200811,2,persistence,reference,0.8269220000000002,0.0097575,200810,0.8171645000000002
LA-HO,200812,3,persistence,reference,0.025714,0.8898247499999999,200810,-0.8641107499999999
LA-HO,200901,1,persistence,reference,0.819663,0.0153512499999999,200901,0.8043117500000001
LA-HO,200902,2,persistence,reference,0.8172220000000001,0.02754325,200901,0.7896787500000001
LA-HO,200903,3,persistence,reference,0.822631,0.0253837499999999,200901,0.7972472500000001
LA-HO,200904,1,persistence,reference,0.0150949999999999,0.00443,200904,0.0106649999999999
LA-HO,200905,2,persistence,reference,0.0144169999999999,0.0107879999999999,200904,0.0036290000000000003
LA-HO,200906,3,persistence,reference,0.01438,0.0333635,200904,-0.018983499999999997
LA-HO,200907,1,persistence,reference,0.014521,0.3791885000000001,200907,-0.3646675000000001
LA-HO,200908,2,persistence,reference,0.013853,0.6476342499999999,200907,-0.6337812499999999
LA-HO,200909,3,persistence,reference,0.8138789999999999,0.8123610000000003,200907,0.0015179999999995752
LA-HO,200910,1,persistence,reference,0.025561,0.5670165,200910,-0.5414555000000001
LA-HO,200911,2,persistence,reference,0.02476,0.7723325000000001,200910,-0.7475725000000001
LA-HO,200912,3,persistence,reference,0.02404,0.879049,200910,-0.855009
LA-KH,200801,1,persistence,reference,1.3149230000000005,0.8414474999999999,200801,0.4734755000000006
LA-KH,200802,2,persistence,reference,2.0702239999999996,0.06937825,200801,2.0008457499999994
LA-KH,200803,3,persistence,reference,2.6522299999999994,0.0793859999999999,200801,2.5728439999999995
LA-KH,200804,1,persistence,reference,1.2494660000000015,0.6304507500000001,200804,0.6190152500000015
LA-KH,200805,2,persistence,reference,1.9751110000000016,1.11954675,200804,0.8555642500000016
LA-KH,200806,3,persistence,reference,2.949643000000002,2.8087110000000006,200804,0.14093200000000117
LA-KH,200807,1,persistence,reference,2.3174720000000004,3.991546999999999,200807,-1.6740749999999984
LA-KH,200808,2,persistence,reference,2.4079770000000025,4.710004,200807,-2.302026999999997
LA-KH,200809,3,persistence,reference,3.848109000000001,4.981922500000003,200807,-1.1338135000000023
LA-KH,200810,1,persistence,reference,2.983358000000001,0.790537,200810,2.192821000000001
LA-KH,200811,2,persistence,reference,2.4790000000000028,1.52842175,200810,0.9505782500000028
LA-KH,200812,3,persistence,reference,2.645925000000002,3.22883225,200810,-0.5829072499999981
LA-KH,200901,1,persistence,reference,3.548762,0.0741489999999999,200901,3.474613
LA-KH,200902,2,persistence,reference,4.0521080000000005,0.0174132499999999,200901,4.034694750000001
LA-KH,200903,3,persistence,reference,3.384513000000002,4.73319425,200901,-1.3486812499999985
LA-KH,200904,1,persistence,reference,4.841953000000002,0.408992,200904,4.432961000000002
LA-KH,200905,2,persistence,reference,2.0069870000000023,2.0479425,200904,-0.0409554999999977
LA-KH,200906,3,persistence,reference,55.94815,64.48420225,200904,-8.536052249999997
LA-KH,200907,1,persistence,reference,61.52167800000001,113.54543925,200907,-52.02376124999999
LA-KH,200908,2,persistence,reference,194.421624,239.6915295,200907,-45.26990549999999
LA-KH,200909,3,persistence,reference,166.65145900000002,214.880092,200907,-48.228632999999974
LA-KH,200910,1,persistence,reference,170.752766,41.76903324999999,200910,128.98373275
LA-KH,200911,2,persistence,reference,185.804773,21.4022835,200910,164.4024895
LA-KH,200912,3,persistence,reference,176.54862500000002,30.11469125,200910,146.43393375000002
LA-LM,200801,1,persistence,reference,0.0063019999999999,0.02023225,200801,-0.0139302500000001
LA-LM,200802,2,persistence,reference,0.007978,0.0054239999999999,200801,0.0025540000000001005
LA-LM,200803,3,persistence,reference,0.008063,0.00165325,200801,0.0064097500000000005
LA-LM,200804,1,persistence,reference,0.00593,0.0002607499999999,200804,0.0056692500000001
LA-LM,200805,2,persistence,reference,0.007609,0.0016834999999999,200804,0.005925500000000101
LA-LM,200806,3,persistence,reference,0.0077419999999999,0.0017182499999999,200804,0.00602375
LA-LM,200807,1,persistence,reference,0.005728,0.9980217500000004,200807,-0.9922937500000004
LA-LM,200808,2,persistence,reference,0.0072329999999999,0.5324442500000004,200807,-0.5252112500000005
LA-LM,200809,3,persistence,reference,0.00733,0.8141345000000006,200807,-0.8068045000000007
LA-LM,200810,1,persistence,reference,0.00553,0.02474375,200810,-0.019213749999999998
LA-LM,200811,2,persistence,reference,0.0068819999999999,0.004741,200810,0.0021409999999999
LA-LM,200812,3,persistence,reference,0.0069769999999999,0.0013299999999999,200810,0.005647
LA-LM,200901,1,persistence,reference,0.005182,0.0001454999999999,200901,0.0050365000000001
LA-LM,200902,2,persistence,reference,0.0066169999999999,0.00012775,200901,0.0064892499999999
LA-LM,200903,3,persistence,reference,0.0067099999999999,0.0002735,200901,0.0064364999999999
LA-LM,200904,1,persistence,reference,0.892964,0.948701,200904,-0.055737000000000037
LA-LM,200905,2,persistence,reference,0.0062819999999999,0.0037094999999999,200904,0.0025724999999999997
LA-LM,200906,3,persistence,reference,1.794403,1.77098,200904,0.02342299999999997
LA-LM,200907,1,persistence,reference,0.8803340000000001,0.9617027500000002,200907,-0.0813687500000001
LA-LM,200908,2,persistence,reference,1.793166,1.2096559999999998,200907,0.5835100000000002
LA-LM,200909,3,persistence,reference,1.784168,2.3191877500000007,200907,-0.5350197500000007
LA-LM,200910,1,persistence,reference,0.866121,2.797554,200910,-1.9314329999999997
LA-LM,200911,2,persistence,reference,1.7659490000000002,4.60574525,200910,-2.83979625
LA-LM,200912,3,persistence,reference,0.0158389999999999,3.36361975,200910,-3.34778075
LA-LP,200801,1,persistence,reference,3.4616930000000004,0.70310025,200801,2.7585927500000005
LA-LP,200802,2,persistence,reference,6.91244,14.738327,200801,-7.825887
LA-LP,200803,3,persistence,reference,10.133757,20.72676,200801,-10.593003
LA-LP,200804,1,persistence,reference,7.552431,15.52519925,200804,-7.97276825
LA-LP,200805,2,persistence,reference,77.851392,71.641744,200804,6.209648000000001
LA-LP,200806,3,persistence,reference,117.03942399999998,87.08524475,200804,29.95417924999998
LA-LP,200807,1,persistence,reference,129.564112,9.99798925,200807,119.56612274999999
LA-LP,200808,2,persistence,reference,127.251376,8.247414500000001,200807,119.00396149999999
LA-LP,200809,3,persistence,reference,123.87897999999998,8.945924,200807,114.93305599999998
LA-LP,200810,1,persistence,reference,13.246083999999998,17.51249425,200810,-4.266410250000002
LA-LP,200811,2,persistence,reference,83.01435,107.544855,200810,-24.530505000000005
LA-LP,200812,3,persistence,reference,122.540554,157.683263,200810,-35.14270900000001
LA-LP,200901,1,persistence,reference,144.909513,7.839611250000001,200901,137.06990175
LA-LP,200902,2,persistence,reference,138.39242299999998,5.23536225,200901,133.15706074999997
LA-LP,200903,3,persistence,reference,135.888984,12.3175135,200901,123.57147049999999
LA-LP,200904,1,persistence,reference,1.3111080000000008,11.43259425,200904,-10.121486249999998
LA-LP,200905,2,persistence,reference,2.1775269999999995,30.706517000000005,200904,-28.528990000000007
LA-LP,200906,3,persistence,reference,5.477892000000001,61.84522,200904,-56.367328
LA-LP,200907,1,persistence,reference,14.600399,20.07057425,200907,-5.4701752500000005
LA-LP,200908,2,persistence,reference,14.818903999999998,20.85949725,200907,-6.040593250000002
LA-LP,200909,3,persistence,reference,273.90963100000005,276.97759075,200907,-3.067959749999943
LA-LP,200910,1,persistence,reference,131.123732,71.460847,200910,59.66288499999999
LA-LP,200911,2,persistence,reference,199.57987,39.228986,200910,160.350884
LA-LP,200912,3,persistence,reference,282.822618,5.786571,200910,277.036047
LA-OU,200801,1,persistence,reference,0.0060349999999999,0.05068175,200801,-0.044646750000000096
LA-OU,200802,2,persistence,reference,0.004123,0.00916125,200801,-0.005038249999999999
LA-OU,200803,3,persistence,reference,0.0080099999999999,0.00369025,200801,0.004319749999999899
LA-OU,200804,1,persistence,reference,0.005861,0.0014919999999999,200804,0.0043690000000001
LA-OU,200805,2,persistence,reference,0.0039809999999999,0.006317,200804,-0.0023360000000000993
LA-OU,200806,3,persistence,reference,0.0075709999999999,0.013714,200804,-0.006143000000000101
LA-OU,200807,1,persistence,reference,0.0055359999999999,1.7840782499999983,200807,-1.7785422499999983
LA-OU,200808,2,persistence,reference,0.003712,1.028298500000001,200807,-1.024586500000001
LA-OU,200809,3,persistence,reference,0.007161,1.3755319999999998,200807,-1.3683709999999998
LA-OU,200810,1,persistence,reference,0.005221,0.0254269999999999,200810,-0.0202059999999999
LA-OU,200811,2,persistence,reference,0.003601,0.0053732499999999,200810,-0.0017722499999998998
LA-OU,200812,3,persistence,reference,0.006857,0.0011929999999999,200810,0.0056640000000001
LA-OU,200901,1,persistence,reference,0.005059,0.00018125,200901,0.00487775
LA-OU,200902,2,persistence,reference,0.0034529999999999,0.0001074999999999,200901,0.0033455000000000004
LA-OU,200903,3,persistence,reference,0.006614,0.0005022499999999,200901,0.0061117500000001
LA-OU,200904,1,persistence,reference,0.0047429999999999,0.00066625,200904,0.0040767499999999
LA-OU,200905,2,persistence,reference,0.0033229999999999,0.0056424999999999,200904,-0.0023195000000000004
LA-OU,200906,3,persistence,reference,0.006322,0.0176569999999999,200904,-0.011334999999999897
LA-OU,200907,1,persistence,reference,0.0046179999999999,1.9617474999999995,200907,-1.9571294999999997
LA-OU,200908,2,persistence,reference,0.901078,2.5348342500000003,200907,-1.6337562500000002
LA-OU,200909,3,persistence,reference,14.755933,9.044341,200907,5.711592000000001
LA-OU,200910,1,persistence,reference,8.721774,2.1777517499999997,200910,6.54402225
LA-OU,200911,2,persistence,reference,1.848604,9.078102,200910,-7.2294979999999995
LA-OU,200912,3,persistence,reference,2.762712,16.070453999999998,200910,-13.307741999999998
LA-PH,200901,1,persistence,reference,0.0002559999999999,0.0126455,200901,-0.0123895000000001
LA-PH,200902,2,persistence,reference,0.0002559999999999,0.0135245,200901,-0.0132685000000001
LA-PH,200903,3,persistence,reference,0.0003239999999999,0.0177504999999999,200901,-0.017426499999999998
LA-PH,200904,1,persistence,reference,0.0002559999999999,0.0036247499999999,200904,-0.00336875
LA-PH,200905,2,persistence,reference,0.0002559999999999,0.010032,200904,-0.009776000000000099
LA-PH,200906,3,persistence,reference,0.0003239999999999,0.0306805,200904,-0.0303565000000001
LA-PH,200907,1,persistence,reference,0.0002559999999999,0.1925577499999998,200907,-0.1923017499999999
LA-PH,200909,3,persistence,reference,0.0002559999999999,0.3013259999999997,200907,-0.3010699999999998
LA-PH,200910,1,persistence,reference,0.0002559999999999,0.01590375,200910,-0.015647750000000103
LA-PH,200911,2,persistence,reference,0.0002559999999999,0.0070875,200910,-0.0068315000000001
LA-PH,200912,3,persistence,reference,0.0002559999999999,0.0008772499999999,200910,-0.0006212500000000001
LA-SL,200801,1,persistence,reference,5.888300000000001,1.04352075,200801,4.844779250000001
LA-SL,200802,2,persistence,reference,4.932642,0.4772499999999999,200801,4.455392000000001
LA-SL,200803,3,persistence,reference,1.538814,3.5385757499999997,200801,-1.9997617499999998
LA-SL,200804,1,persistence,reference,2.3815530000000003,0.98442425,200804,1.3971287500000003
LA-SL,200805,2,persistence,reference,94.786987,90.416845,200804,4.370142000000001
LA-SL,200806,3,persistence,reference,215.622527,186.45879925,200804,29.163727749999993
LA-SL,200807,1,persistence,reference,142.93488,48.69095324999998,200807,94.24392675000001
LA-SL,200808,2,persistence,reference,155.843332,38.981795,200807,116.861537
LA-SL,200809,3,persistence,reference,133.927358,56.42164525,200807,77.50571275
LA-SL,200810,1,persistence,reference,4.9054660000000005,37.24492025,200810,-32.33945425
LA-SL,200811,2,persistence,reference,58.522088,7.962200000000001,200810,50.559887999999994
LA-SL,200812,3,persistence,reference,70.03039799999999,2.74880625,200810,67.28159174999999
LA-SL,200901,1,persistence,reference,5.621176,1.6214007500000005,200901,3.99977525
LA-SL,200902,2,persistence,reference,13.492963,19.65144475,200901,-6.15848175
LA-SL,200903,3,persistence,reference,14.263725999999998,13.265794,200901,0.9979319999999987
LA-SL,200904,1,persistence,reference,4.7826830000000005,6.4122125,200904,-1.6295294999999994
LA-SL,200905,2,persistence,reference,88.449731,41.72307425,200904,46.72665675
LA-SL,200906,3,persistence,reference,14.189135,31.96939425,200904,-17.78025925
LA-SL,200907,1,persistence,reference,114.196412,113.96097925,200907,0.23543275000000108
LA-SL,200908,2,persistence,reference,76.470293,86.26337699999999,200907,-9.793083999999993
LA-SL,200909,3,persistence,reference,42.499652,59.429267,200907,-16.929615000000005
LA-SL,200910,1,persistence,reference,2.5480530000000012,35.6807105,200910,-33.1326575
LA-SL,200911,2,persistence,reference,40.47089,16.349348499999998,200910,24.1215415
LA-SL,200912,3,persistence,reference,64.94407100000001,7.292087500000001,200910,57.65198350000001
LA-SV,200801,1,persistence,reference,4.8442229999999995,6.163215499999999,200801,-1.3189924999999993
LA-SV,200802,2,persistence,reference,8.673057,0.97165275,200801,7.70140425
LA-SV,200803,3,persistence,reference,12.976107,0.5269109999999999,200801,12.449196
LA-SV,200804,1,persistence,reference,4.815263000000002,4.221666,200804,0.5935970000000017
LA-SV,200805,2,persistence,reference,8.412771000000006,6.755001999999999,200804,1.6577690000000072
LA-SV,200806,3,persistence,reference,14.575739,28.92125925,200804,-14.345520249999998
LA-SV,200807,1,persistence,reference,5.521647999999999,25.7625525,200807,-20.240904500000003
LA-SV,200808,2,persistence,reference,10.57087,23.43147300000001,200807,-12.860603000000012
LA-SV,200809,3,persistence,reference,15.121753999999996,24.034243500000017,200807,-8.91248950000002
LA-SV,200810,1,persistence,reference,7.109045999999999,3.7606835,200810,3.3483624999999995
LA-SV,200811,2,persistence,reference,7.919887999999993,0.8683247500000002,200810,7.051563249999993
LA-SV,200812,3,persistence,reference,12.10275,0.31616775,200810,11.78658225
LA-SV,200901,1,persistence,reference,3.9905629999999945,0.0837535,200901,3.9068094999999947
LA-SV,200902,2,persistence,reference,7.257082000000004,0.0125345,200901,7.244547500000004
LA-SV,200903,3,persistence,reference,10.999906999999991,0.1341415,200901,10.865765499999991
LA-SV,200904,1,persistence,reference,3.813820999999997,0.2079889999999999,200904,3.605831999999997
LA-SV,200905,2,persistence,reference,6.943229000000002,1.3082662499999995,200904,5.634962750000003
LA-SV,200906,3,persistence,reference,10.580433999999997,1.6266747500000005,200904,8.953759249999996
LA-SV,200907,1,persistence,reference,8.737159000000005,30.698631249999977,200907,-21.96147224999997
LA-SV,200908,2,persistence,reference,21.627213000000005,31.95085449999999,200907,-10.323641499999987
LA-SV,200909,3,persistence,reference,30.191056000000003,38.11131725000003,200907,-7.920261250000024
LA-SV,200910,1,persistence,reference,22.800766000000003,7.02285775,200910,15.777908250000003
LA-SV,200911,2,persistence,reference,15.110646000000004,15.6087895,200910,-0.49814349999999585
LA-SV,200912,3,persistence,reference,32.15928099999999,1.72090625,200910,30.438374749999994
LA-VT,200801,1,persistence,reference,43.562509000000006,14.818912250000002,200801,28.743596750000002
LA-VT,200802,2,persistence,reference,53.531439000000006,4.80991425,200801,48.72152475000001
LA-VT,200803,3,persistence,reference,53.29954199999999,17.251504750000002,200801,36.048037249999986
LA-VT,200804,1,persistence,reference,17.179183000000002,13.03667775,200804,4.142505250000001
LA-VT,200805,2,persistence,reference,23.501833000000005,22.37503325,200804,1.1267997500000035
LA-VT,200806,3,persistence,reference,34.264673,87.691701,200804,-53.42702799999999
LA-VT,200807,1,persistence,reference,44.458304000000005,83.60069725,200807,-39.14239324999999
LA-VT,200808,2,persistence,reference,49.390158,86.41307949999997,200807,-37.02292149999997
LA-VT,200809,3,persistence,reference,57.09253799999999,94.52787874999991,200807,-37.435340749999924
LA-VT,200810,1,persistence,reference,40.52817900000001,35.027027,200810,5.501152000000012
LA-VT,200811,2,persistence,reference,35.093327999999985,58.86707700000001,200810,-23.773749000000024
LA-VT,200812,3,persistence,reference,54.739943999999994,52.6915765,200810,2.0483674999999977
LA-VT,200901,1,persistence,reference,33.602245,20.898494,200901,12.703751000000004
LA-VT,200902,2,persistence,reference,45.768274000000005,14.06409075,200901,31.704183250000007
LA-VT,200903,3,persistence,reference,51.016761,6.223130749999999,200901,44.79363025000001
LA-VT,200904,1,persistence,reference,13.658959000000005,11.98035725,200904,1.678601750000004
LA-VT,200905,2,persistence,reference,25.326655,109.1085395,200904,-83.7818845
LA-VT,200906,3,persistence,reference,44.6109,214.40912575000004,200904,-169.79822575000003
LA-VT,200907,1,persistence,reference,146.577999,179.81173049999995,200907,-33.23373149999995
LA-VT,200908,2,persistence,reference,171.936715,208.74681900000004,200907,-36.81010400000005
LA-VT,200909,3,persistence,reference,247.78247600000003,280.77565924999993,200907,-32.9931832499999
LA-VT,200910,1,persistence,reference,37.050053000000005,203.35847625,200910,-166.30842324999998
LA-VT,200911,2,persistence,reference,42.279893999999985,265.73622925,200910,-223.45633525000002
LA-VT,200912,3,persistence,reference,71.11476300000001,224.285947,200910,-153.17118399999998
LA-XA,200801,1,persistence,reference,1.370140000000001,0.9896700000000002,200801,0.38047000000000086
LA-XA,200802,2,persistence,reference,1.726794,0.22011275,200801,1.50668125
LA-XA,200803,3,persistence,reference,2.4291660000000004,0.1392575,200801,2.2899085000000006
LA-XA,200804,1,persistence,reference,0.9141100000000008,0.8690395,200804,0.04507050000000079
LA-XA,200805,2,persistence,reference,1.9675190000000011,1.3708935,200804,0.5966255000000011
LA-XA,200806,3,persistence,reference,4.712291000000002,2.37543275,200804,2.3368582500000024
LA-XA,200807,1,persistence,reference,9.737328,11.048075749999995,200807,-1.3107477499999955
LA-XA,200808,2,persistence,reference,1.887989000000001,4.556747,200807,-2.6687579999999986
LA-XA,200809,3,persistence,reference,4.530335000000001,2.8700585000000007,200807,1.6602765000000002
LA-XA,200810,1,persistence,reference,1.7879609999999992,1.6197335,200810,0.1682274999999993
LA-XA,200811,2,persistence,reference,1.6200849999999996,0.8453459999999999,200810,0.7747389999999996
LA-XA,200812,3,persistence,reference,2.018962,0.40506575,200810,1.6138962500000003
LA-XA,200901,1,persistence,reference,1.269139000000001,0.1020047499999999,200901,1.167134250000001
LA-XA,200902,2,persistence,reference,1.5772950000000012,0.0321199999999999,200901,1.5451750000000013
LA-XA,200903,3,persistence,reference,2.1768,0.22082125,200901,1.95597875
LA-XA,200904,1,persistence,reference,0.8203629999999986,0.33277975,200904,0.48758324999999864
LA-XA,200905,2,persistence,reference,1.3959229999999998,1.18828825,200904,0.20763474999999976
LA-XA,200906,3,persistence,reference,9.630621,5.472437,200904,4.158183999999999
LA-XA,200907,1,persistence,reference,2.6337360000000007,7.151606500000003,200907,-4.517870500000003
LA-XA,200908,2,persistence,reference,17.345646000000002,23.04141425,200907,-5.695768249999997
LA-XA,200909,3,persistence,reference,3.461870000000001,6.853994,200907,-3.392123999999999
LA-XA,200910,1,persistence,reference,4.6066199999999995,4.578251,200910,0.028368999999999645
LA-XA,200911,2,persistence,reference,4.659095000000001,2.2680652499999994,200910,2.3910297500000013
LA-XA,200912,3,persistence,reference,8.217560999999998,1.4253885,200910,6.792172499999998
LA-XE,200801,1,persistence,reference,0.6979409999999999,0.0213829999999999,200801,0.676558
LA-XE,200802,2,persistence,reference,0.6954600000000001,0.0123947499999999,200801,0.6830652500000002
LA-XE,200803,3,persistence,reference,0.6880539999999999,0.00537225,200801,0.68268175
LA-XE,200804,1,persistence,reference,0.065477,0.0206955,200804,0.044781499999999995
LA-XE,200805,2,persistence,reference,0.0699379999999999,0.046058,200804,0.0238799999999999
LA-XE,200806,3,persistence,reference,4.054037,3.974066,200804,0.07997100000000001
LA-XE,200807,1,persistence,reference,4.1559219999999994,0.3828672500000004,200807,3.773054749999999
LA-XE,200808,2,persistence,reference,4.124742,0.4385554999999997,200807,3.6861865000000007
LA-XE,200809,3,persistence,reference,3.2093629999999997,0.6987947500000009,200807,2.5105682499999986
LA-XE,200810,1,persistence,reference,0.700465,0.0546897499999999,200810,0.6457752500000001
LA-XE,200811,2,persistence,reference,0.697173,0.020516,200810,0.6766570000000001
LA-XE,200812,3,persistence,reference,0.1213829999999999,0.86411075,200810,-0.7427277500000001
LA-XE,200901,1,persistence,reference,0.6957120000000001,0.0061269999999999,200901,0.6895850000000002
LA-XE,200902,2,persistence,reference,0.692393,1.86331575,200901,-1.17092275
LA-XE,200903,3,persistence,reference,0.6937459999999999,1.75181925,200901,-1.05807325
LA-XE,200904,1,persistence,reference,0.706618,0.4861489999999999,200904,0.22046900000000008
LA-XE,200905,2,persistence,reference,0.137104,0.88316175,200904,-0.74605775
LA-XE,200906,3,persistence,reference,6.0364830000000005,5.952774,200904,0.0837090000000007
LA-XE,200907,1,persistence,reference,19.01715,24.91769025,200907,-5.900540249999999
LA-XE,200908,2,persistence,reference,16.929472,22.04593875,200907,-5.116466750000001
LA-XE,200909,3,persistence,reference,2.3136,4.073622,200907,-1.7600220000000002
LA-XE,200910,1,persistence,reference,0.7152529999999999,2.83573925,200910,-2.12048625
LA-XE,200911,2,persistence,reference,2.27487,6.485716000000002,200910,-4.210846000000002
LA-XE,200912,3,persistence,reference,0.7216480000000001,7.85328675,200910,-7.13163875
LA-XI,200801,1,persistence,reference,0.000689,0.015035,200801,-0.014346
LA-XI,200802,2,persistence,reference,0.000689,0.0021647499999999,200801,-0.0014757499999998999
LA-XI,200803,3,persistence,reference,0.000757,0.0030675,200801,-0.0023105
LA-XI,200804,1,persistence,reference,0.000689,0.0008977499999999,200804,-0.0002087499999999
LA-XI,200805,2,persistence,reference,0.000689,0.0012975,200804,-0.0006085
LA-XI,200806,3,persistence,reference,0.950689,0.9245845,200804,0.026104499999999975
LA-XI,200807,1,persistence,reference,0.945632,0.35807925,200807,0.58755275
LA-XI,200808,2,persistence,reference,0.945632,0.3334225000000004,200807,0.6122094999999996
LA-XI,200809,3,persistence,reference,0.945632,0.4171464999999998,200807,0.5284855000000002
LA-XI,200810,1,persistence,reference,0.0010249999999999,0.01379625,200810,-0.0127712500000001
LA-XI,200811,2,persistence,reference,0.0010249999999999,0.0031682499999999,200810,-0.00214325
LA-XI,200812,3,persistence,reference,0.0010879999999999,0.001281,200810,-0.0001930000000001
LA-XI,200901,1,persistence,reference,0.0010249999999999,0.001307,200901,-0.0002820000000001001
LA-XI,200902,2,persistence,reference,0.0010249999999999,0.00184675,200901,-0.0008217500000001002
LA-XI,200903,3,persistence,reference,0.0010249999999999,0.00164175,200901,-0.0006167500000001001
LA-XI,200904,1,persistence,reference,0.0009489999999999,0.0005025,200904,0.0004464999999999
LA-XI,200905,2,persistence,reference,38.924964,38.93029025,200904,-0.00532624999999598
LA-XI,200906,3,persistence,reference,32.924964,32.835496,200904,0.08946800000000366
LA-XI,200907,1,persistence,reference,31.638394,0.7179242499999998,200907,30.920469750000002
LA-XI,200908,2,persistence,reference,22.608322,6.967504,200907,15.640818000000001
LA-XI,200909,3,persistence,reference,32.468322,0.5063197499999998,200907,31.96200225
LA-XI,200910,1,persistence,reference,0.0059359999999999,0.9681205,200910,-0.9621845000000001
LA-XI,200911,2,persistence,reference,0.00828,0.3902842499999999,200910,-0.3820042499999999
LA-XI,200912,3,persistence,reference,0.008565,0.1778985,200910,-0.1693335
LA-AT,200801,1,persistence,reference_r1,3.417114,2.145736,200801,1.2713780000000003
LA-AT,200802,2,persistence,reference_r1,1.554761,1.0869760000000002,200801,0.4677849999999999
LA-AT,200803,3,persistence,reference_r1,0.0719689999999997,0.3015969999999999,200801,-0.2296280000000002
LA-AT,200804,1,persistence,reference_r1,0.0511810000000001,0.415429,200804,-0.3642479999999999
LA-AT,200805,2,persistence,reference_r1,3.283157,1.3644349999999998,200804,1.9187220000000003
LA-AT,200806,3,persistence,reference_r1,8.913824,3.555891,200804,5.357933
LA-AT,200807,1,persistence,reference_r1,3.3700159999999997,3.6322350000000014,200807,-0.26221900000000176
LA-AT,200808,2,persistence,reference_r1,0.8191120000000001,6.645397000000003,200807,-5.826285000000002
LA-AT,200809,3,persistence,reference_r1,12.721026,16.674124,200807,-3.953097999999999
LA-AT,200810,1,persistence,reference_r1,21.653144,28.754062,200810,-7.100918
LA-AT,200811,2,persistence,reference_r1,17.48097,27.747988,200810,-10.267018
LA-AT,200812,3,persistence,reference_r1,0.8254960000000002,16.009131,200810,-15.183634999999999
LA-AT,200901,1,persistence,reference_r1,4.180414,8.554047,200901,-4.373633000000001
LA-AT,200902,2,persistence,reference_r1,20.936991,39.695273,200901,-18.758282
LA-AT,200903,3,persistence,reference_r1,51.026816,60.638278,200901,-9.611462000000003
LA-AT,200904,1,persistence,reference_r1,20.099783,50.162208,200904,-30.062425
LA-AT,200905,2,persistence,reference_r1,73.050844,53.482433000000015,200904,19.568410999999983
LA-AT,200906,3,persistence,reference_r1,49.528944,41.709609,200904,7.819335000000002
LA-AT,200907,1,persistence,reference_r1,37.048551,46.88119199999999,200907,-9.832640999999988
LA-AT,200908,2,persistence,reference_r1,2.417319,14.189222,200907,-11.771902999999998
LA-AT,200909,3,persistence,reference_r1,5.769361000000001,10.582070000000002,200907,-4.812709000000001
LA-AT,200910,1,persistence,reference_r1,11.202864,7.157781,200910,4.045083
LA-AT,200911,2,persistence,reference_r1,0.964524,5.510847,200910,-4.546323
LA-AT,200912,3,persistence,reference_r1,9.197218,6.242144999999997,200910,2.9550730000000023
LA-BK,200801,1,persistence,reference_r1,0.702799,0.546581,200801,0.15621799999999997
LA-BK,200802,2,persistence,reference_r1,0.0441579999999999,0.040976,200801,0.0031819999999999
LA-BK,200803,3,persistence,reference_r1,0.04958,0.017486,200801,0.032094
LA-BK,200804,1,persistence,reference_r1,0.0397599999999999,0.0049639999999999,200804,0.034796
LA-BK,200805,2,persistence,reference_r1,11.138969,11.481164,200804,-0.34219500000000025
LA-BK,200806,3,persistence,reference_r1,52.014405,52.445198,200804,-0.4307930000000013
LA-BK,200807,1,persistence,reference_r1,49.835424,1.972805000000001,200807,47.862619
LA-BK,200808,2,persistence,reference_r1,42.722548,5.9269549999999995,200807,36.795593000000004
LA-BK,200809,3,persistence,reference_r1,18.834476,21.421427,200807,-2.5869510000000027
LA-BK,200810,1,persistence,reference_r1,13.800889,20.486543,200810,-6.685654000000001
LA-BK,200811,2,persistence,reference_r1,20.51978,45.352885,200810,-24.833105
LA-BK,200812,3,persistence,reference_r1,26.609596,2.932289,200810,23.677307
LA-BK,200901,1,persistence,reference_r1,3.291513,0.431996,200901,2.8595170000000003
LA-BK,200902,2,persistence,reference_r1,4.151589,0.2517009999999999,200901,3.8998880000000007
LA-BK,200903,3,persistence,reference_r1,3.23703,0.5729839999999999,200901,2.664046
LA-BK,200904,1,persistence,reference_r1,1.525313,1.361668,200904,0.16364499999999982
LA-BK,200905,2,persistence,reference_r1,69.900575,43.499258000000005,200904,26.401317
LA-BK,200906,3,persistence,reference_r1,211.790007,143.411896,200904,68.37811099999999
LA-BK,200907,1,persistence,reference_r1,3.2750239999999997,183.967815,200907,-180.692791
LA-BK,200908,2,persistence,reference_r1,101.752842,87.120234,200907,14.632608000000005
LA-BK,200909,3,persistence,reference_r1,159.17502399999998,37.557586,200907,121.61743799999998
LA-BK,200910,1,persistence,reference_r1,18.917614,21.869683999999992,200910,-2.952069999999992
LA-BK,200911,2,persistence,reference_r1,42.640113,9.777252,200910,32.862860999999995
LA-BK,200912,3,persistence,reference_r1,43.577127,5.518939,200910,38.058188
LA-BL,200801,1,persistence,reference_r1,5.383502,6.277274,200801,-0.8937720000000002
LA-BL,200802,2,persistence,reference_r1,4.609445999999998,6.462529,200801,-1.8530830000000016
LA-BL,200803,3,persistence,reference_r1,4.952254,0.680527,200801,4.271727
LA-BL,200804,1,persistence,reference_r1,2.636164000000001,1.3643079999999994,200804,1.2718560000000014
LA-BL,200805,2,persistence,reference_r1,7.896362999999999,4.879065000000001,200804,3.0172979999999985
LA-BL,200806,3,persistence,reference_r1,9.681316999999998,6.164076000000001,200804,3.5172409999999967
LA-BL,200807,1,persistence,reference_r1,8.159136000000002,20.347325,200807,-12.188189
LA-BL,200808,2,persistence,reference_r1,9.075822000000002,20.42701600000001,200807,-11.351194000000007
LA-BL,200809,3,persistence,reference_r1,9.060482,18.72258200000001,200807,-9.66210000000001
LA-BL,200810,1,persistence,reference_r1,16.667979,10.324418,200810,6.343560999999999
LA-BL,200811,2,persistence,reference_r1,12.08074,5.116645,200810,6.964095
LA-BL,200812,3,persistence,reference_r1,17.987838,1.0391879999999998,200810,16.94865
LA-BL,200901,1,persistence,reference_r1,2.337492000000001,0.7314410000000002,200901,1.6060510000000008
LA-BL,200902,2,persistence,reference_r1,3.435244000000001,1.7277270000000002,200901,1.7075170000000006
LA-BL,200903,3,persistence,reference_r1,4.660024,1.0585079999999998,200901,3.601516
LA-BL,200904,1,persistence,reference_r1,2.246751999999999,0.8368160000000002,200904,1.4099359999999987
LA-BL,200905,2,persistence,reference_r1,2.9662450000000007,3.726764999999999,200904,-0.7605199999999983
LA-BL,200906,3,persistence,reference_r1,5.147416,5.046999000000001,200904,0.10041699999999842
LA-BL,200907,1,persistence,reference_r1,18.167389999999997,21.840237,200907,-3.672847000000001
LA-BL,200908,2,persistence,reference_r1,4.105169999999999,5.777617000000006,200907,-1.6724470000000071
LA-BL,200909,3,persistence,reference_r1,6.357973000000001,4.268850999999998,200907,2.0891220000000033
LA-BL,200910,1,persistence,reference_r1,2.030341,5.127814000000001,200910,-3.097473000000001
LA-BL,200911,2,persistence,reference_r1,3.023436,1.6664370000000002,200910,1.3569989999999996
LA-BL,200912,3,persistence,reference_r1,4.071548,0.7895020000000001,200910,3.282046
LA-CH,200801,1,persistence,reference_r1,9.094472000000003,41.147757,200801,-32.053284999999995
LA-CH,200802,2,persistence,reference_r1,19.277769,59.242147,200801,-39.964378
LA-CH,200803,3,persistence,reference_r1,22.452036999999997,58.28536899999999,200801,-35.83333199999999
LA-CH,200804,1,persistence,reference_r1,16.510193000000005,23.140504000000007,200804,-6.6303110000000025
LA-CH,200805,2,persistence,reference_r1,16.954777,45.656949999999995,200804,-28.702172999999995
LA-CH,200806,3,persistence,reference_r1,146.66641599999997,98.89890400000002,200804,47.767511999999954
LA-CH,200807,1,persistence,reference_r1,103.897824,94.42896399999997,200807,9.468860000000035
LA-CH,200808,2,persistence,reference_r1,113.015082,85.387857,200807,27.62722500000001
LA-CH,200809,3,persistence,reference_r1,74.04150599999998,119.15751999999998,200807,-45.11601399999999
LA-CH,200810,1,persistence,reference_r1,30.826214,45.13859200000002,200810,-14.312378000000017
LA-CH,200811,2,persistence,reference_r1,58.307119,32.881620999999996,200810,25.425498000000005
LA-CH,200812,3,persistence,reference_r1,74.776431,28.893849000000003,200810,45.882582
LA-CH,200901,1,persistence,reference_r1,28.082606,9.756949999999996,200901,18.325656000000002
LA-CH,200902,2,persistence,reference_r1,18.725211,28.280518,200901,-9.555306999999999
LA-CH,200903,3,persistence,reference_r1,16.224573999999997,21.016378000000003,200901,-4.791804000000006
LA-CH,200904,1,persistence,reference_r1,27.857684,35.491328,200904,-7.633644000000004
LA-CH,200905,2,persistence,reference_r1,10.543306,76.53154900000001,200904,-65.98824300000001
LA-CH,200906,3,persistence,reference_r1,41.359300000000005,80.346858,200904,-38.98755799999999
LA-CH,200907,1,persistence,reference_r1,7.796242999999997,70.95715799999999,200907,-63.160914999999996
LA-CH,200908,2,persistence,reference_r1,14.010396,63.95468300000002,200907,-49.94428700000002
LA-CH,200909,3,persistence,reference_r1,19.634912,62.101629,200907,-42.466717
LA-CH,200910,1,persistence,reference_r1,30.947815,19.698027000000003,200910,11.249787999999995
LA-CH,200911,2,persistence,reference_r1,47.867679,12.379519000000002,200910,35.48816
LA-CH,200912,3,persistence,reference_r1,47.93113300000001,13.492714999999995,200910,34.43841800000001
LA-HO,200801,1,persistence,reference_r1,0.8303219999999999,0.0318879999999999,200801,0.798434
LA-HO,200802,2,persistence,reference_r1,0.8292019999999999,0.005344,200801,0.8238579999999999
LA-HO,200803,3,persistence,reference_r1,0.820377,0.018744,200801,0.801633
LA-HO,200804,1,persistence,reference_r1,0.01471,0.005699,200804,0.009011000000000002
LA-HO,200805,2,persistence,reference_r1,0.013967,0.0148729999999999,200804,-0.0009059999999998999
LA-HO,200806,3,persistence,reference_r1,0.0156879999999999,0.010789,200804,0.0048989999999999
LA-HO,200807,1,persistence,reference_r1,0.014144,0.3546050000000003,200807,-0.3404610000000003
LA-HO,200808,2,persistence,reference_r1,0.0132809999999999,0.3892969999999991,200807,-0.37601599999999924
LA-HO,200809,3,persistence,reference_r1,0.8110700000000001,0.7110880000000002,200807,0.0999819999999999
LA-HO,200810,1,persistence,reference_r1,0.8279619999999999,0.069786,200810,0.7581759999999999
LA-HO,200811,2,persistence,reference_r1,0.8269220000000002,0.0236379999999999,200810,0.8032840000000002
LA-HO,200812,3,persistence,reference_r1,0.025714,0.887394,200810,-0.86168
LA-HO,200901,1,persistence,reference_r1,0.819663,0.01682,200901,0.802843
LA-HO,200902,2,persistence,reference_r1,0.8172220000000001,0.0236059999999999,200901,0.7936160000000002
LA-HO,200903,3,persistence,reference_r1,0.822631,0.028904,200901,0.793727
LA-HO,200904,1,persistence,reference_r1,0.0150949999999999,0.003345,200904,0.0117499999999999
LA-HO,200905,2,persistence,reference_r1,0.0144169999999999,0.0103069999999999,200904,0.004110000000000001
LA-HO,200906,3,persistence,reference_r1,0.01438,0.034116,200904,-0.019736
LA-HO,200907,1,persistence,reference_r1,0.014521,0.3483749999999999,200907,-0.3338539999999999
LA-HO,200908,2,persistence,reference_r1,0.013853,0.5482139999999998,200907,-0.5343609999999998
LA-HO,200909,3,persistence,reference_r1,0.8138789999999999,0.7523860000000004,200907,0.061492999999999465
LA-HO,200910,1,persistence,reference_r1,0.025561,0.571008,200910,-0.545447
LA-HO,200911,2,persistence,reference_r1,0.02476,0.828421,200910,-0.803661
LA-HO,200912,3,persistence,reference_r1,0.02404,0.891185,200910,-0.867145
LA-KH,200801,1,persistence,reference_r1,1.3149230000000005,1.1341389999999991,200801,0.1807840000000014
LA-KH,200802,2,persistence,reference_r1,2.0702239999999996,0.069607,200801,2.0006169999999996
LA-KH,200803,3,persistence,reference_r1,2.6522299999999994,0.0544829999999999,200801,2.5977469999999996
LA-KH,200804,1,persistence,reference_r1,1.2494660000000015,0.470267,200804,0.7791990000000015
LA-KH,200805,2,persistence,reference_r1,1.9751110000000016,1.40359,200804,0.5715210000000017
LA-KH,200806,3,persistence,reference_r1,2.949643000000002,2.6562720000000004,200804,0.2933710000000014
LA-KH,200807,1,persistence,reference_r1,2.3174720000000004,4.017579000000005,200807,-1.7001070000000045
LA-KH,200808,2,persistence,reference_r1,2.4079770000000025,4.470711999999999,200807,-2.0627349999999964
LA-KH,200809,3,persistence,reference_r1,3.848109000000001,4.937131000000008,200807,-1.089022000000007
LA-KH,200810,1,persistence,reference_r1,2.983358000000001,0.8700520000000003,200810,2.1133060000000006
LA-KH,200811,2,persistence,reference_r1,2.4790000000000028,1.2062180000000002,200810,1.2727820000000025
LA-KH,200812,3,persistence,reference_r1,2.645925000000002,3.155387,200810,-0.5094619999999983
LA-KH,200901,1,persistence,reference_r1,3.548762,0.0743249999999999,200901,3.474437
LA-KH,200902,2,persistence,reference_r1,4.0521080000000005,0.0150879999999999,200901,4.037020000000001
LA-KH,200903,3,persistence,reference_r1,3.384513000000002,4.808243,200901,-1.4237299999999982
LA-KH,200904,1,persistence,reference_r1,4.841953000000002,0.3969750000000001,200904,4.444978000000002
LA-KH,200905,2,persistence,reference_r1,2.0069870000000023,2.0939720000000004,200904,-0.08698499999999809
LA-KH,200906,3,persistence,reference_r1,55.94815,64.026445,200904,-8.078294999999997
LA-KH,200907,1,persistence,reference_r1,61.52167800000001,112.276547,200907,-50.754868999999985
LA-KH,200908,2,persistence,reference_r1,194.421624,239.68471999999997,200907,-45.26309599999996
LA-KH,200909,3,persistence,reference_r1,166.65145900000002,214.439548,200907,-47.788088999999985
LA-KH,200910,1,persistence,reference_r1,170.752766,42.079407,200910,128.673359
LA-KH,200911,2,persistence,reference_r1,185.804773,19.48337099999999,200910,166.32140200000003
LA-KH,200912,3,persistence,reference_r1,176.54862500000002,28.391016000000004,200910,148.157609
LA-LM,200801,1,persistence,reference_r1,0.0063019999999999,0.080627,200801,-0.0743250000000001
LA-LM,200802,2,persistence,reference_r1,0.007978,0.0216149999999999,200801,-0.013636999999999901
LA-LM,200803,3,persistence,reference_r1,0.008063,0.006579,200801,0.001484000000000001
LA-LM,200804,1,persistence,reference_r1,0.00593,0.000144,200804,0.005786
LA-LM,200805,2,persistence,reference_r1,0.007609,0.002026,200804,0.005583
LA-LM,200806,3,persistence,reference_r1,0.0077419999999999,0.0016989999999999,200804,0.006043
LA-LM,200807,1,persistence,reference_r1,0.005728,1.0445759999999993,200807,-1.0388479999999993
LA-LM,200808,2,persistence,reference_r1,0.0072329999999999,0.6223530000000004,200807,-0.6151200000000004
LA-LM,200809,3,persistence,reference_r1,0.00733,0.8025890000000011,200807,-0.7952590000000012
LA-LM,200810,1,persistence,reference_r1,0.00553,0.022566,200810,-0.017036
LA-LM,200811,2,persistence,reference_r1,0.0068819999999999,0.007313,200810,-0.0004310000000000997
LA-LM,200812,3,persistence,reference_r1,0.0069769999999999,0.0022669999999999,200810,0.00471
LA-LM,200901,1,persistence,reference_r1,0.005182,6.399999999999982e-05,200901,0.005118
LA-LM,200902,2,persistence,reference_r1,0.0066169999999999,3.7000000000000574e-05,200901,0.006579999999999899
LA-LM,200903,3,persistence,reference_r1,0.0067099999999999,0.000403,200901,0.0063069999999999
LA-LM,200904,1,persistence,reference_r1,0.892964,0.946746,200904,-0.053781999999999996
LA-LM,200905,2,persistence,reference_r1,0.0062819999999999,0.0033709999999999,200904,0.0029109999999999995
LA-LM,200906,3,persistence,reference_r1,1.794403,1.804877,200904,-0.010474000000000094
LA-LM,200907,1,persistence,reference_r1,0.8803340000000001,0.8646329999999995,200907,0.01570100000000052
LA-LM,200908,2,persistence,reference_r1,1.793166,1.1623389999999991,200907,0.6308270000000009
LA-LM,200909,3,persistence,reference_r1,1.784168,2.3886080000000014,200907,-0.6044400000000014
LA-LM,200910,1,persistence,reference_r1,0.866121,2.6982289999999995,200910,-1.8321079999999994
LA-LM,200911,2,persistence,reference_r1,1.7659490000000002,4.812410999999999,200910,-3.046461999999999
LA-LM,200912,3,persistence,reference_r1,0.0158389999999999,3.342975,200910,-3.3271360000000003
LA-LP,200801,1,persistence,reference_r1,3.4616930000000004,0.1637959999999999,200801,3.2978970000000003
LA-LP,200802,2,persistence,reference_r1,6.91244,15.510944,200801,-8.598504
LA-LP,200803,3,persistence,reference_r1,10.133757,21.625247,200801,-11.491490000000002
LA-LP,200804,1,persistence,reference_r1,7.552431,17.553432,200804,-10.001001
LA-LP,200805,2,persistence,reference_r1,77.851392,69.750825,200804,8.100566999999998
LA-LP,200806,3,persistence,reference_r1,117.03942399999998,83.99121,200804,33.04821399999999
LA-LP,200807,1,persistence,reference_r1,129.564112,9.884673999999997,200807,119.679438
LA-LP,200808,2,persistence,reference_r1,127.251376,8.243891000000001,200807,119.00748499999999
LA-LP,200809,3,persistence,reference_r1,123.87897999999998,9.006344000000002,200807,114.87263599999999
LA-LP,200810,1,persistence,reference_r1,13.246083999999998,18.292073,200810,-5.0459890000000005
LA-LP,200811,2,persistence,reference_r1,83.01435,104.185924,200810,-21.171574000000007
LA-LP,200812,3,persistence,reference_r1,122.540554,157.402718,200810,-34.86216399999999
LA-LP,200901,1,persistence,reference_r1,144.909513,7.648578,200901,137.26093500000002
LA-LP,200902,2,persistence,reference_r1,138.39242299999998,5.02932,200901,133.36310299999997
LA-LP,200903,3,persistence,reference_r1,135.888984,11.726748,200901,124.162236
LA-LP,200904,1,persistence,reference_r1,1.3111080000000008,11.299571,200904,-9.988463
LA-LP,200905,2,persistence,reference_r1,2.1775269999999995,33.68041,200904,-31.502883000000004
LA-LP,200906,3,persistence,reference_r1,5.477892000000001,76.74043200000003,200904,-71.26254000000003
LA-LP,200907,1,persistence,reference_r1,14.600399,19.998278,200907,-5.397879
LA-LP,200908,2,persistence,reference_r1,14.818903999999998,20.366691000000003,200907,-5.547787000000005
LA-LP,200909,3,persistence,reference_r1,273.90963100000005,276.517947,200907,-2.6083159999999452
LA-LP,200910,1,persistence,reference_r1,131.123732,65.935979,200910,65.18775299999999
LA-LP,200911,2,persistence,reference_r1,199.57987,43.394425,200910,156.18544500000002
LA-LP,200912,3,persistence,reference_r1,282.822618,6.063930000000001,200910,276.75868799999995
LA-OU,200801,1,persistence,reference_r1,0.0060349999999999,0.199332,200801,-0.1932970000000001
LA-OU,200802,2,persistence,reference_r1,0.004123,0.036075,200801,-0.031952
LA-OU,200803,3,persistence,reference_r1,0.0080099999999999,0.014584,200801,-0.006574000000000101
LA-OU,200804,1,persistence,reference_r1,0.005861,0.0005299999999999,200804,0.0053310000000000995
LA-OU,200805,2,persistence,reference_r1,0.0039809999999999,0.005248,200804,-0.0012670000000000996
LA-OU,200806,3,persistence,reference_r1,0.0075709999999999,0.0143739999999999,200804,-0.006803000000000001
LA-OU,200807,1,persistence,reference_r1,0.0055359999999999,1.985952000000001,200807,-1.980416000000001
LA-OU,200808,2,persistence,reference_r1,0.003712,1.0147980000000008,200807,-1.0110860000000008
LA-OU,200809,3,persistence,reference_r1,0.007161,1.20223,200807,-1.195069
LA-OU,200810,1,persistence,reference_r1,0.005221,0.0142859999999999,200810,-0.0090649999999999
LA-OU,200811,2,persistence,reference_r1,0.003601,0.008949,200810,-0.005348
LA-OU,200812,3,persistence,reference_r1,0.006857,0.002084,200810,0.004773
LA-OU,200901,1,persistence,reference_r1,0.005059,0.0001489999999999,200901,0.0049100000000001
LA-OU,200902,2,persistence,reference_r1,0.0034529999999999,0.0001209999999999,200901,0.0033320000000000003
LA-OU,200903,3,persistence,reference_r1,0.006614,0.0005859999999999,200901,0.0060280000000001
LA-OU,200904,1,persistence,reference_r1,0.0047429999999999,0.000785,200904,0.0039579999999999
LA-OU,200905,2,persistence,reference_r1,0.0033229999999999,0.007807,200904,-0.0044840000000001
LA-OU,200906,3,persistence,reference_r1,0.006322,0.0160799999999999,200904,-0.009757999999999899
LA-OU,200907,1,persistence,reference_r1,0.0046179999999999,1.9749789999999976,200907,-1.9703609999999978
LA-OU,200908,2,persistence,reference_r1,0.901078,2.2991750000000017,200907,-1.3980970000000017
LA-OU,200909,3,persistence,reference_r1,14.755933,9.523029,200907,5.232904000000001
LA-OU,200910,1,persistence,reference_r1,8.721774,2.05422,200910,6.667554
LA-OU,200911,2,persistence,reference_r1,1.848604,9.41034,200910,-7.561736
LA-OU,200912,3,persistence,reference_r1,2.762712,15.98683,200910,-13.224117999999999
LA-PH,200901,1,persistence,reference_r1,0.0002559999999999,0.012556,200901,-0.012300000000000099
LA-PH,200902,2,persistence,reference_r1,0.0002559999999999,0.0128429999999999,200901,-0.012587
LA-PH,200903,3,persistence,reference_r1,0.0003239999999999,0.015795,200901,-0.0154710000000001
LA-PH,200904,1,persistence,reference_r1,0.0002559999999999,0.0021489999999999,200904,-0.0018930000000000002
LA-PH,200905,2,persistence,reference_r1,0.0002559999999999,0.0082929999999999,200904,-0.008036999999999999
LA-PH,200906,3,persistence,reference_r1,0.0003239999999999,0.0302110000000001,200904,-0.029887000000000198
LA-PH,200907,1,persistence,reference_r1,0.0002559999999999,0.218884,200907,-0.2186280000000001
LA-PH,200909,3,persistence,reference_r1,0.0002559999999999,0.3023219999999993,200907,-0.3020659999999994
LA-PH,200910,1,persistence,reference_r1,0.0002559999999999,0.020306,200910,-0.020050000000000102
LA-PH,200911,2,persistence,reference_r1,0.0002559999999999,0.005289,200910,-0.0050330000000001
LA-PH,200912,3,persistence,reference_r1,0.0002559999999999,0.000493,200910,-0.00023700000000009992
LA-SL,200801,1,persistence,reference_r1,5.888300000000001,1.2523340000000005,200801,4.635966000000001
LA-SL,200802,2,persistence,reference_r1,4.932642,0.65272,200801,4.279922000000001
LA-SL,200803,3,persistence,reference_r1,1.538814,2.9516139999999997,200801,-1.4127999999999998
LA-SL,200804,1,persistence,reference_r1,2.3815530000000003,0.9442969999999996,200804,1.4372560000000005
LA-SL,200805,2,persistence,reference_r1,94.786987,88.66067100000001,200804,6.1263159999999885
LA-SL,200806,3,persistence,reference_r1,215.622527,183.622699,200804,31.99982799999998
LA-SL,200807,1,persistence,reference_r1,142.93488,47.83550499999998,200807,95.09937500000001
LA-SL,200808,2,persistence,reference_r1,155.843332,38.83641899999999,200807,117.00691300000001
LA-SL,200809,3,persistence,reference_r1,133.927358,57.47635599999998,200807,76.45100200000002
LA-SL,200810,1,persistence,reference_r1,4.9054660000000005,33.70696100000001,200810,-28.801495000000006
LA-SL,200811,2,persistence,reference_r1,58.522088,9.621322000000005,200810,48.90076599999999
LA-SL,200812,3,persistence,reference_r1,70.03039799999999,3.0520899999999997,200810,66.978308
LA-SL,200901,1,persistence,reference_r1,5.621176,1.7122020000000004,200901,3.9089739999999997
LA-SL,200902,2,persistence,reference_r1,13.492963,20.058046,200901,-6.565083000000001
LA-SL,200903,3,persistence,reference_r1,14.263725999999998,13.033993,200901,1.2297329999999977
LA-SL,200904,1,persistence,reference_r1,4.7826830000000005,6.1601469999999985,200904,-1.377463999999998
LA-SL,200905,2,persistence,reference_r1,88.449731,43.806544,200904,44.643187
LA-SL,200906,3,persistence,reference_r1,14.189135,29.762761,200904,-15.573626
LA-SL,200907,1,persistence,reference_r1,114.196412,115.84506299999998,200907,-1.6486509999999868
LA-SL,200908,2,persistence,reference_r1,76.470293,84.51140600000001,200907,-8.04111300000001
LA-SL,200909,3,persistence,reference_r1,42.499652,58.537504,200907,-16.037852
LA-SL,200910,1,persistence,reference_r1,2.5480530000000012,35.434078,200910,-32.886025
LA-SL,200911,2,persistence,reference_r1,40.47089,14.449782999999996,200910,26.021107
LA-SL,200912,3,persistence,reference_r1,64.94407100000001,8.394862000000003,200910,56.549209000000005
LA-SV,200801,1,persistence,reference_r1,4.8442229999999995,6.963842999999997,200801,-2.1196199999999976
LA-SV,200802,2,persistence,reference_r1,8.673057,1.043602,200801,7.629455
LA-SV,200803,3,persistence,reference_r1,12.976107,0.6927029999999998,200801,12.283404
LA-SV,200804,1,persistence,reference_r1,4.815263000000002,3.4266229999999993,200804,1.3886400000000023
LA-SV,200805,2,persistence,reference_r1,8.412771000000006,7.488893999999998,200804,0.923877000000008
LA-SV,200806,3,persistence,reference_r1,14.575739,27.989363999999995,200804,-13.413624999999994
LA-SV,200807,1,persistence,reference_r1,5.521647999999999,28.99053799999996,200807,-23.468889999999963
LA-SV,200808,2,persistence,reference_r1,10.57087,20.90706799999998,200807,-10.336197999999982
LA-SV,200809,3,persistence,reference_r1,15.121753999999996,22.40774399999998,200807,-7.285989999999984
LA-SV,200810,1,persistence,reference_r1,7.109045999999999,3.486014,200810,3.6230319999999994
LA-SV,200811,2,persistence,reference_r1,7.919887999999993,1.1885890000000003,200810,6.731298999999993
LA-SV,200812,3,persistence,reference_r1,12.10275,0.342165,200810,11.760585
LA-SV,200901,1,persistence,reference_r1,3.9905629999999945,0.084186,200901,3.9063769999999947
LA-SV,200902,2,persistence,reference_r1,7.257082000000004,0.01003,200901,7.247052000000004
LA-SV,200903,3,persistence,reference_r1,10.999906999999991,0.136021,200901,10.863885999999992
LA-SV,200904,1,persistence,reference_r1,3.813820999999997,0.1783739999999999,200904,3.635446999999997
LA-SV,200905,2,persistence,reference_r1,6.943229000000002,1.2849339999999998,200904,5.6582950000000025
LA-SV,200906,3,persistence,reference_r1,10.580433999999997,1.5260139999999995,200904,9.054419999999997
LA-SV,200907,1,persistence,reference_r1,8.737159000000005,29.240554999999972,200907,-20.503395999999967
LA-SV,200908,2,persistence,reference_r1,21.627213000000005,32.102540999999974,200907,-10.475327999999969
LA-SV,200909,3,persistence,reference_r1,30.191056000000003,36.953052000000014,200907,-6.7619960000000106
LA-SV,200910,1,persistence,reference_r1,22.800766000000003,7.358410999999997,200910,15.442355000000006
LA-SV,200911,2,persistence,reference_r1,15.110646000000004,17.064518,200910,-1.9538719999999952
LA-SV,200912,3,persistence,reference_r1,32.15928099999999,1.7635429999999994,200910,30.395737999999994
LA-VT,200801,1,persistence,reference_r1,43.562509000000006,23.80546000000001,200801,19.757048999999995
LA-VT,200802,2,persistence,reference_r1,53.531439000000006,6.210807000000001,200801,47.320632
LA-VT,200803,3,persistence,reference_r1,53.29954199999999,16.270515,200801,37.029026999999985
LA-VT,200804,1,persistence,reference_r1,17.179183000000002,11.159151,200804,6.020032000000002
LA-VT,200805,2,persistence,reference_r1,23.501833000000005,23.31912,200804,0.18271300000000323
LA-VT,200806,3,persistence,reference_r1,34.264673,80.60270899999998,200804,-46.338035999999974
LA-VT,200807,1,persistence,reference_r1,44.458304000000005,87.35175800000002,200807,-42.89345400000001
LA-VT,200808,2,persistence,reference_r1,49.390158,84.81813699999998,200807,-35.42797899999998
LA-VT,200809,3,persistence,reference_r1,57.09253799999999,99.8049729999998,200807,-42.712434999999815
LA-VT,200810,1,persistence,reference_r1,40.52817900000001,36.697038000000006,200810,3.8311410000000024
LA-VT,200811,2,persistence,reference_r1,35.093327999999985,45.27036600000001,200810,-10.177038000000024
LA-VT,200812,3,persistence,reference_r1,54.739943999999994,48.316042,200810,6.423901999999991
LA-VT,200901,1,persistence,reference_r1,33.602245,20.366967,200901,13.235278000000005
LA-VT,200902,2,persistence,reference_r1,45.768274000000005,14.349657,200901,31.418617000000005
LA-VT,200903,3,persistence,reference_r1,51.016761,6.341520999999998,200901,44.67524
LA-VT,200904,1,persistence,reference_r1,13.658959000000005,11.365306000000004,200904,2.293653000000001
LA-VT,200905,2,persistence,reference_r1,25.326655,113.365163,200904,-88.038508
LA-VT,200906,3,persistence,reference_r1,44.6109,189.488734,200904,-144.877834
LA-VT,200907,1,persistence,reference_r1,146.577999,183.06244799999968,200907,-36.48444899999967
LA-VT,200908,2,persistence,reference_r1,171.936715,210.101441,200907,-38.164726
LA-VT,200909,3,persistence,reference_r1,247.78247600000003,293.00253699999985,200907,-45.220060999999816
LA-VT,200910,1,persistence,reference_r1,37.050053000000005,202.997795,200910,-165.947742
LA-VT,200911,2,persistence,reference_r1,42.279893999999985,293.77151100000003,200910,-251.49161700000005
LA-VT,200912,3,persistence,reference_r1,71.11476300000001,218.483042,200910,-147.368279
LA-XA,200801,1,persistence,reference_r1,1.370140000000001,0.8033520000000003,200801,0.5667880000000007
LA-XA,200802,2,persistence,reference_r1,1.726794,0.190452,200801,1.5363419999999999
LA-XA,200803,3,persistence,reference_r1,2.4291660000000004,0.1025129999999999,200801,2.3266530000000003
LA-XA,200804,1,persistence,reference_r1,0.9141100000000008,0.6456049999999998,200804,0.268505000000001
LA-XA,200805,2,persistence,reference_r1,1.9675190000000011,1.427625,200804,0.5398940000000012
LA-XA,200806,3,persistence,reference_r1,4.712291000000002,2.3588429999999994,200804,2.353448000000003
LA-XA,200807,1,persistence,reference_r1,9.737328,10.886063999999998,200807,-1.1487359999999978
LA-XA,200808,2,persistence,reference_r1,1.887989000000001,4.443611000000004,200807,-2.555622000000003
LA-XA,200809,3,persistence,reference_r1,4.530335000000001,2.8469379999999944,200807,1.6833970000000065
LA-XA,200810,1,persistence,reference_r1,1.7879609999999992,1.5121249999999993,200810,0.27583599999999997
LA-XA,200811,2,persistence,reference_r1,1.6200849999999996,1.1031689999999998,200810,0.5169159999999997
LA-XA,200812,3,persistence,reference_r1,2.018962,0.425864,200810,1.5930980000000001
LA-XA,200901,1,persistence,reference_r1,1.269139000000001,0.110427,200901,1.1587120000000009
LA-XA,200902,2,persistence,reference_r1,1.5772950000000012,0.0309229999999999,200901,1.5463720000000014
LA-XA,200903,3,persistence,reference_r1,2.1768,0.232632,200901,1.9441680000000001
LA-XA,200904,1,persistence,reference_r1,0.8203629999999986,0.2878149999999999,200904,0.5325479999999987
LA-XA,200905,2,persistence,reference_r1,1.3959229999999998,1.1968770000000002,200904,0.1990459999999996
LA-XA,200906,3,persistence,reference_r1,9.630621,5.751604,200904,3.8790169999999993
LA-XA,200907,1,persistence,reference_r1,2.6337360000000007,6.552755000000005,200907,-3.919019000000004
LA-XA,200908,2,persistence,reference_r1,17.345646000000002,22.906820999999994,200907,-5.5611749999999915
LA-XA,200909,3,persistence,reference_r1,3.461870000000001,6.456806,200907,-2.994935999999999
LA-XA,200910,1,persistence,reference_r1,4.6066199999999995,4.403065999999999,200910,0.20355400000000046
LA-XA,200911,2,persistence,reference_r1,4.659095000000001,1.8683099999999992,200910,2.7907850000000014
LA-XA,200912,3,persistence,reference_r1,8.217560999999998,1.455438,200910,6.762122999999998
LA-XE,200801,1,persistence,reference_r1,0.6979409999999999,0.0346429999999999,200801,0.663298
LA-XE,200802,2,persistence,reference_r1,0.6954600000000001,0.0177079999999999,200801,0.6777520000000001
LA-XE,200803,3,persistence,reference_r1,0.6880539999999999,0.0085679999999999,200801,0.679486
LA-XE,200804,1,persistence,reference_r1,0.065477,0.0147739999999999,200804,0.050703000000000095
LA-XE,200805,2,persistence,reference_r1,0.0699379999999999,0.040203,200804,0.0297349999999999
LA-XE,200806,3,persistence,reference_r1,4.054037,4.040085,200804,0.013951999999999742
LA-XE,200807,1,persistence,reference_r1,4.1559219999999994,0.3851960000000005,200807,3.770725999999999
LA-XE,200808,2,persistence,reference_r1,4.124742,0.5288779999999988,200807,3.5958640000000015
LA-XE,200809,3,persistence,reference_r1,3.2093629999999997,0.8019620000000032,200807,2.4074009999999966
LA-XE,200810,1,persistence,reference_r1,0.700465,0.064919,200810,0.6355459999999999
LA-XE,200811,2,persistence,reference_r1,0.697173,0.0410349999999999,200810,0.6561380000000001
LA-XE,200812,3,persistence,reference_r1,0.1213829999999999,0.81432,200810,-0.6929370000000001
LA-XE,200901,1,persistence,reference_r1,0.6957120000000001,0.005135,200901,0.6905770000000001
LA-XE,200902,2,persistence,reference_r1,0.692393,1.856205,200901,-1.163812
LA-XE,200903,3,persistence,reference_r1,0.6937459999999999,1.724381,200901,-1.0306350000000002
LA-XE,200904,1,persistence,reference_r1,0.706618,0.5282120000000001,200904,0.17840599999999984
LA-XE,200905,2,persistence,reference_r1,0.137104,0.914529,200904,-0.777425
LA-XE,200906,3,persistence,reference_r1,6.0364830000000005,6.096636999999999,200904,-0.06015399999999893
LA-XE,200907,1,persistence,reference_r1,19.01715,24.476746,200907,-5.459595999999998
LA-XE,200908,2,persistence,reference_r1,16.929472,21.667219000000003,200907,-4.737747000000002
LA-XE,200909,3,persistence,reference_r1,2.3136,3.888246000000001,200907,-1.5746460000000009
LA-XE,200910,1,persistence,reference_r1,0.7152529999999999,2.7119560000000007,200910,-1.9967030000000008
LA-XE,200911,2,persistence,reference_r1,2.27487,2.768030999999999,200910,-0.49316099999999885
LA-XE,200912,3,persistence,reference_r1,0.7216480000000001,6.376936000000001,200910,-5.6552880000000005
LA-XI,200801,1,persistence,reference_r1,0.000689,0.058534,200801,-0.057845
LA-XI,200802,2,persistence,reference_r1,0.000689,0.0084209999999999,200801,-0.0077319999999999
LA-XI,200803,3,persistence,reference_r1,0.000757,0.011249,200801,-0.010492
LA-XI,200804,1,persistence,reference_r1,0.000689,0.000493,200804,0.0001960000000000001
LA-XI,200805,2,persistence,reference_r1,0.000689,0.0014669999999999,200804,-0.0007779999999999
LA-XI,200806,3,persistence,reference_r1,0.950689,0.908389,200804,0.042300000000000004
LA-XI,200807,1,persistence,reference_r1,0.945632,0.3627130000000003,200807,0.5829189999999997
LA-XI,200808,2,persistence,reference_r1,0.945632,0.3288770000000003,200807,0.6167549999999997
LA-XI,200809,3,persistence,reference_r1,0.945632,0.4311189999999998,200807,0.5145130000000002
LA-XI,200810,1,persistence,reference_r1,0.0010249999999999,0.011714,200810,-0.010689000000000101
LA-XI,200811,2,persistence,reference_r1,0.0010249999999999,0.005372,200810,-0.0043470000000001
LA-XI,200812,3,persistence,reference_r1,0.0010879999999999,0.000998,200810,8.999999999990006e-05
LA-XI,200901,1,persistence,reference_r1,0.0010249999999999,0.002046,200901,-0.0010210000000001002
LA-XI,200902,2,persistence,reference_r1,0.0010249999999999,0.001915,200901,-0.0008900000000001001
LA-XI,200903,3,persistence,reference_r1,0.0010249999999999,0.001732,200901,-0.0007070000000001001
LA-XI,200904,1,persistence,reference_r1,0.0009489999999999,0.0006,200904,0.00034899999999990006
LA-XI,200905,2,persistence,reference_r1,38.924964,38.915185,200904,0.009779000000001759
LA-XI,200906,3,persistence,reference_r1,32.924964,32.835918,200904,0.08904600000000329
LA-XI,200907,1,persistence,reference_r1,31.638394,0.712966999999999,200907,30.925427000000003
LA-XI,200908,2,persistence,reference_r1,22.608322,6.842136999999999,200907,15.766185000000002
LA-XI,200909,3,persistence,reference_r1,32.468322,0.5378019999999992,200907,31.93052
LA-XI,200910,1,persistence,reference_r1,0.0059359999999999,1.126802,200910,-1.1208660000000001
LA-XI,200911,2,persistence,reference_r1,0.00828,0.345955,200910,-0.337675
LA-XI,200912,3,persistence,reference_r1,0.008565,0.194381,200910,-0.185816
LA-AT,200801,1,persistence,reference_r2,3.417114,2.732569,200801,0.6845450000000004
LA-AT,200802,2,persistence,reference_r2,1.554761,1.3246790000000002,200801,0.2300819999999999
LA-AT,200803,3,persistence,reference_r2,0.0719689999999997,0.073266,200801,-0.001297000000000298
LA-AT,200804,1,persistence,reference_r2,0.0511810000000001,0.6135839999999999,200804,-0.5624029999999998
LA-AT,200805,2,persistence,reference_r2,3.283157,1.506481,200804,1.7766760000000001
LA-AT,200806,3,persistence,reference_r2,8.913824,3.5345829999999996,200804,5.379241
LA-AT,200807,1,persistence,reference_r2,3.3700159999999997,3.6872529999999983,200807,-0.31723699999999866
LA-AT,200808,2,persistence,reference_r2,0.8191120000000001,6.996525999999996,200807,-6.177413999999995
LA-AT,200809,3,persistence,reference_r2,12.721026,16.729951,200807,-4.008925
LA-AT,200810,1,persistence,reference_r2,21.653144,30.764961999999997,200810,-9.111817999999996
LA-AT,200811,2,persistence,reference_r2,17.48097,35.007805,200810,-17.526835
LA-AT,200812,3,persistence,reference_r2,0.8254960000000002,17.551071999999998,200810,-16.725575999999997
LA-AT,200901,1,persistence,reference_r2,4.180414,7.860275,200901,-3.679861
LA-AT,200902,2,persistence,reference_r2,20.936991,36.350508000000005,200901,-15.413517000000006
LA-AT,200903,3,persistence,reference_r2,51.026816,55.842465,200901,-4.8156490000000005
LA-AT,200904,1,persistence,reference_r2,20.099783,41.085091,200904,-20.985308
LA-AT,200905,2,persistence,reference_r2,73.050844,75.08733200000002,200904,-2.03648800000002
LA-AT,200906,3,persistence,reference_r2,49.528944,42.586405,200904,6.942539000000004
LA-AT,200907,1,persistence,reference_r2,37.048551,48.265159,200907,-11.216607999999994
LA-AT,200908,2,persistence,reference_r2,2.417319,14.891445999999998,200907,-12.474127
LA-AT,200909,3,persistence,reference_r2,5.769361000000001,10.31458,200907,-4.545218999999999
LA-AT,200910,1,persistence,reference_r2,11.202864,6.635116,200910,4.567748
LA-AT,200911,2,persistence,reference_r2,0.964524,7.507289999999998,200910,-6.542765999999998
LA-AT,200912,3,persistence,reference_r2,9.197218,4.687902000000001,200910,4.509315999999998
LA-BK,200801,1,persistence,reference_r2,0.702799,0.954539,200801,-0.2517400000000001
LA-BK,200802,2,persistence,reference_r2,0.0441579999999999,8.099999999999948e-05,200801,0.0440769999999999
LA-BK,200803,3,persistence,reference_r2,0.04958,0.0,200801,0.04958
LA-BK,200804,1,persistence,reference_r2,0.0397599999999999,0.0064339999999999,200804,0.033326
LA-BK,200805,2,persistence,reference_r2,11.138969,11.569035,200804,-0.43006600000000006
LA-BK,200806,3,persistence,reference_r2,52.014405,52.384108999999995,200804,-0.3697039999999987
LA-BK,200807,1,persistence,reference_r2,49.835424,2.2706640000000036,200807,47.56476
LA-BK,200808,2,persistence,reference_r2,42.722548,5.959847,200807,36.76270100000001
LA-BK,200809,3,persistence,reference_r2,18.834476,22.101928000000008,200807,-3.2674520000000093
LA-BK,200810,1,persistence,reference_r2,13.800889,22.333471000000003,200810,-8.532582000000003
LA-BK,200811,2,persistence,reference_r2,20.51978,48.222352,200810,-27.702572
LA-BK,200812,3,persistence,reference_r2,26.609596,2.87153,200810,23.738066
LA-BK,200901,1,persistence,reference_r2,3.291513,0.4677450000000001,200901,2.8237680000000003
LA-BK,200902,2,persistence,reference_r2,4.151589,0.3962050000000001,200901,3.7553840000000003
LA-BK,200903,3,persistence,reference_r2,3.23703,0.933522,200901,2.303508
LA-BK,200904,1,persistence,reference_r2,1.525313,1.320925,200904,0.20438800000000001
LA-BK,200905,2,persistence,reference_r2,69.900575,42.759021,200904,27.141554000000006
LA-BK,200906,3,persistence,reference_r2,211.790007,141.11375500000003,200904,70.67625199999998
LA-BK,200907,1,persistence,reference_r2,3.2750239999999997,191.620972,200907,-188.345948
LA-BK,200908,2,persistence,reference_r2,101.752842,91.07446,200907,10.678382
LA-BK,200909,3,persistence,reference_r2,159.17502399999998,40.553352,200907,118.62167199999999
LA-BK,200910,1,persistence,reference_r2,18.917614,19.136854000000007,200910,-0.21924000000000632
LA-BK,200911,2,persistence,reference_r2,42.640113,15.062976,200910,27.577137
LA-BK,200912,3,persistence,reference_r2,43.577127,4.075866000000001,200910,39.501261
LA-BL,200801,1,persistence,reference_r2,5.383502,5.359655,200801,0.02384699999999995
LA-BL,200802,2,persistence,reference_r2,4.609445999999998,6.150571,200801,-1.5411250000000019
LA-BL,200803,3,persistence,reference_r2,4.952254,0.394476,200801,4.557778
LA-BL,200804,1,persistence,reference_r2,2.636164000000001,2.360404,200804,0.2757600000000009
LA-BL,200805,2,persistence,reference_r2,7.896362999999999,5.702030000000001,200804,2.1943329999999985
LA-BL,200806,3,persistence,reference_r2,9.681316999999998,6.375101000000001,200804,3.3062159999999974
LA-BL,200807,1,persistence,reference_r2,8.159136000000002,20.434535000000004,200807,-12.275399000000002
LA-BL,200808,2,persistence,reference_r2,9.075822000000002,20.866254999999995,200807,-11.790432999999993
LA-BL,200809,3,persistence,reference_r2,9.060482,18.410033,200807,-9.349550999999998
LA-BL,200810,1,persistence,reference_r2,16.667979,9.736277,200810,6.931702
LA-BL,200811,2,persistence,reference_r2,12.08074,4.187096,200810,7.893644
LA-BL,200812,3,persistence,reference_r2,17.987838,0.9271869999999997,200810,17.060651
LA-BL,200901,1,persistence,reference_r2,2.337492000000001,0.7757599999999998,200901,1.5617320000000012
LA-BL,200902,2,persistence,reference_r2,3.435244000000001,1.53548,200901,1.899764000000001
LA-BL,200903,3,persistence,reference_r2,4.660024,1.1992919999999998,200901,3.460732
LA-BL,200904,1,persistence,reference_r2,2.246751999999999,0.8170639999999998,200904,1.4296879999999992
LA-BL,200905,2,persistence,reference_r2,2.9662450000000007,4.311576,200904,-1.345330999999999
LA-BL,200906,3,persistence,reference_r2,5.147416,4.386779999999998,200904,0.7606360000000016
LA-BL,200907,1,persistence,reference_r2,18.167389999999997,21.535006999999993,200907,-3.3676169999999956
LA-BL,200908,2,persistence,reference_r2,4.105169999999999,6.3194329999999965,200907,-2.214262999999997
LA-BL,200909,3,persistence,reference_r2,6.357973000000001,4.892702,200907,1.4652710000000013
LA-BL,200910,1,persistence,reference_r2,2.030341,5.708105999999999,200910,-3.677764999999999
LA-BL,200911,2,persistence,reference_r2,3.023436,2.6581410000000005,200910,0.36529499999999926
LA-BL,200912,3,persistence,reference_r2,4.071548,0.701092,200910,3.370456
LA-CH,200801,1,persistence,reference_r2,9.094472000000003,30.495536000000005,200801,-21.401064
LA-CH,200802,2,persistence,reference_r2,19.277769,51.932333,200801,-32.654564
LA-CH,200803,3,persistence,reference_r2,22.452036999999997,53.024849,200801,-30.572812000000006
LA-CH,200804,1,persistence,reference_r2,16.510193000000005,27.109195,200804,-10.599001999999995
LA-CH,200805,2,persistence,reference_r2,16.954777,42.276516000000015,200804,-25.321739000000015
LA-CH,200806,3,persistence,reference_r2,146.66641599999997,117.65408200000002,200804,29.012333999999953
LA-CH,200807,1,persistence,reference_r2,103.897824,96.33048300000002,200807,7.567340999999985
LA-CH,200808,2,persistence,reference_r2,113.015082,87.57778300000001,200807,25.437298999999996
LA-CH,200809,3,persistence,reference_r2,74.04150599999998,123.702545,200807,-49.66103900000002
LA-CH,200810,1,persistence,reference_r2,30.826214,48.830247000000014,200810,-18.004033000000014
LA-CH,200811,2,persistence,reference_r2,58.307119,48.22720100000001,200810,10.079917999999992
LA-CH,200812,3,persistence,reference_r2,74.776431,34.91847799999999,200810,39.85795300000001
LA-CH,200901,1,persistence,reference_r2,28.082606,9.665734,200901,18.416871999999998
LA-CH,200902,2,persistence,reference_r2,18.725211,22.653967,200901,-3.928756
LA-CH,200903,3,persistence,reference_r2,16.224573999999997,20.102816,200901,-3.8782420000000037
LA-CH,200904,1,persistence,reference_r2,27.857684,33.033232,200904,-5.175547999999999
LA-CH,200905,2,persistence,reference_r2,10.543306,135.167233,200904,-124.62392700000001
LA-CH,200906,3,persistence,reference_r2,41.359300000000005,95.93793399999998,200904,-54.57863399999998
LA-CH,200907,1,persistence,reference_r2,7.796242999999997,81.25319499999989,200907,-73.45695199999989
LA-CH,200908,2,persistence,reference_r2,14.010396,65.83725499999997,200907,-51.82685899999997
LA-CH,200909,3,persistence,reference_r2,19.634912,66.02543000000003,200907,-46.39051800000003
LA-CH,200910,1,persistence,reference_r2,30.947815,20.221161,200910,10.726654
LA-CH,200911,2,persistence,reference_r2,47.867679,20.16615999999999,200910,27.70151900000001
LA-CH,200912,3,persistence,reference_r2,47.93113300000001,12.356686999999994,200910,35.574446000000016
LA-HO,200801,1,persistence,reference_r2,0.8303219999999999,0.0038829999999999,200801,0.826439
LA-HO,200802,2,persistence,reference_r2,0.8292019999999999,0.001098,200801,0.8281039999999998
LA-HO,200803,3,persistence,reference_r2,0.820377,0.0112309999999999,200801,0.8091460000000001
LA-HO,200804,1,persistence,reference_r2,0.01471,0.02096,200804,-0.006249999999999999
LA-HO,200805,2,persistence,reference_r2,0.013967,0.009665,200804,0.004302
LA-HO,200806,3,persistence,reference_r2,0.0156879999999999,0.0084759999999999,200804,0.007212
LA-HO,200807,1,persistence,reference_r2,0.014144,0.272227,200807,-0.258083
LA-HO,200808,2,persistence,reference_r2,0.0132809999999999,0.3132590000000004,200807,-0.2999780000000005
LA-HO,200809,3,persistence,reference_r2,0.8110700000000001,0.7315330000000007,200807,0.07953699999999941
LA-HO,200810,1,persistence,reference_r2,0.8279619999999999,0.055426,200810,0.7725359999999999
LA-HO,200811,2,persistence,reference_r2,0.8269220000000002,0.005048,200810,0.8218740000000001
LA-HO,200812,3,persistence,reference_r2,0.025714,0.8837269999999999,200810,-0.8580129999999999
LA-HO,200901,1,persistence,reference_r2,0.819663,0.0123189999999999,200901,0.8073440000000002
LA-HO,200902,2,persistence,reference_r2,0.8172220000000001,0.0320229999999999,200901,0.7851990000000002
LA-HO,200903,3,persistence,reference_r2,0.822631,0.0210299999999999,200901,0.8016010000000001
LA-HO,200904,1,persistence,reference_r2,0.0150949999999999,0.004143,200904,0.0109519999999999
LA-HO,200905,2,persistence,reference_r2,0.0144169999999999,0.012826,200904,0.0015909999999998998
LA-HO,200906,3,persistence,reference_r2,0.01438,0.034054,200904,-0.019674
LA-HO,200907,1,persistence,reference_r2,0.014521,0.3772890000000002,200907,-0.3627680000000002
LA-HO,200908,2,persistence,reference_r2,0.013853,0.7485549999999996,200907,-0.7347019999999996
LA-HO,200909,3,persistence,reference_r2,0.8138789999999999,0.8701270000000001,200907,-0.05624800000000019
LA-HO,200910,1,persistence,reference_r2,0.025561,0.5723680000000001,200910,-0.546807
LA-HO,200911,2,persistence,reference_r2,0.02476,0.716912,200910,-0.692152
LA-HO,200912,3,persistence,reference_r2,0.02404,0.881888,200910,-0.857848
LA-KH,200801,1,persistence,reference_r2,1.3149230000000005,0.7445469999999998,200801,0.5703760000000007
LA-KH,200802,2,persistence,reference_r2,2.0702239999999996,0.064021,200801,2.0062029999999997
LA-KH,200803,3,persistence,reference_r2,2.6522299999999994,0.0714459999999999,200801,2.5807839999999995
LA-KH,200804,1,persistence,reference_r2,1.2494660000000015,0.805669,200804,0.44379700000000155
LA-KH,200805,2,persistence,reference_r2,1.9751110000000016,0.857321,200804,1.1177900000000016
LA-KH,200806,3,persistence,reference_r2,2.949643000000002,2.9420319999999993,200804,0.007611000000002477
LA-KH,200807,1,persistence,reference_r2,2.3174720000000004,4.100326000000003,200807,-1.7828540000000022
LA-KH,200808,2,persistence,reference_r2,2.4079770000000025,5.2824700000000036,200807,-2.874493000000001
LA-KH,200809,3,persistence,reference_r2,3.848109000000001,5.631826000000004,200807,-1.7837170000000029
LA-KH,200810,1,persistence,reference_r2,2.983358000000001,0.7932429999999999,200810,2.190115000000001
LA-KH,200811,2,persistence,reference_r2,2.4790000000000028,1.6153939999999998,200810,0.863606000000003
LA-KH,200812,3,persistence,reference_r2,2.645925000000002,3.188564,200810,-0.5426389999999981
LA-KH,200901,1,persistence,reference_r2,3.548762,0.061072,200901,3.48769
LA-KH,200902,2,persistence,reference_r2,4.0521080000000005,0.0241739999999999,200901,4.027934000000001
LA-KH,200903,3,persistence,reference_r2,3.384513000000002,4.5976349999999995,200901,-1.2131219999999976
LA-KH,200904,1,persistence,reference_r2,4.841953000000002,0.4204940000000001,200904,4.421459000000002
LA-KH,200905,2,persistence,reference_r2,2.0069870000000023,1.9809319999999997,200904,0.026055000000002604
LA-KH,200906,3,persistence,reference_r2,55.94815,64.05837199999999,200904,-8.110221999999993
LA-KH,200907,1,persistence,reference_r2,61.52167800000001,115.68769099999996,200907,-54.16601299999995
LA-KH,200908,2,persistence,reference_r2,194.421624,243.857579,200907,-49.43595499999998
LA-KH,200909,3,persistence,reference_r2,166.65145900000002,215.091153,200907,-48.439693999999974
LA-KH,200910,1,persistence,reference_r2,170.752766,40.69676199999998,200910,130.05600400000003
LA-KH,200911,2,persistence,reference_r2,185.804773,24.76266200000001,200910,161.042111
LA-KH,200912,3,persistence,reference_r2,176.54862500000002,31.479818,200910,145.06880700000002
LA-LM,200801,1,persistence,reference_r2,0.0063019999999999,9.99999999999994e-05,200801,0.0062019999999999
LA-LM,200802,2,persistence,reference_r2,0.007978,4.900000000000043e-05,200801,0.007929
LA-LM,200803,3,persistence,reference_r2,0.008063,8.999999999999894e-06,200801,0.008054
LA-LM,200804,1,persistence,reference_r2,0.00593,0.0004089999999999,200804,0.0055210000000001005
LA-LM,200805,2,persistence,reference_r2,0.007609,0.002041,200804,0.005568
LA-LM,200806,3,persistence,reference_r2,0.0077419999999999,0.0018209999999999,200804,0.005921
LA-LM,200807,1,persistence,reference_r2,0.005728,1.0643770000000004,200807,-1.0586490000000004
LA-LM,200808,2,persistence,reference_r2,0.0072329999999999,0.5001480000000011,200807,-0.49291500000000127
LA-LM,200809,3,persistence,reference_r2,0.00733,0.8728909999999992,200807,-0.8655609999999992
LA-LM,200810,1,persistence,reference_r2,0.00553,0.0253579999999999,200810,-0.0198279999999999
LA-LM,200811,2,persistence,reference_r2,0.0068819999999999,0.0018589999999999,200810,0.0050230000000000006
LA-LM,200812,3,persistence,reference_r2,0.0069769999999999,0.0009049999999999,200810,0.006072
LA-LM,200901,1,persistence,reference_r2,0.005182,6.399999999999982e-05,200901,0.005118
LA-LM,200902,2,persistence,reference_r2,0.0066169999999999,0.000289,200901,0.0063279999999999
LA-LM,200903,3,persistence,reference_r2,0.0067099999999999,0.00017,200901,0.0065399999999999
LA-LM,200904,1,persistence,reference_r2,0.892964,0.94869,200904,-0.05572600000000005
LA-LM,200905,2,persistence,reference_r2,0.0062819999999999,0.0036979999999999,200904,0.0025839999999999995
LA-LM,200906,3,persistence,reference_r2,1.794403,1.7639159999999998,200904,0.030487000000000153
LA-LM,200907,1,persistence,reference_r2,0.8803340000000001,1.017761,200907,-0.13742699999999985
LA-LM,200908,2,persistence,reference_r2,1.793166,1.426221,200907,0.3669450000000001
LA-LM,200909,3,persistence,reference_r2,1.784168,2.325477000000001,200907,-0.5413090000000012
LA-LM,200910,1,persistence,reference_r2,0.866121,2.881639,200910,-2.0155179999999997
LA-LM,200911,2,persistence,reference_r2,1.7659490000000002,4.380814,200910,-2.614865
LA-LM,200912,3,persistence,reference_r2,0.0158389999999999,3.365638,200910,-3.3497990000000004
LA-LP,200801,1,persistence,reference_r2,3.4616930000000004,0.864222,200801,2.5974710000000005
LA-LP,200802,2,persistence,reference_r2,6.91244,14.622922,200801,-7.710482000000001
LA-LP,200803,3,persistence,reference_r2,10.133757,20.453954,200801,-10.320197
LA-LP,200804,1,persistence,reference_r2,7.552431,13.718936,200804,-6.166504999999999
LA-LP,200805,2,persistence,reference_r2,77.851392,71.71427800000001,200804,6.137113999999997
LA-LP,200806,3,persistence,reference_r2,117.03942399999998,91.400738,200804,25.63868599999998
LA-LP,200807,1,persistence,reference_r2,129.564112,10.051370000000002,200807,119.51274199999999
LA-LP,200808,2,persistence,reference_r2,127.251376,8.370231000000004,200807,118.88114499999999
LA-LP,200809,3,persistence,reference_r2,123.87897999999998,9.079065999999996,200807,114.79991399999999
LA-LP,200810,1,persistence,reference_r2,13.246083999999998,17.864565,200810,-4.618481000000001
LA-LP,200811,2,persistence,reference_r2,83.01435,109.065427,200810,-26.051077000000006
LA-LP,200812,3,persistence,reference_r2,122.540554,157.555392,200810,-35.01483800000001
LA-LP,200901,1,persistence,reference_r2,144.909513,7.2554310000000015,200901,137.65408200000002
LA-LP,200902,2,persistence,reference_r2,138.39242299999998,6.247680000000001,200901,132.14474299999998
LA-LP,200903,3,persistence,reference_r2,135.888984,14.475235,200901,121.413749
LA-LP,200904,1,persistence,reference_r2,1.3111080000000008,11.344577000000005,200904,-10.033469000000004
LA-LP,200905,2,persistence,reference_r2,2.1775269999999995,30.284835000000008,200904,-28.10730800000001
LA-LP,200906,3,persistence,reference_r2,5.477892000000001,51.266073000000006,200904,-45.78818100000001
LA-LP,200907,1,persistence,reference_r2,14.600399,19.829588,200907,-5.229189000000002
LA-LP,200908,2,persistence,reference_r2,14.818903999999998,20.920720000000003,200907,-6.101816000000005
LA-LP,200909,3,persistence,reference_r2,273.90963100000005,274.242217,200907,-0.3325859999999352
LA-LP,200910,1,persistence,reference_r2,131.123732,73.33034,200910,57.79339199999998
LA-LP,200911,2,persistence,reference_r2,199.57987,35.217999,200910,164.361871
LA-LP,200912,3,persistence,reference_r2,282.822618,5.385577,200910,277.43704099999997
LA-OU,200801,1,persistence,reference_r2,0.0060349999999999,0.0006019999999999,200801,0.0054329999999999995
LA-OU,200802,2,persistence,reference_r2,0.004123,0.000144,200801,0.003979
LA-OU,200803,3,persistence,reference_r2,0.0080099999999999,0.0001449999999999,200801,0.007864999999999999
LA-OU,200804,1,persistence,reference_r2,0.005861,0.0016159999999999,200804,0.004245000000000099
LA-OU,200805,2,persistence,reference_r2,0.0039809999999999,0.0065069999999999,200804,-0.0025259999999999996
LA-OU,200806,3,persistence,reference_r2,0.0075709999999999,0.012515,200804,-0.0049440000000001
LA-OU,200807,1,persistence,reference_r2,0.0055359999999999,1.673562999999998,200807,-1.668026999999998
LA-OU,200808,2,persistence,reference_r2,0.003712,1.117217,200807,-1.113505
LA-OU,200809,3,persistence,reference_r2,0.007161,1.5918880000000009,200807,-1.5847270000000009
LA-OU,200810,1,persistence,reference_r2,0.005221,0.0277979999999999,200810,-0.0225769999999999
LA-OU,200811,2,persistence,reference_r2,0.003601,0.003553,200810,4.7999999999999866e-05
LA-OU,200812,3,persistence,reference_r2,0.006857,0.0010979999999999,200810,0.0057590000000001
LA-OU,200901,1,persistence,reference_r2,0.005059,0.0002249999999999,200901,0.0048340000000001
LA-OU,200902,2,persistence,reference_r2,0.0034529999999999,6.499999999999909e-05,200901,0.003387999999999901
LA-OU,200903,3,persistence,reference_r2,0.006614,0.0004039999999999,200901,0.0062100000000001
LA-OU,200904,1,persistence,reference_r2,0.0047429999999999,0.000458,200904,0.0042849999999999
LA-OU,200905,2,persistence,reference_r2,0.0033229999999999,0.0054399999999999,200904,-0.002117
LA-OU,200906,3,persistence,reference_r2,0.006322,0.0142229999999999,200904,-0.007900999999999901
LA-OU,200907,1,persistence,reference_r2,0.0046179999999999,1.9850020000000017,200907,-1.9803840000000017
LA-OU,200908,2,persistence,reference_r2,0.901078,2.865465999999998,200907,-1.9643879999999978
LA-OU,200909,3,persistence,reference_r2,14.755933,8.683643999999997,200907,6.072289000000003
LA-OU,200910,1,persistence,reference_r2,8.721774,2.262297,200910,6.459477
LA-OU,200911,2,persistence,reference_r2,1.848604,8.739315000000001,200910,-6.890711000000001
LA-OU,200912,3,persistence,reference_r2,2.762712,16.027116,200910,-13.264403999999999
LA-PH,200901,1,persistence,reference_r2,0.0002559999999999,0.010381,200901,-0.0101250000000001
LA-PH,200902,2,persistence,reference_r2,0.0002559999999999,0.0150659999999999,200901,-0.01481
LA-PH,200903,3,persistence,reference_r2,0.0003239999999999,0.0164999999999999,200901,-0.016176
LA-PH,200904,1,persistence,reference_r2,0.0002559999999999,0.0030599999999999,200904,-0.002804
LA-PH,200905,2,persistence,reference_r2,0.0002559999999999,0.010799,200904,-0.0105430000000001
LA-PH,200906,3,persistence,reference_r2,0.0003239999999999,0.027202,200904,-0.0268780000000001
LA-PH,200907,1,persistence,reference_r2,0.0002559999999999,0.1833019999999998,200907,-0.1830459999999999
LA-PH,200909,3,persistence,reference_r2,0.0002559999999999,0.3112779999999997,200907,-0.3110219999999998
LA-PH,200910,1,persistence,reference_r2,0.0002559999999999,0.0152059999999999,200910,-0.01495
LA-PH,200911,2,persistence,reference_r2,0.0002559999999999,0.01267,200910,-0.0124140000000001
LA-PH,200912,3,persistence,reference_r2,0.0002559999999999,0.001062,200910,-0.0008060000000001
LA-SL,200801,1,persistence,reference_r2,5.888300000000001,1.0456119999999998,200801,4.842688000000001
LA-SL,200802,2,persistence,reference_r2,4.932642,0.414529,200801,4.5181130000000005
LA-SL,200803,3,persistence,reference_r2,1.538814,3.799716,200801,-2.260902
LA-SL,200804,1,persistence,reference_r2,2.3815530000000003,1.0690889999999995,200804,1.3124640000000007
LA-SL,200805,2,persistence,reference_r2,94.786987,92.488938,200804,2.298048999999992
LA-SL,200806,3,persistence,reference_r2,215.622527,187.262872,200804,28.359655000000004
LA-SL,200807,1,persistence,reference_r2,142.93488,48.78674299999999,200807,94.148137
LA-SL,200808,2,persistence,reference_r2,155.843332,38.631253000000015,200807,117.21207899999999
LA-SL,200809,3,persistence,reference_r2,133.927358,56.62572899999999,200807,77.301629
LA-SL,200810,1,persistence,reference_r2,4.9054660000000005,37.748735,200810,-32.84326900000001
LA-SL,200811,2,persistence,reference_r2,58.522088,7.083928,200810,51.438159999999996
LA-SL,200812,3,persistence,reference_r2,70.03039799999999,2.6424499999999993,200810,67.387948
LA-SL,200901,1,persistence,reference_r2,5.621176,1.283057,200901,4.338119000000001
LA-SL,200902,2,persistence,reference_r2,13.492963,18.99471,200901,-5.501747000000002
LA-SL,200903,3,persistence,reference_r2,14.263725999999998,12.544033999999998,200901,1.7196920000000002
LA-SL,200904,1,persistence,reference_r2,4.7826830000000005,6.620528,200904,-1.8378449999999997
LA-SL,200905,2,persistence,reference_r2,88.449731,38.404691,200904,50.04504
LA-SL,200906,3,persistence,reference_r2,14.189135,32.06223299999999,200904,-17.87309799999999
LA-SL,200907,1,persistence,reference_r2,114.196412,114.145739,200907,0.05067299999998909
LA-SL,200908,2,persistence,reference_r2,76.470293,87.96150799999998,200907,-11.491214999999983
LA-SL,200909,3,persistence,reference_r2,42.499652,57.79920899999999,200907,-15.299556999999993
LA-SL,200910,1,persistence,reference_r2,2.5480530000000012,36.271739,200910,-33.723685999999994
LA-SL,200911,2,persistence,reference_r2,40.47089,17.818126,200910,22.652763999999998
LA-SL,200912,3,persistence,reference_r2,64.94407100000001,6.460138000000001,200910,58.48393300000001
LA-SV,200801,1,persistence,reference_r2,4.8442229999999995,5.444440999999999,200801,-0.6002179999999999
LA-SV,200802,2,persistence,reference_r2,8.673057,0.8866399999999999,200801,7.786417
LA-SV,200803,3,persistence,reference_r2,12.976107,0.451657,200801,12.524450000000002
LA-SV,200804,1,persistence,reference_r2,4.815263000000002,4.906604,200804,-0.09134099999999812
LA-SV,200805,2,persistence,reference_r2,8.412771000000006,5.819484000000001,200804,2.5932870000000054
LA-SV,200806,3,persistence,reference_r2,14.575739,31.45649499999999,200804,-16.88075599999999
LA-SV,200807,1,persistence,reference_r2,5.521647999999999,23.64916000000005,200807,-18.127512000000053
LA-SV,200808,2,persistence,reference_r2,10.57087,26.75584200000003,200807,-16.18497200000003
LA-SV,200809,3,persistence,reference_r2,15.121753999999996,25.80550100000005,200807,-10.683747000000054
LA-SV,200810,1,persistence,reference_r2,7.109045999999999,3.97766,200810,3.131385999999999
LA-SV,200811,2,persistence,reference_r2,7.919887999999993,0.7989510000000002,200810,7.1209369999999925
LA-SV,200812,3,persistence,reference_r2,12.10275,0.3231449999999999,200810,11.779605
LA-SV,200901,1,persistence,reference_r2,3.9905629999999945,0.071795,200901,3.9187679999999947
LA-SV,200902,2,persistence,reference_r2,7.257082000000004,0.020818,200901,7.236264000000004
LA-SV,200903,3,persistence,reference_r2,10.999906999999991,0.1522919999999999,200901,10.847614999999992
LA-SV,200904,1,persistence,reference_r2,3.813820999999997,0.250846,200904,3.5629749999999967
LA-SV,200905,2,persistence,reference_r2,6.943229000000002,1.4172769999999997,200904,5.525952000000003
LA-SV,200906,3,persistence,reference_r2,10.580433999999997,1.5069610000000004,200904,9.073472999999996
LA-SV,200907,1,persistence,reference_r2,8.737159000000005,30.662386999999967,200907,-21.92522799999996
LA-SV,200908,2,persistence,reference_r2,21.627213000000005,30.76234500000004,200907,-9.135132000000034
LA-SV,200909,3,persistence,reference_r2,30.191056000000003,37.724245,200907,-7.533189
LA-SV,200910,1,persistence,reference_r2,22.800766000000003,7.314817999999999,200910,15.485948000000004
LA-SV,200911,2,persistence,reference_r2,15.110646000000004,13.378443,200910,1.7322030000000037
LA-SV,200912,3,persistence,reference_r2,32.15928099999999,1.6980500000000005,200910,30.46123099999999
LA-VT,200801,1,persistence,reference_r2,43.562509000000006,11.689757,200801,31.872752000000006
LA-VT,200802,2,persistence,reference_r2,53.531439000000006,4.667682,200801,48.86375700000001
LA-VT,200803,3,persistence,reference_r2,53.29954199999999,18.237541,200801,35.06200099999999
LA-VT,200804,1,persistence,reference_r2,17.179183000000002,15.094431,200804,2.0847520000000017
LA-VT,200805,2,persistence,reference_r2,23.501833000000005,22.198068999999997,200804,1.3037640000000081
LA-VT,200806,3,persistence,reference_r2,34.264673,101.127471,200804,-66.862798
LA-VT,200807,1,persistence,reference_r2,44.458304000000005,78.54241000000002,200807,-34.08410600000001
LA-VT,200808,2,persistence,reference_r2,49.390158,84.81655799999993,200807,-35.42639999999993
LA-VT,200809,3,persistence,reference_r2,57.09253799999999,93.17185599999992,200807,-36.07931799999993
LA-VT,200810,1,persistence,reference_r2,40.52817900000001,36.00233899999999,200810,4.5258400000000165
LA-VT,200811,2,persistence,reference_r2,35.093327999999985,64.894551,200810,-29.80122300000002
LA-VT,200812,3,persistence,reference_r2,54.739943999999994,54.026814,200810,0.7131299999999925
LA-VT,200901,1,persistence,reference_r2,33.602245,21.962053,200901,11.640192000000003
LA-VT,200902,2,persistence,reference_r2,45.768274000000005,13.122546,200901,32.645728000000005
LA-VT,200903,3,persistence,reference_r2,51.016761,5.846480999999999,200901,45.170280000000005
LA-VT,200904,1,persistence,reference_r2,13.658959000000005,12.973296000000005,200904,0.6856629999999999
LA-VT,200905,2,persistence,reference_r2,25.326655,113.710575,200904,-88.38392
LA-VT,200906,3,persistence,reference_r2,44.6109,237.506582,200904,-192.89568200000002
LA-VT,200907,1,persistence,reference_r2,146.577999,189.8490260000001,200907,-43.27102700000009
LA-VT,200908,2,persistence,reference_r2,171.936715,206.70273199999997,200907,-34.76601699999998
LA-VT,200909,3,persistence,reference_r2,247.78247600000003,272.97224400000005,200907,-25.189768000000015
LA-VT,200910,1,persistence,reference_r2,37.050053000000005,205.366876,200910,-168.316823
LA-VT,200911,2,persistence,reference_r2,42.279893999999985,228.592663,200910,-186.312769
LA-VT,200912,3,persistence,reference_r2,71.11476300000001,231.83302199999997,200910,-160.71825899999996
LA-XA,200801,1,persistence,reference_r2,1.370140000000001,1.0731100000000002,200801,0.2970300000000008
LA-XA,200802,2,persistence,reference_r2,1.726794,0.210026,200801,1.516768
LA-XA,200803,3,persistence,reference_r2,2.4291660000000004,0.139015,200801,2.2901510000000003
LA-XA,200804,1,persistence,reference_r2,0.9141100000000008,1.087943,200804,-0.17383299999999935
LA-XA,200805,2,persistence,reference_r2,1.9675190000000011,1.3733000000000004,200804,0.5942190000000007
LA-XA,200806,3,persistence,reference_r2,4.712291000000002,2.502014,200804,2.2102770000000023
LA-XA,200807,1,persistence,reference_r2,9.737328,10.80233100000001,200807,-1.0650030000000097
LA-XA,200808,2,persistence,reference_r2,1.887989000000001,4.795306999999994,200807,-2.907317999999993
LA-XA,200809,3,persistence,reference_r2,4.530335000000001,3.0675570000000008,200807,1.4627780000000001
LA-XA,200810,1,persistence,reference_r2,1.7879609999999992,1.5871300000000002,200810,0.2008309999999991
LA-XA,200811,2,persistence,reference_r2,1.6200849999999996,0.7547539999999999,200810,0.8653309999999996
LA-XA,200812,3,persistence,reference_r2,2.018962,0.3914660000000001,200810,1.627496
LA-XA,200901,1,persistence,reference_r2,1.269139000000001,0.0828019999999999,200901,1.186337000000001
LA-XA,200902,2,persistence,reference_r2,1.5772950000000012,0.035375,200901,1.5419200000000013
LA-XA,200903,3,persistence,reference_r2,2.1768,0.214829,200901,1.9619710000000001
LA-XA,200904,1,persistence,reference_r2,0.8203629999999986,0.337177,200904,0.4831859999999986
LA-XA,200905,2,persistence,reference_r2,1.3959229999999998,1.240929,200904,0.15499399999999985
LA-XA,200906,3,persistence,reference_r2,9.630621,5.269497,200904,4.361123999999999
LA-XA,200907,1,persistence,reference_r2,2.6337360000000007,7.643463999999995,200907,-5.009727999999995
LA-XA,200908,2,persistence,reference_r2,17.345646000000002,23.652629999999988,200907,-6.306983999999986
LA-XA,200909,3,persistence,reference_r2,3.461870000000001,7.453452999999996,200907,-3.991582999999995
LA-XA,200910,1,persistence,reference_r2,4.6066199999999995,4.422632,200910,0.18398799999999937
LA-XA,200911,2,persistence,reference_r2,4.659095000000001,2.474596,200910,2.1844990000000006
LA-XA,200912,3,persistence,reference_r2,8.217560999999998,1.2573249999999998,200910,6.960235999999998
LA-XE,200801,1,persistence,reference_r2,0.6979409999999999,0.0218009999999999,200801,0.6761400000000001
LA-XE,200802,2,persistence,reference_r2,0.6954600000000001,0.012725,200801,0.6827350000000001
LA-XE,200803,3,persistence,reference_r2,0.6880539999999999,0.005561,200801,0.6824929999999999
LA-XE,200804,1,persistence,reference_r2,0.065477,0.030751,200804,0.03472599999999999
LA-XE,200805,2,persistence,reference_r2,0.0699379999999999,0.051755,200804,0.0181829999999999
LA-XE,200806,3,persistence,reference_r2,4.054037,3.862645,200804,0.191392
LA-XE,200807,1,persistence,reference_r2,4.1559219999999994,0.4080139999999996,200807,3.747908
LA-XE,200808,2,persistence,reference_r2,4.124742,0.4500960000000003,200807,3.674646
LA-XE,200809,3,persistence,reference_r2,3.2093629999999997,0.6479249999999999,200807,2.561438
LA-XE,200810,1,persistence,reference_r2,0.700465,0.049727,200810,0.650738
LA-XE,200811,2,persistence,reference_r2,0.697173,0.0155099999999999,200810,0.6816630000000001
LA-XE,200812,3,persistence,reference_r2,0.1213829999999999,0.868803,200810,-0.7474200000000001
LA-XE,200901,1,persistence,reference_r2,0.6957120000000001,0.005179,200901,0.6905330000000001
LA-XE,200902,2,persistence,reference_r2,0.692393,1.835477,200901,-1.143084
LA-XE,200903,3,persistence,reference_r2,0.6937459999999999,1.764863,200901,-1.071117
LA-XE,200904,1,persistence,reference_r2,0.706618,0.4672109999999999,200904,0.2394070000000001
LA-XE,200905,2,persistence,reference_r2,0.137104,0.8595459999999999,200904,-0.7224419999999999
LA-XE,200906,3,persistence,reference_r2,6.0364830000000005,5.9161459999999995,200904,0.12033700000000103
LA-XE,200907,1,persistence,reference_r2,19.01715,25.394755,200907,-6.377604999999999
LA-XE,200908,2,persistence,reference_r2,16.929472,22.176722,200907,-5.247250000000001
LA-XE,200909,3,persistence,reference_r2,2.3136,4.178295,200907,-1.8646950000000002
LA-XE,200910,1,persistence,reference_r2,0.7152529999999999,2.9374319999999994,200910,-2.2221789999999997
LA-XE,200911,2,persistence,reference_r2,2.27487,10.548491000000006,200910,-8.273621000000006
LA-XE,200912,3,persistence,reference_r2,0.7216480000000001,9.168519000000003,200910,-8.446871000000003
LA-XI,200801,1,persistence,reference_r2,0.000689,0.0004439999999999,200801,0.00024500000000010006
LA-XI,200802,2,persistence,reference_r2,0.000689,5.299999999999923e-05,200801,0.0006360000000000008
LA-XI,200803,3,persistence,reference_r2,0.000757,0.0002599999999999,200801,0.0004970000000001
LA-XI,200804,1,persistence,reference_r2,0.000689,0.00102,200804,-0.000331
LA-XI,200805,2,persistence,reference_r2,0.000689,0.000821,200804,-0.00013199999999999996
LA-XI,200806,3,persistence,reference_r2,0.950689,0.933181,200804,0.017507999999999968
LA-XI,200807,1,persistence,reference_r2,0.945632,0.346756,200807,0.598876
LA-XI,200808,2,persistence,reference_r2,0.945632,0.3214660000000009,200807,0.6241659999999991
LA-XI,200809,3,persistence,reference_r2,0.945632,0.3854030000000001,200807,0.5602289999999999
LA-XI,200810,1,persistence,reference_r2,0.0010249999999999,0.01438,200810,-0.013355000000000101
LA-XI,200811,2,persistence,reference_r2,0.0010249999999999,0.0026289999999999,200810,-0.0016040000000000002
LA-XI,200812,3,persistence,reference_r2,0.0010879999999999,0.001548,200810,-0.00046000000000009987
LA-XI,200901,1,persistence,reference_r2,0.0010249999999999,0.0008039999999999,200901,0.00022099999999999995
LA-XI,200902,2,persistence,reference_r2,0.0010249999999999,0.00271,200901,-0.0016850000000001003
LA-XI,200903,3,persistence,reference_r2,0.0010249999999999,0.002221,200901,-0.0011960000000001
LA-XI,200904,1,persistence,reference_r2,0.0009489999999999,0.0007349999999999,200904,0.000214
LA-XI,200905,2,persistence,reference_r2,38.924964,38.950457,200904,-0.025492999999997323
LA-XI,200906,3,persistence,reference_r2,32.924964,32.819494,200904,0.10547000000000395
LA-XI,200907,1,persistence,reference_r2,31.638394,0.6735409999999993,200907,30.964853
LA-XI,200908,2,persistence,reference_r2,22.608322,7.147765000000001,200907,15.460557000000001
LA-XI,200909,3,persistence,reference_r2,32.468322,0.4093920000000004,200907,32.058930000000004
LA-XI,200910,1,persistence,reference_r2,0.0059359999999999,0.8393410000000001,200910,-0.8334050000000002
LA-XI,200911,2,persistence,reference_r2,0.00828,0.3995899999999999,200910,-0.3913099999999999
LA-XI,200912,3,persistence,reference_r2,0.008565,0.165825,200910,-0.15726
LA-AT,200801,1,persistence,reference_r3,3.417114,2.8753360000000003,200801,0.5417779999999999
LA-AT,200802,2,persistence,reference_r3,1.554761,1.246732,200801,0.3080290000000001
LA-AT,200803,3,persistence,reference_r3,0.0719689999999997,0.0776459999999999,200801,-0.005677000000000196
LA-AT,200804,1,persistence,reference_r3,0.0511810000000001,0.601259,200804,-0.5500779999999998
LA-AT,200805,2,persistence,reference_r3,3.283157,1.535256,200804,1.7479010000000001
LA-AT,200806,3,persistence,reference_r3,8.913824,3.591926,200804,5.321898
LA-AT,200807,1,persistence,reference_r3,3.3700159999999997,3.479008999999998,200807,-0.10899299999999812
LA-AT,200808,2,persistence,reference_r3,0.8191120000000001,6.760175000000004,200807,-5.941063000000003
LA-AT,200809,3,persistence,reference_r3,12.721026,16.802501,200807,-4.081474999999999
LA-AT,200810,1,persistence,reference_r3,21.653144,32.246725,200810,-10.593580999999997
LA-AT,200811,2,persistence,reference_r3,17.48097,35.932750999999996,200810,-18.451780999999997
LA-AT,200812,3,persistence,reference_r3,0.8254960000000002,16.63512,200810,-15.809624
LA-AT,200901,1,persistence,reference_r3,4.180414,8.237484,200901,-4.05707
LA-AT,200902,2,persistence,reference_r3,20.936991,39.309762,200901,-18.372771
LA-AT,200903,3,persistence,reference_r3,51.026816,59.094952,200901,-8.068136000000003
LA-AT,200904,1,persistence,reference_r3,20.099783,40.706911,200904,-20.607128
LA-AT,200905,2,persistence,reference_r3,73.050844,78.635321,200904,-5.584477000000007
LA-AT,200906,3,persistence,reference_r3,49.528944,41.160718,200904,8.368226
LA-AT,200907,1,persistence,reference_r3,37.048551,47.41860899999999,200907,-10.370057999999986
LA-AT,200908,2,persistence,reference_r3,2.417319,14.600046,200907,-12.182727
LA-AT,200909,3,persistence,reference_r3,5.769361000000001,10.81738,200907,-5.048018999999999
LA-AT,200910,1,persistence,reference_r3,11.202864,6.874393000000001,200910,4.328470999999999
LA-AT,200911,2,persistence,reference_r3,0.964524,5.902303999999999,200910,-4.937779999999999
LA-AT,200912,3,persistence,reference_r3,9.197218,5.843610999999999,200910,3.3536070000000002
LA-BK,200801,1,persistence,reference_r3,0.702799,0.960401,200801,-0.257602
LA-BK,200802,2,persistence,reference_r3,0.0441579999999999,9.99999999999994e-05,200801,0.0440579999999999
LA-BK,200803,3,persistence,reference_r3,0.04958,6.399999999999982e-05,200801,0.049516
LA-BK,200804,1,persistence,reference_r3,0.0397599999999999,0.0042849999999999,200804,0.035475
LA-BK,200805,2,persistence,reference_r3,11.138969,11.582519,200804,-0.4435500000000001
LA-BK,200806,3,persistence,reference_r3,52.014405,52.399882,200804,-0.3854770000000016
LA-BK,200807,1,persistence,reference_r3,49.835424,1.9540170000000003,200807,47.881407
LA-BK,200808,2,persistence,reference_r3,42.722548,5.780802000000001,200807,36.941746
LA-BK,200809,3,persistence,reference_r3,18.834476,21.504078999999997,200807,-2.6696029999999986
LA-BK,200810,1,persistence,reference_r3,13.800889,23.83023399999999,200810,-10.02934499999999
LA-BK,200811,2,persistence,reference_r3,20.51978,47.70185,200810,-27.18207
LA-BK,200812,3,persistence,reference_r3,26.609596,2.83385,200810,23.775745999999998
LA-BK,200901,1,persistence,reference_r3,3.291513,0.4965379999999999,200901,2.794975
LA-BK,200902,2,persistence,reference_r3,4.151589,0.2767909999999999,200901,3.8747980000000006
LA-BK,200903,3,persistence,reference_r3,3.23703,0.6053459999999999,200901,2.631684
LA-BK,200904,1,persistence,reference_r3,1.525313,1.3619459999999997,200904,0.16336700000000026
LA-BK,200905,2,persistence,reference_r3,69.900575,43.735017,200904,26.165558000000004
LA-BK,200906,3,persistence,reference_r3,211.790007,141.527765,200904,70.26224200000001
LA-BK,200907,1,persistence,reference_r3,3.2750239999999997,187.716271,200907,-184.441247
LA-BK,200908,2,persistence,reference_r3,101.752842,90.502417,200907,11.250425000000007
LA-BK,200909,3,persistence,reference_r3,159.17502399999998,39.515868000000005,200907,119.65915599999997
LA-BK,200910,1,persistence,reference_r3,18.917614,19.52218,200910,-0.6045659999999984
LA-BK,200911,2,persistence,reference_r3,42.640113,10.895572999999995,200910,31.744540000000004
LA-BK,200912,3,persistence,reference_r3,43.577127,4.915691999999998,200910,38.661435
LA-BL,200801,1,persistence,reference_r3,5.383502,5.18305,200801,0.2004520000000003
LA-BL,200802,2,persistence,reference_r3,4.609445999999998,5.874608,200801,-1.265162000000002
LA-BL,200803,3,persistence,reference_r3,4.952254,0.4283490000000001,200801,4.523905
LA-BL,200804,1,persistence,reference_r3,2.636164000000001,1.9400239999999993,200804,0.6961400000000015
LA-BL,200805,2,persistence,reference_r3,7.896362999999999,5.472131,200804,2.424231999999999
LA-BL,200806,3,persistence,reference_r3,9.681316999999998,6.173449999999999,200804,3.507866999999999
LA-BL,200807,1,persistence,reference_r3,8.159136000000002,19.558330999999995,200807,-11.399194999999994
LA-BL,200808,2,persistence,reference_r3,9.075822000000002,20.416618,200807,-11.340795999999997
LA-BL,200809,3,persistence,reference_r3,9.060482,17.84726899999999,200807,-8.78678699999999
LA-BL,200810,1,persistence,reference_r3,16.667979,10.061753000000005,200810,6.606225999999994
LA-BL,200811,2,persistence,reference_r3,12.08074,4.1664129999999995,200810,7.914327000000001
LA-BL,200812,3,persistence,reference_r3,17.987838,0.8339029999999998,200810,17.153935
LA-BL,200901,1,persistence,reference_r3,2.337492000000001,0.7139660000000001,200901,1.623526000000001
LA-BL,200902,2,persistence,reference_r3,3.435244000000001,1.766136,200901,1.669108000000001
LA-BL,200903,3,persistence,reference_r3,4.660024,1.0953679999999997,200901,3.5646560000000003
LA-BL,200904,1,persistence,reference_r3,2.246751999999999,0.8668159999999996,200904,1.3799359999999994
LA-BL,200905,2,persistence,reference_r3,2.9662450000000007,4.2568209999999995,200904,-1.2905759999999988
LA-BL,200906,3,persistence,reference_r3,5.147416,5.676874999999999,200904,-0.5294589999999992
LA-BL,200907,1,persistence,reference_r3,18.167389999999997,21.06193200000001,200907,-2.894542000000012
LA-BL,200908,2,persistence,reference_r3,4.105169999999999,5.561838000000002,200907,-1.4566680000000023
LA-BL,200909,3,persistence,reference_r3,6.357973000000001,4.8732809999999915,200907,1.4846920000000097
LA-BL,200910,1,persistence,reference_r3,2.030341,4.983514999999999,200910,-2.953173999999999
LA-BL,200911,2,persistence,reference_r3,3.023436,1.770201,200910,1.2532349999999999
LA-BL,200912,3,persistence,reference_r3,4.071548,0.7687080000000002,200910,3.3028399999999998
LA-CH,200801,1,persistence,reference_r3,9.094472000000003,29.97579,200801,-20.881317999999997
LA-CH,200802,2,persistence,reference_r3,19.277769,41.13403100000001,200801,-21.856262000000008
LA-CH,200803,3,persistence,reference_r3,22.452036999999997,50.801792000000006,200801,-28.34975500000001
LA-CH,200804,1,persistence,reference_r3,16.510193000000005,32.135726000000005,200804,-15.625533
LA-CH,200805,2,persistence,reference_r3,16.954777,47.55250800000002,200804,-30.597731000000017
LA-CH,200806,3,persistence,reference_r3,146.66641599999997,113.044825,200804,33.62159099999997
LA-CH,200807,1,persistence,reference_r3,103.897824,96.510088,200807,7.387736000000004
LA-CH,200808,2,persistence,reference_r3,113.015082,87.92616499999997,200807,25.088917000000038
LA-CH,200809,3,persistence,reference_r3,74.04150599999998,118.39549899999996,200807,-44.353992999999974
LA-CH,200810,1,persistence,reference_r3,30.826214,50.73405599999998,200810,-19.90784199999998
LA-CH,200811,2,persistence,reference_r3,58.307119,48.414728999999994,200810,9.892390000000006
LA-CH,200812,3,persistence,reference_r3,74.776431,34.790358999999995,200810,39.98607200000001
LA-CH,200901,1,persistence,reference_r3,28.082606,9.474019000000002,200901,18.608586999999996
LA-CH,200902,2,persistence,reference_r3,18.725211,26.524021000000005,200901,-7.798810000000003
LA-CH,200903,3,persistence,reference_r3,16.224573999999997,21.183761,200901,-4.959187000000004
LA-CH,200904,1,persistence,reference_r3,27.857684,32.951474000000005,200904,-5.093790000000006
LA-CH,200905,2,persistence,reference_r3,10.543306,136.27215,200904,-125.72884400000001
LA-CH,200906,3,persistence,reference_r3,41.359300000000005,94.285319,200904,-52.926019
LA-CH,200907,1,persistence,reference_r3,7.796242999999997,69.004549,200907,-61.208306
LA-CH,200908,2,persistence,reference_r3,14.010396,63.25608699999998,200907,-49.24569099999998
LA-CH,200909,3,persistence,reference_r3,19.634912,58.90093500000003,200907,-39.26602300000003
LA-CH,200910,1,persistence,reference_r3,30.947815,19.894447,200910,11.053367999999999
LA-CH,200911,2,persistence,reference_r3,47.867679,12.661603,200910,35.206076
LA-CH,200912,3,persistence,reference_r3,47.93113300000001,13.921396000000009,200910,34.009737
LA-HO,200801,1,persistence,reference_r3,0.8303219999999999,0.003089,200801,0.8272329999999999
LA-HO,200802,2,persistence,reference_r3,0.8292019999999999,0.0009869999999999,200801,0.828215
LA-HO,200803,3,persistence,reference_r3,0.820377,0.0107299999999999,200801,0.8096470000000001
LA-HO,200804,1,persistence,reference_r3,0.01471,0.0118,200804,0.002910000000000001
LA-HO,200805,2,persistence,reference_r3,0.013967,0.0110169999999999,200804,0.0029500000000001
LA-HO,200806,3,persistence,reference_r3,0.0156879999999999,0.0080689999999999,200804,0.007619000000000001
LA-HO,200807,1,persistence,reference_r3,0.014144,0.3878019999999988,200807,-0.3736579999999988
LA-HO,200808,2,persistence,reference_r3,0.0132809999999999,0.4517649999999999,200807,-0.43848400000000004
LA-HO,200809,3,persistence,reference_r3,0.8110700000000001,0.7392309999999993,200807,0.07183900000000076
LA-HO,200810,1,persistence,reference_r3,0.8279619999999999,0.056651,200810,0.7713109999999999
LA-HO,200811,2,persistence,reference_r3,0.8269220000000002,0.0055189999999999,200810,0.8214030000000002
LA-HO,200812,3,persistence,reference_r3,0.025714,0.906372,200810,-0.8806579999999999
LA-HO,200901,1,persistence,reference_r3,0.819663,0.012274,200901,0.807389
LA-HO,200902,2,persistence,reference_r3,0.8172220000000001,0.030451,200901,0.7867710000000001
LA-HO,200903,3,persistence,reference_r3,0.822631,0.023454,200901,0.799177
LA-HO,200904,1,persistence,reference_r3,0.0150949999999999,0.0050609999999999,200904,0.010034000000000001
LA-HO,200905,2,persistence,reference_r3,0.0144169999999999,0.0089839999999999,200904,0.005433
LA-HO,200906,3,persistence,reference_r3,0.01438,0.0291629999999999,200904,-0.0147829999999999
LA-HO,200907,1,persistence,reference_r3,0.014521,0.3831220000000002,200907,-0.3686010000000002
LA-HO,200908,2,persistence,reference_r3,0.013853,0.7234189999999998,200907,-0.7095659999999998
LA-HO,200909,3,persistence,reference_r3,0.8138789999999999,0.825012000000001,200907,-0.011133000000001059
LA-HO,200910,1,persistence,reference_r3,0.025561,0.568589,200910,-0.5430280000000001
LA-HO,200911,2,persistence,reference_r3,0.02476,0.8138890000000001,200910,-0.7891290000000001
LA-HO,200912,3,persistence,reference_r3,0.02404,0.876261,200910,-0.852221
LA-KH,200801,1,persistence,reference_r3,1.3149230000000005,0.8064630000000002,200801,0.5084600000000004
LA-KH,200802,2,persistence,reference_r3,2.0702239999999996,0.0926319999999999,200801,1.9775919999999998
LA-KH,200803,3,persistence,reference_r3,2.6522299999999994,0.0843749999999999,200801,2.5678549999999993
LA-KH,200804,1,persistence,reference_r3,1.2494660000000015,0.686204,200804,0.5632620000000015
LA-KH,200805,2,persistence,reference_r3,1.9751110000000016,0.8488650000000002,200804,1.1262460000000014
LA-KH,200806,3,persistence,reference_r3,2.949643000000002,2.841744000000001,200804,0.10789900000000063
LA-KH,200807,1,persistence,reference_r3,2.3174720000000004,4.2249009999999885,200807,-1.907428999999988
LA-KH,200808,2,persistence,reference_r3,2.4079770000000025,4.712040999999999,200807,-2.304063999999997
LA-KH,200809,3,persistence,reference_r3,3.848109000000001,5.051953999999995,200807,-1.203844999999994
LA-KH,200810,1,persistence,reference_r3,2.983358000000001,0.7567719999999998,200810,2.226586000000001
LA-KH,200811,2,persistence,reference_r3,2.4790000000000028,1.688117,200810,0.7908830000000027
LA-KH,200812,3,persistence,reference_r3,2.645925000000002,3.268253,200810,-0.6223279999999982
LA-KH,200901,1,persistence,reference_r3,3.548762,0.08488,200901,3.463882
LA-KH,200902,2,persistence,reference_r3,4.0521080000000005,0.020025,200901,4.032083
LA-KH,200903,3,persistence,reference_r3,3.384513000000002,4.762649,200901,-1.3781359999999978
LA-KH,200904,1,persistence,reference_r3,4.841953000000002,0.4158919999999999,200904,4.4260610000000025
LA-KH,200905,2,persistence,reference_r3,2.0069870000000023,1.908949,200904,0.09803800000000229
LA-KH,200906,3,persistence,reference_r3,55.94815,64.669179,200904,-8.721029000000001
LA-KH,200907,1,persistence,reference_r3,61.52167800000001,115.283637,200907,-53.76195899999999
LA-KH,200908,2,persistence,reference_r3,194.421624,241.09763300000003,200907,-46.67600900000002
LA-KH,200909,3,persistence,reference_r3,166.65145900000002,218.77734399999997,200907,-52.125884999999954
LA-KH,200910,1,persistence,reference_r3,170.752766,44.917058999999995,200910,125.83570700000001
LA-KH,200911,2,persistence,reference_r3,185.804773,19.835632000000004,200910,165.969141
LA-KH,200912,3,persistence,reference_r3,176.54862500000002,28.204306000000003,200910,148.344319
LA-LM,200801,1,persistence,reference_r3,0.0063019999999999,8.099999999999948e-05,200801,0.0062209999999999
LA-LM,200802,2,persistence,reference_r3,0.007978,1.600000000000039e-05,200801,0.007962
LA-LM,200803,3,persistence,reference_r3,0.008063,1.600000000000039e-05,200801,0.008047
LA-LM,200804,1,persistence,reference_r3,0.00593,0.0002649999999999,200804,0.0056650000000001005
LA-LM,200805,2,persistence,reference_r3,0.007609,0.0011089999999999,200804,0.0065000000000001
LA-LM,200806,3,persistence,reference_r3,0.0077419999999999,0.0012619999999999,200804,0.00648
LA-LM,200807,1,persistence,reference_r3,0.005728,0.8339110000000005,200807,-0.8281830000000006
LA-LM,200808,2,persistence,reference_r3,0.0072329999999999,0.3847849999999999,200807,-0.377552
LA-LM,200809,3,persistence,reference_r3,0.00733,0.6501090000000005,200807,-0.6427790000000005
LA-LM,200810,1,persistence,reference_r3,0.00553,0.0265849999999999,200810,-0.0210549999999999
LA-LM,200811,2,persistence,reference_r3,0.0068819999999999,0.005526,200810,0.0013559999999999007
LA-LM,200812,3,persistence,reference_r3,0.0069769999999999,0.0009859999999999,200810,0.005991
LA-LM,200901,1,persistence,reference_r3,0.005182,0.0001969999999999,200901,0.0049850000000001
LA-LM,200902,2,persistence,reference_r3,0.0066169999999999,0.0001209999999999,200901,0.006496
LA-LM,200903,3,persistence,reference_r3,0.0067099999999999,0.0001209999999999,200901,0.006589
LA-LM,200904,1,persistence,reference_r3,0.892964,0.944804,200904,-0.05184
LA-LM,200905,2,persistence,reference_r3,0.0062819999999999,0.0039539999999999,200904,0.0023279999999999993
LA-LM,200906,3,persistence,reference_r3,1.794403,1.75413,200904,0.040273
LA-LM,200907,1,persistence,reference_r3,0.8803340000000001,0.8859680000000001,200907,-0.005634000000000028
LA-LM,200908,2,persistence,reference_r3,1.793166,1.03716,200907,0.756006
LA-LM,200909,3,persistence,reference_r3,1.784168,2.293685,200907,-0.509517
LA-LM,200910,1,persistence,reference_r3,0.866121,2.7676549999999995,200910,-1.9015339999999994
LA-LM,200911,2,persistence,reference_r3,1.7659490000000002,4.8913210000000005,200910,-3.1253720000000005
LA-LM,200912,3,persistence,reference_r3,0.0158389999999999,3.310133,200910,-3.2942940000000003
LA-LP,200801,1,persistence,reference_r3,3.4616930000000004,0.879527,200801,2.5821660000000004
LA-LP,200802,2,persistence,reference_r3,6.91244,14.218008,200801,-7.305567999999999
LA-LP,200803,3,persistence,reference_r3,10.133757,20.426416,200801,-10.292659
LA-LP,200804,1,persistence,reference_r3,7.552431,13.850242,200804,-6.297810999999999
LA-LP,200805,2,persistence,reference_r3,77.851392,74.267398,200804,3.583994000000004
LA-LP,200806,3,persistence,reference_r3,117.03942399999998,93.449751,200804,23.589672999999976
LA-LP,200807,1,persistence,reference_r3,129.564112,10.343443,200807,119.22066899999999
LA-LP,200808,2,persistence,reference_r3,127.251376,8.370263999999999,200807,118.881112
LA-LP,200809,3,persistence,reference_r3,123.87897999999998,9.173119,200807,114.70586099999998
LA-LP,200810,1,persistence,reference_r3,13.246083999999998,17.079786,200810,-3.8337020000000006
LA-LP,200811,2,persistence,reference_r3,83.01435,108.744804,200810,-25.73045400000001
LA-LP,200812,3,persistence,reference_r3,122.540554,158.02091299999998,200810,-35.48035899999998
LA-LP,200901,1,persistence,reference_r3,144.909513,8.390830999999999,200901,136.518682
LA-LP,200902,2,persistence,reference_r3,138.39242299999998,4.821031,200901,133.57139199999997
LA-LP,200903,3,persistence,reference_r3,135.888984,11.424651,200901,124.464333
LA-LP,200904,1,persistence,reference_r3,1.3111080000000008,11.263314,200904,-9.952205999999999
LA-LP,200905,2,persistence,reference_r3,2.1775269999999995,25.571546000000005,200904,-23.394019000000007
LA-LP,200906,3,persistence,reference_r3,5.477892000000001,50.20542499999999,200904,-44.727532999999994
LA-LP,200907,1,persistence,reference_r3,14.600399,20.618247000000004,200907,-6.017848000000004
LA-LP,200908,2,persistence,reference_r3,14.818903999999998,21.64074,200907,-6.821836000000003
LA-LP,200909,3,persistence,reference_r3,273.90963100000005,279.070114,200907,-5.160482999999942
LA-LP,200910,1,persistence,reference_r3,131.123732,68.71068799999999,200910,62.413044
LA-LP,200911,2,persistence,reference_r3,199.57987,42.588798999999995,200910,156.991071
LA-LP,200912,3,persistence,reference_r3,282.822618,6.369770999999998,200910,276.45284699999996
LA-OU,200801,1,persistence,reference_r3,0.0060349999999999,0.000841,200801,0.0051939999999999
LA-OU,200802,2,persistence,reference_r3,0.004123,0.00017,200801,0.003953
LA-OU,200803,3,persistence,reference_r3,0.0080099999999999,1.600000000000039e-05,200801,0.007993999999999899
LA-OU,200804,1,persistence,reference_r3,0.005861,0.002526,200804,0.003335
LA-OU,200805,2,persistence,reference_r3,0.0039809999999999,0.0069599999999999,200804,-0.002979
LA-OU,200806,3,persistence,reference_r3,0.0075709999999999,0.014297,200804,-0.006726000000000101
LA-OU,200807,1,persistence,reference_r3,0.0055359999999999,1.864627999999996,200807,-1.859091999999996
LA-OU,200808,2,persistence,reference_r3,0.003712,0.9577130000000018,200807,-0.9540010000000018
LA-OU,200809,3,persistence,reference_r3,0.007161,1.3580059999999996,200807,-1.3508449999999996
LA-OU,200810,1,persistence,reference_r3,0.005221,0.0342379999999999,200810,-0.0290169999999999
LA-OU,200811,2,persistence,reference_r3,0.003601,0.0043929999999999,200810,-0.0007919999999998996
LA-OU,200812,3,persistence,reference_r3,0.006857,0.000538,200810,0.006319
LA-OU,200901,1,persistence,reference_r3,0.005059,0.000122,200901,0.004937
LA-OU,200902,2,persistence,reference_r3,0.0034529999999999,0.000144,200901,0.0033089999999999
LA-OU,200903,3,persistence,reference_r3,0.006614,0.0004419999999999,200901,0.0061720000000001
LA-OU,200904,1,persistence,reference_r3,0.0047429999999999,0.0007929999999999,200904,0.00395
LA-OU,200905,2,persistence,reference_r3,0.0033229999999999,0.005594,200904,-0.0022710000000001
LA-OU,200906,3,persistence,reference_r3,0.006322,0.0181969999999999,200904,-0.0118749999999999
LA-OU,200907,1,persistence,reference_r3,0.0046179999999999,1.8353520000000003,200907,-1.8307340000000005
LA-OU,200908,2,persistence,reference_r3,0.901078,2.5456730000000007,200907,-1.6445950000000007
LA-OU,200909,3,persistence,reference_r3,14.755933,8.673551,200907,6.082382000000001
LA-OU,200910,1,persistence,reference_r3,8.721774,2.1342939999999997,200910,6.58748
LA-OU,200911,2,persistence,reference_r3,1.848604,9.610889,200910,-7.762285
LA-OU,200912,3,persistence,reference_r3,2.762712,15.842523,200910,-13.079811
LA-PH,200901,1,persistence,reference_r3,0.0002559999999999,0.013209,200901,-0.0129530000000001
LA-PH,200902,2,persistence,reference_r3,0.0002559999999999,0.013346,200901,-0.0130900000000001
LA-PH,200903,3,persistence,reference_r3,0.0003239999999999,0.019425,200901,-0.0191010000000001
LA-PH,200904,1,persistence,reference_r3,0.0002559999999999,0.00589,200904,-0.0056340000000001
LA-PH,200905,2,persistence,reference_r3,0.0002559999999999,0.0129549999999999,200904,-0.012699
LA-PH,200906,3,persistence,reference_r3,0.0003239999999999,0.0315079999999998,200904,-0.0311839999999999
LA-PH,200907,1,persistence,reference_r3,0.0002559999999999,0.1862259999999995,200907,-0.1859699999999996
LA-PH,200909,3,persistence,reference_r3,0.0002559999999999,0.3257380000000003,200907,-0.3254820000000004
LA-PH,200910,1,persistence,reference_r3,0.0002559999999999,0.018875,200910,-0.0186190000000001
LA-PH,200911,2,persistence,reference_r3,0.0002559999999999,0.0048129999999999,200910,-0.004556999999999999
LA-PH,200912,3,persistence,reference_r3,0.0002559999999999,0.0011609999999999,200910,-0.000905
LA-SL,200801,1,persistence,reference_r3,5.888300000000001,0.94842,200801,4.9398800000000005
LA-SL,200802,2,persistence,reference_r3,4.932642,0.430129,200801,4.502513
LA-SL,200803,3,persistence,reference_r3,1.538814,3.623937999999999,200801,-2.085123999999999
LA-SL,200804,1,persistence,reference_r3,2.3815530000000003,1.0851900000000003,200804,1.296363
LA-SL,200805,2,persistence,reference_r3,94.786987,90.802917,200804,3.9840700000000027
LA-SL,200806,3,persistence,reference_r3,215.622527,188.80843,200804,26.814097000000004
LA-SL,200807,1,persistence,reference_r3,142.93488,49.564234,200807,93.370646
LA-SL,200808,2,persistence,reference_r3,155.843332,40.54563399999999,200807,115.29769800000001
LA-SL,200809,3,persistence,reference_r3,133.927358,56.23806900000001,200807,77.68928899999999
LA-SL,200810,1,persistence,reference_r3,4.9054660000000005,40.001926,200810,-35.09645999999999
LA-SL,200811,2,persistence,reference_r3,58.522088,7.453512000000002,200810,51.06857599999999
LA-SL,200812,3,persistence,reference_r3,70.03039799999999,2.652851,200810,67.37754699999999
LA-SL,200901,1,persistence,reference_r3,5.621176,1.7577410000000002,200901,3.863435
LA-SL,200902,2,persistence,reference_r3,13.492963,19.638183,200901,-6.145220000000002
LA-SL,200903,3,persistence,reference_r3,14.263725999999998,13.457545,200901,0.8061809999999987
LA-SL,200904,1,persistence,reference_r3,4.7826830000000005,6.476237000000001,200904,-1.6935540000000007
LA-SL,200905,2,persistence,reference_r3,88.449731,39.398402,200904,49.051329
LA-SL,200906,3,persistence,reference_r3,14.189135,34.960459000000014,200904,-20.771324000000014
LA-SL,200907,1,persistence,reference_r3,114.196412,111.154907,200907,3.041505000000001
LA-SL,200908,2,persistence,reference_r3,76.470293,85.62148400000001,200907,-9.151191000000011
LA-SL,200909,3,persistence,reference_r3,42.499652,59.51284199999999,200907,-17.013189999999994
LA-SL,200910,1,persistence,reference_r3,2.5480530000000012,35.72203400000001,200910,-33.173981000000005
LA-SL,200911,2,persistence,reference_r3,40.47089,14.541368000000006,200910,25.92952199999999
LA-SL,200912,3,persistence,reference_r3,64.94407100000001,7.368538999999998,200910,57.57553200000001
LA-SV,200801,1,persistence,reference_r3,4.8442229999999995,6.343932000000001,200801,-1.499709000000001
LA-SV,200802,2,persistence,reference_r3,8.673057,1.1522020000000004,200801,7.520854999999999
LA-SV,200803,3,persistence,reference_r3,12.976107,0.519744,200801,12.456363000000001
LA-SV,200804,1,persistence,reference_r3,4.815263000000002,5.069597,200804,-0.2543339999999983
LA-SV,200805,2,persistence,reference_r3,8.412771000000006,5.928521999999999,200804,2.4842490000000073
LA-SV,200806,3,persistence,reference_r3,14.575739,28.011697,200804,-13.435958000000001
LA-SV,200807,1,persistence,reference_r3,5.521647999999999,24.24969999999996,200807,-18.728051999999963
LA-SV,200808,2,persistence,reference_r3,10.57087,23.30398600000001,200807,-12.73311600000001
LA-SV,200809,3,persistence,reference_r3,15.121753999999996,24.80402700000002,200807,-9.682273000000023
LA-SV,200810,1,persistence,reference_r3,7.109045999999999,3.778307,200810,3.3307389999999995
LA-SV,200811,2,persistence,reference_r3,7.919887999999993,0.7563069999999998,200810,7.1635809999999935
LA-SV,200812,3,persistence,reference_r3,12.10275,0.2857970000000001,200810,11.816953
LA-SV,200901,1,persistence,reference_r3,3.9905629999999945,0.076593,200901,3.9139699999999946
LA-SV,200902,2,persistence,reference_r3,7.257082000000004,0.010589,200901,7.246493000000004
LA-SV,200903,3,persistence,reference_r3,10.999906999999991,0.1156599999999999,200901,10.884246999999991
LA-SV,200904,1,persistence,reference_r3,3.813820999999997,0.2275589999999999,200904,3.586261999999997
LA-SV,200905,2,persistence,reference_r3,6.943229000000002,1.3903179999999995,200904,5.552911000000003
LA-SV,200906,3,persistence,reference_r3,10.580433999999997,1.8154330000000003,200904,8.765000999999996
LA-SV,200907,1,persistence,reference_r3,8.737159000000005,33.96630299999998,200907,-25.229143999999977
LA-SV,200908,2,persistence,reference_r3,21.627213000000005,34.823421999999994,200907,-13.196208999999989
LA-SV,200909,3,persistence,reference_r3,30.191056000000003,37.87798900000007,200907,-7.686933000000067
LA-SV,200910,1,persistence,reference_r3,22.800766000000003,6.342349000000002,200910,16.458417
LA-SV,200911,2,persistence,reference_r3,15.110646000000004,17.117534,200910,-2.0068879999999947
LA-SV,200912,3,persistence,reference_r3,32.15928099999999,1.7962869999999995,200910,30.362993999999993
LA-VT,200801,1,persistence,reference_r3,43.562509000000006,11.746502,200801,31.816007000000006
LA-VT,200802,2,persistence,reference_r3,53.531439000000006,3.888460000000001,200801,49.642979000000004
LA-VT,200803,3,persistence,reference_r3,53.29954199999999,16.553672000000002,200801,36.74586999999998
LA-VT,200804,1,persistence,reference_r3,17.179183000000002,14.906576,200804,2.2726070000000025
LA-VT,200805,2,persistence,reference_r3,23.501833000000005,22.066223,200804,1.435610000000004
LA-VT,200806,3,persistence,reference_r3,34.264673,94.77330899999998,200804,-60.50863599999998
LA-VT,200807,1,persistence,reference_r3,44.458304000000005,85.952495,200807,-41.494190999999994
LA-VT,200808,2,persistence,reference_r3,49.390158,89.18191100000001,200807,-39.791753000000014
LA-VT,200809,3,persistence,reference_r3,57.09253799999999,92.10323300000005,200807,-35.010695000000055
LA-VT,200810,1,persistence,reference_r3,40.52817900000001,33.762259,200810,6.765920000000008
LA-VT,200811,2,persistence,reference_r3,35.093327999999985,61.414296,200810,-26.320968000000015
LA-VT,200812,3,persistence,reference_r3,54.739943999999994,54.474912,200810,0.26503199999999083
LA-VT,200901,1,persistence,reference_r3,33.602245,19.919134999999997,200901,13.683110000000006
LA-VT,200902,2,persistence,reference_r3,45.768274000000005,14.362582000000002,200901,31.405692000000002
LA-VT,200903,3,persistence,reference_r3,51.016761,6.1726220000000005,200901,44.844139
LA-VT,200904,1,persistence,reference_r3,13.658959000000005,12.906869,200904,0.7520900000000044
LA-VT,200905,2,persistence,reference_r3,25.326655,117.295326,200904,-91.968671
LA-VT,200906,3,persistence,reference_r3,44.6109,238.35484500000007,200904,-193.74394500000005
LA-VT,200907,1,persistence,reference_r3,146.577999,174.33220200000005,200907,-27.754203000000047
LA-VT,200908,2,persistence,reference_r3,171.936715,206.45499500000005,200907,-34.51828000000006
LA-VT,200909,3,persistence,reference_r3,247.78247600000003,272.5934749999999,200907,-24.810998999999867
LA-VT,200910,1,persistence,reference_r3,37.050053000000005,200.576816,200910,-163.52676300000002
LA-VT,200911,2,persistence,reference_r3,42.279893999999985,301.179222,200910,-258.89932799999997
LA-VT,200912,3,persistence,reference_r3,71.11476300000001,219.462944,200910,-148.34818099999998
LA-XA,200801,1,persistence,reference_r3,1.370140000000001,0.9403640000000002,200801,0.4297760000000008
LA-XA,200802,2,persistence,reference_r3,1.726794,0.2572479999999999,200801,1.469546
LA-XA,200803,3,persistence,reference_r3,2.4291660000000004,0.15223,200801,2.2769360000000005
LA-XA,200804,1,persistence,reference_r3,0.9141100000000008,1.0118680000000002,200804,-0.09775799999999946
LA-XA,200805,2,persistence,reference_r3,1.9675190000000011,1.497058,200804,0.47046100000000113
LA-XA,200806,3,persistence,reference_r3,4.712291000000002,2.398245999999999,200804,2.3140450000000032
LA-XA,200807,1,persistence,reference_r3,9.737328,11.34678199999999,200807,-1.6094539999999906
LA-XA,200808,2,persistence,reference_r3,1.887989000000001,4.483753,200807,-2.595763999999999
LA-XA,200809,3,persistence,reference_r3,4.530335000000001,2.6211910000000103,200807,1.9091439999999906
LA-XA,200810,1,persistence,reference_r3,1.7879609999999992,1.6847630000000002,200810,0.10319799999999901
LA-XA,200811,2,persistence,reference_r3,1.6200849999999996,0.772394,200810,0.8476909999999995
LA-XA,200812,3,persistence,reference_r3,2.018962,0.403124,200810,1.615838
LA-XA,200901,1,persistence,reference_r3,1.269139000000001,0.0926549999999999,200901,1.176484000000001
LA-XA,200902,2,persistence,reference_r3,1.5772950000000012,0.0296639999999999,200901,1.5476310000000013
LA-XA,200903,3,persistence,reference_r3,2.1768,0.21298,200901,1.9638200000000001
LA-XA,200904,1,persistence,reference_r3,0.8203629999999986,0.3838490000000001,200904,0.4365139999999985
LA-XA,200905,2,persistence,reference_r3,1.3959229999999998,1.279861,200904,0.11606199999999989
LA-XA,200906,3,persistence,reference_r3,9.630621,5.392492000000001,200904,4.238128999999999
LA-XA,200907,1,persistence,reference_r3,2.6337360000000007,7.378557999999998,200907,-4.744821999999997
LA-XA,200908,2,persistence,reference_r3,17.345646000000002,22.440030000000007,200907,-5.094384000000005
LA-XA,200909,3,persistence,reference_r3,3.461870000000001,6.574709000000013,200907,-3.1128390000000117
LA-XA,200910,1,persistence,reference_r3,4.6066199999999995,4.4310469999999995,200910,0.17557299999999998
LA-XA,200911,2,persistence,reference_r3,4.659095000000001,1.842427,200910,2.816668000000001
LA-XA,200912,3,persistence,reference_r3,8.217560999999998,1.541605,200910,6.6759559999999984
LA-XE,200801,1,persistence,reference_r3,0.6979409999999999,0.010433,200801,0.6875079999999999
LA-XE,200802,2,persistence,reference_r3,0.6954600000000001,0.010059,200801,0.685401
LA-XE,200803,3,persistence,reference_r3,0.6880539999999999,0.003609,200801,0.684445
LA-XE,200804,1,persistence,reference_r3,0.065477,0.026506,200804,0.03897099999999999
LA-XE,200805,2,persistence,reference_r3,0.0699379999999999,0.0521829999999999,200804,0.017755
LA-XE,200806,3,persistence,reference_r3,4.054037,3.890274,200804,0.16376300000000032
LA-XE,200807,1,persistence,reference_r3,4.1559219999999994,0.4075560000000013,200807,3.748365999999998
LA-XE,200808,2,persistence,reference_r3,4.124742,0.3913889999999997,200807,3.7333530000000006
LA-XE,200809,3,persistence,reference_r3,3.2093629999999997,0.7226540000000004,200807,2.4867089999999994
LA-XE,200810,1,persistence,reference_r3,0.700465,0.052566,200810,0.647899
LA-XE,200811,2,persistence,reference_r3,0.697173,0.011499,200810,0.685674
LA-XE,200812,3,persistence,reference_r3,0.1213829999999999,0.891452,200810,-0.7700690000000001
LA-XE,200901,1,persistence,reference_r3,0.6957120000000001,0.0073899999999999,200901,0.6883220000000002
LA-XE,200902,2,persistence,reference_r3,0.692393,1.878723,200901,-1.1863299999999999
LA-XE,200903,3,persistence,reference_r3,0.6937459999999999,1.7627739999999998,200901,-1.0690279999999999
LA-XE,200904,1,persistence,reference_r3,0.706618,0.4488589999999999,200904,0.25775900000000007
LA-XE,200905,2,persistence,reference_r3,0.137104,0.8121259999999999,200904,-0.6750219999999999
LA-XE,200906,3,persistence,reference_r3,6.0364830000000005,5.876785999999999,200904,0.1596970000000013
LA-XE,200907,1,persistence,reference_r3,19.01715,24.734958,200907,-5.717807999999998
LA-XE,200908,2,persistence,reference_r3,16.929472,21.915244,200907,-4.985772000000001
LA-XE,200909,3,persistence,reference_r3,2.3136,4.105083,200907,-1.7914829999999995
LA-XE,200910,1,persistence,reference_r3,0.7152529999999999,2.854322,200910,-2.139069
LA-XE,200911,2,persistence,reference_r3,2.27487,2.5277230000000017,200910,-0.25285300000000177
LA-XE,200912,3,persistence,reference_r3,0.7216480000000001,6.605806000000001,200910,-5.884158000000001
LA-XI,200801,1,persistence,reference_r3,0.000689,0.000629,200801,6.000000000000005e-05
LA-XI,200802,2,persistence,reference_r3,0.000689,3.7000000000000574e-05,200801,0.0006519999999999995
LA-XI,200803,3,persistence,reference_r3,0.000757,0.000226,200801,0.000531
LA-XI,200804,1,persistence,reference_r3,0.000689,0.0016359999999999,200804,-0.0009469999999998999
LA-XI,200805,2,persistence,reference_r3,0.000689,0.001596,200804,-0.0009069999999999999
LA-XI,200806,3,persistence,reference_r3,0.950689,0.923563,200804,0.027125999999999983
LA-XI,200807,1,persistence,reference_r3,0.945632,0.3549470000000001,200807,0.5906849999999999
LA-XI,200808,2,persistence,reference_r3,0.945632,0.3022629999999999,200807,0.6433690000000001
LA-XI,200809,3,persistence,reference_r3,0.945632,0.3859909999999997,200807,0.5596410000000003
LA-XI,200810,1,persistence,reference_r3,0.0010249999999999,0.015355,200810,-0.014330000000000101
LA-XI,200811,2,persistence,reference_r3,0.0010249999999999,0.0033019999999999,200810,-0.0022770000000000004
LA-XI,200812,3,persistence,reference_r3,0.0010879999999999,0.0014809999999999,200810,-0.0003929999999999999
LA-XI,200901,1,persistence,reference_r3,0.0010249999999999,0.0013289999999999,200901,-0.000304
LA-XI,200902,2,persistence,reference_r3,0.0010249999999999,0.00107,200901,-4.500000000010008e-05
LA-XI,200903,3,persistence,reference_r3,0.0010249999999999,0.0014979999999999,200901,-0.0004730000000000001
LA-XI,200904,1,persistence,reference_r3,0.0009489999999999,0.0001869999999999,200904,0.000762
LA-XI,200905,2,persistence,reference_r3,38.924964,38.932866,200904,-0.007901999999994302
LA-XI,200906,3,persistence,reference_r3,32.924964,32.854844,200904,0.07012000000000285
LA-XI,200907,1,persistence,reference_r3,31.638394,0.7521170000000001,200907,30.886277
LA-XI,200908,2,persistence,reference_r3,22.608322,6.938048,200907,15.670274000000001
LA-XI,200909,3,persistence,reference_r3,32.468322,0.525995,200907,31.942327
LA-XI,200910,1,persistence,reference_r3,0.0059359999999999,1.078652,200910,-1.072716
LA-XI,200911,2,persistence,reference_r3,0.00828,0.311836,200910,-0.303556
LA-XI,200912,3,persistence,reference_r3,0.008565,0.1929659999999999,200910,-0.1844009999999999
LA-AT,200801,1,persistence,reference_r4,3.417114,2.871893,200801,0.5452210000000002
LA-AT,200802,2,persistence,reference_r4,1.554761,1.319331,200801,0.23543000000000003
LA-AT,200803,3,persistence,reference_r4,0.0719689999999997,0.0764499999999999,200801,-0.004481000000000207
LA-AT,200804,1,persistence,reference_r4,0.0511810000000001,0.410714,200804,-0.35953299999999994
LA-AT,200805,2,persistence,reference_r4,3.283157,1.403396,200804,1.879761
LA-AT,200806,3,persistence,reference_r4,8.913824,3.9493579999999993,200804,4.964466000000001
LA-AT,200807,1,persistence,reference_r4,3.3700159999999997,3.564596999999999,200807,-0.19458099999999945
LA-AT,200808,2,persistence,reference_r4,0.8191120000000001,6.620876000000003,200807,-5.801764000000002
LA-AT,200809,3,persistence,reference_r4,12.721026,16.504815,200807,-3.7837890000000005
LA-AT,200810,1,persistence,reference_r4,21.653144,30.569574,200810,-8.916429999999998
LA-AT,200811,2,persistence,reference_r4,17.48097,35.442368,200810,-17.961398000000003
LA-AT,200812,3,persistence,reference_r4,0.8254960000000002,17.592253,200810,-16.766757
LA-AT,200901,1,persistence,reference_r4,4.180414,8.523712,200901,-4.343298
LA-AT,200902,2,persistence,reference_r4,20.936991,39.485731,200901,-18.548740000000002
LA-AT,200903,3,persistence,reference_r4,51.026816,58.624388,200901,-7.597572000000007
LA-AT,200904,1,persistence,reference_r4,20.099783,49.746311000000006,200904,-29.646528000000007
LA-AT,200905,2,persistence,reference_r4,73.050844,48.076954,200904,24.973889999999997
LA-AT,200906,3,persistence,reference_r4,49.528944,42.581778000000014,200904,6.947165999999989
LA-AT,200907,1,persistence,reference_r4,37.048551,48.296989,200907,-11.248438
LA-AT,200908,2,persistence,reference_r4,2.417319,14.448133,200907,-12.030814
LA-AT,200909,3,persistence,reference_r4,5.769361000000001,9.687981999999998,200907,-3.9186209999999972
LA-AT,200910,1,persistence,reference_r4,11.202864,6.321691999999999,200910,4.881172000000001
LA-AT,200911,2,persistence,reference_r4,0.964524,6.7597600000000035,200910,-5.795236000000004
LA-AT,200912,3,persistence,reference_r4,9.197218,5.014194,200910,4.183024
LA-BK,200801,1,persistence,reference_r4,0.702799,0.942841,200801,-0.2400420000000001
LA-BK,200802,2,persistence,reference_r4,0.0441579999999999,0.0001969999999999,200801,0.043961
LA-BK,200803,3,persistence,reference_r4,0.04958,3.600000000000044e-05,200801,0.049544
LA-BK,200804,1,persistence,reference_r4,0.0397599999999999,0.003627,200804,0.0361329999999999
LA-BK,200805,2,persistence,reference_r4,11.138969,11.482321,200804,-0.3433520000000012
LA-BK,200806,3,persistence,reference_r4,52.014405,52.341829,200804,-0.3274240000000006
LA-BK,200807,1,persistence,reference_r4,49.835424,1.97795,200807,47.857474
LA-BK,200808,2,persistence,reference_r4,42.722548,6.071271999999999,200807,36.651276
LA-BK,200809,3,persistence,reference_r4,18.834476,21.808684,200807,-2.974208000000001
LA-BK,200810,1,persistence,reference_r4,13.800889,23.04780199999999,200810,-9.24691299999999
LA-BK,200811,2,persistence,reference_r4,20.51978,48.03095999999999,200810,-27.511179999999992
LA-BK,200812,3,persistence,reference_r4,26.609596,3.0398590000000003,200810,23.569737
LA-BK,200901,1,persistence,reference_r4,3.291513,0.4828100000000002,200901,2.808703
LA-BK,200902,2,persistence,reference_r4,4.151589,0.2859600000000001,200901,3.865629
LA-BK,200903,3,persistence,reference_r4,3.23703,0.583029,200901,2.654001
LA-BK,200904,1,persistence,reference_r4,1.525313,1.255881,200904,0.2694319999999999
LA-BK,200905,2,persistence,reference_r4,69.900575,42.980579,200904,26.919996000000005
LA-BK,200906,3,persistence,reference_r4,211.790007,142.833341,200904,68.95666600000001
LA-BK,200907,1,persistence,reference_r4,3.2750239999999997,183.357602,200907,-180.082578
LA-BK,200908,2,persistence,reference_r4,101.752842,88.909909,200907,12.842933000000002
LA-BK,200909,3,persistence,reference_r4,159.17502399999998,38.359,200907,120.81602399999997
LA-BK,200910,1,persistence,reference_r4,18.917614,18.089284,200910,0.8283300000000011
LA-BK,200911,2,persistence,reference_r4,42.640113,15.380527,200910,27.259586
LA-BK,200912,3,persistence,reference_r4,43.577127,4.5220220000000015,200910,39.055105
LA-BL,200801,1,persistence,reference_r4,5.383502,5.450927999999999,200801,-0.06742599999999932
LA-BL,200802,2,persistence,reference_r4,4.609445999999998,6.112327,200801,-1.5028810000000012
LA-BL,200803,3,persistence,reference_r4,4.952254,0.426437,200801,4.525817
LA-BL,200804,1,persistence,reference_r4,2.636164000000001,1.3429450000000005,200804,1.2932190000000003
LA-BL,200805,2,persistence,reference_r4,7.896362999999999,5.3306819999999995,200804,2.5656809999999997
LA-BL,200806,3,persistence,reference_r4,9.681316999999998,5.899888999999998,200804,3.781428
LA-BL,200807,1,persistence,reference_r4,8.159136000000002,20.305766,200807,-12.146629999999996
LA-BL,200808,2,persistence,reference_r4,9.075822000000002,20.640092000000003,200807,-11.56427
LA-BL,200809,3,persistence,reference_r4,9.060482,18.248923,200807,-9.188441000000001
LA-BL,200810,1,persistence,reference_r4,16.667979,10.125252000000003,200810,6.542726999999996
LA-BL,200811,2,persistence,reference_r4,12.08074,4.112756000000001,200810,7.9679839999999995
LA-BL,200812,3,persistence,reference_r4,17.987838,0.907037,200810,17.080801
LA-BL,200901,1,persistence,reference_r4,2.337492000000001,0.722842,200901,1.614650000000001
LA-BL,200902,2,persistence,reference_r4,3.435244000000001,1.765674,200901,1.6695700000000009
LA-BL,200903,3,persistence,reference_r4,4.660024,1.0989,200901,3.561124
LA-BL,200904,1,persistence,reference_r4,2.246751999999999,0.7487110000000001,200904,1.4980409999999988
LA-BL,200905,2,persistence,reference_r4,2.9662450000000007,3.712408999999999,200904,-0.7461639999999985
LA-BL,200906,3,persistence,reference_r4,5.147416,5.040025000000002,200904,0.10739099999999802
LA-BL,200907,1,persistence,reference_r4,18.167389999999997,20.992421000000007,200907,-2.82503100000001
LA-BL,200908,2,persistence,reference_r4,4.105169999999999,6.1518410000000046,200907,-2.0466710000000052
LA-BL,200909,3,persistence,reference_r4,6.357973000000001,5.982629000000003,200907,0.37534399999999835
LA-BL,200910,1,persistence,reference_r4,2.030341,4.99621,200910,-2.9658689999999996
LA-BL,200911,2,persistence,reference_r4,3.023436,2.4169210000000003,200910,0.6065149999999995
LA-BL,200912,3,persistence,reference_r4,4.071548,0.6566480000000001,200910,3.4149
LA-CH,200801,1,persistence,reference_r4,9.094472000000003,28.912098000000004,200801,-19.817626
LA-CH,200802,2,persistence,reference_r4,19.277769,50.79467100000001,200801,-31.51690200000001
LA-CH,200803,3,persistence,reference_r4,22.452036999999997,51.142768,200801,-28.690731
LA-CH,200804,1,persistence,reference_r4,16.510193000000005,21.161231,200804,-4.651037999999996
LA-CH,200805,2,persistence,reference_r4,16.954777,49.001037999999994,200804,-32.046260999999994
LA-CH,200806,3,persistence,reference_r4,146.66641599999997,101.55722400000002,200804,45.10919199999995
LA-CH,200807,1,persistence,reference_r4,103.897824,94.92193300000002,200807,8.975890999999976
LA-CH,200808,2,persistence,reference_r4,113.015082,86.450402,200807,26.56468000000001
LA-CH,200809,3,persistence,reference_r4,74.04150599999998,120.243712,200807,-46.20220600000002
LA-CH,200810,1,persistence,reference_r4,30.826214,48.579234000000014,200810,-17.753020000000014
LA-CH,200811,2,persistence,reference_r4,58.307119,47.33214,200810,10.974978999999998
LA-CH,200812,3,persistence,reference_r4,74.776431,33.66437,200810,41.112061000000004
LA-CH,200901,1,persistence,reference_r4,28.082606,9.874081000000004,200901,18.208524999999995
LA-CH,200902,2,persistence,reference_r4,18.725211,26.851423,200901,-8.126211999999999
LA-CH,200903,3,persistence,reference_r4,16.224573999999997,22.455201,200901,-6.230627000000002
LA-CH,200904,1,persistence,reference_r4,27.857684,33.752307,200904,-5.894623000000003
LA-CH,200905,2,persistence,reference_r4,10.543306,75.895419,200904,-65.352113
LA-CH,200906,3,persistence,reference_r4,41.359300000000005,81.94103200000004,200904,-40.58173200000003
LA-CH,200907,1,persistence,reference_r4,7.796242999999997,71.60403600000006,200907,-63.80779300000007
LA-CH,200908,2,persistence,reference_r4,14.010396,65.05010999999996,200907,-51.03971399999996
LA-CH,200909,3,persistence,reference_r4,19.634912,59.424825,200907,-39.789913
LA-CH,200910,1,persistence,reference_r4,30.947815,20.590100999999997,200910,10.357714000000001
LA-CH,200911,2,persistence,reference_r4,47.867679,23.17774899999999,200910,24.68993000000001
LA-CH,200912,3,persistence,reference_r4,47.93113300000001,12.057510999999998,200910,35.87362200000001
LA-HO,200801,1,persistence,reference_r4,0.8303219999999999,0.002756,200801,0.8275659999999999
LA-HO,200802,2,persistence,reference_r4,0.8292019999999999,0.0013729999999999,200801,0.827829
LA-HO,200803,3,persistence,reference_r4,0.820377,0.008397,200801,0.81198
LA-HO,200804,1,persistence,reference_r4,0.01471,0.009302,200804,0.005408000000000001
LA-HO,200805,2,persistence,reference_r4,0.013967,0.01471,200804,-0.0007430000000000006
LA-HO,200806,3,persistence,reference_r4,0.0156879999999999,0.009658,200804,0.0060299999999999
LA-HO,200807,1,persistence,reference_r4,0.014144,0.3800860000000003,200807,-0.3659420000000003
LA-HO,200808,2,persistence,reference_r4,0.0132809999999999,0.451988,200807,-0.4387070000000001
LA-HO,200809,3,persistence,reference_r4,0.8110700000000001,0.7325219999999995,200807,0.07854800000000062
LA-HO,200810,1,persistence,reference_r4,0.8279619999999999,0.0621579999999999,200810,0.7658039999999999
LA-HO,200811,2,persistence,reference_r4,0.8269220000000002,0.004825,200810,0.8220970000000002
LA-HO,200812,3,persistence,reference_r4,0.025714,0.881806,200810,-0.856092
LA-HO,200901,1,persistence,reference_r4,0.819663,0.0199919999999999,200901,0.7996710000000001
LA-HO,200902,2,persistence,reference_r4,0.8172220000000001,0.024093,200901,0.7931290000000001
LA-HO,200903,3,persistence,reference_r4,0.822631,0.0281469999999999,200901,0.7944840000000001
LA-HO,200904,1,persistence,reference_r4,0.0150949999999999,0.005171,200904,0.0099239999999999
LA-HO,200905,2,persistence,reference_r4,0.0144169999999999,0.0110349999999999,200904,0.0033819999999999996
LA-HO,200906,3,persistence,reference_r4,0.01438,0.036121,200904,-0.021741
LA-HO,200907,1,persistence,reference_r4,0.014521,0.4079680000000003,200907,-0.39344700000000027
LA-HO,200908,2,persistence,reference_r4,0.013853,0.5703490000000002,200907,-0.5564960000000002
LA-HO,200909,3,persistence,reference_r4,0.8138789999999999,0.8019189999999998,200907,0.011960000000000082
LA-HO,200910,1,persistence,reference_r4,0.025561,0.556101,200910,-0.53054
LA-HO,200911,2,persistence,reference_r4,0.02476,0.7301080000000001,200910,-0.7053480000000001
LA-HO,200912,3,persistence,reference_r4,0.02404,0.8668619999999999,200910,-0.842822
LA-KH,200801,1,persistence,reference_r4,1.3149230000000005,0.680641,200801,0.6342820000000005
LA-KH,200802,2,persistence,reference_r4,2.0702239999999996,0.051253,200801,2.0189709999999996
LA-KH,200803,3,persistence,reference_r4,2.6522299999999994,0.10724,200801,2.5449899999999994
LA-KH,200804,1,persistence,reference_r4,1.2494660000000015,0.559663,200804,0.6898030000000015
LA-KH,200805,2,persistence,reference_r4,1.9751110000000016,1.3684110000000005,200804,0.6067000000000011
LA-KH,200806,3,persistence,reference_r4,2.949643000000002,2.7947960000000007,200804,0.15484700000000107
LA-KH,200807,1,persistence,reference_r4,2.3174720000000004,3.623381999999999,200807,-1.3059099999999986
LA-KH,200808,2,persistence,reference_r4,2.4079770000000025,4.374792999999997,200807,-1.9668159999999943
LA-KH,200809,3,persistence,reference_r4,3.848109000000001,4.306779000000006,200807,-0.458670000000005
LA-KH,200810,1,persistence,reference_r4,2.983358000000001,0.7420810000000002,200810,2.2412770000000006
LA-KH,200811,2,persistence,reference_r4,2.4790000000000028,1.603958,200810,0.8750420000000028
LA-KH,200812,3,persistence,reference_r4,2.645925000000002,3.3031249999999996,200810,-0.6571999999999978
LA-KH,200901,1,persistence,reference_r4,3.548762,0.0763189999999999,200901,3.472443
LA-KH,200902,2,persistence,reference_r4,4.0521080000000005,0.010366,200901,4.041742
LA-KH,200903,3,persistence,reference_r4,3.384513000000002,4.7642500000000005,200901,-1.3797369999999987
LA-KH,200904,1,persistence,reference_r4,4.841953000000002,0.4026069999999999,200904,4.439346000000002
LA-KH,200905,2,persistence,reference_r4,2.0069870000000023,2.207917,200904,-0.20092999999999783
LA-KH,200906,3,persistence,reference_r4,55.94815,65.18281300000001,200904,-9.234663000000012
LA-KH,200907,1,persistence,reference_r4,61.52167800000001,110.933882,200907,-49.41220399999999
LA-KH,200908,2,persistence,reference_r4,194.421624,234.126186,200907,-39.70456199999998
LA-KH,200909,3,persistence,reference_r4,166.65145900000002,211.21232300000003,200907,-44.56086400000001
LA-KH,200910,1,persistence,reference_r4,170.752766,39.382904999999994,200910,131.36986100000001
LA-KH,200911,2,persistence,reference_r4,185.804773,21.527468999999996,200910,164.27730400000002
LA-KH,200912,3,persistence,reference_r4,176.54862500000002,32.383624999999995,200910,144.16500000000002
LA-LM,200801,1,persistence,reference_r4,0.0063019999999999,0.0001209999999999,200801,0.006181
LA-LM,200802,2,persistence,reference_r4,0.007978,1.600000000000039e-05,200801,0.007962
LA-LM,200803,3,persistence,reference_r4,0.008063,8.999999999999894e-06,200801,0.008054
LA-LM,200804,1,persistence,reference_r4,0.00593,0.0002249999999999,200804,0.005705000000000101
LA-LM,200805,2,persistence,reference_r4,0.007609,0.0015579999999999,200804,0.006051000000000101
LA-LM,200806,3,persistence,reference_r4,0.0077419999999999,0.0020909999999999,200804,0.005651
LA-LM,200807,1,persistence,reference_r4,0.005728,1.0492230000000011,200807,-1.0434950000000012
LA-LM,200808,2,persistence,reference_r4,0.0072329999999999,0.6224910000000001,200807,-0.6152580000000002
LA-LM,200809,3,persistence,reference_r4,0.00733,0.9309490000000018,200807,-0.9236190000000019
LA-LM,200810,1,persistence,reference_r4,0.00553,0.024466,200810,-0.018936
LA-LM,200811,2,persistence,reference_r4,0.0068819999999999,0.0042659999999999,200810,0.0026160000000000003
LA-LM,200812,3,persistence,reference_r4,0.0069769999999999,0.0011619999999999,200810,0.005815
LA-LM,200901,1,persistence,reference_r4,0.005182,0.000257,200901,0.004925
LA-LM,200902,2,persistence,reference_r4,0.0066169999999999,6.399999999999982e-05,200901,0.0065529999999999
LA-LM,200903,3,persistence,reference_r4,0.0067099999999999,0.0004,200901,0.0063099999999999
LA-LM,200904,1,persistence,reference_r4,0.892964,0.954564,200904,-0.06159999999999999
LA-LM,200905,2,persistence,reference_r4,0.0062819999999999,0.0038149999999999,200904,0.0024669999999999996
LA-LM,200906,3,persistence,reference_r4,1.794403,1.760997,200904,0.03340600000000005
LA-LM,200907,1,persistence,reference_r4,0.8803340000000001,1.0784490000000009,200907,-0.19811500000000082
LA-LM,200908,2,persistence,reference_r4,1.793166,1.212904,200907,0.5802620000000001
LA-LM,200909,3,persistence,reference_r4,1.784168,2.268981,200907,-0.48481300000000016
LA-LM,200910,1,persistence,reference_r4,0.866121,2.8426929999999997,200910,-1.9765719999999996
LA-LM,200911,2,persistence,reference_r4,1.7659490000000002,4.338435,200910,-2.5724859999999996
LA-LM,200912,3,persistence,reference_r4,0.0158389999999999,3.435733,200910,-3.419894
LA-LP,200801,1,persistence,reference_r4,3.4616930000000004,0.904856,200801,2.5568370000000002
LA-LP,200802,2,persistence,reference_r4,6.91244,14.601434,200801,-7.688993999999999
LA-LP,200803,3,persistence,reference_r4,10.133757,20.401423,200801,-10.267666000000002
LA-LP,200804,1,persistence,reference_r4,7.552431,16.978187,200804,-9.425755999999998
LA-LP,200805,2,persistence,reference_r4,77.851392,70.834475,200804,7.0169170000000065
LA-LP,200806,3,persistence,reference_r4,117.03942399999998,79.49928,200804,37.540143999999984
LA-LP,200807,1,persistence,reference_r4,129.564112,9.712470000000003,200807,119.851642
LA-LP,200808,2,persistence,reference_r4,127.251376,8.005272000000001,200807,119.24610399999999
LA-LP,200809,3,persistence,reference_r4,123.87897999999998,8.525167,200807,115.35381299999999
LA-LP,200810,1,persistence,reference_r4,13.246083999999998,16.813553,200810,-3.567469000000001
LA-LP,200811,2,persistence,reference_r4,83.01435,108.183265,200810,-25.168915000000013
LA-LP,200812,3,persistence,reference_r4,122.540554,157.754029,200810,-35.213475
LA-LP,200901,1,persistence,reference_r4,144.909513,8.063605,200901,136.845908
LA-LP,200902,2,persistence,reference_r4,138.39242299999998,4.843418,200901,133.54900499999997
LA-LP,200903,3,persistence,reference_r4,135.888984,11.64342,200901,124.24556399999999
LA-LP,200904,1,persistence,reference_r4,1.3111080000000008,11.822914999999998,200904,-10.511806999999997
LA-LP,200905,2,persistence,reference_r4,2.1775269999999995,33.289277,200904,-31.11175
LA-LP,200906,3,persistence,reference_r4,5.477892000000001,69.16894999999998,200904,-63.691057999999984
LA-LP,200907,1,persistence,reference_r4,14.600399,19.836184000000003,200907,-5.2357850000000035
LA-LP,200908,2,persistence,reference_r4,14.818903999999998,20.509838,200907,-5.690934
LA-LP,200909,3,persistence,reference_r4,273.90963100000005,278.080085,200907,-4.17045399999995
LA-LP,200910,1,persistence,reference_r4,131.123732,77.866381,200910,53.257350999999986
LA-LP,200911,2,persistence,reference_r4,199.57987,35.714721,200910,163.865149
LA-LP,200912,3,persistence,reference_r4,282.822618,5.327006000000001,200910,277.495612
LA-OU,200801,1,persistence,reference_r4,0.0060349999999999,0.001952,200801,0.0040829999999999
LA-OU,200802,2,persistence,reference_r4,0.004123,0.0002559999999999,200801,0.0038670000000001
LA-OU,200803,3,persistence,reference_r4,0.0080099999999999,1.600000000000039e-05,200801,0.007993999999999899
LA-OU,200804,1,persistence,reference_r4,0.005861,0.0012959999999999,200804,0.0045650000000001
LA-OU,200805,2,persistence,reference_r4,0.0039809999999999,0.006553,200804,-0.0025720000000000994
LA-OU,200806,3,persistence,reference_r4,0.0075709999999999,0.01367,200804,-0.0060990000000001
LA-OU,200807,1,persistence,reference_r4,0.0055359999999999,1.612169999999999,200807,-1.606633999999999
LA-OU,200808,2,persistence,reference_r4,0.003712,1.0234660000000009,200807,-1.019754000000001
LA-OU,200809,3,persistence,reference_r4,0.007161,1.3500039999999984,200807,-1.3428429999999985
LA-OU,200810,1,persistence,reference_r4,0.005221,0.025386,200810,-0.020165
LA-OU,200811,2,persistence,reference_r4,0.003601,0.0045979999999999,200810,-0.0009969999999998999
LA-OU,200812,3,persistence,reference_r4,0.006857,0.0010519999999999,200810,0.0058050000000001
LA-OU,200901,1,persistence,reference_r4,0.005059,0.000229,200901,0.00483
LA-OU,200902,2,persistence,reference_r4,0.0034529999999999,9.99999999999994e-05,200901,0.0033529999999999008
LA-OU,200903,3,persistence,reference_r4,0.006614,0.000577,200901,0.006037
LA-OU,200904,1,persistence,reference_r4,0.0047429999999999,0.000629,200904,0.0041139999999999
LA-OU,200905,2,persistence,reference_r4,0.0033229999999999,0.0037289999999999,200904,-0.0004060000000000001
LA-OU,200906,3,persistence,reference_r4,0.006322,0.022128,200904,-0.015805999999999997
LA-OU,200907,1,persistence,reference_r4,0.0046179999999999,2.0516569999999987,200907,-2.047038999999999
LA-OU,200908,2,persistence,reference_r4,0.901078,2.429023000000001,200907,-1.5279450000000008
LA-OU,200909,3,persistence,reference_r4,14.755933,9.29714,200907,5.458793
LA-OU,200910,1,persistence,reference_r4,8.721774,2.2601959999999996,200910,6.461578
LA-OU,200911,2,persistence,reference_r4,1.848604,8.551864,200910,-6.70326
LA-OU,200912,3,persistence,reference_r4,2.762712,16.425347,200910,-13.662634999999998
LA-PH,200901,1,persistence,reference_r4,0.0002559999999999,0.014436,200901,-0.014180000000000099
LA-PH,200902,2,persistence,reference_r4,0.0002559999999999,0.012843,200901,-0.0125870000000001
LA-PH,200903,3,persistence,reference_r4,0.0003239999999999,0.0192819999999999,200901,-0.018958
LA-PH,200904,1,persistence,reference_r4,0.0002559999999999,0.0034,200904,-0.0031440000000001
LA-PH,200905,2,persistence,reference_r4,0.0002559999999999,0.008081,200904,-0.0078250000000001
LA-PH,200906,3,persistence,reference_r4,0.0003239999999999,0.033801,200904,-0.0334770000000001
LA-PH,200907,1,persistence,reference_r4,0.0002559999999999,0.1818189999999999,200907,-0.181563
LA-PH,200909,3,persistence,reference_r4,0.0002559999999999,0.2659659999999997,200907,-0.2657099999999998
LA-PH,200910,1,persistence,reference_r4,0.0002559999999999,0.009228,200910,-0.0089720000000001
LA-PH,200911,2,persistence,reference_r4,0.0002559999999999,0.005578,200910,-0.005322000000000099
LA-PH,200912,3,persistence,reference_r4,0.0002559999999999,0.0007929999999999,200910,-0.0005369999999999999
LA-SL,200801,1,persistence,reference_r4,5.888300000000001,0.9277169999999996,200801,4.9605830000000015
LA-SL,200802,2,persistence,reference_r4,4.932642,0.4116219999999999,200801,4.521020000000001
LA-SL,200803,3,persistence,reference_r4,1.538814,3.779035,200801,-2.240221
LA-SL,200804,1,persistence,reference_r4,2.3815530000000003,0.839121,200804,1.5424320000000002
LA-SL,200805,2,persistence,reference_r4,94.786987,89.714854,200804,5.072132999999994
LA-SL,200806,3,persistence,reference_r4,215.622527,186.141196,200804,29.481330999999983
LA-SL,200807,1,persistence,reference_r4,142.93488,48.57733099999996,200807,94.35754900000003
LA-SL,200808,2,persistence,reference_r4,155.843332,37.91387399999999,200807,117.92945800000001
LA-SL,200809,3,persistence,reference_r4,133.927358,55.346427000000006,200807,78.58093099999999
LA-SL,200810,1,persistence,reference_r4,4.9054660000000005,37.522059,200810,-32.616592999999995
LA-SL,200811,2,persistence,reference_r4,58.522088,7.690037999999998,200810,50.832049999999995
LA-SL,200812,3,persistence,reference_r4,70.03039799999999,2.6478340000000005,200810,67.38256399999999
LA-SL,200901,1,persistence,reference_r4,5.621176,1.732603,200901,3.888573
LA-SL,200902,2,persistence,reference_r4,13.492963,19.91484,200901,-6.421877000000002
LA-SL,200903,3,persistence,reference_r4,14.263725999999998,14.027604,200901,0.23612199999999817
LA-SL,200904,1,persistence,reference_r4,4.7826830000000005,6.391938,200904,-1.6092549999999992
LA-SL,200905,2,persistence,reference_r4,88.449731,45.28266,200904,43.167071
LA-SL,200906,3,persistence,reference_r4,14.189135,31.092124,200904,-16.902988999999998
LA-SL,200907,1,persistence,reference_r4,114.196412,114.698208,200907,-0.5017959999999988
LA-SL,200908,2,persistence,reference_r4,76.470293,86.95910999999998,200907,-10.488816999999983
LA-SL,200909,3,persistence,reference_r4,42.499652,61.867513,200907,-19.367861000000005
LA-SL,200910,1,persistence,reference_r4,2.5480530000000012,35.294991,200910,-32.746938
LA-SL,200911,2,persistence,reference_r4,40.47089,18.588116999999997,200910,21.882773
LA-SL,200912,3,persistence,reference_r4,64.94407100000001,6.944811000000001,200910,57.99926000000001
LA-SV,200801,1,persistence,reference_r4,4.8442229999999995,5.900645999999998,200801,-1.0564229999999988
LA-SV,200802,2,persistence,reference_r4,8.673057,0.8041670000000001,200801,7.86889
LA-SV,200803,3,persistence,reference_r4,12.976107,0.44354,200801,12.532567
LA-SV,200804,1,persistence,reference_r4,4.815263000000002,3.4838400000000007,200804,1.331423000000001
LA-SV,200805,2,persistence,reference_r4,8.412771000000006,7.783108,200804,0.6296630000000061
LA-SV,200806,3,persistence,reference_r4,14.575739,28.227481000000004,200804,-13.651742000000004
LA-SV,200807,1,persistence,reference_r4,5.521647999999999,26.16081200000002,200807,-20.639164000000022
LA-SV,200808,2,persistence,reference_r4,10.57087,22.758996000000025,200807,-12.188126000000025
LA-SV,200809,3,persistence,reference_r4,15.121753999999996,23.119702000000014,200807,-7.997948000000019
LA-SV,200810,1,persistence,reference_r4,7.109045999999999,3.8007529999999994,200810,3.308293
LA-SV,200811,2,persistence,reference_r4,7.919887999999993,0.7294520000000002,200810,7.190435999999993
LA-SV,200812,3,persistence,reference_r4,12.10275,0.313564,200810,11.789186
LA-SV,200901,1,persistence,reference_r4,3.9905629999999945,0.10244,200901,3.8881229999999944
LA-SV,200902,2,persistence,reference_r4,7.257082000000004,0.008701,200901,7.248381000000004
LA-SV,200903,3,persistence,reference_r4,10.999906999999991,0.132593,200901,10.867313999999991
LA-SV,200904,1,persistence,reference_r4,3.813820999999997,0.175177,200904,3.6386439999999967
LA-SV,200905,2,persistence,reference_r4,6.943229000000002,1.140536,200904,5.802693000000002
LA-SV,200906,3,persistence,reference_r4,10.580433999999997,1.6582910000000002,200904,8.922142999999997
LA-SV,200907,1,persistence,reference_r4,8.737159000000005,28.925279999999987,200907,-20.18812099999998
LA-SV,200908,2,persistence,reference_r4,21.627213000000005,30.11510999999996,200907,-8.487896999999954
LA-SV,200909,3,persistence,reference_r4,30.191056000000003,39.88998300000003,200907,-9.698927000000026
LA-SV,200910,1,persistence,reference_r4,22.800766000000003,7.075853000000002,200910,15.724913
LA-SV,200911,2,persistence,reference_r4,15.110646000000004,14.874663,200910,0.2359830000000045
LA-SV,200912,3,persistence,reference_r4,32.15928099999999,1.6257450000000002,200910,30.53353599999999
LA-VT,200801,1,persistence,reference_r4,43.562509000000006,12.033929999999998,200801,31.528579000000008
LA-VT,200802,2,persistence,reference_r4,53.531439000000006,4.472708,200801,49.05873100000001
LA-VT,200803,3,persistence,reference_r4,53.29954199999999,17.944291,200801,35.35525099999999
LA-VT,200804,1,persistence,reference_r4,17.179183000000002,10.986553,200804,6.192630000000001
LA-VT,200805,2,persistence,reference_r4,23.501833000000005,21.916720999999995,200804,1.5851120000000094
LA-VT,200806,3,persistence,reference_r4,34.264673,74.263315,200804,-39.998642000000004
LA-VT,200807,1,persistence,reference_r4,44.458304000000005,82.55612599999995,200807,-38.097821999999944
LA-VT,200808,2,persistence,reference_r4,49.390158,86.83571199999994,200807,-37.445553999999944
LA-VT,200809,3,persistence,reference_r4,57.09253799999999,93.03145299999994,200807,-35.93891499999995
LA-VT,200810,1,persistence,reference_r4,40.52817900000001,33.64647199999999,200810,6.88170700000002
LA-VT,200811,2,persistence,reference_r4,35.093327999999985,63.889095000000005,200810,-28.79576700000002
LA-VT,200812,3,persistence,reference_r4,54.739943999999994,53.948538000000006,200810,0.7914059999999878
LA-VT,200901,1,persistence,reference_r4,33.602245,21.345821,200901,12.256424000000003
LA-VT,200902,2,persistence,reference_r4,45.768274000000005,14.421578000000002,200901,31.346696
LA-VT,200903,3,persistence,reference_r4,51.016761,6.531899000000001,200901,44.484862
LA-VT,200904,1,persistence,reference_r4,13.658959000000005,10.675957999999998,200904,2.983001000000007
LA-VT,200905,2,persistence,reference_r4,25.326655,92.063094,200904,-66.736439
LA-VT,200906,3,persistence,reference_r4,44.6109,192.28634200000005,200904,-147.67544200000003
LA-VT,200907,1,persistence,reference_r4,146.577999,172.003246,200907,-25.425246999999985
LA-VT,200908,2,persistence,reference_r4,171.936715,211.72810800000013,200907,-39.79139300000014
LA-VT,200909,3,persistence,reference_r4,247.78247600000003,284.53438099999994,200907,-36.75190499999991
LA-VT,200910,1,persistence,reference_r4,37.050053000000005,204.492418,200910,-167.442365
LA-VT,200911,2,persistence,reference_r4,42.279893999999985,239.401521,200910,-197.12162700000002
LA-VT,200912,3,persistence,reference_r4,71.11476300000001,227.36478,200910,-156.25001699999999
LA-XA,200801,1,persistence,reference_r4,1.370140000000001,1.141854,200801,0.2282860000000011
LA-XA,200802,2,persistence,reference_r4,1.726794,0.2227249999999999,200801,1.504069
LA-XA,200803,3,persistence,reference_r4,2.4291660000000004,0.163272,200801,2.2658940000000003
LA-XA,200804,1,persistence,reference_r4,0.9141100000000008,0.730742,200804,0.18336800000000075
LA-XA,200805,2,persistence,reference_r4,1.9675190000000011,1.1855909999999996,200804,0.7819280000000015
LA-XA,200806,3,persistence,reference_r4,4.712291000000002,2.2426280000000007,200804,2.4696630000000015
LA-XA,200807,1,persistence,reference_r4,9.737328,11.157125999999993,200807,-1.419797999999993
LA-XA,200808,2,persistence,reference_r4,1.887989000000001,4.504317,200807,-2.6163279999999993
LA-XA,200809,3,persistence,reference_r4,4.530335000000001,2.9445479999999975,200807,1.5857870000000034
LA-XA,200810,1,persistence,reference_r4,1.7879609999999992,1.694916,200810,0.09304499999999916
LA-XA,200811,2,persistence,reference_r4,1.6200849999999996,0.7510669999999999,200810,0.8690179999999996
LA-XA,200812,3,persistence,reference_r4,2.018962,0.3998090000000001,200810,1.619153
LA-XA,200901,1,persistence,reference_r4,1.269139000000001,0.1221349999999999,200901,1.147004000000001
LA-XA,200902,2,persistence,reference_r4,1.5772950000000012,0.0325179999999999,200901,1.5447770000000014
LA-XA,200903,3,persistence,reference_r4,2.1768,0.222844,200901,1.953956
LA-XA,200904,1,persistence,reference_r4,0.8203629999999986,0.3222779999999999,200904,0.4980849999999987
LA-XA,200905,2,persistence,reference_r4,1.3959229999999998,1.035486,200904,0.3604369999999999
LA-XA,200906,3,persistence,reference_r4,9.630621,5.476154999999999,200904,4.154466
LA-XA,200907,1,persistence,reference_r4,2.6337360000000007,7.031649000000016,200907,-4.397913000000015
LA-XA,200908,2,persistence,reference_r4,17.345646000000002,23.166176000000007,200907,-5.820530000000005
LA-XA,200909,3,persistence,reference_r4,3.461870000000001,6.931007999999991,200907,-3.4691379999999903
LA-XA,200910,1,persistence,reference_r4,4.6066199999999995,5.056259000000001,200910,-0.44963900000000123
LA-XA,200911,2,persistence,reference_r4,4.659095000000001,2.8869279999999993,200910,1.7721670000000014
LA-XA,200912,3,persistence,reference_r4,8.217560999999998,1.447186,200910,6.770374999999998
LA-XE,200801,1,persistence,reference_r4,0.6979409999999999,0.018655,200801,0.679286
LA-XE,200802,2,persistence,reference_r4,0.6954600000000001,0.0090869999999999,200801,0.6863730000000001
LA-XE,200803,3,persistence,reference_r4,0.6880539999999999,0.003751,200801,0.684303
LA-XE,200804,1,persistence,reference_r4,0.065477,0.010751,200804,0.054726
LA-XE,200805,2,persistence,reference_r4,0.0699379999999999,0.040091,200804,0.0298469999999999
LA-XE,200806,3,persistence,reference_r4,4.054037,4.103260000000001,200804,-0.04922300000000046
LA-XE,200807,1,persistence,reference_r4,4.1559219999999994,0.3307030000000002,200807,3.8252189999999993
LA-XE,200808,2,persistence,reference_r4,4.124742,0.3838590000000002,200807,3.740883
LA-XE,200809,3,persistence,reference_r4,3.2093629999999997,0.6226380000000002,200807,2.5867249999999995
LA-XE,200810,1,persistence,reference_r4,0.700465,0.0515469999999999,200810,0.6489180000000001
LA-XE,200811,2,persistence,reference_r4,0.697173,0.01402,200810,0.683153
LA-XE,200812,3,persistence,reference_r4,0.1213829999999999,0.881868,200810,-0.7604850000000001
LA-XE,200901,1,persistence,reference_r4,0.6957120000000001,0.0068039999999999,200901,0.6889080000000002
LA-XE,200902,2,persistence,reference_r4,0.692393,1.882858,200901,-1.1904649999999999
LA-XE,200903,3,persistence,reference_r4,0.6937459999999999,1.755259,200901,-1.0615130000000002
LA-XE,200904,1,persistence,reference_r4,0.706618,0.5003139999999999,200904,0.20630400000000004
LA-XE,200905,2,persistence,reference_r4,0.137104,0.946446,200904,-0.809342
LA-XE,200906,3,persistence,reference_r4,6.0364830000000005,5.921527,200904,0.11495600000000028
LA-XE,200907,1,persistence,reference_r4,19.01715,25.064302,200907,-6.0471520000000005
LA-XE,200908,2,persistence,reference_r4,16.929472,22.42457,200907,-5.495097999999999
LA-XE,200909,3,persistence,reference_r4,2.3136,4.122864000000001,200907,-1.8092640000000006
LA-XE,200910,1,persistence,reference_r4,0.7152529999999999,2.8392470000000003,200910,-2.1239940000000006
LA-XE,200911,2,persistence,reference_r4,2.27487,10.098619,200910,-7.823748999999999
LA-XE,200912,3,persistence,reference_r4,0.7216480000000001,9.261885999999995,200910,-8.540237999999995
LA-XI,200801,1,persistence,reference_r4,0.000689,0.000533,200801,0.000156
LA-XI,200802,2,persistence,reference_r4,0.000689,0.000148,200801,0.000541
LA-XI,200803,3,persistence,reference_r4,0.000757,0.000535,200801,0.00022199999999999998
LA-XI,200804,1,persistence,reference_r4,0.000689,0.0004419999999999,200804,0.00024700000000010006
LA-XI,200805,2,persistence,reference_r4,0.000689,0.001306,200804,-0.000617
LA-XI,200806,3,persistence,reference_r4,0.950689,0.933205,200804,0.017484000000000055
LA-XI,200807,1,persistence,reference_r4,0.945632,0.3679009999999998,200807,0.5777310000000002
LA-XI,200808,2,persistence,reference_r4,0.945632,0.3810840000000004,200807,0.5645479999999996
LA-XI,200809,3,persistence,reference_r4,0.945632,0.4660729999999997,200807,0.47955900000000035
LA-XI,200810,1,persistence,reference_r4,0.0010249999999999,0.0137359999999999,200810,-0.012711
LA-XI,200811,2,persistence,reference_r4,0.0010249999999999,0.0013699999999999,200810,-0.00034500000000000004
LA-XI,200812,3,persistence,reference_r4,0.0010879999999999,0.001097,200810,-9.000000000100074e-06
LA-XI,200901,1,persistence,reference_r4,0.0010249999999999,0.001049,200901,-2.4000000000100113e-05
LA-XI,200902,2,persistence,reference_r4,0.0010249999999999,0.0016919999999999,200901,-0.0006670000000000001
LA-XI,200903,3,persistence,reference_r4,0.0010249999999999,0.0011159999999999,200901,-9.100000000000015e-05
LA-XI,200904,1,persistence,reference_r4,0.0009489999999999,0.0004879999999999,200904,0.000461
LA-XI,200905,2,persistence,reference_r4,38.924964,38.922653,200904,0.002311000000005947
LA-XI,200906,3,persistence,reference_r4,32.924964,32.831728,200904,0.09323600000000454
LA-XI,200907,1,persistence,reference_r4,31.638394,0.7330720000000008,200907,30.905322
LA-XI,200908,2,persistence,reference_r4,22.608322,6.9420660000000005,200907,15.666256
LA-XI,200909,3,persistence,reference_r4,32.468322,0.5520899999999997,200907,31.916232
LA-XI,200910,1,persistence,reference_r4,0.0059359999999999,0.8276870000000001,200910,-0.8217510000000001
LA-XI,200911,2,persistence,reference_r4,0.00828,0.5037559999999999,200910,-0.49547599999999986
LA-XI,200912,3,persistence,reference_r4,0.008565,0.158422,200910,-0.14985700000000002
