model,location,time_period,horizon_distance,crps,abs_error,in_10_90,in_25_75,observed,split_first_period,n_samples
climatology,LA-AT,200801,1,4.0,4.0,0.0,0.0,4.0,200801,1000
climatology,LA-AT,200802,2,1.63,2.0,0.0,0.0,2.0,200801,1000
climatology,LA-AT,200803,3,0.0,0.0,1.0,1.0,0.0,200801,1000
climatology,LA-AT,200804,1,0.020000000000000018,0.0,1.0,1.0,0.0,200804,1000
climatology,LA-AT,200805,2,3.45,4.0,0.0,0.0,4.0,200804,1000
climatology,LA-AT,200806,3,8.86,10.0,0.0,0.0,10.0,200804,1000
climatology,LA-AT,200807,1,4.54,6.0,0.0,0.0,6.0,200807,1000
climatology,LA-AT,200808,2,9.469999999999999,11.0,0.0,0.0,11.0,200807,1000
climatology,LA-AT,200809,3,17.57,24.0,0.0,0.0,24.0,200807,1000
climatology,LA-AT,200810,1,38.95,47.0,0.0,0.0,47.0,200810,1000
climatology,LA-AT,200811,2,43.0,43.0,0.0,0.0,43.0,200810,1000
climatology,LA-AT,200812,3,22.28,23.0,0.0,0.0,23.0,200810,1000
climatology,LA-AT,200901,1,17.305124,18.0,0.0,0.0,18.0,200901,1000
climatology,LA-AT,200902,2,45.164529,46.0,0.0,0.0,46.0,200901,1000
climatology,LA-AT,200903,3,77.0,77.0,0.0,0.0,77.0,200901,1000
climatology,LA-AT,200904,1,98.652562,99.0,0.0,0.0,99.0,200904,1000
climatology,LA-AT,200905,2,0.12421499999999996,0.0,1.0,1.0,0.0,200904,1000
climatology,LA-AT,200906,3,21.319868,24.0,0.0,0.0,24.0,200904,1000
climatology,LA-AT,200907,1,61.750116,64.0,0.0,0.0,64.0,200907,1000
climatology,LA-AT,200908,2,17.823736,21.0,0.0,0.0,21.0,200907,1000
climatology,LA-AT,200909,3,10.060613,17.0,1.0,0.0,17.0,200907,1000
climatology,LA-AT,200910,1,4.830283999999999,4.0,1.0,0.0,4.0,200910,1000
climatology,LA-AT,200911,2,13.444083000000001,16.0,0.0,0.0,16.0,200910,1000
climatology,LA-AT,200912,3,4.502959,6.0,0.0,0.0,6.0,200910,1000
climatology,LA-BK,200801,1,0.81,1.0,0.0,0.0,1.0,200801,1000
climatology,LA-BK,200802,2,0.010000000000000009,0.0,1.0,1.0,0.0,200801,1000
climatology,LA-BK,200803,3,0.010000000000000009,0.0,1.0,1.0,0.0,200801,1000
climatology,LA-BK,200804,1,0.010000000000000009,0.0,1.0,1.0,0.0,200804,1000
climatology,LA-BK,200805,2,11.64,12.0,0.0,0.0,12.0,200804,1000
climatology,LA-BK,200806,3,52.17,53.0,0.0,0.0,53.0,200804,1000
climatology,LA-BK,200807,1,0.6600000000000001,1.5,1.0,1.0,2.0,200807,1000
climatology,LA-BK,200808,2,6.84,9.0,0.0,0.0,9.0,200807,1000
climatology,LA-BK,200809,3,29.34,33.0,0.0,0.0,33.0,200807,1000
climatology,LA-BK,200810,1,44.92,46.5,0.0,0.0,48.0,200810,1000
climatology,LA-BK,200811,2,55.0,55.0,0.0,0.0,55.0,200810,1000
climatology,LA-BK,200812,3,5.0,5.0,0.0,0.0,5.0,200810,1000
climatology,LA-BK,200901,1,0.6691239999999999,1.0,1.0,0.0,1.0,200901,1000
climatology,LA-BK,200902,2,0.008280999999999997,0.0,1.0,1.0,0.0,200901,1000
climatology,LA-BK,200903,3,0.826281,1.0,0.0,0.0,1.0,200901,1000
climatology,LA-BK,200904,1,2.826281,3.0,0.0,0.0,3.0,200904,1000
climatology,LA-BK,200905,2,71.61762,74.0,0.0,0.0,74.0,200904,1000
climatology,LA-BK,200906,3,206.10648,216.0,0.0,0.0,216.0,200904,1000
climatology,LA-BK,200907,1,209.63545499999998,211.0,0.0,0.0,212.0,200907,1000
climatology,LA-BK,200908,2,106.650017,110.0,0.0,0.0,110.0,200907,1000
climatology,LA-BK,200909,3,43.240066999999996,52.0,0.0,0.0,52.0,200907,1000
climatology,LA-BK,200910,1,23.210034,29.0,0.0,0.0,31.0,200910,1000
climatology,LA-BK,200911,2,4.5454550000000005,5.0,0.0,0.0,5.0,200910,1000
climatology,LA-BK,200912,3,3.313405,4.0,0.0,0.0,4.0,200910,1000
climatology,LA-BL,200801,1,5.6899999999999995,8.0,0.0,0.0,10.0,200801,1000
climatology,LA-BL,200802,2,2.88,5.0,1.0,0.0,7.0,200801,1000
climatology,LA-BL,200803,3,2.29,3.0,1.0,1.0,1.0,200801,1000
climatology,LA-BL,200804,1,2.8299999999999996,3.5,1.0,1.0,3.0,200804,1000
climatology,LA-BL,200805,2,9.2,6.5,1.0,1.0,15.0,200804,1000
climatology,LA-BL,200806,3,10.070000000000002,17.5,1.0,1.0,19.0,200804,1000
climatology,LA-BL,200807,1,27.62,48.5,1.0,0.0,31.0,200807,1000
climatology,LA-BL,200808,2,19.03,37.5,1.0,1.0,32.0,200807,1000
climatology,LA-BL,200809,3,25.370000000000005,48.0,1.0,0.0,30.0,200807,1000
climatology,LA-BL,200810,1,16.870000000000005,25.5,0.0,0.0,5.0,200810,1000
climatology,LA-BL,200811,2,6.290000000000001,8.5,1.0,1.0,12.0,200810,1000
climatology,LA-BL,200812,3,2.05,1.0,1.0,1.0,1.0,200810,1000
climatology,LA-BL,200901,1,0.7038849999999999,0.0,1.0,1.0,2.0,200901,1000
climatology,LA-BL,200902,2,0.9263810000000001,1.0,1.0,1.0,3.0,200901,1000
climatology,LA-BL,200903,3,2.5287120000000005,4.0,1.0,0.0,0.0,200901,1000
climatology,LA-BL,200904,1,2.7938859999999996,4.0,1.0,1.0,2.0,200904,1000
climatology,LA-BL,200905,2,17.157429000000004,16.0,0.0,0.0,0.0,200904,1000
climatology,LA-BL,200906,3,16.873330000000003,19.0,0.0,0.0,7.0,200904,1000
climatology,LA-BL,200907,1,20.996472,42.0,1.0,1.0,35.0,200907,1000
climatology,LA-BL,200908,2,33.260011999999996,58.0,0.0,0.0,9.0,200907,1000
climatology,LA-BL,200909,3,41.130528,75.0,0.0,0.0,0.0,200907,1000
climatology,LA-BL,200910,1,17.210586000000003,29.0,0.0,0.0,1.0,200910,1000
climatology,LA-BL,200911,2,11.201476,13.0,1.0,0.0,2.0,200910,1000
climatology,LA-BL,200912,3,1.6965139999999996,1.0,1.0,1.0,1.0,200910,1000
climatology,LA-CH,200801,1,47.5,65.0,0.0,0.0,73.0,200801,1000
climatology,LA-CH,200802,2,53.03999999999999,86.5,0.0,0.0,90.0,200801,1000
climatology,LA-CH,200803,3,50.58,77.0,0.0,0.0,92.0,200801,1000
climatology,LA-CH,200804,1,31.849999999999998,52.5,1.0,0.0,69.0,200804,1000
climatology,LA-CH,200805,2,38.959999999999994,54.0,1.0,0.0,113.0,200804,1000
climatology,LA-CH,200806,3,127.17000000000002,172.5,0.0,0.0,295.0,200804,1000
climatology,LA-CH,200807,1,41.25,39.0,1.0,1.0,162.0,200807,1000
climatology,LA-CH,200808,2,42.510000000000005,22.0,1.0,1.0,143.0,200807,1000
climatology,LA-CH,200809,3,49.599999999999994,73.0,1.0,1.0,185.0,200807,1000
climatology,LA-CH,200810,1,37.669999999999995,53.0,1.0,0.0,140.0,200810,1000
climatology,LA-CH,200811,2,41.07000000000001,67.0,0.0,0.0,102.0,200810,1000
climatology,LA-CH,200812,3,33.34,49.5,1.0,0.0,73.0,200810,1000
climatology,LA-CH,200901,1,10.890716999999999,19.0,1.0,1.0,31.0,200901,1000
climatology,LA-CH,200902,2,19.093116999999996,43.0,1.0,1.0,48.0,200901,1000
climatology,LA-CH,200903,3,21.428539999999998,42.0,1.0,0.0,60.0,200901,1000
climatology,LA-CH,200904,1,53.487149,79.0,0.0,0.0,102.0,200904,1000
climatology,LA-CH,200905,2,19.053490000000004,1.0,1.0,1.0,66.0,200904,1000
climatology,LA-CH,200906,3,30.695037999999997,10.0,1.0,1.0,124.0,200904,1000
climatology,LA-CH,200907,1,45.004213,72.0,1.0,1.0,122.0,200907,1000
climatology,LA-CH,200908,2,44.17307600000001,38.0,1.0,1.0,110.0,200907,1000
climatology,LA-CH,200909,3,32.110839000000006,33.0,1.0,1.0,105.0,200907,1000
climatology,LA-CH,200910,1,23.227603000000002,35.0,1.0,1.0,59.0,200910,1000
climatology,LA-CH,200911,2,12.418226999999998,3.0,1.0,1.0,35.0,200910,1000
climatology,LA-CH,200912,3,14.757385999999997,7.0,1.0,1.0,32.0,200910,1000
climatology,LA-HO,200801,1,0.010000000000000009,0.0,1.0,1.0,0.0,200801,1000
climatology,LA-HO,200802,2,0.010000000000000009,0.0,1.0,1.0,0.0,200801,1000
climatology,LA-HO,200803,3,0.010000000000000009,0.0,1.0,1.0,0.0,200801,1000
climatology,LA-HO,200804,1,0.010000000000000009,0.0,1.0,1.0,0.0,200804,1000
climatology,LA-HO,200805,2,0.0,0.0,1.0,1.0,0.0,200804,1000
climatology,LA-HO,200806,3,0.05999999999999994,0.0,1.0,1.0,0.0,200804,1000
climatology,LA-HO,200807,1,0.19999999999999996,0.0,1.0,1.0,0.0,200807,1000
climatology,LA-HO,200808,2,0.0,0.0,1.0,1.0,0.0,200807,1000
climatology,LA-HO,200809,3,0.6900000000000002,1.0,1.0,0.0,1.0,200807,1000
climatology,LA-HO,200810,1,0.020000000000000018,0.0,1.0,1.0,0.0,200810,1000
climatology,LA-HO,200811,2,0.0,0.0,1.0,1.0,0.0,200810,1000
climatology,LA-HO,200812,3,0.65,1.0,1.0,0.0,1.0,200810,1000
climatology,LA-HO,200901,1,0.008280999999999997,0.0,1.0,1.0,0.0,200901,1000
climatology,LA-HO,200902,2,0.008280999999999997,0.0,1.0,1.0,0.0,200901,1000
climatology,LA-HO,200903,3,0.008280999999999997,0.0,1.0,1.0,0.0,200901,1000
climatology,LA-HO,200904,1,0.008280999999999997,0.0,1.0,1.0,0.0,200904,1000
climatology,LA-HO,200905,2,0.0,0.0,1.0,1.0,0.0,200904,1000
climatology,LA-HO,200906,3,0.04968600000000006,0.0,1.0,1.0,0.0,200904,1000
climatology,LA-HO,200907,1,0.16562,0.0,1.0,1.0,0.0,200907,1000
climatology,LA-HO,200908,2,0.0,0.0,1.0,1.0,0.0,200907,1000
climatology,LA-HO,200909,3,0.5699339999999999,1.0,1.0,1.0,1.0,200907,1000
climatology,LA-HO,200910,1,0.834562,1.0,0.0,0.0,1.0,200910,1000
climatology,LA-HO,200911,2,1.0,1.0,0.0,0.0,1.0,200910,1000
climatology,LA-HO,200912,3,0.53681,1.0,1.0,1.0,1.0,200910,1000
climatology,LA-KH,200801,1,1.1499999999999995,0.0,1.0,1.0,0.0,200801,1000
climatology,LA-KH,200802,2,0.1499999999999999,0.0,1.0,1.0,0.0,200801,1000
climatology,LA-KH,200803,3,0.040000000000000036,0.0,1.0,1.0,0.0,200801,1000
climatology,LA-KH,200804,1,0.10999999999999999,0.0,1.0,1.0,0.0,200804,1000
climatology,LA-KH,200805,2,1.38,0.5,1.0,1.0,0.0,200804,1000
climatology,LA-KH,200806,3,8.940000000000001,6.0,1.0,1.0,1.0,200804,1000
climatology,LA-KH,200807,1,35.06999999999999,31.0,1.0,1.0,3.0,200807,1000
climatology,LA-KH,200808,2,37.92,43.0,1.0,0.0,0.0,200807,1000
climatology,LA-KH,200809,3,14.089999999999996,7.5,1.0,1.0,4.0,200807,1000
climatology,LA-KH,200810,1,5.470000000000001,5.0,1.0,1.0,1.0,200810,1000
climatology,LA-KH,200811,2,1.4299999999999997,2.5,1.0,1.0,3.0,200810,1000
climatology,LA-KH,200812,3,3.6900000000000004,4.0,1.0,0.0,4.0,200810,1000
climatology,LA-KH,200901,1,0.9523149999999996,0.0,1.0,1.0,0.0,200901,1000
climatology,LA-KH,200902,2,0.12421499999999996,0.0,1.0,1.0,0.0,200901,1000
climatology,LA-KH,200903,3,5.305124,6.0,0.0,0.0,6.0,200901,1000
climatology,LA-KH,200904,1,0.09109100000000003,0.0,1.0,1.0,0.0,200904,1000
climatology,LA-KH,200905,2,4.0487779999999995,6.0,1.0,0.0,6.0,200904,1000
climatology,LA-KH,200906,3,46.36775900000001,74.0,1.0,0.0,80.0,200904,1000
climatology,LA-KH,200907,1,68.223464,127.0,1.0,1.0,155.0,200907,1000
climatology,LA-KH,200908,2,171.36027,263.0,0.0,0.0,303.0,200907,1000
climatology,LA-KH,200909,3,187.12138299999998,267.0,0.0,0.0,277.0,200907,1000
climatology,LA-KH,200910,1,57.593343000000004,80.0,0.0,0.0,85.0,200910,1000
climatology,LA-KH,200911,2,54.814001,60.0,0.0,0.0,61.0,200910,1000
climatology,LA-KH,200912,3,52.764233,67.0,0.0,0.0,67.0,200910,1000
climatology,LA-LM,200801,1,0.0,0.0,1.0,1.0,0.0,200801,1000
climatology,LA-LM,200802,2,0.0,0.0,1.0,1.0,0.0,200801,1000
climatology,LA-LM,200803,3,0.04999999999999999,0.0,1.0,1.0,0.0,200801,1000
climatology,LA-LM,200804,1,0.010000000000000009,0.0,1.0,1.0,0.0,200804,1000
climatology,LA-LM,200805,2,0.0,0.0,1.0,1.0,0.0,200804,1000
climatology,LA-LM,200806,3,0.0,0.0,1.0,1.0,0.0,200804,1000
climatology,LA-LM,200807,1,0.04999999999999999,0.0,1.0,1.0,0.0,200807,1000
climatology,LA-LM,200808,2,0.02999999999999997,0.0,1.0,1.0,0.0,200807,1000
climatology,LA-LM,200809,3,0.0,0.0,1.0,1.0,0.0,200807,1000
climatology,LA-LM,200810,1,0.09000000000000002,0.0,1.0,1.0,0.0,200810,1000
climatology,LA-LM,200811,2,0.020000000000000018,0.0,1.0,1.0,0.0,200810,1000
climatology,LA-LM,200812,3,0.0,0.0,1.0,1.0,0.0,200810,1000
climatology,LA-LM,200901,1,0.0,0.0,1.0,1.0,0.0,200901,1000
climatology,LA-LM,200902,2,0.0,0.0,1.0,1.0,0.0,200901,1000
climatology,LA-LM,200903,3,0.041405000000000025,0.0,1.0,1.0,0.0,200901,1000
climatology,LA-LM,200904,1,0.826281,1.0,0.0,0.0,1.0,200904,1000
climatology,LA-LM,200905,2,0.0,0.0,1.0,1.0,0.0,200904,1000
climatology,LA-LM,200906,3,2.0,2.0,0.0,0.0,2.0,200904,1000
climatology,LA-LM,200907,1,0.677405,1.0,1.0,0.0,1.0,200907,1000
climatology,LA-LM,200908,2,0.02484300000000003,0.0,1.0,1.0,0.0,200907,1000
climatology,LA-LM,200909,3,4.0,4.0,0.0,0.0,4.0,200907,1000
climatology,LA-LM,200910,1,4.164529,5.0,0.0,0.0,5.0,200910,1000
climatology,LA-LM,200911,2,5.652562,6.0,0.0,0.0,6.0,200910,1000
climatology,LA-LM,200912,3,4.0,4.0,0.0,0.0,4.0,200910,1000
climatology,LA-LP,200801,1,0.19999999999999996,0.0,1.0,1.0,0.0,200801,1000
climatology,LA-LP,200802,2,13.92,16.0,0.0,0.0,16.0,200801,1000
climatology,LA-LP,200803,3,20.810000000000002,22.0,0.0,0.0,22.0,200801,1000
climatology,LA-LP,200804,1,31.229999999999997,32.5,0.0,0.0,33.0,200804,1000
climatology,LA-LP,200805,2,107.3,113.0,0.0,0.0,116.0,200804,1000
climatology,LA-LP,200806,3,132.97,153.0,0.0,0.0,160.0,200804,1000
climatology,LA-LP,200807,1,10.659999999999998,13.5,1.0,0.0,16.0,200807,1000
climatology,LA-LP,200808,2,12.43,17.0,1.0,1.0,13.0,200807,1000
climatology,LA-LP,200809,3,10.5,12.5,1.0,1.0,14.0,200807,1000
climatology,LA-LP,200810,1,9.549999999999999,15.0,1.0,0.0,33.0,200810,1000
climatology,LA-LP,200811,2,103.0,107.0,0.0,0.0,116.0,200810,1000
climatology,LA-LP,200812,3,126.82,158.5,0.0,0.0,161.0,200810,1000
climatology,LA-LP,200901,1,0.16562000000000004,0.0,1.0,1.0,0.0,200901,1000
climatology,LA-LP,200902,2,0.5962320000000001,0.0,1.0,1.0,0.0,200901,1000
climatology,LA-LP,200903,3,0.4720169999999997,0.0,1.0,1.0,0.0,200901,1000
climatology,LA-LP,200904,1,0.8104469999999999,1.0,1.0,1.0,0.0,200904,1000
climatology,LA-LP,200905,2,3.589589,3.0,1.0,0.0,0.0,200904,1000
climatology,LA-LP,200906,3,5.813261999999998,0.0,1.0,1.0,9.0,200904,1000
climatology,LA-LP,200907,1,4.452995999999999,2.0,1.0,1.0,30.0,200907,1000
climatology,LA-LP,200908,2,8.377825999999999,2.0,1.0,1.0,32.0,200907,1000
climatology,LA-LP,200909,3,238.358321,292.0,0.0,0.0,313.0,200907,1000
climatology,LA-LP,200910,1,126.23871400000002,147.0,0.0,0.0,165.0,200910,1000
climatology,LA-LP,200911,2,61.383126999999995,78.0,0.0,0.0,87.0,200910,1000
climatology,LA-LP,200912,3,7.821726000000002,3.0,1.0,1.0,0.0,200910,1000
climatology,LA-OU,200801,1,0.0,0.0,1.0,1.0,0.0,200801,1000
climatology,LA-OU,200802,2,0.0,0.0,1.0,1.0,0.0,200801,1000
climatology,LA-OU,200803,3,0.0,0.0,1.0,1.0,0.0,200801,1000
climatology,LA-OU,200804,1,0.0,0.0,1.0,1.0,0.0,200804,1000
climatology,LA-OU,200805,2,0.010000000000000009,0.0,1.0,1.0,0.0,200804,1000
climatology,LA-OU,200806,3,0.010000000000000009,0.0,1.0,1.0,0.0,200804,1000
climatology,LA-OU,200807,1,0.04000000000000001,0.0,1.0,1.0,0.0,200807,1000
climatology,LA-OU,200808,2,0.12,0.0,1.0,1.0,0.0,200807,1000
climatology,LA-OU,200809,3,0.04000000000000001,0.0,1.0,1.0,0.0,200807,1000
climatology,LA-OU,200810,1,0.07999999999999996,0.0,1.0,1.0,0.0,200810,1000
climatology,LA-OU,200811,2,0.010000000000000009,0.0,1.0,1.0,0.0,200810,1000
climatology,LA-OU,200812,3,0.0,0.0,1.0,1.0,0.0,200810,1000
climatology,LA-OU,200901,1,0.0,0.0,1.0,1.0,0.0,200901,1000
climatology,LA-OU,200902,2,0.0,0.0,1.0,1.0,0.0,200901,1000
climatology,LA-OU,200903,3,0.0,0.0,1.0,1.0,0.0,200901,1000
climatology,LA-OU,200904,1,0.0,0.0,1.0,1.0,0.0,200904,1000
climatology,LA-OU,200905,2,0.008280999999999997,0.0,1.0,1.0,0.0,200904,1000
climatology,LA-OU,200906,3,0.008280999999999997,0.0,1.0,1.0,0.0,200904,1000
climatology,LA-OU,200907,1,0.03312399999999999,0.0,1.0,1.0,0.0,200907,1000
climatology,LA-OU,200908,2,0.7353719999999999,1.0,1.0,0.0,1.0,200907,1000
climatology,LA-OU,200909,3,14.669124,15.0,0.0,0.0,15.0,200907,1000
climatology,LA-OU,200910,1,4.974247999999999,6.0,0.0,0.0,6.0,200910,1000
climatology,LA-OU,200911,2,12.826281,13.0,0.0,0.0,13.0,200910,1000
climatology,LA-OU,200912,3,18.0,18.0,0.0,0.0,18.0,200910,1000
climatology,LA-PH,200901,1,0.0,0.0,1.0,1.0,0.0,200901,1000
climatology,LA-PH,200902,2,0.0,0.0,1.0,1.0,0.0,200901,1000
climatology,LA-PH,200903,3,0.0,0.0,1.0,1.0,0.0,200901,1000
climatology,LA-PH,200904,1,0.0,0.0,1.0,1.0,0.0,200904,1000
climatology,LA-PH,200905,2,0.0,0.0,1.0,1.0,0.0,200904,1000
climatology,LA-PH,200906,3,0.0,0.0,1.0,1.0,0.0,200904,1000
climatology,LA-PH,200907,1,0.0,0.0,1.0,1.0,0.0,200907,1000
climatology,LA-PH,200909,3,0.040000000000000036,0.0,1.0,1.0,0.0,200907,1000
climatology,LA-PH,200910,1,0.0,0.0,1.0,1.0,0.0,200910,1000
climatology,LA-PH,200911,2,0.0,0.0,1.0,1.0,0.0,200910,1000
climatology,LA-PH,200912,3,0.0,0.0,1.0,1.0,0.0,200910,1000
climatology,LA-SL,200801,1,0.10999999999999999,0.0,1.0,1.0,0.0,200801,1000
climatology,LA-SL,200802,2,1.0,1.0,0.0,0.0,1.0,200801,1000
climatology,LA-SL,200803,3,4.62,5.0,0.0,0.0,5.0,200801,1000
climatology,LA-SL,200804,1,2.0,2.0,0.0,0.0,2.0,200804,1000
climatology,LA-SL,200805,2,82.75,105.0,0.0,0.0,105.0,200804,1000
climatology,LA-SL,200806,3,206.97,226.0,0.0,0.0,226.0,200804,1000
climatology,LA-SL,200807,1,75.25,77.0,0.0,0.0,78.0,200807,1000
climatology,LA-SL,200808,2,52.45,62.0,0.0,0.0,63.0,200807,1000
climatology,LA-SL,200809,3,76.05,85.0,0.0,0.0,85.0,200807,1000
climatology,LA-SL,200810,1,89.54,91.0,0.0,0.0,91.0,200810,1000
climatology,LA-SL,200811,2,19.16,21.0,0.0,0.0,21.0,200810,1000
climatology,LA-SL,200812,3,5.69,8.0,0.0,0.0,8.0,200810,1000
climatology,LA-SL,200901,1,0.545091,1.0,1.0,1.0,1.0,200901,1000
climatology,LA-SL,200902,2,23.826280999999998,24.0,0.0,0.0,24.0,200901,1000
climatology,LA-SL,200903,3,23.817090999999998,25.0,0.0,0.0,25.0,200901,1000
climatology,LA-SL,200904,1,18.652562,19.0,0.0,0.0,19.0,200904,1000
climatology,LA-SL,200905,2,83.899938,122.0,0.0,0.0,122.0,200904,1000
climatology,LA-SL,200906,3,30.133145000000003,42.0,1.0,0.0,42.0,200904,1000
climatology,LA-SL,200907,1,148.17646399999998,163.0,0.0,0.0,164.0,200907,1000
climatology,LA-SL,200908,2,107.331804,125.0,0.0,0.0,127.0,200907,1000
climatology,LA-SL,200909,3,68.83130799999999,91.0,0.0,0.0,91.0,200907,1000
climatology,LA-SL,200910,1,76.984001,94.0,0.0,0.0,94.0,200910,1000
climatology,LA-SL,200911,2,38.830017000000005,44.0,0.0,0.0,44.0,200910,1000
climatology,LA-SL,200912,3,13.699703,17.0,0.0,0.0,17.0,200910,1000
climatology,LA-SV,200801,1,1.7800000000000002,0.5,1.0,1.0,1.0,200801,1000
climatology,LA-SV,200802,2,0.6200000000000001,0.5,1.0,1.0,1.0,200801,1000
climatology,LA-SV,200803,3,1.42,1.0,1.0,1.0,1.0,200801,1000
climatology,LA-SV,200804,1,6.08,7.0,0.0,0.0,0.0,200804,1000
climatology,LA-SV,200805,2,27.53,36.0,0.0,0.0,1.0,200804,1000
climatology,LA-SV,200806,3,67.57,70.5,1.0,0.0,10.0,200804,1000
climatology,LA-SV,200807,1,150.21999999999997,218.0,1.0,0.0,11.0,200807,1000
climatology,LA-SV,200808,2,140.25,205.0,1.0,0.0,4.0,200807,1000
climatology,LA-SV,200809,3,115.49,178.0,0.0,0.0,2.0,200807,1000
climatology,LA-SV,200810,1,53.19,81.0,1.0,0.0,10.0,200810,1000
climatology,LA-SV,200811,2,12.810000000000002,14.0,1.0,1.0,2.0,200810,1000
climatology,LA-SV,200812,3,8.030000000000001,4.5,1.0,1.0,0.0,200810,1000
climatology,LA-SV,200901,1,1.7460180000000003,1.0,1.0,1.0,0.0,200901,1000
climatology,LA-SV,200902,2,0.6034219999999999,1.0,1.0,1.0,0.0,200901,1000
climatology,LA-SV,200903,3,1.0848110000000002,0.0,1.0,1.0,0.0,200901,1000
climatology,LA-SV,200904,1,5.027028,6.0,1.0,0.0,0.0,200904,1000
climatology,LA-SV,200905,2,23.760858999999996,31.0,0.0,0.0,0.0,200904,1000
climatology,LA-SV,200906,3,63.428528,72.0,0.0,0.0,1.0,200904,1000
climatology,LA-SV,200907,1,123.24315000000001,212.0,1.0,1.0,13.0,200907,1000
climatology,LA-SV,200908,2,102.30625,137.0,1.0,1.0,34.0,200907,1000
climatology,LA-SV,200909,3,77.799763,132.0,1.0,1.0,48.0,200907,1000
climatology,LA-SV,200910,1,41.95170999999999,73.0,1.0,1.0,16.0,200910,1000
climatology,LA-SV,200911,2,12.497231,19.0,1.0,1.0,33.0,200910,1000
climatology,LA-SV,200912,3,6.103097000000002,0.0,1.0,1.0,4.0,200910,1000
climatology,LA-VT,200801,1,10.870000000000001,11.0,1.0,1.0,29.0,200801,1000
climatology,LA-VT,200802,2,9.379999999999999,14.5,0.0,0.0,12.0,200801,1000
climatology,LA-VT,200803,3,4.52,2.5,1.0,1.0,26.0,200801,1000
climatology,LA-VT,200804,1,36.69,50.0,0.0,0.0,4.0,200804,1000
climatology,LA-VT,200805,2,62.269999999999996,92.0,0.0,0.0,17.0,200804,1000
climatology,LA-VT,200806,3,83.00999999999999,93.0,0.0,0.0,60.0,200804,1000
climatology,LA-VT,200807,1,191.24999999999997,247.0,0.0,0.0,132.0,200807,1000
climatology,LA-VT,200808,2,165.85999999999999,220.0,0.0,0.0,144.0,200807,1000
climatology,LA-VT,200809,3,113.29999999999998,176.5,1.0,0.0,158.0,200807,1000
climatology,LA-VT,200810,1,129.48000000000002,243.5,0.0,0.0,95.0,200810,1000
climatology,LA-VT,200811,2,36.84,40.5,1.0,1.0,129.0,200810,1000
climatology,LA-VT,200812,3,17.979999999999997,8.0,1.0,1.0,91.0,200810,1000
climatology,LA-VT,200901,1,7.815081999999997,2.0,1.0,1.0,38.0,200901,1000
climatology,LA-VT,200902,2,3.934482,6.0,1.0,1.0,20.0,200901,1000
climatology,LA-VT,200903,3,7.282829999999999,9.0,1.0,0.0,19.0,200901,1000
climatology,LA-VT,200904,1,9.680054000000002,20.0,1.0,1.0,33.0,200904,1000
climatology,LA-VT,200905,2,27.720475,55.0,1.0,1.0,54.0,200904,1000
climatology,LA-VT,200906,3,38.075081999999995,45.0,1.0,0.0,104.0,200904,1000
climatology,LA-VT,200907,1,86.36204900000001,46.0,1.0,1.0,302.0,200907,1000
climatology,LA-VT,200908,2,101.89189400000001,104.0,1.0,1.0,356.0,200907,1000
climatology,LA-VT,200909,3,112.384425,153.0,1.0,1.0,470.0,200907,1000
climatology,LA-VT,200910,1,145.485435,277.0,0.0,0.0,527.0,200910,1000
climatology,LA-VT,200911,2,297.66520299999996,381.0,0.0,0.0,521.0,200910,1000
climatology,LA-VT,200912,3,224.551238,275.0,0.0,0.0,366.0,200910,1000
climatology,LA-XA,200801,1,0.17000000000000004,0.0,1.0,1.0,0.0,200801,1000
climatology,LA-XA,200802,2,0.9500000000000002,0.0,1.0,1.0,0.0,200801,1000
climatology,LA-XA,200803,3,0.7399999999999998,0.5,1.0,1.0,0.0,200801,1000
climatology,LA-XA,200804,1,3.460000000000001,2.5,0.0,0.0,0.0,200804,1000
climatology,LA-XA,200805,2,5.659999999999997,0.5,1.0,1.0,2.0,200804,1000
climatology,LA-XA,200806,3,14.030000000000001,1.5,1.0,1.0,6.0,200804,1000
climatology,LA-XA,200807,1,24.69,49.0,1.0,1.0,19.0,200807,1000
climatology,LA-XA,200808,2,9.729999999999997,8.0,1.0,1.0,7.0,200807,1000
climatology,LA-XA,200809,3,4.75,2.0,1.0,0.0,1.0,200807,1000
climatology,LA-XA,200810,1,1.5699999999999994,1.0,1.0,1.0,3.0,200810,1000
climatology,LA-XA,200811,2,1.83,1.5,1.0,0.0,2.0,200810,1000
climatology,LA-XA,200812,3,1.9600000000000009,1.0,1.0,1.0,1.0,200810,1000
climatology,LA-XA,200901,1,0.14077699999999993,0.0,1.0,1.0,0.0,200901,1000
climatology,LA-XA,200902,2,0.7866949999999999,0.0,1.0,1.0,0.0,200901,1000
climatology,LA-XA,200903,3,0.6127940000000001,0.0,1.0,1.0,0.0,200901,1000
climatology,LA-XA,200904,1,2.8624980000000004,2.0,1.0,0.0,0.0,200904,1000
climatology,LA-XA,200905,2,4.777046000000006,1.0,1.0,1.0,1.0,200904,1000
climatology,LA-XA,200906,3,13.430243,8.0,1.0,1.0,14.0,200904,1000
climatology,LA-XA,200907,1,22.570512,55.0,1.0,1.0,11.0,200907,1000
climatology,LA-XA,200908,2,13.305413000000001,30.0,1.0,1.0,37.0,200907,1000
climatology,LA-XA,200909,3,6.654747,8.0,1.0,1.0,11.0,200907,1000
climatology,LA-XA,200910,1,2.0250260000000004,3.0,1.0,1.0,5.0,200910,1000
climatology,LA-XA,200911,2,3.4219680000000006,4.0,1.0,0.0,5.0,200910,1000
climatology,LA-XA,200912,3,1.5319850000000006,0.0,1.0,1.0,0.0,200910,1000
climatology,LA-XE,200801,1,0.09,0.0,1.0,1.0,0.0,200801,1000
climatology,LA-XE,200802,2,0.12,0.0,1.0,1.0,0.0,200801,1000
climatology,LA-XE,200803,3,0.0,0.0,1.0,1.0,0.0,200801,1000
climatology,LA-XE,200804,1,0.024641999999999997,0.0,1.0,1.0,0.0,200804,1000
climatology,LA-XE,200805,2,0.08000000000000002,0.0,1.0,1.0,0.0,200804,1000
climatology,LA-XE,200806,3,3.15,4.5,0.0,0.0,5.0,200804,1000
climatology,LA-XE,200807,1,0.40000000000000013,0.0,1.0,1.0,0.0,200807,1000
climatology,LA-XE,200808,2,0.18999999999999995,0.0,1.0,1.0,0.0,200807,1000
climatology,LA-XE,200809,3,0.6699999999999999,1.0,1.0,1.0,1.0,200807,1000
climatology,LA-XE,200810,1,0.5599999999999998,0.5,1.0,1.0,0.0,200810,1000
climatology,LA-XE,200811,2,0.024641999999999997,0.0,1.0,1.0,0.0,200810,1000
climatology,LA-XE,200812,3,0.790321,1.0,1.0,0.0,1.0,200810,1000
climatology,LA-XE,200901,1,0.07452900000000001,0.0,1.0,1.0,0.0,200901,1000
climatology,LA-XE,200902,2,1.371372,2.0,1.0,0.0,2.0,200901,1000
climatology,LA-XE,200903,3,2.0,2.0,0.0,0.0,2.0,200901,1000
climatology,LA-XE,200904,1,0.8200000000000001,1.0,0.0,0.0,1.0,200904,1000
climatology,LA-XE,200905,2,1.3382479999999999,2.0,1.0,0.0,2.0,200904,1000
climatology,LA-XE,200906,3,6.6023309999999995,8.0,0.0,0.0,9.0,200904,1000
climatology,LA-XE,200907,1,26.419240000000002,29.0,0.0,0.0,29.0,200907,1000
climatology,LA-XE,200908,2,25.883339,27.0,0.0,0.0,27.0,200907,1000
climatology,LA-XE,200909,3,4.097554,6.0,0.0,0.0,6.0,200907,1000
climatology,LA-XE,200910,1,4.551736,7.0,0.0,0.0,7.0,200910,1000
climatology,LA-XE,200911,2,2.6199999999999997,3.0,0.0,0.0,3.0,200910,1000
climatology,LA-XE,200912,3,6.64,7.0,0.0,0.0,7.0,200910,1000
climatology,LA-XI,200801,1,0.0,0.0,1.0,1.0,0.0,200801,1000
climatology,LA-XI,200802,2,0.0,0.0,1.0,1.0,0.0,200801,1000
climatology,LA-XI,200803,3,0.0,0.0,1.0,1.0,0.0,200801,1000
climatology,LA-XI,200804,1,0.0,0.0,1.0,1.0,0.0,200804,1000
climatology,LA-XI,200805,2,0.0,0.0,1.0,1.0,0.0,200804,1000
climatology,LA-XI,200806,3,1.0,1.0,0.0,0.0,1.0,200804,1000
climatology,LA-XI,200807,1,0.0,0.0,1.0,1.0,0.0,200807,1000
climatology,LA-XI,200808,2,0.020000000000000018,0.0,1.0,1.0,0.0,200807,1000
climatology,LA-XI,200809,3,0.010000000000000009,0.0,1.0,1.0,0.0,200807,1000
climatology,LA-XI,200810,1,0.0,0.0,1.0,1.0,0.0,200810,1000
climatology,LA-XI,200811,2,0.010000000000000009,0.0,1.0,1.0,0.0,200810,1000
climatology,LA-XI,200812,3,0.0,0.0,1.0,1.0,0.0,200810,1000
climatology,LA-XI,200901,1,0.0,0.0,1.0,1.0,0.0,200901,1000
climatology,LA-XI,200902,2,0.0,0.0,1.0,1.0,0.0,200901,1000
climatology,LA-XI,200903,3,0.0,0.0,1.0,1.0,0.0,200901,1000
climatology,LA-XI,200904,1,0.0,0.0,1.0,1.0,0.0,200904,1000
climatology,LA-XI,200905,2,39.0,39.0,0.0,0.0,39.0,200904,1000
climatology,LA-XI,200906,3,32.826281,33.0,0.0,0.0,33.0,200904,1000
climatology,LA-XI,200907,1,1.0,1.0,0.0,0.0,1.0,200907,1000
climatology,LA-XI,200908,2,9.652562,10.0,0.0,0.0,10.0,200907,1000
climatology,LA-XI,200909,3,0.008280999999999997,0.0,1.0,1.0,0.0,200907,1000
climatology,LA-XI,200910,1,0.0,0.0,1.0,1.0,0.0,200910,1000
climatology,LA-XI,200911,2,0.008280999999999997,0.0,1.0,1.0,0.0,200910,1000
climatology,LA-XI,200912,3,0.0,0.0,1.0,1.0,0.0,200910,1000
ensemble,LA-AT,200801,1,3.225517,4.0,0.0,0.0,4.0,200801,1000
ensemble,LA-AT,200802,2,1.4862729999999997,2.0,1.0,0.0,2.0,200801,1000
ensemble,LA-AT,200803,3,0.06605399999999984,0.0,1.0,1.0,0.0,200801,1000
ensemble,LA-AT,200804,1,0.08219600000000016,0.0,1.0,1.0,0.0,200804,1000
ensemble,LA-AT,200805,2,3.0460139999999996,4.0,0.0,0.0,4.0,200804,1000
ensemble,LA-AT,200806,3,7.969327,10.0,0.0,0.0,10.0,200804,1000
ensemble,LA-AT,200807,1,2.5767469999999992,6.0,1.0,1.0,6.0,200807,1000
ensemble,LA-AT,200808,2,5.203348999999999,10.0,0.0,0.0,11.0,200807,1000
ensemble,LA-AT,200809,3,15.670126,23.0,0.0,0.0,24.0,200807,1000
ensemble,LA-AT,200810,1,32.592971,47.0,0.0,0.0,47.0,200810,1000
ensemble,LA-AT,200811,2,31.437155999999998,43.0,0.0,0.0,43.0,200810,1000
ensemble,LA-AT,200812,3,12.152605000000001,23.0,1.0,0.0,23.0,200810,1000
ensemble,LA-AT,200901,1,9.583275,18.0,1.0,1.0,18.0,200901,1000
ensemble,LA-AT,200902,2,35.121239,46.0,0.0,0.0,46.0,200901,1000
ensemble,LA-AT,200903,3,65.915879,77.0,0.0,0.0,77.0,200901,1000
ensemble,LA-AT,200904,1,64.181376,99.0,0.0,0.0,99.0,200904,1000
ensemble,LA-AT,200905,2,5.1229939999999985,0.0,1.0,1.0,0.0,200904,1000
ensemble,LA-AT,200906,3,14.232556999999998,23.0,1.0,1.0,24.0,200904,1000
ensemble,LA-AT,200907,1,50.721221,63.0,0.0,0.0,64.0,200907,1000
ensemble,LA-AT,200908,2,9.839303000000001,20.0,1.0,1.0,21.0,200907,1000
ensemble,LA-AT,200909,3,6.626277,15.5,1.0,1.0,17.0,200907,1000
ensemble,LA-AT,200910,1,3.0243160000000007,2.0,1.0,1.0,4.0,200910,1000
ensemble,LA-AT,200911,2,6.964463,16.0,1.0,1.0,16.0,200910,1000
ensemble,LA-AT,200912,3,3.3179760000000007,6.0,1.0,1.0,6.0,200910,1000
ensemble,LA-BK,200801,1,0.670793,1.0,1.0,0.0,1.0,200801,1000
ensemble,LA-BK,200802,2,0.05986999999999998,0.0,1.0,1.0,0.0,200801,1000
ensemble,LA-BK,200803,3,0.06587900000000002,0.0,1.0,1.0,0.0,200801,1000
ensemble,LA-BK,200804,1,0.07131700000000007,0.0,1.0,1.0,0.0,200804,1000
ensemble,LA-BK,200805,2,10.739969,12.0,0.0,0.0,12.0,200804,1000
ensemble,LA-BK,200806,3,51.257669,53.0,0.0,0.0,53.0,200804,1000
ensemble,LA-BK,200807,1,4.018262,1.0,1.0,1.0,2.0,200807,1000
ensemble,LA-BK,200808,2,6.234849999999998,8.0,1.0,1.0,9.0,200807,1000
ensemble,LA-BK,200809,3,16.724338,32.0,1.0,1.0,33.0,200807,1000
ensemble,LA-BK,200810,1,31.340422999999998,46.0,0.0,0.0,48.0,200810,1000
ensemble,LA-BK,200811,2,39.657118,55.0,0.0,0.0,55.0,200810,1000
ensemble,LA-BK,200812,3,4.118231,5.0,1.0,1.0,5.0,200810,1000
ensemble,LA-BK,200901,1,0.7112879999999999,1.0,1.0,1.0,1.0,200901,1000
ensemble,LA-BK,200902,2,0.5451110000000001,0.0,1.0,1.0,0.0,200901,1000
ensemble,LA-BK,200903,3,0.6927669999999999,1.0,1.0,1.0,1.0,200901,1000
ensemble,LA-BK,200904,1,2.017163,3.0,0.0,0.0,3.0,200904,1000
ensemble,LA-BK,200905,2,71.499601,74.0,0.0,0.0,74.0,200904,1000
ensemble,LA-BK,200906,3,207.017442,215.0,0.0,0.0,216.0,200904,1000
ensemble,LA-BK,200907,1,117.466376,210.0,1.0,0.0,212.0,200907,1000
ensemble,LA-BK,200908,2,65.501644,109.0,1.0,0.0,110.0,200907,1000
ensemble,LA-BK,200909,3,34.409786,50.0,1.0,1.0,52.0,200907,1000
ensemble,LA-BK,200910,1,14.878435999999999,29.0,1.0,1.0,31.0,200910,1000
ensemble,LA-BK,200911,2,6.172892000000001,5.0,1.0,1.0,5.0,200910,1000
ensemble,LA-BK,200912,3,4.725213999999999,4.0,1.0,1.0,4.0,200910,1000
ensemble,LA-BL,200801,1,4.766840999999999,8.0,1.0,0.0,10.0,200801,1000
ensemble,LA-BL,200802,2,2.98095,5.0,1.0,1.0,7.0,200801,1000
ensemble,LA-BL,200803,3,2.0064390000000003,2.0,1.0,1.0,1.0,200801,1000
ensemble,LA-BL,200804,1,2.321699999999999,1.0,1.0,1.0,3.0,200804,1000
ensemble,LA-BL,200805,2,6.098741999999998,6.0,1.0,1.0,15.0,200804,1000
ensemble,LA-BL,200806,3,7.949878000000002,1.0,1.0,1.0,19.0,200804,1000
ensemble,LA-BL,200807,1,10.944999,3.0,1.0,1.0,31.0,200807,1000
ensemble,LA-BL,200808,2,12.416137999999997,1.0,1.0,1.0,32.0,200807,1000
ensemble,LA-BL,200809,3,12.144116000000004,0.0,1.0,1.0,30.0,200807,1000
ensemble,LA-BL,200810,1,11.575130000000001,18.0,1.0,0.0,5.0,200810,1000
ensemble,LA-BL,200811,2,6.425819000000002,5.0,1.0,1.0,12.0,200810,1000
ensemble,LA-BL,200812,3,4.550018999999999,5.0,1.0,1.0,1.0,200810,1000
ensemble,LA-BL,200901,1,1.274158,0.0,1.0,1.0,2.0,200901,1000
ensemble,LA-BL,200902,2,1.4589320000000008,1.0,1.0,1.0,3.0,200901,1000
ensemble,LA-BL,200903,3,2.055922,2.0,1.0,1.0,0.0,200901,1000
ensemble,LA-BL,200904,1,2.116777999999999,1.0,1.0,1.0,2.0,200904,1000
ensemble,LA-BL,200905,2,7.483889000000001,9.0,1.0,0.0,0.0,200904,1000
ensemble,LA-BL,200906,3,8.556324,11.0,1.0,1.0,7.0,200904,1000
ensemble,LA-BL,200907,1,12.007196000000004,7.0,1.0,1.0,35.0,200907,1000
ensemble,LA-BL,200908,2,13.359362999999998,14.0,1.0,1.0,9.0,200907,1000
ensemble,LA-BL,200909,3,17.339071000000004,26.0,1.0,0.0,0.0,200907,1000
ensemble,LA-BL,200910,1,6.543002999999999,6.0,1.0,1.0,1.0,200910,1000
ensemble,LA-BL,200911,2,6.177269000000001,9.0,1.0,1.0,2.0,200910,1000
ensemble,LA-BL,200912,3,2.5144090000000006,1.0,1.0,1.0,1.0,200910,1000
ensemble,LA-CH,200801,1,31.684247000000003,61.0,1.0,0.0,73.0,200801,1000
ensemble,LA-CH,200802,2,45.296626,82.5,1.0,0.0,90.0,200801,1000
ensemble,LA-CH,200803,3,44.861433999999996,80.0,1.0,0.0,92.0,200801,1000
ensemble,LA-CH,200804,1,26.054474,50.0,1.0,1.0,69.0,200804,1000
ensemble,LA-CH,200805,2,38.338722000000004,60.0,1.0,0.0,113.0,200804,1000
ensemble,LA-CH,200806,3,133.960889,209.0,1.0,0.0,295.0,200804,1000
ensemble,LA-CH,200807,1,49.967195000000004,32.0,1.0,1.0,162.0,200807,1000
ensemble,LA-CH,200808,2,51.757486,5.0,1.0,1.0,143.0,200807,1000
ensemble,LA-CH,200809,3,54.53981200000001,47.0,1.0,1.0,185.0,200807,1000
ensemble,LA-CH,200810,1,36.80582899999999,46.0,1.0,1.0,140.0,200810,1000
ensemble,LA-CH,200811,2,35.70313,64.0,1.0,1.0,102.0,200810,1000
ensemble,LA-CH,200812,3,32.71563499999999,48.0,1.0,1.0,73.0,200810,1000
ensemble,LA-CH,200901,1,12.232305000000004,19.0,1.0,1.0,31.0,200901,1000
ensemble,LA-CH,200902,2,18.993280999999996,40.0,1.0,1.0,48.0,200901,1000
ensemble,LA-CH,200903,3,22.605439000000004,47.0,1.0,1.0,60.0,200901,1000
ensemble,LA-CH,200904,1,48.005702,79.0,0.0,0.0,102.0,200904,1000
ensemble,LA-CH,200905,2,20.630527999999998,17.0,1.0,1.0,66.0,200904,1000
ensemble,LA-CH,200906,3,41.171305000000004,64.0,1.0,1.0,124.0,200904,1000
ensemble,LA-CH,200907,1,33.369078,4.5,1.0,1.0,122.0,200907,1000
ensemble,LA-CH,200908,2,34.073954999999984,9.0,1.0,1.0,110.0,200907,1000
ensemble,LA-CH,200909,3,31.930408999999997,13.0,1.0,1.0,105.0,200907,1000
ensemble,LA-CH,200910,1,23.311681000000007,21.5,1.0,1.0,59.0,200910,1000
ensemble,LA-CH,200911,2,17.748786999999993,3.0,1.0,1.0,35.0,200910,1000
ensemble,LA-CH,200912,3,17.944096000000002,7.0,1.0,1.0,32.0,200910,1000
ensemble,LA-HO,200801,1,0.14944100000000005,0.0,1.0,1.0,0.0,200801,1000
ensemble,LA-HO,200802,2,0.14463700000000002,0.0,1.0,1.0,0.0,200801,1000
ensemble,LA-HO,200803,3,0.16233300000000006,0.0,1.0,1.0,0.0,200801,1000
ensemble,LA-HO,200804,1,0.04456400000000005,0.0,1.0,1.0,0.0,200804,1000
ensemble,LA-HO,200805,2,0.044691000000000036,0.0,1.0,1.0,0.0,200804,1000
ensemble,LA-HO,200806,3,0.08476899999999998,0.0,1.0,1.0,0.0,200804,1000
ensemble,LA-HO,200807,1,0.15013600000000005,0.0,1.0,1.0,0.0,200807,1000
ensemble,LA-HO,200808,2,0.09748800000000002,0.0,1.0,1.0,0.0,200807,1000
ensemble,LA-HO,200809,3,0.6445960000000001,1.0,1.0,0.0,1.0,200807,1000
ensemble,LA-HO,200810,1,0.21439200000000003,0.0,1.0,1.0,0.0,200810,1000
ensemble,LA-HO,200811,2,0.15047999999999995,0.0,1.0,1.0,0.0,200810,1000
ensemble,LA-HO,200812,3,0.40246099999999996,1.0,1.0,1.0,1.0,200810,1000
ensemble,LA-HO,200901,1,0.15275399999999995,0.0,1.0,1.0,0.0,200901,1000
ensemble,LA-HO,200902,2,0.15053300000000003,0.0,1.0,1.0,0.0,200901,1000
ensemble,LA-HO,200903,3,0.15964999999999996,0.0,1.0,1.0,0.0,200901,1000
ensemble,LA-HO,200904,1,0.05065700000000006,0.0,1.0,1.0,0.0,200904,1000
ensemble,LA-HO,200905,2,0.043769999999999976,0.0,1.0,1.0,0.0,200904,1000
ensemble,LA-HO,200906,3,0.08288400000000007,0.0,1.0,1.0,0.0,200904,1000
ensemble,LA-HO,200907,1,0.13242900000000002,0.0,1.0,1.0,0.0,200907,1000
ensemble,LA-HO,200908,2,0.08496400000000004,0.0,1.0,1.0,0.0,200907,1000
ensemble,LA-HO,200909,3,0.6263789999999999,1.0,1.0,1.0,1.0,200907,1000
ensemble,LA-HO,200910,1,0.38697100000000006,1.0,1.0,1.0,1.0,200910,1000
ensemble,LA-HO,200911,2,0.43002399999999996,1.0,1.0,1.0,1.0,200910,1000
ensemble,LA-HO,200912,3,0.36838499999999996,1.0,1.0,1.0,1.0,200910,1000
ensemble,LA-KH,200801,1,0.8014429999999999,0.0,1.0,1.0,0.0,200801,1000
ensemble,LA-KH,200802,2,0.6193270000000002,0.0,1.0,1.0,0.0,200801,1000
ensemble,LA-KH,200803,3,0.49747499999999967,0.0,1.0,1.0,0.0,200801,1000
ensemble,LA-KH,200804,1,0.5147839999999997,0.0,1.0,1.0,0.0,200804,1000
ensemble,LA-KH,200805,2,2.051685000000001,0.0,1.0,1.0,0.0,200804,1000
ensemble,LA-KH,200806,3,5.119012999999999,1.0,1.0,1.0,1.0,200804,1000
ensemble,LA-KH,200807,1,10.710085,1.0,1.0,1.0,3.0,200807,1000
ensemble,LA-KH,200808,2,11.451431,5.0,1.0,1.0,0.0,200807,1000
ensemble,LA-KH,200809,3,6.133212999999998,0.0,1.0,1.0,4.0,200807,1000
ensemble,LA-KH,200810,1,4.024996000000002,3.0,1.0,1.0,1.0,200810,1000
ensemble,LA-KH,200811,2,1.7499659999999988,1.0,1.0,1.0,3.0,200810,1000
ensemble,LA-KH,200812,3,2.4159629999999996,3.0,1.0,1.0,4.0,200810,1000
ensemble,LA-KH,200901,1,1.1202550000000002,0.0,1.0,1.0,0.0,200901,1000
ensemble,LA-KH,200902,2,0.8869980000000011,0.0,1.0,1.0,0.0,200901,1000
ensemble,LA-KH,200903,3,3.3185660000000006,6.0,1.0,0.0,6.0,200901,1000
ensemble,LA-KH,200904,1,1.127428,0.0,1.0,1.0,0.0,200904,1000
ensemble,LA-KH,200905,2,3.1350979999999993,3.0,1.0,1.0,6.0,200904,1000
ensemble,LA-KH,200906,3,47.95262600000001,74.0,1.0,0.0,80.0,200904,1000
ensemble,LA-KH,200907,1,82.82245599999999,131.0,1.0,0.0,155.0,200907,1000
ensemble,LA-KH,200908,2,202.271329,271.5,0.0,0.0,303.0,200907,1000
ensemble,LA-KH,200909,3,195.084341,263.0,0.0,0.0,277.0,200907,1000
ensemble,LA-KH,200910,1,43.23420099999999,68.5,1.0,1.0,85.0,200910,1000
ensemble,LA-KH,200911,2,39.65853799999999,57.0,1.0,1.0,61.0,200910,1000
ensemble,LA-KH,200912,3,40.90182500000001,64.0,1.0,1.0,67.0,200910,1000
ensemble,LA-LM,200801,1,0.03193400000000002,0.0,1.0,1.0,0.0,200801,1000
ensemble,LA-LM,200802,2,0.036775,0.0,1.0,1.0,0.0,200801,1000
ensemble,LA-LM,200803,3,0.065805,0.0,1.0,1.0,0.0,200801,1000
ensemble,LA-LM,200804,1,0.04227700000000001,0.0,1.0,1.0,0.0,200804,1000
ensemble,LA-LM,200805,2,0.04272599999999993,0.0,1.0,1.0,0.0,200804,1000
ensemble,LA-LM,200806,3,0.038639000000000034,0.0,1.0,1.0,0.0,200804,1000
ensemble,LA-LM,200807,1,0.08986899999999998,0.0,1.0,1.0,0.0,200807,1000
ensemble,LA-LM,200808,2,0.10874600000000001,0.0,1.0,1.0,0.0,200807,1000
ensemble,LA-LM,200809,3,0.1870799999999999,0.0,1.0,1.0,0.0,200807,1000
ensemble,LA-LM,200810,1,0.1361810000000001,0.0,1.0,1.0,0.0,200810,1000
ensemble,LA-LM,200811,2,0.0516120000000001,0.0,1.0,1.0,0.0,200810,1000
ensemble,LA-LM,200812,3,0.025164999999999993,0.0,1.0,1.0,0.0,200810,1000
ensemble,LA-LM,200901,1,0.03619300000000003,0.0,1.0,1.0,0.0,200901,1000
ensemble,LA-LM,200902,2,0.042242,0.0,1.0,1.0,0.0,200901,1000
ensemble,LA-LM,200903,3,0.05870200000000003,0.0,1.0,1.0,0.0,200901,1000
ensemble,LA-LM,200904,1,0.7334970000000001,1.0,1.0,0.0,1.0,200904,1000
ensemble,LA-LM,200905,2,0.036055000000000004,0.0,1.0,1.0,0.0,200904,1000
ensemble,LA-LM,200906,3,1.5697800000000002,2.0,0.0,0.0,2.0,200904,1000
ensemble,LA-LM,200907,1,0.4700850000000001,1.0,1.0,1.0,1.0,200907,1000
ensemble,LA-LM,200908,2,0.3245069999999999,0.0,1.0,1.0,0.0,200907,1000
ensemble,LA-LM,200909,3,2.5157749999999997,4.0,0.0,0.0,4.0,200907,1000
ensemble,LA-LM,200910,1,2.476273,5.0,0.0,0.0,5.0,200910,1000
ensemble,LA-LM,200911,2,3.5147999999999993,6.0,0.0,0.0,6.0,200910,1000
ensemble,LA-LM,200912,3,1.9489479999999997,4.0,1.0,1.0,4.0,200910,1000
ensemble,LA-LP,200801,1,1.0280950000000004,1.0,1.0,1.0,0.0,200801,1000
ensemble,LA-LP,200802,2,10.633351000000001,15.0,0.0,0.0,16.0,200801,1000
ensemble,LA-LP,200803,3,15.742244,21.0,0.0,0.0,22.0,200801,1000
ensemble,LA-LP,200804,1,19.875372000000002,31.0,0.0,0.0,33.0,200804,1000
ensemble,LA-LP,200805,2,95.072864,111.0,0.0,0.0,116.0,200804,1000
ensemble,LA-LP,200806,3,122.91270800000001,151.0,0.0,0.0,160.0,200804,1000
ensemble,LA-LP,200807,1,20.071771,15.0,1.0,1.0,16.0,200807,1000
ensemble,LA-LP,200808,2,22.181276999999994,17.0,1.0,1.0,13.0,200807,1000
ensemble,LA-LP,200809,3,18.295522999999996,12.0,1.0,1.0,14.0,200807,1000
ensemble,LA-LP,200810,1,12.391551999999999,19.0,1.0,0.0,33.0,200810,1000
ensemble,LA-LP,200811,2,92.14000300000001,107.0,0.0,0.0,116.0,200810,1000
ensemble,LA-LP,200812,3,138.141018,159.0,0.0,0.0,161.0,200810,1000
ensemble,LA-LP,200901,1,10.667493,1.0,1.0,1.0,0.0,200901,1000
ensemble,LA-LP,200902,2,10.966393999999994,2.0,1.0,1.0,0.0,200901,1000
ensemble,LA-LP,200903,3,10.96586,1.0,1.0,1.0,0.0,200901,1000
ensemble,LA-LP,200904,1,1.2945829999999994,1.0,1.0,1.0,0.0,200904,1000
ensemble,LA-LP,200905,2,2.3696319999999993,2.0,1.0,1.0,0.0,200904,1000
ensemble,LA-LP,200906,3,4.711196000000001,4.0,1.0,1.0,9.0,200904,1000
ensemble,LA-LP,200907,1,9.327501999999999,16.0,1.0,1.0,30.0,200907,1000
ensemble,LA-LP,200908,2,11.411461000000003,20.0,1.0,1.0,32.0,200907,1000
ensemble,LA-LP,200909,3,257.655828,299.0,0.0,0.0,313.0,200907,1000
ensemble,LA-LP,200910,1,81.258154,146.0,1.0,1.0,165.0,200910,1000
ensemble,LA-LP,200911,2,49.316396999999995,75.0,1.0,1.0,87.0,200910,1000
ensemble,LA-LP,200912,3,26.311487,5.0,1.0,1.0,0.0,200910,1000
ensemble,LA-OU,200801,1,0.042457999999999996,0.0,1.0,1.0,0.0,200801,1000
ensemble,LA-OU,200802,2,0.03506599999999993,0.0,1.0,1.0,0.0,200801,1000
ensemble,LA-OU,200803,3,0.03877699999999995,0.0,1.0,1.0,0.0,200801,1000
ensemble,LA-OU,200804,1,0.029819999999999958,0.0,1.0,1.0,0.0,200804,1000
ensemble,LA-OU,200805,2,0.046699999999999964,0.0,1.0,1.0,0.0,200804,1000
ensemble,LA-OU,200806,3,0.05753200000000003,0.0,1.0,1.0,0.0,200804,1000
ensemble,LA-OU,200807,1,0.088565,0.0,1.0,1.0,0.0,200807,1000
ensemble,LA-OU,200808,2,0.1337520000000001,0.0,1.0,1.0,0.0,200807,1000
ensemble,LA-OU,200809,3,0.10545299999999991,0.0,1.0,1.0,0.0,200807,1000
ensemble,LA-OU,200810,1,0.08542000000000005,0.0,1.0,1.0,0.0,200810,1000
ensemble,LA-OU,200811,2,0.04092899999999999,0.0,1.0,1.0,0.0,200810,1000
ensemble,LA-OU,200812,3,0.045597999999999916,0.0,1.0,1.0,0.0,200810,1000
ensemble,LA-OU,200901,1,0.04188700000000001,0.0,1.0,1.0,0.0,200901,1000
ensemble,LA-OU,200902,2,0.03147999999999995,0.0,1.0,1.0,0.0,200901,1000
ensemble,LA-OU,200903,3,0.04507900000000009,0.0,1.0,1.0,0.0,200901,1000
ensemble,LA-OU,200904,1,0.029681000000000013,0.0,1.0,1.0,0.0,200904,1000
ensemble,LA-OU,200905,2,0.05011500000000002,0.0,1.0,1.0,0.0,200904,1000
ensemble,LA-OU,200906,3,0.06211100000000003,0.0,1.0,1.0,0.0,200904,1000
ensemble,LA-OU,200907,1,0.08628000000000002,0.0,1.0,1.0,0.0,200907,1000
ensemble,LA-OU,200908,2,0.623039,1.0,1.0,0.0,1.0,200907,1000
ensemble,LA-OU,200909,3,13.698486,15.0,0.0,0.0,15.0,200907,1000
ensemble,LA-OU,200910,1,3.239264,6.0,1.0,1.0,6.0,200910,1000
ensemble,LA-OU,200911,2,6.561855,13.0,1.0,1.0,13.0,200910,1000
ensemble,LA-OU,200912,3,10.703618,18.0,0.0,0.0,18.0,200910,1000
ensemble,LA-PH,200901,1,0.02957999999999994,0.0,1.0,1.0,0.0,200901,1000
ensemble,LA-PH,200902,2,0.03493299999999999,0.0,1.0,1.0,0.0,200901,1000
ensemble,LA-PH,200903,3,0.034034999999999926,0.0,1.0,1.0,0.0,200901,1000
ensemble,LA-PH,200904,1,0.03992000000000007,0.0,1.0,1.0,0.0,200904,1000
ensemble,LA-PH,200905,2,0.038578,0.0,1.0,1.0,0.0,200904,1000
ensemble,LA-PH,200906,3,0.032579000000000025,0.0,1.0,1.0,0.0,200904,1000
ensemble,LA-PH,200907,1,0.040018999999999916,0.0,1.0,1.0,0.0,200907,1000
ensemble,LA-PH,200909,3,0.06322800000000006,0.0,1.0,1.0,0.0,200907,1000
ensemble,LA-PH,200910,1,0.03559000000000001,0.0,1.0,1.0,0.0,200910,1000
ensemble,LA-PH,200911,2,0.04357299999999997,0.0,1.0,1.0,0.0,200910,1000
ensemble,LA-PH,200912,3,0.03660999999999992,0.0,1.0,1.0,0.0,200910,1000
ensemble,LA-SL,200801,1,1.016521,0.0,1.0,1.0,0.0,200801,1000
ensemble,LA-SL,200802,2,0.9887270000000004,1.0,1.0,1.0,1.0,200801,1000
ensemble,LA-SL,200803,3,2.266135,5.0,1.0,1.0,5.0,200801,1000
ensemble,LA-SL,200804,1,1.069061,2.0,1.0,1.0,2.0,200804,1000
ensemble,LA-SL,200805,2,88.714161,104.0,0.0,0.0,105.0,200804,1000
ensemble,LA-SL,200806,3,206.202169,224.0,0.0,0.0,226.0,200804,1000
ensemble,LA-SL,200807,1,46.226358,74.0,1.0,1.0,78.0,200807,1000
ensemble,LA-SL,200808,2,37.707099,57.0,1.0,1.0,63.0,200807,1000
ensemble,LA-SL,200809,3,45.105380999999994,78.0,1.0,1.0,85.0,200807,1000
ensemble,LA-SL,200810,1,46.129228999999995,90.0,0.0,0.0,91.0,200810,1000
ensemble,LA-SL,200811,2,13.517989999999998,20.0,1.0,1.0,21.0,200810,1000
ensemble,LA-SL,200812,3,8.913645000000002,7.0,1.0,1.0,8.0,200810,1000
ensemble,LA-SL,200901,1,1.247814,0.0,1.0,1.0,1.0,200901,1000
ensemble,LA-SL,200902,2,18.225875000000002,24.0,0.0,0.0,24.0,200901,1000
ensemble,LA-SL,200903,3,18.762413000000002,25.0,0.0,0.0,25.0,200901,1000
ensemble,LA-SL,200904,1,9.380492,19.0,1.0,1.0,19.0,200904,1000
ensemble,LA-SL,200905,2,86.665402,120.0,0.0,0.0,122.0,200904,1000
ensemble,LA-SL,200906,3,21.392303000000002,39.0,1.0,0.0,42.0,200904,1000
ensemble,LA-SL,200907,1,116.412466,158.0,0.0,0.0,164.0,200907,1000
ensemble,LA-SL,200908,2,82.962815,120.0,0.0,0.0,127.0,200907,1000
ensemble,LA-SL,200909,3,51.484489999999994,83.0,0.0,0.0,91.0,200907,1000
ensemble,LA-SL,200910,1,38.701279,90.0,0.0,0.0,94.0,200910,1000
ensemble,LA-SL,200911,2,22.407386999999996,43.0,1.0,1.0,44.0,200910,1000
ensemble,LA-SL,200912,3,11.977619999999998,15.0,1.0,1.0,17.0,200910,1000
ensemble,LA-SV,200801,1,3.2214870000000033,1.0,1.0,1.0,1.0,200801,1000
ensemble,LA-SV,200802,2,1.661642999999998,0.0,1.0,1.0,1.0,200801,1000
ensemble,LA-SV,200803,3,2.722028999999999,0.0,1.0,1.0,1.0,200801,1000
ensemble,LA-SV,200804,1,4.714292,4.0,1.0,1.0,0.0,200804,1000
ensemble,LA-SV,200805,2,11.415935999999988,7.0,1.0,1.0,1.0,200804,1000
ensemble,LA-SV,200806,3,21.605666999999997,5.5,1.0,1.0,10.0,200804,1000
ensemble,LA-SV,200807,1,38.346367999999984,23.0,1.0,1.0,11.0,200807,1000
ensemble,LA-SV,200808,2,35.17479300000002,16.0,1.0,1.0,4.0,200807,1000
ensemble,LA-SV,200809,3,34.45524300000001,24.0,1.0,0.0,2.0,200807,1000
ensemble,LA-SV,200810,1,14.627112000000011,1.0,1.0,1.0,10.0,200810,1000
ensemble,LA-SV,200811,2,8.106223,6.0,1.0,1.0,2.0,200810,1000
ensemble,LA-SV,200812,3,5.298906000000002,2.0,1.0,1.0,0.0,200810,1000
ensemble,LA-SV,200901,1,2.4502970000000026,1.0,1.0,1.0,0.0,200901,1000
ensemble,LA-SV,200902,2,1.513493999999998,1.0,1.0,1.0,0.0,200901,1000
ensemble,LA-SV,200903,3,2.479723,1.0,1.0,1.0,0.0,200901,1000
ensemble,LA-SV,200904,1,3.5590009999999985,2.0,1.0,1.0,0.0,200904,1000
ensemble,LA-SV,200905,2,11.180144999999996,7.0,1.0,1.0,0.0,200904,1000
ensemble,LA-SV,200906,3,26.025758999999994,14.5,1.0,1.0,1.0,200904,1000
ensemble,LA-SV,200907,1,31.787266000000017,6.0,1.0,1.0,13.0,200907,1000
ensemble,LA-SV,200908,2,32.43115399999999,17.0,1.0,1.0,34.0,200907,1000
ensemble,LA-SV,200909,3,29.609505000000013,34.5,1.0,1.0,48.0,200907,1000
ensemble,LA-SV,200910,1,17.575285000000008,14.5,1.0,1.0,16.0,200910,1000
ensemble,LA-SV,200911,2,13.008840000000006,20.0,1.0,1.0,33.0,200910,1000
ensemble,LA-SV,200912,3,7.848163999999997,0.0,1.0,1.0,4.0,200910,1000
ensemble,LA-VT,200801,1,14.873890999999993,10.5,1.0,1.0,29.0,200801,1000
ensemble,LA-VT,200802,2,11.389699,12.0,1.0,1.0,12.0,200801,1000
ensemble,LA-VT,200803,3,10.683191,0.5,1.0,1.0,26.0,200801,1000
ensemble,LA-VT,200804,1,20.037103000000002,32.0,1.0,0.0,4.0,200804,1000
ensemble,LA-VT,200805,2,33.523771,57.0,1.0,1.0,17.0,200804,1000
ensemble,LA-VT,200806,3,55.97260499999999,73.0,1.0,1.0,60.0,200804,1000
ensemble,LA-VT,200807,1,79.738135,48.5,1.0,1.0,132.0,200807,1000
ensemble,LA-VT,200808,2,69.61056199999999,52.5,1.0,1.0,144.0,200807,1000
ensemble,LA-VT,200809,3,66.90507499999998,24.0,1.0,1.0,158.0,200807,1000
ensemble,LA-VT,200810,1,59.49786400000001,70.0,1.0,1.0,95.0,200810,1000
ensemble,LA-VT,200811,2,35.50348199999999,14.5,1.0,1.0,129.0,200810,1000
ensemble,LA-VT,200812,3,29.413312000000005,39.0,1.0,1.0,91.0,200810,1000
ensemble,LA-VT,200901,1,13.203159,2.0,1.0,1.0,38.0,200901,1000
ensemble,LA-VT,200902,2,8.842382,0.5,1.0,1.0,20.0,200901,1000
ensemble,LA-VT,200903,3,12.460343000000002,7.0,1.0,1.0,19.0,200901,1000
ensemble,LA-VT,200904,1,10.375383,4.0,1.0,1.0,33.0,200904,1000
ensemble,LA-VT,200905,2,26.507871999999992,20.0,1.0,1.0,54.0,200904,1000
ensemble,LA-VT,200906,3,45.20692500000001,24.0,1.0,1.0,104.0,200904,1000
ensemble,LA-VT,200907,1,93.585642,95.0,1.0,1.0,302.0,200907,1000
ensemble,LA-VT,200908,2,106.85218900000001,153.0,1.0,1.0,356.0,200907,1000
ensemble,LA-VT,200909,3,154.610076,270.0,1.0,0.0,470.0,200907,1000
ensemble,LA-VT,200910,1,130.977546,221.0,1.0,0.0,527.0,200910,1000
ensemble,LA-VT,200911,2,196.92624899999998,353.5,1.0,0.0,521.0,200910,1000
ensemble,LA-VT,200912,3,154.280885,284.0,1.0,0.0,366.0,200910,1000
ensemble,LA-XA,200801,1,0.7027719999999995,0.0,1.0,1.0,0.0,200801,1000
ensemble,LA-XA,200802,2,0.7329920000000003,0.0,1.0,1.0,0.0,200801,1000
ensemble,LA-XA,200803,3,0.9394870000000006,0.0,1.0,1.0,0.0,200801,1000
ensemble,LA-XA,200804,1,1.4063169999999996,1.0,1.0,1.0,0.0,200804,1000
ensemble,LA-XA,200805,2,2.2615750000000006,1.0,1.0,1.0,2.0,200804,1000
ensemble,LA-XA,200806,3,6.2866,4.0,1.0,1.0,6.0,200804,1000
ensemble,LA-XA,200807,1,12.061362000000003,12.0,1.0,1.0,19.0,200807,1000
ensemble,LA-XA,200808,2,6.451433999999999,0.0,1.0,1.0,7.0,200807,1000
ensemble,LA-XA,200809,3,5.755808999999999,4.0,1.0,1.0,1.0,200807,1000
ensemble,LA-XA,200810,1,2.6467419999999997,1.0,1.0,1.0,3.0,200810,1000
ensemble,LA-XA,200811,2,1.9840129999999991,1.0,1.0,1.0,2.0,200810,1000
ensemble,LA-XA,200812,3,1.5070580000000007,0.0,1.0,1.0,1.0,200810,1000
ensemble,LA-XA,200901,1,0.6410640000000001,0.0,1.0,1.0,0.0,200901,1000
ensemble,LA-XA,200902,2,0.6933039999999995,0.0,1.0,1.0,0.0,200901,1000
ensemble,LA-XA,200903,3,0.9049420000000001,0.0,1.0,1.0,0.0,200901,1000
ensemble,LA-XA,200904,1,1.474696999999999,1.0,1.0,1.0,0.0,200904,1000
ensemble,LA-XA,200905,2,3.5888859999999987,0.0,1.0,1.0,1.0,200904,1000
ensemble,LA-XA,200906,3,9.072325,11.0,1.0,1.0,14.0,200904,1000
ensemble,LA-XA,200907,1,9.879844000000006,3.0,1.0,1.0,11.0,200907,1000
ensemble,LA-XA,200908,2,15.159331000000002,24.0,1.0,0.0,37.0,200907,1000
ensemble,LA-XA,200909,3,6.557759999999998,3.0,1.0,1.0,11.0,200907,1000
ensemble,LA-XA,200910,1,3.1186039999999977,0.0,1.0,1.0,5.0,200910,1000
ensemble,LA-XA,200911,2,2.9042509999999986,2.0,1.0,1.0,5.0,200910,1000
ensemble,LA-XA,200912,3,2.463379999999999,1.0,1.0,1.0,0.0,200910,1000
ensemble,LA-XE,200801,1,0.190793,0.0,1.0,1.0,0.0,200801,1000
ensemble,LA-XE,200802,2,0.21504800000000013,0.0,1.0,1.0,0.0,200801,1000
ensemble,LA-XE,200803,3,0.16459600000000008,0.0,1.0,1.0,0.0,200801,1000
ensemble,LA-XE,200804,1,0.09261600000000003,0.0,1.0,1.0,0.0,200804,1000
ensemble,LA-XE,200805,2,0.13638700000000004,0.0,1.0,1.0,0.0,200804,1000
ensemble,LA-XE,200806,3,3.216944,5.0,1.0,0.0,5.0,200804,1000
ensemble,LA-XE,200807,1,0.9999260000000001,1.0,1.0,1.0,0.0,200807,1000
ensemble,LA-XE,200808,2,0.9443699999999999,1.0,1.0,1.0,0.0,200807,1000
ensemble,LA-XE,200809,3,0.861254,0.0,1.0,1.0,1.0,200807,1000
ensemble,LA-XE,200810,1,0.4599899999999999,1.0,1.0,1.0,0.0,200810,1000
ensemble,LA-XE,200811,2,0.218271,0.0,1.0,1.0,0.0,200810,1000
ensemble,LA-XE,200812,3,0.468159,1.0,1.0,1.0,1.0,200810,1000
ensemble,LA-XE,200901,1,0.20095400000000008,0.0,1.0,1.0,0.0,200901,1000
ensemble,LA-XE,200902,2,1.094671,2.0,1.0,0.0,2.0,200901,1000
ensemble,LA-XE,200903,3,1.209445,2.0,1.0,0.0,2.0,200901,1000
ensemble,LA-XE,200904,1,0.4981620000000001,1.0,1.0,1.0,1.0,200904,1000
ensemble,LA-XE,200905,2,0.7322719999999998,2.0,1.0,1.0,2.0,200904,1000
ensemble,LA-XE,200906,3,6.208856,8.0,0.0,0.0,9.0,200904,1000
ensemble,LA-XE,200907,1,22.680733,28.0,0.0,0.0,29.0,200907,1000
ensemble,LA-XE,200908,2,20.900331,26.0,0.0,0.0,27.0,200907,1000
ensemble,LA-XE,200909,3,2.3674910000000002,5.0,1.0,1.0,6.0,200907,1000
ensemble,LA-XE,200910,1,3.102744,6.0,1.0,0.0,7.0,200910,1000
ensemble,LA-XE,200911,2,1.3765,3.0,1.0,1.0,3.0,200910,1000
ensemble,LA-XE,200912,3,3.7217350000000002,7.0,0.0,0.0,7.0,200910,1000
ensemble,LA-XI,200801,1,0.03019700000000003,0.0,1.0,1.0,0.0,200801,1000
ensemble,LA-XI,200802,2,0.034845000000000015,0.0,1.0,1.0,0.0,200801,1000
ensemble,LA-XI,200803,3,0.02859299999999998,0.0,1.0,1.0,0.0,200801,1000
ensemble,LA-XI,200804,1,0.030642000000000058,0.0,1.0,1.0,0.0,200804,1000
ensemble,LA-XI,200805,2,0.03128399999999998,0.0,1.0,1.0,0.0,200804,1000
ensemble,LA-XI,200806,3,0.7786479999999999,1.0,1.0,0.0,1.0,200804,1000
ensemble,LA-XI,200807,1,0.16099399999999997,0.0,1.0,1.0,0.0,200807,1000
ensemble,LA-XI,200808,2,0.17237900000000006,0.0,1.0,1.0,0.0,200807,1000
ensemble,LA-XI,200809,3,0.185496,0.0,1.0,1.0,0.0,200807,1000
ensemble,LA-XI,200810,1,0.029557000000000055,0.0,1.0,1.0,0.0,200810,1000
ensemble,LA-XI,200811,2,0.036281999999999925,0.0,1.0,1.0,0.0,200810,1000
ensemble,LA-XI,200812,3,0.03253299999999992,0.0,1.0,1.0,0.0,200810,1000
ensemble,LA-XI,200901,1,0.04190000000000005,0.0,1.0,1.0,0.0,200901,1000
ensemble,LA-XI,200902,2,0.023600999999999983,0.0,1.0,1.0,0.0,200901,1000
ensemble,LA-XI,200903,3,0.029920999999999975,0.0,1.0,1.0,0.0,200901,1000
ensemble,LA-XI,200904,1,0.036621000000000015,0.0,1.0,1.0,0.0,200904,1000
ensemble,LA-XI,200905,2,37.840674,39.0,0.0,0.0,39.0,200904,1000
ensemble,LA-XI,200906,3,31.592831999999998,33.0,0.0,0.0,33.0,200904,1000
ensemble,LA-XI,200907,1,2.638720000000001,1.0,1.0,1.0,1.0,200907,1000
ensemble,LA-XI,200908,2,6.234446999999999,10.0,1.0,1.0,10.0,200907,1000
ensemble,LA-XI,200909,3,2.4301259999999996,0.0,1.0,1.0,0.0,200907,1000
ensemble,LA-XI,200910,1,0.02557699999999996,0.0,1.0,1.0,0.0,200910,1000
ensemble,LA-XI,200911,2,0.03703300000000004,0.0,1.0,1.0,0.0,200910,1000
ensemble,LA-XI,200912,3,0.03170200000000001,0.0,1.0,1.0,0.0,200910,1000
persistence,LA-AT,200801,1,3.4171139999999998,4.0,0.0,0.0,4.0,200801,1000
persistence,LA-AT,200802,2,1.554761,2.0,1.0,0.0,2.0,200801,1000
persistence,LA-AT,200803,3,0.07196899999999973,0.0,1.0,1.0,0.0,200801,1000
persistence,LA-AT,200804,1,0.04711399999999988,0.0,1.0,1.0,0.0,200804,1000
persistence,LA-AT,200805,2,3.342761,4.0,0.0,0.0,4.0,200804,1000
persistence,LA-AT,200806,3,8.929969,10.0,0.0,0.0,10.0,200804,1000
persistence,LA-AT,200807,1,3.450605,4.0,0.0,0.0,6.0,200807,1000
persistence,LA-AT,200808,2,0.8260830000000001,1.0,1.0,0.0,11.0,200807,1000
persistence,LA-AT,200809,3,12.807471999999999,14.0,0.0,0.0,24.0,200807,1000
persistence,LA-AT,200810,1,21.839211000000002,23.0,0.0,0.0,47.0,200810,1000
persistence,LA-AT,200811,2,17.716617,19.0,0.0,0.0,43.0,200810,1000
persistence,LA-AT,200812,3,0.8262919999999996,1.0,1.0,0.0,23.0,200810,1000
persistence,LA-AT,200901,1,4.403041999999999,5.0,0.0,0.0,18.0,200901,1000
persistence,LA-AT,200902,2,21.580327999999998,23.0,0.0,0.0,46.0,200901,1000
persistence,LA-AT,200903,3,51.660003,54.0,0.0,0.0,77.0,200901,1000
persistence,LA-AT,200904,1,20.870388000000002,22.0,0.0,0.0,99.0,200904,1000
persistence,LA-AT,200905,2,74.407714,77.0,0.0,0.0,0.0,200904,1000
persistence,LA-AT,200906,3,50.686121,53.0,0.0,0.0,24.0,200904,1000
persistence,LA-AT,200907,1,38.397211,40.0,0.0,0.0,64.0,200907,1000
persistence,LA-AT,200908,2,2.492617,3.0,0.0,0.0,21.0,200907,1000
persistence,LA-AT,200909,3,6.1402920000000005,7.0,0.0,0.0,17.0,200907,1000
persistence,LA-AT,200910,1,12.098028,13.0,0.0,0.0,4.0,200910,1000
persistence,LA-AT,200911,2,0.8285939999999998,1.0,1.0,0.0,16.0,200910,1000
persistence,LA-AT,200912,3,9.930269000000001,11.0,0.0,0.0,6.0,200910,1000
persistence,LA-BK,200801,1,0.702799,1.0,1.0,0.0,1.0,200801,1000
persistence,LA-BK,200802,2,0.044157999999999975,0.0,1.0,1.0,0.0,200801,1000
persistence,LA-BK,200803,3,0.04958000000000001,0.0,1.0,1.0,0.0,200801,1000
persistence,LA-BK,200804,1,0.03879899999999997,0.0,1.0,1.0,0.0,200804,1000
persistence,LA-BK,200805,2,11.132158,12.0,0.0,0.0,12.0,200804,1000
persistence,LA-BK,200806,3,51.985580000000006,53.0,0.0,0.0,53.0,200804,1000
persistence,LA-BK,200807,1,50.223598,51.0,0.0,0.0,2.0,200807,1000
persistence,LA-BK,200808,2,43.128316,44.0,0.0,0.0,9.0,200807,1000
persistence,LA-BK,200809,3,19.03516,20.0,0.0,0.0,33.0,200807,1000
persistence,LA-BK,200810,1,14.223597999999999,15.0,0.0,0.0,48.0,200810,1000
persistence,LA-BK,200811,2,21.128316,22.0,0.0,0.0,55.0,200810,1000
persistence,LA-BK,200812,3,27.03516,28.0,0.0,0.0,5.0,200810,1000
persistence,LA-BK,200901,1,3.438492,4.0,0.0,0.0,1.0,200901,1000
persistence,LA-BK,200902,2,4.3407670000000005,5.0,0.0,0.0,0.0,200901,1000
persistence,LA-BK,200903,3,3.355307,4.0,0.0,0.0,1.0,200901,1000
persistence,LA-BK,200904,1,1.589023,2.0,0.0,0.0,3.0,200904,1000
persistence,LA-BK,200905,2,72.11584199999999,73.0,0.0,0.0,74.0,200904,1000
persistence,LA-BK,200906,3,214.01943599999998,215.0,0.0,0.0,216.0,200904,1000
persistence,LA-BK,200907,1,3.439598,4.0,0.0,0.0,212.0,200907,1000
persistence,LA-BK,200908,2,105.128316,106.0,0.0,0.0,110.0,200907,1000
persistence,LA-BK,200909,3,163.03516,164.0,0.0,0.0,52.0,200907,1000
persistence,LA-BK,200910,1,20.223598,21.0,0.0,0.0,31.0,200910,1000
persistence,LA-BK,200911,2,46.128316,47.0,0.0,0.0,5.0,200910,1000
persistence,LA-BK,200912,3,47.03516,48.0,0.0,0.0,4.0,200910,1000
persistence,LA-BL,200801,1,5.383502,9.0,1.0,1.0,10.0,200801,1000
persistence,LA-BL,200802,2,4.609445999999998,6.0,1.0,1.0,7.0,200801,1000
persistence,LA-BL,200803,3,4.952254,0.0,1.0,1.0,1.0,200801,1000
persistence,LA-BL,200804,1,2.695502000000001,2.0,1.0,1.0,3.0,200804,1000
persistence,LA-BL,200805,2,7.897445999999999,14.0,1.0,1.0,15.0,200804,1000
persistence,LA-BL,200806,3,9.692254000000002,18.0,1.0,1.0,19.0,200804,1000
persistence,LA-BL,200807,1,8.23891,12.0,1.0,0.0,31.0,200807,1000
persistence,LA-BL,200808,2,9.221346999999998,13.0,1.0,1.0,32.0,200807,1000
persistence,LA-BL,200809,3,9.298677000000001,11.0,1.0,1.0,30.0,200807,1000
persistence,LA-BL,200810,1,16.470322000000003,25.0,1.0,0.0,5.0,200810,1000
persistence,LA-BL,200811,2,12.262498,18.0,1.0,0.0,12.0,200810,1000
persistence,LA-BL,200812,3,17.99097,29.0,1.0,0.0,1.0,200810,1000
persistence,LA-BL,200901,1,2.511502,1.0,1.0,1.0,2.0,200901,1000
persistence,LA-BL,200902,2,3.6934460000000016,2.0,1.0,1.0,3.0,200901,1000
persistence,LA-BL,200903,3,4.9942540000000015,1.0,1.0,1.0,0.0,200901,1000
persistence,LA-BL,200904,1,2.5010209999999997,2.0,1.0,1.0,2.0,200904,1000
persistence,LA-BL,200905,2,3.323820999999999,0.0,1.0,1.0,0.0,200904,1000
persistence,LA-BL,200906,3,5.582812999999998,7.0,1.0,1.0,7.0,200904,1000
persistence,LA-BL,200907,1,17.514046,28.0,1.0,0.0,35.0,200907,1000
persistence,LA-BL,200908,2,4.609358000000002,2.0,1.0,1.0,9.0,200907,1000
persistence,LA-BL,200909,3,6.933896999999998,7.0,1.0,1.0,0.0,200907,1000
persistence,LA-BL,200910,1,2.3170210000000004,1.0,1.0,1.0,1.0,200910,1000
persistence,LA-BL,200911,2,3.4678210000000007,2.0,1.0,1.0,2.0,200910,1000
persistence,LA-BL,200912,3,4.764813,1.0,1.0,1.0,1.0,200910,1000
persistence,LA-CH,200801,1,9.094472000000003,9.0,1.0,1.0,73.0,200801,1000
persistence,LA-CH,200802,2,19.277769,26.0,1.0,0.0,90.0,200801,1000
persistence,LA-CH,200803,3,22.452036999999997,28.0,1.0,1.0,92.0,200801,1000
persistence,LA-CH,200804,1,16.585575000000002,23.0,1.0,0.0,69.0,200804,1000
persistence,LA-CH,200805,2,17.207692,21.0,1.0,1.0,113.0,200804,1000
persistence,LA-CH,200806,3,145.733314,203.0,0.0,0.0,295.0,200804,1000
persistence,LA-CH,200807,1,103.949944,133.0,0.0,0.0,162.0,200807,1000
persistence,LA-CH,200808,2,112.64280199999999,152.0,0.0,0.0,143.0,200807,1000
persistence,LA-CH,200809,3,73.553239,110.0,1.0,0.0,185.0,200807,1000
persistence,LA-CH,200810,1,31.000921000000005,45.0,1.0,0.0,140.0,200810,1000
persistence,LA-CH,200811,2,58.287541,83.0,1.0,0.0,102.0,200810,1000
persistence,LA-CH,200812,3,74.65110700000001,112.0,1.0,0.0,73.0,200810,1000
persistence,LA-CH,200901,1,28.518953000000003,42.0,1.0,0.0,31.0,200901,1000
persistence,LA-CH,200902,2,18.940767,25.0,1.0,0.0,48.0,200901,1000
persistence,LA-CH,200903,3,16.500345000000003,13.0,1.0,1.0,60.0,200901,1000
persistence,LA-CH,200904,1,28.357395999999998,42.0,1.0,0.0,102.0,200904,1000
persistence,LA-CH,200905,2,10.360133000000005,6.0,1.0,1.0,66.0,200904,1000
persistence,LA-CH,200906,3,41.64690100000001,64.0,1.0,0.0,124.0,200904,1000
persistence,LA-CH,200907,1,7.347732000000001,2.0,1.0,1.0,122.0,200907,1000
persistence,LA-CH,200908,2,14.241996999999998,14.0,1.0,1.0,110.0,200907,1000
persistence,LA-CH,200909,3,20.237555999999998,19.0,1.0,1.0,105.0,200907,1000
persistence,LA-CH,200910,1,31.559768,46.0,1.0,0.0,59.0,200910,1000
persistence,LA-CH,200911,2,48.322561,70.0,1.0,0.0,35.0,200910,1000
persistence,LA-CH,200912,3,48.408425,73.0,1.0,0.0,32.0,200910,1000
persistence,LA-HO,200801,1,0.8303219999999999,1.0,0.0,0.0,0.0,200801,1000
persistence,LA-HO,200802,2,0.8292019999999999,1.0,0.0,0.0,0.0,200801,1000
persistence,LA-HO,200803,3,0.820377,1.0,1.0,0.0,0.0,200801,1000
persistence,LA-HO,200804,1,0.014912999999999982,0.0,1.0,1.0,0.0,200804,1000
persistence,LA-HO,200805,2,0.013793,0.0,1.0,1.0,0.0,200804,1000
persistence,LA-HO,200806,3,0.015768000000000004,0.0,1.0,1.0,0.0,200804,1000
persistence,LA-HO,200807,1,0.014912999999999982,0.0,1.0,1.0,0.0,200807,1000
persistence,LA-HO,200808,2,0.013793,0.0,1.0,1.0,0.0,200807,1000
persistence,LA-HO,200809,3,0.809768,1.0,1.0,0.0,1.0,200807,1000
persistence,LA-HO,200810,1,0.8303219999999999,1.0,0.0,0.0,0.0,200810,1000
persistence,LA-HO,200811,2,0.8292019999999999,1.0,0.0,0.0,0.0,200810,1000
persistence,LA-HO,200812,3,0.026376999999999984,0.0,1.0,1.0,1.0,200810,1000
persistence,LA-HO,200901,1,0.8303219999999999,1.0,0.0,0.0,0.0,200901,1000
persistence,LA-HO,200902,2,0.8292019999999999,1.0,0.0,0.0,0.0,200901,1000
persistence,LA-HO,200903,3,0.820377,1.0,1.0,0.0,0.0,200901,1000
persistence,LA-HO,200904,1,0.014912999999999982,0.0,1.0,1.0,0.0,200904,1000
persistence,LA-HO,200905,2,0.013793,0.0,1.0,1.0,0.0,200904,1000
persistence,LA-HO,200906,3,0.015768000000000004,0.0,1.0,1.0,0.0,200904,1000
persistence,LA-HO,200907,1,0.014912999999999982,0.0,1.0,1.0,0.0,200907,1000
persistence,LA-HO,200908,2,0.013793,0.0,1.0,1.0,0.0,200907,1000
persistence,LA-HO,200909,3,0.809768,1.0,1.0,0.0,1.0,200907,1000
persistence,LA-HO,200910,1,0.02432200000000001,0.0,1.0,1.0,1.0,200910,1000
persistence,LA-HO,200911,2,0.023202,0.0,1.0,1.0,1.0,200910,1000
persistence,LA-HO,200912,3,0.026376999999999984,0.0,1.0,1.0,1.0,200910,1000
persistence,LA-KH,200801,1,1.3149230000000003,0.0,1.0,1.0,0.0,200801,1000
persistence,LA-KH,200802,2,2.0702239999999996,0.0,1.0,1.0,0.0,200801,1000
persistence,LA-KH,200803,3,2.6522299999999994,0.0,1.0,1.0,0.0,200801,1000
persistence,LA-KH,200804,1,1.3149230000000003,0.0,1.0,1.0,0.0,200804,1000
persistence,LA-KH,200805,2,2.0702239999999996,0.0,1.0,1.0,0.0,200804,1000
persistence,LA-KH,200806,3,3.0462299999999978,1.0,1.0,1.0,1.0,200804,1000
persistence,LA-KH,200807,1,2.403284000000001,2.0,1.0,0.0,3.0,200807,1000
persistence,LA-KH,200808,2,2.5886239999999994,1.0,1.0,1.0,0.0,200807,1000
persistence,LA-KH,200809,3,4.036038999999999,3.0,1.0,1.0,4.0,200807,1000
persistence,LA-KH,200810,1,3.125885000000002,3.0,1.0,0.0,1.0,200810,1000
persistence,LA-KH,200811,2,2.7576459999999976,1.0,1.0,1.0,3.0,200810,1000
persistence,LA-KH,200812,3,2.9661490000000015,0.0,1.0,1.0,4.0,200810,1000
persistence,LA-KH,200901,1,3.7138849999999994,4.0,1.0,0.0,0.0,200901,1000
persistence,LA-KH,200902,2,4.333645999999998,4.0,1.0,0.0,0.0,200901,1000
persistence,LA-KH,200903,3,3.7961489999999998,2.0,1.0,1.0,6.0,200901,1000
persistence,LA-KH,200904,1,4.995498000000001,6.0,1.0,0.0,0.0,200904,1000
persistence,LA-KH,200905,2,2.422528,0.0,1.0,1.0,6.0,200904,1000
persistence,LA-KH,200906,3,54.16718900000001,74.0,0.0,0.0,80.0,200904,1000
persistence,LA-KH,200907,1,60.490204000000006,75.0,0.0,0.0,155.0,200907,1000
persistence,LA-KH,200908,2,191.18032499999998,223.0,0.0,0.0,303.0,200907,1000
persistence,LA-KH,200909,3,163.22992399999998,197.0,0.0,0.0,277.0,200907,1000
persistence,LA-KH,200910,1,169.74701399999998,192.0,0.0,0.0,85.0,200910,1000
persistence,LA-KH,200911,2,185.115734,216.0,0.0,0.0,61.0,200910,1000
persistence,LA-KH,200912,3,175.88018300000002,210.0,0.0,0.0,67.0,200910,1000
persistence,LA-LM,200801,1,0.006301999999999974,0.0,1.0,1.0,0.0,200801,1000
persistence,LA-LM,200802,2,0.007978000000000013,0.0,1.0,1.0,0.0,200801,1000
persistence,LA-LM,200803,3,0.008063000000000015,0.0,1.0,1.0,0.0,200801,1000
persistence,LA-LM,200804,1,0.006301999999999974,0.0,1.0,1.0,0.0,200804,1000
persistence,LA-LM,200805,2,0.007978000000000013,0.0,1.0,1.0,0.0,200804,1000
persistence,LA-LM,200806,3,0.008063000000000015,0.0,1.0,1.0,0.0,200804,1000
persistence,LA-LM,200807,1,0.006301999999999974,0.0,1.0,1.0,0.0,200807,1000
persistence,LA-LM,200808,2,0.007978000000000013,0.0,1.0,1.0,0.0,200807,1000
persistence,LA-LM,200809,3,0.008063000000000015,0.0,1.0,1.0,0.0,200807,1000
persistence,LA-LM,200810,1,0.006301999999999974,0.0,1.0,1.0,0.0,200810,1000
persistence,LA-LM,200811,2,0.007978000000000013,0.0,1.0,1.0,0.0,200810,1000
persistence,LA-LM,200812,3,0.008063000000000015,0.0,1.0,1.0,0.0,200810,1000
persistence,LA-LM,200901,1,0.006301999999999974,0.0,1.0,1.0,0.0,200901,1000
persistence,LA-LM,200902,2,0.007978000000000013,0.0,1.0,1.0,0.0,200901,1000
persistence,LA-LM,200903,3,0.008063000000000015,0.0,1.0,1.0,0.0,200901,1000
persistence,LA-LM,200904,1,0.880302,1.0,0.0,0.0,1.0,200904,1000
persistence,LA-LM,200905,2,0.007978000000000013,0.0,1.0,1.0,0.0,200904,1000
persistence,LA-LM,200906,3,1.770063,2.0,0.0,0.0,2.0,200904,1000
persistence,LA-LM,200907,1,0.886035,1.0,0.0,0.0,1.0,200907,1000
persistence,LA-LM,200908,2,1.7772029999999999,2.0,0.0,0.0,0.0,200907,1000
persistence,LA-LM,200909,3,1.777288,2.0,0.0,0.0,4.0,200907,1000
persistence,LA-LM,200910,1,0.8865399999999999,1.0,0.0,0.0,5.0,200910,1000
persistence,LA-LM,200911,2,1.7778919999999998,2.0,0.0,0.0,6.0,200910,1000
persistence,LA-LM,200912,3,0.01604500000000003,0.0,1.0,1.0,4.0,200910,1000
persistence,LA-LP,200801,1,3.4616930000000004,5.0,1.0,1.0,0.0,200801,1000
persistence,LA-LP,200802,2,6.91244,11.0,1.0,0.0,16.0,200801,1000
persistence,LA-LP,200803,3,10.133757000000001,17.0,1.0,0.0,22.0,200801,1000
persistence,LA-LP,200804,1,7.5871960000000005,11.0,1.0,0.0,33.0,200804,1000
persistence,LA-LP,200805,2,77.70587800000001,94.0,0.0,0.0,116.0,200804,1000
persistence,LA-LP,200806,3,116.670978,138.0,0.0,0.0,160.0,200804,1000
persistence,LA-LP,200807,1,129.93954599999998,144.0,0.0,0.0,16.0,200807,1000
persistence,LA-LP,200808,2,128.21567000000002,147.0,0.0,0.0,13.0,200807,1000
persistence,LA-LP,200809,3,124.816253,146.0,0.0,0.0,14.0,200807,1000
persistence,LA-LP,200810,1,13.347094,19.0,1.0,0.0,33.0,200810,1000
persistence,LA-LP,200811,2,84.94253,102.0,0.0,0.0,116.0,200810,1000
persistence,LA-LP,200812,3,124.888534,147.0,0.0,0.0,161.0,200810,1000
persistence,LA-LP,200901,1,146.497715,161.0,0.0,0.0,0.0,200901,1000
persistence,LA-LP,200902,2,141.643959,161.0,0.0,0.0,0.0,200901,1000
persistence,LA-LP,200903,3,139.126542,161.0,0.0,0.0,0.0,200901,1000
persistence,LA-LP,200904,1,1.1242739999999998,0.0,1.0,1.0,0.0,200904,1000
persistence,LA-LP,200905,2,1.7111450000000001,0.0,1.0,1.0,0.0,200904,1000
persistence,LA-LP,200906,3,5.2004459999999995,9.0,1.0,1.0,9.0,200904,1000
persistence,LA-LP,200907,1,14.802083,21.0,1.0,0.0,30.0,200907,1000
persistence,LA-LP,200908,2,15.036038999999999,23.0,1.0,0.0,32.0,200907,1000
persistence,LA-LP,200909,3,278.002476,304.0,0.0,0.0,313.0,200907,1000
persistence,LA-LP,200910,1,133.848548,148.0,0.0,0.0,165.0,200910,1000
persistence,LA-LP,200911,2,204.57629,226.0,0.0,0.0,87.0,200910,1000
persistence,LA-LP,200912,3,288.208892,313.0,0.0,0.0,0.0,200910,1000
persistence,LA-OU,200801,1,0.006034999999999999,0.0,1.0,1.0,0.0,200801,1000
persistence,LA-OU,200802,2,0.004123000000000002,0.0,1.0,1.0,0.0,200801,1000
persistence,LA-OU,200803,3,0.00800999999999999,0.0,1.0,1.0,0.0,200801,1000
persistence,LA-OU,200804,1,0.006034999999999999,0.0,1.0,1.0,0.0,200804,1000
persistence,LA-OU,200805,2,0.004123000000000002,0.0,1.0,1.0,0.0,200804,1000
persistence,LA-OU,200806,3,0.00800999999999999,0.0,1.0,1.0,0.0,200804,1000
persistence,LA-OU,200807,1,0.006034999999999999,0.0,1.0,1.0,0.0,200807,1000
persistence,LA-OU,200808,2,0.004123000000000002,0.0,1.0,1.0,0.0,200807,1000
persistence,LA-OU,200809,3,0.00800999999999999,0.0,1.0,1.0,0.0,200807,1000
persistence,LA-OU,200810,1,0.006034999999999999,0.0,1.0,1.0,0.0,200810,1000
persistence,LA-OU,200811,2,0.004123000000000002,0.0,1.0,1.0,0.0,200810,1000
persistence,LA-OU,200812,3,0.00800999999999999,0.0,1.0,1.0,0.0,200810,1000
persistence,LA-OU,200901,1,0.006034999999999999,0.0,1.0,1.0,0.0,200901,1000
persistence,LA-OU,200902,2,0.004123000000000002,0.0,1.0,1.0,0.0,200901,1000
persistence,LA-OU,200903,3,0.00800999999999999,0.0,1.0,1.0,0.0,200901,1000
persistence,LA-OU,200904,1,0.006034999999999999,0.0,1.0,1.0,0.0,200904,1000
persistence,LA-OU,200905,2,0.004123000000000002,0.0,1.0,1.0,0.0,200904,1000
persistence,LA-OU,200906,3,0.00800999999999999,0.0,1.0,1.0,0.0,200904,1000
persistence,LA-OU,200907,1,0.006034999999999999,0.0,1.0,1.0,0.0,200907,1000
persistence,LA-OU,200908,2,0.886123,1.0,0.0,0.0,1.0,200907,1000
persistence,LA-OU,200909,3,14.716009999999999,15.0,0.0,0.0,15.0,200907,1000
persistence,LA-OU,200910,1,8.76207,9.0,0.0,0.0,6.0,200910,1000
persistence,LA-OU,200911,2,1.8482459999999998,2.0,0.0,0.0,13.0,200910,1000
persistence,LA-OU,200912,3,2.7500199999999997,3.0,0.0,0.0,18.0,200910,1000
persistence,LA-PH,200901,1,0.0002559999999999993,0.0,1.0,1.0,0.0,200901,1000
persistence,LA-PH,200902,2,0.0002559999999999993,0.0,1.0,1.0,0.0,200901,1000
persistence,LA-PH,200903,3,0.0003239999999999979,0.0,1.0,1.0,0.0,200901,1000
persistence,LA-PH,200904,1,0.0002559999999999993,0.0,1.0,1.0,0.0,200904,1000
persistence,LA-PH,200905,2,0.0002559999999999993,0.0,1.0,1.0,0.0,200904,1000
persistence,LA-PH,200906,3,0.0003239999999999979,0.0,1.0,1.0,0.0,200904,1000
persistence,LA-PH,200907,1,0.0002559999999999993,0.0,1.0,1.0,0.0,200907,1000
persistence,LA-PH,200909,3,0.0003239999999999979,0.0,1.0,1.0,0.0,200907,1000
persistence,LA-PH,200910,1,0.0002559999999999993,0.0,1.0,1.0,0.0,200910,1000
persistence,LA-PH,200911,2,0.0002559999999999993,0.0,1.0,1.0,0.0,200910,1000
persistence,LA-PH,200912,3,0.0003239999999999979,0.0,1.0,1.0,0.0,200910,1000
persistence,LA-SL,200801,1,5.888300000000001,7.0,0.0,0.0,0.0,200801,1000
persistence,LA-SL,200802,2,4.932642,6.0,0.0,0.0,1.0,200801,1000
persistence,LA-SL,200803,3,1.538814,2.0,1.0,0.0,5.0,200801,1000
persistence,LA-SL,200804,1,2.4083299999999994,3.0,0.0,0.0,2.0,200804,1000
persistence,LA-SL,200805,2,94.77106500000001,100.0,0.0,0.0,105.0,200804,1000
persistence,LA-SL,200806,3,215.529118,221.0,0.0,0.0,226.0,200804,1000
persistence,LA-SL,200807,1,144.638988,148.0,0.0,0.0,78.0,200807,1000
persistence,LA-SL,200808,2,157.654794,163.0,0.0,0.0,63.0,200807,1000
persistence,LA-SL,200809,3,135.591742,141.0,0.0,0.0,85.0,200807,1000
persistence,LA-SL,200810,1,5.024252000000001,6.0,0.0,0.0,91.0,200810,1000
persistence,LA-SL,200811,2,59.913664,64.0,0.0,0.0,21.0,200810,1000
persistence,LA-SL,200812,3,72.336984,77.0,0.0,0.0,8.0,200810,1000
persistence,LA-SL,200901,1,5.890064000000001,7.0,0.0,0.0,1.0,200901,1000
persistence,LA-SL,200902,2,14.107242999999999,16.0,0.0,0.0,24.0,200901,1000
persistence,LA-SL,200903,3,14.945415000000002,17.0,0.0,0.0,25.0,200901,1000
persistence,LA-SL,200904,1,5.018927,6.0,0.0,0.0,19.0,200904,1000
persistence,LA-SL,200905,2,91.851327,97.0,0.0,0.0,122.0,200904,1000
persistence,LA-SL,200906,3,14.970665,17.0,0.0,0.0,42.0,200904,1000
persistence,LA-SL,200907,1,118.6355,122.0,0.0,0.0,164.0,200907,1000
persistence,LA-SL,200908,2,80.18723700000001,85.0,0.0,0.0,127.0,200907,1000
persistence,LA-SL,200909,3,45.277277,49.0,0.0,0.0,91.0,200907,1000
persistence,LA-SL,200910,1,2.4346360000000002,3.0,0.0,0.0,94.0,200910,1000
persistence,LA-SL,200911,2,43.493157999999994,47.0,0.0,0.0,44.0,200910,1000
persistence,LA-SL,200912,3,69.439998,74.0,0.0,0.0,17.0,200910,1000
persistence,LA-SV,200801,1,4.8442229999999995,1.0,1.0,1.0,1.0,200801,1000
persistence,LA-SV,200802,2,8.673057,1.0,1.0,1.0,1.0,200801,1000
persistence,LA-SV,200803,3,12.976106999999999,1.0,1.0,1.0,1.0,200801,1000
persistence,LA-SV,200804,1,5.031711999999999,1.0,1.0,1.0,0.0,200804,1000
persistence,LA-SV,200805,2,8.798821000000004,0.0,1.0,1.0,1.0,200804,1000
persistence,LA-SV,200806,3,14.938783,9.0,1.0,1.0,10.0,200804,1000
persistence,LA-SV,200807,1,5.993041000000005,1.0,1.0,1.0,11.0,200807,1000
persistence,LA-SV,200808,2,11.269002999999998,6.0,1.0,1.0,4.0,200807,1000
persistence,LA-SV,200809,3,16.011347999999998,8.0,1.0,1.0,2.0,200807,1000
persistence,LA-SV,200810,1,7.473481,8.0,1.0,1.0,10.0,200810,1000
persistence,LA-SV,200811,2,8.967742000000001,0.0,1.0,1.0,2.0,200810,1000
persistence,LA-SV,200812,3,13.509918999999996,2.0,1.0,1.0,0.0,200810,1000
persistence,LA-SV,200901,1,4.710222999999999,0.0,1.0,1.0,0.0,200901,1000
persistence,LA-SV,200902,2,8.589056999999997,0.0,1.0,1.0,0.0,200901,1000
persistence,LA-SV,200903,3,12.924106999999992,0.0,1.0,1.0,0.0,200901,1000
persistence,LA-SV,200904,1,4.710222999999999,0.0,1.0,1.0,0.0,200904,1000
persistence,LA-SV,200905,2,8.589056999999997,0.0,1.0,1.0,0.0,200904,1000
persistence,LA-SV,200906,3,12.976106999999999,1.0,1.0,1.0,1.0,200904,1000
persistence,LA-SV,200907,1,9.081712000000003,12.0,1.0,1.0,13.0,200907,1000
persistence,LA-SV,200908,2,21.414821000000003,33.0,1.0,1.0,34.0,200907,1000
persistence,LA-SV,200909,3,29.858783000000003,47.0,1.0,1.0,48.0,200907,1000
persistence,LA-SV,200910,1,22.608721999999993,32.0,1.0,0.0,16.0,200910,1000
persistence,LA-SV,200911,2,17.216891000000004,15.0,1.0,1.0,33.0,200910,1000
persistence,LA-SV,200912,3,33.27619299999999,44.0,1.0,1.0,4.0,200910,1000
persistence,LA-VT,200801,1,43.562509000000006,69.0,1.0,0.0,29.0,200801,1000
persistence,LA-VT,200802,2,53.531439000000006,86.0,1.0,1.0,12.0,200801,1000
persistence,LA-VT,200803,3,53.29954199999999,72.0,1.0,1.0,26.0,200801,1000
persistence,LA-VT,200804,1,17.354836999999996,22.0,1.0,1.0,4.0,200804,1000
persistence,LA-VT,200805,2,23.829443999999995,9.0,1.0,1.0,17.0,200804,1000
persistence,LA-VT,200806,3,34.40855599999999,34.0,1.0,1.0,60.0,200804,1000
persistence,LA-VT,200807,1,44.285050999999996,72.0,1.0,0.0,132.0,200807,1000
persistence,LA-VT,200808,2,49.550028999999995,84.0,1.0,1.0,144.0,200807,1000
persistence,LA-VT,200809,3,57.28912399999999,98.0,1.0,1.0,158.0,200807,1000
persistence,LA-VT,200810,1,40.699749000000004,63.0,1.0,0.0,95.0,200810,1000
persistence,LA-VT,200811,2,36.577602999999996,29.0,1.0,1.0,129.0,200810,1000
persistence,LA-VT,200812,3,56.08934400000001,67.0,1.0,1.0,91.0,200810,1000
persistence,LA-VT,200901,1,33.955966000000004,53.0,1.0,0.0,38.0,200901,1000
persistence,LA-VT,200902,2,46.578158000000016,71.0,1.0,1.0,20.0,200901,1000
persistence,LA-VT,200903,3,52.60918800000002,72.0,1.0,1.0,19.0,200901,1000
persistence,LA-VT,200904,1,14.502862999999998,14.0,1.0,1.0,33.0,200904,1000
persistence,LA-VT,200905,2,26.674568000000008,35.0,1.0,1.0,54.0,200904,1000
persistence,LA-VT,200906,3,45.832223,85.0,1.0,1.0,104.0,200904,1000
persistence,LA-VT,200907,1,142.69739800000002,198.0,0.0,0.0,302.0,200907,1000
persistence,LA-VT,200908,2,166.135237,252.0,0.0,0.0,356.0,200907,1000
persistence,LA-VT,200909,3,238.83145099999996,366.0,0.0,0.0,470.0,200907,1000
persistence,LA-VT,200910,1,37.81561000000001,57.0,1.0,0.0,527.0,200910,1000
persistence,LA-VT,200911,2,44.86481699999999,51.0,1.0,1.0,521.0,200910,1000
persistence,LA-VT,200912,3,73.67705999999998,104.0,1.0,1.0,366.0,200910,1000
persistence,LA-XA,200801,1,1.370140000000001,1.0,1.0,1.0,0.0,200801,1000
persistence,LA-XA,200802,2,1.726794,1.0,1.0,1.0,0.0,200801,1000
persistence,LA-XA,200803,3,2.4291660000000004,1.0,1.0,1.0,0.0,200801,1000
persistence,LA-XA,200804,1,0.9566909999999993,0.0,1.0,1.0,0.0,200804,1000
persistence,LA-XA,200805,2,2.003665,2.0,1.0,1.0,2.0,200804,1000
persistence,LA-XA,200806,3,4.741557,6.0,1.0,0.0,6.0,200804,1000
persistence,LA-XA,200807,1,9.660272,13.0,1.0,0.0,19.0,200807,1000
persistence,LA-XA,200808,2,1.9991069999999986,1.0,1.0,1.0,7.0,200807,1000
persistence,LA-XA,200809,3,4.655937,5.0,1.0,0.0,1.0,200807,1000
persistence,LA-XA,200810,1,1.8581400000000006,2.0,1.0,1.0,3.0,200810,1000
persistence,LA-XA,200811,2,1.726794,1.0,1.0,1.0,2.0,200810,1000
persistence,LA-XA,200812,3,2.223166000000001,0.0,1.0,1.0,1.0,200810,1000
persistence,LA-XA,200901,1,1.370140000000001,1.0,1.0,1.0,0.0,200901,1000
persistence,LA-XA,200902,2,1.726794,1.0,1.0,1.0,0.0,200901,1000
persistence,LA-XA,200903,3,2.4291660000000004,1.0,1.0,1.0,0.0,200901,1000
persistence,LA-XA,200904,1,0.9566909999999993,0.0,1.0,1.0,0.0,200904,1000
persistence,LA-XA,200905,2,1.5876649999999994,1.0,1.0,1.0,1.0,200904,1000
persistence,LA-XA,200906,3,9.675557000000001,14.0,1.0,0.0,14.0,200904,1000
persistence,LA-XA,200907,1,2.7803690000000003,3.0,1.0,0.0,11.0,200907,1000
persistence,LA-XA,200908,2,17.094084000000002,23.0,1.0,0.0,37.0,200907,1000
persistence,LA-XA,200909,3,3.863987999999999,3.0,1.0,1.0,11.0,200907,1000
persistence,LA-XA,200910,1,4.720613,6.0,1.0,0.0,5.0,200910,1000
persistence,LA-XA,200911,2,4.825930999999999,6.0,1.0,0.0,5.0,200910,1000
persistence,LA-XA,200912,3,8.469738999999999,11.0,1.0,0.0,0.0,200910,1000
persistence,LA-XE,200801,1,0.6979409999999999,1.0,1.0,0.0,0.0,200801,1000
persistence,LA-XE,200802,2,0.6954600000000001,1.0,1.0,0.0,0.0,200801,1000
persistence,LA-XE,200803,3,0.6880539999999999,1.0,1.0,0.0,0.0,200801,1000
persistence,LA-XE,200804,1,0.06750500000000004,0.0,1.0,1.0,0.0,200804,1000
persistence,LA-XE,200805,2,0.07135999999999998,0.0,1.0,1.0,0.0,200804,1000
persistence,LA-XE,200806,3,4.053398,5.0,0.0,0.0,5.0,200804,1000
persistence,LA-XE,200807,1,4.160576,5.0,0.0,0.0,0.0,200807,1000
persistence,LA-XE,200808,2,4.131926999999999,5.0,0.0,0.0,0.0,200807,1000
persistence,LA-XE,200809,3,3.2153919999999996,4.0,0.0,0.0,1.0,200807,1000
persistence,LA-XE,200810,1,0.6979409999999999,1.0,1.0,0.0,0.0,200810,1000
persistence,LA-XE,200811,2,0.6954600000000001,1.0,1.0,0.0,0.0,200810,1000
persistence,LA-XE,200812,3,0.120054,0.0,1.0,1.0,1.0,200810,1000
persistence,LA-XE,200901,1,0.6979409999999999,1.0,1.0,0.0,0.0,200901,1000
persistence,LA-XE,200902,2,0.6954600000000001,1.0,1.0,0.0,2.0,200901,1000
persistence,LA-XE,200903,3,0.6880539999999999,1.0,1.0,0.0,2.0,200901,1000
persistence,LA-XE,200904,1,0.71307,1.0,1.0,0.0,1.0,200904,1000
persistence,LA-XE,200905,2,0.13210100000000002,0.0,1.0,1.0,2.0,200904,1000
persistence,LA-XE,200906,3,6.022938,7.0,0.0,0.0,9.0,200904,1000
persistence,LA-XE,200907,1,19.060946,20.0,0.0,0.0,29.0,200907,1000
persistence,LA-XE,200908,2,16.974494,18.0,0.0,0.0,27.0,200907,1000
persistence,LA-XE,200909,3,2.3166710000000004,3.0,0.0,0.0,6.0,200907,1000
persistence,LA-XE,200910,1,0.722745,1.0,1.0,0.0,7.0,200910,1000
persistence,LA-XE,200911,2,2.3122510000000003,3.0,0.0,0.0,3.0,200910,1000
persistence,LA-XE,200912,3,0.713921,1.0,1.0,0.0,7.0,200910,1000
persistence,LA-XI,200801,1,0.0006890000000000021,0.0,1.0,1.0,0.0,200801,1000
persistence,LA-XI,200802,2,0.0006890000000000021,0.0,1.0,1.0,0.0,200801,1000
persistence,LA-XI,200803,3,0.0007570000000000007,0.0,1.0,1.0,0.0,200801,1000
persistence,LA-XI,200804,1,0.0006890000000000021,0.0,1.0,1.0,0.0,200804,1000
persistence,LA-XI,200805,2,0.0006890000000000021,0.0,1.0,1.0,0.0,200804,1000
persistence,LA-XI,200806,3,0.948757,1.0,0.0,0.0,1.0,200804,1000
persistence,LA-XI,200807,1,0.951314,1.0,0.0,0.0,0.0,200807,1000
persistence,LA-XI,200808,2,0.951314,1.0,0.0,0.0,0.0,200807,1000
persistence,LA-XI,200809,3,0.9494329999999999,1.0,0.0,0.0,0.0,200807,1000
persistence,LA-XI,200810,1,0.0006890000000000021,0.0,1.0,1.0,0.0,200810,1000
persistence,LA-XI,200811,2,0.0006890000000000021,0.0,1.0,1.0,0.0,200810,1000
persistence,LA-XI,200812,3,0.0007570000000000007,0.0,1.0,1.0,0.0,200810,1000
persistence,LA-XI,200901,1,0.0006890000000000021,0.0,1.0,1.0,0.0,200901,1000
persistence,LA-XI,200902,2,0.0006890000000000021,0.0,1.0,1.0,0.0,200901,1000
persistence,LA-XI,200903,3,0.0007570000000000007,0.0,1.0,1.0,0.0,200901,1000
persistence,LA-XI,200904,1,0.0006890000000000021,0.0,1.0,1.0,0.0,200904,1000
persistence,LA-XI,200905,2,38.934689,39.0,0.0,0.0,39.0,200904,1000
persistence,LA-XI,200906,3,32.93075700000001,33.0,0.0,0.0,33.0,200904,1000
persistence,LA-XI,200907,1,31.935378,32.0,0.0,0.0,1.0,200907,1000
persistence,LA-XI,200908,2,22.935378,23.0,0.0,0.0,10.0,200907,1000
persistence,LA-XI,200909,3,32.931514,33.0,0.0,0.0,0.0,200907,1000
persistence,LA-XI,200910,1,0.0006890000000000021,0.0,1.0,1.0,0.0,200910,1000
persistence,LA-XI,200911,2,0.0006890000000000021,0.0,1.0,1.0,0.0,200910,1000
persistence,LA-XI,200912,3,0.0007570000000000007,0.0,1.0,1.0,0.0,200910,1000
reference,LA-AT,200801,1,2.9347684999999997,4.0,0.0,0.0,4.0,200801,4000
reference,LA-AT,200802,2,1.394455,2.0,0.25,0.0,2.0,200801,4000
reference,LA-AT,200803,3,0.044017749999999994,0.0,1.0,1.0,0.0,200801,4000
reference,LA-AT,200804,1,0.44288800000000006,1.0,1.0,1.0,0.0,200804,4000
reference,LA-AT,200805,2,1.75695425,3.0,1.0,0.0,4.0,200804,4000
reference,LA-AT,200806,3,4.6092699999999995,8.0,1.0,0.0,10.0,200804,4000
reference,LA-AT,200807,1,2.673133,1.75,1.0,0.75,6.0,200807,4000
reference,LA-AT,200808,2,3.3460039999999998,6.0,1.0,0.5,11.0,200807,4000
reference,LA-AT,200809,3,12.304123,18.25,0.75,0.0,24.0,200807,4000
reference,LA-AT,200810,1,34.905043500000005,43.25,0.0,0.0,47.0,200810,4000
reference,LA-AT,200811,2,35.78506125,41.0,0.0,0.0,43.0,200810,4000
reference,LA-AT,200812,3,18.31770075,21.5,0.0,0.0,23.0,200810,4000
reference,LA-AT,200901,1,7.446718000000001,13.0,1.0,0.0,18.0,200901,4000
reference,LA-AT,200902,2,35.1525495,43.0,0.0,0.0,46.0,200901,4000
reference,LA-AT,200903,3,55.564603,70.25,0.0,0.0,77.0,200901,4000
reference,LA-AT,200904,1,37.6926535,66.125,1.0,0.0,99.0,200904,4000
reference,LA-AT,200905,2,90.9298155,117.0,0.0,0.0,0.0,200904,4000
reference,LA-AT,200906,3,75.4049635,98.375,1.0,0.0,24.0,200904,4000
reference,LA-AT,200907,1,98.491889,125.0,1.0,0.75,64.0,200907,4000
reference,LA-AT,200908,2,116.36145775000003,150.625,1.0,0.0,21.0,200907,4000
reference,LA-AT,200909,3,226.77535675000001,301.875,0.0,0.0,17.0,200907,4000
reference,LA-AT,200910,1,39.65243725,49.875,0.0,0.0,4.0,200910,4000
reference,LA-AT,200911,2,27.674624,33.25,1.0,0.75,16.0,200910,4000
reference,LA-AT,200912,3,31.945734249999997,39.625,1.0,0.0,6.0,200910,4000
reference,LA-BK,200801,1,0.9443079999999999,1.0,0.0,0.0,1.0,200801,4000
reference,LA-BK,200802,2,9.17499999999996e-05,0.0,1.0,1.0,0.0,200801,4000
reference,LA-BK,200803,3,2.200000000000021e-05,0.0,1.0,1.0,0.0,200801,4000
reference,LA-BK,200804,1,0.029769749999999998,0.0,1.0,1.0,0.0,200804,4000
reference,LA-BK,200805,2,10.89922575,12.0,0.0,0.0,12.0,200804,4000
reference,LA-BK,200806,3,51.47099525,53.0,0.0,0.0,53.0,200804,4000
reference,LA-BK,200807,1,14.621297249999998,19.25,0.75,0.0,2.0,200807,4000
reference,LA-BK,200808,2,18.76498775,22.625,1.0,0.0,9.0,200807,4000
reference,LA-BK,200809,3,56.22478099999999,60.75,0.75,0.5,33.0,200807,4000
reference,LA-BK,200810,1,31.152412,26.5,1.0,1.0,48.0,200810,4000
reference,LA-BK,200811,2,44.1022915,51.75,0.0,0.0,55.0,200810,4000
reference,LA-BK,200812,3,2.2035312499999997,3.5,0.75,0.75,5.0,200810,4000
reference,LA-BK,200901,1,0.44779475,0.0,1.0,1.0,1.0,200901,4000
reference,LA-BK,200902,2,0.3681,0.5,1.0,1.0,0.0,200901,4000
reference,LA-BK,200903,3,0.6910594999999999,0.0,1.0,1.0,1.0,200901,4000
reference,LA-BK,200904,1,1.5514999999999999,0.25,1.0,1.0,3.0,200904,4000
reference,LA-BK,200905,2,43.718208000000004,63.375,0.0,0.0,74.0,200904,4000
reference,LA-BK,200906,3,129.8302205,183.75,0.0,0.0,216.0,200904,4000
reference,LA-BK,200907,1,91.408612,156.375,1.0,0.0,212.0,200907,4000
reference,LA-BK,200908,2,32.7315285,55.625,1.0,1.0,110.0,200907,4000
reference,LA-BK,200909,3,18.912876500000003,3.0,1.0,1.0,52.0,200907,4000
reference,LA-BK,200910,1,28.418731249999997,32.75,1.0,1.0,31.0,200910,4000
reference,LA-BK,200911,2,16.491068000000002,22.75,1.0,0.0,5.0,200910,4000
reference,LA-BK,200912,3,6.89437725,9.0,1.0,1.0,4.0,200910,4000
reference,LA-BL,200801,1,5.4928115,8.5,0.0,0.0,10.0,200801,4000
reference,LA-BL,200802,2,6.08178675,7.0,0.0,0.0,7.0,200801,4000
reference,LA-BL,200803,3,0.41511325,1.0,1.0,1.0,1.0,200801,4000
reference,LA-BL,200804,1,3.1703755,2.75,1.0,1.0,3.0,200804,4000
reference,LA-BL,200805,2,4.85717875,7.5,1.0,1.0,15.0,200804,4000
reference,LA-BL,200806,3,7.3834029999999995,1.25,1.0,1.0,19.0,200804,4000
reference,LA-BL,200807,1,15.10290475,12.5,1.0,0.75,31.0,200807,4000
reference,LA-BL,200808,2,17.743416500000002,17.125,1.0,0.75,32.0,200807,4000
reference,LA-BL,200809,3,15.57523125,14.5,1.0,0.75,30.0,200807,4000
reference,LA-BL,200810,1,8.49865475,11.125,1.0,0.5,5.0,200810,4000
reference,LA-BL,200811,2,4.782741250000001,5.0,1.0,0.75,12.0,200810,4000
reference,LA-BL,200812,3,1.3148065,1.75,1.0,1.0,1.0,200810,4000
reference,LA-BL,200901,1,0.70158375,1.0,1.0,1.0,2.0,200901,4000
reference,LA-BL,200902,2,1.462911,2.25,1.0,0.0,3.0,200901,4000
reference,LA-BL,200903,3,1.3100915,2.0,1.0,1.0,0.0,200901,4000
reference,LA-BL,200904,1,0.76194575,0.75,1.0,1.0,2.0,200904,4000
reference,LA-BL,200905,2,3.3651035,4.25,1.0,0.0,0.0,200904,4000
reference,LA-BL,200906,3,3.7965139999999997,1.5,1.0,1.0,7.0,200904,4000
reference,LA-BL,200907,1,13.3729125,23.75,1.0,0.0,35.0,200907,4000
reference,LA-BL,200908,2,4.893267,2.5,1.0,1.0,9.0,200907,4000
reference,LA-BL,200909,3,9.19180475,12.0,0.25,0.0,0.0,200907,4000
reference,LA-BL,200910,1,4.1365355,5.5,1.0,0.0,1.0,200910,4000
reference,LA-BL,200911,2,1.2182197500000003,1.0,1.0,1.0,2.0,200910,4000
reference,LA-BL,200912,3,0.45563600000000004,0.0,1.0,1.0,1.0,200910,4000
reference,LA-CH,200801,1,29.93297075,52.5,1.0,0.0,73.0,200801,4000
reference,LA-CH,200802,2,51.745649,76.0,0.0,0.0,90.0,200801,4000
reference,LA-CH,200803,3,58.52065325,80.5,0.0,0.0,92.0,200801,4000
reference,LA-CH,200804,1,24.717212749999998,12.0,1.0,1.0,69.0,200804,4000
reference,LA-CH,200805,2,39.48167675,25.875,1.0,1.0,113.0,200804,4000
reference,LA-CH,200806,3,106.57303175,41.75,1.0,1.0,295.0,200804,4000
reference,LA-CH,200807,1,111.2770265,128.375,1.0,0.75,162.0,200807,4000
reference,LA-CH,200808,2,82.72937725,79.25,0.75,0.75,143.0,200807,4000
reference,LA-CH,200809,3,91.492313,61.25,0.75,0.75,185.0,200807,4000
reference,LA-CH,200810,1,51.09668950000001,67.625,1.0,0.75,140.0,200810,4000
reference,LA-CH,200811,2,40.678098750000004,61.5,0.75,0.75,102.0,200810,4000
reference,LA-CH,200812,3,28.477948750000003,46.75,0.75,0.5,73.0,200810,4000
reference,LA-CH,200901,1,9.724537750000001,11.25,1.0,1.0,31.0,200901,4000
reference,LA-CH,200902,2,22.75298875,37.75,1.0,0.0,48.0,200901,4000
reference,LA-CH,200903,3,19.87361175,35.25,1.0,0.5,60.0,200901,4000
reference,LA-CH,200904,1,34.2270925,60.875,1.0,0.25,102.0,200904,4000
reference,LA-CH,200905,2,100.49252725,119.375,1.0,0.5,66.0,200904,4000
reference,LA-CH,200906,3,108.87899825000001,105.75,1.0,1.0,124.0,200904,4000
reference,LA-CH,200907,1,124.78932899999998,148.0,1.0,1.0,122.0,200907,4000
reference,LA-CH,200908,2,78.4898135,75.75,1.0,1.0,110.0,200907,4000
reference,LA-CH,200909,3,101.05913799999999,118.75,1.0,1.0,105.0,200907,4000
reference,LA-CH,200910,1,23.89917825,4.75,1.0,1.0,59.0,200910,4000
reference,LA-CH,200911,2,31.20185275,32.625,1.0,1.0,35.0,200910,4000
reference,LA-CH,200912,3,22.48396375,17.375,1.0,1.0,32.0,200910,4000
reference,LA-HO,200801,1,0.003331749999999998,0.0,1.0,1.0,0.0,200801,4000
reference,LA-HO,200802,2,0.0009507500000000002,0.0,1.0,1.0,0.0,200801,4000
reference,LA-HO,200803,3,0.008982499999999994,0.0,1.0,1.0,0.0,200801,4000
reference,LA-HO,200804,1,0.06915775000000003,0.0,1.0,1.0,0.0,200804,4000
reference,LA-HO,200805,2,0.03467149999999998,0.0,1.0,1.0,0.0,200804,4000
reference,LA-HO,200806,3,0.05638625000000003,0.0,1.0,1.0,0.0,200804,4000
reference,LA-HO,200807,1,0.39865099999999987,0.5,1.0,0.75,0.0,200807,4000
reference,LA-HO,200808,2,0.46071875,0.75,0.75,0.75,0.0,200807,4000
reference,LA-HO,200809,3,0.8478812500000001,1.25,1.0,0.0,1.0,200807,4000
reference,LA-HO,200810,1,0.08989100000000001,0.0,1.0,1.0,0.0,200810,4000
reference,LA-HO,200811,2,0.020373250000000016,0.0,1.0,1.0,0.0,200810,4000
reference,LA-HO,200812,3,0.847448,1.0,0.25,0.0,1.0,200810,4000
reference,LA-HO,200901,1,0.015399749999999997,0.0,1.0,1.0,0.0,200901,4000
reference,LA-HO,200902,2,0.034572000000000006,0.0,1.0,1.0,0.0,200901,4000
reference,LA-HO,200903,3,0.022444249999999992,0.0,1.0,1.0,0.0,200901,4000
reference,LA-HO,200904,1,0.0051972500000000005,0.0,1.0,1.0,0.0,200904,4000
reference,LA-HO,200905,2,0.017670999999999992,0.0,1.0,1.0,0.0,200904,4000
reference,LA-HO,200906,3,0.05482050000000001,0.0,1.0,1.0,0.0,200904,4000
reference,LA-HO,200907,1,0.03007725,0.0,1.0,1.0,0.0,200907,4000
reference,LA-HO,200908,2,0.052576999999999985,0.0,1.0,1.0,0.0,200907,4000
reference,LA-HO,200909,3,0.6569427500000001,1.0,1.0,0.0,1.0,200907,4000
reference,LA-HO,200910,1,0.6589035000000001,1.0,1.0,0.0,1.0,200910,4000
reference,LA-HO,200911,2,0.84473425,1.0,0.0,0.0,1.0,200910,4000
reference,LA-HO,200912,3,0.91067275,1.0,0.0,0.0,1.0,200910,4000
reference,LA-KH,200801,1,0.6799430000000001,1.0,1.0,1.0,0.0,200801,4000
reference,LA-KH,200802,2,0.06250199999999997,0.0,1.0,1.0,0.0,200801,4000
reference,LA-KH,200803,3,0.07301225000000001,0.0,1.0,1.0,0.0,200801,4000
reference,LA-KH,200804,1,0.22829025000000003,0.0,1.0,1.0,0.0,200804,4000
reference,LA-KH,200805,2,0.32763925,0.0,1.0,1.0,0.0,200804,4000
reference,LA-KH,200806,3,0.7035544999999999,0.0,1.0,1.0,1.0,200804,4000
reference,LA-KH,200807,1,6.77829275,9.25,0.75,0.0,3.0,200807,4000
reference,LA-KH,200808,2,5.3591180000000005,6.25,0.75,0.75,0.0,200807,4000
reference,LA-KH,200809,3,6.09614025,8.75,0.75,0.0,4.0,200807,4000
reference,LA-KH,200810,1,1.1189477500000002,0.25,1.0,1.0,1.0,200810,4000
reference,LA-KH,200811,2,1.6607485,2.5,1.0,0.25,3.0,200810,4000
reference,LA-KH,200812,3,3.054062,4.0,0.25,0.0,4.0,200810,4000
reference,LA-KH,200901,1,0.07740175,0.0,1.0,1.0,0.0,200901,4000
reference,LA-KH,200902,2,0.03032625,0.0,1.0,1.0,0.0,200901,4000
reference,LA-KH,200903,3,4.48631725,6.0,0.0,0.0,6.0,200901,4000
reference,LA-KH,200904,1,0.8031122500000001,1.0,1.0,1.0,0.0,200904,4000
reference,LA-KH,200905,2,2.03647975,2.0,1.0,1.0,6.0,200904,4000
reference,LA-KH,200906,3,57.53681425,73.0,0.0,0.0,80.0,200904,4000
reference,LA-KH,200907,1,92.358245,132.0,0.0,0.0,155.0,200907,4000
reference,LA-KH,200908,2,234.8311385,280.125,0.0,0.0,303.0,200907,4000
reference,LA-KH,200909,3,205.218208,252.75,0.0,0.0,277.0,200907,4000
reference,LA-KH,200910,1,24.86147075,21.0,1.0,1.0,85.0,200910,4000
reference,LA-KH,200911,2,19.158899,33.75,1.0,1.0,61.0,200910,4000
reference,LA-KH,200912,3,40.62270225,57.0,0.0,0.0,67.0,200910,4000
reference,LA-LM,200801,1,0.00019899999999999866,0.0,1.0,1.0,0.0,200801,4000
reference,LA-LM,200802,2,3.150000000000017e-05,0.0,1.0,1.0,0.0,200801,4000
reference,LA-LM,200803,3,8.25000000000012e-06,0.0,1.0,1.0,0.0,200801,4000
reference,LA-LM,200804,1,0.0025252499999999997,0.0,1.0,1.0,0.0,200804,4000
reference,LA-LM,200805,2,0.010998999999999995,0.0,1.0,1.0,0.0,200804,4000
reference,LA-LM,200806,3,0.011991999999999996,0.0,1.0,1.0,0.0,200804,4000
reference,LA-LM,200807,1,1.1616339999999998,1.5,0.75,0.75,0.0,200807,4000
reference,LA-LM,200808,2,0.89738575,1.25,0.75,0.75,0.0,200807,4000
reference,LA-LM,200809,3,0.8870312500000002,1.0,0.75,0.75,0.0,200807,4000
reference,LA-LM,200810,1,0.22924000000000008,0.0,1.0,1.0,0.0,200810,4000
reference,LA-LM,200811,2,0.05159524999999998,0.0,1.0,1.0,0.0,200810,4000
reference,LA-LM,200812,3,0.02279824999999999,0.0,1.0,1.0,0.0,200810,4000
reference,LA-LM,200901,1,0.0001352500000000004,0.0,1.0,1.0,0.0,200901,4000
reference,LA-LM,200902,2,0.00017850000000000027,0.0,1.0,1.0,0.0,200901,4000
reference,LA-LM,200903,3,0.0003974999999999994,0.0,1.0,1.0,0.0,200901,4000
reference,LA-LM,200904,1,0.892257,1.0,0.0,0.0,1.0,200904,4000
reference,LA-LM,200905,2,0.012218250000000007,0.0,1.0,1.0,0.0,200904,4000
reference,LA-LM,200906,3,1.5392222500000001,2.0,0.0,0.0,2.0,200904,4000
reference,LA-LM,200907,1,0.5514845,0.0,1.0,1.0,1.0,200907,4000
reference,LA-LM,200908,2,0.9333285000000001,1.0,1.0,1.0,0.0,200907,4000
reference,LA-LM,200909,3,1.6857175,3.0,1.0,0.25,4.0,200907,4000
reference,LA-LM,200910,1,2.6805985,4.0,1.0,0.0,5.0,200910,4000
reference,LA-LM,200911,2,4.679951,6.0,0.0,0.0,6.0,200910,4000
reference,LA-LM,200912,3,3.37612425,4.0,0.0,0.0,4.0,200910,4000
reference,LA-LP,200801,1,0.806006,1.0,1.0,1.0,0.0,200801,4000
reference,LA-LP,200802,2,14.626709,16.0,0.0,0.0,16.0,200801,4000
reference,LA-LP,200803,3,20.5943955,22.0,0.0,0.0,22.0,200801,4000
reference,LA-LP,200804,1,11.479402499999999,20.5,1.0,0.5,33.0,200804,4000
reference,LA-LP,200805,2,58.889732499999994,94.0,0.75,0.0,116.0,200804,4000
reference,LA-LP,200806,3,70.8939435,122.5,1.0,0.0,160.0,200804,4000
reference,LA-LP,200807,1,98.60854800000001,135.875,0.25,0.0,16.0,200807,4000
reference,LA-LP,200808,2,83.3153555,110.625,0.25,0.25,13.0,200807,4000
reference,LA-LP,200809,3,75.8408335,101.25,0.5,0.0,14.0,200807,4000
reference,LA-LP,200810,1,28.2166705,32.875,0.75,0.75,33.0,200810,4000
reference,LA-LP,200811,2,67.83609125000001,94.875,0.5,0.0,116.0,200810,4000
reference,LA-LP,200812,3,135.46087125,152.625,0.0,0.0,161.0,200810,4000
reference,LA-LP,200901,1,7.4290097500000005,9.75,1.0,0.0,0.0,200901,4000
reference,LA-LP,200902,2,6.739271,8.875,0.75,0.0,0.0,200901,4000
reference,LA-LP,200903,3,13.45645975,16.875,0.0,0.0,0.0,200901,4000
reference,LA-LP,200904,1,14.63514825,19.25,0.0,0.0,0.0,200904,4000
reference,LA-LP,200905,2,36.594558,48.125,0.0,0.0,0.0,200904,4000
reference,LA-LP,200906,3,73.77400800000001,99.0,0.75,0.0,9.0,200904,4000
reference,LA-LP,200907,1,21.973498499999998,27.75,0.0,0.0,30.0,200907,4000
reference,LA-LP,200908,2,22.16052075,29.0,0.0,0.0,32.0,200907,4000
reference,LA-LP,200909,3,303.351697,310.25,0.0,0.0,313.0,200907,4000
reference,LA-LP,200910,1,98.56045375000001,141.0,0.0,0.0,165.0,200910,4000
reference,LA-LP,200911,2,56.914157,76.5,0.0,0.0,87.0,200910,4000
reference,LA-LP,200912,3,2.92123175,4.0,1.0,0.0,0.0,200910,4000
reference,LA-OU,200801,1,0.0011747500000000013,0.0,1.0,1.0,0.0,200801,4000
reference,LA-OU,200802,2,0.00022299999999999967,0.0,1.0,1.0,0.0,200801,4000
reference,LA-OU,200803,3,8.224999999999997e-05,0.0,1.0,1.0,0.0,200801,4000
reference,LA-OU,200804,1,0.00472475,0.0,1.0,1.0,0.0,200804,4000
reference,LA-OU,200805,2,0.01333949999999999,0.0,1.0,1.0,0.0,200804,4000
reference,LA-OU,200806,3,0.0220575,0.0,1.0,1.0,0.0,200804,4000
reference,LA-OU,200807,1,2.08538525,2.5,0.75,0.75,0.0,200807,4000
reference,LA-OU,200808,2,1.7996367500000001,2.25,0.75,0.75,0.0,200807,4000
reference,LA-OU,200809,3,1.59555,2.0,0.75,0.75,0.0,200807,4000
reference,LA-OU,200810,1,0.29646399999999995,0.25,1.0,1.0,0.0,200810,4000
reference,LA-OU,200811,2,0.11055874999999991,0.0,1.0,1.0,0.0,200810,4000
reference,LA-OU,200812,3,0.05393850000000001,0.0,1.0,1.0,0.0,200810,4000
reference,LA-OU,200901,1,0.00017799999999999977,0.0,1.0,1.0,0.0,200901,4000
reference,LA-OU,200902,2,0.000196,0.0,1.0,1.0,0.0,200901,4000
reference,LA-OU,200903,3,0.00035625000000000023,0.0,1.0,1.0,0.0,200901,4000
reference,LA-OU,200904,1,0.005260499999999998,0.0,1.0,1.0,0.0,200904,4000
reference,LA-OU,200905,2,0.018454750000000006,0.0,1.0,1.0,0.0,200904,4000
reference,LA-OU,200906,3,0.055049,0.0,1.0,1.0,0.0,200904,4000
reference,LA-OU,200907,1,0.08181575,0.0,1.0,1.0,0.0,200907,4000
reference,LA-OU,200908,2,0.5522819999999999,1.0,1.0,1.0,1.0,200907,4000
reference,LA-OU,200909,3,13.830057750000002,15.0,0.0,0.0,15.0,200907,4000
reference,LA-OU,200910,1,2.9587630000000003,5.0,1.0,0.0,6.0,200910,4000
reference,LA-OU,200911,2,11.029299,13.0,0.0,0.0,13.0,200910,4000
reference,LA-OU,200912,3,17.21375975,18.0,0.0,0.0,18.0,200910,4000
reference,LA-PH,200901,1,0.012825749999999997,0.0,1.0,1.0,0.0,200901,4000
reference,LA-PH,200902,2,0.015147499999999994,0.0,1.0,1.0,0.0,200901,4000
reference,LA-PH,200903,3,0.019419499999999992,0.0,1.0,1.0,0.0,200901,4000
reference,LA-PH,200904,1,0.004980250000000002,0.0,1.0,1.0,0.0,200904,4000
reference,LA-PH,200905,2,0.015410750000000015,0.0,1.0,1.0,0.0,200904,4000
reference,LA-PH,200906,3,0.04716475000000002,0.0,1.0,1.0,0.0,200904,4000
reference,LA-PH,200907,1,0.031492000000000006,0.0,1.0,1.0,0.0,200907,4000
reference,LA-PH,200909,3,0.03606625000000001,0.0,1.0,1.0,0.0,200907,4000
reference,LA-PH,200910,1,0.00804075000000001,0.0,1.0,1.0,0.0,200910,4000
reference,LA-PH,200911,2,0.0022612499999999994,0.0,1.0,1.0,0.0,200910,4000
reference,LA-PH,200912,3,0.00046650000000000077,0.0,1.0,1.0,0.0,200910,4000
reference,LA-SL,200801,1,0.8992575,1.0,1.0,1.0,0.0,200801,4000
reference,LA-SL,200802,2,0.38828825,0.75,1.0,1.0,1.0,200801,4000
reference,LA-SL,200803,3,3.876882,5.0,0.0,0.0,5.0,200801,4000
reference,LA-SL,200804,1,0.9524855000000001,0.0,1.0,1.0,2.0,200804,4000
reference,LA-SL,200805,2,91.63074175,101.5,0.0,0.0,105.0,200804,4000
reference,LA-SL,200806,3,193.7287465,217.0,0.0,0.0,226.0,200804,4000
reference,LA-SL,200807,1,40.471018,30.75,0.75,0.75,78.0,200807,4000
reference,LA-SL,200808,2,41.110249249999995,38.5,0.75,0.75,63.0,200807,4000
reference,LA-SL,200809,3,43.621818,36.0,0.75,0.75,85.0,200807,4000
reference,LA-SL,200810,1,37.113354,30.0,0.75,0.75,91.0,200810,4000
reference,LA-SL,200811,2,15.667120000000004,18.625,1.0,0.75,21.0,200810,4000
reference,LA-SL,200812,3,7.241075,9.75,1.0,0.75,8.0,200810,4000
reference,LA-SL,200901,1,1.5820542500000006,2.0,1.0,1.0,1.0,200901,4000
reference,LA-SL,200902,2,18.6889505,22.5,0.0,0.0,24.0,200901,4000
reference,LA-SL,200903,3,12.495409500000001,20.25,0.75,0.0,25.0,200901,4000
reference,LA-SL,200904,1,7.00390125,2.25,1.0,1.0,19.0,200904,4000
reference,LA-SL,200905,2,38.280303,63.75,1.0,1.0,122.0,200904,4000
reference,LA-SL,200906,3,41.36212925,43.5,1.0,1.0,42.0,200904,4000
reference,LA-SL,200907,1,51.97775625,19.75,1.0,1.0,164.0,200907,4000
reference,LA-SL,200908,2,47.393561749999996,2.875,1.0,1.0,127.0,200907,4000
reference,LA-SL,200909,3,43.61543625,22.125,1.0,1.0,91.0,200907,4000
reference,LA-SL,200910,1,31.7040395,57.5,1.0,0.25,94.0,200910,4000
reference,LA-SL,200911,2,14.65644025,7.125,1.0,1.0,44.0,200910,4000
reference,LA-SL,200912,3,9.567949249999998,6.5,1.0,1.0,17.0,200910,4000
reference,LA-SV,200801,1,4.9487935,6.25,1.0,0.0,1.0,200801,4000
reference,LA-SV,200802,2,0.68705625,0.25,1.0,1.0,1.0,200801,4000
reference,LA-SV,200803,3,0.425183,0.0,1.0,1.0,1.0,200801,4000
reference,LA-SV,200804,1,1.1616137500000001,1.375,1.0,1.0,0.0,200804,4000
reference,LA-SV,200805,2,1.38788475,1.5,1.0,1.0,1.0,200804,4000
reference,LA-SV,200806,3,4.4734935,0.5,1.0,1.0,10.0,200804,4000
reference,LA-SV,200807,1,31.825508249999995,35.75,0.75,0.75,11.0,200807,4000
reference,LA-SV,200808,2,21.68401,25.5,0.75,0.75,4.0,200807,4000
reference,LA-SV,200809,3,24.393366999999998,30.5,0.75,0.0,2.0,200807,4000
reference,LA-SV,200810,1,6.843859749999998,4.875,1.0,1.0,10.0,200810,4000
reference,LA-SV,200811,2,2.2716989999999995,0.5,1.0,1.0,2.0,200810,4000
reference,LA-SV,200812,3,1.8613987499999998,1.75,1.0,1.0,0.0,200810,4000
reference,LA-SV,200901,1,0.077595,0.0,1.0,1.0,0.0,200901,4000
reference,LA-SV,200902,2,0.017320999999999996,0.0,1.0,1.0,0.0,200901,4000
reference,LA-SV,200903,3,0.147175,0.0,1.0,1.0,0.0,200901,4000
reference,LA-SV,200904,1,0.17275225000000002,0.0,1.0,1.0,0.0,200904,4000
reference,LA-SV,200905,2,1.0981412499999998,1.25,1.0,1.0,0.0,200904,4000
reference,LA-SV,200906,3,1.41371725,1.375,1.0,1.0,1.0,200904,4000
reference,LA-SV,200907,1,10.01600225,12.0,0.0,0.0,13.0,200907,4000
reference,LA-SV,200908,2,30.773489499999997,33.5,0.0,0.0,34.0,200907,4000
reference,LA-SV,200909,3,44.8915965,47.25,0.0,0.0,48.0,200907,4000
reference,LA-SV,200910,1,5.276814000000001,9.75,1.0,1.0,16.0,200910,4000
reference,LA-SV,200911,2,23.471898250000002,30.0,0.0,0.0,33.0,200910,4000
reference,LA-SV,200912,3,1.4054415000000002,3.0,1.0,1.0,4.0,200910,4000
reference,LA-VT,200801,1,11.39081125,1.5,1.0,1.0,29.0,200801,4000
reference,LA-VT,200802,2,4.59126,8.25,1.0,0.25,12.0,200801,4000
reference,LA-VT,200803,3,18.093363,23.5,0.0,0.0,26.0,200801,4000
reference,LA-VT,200804,1,17.677041,22.75,1.0,0.0,4.0,200804,4000
reference,LA-VT,200805,2,23.813530250000003,28.0,1.0,1.0,17.0,200804,4000
reference,LA-VT,200806,3,91.82999699999999,114.5,1.0,1.0,60.0,200804,4000
reference,LA-VT,200807,1,105.66399799999999,117.125,0.75,0.75,132.0,200807,4000
reference,LA-VT,200808,2,72.665809,63.5,1.0,0.75,144.0,200807,4000
reference,LA-VT,200809,3,60.42891625,27.625,1.0,0.75,158.0,200807,4000
reference,LA-VT,200810,1,33.033684750000006,49.625,1.0,1.0,95.0,200810,4000
reference,LA-VT,200811,2,67.180073,106.0,0.5,0.0,129.0,200810,4000
reference,LA-VT,200812,3,55.70733825,79.75,0.25,0.0,91.0,200810,4000
reference,LA-VT,200901,1,20.28397525,31.375,0.25,0.0,38.0,200901,4000
reference,LA-VT,200902,2,12.717388000000001,17.5,0.0,0.0,20.0,200901,4000
reference,LA-VT,200903,3,6.003610999999999,9.0,1.0,1.0,19.0,200901,4000
reference,LA-VT,200904,1,12.5723145,1.75,1.0,1.0,33.0,200904,4000
reference,LA-VT,200905,2,92.14073325,114.375,1.0,0.75,54.0,200904,4000
reference,LA-VT,200906,3,201.82457875,253.875,1.0,0.25,104.0,200904,4000
reference,LA-VT,200907,1,120.439174,20.875,1.0,1.0,302.0,200907,4000
reference,LA-VT,200908,2,110.85286274999999,54.25,1.0,1.0,356.0,200907,4000
reference,LA-VT,200909,3,132.40966775000004,191.0,1.0,1.0,470.0,200907,4000
reference,LA-VT,200910,1,231.10660000000001,388.0,1.0,0.0,527.0,200910,4000
reference,LA-VT,200911,2,327.15132025,450.25,0.0,0.0,521.0,200910,4000
reference,LA-VT,200912,3,259.11931475,329.25,0.0,0.0,366.0,200910,4000
reference,LA-XA,200801,1,1.15231875,1.5,1.0,1.0,0.0,200801,4000
reference,LA-XA,200802,2,0.2178165,0.0,1.0,1.0,0.0,200801,4000
reference,LA-XA,200803,3,0.15397300000000003,0.0,1.0,1.0,0.0,200801,4000
reference,LA-XA,200804,1,0.058045499999999986,0.0,1.0,1.0,0.0,200804,4000
reference,LA-XA,200805,2,1.1798015,2.0,1.0,0.0,2.0,200804,4000
reference,LA-XA,200806,3,4.1730445,6.0,0.0,0.0,6.0,200804,4000
reference,LA-XA,200807,1,8.0617305,12.25,0.5,0.25,19.0,200807,4000
reference,LA-XA,200808,2,3.84539675,6.25,0.75,0.0,7.0,200807,4000
reference,LA-XA,200809,3,3.75688175,4.5,0.75,0.75,1.0,200807,4000
reference,LA-XA,200810,1,1.3248667500000004,0.5,1.0,1.0,3.0,200810,4000
reference,LA-XA,200811,2,0.8022762499999998,1.0,1.0,1.0,2.0,200810,4000
reference,LA-XA,200812,3,0.44606125,1.0,1.0,1.0,1.0,200810,4000
reference,LA-XA,200901,1,0.10784225,0.0,1.0,1.0,0.0,200901,4000
reference,LA-XA,200902,2,0.04732799999999999,0.0,1.0,1.0,0.0,200901,4000
reference,LA-XA,200903,3,0.25655675,0.0,1.0,1.0,0.0,200901,4000
reference,LA-XA,200904,1,0.207109,0.0,1.0,1.0,0.0,200904,4000
reference,LA-XA,200905,2,0.6022715000000001,0.0,1.0,1.0,1.0,200904,4000
reference,LA-XA,200906,3,7.431312,12.0,0.5,0.0,14.0,200904,4000
reference,LA-XA,200907,1,4.162095,7.75,1.0,0.0,11.0,200907,4000
reference,LA-XA,200908,2,25.543997,33.25,0.0,0.0,37.0,200907,4000
reference,LA-XA,200909,3,4.1569002500000005,7.5,1.0,0.0,11.0,200907,4000
reference,LA-XA,200910,1,2.7718847500000003,1.75,1.0,1.0,5.0,200910,4000
reference,LA-XA,200911,2,1.4945102499999998,2.0,1.0,1.0,5.0,200910,4000
reference,LA-XA,200912,3,0.8982614999999999,1.0,1.0,1.0,0.0,200910,4000
reference,LA-XE,200801,1,0.023375,0.0,1.0,1.0,0.0,200801,4000
reference,LA-XE,200802,2,0.009425000000000003,0.0,1.0,1.0,0.0,200801,4000
reference,LA-XE,200803,3,0.003500749999999997,0.0,1.0,1.0,0.0,200801,4000
reference,LA-XE,200804,1,0.022960000000000008,0.0,1.0,1.0,0.0,200804,4000
reference,LA-XE,200805,2,0.04964300000000001,0.0,1.0,1.0,0.0,200804,4000
reference,LA-XE,200806,3,3.9606307499999995,5.0,0.0,0.0,5.0,200804,4000
reference,LA-XE,200807,1,0.9403477499999999,1.25,0.75,0.75,0.0,200807,4000
reference,LA-XE,200808,2,0.9637297499999999,1.25,1.0,0.75,0.0,200807,4000
reference,LA-XE,200809,3,0.6833315,0.25,1.0,1.0,1.0,200807,4000
reference,LA-XE,200810,1,0.33044275,0.5,1.0,1.0,0.0,200810,4000
reference,LA-XE,200811,2,0.14064,0.0,1.0,1.0,0.0,200810,4000
reference,LA-XE,200812,3,0.62983225,1.0,1.0,0.0,1.0,200810,4000
reference,LA-XE,200901,1,0.005249,0.0,1.0,1.0,0.0,200901,4000
reference,LA-XE,200902,2,1.85730075,2.0,0.0,0.0,2.0,200901,4000
reference,LA-XE,200903,3,1.73120325,2.0,0.0,0.0,2.0,200901,4000
reference,LA-XE,200904,1,0.40990950000000004,1.0,1.0,1.0,1.0,200904,4000
reference,LA-XE,200905,2,0.72657925,1.0,1.0,1.0,2.0,200904,4000
reference,LA-XE,200906,3,4.45004475,7.25,1.0,0.0,9.0,200904,4000
reference,LA-XE,200907,1,17.30014,24.75,0.0,0.0,29.0,200907,4000
reference,LA-XE,200908,2,13.808057499999999,21.5,0.5,0.0,27.0,200907,4000
reference,LA-XE,200909,3,2.04119925,1.75,1.0,1.0,6.0,200907,4000
reference,LA-XE,200910,1,2.5169815,2.75,1.0,1.0,7.0,200910,4000
reference,LA-XE,200911,2,9.563540500000002,11.0,1.0,0.0,3.0,200910,4000
reference,LA-XE,200912,3,8.918588499999998,8.5,1.0,1.0,7.0,200910,4000
reference,LA-XI,200801,1,0.0005232500000000003,0.0,1.0,1.0,0.0,200801,4000
reference,LA-XI,200802,2,9.349999999999983e-05,0.0,1.0,1.0,0.0,200801,4000
reference,LA-XI,200803,3,0.0002197499999999999,0.0,1.0,1.0,0.0,200801,4000
reference,LA-XI,200804,1,0.005688499999999996,0.0,1.0,1.0,0.0,200804,4000
reference,LA-XI,200805,2,0.004660749999999995,0.0,1.0,1.0,0.0,200804,4000
reference,LA-XI,200806,3,0.8286020000000001,1.0,0.25,0.0,1.0,200804,4000
reference,LA-XI,200807,1,0.619124,0.75,0.75,0.75,0.0,200807,4000
reference,LA-XI,200808,2,0.6537262500000001,0.75,0.75,0.75,0.0,200807,4000
reference,LA-XI,200809,3,0.607467,0.75,0.75,0.75,0.0,200807,4000
reference,LA-XI,200810,1,0.08763625,0.0,1.0,1.0,0.0,200810,4000
reference,LA-XI,200811,2,0.033569749999999975,0.0,1.0,1.0,0.0,200810,4000
reference,LA-XI,200812,3,0.020205,0.0,1.0,1.0,0.0,200810,4000
reference,LA-XI,200901,1,0.0008230000000000008,0.0,1.0,1.0,0.0,200901,4000
reference,LA-XI,200902,2,0.0020175,0.0,1.0,1.0,0.0,200901,4000
reference,LA-XI,200903,3,0.002265750000000002,0.0,1.0,1.0,0.0,200901,4000
reference,LA-XI,200904,1,0.001085000000000001,0.0,1.0,1.0,0.0,200904,4000
reference,LA-XI,200905,2,38.84510525,39.0,0.0,0.0,39.0,200904,4000
reference,LA-XI,200906,3,32.674713249999996,33.0,0.0,0.0,33.0,200904,4000
reference,LA-XI,200907,1,13.02920675,18.0,0.5,0.0,1.0,200907,4000
reference,LA-XI,200908,2,11.92930125,14.5,1.0,1.0,10.0,200907,4000
reference,LA-XI,200909,3,16.386230750000003,21.125,0.0,0.0,0.0,200907,4000
reference,LA-XI,200910,1,12.900746250000001,16.75,0.0,0.0,0.0,200910,4000
reference,LA-XI,200911,2,5.14253175,6.75,1.0,0.0,0.0,200910,4000
reference,LA-XI,200912,3,2.491268,3.25,1.0,0.0,0.0,200910,4000
reference_r1,LA-AT,200801,1,2.9190139999999998,4.0,0.0,0.0,4.0,200801,1000
reference_r1,LA-AT,200802,2,1.425762,2.0,0.0,0.0,2.0,200801,1000
reference_r1,LA-AT,200803,3,0.042787999999999965,0.0,1.0,1.0,0.0,200801,1000
reference_r1,LA-AT,200804,1,0.4253490000000002,1.0,1.0,1.0,0.0,200804,1000
reference_r1,LA-AT,200805,2,1.6580149999999998,3.0,1.0,0.0,4.0,200804,1000
reference_r1,LA-AT,200806,3,4.606034,8.0,1.0,0.0,10.0,200804,1000
reference_r1,LA-AT,200807,1,3.365487,5.0,1.0,0.0,6.0,200807,1000
reference_r1,LA-AT,200808,2,2.461585,4.0,1.0,0.0,11.0,200807,1000
reference_r1,LA-AT,200809,3,14.206933,17.0,0.0,0.0,24.0,200807,1000
reference_r1,LA-AT,200810,1,32.528551,42.0,0.0,0.0,47.0,200810,1000
reference_r1,LA-AT,200811,2,31.632655999999997,39.0,0.0,0.0,43.0,200810,1000
reference_r1,LA-AT,200812,3,17.578703,21.0,0.0,0.0,23.0,200810,1000
reference_r1,LA-AT,200901,1,7.411760000000001,13.0,1.0,0.0,18.0,200901,1000
reference_r1,LA-AT,200902,2,34.620265,43.0,0.0,0.0,46.0,200901,1000
reference_r1,LA-AT,200903,3,54.850635,70.0,0.0,0.0,77.0,200901,1000
reference_r1,LA-AT,200904,1,38.012150000000005,66.0,1.0,0.0,99.0,200904,1000
reference_r1,LA-AT,200905,2,93.849863,125.0,0.0,0.0,0.0,200904,1000
reference_r1,LA-AT,200906,3,79.37333100000001,100.0,1.0,0.0,24.0,200904,1000
reference_r1,LA-AT,200907,1,101.540426,129.5,1.0,1.0,64.0,200907,1000
reference_r1,LA-AT,200908,2,116.08852900000002,150.5,1.0,0.0,21.0,200907,1000
reference_r1,LA-AT,200909,3,223.31836799999996,293.0,0.0,0.0,17.0,200907,1000
reference_r1,LA-AT,200910,1,43.17917200000001,55.0,0.0,0.0,4.0,200910,1000
reference_r1,LA-AT,200911,2,28.478792999999996,36.0,1.0,0.0,16.0,200910,1000
reference_r1,LA-AT,200912,3,34.355621,42.0,1.0,0.0,6.0,200910,1000
reference_r1,LA-BK,200801,1,0.944793,1.0,0.0,0.0,1.0,200801,1000
reference_r1,LA-BK,200802,2,0.00012099999999999958,0.0,1.0,1.0,0.0,200801,1000
reference_r1,LA-BK,200803,3,8.999999999999894e-06,0.0,1.0,1.0,0.0,200801,1000
reference_r1,LA-BK,200804,1,0.023234000000000005,0.0,1.0,1.0,0.0,200804,1000
reference_r1,LA-BK,200805,2,10.980843,12.0,0.0,0.0,12.0,200804,1000
reference_r1,LA-BK,200806,3,51.414855,53.0,0.0,0.0,53.0,200804,1000
reference_r1,LA-BK,200807,1,6.6160190000000005,9.0,0.0,0.0,2.0,200807,1000
reference_r1,LA-BK,200808,2,2.619249,4.0,1.0,0.0,9.0,200807,1000
reference_r1,LA-BK,200809,3,22.48779,26.0,0.0,0.0,33.0,200807,1000
reference_r1,LA-BK,200810,1,19.946290000000005,11.0,1.0,1.0,48.0,200810,1000
reference_r1,LA-BK,200811,2,39.584822,50.0,0.0,0.0,55.0,200810,1000
reference_r1,LA-BK,200812,3,1.6882289999999998,3.0,1.0,1.0,5.0,200810,1000
reference_r1,LA-BK,200901,1,0.48118700000000003,0.0,1.0,1.0,1.0,200901,1000
reference_r1,LA-BK,200902,2,0.3488180000000001,0.0,1.0,1.0,0.0,200901,1000
reference_r1,LA-BK,200903,3,0.7164820000000001,0.0,1.0,1.0,1.0,200901,1000
reference_r1,LA-BK,200904,1,1.574135,0.0,1.0,1.0,3.0,200904,1000
reference_r1,LA-BK,200905,2,44.709531,64.0,0.0,0.0,74.0,200904,1000
reference_r1,LA-BK,200906,3,130.293794,185.0,0.0,0.0,216.0,200904,1000
reference_r1,LA-BK,200907,1,86.800749,152.0,1.0,0.0,212.0,200907,1000
reference_r1,LA-BK,200908,2,32.88326500000001,56.0,1.0,1.0,110.0,200907,1000
reference_r1,LA-BK,200909,3,19.15252999999999,3.0,1.0,1.0,52.0,200907,1000
reference_r1,LA-BK,200910,1,27.250989999999987,30.0,1.0,1.0,31.0,200910,1000
reference_r1,LA-BK,200911,2,16.421595000000003,22.5,1.0,0.0,5.0,200910,1000
reference_r1,LA-BK,200912,3,6.942814,9.0,1.0,1.0,4.0,200910,1000
reference_r1,LA-BL,200801,1,5.353925,8.0,0.0,0.0,10.0,200801,1000
reference_r1,LA-BL,200802,2,6.150654,7.0,0.0,0.0,7.0,200801,1000
reference_r1,LA-BL,200803,3,0.39268000000000014,1.0,1.0,1.0,1.0,200801,1000
reference_r1,LA-BL,200804,1,2.9768169999999987,3.0,1.0,1.0,3.0,200804,1000
reference_r1,LA-BL,200805,2,4.955463999999999,8.0,1.0,1.0,15.0,200804,1000
reference_r1,LA-BL,200806,3,7.566179999999999,1.0,1.0,1.0,19.0,200804,1000
reference_r1,LA-BL,200807,1,5.994052000000001,11.0,1.0,0.0,31.0,200807,1000
reference_r1,LA-BL,200808,2,7.971564000000001,13.0,1.0,0.0,32.0,200807,1000
reference_r1,LA-BL,200809,3,4.694726999999999,8.0,1.0,0.0,30.0,200807,1000
reference_r1,LA-BL,200810,1,9.477286,12.0,1.0,1.0,5.0,200810,1000
reference_r1,LA-BL,200811,2,4.922750000000001,0.0,1.0,1.0,12.0,200810,1000
reference_r1,LA-BL,200812,3,1.533019,2.0,1.0,1.0,1.0,200810,1000
reference_r1,LA-BL,200901,1,0.6879299999999999,1.0,1.0,1.0,2.0,200901,1000
reference_r1,LA-BL,200902,2,1.5236340000000002,3.0,1.0,0.0,3.0,200901,1000
reference_r1,LA-BL,200903,3,1.325612,2.0,1.0,1.0,0.0,200901,1000
reference_r1,LA-BL,200904,1,0.772796,1.0,1.0,1.0,2.0,200904,1000
reference_r1,LA-BL,200905,2,3.5643380000000002,5.0,1.0,0.0,0.0,200904,1000
reference_r1,LA-BL,200906,3,3.3912770000000005,1.0,1.0,1.0,7.0,200904,1000
reference_r1,LA-BL,200907,1,13.304649999999999,24.0,1.0,0.0,35.0,200907,1000
reference_r1,LA-BL,200908,2,4.752730999999999,2.0,1.0,1.0,9.0,200907,1000
reference_r1,LA-BL,200909,3,9.26856,12.0,0.0,0.0,0.0,200907,1000
reference_r1,LA-BL,200910,1,4.362780000000001,6.0,1.0,0.0,1.0,200910,1000
reference_r1,LA-BL,200911,2,1.1819290000000002,1.0,1.0,1.0,2.0,200910,1000
reference_r1,LA-BL,200912,3,0.4860460000000002,0.0,1.0,1.0,1.0,200910,1000
reference_r1,LA-CH,200801,1,29.493026,52.0,1.0,0.0,73.0,200801,1000
reference_r1,LA-CH,200802,2,54.14325799999999,78.0,0.0,0.0,90.0,200801,1000
reference_r1,LA-CH,200803,3,59.086408999999996,81.0,0.0,0.0,92.0,200801,1000
reference_r1,LA-CH,200804,1,22.782016,16.0,1.0,1.0,69.0,200804,1000
reference_r1,LA-CH,200805,2,40.47311999999998,26.0,1.0,1.0,113.0,200804,1000
reference_r1,LA-CH,200806,3,100.48559599999999,70.0,1.0,1.0,295.0,200804,1000
reference_r1,LA-CH,200807,1,22.997506000000005,39.5,1.0,0.0,162.0,200807,1000
reference_r1,LA-CH,200808,2,53.042586,71.5,0.0,0.0,143.0,200807,1000
reference_r1,LA-CH,200809,3,86.31834400000001,106.0,0.0,0.0,185.0,200807,1000
reference_r1,LA-CH,200810,1,39.94593900000001,46.0,1.0,1.0,140.0,200810,1000
reference_r1,LA-CH,200811,2,30.030750000000012,34.0,1.0,1.0,102.0,200810,1000
reference_r1,LA-CH,200812,3,23.270995000000003,42.0,1.0,0.0,73.0,200810,1000
reference_r1,LA-CH,200901,1,9.731789000000003,11.0,1.0,1.0,31.0,200901,1000
reference_r1,LA-CH,200902,2,21.758167,36.0,1.0,0.0,48.0,200901,1000
reference_r1,LA-CH,200903,3,20.666860999999997,38.0,1.0,0.0,60.0,200901,1000
reference_r1,LA-CH,200904,1,33.819641000000004,62.0,1.0,0.0,102.0,200904,1000
reference_r1,LA-CH,200905,2,104.894905,114.5,1.0,1.0,66.0,200904,1000
reference_r1,LA-CH,200906,3,108.85152800000003,93.5,1.0,1.0,124.0,200904,1000
reference_r1,LA-CH,200907,1,134.86318,166.0,1.0,1.0,122.0,200907,1000
reference_r1,LA-CH,200908,2,85.80784199999997,85.0,1.0,1.0,110.0,200907,1000
reference_r1,LA-CH,200909,3,108.45481799999999,129.5,1.0,1.0,105.0,200907,1000
reference_r1,LA-CH,200910,1,23.161097999999996,3.0,1.0,1.0,59.0,200910,1000
reference_r1,LA-CH,200911,2,31.942096000000006,33.5,1.0,1.0,35.0,200910,1000
reference_r1,LA-CH,200912,3,23.086018999999993,19.0,1.0,1.0,32.0,200910,1000
reference_r1,LA-HO,200801,1,0.0031219999999999998,0.0,1.0,1.0,0.0,200801,1000
reference_r1,LA-HO,200802,2,0.0010889999999999997,0.0,1.0,1.0,0.0,200801,1000
reference_r1,LA-HO,200803,3,0.011071999999999999,0.0,1.0,1.0,0.0,200801,1000
reference_r1,LA-HO,200804,1,0.06740299999999999,0.0,1.0,1.0,0.0,200804,1000
reference_r1,LA-HO,200805,2,0.03600300000000001,0.0,1.0,1.0,0.0,200804,1000
reference_r1,LA-HO,200806,3,0.05476200000000003,0.0,1.0,1.0,0.0,200804,1000
reference_r1,LA-HO,200807,1,1.5286739999999996,2.0,1.0,0.0,0.0,200807,1000
reference_r1,LA-HO,200808,2,1.761787,3.0,0.0,0.0,0.0,200807,1000
reference_r1,LA-HO,200809,3,1.2538240000000003,2.0,1.0,0.0,1.0,200807,1000
reference_r1,LA-HO,200810,1,0.032836000000000004,0.0,1.0,1.0,0.0,200810,1000
reference_r1,LA-HO,200811,2,0.011678000000000022,0.0,1.0,1.0,0.0,200810,1000
reference_r1,LA-HO,200812,3,0.896883,1.0,0.0,0.0,1.0,200810,1000
reference_r1,LA-HO,200901,1,0.012274000000000007,0.0,1.0,1.0,0.0,200901,1000
reference_r1,LA-HO,200902,2,0.034144000000000035,0.0,1.0,1.0,0.0,200901,1000
reference_r1,LA-HO,200903,3,0.019464999999999982,0.0,1.0,1.0,0.0,200901,1000
reference_r1,LA-HO,200904,1,0.004123000000000002,0.0,1.0,1.0,0.0,200904,1000
reference_r1,LA-HO,200905,2,0.01916699999999999,0.0,1.0,1.0,0.0,200904,1000
reference_r1,LA-HO,200906,3,0.06043799999999999,0.0,1.0,1.0,0.0,200904,1000
reference_r1,LA-HO,200907,1,0.027692999999999968,0.0,1.0,1.0,0.0,200907,1000
reference_r1,LA-HO,200908,2,0.049203,0.0,1.0,1.0,0.0,200907,1000
reference_r1,LA-HO,200909,3,0.6403870000000002,1.0,1.0,0.0,1.0,200907,1000
reference_r1,LA-HO,200910,1,0.665281,1.0,1.0,0.0,1.0,200910,1000
reference_r1,LA-HO,200911,2,0.8465250000000001,1.0,0.0,0.0,1.0,200910,1000
reference_r1,LA-HO,200912,3,0.9063049999999999,1.0,0.0,0.0,1.0,200910,1000
reference_r1,LA-KH,200801,1,0.6663030000000001,1.0,1.0,1.0,0.0,200801,1000
reference_r1,LA-KH,200802,2,0.055508,0.0,1.0,1.0,0.0,200801,1000
reference_r1,LA-KH,200803,3,0.07162000000000002,0.0,1.0,1.0,0.0,200801,1000
reference_r1,LA-KH,200804,1,0.20537100000000008,0.0,1.0,1.0,0.0,200804,1000
reference_r1,LA-KH,200805,2,0.3249130000000001,0.0,1.0,1.0,0.0,200804,1000
reference_r1,LA-KH,200806,3,0.6668699999999999,0.0,1.0,1.0,1.0,200804,1000
reference_r1,LA-KH,200807,1,22.626874,28.0,0.0,0.0,3.0,200807,1000
reference_r1,LA-KH,200808,2,20.408905,25.0,0.0,0.0,0.0,200807,1000
reference_r1,LA-KH,200809,3,17.722949,23.0,0.0,0.0,4.0,200807,1000
reference_r1,LA-KH,200810,1,0.5375519999999998,0.0,1.0,1.0,1.0,200810,1000
reference_r1,LA-KH,200811,2,1.279399,2.0,1.0,0.0,3.0,200810,1000
reference_r1,LA-KH,200812,3,3.386838,4.0,0.0,0.0,4.0,200810,1000
reference_r1,LA-KH,200901,1,0.076181,0.0,1.0,1.0,0.0,200901,1000
reference_r1,LA-KH,200902,2,0.031013000000000013,0.0,1.0,1.0,0.0,200901,1000
reference_r1,LA-KH,200903,3,4.410679,6.0,0.0,0.0,6.0,200901,1000
reference_r1,LA-KH,200904,1,0.7356989999999999,1.0,1.0,1.0,0.0,200904,1000
reference_r1,LA-KH,200905,2,2.0265779999999998,2.0,1.0,1.0,6.0,200904,1000
reference_r1,LA-KH,200906,3,57.583118999999996,73.0,0.0,0.0,80.0,200904,1000
reference_r1,LA-KH,200907,1,90.746552,131.0,0.0,0.0,155.0,200907,1000
reference_r1,LA-KH,200908,2,230.03867400000001,279.0,0.0,0.0,303.0,200907,1000
reference_r1,LA-KH,200909,3,200.44446,251.0,0.0,0.0,277.0,200907,1000
reference_r1,LA-KH,200910,1,24.754796,23.0,1.0,1.0,85.0,200910,1000
reference_r1,LA-KH,200911,2,18.61241,34.0,1.0,1.0,61.0,200910,1000
reference_r1,LA-KH,200912,3,40.786164,57.0,0.0,0.0,67.0,200910,1000
reference_r1,LA-LM,200801,1,0.0002249999999999995,0.0,1.0,1.0,0.0,200801,1000
reference_r1,LA-LM,200802,2,8.999999999999894e-06,0.0,1.0,1.0,0.0,200801,1000
reference_r1,LA-LM,200803,3,8.999999999999894e-06,0.0,1.0,1.0,0.0,200801,1000
reference_r1,LA-LM,200804,1,0.002568000000000001,0.0,1.0,1.0,0.0,200804,1000
reference_r1,LA-LM,200805,2,0.011042999999999997,0.0,1.0,1.0,0.0,200804,1000
reference_r1,LA-LM,200806,3,0.013281999999999988,0.0,1.0,1.0,0.0,200804,1000
reference_r1,LA-LM,200807,1,4.45947,6.0,0.0,0.0,0.0,200807,1000
reference_r1,LA-LM,200808,2,3.45636,5.0,0.0,0.0,0.0,200807,1000
reference_r1,LA-LM,200809,3,3.3623230000000004,4.0,0.0,0.0,0.0,200807,1000
reference_r1,LA-LM,200810,1,0.008623000000000006,0.0,1.0,1.0,0.0,200810,1000
reference_r1,LA-LM,200811,2,0.0019649999999999945,0.0,1.0,1.0,0.0,200810,1000
reference_r1,LA-LM,200812,3,0.0006420000000000002,0.0,1.0,1.0,0.0,200810,1000
reference_r1,LA-LM,200901,1,0.00014400000000000003,0.0,1.0,1.0,0.0,200901,1000
reference_r1,LA-LM,200902,2,0.00017,0.0,1.0,1.0,0.0,200901,1000
reference_r1,LA-LM,200903,3,0.0006819999999999986,0.0,1.0,1.0,0.0,200901,1000
reference_r1,LA-LM,200904,1,0.90833,1.0,0.0,0.0,1.0,200904,1000
reference_r1,LA-LM,200905,2,0.011632000000000003,0.0,1.0,1.0,0.0,200904,1000
reference_r1,LA-LM,200906,3,1.529944,2.0,0.0,0.0,2.0,200904,1000
reference_r1,LA-LM,200907,1,0.584727,0.0,1.0,1.0,1.0,200907,1000
reference_r1,LA-LM,200908,2,0.9235829999999998,1.0,1.0,1.0,0.0,200907,1000
reference_r1,LA-LM,200909,3,1.6818840000000002,3.0,1.0,0.0,4.0,200907,1000
reference_r1,LA-LM,200910,1,2.6304119999999998,4.0,1.0,0.0,5.0,200910,1000
reference_r1,LA-LM,200911,2,4.65678,6.0,0.0,0.0,6.0,200910,1000
reference_r1,LA-LM,200912,3,3.427323,4.0,0.0,0.0,4.0,200910,1000
reference_r1,LA-LP,200801,1,0.7296119999999999,1.0,1.0,1.0,0.0,200801,1000
reference_r1,LA-LP,200802,2,14.750043999999999,16.0,0.0,0.0,16.0,200801,1000
reference_r1,LA-LP,200803,3,20.688442000000002,22.0,0.0,0.0,22.0,200801,1000
reference_r1,LA-LP,200804,1,11.81608,21.0,1.0,0.0,33.0,200804,1000
reference_r1,LA-LP,200805,2,59.153378,94.0,0.0,0.0,116.0,200804,1000
reference_r1,LA-LP,200806,3,70.31030899999999,121.0,1.0,0.0,160.0,200804,1000
reference_r1,LA-LP,200807,1,3.350466,6.0,1.0,0.0,16.0,200807,1000
reference_r1,LA-LP,200808,2,1.5647129999999998,2.0,1.0,1.0,13.0,200807,1000
reference_r1,LA-LP,200809,3,2.3752,4.0,1.0,0.0,14.0,200807,1000
reference_r1,LA-LP,200810,1,23.714895,26.0,1.0,1.0,33.0,200810,1000
reference_r1,LA-LP,200811,2,46.03112900000001,81.5,1.0,0.0,116.0,200810,1000
reference_r1,LA-LP,200812,3,127.139903,150.5,0.0,0.0,161.0,200810,1000
reference_r1,LA-LP,200901,1,8.020106,11.0,1.0,0.0,0.0,200901,1000
reference_r1,LA-LP,200902,2,6.9839020000000005,9.0,1.0,0.0,0.0,200901,1000
reference_r1,LA-LP,200903,3,13.316994000000001,17.0,0.0,0.0,0.0,200901,1000
reference_r1,LA-LP,200904,1,15.912478000000004,21.0,0.0,0.0,0.0,200904,1000
reference_r1,LA-LP,200905,2,34.578813,44.0,0.0,0.0,0.0,200904,1000
reference_r1,LA-LP,200906,3,74.839212,100.0,1.0,0.0,9.0,200904,1000
reference_r1,LA-LP,200907,1,20.954697,27.0,0.0,0.0,30.0,200907,1000
reference_r1,LA-LP,200908,2,21.415398,29.0,0.0,0.0,32.0,200907,1000
reference_r1,LA-LP,200909,3,302.78463500000004,310.0,0.0,0.0,313.0,200907,1000
reference_r1,LA-LP,200910,1,98.14690200000001,141.0,0.0,0.0,165.0,200910,1000
reference_r1,LA-LP,200911,2,57.225999,76.0,0.0,0.0,87.0,200910,1000
reference_r1,LA-LP,200912,3,2.9852219999999994,4.0,1.0,0.0,0.0,200910,1000
reference_r1,LA-OU,200801,1,0.0010280000000000011,0.0,1.0,1.0,0.0,200801,1000
reference_r1,LA-OU,200802,2,0.0002260000000000005,0.0,1.0,1.0,0.0,200801,1000
reference_r1,LA-OU,200803,3,3.600000000000044e-05,0.0,1.0,1.0,0.0,200801,1000
reference_r1,LA-OU,200804,1,0.004465999999999998,0.0,1.0,1.0,0.0,200804,1000
reference_r1,LA-OU,200805,2,0.015692999999999985,0.0,1.0,1.0,0.0,200804,1000
reference_r1,LA-OU,200806,3,0.021850000000000036,0.0,1.0,1.0,0.0,200804,1000
reference_r1,LA-OU,200807,1,8.076625,10.0,0.0,0.0,0.0,200807,1000
reference_r1,LA-OU,200808,2,6.992946000000001,9.0,0.0,0.0,0.0,200807,1000
reference_r1,LA-OU,200809,3,6.197891,8.0,0.0,0.0,0.0,200807,1000
reference_r1,LA-OU,200810,1,0.007664000000000004,0.0,1.0,1.0,0.0,200810,1000
reference_r1,LA-OU,200811,2,0.004257000000000011,0.0,1.0,1.0,0.0,200810,1000
reference_r1,LA-OU,200812,3,0.0010819999999999996,0.0,1.0,1.0,0.0,200810,1000
reference_r1,LA-OU,200901,1,0.00012099999999999958,0.0,1.0,1.0,0.0,200901,1000
reference_r1,LA-OU,200902,2,0.0003610000000000002,0.0,1.0,1.0,0.0,200901,1000
reference_r1,LA-OU,200903,3,0.0003630000000000022,0.0,1.0,1.0,0.0,200901,1000
reference_r1,LA-OU,200904,1,0.006101999999999996,0.0,1.0,1.0,0.0,200904,1000
reference_r1,LA-OU,200905,2,0.022307999999999995,0.0,1.0,1.0,0.0,200904,1000
reference_r1,LA-OU,200906,3,0.059292999999999985,0.0,1.0,1.0,0.0,200904,1000
reference_r1,LA-OU,200907,1,0.091175,0.0,1.0,1.0,0.0,200907,1000
reference_r1,LA-OU,200908,2,0.581032,1.0,1.0,1.0,1.0,200907,1000
reference_r1,LA-OU,200909,3,13.832904000000001,15.0,0.0,0.0,15.0,200907,1000
reference_r1,LA-OU,200910,1,2.8471980000000006,5.0,1.0,0.0,6.0,200910,1000
reference_r1,LA-OU,200911,2,10.979868,13.0,0.0,0.0,13.0,200910,1000
reference_r1,LA-OU,200912,3,17.2515,18.0,0.0,0.0,18.0,200910,1000
reference_r1,LA-PH,200901,1,0.012489000000000028,0.0,1.0,1.0,0.0,200901,1000
reference_r1,LA-PH,200902,2,0.015757999999999994,0.0,1.0,1.0,0.0,200901,1000
reference_r1,LA-PH,200903,3,0.018371000000000026,0.0,1.0,1.0,0.0,200901,1000
reference_r1,LA-PH,200904,1,0.004512000000000002,0.0,1.0,1.0,0.0,200904,1000
reference_r1,LA-PH,200905,2,0.015338000000000018,0.0,1.0,1.0,0.0,200904,1000
reference_r1,LA-PH,200906,3,0.04902400000000001,0.0,1.0,1.0,0.0,200904,1000
reference_r1,LA-PH,200907,1,0.03866799999999998,0.0,1.0,1.0,0.0,200907,1000
reference_r1,LA-PH,200909,3,0.03996900000000003,0.0,1.0,1.0,0.0,200907,1000
reference_r1,LA-PH,200910,1,0.009167000000000008,0.0,1.0,1.0,0.0,200910,1000
reference_r1,LA-PH,200911,2,0.0018220000000000042,0.0,1.0,1.0,0.0,200910,1000
reference_r1,LA-PH,200912,3,0.00044299999999999895,0.0,1.0,1.0,0.0,200910,1000
reference_r1,LA-SL,200801,1,0.9352230000000001,1.0,1.0,1.0,0.0,200801,1000
reference_r1,LA-SL,200802,2,0.37724500000000005,1.0,1.0,1.0,1.0,200801,1000
reference_r1,LA-SL,200803,3,3.9207259999999997,5.0,0.0,0.0,5.0,200801,1000
reference_r1,LA-SL,200804,1,0.8936489999999999,0.0,1.0,1.0,2.0,200804,1000
reference_r1,LA-SL,200805,2,91.766991,101.0,0.0,0.0,105.0,200804,1000
reference_r1,LA-SL,200806,3,193.76534700000002,216.0,0.0,0.0,226.0,200804,1000
reference_r1,LA-SL,200807,1,29.782175000000002,39.0,0.0,0.0,78.0,200807,1000
reference_r1,LA-SL,200808,2,30.984023999999998,38.0,0.0,0.0,63.0,200807,1000
reference_r1,LA-SL,200809,3,49.241333,57.0,0.0,0.0,85.0,200807,1000
reference_r1,LA-SL,200810,1,29.414582999999993,1.0,1.0,1.0,91.0,200810,1000
reference_r1,LA-SL,200811,2,28.474568000000005,35.0,1.0,1.0,21.0,200810,1000
reference_r1,LA-SL,200812,3,9.075703,12.0,1.0,1.0,8.0,200810,1000
reference_r1,LA-SL,200901,1,1.5459930000000006,2.0,1.0,1.0,1.0,200901,1000
reference_r1,LA-SL,200902,2,18.736034999999998,22.0,0.0,0.0,24.0,200901,1000
reference_r1,LA-SL,200903,3,13.003598,20.0,1.0,0.0,25.0,200901,1000
reference_r1,LA-SL,200904,1,7.020731999999999,2.0,1.0,1.0,19.0,200904,1000
reference_r1,LA-SL,200905,2,39.29073699999999,66.5,1.0,1.0,122.0,200904,1000
reference_r1,LA-SL,200906,3,40.87499600000001,40.0,1.0,1.0,42.0,200904,1000
reference_r1,LA-SL,200907,1,52.89182699999998,8.0,1.0,1.0,164.0,200907,1000
reference_r1,LA-SL,200908,2,47.43783400000001,1.0,1.0,1.0,127.0,200907,1000
reference_r1,LA-SL,200909,3,43.024525999999994,16.0,1.0,1.0,91.0,200907,1000
reference_r1,LA-SL,200910,1,32.533460000000005,60.0,1.0,0.0,94.0,200910,1000
reference_r1,LA-SL,200911,2,14.658969000000006,8.0,1.0,1.0,44.0,200910,1000
reference_r1,LA-SL,200912,3,9.137711,6.0,1.0,1.0,17.0,200910,1000
reference_r1,LA-SV,200801,1,5.109427999999999,7.0,1.0,0.0,1.0,200801,1000
reference_r1,LA-SV,200802,2,0.6990750000000001,0.0,1.0,1.0,1.0,200801,1000
reference_r1,LA-SV,200803,3,0.415829,0.0,1.0,1.0,1.0,200801,1000
reference_r1,LA-SV,200804,1,1.1472820000000001,1.5,1.0,1.0,0.0,200804,1000
reference_r1,LA-SV,200805,2,1.5941359999999998,2.0,1.0,1.0,1.0,200804,1000
reference_r1,LA-SV,200806,3,4.214805999999999,1.0,1.0,1.0,10.0,200804,1000
reference_r1,LA-SV,200807,1,113.52393999999998,139.0,0.0,0.0,11.0,200807,1000
reference_r1,LA-SV,200808,2,71.96472200000001,86.0,0.0,0.0,4.0,200807,1000
reference_r1,LA-SV,200809,3,77.04046299999999,95.0,0.0,0.0,2.0,200807,1000
reference_r1,LA-SV,200810,1,3.1728900000000007,6.0,1.0,1.0,10.0,200810,1000
reference_r1,LA-SV,200811,2,1.3009480000000004,1.0,1.0,1.0,2.0,200810,1000
reference_r1,LA-SV,200812,3,0.4863869999999999,1.0,1.0,1.0,0.0,200810,1000
reference_r1,LA-SV,200901,1,0.07787,0.0,1.0,1.0,0.0,200901,1000
reference_r1,LA-SV,200902,2,0.019207000000000002,0.0,1.0,1.0,0.0,200901,1000
reference_r1,LA-SV,200903,3,0.15096500000000002,0.0,1.0,1.0,0.0,200901,1000
reference_r1,LA-SV,200904,1,0.18088400000000004,0.0,1.0,1.0,0.0,200904,1000
reference_r1,LA-SV,200905,2,0.987428,1.0,1.0,1.0,0.0,200904,1000
reference_r1,LA-SV,200906,3,1.3116969999999997,1.0,1.0,1.0,1.0,200904,1000
reference_r1,LA-SV,200907,1,10.103089,12.0,0.0,0.0,13.0,200907,1000
reference_r1,LA-SV,200908,2,30.967716,33.0,0.0,0.0,34.0,200907,1000
reference_r1,LA-SV,200909,3,44.843826,47.0,0.0,0.0,48.0,200907,1000
reference_r1,LA-SV,200910,1,5.512906000000001,10.0,1.0,1.0,16.0,200910,1000
reference_r1,LA-SV,200911,2,23.231962000000003,30.0,0.0,0.0,33.0,200910,1000
reference_r1,LA-SV,200912,3,1.4132550000000001,3.0,1.0,1.0,4.0,200910,1000
reference_r1,LA-VT,200801,1,10.960171000000003,0.0,1.0,1.0,29.0,200801,1000
reference_r1,LA-VT,200802,2,4.711244,8.0,1.0,0.0,12.0,200801,1000
reference_r1,LA-VT,200803,3,18.546834,24.0,0.0,0.0,26.0,200801,1000
reference_r1,LA-VT,200804,1,15.723504000000002,20.0,1.0,0.0,4.0,200804,1000
reference_r1,LA-VT,200805,2,24.105915000000003,29.0,1.0,1.0,17.0,200804,1000
reference_r1,LA-VT,200806,3,98.159067,129.0,1.0,1.0,60.0,200804,1000
reference_r1,LA-VT,200807,1,104.78769399999999,154.0,0.0,0.0,132.0,200807,1000
reference_r1,LA-VT,200808,2,46.57183199999999,75.5,1.0,0.0,144.0,200807,1000
reference_r1,LA-VT,200809,3,40.449524999999994,65.0,1.0,0.0,158.0,200807,1000
reference_r1,LA-VT,200810,1,27.459522999999997,43.0,1.0,1.0,95.0,200810,1000
reference_r1,LA-VT,200811,2,56.735314,95.0,1.0,0.0,129.0,200810,1000
reference_r1,LA-VT,200812,3,59.372029000000005,79.0,0.0,0.0,91.0,200810,1000
reference_r1,LA-VT,200901,1,20.136758999999998,31.0,1.0,0.0,38.0,200901,1000
reference_r1,LA-VT,200902,2,12.885723,18.0,0.0,0.0,20.0,200901,1000
reference_r1,LA-VT,200903,3,5.886320999999999,8.0,1.0,1.0,19.0,200901,1000
reference_r1,LA-VT,200904,1,12.841665999999996,0.0,1.0,1.0,33.0,200904,1000
reference_r1,LA-VT,200905,2,88.52114999999998,113.5,1.0,1.0,54.0,200904,1000
reference_r1,LA-VT,200906,3,223.91197799999998,289.5,1.0,0.0,104.0,200904,1000
reference_r1,LA-VT,200907,1,114.33136400000001,0.5,1.0,1.0,302.0,200907,1000
reference_r1,LA-VT,200908,2,111.22447999999997,33.5,1.0,1.0,356.0,200907,1000
reference_r1,LA-VT,200909,3,122.28487900000005,168.0,1.0,1.0,470.0,200907,1000
reference_r1,LA-VT,200910,1,231.30250199999998,395.5,1.0,0.0,527.0,200910,1000
reference_r1,LA-VT,200911,2,338.404294,454.0,0.0,0.0,521.0,200910,1000
reference_r1,LA-VT,200912,3,264.063575,330.0,0.0,0.0,366.0,200910,1000
reference_r1,LA-XA,200801,1,1.1877820000000003,1.0,1.0,1.0,0.0,200801,1000
reference_r1,LA-XA,200802,2,0.191959,0.0,1.0,1.0,0.0,200801,1000
reference_r1,LA-XA,200803,3,0.14114000000000004,0.0,1.0,1.0,0.0,200801,1000
reference_r1,LA-XA,200804,1,0.053172,0.0,1.0,1.0,0.0,200804,1000
reference_r1,LA-XA,200805,2,1.179188,2.0,1.0,0.0,2.0,200804,1000
reference_r1,LA-XA,200806,3,4.216434,6.0,0.0,0.0,6.0,200804,1000
reference_r1,LA-XA,200807,1,2.266064,2.0,1.0,1.0,19.0,200807,1000
reference_r1,LA-XA,200808,2,7.407806,10.0,0.0,0.0,7.0,200807,1000
reference_r1,LA-XA,200809,3,12.298169999999999,15.0,0.0,0.0,1.0,200807,1000
reference_r1,LA-XA,200810,1,1.1264880000000002,0.0,1.0,1.0,3.0,200810,1000
reference_r1,LA-XA,200811,2,0.798864,0.0,1.0,1.0,2.0,200810,1000
reference_r1,LA-XA,200812,3,0.3880270000000001,1.0,1.0,1.0,1.0,200810,1000
reference_r1,LA-XA,200901,1,0.101634,0.0,1.0,1.0,0.0,200901,1000
reference_r1,LA-XA,200902,2,0.04542299999999999,0.0,1.0,1.0,0.0,200901,1000
reference_r1,LA-XA,200903,3,0.23213099999999998,0.0,1.0,1.0,0.0,200901,1000
reference_r1,LA-XA,200904,1,0.20142399999999994,0.0,1.0,1.0,0.0,200904,1000
reference_r1,LA-XA,200905,2,0.6277620000000002,0.0,1.0,1.0,1.0,200904,1000
reference_r1,LA-XA,200906,3,7.216356,12.0,1.0,0.0,14.0,200904,1000
reference_r1,LA-XA,200907,1,3.9927599999999996,7.0,1.0,0.0,11.0,200907,1000
reference_r1,LA-XA,200908,2,24.739746,32.0,0.0,0.0,37.0,200907,1000
reference_r1,LA-XA,200909,3,3.969868000000001,7.0,1.0,0.0,11.0,200907,1000
reference_r1,LA-XA,200910,1,2.9432419999999997,2.0,1.0,1.0,5.0,200910,1000
reference_r1,LA-XA,200911,2,1.4977229999999997,2.0,1.0,1.0,5.0,200910,1000
reference_r1,LA-XA,200912,3,0.8963589999999999,1.0,1.0,1.0,0.0,200910,1000
reference_r1,LA-XE,200801,1,0.023050999999999988,0.0,1.0,1.0,0.0,200801,1000
reference_r1,LA-XE,200802,2,0.008888999999999994,0.0,1.0,1.0,0.0,200801,1000
reference_r1,LA-XE,200803,3,0.003943999999999989,0.0,1.0,1.0,0.0,200801,1000
reference_r1,LA-XE,200804,1,0.022516000000000008,0.0,1.0,1.0,0.0,200804,1000
reference_r1,LA-XE,200805,2,0.051719000000000015,0.0,1.0,1.0,0.0,200804,1000
reference_r1,LA-XE,200806,3,3.989722,5.0,0.0,0.0,5.0,200804,1000
reference_r1,LA-XE,200807,1,1.715212,2.0,0.0,0.0,0.0,200807,1000
reference_r1,LA-XE,200808,2,1.497046,2.0,1.0,0.0,0.0,200807,1000
reference_r1,LA-XE,200809,3,0.9017750000000002,1.0,1.0,1.0,1.0,200807,1000
reference_r1,LA-XE,200810,1,0.41309000000000007,1.0,1.0,1.0,0.0,200810,1000
reference_r1,LA-XE,200811,2,0.25950699999999993,0.0,1.0,1.0,0.0,200810,1000
reference_r1,LA-XE,200812,3,0.5741080000000001,1.0,1.0,0.0,1.0,200810,1000
reference_r1,LA-XE,200901,1,0.005077999999999999,0.0,1.0,1.0,0.0,200901,1000
reference_r1,LA-XE,200902,2,1.843145,2.0,0.0,0.0,2.0,200901,1000
reference_r1,LA-XE,200903,3,1.690774,2.0,0.0,0.0,2.0,200901,1000
reference_r1,LA-XE,200904,1,0.3942920000000001,1.0,1.0,1.0,1.0,200904,1000
reference_r1,LA-XE,200905,2,0.7214539999999998,1.0,1.0,1.0,2.0,200904,1000
reference_r1,LA-XE,200906,3,4.4989799999999995,7.0,1.0,0.0,9.0,200904,1000
reference_r1,LA-XE,200907,1,16.239034,24.0,0.0,0.0,29.0,200907,1000
reference_r1,LA-XE,200908,2,13.054110999999999,21.0,1.0,0.0,27.0,200907,1000
reference_r1,LA-XE,200909,3,2.2706420000000005,1.0,1.0,1.0,6.0,200907,1000
reference_r1,LA-XE,200910,1,2.5176750000000006,3.0,1.0,1.0,7.0,200910,1000
reference_r1,LA-XE,200911,2,9.269059000000002,11.0,1.0,0.0,3.0,200910,1000
reference_r1,LA-XE,200912,3,8.964376999999995,8.0,1.0,1.0,7.0,200910,1000
reference_r1,LA-XI,200801,1,0.0006339999999999991,0.0,1.0,1.0,0.0,200801,1000
reference_r1,LA-XI,200802,2,8.099999999999948e-05,0.0,1.0,1.0,0.0,200801,1000
reference_r1,LA-XI,200803,3,0.0003259999999999999,0.0,1.0,1.0,0.0,200801,1000
reference_r1,LA-XI,200804,1,0.008175999999999989,0.0,1.0,1.0,0.0,200804,1000
reference_r1,LA-XI,200805,2,0.004637999999999989,0.0,1.0,1.0,0.0,200804,1000
reference_r1,LA-XI,200806,3,0.8050080000000001,1.0,1.0,0.0,1.0,200804,1000
reference_r1,LA-XI,200807,1,2.137698,3.0,0.0,0.0,0.0,200807,1000
reference_r1,LA-XI,200808,2,2.245413,3.0,0.0,0.0,0.0,200807,1000
reference_r1,LA-XI,200809,3,2.135573,3.0,0.0,0.0,0.0,200807,1000
reference_r1,LA-XI,200810,1,0.029351000000000016,0.0,1.0,1.0,0.0,200810,1000
reference_r1,LA-XI,200811,2,0.022003999999999996,0.0,1.0,1.0,0.0,200810,1000
reference_r1,LA-XI,200812,3,0.005919999999999995,0.0,1.0,1.0,0.0,200810,1000
reference_r1,LA-XI,200901,1,0.001469999999999999,0.0,1.0,1.0,0.0,200901,1000
reference_r1,LA-XI,200902,2,0.0018960000000000019,0.0,1.0,1.0,0.0,200901,1000
reference_r1,LA-XI,200903,3,0.003016000000000005,0.0,1.0,1.0,0.0,200901,1000
reference_r1,LA-XI,200904,1,0.0013130000000000017,0.0,1.0,1.0,0.0,200904,1000
reference_r1,LA-XI,200905,2,38.859238,39.0,0.0,0.0,39.0,200904,1000
reference_r1,LA-XI,200906,3,32.652331,33.0,0.0,0.0,33.0,200904,1000
reference_r1,LA-XI,200907,1,15.004587999999998,22.0,0.0,0.0,1.0,200907,1000
reference_r1,LA-XI,200908,2,12.679808999999999,15.0,1.0,1.0,10.0,200907,1000
reference_r1,LA-XI,200909,3,17.959259000000003,22.0,0.0,0.0,0.0,200907,1000
reference_r1,LA-XI,200910,1,12.329092,16.0,0.0,0.0,0.0,200910,1000
reference_r1,LA-XI,200911,2,5.113852000000001,6.0,1.0,0.0,0.0,200910,1000
reference_r1,LA-XI,200912,3,2.652761,4.0,1.0,0.0,0.0,200910,1000
reference_r2,LA-AT,200801,1,3.05834,4.0,0.0,0.0,4.0,200801,1000
reference_r2,LA-AT,200802,2,1.298819,2.0,1.0,0.0,2.0,200801,1000
reference_r2,LA-AT,200803,3,0.04384199999999999,0.0,1.0,1.0,0.0,200801,1000
reference_r2,LA-AT,200804,1,0.4433929999999999,1.0,1.0,1.0,0.0,200804,1000
reference_r2,LA-AT,200805,2,1.838833,3.0,1.0,0.0,4.0,200804,1000
reference_r2,LA-AT,200806,3,4.595092999999999,8.0,1.0,0.0,10.0,200804,1000
reference_r2,LA-AT,200807,1,2.1509139999999993,1.0,1.0,1.0,6.0,200807,1000
reference_r2,LA-AT,200808,2,3.7377969999999996,7.0,1.0,0.0,11.0,200807,1000
reference_r2,LA-AT,200809,3,11.900259,19.0,1.0,0.0,24.0,200807,1000
reference_r2,LA-AT,200810,1,33.707080000000005,42.0,0.0,0.0,47.0,200810,1000
reference_r2,LA-AT,200811,2,36.236675,41.0,0.0,0.0,43.0,200810,1000
reference_r2,LA-AT,200812,3,17.998069,21.0,0.0,0.0,23.0,200810,1000
reference_r2,LA-AT,200901,1,7.514766000000001,13.0,1.0,0.0,18.0,200901,1000
reference_r2,LA-AT,200902,2,35.286873,43.0,0.0,0.0,46.0,200901,1000
reference_r2,LA-AT,200903,3,55.173581999999996,70.0,0.0,0.0,77.0,200901,1000
reference_r2,LA-AT,200904,1,36.801427000000004,66.0,1.0,0.0,99.0,200904,1000
reference_r2,LA-AT,200905,2,89.22390100000001,117.5,0.0,0.0,0.0,200904,1000
reference_r2,LA-AT,200906,3,78.988655,108.5,1.0,0.0,24.0,200904,1000
reference_r2,LA-AT,200907,1,109.256573,144.0,1.0,0.0,64.0,200907,1000
reference_r2,LA-AT,200908,2,110.45397,142.0,1.0,0.0,21.0,200907,1000
reference_r2,LA-AT,200909,3,226.47498800000005,316.5,0.0,0.0,17.0,200907,1000
reference_r2,LA-AT,200910,1,39.11362799999999,50.0,0.0,0.0,4.0,200910,1000
reference_r2,LA-AT,200911,2,27.425503999999997,33.0,1.0,1.0,16.0,200910,1000
reference_r2,LA-AT,200912,3,31.580343,39.5,1.0,0.0,6.0,200910,1000
reference_r2,LA-BK,200801,1,0.940901,1.0,0.0,0.0,1.0,200801,1000
reference_r2,LA-BK,200802,2,2.499999999999985e-05,0.0,1.0,1.0,0.0,200801,1000
reference_r2,LA-BK,200803,3,3.600000000000044e-05,0.0,1.0,1.0,0.0,200801,1000
reference_r2,LA-BK,200804,1,0.03877599999999998,0.0,1.0,1.0,0.0,200804,1000
reference_r2,LA-BK,200805,2,10.947068,12.0,0.0,0.0,12.0,200804,1000
reference_r2,LA-BK,200806,3,51.478034,53.0,0.0,0.0,53.0,200804,1000
reference_r2,LA-BK,200807,1,17.712233999999995,23.0,1.0,0.0,2.0,200807,1000
reference_r2,LA-BK,200808,2,22.140758000000005,28.0,1.0,0.0,9.0,200807,1000
reference_r2,LA-BK,200809,3,61.353736,66.5,1.0,1.0,33.0,200807,1000
reference_r2,LA-BK,200810,1,37.117760000000004,25.0,1.0,1.0,48.0,200810,1000
reference_r2,LA-BK,200811,2,43.91239,51.0,0.0,0.0,55.0,200810,1000
reference_r2,LA-BK,200812,3,1.8118599999999998,3.0,1.0,1.0,5.0,200810,1000
reference_r2,LA-BK,200901,1,0.42037199999999997,0.0,1.0,1.0,1.0,200901,1000
reference_r2,LA-BK,200902,2,0.38173499999999994,1.0,1.0,1.0,0.0,200901,1000
reference_r2,LA-BK,200903,3,0.6848899999999998,0.0,1.0,1.0,1.0,200901,1000
reference_r2,LA-BK,200904,1,1.538964,0.0,1.0,1.0,3.0,200904,1000
reference_r2,LA-BK,200905,2,43.315526,63.0,0.0,0.0,74.0,200904,1000
reference_r2,LA-BK,200906,3,132.878815,184.0,0.0,0.0,216.0,200904,1000
reference_r2,LA-BK,200907,1,95.968101,161.0,1.0,0.0,212.0,200907,1000
reference_r2,LA-BK,200908,2,32.580995,57.0,1.0,1.0,110.0,200907,1000
reference_r2,LA-BK,200909,3,18.054057000000007,6.0,1.0,1.0,52.0,200907,1000
reference_r2,LA-BK,200910,1,31.185061000000005,40.5,1.0,1.0,31.0,200910,1000
reference_r2,LA-BK,200911,2,15.760075000000004,21.0,1.0,0.0,5.0,200910,1000
reference_r2,LA-BK,200912,3,6.874069000000002,9.0,1.0,1.0,4.0,200910,1000
reference_r2,LA-BL,200801,1,5.550438000000001,9.0,0.0,0.0,10.0,200801,1000
reference_r2,LA-BL,200802,2,5.819641,7.0,0.0,0.0,7.0,200801,1000
reference_r2,LA-BL,200803,3,0.42693500000000006,1.0,1.0,1.0,1.0,200801,1000
reference_r2,LA-BL,200804,1,3.576429000000001,3.0,1.0,1.0,3.0,200804,1000
reference_r2,LA-BL,200805,2,4.913164,8.0,1.0,1.0,15.0,200804,1000
reference_r2,LA-BL,200806,3,7.320087999999998,2.0,1.0,1.0,19.0,200804,1000
reference_r2,LA-BL,200807,1,20.872735999999996,19.0,1.0,1.0,31.0,200807,1000
reference_r2,LA-BL,200808,2,21.973672,18.0,1.0,1.0,32.0,200807,1000
reference_r2,LA-BL,200809,3,18.94962900000001,16.0,1.0,1.0,30.0,200807,1000
reference_r2,LA-BL,200810,1,10.961860999999995,14.0,1.0,0.0,5.0,200810,1000
reference_r2,LA-BL,200811,2,3.5845540000000007,4.0,1.0,1.0,12.0,200810,1000
reference_r2,LA-BL,200812,3,1.6035,2.0,1.0,1.0,1.0,200810,1000
reference_r2,LA-BL,200901,1,0.707516,1.0,1.0,1.0,2.0,200901,1000
reference_r2,LA-BL,200902,2,1.4635460000000002,2.0,1.0,0.0,3.0,200901,1000
reference_r2,LA-BL,200903,3,1.2968060000000001,2.0,1.0,1.0,0.0,200901,1000
reference_r2,LA-BL,200904,1,0.748874,1.0,1.0,1.0,2.0,200904,1000
reference_r2,LA-BL,200905,2,3.418284,4.0,1.0,0.0,0.0,200904,1000
reference_r2,LA-BL,200906,3,4.163371999999999,2.0,1.0,1.0,7.0,200904,1000
reference_r2,LA-BL,200907,1,13.315498,24.0,1.0,0.0,35.0,200907,1000
reference_r2,LA-BL,200908,2,5.2404209999999996,3.0,1.0,1.0,9.0,200907,1000
reference_r2,LA-BL,200909,3,9.140966999999998,12.0,0.0,0.0,0.0,200907,1000
reference_r2,LA-BL,200910,1,4.081715,5.0,1.0,0.0,1.0,200910,1000
reference_r2,LA-BL,200911,2,1.2055790000000002,1.0,1.0,1.0,2.0,200910,1000
reference_r2,LA-BL,200912,3,0.44286000000000003,0.0,1.0,1.0,1.0,200910,1000
reference_r2,LA-CH,200801,1,31.127540000000003,55.0,1.0,0.0,73.0,200801,1000
reference_r2,LA-CH,200802,2,46.226470000000006,72.0,0.0,0.0,90.0,200801,1000
reference_r2,LA-CH,200803,3,55.976547000000004,79.0,0.0,0.0,92.0,200801,1000
reference_r2,LA-CH,200804,1,26.035010999999997,12.0,1.0,1.0,69.0,200804,1000
reference_r2,LA-CH,200805,2,37.580668,25.5,1.0,1.0,113.0,200804,1000
reference_r2,LA-CH,200806,3,115.11946800000004,37.0,1.0,1.0,295.0,200804,1000
reference_r2,LA-CH,200807,1,136.64901200000003,137.5,1.0,1.0,162.0,200807,1000
reference_r2,LA-CH,200808,2,80.90458899999999,68.0,1.0,1.0,143.0,200807,1000
reference_r2,LA-CH,200809,3,91.931018,48.5,1.0,1.0,185.0,200807,1000
reference_r2,LA-CH,200810,1,39.96721200000002,40.0,1.0,1.0,140.0,200810,1000
reference_r2,LA-CH,200811,2,31.450127000000002,55.0,1.0,1.0,102.0,200810,1000
reference_r2,LA-CH,200812,3,21.523652000000006,35.0,1.0,1.0,73.0,200810,1000
reference_r2,LA-CH,200901,1,9.868848000000003,10.0,1.0,1.0,31.0,200901,1000
reference_r2,LA-CH,200902,2,23.699799,39.0,1.0,0.0,48.0,200901,1000
reference_r2,LA-CH,200903,3,19.457641000000002,34.0,1.0,1.0,60.0,200901,1000
reference_r2,LA-CH,200904,1,34.365973000000004,62.5,1.0,0.0,102.0,200904,1000
reference_r2,LA-CH,200905,2,99.32697300000001,115.5,1.0,1.0,66.0,200904,1000
reference_r2,LA-CH,200906,3,108.22382200000004,104.0,1.0,1.0,124.0,200904,1000
reference_r2,LA-CH,200907,1,127.52263499999998,145.0,1.0,1.0,122.0,200907,1000
reference_r2,LA-CH,200908,2,68.031992,60.0,1.0,1.0,110.0,200907,1000
reference_r2,LA-CH,200909,3,103.38201400000003,120.5,1.0,1.0,105.0,200907,1000
reference_r2,LA-CH,200910,1,23.116882000000004,6.0,1.0,1.0,59.0,200910,1000
reference_r2,LA-CH,200911,2,30.661194999999992,31.0,1.0,1.0,35.0,200910,1000
reference_r2,LA-CH,200912,3,24.549839000000006,21.5,1.0,1.0,32.0,200910,1000
reference_r2,LA-HO,200801,1,0.002024999999999999,0.0,1.0,1.0,0.0,200801,1000
reference_r2,LA-HO,200802,2,0.001229000000000001,0.0,1.0,1.0,0.0,200801,1000
reference_r2,LA-HO,200803,3,0.006324999999999997,0.0,1.0,1.0,0.0,200801,1000
reference_r2,LA-HO,200804,1,0.07728500000000005,0.0,1.0,1.0,0.0,200804,1000
reference_r2,LA-HO,200805,2,0.036009999999999986,0.0,1.0,1.0,0.0,200804,1000
reference_r2,LA-HO,200806,3,0.04786700000000005,0.0,1.0,1.0,0.0,200804,1000
reference_r2,LA-HO,200807,1,0.01585399999999998,0.0,1.0,1.0,0.0,200807,1000
reference_r2,LA-HO,200808,2,0.020460000000000006,0.0,1.0,1.0,0.0,200807,1000
reference_r2,LA-HO,200809,3,0.7217150000000001,1.0,1.0,0.0,1.0,200807,1000
reference_r2,LA-HO,200810,1,0.027644000000000002,0.0,1.0,1.0,0.0,200810,1000
reference_r2,LA-HO,200811,2,0.006855,0.0,1.0,1.0,0.0,200810,1000
reference_r2,LA-HO,200812,3,0.923546,1.0,0.0,0.0,1.0,200810,1000
reference_r2,LA-HO,200901,1,0.013539999999999996,0.0,1.0,1.0,0.0,200901,1000
reference_r2,LA-HO,200902,2,0.03187499999999999,0.0,1.0,1.0,0.0,200901,1000
reference_r2,LA-HO,200903,3,0.021612999999999993,0.0,1.0,1.0,0.0,200901,1000
reference_r2,LA-HO,200904,1,0.004610000000000003,0.0,1.0,1.0,0.0,200904,1000
reference_r2,LA-HO,200905,2,0.016172999999999993,0.0,1.0,1.0,0.0,200904,1000
reference_r2,LA-HO,200906,3,0.058621000000000034,0.0,1.0,1.0,0.0,200904,1000
reference_r2,LA-HO,200907,1,0.03527400000000003,0.0,1.0,1.0,0.0,200907,1000
reference_r2,LA-HO,200908,2,0.044375,0.0,1.0,1.0,0.0,200907,1000
reference_r2,LA-HO,200909,3,0.6720460000000001,1.0,1.0,0.0,1.0,200907,1000
reference_r2,LA-HO,200910,1,0.667681,1.0,1.0,0.0,1.0,200910,1000
reference_r2,LA-HO,200911,2,0.848322,1.0,0.0,0.0,1.0,200910,1000
reference_r2,LA-HO,200912,3,0.891172,1.0,0.0,0.0,1.0,200910,1000
reference_r2,LA-KH,200801,1,0.7206080000000001,1.0,1.0,1.0,0.0,200801,1000
reference_r2,LA-KH,200802,2,0.08134999999999998,0.0,1.0,1.0,0.0,200801,1000
reference_r2,LA-KH,200803,3,0.08472600000000002,0.0,1.0,1.0,0.0,200801,1000
reference_r2,LA-KH,200804,1,0.25295600000000007,0.0,1.0,1.0,0.0,200804,1000
reference_r2,LA-KH,200805,2,0.31673399999999996,0.0,1.0,1.0,0.0,200804,1000
reference_r2,LA-KH,200806,3,0.7452920000000001,0.0,1.0,1.0,1.0,200804,1000
reference_r2,LA-KH,200807,1,1.4840909999999998,3.0,1.0,0.0,3.0,200807,1000
reference_r2,LA-KH,200808,2,0.31532099999999996,0.0,1.0,1.0,0.0,200807,1000
reference_r2,LA-KH,200809,3,2.24006,4.0,1.0,0.0,4.0,200807,1000
reference_r2,LA-KH,200810,1,0.4939850000000001,0.0,1.0,1.0,1.0,200810,1000
reference_r2,LA-KH,200811,2,1.7549929999999998,3.0,1.0,0.0,3.0,200810,1000
reference_r2,LA-KH,200812,3,3.41319,4.0,0.0,0.0,4.0,200810,1000
reference_r2,LA-KH,200901,1,0.08393400000000001,0.0,1.0,1.0,0.0,200901,1000
reference_r2,LA-KH,200902,2,0.03204599999999999,0.0,1.0,1.0,0.0,200901,1000
reference_r2,LA-KH,200903,3,4.416383,6.0,0.0,0.0,6.0,200901,1000
reference_r2,LA-KH,200904,1,0.8622560000000001,1.0,1.0,1.0,0.0,200904,1000
reference_r2,LA-KH,200905,2,2.004899,2.0,1.0,1.0,6.0,200904,1000
reference_r2,LA-KH,200906,3,57.464084,73.0,0.0,0.0,80.0,200904,1000
reference_r2,LA-KH,200907,1,91.934789,132.0,0.0,0.0,155.0,200907,1000
reference_r2,LA-KH,200908,2,240.72154399999997,281.5,0.0,0.0,303.0,200907,1000
reference_r2,LA-KH,200909,3,210.076398,255.0,0.0,0.0,277.0,200907,1000
reference_r2,LA-KH,200910,1,23.815251000000004,20.0,1.0,1.0,85.0,200910,1000
reference_r2,LA-KH,200911,2,19.588126,34.0,1.0,1.0,61.0,200910,1000
reference_r2,LA-KH,200912,3,40.080589,57.0,0.0,0.0,67.0,200910,1000
reference_r2,LA-LM,200801,1,6.499999999999909e-05,0.0,1.0,1.0,0.0,200801,1000
reference_r2,LA-LM,200802,2,3.600000000000044e-05,0.0,1.0,1.0,0.0,200801,1000
reference_r2,LA-LM,200803,3,1.600000000000039e-05,0.0,1.0,1.0,0.0,200801,1000
reference_r2,LA-LM,200804,1,0.0020830000000000015,0.0,1.0,1.0,0.0,200804,1000
reference_r2,LA-LM,200805,2,0.010206999999999994,0.0,1.0,1.0,0.0,200804,1000
reference_r2,LA-LM,200806,3,0.011050000000000004,0.0,1.0,1.0,0.0,200804,1000
reference_r2,LA-LM,200807,1,0.06281100000000006,0.0,1.0,1.0,0.0,200807,1000
reference_r2,LA-LM,200808,2,0.03709499999999999,0.0,1.0,1.0,0.0,200807,1000
reference_r2,LA-LM,200809,3,0.053756000000000026,0.0,1.0,1.0,0.0,200807,1000
reference_r2,LA-LM,200810,1,0.016584000000000015,0.0,1.0,1.0,0.0,200810,1000
reference_r2,LA-LM,200811,2,0.0004580000000000001,0.0,1.0,1.0,0.0,200810,1000
reference_r2,LA-LM,200812,3,0.00029599999999999765,0.0,1.0,1.0,0.0,200810,1000
reference_r2,LA-LM,200901,1,0.00012099999999999958,0.0,1.0,1.0,0.0,200901,1000
reference_r2,LA-LM,200902,2,0.00011000000000000072,0.0,1.0,1.0,0.0,200901,1000
reference_r2,LA-LM,200903,3,0.0002559999999999993,0.0,1.0,1.0,0.0,200901,1000
reference_r2,LA-LM,200904,1,0.8894029999999999,1.0,0.0,0.0,1.0,200904,1000
reference_r2,LA-LM,200905,2,0.012563000000000019,0.0,1.0,1.0,0.0,200904,1000
reference_r2,LA-LM,200906,3,1.552043,2.0,0.0,0.0,2.0,200904,1000
reference_r2,LA-LM,200907,1,0.504273,0.0,1.0,1.0,1.0,200907,1000
reference_r2,LA-LM,200908,2,0.8952940000000003,1.0,1.0,1.0,0.0,200907,1000
reference_r2,LA-LM,200909,3,1.7142499999999998,3.0,1.0,0.0,4.0,200907,1000
reference_r2,LA-LM,200910,1,2.7551740000000002,4.0,1.0,0.0,5.0,200910,1000
reference_r2,LA-LM,200911,2,4.694286999999999,6.0,0.0,0.0,6.0,200910,1000
reference_r2,LA-LM,200912,3,3.3573440000000003,4.0,0.0,0.0,4.0,200910,1000
reference_r2,LA-LP,200801,1,0.8393949999999999,1.0,1.0,1.0,0.0,200801,1000
reference_r2,LA-LP,200802,2,14.417164,16.0,0.0,0.0,16.0,200801,1000
reference_r2,LA-LP,200803,3,20.482756000000002,22.0,0.0,0.0,22.0,200801,1000
reference_r2,LA-LP,200804,1,10.993846000000001,19.0,1.0,1.0,33.0,200804,1000
reference_r2,LA-LP,200805,2,57.961618,92.0,1.0,0.0,116.0,200804,1000
reference_r2,LA-LP,200806,3,72.59186400000002,127.0,1.0,0.0,160.0,200804,1000
reference_r2,LA-LP,200807,1,120.58147400000001,168.0,0.0,0.0,16.0,200807,1000
reference_r2,LA-LP,200808,2,101.622503,133.5,0.0,0.0,13.0,200807,1000
reference_r2,LA-LP,200809,3,105.76496399999999,145.0,0.0,0.0,14.0,200807,1000
reference_r2,LA-LP,200810,1,30.88064899999999,36.5,1.0,1.0,33.0,200810,1000
reference_r2,LA-LP,200811,2,58.17656600000001,92.0,0.0,0.0,116.0,200810,1000
reference_r2,LA-LP,200812,3,129.70809,150.0,0.0,0.0,161.0,200810,1000
reference_r2,LA-LP,200901,1,7.297065999999999,9.0,1.0,0.0,0.0,200901,1000
reference_r2,LA-LP,200902,2,6.665668999999999,9.0,0.0,0.0,0.0,200901,1000
reference_r2,LA-LP,200903,3,13.140615999999998,16.5,0.0,0.0,0.0,200901,1000
reference_r2,LA-LP,200904,1,14.120768999999996,19.0,0.0,0.0,0.0,200904,1000
reference_r2,LA-LP,200905,2,39.672504,53.5,0.0,0.0,0.0,200904,1000
reference_r2,LA-LP,200906,3,69.826533,93.0,1.0,0.0,9.0,200904,1000
reference_r2,LA-LP,200907,1,22.803514,28.0,0.0,0.0,30.0,200907,1000
reference_r2,LA-LP,200908,2,22.335302,29.0,0.0,0.0,32.0,200907,1000
reference_r2,LA-LP,200909,3,303.796444,310.0,0.0,0.0,313.0,200907,1000
reference_r2,LA-LP,200910,1,99.24905799999999,139.0,0.0,0.0,165.0,200910,1000
reference_r2,LA-LP,200911,2,57.448040000000006,77.0,0.0,0.0,87.0,200910,1000
reference_r2,LA-LP,200912,3,2.903748,4.0,1.0,0.0,0.0,200910,1000
reference_r2,LA-OU,200801,1,0.0006850000000000016,0.0,1.0,1.0,0.0,200801,1000
reference_r2,LA-OU,200802,2,0.0004849999999999993,0.0,1.0,1.0,0.0,200801,1000
reference_r2,LA-OU,200803,3,4.000000000000097e-06,0.0,1.0,1.0,0.0,200801,1000
reference_r2,LA-OU,200804,1,0.004383999999999999,0.0,1.0,1.0,0.0,200804,1000
reference_r2,LA-OU,200805,2,0.011684,0.0,1.0,1.0,0.0,200804,1000
reference_r2,LA-OU,200806,3,0.015989000000000003,0.0,1.0,1.0,0.0,200804,1000
reference_r2,LA-OU,200807,1,0.08796800000000005,0.0,1.0,1.0,0.0,200807,1000
reference_r2,LA-OU,200808,2,0.06787799999999994,0.0,1.0,1.0,0.0,200807,1000
reference_r2,LA-OU,200809,3,0.06265200000000004,0.0,1.0,1.0,0.0,200807,1000
reference_r2,LA-OU,200810,1,0.011947000000000013,0.0,1.0,1.0,0.0,200810,1000
reference_r2,LA-OU,200811,2,0.002132000000000002,0.0,1.0,1.0,0.0,200810,1000
reference_r2,LA-OU,200812,3,0.00045299999999999854,0.0,1.0,1.0,0.0,200810,1000
reference_r2,LA-OU,200901,1,0.00010499999999999919,0.0,1.0,1.0,0.0,200901,1000
reference_r2,LA-OU,200902,2,6.600000000000009e-05,0.0,1.0,1.0,0.0,200901,1000
reference_r2,LA-OU,200903,3,0.0003620000000000012,0.0,1.0,1.0,0.0,200901,1000
reference_r2,LA-OU,200904,1,0.004936999999999997,0.0,1.0,1.0,0.0,200904,1000
reference_r2,LA-OU,200905,2,0.014821,0.0,1.0,1.0,0.0,200904,1000
reference_r2,LA-OU,200906,3,0.05896800000000002,0.0,1.0,1.0,0.0,200904,1000
reference_r2,LA-OU,200907,1,0.08337099999999997,0.0,1.0,1.0,0.0,200907,1000
reference_r2,LA-OU,200908,2,0.5417139999999999,1.0,1.0,1.0,1.0,200907,1000
reference_r2,LA-OU,200909,3,14.019225,15.0,0.0,0.0,15.0,200907,1000
reference_r2,LA-OU,200910,1,2.9425950000000003,5.0,1.0,0.0,6.0,200910,1000
reference_r2,LA-OU,200911,2,11.040559,13.0,0.0,0.0,13.0,200910,1000
reference_r2,LA-OU,200912,3,17.21706,18.0,0.0,0.0,18.0,200910,1000
reference_r2,LA-PH,200901,1,0.014658999999999978,0.0,1.0,1.0,0.0,200901,1000
reference_r2,LA-PH,200902,2,0.012134999999999951,0.0,1.0,1.0,0.0,200901,1000
reference_r2,LA-PH,200903,3,0.017548000000000008,0.0,1.0,1.0,0.0,200901,1000
reference_r2,LA-PH,200904,1,0.0044450000000000045,0.0,1.0,1.0,0.0,200904,1000
reference_r2,LA-PH,200905,2,0.019544000000000006,0.0,1.0,1.0,0.0,200904,1000
reference_r2,LA-PH,200906,3,0.051072000000000006,0.0,1.0,1.0,0.0,200904,1000
reference_r2,LA-PH,200907,1,0.033765000000000045,0.0,1.0,1.0,0.0,200907,1000
reference_r2,LA-PH,200909,3,0.03634599999999999,0.0,1.0,1.0,0.0,200907,1000
reference_r2,LA-PH,200910,1,0.00770800000000002,0.0,1.0,1.0,0.0,200910,1000
reference_r2,LA-PH,200911,2,0.00390299999999999,0.0,1.0,1.0,0.0,200910,1000
reference_r2,LA-PH,200912,3,0.00040100000000000205,0.0,1.0,1.0,0.0,200910,1000
reference_r2,LA-SL,200801,1,0.8757600000000003,1.0,1.0,1.0,0.0,200801,1000
reference_r2,LA-SL,200802,2,0.38200600000000007,0.0,1.0,1.0,1.0,200801,1000
reference_r2,LA-SL,200803,3,3.674994,5.0,0.0,0.0,5.0,200801,1000
reference_r2,LA-SL,200804,1,1.0511600000000003,0.0,1.0,1.0,2.0,200804,1000
reference_r2,LA-SL,200805,2,91.881341,102.0,0.0,0.0,105.0,200804,1000
reference_r2,LA-SL,200806,3,191.82622099999998,217.0,0.0,0.0,226.0,200804,1000
reference_r2,LA-SL,200807,1,42.485556,27.5,1.0,1.0,78.0,200807,1000
reference_r2,LA-SL,200808,2,38.140794000000014,31.5,1.0,1.0,63.0,200807,1000
reference_r2,LA-SL,200809,3,40.151799999999994,21.5,1.0,1.0,85.0,200807,1000
reference_r2,LA-SL,200810,1,27.328592999999998,13.0,1.0,1.0,91.0,200810,1000
reference_r2,LA-SL,200811,2,11.276050000000001,10.5,1.0,1.0,21.0,200810,1000
reference_r2,LA-SL,200812,3,7.287348999999999,9.0,1.0,1.0,8.0,200810,1000
reference_r2,LA-SL,200901,1,1.6937170000000004,2.0,1.0,1.0,1.0,200901,1000
reference_r2,LA-SL,200902,2,18.86467,23.0,0.0,0.0,24.0,200901,1000
reference_r2,LA-SL,200903,3,13.135738,21.0,0.0,0.0,25.0,200901,1000
reference_r2,LA-SL,200904,1,7.135876,2.0,1.0,1.0,19.0,200904,1000
reference_r2,LA-SL,200905,2,38.425825,65.0,1.0,1.0,122.0,200904,1000
reference_r2,LA-SL,200906,3,43.162267,45.0,1.0,1.0,42.0,200904,1000
reference_r2,LA-SL,200907,1,53.26296000000002,33.0,1.0,1.0,164.0,200907,1000
reference_r2,LA-SL,200908,2,46.38526999999999,4.0,1.0,1.0,127.0,200907,1000
reference_r2,LA-SL,200909,3,45.74567400000001,29.5,1.0,1.0,91.0,200907,1000
reference_r2,LA-SL,200910,1,31.953400999999992,58.0,1.0,0.0,94.0,200910,1000
reference_r2,LA-SL,200911,2,14.476471999999994,8.0,1.0,1.0,44.0,200910,1000
reference_r2,LA-SL,200912,3,9.886567,7.0,1.0,1.0,17.0,200910,1000
reference_r2,LA-SV,200801,1,4.739871000000001,6.0,1.0,0.0,1.0,200801,1000
reference_r2,LA-SV,200802,2,0.8046359999999999,1.0,1.0,1.0,1.0,200801,1000
reference_r2,LA-SV,200803,3,0.45859800000000006,0.0,1.0,1.0,1.0,200801,1000
reference_r2,LA-SV,200804,1,1.2060250000000003,2.0,1.0,1.0,0.0,200804,1000
reference_r2,LA-SV,200805,2,1.2983300000000004,1.0,1.0,1.0,1.0,200804,1000
reference_r2,LA-SV,200806,3,4.621221,0.0,1.0,1.0,10.0,200804,1000
reference_r2,LA-SV,200807,1,4.886046,1.0,1.0,1.0,11.0,200807,1000
reference_r2,LA-SV,200808,2,4.821892999999999,5.0,1.0,1.0,4.0,200807,1000
reference_r2,LA-SV,200809,3,6.5100159999999985,8.0,1.0,0.0,2.0,200807,1000
reference_r2,LA-SV,200810,1,3.1316029999999992,6.0,1.0,1.0,10.0,200810,1000
reference_r2,LA-SV,200811,2,0.8272919999999999,0.0,1.0,1.0,2.0,200810,1000
reference_r2,LA-SV,200812,3,0.479471,1.0,1.0,1.0,0.0,200810,1000
reference_r2,LA-SV,200901,1,0.08061000000000001,0.0,1.0,1.0,0.0,200901,1000
reference_r2,LA-SV,200902,2,0.016978999999999994,0.0,1.0,1.0,0.0,200901,1000
reference_r2,LA-SV,200903,3,0.13651399999999997,0.0,1.0,1.0,0.0,200901,1000
reference_r2,LA-SV,200904,1,0.15349000000000002,0.0,1.0,1.0,0.0,200904,1000
reference_r2,LA-SV,200905,2,1.130335,1.0,1.0,1.0,0.0,200904,1000
reference_r2,LA-SV,200906,3,1.4388899999999998,1.0,1.0,1.0,1.0,200904,1000
reference_r2,LA-SV,200907,1,10.090833,12.0,0.0,0.0,13.0,200907,1000
reference_r2,LA-SV,200908,2,30.663666999999997,33.0,0.0,0.0,34.0,200907,1000
reference_r2,LA-SV,200909,3,44.868607,47.0,0.0,0.0,48.0,200907,1000
reference_r2,LA-SV,200910,1,5.231362000000001,10.0,1.0,1.0,16.0,200910,1000
reference_r2,LA-SV,200911,2,23.624935,30.0,0.0,0.0,33.0,200910,1000
reference_r2,LA-SV,200912,3,1.435534,3.0,1.0,1.0,4.0,200910,1000
reference_r2,LA-VT,200801,1,11.006062999999997,3.0,1.0,1.0,29.0,200801,1000
reference_r2,LA-VT,200802,2,4.1516850000000005,8.0,1.0,1.0,12.0,200801,1000
reference_r2,LA-VT,200803,3,16.961443000000003,23.0,0.0,0.0,26.0,200801,1000
reference_r2,LA-VT,200804,1,20.413182999999997,27.0,1.0,0.0,4.0,200804,1000
reference_r2,LA-VT,200805,2,22.358245000000004,28.0,1.0,1.0,17.0,200804,1000
reference_r2,LA-VT,200806,3,79.753425,98.0,1.0,1.0,60.0,200804,1000
reference_r2,LA-VT,200807,1,117.66021599999999,125.5,1.0,1.0,132.0,200807,1000
reference_r2,LA-VT,200808,2,82.54859199999999,48.5,1.0,1.0,144.0,200807,1000
reference_r2,LA-VT,200809,3,66.813523,17.0,1.0,1.0,158.0,200807,1000
reference_r2,LA-VT,200810,1,26.96411100000001,38.0,1.0,1.0,95.0,200810,1000
reference_r2,LA-VT,200811,2,71.22378099999999,104.0,0.0,0.0,129.0,200810,1000
reference_r2,LA-VT,200812,3,59.16129099999999,79.0,0.0,0.0,91.0,200810,1000
reference_r2,LA-VT,200901,1,20.244320000000002,31.0,0.0,0.0,38.0,200901,1000
reference_r2,LA-VT,200902,2,12.914274000000002,17.0,0.0,0.0,20.0,200901,1000
reference_r2,LA-VT,200903,3,5.829962999999999,8.0,1.0,1.0,19.0,200901,1000
reference_r2,LA-VT,200904,1,13.067437999999996,0.0,1.0,1.0,33.0,200904,1000
reference_r2,LA-VT,200905,2,95.49483799999999,116.0,1.0,1.0,54.0,200904,1000
reference_r2,LA-VT,200906,3,184.691211,224.0,1.0,0.0,104.0,200904,1000
reference_r2,LA-VT,200907,1,122.242594,14.5,1.0,1.0,302.0,200907,1000
reference_r2,LA-VT,200908,2,118.528213,50.0,1.0,1.0,356.0,200907,1000
reference_r2,LA-VT,200909,3,127.42892899999998,181.0,1.0,1.0,470.0,200907,1000
reference_r2,LA-VT,200910,1,235.93197200000003,391.5,1.0,0.0,527.0,200910,1000
reference_r2,LA-VT,200911,2,331.439203,447.5,0.0,0.0,521.0,200910,1000
reference_r2,LA-VT,200912,3,258.597568,331.0,0.0,0.0,366.0,200910,1000
reference_r2,LA-XA,200801,1,1.0588980000000001,1.0,1.0,1.0,0.0,200801,1000
reference_r2,LA-XA,200802,2,0.257737,0.0,1.0,1.0,0.0,200801,1000
reference_r2,LA-XA,200803,3,0.164875,0.0,1.0,1.0,0.0,200801,1000
reference_r2,LA-XA,200804,1,0.068965,0.0,1.0,1.0,0.0,200804,1000
reference_r2,LA-XA,200805,2,1.1508749999999999,2.0,1.0,0.0,2.0,200804,1000
reference_r2,LA-XA,200806,3,3.965175,6.0,0.0,0.0,6.0,200804,1000
reference_r2,LA-XA,200807,1,9.671529,16.0,1.0,0.0,19.0,200807,1000
reference_r2,LA-XA,200808,2,2.6338760000000003,5.0,1.0,0.0,7.0,200807,1000
reference_r2,LA-XA,200809,3,0.9500289999999998,1.0,1.0,1.0,1.0,200807,1000
reference_r2,LA-XA,200810,1,1.1738070000000005,0.0,1.0,1.0,3.0,200810,1000
reference_r2,LA-XA,200811,2,0.645823,1.0,1.0,1.0,2.0,200810,1000
reference_r2,LA-XA,200812,3,0.371788,1.0,1.0,1.0,1.0,200810,1000
reference_r2,LA-XA,200901,1,0.12622299999999997,0.0,1.0,1.0,0.0,200901,1000
reference_r2,LA-XA,200902,2,0.044518,0.0,1.0,1.0,0.0,200901,1000
reference_r2,LA-XA,200903,3,0.261992,0.0,1.0,1.0,0.0,200901,1000
reference_r2,LA-XA,200904,1,0.22378200000000004,0.0,1.0,1.0,0.0,200904,1000
reference_r2,LA-XA,200905,2,0.598636,0.0,1.0,1.0,1.0,200904,1000
reference_r2,LA-XA,200906,3,7.269017000000001,12.0,1.0,0.0,14.0,200904,1000
reference_r2,LA-XA,200907,1,4.232747999999999,8.0,1.0,0.0,11.0,200907,1000
reference_r2,LA-XA,200908,2,26.088083,34.0,0.0,0.0,37.0,200907,1000
reference_r2,LA-XA,200909,3,4.394658,8.0,1.0,0.0,11.0,200907,1000
reference_r2,LA-XA,200910,1,2.8626840000000016,1.0,1.0,1.0,5.0,200910,1000
reference_r2,LA-XA,200911,2,1.4843769999999998,2.0,1.0,1.0,5.0,200910,1000
reference_r2,LA-XA,200912,3,0.9059549999999998,1.0,1.0,1.0,0.0,200910,1000
reference_r2,LA-XE,200801,1,0.021546999999999983,0.0,1.0,1.0,0.0,200801,1000
reference_r2,LA-XE,200802,2,0.011259000000000019,0.0,1.0,1.0,0.0,200801,1000
reference_r2,LA-XE,200803,3,0.002721000000000001,0.0,1.0,1.0,0.0,200801,1000
reference_r2,LA-XE,200804,1,0.02654300000000001,0.0,1.0,1.0,0.0,200804,1000
reference_r2,LA-XE,200805,2,0.05205900000000002,0.0,1.0,1.0,0.0,200804,1000
reference_r2,LA-XE,200806,3,3.8398989999999995,5.0,0.0,0.0,5.0,200804,1000
reference_r2,LA-XE,200807,1,0.6005099999999999,1.0,1.0,1.0,0.0,200807,1000
reference_r2,LA-XE,200808,2,0.6117830000000002,1.0,1.0,1.0,0.0,200807,1000
reference_r2,LA-XE,200809,3,0.5722720000000001,0.0,1.0,1.0,1.0,200807,1000
reference_r2,LA-XE,200810,1,0.354166,1.0,1.0,1.0,0.0,200810,1000
reference_r2,LA-XE,200811,2,0.12369100000000005,0.0,1.0,1.0,0.0,200810,1000
reference_r2,LA-XE,200812,3,0.6282570000000001,1.0,1.0,0.0,1.0,200810,1000
reference_r2,LA-XE,200901,1,0.0066869999999999985,0.0,1.0,1.0,0.0,200901,1000
reference_r2,LA-XE,200902,2,1.8566610000000001,2.0,0.0,0.0,2.0,200901,1000
reference_r2,LA-XE,200903,3,1.7440229999999999,2.0,0.0,0.0,2.0,200901,1000
reference_r2,LA-XE,200904,1,0.416304,1.0,1.0,1.0,1.0,200904,1000
reference_r2,LA-XE,200905,2,0.748875,1.0,1.0,1.0,2.0,200904,1000
reference_r2,LA-XE,200906,3,4.44648,7.0,1.0,0.0,9.0,200904,1000
reference_r2,LA-XE,200907,1,18.265316000000002,26.0,0.0,0.0,29.0,200907,1000
reference_r2,LA-XE,200908,2,14.735589,22.0,0.0,0.0,27.0,200907,1000
reference_r2,LA-XE,200909,3,1.849589,2.0,1.0,1.0,6.0,200907,1000
reference_r2,LA-XE,200910,1,2.5706640000000007,3.0,1.0,1.0,7.0,200910,1000
reference_r2,LA-XE,200911,2,9.494939000000002,11.0,1.0,0.0,3.0,200910,1000
reference_r2,LA-XE,200912,3,9.580917999999997,9.0,1.0,1.0,7.0,200910,1000
reference_r2,LA-XI,200801,1,0.0002899999999999986,0.0,1.0,1.0,0.0,200801,1000
reference_r2,LA-XI,200802,2,8.5e-05,0.0,1.0,1.0,0.0,200801,1000
reference_r2,LA-XI,200803,3,0.0002260000000000005,0.0,1.0,1.0,0.0,200801,1000
reference_r2,LA-XI,200804,1,0.006856000000000001,0.0,1.0,1.0,0.0,200804,1000
reference_r2,LA-XI,200805,2,0.004571999999999993,0.0,1.0,1.0,0.0,200804,1000
reference_r2,LA-XI,200806,3,0.8183,1.0,0.0,0.0,1.0,200804,1000
reference_r2,LA-XI,200807,1,0.10081999999999997,0.0,1.0,1.0,0.0,200807,1000
reference_r2,LA-XI,200808,2,0.12040200000000001,0.0,1.0,1.0,0.0,200807,1000
reference_r2,LA-XI,200809,3,0.09124999999999994,0.0,1.0,1.0,0.0,200807,1000
reference_r2,LA-XI,200810,1,0.039678999999999964,0.0,1.0,1.0,0.0,200810,1000
reference_r2,LA-XI,200811,2,0.006591999999999987,0.0,1.0,1.0,0.0,200810,1000
reference_r2,LA-XI,200812,3,0.0028459999999999944,0.0,1.0,1.0,0.0,200810,1000
reference_r2,LA-XI,200901,1,0.00045700000000000254,0.0,1.0,1.0,0.0,200901,1000
reference_r2,LA-XI,200902,2,0.0023279999999999967,0.0,1.0,1.0,0.0,200901,1000
reference_r2,LA-XI,200903,3,0.0018939999999999999,0.0,1.0,1.0,0.0,200901,1000
reference_r2,LA-XI,200904,1,0.0009730000000000016,0.0,1.0,1.0,0.0,200904,1000
reference_r2,LA-XI,200905,2,38.819738,39.0,0.0,0.0,39.0,200904,1000
reference_r2,LA-XI,200906,3,32.724245999999994,33.0,0.0,0.0,33.0,200904,1000
reference_r2,LA-XI,200907,1,11.931277000000001,17.0,1.0,0.0,1.0,200907,1000
reference_r2,LA-XI,200908,2,11.259794999999997,13.0,1.0,1.0,10.0,200907,1000
reference_r2,LA-XI,200909,3,14.672871,19.0,0.0,0.0,0.0,200907,1000
reference_r2,LA-XI,200910,1,12.760963,17.0,0.0,0.0,0.0,200910,1000
reference_r2,LA-XI,200911,2,5.158639,7.0,1.0,0.0,0.0,200910,1000
reference_r2,LA-XI,200912,3,2.4451099999999997,3.0,1.0,0.0,0.0,200910,1000
reference_r3,LA-AT,200801,1,2.888607,4.0,0.0,0.0,4.0,200801,1000
reference_r3,LA-AT,200802,2,1.4004379999999998,2.0,0.0,0.0,2.0,200801,1000
reference_r3,LA-AT,200803,3,0.050887000000000016,0.0,1.0,1.0,0.0,200801,1000
reference_r3,LA-AT,200804,1,0.44818800000000003,1.0,1.0,1.0,0.0,200804,1000
reference_r3,LA-AT,200805,2,1.8488829999999998,3.0,1.0,0.0,4.0,200804,1000
reference_r3,LA-AT,200806,3,4.5846089999999995,8.0,1.0,0.0,10.0,200804,1000
reference_r3,LA-AT,200807,1,2.241161,0.0,1.0,1.0,6.0,200807,1000
reference_r3,LA-AT,200808,2,3.7820459999999994,7.0,1.0,1.0,11.0,200807,1000
reference_r3,LA-AT,200809,3,11.792722,19.0,1.0,0.0,24.0,200807,1000
reference_r3,LA-AT,200810,1,33.399978000000004,42.0,0.0,0.0,47.0,200810,1000
reference_r3,LA-AT,200811,2,36.173865,41.0,0.0,0.0,43.0,200810,1000
reference_r3,LA-AT,200812,3,17.932989,21.0,0.0,0.0,23.0,200810,1000
reference_r3,LA-AT,200901,1,7.456034000000001,13.0,1.0,0.0,18.0,200901,1000
reference_r3,LA-AT,200902,2,35.524735,43.0,0.0,0.0,46.0,200901,1000
reference_r3,LA-AT,200903,3,56.580197000000005,71.0,0.0,0.0,77.0,200901,1000
reference_r3,LA-AT,200904,1,38.584737999999994,67.0,1.0,0.0,99.0,200904,1000
reference_r3,LA-AT,200905,2,93.291177,119.0,0.0,0.0,0.0,200904,1000
reference_r3,LA-AT,200906,3,70.074433,89.0,1.0,0.0,24.0,200904,1000
reference_r3,LA-AT,200907,1,87.63025400000001,96.0,1.0,1.0,64.0,200907,1000
reference_r3,LA-AT,200908,2,105.71578900000003,141.0,1.0,0.0,21.0,200907,1000
reference_r3,LA-AT,200909,3,232.89295199999992,294.5,0.0,0.0,17.0,200907,1000
reference_r3,LA-AT,200910,1,37.25612799999999,46.0,0.0,0.0,4.0,200910,1000
reference_r3,LA-AT,200911,2,27.700101000000004,32.0,1.0,1.0,16.0,200910,1000
reference_r3,LA-AT,200912,3,31.27529,40.0,1.0,0.0,6.0,200910,1000
reference_r3,LA-BK,200801,1,0.940909,1.0,0.0,0.0,1.0,200801,1000
reference_r3,LA-BK,200802,2,0.00012099999999999958,0.0,1.0,1.0,0.0,200801,1000
reference_r3,LA-BK,200803,3,1.700000000000052e-05,0.0,1.0,1.0,0.0,200801,1000
reference_r3,LA-BK,200804,1,0.027642,0.0,1.0,1.0,0.0,200804,1000
reference_r3,LA-BK,200805,2,10.727803,12.0,0.0,0.0,12.0,200804,1000
reference_r3,LA-BK,200806,3,51.536398999999996,53.0,0.0,0.0,53.0,200804,1000
reference_r3,LA-BK,200807,1,18.144683,23.0,1.0,0.0,2.0,200807,1000
reference_r3,LA-BK,200808,2,20.027626999999995,24.0,1.0,0.0,9.0,200807,1000
reference_r3,LA-BK,200809,3,61.53006199999999,64.5,1.0,1.0,33.0,200807,1000
reference_r3,LA-BK,200810,1,38.929947,29.0,1.0,1.0,48.0,200810,1000
reference_r3,LA-BK,200811,2,42.757315,51.0,0.0,0.0,55.0,200810,1000
reference_r3,LA-BK,200812,3,1.7712999999999997,3.0,1.0,1.0,5.0,200810,1000
reference_r3,LA-BK,200901,1,0.46932799999999997,0.0,1.0,1.0,1.0,200901,1000
reference_r3,LA-BK,200902,2,0.38954199999999983,1.0,1.0,1.0,0.0,200901,1000
reference_r3,LA-BK,200903,3,0.7262740000000001,0.0,1.0,1.0,1.0,200901,1000
reference_r3,LA-BK,200904,1,1.5369409999999997,1.0,1.0,1.0,3.0,200904,1000
reference_r3,LA-BK,200905,2,43.799663,63.5,0.0,0.0,74.0,200904,1000
reference_r3,LA-BK,200906,3,127.296635,183.0,0.0,0.0,216.0,200904,1000
reference_r3,LA-BK,200907,1,94.663041,160.5,1.0,0.0,212.0,200907,1000
reference_r3,LA-BK,200908,2,33.92066,57.5,1.0,1.0,110.0,200907,1000
reference_r3,LA-BK,200909,3,19.427203,0.0,1.0,1.0,52.0,200907,1000
reference_r3,LA-BK,200910,1,28.864455000000007,30.5,1.0,1.0,31.0,200910,1000
reference_r3,LA-BK,200911,2,17.367123,23.5,1.0,0.0,5.0,200910,1000
reference_r3,LA-BK,200912,3,6.490061999999998,8.0,1.0,1.0,4.0,200910,1000
reference_r3,LA-BL,200801,1,5.385564,8.0,0.0,0.0,10.0,200801,1000
reference_r3,LA-BL,200802,2,6.178161,7.0,0.0,0.0,7.0,200801,1000
reference_r3,LA-BL,200803,3,0.3967339999999999,1.0,1.0,1.0,1.0,200801,1000
reference_r3,LA-BL,200804,1,3.1785180000000004,3.0,1.0,1.0,3.0,200804,1000
reference_r3,LA-BL,200805,2,4.883739,8.0,1.0,1.0,15.0,200804,1000
reference_r3,LA-BL,200806,3,7.246106000000001,1.0,1.0,1.0,19.0,200804,1000
reference_r3,LA-BL,200807,1,18.496939000000005,15.0,1.0,1.0,31.0,200807,1000
reference_r3,LA-BL,200808,2,19.737076000000002,17.0,1.0,1.0,32.0,200807,1000
reference_r3,LA-BL,200809,3,18.338655999999993,16.0,1.0,1.0,30.0,200807,1000
reference_r3,LA-BL,200810,1,10.704868000000001,14.5,1.0,0.0,5.0,200810,1000
reference_r3,LA-BL,200811,2,3.683796000000001,5.0,1.0,1.0,12.0,200810,1000
reference_r3,LA-BL,200812,3,1.4749470000000002,2.0,1.0,1.0,1.0,200810,1000
reference_r3,LA-BL,200901,1,0.704464,1.0,1.0,1.0,2.0,200901,1000
reference_r3,LA-BL,200902,2,1.426071,2.0,1.0,0.0,3.0,200901,1000
reference_r3,LA-BL,200903,3,1.2784669999999996,2.0,1.0,1.0,0.0,200901,1000
reference_r3,LA-BL,200904,1,0.7334640000000001,1.0,1.0,1.0,2.0,200904,1000
reference_r3,LA-BL,200905,2,3.2424790000000003,4.0,1.0,0.0,0.0,200904,1000
reference_r3,LA-BL,200906,3,3.7065979999999996,1.0,1.0,1.0,7.0,200904,1000
reference_r3,LA-BL,200907,1,13.981749,24.0,1.0,0.0,35.0,200907,1000
reference_r3,LA-BL,200908,2,4.785493000000001,2.0,1.0,1.0,9.0,200907,1000
reference_r3,LA-BL,200909,3,8.227159,11.0,1.0,0.0,0.0,200907,1000
reference_r3,LA-BL,200910,1,3.796588,5.0,1.0,0.0,1.0,200910,1000
reference_r3,LA-BL,200911,2,1.1187669999999996,1.0,1.0,1.0,2.0,200910,1000
reference_r3,LA-BL,200912,3,0.42599999999999993,0.0,1.0,1.0,1.0,200910,1000
reference_r3,LA-CH,200801,1,29.173274,51.0,1.0,0.0,73.0,200801,1000
reference_r3,LA-CH,200802,2,53.479224,77.0,0.0,0.0,90.0,200801,1000
reference_r3,LA-CH,200803,3,59.78331200000001,81.0,0.0,0.0,92.0,200801,1000
reference_r3,LA-CH,200804,1,26.473377999999997,9.0,1.0,1.0,69.0,200804,1000
reference_r3,LA-CH,200805,2,38.80585100000002,29.0,1.0,1.0,113.0,200804,1000
reference_r3,LA-CH,200806,3,106.91740599999997,2.0,1.0,1.0,295.0,200804,1000
reference_r3,LA-CH,200807,1,133.983611,149.5,1.0,1.0,162.0,200807,1000
reference_r3,LA-CH,200808,2,82.41288800000001,57.0,1.0,1.0,143.0,200807,1000
reference_r3,LA-CH,200809,3,84.29916199999997,20.5,1.0,1.0,185.0,200807,1000
reference_r3,LA-CH,200810,1,40.244579000000016,49.5,1.0,1.0,140.0,200810,1000
reference_r3,LA-CH,200811,2,31.486421999999997,58.0,1.0,1.0,102.0,200810,1000
reference_r3,LA-CH,200812,3,21.920342000000005,40.0,1.0,1.0,73.0,200810,1000
reference_r3,LA-CH,200901,1,9.677033999999999,12.0,1.0,1.0,31.0,200901,1000
reference_r3,LA-CH,200902,2,22.896001000000005,38.0,1.0,0.0,48.0,200901,1000
reference_r3,LA-CH,200903,3,19.650686999999998,35.0,1.0,0.0,60.0,200901,1000
reference_r3,LA-CH,200904,1,35.056376,59.0,1.0,0.0,102.0,200904,1000
reference_r3,LA-CH,200905,2,103.114814,125.0,1.0,0.0,66.0,200904,1000
reference_r3,LA-CH,200906,3,115.55210199999999,119.5,1.0,1.0,124.0,200904,1000
reference_r3,LA-CH,200907,1,119.88964799999997,142.0,1.0,1.0,122.0,200907,1000
reference_r3,LA-CH,200908,2,81.65221700000001,78.5,1.0,1.0,110.0,200907,1000
reference_r3,LA-CH,200909,3,88.95394199999998,100.0,1.0,1.0,105.0,200907,1000
reference_r3,LA-CH,200910,1,26.132526,9.5,1.0,1.0,59.0,200910,1000
reference_r3,LA-CH,200911,2,30.919392000000002,30.0,1.0,1.0,35.0,200910,1000
reference_r3,LA-CH,200912,3,21.581155000000003,15.0,1.0,1.0,32.0,200910,1000
reference_r3,LA-HO,200801,1,0.004706000000000002,0.0,1.0,1.0,0.0,200801,1000
reference_r3,LA-HO,200802,2,0.00044500000000000095,0.0,1.0,1.0,0.0,200801,1000
reference_r3,LA-HO,200803,3,0.00671999999999999,0.0,1.0,1.0,0.0,200801,1000
reference_r3,LA-HO,200804,1,0.06514700000000007,0.0,1.0,1.0,0.0,200804,1000
reference_r3,LA-HO,200805,2,0.033711999999999964,0.0,1.0,1.0,0.0,200804,1000
reference_r3,LA-HO,200806,3,0.063089,0.0,1.0,1.0,0.0,200804,1000
reference_r3,LA-HO,200807,1,0.021289000000000002,0.0,1.0,1.0,0.0,200807,1000
reference_r3,LA-HO,200808,2,0.02518300000000001,0.0,1.0,1.0,0.0,200807,1000
reference_r3,LA-HO,200809,3,0.710762,1.0,1.0,0.0,1.0,200807,1000
reference_r3,LA-HO,200810,1,0.03494100000000003,0.0,1.0,1.0,0.0,200810,1000
reference_r3,LA-HO,200811,2,0.0045530000000000015,0.0,1.0,1.0,0.0,200810,1000
reference_r3,LA-HO,200812,3,0.879902,1.0,0.0,0.0,1.0,200810,1000
reference_r3,LA-HO,200901,1,0.018913999999999986,0.0,1.0,1.0,0.0,200901,1000
reference_r3,LA-HO,200902,2,0.04463400000000001,0.0,1.0,1.0,0.0,200901,1000
reference_r3,LA-HO,200903,3,0.029091000000000006,0.0,1.0,1.0,0.0,200901,1000
reference_r3,LA-HO,200904,1,0.005822999999999995,0.0,1.0,1.0,0.0,200904,1000
reference_r3,LA-HO,200905,2,0.016985,0.0,1.0,1.0,0.0,200904,1000
reference_r3,LA-HO,200906,3,0.05204799999999998,0.0,1.0,1.0,0.0,200904,1000
reference_r3,LA-HO,200907,1,0.02398800000000001,0.0,1.0,1.0,0.0,200907,1000
reference_r3,LA-HO,200908,2,0.059259000000000006,0.0,1.0,1.0,0.0,200907,1000
reference_r3,LA-HO,200909,3,0.676042,1.0,1.0,0.0,1.0,200907,1000
reference_r3,LA-HO,200910,1,0.6350120000000001,1.0,1.0,0.0,1.0,200910,1000
reference_r3,LA-HO,200911,2,0.835768,1.0,0.0,0.0,1.0,200910,1000
reference_r3,LA-HO,200912,3,0.912041,1.0,0.0,0.0,1.0,200910,1000
reference_r3,LA-KH,200801,1,0.7081679999999999,1.0,1.0,1.0,0.0,200801,1000
reference_r3,LA-KH,200802,2,0.06652599999999997,0.0,1.0,1.0,0.0,200801,1000
reference_r3,LA-KH,200803,3,0.07376500000000002,0.0,1.0,1.0,0.0,200801,1000
reference_r3,LA-KH,200804,1,0.24035499999999999,0.0,1.0,1.0,0.0,200804,1000
reference_r3,LA-KH,200805,2,0.3237269999999999,0.0,1.0,1.0,0.0,200804,1000
reference_r3,LA-KH,200806,3,0.7142279999999999,0.0,1.0,1.0,1.0,200804,1000
reference_r3,LA-KH,200807,1,1.488511,3.0,1.0,0.0,3.0,200807,1000
reference_r3,LA-KH,200808,2,0.35830300000000004,0.0,1.0,1.0,0.0,200807,1000
reference_r3,LA-KH,200809,3,2.208335,4.0,1.0,0.0,4.0,200807,1000
reference_r3,LA-KH,200810,1,0.520864,0.0,1.0,1.0,1.0,200810,1000
reference_r3,LA-KH,200811,2,1.740004,3.0,1.0,0.0,3.0,200810,1000
reference_r3,LA-KH,200812,3,3.33527,4.0,0.0,0.0,4.0,200810,1000
reference_r3,LA-KH,200901,1,0.07353000000000004,0.0,1.0,1.0,0.0,200901,1000
reference_r3,LA-KH,200902,2,0.028550999999999993,0.0,1.0,1.0,0.0,200901,1000
reference_r3,LA-KH,200903,3,4.568959,6.0,0.0,0.0,6.0,200901,1000
reference_r3,LA-KH,200904,1,0.7435499999999999,1.0,1.0,1.0,0.0,200904,1000
reference_r3,LA-KH,200905,2,2.0297170000000007,2.0,1.0,1.0,6.0,200904,1000
reference_r3,LA-KH,200906,3,57.87307199999999,73.0,0.0,0.0,80.0,200904,1000
reference_r3,LA-KH,200907,1,94.694046,132.0,0.0,0.0,155.0,200907,1000
reference_r3,LA-KH,200908,2,237.078304,279.0,0.0,0.0,303.0,200907,1000
reference_r3,LA-KH,200909,3,207.55264699999998,252.0,0.0,0.0,277.0,200907,1000
reference_r3,LA-KH,200910,1,25.24323799999999,20.0,1.0,1.0,85.0,200910,1000
reference_r3,LA-KH,200911,2,19.331280000000003,35.0,1.0,1.0,61.0,200910,1000
reference_r3,LA-KH,200912,3,42.339294,57.0,0.0,0.0,67.0,200910,1000
reference_r3,LA-LM,200801,1,0.0001999999999999988,0.0,1.0,1.0,0.0,200801,1000
reference_r3,LA-LM,200802,2,6.399999999999982e-05,0.0,1.0,1.0,0.0,200801,1000
reference_r3,LA-LM,200803,3,4.000000000000097e-06,0.0,1.0,1.0,0.0,200801,1000
reference_r3,LA-LM,200804,1,0.0026609999999999967,0.0,1.0,1.0,0.0,200804,1000
reference_r3,LA-LM,200805,2,0.012790999999999997,0.0,1.0,1.0,0.0,200804,1000
reference_r3,LA-LM,200806,3,0.012294,0.0,1.0,1.0,0.0,200804,1000
reference_r3,LA-LM,200807,1,0.057588000000000084,0.0,1.0,1.0,0.0,200807,1000
reference_r3,LA-LM,200808,2,0.037051,0.0,1.0,1.0,0.0,200807,1000
reference_r3,LA-LM,200809,3,0.06681800000000004,0.0,1.0,1.0,0.0,200807,1000
reference_r3,LA-LM,200810,1,0.011674000000000018,0.0,1.0,1.0,0.0,200810,1000
reference_r3,LA-LM,200811,2,0.002357000000000005,0.0,1.0,1.0,0.0,200810,1000
reference_r3,LA-LM,200812,3,0.0002899999999999986,0.0,1.0,1.0,0.0,200810,1000
reference_r3,LA-LM,200901,1,4.900000000000043e-05,0.0,1.0,1.0,0.0,200901,1000
reference_r3,LA-LM,200902,2,0.00028900000000000106,0.0,1.0,1.0,0.0,200901,1000
reference_r3,LA-LM,200903,3,0.0003280000000000019,0.0,1.0,1.0,0.0,200901,1000
reference_r3,LA-LM,200904,1,0.887513,1.0,0.0,0.0,1.0,200904,1000
reference_r3,LA-LM,200905,2,0.009478000000000014,0.0,1.0,1.0,0.0,200904,1000
reference_r3,LA-LM,200906,3,1.533713,2.0,0.0,0.0,2.0,200904,1000
reference_r3,LA-LM,200907,1,0.5481830000000001,0.0,1.0,1.0,1.0,200907,1000
reference_r3,LA-LM,200908,2,0.8799570000000001,1.0,1.0,1.0,0.0,200907,1000
reference_r3,LA-LM,200909,3,1.769132,3.0,1.0,0.0,4.0,200907,1000
reference_r3,LA-LM,200910,1,2.7023390000000003,4.0,1.0,0.0,5.0,200910,1000
reference_r3,LA-LM,200911,2,4.644031,6.0,0.0,0.0,6.0,200910,1000
reference_r3,LA-LM,200912,3,3.3700010000000002,4.0,0.0,0.0,4.0,200910,1000
reference_r3,LA-LP,200801,1,0.8781859999999999,1.0,1.0,1.0,0.0,200801,1000
reference_r3,LA-LP,200802,2,14.628844,16.0,0.0,0.0,16.0,200801,1000
reference_r3,LA-LP,200803,3,20.564365,22.0,0.0,0.0,22.0,200801,1000
reference_r3,LA-LP,200804,1,10.778277,20.0,1.0,1.0,33.0,200804,1000
reference_r3,LA-LP,200805,2,57.95897099999999,95.0,1.0,0.0,116.0,200804,1000
reference_r3,LA-LP,200806,3,68.730706,118.0,1.0,0.0,160.0,200804,1000
reference_r3,LA-LP,200807,1,133.00155000000004,185.0,0.0,0.0,16.0,200807,1000
reference_r3,LA-LP,200808,2,113.70056200000002,145.5,0.0,0.0,13.0,200807,1000
reference_r3,LA-LP,200809,3,93.66242300000002,128.0,1.0,0.0,14.0,200807,1000
reference_r3,LA-LP,200810,1,32.298354,36.0,1.0,1.0,33.0,200810,1000
reference_r3,LA-LP,200811,2,55.886005000000004,90.0,1.0,0.0,116.0,200810,1000
reference_r3,LA-LP,200812,3,126.45517099999999,149.0,0.0,0.0,161.0,200810,1000
reference_r3,LA-LP,200901,1,7.445501,10.0,1.0,0.0,0.0,200901,1000
reference_r3,LA-LP,200902,2,6.428861999999999,8.5,1.0,0.0,0.0,200901,1000
reference_r3,LA-LP,200903,3,14.099053000000005,18.0,0.0,0.0,0.0,200901,1000
reference_r3,LA-LP,200904,1,13.837212000000001,18.0,0.0,0.0,0.0,200904,1000
reference_r3,LA-LP,200905,2,36.8475,48.0,0.0,0.0,0.0,200904,1000
reference_r3,LA-LP,200906,3,76.95894100000001,107.5,0.0,0.0,9.0,200904,1000
reference_r3,LA-LP,200907,1,22.298101,28.0,0.0,0.0,30.0,200907,1000
reference_r3,LA-LP,200908,2,22.254202,29.0,0.0,0.0,32.0,200907,1000
reference_r3,LA-LP,200909,3,303.775599,311.0,0.0,0.0,313.0,200907,1000
reference_r3,LA-LP,200910,1,99.73304800000001,143.0,0.0,0.0,165.0,200910,1000
reference_r3,LA-LP,200911,2,55.596776,76.0,0.0,0.0,87.0,200910,1000
reference_r3,LA-LP,200912,3,3.0082650000000006,4.0,1.0,0.0,0.0,200910,1000
reference_r3,LA-OU,200801,1,0.0015259999999999996,0.0,1.0,1.0,0.0,200801,1000
reference_r3,LA-OU,200802,2,9.99999999999994e-05,0.0,1.0,1.0,0.0,200801,1000
reference_r3,LA-OU,200803,3,0.0001449999999999993,0.0,1.0,1.0,0.0,200801,1000
reference_r3,LA-OU,200804,1,0.0056679999999999925,0.0,1.0,1.0,0.0,200804,1000
reference_r3,LA-OU,200805,2,0.013759999999999994,0.0,1.0,1.0,0.0,200804,1000
reference_r3,LA-OU,200806,3,0.020233,0.0,1.0,1.0,0.0,200804,1000
reference_r3,LA-OU,200807,1,0.09246900000000002,0.0,1.0,1.0,0.0,200807,1000
reference_r3,LA-OU,200808,2,0.07378799999999996,0.0,1.0,1.0,0.0,200807,1000
reference_r3,LA-OU,200809,3,0.061251000000000055,0.0,1.0,1.0,0.0,200807,1000
reference_r3,LA-OU,200810,1,0.012112000000000012,0.0,1.0,1.0,0.0,200810,1000
reference_r3,LA-OU,200811,2,0.002485000000000001,0.0,1.0,1.0,0.0,200810,1000
reference_r3,LA-OU,200812,3,0.0002899999999999986,0.0,1.0,1.0,0.0,200810,1000
reference_r3,LA-OU,200901,1,0.00022900000000000004,0.0,1.0,1.0,0.0,200901,1000
reference_r3,LA-OU,200902,2,0.0002570000000000003,0.0,1.0,1.0,0.0,200901,1000
reference_r3,LA-OU,200903,3,0.0005289999999999982,0.0,1.0,1.0,0.0,200901,1000
reference_r3,LA-OU,200904,1,0.005062999999999998,0.0,1.0,1.0,0.0,200904,1000
reference_r3,LA-OU,200905,2,0.019257000000000024,0.0,1.0,1.0,0.0,200904,1000
reference_r3,LA-OU,200906,3,0.05323499999999998,0.0,1.0,1.0,0.0,200904,1000
reference_r3,LA-OU,200907,1,0.07373200000000008,0.0,1.0,1.0,0.0,200907,1000
reference_r3,LA-OU,200908,2,0.541878,1.0,1.0,1.0,1.0,200907,1000
reference_r3,LA-OU,200909,3,13.841520000000001,15.0,0.0,0.0,15.0,200907,1000
reference_r3,LA-OU,200910,1,3.034879,5.0,1.0,0.0,6.0,200910,1000
reference_r3,LA-OU,200911,2,10.991119000000001,13.0,0.0,0.0,13.0,200910,1000
reference_r3,LA-OU,200912,3,17.252954,18.0,0.0,0.0,18.0,200910,1000
reference_r3,LA-PH,200901,1,0.014131000000000005,0.0,1.0,1.0,0.0,200901,1000
reference_r3,LA-PH,200902,2,0.017574000000000034,0.0,1.0,1.0,0.0,200901,1000
reference_r3,LA-PH,200903,3,0.021440999999999932,0.0,1.0,1.0,0.0,200901,1000
reference_r3,LA-PH,200904,1,0.0046700000000000075,0.0,1.0,1.0,0.0,200904,1000
reference_r3,LA-PH,200905,2,0.012311000000000016,0.0,1.0,1.0,0.0,200904,1000
reference_r3,LA-PH,200906,3,0.034329000000000054,0.0,1.0,1.0,0.0,200904,1000
reference_r3,LA-PH,200907,1,0.02084400000000003,0.0,1.0,1.0,0.0,200907,1000
reference_r3,LA-PH,200909,3,0.03339500000000001,0.0,1.0,1.0,0.0,200907,1000
reference_r3,LA-PH,200910,1,0.008355000000000001,0.0,1.0,1.0,0.0,200910,1000
reference_r3,LA-PH,200911,2,0.0015940000000000051,0.0,1.0,1.0,0.0,200910,1000
reference_r3,LA-PH,200912,3,0.0003280000000000019,0.0,1.0,1.0,0.0,200910,1000
reference_r3,LA-SL,200801,1,0.8278559999999999,1.0,1.0,1.0,0.0,200801,1000
reference_r3,LA-SL,200802,2,0.3917799999999999,1.0,1.0,1.0,1.0,200801,1000
reference_r3,LA-SL,200803,3,3.979292,5.0,0.0,0.0,5.0,200801,1000
reference_r3,LA-SL,200804,1,1.0111090000000003,0.0,1.0,1.0,2.0,200804,1000
reference_r3,LA-SL,200805,2,92.573257,102.0,0.0,0.0,105.0,200804,1000
reference_r3,LA-SL,200806,3,193.976708,217.0,0.0,0.0,226.0,200804,1000
reference_r3,LA-SL,200807,1,43.61260399999999,23.0,1.0,1.0,78.0,200807,1000
reference_r3,LA-SL,200808,2,40.872648,32.0,1.0,1.0,63.0,200807,1000
reference_r3,LA-SL,200809,3,42.031729,32.0,1.0,1.0,85.0,200807,1000
reference_r3,LA-SL,200810,1,29.576730000000012,17.0,1.0,1.0,91.0,200810,1000
reference_r3,LA-SL,200811,2,10.670465000000004,9.0,1.0,1.0,21.0,200810,1000
reference_r3,LA-SL,200812,3,8.246591000000002,10.0,1.0,1.0,8.0,200810,1000
reference_r3,LA-SL,200901,1,1.6037900000000005,2.0,1.0,1.0,1.0,200901,1000
reference_r3,LA-SL,200902,2,18.549703,23.0,0.0,0.0,24.0,200901,1000
reference_r3,LA-SL,200903,3,11.841568,20.0,1.0,0.0,25.0,200901,1000
reference_r3,LA-SL,200904,1,7.038331000000003,3.0,1.0,1.0,19.0,200904,1000
reference_r3,LA-SL,200905,2,37.09272700000001,60.0,1.0,1.0,122.0,200904,1000
reference_r3,LA-SL,200906,3,40.891915,42.0,1.0,1.0,42.0,200904,1000
reference_r3,LA-SL,200907,1,49.45309900000001,29.0,1.0,1.0,164.0,200907,1000
reference_r3,LA-SL,200908,2,47.74937299999999,1.0,1.0,1.0,127.0,200907,1000
reference_r3,LA-SL,200909,3,41.98455700000001,24.0,1.0,1.0,91.0,200907,1000
reference_r3,LA-SL,200910,1,30.173854,55.0,1.0,1.0,94.0,200910,1000
reference_r3,LA-SL,200911,2,14.580534,6.0,1.0,1.0,44.0,200910,1000
reference_r3,LA-SL,200912,3,10.267557999999998,8.0,1.0,1.0,17.0,200910,1000
reference_r3,LA-SV,200801,1,4.792812,6.0,1.0,0.0,1.0,200801,1000
reference_r3,LA-SV,200802,2,0.617702,0.0,1.0,1.0,1.0,200801,1000
reference_r3,LA-SV,200803,3,0.4118869999999999,0.0,1.0,1.0,1.0,200801,1000
reference_r3,LA-SV,200804,1,1.179436,1.0,1.0,1.0,0.0,200804,1000
reference_r3,LA-SV,200805,2,1.2201209999999993,1.0,1.0,1.0,1.0,200804,1000
reference_r3,LA-SV,200806,3,4.584598,1.0,1.0,1.0,10.0,200804,1000
reference_r3,LA-SV,200807,1,4.247294000000002,1.0,1.0,1.0,11.0,200807,1000
reference_r3,LA-SV,200808,2,4.263673000000001,4.0,1.0,1.0,4.0,200807,1000
reference_r3,LA-SV,200809,3,6.827465999999999,9.0,1.0,0.0,2.0,200807,1000
reference_r3,LA-SV,200810,1,3.0929629999999992,5.5,1.0,1.0,10.0,200810,1000
reference_r3,LA-SV,200811,2,0.7806039999999999,0.0,1.0,1.0,2.0,200810,1000
reference_r3,LA-SV,200812,3,0.5412870000000001,1.0,1.0,1.0,0.0,200810,1000
reference_r3,LA-SV,200901,1,0.07198399999999999,0.0,1.0,1.0,0.0,200901,1000
reference_r3,LA-SV,200902,2,0.016901,0.0,1.0,1.0,0.0,200901,1000
reference_r3,LA-SV,200903,3,0.16816399999999998,0.0,1.0,1.0,0.0,200901,1000
reference_r3,LA-SV,200904,1,0.17563099999999998,0.0,1.0,1.0,0.0,200904,1000
reference_r3,LA-SV,200905,2,1.085391,1.0,1.0,1.0,0.0,200904,1000
reference_r3,LA-SV,200906,3,1.4960859999999996,2.0,1.0,1.0,1.0,200904,1000
reference_r3,LA-SV,200907,1,10.074629,12.0,0.0,0.0,13.0,200907,1000
reference_r3,LA-SV,200908,2,30.772848,34.0,0.0,0.0,34.0,200907,1000
reference_r3,LA-SV,200909,3,45.010109,48.0,0.0,0.0,48.0,200907,1000
reference_r3,LA-SV,200910,1,5.123495,9.0,1.0,1.0,16.0,200910,1000
reference_r3,LA-SV,200911,2,23.645258000000002,30.0,0.0,0.0,33.0,200910,1000
reference_r3,LA-SV,200912,3,1.395365,3.0,1.0,1.0,4.0,200910,1000
reference_r3,LA-VT,200801,1,12.163384999999998,2.0,1.0,1.0,29.0,200801,1000
reference_r3,LA-VT,200802,2,4.659883,9.0,1.0,0.0,12.0,200801,1000
reference_r3,LA-VT,200803,3,18.29898,23.0,0.0,0.0,26.0,200801,1000
reference_r3,LA-VT,200804,1,19.172362999999997,24.0,1.0,0.0,4.0,200804,1000
reference_r3,LA-VT,200805,2,23.558241000000002,27.5,1.0,1.0,17.0,200804,1000
reference_r3,LA-VT,200806,3,96.32926700000002,111.0,1.0,1.0,60.0,200804,1000
reference_r3,LA-VT,200807,1,108.49494199999998,112.0,1.0,1.0,132.0,200807,1000
reference_r3,LA-VT,200808,2,88.09037299999997,87.5,1.0,1.0,144.0,200807,1000
reference_r3,LA-VT,200809,3,66.24508599999999,16.5,1.0,1.0,158.0,200807,1000
reference_r3,LA-VT,200810,1,26.846834,40.5,1.0,1.0,95.0,200810,1000
reference_r3,LA-VT,200811,2,71.179299,106.0,0.0,0.0,129.0,200810,1000
reference_r3,LA-VT,200812,3,57.463187000000005,78.0,0.0,0.0,91.0,200810,1000
reference_r3,LA-VT,200901,1,20.380465,31.5,0.0,0.0,38.0,200901,1000
reference_r3,LA-VT,200902,2,12.822267,18.0,0.0,0.0,20.0,200901,1000
reference_r3,LA-VT,200903,3,6.180342999999999,10.0,1.0,1.0,19.0,200901,1000
reference_r3,LA-VT,200904,1,11.898327000000002,4.0,1.0,1.0,33.0,200904,1000
reference_r3,LA-VT,200905,2,91.09469400000003,109.0,1.0,0.0,54.0,200904,1000
reference_r3,LA-VT,200906,3,187.98703600000005,230.5,1.0,1.0,104.0,200904,1000
reference_r3,LA-VT,200907,1,122.30839099999997,41.5,1.0,1.0,302.0,200907,1000
reference_r3,LA-VT,200908,2,108.06932699999999,63.5,1.0,1.0,356.0,200907,1000
reference_r3,LA-VT,200909,3,141.55469000000005,200.0,1.0,1.0,470.0,200907,1000
reference_r3,LA-VT,200910,1,229.643017,380.0,1.0,0.0,527.0,200910,1000
reference_r3,LA-VT,200911,2,316.40054599999996,449.5,0.0,0.0,521.0,200910,1000
reference_r3,LA-VT,200912,3,258.042895,330.0,0.0,0.0,366.0,200910,1000
reference_r3,LA-XA,200801,1,1.1832979999999997,2.0,1.0,1.0,0.0,200801,1000
reference_r3,LA-XA,200802,2,0.21890500000000002,0.0,1.0,1.0,0.0,200801,1000
reference_r3,LA-XA,200803,3,0.16321600000000003,0.0,1.0,1.0,0.0,200801,1000
reference_r3,LA-XA,200804,1,0.05725999999999998,0.0,1.0,1.0,0.0,200804,1000
reference_r3,LA-XA,200805,2,1.2138689999999999,2.0,1.0,0.0,2.0,200804,1000
reference_r3,LA-XA,200806,3,4.229419,6.0,0.0,0.0,6.0,200804,1000
reference_r3,LA-XA,200807,1,10.119444999999999,16.0,0.0,0.0,19.0,200807,1000
reference_r3,LA-XA,200808,2,2.669842,5.0,1.0,0.0,7.0,200807,1000
reference_r3,LA-XA,200809,3,0.8471829999999998,1.0,1.0,1.0,1.0,200807,1000
reference_r3,LA-XA,200810,1,1.0607059999999997,0.0,1.0,1.0,3.0,200810,1000
reference_r3,LA-XA,200811,2,0.6262549999999998,1.0,1.0,1.0,2.0,200810,1000
reference_r3,LA-XA,200812,3,0.35827699999999996,1.0,1.0,1.0,1.0,200810,1000
reference_r3,LA-XA,200901,1,0.10327800000000004,0.0,1.0,1.0,0.0,200901,1000
reference_r3,LA-XA,200902,2,0.05192199999999997,0.0,1.0,1.0,0.0,200901,1000
reference_r3,LA-XA,200903,3,0.24823399999999995,0.0,1.0,1.0,0.0,200901,1000
reference_r3,LA-XA,200904,1,0.188847,0.0,1.0,1.0,0.0,200904,1000
reference_r3,LA-XA,200905,2,0.5894130000000002,0.0,1.0,1.0,1.0,200904,1000
reference_r3,LA-XA,200906,3,7.56015,12.0,0.0,0.0,14.0,200904,1000
reference_r3,LA-XA,200907,1,4.300765,8.0,1.0,0.0,11.0,200907,1000
reference_r3,LA-XA,200908,2,26.086075,34.0,0.0,0.0,37.0,200907,1000
reference_r3,LA-XA,200909,3,4.384111000000001,8.0,1.0,0.0,11.0,200907,1000
reference_r3,LA-XA,200910,1,2.706615,2.0,1.0,1.0,5.0,200910,1000
reference_r3,LA-XA,200911,2,1.4927039999999998,2.0,1.0,1.0,5.0,200910,1000
reference_r3,LA-XA,200912,3,0.8273030000000001,1.0,1.0,1.0,0.0,200910,1000
reference_r3,LA-XE,200801,1,0.023634000000000016,0.0,1.0,1.0,0.0,200801,1000
reference_r3,LA-XE,200802,2,0.009838,0.0,1.0,1.0,0.0,200801,1000
reference_r3,LA-XE,200803,3,0.003055000000000002,0.0,1.0,1.0,0.0,200801,1000
reference_r3,LA-XE,200804,1,0.023568000000000006,0.0,1.0,1.0,0.0,200804,1000
reference_r3,LA-XE,200805,2,0.05527599999999999,0.0,1.0,1.0,0.0,200804,1000
reference_r3,LA-XE,200806,3,4.022364,5.0,0.0,0.0,5.0,200804,1000
reference_r3,LA-XE,200807,1,0.6022130000000001,1.0,1.0,1.0,0.0,200807,1000
reference_r3,LA-XE,200808,2,0.64398,1.0,1.0,1.0,0.0,200807,1000
reference_r3,LA-XE,200809,3,0.5535439999999998,0.0,1.0,1.0,1.0,200807,1000
reference_r3,LA-XE,200810,1,0.35405600000000004,0.0,1.0,1.0,0.0,200810,1000
reference_r3,LA-XE,200811,2,0.10200999999999999,0.0,1.0,1.0,0.0,200810,1000
reference_r3,LA-XE,200812,3,0.614307,1.0,1.0,0.0,1.0,200810,1000
reference_r3,LA-XE,200901,1,0.0044379999999999975,0.0,1.0,1.0,0.0,200901,1000
reference_r3,LA-XE,200902,2,1.8617270000000001,2.0,0.0,0.0,2.0,200901,1000
reference_r3,LA-XE,200903,3,1.733745,2.0,0.0,0.0,2.0,200901,1000
reference_r3,LA-XE,200904,1,0.4115,1.0,1.0,1.0,1.0,200904,1000
reference_r3,LA-XE,200905,2,0.7347090000000001,1.0,1.0,1.0,2.0,200904,1000
reference_r3,LA-XE,200906,3,4.345927,7.0,1.0,0.0,9.0,200904,1000
reference_r3,LA-XE,200907,1,18.748196,25.0,0.0,0.0,29.0,200907,1000
reference_r3,LA-XE,200908,2,14.45844,22.0,0.0,0.0,27.0,200907,1000
reference_r3,LA-XE,200909,3,2.001018,2.0,1.0,1.0,6.0,200907,1000
reference_r3,LA-XE,200910,1,2.556958999999999,3.0,1.0,1.0,7.0,200910,1000
reference_r3,LA-XE,200911,2,9.576990000000002,11.0,1.0,0.0,3.0,200910,1000
reference_r3,LA-XE,200912,3,8.095329,8.0,1.0,1.0,7.0,200910,1000
reference_r3,LA-XI,200801,1,0.0002559999999999993,0.0,1.0,1.0,0.0,200801,1000
reference_r3,LA-XI,200802,2,6.399999999999982e-05,0.0,1.0,1.0,0.0,200801,1000
reference_r3,LA-XI,200803,3,0.00018299999999999914,0.0,1.0,1.0,0.0,200801,1000
reference_r3,LA-XI,200804,1,0.003588999999999995,0.0,1.0,1.0,0.0,200804,1000
reference_r3,LA-XI,200805,2,0.004889999999999992,0.0,1.0,1.0,0.0,200804,1000
reference_r3,LA-XI,200806,3,0.825932,1.0,0.0,0.0,1.0,200804,1000
reference_r3,LA-XI,200807,1,0.11691600000000002,0.0,1.0,1.0,0.0,200807,1000
reference_r3,LA-XI,200808,2,0.10464200000000007,0.0,1.0,1.0,0.0,200807,1000
reference_r3,LA-XI,200809,3,0.09041599999999994,0.0,1.0,1.0,0.0,200807,1000
reference_r3,LA-XI,200810,1,0.03425200000000003,0.0,1.0,1.0,0.0,200810,1000
reference_r3,LA-XI,200811,2,0.008518999999999999,0.0,1.0,1.0,0.0,200810,1000
reference_r3,LA-XI,200812,3,0.0040060000000000096,0.0,1.0,1.0,0.0,200810,1000
reference_r3,LA-XI,200901,1,0.0008090000000000042,0.0,1.0,1.0,0.0,200901,1000
reference_r3,LA-XI,200902,2,0.0025210000000000024,0.0,1.0,1.0,0.0,200901,1000
reference_r3,LA-XI,200903,3,0.003494999999999998,0.0,1.0,1.0,0.0,200901,1000
reference_r3,LA-XI,200904,1,0.0007599999999999968,0.0,1.0,1.0,0.0,200904,1000
reference_r3,LA-XI,200905,2,38.843874,39.0,0.0,0.0,39.0,200904,1000
reference_r3,LA-XI,200906,3,32.672653000000004,33.0,0.0,0.0,33.0,200904,1000
reference_r3,LA-XI,200907,1,11.339324000000001,15.0,1.0,0.0,1.0,200907,1000
reference_r3,LA-XI,200908,2,11.662830000000003,14.0,1.0,1.0,10.0,200907,1000
reference_r3,LA-XI,200909,3,15.278744,21.0,0.0,0.0,0.0,200907,1000
reference_r3,LA-XI,200910,1,12.942575999999999,17.0,0.0,0.0,0.0,200910,1000
reference_r3,LA-XI,200911,2,5.366906,7.0,1.0,0.0,0.0,200910,1000
reference_r3,LA-XI,200912,3,2.5177890000000005,3.0,1.0,0.0,0.0,200910,1000
reference_r4,LA-AT,200801,1,2.873113,4.0,0.0,0.0,4.0,200801,1000
reference_r4,LA-AT,200802,2,1.452801,2.0,0.0,0.0,2.0,200801,1000
reference_r4,LA-AT,200803,3,0.038554000000000005,0.0,1.0,1.0,0.0,200801,1000
reference_r4,LA-AT,200804,1,0.4546220000000001,1.0,1.0,1.0,0.0,200804,1000
reference_r4,LA-AT,200805,2,1.682086,3.0,1.0,0.0,4.0,200804,1000
reference_r4,LA-AT,200806,3,4.651344,8.0,1.0,0.0,10.0,200804,1000
reference_r4,LA-AT,200807,1,2.93497,1.0,1.0,1.0,6.0,200807,1000
reference_r4,LA-AT,200808,2,3.4025879999999997,6.0,1.0,1.0,11.0,200807,1000
reference_r4,LA-AT,200809,3,11.316578,18.0,1.0,0.0,24.0,200807,1000
reference_r4,LA-AT,200810,1,39.984564999999996,47.0,0.0,0.0,47.0,200810,1000
reference_r4,LA-AT,200811,2,39.097049,43.0,0.0,0.0,43.0,200810,1000
reference_r4,LA-AT,200812,3,19.761042,23.0,0.0,0.0,23.0,200810,1000
reference_r4,LA-AT,200901,1,7.404312,13.0,1.0,0.0,18.0,200901,1000
reference_r4,LA-AT,200902,2,35.178325,43.0,0.0,0.0,46.0,200901,1000
reference_r4,LA-AT,200903,3,55.653998,70.0,0.0,0.0,77.0,200901,1000
reference_r4,LA-AT,200904,1,37.372299,65.5,1.0,0.0,99.0,200904,1000
reference_r4,LA-AT,200905,2,87.354321,106.5,0.0,0.0,0.0,200904,1000
reference_r4,LA-AT,200906,3,73.18343499999997,96.0,1.0,0.0,24.0,200904,1000
reference_r4,LA-AT,200907,1,95.540303,130.5,1.0,1.0,64.0,200907,1000
reference_r4,LA-AT,200908,2,133.18754300000003,169.0,1.0,0.0,21.0,200907,1000
reference_r4,LA-AT,200909,3,224.41511900000006,303.5,0.0,0.0,17.0,200907,1000
reference_r4,LA-AT,200910,1,39.060821000000004,48.5,0.0,0.0,4.0,200910,1000
reference_r4,LA-AT,200911,2,27.094098000000002,32.0,1.0,1.0,16.0,200910,1000
reference_r4,LA-AT,200912,3,30.571682999999993,37.0,1.0,0.0,6.0,200910,1000
reference_r4,LA-BK,200801,1,0.950629,1.0,0.0,0.0,1.0,200801,1000
reference_r4,LA-BK,200802,2,9.99999999999994e-05,0.0,1.0,1.0,0.0,200801,1000
reference_r4,LA-BK,200803,3,2.599999999999998e-05,0.0,1.0,1.0,0.0,200801,1000
reference_r4,LA-BK,200804,1,0.02942700000000001,0.0,1.0,1.0,0.0,200804,1000
reference_r4,LA-BK,200805,2,10.941189000000001,12.0,0.0,0.0,12.0,200804,1000
reference_r4,LA-BK,200806,3,51.454693,53.0,0.0,0.0,53.0,200804,1000
reference_r4,LA-BK,200807,1,16.012252999999998,22.0,1.0,0.0,2.0,200807,1000
reference_r4,LA-BK,200808,2,30.272317,34.5,1.0,0.0,9.0,200807,1000
reference_r4,LA-BK,200809,3,79.527536,86.0,1.0,0.0,33.0,200807,1000
reference_r4,LA-BK,200810,1,28.615651,41.0,1.0,1.0,48.0,200810,1000
reference_r4,LA-BK,200811,2,50.154639,55.0,0.0,0.0,55.0,200810,1000
reference_r4,LA-BK,200812,3,3.5427359999999997,5.0,0.0,0.0,5.0,200810,1000
reference_r4,LA-BK,200901,1,0.4202920000000001,0.0,1.0,1.0,1.0,200901,1000
reference_r4,LA-BK,200902,2,0.352305,0.0,1.0,1.0,0.0,200901,1000
reference_r4,LA-BK,200903,3,0.636592,0.0,1.0,1.0,1.0,200901,1000
reference_r4,LA-BK,200904,1,1.5559599999999998,0.0,1.0,1.0,3.0,200904,1000
reference_r4,LA-BK,200905,2,43.048112,63.0,0.0,0.0,74.0,200904,1000
reference_r4,LA-BK,200906,3,128.851638,183.0,0.0,0.0,216.0,200904,1000
reference_r4,LA-BK,200907,1,88.202557,152.0,1.0,0.0,212.0,200907,1000
reference_r4,LA-BK,200908,2,31.541193999999997,52.0,1.0,1.0,110.0,200907,1000
reference_r4,LA-BK,200909,3,19.017716000000007,3.0,1.0,1.0,52.0,200907,1000
reference_r4,LA-BK,200910,1,26.37441899999999,30.0,1.0,1.0,31.0,200910,1000
reference_r4,LA-BK,200911,2,16.415479,24.0,1.0,0.0,5.0,200910,1000
reference_r4,LA-BK,200912,3,7.2705639999999985,10.0,1.0,1.0,4.0,200910,1000
reference_r4,LA-BL,200801,1,5.681319,9.0,0.0,0.0,10.0,200801,1000
reference_r4,LA-BL,200802,2,6.178691000000001,7.0,0.0,0.0,7.0,200801,1000
reference_r4,LA-BL,200803,3,0.44410399999999994,1.0,1.0,1.0,1.0,200801,1000
reference_r4,LA-BL,200804,1,2.949738,2.0,1.0,1.0,3.0,200804,1000
reference_r4,LA-BL,200805,2,4.676348000000001,6.0,1.0,1.0,15.0,200804,1000
reference_r4,LA-BL,200806,3,7.401237999999999,1.0,1.0,1.0,19.0,200804,1000
reference_r4,LA-BL,200807,1,15.047891999999997,5.0,1.0,1.0,31.0,200807,1000
reference_r4,LA-BL,200808,2,21.291354000000005,20.5,1.0,1.0,32.0,200807,1000
reference_r4,LA-BL,200809,3,20.317912999999997,18.0,1.0,1.0,30.0,200807,1000
reference_r4,LA-BL,200810,1,2.8506040000000006,4.0,1.0,1.0,5.0,200810,1000
reference_r4,LA-BL,200811,2,6.939865000000001,11.0,1.0,0.0,12.0,200810,1000
reference_r4,LA-BL,200812,3,0.6477600000000001,1.0,1.0,1.0,1.0,200810,1000
reference_r4,LA-BL,200901,1,0.7064250000000001,1.0,1.0,1.0,2.0,200901,1000
reference_r4,LA-BL,200902,2,1.438393,2.0,1.0,0.0,3.0,200901,1000
reference_r4,LA-BL,200903,3,1.3394810000000001,2.0,1.0,1.0,0.0,200901,1000
reference_r4,LA-BL,200904,1,0.7926489999999999,0.0,1.0,1.0,2.0,200904,1000
reference_r4,LA-BL,200905,2,3.2353130000000005,4.0,1.0,0.0,0.0,200904,1000
reference_r4,LA-BL,200906,3,3.9248089999999998,2.0,1.0,1.0,7.0,200904,1000
reference_r4,LA-BL,200907,1,12.889753,23.0,1.0,0.0,35.0,200907,1000
reference_r4,LA-BL,200908,2,4.794423000000002,3.0,1.0,1.0,9.0,200907,1000
reference_r4,LA-BL,200909,3,10.130533,13.0,0.0,0.0,0.0,200907,1000
reference_r4,LA-BL,200910,1,4.305059,6.0,1.0,0.0,1.0,200910,1000
reference_r4,LA-BL,200911,2,1.3666040000000006,1.0,1.0,1.0,2.0,200910,1000
reference_r4,LA-BL,200912,3,0.467638,0.0,1.0,1.0,1.0,200910,1000
reference_r4,LA-CH,200801,1,29.938042999999997,52.0,1.0,0.0,73.0,200801,1000
reference_r4,LA-CH,200802,2,53.133644000000004,77.0,0.0,0.0,90.0,200801,1000
reference_r4,LA-CH,200803,3,59.236345,81.0,0.0,0.0,92.0,200801,1000
reference_r4,LA-CH,200804,1,23.578446,11.0,1.0,1.0,69.0,200804,1000
reference_r4,LA-CH,200805,2,41.06706799999999,23.0,1.0,1.0,113.0,200804,1000
reference_r4,LA-CH,200806,3,103.769657,58.0,1.0,1.0,295.0,200804,1000
reference_r4,LA-CH,200807,1,151.477977,187.0,1.0,1.0,162.0,200807,1000
reference_r4,LA-CH,200808,2,114.55744600000003,120.5,1.0,1.0,143.0,200807,1000
reference_r4,LA-CH,200809,3,103.420728,70.0,1.0,1.0,185.0,200807,1000
reference_r4,LA-CH,200810,1,84.229028,135.0,1.0,0.0,140.0,200810,1000
reference_r4,LA-CH,200811,2,69.745096,99.0,0.0,0.0,102.0,200810,1000
reference_r4,LA-CH,200812,3,47.196806,70.0,0.0,0.0,73.0,200810,1000
reference_r4,LA-CH,200901,1,9.62048,12.0,1.0,1.0,31.0,200901,1000
reference_r4,LA-CH,200902,2,22.657987999999996,38.0,1.0,0.0,48.0,200901,1000
reference_r4,LA-CH,200903,3,19.719257999999996,34.0,1.0,1.0,60.0,200901,1000
reference_r4,LA-CH,200904,1,33.66638,60.0,1.0,1.0,102.0,200904,1000
reference_r4,LA-CH,200905,2,94.63341699999998,122.5,1.0,0.0,66.0,200904,1000
reference_r4,LA-CH,200906,3,102.88854099999998,106.0,1.0,1.0,124.0,200904,1000
reference_r4,LA-CH,200907,1,116.88185299999998,139.0,1.0,1.0,122.0,200907,1000
reference_r4,LA-CH,200908,2,78.46720300000004,79.5,1.0,1.0,110.0,200907,1000
reference_r4,LA-CH,200909,3,103.44577799999999,125.0,1.0,1.0,105.0,200907,1000
reference_r4,LA-CH,200910,1,23.186206999999996,0.5,1.0,1.0,59.0,200910,1000
reference_r4,LA-CH,200911,2,31.284728,36.0,1.0,1.0,35.0,200910,1000
reference_r4,LA-CH,200912,3,20.718842000000002,14.0,1.0,1.0,32.0,200910,1000
reference_r4,LA-HO,200801,1,0.003473999999999991,0.0,1.0,1.0,0.0,200801,1000
reference_r4,LA-HO,200802,2,0.0010399999999999993,0.0,1.0,1.0,0.0,200801,1000
reference_r4,LA-HO,200803,3,0.01181299999999999,0.0,1.0,1.0,0.0,200801,1000
reference_r4,LA-HO,200804,1,0.06679600000000002,0.0,1.0,1.0,0.0,200804,1000
reference_r4,LA-HO,200805,2,0.03296099999999996,0.0,1.0,1.0,0.0,200804,1000
reference_r4,LA-HO,200806,3,0.05982700000000002,0.0,1.0,1.0,0.0,200804,1000
reference_r4,LA-HO,200807,1,0.02878699999999995,0.0,1.0,1.0,0.0,200807,1000
reference_r4,LA-HO,200808,2,0.035445000000000004,0.0,1.0,1.0,0.0,200807,1000
reference_r4,LA-HO,200809,3,0.7052240000000001,1.0,1.0,0.0,1.0,200807,1000
reference_r4,LA-HO,200810,1,0.264143,0.0,1.0,1.0,0.0,200810,1000
reference_r4,LA-HO,200811,2,0.05840700000000004,0.0,1.0,1.0,0.0,200810,1000
reference_r4,LA-HO,200812,3,0.689461,1.0,1.0,0.0,1.0,200810,1000
reference_r4,LA-HO,200901,1,0.016870999999999997,0.0,1.0,1.0,0.0,200901,1000
reference_r4,LA-HO,200902,2,0.027634999999999993,0.0,1.0,1.0,0.0,200901,1000
reference_r4,LA-HO,200903,3,0.019607999999999987,0.0,1.0,1.0,0.0,200901,1000
reference_r4,LA-HO,200904,1,0.006233000000000002,0.0,1.0,1.0,0.0,200904,1000
reference_r4,LA-HO,200905,2,0.018358999999999986,0.0,1.0,1.0,0.0,200904,1000
reference_r4,LA-HO,200906,3,0.04817500000000002,0.0,1.0,1.0,0.0,200904,1000
reference_r4,LA-HO,200907,1,0.033353999999999995,0.0,1.0,1.0,0.0,200907,1000
reference_r4,LA-HO,200908,2,0.05747099999999994,0.0,1.0,1.0,0.0,200907,1000
reference_r4,LA-HO,200909,3,0.6392960000000001,1.0,1.0,0.0,1.0,200907,1000
reference_r4,LA-HO,200910,1,0.66764,1.0,1.0,0.0,1.0,200910,1000
reference_r4,LA-HO,200911,2,0.848322,1.0,0.0,0.0,1.0,200910,1000
reference_r4,LA-HO,200912,3,0.933173,1.0,0.0,0.0,1.0,200910,1000
reference_r4,LA-KH,200801,1,0.6246930000000002,1.0,1.0,1.0,0.0,200801,1000
reference_r4,LA-KH,200802,2,0.04662399999999997,0.0,1.0,1.0,0.0,200801,1000
reference_r4,LA-KH,200803,3,0.06193799999999999,0.0,1.0,1.0,0.0,200801,1000
reference_r4,LA-KH,200804,1,0.21447899999999998,0.0,1.0,1.0,0.0,200804,1000
reference_r4,LA-KH,200805,2,0.345183,0.0,1.0,1.0,0.0,200804,1000
reference_r4,LA-KH,200806,3,0.6878279999999997,0.0,1.0,1.0,1.0,200804,1000
reference_r4,LA-KH,200807,1,1.5136950000000002,3.0,1.0,0.0,3.0,200807,1000
reference_r4,LA-KH,200808,2,0.3539430000000001,0.0,1.0,1.0,0.0,200807,1000
reference_r4,LA-KH,200809,3,2.213217,4.0,1.0,0.0,4.0,200807,1000
reference_r4,LA-KH,200810,1,2.9233900000000013,1.0,1.0,1.0,1.0,200810,1000
reference_r4,LA-KH,200811,2,1.8685980000000004,2.0,1.0,1.0,3.0,200810,1000
reference_r4,LA-KH,200812,3,2.08095,4.0,1.0,0.0,4.0,200810,1000
reference_r4,LA-KH,200901,1,0.07596199999999997,0.0,1.0,1.0,0.0,200901,1000
reference_r4,LA-KH,200902,2,0.029695,0.0,1.0,1.0,0.0,200901,1000
reference_r4,LA-KH,200903,3,4.5492479999999995,6.0,0.0,0.0,6.0,200901,1000
reference_r4,LA-KH,200904,1,0.8709440000000002,1.0,1.0,1.0,0.0,200904,1000
reference_r4,LA-KH,200905,2,2.0847249999999997,2.0,1.0,1.0,6.0,200904,1000
reference_r4,LA-KH,200906,3,57.22698200000001,73.0,0.0,0.0,80.0,200904,1000
reference_r4,LA-KH,200907,1,92.05759300000001,133.0,0.0,0.0,155.0,200907,1000
reference_r4,LA-KH,200908,2,231.48603200000002,281.0,0.0,0.0,303.0,200907,1000
reference_r4,LA-KH,200909,3,202.799327,253.0,0.0,0.0,277.0,200907,1000
reference_r4,LA-KH,200910,1,25.632598,21.0,1.0,1.0,85.0,200910,1000
reference_r4,LA-KH,200911,2,19.10378,32.0,1.0,1.0,61.0,200910,1000
reference_r4,LA-KH,200912,3,39.284762,57.0,0.0,0.0,67.0,200910,1000
reference_r4,LA-LM,200801,1,0.00030599999999999725,0.0,1.0,1.0,0.0,200801,1000
reference_r4,LA-LM,200802,2,1.700000000000052e-05,0.0,1.0,1.0,0.0,200801,1000
reference_r4,LA-LM,200803,3,4.000000000000097e-06,0.0,1.0,1.0,0.0,200801,1000
reference_r4,LA-LM,200804,1,0.002789,0.0,1.0,1.0,0.0,200804,1000
reference_r4,LA-LM,200805,2,0.009954999999999992,0.0,1.0,1.0,0.0,200804,1000
reference_r4,LA-LM,200806,3,0.011341999999999991,0.0,1.0,1.0,0.0,200804,1000
reference_r4,LA-LM,200807,1,0.06666700000000003,0.0,1.0,1.0,0.0,200807,1000
reference_r4,LA-LM,200808,2,0.05903700000000006,0.0,1.0,1.0,0.0,200807,1000
reference_r4,LA-LM,200809,3,0.06522800000000006,0.0,1.0,1.0,0.0,200807,1000
reference_r4,LA-LM,200810,1,0.8800790000000003,0.0,1.0,1.0,0.0,200810,1000
reference_r4,LA-LM,200811,2,0.20160099999999992,0.0,1.0,1.0,0.0,200810,1000
reference_r4,LA-LM,200812,3,0.08996499999999996,0.0,1.0,1.0,0.0,200810,1000
reference_r4,LA-LM,200901,1,0.0002270000000000015,0.0,1.0,1.0,0.0,200901,1000
reference_r4,LA-LM,200902,2,0.0001449999999999993,0.0,1.0,1.0,0.0,200901,1000
reference_r4,LA-LM,200903,3,0.0003239999999999979,0.0,1.0,1.0,0.0,200901,1000
reference_r4,LA-LM,200904,1,0.883782,1.0,0.0,0.0,1.0,200904,1000
reference_r4,LA-LM,200905,2,0.015199999999999991,0.0,1.0,1.0,0.0,200904,1000
reference_r4,LA-LM,200906,3,1.5411890000000001,2.0,0.0,0.0,2.0,200904,1000
reference_r4,LA-LM,200907,1,0.5687550000000001,0.0,1.0,1.0,1.0,200907,1000
reference_r4,LA-LM,200908,2,1.0344800000000003,1.0,1.0,1.0,0.0,200907,1000
reference_r4,LA-LM,200909,3,1.577604,3.0,1.0,1.0,4.0,200907,1000
reference_r4,LA-LM,200910,1,2.6344689999999997,4.0,1.0,0.0,5.0,200910,1000
reference_r4,LA-LM,200911,2,4.724706,6.0,0.0,0.0,6.0,200910,1000
reference_r4,LA-LM,200912,3,3.349829,4.0,0.0,0.0,4.0,200910,1000
reference_r4,LA-LP,200801,1,0.776831,1.0,1.0,1.0,0.0,200801,1000
reference_r4,LA-LP,200802,2,14.710784,16.0,0.0,0.0,16.0,200801,1000
reference_r4,LA-LP,200803,3,20.642018999999998,22.0,0.0,0.0,22.0,200801,1000
reference_r4,LA-LP,200804,1,12.329407,22.0,1.0,0.0,33.0,200804,1000
reference_r4,LA-LP,200805,2,60.48496299999999,95.0,1.0,0.0,116.0,200804,1000
reference_r4,LA-LP,200806,3,71.942895,124.0,1.0,0.0,160.0,200804,1000
reference_r4,LA-LP,200807,1,137.500702,184.5,0.0,0.0,16.0,200807,1000
reference_r4,LA-LP,200808,2,116.37364399999998,161.5,0.0,0.0,13.0,200807,1000
reference_r4,LA-LP,200809,3,101.56074699999999,128.0,0.0,0.0,14.0,200807,1000
reference_r4,LA-LP,200810,1,25.972784,33.0,0.0,0.0,33.0,200810,1000
reference_r4,LA-LP,200811,2,111.250665,116.0,0.0,0.0,116.0,200810,1000
reference_r4,LA-LP,200812,3,158.540321,161.0,0.0,0.0,161.0,200810,1000
reference_r4,LA-LP,200901,1,6.953366000000001,9.0,1.0,0.0,0.0,200901,1000
reference_r4,LA-LP,200902,2,6.878651,9.0,1.0,0.0,0.0,200901,1000
reference_r4,LA-LP,200903,3,13.269176000000002,16.0,0.0,0.0,0.0,200901,1000
reference_r4,LA-LP,200904,1,14.670134000000004,19.0,0.0,0.0,0.0,200904,1000
reference_r4,LA-LP,200905,2,35.27941499999999,47.0,0.0,0.0,0.0,200904,1000
reference_r4,LA-LP,200906,3,73.47134600000001,95.5,1.0,0.0,9.0,200904,1000
reference_r4,LA-LP,200907,1,21.837681999999997,28.0,0.0,0.0,30.0,200907,1000
reference_r4,LA-LP,200908,2,22.637180999999998,29.0,0.0,0.0,32.0,200907,1000
reference_r4,LA-LP,200909,3,303.05010999999996,310.0,0.0,0.0,313.0,200907,1000
reference_r4,LA-LP,200910,1,97.112807,141.0,0.0,0.0,165.0,200910,1000
reference_r4,LA-LP,200911,2,57.385813,77.0,0.0,0.0,87.0,200910,1000
reference_r4,LA-LP,200912,3,2.787692,4.0,1.0,0.0,0.0,200910,1000
reference_r4,LA-OU,200801,1,0.001460000000000003,0.0,1.0,1.0,0.0,200801,1000
reference_r4,LA-OU,200802,2,8.099999999999948e-05,0.0,1.0,1.0,0.0,200801,1000
reference_r4,LA-OU,200803,3,0.00014400000000000003,0.0,1.0,1.0,0.0,200801,1000
reference_r4,LA-OU,200804,1,0.00438100000000001,0.0,1.0,1.0,0.0,200804,1000
reference_r4,LA-OU,200805,2,0.012220999999999982,0.0,1.0,1.0,0.0,200804,1000
reference_r4,LA-OU,200806,3,0.030157999999999963,0.0,1.0,1.0,0.0,200804,1000
reference_r4,LA-OU,200807,1,0.08447900000000003,0.0,1.0,1.0,0.0,200807,1000
reference_r4,LA-OU,200808,2,0.06393500000000002,0.0,1.0,1.0,0.0,200807,1000
reference_r4,LA-OU,200809,3,0.06040599999999996,0.0,1.0,1.0,0.0,200807,1000
reference_r4,LA-OU,200810,1,1.1541329999999999,1.0,1.0,1.0,0.0,200810,1000
reference_r4,LA-OU,200811,2,0.43336099999999966,0.0,1.0,1.0,0.0,200810,1000
reference_r4,LA-OU,200812,3,0.21392900000000004,0.0,1.0,1.0,0.0,200810,1000
reference_r4,LA-OU,200901,1,0.0002570000000000003,0.0,1.0,1.0,0.0,200901,1000
reference_r4,LA-OU,200902,2,9.99999999999994e-05,0.0,1.0,1.0,0.0,200901,1000
reference_r4,LA-OU,200903,3,0.00017099999999999928,0.0,1.0,1.0,0.0,200901,1000
reference_r4,LA-OU,200904,1,0.00494,0.0,1.0,1.0,0.0,200904,1000
reference_r4,LA-OU,200905,2,0.017433000000000004,0.0,1.0,1.0,0.0,200904,1000
reference_r4,LA-OU,200906,3,0.04870000000000002,0.0,1.0,1.0,0.0,200904,1000
reference_r4,LA-OU,200907,1,0.07898499999999997,0.0,1.0,1.0,0.0,200907,1000
reference_r4,LA-OU,200908,2,0.5445039999999999,1.0,1.0,1.0,1.0,200907,1000
reference_r4,LA-OU,200909,3,13.626582,15.0,0.0,0.0,15.0,200907,1000
reference_r4,LA-OU,200910,1,3.0103800000000005,5.0,1.0,0.0,6.0,200910,1000
reference_r4,LA-OU,200911,2,11.105649999999999,13.0,0.0,0.0,13.0,200910,1000
reference_r4,LA-OU,200912,3,17.133525,18.0,0.0,0.0,18.0,200910,1000
reference_r4,LA-PH,200901,1,0.010023999999999977,0.0,1.0,1.0,0.0,200901,1000
reference_r4,LA-PH,200902,2,0.015122999999999998,0.0,1.0,1.0,0.0,200901,1000
reference_r4,LA-PH,200903,3,0.020318000000000003,0.0,1.0,1.0,0.0,200901,1000
reference_r4,LA-PH,200904,1,0.006293999999999994,0.0,1.0,1.0,0.0,200904,1000
reference_r4,LA-PH,200905,2,0.014450000000000018,0.0,1.0,1.0,0.0,200904,1000
reference_r4,LA-PH,200906,3,0.054234000000000004,0.0,1.0,1.0,0.0,200904,1000
reference_r4,LA-PH,200907,1,0.03269099999999997,0.0,1.0,1.0,0.0,200907,1000
reference_r4,LA-PH,200909,3,0.034555,0.0,1.0,1.0,0.0,200907,1000
reference_r4,LA-PH,200910,1,0.006933000000000009,0.0,1.0,1.0,0.0,200910,1000
reference_r4,LA-PH,200911,2,0.0017259999999999984,0.0,1.0,1.0,0.0,200910,1000
reference_r4,LA-PH,200912,3,0.0006940000000000002,0.0,1.0,1.0,0.0,200910,1000
reference_r4,LA-SL,200801,1,0.958191,1.0,1.0,1.0,0.0,200801,1000
reference_r4,LA-SL,200802,2,0.40212199999999987,1.0,1.0,1.0,1.0,200801,1000
reference_r4,LA-SL,200803,3,3.9325160000000006,5.0,0.0,0.0,5.0,200801,1000
reference_r4,LA-SL,200804,1,0.8540239999999999,0.0,1.0,1.0,2.0,200804,1000
reference_r4,LA-SL,200805,2,90.301378,101.0,0.0,0.0,105.0,200804,1000
reference_r4,LA-SL,200806,3,195.34670999999997,218.0,0.0,0.0,226.0,200804,1000
reference_r4,LA-SL,200807,1,46.003737,33.5,1.0,1.0,78.0,200807,1000
reference_r4,LA-SL,200808,2,54.44353099999998,52.5,1.0,1.0,63.0,200807,1000
reference_r4,LA-SL,200809,3,43.06241,33.5,1.0,1.0,85.0,200807,1000
reference_r4,LA-SL,200810,1,62.13351,89.0,0.0,0.0,91.0,200810,1000
reference_r4,LA-SL,200811,2,12.247397000000003,20.0,1.0,0.0,21.0,200810,1000
reference_r4,LA-SL,200812,3,4.354657,8.0,1.0,0.0,8.0,200810,1000
reference_r4,LA-SL,200901,1,1.4847170000000003,2.0,1.0,1.0,1.0,200901,1000
reference_r4,LA-SL,200902,2,18.605394,22.0,0.0,0.0,24.0,200901,1000
reference_r4,LA-SL,200903,3,12.000734,20.0,1.0,0.0,25.0,200901,1000
reference_r4,LA-SL,200904,1,6.820665999999999,2.0,1.0,1.0,19.0,200904,1000
reference_r4,LA-SL,200905,2,38.31192299999999,63.5,1.0,1.0,122.0,200904,1000
reference_r4,LA-SL,200906,3,40.519339,47.0,1.0,1.0,42.0,200904,1000
reference_r4,LA-SL,200907,1,52.30313899999999,9.0,1.0,1.0,164.0,200907,1000
reference_r4,LA-SL,200908,2,48.00176999999999,5.5,1.0,1.0,127.0,200907,1000
reference_r4,LA-SL,200909,3,43.70698800000001,19.0,1.0,1.0,91.0,200907,1000
reference_r4,LA-SL,200910,1,32.155443000000005,57.0,1.0,0.0,94.0,200910,1000
reference_r4,LA-SL,200911,2,14.909785999999997,6.5,1.0,1.0,44.0,200910,1000
reference_r4,LA-SL,200912,3,8.979961,5.0,1.0,1.0,17.0,200910,1000
reference_r4,LA-SV,200801,1,5.1530629999999995,6.0,1.0,0.0,1.0,200801,1000
reference_r4,LA-SV,200802,2,0.6268120000000001,0.0,1.0,1.0,1.0,200801,1000
reference_r4,LA-SV,200803,3,0.41441799999999995,0.0,1.0,1.0,1.0,200801,1000
reference_r4,LA-SV,200804,1,1.113712,1.0,1.0,1.0,0.0,200804,1000
reference_r4,LA-SV,200805,2,1.438952,2.0,1.0,1.0,1.0,200804,1000
reference_r4,LA-SV,200806,3,4.473349000000001,0.0,1.0,1.0,10.0,200804,1000
reference_r4,LA-SV,200807,1,4.644753,2.0,1.0,1.0,11.0,200807,1000
reference_r4,LA-SV,200808,2,5.685752000000001,7.0,1.0,1.0,4.0,200807,1000
reference_r4,LA-SV,200809,3,7.195523,10.0,1.0,0.0,2.0,200807,1000
reference_r4,LA-SV,200810,1,17.977982999999995,2.0,1.0,1.0,10.0,200810,1000
reference_r4,LA-SV,200811,2,6.177951999999998,1.0,1.0,1.0,2.0,200810,1000
reference_r4,LA-SV,200812,3,5.93845,4.0,1.0,1.0,0.0,200810,1000
reference_r4,LA-SV,200901,1,0.07991599999999999,0.0,1.0,1.0,0.0,200901,1000
reference_r4,LA-SV,200902,2,0.01619699999999999,0.0,1.0,1.0,0.0,200901,1000
reference_r4,LA-SV,200903,3,0.13305699999999998,0.0,1.0,1.0,0.0,200901,1000
reference_r4,LA-SV,200904,1,0.18100400000000005,0.0,1.0,1.0,0.0,200904,1000
reference_r4,LA-SV,200905,2,1.1894109999999998,2.0,1.0,1.0,0.0,200904,1000
reference_r4,LA-SV,200906,3,1.4081960000000002,1.5,1.0,1.0,1.0,200904,1000
reference_r4,LA-SV,200907,1,9.795458,12.0,0.0,0.0,13.0,200907,1000
reference_r4,LA-SV,200908,2,30.689726999999998,34.0,0.0,0.0,34.0,200907,1000
reference_r4,LA-SV,200909,3,44.843844,47.0,0.0,0.0,48.0,200907,1000
reference_r4,LA-SV,200910,1,5.239493,10.0,1.0,1.0,16.0,200910,1000
reference_r4,LA-SV,200911,2,23.385437999999997,30.0,0.0,0.0,33.0,200910,1000
reference_r4,LA-SV,200912,3,1.3776120000000003,3.0,1.0,1.0,4.0,200910,1000
reference_r4,LA-VT,200801,1,11.433626000000004,1.0,1.0,1.0,29.0,200801,1000
reference_r4,LA-VT,200802,2,4.842228,8.0,1.0,0.0,12.0,200801,1000
reference_r4,LA-VT,200803,3,18.566195,24.0,0.0,0.0,26.0,200801,1000
reference_r4,LA-VT,200804,1,15.399113999999997,20.0,1.0,0.0,4.0,200804,1000
reference_r4,LA-VT,200805,2,25.231720000000003,27.5,1.0,1.0,17.0,200804,1000
reference_r4,LA-VT,200806,3,93.078229,120.0,1.0,1.0,60.0,200804,1000
reference_r4,LA-VT,200807,1,91.71313999999998,77.0,1.0,1.0,132.0,200807,1000
reference_r4,LA-VT,200808,2,73.452439,42.5,1.0,1.0,144.0,200807,1000
reference_r4,LA-VT,200809,3,68.20753100000002,12.0,1.0,1.0,158.0,200807,1000
reference_r4,LA-VT,200810,1,50.864271,77.0,1.0,1.0,95.0,200810,1000
reference_r4,LA-VT,200811,2,69.581898,119.0,1.0,0.0,129.0,200810,1000
reference_r4,LA-VT,200812,3,46.832845999999996,83.0,1.0,0.0,91.0,200810,1000
reference_r4,LA-VT,200901,1,20.374357,32.0,0.0,0.0,38.0,200901,1000
reference_r4,LA-VT,200902,2,12.247288000000001,17.0,0.0,0.0,20.0,200901,1000
reference_r4,LA-VT,200903,3,6.117816999999999,10.0,1.0,1.0,19.0,200901,1000
reference_r4,LA-VT,200904,1,12.481827000000003,3.0,1.0,1.0,33.0,200904,1000
reference_r4,LA-VT,200905,2,93.45225099999999,119.0,1.0,1.0,54.0,200904,1000
reference_r4,LA-VT,200906,3,210.70809000000003,271.5,1.0,0.0,104.0,200904,1000
reference_r4,LA-VT,200907,1,122.874347,27.0,1.0,1.0,302.0,200907,1000
reference_r4,LA-VT,200908,2,105.58943099999999,70.0,1.0,1.0,356.0,200907,1000
reference_r4,LA-VT,200909,3,138.37017300000002,215.0,1.0,1.0,470.0,200907,1000
reference_r4,LA-VT,200910,1,227.548909,385.0,1.0,0.0,527.0,200910,1000
reference_r4,LA-VT,200911,2,322.361238,450.0,0.0,0.0,521.0,200910,1000
reference_r4,LA-VT,200912,3,255.77322099999998,326.0,0.0,0.0,366.0,200910,1000
reference_r4,LA-XA,200801,1,1.179297,2.0,1.0,1.0,0.0,200801,1000
reference_r4,LA-XA,200802,2,0.20266499999999998,0.0,1.0,1.0,0.0,200801,1000
reference_r4,LA-XA,200803,3,0.14666099999999999,0.0,1.0,1.0,0.0,200801,1000
reference_r4,LA-XA,200804,1,0.05278499999999997,0.0,1.0,1.0,0.0,200804,1000
reference_r4,LA-XA,200805,2,1.175274,2.0,1.0,0.0,2.0,200804,1000
reference_r4,LA-XA,200806,3,4.28115,6.0,0.0,0.0,6.0,200804,1000
reference_r4,LA-XA,200807,1,10.189884000000001,15.0,0.0,0.0,19.0,200807,1000
reference_r4,LA-XA,200808,2,2.670063,5.0,1.0,0.0,7.0,200807,1000
reference_r4,LA-XA,200809,3,0.9321450000000002,1.0,1.0,1.0,1.0,200807,1000
reference_r4,LA-XA,200810,1,1.938466000000001,2.0,1.0,1.0,3.0,200810,1000
reference_r4,LA-XA,200811,2,1.1381629999999996,2.0,1.0,1.0,2.0,200810,1000
reference_r4,LA-XA,200812,3,0.666153,1.0,1.0,1.0,1.0,200810,1000
reference_r4,LA-XA,200901,1,0.10023399999999999,0.0,1.0,1.0,0.0,200901,1000
reference_r4,LA-XA,200902,2,0.04744899999999999,0.0,1.0,1.0,0.0,200901,1000
reference_r4,LA-XA,200903,3,0.28387000000000007,0.0,1.0,1.0,0.0,200901,1000
reference_r4,LA-XA,200904,1,0.214383,0.0,1.0,1.0,0.0,200904,1000
reference_r4,LA-XA,200905,2,0.5932750000000002,0.0,1.0,1.0,1.0,200904,1000
reference_r4,LA-XA,200906,3,7.6797249999999995,12.0,0.0,0.0,14.0,200904,1000
reference_r4,LA-XA,200907,1,4.122107,8.0,1.0,0.0,11.0,200907,1000
reference_r4,LA-XA,200908,2,25.262084,33.0,0.0,0.0,37.0,200907,1000
reference_r4,LA-XA,200909,3,3.8789640000000007,7.0,1.0,0.0,11.0,200907,1000
reference_r4,LA-XA,200910,1,2.574998,2.0,1.0,1.0,5.0,200910,1000
reference_r4,LA-XA,200911,2,1.5032369999999995,2.0,1.0,1.0,5.0,200910,1000
reference_r4,LA-XA,200912,3,0.9634289999999999,1.0,1.0,1.0,0.0,200910,1000
reference_r4,LA-XE,200801,1,0.025268000000000013,0.0,1.0,1.0,0.0,200801,1000
reference_r4,LA-XE,200802,2,0.007713999999999999,0.0,1.0,1.0,0.0,200801,1000
reference_r4,LA-XE,200803,3,0.004282999999999995,0.0,1.0,1.0,0.0,200801,1000
reference_r4,LA-XE,200804,1,0.019213000000000008,0.0,1.0,1.0,0.0,200804,1000
reference_r4,LA-XE,200805,2,0.039518,0.0,1.0,1.0,0.0,200804,1000
reference_r4,LA-XE,200806,3,3.9905379999999995,5.0,0.0,0.0,5.0,200804,1000
reference_r4,LA-XE,200807,1,0.843456,1.0,1.0,1.0,0.0,200807,1000
reference_r4,LA-XE,200808,2,1.1021099999999997,1.0,1.0,1.0,0.0,200807,1000
reference_r4,LA-XE,200809,3,0.7057349999999998,0.0,1.0,1.0,1.0,200807,1000
reference_r4,LA-XE,200810,1,0.20045899999999994,0.0,1.0,1.0,0.0,200810,1000
reference_r4,LA-XE,200811,2,0.07735199999999998,0.0,1.0,1.0,0.0,200810,1000
reference_r4,LA-XE,200812,3,0.702657,1.0,1.0,0.0,1.0,200810,1000
reference_r4,LA-XE,200901,1,0.004793000000000006,0.0,1.0,1.0,0.0,200901,1000
reference_r4,LA-XE,200902,2,1.86767,2.0,0.0,0.0,2.0,200901,1000
reference_r4,LA-XE,200903,3,1.756271,2.0,0.0,0.0,2.0,200901,1000
reference_r4,LA-XE,200904,1,0.41754199999999997,1.0,1.0,1.0,1.0,200904,1000
reference_r4,LA-XE,200905,2,0.7012790000000002,1.0,1.0,1.0,2.0,200904,1000
reference_r4,LA-XE,200906,3,4.508792,8.0,1.0,0.0,9.0,200904,1000
reference_r4,LA-XE,200907,1,15.948013999999999,24.0,0.0,0.0,29.0,200907,1000
reference_r4,LA-XE,200908,2,12.984089999999998,21.0,1.0,0.0,27.0,200907,1000
reference_r4,LA-XE,200909,3,2.0435480000000004,2.0,1.0,1.0,6.0,200907,1000
reference_r4,LA-XE,200910,1,2.4226279999999996,2.0,1.0,1.0,7.0,200910,1000
reference_r4,LA-XE,200911,2,9.913174000000001,11.0,1.0,0.0,3.0,200910,1000
reference_r4,LA-XE,200912,3,9.033729999999998,9.0,1.0,1.0,7.0,200910,1000
reference_r4,LA-XI,200801,1,0.0009130000000000041,0.0,1.0,1.0,0.0,200801,1000
reference_r4,LA-XI,200802,2,0.00014400000000000003,0.0,1.0,1.0,0.0,200801,1000
reference_r4,LA-XI,200803,3,0.00014400000000000003,0.0,1.0,1.0,0.0,200801,1000
reference_r4,LA-XI,200804,1,0.004132999999999998,0.0,1.0,1.0,0.0,200804,1000
reference_r4,LA-XI,200805,2,0.004543000000000005,0.0,1.0,1.0,0.0,200804,1000
reference_r4,LA-XI,200806,3,0.8651679999999999,1.0,0.0,0.0,1.0,200804,1000
reference_r4,LA-XI,200807,1,0.121062,0.0,1.0,1.0,0.0,200807,1000
reference_r4,LA-XI,200808,2,0.14444800000000002,0.0,1.0,1.0,0.0,200807,1000
reference_r4,LA-XI,200809,3,0.11262900000000009,0.0,1.0,1.0,0.0,200807,1000
reference_r4,LA-XI,200810,1,0.247263,0.0,1.0,1.0,0.0,200810,1000
reference_r4,LA-XI,200811,2,0.09716399999999992,0.0,1.0,1.0,0.0,200810,1000
reference_r4,LA-XI,200812,3,0.068048,0.0,1.0,1.0,0.0,200810,1000
reference_r4,LA-XI,200901,1,0.0005559999999999975,0.0,1.0,1.0,0.0,200901,1000
reference_r4,LA-XI,200902,2,0.0013249999999999998,0.0,1.0,1.0,0.0,200901,1000
reference_r4,LA-XI,200903,3,0.0006580000000000058,0.0,1.0,1.0,0.0,200901,1000
reference_r4,LA-XI,200904,1,0.0012940000000000035,0.0,1.0,1.0,0.0,200904,1000
reference_r4,LA-XI,200905,2,38.857571,39.0,0.0,0.0,39.0,200904,1000
reference_r4,LA-XI,200906,3,32.649623,33.0,0.0,0.0,33.0,200904,1000
reference_r4,LA-XI,200907,1,13.841638,18.0,0.0,0.0,1.0,200907,1000
reference_r4,LA-XI,200908,2,12.114771000000001,16.0,1.0,1.0,10.0,200907,1000
reference_r4,LA-XI,200909,3,17.634049,22.5,0.0,0.0,0.0,200907,1000
reference_r4,LA-XI,200910,1,13.570354000000002,17.0,0.0,0.0,0.0,200910,1000
reference_r4,LA-XI,200911,2,4.93073,7.0,1.0,0.0,0.0,200910,1000
reference_r4,LA-XI,200912,3,2.349412,3.0,1.0,0.0,0.0,200910,1000
