model,location,time_period,horizon_distance,crps,abs_error,in_10_90,in_25_75,observed,split_first_period,n_samples
climatology,LA-AT,200801,1,4.0,4.0,0.0,0.0,4.0,200801,1000
climatology,LA-AT,200802,2,1.63,2.0,0.0,0.0,2.0,200801,1000
climatology,LA-AT,200803,3,0.0,0.0,1.0,1.0,0.0,200801,1000
climatology,LA-AT,200804,1,0.02,0.0,1.0,1.0,0.0,200804,1000
climatology,LA-AT,200805,2,3.45,4.0,0.0,0.0,4.0,200804,1000
climatology,LA-AT,200806,3,8.86,10.0,0.0,0.0,10.0,200804,1000
climatology,LA-AT,200807,1,4.54,6.0,0.0,0.0,6.0,200807,1000
climatology,LA-AT,200808,2,9.47,11.0,0.0,0.0,11.0,200807,1000
climatology,LA-AT,200809,3,17.57,24.0,0.0,0.0,24.0,200807,1000
climatology,LA-AT,200810,1,38.95,47.0,0.0,0.0,47.0,200810,1000
climatology,LA-AT,200811,2,43.0,43.0,0.0,0.0,43.0,200810,1000
climatology,LA-AT,200812,3,22.28,23.0,0.0,0.0,23.0,200810,1000
climatology,LA-AT,200901,1,17.305124,18.0,0.0,0.0,18.0,200901,1000
climatology,LA-AT,200902,2,45.164529,46.0,0.0,0.0,46.0,200901,1000
climatology,LA-AT,200903,3,77.0,77.0,0.0,0.0,77.0,200901,1000
climatology,LA-AT,200904,1,98.652562,99.0,0.0,0.0,99.0,200904,1000
climatology,LA-AT,200905,2,0.1242149999999999,0.0,1.0,1.0,0.0,200904,1000
climatology,LA-AT,200906,3,21.319868,24.0,0.0,0.0,24.0,200904,1000
climatology,LA-AT,200907,1,61.750116,64.0,0.0,0.0,64.0,200907,1000
climatology,LA-AT,200908,2,17.823736,21.0,0.0,0.0,21.0,200907,1000
climatology,LA-AT,200909,3,10.060613,17.0,1.0,0.0,17.0,200907,1000
climatology,LA-AT,200910,1,4.830283999999999,4.0,1.0,0.0,4.0,200910,1000
climatology,LA-AT,200911,2,13.444083,16.0,0.0,0.0,16.0,200910,1000
climatology,LA-AT,200912,3,4.502959,6.0,0.0,0.0,6.0,200910,1000
climatology,LA-BK,200801,1,0.81,1.0,0.0,0.0,1.0,200801,1000
climatology,LA-BK,200802,2,0.01,0.0,1.0,1.0,0.0,200801,1000
climatology,LA-BK,200803,3,0.01,0.0,1.0,1.0,0.0,200801,1000
climatology,LA-BK,200804,1,0.01,0.0,1.0,1.0,0.0,200804,1000
climatology,LA-BK,200805,2,11.64,12.0,0.0,0.0,12.0,200804,1000
climatology,LA-BK,200806,3,52.17,53.0,0.0,0.0,53.0,200804,1000
climatology,LA-BK,200807,1,0.6600000000000001,1.5,1.0,1.0,2.0,200807,1000
climatology,LA-BK,200808,2,6.84,9.0,0.0,0.0,9.0,200807,1000
climatology,LA-BK,200809,3,29.34,33.0,0.0,0.0,33.0,200807,1000
climatology,LA-BK,200810,1,44.92,46.5,0.0,0.0,48.0,200810,1000
climatology,LA-BK,200811,2,55.0,55.0,0.0,0.0,55.0,200810,1000
climatology,LA-BK,200812,3,5.0,5.0,0.0,0.0,5.0,200810,1000
climatology,LA-BK,200901,1,0.6691239999999999,1.0,1.0,0.0,1.0,200901,1000
climatology,LA-BK,200902,2,0.0082809999999999,0.0,1.0,1.0,0.0,200901,1000
climatology,LA-BK,200903,3,0.826281,1.0,0.0,0.0,1.0,200901,1000
climatology,LA-BK,200904,1,2.826281,3.0,0.0,0.0,3.0,200904,1000
climatology,LA-BK,200905,2,71.61762,74.0,0.0,0.0,74.0,200904,1000
climatology,LA-BK,200906,3,206.10648,216.0,0.0,0.0,216.0,200904,1000
climatology,LA-BK,200907,1,209.635455,211.0,0.0,0.0,212.0,200907,1000
climatology,LA-BK,200908,2,106.650017,110.0,0.0,0.0,110.0,200907,1000
climatology,LA-BK,200909,3,43.240067,52.0,0.0,0.0,52.0,200907,1000
climatology,LA-BK,200910,1,23.210034,29.0,0.0,0.0,31.0,200910,1000
climatology,LA-BK,200911,2,4.5454550000000005,5.0,0.0,0.0,5.0,200910,1000
climatology,LA-BK,200912,3,3.313405,4.0,0.0,0.0,4.0,200910,1000
climatology,LA-BL,200801,1,5.6899999999999995,8.0,0.0,0.0,10.0,200801,1000
climatology,LA-BL,200802,2,2.88,5.0,1.0,0.0,7.0,200801,1000
climatology,LA-BL,200803,3,2.29,3.0,1.0,1.0,1.0,200801,1000
climatology,LA-BL,200804,1,2.8299999999999996,3.5,1.0,1.0,3.0,200804,1000
climatology,LA-BL,200805,2,9.2,6.5,1.0,1.0,15.0,200804,1000
climatology,LA-BL,200806,3,10.070000000000002,17.5,1.0,1.0,19.0,200804,1000
climatology,LA-BL,200807,1,27.62,48.5,1.0,0.0,31.0,200807,1000
climatology,LA-BL,200808,2,19.03,37.5,1.0,1.0,32.0,200807,1000
climatology,LA-BL,200809,3,25.370000000000005,48.0,1.0,0.0,30.0,200807,1000
climatology,LA-BL,200810,1,16.870000000000005,25.5,0.0,0.0,5.0,200810,1000
climatology,LA-BL,200811,2,6.290000000000001,8.5,1.0,1.0,12.0,200810,1000
climatology,LA-BL,200812,3,2.05,1.0,1.0,1.0,1.0,200810,1000
climatology,LA-BL,200901,1,0.7038849999999999,0.0,1.0,1.0,2.0,200901,1000
climatology,LA-BL,200902,2,0.926381,1.0,1.0,1.0,3.0,200901,1000
climatology,LA-BL,200903,3,2.5287120000000005,4.0,1.0,0.0,0.0,200901,1000
climatology,LA-BL,200904,1,2.7938859999999996,4.0,1.0,1.0,2.0,200904,1000
climatology,LA-BL,200905,2,17.157429000000004,16.0,0.0,0.0,0.0,200904,1000
climatology,LA-BL,200906,3,16.873330000000003,19.0,0.0,0.0,7.0,200904,1000
climatology,LA-BL,200907,1,20.996472,42.0,1.0,1.0,35.0,200907,1000
climatology,LA-BL,200908,2,33.260011999999996,58.0,0.0,0.0,9.0,200907,1000
climatology,LA-BL,200909,3,41.130528,75.0,0.0,0.0,0.0,200907,1000
climatology,LA-BL,200910,1,17.210586000000003,29.0,0.0,0.0,1.0,200910,1000
climatology,LA-BL,200911,2,11.201476,13.0,1.0,0.0,2.0,200910,1000
climatology,LA-BL,200912,3,1.6965139999999996,1.0,1.0,1.0,1.0,200910,1000
climatology,LA-CH,200801,1,47.5,65.0,0.0,0.0,73.0,200801,1000
climatology,LA-CH,200802,2,53.03999999999999,86.5,0.0,0.0,90.0,200801,1000
climatology,LA-CH,200803,3,50.58,77.0,0.0,0.0,92.0,200801,1000
climatology,LA-CH,200804,1,31.85,52.5,1.0,0.0,69.0,200804,1000
climatology,LA-CH,200805,2,38.959999999999994,54.0,1.0,0.0,113.0,200804,1000
climatology,LA-CH,200806,3,127.17000000000002,172.5,0.0,0.0,295.0,200804,1000
climatology,LA-CH,200807,1,41.25,39.0,1.0,1.0,162.0,200807,1000
climatology,LA-CH,200808,2,42.510000000000005,22.0,1.0,1.0,143.0,200807,1000
climatology,LA-CH,200809,3,49.599999999999994,73.0,1.0,1.0,185.0,200807,1000
climatology,LA-CH,200810,1,37.669999999999995,53.0,1.0,0.0,140.0,200810,1000
climatology,LA-CH,200811,2,41.07000000000001,67.0,0.0,0.0,102.0,200810,1000
climatology,LA-CH,200812,3,33.34,49.5,1.0,0.0,73.0,200810,1000
climatology,LA-CH,200901,1,10.890717,19.0,1.0,1.0,31.0,200901,1000
climatology,LA-CH,200902,2,19.093116999999996,43.0,1.0,1.0,48.0,200901,1000
climatology,LA-CH,200903,3,21.42854,42.0,1.0,0.0,60.0,200901,1000
climatology,LA-CH,200904,1,53.487149,79.0,0.0,0.0,102.0,200904,1000
climatology,LA-CH,200905,2,19.053490000000004,1.0,1.0,1.0,66.0,200904,1000
climatology,LA-CH,200906,3,30.695037999999997,10.0,1.0,1.0,124.0,200904,1000
climatology,LA-CH,200907,1,45.004213,72.0,1.0,1.0,122.0,200907,1000
climatology,LA-CH,200908,2,44.17307600000001,38.0,1.0,1.0,110.0,200907,1000
climatology,LA-CH,200909,3,32.110839000000006,33.0,1.0,1.0,105.0,200907,1000
climatology,LA-CH,200910,1,23.227603,35.0,1.0,1.0,59.0,200910,1000
climatology,LA-CH,200911,2,12.418226999999998,3.0,1.0,1.0,35.0,200910,1000
climatology,LA-CH,200912,3,14.757385999999997,7.0,1.0,1.0,32.0,200910,1000
climatology,LA-HO,200801,1,0.01,0.0,1.0,1.0,0.0,200801,1000
climatology,LA-HO,200802,2,0.01,0.0,1.0,1.0,0.0,200801,1000
climatology,LA-HO,200803,3,0.01,0.0,1.0,1.0,0.0,200801,1000
climatology,LA-HO,200804,1,0.01,0.0,1.0,1.0,0.0,200804,1000
climatology,LA-HO,200805,2,0.0,0.0,1.0,1.0,0.0,200804,1000
climatology,LA-HO,200806,3,0.0599999999999999,0.0,1.0,1.0,0.0,200804,1000
climatology,LA-HO,200807,1,0.1999999999999999,0.0,1.0,1.0,0.0,200807,1000
climatology,LA-HO,200808,2,0.0,0.0,1.0,1.0,0.0,200807,1000
climatology,LA-HO,200809,3,0.6900000000000002,1.0,1.0,0.0,1.0,200807,1000
climatology,LA-HO,200810,1,0.02,0.0,1.0,1.0,0.0,200810,1000
climatology,LA-HO,200811,2,0.0,0.0,1.0,1.0,0.0,200810,1000
climatology,LA-HO,200812,3,0.65,1.0,1.0,0.0,1.0,200810,1000
climatology,LA-HO,200901,1,0.0082809999999999,0.0,1.0,1.0,0.0,200901,1000
climatology,LA-HO,200902,2,0.0082809999999999,0.0,1.0,1.0,0.0,200901,1000
climatology,LA-HO,200903,3,0.0082809999999999,0.0,1.0,1.0,0.0,200901,1000
climatology,LA-HO,200904,1,0.0082809999999999,0.0,1.0,1.0,0.0,200904,1000
climatology,LA-HO,200905,2,0.0,0.0,1.0,1.0,0.0,200904,1000
climatology,LA-HO,200906,3,0.049686,0.0,1.0,1.0,0.0,200904,1000
climatology,LA-HO,200907,1,0.16562,0.0,1.0,1.0,0.0,200907,1000
climatology,LA-HO,200908,2,0.0,0.0,1.0,1.0,0.0,200907,1000
climatology,LA-HO,200909,3,0.5699339999999999,1.0,1.0,1.0,1.0,200907,1000
climatology,LA-HO,200910,1,0.834562,1.0,0.0,0.0,1.0,200910,1000
climatology,LA-HO,200911,2,1.0,1.0,0.0,0.0,1.0,200910,1000
climatology,LA-HO,200912,3,0.53681,1.0,1.0,1.0,1.0,200910,1000
climatology,LA-KH,200801,1,1.1499999999999997,0.0,1.0,1.0,0.0,200801,1000
climatology,LA-KH,200802,2,0.1499999999999999,0.0,1.0,1.0,0.0,200801,1000
climatology,LA-KH,200803,3,0.04,0.0,1.0,1.0,0.0,200801,1000
climatology,LA-KH,200804,1,0.1099999999999999,0.0,1.0,1.0,0.0,200804,1000
climatology,LA-KH,200805,2,1.38,0.5,1.0,1.0,0.0,200804,1000
climatology,LA-KH,200806,3,8.940000000000001,6.0,1.0,1.0,1.0,200804,1000
climatology,LA-KH,200807,1,35.06999999999999,31.0,1.0,1.0,3.0,200807,1000
climatology,LA-KH,200808,2,37.92,43.0,1.0,0.0,0.0,200807,1000
climatology,LA-KH,200809,3,14.089999999999996,7.5,1.0,1.0,4.0,200807,1000
climatology,LA-KH,200810,1,5.470000000000001,5.0,1.0,1.0,1.0,200810,1000
climatology,LA-KH,200811,2,1.4299999999999995,2.5,1.0,1.0,3.0,200810,1000
climatology,LA-KH,200812,3,3.69,4.0,1.0,0.0,4.0,200810,1000
climatology,LA-KH,200901,1,0.9523149999999996,0.0,1.0,1.0,0.0,200901,1000
climatology,LA-KH,200902,2,0.1242149999999999,0.0,1.0,1.0,0.0,200901,1000
climatology,LA-KH,200903,3,5.305124,6.0,0.0,0.0,6.0,200901,1000
climatology,LA-KH,200904,1,0.091091,0.0,1.0,1.0,0.0,200904,1000
climatology,LA-KH,200905,2,4.0487779999999995,6.0,1.0,0.0,6.0,200904,1000
climatology,LA-KH,200906,3,46.36775900000001,74.0,1.0,0.0,80.0,200904,1000
climatology,LA-KH,200907,1,68.223464,127.0,1.0,1.0,155.0,200907,1000
climatology,LA-KH,200908,2,171.36027,263.0,0.0,0.0,303.0,200907,1000
climatology,LA-KH,200909,3,187.121383,267.0,0.0,0.0,277.0,200907,1000
climatology,LA-KH,200910,1,57.593343,80.0,0.0,0.0,85.0,200910,1000
climatology,LA-KH,200911,2,54.814001,60.0,0.0,0.0,61.0,200910,1000
climatology,LA-KH,200912,3,52.764233,67.0,0.0,0.0,67.0,200910,1000
climatology,LA-LM,200801,1,0.0,0.0,1.0,1.0,0.0,200801,1000
climatology,LA-LM,200802,2,0.0,0.0,1.0,1.0,0.0,200801,1000
climatology,LA-LM,200803,3,0.0499999999999999,0.0,1.0,1.0,0.0,200801,1000
climatology,LA-LM,200804,1,0.01,0.0,1.0,1.0,0.0,200804,1000
climatology,LA-LM,200805,2,0.0,0.0,1.0,1.0,0.0,200804,1000
climatology,LA-LM,200806,3,0.0,0.0,1.0,1.0,0.0,200804,1000
climatology,LA-LM,200807,1,0.0499999999999999,0.0,1.0,1.0,0.0,200807,1000
climatology,LA-LM,200808,2,0.0299999999999999,0.0,1.0,1.0,0.0,200807,1000
climatology,LA-LM,200809,3,0.0,0.0,1.0,1.0,0.0,200807,1000
climatology,LA-LM,200810,1,0.09,0.0,1.0,1.0,0.0,200810,1000
climatology,LA-LM,200811,2,0.02,0.0,1.0,1.0,0.0,200810,1000
climatology,LA-LM,200812,3,0.0,0.0,1.0,1.0,0.0,200810,1000
climatology,LA-LM,200901,1,0.0,0.0,1.0,1.0,0.0,200901,1000
climatology,LA-LM,200902,2,0.0,0.0,1.0,1.0,0.0,200901,1000
climatology,LA-LM,200903,3,0.041405,0.0,1.0,1.0,0.0,200901,1000
climatology,LA-LM,200904,1,0.826281,1.0,0.0,0.0,1.0,200904,1000
climatology,LA-LM,200905,2,0.0,0.0,1.0,1.0,0.0,200904,1000
climatology,LA-LM,200906,3,2.0,2.0,0.0,0.0,2.0,200904,1000
climatology,LA-LM,200907,1,0.677405,1.0,1.0,0.0,1.0,200907,1000
climatology,LA-LM,200908,2,0.024843,0.0,1.0,1.0,0.0,200907,1000
climatology,LA-LM,200909,3,4.0,4.0,0.0,0.0,4.0,200907,1000
climatology,LA-LM,200910,1,4.164529,5.0,0.0,0.0,5.0,200910,1000
climatology,LA-LM,200911,2,5.652562,6.0,0.0,0.0,6.0,200910,1000
climatology,LA-LM,200912,3,4.0,4.0,0.0,0.0,4.0,200910,1000
climatology,LA-LP,200801,1,0.1999999999999999,0.0,1.0,1.0,0.0,200801,1000
climatology,LA-LP,200802,2,13.92,16.0,0.0,0.0,16.0,200801,1000
climatology,LA-LP,200803,3,20.81,22.0,0.0,0.0,22.0,200801,1000
climatology,LA-LP,200804,1,31.229999999999997,32.5,0.0,0.0,33.0,200804,1000
climatology,LA-LP,200805,2,107.3,113.0,0.0,0.0,116.0,200804,1000
climatology,LA-LP,200806,3,132.97,153.0,0.0,0.0,160.0,200804,1000
climatology,LA-LP,200807,1,10.659999999999998,13.5,1.0,0.0,16.0,200807,1000
climatology,LA-LP,200808,2,12.43,17.0,1.0,1.0,13.0,200807,1000
climatology,LA-LP,200809,3,10.5,12.5,1.0,1.0,14.0,200807,1000
climatology,LA-LP,200810,1,9.55,15.0,1.0,0.0,33.0,200810,1000
climatology,LA-LP,200811,2,103.0,107.0,0.0,0.0,116.0,200810,1000
climatology,LA-LP,200812,3,126.82,158.5,0.0,0.0,161.0,200810,1000
climatology,LA-LP,200901,1,0.16562,0.0,1.0,1.0,0.0,200901,1000
climatology,LA-LP,200902,2,0.5962320000000001,0.0,1.0,1.0,0.0,200901,1000
climatology,LA-LP,200903,3,0.4720169999999997,0.0,1.0,1.0,0.0,200901,1000
climatology,LA-LP,200904,1,0.8104469999999999,1.0,1.0,1.0,0.0,200904,1000
climatology,LA-LP,200905,2,3.589589,3.0,1.0,0.0,0.0,200904,1000
climatology,LA-LP,200906,3,5.813261999999998,0.0,1.0,1.0,9.0,200904,1000
climatology,LA-LP,200907,1,4.452995999999999,2.0,1.0,1.0,30.0,200907,1000
climatology,LA-LP,200908,2,8.377825999999999,2.0,1.0,1.0,32.0,200907,1000
climatology,LA-LP,200909,3,238.358321,292.0,0.0,0.0,313.0,200907,1000
climatology,LA-LP,200910,1,126.23871400000002,147.0,0.0,0.0,165.0,200910,1000
climatology,LA-LP,200911,2,61.383126999999995,78.0,0.0,0.0,87.0,200910,1000
climatology,LA-LP,200912,3,7.821726000000002,3.0,1.0,1.0,0.0,200910,1000
climatology,LA-OU,200801,1,0.0,0.0,1.0,1.0,0.0,200801,1000
climatology,LA-OU,200802,2,0.0,0.0,1.0,1.0,0.0,200801,1000
climatology,LA-OU,200803,3,0.0,0.0,1.0,1.0,0.0,200801,1000
climatology,LA-OU,200804,1,0.0,0.0,1.0,1.0,0.0,200804,1000
climatology,LA-OU,200805,2,0.01,0.0,1.0,1.0,0.0,200804,1000
climatology,LA-OU,200806,3,0.01,0.0,1.0,1.0,0.0,200804,1000
climatology,LA-OU,200807,1,0.04,0.0,1.0,1.0,0.0,200807,1000
climatology,LA-OU,200808,2,0.12,0.0,1.0,1.0,0.0,200807,1000
climatology,LA-OU,200809,3,0.04,0.0,1.0,1.0,0.0,200807,1000
climatology,LA-OU,200810,1,0.0799999999999999,0.0,1.0,1.0,0.0,200810,1000
climatology,LA-OU,200811,2,0.01,0.0,1.0,1.0,0.0,200810,1000
climatology,LA-OU,200812,3,0.0,0.0,1.0,1.0,0.0,200810,1000
climatology,LA-OU,200901,1,0.0,0.0,1.0,1.0,0.0,200901,1000
climatology,LA-OU,200902,2,0.0,0.0,1.0,1.0,0.0,200901,1000
climatology,LA-OU,200903,3,0.0,0.0,1.0,1.0,0.0,200901,1000
climatology,LA-OU,200904,1,0.0,0.0,1.0,1.0,0.0,200904,1000
climatology,LA-OU,200905,2,0.0082809999999999,0.0,1.0,1.0,0.0,200904,1000
climatology,LA-OU,200906,3,0.0082809999999999,0.0,1.0,1.0,0.0,200904,1000
climatology,LA-OU,200907,1,0.0331239999999999,0.0,1.0,1.0,0.0,200907,1000
climatology,LA-OU,200908,2,0.7353719999999999,1.0,1.0,0.0,1.0,200907,1000
climatology,LA-OU,200909,3,14.669124,15.0,0.0,0.0,15.0,200907,1000
climatology,LA-OU,200910,1,4.974247999999999,6.0,0.0,0.0,6.0,200910,1000
climatology,LA-OU,200911,2,12.826281,13.0,0.0,0.0,13.0,200910,1000
climatology,LA-OU,200912,3,18.0,18.0,0.0,0.0,18.0,200910,1000
climatology,LA-PH,200901,1,0.0,0.0,1.0,1.0,0.0,200901,1000
climatology,LA-PH,200902,2,0.0,0.0,1.0,1.0,0.0,200901,1000
climatology,LA-PH,200903,3,0.0,0.0,1.0,1.0,0.0,200901,1000
climatology,LA-PH,200904,1,0.0,0.0,1.0,1.0,0.0,200904,1000
climatology,LA-PH,200905,2,0.0,0.0,1.0,1.0,0.0,200904,1000
climatology,LA-PH,200906,3,0.0,0.0,1.0,1.0,0.0,200904,1000
climatology,LA-PH,200907,1,0.0,0.0,1.0,1.0,0.0,200907,1000
climatology,LA-PH,200909,3,0.04,0.0,1.0,1.0,0.0,200907,1000
climatology,LA-PH,200910,1,0.0,0.0,1.0,1.0,0.0,200910,1000
climatology,LA-PH,200911,2,0.0,0.0,1.0,1.0,0.0,200910,1000
climatology,LA-PH,200912,3,0.0,0.0,1.0,1.0,0.0,200910,1000
climatology,LA-SL,200801,1,0.1099999999999999,0.0,1.0,1.0,0.0,200801,1000
climatology,LA-SL,200802,2,1.0,1.0,0.0,0.0,1.0,200801,1000
climatology,LA-SL,200803,3,4.62,5.0,0.0,0.0,5.0,200801,1000
climatology,LA-SL,200804,1,2.0,2.0,0.0,0.0,2.0,200804,1000
climatology,LA-SL,200805,2,82.75,105.0,0.0,0.0,105.0,200804,1000
climatology,LA-SL,200806,3,206.97,226.0,0.0,0.0,226.0,200804,1000
climatology,LA-SL,200807,1,75.25,77.0,0.0,0.0,78.0,200807,1000
climatology,LA-SL,200808,2,52.45,62.0,0.0,0.0,63.0,200807,1000
climatology,LA-SL,200809,3,76.05,85.0,0.0,0.0,85.0,200807,1000
climatology,LA-SL,200810,1,89.54,91.0,0.0,0.0,91.0,200810,1000
climatology,LA-SL,200811,2,19.16,21.0,0.0,0.0,21.0,200810,1000
climatology,LA-SL,200812,3,5.69,8.0,0.0,0.0,8.0,200810,1000
climatology,LA-SL,200901,1,0.545091,1.0,1.0,1.0,1.0,200901,1000
climatology,LA-SL,200902,2,23.826281,24.0,0.0,0.0,24.0,200901,1000
climatology,LA-SL,200903,3,23.817091,25.0,0.0,0.0,25.0,200901,1000
climatology,LA-SL,200904,1,18.652562,19.0,0.0,0.0,19.0,200904,1000
climatology,LA-SL,200905,2,83.899938,122.0,0.0,0.0,122.0,200904,1000
climatology,LA-SL,200906,3,30.133145000000003,42.0,1.0,0.0,42.0,200904,1000
climatology,LA-SL,200907,1,148.17646399999998,163.0,0.0,0.0,164.0,200907,1000
climatology,LA-SL,200908,2,107.331804,125.0,0.0,0.0,127.0,200907,1000
climatology,LA-SL,200909,3,68.83130799999999,91.0,0.0,0.0,91.0,200907,1000
climatology,LA-SL,200910,1,76.984001,94.0,0.0,0.0,94.0,200910,1000
climatology,LA-SL,200911,2,38.830017000000005,44.0,0.0,0.0,44.0,200910,1000
climatology,LA-SL,200912,3,13.699703,17.0,0.0,0.0,17.0,200910,1000
climatology,LA-SV,200801,1,1.7800000000000002,0.5,1.0,1.0,1.0,200801,1000
climatology,LA-SV,200802,2,0.6200000000000001,0.5,1.0,1.0,1.0,200801,1000
climatology,LA-SV,200803,3,1.42,1.0,1.0,1.0,1.0,200801,1000
climatology,LA-SV,200804,1,6.08,7.0,0.0,0.0,0.0,200804,1000
climatology,LA-SV,200805,2,27.53,36.0,0.0,0.0,1.0,200804,1000
climatology,LA-SV,200806,3,67.57,70.5,1.0,0.0,10.0,200804,1000
climatology,LA-SV,200807,1,150.21999999999997,218.0,1.0,0.0,11.0,200807,1000
climatology,LA-SV,200808,2,140.25,205.0,1.0,0.0,4.0,200807,1000
climatology,LA-SV,200809,3,115.49,178.0,0.0,0.0,2.0,200807,1000
climatology,LA-SV,200810,1,53.19,81.0,1.0,0.0,10.0,200810,1000
climatology,LA-SV,200811,2,12.810000000000002,14.0,1.0,1.0,2.0,200810,1000
climatology,LA-SV,200812,3,8.030000000000001,4.5,1.0,1.0,0.0,200810,1000
climatology,LA-SV,200901,1,1.7460180000000003,1.0,1.0,1.0,0.0,200901,1000
climatology,LA-SV,200902,2,0.6034219999999999,1.0,1.0,1.0,0.0,200901,1000
climatology,LA-SV,200903,3,1.0848110000000002,0.0,1.0,1.0,0.0,200901,1000
climatology,LA-SV,200904,1,5.027028,6.0,1.0,0.0,0.0,200904,1000
climatology,LA-SV,200905,2,23.760858999999996,31.0,0.0,0.0,0.0,200904,1000
climatology,LA-SV,200906,3,63.428528,72.0,0.0,0.0,1.0,200904,1000
climatology,LA-SV,200907,1,123.24315,212.0,1.0,1.0,13.0,200907,1000
climatology,LA-SV,200908,2,102.30625,137.0,1.0,1.0,34.0,200907,1000
climatology,LA-SV,200909,3,77.799763,132.0,1.0,1.0,48.0,200907,1000
climatology,LA-SV,200910,1,41.95170999999999,73.0,1.0,1.0,16.0,200910,1000
climatology,LA-SV,200911,2,12.497231,19.0,1.0,1.0,33.0,200910,1000
climatology,LA-SV,200912,3,6.103097000000002,0.0,1.0,1.0,4.0,200910,1000
climatology,LA-VT,200801,1,10.87,11.0,1.0,1.0,29.0,200801,1000
climatology,LA-VT,200802,2,9.38,14.5,0.0,0.0,12.0,200801,1000
climatology,LA-VT,200803,3,4.52,2.5,1.0,1.0,26.0,200801,1000
climatology,LA-VT,200804,1,36.69,50.0,0.0,0.0,4.0,200804,1000
climatology,LA-VT,200805,2,62.27,92.0,0.0,0.0,17.0,200804,1000
climatology,LA-VT,200806,3,83.00999999999999,93.0,0.0,0.0,60.0,200804,1000
climatology,LA-VT,200807,1,191.24999999999997,247.0,0.0,0.0,132.0,200807,1000
climatology,LA-VT,200808,2,165.86,220.0,0.0,0.0,144.0,200807,1000
climatology,LA-VT,200809,3,113.29999999999998,176.5,1.0,0.0,158.0,200807,1000
climatology,LA-VT,200810,1,129.48000000000002,243.5,0.0,0.0,95.0,200810,1000
climatology,LA-VT,200811,2,36.84,40.5,1.0,1.0,129.0,200810,1000
climatology,LA-VT,200812,3,17.979999999999997,8.0,1.0,1.0,91.0,200810,1000
climatology,LA-VT,200901,1,7.815081999999997,2.0,1.0,1.0,38.0,200901,1000
climatology,LA-VT,200902,2,3.934482,6.0,1.0,1.0,20.0,200901,1000
climatology,LA-VT,200903,3,7.282829999999999,9.0,1.0,0.0,19.0,200901,1000
climatology,LA-VT,200904,1,9.680054000000002,20.0,1.0,1.0,33.0,200904,1000
climatology,LA-VT,200905,2,27.720475,55.0,1.0,1.0,54.0,200904,1000
climatology,LA-VT,200906,3,38.075081999999995,45.0,1.0,0.0,104.0,200904,1000
climatology,LA-VT,200907,1,86.36204900000001,46.0,1.0,1.0,302.0,200907,1000
climatology,LA-VT,200908,2,101.891894,104.0,1.0,1.0,356.0,200907,1000
climatology,LA-VT,200909,3,112.384425,153.0,1.0,1.0,470.0,200907,1000
climatology,LA-VT,200910,1,145.485435,277.0,0.0,0.0,527.0,200910,1000
climatology,LA-VT,200911,2,297.66520299999996,381.0,0.0,0.0,521.0,200910,1000
climatology,LA-VT,200912,3,224.551238,275.0,0.0,0.0,366.0,200910,1000
climatology,LA-XA,200801,1,0.17,0.0,1.0,1.0,0.0,200801,1000
climatology,LA-XA,200802,2,0.9500000000000002,0.0,1.0,1.0,0.0,200801,1000
climatology,LA-XA,200803,3,0.7399999999999998,0.5,1.0,1.0,0.0,200801,1000
climatology,LA-XA,200804,1,3.460000000000001,2.5,0.0,0.0,0.0,200804,1000
climatology,LA-XA,200805,2,5.659999999999997,0.5,1.0,1.0,2.0,200804,1000
climatology,LA-XA,200806,3,14.03,1.5,1.0,1.0,6.0,200804,1000
climatology,LA-XA,200807,1,24.69,49.0,1.0,1.0,19.0,200807,1000
climatology,LA-XA,200808,2,9.729999999999997,8.0,1.0,1.0,7.0,200807,1000
climatology,LA-XA,200809,3,4.75,2.0,1.0,0.0,1.0,200807,1000
climatology,LA-XA,200810,1,1.5699999999999994,1.0,1.0,1.0,3.0,200810,1000
climatology,LA-XA,200811,2,1.83,1.5,1.0,0.0,2.0,200810,1000
climatology,LA-XA,200812,3,1.9600000000000009,1.0,1.0,1.0,1.0,200810,1000
climatology,LA-XA,200901,1,0.1407769999999999,0.0,1.0,1.0,0.0,200901,1000
climatology,LA-XA,200902,2,0.7866949999999999,0.0,1.0,1.0,0.0,200901,1000
climatology,LA-XA,200903,3,0.6127940000000001,0.0,1.0,1.0,0.0,200901,1000
climatology,LA-XA,200904,1,2.8624980000000004,2.0,1.0,0.0,0.0,200904,1000
climatology,LA-XA,200905,2,4.777046000000006,1.0,1.0,1.0,1.0,200904,1000
climatology,LA-XA,200906,3,13.430243,8.0,1.0,1.0,14.0,200904,1000
climatology,LA-XA,200907,1,22.570512,55.0,1.0,1.0,11.0,200907,1000
climatology,LA-XA,200908,2,13.305413,30.0,1.0,1.0,37.0,200907,1000
climatology,LA-XA,200909,3,6.654747,8.0,1.0,1.0,11.0,200907,1000
climatology,LA-XA,200910,1,2.0250260000000004,3.0,1.0,1.0,5.0,200910,1000
climatology,LA-XA,200911,2,3.421968000000001,4.0,1.0,0.0,5.0,200910,1000
climatology,LA-XA,200912,3,1.5319850000000006,0.0,1.0,1.0,0.0,200910,1000
climatology,LA-XE,200801,1,0.09,0.0,1.0,1.0,0.0,200801,1000
climatology,LA-XE,200802,2,0.12,0.0,1.0,1.0,0.0,200801,1000
climatology,LA-XE,200803,3,0.0,0.0,1.0,1.0,0.0,200801,1000
climatology,LA-XE,200804,1,0.0246419999999999,0.0,1.0,1.0,0.0,200804,1000
climatology,LA-XE,200805,2,0.08,0.0,1.0,1.0,0.0,200804,1000
climatology,LA-XE,200806,3,3.15,4.5,0.0,0.0,5.0,200804,1000
climatology,LA-XE,200807,1,0.4000000000000001,0.0,1.0,1.0,0.0,200807,1000
climatology,LA-XE,200808,2,0.1899999999999999,0.0,1.0,1.0,0.0,200807,1000
climatology,LA-XE,200809,3,0.6699999999999999,1.0,1.0,1.0,1.0,200807,1000
climatology,LA-XE,200810,1,0.5599999999999998,0.5,1.0,1.0,0.0,200810,1000
climatology,LA-XE,200811,2,0.0246419999999999,0.0,1.0,1.0,0.0,200810,1000
climatology,LA-XE,200812,3,0.790321,1.0,1.0,0.0,1.0,200810,1000
climatology,LA-XE,200901,1,0.074529,0.0,1.0,1.0,0.0,200901,1000
climatology,LA-XE,200902,2,1.371372,2.0,1.0,0.0,2.0,200901,1000
climatology,LA-XE,200903,3,2.0,2.0,0.0,0.0,2.0,200901,1000
climatology,LA-XE,200904,1,0.8200000000000001,1.0,0.0,0.0,1.0,200904,1000
climatology,LA-XE,200905,2,1.338248,2.0,1.0,0.0,2.0,200904,1000
climatology,LA-XE,200906,3,6.6023309999999995,8.0,0.0,0.0,9.0,200904,1000
climatology,LA-XE,200907,1,26.41924,29.0,0.0,0.0,29.0,200907,1000
climatology,LA-XE,200908,2,25.883339,27.0,0.0,0.0,27.0,200907,1000
climatology,LA-XE,200909,3,4.097554,6.0,0.0,0.0,6.0,200907,1000
climatology,LA-XE,200910,1,4.551736,7.0,0.0,0.0,7.0,200910,1000
climatology,LA-XE,200911,2,2.6199999999999997,3.0,0.0,0.0,3.0,200910,1000
climatology,LA-XE,200912,3,6.64,7.0,0.0,0.0,7.0,200910,1000
climatology,LA-XI,200801,1,0.0,0.0,1.0,1.0,0.0,200801,1000
climatology,LA-XI,200802,2,0.0,0.0,1.0,1.0,0.0,200801,1000
climatology,LA-XI,200803,3,0.0,0.0,1.0,1.0,0.0,200801,1000
climatology,LA-XI,200804,1,0.0,0.0,1.0,1.0,0.0,200804,1000
climatology,LA-XI,200805,2,0.0,0.0,1.0,1.0,0.0,200804,1000
climatology,LA-XI,200806,3,1.0,1.0,0.0,0.0,1.0,200804,1000
climatology,LA-XI,200807,1,0.0,0.0,1.0,1.0,0.0,200807,1000
climatology,LA-XI,200808,2,0.02,0.0,1.0,1.0,0.0,200807,1000
climatology,LA-XI,200809,3,0.01,0.0,1.0,1.0,0.0,200807,1000
climatology,LA-XI,200810,1,0.0,0.0,1.0,1.0,0.0,200810,1000
climatology,LA-XI,200811,2,0.01,0.0,1.0,1.0,0.0,200810,1000
climatology,LA-XI,200812,3,0.0,0.0,1.0,1.0,0.0,200810,1000
climatology,LA-XI,200901,1,0.0,0.0,1.0,1.0,0.0,200901,1000
climatology,LA-XI,200902,2,0.0,0.0,1.0,1.0,0.0,200901,1000
climatology,LA-XI,200903,3,0.0,0.0,1.0,1.0,0.0,200901,1000
climatology,LA-XI,200904,1,0.0,0.0,1.0,1.0,0.0,200904,1000
climatology,LA-XI,200905,2,39.0,39.0,0.0,0.0,39.0,200904,1000
climatology,LA-XI,200906,3,32.826281,33.0,0.0,0.0,33.0,200904,1000
climatology,LA-XI,200907,1,1.0,1.0,0.0,0.0,1.0,200907,1000
climatology,LA-XI,200908,2,9.652562,10.0,0.0,0.0,10.0,200907,1000
climatology,LA-XI,200909,3,0.0082809999999999,0.0,1.0,1.0,0.0,200907,1000
climatology,LA-XI,200910,1,0.0,0.0,1.0,1.0,0.0,200910,1000
climatology,LA-XI,200911,2,0.0082809999999999,0.0,1.0,1.0,0.0,200910,1000
climatology,LA-XI,200912,3,0.0,0.0,1.0,1.0,0.0,200910,1000
ensemble,LA-AT,200801,1,3.225517,4.0,0.0,0.0,4.0,200801,1000
ensemble,LA-AT,200802,2,1.4862729999999995,2.0,1.0,0.0,2.0,200801,1000
ensemble,LA-AT,200803,3,0.0660539999999998,0.0,1.0,1.0,0.0,200801,1000
ensemble,LA-AT,200804,1,0.0821960000000001,0.0,1.0,1.0,0.0,200804,1000
ensemble,LA-AT,200805,2,3.0460139999999996,4.0,0.0,0.0,4.0,200804,1000
ensemble,LA-AT,200806,3,7.969327,10.0,0.0,0.0,10.0,200804,1000
ensemble,LA-AT,200807,1,2.5767469999999992,6.0,1.0,1.0,6.0,200807,1000
ensemble,LA-AT,200808,2,5.203348999999999,10.0,0.0,0.0,11.0,200807,1000
ensemble,LA-AT,200809,3,15.670126,23.0,0.0,0.0,24.0,200807,1000
ensemble,LA-AT,200810,1,32.592971,47.0,0.0,0.0,47.0,200810,1000
ensemble,LA-AT,200811,2,31.437156,43.0,0.0,0.0,43.0,200810,1000
ensemble,LA-AT,200812,3,12.152605,23.0,1.0,0.0,23.0,200810,1000
ensemble,LA-AT,200901,1,9.583275,18.0,1.0,1.0,18.0,200901,1000
ensemble,LA-AT,200902,2,35.121239,46.0,0.0,0.0,46.0,200901,1000
ensemble,LA-AT,200903,3,65.915879,77.0,0.0,0.0,77.0,200901,1000
ensemble,LA-AT,200904,1,64.181376,99.0,0.0,0.0,99.0,200904,1000
ensemble,LA-AT,200905,2,5.1229939999999985,0.0,1.0,1.0,0.0,200904,1000
ensemble,LA-AT,200906,3,14.232556999999998,23.0,1.0,1.0,24.0,200904,1000
ensemble,LA-AT,200907,1,50.721221,63.0,0.0,0.0,64.0,200907,1000
ensemble,LA-AT,200908,2,9.839303,20.0,1.0,1.0,21.0,200907,1000
ensemble,LA-AT,200909,3,6.626277,15.5,1.0,1.0,17.0,200907,1000
ensemble,LA-AT,200910,1,3.0243160000000007,2.0,1.0,1.0,4.0,200910,1000
ensemble,LA-AT,200911,2,6.964463,16.0,1.0,1.0,16.0,200910,1000
ensemble,LA-AT,200912,3,3.3179760000000007,6.0,1.0,1.0,6.0,200910,1000
ensemble,LA-BK,200801,1,0.670793,1.0,1.0,0.0,1.0,200801,1000
ensemble,LA-BK,200802,2,0.0598699999999999,0.0,1.0,1.0,0.0,200801,1000
ensemble,LA-BK,200803,3,0.065879,0.0,1.0,1.0,0.0,200801,1000
ensemble,LA-BK,200804,1,0.071317,0.0,1.0,1.0,0.0,200804,1000
ensemble,LA-BK,200805,2,10.739969,12.0,0.0,0.0,12.0,200804,1000
ensemble,LA-BK,200806,3,51.257669,53.0,0.0,0.0,53.0,200804,1000
ensemble,LA-BK,200807,1,4.018262,1.0,1.0,1.0,2.0,200807,1000
ensemble,LA-BK,200808,2,6.234849999999998,8.0,1.0,1.0,9.0,200807,1000
ensemble,LA-BK,200809,3,16.724338,32.0,1.0,1.0,33.0,200807,1000
ensemble,LA-BK,200810,1,31.340423,46.0,0.0,0.0,48.0,200810,1000
ensemble,LA-BK,200811,2,39.657118,55.0,0.0,0.0,55.0,200810,1000
ensemble,LA-BK,200812,3,4.118231,5.0,1.0,1.0,5.0,200810,1000
ensemble,LA-BK,200901,1,0.7112879999999999,1.0,1.0,1.0,1.0,200901,1000
ensemble,LA-BK,200902,2,0.5451110000000001,0.0,1.0,1.0,0.0,200901,1000
ensemble,LA-BK,200903,3,0.6927669999999999,1.0,1.0,1.0,1.0,200901,1000
ensemble,LA-BK,200904,1,2.017163,3.0,0.0,0.0,3.0,200904,1000
ensemble,LA-BK,200905,2,71.499601,74.0,0.0,0.0,74.0,200904,1000
ensemble,LA-BK,200906,3,207.017442,215.0,0.0,0.0,216.0,200904,1000
ensemble,LA-BK,200907,1,117.466376,210.0,1.0,0.0,212.0,200907,1000
ensemble,LA-BK,200908,2,65.501644,109.0,1.0,0.0,110.0,200907,1000
ensemble,LA-BK,200909,3,34.409786,50.0,1.0,1.0,52.0,200907,1000
ensemble,LA-BK,200910,1,14.878436,29.0,1.0,1.0,31.0,200910,1000
ensemble,LA-BK,200911,2,6.172892000000001,5.0,1.0,1.0,5.0,200910,1000
ensemble,LA-BK,200912,3,4.725213999999999,4.0,1.0,1.0,4.0,200910,1000
ensemble,LA-BL,200801,1,4.766840999999999,8.0,1.0,0.0,10.0,200801,1000
ensemble,LA-BL,200802,2,2.98095,5.0,1.0,1.0,7.0,200801,1000
ensemble,LA-BL,200803,3,2.0064390000000003,2.0,1.0,1.0,1.0,200801,1000
ensemble,LA-BL,200804,1,2.321699999999999,1.0,1.0,1.0,3.0,200804,1000
ensemble,LA-BL,200805,2,6.098741999999998,6.0,1.0,1.0,15.0,200804,1000
ensemble,LA-BL,200806,3,7.949878000000002,1.0,1.0,1.0,19.0,200804,1000
ensemble,LA-BL,200807,1,10.944999,3.0,1.0,1.0,31.0,200807,1000
ensemble,LA-BL,200808,2,12.416137999999997,1.0,1.0,1.0,32.0,200807,1000
ensemble,LA-BL,200809,3,12.144116000000004,0.0,1.0,1.0,30.0,200807,1000
ensemble,LA-BL,200810,1,11.57513,18.0,1.0,0.0,5.0,200810,1000
ensemble,LA-BL,200811,2,6.425819000000002,5.0,1.0,1.0,12.0,200810,1000
ensemble,LA-BL,200812,3,4.550018999999999,5.0,1.0,1.0,1.0,200810,1000
ensemble,LA-BL,200901,1,1.274158,0.0,1.0,1.0,2.0,200901,1000
ensemble,LA-BL,200902,2,1.4589320000000008,1.0,1.0,1.0,3.0,200901,1000
ensemble,LA-BL,200903,3,2.055922,2.0,1.0,1.0,0.0,200901,1000
ensemble,LA-BL,200904,1,2.116777999999999,1.0,1.0,1.0,2.0,200904,1000
ensemble,LA-BL,200905,2,7.483889000000001,9.0,1.0,0.0,0.0,200904,1000
ensemble,LA-BL,200906,3,8.556324,11.0,1.0,1.0,7.0,200904,1000
ensemble,LA-BL,200907,1,12.007196000000004,7.0,1.0,1.0,35.0,200907,1000
ensemble,LA-BL,200908,2,13.359362999999998,14.0,1.0,1.0,9.0,200907,1000
ensemble,LA-BL,200909,3,17.339071000000004,26.0,1.0,0.0,0.0,200907,1000
ensemble,LA-BL,200910,1,6.543002999999999,6.0,1.0,1.0,1.0,200910,1000
ensemble,LA-BL,200911,2,6.177269000000001,9.0,1.0,1.0,2.0,200910,1000
ensemble,LA-BL,200912,3,2.514409000000001,1.0,1.0,1.0,1.0,200910,1000
ensemble,LA-CH,200801,1,31.684247000000003,61.0,1.0,0.0,73.0,200801,1000
ensemble,LA-CH,200802,2,45.296626,82.5,1.0,0.0,90.0,200801,1000
ensemble,LA-CH,200803,3,44.861434,80.0,1.0,0.0,92.0,200801,1000
ensemble,LA-CH,200804,1,26.054474,50.0,1.0,1.0,69.0,200804,1000
ensemble,LA-CH,200805,2,38.338722,60.0,1.0,0.0,113.0,200804,1000
ensemble,LA-CH,200806,3,133.960889,209.0,1.0,0.0,295.0,200804,1000
ensemble,LA-CH,200807,1,49.967195,32.0,1.0,1.0,162.0,200807,1000
ensemble,LA-CH,200808,2,51.757486,5.0,1.0,1.0,143.0,200807,1000
ensemble,LA-CH,200809,3,54.53981200000001,47.0,1.0,1.0,185.0,200807,1000
ensemble,LA-CH,200810,1,36.80582899999999,46.0,1.0,1.0,140.0,200810,1000
ensemble,LA-CH,200811,2,35.70313,64.0,1.0,1.0,102.0,200810,1000
ensemble,LA-CH,200812,3,32.71563499999999,48.0,1.0,1.0,73.0,200810,1000
ensemble,LA-CH,200901,1,12.232305000000004,19.0,1.0,1.0,31.0,200901,1000
ensemble,LA-CH,200902,2,18.993280999999996,40.0,1.0,1.0,48.0,200901,1000
ensemble,LA-CH,200903,3,22.605439000000004,47.0,1.0,1.0,60.0,200901,1000
ensemble,LA-CH,200904,1,48.005702,79.0,0.0,0.0,102.0,200904,1000
ensemble,LA-CH,200905,2,20.630528,17.0,1.0,1.0,66.0,200904,1000
ensemble,LA-CH,200906,3,41.171305,64.0,1.0,1.0,124.0,200904,1000
ensemble,LA-CH,200907,1,33.369078,4.5,1.0,1.0,122.0,200907,1000
ensemble,LA-CH,200908,2,34.073954999999984,9.0,1.0,1.0,110.0,200907,1000
ensemble,LA-CH,200909,3,31.930408999999997,13.0,1.0,1.0,105.0,200907,1000
ensemble,LA-CH,200910,1,23.311681000000007,21.5,1.0,1.0,59.0,200910,1000
ensemble,LA-CH,200911,2,17.748786999999993,3.0,1.0,1.0,35.0,200910,1000
ensemble,LA-CH,200912,3,17.944096000000002,7.0,1.0,1.0,32.0,200910,1000
ensemble,LA-HO,200801,1,0.149441,0.0,1.0,1.0,0.0,200801,1000
ensemble,LA-HO,200802,2,0.144637,0.0,1.0,1.0,0.0,200801,1000
ensemble,LA-HO,200803,3,0.162333,0.0,1.0,1.0,0.0,200801,1000
ensemble,LA-HO,200804,1,0.044564,0.0,1.0,1.0,0.0,200804,1000
ensemble,LA-HO,200805,2,0.044691,0.0,1.0,1.0,0.0,200804,1000
ensemble,LA-HO,200806,3,0.0847689999999999,0.0,1.0,1.0,0.0,200804,1000
ensemble,LA-HO,200807,1,0.150136,0.0,1.0,1.0,0.0,200807,1000
ensemble,LA-HO,200808,2,0.097488,0.0,1.0,1.0,0.0,200807,1000
ensemble,LA-HO,200809,3,0.6445960000000001,1.0,1.0,0.0,1.0,200807,1000
ensemble,LA-HO,200810,1,0.214392,0.0,1.0,1.0,0.0,200810,1000
ensemble,LA-HO,200811,2,0.1504799999999999,0.0,1.0,1.0,0.0,200810,1000
ensemble,LA-HO,200812,3,0.4024609999999999,1.0,1.0,1.0,1.0,200810,1000
ensemble,LA-HO,200901,1,0.1527539999999999,0.0,1.0,1.0,0.0,200901,1000
ensemble,LA-HO,200902,2,0.150533,0.0,1.0,1.0,0.0,200901,1000
ensemble,LA-HO,200903,3,0.1596499999999999,0.0,1.0,1.0,0.0,200901,1000
ensemble,LA-HO,200904,1,0.050657,0.0,1.0,1.0,0.0,200904,1000
ensemble,LA-HO,200905,2,0.0437699999999999,0.0,1.0,1.0,0.0,200904,1000
ensemble,LA-HO,200906,3,0.082884,0.0,1.0,1.0,0.0,200904,1000
ensemble,LA-HO,200907,1,0.132429,0.0,1.0,1.0,0.0,200907,1000
ensemble,LA-HO,200908,2,0.084964,0.0,1.0,1.0,0.0,200907,1000
ensemble,LA-HO,200909,3,0.6263789999999999,1.0,1.0,1.0,1.0,200907,1000
ensemble,LA-HO,200910,1,0.386971,1.0,1.0,1.0,1.0,200910,1000
ensemble,LA-HO,200911,2,0.4300239999999999,1.0,1.0,1.0,1.0,200910,1000
ensemble,LA-HO,200912,3,0.3683849999999999,1.0,1.0,1.0,1.0,200910,1000
ensemble,LA-KH,200801,1,0.8014429999999999,0.0,1.0,1.0,0.0,200801,1000
ensemble,LA-KH,200802,2,0.6193270000000002,0.0,1.0,1.0,0.0,200801,1000
ensemble,LA-KH,200803,3,0.4974749999999996,0.0,1.0,1.0,0.0,200801,1000
ensemble,LA-KH,200804,1,0.5147839999999997,0.0,1.0,1.0,0.0,200804,1000
ensemble,LA-KH,200805,2,2.051685000000001,0.0,1.0,1.0,0.0,200804,1000
ensemble,LA-KH,200806,3,5.119012999999999,1.0,1.0,1.0,1.0,200804,1000
ensemble,LA-KH,200807,1,10.710085,1.0,1.0,1.0,3.0,200807,1000
ensemble,LA-KH,200808,2,11.451431,5.0,1.0,1.0,0.0,200807,1000
ensemble,LA-KH,200809,3,6.133212999999998,0.0,1.0,1.0,4.0,200807,1000
ensemble,LA-KH,200810,1,4.024996000000002,3.0,1.0,1.0,1.0,200810,1000
ensemble,LA-KH,200811,2,1.7499659999999988,1.0,1.0,1.0,3.0,200810,1000
ensemble,LA-KH,200812,3,2.4159629999999996,3.0,1.0,1.0,4.0,200810,1000
ensemble,LA-KH,200901,1,1.1202550000000002,0.0,1.0,1.0,0.0,200901,1000
ensemble,LA-KH,200902,2,0.8869980000000011,0.0,1.0,1.0,0.0,200901,1000
ensemble,LA-KH,200903,3,3.318566000000001,6.0,1.0,0.0,6.0,200901,1000
ensemble,LA-KH,200904,1,1.127428,0.0,1.0,1.0,0.0,200904,1000
ensemble,LA-KH,200905,2,3.1350979999999993,3.0,1.0,1.0,6.0,200904,1000
ensemble,LA-KH,200906,3,47.95262600000001,74.0,1.0,0.0,80.0,200904,1000
ensemble,LA-KH,200907,1,82.82245599999999,131.0,1.0,0.0,155.0,200907,1000
ensemble,LA-KH,200908,2,202.271329,271.5,0.0,0.0,303.0,200907,1000
ensemble,LA-KH,200909,3,195.084341,263.0,0.0,0.0,277.0,200907,1000
ensemble,LA-KH,200910,1,43.23420099999999,68.5,1.0,1.0,85.0,200910,1000
ensemble,LA-KH,200911,2,39.65853799999999,57.0,1.0,1.0,61.0,200910,1000
ensemble,LA-KH,200912,3,40.90182500000001,64.0,1.0,1.0,67.0,200910,1000
ensemble,LA-LM,200801,1,0.031934,0.0,1.0,1.0,0.0,200801,1000
ensemble,LA-LM,200802,2,0.036775,0.0,1.0,1.0,0.0,200801,1000
ensemble,LA-LM,200803,3,0.065805,0.0,1.0,1.0,0.0,200801,1000
ensemble,LA-LM,200804,1,0.042277,0.0,1.0,1.0,0.0,200804,1000
ensemble,LA-LM,200805,2,0.0427259999999999,0.0,1.0,1.0,0.0,200804,1000
ensemble,LA-LM,200806,3,0.038639,0.0,1.0,1.0,0.0,200804,1000
ensemble,LA-LM,200807,1,0.0898689999999999,0.0,1.0,1.0,0.0,200807,1000
ensemble,LA-LM,200808,2,0.108746,0.0,1.0,1.0,0.0,200807,1000
ensemble,LA-LM,200809,3,0.1870799999999999,0.0,1.0,1.0,0.0,200807,1000
ensemble,LA-LM,200810,1,0.1361810000000001,0.0,1.0,1.0,0.0,200810,1000
ensemble,LA-LM,200811,2,0.0516120000000001,0.0,1.0,1.0,0.0,200810,1000
ensemble,LA-LM,200812,3,0.0251649999999999,0.0,1.0,1.0,0.0,200810,1000
ensemble,LA-LM,200901,1,0.036193,0.0,1.0,1.0,0.0,200901,1000
ensemble,LA-LM,200902,2,0.042242,0.0,1.0,1.0,0.0,200901,1000
ensemble,LA-LM,200903,3,0.058702,0.0,1.0,1.0,0.0,200901,1000
ensemble,LA-LM,200904,1,0.7334970000000001,1.0,1.0,0.0,1.0,200904,1000
ensemble,LA-LM,200905,2,0.036055,0.0,1.0,1.0,0.0,200904,1000
ensemble,LA-LM,200906,3,1.5697800000000002,2.0,0.0,0.0,2.0,200904,1000
ensemble,LA-LM,200907,1,0.4700850000000001,1.0,1.0,1.0,1.0,200907,1000
ensemble,LA-LM,200908,2,0.3245069999999999,0.0,1.0,1.0,0.0,200907,1000
ensemble,LA-LM,200909,3,2.5157749999999997,4.0,0.0,0.0,4.0,200907,1000
ensemble,LA-LM,200910,1,2.476273,5.0,0.0,0.0,5.0,200910,1000
ensemble,LA-LM,200911,2,3.5147999999999993,6.0,0.0,0.0,6.0,200910,1000
ensemble,LA-LM,200912,3,1.9489479999999997,4.0,1.0,1.0,4.0,200910,1000
ensemble,LA-LP,200801,1,1.0280950000000004,1.0,1.0,1.0,0.0,200801,1000
ensemble,LA-LP,200802,2,10.633351,15.0,0.0,0.0,16.0,200801,1000
ensemble,LA-LP,200803,3,15.742244,21.0,0.0,0.0,22.0,200801,1000
ensemble,LA-LP,200804,1,19.875372,31.0,0.0,0.0,33.0,200804,1000
ensemble,LA-LP,200805,2,95.072864,111.0,0.0,0.0,116.0,200804,1000
ensemble,LA-LP,200806,3,122.912708,151.0,0.0,0.0,160.0,200804,1000
ensemble,LA-LP,200807,1,20.071771,15.0,1.0,1.0,16.0,200807,1000
ensemble,LA-LP,200808,2,22.18127699999999,17.0,1.0,1.0,13.0,200807,1000
ensemble,LA-LP,200809,3,18.295522999999996,12.0,1.0,1.0,14.0,200807,1000
ensemble,LA-LP,200810,1,12.391552,19.0,1.0,0.0,33.0,200810,1000
ensemble,LA-LP,200811,2,92.140003,107.0,0.0,0.0,116.0,200810,1000
ensemble,LA-LP,200812,3,138.141018,159.0,0.0,0.0,161.0,200810,1000
ensemble,LA-LP,200901,1,10.667493,1.0,1.0,1.0,0.0,200901,1000
ensemble,LA-LP,200902,2,10.966393999999994,2.0,1.0,1.0,0.0,200901,1000
ensemble,LA-LP,200903,3,10.96586,1.0,1.0,1.0,0.0,200901,1000
ensemble,LA-LP,200904,1,1.2945829999999994,1.0,1.0,1.0,0.0,200904,1000
ensemble,LA-LP,200905,2,2.3696319999999993,2.0,1.0,1.0,0.0,200904,1000
ensemble,LA-LP,200906,3,4.711196000000001,4.0,1.0,1.0,9.0,200904,1000
ensemble,LA-LP,200907,1,9.327502,16.0,1.0,1.0,30.0,200907,1000
ensemble,LA-LP,200908,2,11.411461000000005,20.0,1.0,1.0,32.0,200907,1000
ensemble,LA-LP,200909,3,257.655828,299.0,0.0,0.0,313.0,200907,1000
ensemble,LA-LP,200910,1,81.258154,146.0,1.0,1.0,165.0,200910,1000
ensemble,LA-LP,200911,2,49.316396999999995,75.0,1.0,1.0,87.0,200910,1000
ensemble,LA-LP,200912,3,26.311487,5.0,1.0,1.0,0.0,200910,1000
ensemble,LA-OU,200801,1,0.0424579999999999,0.0,1.0,1.0,0.0,200801,1000
ensemble,LA-OU,200802,2,0.0350659999999999,0.0,1.0,1.0,0.0,200801,1000
ensemble,LA-OU,200803,3,0.0387769999999999,0.0,1.0,1.0,0.0,200801,1000
ensemble,LA-OU,200804,1,0.0298199999999999,0.0,1.0,1.0,0.0,200804,1000
ensemble,LA-OU,200805,2,0.0466999999999999,0.0,1.0,1.0,0.0,200804,1000
ensemble,LA-OU,200806,3,0.057532,0.0,1.0,1.0,0.0,200804,1000
ensemble,LA-OU,200807,1,0.088565,0.0,1.0,1.0,0.0,200807,1000
ensemble,LA-OU,200808,2,0.1337520000000001,0.0,1.0,1.0,0.0,200807,1000
ensemble,LA-OU,200809,3,0.1054529999999999,0.0,1.0,1.0,0.0,200807,1000
ensemble,LA-OU,200810,1,0.08542,0.0,1.0,1.0,0.0,200810,1000
ensemble,LA-OU,200811,2,0.0409289999999999,0.0,1.0,1.0,0.0,200810,1000
ensemble,LA-OU,200812,3,0.0455979999999999,0.0,1.0,1.0,0.0,200810,1000
ensemble,LA-OU,200901,1,0.041887,0.0,1.0,1.0,0.0,200901,1000
ensemble,LA-OU,200902,2,0.0314799999999999,0.0,1.0,1.0,0.0,200901,1000
ensemble,LA-OU,200903,3,0.045079,0.0,1.0,1.0,0.0,200901,1000
ensemble,LA-OU,200904,1,0.029681,0.0,1.0,1.0,0.0,200904,1000
ensemble,LA-OU,200905,2,0.050115,0.0,1.0,1.0,0.0,200904,1000
ensemble,LA-OU,200906,3,0.062111,0.0,1.0,1.0,0.0,200904,1000
ensemble,LA-OU,200907,1,0.08628,0.0,1.0,1.0,0.0,200907,1000
ensemble,LA-OU,200908,2,0.623039,1.0,1.0,0.0,1.0,200907,1000
ensemble,LA-OU,200909,3,13.698486,15.0,0.0,0.0,15.0,200907,1000
ensemble,LA-OU,200910,1,3.239264,6.0,1.0,1.0,6.0,200910,1000
ensemble,LA-OU,200911,2,6.561855,13.0,1.0,1.0,13.0,200910,1000
ensemble,LA-OU,200912,3,10.703618,18.0,0.0,0.0,18.0,200910,1000
ensemble,LA-PH,200901,1,0.0295799999999999,0.0,1.0,1.0,0.0,200901,1000
ensemble,LA-PH,200902,2,0.0349329999999999,0.0,1.0,1.0,0.0,200901,1000
ensemble,LA-PH,200903,3,0.0340349999999999,0.0,1.0,1.0,0.0,200901,1000
ensemble,LA-PH,200904,1,0.03992,0.0,1.0,1.0,0.0,200904,1000
ensemble,LA-PH,200905,2,0.038578,0.0,1.0,1.0,0.0,200904,1000
ensemble,LA-PH,200906,3,0.032579,0.0,1.0,1.0,0.0,200904,1000
ensemble,LA-PH,200907,1,0.0400189999999999,0.0,1.0,1.0,0.0,200907,1000
ensemble,LA-PH,200909,3,0.063228,0.0,1.0,1.0,0.0,200907,1000
ensemble,LA-PH,200910,1,0.03559,0.0,1.0,1.0,0.0,200910,1000
ensemble,LA-PH,200911,2,0.0435729999999999,0.0,1.0,1.0,0.0,200910,1000
ensemble,LA-PH,200912,3,0.0366099999999999,0.0,1.0,1.0,0.0,200910,1000
ensemble,LA-SL,200801,1,1.016521,0.0,1.0,1.0,0.0,200801,1000
ensemble,LA-SL,200802,2,0.9887270000000004,1.0,1.0,1.0,1.0,200801,1000
ensemble,LA-SL,200803,3,2.266135,5.0,1.0,1.0,5.0,200801,1000
ensemble,LA-SL,200804,1,1.069061,2.0,1.0,1.0,2.0,200804,1000
ensemble,LA-SL,200805,2,88.714161,104.0,0.0,0.0,105.0,200804,1000
ensemble,LA-SL,200806,3,206.202169,224.0,0.0,0.0,226.0,200804,1000
ensemble,LA-SL,200807,1,46.226358,74.0,1.0,1.0,78.0,200807,1000
ensemble,LA-SL,200808,2,37.707099,57.0,1.0,1.0,63.0,200807,1000
ensemble,LA-SL,200809,3,45.105380999999994,78.0,1.0,1.0,85.0,200807,1000
ensemble,LA-SL,200810,1,46.129228999999995,90.0,0.0,0.0,91.0,200810,1000
ensemble,LA-SL,200811,2,13.517989999999998,20.0,1.0,1.0,21.0,200810,1000
ensemble,LA-SL,200812,3,8.913645000000002,7.0,1.0,1.0,8.0,200810,1000
ensemble,LA-SL,200901,1,1.247814,0.0,1.0,1.0,1.0,200901,1000
ensemble,LA-SL,200902,2,18.225875,24.0,0.0,0.0,24.0,200901,1000
ensemble,LA-SL,200903,3,18.762413,25.0,0.0,0.0,25.0,200901,1000
ensemble,LA-SL,200904,1,9.380492,19.0,1.0,1.0,19.0,200904,1000
ensemble,LA-SL,200905,2,86.665402,120.0,0.0,0.0,122.0,200904,1000
ensemble,LA-SL,200906,3,21.392303,39.0,1.0,0.0,42.0,200904,1000
ensemble,LA-SL,200907,1,116.412466,158.0,0.0,0.0,164.0,200907,1000
ensemble,LA-SL,200908,2,82.962815,120.0,0.0,0.0,127.0,200907,1000
ensemble,LA-SL,200909,3,51.484489999999994,83.0,0.0,0.0,91.0,200907,1000
ensemble,LA-SL,200910,1,38.701279,90.0,0.0,0.0,94.0,200910,1000
ensemble,LA-SL,200911,2,22.407386999999996,43.0,1.0,1.0,44.0,200910,1000
ensemble,LA-SL,200912,3,11.977619999999998,15.0,1.0,1.0,17.0,200910,1000
ensemble,LA-SV,200801,1,3.2214870000000033,1.0,1.0,1.0,1.0,200801,1000
ensemble,LA-SV,200802,2,1.661642999999998,0.0,1.0,1.0,1.0,200801,1000
ensemble,LA-SV,200803,3,2.722028999999999,0.0,1.0,1.0,1.0,200801,1000
ensemble,LA-SV,200804,1,4.714292,4.0,1.0,1.0,0.0,200804,1000
ensemble,LA-SV,200805,2,11.415935999999988,7.0,1.0,1.0,1.0,200804,1000
ensemble,LA-SV,200806,3,21.605666999999997,5.5,1.0,1.0,10.0,200804,1000
ensemble,LA-SV,200807,1,38.346367999999984,23.0,1.0,1.0,11.0,200807,1000
ensemble,LA-SV,200808,2,35.17479300000002,16.0,1.0,1.0,4.0,200807,1000
ensemble,LA-SV,200809,3,34.45524300000001,24.0,1.0,0.0,2.0,200807,1000
ensemble,LA-SV,200810,1,14.627112000000013,1.0,1.0,1.0,10.0,200810,1000
ensemble,LA-SV,200811,2,8.106223,6.0,1.0,1.0,2.0,200810,1000
ensemble,LA-SV,200812,3,5.298906000000002,2.0,1.0,1.0,0.0,200810,1000
ensemble,LA-SV,200901,1,2.4502970000000026,1.0,1.0,1.0,0.0,200901,1000
ensemble,LA-SV,200902,2,1.513493999999998,1.0,1.0,1.0,0.0,200901,1000
ensemble,LA-SV,200903,3,2.479723,1.0,1.0,1.0,0.0,200901,1000
ensemble,LA-SV,200904,1,3.5590009999999985,2.0,1.0,1.0,0.0,200904,1000
ensemble,LA-SV,200905,2,11.180144999999996,7.0,1.0,1.0,0.0,200904,1000
ensemble,LA-SV,200906,3,26.025758999999994,14.5,1.0,1.0,1.0,200904,1000
ensemble,LA-SV,200907,1,31.787266000000017,6.0,1.0,1.0,13.0,200907,1000
ensemble,LA-SV,200908,2,32.43115399999999,17.0,1.0,1.0,34.0,200907,1000
ensemble,LA-SV,200909,3,29.609505000000013,34.5,1.0,1.0,48.0,200907,1000
ensemble,LA-SV,200910,1,17.575285000000008,14.5,1.0,1.0,16.0,200910,1000
ensemble,LA-SV,200911,2,13.008840000000006,20.0,1.0,1.0,33.0,200910,1000
ensemble,LA-SV,200912,3,7.848163999999997,0.0,1.0,1.0,4.0,200910,1000
ensemble,LA-VT,200801,1,14.873890999999992,10.5,1.0,1.0,29.0,200801,1000
ensemble,LA-VT,200802,2,11.389699,12.0,1.0,1.0,12.0,200801,1000
ensemble,LA-VT,200803,3,10.683191,0.5,1.0,1.0,26.0,200801,1000
ensemble,LA-VT,200804,1,20.037103,32.0,1.0,0.0,4.0,200804,1000
ensemble,LA-VT,200805,2,33.523771,57.0,1.0,1.0,17.0,200804,1000
ensemble,LA-VT,200806,3,55.97260499999999,73.0,1.0,1.0,60.0,200804,1000
ensemble,LA-VT,200807,1,79.738135,48.5,1.0,1.0,132.0,200807,1000
ensemble,LA-VT,200808,2,69.61056199999999,52.5,1.0,1.0,144.0,200807,1000
ensemble,LA-VT,200809,3,66.90507499999998,24.0,1.0,1.0,158.0,200807,1000
ensemble,LA-VT,200810,1,59.49786400000001,70.0,1.0,1.0,95.0,200810,1000
ensemble,LA-VT,200811,2,35.50348199999999,14.5,1.0,1.0,129.0,200810,1000
ensemble,LA-VT,200812,3,29.413312000000005,39.0,1.0,1.0,91.0,200810,1000
ensemble,LA-VT,200901,1,13.203159,2.0,1.0,1.0,38.0,200901,1000
ensemble,LA-VT,200902,2,8.842382,0.5,1.0,1.0,20.0,200901,1000
ensemble,LA-VT,200903,3,12.460343000000002,7.0,1.0,1.0,19.0,200901,1000
ensemble,LA-VT,200904,1,10.375383,4.0,1.0,1.0,33.0,200904,1000
ensemble,LA-VT,200905,2,26.507871999999992,20.0,1.0,1.0,54.0,200904,1000
ensemble,LA-VT,200906,3,45.20692500000001,24.0,1.0,1.0,104.0,200904,1000
ensemble,LA-VT,200907,1,93.585642,95.0,1.0,1.0,302.0,200907,1000
ensemble,LA-VT,200908,2,106.852189,153.0,1.0,1.0,356.0,200907,1000
ensemble,LA-VT,200909,3,154.610076,270.0,1.0,0.0,470.0,200907,1000
ensemble,LA-VT,200910,1,130.977546,221.0,1.0,0.0,527.0,200910,1000
ensemble,LA-VT,200911,2,196.926249,353.5,1.0,0.0,521.0,200910,1000
ensemble,LA-VT,200912,3,154.280885,284.0,1.0,0.0,366.0,200910,1000
ensemble,LA-XA,200801,1,0.7027719999999995,0.0,1.0,1.0,0.0,200801,1000
ensemble,LA-XA,200802,2,0.7329920000000003,0.0,1.0,1.0,0.0,200801,1000
ensemble,LA-XA,200803,3,0.9394870000000006,0.0,1.0,1.0,0.0,200801,1000
ensemble,LA-XA,200804,1,1.4063169999999996,1.0,1.0,1.0,0.0,200804,1000
ensemble,LA-XA,200805,2,2.261575000000001,1.0,1.0,1.0,2.0,200804,1000
ensemble,LA-XA,200806,3,6.2866,4.0,1.0,1.0,6.0,200804,1000
ensemble,LA-XA,200807,1,12.061362000000004,12.0,1.0,1.0,19.0,200807,1000
ensemble,LA-XA,200808,2,6.451433999999999,0.0,1.0,1.0,7.0,200807,1000
ensemble,LA-XA,200809,3,5.755808999999999,4.0,1.0,1.0,1.0,200807,1000
ensemble,LA-XA,200810,1,2.6467419999999997,1.0,1.0,1.0,3.0,200810,1000
ensemble,LA-XA,200811,2,1.9840129999999991,1.0,1.0,1.0,2.0,200810,1000
ensemble,LA-XA,200812,3,1.507058000000001,0.0,1.0,1.0,1.0,200810,1000
ensemble,LA-XA,200901,1,0.6410640000000001,0.0,1.0,1.0,0.0,200901,1000
ensemble,LA-XA,200902,2,0.6933039999999995,0.0,1.0,1.0,0.0,200901,1000
ensemble,LA-XA,200903,3,0.904942,0.0,1.0,1.0,0.0,200901,1000
ensemble,LA-XA,200904,1,1.474696999999999,1.0,1.0,1.0,0.0,200904,1000
ensemble,LA-XA,200905,2,3.5888859999999987,0.0,1.0,1.0,1.0,200904,1000
ensemble,LA-XA,200906,3,9.072325,11.0,1.0,1.0,14.0,200904,1000
ensemble,LA-XA,200907,1,9.879844000000006,3.0,1.0,1.0,11.0,200907,1000
ensemble,LA-XA,200908,2,15.159331000000002,24.0,1.0,0.0,37.0,200907,1000
ensemble,LA-XA,200909,3,6.557759999999998,3.0,1.0,1.0,11.0,200907,1000
ensemble,LA-XA,200910,1,3.1186039999999977,0.0,1.0,1.0,5.0,200910,1000
ensemble,LA-XA,200911,2,2.9042509999999986,2.0,1.0,1.0,5.0,200910,1000
ensemble,LA-XA,200912,3,2.463379999999999,1.0,1.0,1.0,0.0,200910,1000
ensemble,LA-XE,200801,1,0.190793,0.0,1.0,1.0,0.0,200801,1000
ensemble,LA-XE,200802,2,0.2150480000000001,0.0,1.0,1.0,0.0,200801,1000
ensemble,LA-XE,200803,3,0.164596,0.0,1.0,1.0,0.0,200801,1000
ensemble,LA-XE,200804,1,0.092616,0.0,1.0,1.0,0.0,200804,1000
ensemble,LA-XE,200805,2,0.136387,0.0,1.0,1.0,0.0,200804,1000
ensemble,LA-XE,200806,3,3.216944,5.0,1.0,0.0,5.0,200804,1000
ensemble,LA-XE,200807,1,0.999926,1.0,1.0,1.0,0.0,200807,1000
ensemble,LA-XE,200808,2,0.94437,1.0,1.0,1.0,0.0,200807,1000
ensemble,LA-XE,200809,3,0.861254,0.0,1.0,1.0,1.0,200807,1000
ensemble,LA-XE,200810,1,0.4599899999999999,1.0,1.0,1.0,0.0,200810,1000
ensemble,LA-XE,200811,2,0.218271,0.0,1.0,1.0,0.0,200810,1000
ensemble,LA-XE,200812,3,0.468159,1.0,1.0,1.0,1.0,200810,1000
ensemble,LA-XE,200901,1,0.200954,0.0,1.0,1.0,0.0,200901,1000
ensemble,LA-XE,200902,2,1.094671,2.0,1.0,0.0,2.0,200901,1000
ensemble,LA-XE,200903,3,1.209445,2.0,1.0,0.0,2.0,200901,1000
ensemble,LA-XE,200904,1,0.4981620000000001,1.0,1.0,1.0,1.0,200904,1000
ensemble,LA-XE,200905,2,0.7322719999999998,2.0,1.0,1.0,2.0,200904,1000
ensemble,LA-XE,200906,3,6.208856,8.0,0.0,0.0,9.0,200904,1000
ensemble,LA-XE,200907,1,22.680733,28.0,0.0,0.0,29.0,200907,1000
ensemble,LA-XE,200908,2,20.900331,26.0,0.0,0.0,27.0,200907,1000
ensemble,LA-XE,200909,3,2.367491,5.0,1.0,1.0,6.0,200907,1000
ensemble,LA-XE,200910,1,3.102744,6.0,1.0,0.0,7.0,200910,1000
ensemble,LA-XE,200911,2,1.3765,3.0,1.0,1.0,3.0,200910,1000
ensemble,LA-XE,200912,3,3.721735,7.0,0.0,0.0,7.0,200910,1000
ensemble,LA-XI,200801,1,0.030197,0.0,1.0,1.0,0.0,200801,1000
ensemble,LA-XI,200802,2,0.034845,0.0,1.0,1.0,0.0,200801,1000
ensemble,LA-XI,200803,3,0.0285929999999999,0.0,1.0,1.0,0.0,200801,1000
ensemble,LA-XI,200804,1,0.030642,0.0,1.0,1.0,0.0,200804,1000
ensemble,LA-XI,200805,2,0.0312839999999999,0.0,1.0,1.0,0.0,200804,1000
ensemble,LA-XI,200806,3,0.7786479999999999,1.0,1.0,0.0,1.0,200804,1000
ensemble,LA-XI,200807,1,0.1609939999999999,0.0,1.0,1.0,0.0,200807,1000
ensemble,LA-XI,200808,2,0.172379,0.0,1.0,1.0,0.0,200807,1000
ensemble,LA-XI,200809,3,0.185496,0.0,1.0,1.0,0.0,200807,1000
ensemble,LA-XI,200810,1,0.029557,0.0,1.0,1.0,0.0,200810,1000
ensemble,LA-XI,200811,2,0.0362819999999999,0.0,1.0,1.0,0.0,200810,1000
ensemble,LA-XI,200812,3,0.0325329999999999,0.0,1.0,1.0,0.0,200810,1000
ensemble,LA-XI,200901,1,0.0419,0.0,1.0,1.0,0.0,200901,1000
ensemble,LA-XI,200902,2,0.0236009999999999,0.0,1.0,1.0,0.0,200901,1000
ensemble,LA-XI,200903,3,0.0299209999999999,0.0,1.0,1.0,0.0,200901,1000
ensemble,LA-XI,200904,1,0.036621,0.0,1.0,1.0,0.0,200904,1000
ensemble,LA-XI,200905,2,37.840674,39.0,0.0,0.0,39.0,200904,1000
ensemble,LA-XI,200906,3,31.592832,33.0,0.0,0.0,33.0,200904,1000
ensemble,LA-XI,200907,1,2.638720000000001,1.0,1.0,1.0,1.0,200907,1000
ensemble,LA-XI,200908,2,6.234446999999999,10.0,1.0,1.0,10.0,200907,1000
ensemble,LA-XI,200909,3,2.4301259999999996,0.0,1.0,1.0,0.0,200907,1000
ensemble,LA-XI,200910,1,0.0255769999999999,0.0,1.0,1.0,0.0,200910,1000
ensemble,LA-XI,200911,2,0.037033,0.0,1.0,1.0,0.0,200910,1000
ensemble,LA-XI,200912,3,0.031702,0.0,1.0,1.0,0.0,200910,1000
persistence,LA-AT,200801,1,3.417114,4.0,0.0,0.0,4.0,200801,1000
persistence,LA-AT,200802,2,1.554761,2.0,1.0,0.0,2.0,200801,1000
persistence,LA-AT,200803,3,0.0719689999999997,0.0,1.0,1.0,0.0,200801,1000
persistence,LA-AT,200804,1,0.0471139999999998,0.0,1.0,1.0,0.0,200804,1000
persistence,LA-AT,200805,2,3.342761,4.0,0.0,0.0,4.0,200804,1000
persistence,LA-AT,200806,3,8.929969,10.0,0.0,0.0,10.0,200804,1000
persistence,LA-AT,200807,1,3.450605,4.0,0.0,0.0,6.0,200807,1000
persistence,LA-AT,200808,2,0.8260830000000001,1.0,1.0,0.0,11.0,200807,1000
persistence,LA-AT,200809,3,12.807472,14.0,0.0,0.0,24.0,200807,1000
persistence,LA-AT,200810,1,21.839211,23.0,0.0,0.0,47.0,200810,1000
persistence,LA-AT,200811,2,17.716617,19.0,0.0,0.0,43.0,200810,1000
persistence,LA-AT,200812,3,0.8262919999999996,1.0,1.0,0.0,23.0,200810,1000
persistence,LA-AT,200901,1,4.403041999999999,5.0,0.0,0.0,18.0,200901,1000
persistence,LA-AT,200902,2,21.580328,23.0,0.0,0.0,46.0,200901,1000
persistence,LA-AT,200903,3,51.660003,54.0,0.0,0.0,77.0,200901,1000
persistence,LA-AT,200904,1,20.870388,22.0,0.0,0.0,99.0,200904,1000
persistence,LA-AT,200905,2,74.407714,77.0,0.0,0.0,0.0,200904,1000
persistence,LA-AT,200906,3,50.686121,53.0,0.0,0.0,24.0,200904,1000
persistence,LA-AT,200907,1,38.397211,40.0,0.0,0.0,64.0,200907,1000
persistence,LA-AT,200908,2,2.492617,3.0,0.0,0.0,21.0,200907,1000
persistence,LA-AT,200909,3,6.1402920000000005,7.0,0.0,0.0,17.0,200907,1000
persistence,LA-AT,200910,1,12.098028,13.0,0.0,0.0,4.0,200910,1000
persistence,LA-AT,200911,2,0.8285939999999998,1.0,1.0,0.0,16.0,200910,1000
persistence,LA-AT,200912,3,9.930269,11.0,0.0,0.0,6.0,200910,1000
persistence,LA-BK,200801,1,0.702799,1.0,1.0,0.0,1.0,200801,1000
persistence,LA-BK,200802,2,0.0441579999999999,0.0,1.0,1.0,0.0,200801,1000
persistence,LA-BK,200803,3,0.04958,0.0,1.0,1.0,0.0,200801,1000
persistence,LA-BK,200804,1,0.0387989999999999,0.0,1.0,1.0,0.0,200804,1000
persistence,LA-BK,200805,2,11.132158,12.0,0.0,0.0,12.0,200804,1000
persistence,LA-BK,200806,3,51.985580000000006,53.0,0.0,0.0,53.0,200804,1000
persistence,LA-BK,200807,1,50.223598,51.0,0.0,0.0,2.0,200807,1000
persistence,LA-BK,200808,2,43.128316,44.0,0.0,0.0,9.0,200807,1000
persistence,LA-BK,200809,3,19.03516,20.0,0.0,0.0,33.0,200807,1000
persistence,LA-BK,200810,1,14.223598,15.0,0.0,0.0,48.0,200810,1000
persistence,LA-BK,200811,2,21.128316,22.0,0.0,0.0,55.0,200810,1000
persistence,LA-BK,200812,3,27.03516,28.0,0.0,0.0,5.0,200810,1000
persistence,LA-BK,200901,1,3.438492,4.0,0.0,0.0,1.0,200901,1000
persistence,LA-BK,200902,2,4.3407670000000005,5.0,0.0,0.0,0.0,200901,1000
persistence,LA-BK,200903,3,3.355307,4.0,0.0,0.0,1.0,200901,1000
persistence,LA-BK,200904,1,1.589023,2.0,0.0,0.0,3.0,200904,1000
persistence,LA-BK,200905,2,72.11584199999999,73.0,0.0,0.0,74.0,200904,1000
persistence,LA-BK,200906,3,214.019436,215.0,0.0,0.0,216.0,200904,1000
persistence,LA-BK,200907,1,3.439598,4.0,0.0,0.0,212.0,200907,1000
persistence,LA-BK,200908,2,105.128316,106.0,0.0,0.0,110.0,200907,1000
persistence,LA-BK,200909,3,163.03516,164.0,0.0,0.0,52.0,200907,1000
persistence,LA-BK,200910,1,20.223598,21.0,0.0,0.0,31.0,200910,1000
persistence,LA-BK,200911,2,46.128316,47.0,0.0,0.0,5.0,200910,1000
persistence,LA-BK,200912,3,47.03516,48.0,0.0,0.0,4.0,200910,1000
persistence,LA-BL,200801,1,5.383502,9.0,1.0,1.0,10.0,200801,1000
persistence,LA-BL,200802,2,4.609445999999998,6.0,1.0,1.0,7.0,200801,1000
persistence,LA-BL,200803,3,4.952254,0.0,1.0,1.0,1.0,200801,1000
persistence,LA-BL,200804,1,2.695502000000001,2.0,1.0,1.0,3.0,200804,1000
persistence,LA-BL,200805,2,7.897445999999999,14.0,1.0,1.0,15.0,200804,1000
persistence,LA-BL,200806,3,9.692254000000002,18.0,1.0,1.0,19.0,200804,1000
persistence,LA-BL,200807,1,8.23891,12.0,1.0,0.0,31.0,200807,1000
persistence,LA-BL,200808,2,9.221346999999998,13.0,1.0,1.0,32.0,200807,1000
persistence,LA-BL,200809,3,9.298677,11.0,1.0,1.0,30.0,200807,1000
persistence,LA-BL,200810,1,16.470322000000003,25.0,1.0,0.0,5.0,200810,1000
persistence,LA-BL,200811,2,12.262498,18.0,1.0,0.0,12.0,200810,1000
persistence,LA-BL,200812,3,17.99097,29.0,1.0,0.0,1.0,200810,1000
persistence,LA-BL,200901,1,2.511502,1.0,1.0,1.0,2.0,200901,1000
persistence,LA-BL,200902,2,3.6934460000000016,2.0,1.0,1.0,3.0,200901,1000
persistence,LA-BL,200903,3,4.9942540000000015,1.0,1.0,1.0,0.0,200901,1000
persistence,LA-BL,200904,1,2.5010209999999997,2.0,1.0,1.0,2.0,200904,1000
persistence,LA-BL,200905,2,3.323820999999999,0.0,1.0,1.0,0.0,200904,1000
persistence,LA-BL,200906,3,5.582812999999998,7.0,1.0,1.0,7.0,200904,1000
persistence,LA-BL,200907,1,17.514046,28.0,1.0,0.0,35.0,200907,1000
persistence,LA-BL,200908,2,4.609358000000002,2.0,1.0,1.0,9.0,200907,1000
persistence,LA-BL,200909,3,6.933896999999998,7.0,1.0,1.0,0.0,200907,1000
persistence,LA-BL,200910,1,2.3170210000000004,1.0,1.0,1.0,1.0,200910,1000
persistence,LA-BL,200911,2,3.4678210000000007,2.0,1.0,1.0,2.0,200910,1000
persistence,LA-BL,200912,3,4.764813,1.0,1.0,1.0,1.0,200910,1000
persistence,LA-CH,200801,1,9.094472000000003,9.0,1.0,1.0,73.0,200801,1000
persistence,LA-CH,200802,2,19.277769,26.0,1.0,0.0,90.0,200801,1000
persistence,LA-CH,200803,3,22.452036999999997,28.0,1.0,1.0,92.0,200801,1000
persistence,LA-CH,200804,1,16.585575000000002,23.0,1.0,0.0,69.0,200804,1000
persistence,LA-CH,200805,2,17.207692,21.0,1.0,1.0,113.0,200804,1000
persistence,LA-CH,200806,3,145.733314,203.0,0.0,0.0,295.0,200804,1000
persistence,LA-CH,200807,1,103.949944,133.0,0.0,0.0,162.0,200807,1000
persistence,LA-CH,200808,2,112.642802,152.0,0.0,0.0,143.0,200807,1000
persistence,LA-CH,200809,3,73.553239,110.0,1.0,0.0,185.0,200807,1000
persistence,LA-CH,200810,1,31.000921000000005,45.0,1.0,0.0,140.0,200810,1000
persistence,LA-CH,200811,2,58.287541,83.0,1.0,0.0,102.0,200810,1000
persistence,LA-CH,200812,3,74.65110700000001,112.0,1.0,0.0,73.0,200810,1000
persistence,LA-CH,200901,1,28.518953000000003,42.0,1.0,0.0,31.0,200901,1000
persistence,LA-CH,200902,2,18.940767,25.0,1.0,0.0,48.0,200901,1000
persistence,LA-CH,200903,3,16.500345000000003,13.0,1.0,1.0,60.0,200901,1000
persistence,LA-CH,200904,1,28.357396,42.0,1.0,0.0,102.0,200904,1000
persistence,LA-CH,200905,2,10.360133000000005,6.0,1.0,1.0,66.0,200904,1000
persistence,LA-CH,200906,3,41.64690100000001,64.0,1.0,0.0,124.0,200904,1000
persistence,LA-CH,200907,1,7.347732000000001,2.0,1.0,1.0,122.0,200907,1000
persistence,LA-CH,200908,2,14.241996999999998,14.0,1.0,1.0,110.0,200907,1000
persistence,LA-CH,200909,3,20.237556,19.0,1.0,1.0,105.0,200907,1000
persistence,LA-CH,200910,1,31.559768,46.0,1.0,0.0,59.0,200910,1000
persistence,LA-CH,200911,2,48.322561,70.0,1.0,0.0,35.0,200910,1000
persistence,LA-CH,200912,3,48.408425,73.0,1.0,0.0,32.0,200910,1000
persistence,LA-HO,200801,1,0.8303219999999999,1.0,0.0,0.0,0.0,200801,1000
persistence,LA-HO,200802,2,0.8292019999999999,1.0,0.0,0.0,0.0,200801,1000
persistence,LA-HO,200803,3,0.820377,1.0,1.0,0.0,0.0,200801,1000
persistence,LA-HO,200804,1,0.0149129999999999,0.0,1.0,1.0,0.0,200804,1000
persistence,LA-HO,200805,2,0.013793,0.0,1.0,1.0,0.0,200804,1000
persistence,LA-HO,200806,3,0.015768,0.0,1.0,1.0,0.0,200804,1000
persistence,LA-HO,200807,1,0.0149129999999999,0.0,1.0,1.0,0.0,200807,1000
persistence,LA-HO,200808,2,0.013793,0.0,1.0,1.0,0.0,200807,1000
persistence,LA-HO,200809,3,0.809768,1.0,1.0,0.0,1.0,200807,1000
persistence,LA-HO,200810,1,0.8303219999999999,1.0,0.0,0.0,0.0,200810,1000
persistence,LA-HO,200811,2,0.8292019999999999,1.0,0.0,0.0,0.0,200810,1000
persistence,LA-HO,200812,3,0.0263769999999999,0.0,1.0,1.0,1.0,200810,1000
persistence,LA-HO,200901,1,0.8303219999999999,1.0,0.0,0.0,0.0,200901,1000
persistence,LA-HO,200902,2,0.8292019999999999,1.0,0.0,0.0,0.0,200901,1000
persistence,LA-HO,200903,3,0.820377,1.0,1.0,0.0,0.0,200901,1000
persistence,LA-HO,200904,1,0.0149129999999999,0.0,1.0,1.0,0.0,200904,1000
persistence,LA-HO,200905,2,0.013793,0.0,1.0,1.0,0.0,200904,1000
persistence,LA-HO,200906,3,0.015768,0.0,1.0,1.0,0.0,200904,1000
persistence,LA-HO,200907,1,0.0149129999999999,0.0,1.0,1.0,0.0,200907,1000
persistence,LA-HO,200908,2,0.013793,0.0,1.0,1.0,0.0,200907,1000
persistence,LA-HO,200909,3,0.809768,1.0,1.0,0.0,1.0,200907,1000
persistence,LA-HO,200910,1,0.024322,0.0,1.0,1.0,1.0,200910,1000
persistence,LA-HO,200911,2,0.023202,0.0,1.0,1.0,1.0,200910,1000
persistence,LA-HO,200912,3,0.0263769999999999,0.0,1.0,1.0,1.0,200910,1000
persistence,LA-KH,200801,1,1.3149230000000005,0.0,1.0,1.0,0.0,200801,1000
persistence,LA-KH,200802,2,2.0702239999999996,0.0,1.0,1.0,0.0,200801,1000
persistence,LA-KH,200803,3,2.6522299999999994,0.0,1.0,1.0,0.0,200801,1000
persistence,LA-KH,200804,1,1.3149230000000005,0.0,1.0,1.0,0.0,200804,1000
persistence,LA-KH,200805,2,2.0702239999999996,0.0,1.0,1.0,0.0,200804,1000
persistence,LA-KH,200806,3,3.0462299999999978,1.0,1.0,1.0,1.0,200804,1000
persistence,LA-KH,200807,1,2.403284000000001,2.0,1.0,0.0,3.0,200807,1000
persistence,LA-KH,200808,2,2.5886239999999994,1.0,1.0,1.0,0.0,200807,1000
persistence,LA-KH,200809,3,4.036038999999999,3.0,1.0,1.0,4.0,200807,1000
persistence,LA-KH,200810,1,3.125885000000002,3.0,1.0,0.0,1.0,200810,1000
persistence,LA-KH,200811,2,2.7576459999999976,1.0,1.0,1.0,3.0,200810,1000
persistence,LA-KH,200812,3,2.9661490000000015,0.0,1.0,1.0,4.0,200810,1000
persistence,LA-KH,200901,1,3.713884999999999,4.0,1.0,0.0,0.0,200901,1000
persistence,LA-KH,200902,2,4.333645999999998,4.0,1.0,0.0,0.0,200901,1000
persistence,LA-KH,200903,3,3.796149,2.0,1.0,1.0,6.0,200901,1000
persistence,LA-KH,200904,1,4.995498000000001,6.0,1.0,0.0,0.0,200904,1000
persistence,LA-KH,200905,2,2.422528,0.0,1.0,1.0,6.0,200904,1000
persistence,LA-KH,200906,3,54.16718900000001,74.0,0.0,0.0,80.0,200904,1000
persistence,LA-KH,200907,1,60.490204000000006,75.0,0.0,0.0,155.0,200907,1000
persistence,LA-KH,200908,2,191.180325,223.0,0.0,0.0,303.0,200907,1000
persistence,LA-KH,200909,3,163.22992399999998,197.0,0.0,0.0,277.0,200907,1000
persistence,LA-KH,200910,1,169.74701399999998,192.0,0.0,0.0,85.0,200910,1000
persistence,LA-KH,200911,2,185.115734,216.0,0.0,0.0,61.0,200910,1000
persistence,LA-KH,200912,3,175.88018300000002,210.0,0.0,0.0,67.0,200910,1000
persistence,LA-LM,200801,1,0.0063019999999999,0.0,1.0,1.0,0.0,200801,1000
persistence,LA-LM,200802,2,0.007978,0.0,1.0,1.0,0.0,200801,1000
persistence,LA-LM,200803,3,0.008063,0.0,1.0,1.0,0.0,200801,1000
persistence,LA-LM,200804,1,0.0063019999999999,0.0,1.0,1.0,0.0,200804,1000
persistence,LA-LM,200805,2,0.007978,0.0,1.0,1.0,0.0,200804,1000
persistence,LA-LM,200806,3,0.008063,0.0,1.0,1.0,0.0,200804,1000
persistence,LA-LM,200807,1,0.0063019999999999,0.0,1.0,1.0,0.0,200807,1000
persistence,LA-LM,200808,2,0.007978,0.0,1.0,1.0,0.0,200807,1000
persistence,LA-LM,200809,3,0.008063,0.0,1.0,1.0,0.0,200807,1000
persistence,LA-LM,200810,1,0.0063019999999999,0.0,1.0,1.0,0.0,200810,1000
persistence,LA-LM,200811,2,0.007978,0.0,1.0,1.0,0.0,200810,1000
persistence,LA-LM,200812,3,0.008063,0.0,1.0,1.0,0.0,200810,1000
persistence,LA-LM,200901,1,0.0063019999999999,0.0,1.0,1.0,0.0,200901,1000
persistence,LA-LM,200902,2,0.007978,0.0,1.0,1.0,0.0,200901,1000
persistence,LA-LM,200903,3,0.008063,0.0,1.0,1.0,0.0,200901,1000
persistence,LA-LM,200904,1,0.880302,1.0,0.0,0.0,1.0,200904,1000
persistence,LA-LM,200905,2,0.007978,0.0,1.0,1.0,0.0,200904,1000
persistence,LA-LM,200906,3,1.770063,2.0,0.0,0.0,2.0,200904,1000
persistence,LA-LM,200907,1,0.886035,1.0,0.0,0.0,1.0,200907,1000
persistence,LA-LM,200908,2,1.777203,2.0,0.0,0.0,0.0,200907,1000
persistence,LA-LM,200909,3,1.777288,2.0,0.0,0.0,4.0,200907,1000
persistence,LA-LM,200910,1,0.8865399999999999,1.0,0.0,0.0,5.0,200910,1000
persistence,LA-LM,200911,2,1.7778919999999998,2.0,0.0,0.0,6.0,200910,1000
persistence,LA-LM,200912,3,0.016045,0.0,1.0,1.0,4.0,200910,1000
persistence,LA-LP,200801,1,3.4616930000000004,5.0,1.0,1.0,0.0,200801,1000
persistence,LA-LP,200802,2,6.91244,11.0,1.0,0.0,16.0,200801,1000
persistence,LA-LP,200803,3,10.133757,17.0,1.0,0.0,22.0,200801,1000
persistence,LA-LP,200804,1,7.587196,11.0,1.0,0.0,33.0,200804,1000
persistence,LA-LP,200805,2,77.70587800000001,94.0,0.0,0.0,116.0,200804,1000
persistence,LA-LP,200806,3,116.670978,138.0,0.0,0.0,160.0,200804,1000
persistence,LA-LP,200807,1,129.93954599999998,144.0,0.0,0.0,16.0,200807,1000
persistence,LA-LP,200808,2,128.21567000000002,147.0,0.0,0.0,13.0,200807,1000
persistence,LA-LP,200809,3,124.816253,146.0,0.0,0.0,14.0,200807,1000
persistence,LA-LP,200810,1,13.347094,19.0,1.0,0.0,33.0,200810,1000
persistence,LA-LP,200811,2,84.94253,102.0,0.0,0.0,116.0,200810,1000
persistence,LA-LP,200812,3,124.888534,147.0,0.0,0.0,161.0,200810,1000
persistence,LA-LP,200901,1,146.497715,161.0,0.0,0.0,0.0,200901,1000
persistence,LA-LP,200902,2,141.643959,161.0,0.0,0.0,0.0,200901,1000
persistence,LA-LP,200903,3,139.126542,161.0,0.0,0.0,0.0,200901,1000
persistence,LA-LP,200904,1,1.1242739999999998,0.0,1.0,1.0,0.0,200904,1000
persistence,LA-LP,200905,2,1.711145,0.0,1.0,1.0,0.0,200904,1000
persistence,LA-LP,200906,3,5.2004459999999995,9.0,1.0,1.0,9.0,200904,1000
persistence,LA-LP,200907,1,14.802083,21.0,1.0,0.0,30.0,200907,1000
persistence,LA-LP,200908,2,15.036039,23.0,1.0,0.0,32.0,200907,1000
persistence,LA-LP,200909,3,278.002476,304.0,0.0,0.0,313.0,200907,1000
persistence,LA-LP,200910,1,133.848548,148.0,0.0,0.0,165.0,200910,1000
persistence,LA-LP,200911,2,204.57629,226.0,0.0,0.0,87.0,200910,1000
persistence,LA-LP,200912,3,288.208892,313.0,0.0,0.0,0.0,200910,1000
persistence,LA-OU,200801,1,0.0060349999999999,0.0,1.0,1.0,0.0,200801,1000
persistence,LA-OU,200802,2,0.004123,0.0,1.0,1.0,0.0,200801,1000
persistence,LA-OU,200803,3,0.0080099999999999,0.0,1.0,1.0,0.0,200801,1000
persistence,LA-OU,200804,1,0.0060349999999999,0.0,1.0,1.0,0.0,200804,1000
persistence,LA-OU,200805,2,0.004123,0.0,1.0,1.0,0.0,200804,1000
persistence,LA-OU,200806,3,0.0080099999999999,0.0,1.0,1.0,0.0,200804,1000
persistence,LA-OU,200807,1,0.0060349999999999,0.0,1.0,1.0,0.0,200807,1000
persistence,LA-OU,200808,2,0.004123,0.0,1.0,1.0,0.0,200807,1000
persistence,LA-OU,200809,3,0.0080099999999999,0.0,1.0,1.0,0.0,200807,1000
persistence,LA-OU,200810,1,0.0060349999999999,0.0,1.0,1.0,0.0,200810,1000
persistence,LA-OU,200811,2,0.004123,0.0,1.0,1.0,0.0,200810,1000
persistence,LA-OU,200812,3,0.0080099999999999,0.0,1.0,1.0,0.0,200810,1000
persistence,LA-OU,200901,1,0.0060349999999999,0.0,1.0,1.0,0.0,200901,1000
persistence,LA-OU,200902,2,0.004123,0.0,1.0,1.0,0.0,200901,1000
persistence,LA-OU,200903,3,0.0080099999999999,0.0,1.0,1.0,0.0,200901,1000
persistence,LA-OU,200904,1,0.0060349999999999,0.0,1.0,1.0,0.0,200904,1000
persistence,LA-OU,200905,2,0.004123,0.0,1.0,1.0,0.0,200904,1000
persistence,LA-OU,200906,3,0.0080099999999999,0.0,1.0,1.0,0.0,200904,1000
persistence,LA-OU,200907,1,0.0060349999999999,0.0,1.0,1.0,0.0,200907,1000
persistence,LA-OU,200908,2,0.886123,1.0,0.0,0.0,1.0,200907,1000
persistence,LA-OU,200909,3,14.71601,15.0,0.0,0.0,15.0,200907,1000
persistence,LA-OU,200910,1,8.76207,9.0,0.0,0.0,6.0,200910,1000
persistence,LA-OU,200911,2,1.848246,2.0,0.0,0.0,13.0,200910,1000
persistence,LA-OU,200912,3,2.7500199999999997,3.0,0.0,0.0,18.0,200910,1000
persistence,LA-PH,200901,1,0.0002559999999999,0.0,1.0,1.0,0.0,200901,1000
persistence,LA-PH,200902,2,0.0002559999999999,0.0,1.0,1.0,0.0,200901,1000
persistence,LA-PH,200903,3,0.0003239999999999,0.0,1.0,1.0,0.0,200901,1000
persistence,LA-PH,200904,1,0.0002559999999999,0.0,1.0,1.0,0.0,200904,1000
persistence,LA-PH,200905,2,0.0002559999999999,0.0,1.0,1.0,0.0,200904,1000
persistence,LA-PH,200906,3,0.0003239999999999,0.0,1.0,1.0,0.0,200904,1000
persistence,LA-PH,200907,1,0.0002559999999999,0.0,1.0,1.0,0.0,200907,1000
persistence,LA-PH,200909,3,0.0003239999999999,0.0,1.0,1.0,0.0,200907,1000
persistence,LA-PH,200910,1,0.0002559999999999,0.0,1.0,1.0,0.0,200910,1000
persistence,LA-PH,200911,2,0.0002559999999999,0.0,1.0,1.0,0.0,200910,1000
persistence,LA-PH,200912,3,0.0003239999999999,0.0,1.0,1.0,0.0,200910,1000
persistence,LA-SL,200801,1,5.888300000000001,7.0,0.0,0.0,0.0,200801,1000
persistence,LA-SL,200802,2,4.932642,6.0,0.0,0.0,1.0,200801,1000
persistence,LA-SL,200803,3,1.538814,2.0,1.0,0.0,5.0,200801,1000
persistence,LA-SL,200804,1,2.4083299999999994,3.0,0.0,0.0,2.0,200804,1000
persistence,LA-SL,200805,2,94.771065,100.0,0.0,0.0,105.0,200804,1000
persistence,LA-SL,200806,3,215.529118,221.0,0.0,0.0,226.0,200804,1000
persistence,LA-SL,200807,1,144.638988,148.0,0.0,0.0,78.0,200807,1000
persistence,LA-SL,200808,2,157.654794,163.0,0.0,0.0,63.0,200807,1000
persistence,LA-SL,200809,3,135.591742,141.0,0.0,0.0,85.0,200807,1000
persistence,LA-SL,200810,1,5.024252000000001,6.0,0.0,0.0,91.0,200810,1000
persistence,LA-SL,200811,2,59.913664,64.0,0.0,0.0,21.0,200810,1000
persistence,LA-SL,200812,3,72.336984,77.0,0.0,0.0,8.0,200810,1000
persistence,LA-SL,200901,1,5.890064000000001,7.0,0.0,0.0,1.0,200901,1000
persistence,LA-SL,200902,2,14.107243,16.0,0.0,0.0,24.0,200901,1000
persistence,LA-SL,200903,3,14.945415000000002,17.0,0.0,0.0,25.0,200901,1000
persistence,LA-SL,200904,1,5.018927,6.0,0.0,0.0,19.0,200904,1000
persistence,LA-SL,200905,2,91.851327,97.0,0.0,0.0,122.0,200904,1000
persistence,LA-SL,200906,3,14.970665,17.0,0.0,0.0,42.0,200904,1000
persistence,LA-SL,200907,1,118.6355,122.0,0.0,0.0,164.0,200907,1000
persistence,LA-SL,200908,2,80.18723700000001,85.0,0.0,0.0,127.0,200907,1000
persistence,LA-SL,200909,3,45.277277,49.0,0.0,0.0,91.0,200907,1000
persistence,LA-SL,200910,1,2.434636,3.0,0.0,0.0,94.0,200910,1000
persistence,LA-SL,200911,2,43.493157999999994,47.0,0.0,0.0,44.0,200910,1000
persistence,LA-SL,200912,3,69.439998,74.0,0.0,0.0,17.0,200910,1000
persistence,LA-SV,200801,1,4.8442229999999995,1.0,1.0,1.0,1.0,200801,1000
persistence,LA-SV,200802,2,8.673057,1.0,1.0,1.0,1.0,200801,1000
persistence,LA-SV,200803,3,12.976107,1.0,1.0,1.0,1.0,200801,1000
persistence,LA-SV,200804,1,5.031711999999999,1.0,1.0,1.0,0.0,200804,1000
persistence,LA-SV,200805,2,8.798821000000004,0.0,1.0,1.0,1.0,200804,1000
persistence,LA-SV,200806,3,14.938783,9.0,1.0,1.0,10.0,200804,1000
persistence,LA-SV,200807,1,5.993041000000005,1.0,1.0,1.0,11.0,200807,1000
persistence,LA-SV,200808,2,11.269002999999998,6.0,1.0,1.0,4.0,200807,1000
persistence,LA-SV,200809,3,16.011347999999998,8.0,1.0,1.0,2.0,200807,1000
persistence,LA-SV,200810,1,7.473481,8.0,1.0,1.0,10.0,200810,1000
persistence,LA-SV,200811,2,8.967742000000001,0.0,1.0,1.0,2.0,200810,1000
persistence,LA-SV,200812,3,13.509918999999996,2.0,1.0,1.0,0.0,200810,1000
persistence,LA-SV,200901,1,4.710222999999999,0.0,1.0,1.0,0.0,200901,1000
persistence,LA-SV,200902,2,8.589056999999997,0.0,1.0,1.0,0.0,200901,1000
persistence,LA-SV,200903,3,12.924106999999992,0.0,1.0,1.0,0.0,200901,1000
persistence,LA-SV,200904,1,4.710222999999999,0.0,1.0,1.0,0.0,200904,1000
persistence,LA-SV,200905,2,8.589056999999997,0.0,1.0,1.0,0.0,200904,1000
persistence,LA-SV,200906,3,12.976107,1.0,1.0,1.0,1.0,200904,1000
persistence,LA-SV,200907,1,9.081712000000003,12.0,1.0,1.0,13.0,200907,1000
persistence,LA-SV,200908,2,21.414821000000003,33.0,1.0,1.0,34.0,200907,1000
persistence,LA-SV,200909,3,29.858783000000003,47.0,1.0,1.0,48.0,200907,1000
persistence,LA-SV,200910,1,22.608721999999993,32.0,1.0,0.0,16.0,200910,1000
persistence,LA-SV,200911,2,17.216891000000004,15.0,1.0,1.0,33.0,200910,1000
persistence,LA-SV,200912,3,33.27619299999999,44.0,1.0,1.0,4.0,200910,1000
persistence,LA-VT,200801,1,43.562509000000006,69.0,1.0,0.0,29.0,200801,1000
persistence,LA-VT,200802,2,53.531439000000006,86.0,1.0,1.0,12.0,200801,1000
persistence,LA-VT,200803,3,53.29954199999999,72.0,1.0,1.0,26.0,200801,1000
persistence,LA-VT,200804,1,17.354836999999996,22.0,1.0,1.0,4.0,200804,1000
persistence,LA-VT,200805,2,23.829443999999995,9.0,1.0,1.0,17.0,200804,1000
persistence,LA-VT,200806,3,34.40855599999999,34.0,1.0,1.0,60.0,200804,1000
persistence,LA-VT,200807,1,44.285051,72.0,1.0,0.0,132.0,200807,1000
persistence,LA-VT,200808,2,49.550028999999995,84.0,1.0,1.0,144.0,200807,1000
persistence,LA-VT,200809,3,57.28912399999999,98.0,1.0,1.0,158.0,200807,1000
persistence,LA-VT,200810,1,40.699749,63.0,1.0,0.0,95.0,200810,1000
persistence,LA-VT,200811,2,36.577603,29.0,1.0,1.0,129.0,200810,1000
persistence,LA-VT,200812,3,56.08934400000001,67.0,1.0,1.0,91.0,200810,1000
persistence,LA-VT,200901,1,33.955966000000004,53.0,1.0,0.0,38.0,200901,1000
persistence,LA-VT,200902,2,46.578158000000016,71.0,1.0,1.0,20.0,200901,1000
persistence,LA-VT,200903,3,52.60918800000002,72.0,1.0,1.0,19.0,200901,1000
persistence,LA-VT,200904,1,14.502862999999998,14.0,1.0,1.0,33.0,200904,1000
persistence,LA-VT,200905,2,26.674568000000008,35.0,1.0,1.0,54.0,200904,1000
persistence,LA-VT,200906,3,45.832223,85.0,1.0,1.0,104.0,200904,1000
persistence,LA-VT,200907,1,142.69739800000002,198.0,0.0,0.0,302.0,200907,1000
persistence,LA-VT,200908,2,166.135237,252.0,0.0,0.0,356.0,200907,1000
persistence,LA-VT,200909,3,238.83145099999996,366.0,0.0,0.0,470.0,200907,1000
persistence,LA-VT,200910,1,37.81561000000001,57.0,1.0,0.0,527.0,200910,1000
persistence,LA-VT,200911,2,44.86481699999999,51.0,1.0,1.0,521.0,200910,1000
persistence,LA-VT,200912,3,73.67705999999998,104.0,1.0,1.0,366.0,200910,1000
persistence,LA-XA,200801,1,1.370140000000001,1.0,1.0,1.0,0.0,200801,1000
persistence,LA-XA,200802,2,1.726794,1.0,1.0,1.0,0.0,200801,1000
persistence,LA-XA,200803,3,2.4291660000000004,1.0,1.0,1.0,0.0,200801,1000
persistence,LA-XA,200804,1,0.9566909999999992,0.0,1.0,1.0,0.0,200804,1000
persistence,LA-XA,200805,2,2.003665,2.0,1.0,1.0,2.0,200804,1000
persistence,LA-XA,200806,3,4.741557,6.0,1.0,0.0,6.0,200804,1000
persistence,LA-XA,200807,1,9.660272,13.0,1.0,0.0,19.0,200807,1000
persistence,LA-XA,200808,2,1.9991069999999984,1.0,1.0,1.0,7.0,200807,1000
persistence,LA-XA,200809,3,4.655937,5.0,1.0,0.0,1.0,200807,1000
persistence,LA-XA,200810,1,1.8581400000000008,2.0,1.0,1.0,3.0,200810,1000
persistence,LA-XA,200811,2,1.726794,1.0,1.0,1.0,2.0,200810,1000
persistence,LA-XA,200812,3,2.223166000000001,0.0,1.0,1.0,1.0,200810,1000
persistence,LA-XA,200901,1,1.370140000000001,1.0,1.0,1.0,0.0,200901,1000
persistence,LA-XA,200902,2,1.726794,1.0,1.0,1.0,0.0,200901,1000
persistence,LA-XA,200903,3,2.4291660000000004,1.0,1.0,1.0,0.0,200901,1000
persistence,LA-XA,200904,1,0.9566909999999992,0.0,1.0,1.0,0.0,200904,1000
persistence,LA-XA,200905,2,1.5876649999999994,1.0,1.0,1.0,1.0,200904,1000
persistence,LA-XA,200906,3,9.675557,14.0,1.0,0.0,14.0,200904,1000
persistence,LA-XA,200907,1,2.7803690000000003,3.0,1.0,0.0,11.0,200907,1000
persistence,LA-XA,200908,2,17.094084000000002,23.0,1.0,0.0,37.0,200907,1000
persistence,LA-XA,200909,3,3.863987999999999,3.0,1.0,1.0,11.0,200907,1000
persistence,LA-XA,200910,1,4.720613,6.0,1.0,0.0,5.0,200910,1000
persistence,LA-XA,200911,2,4.825930999999999,6.0,1.0,0.0,5.0,200910,1000
persistence,LA-XA,200912,3,8.469738999999999,11.0,1.0,0.0,0.0,200910,1000
persistence,LA-XE,200801,1,0.6979409999999999,1.0,1.0,0.0,0.0,200801,1000
persistence,LA-XE,200802,2,0.6954600000000001,1.0,1.0,0.0,0.0,200801,1000
persistence,LA-XE,200803,3,0.6880539999999999,1.0,1.0,0.0,0.0,200801,1000
persistence,LA-XE,200804,1,0.067505,0.0,1.0,1.0,0.0,200804,1000
persistence,LA-XE,200805,2,0.0713599999999999,0.0,1.0,1.0,0.0,200804,1000
persistence,LA-XE,200806,3,4.053398,5.0,0.0,0.0,5.0,200804,1000
persistence,LA-XE,200807,1,4.160576,5.0,0.0,0.0,0.0,200807,1000
persistence,LA-XE,200808,2,4.131926999999999,5.0,0.0,0.0,0.0,200807,1000
persistence,LA-XE,200809,3,3.2153919999999996,4.0,0.0,0.0,1.0,200807,1000
persistence,LA-XE,200810,1,0.6979409999999999,1.0,1.0,0.0,0.0,200810,1000
persistence,LA-XE,200811,2,0.6954600000000001,1.0,1.0,0.0,0.0,200810,1000
persistence,LA-XE,200812,3,0.120054,0.0,1.0,1.0,1.0,200810,1000
persistence,LA-XE,200901,1,0.6979409999999999,1.0,1.0,0.0,0.0,200901,1000
persistence,LA-XE,200902,2,0.6954600000000001,1.0,1.0,0.0,2.0,200901,1000
persistence,LA-XE,200903,3,0.6880539999999999,1.0,1.0,0.0,2.0,200901,1000
persistence,LA-XE,200904,1,0.71307,1.0,1.0,0.0,1.0,200904,1000
persistence,LA-XE,200905,2,0.132101,0.0,1.0,1.0,2.0,200904,1000
persistence,LA-XE,200906,3,6.022938,7.0,0.0,0.0,9.0,200904,1000
persistence,LA-XE,200907,1,19.060946,20.0,0.0,0.0,29.0,200907,1000
persistence,LA-XE,200908,2,16.974494,18.0,0.0,0.0,27.0,200907,1000
persistence,LA-XE,200909,3,2.3166710000000004,3.0,0.0,0.0,6.0,200907,1000
persistence,LA-XE,200910,1,0.722745,1.0,1.0,0.0,7.0,200910,1000
persistence,LA-XE,200911,2,2.3122510000000003,3.0,0.0,0.0,3.0,200910,1000
persistence,LA-XE,200912,3,0.713921,1.0,1.0,0.0,7.0,200910,1000
persistence,LA-XI,200801,1,0.000689,0.0,1.0,1.0,0.0,200801,1000
persistence,LA-XI,200802,2,0.000689,0.0,1.0,1.0,0.0,200801,1000
persistence,LA-XI,200803,3,0.000757,0.0,1.0,1.0,0.0,200801,1000
persistence,LA-XI,200804,1,0.000689,0.0,1.0,1.0,0.0,200804,1000
persistence,LA-XI,200805,2,0.000689,0.0,1.0,1.0,0.0,200804,1000
persistence,LA-XI,200806,3,0.948757,1.0,0.0,0.0,1.0,200804,1000
persistence,LA-XI,200807,1,0.951314,1.0,0.0,0.0,0.0,200807,1000
persistence,LA-XI,200808,2,0.951314,1.0,0.0,0.0,0.0,200807,1000
persistence,LA-XI,200809,3,0.949433,1.0,0.0,0.0,0.0,200807,1000
persistence,LA-XI,200810,1,0.000689,0.0,1.0,1.0,0.0,200810,1000
persistence,LA-XI,200811,2,0.000689,0.0,1.0,1.0,0.0,200810,1000
persistence,LA-XI,200812,3,0.000757,0.0,1.0,1.0,0.0,200810,1000
persistence,LA-XI,200901,1,0.000689,0.0,1.0,1.0,0.0,200901,1000
persistence,LA-XI,200902,2,0.000689,0.0,1.0,1.0,0.0,200901,1000
persistence,LA-XI,200903,3,0.000757,0.0,1.0,1.0,0.0,200901,1000
persistence,LA-XI,200904,1,0.000689,0.0,1.0,1.0,0.0,200904,1000
persistence,LA-XI,200905,2,38.934689,39.0,0.0,0.0,39.0,200904,1000
persistence,LA-XI,200906,3,32.93075700000001,33.0,0.0,0.0,33.0,200904,1000
persistence,LA-XI,200907,1,31.935378,32.0,0.0,0.0,1.0,200907,1000
persistence,LA-XI,200908,2,22.935378,23.0,0.0,0.0,10.0,200907,1000
persistence,LA-XI,200909,3,32.931514,33.0,0.0,0.0,0.0,200907,1000
persistence,LA-XI,200910,1,0.000689,0.0,1.0,1.0,0.0,200910,1000
persistence,LA-XI,200911,2,0.000689,0.0,1.0,1.0,0.0,200910,1000
persistence,LA-XI,200912,3,0.000757,0.0,1.0,1.0,0.0,200910,1000
reference,LA-AT,200801,1,2.9347684999999997,4.0,0.0,0.0,4.0,200801,4000
reference,LA-AT,200802,2,1.394455,2.0,0.25,0.0,2.0,200801,4000
reference,LA-AT,200803,3,0.0440177499999999,0.0,1.0,1.0,0.0,200801,4000
reference,LA-AT,200804,1,0.442888,1.0,1.0,1.0,0.0,200804,4000
reference,LA-AT,200805,2,1.75695425,3.0,1.0,0.0,4.0,200804,4000
reference,LA-AT,200806,3,4.6092699999999995,8.0,1.0,0.0,10.0,200804,4000
reference,LA-AT,200807,1,2.673133,1.75,1.0,0.75,6.0,200807,4000
reference,LA-AT,200808,2,3.346004,6.0,1.0,0.5,11.0,200807,4000
reference,LA-AT,200809,3,12.304123,18.25,0.75,0.0,24.0,200807,4000
reference,LA-AT,200810,1,34.905043500000005,43.25,0.0,0.0,47.0,200810,4000
reference,LA-AT,200811,2,35.78506125,41.0,0.0,0.0,43.0,200810,4000
reference,LA-AT,200812,3,18.31770075,21.5,0.0,0.0,23.0,200810,4000
reference,LA-AT,200901,1,7.446718000000001,13.0,1.0,0.0,18.0,200901,4000
reference,LA-AT,200902,2,35.1525495,43.0,0.0,0.0,46.0,200901,4000
reference,LA-AT,200903,3,55.564603,70.25,0.0,0.0,77.0,200901,4000
reference,LA-AT,200904,1,37.6926535,66.125,1.0,0.0,99.0,200904,4000
reference,LA-AT,200905,2,90.9298155,117.0,0.0,0.0,0.0,200904,4000
reference,LA-AT,200906,3,75.4049635,98.375,1.0,0.0,24.0,200904,4000
reference,LA-AT,200907,1,98.491889,125.0,1.0,0.75,64.0,200907,4000
reference,LA-AT,200908,2,116.36145775000004,150.625,1.0,0.0,21.0,200907,4000
reference,LA-AT,200909,3,226.77535675,301.875,0.0,0.0,17.0,200907,4000
reference,LA-AT,200910,1,39.65243725,49.875,0.0,0.0,4.0,200910,4000
reference,LA-AT,200911,2,27.674624,33.25,1.0,0.75,16.0,200910,4000
reference,LA-AT,200912,3,31.945734249999997,39.625,1.0,0.0,6.0,200910,4000
reference,LA-BK,200801,1,0.944308,1.0,0.0,0.0,1.0,200801,4000
reference,LA-BK,200802,2,9.17499999999996e-05,0.0,1.0,1.0,0.0,200801,4000
reference,LA-BK,200803,3,2.200000000000021e-05,0.0,1.0,1.0,0.0,200801,4000
reference,LA-BK,200804,1,0.0297697499999999,0.0,1.0,1.0,0.0,200804,4000
reference,LA-BK,200805,2,10.89922575,12.0,0.0,0.0,12.0,200804,4000
reference,LA-BK,200806,3,51.47099525,53.0,0.0,0.0,53.0,200804,4000
reference,LA-BK,200807,1,14.621297249999998,19.25,0.75,0.0,2.0,200807,4000
reference,LA-BK,200808,2,18.76498775,22.625,1.0,0.0,9.0,200807,4000
reference,LA-BK,200809,3,56.22478099999999,60.75,0.75,0.5,33.0,200807,4000
reference,LA-BK,200810,1,31.152412,26.5,1.0,1.0,48.0,200810,4000
reference,LA-BK,200811,2,44.1022915,51.75,0.0,0.0,55.0,200810,4000
reference,LA-BK,200812,3,2.2035312499999997,3.5,0.75,0.75,5.0,200810,4000
reference,LA-BK,200901,1,0.44779475,0.0,1.0,1.0,1.0,200901,4000
reference,LA-BK,200902,2,0.3681,0.5,1.0,1.0,0.0,200901,4000
reference,LA-BK,200903,3,0.6910594999999999,0.0,1.0,1.0,1.0,200901,4000
reference,LA-BK,200904,1,1.5515,0.25,1.0,1.0,3.0,200904,4000
reference,LA-BK,200905,2,43.718208,63.375,0.0,0.0,74.0,200904,4000
reference,LA-BK,200906,3,129.8302205,183.75,0.0,0.0,216.0,200904,4000
reference,LA-BK,200907,1,91.408612,156.375,1.0,0.0,212.0,200907,4000
reference,LA-BK,200908,2,32.7315285,55.625,1.0,1.0,110.0,200907,4000
reference,LA-BK,200909,3,18.912876500000003,3.0,1.0,1.0,52.0,200907,4000
reference,LA-BK,200910,1,28.418731249999997,32.75,1.0,1.0,31.0,200910,4000
reference,LA-BK,200911,2,16.491068000000002,22.75,1.0,0.0,5.0,200910,4000
reference,LA-BK,200912,3,6.89437725,9.0,1.0,1.0,4.0,200910,4000
reference,LA-BL,200801,1,5.4928115,8.5,0.0,0.0,10.0,200801,4000
reference,LA-BL,200802,2,6.08178675,7.0,0.0,0.0,7.0,200801,4000
reference,LA-BL,200803,3,0.41511325,1.0,1.0,1.0,1.0,200801,4000
reference,LA-BL,200804,1,3.1703755,2.75,1.0,1.0,3.0,200804,4000
reference,LA-BL,200805,2,4.85717875,7.5,1.0,1.0,15.0,200804,4000
reference,LA-BL,200806,3,7.383403,1.25,1.0,1.0,19.0,200804,4000
reference,LA-BL,200807,1,15.10290475,12.5,1.0,0.75,31.0,200807,4000
reference,LA-BL,200808,2,17.743416500000002,17.125,1.0,0.75,32.0,200807,4000
reference,LA-BL,200809,3,15.57523125,14.5,1.0,0.75,30.0,200807,4000
reference,LA-BL,200810,1,8.49865475,11.125,1.0,0.5,5.0,200810,4000
reference,LA-BL,200811,2,4.782741250000001,5.0,1.0,0.75,12.0,200810,4000
reference,LA-BL,200812,3,1.3148065,1.75,1.0,1.0,1.0,200810,4000
reference,LA-BL,200901,1,0.70158375,1.0,1.0,1.0,2.0,200901,4000
reference,LA-BL,200902,2,1.462911,2.25,1.0,0.0,3.0,200901,4000
reference,LA-BL,200903,3,1.3100915,2.0,1.0,1.0,0.0,200901,4000
reference,LA-BL,200904,1,0.76194575,0.75,1.0,1.0,2.0,200904,4000
reference,LA-BL,200905,2,3.3651035,4.25,1.0,0.0,0.0,200904,4000
reference,LA-BL,200906,3,3.796514,1.5,1.0,1.0,7.0,200904,4000
reference,LA-BL,200907,1,13.3729125,23.75,1.0,0.0,35.0,200907,4000
reference,LA-BL,200908,2,4.893267,2.5,1.0,1.0,9.0,200907,4000
reference,LA-BL,200909,3,9.19180475,12.0,0.25,0.0,0.0,200907,4000
reference,LA-BL,200910,1,4.1365355,5.5,1.0,0.0,1.0,200910,4000
reference,LA-BL,200911,2,1.2182197500000005,1.0,1.0,1.0,2.0,200910,4000
reference,LA-BL,200912,3,0.455636,0.0,1.0,1.0,1.0,200910,4000
reference,LA-CH,200801,1,29.93297075,52.5,1.0,0.0,73.0,200801,4000
reference,LA-CH,200802,2,51.745649,76.0,0.0,0.0,90.0,200801,4000
reference,LA-CH,200803,3,58.52065325,80.5,0.0,0.0,92.0,200801,4000
reference,LA-CH,200804,1,24.71721275,12.0,1.0,1.0,69.0,200804,4000
reference,LA-CH,200805,2,39.48167675,25.875,1.0,1.0,113.0,200804,4000
reference,LA-CH,200806,3,106.57303175,41.75,1.0,1.0,295.0,200804,4000
reference,LA-CH,200807,1,111.2770265,128.375,1.0,0.75,162.0,200807,4000
reference,LA-CH,200808,2,82.72937725,79.25,0.75,0.75,143.0,200807,4000
reference,LA-CH,200809,3,91.492313,61.25,0.75,0.75,185.0,200807,4000
reference,LA-CH,200810,1,51.09668950000001,67.625,1.0,0.75,140.0,200810,4000
reference,LA-CH,200811,2,40.67809875,61.5,0.75,0.75,102.0,200810,4000
reference,LA-CH,200812,3,28.477948750000003,46.75,0.75,0.5,73.0,200810,4000
reference,LA-CH,200901,1,9.72453775,11.25,1.0,1.0,31.0,200901,4000
reference,LA-CH,200902,2,22.75298875,37.75,1.0,0.0,48.0,200901,4000
reference,LA-CH,200903,3,19.87361175,35.25,1.0,0.5,60.0,200901,4000
reference,LA-CH,200904,1,34.2270925,60.875,1.0,0.25,102.0,200904,4000
reference,LA-CH,200905,2,100.49252725,119.375,1.0,0.5,66.0,200904,4000
reference,LA-CH,200906,3,108.87899825,105.75,1.0,1.0,124.0,200904,4000
reference,LA-CH,200907,1,124.78932899999998,148.0,1.0,1.0,122.0,200907,4000
reference,LA-CH,200908,2,78.4898135,75.75,1.0,1.0,110.0,200907,4000
reference,LA-CH,200909,3,101.059138,118.75,1.0,1.0,105.0,200907,4000
reference,LA-CH,200910,1,23.89917825,4.75,1.0,1.0,59.0,200910,4000
reference,LA-CH,200911,2,31.20185275,32.625,1.0,1.0,35.0,200910,4000
reference,LA-CH,200912,3,22.48396375,17.375,1.0,1.0,32.0,200910,4000
reference,LA-HO,200801,1,0.0033317499999999,0.0,1.0,1.0,0.0,200801,4000
reference,LA-HO,200802,2,0.00095075,0.0,1.0,1.0,0.0,200801,4000
reference,LA-HO,200803,3,0.0089824999999999,0.0,1.0,1.0,0.0,200801,4000
reference,LA-HO,200804,1,0.06915775,0.0,1.0,1.0,0.0,200804,4000
reference,LA-HO,200805,2,0.0346714999999999,0.0,1.0,1.0,0.0,200804,4000
reference,LA-HO,200806,3,0.05638625,0.0,1.0,1.0,0.0,200804,4000
reference,LA-HO,200807,1,0.3986509999999998,0.5,1.0,0.75,0.0,200807,4000
reference,LA-HO,200808,2,0.46071875,0.75,0.75,0.75,0.0,200807,4000
reference,LA-HO,200809,3,0.8478812500000001,1.25,1.0,0.0,1.0,200807,4000
reference,LA-HO,200810,1,0.089891,0.0,1.0,1.0,0.0,200810,4000
reference,LA-HO,200811,2,0.02037325,0.0,1.0,1.0,0.0,200810,4000
reference,LA-HO,200812,3,0.847448,1.0,0.25,0.0,1.0,200810,4000
reference,LA-HO,200901,1,0.0153997499999999,0.0,1.0,1.0,0.0,200901,4000
reference,LA-HO,200902,2,0.034572,0.0,1.0,1.0,0.0,200901,4000
reference,LA-HO,200903,3,0.0224442499999999,0.0,1.0,1.0,0.0,200901,4000
reference,LA-HO,200904,1,0.00519725,0.0,1.0,1.0,0.0,200904,4000
reference,LA-HO,200905,2,0.0176709999999999,0.0,1.0,1.0,0.0,200904,4000
reference,LA-HO,200906,3,0.0548205,0.0,1.0,1.0,0.0,200904,4000
reference,LA-HO,200907,1,0.03007725,0.0,1.0,1.0,0.0,200907,4000
reference,LA-HO,200908,2,0.0525769999999999,0.0,1.0,1.0,0.0,200907,4000
reference,LA-HO,200909,3,0.6569427500000001,1.0,1.0,0.0,1.0,200907,4000
reference,LA-HO,200910,1,0.6589035000000001,1.0,1.0,0.0,1.0,200910,4000
reference,LA-HO,200911,2,0.84473425,1.0,0.0,0.0,1.0,200910,4000
reference,LA-HO,200912,3,0.91067275,1.0,0.0,0.0,1.0,200910,4000
reference,LA-KH,200801,1,0.6799430000000001,1.0,1.0,1.0,0.0,200801,4000
reference,LA-KH,200802,2,0.0625019999999999,0.0,1.0,1.0,0.0,200801,4000
reference,LA-KH,200803,3,0.07301225,0.0,1.0,1.0,0.0,200801,4000
reference,LA-KH,200804,1,0.22829025,0.0,1.0,1.0,0.0,200804,4000
reference,LA-KH,200805,2,0.32763925,0.0,1.0,1.0,0.0,200804,4000
reference,LA-KH,200806,3,0.7035544999999999,0.0,1.0,1.0,1.0,200804,4000
reference,LA-KH,200807,1,6.77829275,9.25,0.75,0.0,3.0,200807,4000
reference,LA-KH,200808,2,5.3591180000000005,6.25,0.75,0.75,0.0,200807,4000
reference,LA-KH,200809,3,6.09614025,8.75,0.75,0.0,4.0,200807,4000
reference,LA-KH,200810,1,1.1189477500000002,0.25,1.0,1.0,1.0,200810,4000
reference,LA-KH,200811,2,1.6607485,2.5,1.0,0.25,3.0,200810,4000
reference,LA-KH,200812,3,3.054062,4.0,0.25,0.0,4.0,200810,4000
reference,LA-KH,200901,1,0.07740175,0.0,1.0,1.0,0.0,200901,4000
reference,LA-KH,200902,2,0.03032625,0.0,1.0,1.0,0.0,200901,4000
reference,LA-KH,200903,3,4.48631725,6.0,0.0,0.0,6.0,200901,4000
reference,LA-KH,200904,1,0.8031122500000001,1.0,1.0,1.0,0.0,200904,4000
reference,LA-KH,200905,2,2.03647975,2.0,1.0,1.0,6.0,200904,4000
reference,LA-KH,200906,3,57.53681425,73.0,0.0,0.0,80.0,200904,4000
reference,LA-KH,200907,1,92.358245,132.0,0.0,0.0,155.0,200907,4000
reference,LA-KH,200908,2,234.8311385,280.125,0.0,0.0,303.0,200907,4000
reference,LA-KH,200909,3,205.218208,252.75,0.0,0.0,277.0,200907,4000
reference,LA-KH,200910,1,24.86147075,21.0,1.0,1.0,85.0,200910,4000
reference,LA-KH,200911,2,19.158899,33.75,1.0,1.0,61.0,200910,4000
reference,LA-KH,200912,3,40.62270225,57.0,0.0,0.0,67.0,200910,4000
reference,LA-LM,200801,1,0.0001989999999999,0.0,1.0,1.0,0.0,200801,4000
reference,LA-LM,200802,2,3.150000000000017e-05,0.0,1.0,1.0,0.0,200801,4000
reference,LA-LM,200803,3,8.25000000000012e-06,0.0,1.0,1.0,0.0,200801,4000
reference,LA-LM,200804,1,0.0025252499999999,0.0,1.0,1.0,0.0,200804,4000
reference,LA-LM,200805,2,0.0109989999999999,0.0,1.0,1.0,0.0,200804,4000
reference,LA-LM,200806,3,0.0119919999999999,0.0,1.0,1.0,0.0,200804,4000
reference,LA-LM,200807,1,1.1616339999999998,1.5,0.75,0.75,0.0,200807,4000
reference,LA-LM,200808,2,0.89738575,1.25,0.75,0.75,0.0,200807,4000
reference,LA-LM,200809,3,0.8870312500000002,1.0,0.75,0.75,0.0,200807,4000
reference,LA-LM,200810,1,0.22924,0.0,1.0,1.0,0.0,200810,4000
reference,LA-LM,200811,2,0.0515952499999999,0.0,1.0,1.0,0.0,200810,4000
reference,LA-LM,200812,3,0.0227982499999999,0.0,1.0,1.0,0.0,200810,4000
reference,LA-LM,200901,1,0.00013525,0.0,1.0,1.0,0.0,200901,4000
reference,LA-LM,200902,2,0.0001785,0.0,1.0,1.0,0.0,200901,4000
reference,LA-LM,200903,3,0.0003974999999999,0.0,1.0,1.0,0.0,200901,4000
reference,LA-LM,200904,1,0.892257,1.0,0.0,0.0,1.0,200904,4000
reference,LA-LM,200905,2,0.01221825,0.0,1.0,1.0,0.0,200904,4000
reference,LA-LM,200906,3,1.53922225,2.0,0.0,0.0,2.0,200904,4000
reference,LA-LM,200907,1,0.5514845,0.0,1.0,1.0,1.0,200907,4000
reference,LA-LM,200908,2,0.9333285,1.0,1.0,1.0,0.0,200907,4000
reference,LA-LM,200909,3,1.6857175,3.0,1.0,0.25,4.0,200907,4000
reference,LA-LM,200910,1,2.6805985,4.0,1.0,0.0,5.0,200910,4000
reference,LA-LM,200911,2,4.679951,6.0,0.0,0.0,6.0,200910,4000
reference,LA-LM,200912,3,3.37612425,4.0,0.0,0.0,4.0,200910,4000
reference,LA-LP,200801,1,0.806006,1.0,1.0,1.0,0.0,200801,4000
reference,LA-LP,200802,2,14.626709,16.0,0.0,0.0,16.0,200801,4000
reference,LA-LP,200803,3,20.5943955,22.0,0.0,0.0,22.0,200801,4000
reference,LA-LP,200804,1,11.4794025,20.5,1.0,0.5,33.0,200804,4000
reference,LA-LP,200805,2,58.889732499999994,94.0,0.75,0.0,116.0,200804,4000
reference,LA-LP,200806,3,70.8939435,122.5,1.0,0.0,160.0,200804,4000
reference,LA-LP,200807,1,98.608548,135.875,0.25,0.0,16.0,200807,4000
reference,LA-LP,200808,2,83.3153555,110.625,0.25,0.25,13.0,200807,4000
reference,LA-LP,200809,3,75.8408335,101.25,0.5,0.0,14.0,200807,4000
reference,LA-LP,200810,1,28.2166705,32.875,0.75,0.75,33.0,200810,4000
reference,LA-LP,200811,2,67.83609125000001,94.875,0.5,0.0,116.0,200810,4000
reference,LA-LP,200812,3,135.46087125,152.625,0.0,0.0,161.0,200810,4000
reference,LA-LP,200901,1,7.42900975,9.75,1.0,0.0,0.0,200901,4000
reference,LA-LP,200902,2,6.739271,8.875,0.75,0.0,0.0,200901,4000
reference,LA-LP,200903,3,13.45645975,16.875,0.0,0.0,0.0,200901,4000
reference,LA-LP,200904,1,14.63514825,19.25,0.0,0.0,0.0,200904,4000
reference,LA-LP,200905,2,36.594558,48.125,0.0,0.0,0.0,200904,4000
reference,LA-LP,200906,3,73.77400800000001,99.0,0.75,0.0,9.0,200904,4000
reference,LA-LP,200907,1,21.9734985,27.75,0.0,0.0,30.0,200907,4000
reference,LA-LP,200908,2,22.16052075,29.0,0.0,0.0,32.0,200907,4000
reference,LA-LP,200909,3,303.351697,310.25,0.0,0.0,313.0,200907,4000
reference,LA-LP,200910,1,98.56045375,141.0,0.0,0.0,165.0,200910,4000
reference,LA-LP,200911,2,56.914157,76.5,0.0,0.0,87.0,200910,4000
reference,LA-LP,200912,3,2.92123175,4.0,1.0,0.0,0.0,200910,4000
reference,LA-OU,200801,1,0.00117475,0.0,1.0,1.0,0.0,200801,4000
reference,LA-OU,200802,2,0.0002229999999999,0.0,1.0,1.0,0.0,200801,4000
reference,LA-OU,200803,3,8.224999999999997e-05,0.0,1.0,1.0,0.0,200801,4000
reference,LA-OU,200804,1,0.00472475,0.0,1.0,1.0,0.0,200804,4000
reference,LA-OU,200805,2,0.0133394999999999,0.0,1.0,1.0,0.0,200804,4000
reference,LA-OU,200806,3,0.0220575,0.0,1.0,1.0,0.0,200804,4000
reference,LA-OU,200807,1,2.08538525,2.5,0.75,0.75,0.0,200807,4000
reference,LA-OU,200808,2,1.79963675,2.25,0.75,0.75,0.0,200807,4000
reference,LA-OU,200809,3,1.59555,2.0,0.75,0.75,0.0,200807,4000
reference,LA-OU,200810,1,0.2964639999999999,0.25,1.0,1.0,0.0,200810,4000
reference,LA-OU,200811,2,0.1105587499999999,0.0,1.0,1.0,0.0,200810,4000
reference,LA-OU,200812,3,0.0539385,0.0,1.0,1.0,0.0,200810,4000
reference,LA-OU,200901,1,0.0001779999999999,0.0,1.0,1.0,0.0,200901,4000
reference,LA-OU,200902,2,0.000196,0.0,1.0,1.0,0.0,200901,4000
reference,LA-OU,200903,3,0.00035625,0.0,1.0,1.0,0.0,200901,4000
reference,LA-OU,200904,1,0.0052604999999999,0.0,1.0,1.0,0.0,200904,4000
reference,LA-OU,200905,2,0.01845475,0.0,1.0,1.0,0.0,200904,4000
reference,LA-OU,200906,3,0.055049,0.0,1.0,1.0,0.0,200904,4000
reference,LA-OU,200907,1,0.08181575,0.0,1.0,1.0,0.0,200907,4000
reference,LA-OU,200908,2,0.5522819999999999,1.0,1.0,1.0,1.0,200907,4000
reference,LA-OU,200909,3,13.830057750000002,15.0,0.0,0.0,15.0,200907,4000
reference,LA-OU,200910,1,2.9587630000000003,5.0,1.0,0.0,6.0,200910,4000
reference,LA-OU,200911,2,11.029299,13.0,0.0,0.0,13.0,200910,4000
reference,LA-OU,200912,3,17.21375975,18.0,0.0,0.0,18.0,200910,4000
reference,LA-PH,200901,1,0.0128257499999999,0.0,1.0,1.0,0.0,200901,4000
reference,LA-PH,200902,2,0.0151474999999999,0.0,1.0,1.0,0.0,200901,4000
reference,LA-PH,200903,3,0.0194194999999999,0.0,1.0,1.0,0.0,200901,4000
reference,LA-PH,200904,1,0.00498025,0.0,1.0,1.0,0.0,200904,4000
reference,LA-PH,200905,2,0.01541075,0.0,1.0,1.0,0.0,200904,4000
reference,LA-PH,200906,3,0.04716475,0.0,1.0,1.0,0.0,200904,4000
reference,LA-PH,200907,1,0.031492,0.0,1.0,1.0,0.0,200907,4000
reference,LA-PH,200909,3,0.03606625,0.0,1.0,1.0,0.0,200907,4000
reference,LA-PH,200910,1,0.00804075,0.0,1.0,1.0,0.0,200910,4000
reference,LA-PH,200911,2,0.0022612499999999,0.0,1.0,1.0,0.0,200910,4000
reference,LA-PH,200912,3,0.0004665,0.0,1.0,1.0,0.0,200910,4000
reference,LA-SL,200801,1,0.8992575,1.0,1.0,1.0,0.0,200801,4000
reference,LA-SL,200802,2,0.38828825,0.75,1.0,1.0,1.0,200801,4000
reference,LA-SL,200803,3,3.876882,5.0,0.0,0.0,5.0,200801,4000
reference,LA-SL,200804,1,0.9524855,0.0,1.0,1.0,2.0,200804,4000
reference,LA-SL,200805,2,91.63074175,101.5,0.0,0.0,105.0,200804,4000
reference,LA-SL,200806,3,193.7287465,217.0,0.0,0.0,226.0,200804,4000
reference,LA-SL,200807,1,40.471018,30.75,0.75,0.75,78.0,200807,4000
reference,LA-SL,200808,2,41.110249249999995,38.5,0.75,0.75,63.0,200807,4000
reference,LA-SL,200809,3,43.621818,36.0,0.75,0.75,85.0,200807,4000
reference,LA-SL,200810,1,37.113354,30.0,0.75,0.75,91.0,200810,4000
reference,LA-SL,200811,2,15.667120000000004,18.625,1.0,0.75,21.0,200810,4000
reference,LA-SL,200812,3,7.241075,9.75,1.0,0.75,8.0,200810,4000
reference,LA-SL,200901,1,1.5820542500000006,2.0,1.0,1.0,1.0,200901,4000
reference,LA-SL,200902,2,18.6889505,22.5,0.0,0.0,24.0,200901,4000
reference,LA-SL,200903,3,12.4954095,20.25,0.75,0.0,25.0,200901,4000
reference,LA-SL,200904,1,7.00390125,2.25,1.0,1.0,19.0,200904,4000
reference,LA-SL,200905,2,38.280303,63.75,1.0,1.0,122.0,200904,4000
reference,LA-SL,200906,3,41.36212925,43.5,1.0,1.0,42.0,200904,4000
reference,LA-SL,200907,1,51.97775625,19.75,1.0,1.0,164.0,200907,4000
reference,LA-SL,200908,2,47.39356175,2.875,1.0,1.0,127.0,200907,4000
reference,LA-SL,200909,3,43.61543625,22.125,1.0,1.0,91.0,200907,4000
reference,LA-SL,200910,1,31.7040395,57.5,1.0,0.25,94.0,200910,4000
reference,LA-SL,200911,2,14.65644025,7.125,1.0,1.0,44.0,200910,4000
reference,LA-SL,200912,3,9.567949249999998,6.5,1.0,1.0,17.0,200910,4000
reference,LA-SV,200801,1,4.9487935,6.25,1.0,0.0,1.0,200801,4000
reference,LA-SV,200802,2,0.68705625,0.25,1.0,1.0,1.0,200801,4000
reference,LA-SV,200803,3,0.425183,0.0,1.0,1.0,1.0,200801,4000
reference,LA-SV,200804,1,1.16161375,1.375,1.0,1.0,0.0,200804,4000
reference,LA-SV,200805,2,1.38788475,1.5,1.0,1.0,1.0,200804,4000
reference,LA-SV,200806,3,4.4734935,0.5,1.0,1.0,10.0,200804,4000
reference,LA-SV,200807,1,31.825508249999995,35.75,0.75,0.75,11.0,200807,4000
reference,LA-SV,200808,2,21.68401,25.5,0.75,0.75,4.0,200807,4000
reference,LA-SV,200809,3,24.393367,30.5,0.75,0.0,2.0,200807,4000
reference,LA-SV,200810,1,6.843859749999998,4.875,1.0,1.0,10.0,200810,4000
reference,LA-SV,200811,2,2.2716989999999995,0.5,1.0,1.0,2.0,200810,4000
reference,LA-SV,200812,3,1.86139875,1.75,1.0,1.0,0.0,200810,4000
reference,LA-SV,200901,1,0.077595,0.0,1.0,1.0,0.0,200901,4000
reference,LA-SV,200902,2,0.0173209999999999,0.0,1.0,1.0,0.0,200901,4000
reference,LA-SV,200903,3,0.147175,0.0,1.0,1.0,0.0,200901,4000
reference,LA-SV,200904,1,0.17275225,0.0,1.0,1.0,0.0,200904,4000
reference,LA-SV,200905,2,1.0981412499999998,1.25,1.0,1.0,0.0,200904,4000
reference,LA-SV,200906,3,1.41371725,1.375,1.0,1.0,1.0,200904,4000
reference,LA-SV,200907,1,10.01600225,12.0,0.0,0.0,13.0,200907,4000
reference,LA-SV,200908,2,30.773489499999997,33.5,0.0,0.0,34.0,200907,4000
reference,LA-SV,200909,3,44.8915965,47.25,0.0,0.0,48.0,200907,4000
reference,LA-SV,200910,1,5.276814000000001,9.75,1.0,1.0,16.0,200910,4000
reference,LA-SV,200911,2,23.47189825,30.0,0.0,0.0,33.0,200910,4000
reference,LA-SV,200912,3,1.4054415000000002,3.0,1.0,1.0,4.0,200910,4000
reference,LA-VT,200801,1,11.39081125,1.5,1.0,1.0,29.0,200801,4000
reference,LA-VT,200802,2,4.59126,8.25,1.0,0.25,12.0,200801,4000
reference,LA-VT,200803,3,18.093363,23.5,0.0,0.0,26.0,200801,4000
reference,LA-VT,200804,1,17.677041,22.75,1.0,0.0,4.0,200804,4000
reference,LA-VT,200805,2,23.813530250000003,28.0,1.0,1.0,17.0,200804,4000
reference,LA-VT,200806,3,91.829997,114.5,1.0,1.0,60.0,200804,4000
reference,LA-VT,200807,1,105.663998,117.125,0.75,0.75,132.0,200807,4000
reference,LA-VT,200808,2,72.665809,63.5,1.0,0.75,144.0,200807,4000
reference,LA-VT,200809,3,60.42891625,27.625,1.0,0.75,158.0,200807,4000
reference,LA-VT,200810,1,33.033684750000006,49.625,1.0,1.0,95.0,200810,4000
reference,LA-VT,200811,2,67.180073,106.0,0.5,0.0,129.0,200810,4000
reference,LA-VT,200812,3,55.70733825,79.75,0.25,0.0,91.0,200810,4000
reference,LA-VT,200901,1,20.28397525,31.375,0.25,0.0,38.0,200901,4000
reference,LA-VT,200902,2,12.717388,17.5,0.0,0.0,20.0,200901,4000
reference,LA-VT,200903,3,6.003610999999999,9.0,1.0,1.0,19.0,200901,4000
reference,LA-VT,200904,1,12.5723145,1.75,1.0,1.0,33.0,200904,4000
reference,LA-VT,200905,2,92.14073325,114.375,1.0,0.75,54.0,200904,4000
reference,LA-VT,200906,3,201.82457875,253.875,1.0,0.25,104.0,200904,4000
reference,LA-VT,200907,1,120.439174,20.875,1.0,1.0,302.0,200907,4000
reference,LA-VT,200908,2,110.85286275,54.25,1.0,1.0,356.0,200907,4000
reference,LA-VT,200909,3,132.40966775000004,191.0,1.0,1.0,470.0,200907,4000
reference,LA-VT,200910,1,231.1066,388.0,1.0,0.0,527.0,200910,4000
reference,LA-VT,200911,2,327.15132025,450.25,0.0,0.0,521.0,200910,4000
reference,LA-VT,200912,3,259.11931475,329.25,0.0,0.0,366.0,200910,4000
reference,LA-XA,200801,1,1.15231875,1.5,1.0,1.0,0.0,200801,4000
reference,LA-XA,200802,2,0.2178165,0.0,1.0,1.0,0.0,200801,4000
reference,LA-XA,200803,3,0.153973,0.0,1.0,1.0,0.0,200801,4000
reference,LA-XA,200804,1,0.0580454999999999,0.0,1.0,1.0,0.0,200804,4000
reference,LA-XA,200805,2,1.1798015,2.0,1.0,0.0,2.0,200804,4000
reference,LA-XA,200806,3,4.1730445,6.0,0.0,0.0,6.0,200804,4000
reference,LA-XA,200807,1,8.0617305,12.25,0.5,0.25,19.0,200807,4000
reference,LA-XA,200808,2,3.84539675,6.25,0.75,0.0,7.0,200807,4000
reference,LA-XA,200809,3,3.75688175,4.5,0.75,0.75,1.0,200807,4000
reference,LA-XA,200810,1,1.3248667500000004,0.5,1.0,1.0,3.0,200810,4000
reference,LA-XA,200811,2,0.8022762499999998,1.0,1.0,1.0,2.0,200810,4000
reference,LA-XA,200812,3,0.44606125,1.0,1.0,1.0,1.0,200810,4000
reference,LA-XA,200901,1,0.10784225,0.0,1.0,1.0,0.0,200901,4000
reference,LA-XA,200902,2,0.0473279999999999,0.0,1.0,1.0,0.0,200901,4000
reference,LA-XA,200903,3,0.25655675,0.0,1.0,1.0,0.0,200901,4000
reference,LA-XA,200904,1,0.207109,0.0,1.0,1.0,0.0,200904,4000
reference,LA-XA,200905,2,0.6022715000000001,0.0,1.0,1.0,1.0,200904,4000
reference,LA-XA,200906,3,7.431312,12.0,0.5,0.0,14.0,200904,4000
reference,LA-XA,200907,1,4.162095,7.75,1.0,0.0,11.0,200907,4000
reference,LA-XA,200908,2,25.543997,33.25,0.0,0.0,37.0,200907,4000
reference,LA-XA,200909,3,4.1569002500000005,7.5,1.0,0.0,11.0,200907,4000
reference,LA-XA,200910,1,2.7718847500000003,1.75,1.0,1.0,5.0,200910,4000
reference,LA-XA,200911,2,1.4945102499999998,2.0,1.0,1.0,5.0,200910,4000
reference,LA-XA,200912,3,0.8982614999999999,1.0,1.0,1.0,0.0,200910,4000
reference,LA-XE,200801,1,0.023375,0.0,1.0,1.0,0.0,200801,4000
reference,LA-XE,200802,2,0.009425,0.0,1.0,1.0,0.0,200801,4000
reference,LA-XE,200803,3,0.0035007499999999,0.0,1.0,1.0,0.0,200801,4000
reference,LA-XE,200804,1,0.02296,0.0,1.0,1.0,0.0,200804,4000
reference,LA-XE,200805,2,0.049643,0.0,1.0,1.0,0.0,200804,4000
reference,LA-XE,200806,3,3.960630749999999,5.0,0.0,0.0,5.0,200804,4000
reference,LA-XE,200807,1,0.94034775,1.25,0.75,0.75,0.0,200807,4000
reference,LA-XE,200808,2,0.96372975,1.25,1.0,0.75,0.0,200807,4000
reference,LA-XE,200809,3,0.6833315,0.25,1.0,1.0,1.0,200807,4000
reference,LA-XE,200810,1,0.33044275,0.5,1.0,1.0,0.0,200810,4000
reference,LA-XE,200811,2,0.14064,0.0,1.0,1.0,0.0,200810,4000
reference,LA-XE,200812,3,0.62983225,1.0,1.0,0.0,1.0,200810,4000
reference,LA-XE,200901,1,0.005249,0.0,1.0,1.0,0.0,200901,4000
reference,LA-XE,200902,2,1.85730075,2.0,0.0,0.0,2.0,200901,4000
reference,LA-XE,200903,3,1.73120325,2.0,0.0,0.0,2.0,200901,4000
reference,LA-XE,200904,1,0.4099095,1.0,1.0,1.0,1.0,200904,4000
reference,LA-XE,200905,2,0.72657925,1.0,1.0,1.0,2.0,200904,4000
reference,LA-XE,200906,3,4.45004475,7.25,1.0,0.0,9.0,200904,4000
reference,LA-XE,200907,1,17.30014,24.75,0.0,0.0,29.0,200907,4000
reference,LA-XE,200908,2,13.8080575,21.5,0.5,0.0,27.0,200907,4000
reference,LA-XE,200909,3,2.04119925,1.75,1.0,1.0,6.0,200907,4000
reference,LA-XE,200910,1,2.5169815,2.75,1.0,1.0,7.0,200910,4000
reference,LA-XE,200911,2,9.563540500000002,11.0,1.0,0.0,3.0,200910,4000
reference,LA-XE,200912,3,8.918588499999998,8.5,1.0,1.0,7.0,200910,4000
reference,LA-XI,200801,1,0.00052325,0.0,1.0,1.0,0.0,200801,4000
reference,LA-XI,200802,2,9.349999999999983e-05,0.0,1.0,1.0,0.0,200801,4000
reference,LA-XI,200803,3,0.0002197499999999,0.0,1.0,1.0,0.0,200801,4000
reference,LA-XI,200804,1,0.0056884999999999,0.0,1.0,1.0,0.0,200804,4000
reference,LA-XI,200805,2,0.0046607499999999,0.0,1.0,1.0,0.0,200804,4000
reference,LA-XI,200806,3,0.8286020000000001,1.0,0.25,0.0,1.0,200804,4000
reference,LA-XI,200807,1,0.619124,0.75,0.75,0.75,0.0,200807,4000
reference,LA-XI,200808,2,0.6537262500000001,0.75,0.75,0.75,0.0,200807,4000
reference,LA-XI,200809,3,0.607467,0.75,0.75,0.75,0.0,200807,4000
reference,LA-XI,200810,1,0.08763625,0.0,1.0,1.0,0.0,200810,4000
reference,LA-XI,200811,2,0.0335697499999999,0.0,1.0,1.0,0.0,200810,4000
reference,LA-XI,200812,3,0.020205,0.0,1.0,1.0,0.0,200810,4000
reference,LA-XI,200901,1,0.000823,0.0,1.0,1.0,0.0,200901,4000
reference,LA-XI,200902,2,0.0020175,0.0,1.0,1.0,0.0,200901,4000
reference,LA-XI,200903,3,0.00226575,0.0,1.0,1.0,0.0,200901,4000
reference,LA-XI,200904,1,0.001085,0.0,1.0,1.0,0.0,200904,4000
reference,LA-XI,200905,2,38.84510525,39.0,0.0,0.0,39.0,200904,4000
reference,LA-XI,200906,3,32.674713249999996,33.0,0.0,0.0,33.0,200904,4000
reference,LA-XI,200907,1,13.02920675,18.0,0.5,0.0,1.0,200907,4000
reference,LA-XI,200908,2,11.92930125,14.5,1.0,1.0,10.0,200907,4000
reference,LA-XI,200909,3,16.386230750000003,21.125,0.0,0.0,0.0,200907,4000
reference,LA-XI,200910,1,12.90074625,16.75,0.0,0.0,0.0,200910,4000
reference,LA-XI,200911,2,5.14253175,6.75,1.0,0.0,0.0,200910,4000
reference,LA-XI,200912,3,2.491268,3.25,1.0,0.0,0.0,200910,4000
