model,location,time_period,horizon_distance,crps,abs_error,in_10_90,in_25_75,observed,split_first_period,n_samples
climatology,LA-AT,200801,1,4.0,4.0,0.0,0.0,4.0,200801,1000
climatology,LA-AT,200802,2,1.63,2.0,0.0,0.0,2.0,200801,1000
climatology,LA-AT,200803,3,0.0,0.0,1.0,1.0,0.0,200801,1000
climatology,LA-AT,200804,1,0.02,0.0,1.0,1.0,0.0,200804,1000
climatology,LA-AT,200805,2,3.45,4.0,0.0,0.0,4.0,200804,1000
climatology,LA-AT,200806,3,8.86,10.0,0.0,0.0,10.0,200804,1000
climatology,LA-AT,200807,1,4.54,6.0,0.0,0.0,6.0,200807,1000
climatology,LA-AT,200808,2,9.47,11.0,0.0,0.0,11.0,200807,1000
climatology,LA-AT,200809,3,17.57,24.0,0.0,0.0,24.0,200807,1000
climatology,LA-AT,200810,1,38.95,47.0,0.0,0.0,47.0,200810,1000
climatology,LA-AT,200811,2,43.0,43.0,0.0,0.0,43.0,200810,1000
climatology,LA-AT,200812,3,22.28,23.0,0.0,0.0,23.0,200810,1000
climatology,LA-AT,200901,1,17.305124,18.0,0.0,0.0,18.0,200901,1000
climatology,LA-AT,200902,2,45.164529,46.0,0.0,0.0,46.0,200901,1000
climatology,LA-AT,200903,3,77.0,77.0,0.0,0.0,77.0,200901,1000
climatology,LA-AT,200904,1,98.652562,99.0,0.0,0.0,99.0,200904,1000
climatology,LA-AT,200905,2,0.1242149999999999,0.0,1.0,1.0,0.0,200904,1000
climatology,LA-AT,200906,3,21.319868,24.0,0.0,0.0,24.0,200904,1000
climatology,LA-AT,200907,1,61.750116,64.0,0.0,0.0,64.0,200907,1000
climatology,LA-AT,200908,2,17.823736,21.0,0.0,0.0,21.0,200907,1000
climatology,LA-AT,200909,3,10.060613,17.0,1.0,0.0,17.0,200907,1000
climatology,LA-AT,200910,1,4.830283999999999,4.0,1.0,0.0,4.0,200910,1000
climatology,LA-AT,200911,2,13.444083,16.0,0.0,0.0,16.0,200910,1000
climatology,LA-AT,200912,3,4.502959,6.0,0.0,0.0,6.0,200910,1000
climatology,LA-BK,200801,1,0.81,1.0,0.0,0.0,1.0,200801,1000
climatology,LA-BK,200802,2,0.01,0.0,1.0,1.0,0.0,200801,1000
climatology,LA-BK,200803,3,0.01,0.0,1.0,1.0,0.0,200801,1000
climatology,LA-BK,200804,1,0.01,0.0,1.0,1.0,0.0,200804,1000
climatology,LA-BK,200805,2,11.64,12.0,0.0,0.0,12.0,200804,1000
climatology,LA-BK,200806,3,52.17,53.0,0.0,0.0,53.0,200804,1000
climatology,LA-BK,200807,1,0.6600000000000001,1.5,1.0,1.0,2.0,200807,1000
climatology,LA-BK,200808,2,6.84,9.0,0.0,0.0,9.0,200807,1000
climatology,LA-BK,200809,3,29.34,33.0,0.0,0.0,33.0,200807,1000
climatology,LA-BK,200810,1,44.92,46.5,0.0,0.0,48.0,200810,1000
climatology,LA-BK,200811,2,55.0,55.0,0.0,0.0,55.0,200810,1000
climatology,LA-BK,200812,3,5.0,5.0,0.0,0.0,5.0,200810,1000
climatology,LA-BK,200901,1,0.6691239999999999,1.0,1.0,0.0,1.0,200901,1000
climatology,LA-BK,200902,2,0.0082809999999999,0.0,1.0,1.0,0.0,200901,1000
climatology,LA-BK,200903,3,0.826281,1.0,0.0,0.0,1.0,200901,1000
climatology,LA-BK,200904,1,2.826281,3.0,0.0,0.0,3.0,200904,1000
climatology,LA-BK,200905,2,71.61762,74.0,0.0,0.0,74.0,200904,1000
climatology,LA-BK,200906,3,206.10648,216.0,0.0,0.0,216.0,200904,1000
climatology,LA-BK,200907,1,209.635455,211.0,0.0,0.0,212.0,200907,1000
climatology,LA-BK,200908,2,106.650017,110.0,0.0,0.0,110.0,200907,1000
climatology,LA-BK,200909,3,43.240067,52.0,0.0,0.0,52.0,200907,1000
climatology,LA-BK,200910,1,23.210034,29.0,0.0,0.0,31.0,200910,1000
climatology,LA-BK,200911,2,4.5454550000000005,5.0,0.0,0.0,5.0,200910,1000
climatology,LA-BK,200912,3,3.313405,4.0,0.0,0.0,4.0,200910,1000
climatology,LA-BL,200801,1,5.6899999999999995,8.0,0.0,0.0,10.0,200801,1000
climatology,LA-BL,200802,2,2.88,5.0,1.0,0.0,7.0,200801,1000
climatology,LA-BL,200803,3,2.29,3.0,1.0,1.0,1.0,200801,1000
climatology,LA-BL,200804,1,2.8299999999999996,3.5,1.0,1.0,3.0,200804,1000
climatology,LA-BL,200805,2,9.2,6.5,1.0,1.0,15.0,200804,1000
climatology,LA-BL,200806,3,10.070000000000002,17.5,1.0,1.0,19.0,200804,1000
climatology,LA-BL,200807,1,27.62,48.5,1.0,0.0,31.0,200807,1000
climatology,LA-BL,200808,2,19.03,37.5,1.0,1.0,32.0,200807,1000
climatology,LA-BL,200809,3,25.370000000000005,48.0,1.0,0.0,30.0,200807,1000
climatology,LA-BL,200810,1,16.870000000000005,25.5,0.0,0.0,5.0,200810,1000
climatology,LA-BL,200811,2,6.290000000000001,8.5,1.0,1.0,12.0,200810,1000
climatology,LA-BL,200812,3,2.05,1.0,1.0,1.0,1.0,200810,1000
climatology,LA-BL,200901,1,0.7038849999999999,0.0,1.0,1.0,2.0,200901,1000
climatology,LA-BL,200902,2,0.926381,1.0,1.0,1.0,3.0,200901,1000
climatology,LA-BL,200903,3,2.5287120000000005,4.0,1.0,0.0,0.0,200901,1000
climatology,LA-BL,200904,1,2.7938859999999996,4.0,1.0,1.0,2.0,200904,1000
climatology,LA-BL,200905,2,17.157429000000004,16.0,0.0,0.0,0.0,200904,1000
climatology,LA-BL,200906,3,16.873330000000003,19.0,0.0,0.0,7.0,200904,1000
climatology,LA-BL,200907,1,20.996472,42.0,1.0,1.0,35.0,200907,1000
climatology,LA-BL,200908,2,33.260011999999996,58.0,0.0,0.0,9.0,200907,1000
climatology,LA-BL,200909,3,41.130528,75.0,0.0,0.0,0.0,200907,1000
climatology,LA-BL,200910,1,17.210586000000003,29.0,0.0,0.0,1.0,200910,1000
climatology,LA-BL,200911,2,11.201476,13.0,1.0,0.0,2.0,200910,1000
climatology,LA-BL,200912,3,1.6965139999999996,1.0,1.0,1.0,1.0,200910,1000
climatology,LA-CH,200801,1,47.5,65.0,0.0,0.0,73.0,200801,1000
climatology,LA-CH,200802,2,53.03999999999999,86.5,0.0,0.0,90.0,200801,1000
climatology,LA-CH,200803,3,50.58,77.0,0.0,0.0,92.0,200801,1000
climatology,LA-CH,200804,1,31.85,52.5,1.0,0.0,69.0,200804,1000
climatology,LA-CH,200805,2,38.959999999999994,54.0,1.0,0.0,113.0,200804,1000
climatology,LA-CH,200806,3,127.17000000000002,172.5,0.0,0.0,295.0,200804,1000
climatology,LA-CH,200807,1,41.25,39.0,1.0,1.0,162.0,200807,1000
climatology,LA-CH,200808,2,42.510000000000005,22.0,1.0,1.0,143.0,200807,1000
climatology,LA-CH,200809,3,49.599999999999994,73.0,1.0,1.0,185.0,200807,1000
climatology,LA-CH,200810,1,37.669999999999995,53.0,1.0,0.0,140.0,200810,1000
climatology,LA-CH,200811,2,41.07000000000001,67.0,0.0,0.0,102.0,200810,1000
climatology,LA-CH,200812,3,33.34,49.5,1.0,0.0,73.0,200810,1000
climatology,LA-CH,200901,1,10.890717,19.0,1.0,1.0,31.0,200901,1000
climatology,LA-CH,200902,2,19.093116999999996,43.0,1.0,1.0,48.0,200901,1000
climatology,LA-CH,200903,3,21.42854,42.0,1.0,0.0,60.0,200901,1000
climatology,LA-CH,200904,1,53.487149,79.0,0.0,0.0,102.0,200904,1000
climatology,LA-CH,200905,2,19.053490000000004,1.0,1.0,1.0,66.0,200904,1000
climatology,LA-CH,200906,3,30.695037999999997,10.0,1.0,1.0,124.0,200904,1000
climatology,LA-CH,200907,1,45.004213,72.0,1.0,1.0,122.0,200907,1000
climatology,LA-CH,200908,2,44.17307600000001,38.0,1.0,1.0,110.0,200907,1000
climatology,LA-CH,200909,3,32.110839000000006,33.0,1.0,1.0,105.0,200907,1000
climatology,LA-CH,200910,1,23.227603,35.0,1.0,1.0,59.0,200910,1000
climatology,LA-CH,200911,2,12.418226999999998,3.0,1.0,1.0,35.0,200910,1000
climatology,LA-CH,200912,3,14.757385999999997,7.0,1.0,1.0,32.0,200910,1000
climatology,LA-HO,200801,1,0.01,0.0,1.0,1.0,0.0,200801,1000
climatology,LA-HO,200802,2,0.01,0.0,1.0,1.0,0.0,200801,1000
climatology,LA-HO,200803,3,0.01,0.0,1.0,1.0,0.0,200801,1000
climatology,LA-HO,200804,1,0.01,0.0,1.0,1.0,0.0,200804,1000
climatology,LA-HO,200805,2,0.0,0.0,1.0,1.0,0.0,200804,1000
climatology,LA-HO,200806,3,0.0599999999999999,0.0,1.0,1.0,0.0,200804,1000
climatology,LA-HO,200807,1,0.1999999999999999,0.0,1.0,1.0,0.0,200807,1000
climatology,LA-HO,200808,2,0.0,0.0,1.0,1.0,0.0,200807,1000
climatology,LA-HO,200809,3,0.6900000000000002,1.0,1.0,0.0,1.0,200807,1000
climatology,LA-HO,200810,1,0.02,0.0,1.0,1.0,0.0,200810,1000
climatology,LA-HO,200811,2,0.0,0.0,1.0,1.0,0.0,200810,1000
climatology,LA-HO,200812,3,0.65,1.0,1.0,0.0,1.0,200810,1000
climatology,LA-HO,200901,1,0.0082809999999999,0.0,1.0,1.0,0.0,200901,1000
climatology,LA-HO,200902,2,0.0082809999999999,0.0,1.0,1.0,0.0,200901,1000
climatology,LA-HO,200903,3,0.0082809999999999,0.0,1.0,1.0,0.0,200901,1000
climatology,LA-HO,200904,1,0.0082809999999999,0.0,1.0,1.0,0.0,200904,1000
climatology,LA-HO,200905,2,0.0,0.0,1.0,1.0,0.0,200904,1000
climatology,LA-HO,200906,3,0.049686,0.0,1.0,1.0,0.0,200904,1000
climatology,LA-HO,200907,1,0.16562,0.0,1.0,1.0,0.0,200907,1000
climatology,LA-HO,200908,2,0.0,0.0,1.0,1.0,0.0,200907,1000
climatology,LA-HO,200909,3,0.5699339999999999,1.0,1.0,1.0,1.0,200907,1000
climatology,LA-HO,200910,1,0.834562,1.0,0.0,0.0,1.0,200910,1000
climatology,LA-HO,200911,2,1.0,1.0,0.0,0.0,1.0,200910,1000
climatology,LA-HO,200912,3,0.53681,1.0,1.0,1.0,1.0,200910,1000
climatology,LA-KH,200801,1,1.1499999999999997,0.0,1.0,1.0,0.0,200801,1000
climatology,LA-KH,200802,2,0.1499999999999999,0.0,1.0,1.0,0.0,200801,1000
climatology,LA-KH,200803,3,0.04,0.0,1.0,1.0,0.0,200801,1000
climatology,LA-KH,200804,1,0.1099999999999999,0.0,1.0,1.0,0.0,200804,1000
climatology,LA-KH,200805,2,1.38,0.5,1.0,1.0,0.0,200804,1000
climatology,LA-KH,200806,3,8.940000000000001,6.0,1.0,1.0,1.0,200804,1000
climatology,LA-KH,200807,1,35.06999999999999,31.0,1.0,1.0,3.0,200807,1000
climatology,LA-KH,200808,2,37.92,43.0,1.0,0.0,0.0,200807,1000
climatology,LA-KH,200809,3,14.089999999999996,7.5,1.0,1.0,4.0,200807,1000
climatology,LA-KH,200810,1,5.470000000000001,5.0,1.0,1.0,1.0,200810,1000
climatology,LA-KH,200811,2,1.4299999999999995,2.5,1.0,1.0,3.0,200810,1000
climatology,LA-KH,200812,3,3.69,4.0,1.0,0.0,4.0,200810,1000
climatology,LA-KH,200901,1,0.9523149999999996,0.0,1.0,1.0,0.0,200901,1000
climatology,LA-KH,200902,2,0.1242149999999999,0.0,1.0,1.0,0.0,200901,1000
climatology,LA-KH,200903,3,5.305124,6.0,0.0,0.0,6.0,200901,1000
climatology,LA-KH,200904,1,0.091091,0.0,1.0,1.0,0.0,200904,1000
climatology,LA-KH,200905,2,4.0487779999999995,6.0,1.0,0.0,6.0,200904,1000
climatology,LA-KH,200906,3,46.36775900000001,74.0,1.0,0.0,80.0,200904,1000
climatology,LA-KH,200907,1,68.223464,127.0,1.0,1.0,155.0,200907,1000
climatology,LA-KH,200908,2,171.36027,263.0,0.0,0.0,303.0,200907,1000
climatology,LA-KH,200909,3,187.121383,267.0,0.0,0.0,277.0,200907,1000
climatology,LA-KH,200910,1,57.593343,80.0,0.0,0.0,85.0,200910,1000
climatology,LA-KH,200911,2,54.814001,60.0,0.0,0.0,61.0,200910,1000
climatology,LA-KH,200912,3,52.764233,67.0,0.0,0.0,67.0,200910,1000
climatology,LA-LM,200801,1,0.0,0.0,1.0,1.0,0.0,200801,1000
climatology,LA-LM,200802,2,0.0,0.0,1.0,1.0,0.0,200801,1000
climatology,LA-LM,200803,3,0.0499999999999999,0.0,1.0,1.0,0.0,200801,1000
climatology,LA-LM,200804,1,0.01,0.0,1.0,1.0,0.0,200804,1000
climatology,LA-LM,200805,2,0.0,0.0,1.0,1.0,0.0,200804,1000
climatology,LA-LM,200806,3,0.0,0.0,1.0,1.0,0.0,200804,1000
climatology,LA-LM,200807,1,0.0499999999999999,0.0,1.0,1.0,0.0,200807,1000
climatology,LA-LM,200808,2,0.0299999999999999,0.0,1.0,1.0,0.0,200807,1000
climatology,LA-LM,200809,3,0.0,0.0,1.0,1.0,0.0,200807,1000
climatology,LA-LM,200810,1,0.09,0.0,1.0,1.0,0.0,200810,1000
climatology,LA-LM,200811,2,0.02,0.0,1.0,1.0,0.0,200810,1000
climatology,LA-LM,200812,3,0.0,0.0,1.0,1.0,0.0,200810,1000
climatology,LA-LM,200901,1,0.0,0.0,1.0,1.0,0.0,200901,1000
climatology,LA-LM,200902,2,0.0,0.0,1.0,1.0,0.0,200901,1000
climatology,LA-LM,200903,3,0.041405,0.0,1.0,1.0,0.0,200901,1000
climatology,LA-LM,200904,1,0.826281,1.0,0.0,0.0,1.0,200904,1000
climatology,LA-LM,200905,2,0.0,0.0,1.0,1.0,0.0,200904,1000
climatology,LA-LM,200906,3,2.0,2.0,0.0,0.0,2.0,200904,1000
climatology,LA-LM,200907,1,0.677405,1.0,1.0,0.0,1.0,200907,1000
climatology,LA-LM,200908,2,0.024843,0.0,1.0,1.0,0.0,200907,1000
climatology,LA-LM,200909,3,4.0,4.0,0.0,0.0,4.0,200907,1000
climatology,LA-LM,200910,1,4.164529,5.0,0.0,0.0,5.0,200910,1000
climatology,LA-LM,200911,2,5.652562,6.0,0.0,0.0,6.0,200910,1000
climatology,LA-LM,200912,3,4.0,4.0,0.0,0.0,4.0,200910,1000
climatology,LA-LP,200801,1,0.1999999999999999,0.0,1.0,1.0,0.0,200801,1000
climatology,LA-LP,200802,2,13.92,16.0,0.0,0.0,16.0,200801,1000
climatology,LA-LP,200803,3,20.81,22.0,0.0,0.0,22.0,200801,1000
climatology,LA-LP,200804,1,31.229999999999997,32.5,0.0,0.0,33.0,200804,1000
climatology,LA-LP,200805,2,107.3,113.0,0.0,0.0,116.0,200804,1000
climatology,LA-LP,200806,3,132.97,153.0,0.0,0.0,160.0,200804,1000
climatology,LA-LP,200807,1,10.659999999999998,13.5,1.0,0.0,16.0,200807,1000
climatology,LA-LP,200808,2,12.43,17.0,1.0,1.0,13.0,200807,1000
climatology,LA-LP,200809,3,10.5,12.5,1.0,1.0,14.0,200807,1000
climatology,LA-LP,200810,1,9.55,15.0,1.0,0.0,33.0,200810,1000
climatology,LA-LP,200811,2,103.0,107.0,0.0,0.0,116.0,200810,1000
climatology,LA-LP,200812,3,126.82,158.5,0.0,0.0,161.0,200810,1000
climatology,LA-LP,200901,1,0.16562,0.0,1.0,1.0,0.0,200901,1000
climatology,LA-LP,200902,2,0.5962320000000001,0.0,1.0,1.0,0.0,200901,1000
climatology,LA-LP,200903,3,0.4720169999999997,0.0,1.0,1.0,0.0,200901,1000
climatology,LA-LP,200904,1,0.8104469999999999,1.0,1.0,1.0,0.0,200904,1000
climatology,LA-LP,200905,2,3.589589,3.0,1.0,0.0,0.0,200904,1000
climatology,LA-LP,200906,3,5.813261999999998,0.0,1.0,1.0,9.0,200904,1000
climatology,LA-LP,200907,1,4.452995999999999,2.0,1.0,1.0,30.0,200907,1000
climatology,LA-LP,200908,2,8.377825999999999,2.0,1.0,1.0,32.0,200907,1000
climatology,LA-LP,200909,3,238.358321,292.0,0.0,0.0,313.0,200907,1000
climatology,LA-LP,200910,1,126.23871400000002,147.0,0.0,0.0,165.0,200910,1000
climatology,LA-LP,200911,2,61.383126999999995,78.0,0.0,0.0,87.0,200910,1000
climatology,LA-LP,200912,3,7.821726000000002,3.0,1.0,1.0,0.0,200910,1000
climatology,LA-OU,200801,1,0.0,0.0,1.0,1.0,0.0,200801,1000
climatology,LA-OU,200802,2,0.0,0.0,1.0,1.0,0.0,200801,1000
climatology,LA-OU,200803,3,0.0,0.0,1.0,1.0,0.0,200801,1000
climatology,LA-OU,200804,1,0.0,0.0,1.0,1.0,0.0,200804,1000
climatology,LA-OU,200805,2,0.01,0.0,1.0,1.0,0.0,200804,1000
climatology,LA-OU,200806,3,0.01,0.0,1.0,1.0,0.0,200804,1000
climatology,LA-OU,200807,1,0.04,0.0,1.0,1.0,0.0,200807,1000
climatology,LA-OU,200808,2,0.12,0.0,1.0,1.0,0.0,200807,1000
climatology,LA-OU,200809,3,0.04,0.0,1.0,1.0,0.0,200807,1000
climatology,LA-OU,200810,1,0.0799999999999999,0.0,1.0,1.0,0.0,200810,1000
climatology,LA-OU,200811,2,0.01,0.0,1.0,1.0,0.0,200810,1000
climatology,LA-OU,200812,3,0.0,0.0,1.0,1.0,0.0,200810,1000
climatology,LA-OU,200901,1,0.0,0.0,1.0,1.0,0.0,200901,1000
climatology,LA-OU,200902,2,0.0,0.0,1.0,1.0,0.0,200901,1000
climatology,LA-OU,200903,3,0.0,0.0,1.0,1.0,0.0,200901,1000
climatology,LA-OU,200904,1,0.0,0.0,1.0,1.0,0.0,200904,1000
climatology,LA-OU,200905,2,0.0082809999999999,0.0,1.0,1.0,0.0,200904,1000
climatology,LA-OU,200906,3,0.0082809999999999,0.0,1.0,1.0,0.0,200904,1000
climatology,LA-OU,200907,1,0.0331239999999999,0.0,1.0,1.0,0.0,200907,1000
climatology,LA-OU,200908,2,0.7353719999999999,1.0,1.0,0.0,1.0,200907,1000
climatology,LA-OU,200909,3,14.669124,15.0,0.0,0.0,15.0,200907,1000
climatology,LA-OU,200910,1,4.974247999999999,6.0,0.0,0.0,6.0,200910,1000
climatology,LA-OU,200911,2,12.826281,13.0,0.0,0.0,13.0,200910,1000
climatology,LA-OU,200912,3,18.0,18.0,0.0,0.0,18.0,200910,1000
climatology,LA-PH,200901,1,0.0,0.0,1.0,1.0,0.0,200901,1000
climatology,LA-PH,200902,2,0.0,0.0,1.0,1.0,0.0,200901,1000
climatology,LA-PH,200903,3,0.0,0.0,1.0,1.0,0.0,200901,1000
climatology,LA-PH,200904,1,0.0,0.0,1.0,1.0,0.0,200904,1000
climatology,LA-PH,200905,2,0.0,0.0,1.0,1.0,0.0,200904,1000
climatology,LA-PH,200906,3,0.0,0.0,1.0,1.0,0.0,200904,1000
climatology,LA-PH,200907,1,0.0,0.0,1.0,1.0,0.0,200907,1000
climatology,LA-PH,200909,3,0.04,0.0,1.0,1.0,0.0,200907,1000
climatology,LA-PH,200910,1,0.0,0.0,1.0,1.0,0.0,200910,1000
climatology,LA-PH,200911,2,0.0,0.0,1.0,1.0,0.0,200910,1000
climatology,LA-PH,200912,3,0.0,0.0,1.0,1.0,0.0,200910,1000
climatology,LA-SL,200801,1,0.1099999999999999,0.0,1.0,1.0,0.0,200801,1000
climatology,LA-SL,200802,2,1.0,1.0,0.0,0.0,1.0,200801,1000
climatology,LA-SL,200803,3,4.62,5.0,0.0,0.0,5.0,200801,1000
climatology,LA-SL,200804,1,2.0,2.0,0.0,0.0,2.0,200804,1000
climatology,LA-SL,200805,2,82.75,105.0,0.0,0.0,105.0,200804,1000
climatology,LA-SL,200806,3,206.97,226.0,0.0,0.0,226.0,200804,1000
climatology,LA-SL,200807,1,75.25,77.0,0.0,0.0,78.0,200807,1000
climatology,LA-SL,200808,2,52.45,62.0,0.0,0.0,63.0,200807,1000
climatology,LA-SL,200809,3,76.05,85.0,0.0,0.0,85.0,200807,1000
climatology,LA-SL,200810,1,89.54,91.0,0.0,0.0,91.0,200810,1000
climatology,LA-SL,200811,2,19.16,21.0,0.0,0.0,21.0,200810,1000
climatology,LA-SL,200812,3,5.69,8.0,0.0,0.0,8.0,200810,1000
climatology,LA-SL,200901,1,0.545091,1.0,1.0,1.0,1.0,200901,1000
climatology,LA-SL,200902,2,23.826281,24.0,0.0,0.0,24.0,200901,1000
climatology,LA-SL,200903,3,23.817091,25.0,0.0,0.0,25.0,200901,1000
climatology,LA-SL,200904,1,18.652562,19.0,0.0,0.0,19.0,200904,1000
climatology,LA-SL,200905,2,83.899938,122.0,0.0,0.0,122.0,200904,1000
climatology,LA-SL,200906,3,30.133145000000003,42.0,1.0,0.0,42.0,200904,1000
climatology,LA-SL,200907,1,148.17646399999998,163.0,0.0,0.0,164.0,200907,1000
climatology,LA-SL,200908,2,107.331804,125.0,0.0,0.0,127.0,200907,1000
climatology,LA-SL,200909,3,68.83130799999999,91.0,0.0,0.0,91.0,200907,1000
climatology,LA-SL,200910,1,76.984001,94.0,0.0,0.0,94.0,200910,1000
climatology,LA-SL,200911,2,38.830017000000005,44.0,0.0,0.0,44.0,200910,1000
climatology,LA-SL,200912,3,13.699703,17.0,0.0,0.0,17.0,200910,1000
climatology,LA-SV,200801,1,1.7800000000000002,0.5,1.0,1.0,1.0,200801,1000
climatology,LA-SV,200802,2,0.6200000000000001,0.5,1.0,1.0,1.0,200801,1000
climatology,LA-SV,200803,3,1.42,1.0,1.0,1.0,1.0,200801,1000
climatology,LA-SV,200804,1,6.08,7.0,0.0,0.0,0.0,200804,1000
climatology,LA-SV,200805,2,27.53,36.0,0.0,0.0,1.0,200804,1000
climatology,LA-SV,200806,3,67.57,70.5,1.0,0.0,10.0,200804,1000
climatology,LA-SV,200807,1,150.21999999999997,218.0,1.0,0.0,11.0,200807,1000
climatology,LA-SV,200808,2,140.25,205.0,1.0,0.0,4.0,200807,1000
climatology,LA-SV,200809,3,115.49,178.0,0.0,0.0,2.0,200807,1000
climatology,LA-SV,200810,1,53.19,81.0,1.0,0.0,10.0,200810,1000
climatology,LA-SV,200811,2,12.810000000000002,14.0,1.0,1.0,2.0,200810,1000
climatology,LA-SV,200812,3,8.030000000000001,4.5,1.0,1.0,0.0,200810,1000
climatology,LA-SV,200901,1,1.7460180000000003,1.0,1.0,1.0,0.0,200901,1000
climatology,LA-SV,200902,2,0.6034219999999999,1.0,1.0,1.0,0.0,200901,1000
climatology,LA-SV,200903,3,1.0848110000000002,0.0,1.0,1.0,0.0,200901,1000
climatology,LA-SV,200904,1,5.027028,6.0,1.0,0.0,0.0,200904,1000
climatology,LA-SV,200905,2,23.760858999999996,31.0,0.0,0.0,0.0,200904,1000
climatology,LA-SV,200906,3,63.428528,72.0,0.0,0.0,1.0,200904,1000
climatology,LA-SV,200907,1,123.24315,212.0,1.0,1.0,13.0,200907,1000
climatology,LA-SV,200908,2,102.30625,137.0,1.0,1.0,34.0,200907,1000
climatology,LA-SV,200909,3,77.799763,132.0,1.0,1.0,48.0,200907,1000
climatology,LA-SV,200910,1,41.95170999999999,73.0,1.0,1.0,16.0,200910,1000
climatology,LA-SV,200911,2,12.497231,19.0,1.0,1.0,33.0,200910,1000
climatology,LA-SV,200912,3,6.103097000000002,0.0,1.0,1.0,4.0,200910,1000
climatology,LA-VT,200801,1,10.87,11.0,1.0,1.0,29.0,200801,1000
climatology,LA-VT,200802,2,9.38,14.5,0.0,0.0,12.0,200801,1000
climatology,LA-VT,200803,3,4.52,2.5,1.0,1.0,26.0,200801,1000
climatology,LA-VT,200804,1,36.69,50.0,0.0,0.0,4.0,200804,1000
climatology,LA-VT,200805,2,62.27,92.0,0.0,0.0,17.0,200804,1000
climatology,LA-VT,200806,3,83.00999999999999,93.0,0.0,0.0,60.0,200804,1000
climatology,LA-VT,200807,1,191.24999999999997,247.0,0.0,0.0,132.0,200807,1000
climatology,LA-VT,200808,2,165.86,220.0,0.0,0.0,144.0,200807,1000
climatology,LA-VT,200809,3,113.29999999999998,176.5,1.0,0.0,158.0,200807,1000
climatology,LA-VT,200810,1,129.48000000000002,243.5,0.0,0.0,95.0,200810,1000
climatology,LA-VT,200811,2,36.84,40.5,1.0,1.0,129.0,200810,1000
climatology,LA-VT,200812,3,17.979999999999997,8.0,1.0,1.0,91.0,200810,1000
climatology,LA-VT,200901,1,7.815081999999997,2.0,1.0,1.0,38.0,200901,1000
climatology,LA-VT,200902,2,3.934482,6.0,1.0,1.0,20.0,200901,1000
climatology,LA-VT,200903,3,7.282829999999999,9.0,1.0,0.0,19.0,200901,1000
climatology,LA-VT,200904,1,9.680054000000002,20.0,1.0,1.0,33.0,200904,1000
climatology,LA-VT,200905,2,27.720475,55.0,1.0,1.0,54.0,200904,1000
climatology,LA-VT,200906,3,38.075081999999995,45.0,1.0,0.0,104.0,200904,1000
climatology,LA-VT,200907,1,86.36204900000001,46.0,1.0,1.0,302.0,200907,1000
climatology,LA-VT,200908,2,101.891894,104.0,1.0,1.0,356.0,200907,1000
climatology,LA-VT,200909,3,112.384425,153.0,1.0,1.0,470.0,200907,1000
climatology,LA-VT,200910,1,145.485435,277.0,0.0,0.0,527.0,200910,1000
climatology,LA-VT,200911,2,297.66520299999996,381.0,0.0,0.0,521.0,200910,1000
climatology,LA-VT,200912,3,224.551238,275.0,0.0,0.0,366.0,200910,1000
climatology,LA-XA,200801,1,0.17,0.0,1.0,1.0,0.0,200801,1000
climatology,LA-XA,200802,2,0.9500000000000002,0.0,1.0,1.0,0.0,200801,1000
climatology,LA-XA,200803,3,0.7399999999999998,0.5,1.0,1.0,0.0,200801,1000
climatology,LA-XA,200804,1,3.460000000000001,2.5,0.0,0.0,0.0,200804,1000
climatology,LA-XA,200805,2,5.659999999999997,0.5,1.0,1.0,2.0,200804,1000
climatology,LA-XA,200806,3,14.03,1.5,1.0,1.0,6.0,200804,1000
climatology,LA-XA,200807,1,24.69,49.0,1.0,1.0,19.0,200807,1000
climatology,LA-XA,200808,2,9.729999999999997,8.0,1.0,1.0,7.0,200807,1000
climatology,LA-XA,200809,3,4.75,2.0,1.0,0.0,1.0,200807,1000
climatology,LA-XA,200810,1,1.5699999999999994,1.0,1.0,1.0,3.0,200810,1000
climatology,LA-XA,200811,2,1.83,1.5,1.0,0.0,2.0,200810,1000
climatology,LA-XA,200812,3,1.9600000000000009,1.0,1.0,1.0,1.0,200810,1000
climatology,LA-XA,200901,1,0.1407769999999999,0.0,1.0,1.0,0.0,200901,1000
climatology,LA-XA,200902,2,0.7866949999999999,0.0,1.0,1.0,0.0,200901,1000
climatology,LA-XA,200903,3,0.6127940000000001,0.0,1.0,1.0,0.0,200901,1000
climatology,LA-XA,200904,1,2.8624980000000004,2.0,1.0,0.0,0.0,200904,1000
climatology,LA-XA,200905,2,4.777046000000006,1.0,1.0,1.0,1.0,200904,1000
climatology,LA-XA,200906,3,13.430243,8.0,1.0,1.0,14.0,200904,1000
climatology,LA-XA,200907,1,22.570512,55.0,1.0,1.0,11.0,200907,1000
climatology,LA-XA,200908,2,13.305413,30.0,1.0,1.0,37.0,200907,1000
climatology,LA-XA,200909,3,6.654747,8.0,1.0,1.0,11.0,200907,1000
climatology,LA-XA,200910,1,2.0250260000000004,3.0,1.0,1.0,5.0,200910,1000
climatology,LA-XA,200911,2,3.421968000000001,4.0,1.0,0.0,5.0,200910,1000
climatology,LA-XA,200912,3,1.5319850000000006,0.0,1.0,1.0,0.0,200910,1000
climatology,LA-XE,200801,1,0.09,0.0,1.0,1.0,0.0,200801,1000
climatology,LA-XE,200802,2,0.12,0.0,1.0,1.0,0.0,200801,1000
climatology,LA-XE,200803,3,0.0,0.0,1.0,1.0,0.0,200801,1000
climatology,LA-XE,200804,1,0.0246419999999999,0.0,1.0,1.0,0.0,200804,1000
climatology,LA-XE,200805,2,0.08,0.0,1.0,1.0,0.0,200804,1000
climatology,LA-XE,200806,3,3.15,4.5,0.0,0.0,5.0,200804,1000
climatology,LA-XE,200807,1,0.4000000000000001,0.0,1.0,1.0,0.0,200807,1000
climatology,LA-XE,200808,2,0.1899999999999999,0.0,1.0,1.0,0.0,200807,1000
climatology,LA-XE,200809,3,0.6699999999999999,1.0,1.0,1.0,1.0,200807,1000
climatology,LA-XE,200810,1,0.5599999999999998,0.5,1.0,1.0,0.0,200810,1000
climatology,LA-XE,200811,2,0.0246419999999999,0.0,1.0,1.0,0.0,200810,1000
climatology,LA-XE,200812,3,0.790321,1.0,1.0,0.0,1.0,200810,1000
climatology,LA-XE,200901,1,0.074529,0.0,1.0,1.0,0.0,200901,1000
climatology,LA-XE,200902,2,1.371372,2.0,1.0,0.0,2.0,200901,1000
climatology,LA-XE,200903,3,2.0,2.0,0.0,0.0,2.0,200901,1000
climatology,LA-XE,200904,1,0.8200000000000001,1.0,0.0,0.0,1.0,200904,1000
climatology,LA-XE,200905,2,1.338248,2.0,1.0,0.0,2.0,200904,1000
climatology,LA-XE,200906,3,6.6023309999999995,8.0,0.0,0.0,9.0,200904,1000
climatology,LA-XE,200907,1,26.41924,29.0,0.0,0.0,29.0,200907,1000
climatology,LA-XE,200908,2,25.883339,27.0,0.0,0.0,27.0,200907,1000
climatology,LA-XE,200909,3,4.097554,6.0,0.0,0.0,6.0,200907,1000
climatology,LA-XE,200910,1,4.551736,7.0,0.0,0.0,7.0,200910,1000
climatology,LA-XE,200911,2,2.6199999999999997,3.0,0.0,0.0,3.0,200910,1000
climatology,LA-XE,200912,3,6.64,7.0,0.0,0.0,7.0,200910,1000
climatology,LA-XI,200801,1,0.0,0.0,1.0,1.0,0.0,200801,1000
climatology,LA-XI,200802,2,0.0,0.0,1.0,1.0,0.0,200801,1000
climatology,LA-XI,200803,3,0.0,0.0,1.0,1.0,0.0,200801,1000
climatology,LA-XI,200804,1,0.0,0.0,1.0,1.0,0.0,200804,1000
climatology,LA-XI,200805,2,0.0,0.0,1.0,1.0,0.0,200804,1000
climatology,LA-XI,200806,3,1.0,1.0,0.0,0.0,1.0,200804,1000
climatology,LA-XI,200807,1,0.0,0.0,1.0,1.0,0.0,200807,1000
climatology,LA-XI,200808,2,0.02,0.0,1.0,1.0,0.0,200807,1000
climatology,LA-XI,200809,3,0.01,0.0,1.0,1.0,0.0,200807,1000
climatology,LA-XI,200810,1,0.0,0.0,1.0,1.0,0.0,200810,1000
climatology,LA-XI,200811,2,0.01,0.0,1.0,1.0,0.0,200810,1000
climatology,LA-XI,200812,3,0.0,0.0,1.0,1.0,0.0,200810,1000
climatology,LA-XI,200901,1,0.0,0.0,1.0,1.0,0.0,200901,1000
climatology,LA-XI,200902,2,0.0,0.0,1.0,1.0,0.0,200901,1000
climatology,LA-XI,200903,3,0.0,0.0,1.0,1.0,0.0,200901,1000
climatology,LA-XI,200904,1,0.0,0.0,1.0,1.0,0.0,200904,1000
climatology,LA-XI,200905,2,39.0,39.0,0.0,0.0,39.0,200904,1000
climatology,LA-XI,200906,3,32.826281,33.0,0.0,0.0,33.0,200904,1000
climatology,LA-XI,200907,1,1.0,1.0,0.0,0.0,1.0,200907,1000
climatology,LA-XI,200908,2,9.652562,10.0,0.0,0.0,10.0,200907,1000
climatology,LA-XI,200909,3,0.0082809999999999,0.0,1.0,1.0,0.0,200907,1000
climatology,LA-XI,200910,1,0.0,0.0,1.0,1.0,0.0,200910,1000
climatology,LA-XI,200911,2,0.0082809999999999,0.0,1.0,1.0,0.0,200910,1000
climatology,LA-XI,200912,3,0.0,0.0,1.0,1.0,0.0,200910,1000
ensemble,LA-AT,200801,1,3.241579,4.0,0.0,0.0,4.0,200801,1000
ensemble,LA-AT,200802,2,1.475973,2.0,1.0,0.0,2.0,200801,1000
ensemble,LA-AT,200803,3,0.0495149999999999,0.0,1.0,1.0,0.0,200801,1000
ensemble,LA-AT,200804,1,0.0980080000000001,0.0,1.0,1.0,0.0,200804,1000
ensemble,LA-AT,200805,2,3.015376,4.0,0.0,0.0,4.0,200804,1000
ensemble,LA-AT,200806,3,8.068203,10.0,0.0,0.0,10.0,200804,1000
ensemble,LA-AT,200807,1,2.5258480000000003,5.0,1.0,1.0,6.0,200807,1000
ensemble,LA-AT,200808,2,5.066772,10.0,0.0,0.0,11.0,200807,1000
ensemble,LA-AT,200809,3,15.417986,23.0,0.0,0.0,24.0,200807,1000
ensemble,LA-AT,200810,1,32.163998,47.0,0.0,0.0,47.0,200810,1000
ensemble,LA-AT,200811,2,30.812565999999997,43.0,0.0,0.0,43.0,200810,1000
ensemble,LA-AT,200812,3,12.046259999999998,23.0,1.0,0.0,23.0,200810,1000
ensemble,LA-AT,200901,1,9.581893999999998,18.0,1.0,1.0,18.0,200901,1000
ensemble,LA-AT,200902,2,35.003586,46.0,0.0,0.0,46.0,200901,1000
ensemble,LA-AT,200903,3,65.482339,77.0,0.0,0.0,77.0,200901,1000
ensemble,LA-AT,200904,1,63.851991000000005,99.0,0.0,0.0,99.0,200904,1000
ensemble,LA-AT,200905,2,5.397920000000001,0.0,1.0,1.0,0.0,200904,1000
ensemble,LA-AT,200906,3,14.353342,24.0,1.0,1.0,24.0,200904,1000
ensemble,LA-AT,200907,1,50.100723,63.0,0.0,0.0,64.0,200907,1000
ensemble,LA-AT,200908,2,9.625747999999998,20.0,1.0,1.0,21.0,200907,1000
ensemble,LA-AT,200909,3,6.518233,15.0,1.0,1.0,17.0,200907,1000
ensemble,LA-AT,200910,1,3.2108179999999997,3.0,1.0,1.0,4.0,200910,1000
ensemble,LA-AT,200911,2,6.89691,16.0,1.0,1.0,16.0,200910,1000
ensemble,LA-AT,200912,3,3.4367600000000005,6.0,1.0,1.0,6.0,200910,1000
ensemble,LA-BK,200801,1,0.651396,1.0,1.0,0.0,1.0,200801,1000
ensemble,LA-BK,200802,2,0.0652369999999999,0.0,1.0,1.0,0.0,200801,1000
ensemble,LA-BK,200803,3,0.0782649999999999,0.0,1.0,1.0,0.0,200801,1000
ensemble,LA-BK,200804,1,0.0767419999999999,0.0,1.0,1.0,0.0,200804,1000
ensemble,LA-BK,200805,2,10.487188,12.0,0.0,0.0,12.0,200804,1000
ensemble,LA-BK,200806,3,50.859135,53.0,0.0,0.0,53.0,200804,1000
ensemble,LA-BK,200807,1,4.113639999999998,0.0,1.0,1.0,2.0,200807,1000
ensemble,LA-BK,200808,2,6.368962999999999,8.0,1.0,1.0,9.0,200807,1000
ensemble,LA-BK,200809,3,17.031405,32.0,1.0,1.0,33.0,200807,1000
ensemble,LA-BK,200810,1,31.062132000000005,46.0,0.0,0.0,48.0,200810,1000
ensemble,LA-BK,200811,2,39.361528,55.0,0.0,0.0,55.0,200810,1000
ensemble,LA-BK,200812,3,4.048108999999999,5.0,1.0,1.0,5.0,200810,1000
ensemble,LA-BK,200901,1,0.6986380000000001,1.0,1.0,1.0,1.0,200901,1000
ensemble,LA-BK,200902,2,0.4984199999999998,0.0,1.0,1.0,0.0,200901,1000
ensemble,LA-BK,200903,3,0.7044599999999999,1.0,1.0,1.0,1.0,200901,1000
ensemble,LA-BK,200904,1,2.0074379999999996,3.0,0.0,0.0,3.0,200904,1000
ensemble,LA-BK,200905,2,70.56519300000001,74.0,0.0,0.0,74.0,200904,1000
ensemble,LA-BK,200906,3,205.034876,215.0,0.0,0.0,216.0,200904,1000
ensemble,LA-BK,200907,1,117.281896,210.0,1.0,0.0,212.0,200907,1000
ensemble,LA-BK,200908,2,64.62907100000001,108.0,1.0,1.0,110.0,200907,1000
ensemble,LA-BK,200909,3,34.615536999999996,50.0,1.0,1.0,52.0,200907,1000
ensemble,LA-BK,200910,1,14.878825,29.0,1.0,1.0,31.0,200910,1000
ensemble,LA-BK,200911,2,6.056137,5.0,1.0,1.0,5.0,200910,1000
ensemble,LA-BK,200912,3,4.7198660000000014,4.0,1.0,1.0,4.0,200910,1000
ensemble,LA-BL,200801,1,4.892064999999999,8.0,1.0,0.0,10.0,200801,1000
ensemble,LA-BL,200802,2,3.0269459999999997,5.0,1.0,1.0,7.0,200801,1000
ensemble,LA-BL,200803,3,2.414910000000001,2.0,1.0,1.0,1.0,200801,1000
ensemble,LA-BL,200804,1,2.5873620000000006,1.0,1.0,1.0,3.0,200804,1000
ensemble,LA-BL,200805,2,6.084135,6.0,1.0,1.0,15.0,200804,1000
ensemble,LA-BL,200806,3,7.746043,1.0,1.0,1.0,19.0,200804,1000
ensemble,LA-BL,200807,1,12.397459000000003,2.0,1.0,1.0,31.0,200807,1000
ensemble,LA-BL,200808,2,12.625806000000004,1.0,1.0,1.0,32.0,200807,1000
ensemble,LA-BL,200809,3,11.848669,2.0,1.0,1.0,30.0,200807,1000
ensemble,LA-BL,200810,1,11.988208,19.0,1.0,0.0,5.0,200810,1000
ensemble,LA-BL,200811,2,5.984430999999999,3.0,1.0,1.0,12.0,200810,1000
ensemble,LA-BL,200812,3,4.426971,3.0,1.0,1.0,1.0,200810,1000
ensemble,LA-BL,200901,1,1.3197679999999998,0.0,1.0,1.0,2.0,200901,1000
ensemble,LA-BL,200902,2,1.4715929999999997,1.0,1.0,1.0,3.0,200901,1000
ensemble,LA-BL,200903,3,2.053401000000001,2.0,1.0,1.0,0.0,200901,1000
ensemble,LA-BL,200904,1,2.114692,1.0,1.0,1.0,2.0,200904,1000
ensemble,LA-BL,200905,2,7.674250000000001,9.0,1.0,0.0,0.0,200904,1000
ensemble,LA-BL,200906,3,8.087463999999997,9.0,1.0,1.0,7.0,200904,1000
ensemble,LA-BL,200907,1,13.130278000000004,4.5,1.0,1.0,35.0,200907,1000
ensemble,LA-BL,200908,2,14.676631,18.5,1.0,1.0,9.0,200907,1000
ensemble,LA-BL,200909,3,15.905724,22.0,1.0,0.0,0.0,200907,1000
ensemble,LA-BL,200910,1,7.458556999999999,8.5,1.0,1.0,1.0,200910,1000
ensemble,LA-BL,200911,2,5.571399000000001,8.0,1.0,1.0,2.0,200910,1000
ensemble,LA-BL,200912,3,2.5095709999999993,1.0,1.0,1.0,1.0,200910,1000
ensemble,LA-CH,200801,1,32.206873,61.0,1.0,0.0,73.0,200801,1000
ensemble,LA-CH,200802,2,46.140649,85.0,1.0,0.0,90.0,200801,1000
ensemble,LA-CH,200803,3,44.755998000000005,80.0,1.0,0.0,92.0,200801,1000
ensemble,LA-CH,200804,1,23.638215,46.0,1.0,1.0,69.0,200804,1000
ensemble,LA-CH,200805,2,40.72967600000001,71.0,1.0,0.0,113.0,200804,1000
ensemble,LA-CH,200806,3,140.936691,216.0,1.0,0.0,295.0,200804,1000
ensemble,LA-CH,200807,1,52.41287600000001,34.0,1.0,1.0,162.0,200807,1000
ensemble,LA-CH,200808,2,56.43036700000002,6.0,1.0,1.0,143.0,200807,1000
ensemble,LA-CH,200809,3,56.384881999999976,55.0,1.0,1.0,185.0,200807,1000
ensemble,LA-CH,200810,1,37.734048999999985,46.0,1.0,1.0,140.0,200810,1000
ensemble,LA-CH,200811,2,36.149662000000006,63.0,1.0,1.0,102.0,200810,1000
ensemble,LA-CH,200812,3,32.889178,50.0,1.0,1.0,73.0,200810,1000
ensemble,LA-CH,200901,1,12.840968999999998,19.0,1.0,1.0,31.0,200901,1000
ensemble,LA-CH,200902,2,19.384294000000004,41.5,1.0,1.0,48.0,200901,1000
ensemble,LA-CH,200903,3,23.444676,48.0,1.0,1.0,60.0,200901,1000
ensemble,LA-CH,200904,1,48.86010100000001,81.0,0.0,0.0,102.0,200904,1000
ensemble,LA-CH,200905,2,21.23617,22.0,1.0,1.0,66.0,200904,1000
ensemble,LA-CH,200906,3,43.2199,65.0,1.0,1.0,124.0,200904,1000
ensemble,LA-CH,200907,1,35.14963900000001,3.0,1.0,1.0,122.0,200907,1000
ensemble,LA-CH,200908,2,36.041673,4.0,1.0,1.0,110.0,200907,1000
ensemble,LA-CH,200909,3,34.011730000000014,11.0,1.0,1.0,105.0,200907,1000
ensemble,LA-CH,200910,1,23.964771000000013,21.5,1.0,1.0,59.0,200910,1000
ensemble,LA-CH,200911,2,18.800192999999993,3.0,1.0,1.0,35.0,200910,1000
ensemble,LA-CH,200912,3,18.674213,7.0,1.0,1.0,32.0,200910,1000
ensemble,LA-HO,200801,1,0.1479749999999999,0.0,1.0,1.0,0.0,200801,1000
ensemble,LA-HO,200802,2,0.1446109999999999,0.0,1.0,1.0,0.0,200801,1000
ensemble,LA-HO,200803,3,0.163348,0.0,1.0,1.0,0.0,200801,1000
ensemble,LA-HO,200804,1,0.0688829999999999,0.0,1.0,1.0,0.0,200804,1000
ensemble,LA-HO,200805,2,0.041293,0.0,1.0,1.0,0.0,200804,1000
ensemble,LA-HO,200806,3,0.099602,0.0,1.0,1.0,0.0,200804,1000
ensemble,LA-HO,200807,1,0.1677740000000001,0.0,1.0,1.0,0.0,200807,1000
ensemble,LA-HO,200808,2,0.07821,0.0,1.0,1.0,0.0,200807,1000
ensemble,LA-HO,200809,3,0.6623800000000001,1.0,1.0,0.0,1.0,200807,1000
ensemble,LA-HO,200810,1,0.1868009999999998,0.0,1.0,1.0,0.0,200810,1000
ensemble,LA-HO,200811,2,0.1494849999999999,0.0,1.0,1.0,0.0,200810,1000
ensemble,LA-HO,200812,3,0.4012679999999998,1.0,1.0,1.0,1.0,200810,1000
ensemble,LA-HO,200901,1,0.1647509999999999,0.0,1.0,1.0,0.0,200901,1000
ensemble,LA-HO,200902,2,0.1461829999999999,0.0,1.0,1.0,0.0,200901,1000
ensemble,LA-HO,200903,3,0.1601669999999999,0.0,1.0,1.0,0.0,200901,1000
ensemble,LA-HO,200904,1,0.0620439999999999,0.0,1.0,1.0,0.0,200904,1000
ensemble,LA-HO,200905,2,0.0513049999999999,0.0,1.0,1.0,0.0,200904,1000
ensemble,LA-HO,200906,3,0.086619,0.0,1.0,1.0,0.0,200904,1000
ensemble,LA-HO,200907,1,0.1379369999999999,0.0,1.0,1.0,0.0,200907,1000
ensemble,LA-HO,200908,2,0.096914,0.0,1.0,1.0,0.0,200907,1000
ensemble,LA-HO,200909,3,0.619129,1.0,1.0,1.0,1.0,200907,1000
ensemble,LA-HO,200910,1,0.4106869999999999,1.0,1.0,1.0,1.0,200910,1000
ensemble,LA-HO,200911,2,0.452588,1.0,1.0,1.0,1.0,200910,1000
ensemble,LA-HO,200912,3,0.3748819999999999,1.0,1.0,1.0,1.0,200910,1000
ensemble,LA-KH,200801,1,0.8767670000000001,0.0,1.0,1.0,0.0,200801,1000
ensemble,LA-KH,200802,2,0.6233489999999993,0.0,1.0,1.0,0.0,200801,1000
ensemble,LA-KH,200803,3,0.482888,0.0,1.0,1.0,0.0,200801,1000
ensemble,LA-KH,200804,1,0.6087899999999999,0.0,1.0,1.0,0.0,200804,1000
ensemble,LA-KH,200805,2,2.296721,0.0,1.0,1.0,0.0,200804,1000
ensemble,LA-KH,200806,3,5.252074,0.0,1.0,1.0,1.0,200804,1000
ensemble,LA-KH,200807,1,10.209626,0.0,1.0,1.0,3.0,200807,1000
ensemble,LA-KH,200808,2,12.201071999999996,5.0,1.0,1.0,0.0,200807,1000
ensemble,LA-KH,200809,3,6.050624999999997,2.0,1.0,1.0,4.0,200807,1000
ensemble,LA-KH,200810,1,3.8944209999999977,3.0,1.0,1.0,1.0,200810,1000
ensemble,LA-KH,200811,2,1.8405500000000004,0.0,1.0,1.0,3.0,200810,1000
ensemble,LA-KH,200812,3,2.2690610000000007,3.0,1.0,1.0,4.0,200810,1000
ensemble,LA-KH,200901,1,1.2010940000000003,0.0,1.0,1.0,0.0,200901,1000
ensemble,LA-KH,200902,2,0.8881970000000008,0.0,1.0,1.0,0.0,200901,1000
ensemble,LA-KH,200903,3,3.336730999999999,6.0,1.0,0.0,6.0,200901,1000
ensemble,LA-KH,200904,1,1.3910349999999996,0.0,1.0,1.0,0.0,200904,1000
ensemble,LA-KH,200905,2,3.146447,3.0,1.0,1.0,6.0,200904,1000
ensemble,LA-KH,200906,3,49.678116,74.0,1.0,0.0,80.0,200904,1000
ensemble,LA-KH,200907,1,81.21347999999999,131.0,1.0,0.0,155.0,200907,1000
ensemble,LA-KH,200908,2,200.089524,266.0,0.0,0.0,303.0,200907,1000
ensemble,LA-KH,200909,3,193.208642,263.0,0.0,0.0,277.0,200907,1000
ensemble,LA-KH,200910,1,44.13972,73.0,1.0,1.0,85.0,200910,1000
ensemble,LA-KH,200911,2,38.011667,57.0,1.0,1.0,61.0,200910,1000
ensemble,LA-KH,200912,3,41.104783999999995,65.0,1.0,1.0,67.0,200910,1000
ensemble,LA-LM,200801,1,0.035444,0.0,1.0,1.0,0.0,200801,1000
ensemble,LA-LM,200802,2,0.0426459999999999,0.0,1.0,1.0,0.0,200801,1000
ensemble,LA-LM,200803,3,0.056278,0.0,1.0,1.0,0.0,200801,1000
ensemble,LA-LM,200804,1,0.0457199999999999,0.0,1.0,1.0,0.0,200804,1000
ensemble,LA-LM,200805,2,0.043388,0.0,1.0,1.0,0.0,200804,1000
ensemble,LA-LM,200806,3,0.0527889999999999,0.0,1.0,1.0,0.0,200804,1000
ensemble,LA-LM,200807,1,0.087036,0.0,1.0,1.0,0.0,200807,1000
ensemble,LA-LM,200808,2,0.0932,0.0,1.0,1.0,0.0,200807,1000
ensemble,LA-LM,200809,3,0.0775130000000001,0.0,1.0,1.0,0.0,200807,1000
ensemble,LA-LM,200810,1,0.1288279999999999,0.0,1.0,1.0,0.0,200810,1000
ensemble,LA-LM,200811,2,0.0744049999999999,0.0,1.0,1.0,0.0,200810,1000
ensemble,LA-LM,200812,3,0.041362,0.0,1.0,1.0,0.0,200810,1000
ensemble,LA-LM,200901,1,0.034032,0.0,1.0,1.0,0.0,200901,1000
ensemble,LA-LM,200902,2,0.0506539999999999,0.0,1.0,1.0,0.0,200901,1000
ensemble,LA-LM,200903,3,0.0558239999999999,0.0,1.0,1.0,0.0,200901,1000
ensemble,LA-LM,200904,1,0.76352,1.0,1.0,0.0,1.0,200904,1000
ensemble,LA-LM,200905,2,0.0408699999999999,0.0,1.0,1.0,0.0,200904,1000
ensemble,LA-LM,200906,3,1.567252,2.0,1.0,0.0,2.0,200904,1000
ensemble,LA-LM,200907,1,0.4762789999999999,1.0,1.0,1.0,1.0,200907,1000
ensemble,LA-LM,200908,2,0.336012,0.0,1.0,1.0,0.0,200907,1000
ensemble,LA-LM,200909,3,2.574184,4.0,0.0,0.0,4.0,200907,1000
ensemble,LA-LM,200910,1,2.575623,5.0,0.0,0.0,5.0,200910,1000
ensemble,LA-LM,200911,2,3.516005,6.0,0.0,0.0,6.0,200910,1000
ensemble,LA-LM,200912,3,1.874819,4.0,1.0,1.0,4.0,200910,1000
ensemble,LA-LP,200801,1,1.0758200000000002,1.0,1.0,1.0,0.0,200801,1000
ensemble,LA-LP,200802,2,10.893968,16.0,0.0,0.0,16.0,200801,1000
ensemble,LA-LP,200803,3,15.878301,21.0,0.0,0.0,22.0,200801,1000
ensemble,LA-LP,200804,1,19.477829,31.0,0.0,0.0,33.0,200804,1000
ensemble,LA-LP,200805,2,92.529987,111.0,0.0,0.0,116.0,200804,1000
ensemble,LA-LP,200806,3,123.29387,151.0,0.0,0.0,160.0,200804,1000
ensemble,LA-LP,200807,1,20.305128000000003,15.5,1.0,1.0,16.0,200807,1000
ensemble,LA-LP,200808,2,21.127731999999995,17.0,1.0,1.0,13.0,200807,1000
ensemble,LA-LP,200809,3,18.636700000000005,12.0,1.0,1.0,14.0,200807,1000
ensemble,LA-LP,200810,1,12.665532,19.0,1.0,0.0,33.0,200810,1000
ensemble,LA-LP,200811,2,89.63860199999999,107.0,0.0,0.0,116.0,200810,1000
ensemble,LA-LP,200812,3,136.136407,158.0,0.0,0.0,161.0,200810,1000
ensemble,LA-LP,200901,1,10.812440000000002,2.0,1.0,1.0,0.0,200901,1000
ensemble,LA-LP,200902,2,10.843487000000003,2.0,1.0,1.0,0.0,200901,1000
ensemble,LA-LP,200903,3,11.510833000000003,2.0,1.0,1.0,0.0,200901,1000
ensemble,LA-LP,200904,1,1.072489,1.0,1.0,1.0,0.0,200904,1000
ensemble,LA-LP,200905,2,2.283931000000001,2.0,1.0,1.0,0.0,200904,1000
ensemble,LA-LP,200906,3,4.7245729999999995,4.0,1.0,1.0,9.0,200904,1000
ensemble,LA-LP,200907,1,9.615247999999998,14.5,1.0,1.0,30.0,200907,1000
ensemble,LA-LP,200908,2,11.339742,20.0,1.0,1.0,32.0,200907,1000
ensemble,LA-LP,200909,3,260.022894,301.0,0.0,0.0,313.0,200907,1000
ensemble,LA-LP,200910,1,81.83460699999999,146.0,1.0,1.0,165.0,200910,1000
ensemble,LA-LP,200911,2,49.73212899999999,75.0,1.0,1.0,87.0,200910,1000
ensemble,LA-LP,200912,3,27.072482000000008,5.0,1.0,0.0,0.0,200910,1000
ensemble,LA-OU,200801,1,0.049564,0.0,1.0,1.0,0.0,200801,1000
ensemble,LA-OU,200802,2,0.0379969999999999,0.0,1.0,1.0,0.0,200801,1000
ensemble,LA-OU,200803,3,0.043152,0.0,1.0,1.0,0.0,200801,1000
ensemble,LA-OU,200804,1,0.049358,0.0,1.0,1.0,0.0,200804,1000
ensemble,LA-OU,200805,2,0.0476659999999999,0.0,1.0,1.0,0.0,200804,1000
ensemble,LA-OU,200806,3,0.0758929999999999,0.0,1.0,1.0,0.0,200804,1000
ensemble,LA-OU,200807,1,0.0876929999999999,0.0,1.0,1.0,0.0,200807,1000
ensemble,LA-OU,200808,2,0.1192189999999999,0.0,1.0,1.0,0.0,200807,1000
ensemble,LA-OU,200809,3,0.094623,0.0,1.0,1.0,0.0,200807,1000
ensemble,LA-OU,200810,1,0.083909,0.0,1.0,1.0,0.0,200810,1000
ensemble,LA-OU,200811,2,0.056686,0.0,1.0,1.0,0.0,200810,1000
ensemble,LA-OU,200812,3,0.045463,0.0,1.0,1.0,0.0,200810,1000
ensemble,LA-OU,200901,1,0.0391909999999999,0.0,1.0,1.0,0.0,200901,1000
ensemble,LA-OU,200902,2,0.039887,0.0,1.0,1.0,0.0,200901,1000
ensemble,LA-OU,200903,3,0.0481989999999999,0.0,1.0,1.0,0.0,200901,1000
ensemble,LA-OU,200904,1,0.0573529999999999,0.0,1.0,1.0,0.0,200904,1000
ensemble,LA-OU,200905,2,0.0602319999999999,0.0,1.0,1.0,0.0,200904,1000
ensemble,LA-OU,200906,3,0.067288,0.0,1.0,1.0,0.0,200904,1000
ensemble,LA-OU,200907,1,0.096033,0.0,1.0,1.0,0.0,200907,1000
ensemble,LA-OU,200908,2,0.662165,1.0,1.0,0.0,1.0,200907,1000
ensemble,LA-OU,200909,3,13.335621,15.0,0.0,0.0,15.0,200907,1000
ensemble,LA-OU,200910,1,3.2037980000000004,6.0,1.0,1.0,6.0,200910,1000
ensemble,LA-OU,200911,2,6.624625999999999,13.0,1.0,1.0,13.0,200910,1000
ensemble,LA-OU,200912,3,10.553083,18.0,0.0,0.0,18.0,200910,1000
ensemble,LA-PH,200901,1,0.030474,0.0,1.0,1.0,0.0,200901,1000
ensemble,LA-PH,200902,2,0.032641,0.0,1.0,1.0,0.0,200901,1000
ensemble,LA-PH,200903,3,0.031645,0.0,1.0,1.0,0.0,200901,1000
ensemble,LA-PH,200904,1,0.0333939999999999,0.0,1.0,1.0,0.0,200904,1000
ensemble,LA-PH,200905,2,0.039991,0.0,1.0,1.0,0.0,200904,1000
ensemble,LA-PH,200906,3,0.042788,0.0,1.0,1.0,0.0,200904,1000
ensemble,LA-PH,200907,1,0.042937,0.0,1.0,1.0,0.0,200907,1000
ensemble,LA-PH,200909,3,0.0453379999999999,0.0,1.0,1.0,0.0,200907,1000
ensemble,LA-PH,200910,1,0.0362899999999999,0.0,1.0,1.0,0.0,200910,1000
ensemble,LA-PH,200911,2,0.0323179999999999,0.0,1.0,1.0,0.0,200910,1000
ensemble,LA-PH,200912,3,0.0305689999999999,0.0,1.0,1.0,0.0,200910,1000
ensemble,LA-SL,200801,1,0.8555130000000002,0.0,1.0,1.0,0.0,200801,1000
ensemble,LA-SL,200802,2,0.9881339999999996,1.0,1.0,1.0,1.0,200801,1000
ensemble,LA-SL,200803,3,2.357261,5.0,1.0,1.0,5.0,200801,1000
ensemble,LA-SL,200804,1,1.102675,2.0,1.0,1.0,2.0,200804,1000
ensemble,LA-SL,200805,2,87.343743,104.0,0.0,0.0,105.0,200804,1000
ensemble,LA-SL,200806,3,206.495267,224.0,0.0,0.0,226.0,200804,1000
ensemble,LA-SL,200807,1,46.272723000000006,75.0,1.0,1.0,78.0,200807,1000
ensemble,LA-SL,200808,2,37.54272999999999,57.0,1.0,1.0,63.0,200807,1000
ensemble,LA-SL,200809,3,45.964134,80.0,1.0,1.0,85.0,200807,1000
ensemble,LA-SL,200810,1,44.599248,90.0,0.0,0.0,91.0,200810,1000
ensemble,LA-SL,200811,2,13.626740000000002,20.0,1.0,1.0,21.0,200810,1000
ensemble,LA-SL,200812,3,8.562793,7.0,1.0,1.0,8.0,200810,1000
ensemble,LA-SL,200901,1,1.164752,1.0,1.0,1.0,1.0,200901,1000
ensemble,LA-SL,200902,2,17.875108,24.0,0.0,0.0,24.0,200901,1000
ensemble,LA-SL,200903,3,18.890931,25.0,0.0,0.0,25.0,200901,1000
ensemble,LA-SL,200904,1,9.259066,19.0,1.0,1.0,19.0,200904,1000
ensemble,LA-SL,200905,2,87.782326,119.0,0.0,0.0,122.0,200904,1000
ensemble,LA-SL,200906,3,22.087273,39.0,1.0,0.0,42.0,200904,1000
ensemble,LA-SL,200907,1,117.15694200000002,159.0,0.0,0.0,164.0,200907,1000
ensemble,LA-SL,200908,2,84.017695,121.0,0.0,0.0,127.0,200907,1000
ensemble,LA-SL,200909,3,53.428115000000005,86.0,0.0,0.0,91.0,200907,1000
ensemble,LA-SL,200910,1,40.322631,91.0,0.0,0.0,94.0,200910,1000
ensemble,LA-SL,200911,2,22.511011,43.0,1.0,1.0,44.0,200910,1000
ensemble,LA-SL,200912,3,12.304498000000002,16.0,1.0,1.0,17.0,200910,1000
ensemble,LA-SV,200801,1,3.1730730000000023,0.0,1.0,1.0,1.0,200801,1000
ensemble,LA-SV,200802,2,2.045256000000002,0.0,1.0,1.0,1.0,200801,1000
ensemble,LA-SV,200803,3,2.9476599999999955,0.5,1.0,1.0,1.0,200801,1000
ensemble,LA-SV,200804,1,5.094560999999999,4.0,1.0,1.0,0.0,200804,1000
ensemble,LA-SV,200805,2,13.572378999999998,9.5,1.0,1.0,1.0,200804,1000
ensemble,LA-SV,200806,3,20.76060600000001,6.0,1.0,1.0,10.0,200804,1000
ensemble,LA-SV,200807,1,47.92565800000003,25.0,1.0,1.0,11.0,200807,1000
ensemble,LA-SV,200808,2,38.91890600000002,19.0,1.0,1.0,4.0,200807,1000
ensemble,LA-SV,200809,3,38.085549000000015,24.0,1.0,1.0,2.0,200807,1000
ensemble,LA-SV,200810,1,16.076711000000003,2.0,1.0,1.0,10.0,200810,1000
ensemble,LA-SV,200811,2,9.690637000000002,7.0,1.0,1.0,2.0,200810,1000
ensemble,LA-SV,200812,3,6.038261999999996,3.0,1.0,1.0,0.0,200810,1000
ensemble,LA-SV,200901,1,2.0266149999999996,1.0,1.0,1.0,0.0,200901,1000
ensemble,LA-SV,200902,2,1.8277280000000005,1.0,1.0,1.0,0.0,200901,1000
ensemble,LA-SV,200903,3,2.5048790000000025,0.0,1.0,1.0,0.0,200901,1000
ensemble,LA-SV,200904,1,3.548967000000001,2.0,1.0,1.0,0.0,200904,1000
ensemble,LA-SV,200905,2,11.032752999999992,7.0,1.0,1.0,0.0,200904,1000
ensemble,LA-SV,200906,3,25.75946500000001,15.0,1.0,1.0,1.0,200904,1000
ensemble,LA-SV,200907,1,35.73067799999998,11.5,1.0,1.0,13.0,200907,1000
ensemble,LA-SV,200908,2,33.505296999999985,19.0,1.0,1.0,34.0,200907,1000
ensemble,LA-SV,200909,3,30.033750999999995,34.0,1.0,1.0,48.0,200907,1000
ensemble,LA-SV,200910,1,17.92992000000001,15.5,1.0,1.0,16.0,200910,1000
ensemble,LA-SV,200911,2,13.673242000000002,19.0,1.0,1.0,33.0,200910,1000
ensemble,LA-SV,200912,3,8.161844000000002,0.0,1.0,1.0,4.0,200910,1000
ensemble,LA-VT,200801,1,14.323912999999996,7.0,1.0,1.0,29.0,200801,1000
ensemble,LA-VT,200802,2,11.860701,13.0,1.0,1.0,12.0,200801,1000
ensemble,LA-VT,200803,3,11.511030999999996,0.0,1.0,1.0,26.0,200801,1000
ensemble,LA-VT,200804,1,19.609304,32.0,1.0,0.0,4.0,200804,1000
ensemble,LA-VT,200805,2,32.483689999999996,49.5,1.0,1.0,17.0,200804,1000
ensemble,LA-VT,200806,3,53.61598900000001,63.0,1.0,1.0,60.0,200804,1000
ensemble,LA-VT,200807,1,68.98907499999999,31.0,1.0,1.0,132.0,200807,1000
ensemble,LA-VT,200808,2,71.14462499999999,19.5,1.0,1.0,144.0,200807,1000
ensemble,LA-VT,200809,3,65.637081,24.0,1.0,1.0,158.0,200807,1000
ensemble,LA-VT,200810,1,58.30412100000001,65.0,1.0,1.0,95.0,200810,1000
ensemble,LA-VT,200811,2,35.142595,32.0,1.0,1.0,129.0,200810,1000
ensemble,LA-VT,200812,3,28.499493,31.0,1.0,1.0,91.0,200810,1000
ensemble,LA-VT,200901,1,13.07638,3.0,1.0,1.0,38.0,200901,1000
ensemble,LA-VT,200902,2,9.432023,4.0,1.0,1.0,20.0,200901,1000
ensemble,LA-VT,200903,3,13.165961000000005,7.0,1.0,1.0,19.0,200901,1000
ensemble,LA-VT,200904,1,11.15685,2.0,1.0,1.0,33.0,200904,1000
ensemble,LA-VT,200905,2,23.558782,4.5,1.0,1.0,54.0,200904,1000
ensemble,LA-VT,200906,3,44.29263599999999,23.0,1.0,1.0,104.0,200904,1000
ensemble,LA-VT,200907,1,90.790251,139.0,1.0,1.0,302.0,200907,1000
ensemble,LA-VT,200908,2,113.012883,159.0,1.0,1.0,356.0,200907,1000
ensemble,LA-VT,200909,3,159.220407,288.0,1.0,0.0,470.0,200907,1000
ensemble,LA-VT,200910,1,136.97396600000002,253.0,1.0,0.0,527.0,200910,1000
ensemble,LA-VT,200911,2,212.505532,375.0,1.0,0.0,521.0,200910,1000
ensemble,LA-VT,200912,3,146.596217,274.0,1.0,0.0,366.0,200910,1000
ensemble,LA-XA,200801,1,0.5409699999999997,0.0,1.0,1.0,0.0,200801,1000
ensemble,LA-XA,200802,2,0.740132,0.0,1.0,1.0,0.0,200801,1000
ensemble,LA-XA,200803,3,0.9032400000000004,0.0,1.0,1.0,0.0,200801,1000
ensemble,LA-XA,200804,1,1.330367999999999,1.0,1.0,1.0,0.0,200804,1000
ensemble,LA-XA,200805,2,2.482599999999998,1.0,1.0,1.0,2.0,200804,1000
ensemble,LA-XA,200806,3,6.758141000000002,4.0,1.0,1.0,6.0,200804,1000
ensemble,LA-XA,200807,1,12.078454,12.0,1.0,1.0,19.0,200807,1000
ensemble,LA-XA,200808,2,6.059633000000005,0.0,1.0,1.0,7.0,200807,1000
ensemble,LA-XA,200809,3,6.254903999999996,4.0,1.0,1.0,1.0,200807,1000
ensemble,LA-XA,200810,1,2.247003999999997,1.0,1.0,1.0,3.0,200810,1000
ensemble,LA-XA,200811,2,1.8418520000000012,1.0,1.0,1.0,2.0,200810,1000
ensemble,LA-XA,200812,3,1.5051780000000008,0.0,1.0,1.0,1.0,200810,1000
ensemble,LA-XA,200901,1,0.5611040000000003,0.0,1.0,1.0,0.0,200901,1000
ensemble,LA-XA,200902,2,0.6613509999999998,0.0,1.0,1.0,0.0,200901,1000
ensemble,LA-XA,200903,3,0.9697689999999994,0.0,1.0,1.0,0.0,200901,1000
ensemble,LA-XA,200904,1,1.3167589999999991,1.0,1.0,1.0,0.0,200904,1000
ensemble,LA-XA,200905,2,3.5982389999999995,0.0,1.0,1.0,1.0,200904,1000
ensemble,LA-XA,200906,3,9.084239000000004,12.0,1.0,1.0,14.0,200904,1000
ensemble,LA-XA,200907,1,10.925815,3.0,1.0,1.0,11.0,200907,1000
ensemble,LA-XA,200908,2,15.369985,24.0,1.0,0.0,37.0,200907,1000
ensemble,LA-XA,200909,3,6.479453999999997,3.0,1.0,1.0,11.0,200907,1000
ensemble,LA-XA,200910,1,3.3472320000000018,0.5,1.0,1.0,5.0,200910,1000
ensemble,LA-XA,200911,2,2.9053699999999996,3.0,1.0,1.0,5.0,200910,1000
ensemble,LA-XA,200912,3,2.492585,1.0,1.0,1.0,0.0,200910,1000
ensemble,LA-XE,200801,1,0.175451,0.0,1.0,1.0,0.0,200801,1000
ensemble,LA-XE,200802,2,0.231646,0.0,1.0,1.0,0.0,200801,1000
ensemble,LA-XE,200803,3,0.147738,0.0,1.0,1.0,0.0,200801,1000
ensemble,LA-XE,200804,1,0.086241,0.0,1.0,1.0,0.0,200804,1000
ensemble,LA-XE,200805,2,0.152193,0.0,1.0,1.0,0.0,200804,1000
ensemble,LA-XE,200806,3,3.2505360000000003,5.0,1.0,0.0,5.0,200804,1000
ensemble,LA-XE,200807,1,1.0495800000000002,1.0,1.0,1.0,0.0,200807,1000
ensemble,LA-XE,200808,2,0.9260540000000002,1.0,1.0,1.0,0.0,200807,1000
ensemble,LA-XE,200809,3,0.8690070000000001,0.0,1.0,1.0,1.0,200807,1000
ensemble,LA-XE,200810,1,0.4361579999999998,0.0,1.0,1.0,0.0,200810,1000
ensemble,LA-XE,200811,2,0.235524,0.0,1.0,1.0,0.0,200810,1000
ensemble,LA-XE,200812,3,0.4442309999999999,1.0,1.0,1.0,1.0,200810,1000
ensemble,LA-XE,200901,1,0.1799469999999999,0.0,1.0,1.0,0.0,200901,1000
ensemble,LA-XE,200902,2,1.11261,2.0,1.0,0.0,2.0,200901,1000
ensemble,LA-XE,200903,3,1.239868,2.0,1.0,0.0,2.0,200901,1000
ensemble,LA-XE,200904,1,0.5284609999999998,1.0,1.0,1.0,1.0,200904,1000
ensemble,LA-XE,200905,2,0.762237,2.0,1.0,1.0,2.0,200904,1000
ensemble,LA-XE,200906,3,6.203238,8.0,0.0,0.0,9.0,200904,1000
ensemble,LA-XE,200907,1,22.417804,28.0,0.0,0.0,29.0,200907,1000
ensemble,LA-XE,200908,2,20.669039,26.0,0.0,0.0,27.0,200907,1000
ensemble,LA-XE,200909,3,2.275085,5.0,1.0,1.0,6.0,200907,1000
ensemble,LA-XE,200910,1,2.9859180000000003,6.0,1.0,0.0,7.0,200910,1000
ensemble,LA-XE,200911,2,1.3838279999999998,3.0,1.0,1.0,3.0,200910,1000
ensemble,LA-XE,200912,3,3.6206840000000007,7.0,0.0,0.0,7.0,200910,1000
ensemble,LA-XI,200801,1,0.030927,0.0,1.0,1.0,0.0,200801,1000
ensemble,LA-XI,200802,2,0.0276649999999999,0.0,1.0,1.0,0.0,200801,1000
ensemble,LA-XI,200803,3,0.040638,0.0,1.0,1.0,0.0,200801,1000
ensemble,LA-XI,200804,1,0.0361309999999999,0.0,1.0,1.0,0.0,200804,1000
ensemble,LA-XI,200805,2,0.034272,0.0,1.0,1.0,0.0,200804,1000
ensemble,LA-XI,200806,3,0.774321,1.0,1.0,0.0,1.0,200804,1000
ensemble,LA-XI,200807,1,0.1655499999999999,0.0,1.0,1.0,0.0,200807,1000
ensemble,LA-XI,200808,2,0.195922,0.0,1.0,1.0,0.0,200807,1000
ensemble,LA-XI,200809,3,0.1850489999999999,0.0,1.0,1.0,0.0,200807,1000
ensemble,LA-XI,200810,1,0.037116,0.0,1.0,1.0,0.0,200810,1000
ensemble,LA-XI,200811,2,0.0433259999999999,0.0,1.0,1.0,0.0,200810,1000
ensemble,LA-XI,200812,3,0.0351059999999999,0.0,1.0,1.0,0.0,200810,1000
ensemble,LA-XI,200901,1,0.03606,0.0,1.0,1.0,0.0,200901,1000
ensemble,LA-XI,200902,2,0.0265019999999999,0.0,1.0,1.0,0.0,200901,1000
ensemble,LA-XI,200903,3,0.031542,0.0,1.0,1.0,0.0,200901,1000
ensemble,LA-XI,200904,1,0.0442559999999999,0.0,1.0,1.0,0.0,200904,1000
ensemble,LA-XI,200905,2,37.492628,39.0,0.0,0.0,39.0,200904,1000
ensemble,LA-XI,200906,3,31.664441,33.0,0.0,0.0,33.0,200904,1000
ensemble,LA-XI,200907,1,2.6908010000000004,1.0,1.0,1.0,1.0,200907,1000
ensemble,LA-XI,200908,2,6.27285,10.0,1.0,1.0,10.0,200907,1000
ensemble,LA-XI,200909,3,2.487842000000001,0.0,1.0,1.0,0.0,200907,1000
ensemble,LA-XI,200910,1,0.0464369999999999,0.0,1.0,1.0,0.0,200910,1000
ensemble,LA-XI,200911,2,0.055755,0.0,1.0,1.0,0.0,200910,1000
ensemble,LA-XI,200912,3,0.0301809999999999,0.0,1.0,1.0,0.0,200910,1000
persistence,LA-AT,200801,1,3.417114,4.0,0.0,0.0,4.0,200801,1000
persistence,LA-AT,200802,2,1.554761,2.0,1.0,0.0,2.0,200801,1000
persistence,LA-AT,200803,3,0.0719689999999997,0.0,1.0,1.0,0.0,200801,1000
persistence,LA-AT,200804,1,0.0471139999999998,0.0,1.0,1.0,0.0,200804,1000
persistence,LA-AT,200805,2,3.342761,4.0,0.0,0.0,4.0,200804,1000
persistence,LA-AT,200806,3,8.929969,10.0,0.0,0.0,10.0,200804,1000
persistence,LA-AT,200807,1,3.450605,4.0,0.0,0.0,6.0,200807,1000
persistence,LA-AT,200808,2,0.8260830000000001,1.0,1.0,0.0,11.0,200807,1000
persistence,LA-AT,200809,3,12.807472,14.0,0.0,0.0,24.0,200807,1000
persistence,LA-AT,200810,1,21.839211,23.0,0.0,0.0,47.0,200810,1000
persistence,LA-AT,200811,2,17.716617,19.0,0.0,0.0,43.0,200810,1000
persistence,LA-AT,200812,3,0.8262919999999996,1.0,1.0,0.0,23.0,200810,1000
persistence,LA-AT,200901,1,4.403041999999999,5.0,0.0,0.0,18.0,200901,1000
persistence,LA-AT,200902,2,21.580328,23.0,0.0,0.0,46.0,200901,1000
persistence,LA-AT,200903,3,51.660003,54.0,0.0,0.0,77.0,200901,1000
persistence,LA-AT,200904,1,20.870388,22.0,0.0,0.0,99.0,200904,1000
persistence,LA-AT,200905,2,74.407714,77.0,0.0,0.0,0.0,200904,1000
persistence,LA-AT,200906,3,50.686121,53.0,0.0,0.0,24.0,200904,1000
persistence,LA-AT,200907,1,38.397211,40.0,0.0,0.0,64.0,200907,1000
persistence,LA-AT,200908,2,2.492617,3.0,0.0,0.0,21.0,200907,1000
persistence,LA-AT,200909,3,6.1402920000000005,7.0,0.0,0.0,17.0,200907,1000
persistence,LA-AT,200910,1,12.098028,13.0,0.0,0.0,4.0,200910,1000
persistence,LA-AT,200911,2,0.8285939999999998,1.0,1.0,0.0,16.0,200910,1000
persistence,LA-AT,200912,3,9.930269,11.0,0.0,0.0,6.0,200910,1000
persistence,LA-BK,200801,1,0.702799,1.0,1.0,0.0,1.0,200801,1000
persistence,LA-BK,200802,2,0.0441579999999999,0.0,1.0,1.0,0.0,200801,1000
persistence,LA-BK,200803,3,0.04958,0.0,1.0,1.0,0.0,200801,1000
persistence,LA-BK,200804,1,0.0387989999999999,0.0,1.0,1.0,0.0,200804,1000
persistence,LA-BK,200805,2,11.132158,12.0,0.0,0.0,12.0,200804,1000
persistence,LA-BK,200806,3,51.985580000000006,53.0,0.0,0.0,53.0,200804,1000
persistence,LA-BK,200807,1,50.223598,51.0,0.0,0.0,2.0,200807,1000
persistence,LA-BK,200808,2,43.128316,44.0,0.0,0.0,9.0,200807,1000
persistence,LA-BK,200809,3,19.03516,20.0,0.0,0.0,33.0,200807,1000
persistence,LA-BK,200810,1,14.223598,15.0,0.0,0.0,48.0,200810,1000
persistence,LA-BK,200811,2,21.128316,22.0,0.0,0.0,55.0,200810,1000
persistence,LA-BK,200812,3,27.03516,28.0,0.0,0.0,5.0,200810,1000
persistence,LA-BK,200901,1,3.438492,4.0,0.0,0.0,1.0,200901,1000
persistence,LA-BK,200902,2,4.3407670000000005,5.0,0.0,0.0,0.0,200901,1000
persistence,LA-BK,200903,3,3.355307,4.0,0.0,0.0,1.0,200901,1000
persistence,LA-BK,200904,1,1.589023,2.0,0.0,0.0,3.0,200904,1000
persistence,LA-BK,200905,2,72.11584199999999,73.0,0.0,0.0,74.0,200904,1000
persistence,LA-BK,200906,3,214.019436,215.0,0.0,0.0,216.0,200904,1000
persistence,LA-BK,200907,1,3.439598,4.0,0.0,0.0,212.0,200907,1000
persistence,LA-BK,200908,2,105.128316,106.0,0.0,0.0,110.0,200907,1000
persistence,LA-BK,200909,3,163.03516,164.0,0.0,0.0,52.0,200907,1000
persistence,LA-BK,200910,1,20.223598,21.0,0.0,0.0,31.0,200910,1000
persistence,LA-BK,200911,2,46.128316,47.0,0.0,0.0,5.0,200910,1000
persistence,LA-BK,200912,3,47.03516,48.0,0.0,0.0,4.0,200910,1000
persistence,LA-BL,200801,1,5.383502,9.0,1.0,1.0,10.0,200801,1000
persistence,LA-BL,200802,2,4.609445999999998,6.0,1.0,1.0,7.0,200801,1000
persistence,LA-BL,200803,3,4.952254,0.0,1.0,1.0,1.0,200801,1000
persistence,LA-BL,200804,1,2.695502000000001,2.0,1.0,1.0,3.0,200804,1000
persistence,LA-BL,200805,2,7.897445999999999,14.0,1.0,1.0,15.0,200804,1000
persistence,LA-BL,200806,3,9.692254000000002,18.0,1.0,1.0,19.0,200804,1000
persistence,LA-BL,200807,1,8.23891,12.0,1.0,0.0,31.0,200807,1000
persistence,LA-BL,200808,2,9.221346999999998,13.0,1.0,1.0,32.0,200807,1000
persistence,LA-BL,200809,3,9.298677,11.0,1.0,1.0,30.0,200807,1000
persistence,LA-BL,200810,1,16.470322000000003,25.0,1.0,0.0,5.0,200810,1000
persistence,LA-BL,200811,2,12.262498,18.0,1.0,0.0,12.0,200810,1000
persistence,LA-BL,200812,3,17.99097,29.0,1.0,0.0,1.0,200810,1000
persistence,LA-BL,200901,1,2.511502,1.0,1.0,1.0,2.0,200901,1000
persistence,LA-BL,200902,2,3.6934460000000016,2.0,1.0,1.0,3.0,200901,1000
persistence,LA-BL,200903,3,4.9942540000000015,1.0,1.0,1.0,0.0,200901,1000
persistence,LA-BL,200904,1,2.5010209999999997,2.0,1.0,1.0,2.0,200904,1000
persistence,LA-BL,200905,2,3.323820999999999,0.0,1.0,1.0,0.0,200904,1000
persistence,LA-BL,200906,3,5.582812999999998,7.0,1.0,1.0,7.0,200904,1000
persistence,LA-BL,200907,1,17.514046,28.0,1.0,0.0,35.0,200907,1000
persistence,LA-BL,200908,2,4.609358000000002,2.0,1.0,1.0,9.0,200907,1000
persistence,LA-BL,200909,3,6.933896999999998,7.0,1.0,1.0,0.0,200907,1000
persistence,LA-BL,200910,1,2.3170210000000004,1.0,1.0,1.0,1.0,200910,1000
persistence,LA-BL,200911,2,3.4678210000000007,2.0,1.0,1.0,2.0,200910,1000
persistence,LA-BL,200912,3,4.764813,1.0,1.0,1.0,1.0,200910,1000
persistence,LA-CH,200801,1,9.094472000000003,9.0,1.0,1.0,73.0,200801,1000
persistence,LA-CH,200802,2,19.277769,26.0,1.0,0.0,90.0,200801,1000
persistence,LA-CH,200803,3,22.452036999999997,28.0,1.0,1.0,92.0,200801,1000
persistence,LA-CH,200804,1,16.585575000000002,23.0,1.0,0.0,69.0,200804,1000
persistence,LA-CH,200805,2,17.207692,21.0,1.0,1.0,113.0,200804,1000
persistence,LA-CH,200806,3,145.733314,203.0,0.0,0.0,295.0,200804,1000
persistence,LA-CH,200807,1,103.949944,133.0,0.0,0.0,162.0,200807,1000
persistence,LA-CH,200808,2,112.642802,152.0,0.0,0.0,143.0,200807,1000
persistence,LA-CH,200809,3,73.553239,110.0,1.0,0.0,185.0,200807,1000
persistence,LA-CH,200810,1,31.000921000000005,45.0,1.0,0.0,140.0,200810,1000
persistence,LA-CH,200811,2,58.287541,83.0,1.0,0.0,102.0,200810,1000
persistence,LA-CH,200812,3,74.65110700000001,112.0,1.0,0.0,73.0,200810,1000
persistence,LA-CH,200901,1,28.518953000000003,42.0,1.0,0.0,31.0,200901,1000
persistence,LA-CH,200902,2,18.940767,25.0,1.0,0.0,48.0,200901,1000
persistence,LA-CH,200903,3,16.500345000000003,13.0,1.0,1.0,60.0,200901,1000
persistence,LA-CH,200904,1,28.357396,42.0,1.0,0.0,102.0,200904,1000
persistence,LA-CH,200905,2,10.360133000000005,6.0,1.0,1.0,66.0,200904,1000
persistence,LA-CH,200906,3,41.64690100000001,64.0,1.0,0.0,124.0,200904,1000
persistence,LA-CH,200907,1,7.347732000000001,2.0,1.0,1.0,122.0,200907,1000
persistence,LA-CH,200908,2,14.241996999999998,14.0,1.0,1.0,110.0,200907,1000
persistence,LA-CH,200909,3,20.237556,19.0,1.0,1.0,105.0,200907,1000
persistence,LA-CH,200910,1,31.559768,46.0,1.0,0.0,59.0,200910,1000
persistence,LA-CH,200911,2,48.322561,70.0,1.0,0.0,35.0,200910,1000
persistence,LA-CH,200912,3,48.408425,73.0,1.0,0.0,32.0,200910,1000
persistence,LA-HO,200801,1,0.8303219999999999,1.0,0.0,0.0,0.0,200801,1000
persistence,LA-HO,200802,2,0.8292019999999999,1.0,0.0,0.0,0.0,200801,1000
persistence,LA-HO,200803,3,0.820377,1.0,1.0,0.0,0.0,200801,1000
persistence,LA-HO,200804,1,0.0149129999999999,0.0,1.0,1.0,0.0,200804,1000
persistence,LA-HO,200805,2,0.013793,0.0,1.0,1.0,0.0,200804,1000
persistence,LA-HO,200806,3,0.015768,0.0,1.0,1.0,0.0,200804,1000
persistence,LA-HO,200807,1,0.0149129999999999,0.0,1.0,1.0,0.0,200807,1000
persistence,LA-HO,200808,2,0.013793,0.0,1.0,1.0,0.0,200807,1000
persistence,LA-HO,200809,3,0.809768,1.0,1.0,0.0,1.0,200807,1000
persistence,LA-HO,200810,1,0.8303219999999999,1.0,0.0,0.0,0.0,200810,1000
persistence,LA-HO,200811,2,0.8292019999999999,1.0,0.0,0.0,0.0,200810,1000
persistence,LA-HO,200812,3,0.0263769999999999,0.0,1.0,1.0,1.0,200810,1000
persistence,LA-HO,200901,1,0.8303219999999999,1.0,0.0,0.0,0.0,200901,1000
persistence,LA-HO,200902,2,0.8292019999999999,1.0,0.0,0.0,0.0,200901,1000
persistence,LA-HO,200903,3,0.820377,1.0,1.0,0.0,0.0,200901,1000
persistence,LA-HO,200904,1,0.0149129999999999,0.0,1.0,1.0,0.0,200904,1000
persistence,LA-HO,200905,2,0.013793,0.0,1.0,1.0,0.0,200904,1000
persistence,LA-HO,200906,3,0.015768,0.0,1.0,1.0,0.0,200904,1000
persistence,LA-HO,200907,1,0.0149129999999999,0.0,1.0,1.0,0.0,200907,1000
persistence,LA-HO,200908,2,0.013793,0.0,1.0,1.0,0.0,200907,1000
persistence,LA-HO,200909,3,0.809768,1.0,1.0,0.0,1.0,200907,1000
persistence,LA-HO,200910,1,0.024322,0.0,1.0,1.0,1.0,200910,1000
persistence,LA-HO,200911,2,0.023202,0.0,1.0,1.0,1.0,200910,1000
persistence,LA-HO,200912,3,0.0263769999999999,0.0,1.0,1.0,1.0,200910,1000
persistence,LA-KH,200801,1,1.3149230000000005,0.0,1.0,1.0,0.0,200801,1000
persistence,LA-KH,200802,2,2.0702239999999996,0.0,1.0,1.0,0.0,200801,1000
persistence,LA-KH,200803,3,2.6522299999999994,0.0,1.0,1.0,0.0,200801,1000
persistence,LA-KH,200804,1,1.3149230000000005,0.0,1.0,1.0,0.0,200804,1000
persistence,LA-KH,200805,2,2.0702239999999996,0.0,1.0,1.0,0.0,200804,1000
persistence,LA-KH,200806,3,3.0462299999999978,1.0,1.0,1.0,1.0,200804,1000
persistence,LA-KH,200807,1,2.403284000000001,2.0,1.0,0.0,3.0,200807,1000
persistence,LA-KH,200808,2,2.5886239999999994,1.0,1.0,1.0,0.0,200807,1000
persistence,LA-KH,200809,3,4.036038999999999,3.0,1.0,1.0,4.0,200807,1000
persistence,LA-KH,200810,1,3.125885000000002,3.0,1.0,0.0,1.0,200810,1000
persistence,LA-KH,200811,2,2.7576459999999976,1.0,1.0,1.0,3.0,200810,1000
persistence,LA-KH,200812,3,2.9661490000000015,0.0,1.0,1.0,4.0,200810,1000
persistence,LA-KH,200901,1,3.713884999999999,4.0,1.0,0.0,0.0,200901,1000
persistence,LA-KH,200902,2,4.333645999999998,4.0,1.0,0.0,0.0,200901,1000
persistence,LA-KH,200903,3,3.796149,2.0,1.0,1.0,6.0,200901,1000
persistence,LA-KH,200904,1,4.995498000000001,6.0,1.0,0.0,0.0,200904,1000
persistence,LA-KH,200905,2,2.422528,0.0,1.0,1.0,6.0,200904,1000
persistence,LA-KH,200906,3,54.16718900000001,74.0,0.0,0.0,80.0,200904,1000
persistence,LA-KH,200907,1,60.490204000000006,75.0,0.0,0.0,155.0,200907,1000
persistence,LA-KH,200908,2,191.180325,223.0,0.0,0.0,303.0,200907,1000
persistence,LA-KH,200909,3,163.22992399999998,197.0,0.0,0.0,277.0,200907,1000
persistence,LA-KH,200910,1,169.74701399999998,192.0,0.0,0.0,85.0,200910,1000
persistence,LA-KH,200911,2,185.115734,216.0,0.0,0.0,61.0,200910,1000
persistence,LA-KH,200912,3,175.88018300000002,210.0,0.0,0.0,67.0,200910,1000
persistence,LA-LM,200801,1,0.0063019999999999,0.0,1.0,1.0,0.0,200801,1000
persistence,LA-LM,200802,2,0.007978,0.0,1.0,1.0,0.0,200801,1000
persistence,LA-LM,200803,3,0.008063,0.0,1.0,1.0,0.0,200801,1000
persistence,LA-LM,200804,1,0.0063019999999999,0.0,1.0,1.0,0.0,200804,1000
persistence,LA-LM,200805,2,0.007978,0.0,1.0,1.0,0.0,200804,1000
persistence,LA-LM,200806,3,0.008063,0.0,1.0,1.0,0.0,200804,1000
persistence,LA-LM,200807,1,0.0063019999999999,0.0,1.0,1.0,0.0,200807,1000
persistence,LA-LM,200808,2,0.007978,0.0,1.0,1.0,0.0,200807,1000
persistence,LA-LM,200809,3,0.008063,0.0,1.0,1.0,0.0,200807,1000
persistence,LA-LM,200810,1,0.0063019999999999,0.0,1.0,1.0,0.0,200810,1000
persistence,LA-LM,200811,2,0.007978,0.0,1.0,1.0,0.0,200810,1000
persistence,LA-LM,200812,3,0.008063,0.0,1.0,1.0,0.0,200810,1000
persistence,LA-LM,200901,1,0.0063019999999999,0.0,1.0,1.0,0.0,200901,1000
persistence,LA-LM,200902,2,0.007978,0.0,1.0,1.0,0.0,200901,1000
persistence,LA-LM,200903,3,0.008063,0.0,1.0,1.0,0.0,200901,1000
persistence,LA-LM,200904,1,0.880302,1.0,0.0,0.0,1.0,200904,1000
persistence,LA-LM,200905,2,0.007978,0.0,1.0,1.0,0.0,200904,1000
persistence,LA-LM,200906,3,1.770063,2.0,0.0,0.0,2.0,200904,1000
persistence,LA-LM,200907,1,0.886035,1.0,0.0,0.0,1.0,200907,1000
persistence,LA-LM,200908,2,1.777203,2.0,0.0,0.0,0.0,200907,1000
persistence,LA-LM,200909,3,1.777288,2.0,0.0,0.0,4.0,200907,1000
persistence,LA-LM,200910,1,0.8865399999999999,1.0,0.0,0.0,5.0,200910,1000
persistence,LA-LM,200911,2,1.7778919999999998,2.0,0.0,0.0,6.0,200910,1000
persistence,LA-LM,200912,3,0.016045,0.0,1.0,1.0,4.0,200910,1000
persistence,LA-LP,200801,1,3.4616930000000004,5.0,1.0,1.0,0.0,200801,1000
persistence,LA-LP,200802,2,6.91244,11.0,1.0,0.0,16.0,200801,1000
persistence,LA-LP,200803,3,10.133757,17.0,1.0,0.0,22.0,200801,1000
persistence,LA-LP,200804,1,7.587196,11.0,1.0,0.0,33.0,200804,1000
persistence,LA-LP,200805,2,77.70587800000001,94.0,0.0,0.0,116.0,200804,1000
persistence,LA-LP,200806,3,116.670978,138.0,0.0,0.0,160.0,200804,1000
persistence,LA-LP,200807,1,129.93954599999998,144.0,0.0,0.0,16.0,200807,1000
persistence,LA-LP,200808,2,128.21567000000002,147.0,0.0,0.0,13.0,200807,1000
persistence,LA-LP,200809,3,124.816253,146.0,0.0,0.0,14.0,200807,1000
persistence,LA-LP,200810,1,13.347094,19.0,1.0,0.0,33.0,200810,1000
persistence,LA-LP,200811,2,84.94253,102.0,0.0,0.0,116.0,200810,1000
persistence,LA-LP,200812,3,124.888534,147.0,0.0,0.0,161.0,200810,1000
persistence,LA-LP,200901,1,146.497715,161.0,0.0,0.0,0.0,200901,1000
persistence,LA-LP,200902,2,141.643959,161.0,0.0,0.0,0.0,200901,1000
persistence,LA-LP,200903,3,139.126542,161.0,0.0,0.0,0.0,200901,1000
persistence,LA-LP,200904,1,1.1242739999999998,0.0,1.0,1.0,0.0,200904,1000
persistence,LA-LP,200905,2,1.711145,0.0,1.0,1.0,0.0,200904,1000
persistence,LA-LP,200906,3,5.2004459999999995,9.0,1.0,1.0,9.0,200904,1000
persistence,LA-LP,200907,1,14.802083,21.0,1.0,0.0,30.0,200907,1000
persistence,LA-LP,200908,2,15.036039,23.0,1.0,0.0,32.0,200907,1000
persistence,LA-LP,200909,3,278.002476,304.0,0.0,0.0,313.0,200907,1000
persistence,LA-LP,200910,1,133.848548,148.0,0.0,0.0,165.0,200910,1000
persistence,LA-LP,200911,2,204.57629,226.0,0.0,0.0,87.0,200910,1000
persistence,LA-LP,200912,3,288.208892,313.0,0.0,0.0,0.0,200910,1000
persistence,LA-OU,200801,1,0.0060349999999999,0.0,1.0,1.0,0.0,200801,1000
persistence,LA-OU,200802,2,0.004123,0.0,1.0,1.0,0.0,200801,1000
persistence,LA-OU,200803,3,0.0080099999999999,0.0,1.0,1.0,0.0,200801,1000
persistence,LA-OU,200804,1,0.0060349999999999,0.0,1.0,1.0,0.0,200804,1000
persistence,LA-OU,200805,2,0.004123,0.0,1.0,1.0,0.0,200804,1000
persistence,LA-OU,200806,3,0.0080099999999999,0.0,1.0,1.0,0.0,200804,1000
persistence,LA-OU,200807,1,0.0060349999999999,0.0,1.0,1.0,0.0,200807,1000
persistence,LA-OU,200808,2,0.004123,0.0,1.0,1.0,0.0,200807,1000
persistence,LA-OU,200809,3,0.0080099999999999,0.0,1.0,1.0,0.0,200807,1000
persistence,LA-OU,200810,1,0.0060349999999999,0.0,1.0,1.0,0.0,200810,1000
persistence,LA-OU,200811,2,0.004123,0.0,1.0,1.0,0.0,200810,1000
persistence,LA-OU,200812,3,0.0080099999999999,0.0,1.0,1.0,0.0,200810,1000
persistence,LA-OU,200901,1,0.0060349999999999,0.0,1.0,1.0,0.0,200901,1000
persistence,LA-OU,200902,2,0.004123,0.0,1.0,1.0,0.0,200901,1000
persistence,LA-OU,200903,3,0.0080099999999999,0.0,1.0,1.0,0.0,200901,1000
persistence,LA-OU,200904,1,0.0060349999999999,0.0,1.0,1.0,0.0,200904,1000
persistence,LA-OU,200905,2,0.004123,0.0,1.0,1.0,0.0,200904,1000
persistence,LA-OU,200906,3,0.0080099999999999,0.0,1.0,1.0,0.0,200904,1000
persistence,LA-OU,200907,1,0.0060349999999999,0.0,1.0,1.0,0.0,200907,1000
persistence,LA-OU,200908,2,0.886123,1.0,0.0,0.0,1.0,200907,1000
persistence,LA-OU,200909,3,14.71601,15.0,0.0,0.0,15.0,200907,1000
persistence,LA-OU,200910,1,8.76207,9.0,0.0,0.0,6.0,200910,1000
persistence,LA-OU,200911,2,1.848246,2.0,0.0,0.0,13.0,200910,1000
persistence,LA-OU,200912,3,2.7500199999999997,3.0,0.0,0.0,18.0,200910,1000
persistence,LA-PH,200901,1,0.0002559999999999,0.0,1.0,1.0,0.0,200901,1000
persistence,LA-PH,200902,2,0.0002559999999999,0.0,1.0,1.0,0.0,200901,1000
persistence,LA-PH,200903,3,0.0003239999999999,0.0,1.0,1.0,0.0,200901,1000
persistence,LA-PH,200904,1,0.0002559999999999,0.0,1.0,1.0,0.0,200904,1000
persistence,LA-PH,200905,2,0.0002559999999999,0.0,1.0,1.0,0.0,200904,1000
persistence,LA-PH,200906,3,0.0003239999999999,0.0,1.0,1.0,0.0,200904,1000
persistence,LA-PH,200907,1,0.0002559999999999,0.0,1.0,1.0,0.0,200907,1000
persistence,LA-PH,200909,3,0.0003239999999999,0.0,1.0,1.0,0.0,200907,1000
persistence,LA-PH,200910,1,0.0002559999999999,0.0,1.0,1.0,0.0,200910,1000
persistence,LA-PH,200911,2,0.0002559999999999,0.0,1.0,1.0,0.0,200910,1000
persistence,LA-PH,200912,3,0.0003239999999999,0.0,1.0,1.0,0.0,200910,1000
persistence,LA-SL,200801,1,5.888300000000001,7.0,0.0,0.0,0.0,200801,1000
persistence,LA-SL,200802,2,4.932642,6.0,0.0,0.0,1.0,200801,1000
persistence,LA-SL,200803,3,1.538814,2.0,1.0,0.0,5.0,200801,1000
persistence,LA-SL,200804,1,2.4083299999999994,3.0,0.0,0.0,2.0,200804,1000
persistence,LA-SL,200805,2,94.771065,100.0,0.0,0.0,105.0,200804,1000
persistence,LA-SL,200806,3,215.529118,221.0,0.0,0.0,226.0,200804,1000
persistence,LA-SL,200807,1,144.638988,148.0,0.0,0.0,78.0,200807,1000
persistence,LA-SL,200808,2,157.654794,163.0,0.0,0.0,63.0,200807,1000
persistence,LA-SL,200809,3,135.591742,141.0,0.0,0.0,85.0,200807,1000
persistence,LA-SL,200810,1,5.024252000000001,6.0,0.0,0.0,91.0,200810,1000
persistence,LA-SL,200811,2,59.913664,64.0,0.0,0.0,21.0,200810,1000
persistence,LA-SL,200812,3,72.336984,77.0,0.0,0.0,8.0,200810,1000
persistence,LA-SL,200901,1,5.890064000000001,7.0,0.0,0.0,1.0,200901,1000
persistence,LA-SL,200902,2,14.107243,16.0,0.0,0.0,24.0,200901,1000
persistence,LA-SL,200903,3,14.945415000000002,17.0,0.0,0.0,25.0,200901,1000
persistence,LA-SL,200904,1,5.018927,6.0,0.0,0.0,19.0,200904,1000
persistence,LA-SL,200905,2,91.851327,97.0,0.0,0.0,122.0,200904,1000
persistence,LA-SL,200906,3,14.970665,17.0,0.0,0.0,42.0,200904,1000
persistence,LA-SL,200907,1,118.6355,122.0,0.0,0.0,164.0,200907,1000
persistence,LA-SL,200908,2,80.18723700000001,85.0,0.0,0.0,127.0,200907,1000
persistence,LA-SL,200909,3,45.277277,49.0,0.0,0.0,91.0,200907,1000
persistence,LA-SL,200910,1,2.434636,3.0,0.0,0.0,94.0,200910,1000
persistence,LA-SL,200911,2,43.493157999999994,47.0,0.0,0.0,44.0,200910,1000
persistence,LA-SL,200912,3,69.439998,74.0,0.0,0.0,17.0,200910,1000
persistence,LA-SV,200801,1,4.8442229999999995,1.0,1.0,1.0,1.0,200801,1000
persistence,LA-SV,200802,2,8.673057,1.0,1.0,1.0,1.0,200801,1000
persistence,LA-SV,200803,3,12.976107,1.0,1.0,1.0,1.0,200801,1000
persistence,LA-SV,200804,1,5.031711999999999,1.0,1.0,1.0,0.0,200804,1000
persistence,LA-SV,200805,2,8.798821000000004,0.0,1.0,1.0,1.0,200804,1000
persistence,LA-SV,200806,3,14.938783,9.0,1.0,1.0,10.0,200804,1000
persistence,LA-SV,200807,1,5.993041000000005,1.0,1.0,1.0,11.0,200807,1000
persistence,LA-SV,200808,2,11.269002999999998,6.0,1.0,1.0,4.0,200807,1000
persistence,LA-SV,200809,3,16.011347999999998,8.0,1.0,1.0,2.0,200807,1000
persistence,LA-SV,200810,1,7.473481,8.0,1.0,1.0,10.0,200810,1000
persistence,LA-SV,200811,2,8.967742000000001,0.0,1.0,1.0,2.0,200810,1000
persistence,LA-SV,200812,3,13.509918999999996,2.0,1.0,1.0,0.0,200810,1000
persistence,LA-SV,200901,1,4.710222999999999,0.0,1.0,1.0,0.0,200901,1000
persistence,LA-SV,200902,2,8.589056999999997,0.0,1.0,1.0,0.0,200901,1000
persistence,LA-SV,200903,3,12.924106999999992,0.0,1.0,1.0,0.0,200901,1000
persistence,LA-SV,200904,1,4.710222999999999,0.0,1.0,1.0,0.0,200904,1000
persistence,LA-SV,200905,2,8.589056999999997,0.0,1.0,1.0,0.0,200904,1000
persistence,LA-SV,200906,3,12.976107,1.0,1.0,1.0,1.0,200904,1000
persistence,LA-SV,200907,1,9.081712000000003,12.0,1.0,1.0,13.0,200907,1000
persistence,LA-SV,200908,2,21.414821000000003,33.0,1.0,1.0,34.0,200907,1000
persistence,LA-SV,200909,3,29.858783000000003,47.0,1.0,1.0,48.0,200907,1000
persistence,LA-SV,200910,1,22.608721999999993,32.0,1.0,0.0,16.0,200910,1000
persistence,LA-SV,200911,2,17.216891000000004,15.0,1.0,1.0,33.0,200910,1000
persistence,LA-SV,200912,3,33.27619299999999,44.0,1.0,1.0,4.0,200910,1000
persistence,LA-VT,200801,1,43.562509000000006,69.0,1.0,0.0,29.0,200801,1000
persistence,LA-VT,200802,2,53.531439000000006,86.0,1.0,1.0,12.0,200801,1000
persistence,LA-VT,200803,3,53.29954199999999,72.0,1.0,1.0,26.0,200801,1000
persistence,LA-VT,200804,1,17.354836999999996,22.0,1.0,1.0,4.0,200804,1000
persistence,LA-VT,200805,2,23.829443999999995,9.0,1.0,1.0,17.0,200804,1000
persistence,LA-VT,200806,3,34.40855599999999,34.0,1.0,1.0,60.0,200804,1000
persistence,LA-VT,200807,1,44.285051,72.0,1.0,0.0,132.0,200807,1000
persistence,LA-VT,200808,2,49.550028999999995,84.0,1.0,1.0,144.0,200807,1000
persistence,LA-VT,200809,3,57.28912399999999,98.0,1.0,1.0,158.0,200807,1000
persistence,LA-VT,200810,1,40.699749,63.0,1.0,0.0,95.0,200810,1000
persistence,LA-VT,200811,2,36.577603,29.0,1.0,1.0,129.0,200810,1000
persistence,LA-VT,200812,3,56.08934400000001,67.0,1.0,1.0,91.0,200810,1000
persistence,LA-VT,200901,1,33.955966000000004,53.0,1.0,0.0,38.0,200901,1000
persistence,LA-VT,200902,2,46.578158000000016,71.0,1.0,1.0,20.0,200901,1000
persistence,LA-VT,200903,3,52.60918800000002,72.0,1.0,1.0,19.0,200901,1000
persistence,LA-VT,200904,1,14.502862999999998,14.0,1.0,1.0,33.0,200904,1000
persistence,LA-VT,200905,2,26.674568000000008,35.0,1.0,1.0,54.0,200904,1000
persistence,LA-VT,200906,3,45.832223,85.0,1.0,1.0,104.0,200904,1000
persistence,LA-VT,200907,1,142.69739800000002,198.0,0.0,0.0,302.0,200907,1000
persistence,LA-VT,200908,2,166.135237,252.0,0.0,0.0,356.0,200907,1000
persistence,LA-VT,200909,3,238.83145099999996,366.0,0.0,0.0,470.0,200907,1000
persistence,LA-VT,200910,1,37.81561000000001,57.0,1.0,0.0,527.0,200910,1000
persistence,LA-VT,200911,2,44.86481699999999,51.0,1.0,1.0,521.0,200910,1000
persistence,LA-VT,200912,3,73.67705999999998,104.0,1.0,1.0,366.0,200910,1000
persistence,LA-XA,200801,1,1.370140000000001,1.0,1.0,1.0,0.0,200801,1000
persistence,LA-XA,200802,2,1.726794,1.0,1.0,1.0,0.0,200801,1000
persistence,LA-XA,200803,3,2.4291660000000004,1.0,1.0,1.0,0.0,200801,1000
persistence,LA-XA,200804,1,0.9566909999999992,0.0,1.0,1.0,0.0,200804,1000
persistence,LA-XA,200805,2,2.003665,2.0,1.0,1.0,2.0,200804,1000
persistence,LA-XA,200806,3,4.741557,6.0,1.0,0.0,6.0,200804,1000
persistence,LA-XA,200807,1,9.660272,13.0,1.0,0.0,19.0,200807,1000
persistence,LA-XA,200808,2,1.9991069999999984,1.0,1.0,1.0,7.0,200807,1000
persistence,LA-XA,200809,3,4.655937,5.0,1.0,0.0,1.0,200807,1000
persistence,LA-XA,200810,1,1.8581400000000008,2.0,1.0,1.0,3.0,200810,1000
persistence,LA-XA,200811,2,1.726794,1.0,1.0,1.0,2.0,200810,1000
persistence,LA-XA,200812,3,2.223166000000001,0.0,1.0,1.0,1.0,200810,1000
persistence,LA-XA,200901,1,1.370140000000001,1.0,1.0,1.0,0.0,200901,1000
persistence,LA-XA,200902,2,1.726794,1.0,1.0,1.0,0.0,200901,1000
persistence,LA-XA,200903,3,2.4291660000000004,1.0,1.0,1.0,0.0,200901,1000
persistence,LA-XA,200904,1,0.9566909999999992,0.0,1.0,1.0,0.0,200904,1000
persistence,LA-XA,200905,2,1.5876649999999994,1.0,1.0,1.0,1.0,200904,1000
persistence,LA-XA,200906,3,9.675557,14.0,1.0,0.0,14.0,200904,1000
persistence,LA-XA,200907,1,2.7803690000000003,3.0,1.0,0.0,11.0,200907,1000
persistence,LA-XA,200908,2,17.094084000000002,23.0,1.0,0.0,37.0,200907,1000
persistence,LA-XA,200909,3,3.863987999999999,3.0,1.0,1.0,11.0,200907,1000
persistence,LA-XA,200910,1,4.720613,6.0,1.0,0.0,5.0,200910,1000
persistence,LA-XA,200911,2,4.825930999999999,6.0,1.0,0.0,5.0,200910,1000
persistence,LA-XA,200912,3,8.469738999999999,11.0,1.0,0.0,0.0,200910,1000
persistence,LA-XE,200801,1,0.6979409999999999,1.0,1.0,0.0,0.0,200801,1000
persistence,LA-XE,200802,2,0.6954600000000001,1.0,1.0,0.0,0.0,200801,1000
persistence,LA-XE,200803,3,0.6880539999999999,1.0,1.0,0.0,0.0,200801,1000
persistence,LA-XE,200804,1,0.067505,0.0,1.0,1.0,0.0,200804,1000
persistence,LA-XE,200805,2,0.0713599999999999,0.0,1.0,1.0,0.0,200804,1000
persistence,LA-XE,200806,3,4.053398,5.0,0.0,0.0,5.0,200804,1000
persistence,LA-XE,200807,1,4.160576,5.0,0.0,0.0,0.0,200807,1000
persistence,LA-XE,200808,2,4.131926999999999,5.0,0.0,0.0,0.0,200807,1000
persistence,LA-XE,200809,3,3.2153919999999996,4.0,0.0,0.0,1.0,200807,1000
persistence,LA-XE,200810,1,0.6979409999999999,1.0,1.0,0.0,0.0,200810,1000
persistence,LA-XE,200811,2,0.6954600000000001,1.0,1.0,0.0,0.0,200810,1000
persistence,LA-XE,200812,3,0.120054,0.0,1.0,1.0,1.0,200810,1000
persistence,LA-XE,200901,1,0.6979409999999999,1.0,1.0,0.0,0.0,200901,1000
persistence,LA-XE,200902,2,0.6954600000000001,1.0,1.0,0.0,2.0,200901,1000
persistence,LA-XE,200903,3,0.6880539999999999,1.0,1.0,0.0,2.0,200901,1000
persistence,LA-XE,200904,1,0.71307,1.0,1.0,0.0,1.0,200904,1000
persistence,LA-XE,200905,2,0.132101,0.0,1.0,1.0,2.0,200904,1000
persistence,LA-XE,200906,3,6.022938,7.0,0.0,0.0,9.0,200904,1000
persistence,LA-XE,200907,1,19.060946,20.0,0.0,0.0,29.0,200907,1000
persistence,LA-XE,200908,2,16.974494,18.0,0.0,0.0,27.0,200907,1000
persistence,LA-XE,200909,3,2.3166710000000004,3.0,0.0,0.0,6.0,200907,1000
persistence,LA-XE,200910,1,0.722745,1.0,1.0,0.0,7.0,200910,1000
persistence,LA-XE,200911,2,2.3122510000000003,3.0,0.0,0.0,3.0,200910,1000
persistence,LA-XE,200912,3,0.713921,1.0,1.0,0.0,7.0,200910,1000
persistence,LA-XI,200801,1,0.000689,0.0,1.0,1.0,0.0,200801,1000
persistence,LA-XI,200802,2,0.000689,0.0,1.0,1.0,0.0,200801,1000
persistence,LA-XI,200803,3,0.000757,0.0,1.0,1.0,0.0,200801,1000
persistence,LA-XI,200804,1,0.000689,0.0,1.0,1.0,0.0,200804,1000
persistence,LA-XI,200805,2,0.000689,0.0,1.0,1.0,0.0,200804,1000
persistence,LA-XI,200806,3,0.948757,1.0,0.0,0.0,1.0,200804,1000
persistence,LA-XI,200807,1,0.951314,1.0,0.0,0.0,0.0,200807,1000
persistence,LA-XI,200808,2,0.951314,1.0,0.0,0.0,0.0,200807,1000
persistence,LA-XI,200809,3,0.949433,1.0,0.0,0.0,0.0,200807,1000
persistence,LA-XI,200810,1,0.000689,0.0,1.0,1.0,0.0,200810,1000
persistence,LA-XI,200811,2,0.000689,0.0,1.0,1.0,0.0,200810,1000
persistence,LA-XI,200812,3,0.000757,0.0,1.0,1.0,0.0,200810,1000
persistence,LA-XI,200901,1,0.000689,0.0,1.0,1.0,0.0,200901,1000
persistence,LA-XI,200902,2,0.000689,0.0,1.0,1.0,0.0,200901,1000
persistence,LA-XI,200903,3,0.000757,0.0,1.0,1.0,0.0,200901,1000
persistence,LA-XI,200904,1,0.000689,0.0,1.0,1.0,0.0,200904,1000
persistence,LA-XI,200905,2,38.934689,39.0,0.0,0.0,39.0,200904,1000
persistence,LA-XI,200906,3,32.93075700000001,33.0,0.0,0.0,33.0,200904,1000
persistence,LA-XI,200907,1,31.935378,32.0,0.0,0.0,1.0,200907,1000
persistence,LA-XI,200908,2,22.935378,23.0,0.0,0.0,10.0,200907,1000
persistence,LA-XI,200909,3,32.931514,33.0,0.0,0.0,0.0,200907,1000
persistence,LA-XI,200910,1,0.000689,0.0,1.0,1.0,0.0,200910,1000
persistence,LA-XI,200911,2,0.000689,0.0,1.0,1.0,0.0,200910,1000
persistence,LA-XI,200912,3,0.000757,0.0,1.0,1.0,0.0,200910,1000
reference,LA-AT,200801,1,2.843778,4.0,0.0,0.0,4.0,200801,4000
reference,LA-AT,200802,2,1.27069825,2.0,1.0,0.0,2.0,200801,4000
reference,LA-AT,200803,3,0.05815425,0.0,1.0,1.0,0.0,200801,4000
reference,LA-AT,200804,1,0.40213925,0.25,1.0,1.0,0.0,200804,4000
reference,LA-AT,200805,2,1.3895627499999998,2.25,1.0,1.0,4.0,200804,4000
reference,LA-AT,200806,3,3.859928749999999,7.0,1.0,0.0,10.0,200804,4000
reference,LA-AT,200807,1,3.6048765,5.0,1.0,1.0,6.0,200807,4000
reference,LA-AT,200808,2,6.7388970000000015,10.5,1.0,0.0,11.0,200807,4000
reference,LA-AT,200809,3,16.55779825,23.375,0.5,0.0,24.0,200807,4000
reference,LA-AT,200810,1,30.05143225,42.0,0.0,0.0,47.0,200810,4000
reference,LA-AT,200811,2,31.29876075,39.5,0.0,0.0,43.0,200810,4000
reference,LA-AT,200812,3,16.832409,21.25,0.0,0.0,23.0,200810,4000
reference,LA-AT,200901,1,8.15741675,13.75,1.0,0.0,18.0,200901,4000
reference,LA-AT,200902,2,38.2688245,44.0,0.0,0.0,46.0,200901,4000
reference,LA-AT,200903,3,58.3273705,71.5,0.0,0.0,77.0,200901,4000
reference,LA-AT,200904,1,45.0193875,75.5,1.0,0.0,99.0,200904,4000
reference,LA-AT,200905,2,58.171937750000005,75.0,0.0,0.0,0.0,200904,4000
reference,LA-AT,200906,3,42.79439225,52.375,1.0,1.0,24.0,200904,4000
reference,LA-AT,200907,1,45.335880249999995,63.0,0.25,0.0,64.0,200907,4000
reference,LA-AT,200908,2,14.612689,21.0,0.5,0.0,21.0,200907,4000
reference,LA-AT,200909,3,10.27908925,16.0,1.0,0.0,17.0,200907,4000
reference,LA-AT,200910,1,6.225308000000001,5.625,1.0,1.0,4.0,200910,4000
reference,LA-AT,200911,2,6.568098500000001,4.5,1.0,1.0,16.0,200910,4000
reference,LA-AT,200912,3,5.2732209999999995,3.25,1.0,1.0,6.0,200910,4000
reference,LA-BK,200801,1,0.9506525,1.0,0.0,0.0,1.0,200801,4000
reference,LA-BK,200802,2,0.0001489999999999,0.0,1.0,1.0,0.0,200801,4000
reference,LA-BK,200803,3,3.474999999999995e-05,0.0,1.0,1.0,0.0,200801,4000
reference,LA-BK,200804,1,0.0036017499999999,0.0,1.0,1.0,0.0,200804,4000
reference,LA-BK,200805,2,11.5114635,12.0,0.0,0.0,12.0,200804,4000
reference,LA-BK,200806,3,52.3636635,53.0,0.0,0.0,53.0,200804,4000
reference,LA-BK,200807,1,1.9668307500000008,1.0,1.0,1.0,2.0,200807,4000
reference,LA-BK,200808,2,6.0518055,9.0,0.75,0.0,9.0,200807,4000
reference,LA-BK,200809,3,21.88949425,32.0,1.0,0.0,33.0,200807,4000
reference,LA-BK,200810,1,20.75299725,25.25,1.0,1.0,48.0,200810,4000
reference,LA-BK,200811,2,46.888191250000006,53.0,0.0,0.0,55.0,200810,4000
reference,LA-BK,200812,3,2.82794425,4.5,0.75,0.0,5.0,200810,4000
reference,LA-BK,200901,1,0.4985245000000001,0.0,1.0,1.0,1.0,200901,4000
reference,LA-BK,200902,2,0.41996075,0.5,1.0,1.0,0.0,200901,4000
reference,LA-BK,200903,3,0.7845957499999999,0.5,1.0,1.0,1.0,200901,4000
reference,LA-BK,200904,1,1.2872052499999995,0.0,1.0,1.0,3.0,200904,4000
reference,LA-BK,200905,2,43.8562265,63.0,0.0,0.0,74.0,200904,4000
reference,LA-BK,200906,3,142.94503500000002,191.25,0.0,0.0,216.0,200904,4000
reference,LA-BK,200907,1,180.8742105,211.0,0.0,0.0,212.0,200907,4000
reference,LA-BK,200908,2,87.73226275,109.0,0.0,0.0,110.0,200907,4000
reference,LA-BK,200909,3,38.01167525,51.0,0.0,0.0,52.0,200907,4000
reference,LA-BK,200910,1,22.415090750000005,16.25,1.0,1.0,31.0,200910,4000
reference,LA-BK,200911,2,13.720553250000002,16.5,1.0,0.25,5.0,200910,4000
reference,LA-BK,200912,3,4.280029,4.0,1.0,1.0,4.0,200910,4000
reference,LA-BL,200801,1,5.01450175,8.0,1.0,0.0,10.0,200801,4000
reference,LA-BL,200802,2,5.884085499999999,7.0,0.0,0.0,7.0,200801,4000
reference,LA-BL,200803,3,0.4207695,1.0,1.0,1.0,1.0,200801,4000
reference,LA-BL,200804,1,1.3579262500000002,0.25,1.0,1.0,3.0,200804,4000
reference,LA-BL,200805,2,5.0508495,9.0,1.0,1.0,15.0,200804,4000
reference,LA-BL,200806,3,5.73621425,7.25,1.0,1.0,19.0,200804,4000
reference,LA-BL,200807,1,19.88587275,30.0,1.0,0.0,31.0,200807,4000
reference,LA-BL,200808,2,20.180595500000003,30.5,1.0,0.0,32.0,200807,4000
reference,LA-BL,200809,3,18.19255125,28.0,1.0,0.0,30.0,200807,4000
reference,LA-BL,200810,1,9.664315749999998,11.0,1.0,1.0,5.0,200810,4000
reference,LA-BL,200811,2,4.08976525,5.25,1.0,1.0,12.0,200810,4000
reference,LA-BL,200812,3,0.9906275,1.0,1.0,1.0,1.0,200810,4000
reference,LA-BL,200901,1,0.6997199999999999,1.0,1.0,1.0,2.0,200901,4000
reference,LA-BL,200902,2,1.54507375,2.875,1.0,0.0,3.0,200901,4000
reference,LA-BL,200903,3,1.25389475,1.75,1.0,1.0,0.0,200901,4000
reference,LA-BL,200904,1,0.79265125,0.75,1.0,1.0,2.0,200904,4000
reference,LA-BL,200905,2,3.28433175,4.5,1.0,0.0,0.0,200904,4000
reference,LA-BL,200906,3,4.8324625,3.5,1.0,1.0,7.0,200904,4000
reference,LA-BL,200907,1,21.315734,33.0,1.0,0.0,35.0,200907,4000
reference,LA-BL,200908,2,6.129631250000008,7.0,1.0,1.0,9.0,200907,4000
reference,LA-BL,200909,3,5.794849250000004,2.5,1.0,1.0,0.0,200907,4000
reference,LA-BL,200910,1,5.720424250000001,7.125,1.0,0.0,1.0,200910,4000
reference,LA-BL,200911,2,2.2356965,1.75,1.0,1.0,2.0,200910,4000
reference,LA-BL,200912,3,0.6964042500000002,0.0,1.0,1.0,1.0,200910,4000
reference,LA-CH,200801,1,30.30105375,53.5,1.0,0.0,73.0,200801,4000
reference,LA-CH,200802,2,49.507494,74.75,0.25,0.0,90.0,200801,4000
reference,LA-CH,200803,3,56.2829525,80.0,0.0,0.0,92.0,200801,4000
reference,LA-CH,200804,1,24.161526,14.0,1.0,1.0,69.0,200804,4000
reference,LA-CH,200805,2,56.727839499999995,30.5,1.0,1.0,113.0,200804,4000
reference,LA-CH,200806,3,116.52100975000002,23.375,1.0,1.0,295.0,200804,4000
reference,LA-CH,200807,1,95.73478275,151.0,1.0,0.0,162.0,200807,4000
reference,LA-CH,200808,2,86.27881725000006,134.25,1.0,0.0,143.0,200807,4000
reference,LA-CH,200809,3,119.345246,177.5,1.0,0.0,185.0,200807,4000
reference,LA-CH,200810,1,44.69568875,74.5,1.0,1.0,140.0,200810,4000
reference,LA-CH,200811,2,39.47056275,64.375,1.0,0.5,102.0,200810,4000
reference,LA-CH,200812,3,32.2806005,56.375,1.0,0.0,73.0,200810,4000
reference,LA-CH,200901,1,9.64688725,14.625,1.0,1.0,31.0,200901,4000
reference,LA-CH,200902,2,27.55549025,40.625,0.0,0.0,48.0,200901,4000
reference,LA-CH,200903,3,21.55035225,39.25,1.0,0.0,60.0,200901,4000
reference,LA-CH,200904,1,32.902559249999996,55.0,1.0,0.75,102.0,200904,4000
reference,LA-CH,200905,2,98.07035725,119.125,1.0,0.75,66.0,200904,4000
reference,LA-CH,200906,3,94.84596575,88.125,1.0,1.0,124.0,200904,4000
reference,LA-CH,200907,1,74.70629275000002,103.25,1.0,0.75,122.0,200907,4000
reference,LA-CH,200908,2,65.24416374999998,101.75,1.0,0.0,110.0,200907,4000
reference,LA-CH,200909,3,62.73381499999999,94.5,1.0,0.0,105.0,200907,4000
reference,LA-CH,200910,1,20.276026249999997,29.25,1.0,1.0,59.0,200910,4000
reference,LA-CH,200911,2,16.929015500000002,5.5,1.0,1.0,35.0,200910,4000
reference,LA-CH,200912,3,11.67808275,11.25,1.0,1.0,32.0,200910,4000
reference,LA-HO,200801,1,0.0041867499999999,0.0,1.0,1.0,0.0,200801,4000
reference,LA-HO,200802,2,0.00100825,0.0,1.0,1.0,0.0,200801,4000
reference,LA-HO,200803,3,0.007007,0.0,1.0,1.0,0.0,200801,4000
reference,LA-HO,200804,1,0.006286,0.0,1.0,1.0,0.0,200804,4000
reference,LA-HO,200805,2,0.0173154999999999,0.0,1.0,1.0,0.0,200804,4000
reference,LA-HO,200806,3,0.0101267499999999,0.0,1.0,1.0,0.0,200804,4000
reference,LA-HO,200807,1,0.3115272499999999,0.0,1.0,1.0,0.0,200807,4000
reference,LA-HO,200808,2,0.3627835000000001,0.0,1.0,1.0,0.0,200807,4000
reference,LA-HO,200809,3,0.6951275000000001,1.0,1.0,1.0,1.0,200807,4000
reference,LA-HO,200810,1,0.069528,0.0,1.0,1.0,0.0,200810,4000
reference,LA-HO,200811,2,0.01690375,0.0,1.0,1.0,0.0,200810,4000
reference,LA-HO,200812,3,0.8597135,1.0,0.0,0.0,1.0,200810,4000
reference,LA-HO,200901,1,0.0152839999999999,0.0,1.0,1.0,0.0,200901,4000
reference,LA-HO,200902,2,0.02521275,0.0,1.0,1.0,0.0,200901,4000
reference,LA-HO,200903,3,0.025151,0.0,1.0,1.0,0.0,200901,4000
reference,LA-HO,200904,1,0.0068417499999999,0.0,1.0,1.0,0.0,200904,4000
reference,LA-HO,200905,2,0.00955425,0.0,1.0,1.0,0.0,200904,4000
reference,LA-HO,200906,3,0.03212525,0.0,1.0,1.0,0.0,200904,4000
reference,LA-HO,200907,1,0.5240279999999998,0.0,1.0,1.0,0.0,200907,4000
reference,LA-HO,200908,2,0.7317174999999991,0.0,1.0,1.0,0.0,200907,4000
reference,LA-HO,200909,3,0.8271042500000003,1.0,1.0,1.0,1.0,200907,4000
reference,LA-HO,200910,1,0.579982,1.0,1.0,0.5,1.0,200910,4000
reference,LA-HO,200911,2,0.7637797500000001,1.0,1.0,0.0,1.0,200910,4000
reference,LA-HO,200912,3,0.8669864999999999,1.0,0.0,0.0,1.0,200910,4000
reference,LA-KH,200801,1,0.7767697499999999,1.0,1.0,1.0,0.0,200801,4000
reference,LA-KH,200802,2,0.09116375,0.0,1.0,1.0,0.0,200801,4000
reference,LA-KH,200803,3,0.096911,0.0,1.0,1.0,0.0,200801,4000
reference,LA-KH,200804,1,0.49451525,1.0,1.0,1.0,0.0,200804,4000
reference,LA-KH,200805,2,1.3177015,1.75,1.0,1.0,0.0,200804,4000
reference,LA-KH,200806,3,2.37704625,3.25,1.0,1.0,1.0,200804,4000
reference,LA-KH,200807,1,3.9006657500000017,1.0,1.0,1.0,3.0,200807,4000
reference,LA-KH,200808,2,4.992983999999996,2.0,1.0,1.0,0.0,200807,4000
reference,LA-KH,200809,3,4.9839932499999975,2.0,1.0,1.0,4.0,200807,4000
reference,LA-KH,200810,1,0.8226982500000001,0.0,1.0,1.0,1.0,200810,4000
reference,LA-KH,200811,2,1.420912,2.5,1.0,0.5,3.0,200810,4000
reference,LA-KH,200812,3,3.210615,4.0,0.0,0.0,4.0,200810,4000
reference,LA-KH,200901,1,0.079932,0.0,1.0,1.0,0.0,200901,4000
reference,LA-KH,200902,2,0.02569925,0.0,1.0,1.0,0.0,200901,4000
reference,LA-KH,200903,3,4.6066277499999995,6.0,0.0,0.0,6.0,200901,4000
reference,LA-KH,200904,1,0.36154425,0.25,1.0,1.0,0.0,200904,4000
reference,LA-KH,200905,2,2.3069517499999996,4.0,1.0,0.5,6.0,200904,4000
reference,LA-KH,200906,3,65.95826525000001,76.0,0.0,0.0,80.0,200904,4000
reference,LA-KH,200907,1,109.88572675,151.75,0.25,0.0,155.0,200907,4000
reference,LA-KH,200908,2,239.255976,300.25,0.0,0.0,303.0,200907,4000
reference,LA-KH,200909,3,208.651637,273.0,0.0,0.0,277.0,200907,4000
reference,LA-KH,200910,1,43.68852775,10.25,1.0,1.0,85.0,200910,4000
reference,LA-KH,200911,2,21.73199325,18.375,1.0,1.0,61.0,200910,4000
reference,LA-KH,200912,3,31.134811749999997,53.25,1.0,0.0,67.0,200910,4000
reference,LA-LM,200801,1,0.0002277499999999,0.0,1.0,1.0,0.0,200801,4000
reference,LA-LM,200802,2,4.825000000000033e-05,0.0,1.0,1.0,0.0,200801,4000
reference,LA-LM,200803,3,1.1750000000000096e-05,0.0,1.0,1.0,0.0,200801,4000
reference,LA-LM,200804,1,0.000224,0.0,1.0,1.0,0.0,200804,4000
reference,LA-LM,200805,2,0.0024625,0.0,1.0,1.0,0.0,200804,4000
reference,LA-LM,200806,3,0.00262475,0.0,1.0,1.0,0.0,200804,4000
reference,LA-LM,200807,1,0.8185527500000007,0.0,1.0,1.0,0.0,200807,4000
reference,LA-LM,200808,2,0.4491814999999999,0.0,1.0,1.0,0.0,200807,4000
reference,LA-LM,200809,3,0.769547,0.0,1.0,1.0,0.0,200807,4000
reference,LA-LM,200810,1,0.02318925,0.0,1.0,1.0,0.0,200810,4000
reference,LA-LM,200811,2,0.0051354999999999,0.0,1.0,1.0,0.0,200810,4000
reference,LA-LM,200812,3,0.0017502499999999,0.0,1.0,1.0,0.0,200810,4000
reference,LA-LM,200901,1,9.174999999999938e-05,0.0,1.0,1.0,0.0,200901,4000
reference,LA-LM,200902,2,0.00017825,0.0,1.0,1.0,0.0,200901,4000
reference,LA-LM,200903,3,0.00027875,0.0,1.0,1.0,0.0,200901,4000
reference,LA-LM,200904,1,0.958454,1.0,0.0,0.0,1.0,200904,4000
reference,LA-LM,200905,2,0.0028837499999999,0.0,1.0,1.0,0.0,200904,4000
reference,LA-LM,200906,3,1.80276425,2.0,0.0,0.0,2.0,200904,4000
reference,LA-LM,200907,1,1.2255580000000004,1.0,1.0,1.0,1.0,200907,4000
reference,LA-LM,200908,2,1.377684,0.25,1.0,1.0,0.0,200907,4000
reference,LA-LM,200909,3,2.394104999999999,4.0,1.0,0.75,4.0,200907,4000
reference,LA-LM,200910,1,2.78675125,4.0,1.0,0.0,5.0,200910,4000
reference,LA-LM,200911,2,4.480563,6.0,0.0,0.0,6.0,200910,4000
reference,LA-LM,200912,3,3.32557725,4.0,0.0,0.0,4.0,200910,4000
reference,LA-LP,200801,1,0.9657692499999998,1.0,1.0,1.0,0.0,200801,4000
reference,LA-LP,200802,2,14.09225975,16.0,0.0,0.0,16.0,200801,4000
reference,LA-LP,200803,3,20.20112575,22.0,0.0,0.0,22.0,200801,4000
reference,LA-LP,200804,1,17.5920025,27.0,0.25,0.0,33.0,200804,4000
reference,LA-LP,200805,2,72.72945200000001,101.5,0.0,0.0,116.0,200804,4000
reference,LA-LP,200806,3,95.983333,136.75,0.0,0.0,160.0,200804,4000
reference,LA-LP,200807,1,9.979846249999998,15.0,1.0,0.0,16.0,200807,4000
reference,LA-LP,200808,2,8.287493499999998,12.75,1.0,0.0,13.0,200807,4000
reference,LA-LP,200809,3,8.749486749999999,13.5,1.0,0.0,14.0,200807,4000
reference,LA-LP,200810,1,16.75962025,26.75,1.0,0.0,33.0,200810,4000
reference,LA-LP,200811,2,106.0756235,113.5,0.0,0.0,116.0,200810,4000
reference,LA-LP,200812,3,156.9110135,160.0,0.0,0.0,161.0,200810,4000
reference,LA-LP,200901,1,7.987456000000001,10.5,0.5,0.0,0.0,200901,4000
reference,LA-LP,200902,2,6.6241135,8.75,1.0,0.0,0.0,200901,4000
reference,LA-LP,200903,3,13.274041249999998,16.625,0.0,0.0,0.0,200901,4000
reference,LA-LP,200904,1,10.313116,13.5,0.25,0.0,0.0,200904,4000
reference,LA-LP,200905,2,26.3541935,33.625,0.0,0.0,0.0,200904,4000
reference,LA-LP,200906,3,54.193438,70.125,1.0,0.0,9.0,200904,4000
reference,LA-LP,200907,1,19.251906750000003,29.0,1.0,0.0,30.0,200907,4000
reference,LA-LP,200908,2,21.200935000000005,31.0,1.0,0.0,32.0,200907,4000
reference,LA-LP,200909,3,277.12588,312.0,0.0,0.0,313.0,200907,4000
reference,LA-LP,200910,1,71.22420475000001,124.125,1.0,0.0,165.0,200910,4000
reference,LA-LP,200911,2,37.8865545,66.25,1.0,0.0,87.0,200910,4000
reference,LA-LP,200912,3,5.996440249999999,7.5,1.0,0.0,0.0,200910,4000
reference,LA-OU,200801,1,0.0008642499999999,0.0,1.0,1.0,0.0,200801,4000
reference,LA-OU,200802,2,0.0002057499999999,0.0,1.0,1.0,0.0,200801,4000
reference,LA-OU,200803,3,0.00016075,0.0,1.0,1.0,0.0,200801,4000
reference,LA-OU,200804,1,0.0016047499999999,0.0,1.0,1.0,0.0,200804,4000
reference,LA-OU,200805,2,0.0069765,0.0,1.0,1.0,0.0,200804,4000
reference,LA-OU,200806,3,0.01158325,0.0,1.0,1.0,0.0,200804,4000
reference,LA-OU,200807,1,1.660432,1.0,1.0,1.0,0.0,200807,4000
reference,LA-OU,200808,2,1.0740937500000012,0.0,1.0,1.0,0.0,200807,4000
reference,LA-OU,200809,3,1.4311689999999988,0.5,1.0,1.0,0.0,200807,4000
reference,LA-OU,200810,1,0.021127,0.0,1.0,1.0,0.0,200810,4000
reference,LA-OU,200811,2,0.00638225,0.0,1.0,1.0,0.0,200810,4000
reference,LA-OU,200812,3,0.001318,0.0,1.0,1.0,0.0,200810,4000
reference,LA-OU,200901,1,0.0001792499999999,0.0,1.0,1.0,0.0,200901,4000
reference,LA-OU,200902,2,0.0001462499999999,0.0,1.0,1.0,0.0,200901,4000
reference,LA-OU,200903,3,0.00050325,0.0,1.0,1.0,0.0,200901,4000
reference,LA-OU,200904,1,0.00084125,0.0,1.0,1.0,0.0,200904,4000
reference,LA-OU,200905,2,0.00343275,0.0,1.0,1.0,0.0,200904,4000
reference,LA-OU,200906,3,0.0142809999999999,0.0,1.0,1.0,0.0,200904,4000
reference,LA-OU,200907,1,2.329845500000001,1.0,1.0,1.0,0.0,200907,4000
reference,LA-OU,200908,2,2.3543002499999988,0.0,1.0,1.0,1.0,200907,4000
reference,LA-OU,200909,3,8.938106000000001,14.0,1.0,0.0,15.0,200907,4000
reference,LA-OU,200910,1,2.2261425,4.0,1.0,1.0,6.0,200910,4000
reference,LA-OU,200911,2,9.0201365,12.0,0.0,0.0,13.0,200910,4000
reference,LA-OU,200912,3,16.122298500000003,18.0,0.0,0.0,18.0,200910,4000
reference,LA-PH,200901,1,0.01879875,0.0,1.0,1.0,0.0,200901,4000
reference,LA-PH,200902,2,0.0199922499999999,0.0,1.0,1.0,0.0,200901,4000
reference,LA-PH,200903,3,0.02237275,0.0,1.0,1.0,0.0,200901,4000
reference,LA-PH,200904,1,0.0046394999999999,0.0,1.0,1.0,0.0,200904,4000
reference,LA-PH,200905,2,0.00739325,0.0,1.0,1.0,0.0,200904,4000
reference,LA-PH,200906,3,0.02563525,0.0,1.0,1.0,0.0,200904,4000
reference,LA-PH,200907,1,0.2889522499999999,0.0,1.0,1.0,0.0,200907,4000
reference,LA-PH,200909,3,0.35937375,0.0,1.0,1.0,0.0,200907,4000
reference,LA-PH,200910,1,0.01366325,0.0,1.0,1.0,0.0,200910,4000
reference,LA-PH,200911,2,0.0062909999999999,0.0,1.0,1.0,0.0,200910,4000
reference,LA-PH,200912,3,0.0010257499999999,0.0,1.0,1.0,0.0,200910,4000
reference,LA-SL,200801,1,0.9460025,1.0,1.0,1.0,0.0,200801,4000
reference,LA-SL,200802,2,0.4024604999999999,0.75,1.0,1.0,1.0,200801,4000
reference,LA-SL,200803,3,3.83495525,5.0,0.0,0.0,5.0,200801,4000
reference,LA-SL,200804,1,0.8814482499999999,0.0,1.0,1.0,2.0,200804,4000
reference,LA-SL,200805,2,87.96084450000001,100.25,0.0,0.0,105.0,200804,4000
reference,LA-SL,200806,3,186.880216,213.75,0.0,0.0,226.0,200804,4000
reference,LA-SL,200807,1,49.76997650000001,74.75,1.0,0.0,78.0,200807,4000
reference,LA-SL,200808,2,39.88643125,60.0,1.0,0.0,63.0,200807,4000
reference,LA-SL,200809,3,57.137924,82.5,1.0,0.0,85.0,200807,4000
reference,LA-SL,200810,1,35.92986325,63.875,1.0,0.25,91.0,200810,4000
reference,LA-SL,200811,2,7.849220999999998,7.125,1.0,1.0,21.0,200810,4000
reference,LA-SL,200812,3,2.7953297499999996,2.75,1.0,1.0,8.0,200810,4000
reference,LA-SL,200901,1,1.50037375,1.5,1.0,1.0,1.0,200901,4000
reference,LA-SL,200902,2,19.47660375,23.0,0.0,0.0,24.0,200901,4000
reference,LA-SL,200903,3,12.97579675,20.5,0.5,0.0,25.0,200901,4000
reference,LA-SL,200904,1,5.949767,7.625,1.0,1.0,19.0,200904,4000
reference,LA-SL,200905,2,42.247478750000006,77.0,1.0,0.25,122.0,200904,4000
reference,LA-SL,200906,3,31.07008425,25.25,1.0,1.0,42.0,200904,4000
reference,LA-SL,200907,1,111.740249,158.75,0.75,0.0,164.0,200907,4000
reference,LA-SL,200908,2,86.96571524999999,123.5,0.75,0.0,127.0,200907,4000
reference,LA-SL,200909,3,60.81161849999992,88.25,0.75,0.0,91.0,200907,4000
reference,LA-SL,200910,1,35.290878750000005,62.875,1.0,0.0,94.0,200910,4000
reference,LA-SL,200911,2,17.595326500000002,13.125,1.0,1.0,44.0,200910,4000
reference,LA-SL,200912,3,6.662675,3.0,1.0,1.0,17.0,200910,4000
reference,LA-SV,200801,1,4.81603275,6.0,1.0,0.25,1.0,200801,4000
reference,LA-SV,200802,2,0.80301975,0.5,1.0,1.0,1.0,200801,4000
reference,LA-SV,200803,3,0.446021,0.0,1.0,1.0,1.0,200801,4000
reference,LA-SV,200804,1,3.332029,4.25,1.0,0.0,0.0,200804,4000
reference,LA-SV,200805,2,7.582976,10.0,1.0,0.0,1.0,200804,4000
reference,LA-SV,200806,3,24.483152499999996,30.25,1.0,0.0,10.0,200804,4000
reference,LA-SV,200807,1,28.74233050000001,2.0,1.0,1.0,11.0,200807,4000
reference,LA-SV,200808,2,27.43958175,8.5,1.0,1.0,4.0,200807,4000
reference,LA-SV,200809,3,30.349143,10.75,1.0,1.0,2.0,200807,4000
reference,LA-SV,200810,1,3.732488,6.5,1.0,0.5,10.0,200810,4000
reference,LA-SV,200811,2,0.938717,0.5,1.0,1.0,2.0,200810,4000
reference,LA-SV,200812,3,0.3078467499999999,0.0,1.0,1.0,0.0,200810,4000
reference,LA-SV,200901,1,0.0638715,0.0,1.0,1.0,0.0,200901,4000
reference,LA-SV,200902,2,0.01188825,0.0,1.0,1.0,0.0,200901,4000
reference,LA-SV,200903,3,0.1344774999999999,0.0,1.0,1.0,0.0,200901,4000
reference,LA-SV,200904,1,0.177956,0.0,1.0,1.0,0.0,200904,4000
reference,LA-SV,200905,2,1.2141945,1.5,1.0,1.0,0.0,200904,4000
reference,LA-SV,200906,3,1.6867960000000002,2.0,1.0,1.0,1.0,200904,4000
reference,LA-SV,200907,1,37.263484499999976,4.375,1.0,1.0,13.0,200907,4000
reference,LA-SV,200908,2,34.300059249999975,21.125,1.0,1.0,34.0,200907,4000
reference,LA-SV,200909,3,37.789109499999995,33.75,1.0,1.0,48.0,200907,4000
reference,LA-SV,200910,1,6.8573585,2.0,1.0,1.0,16.0,200910,4000
reference,LA-SV,200911,2,15.18808925,25.75,1.0,0.0,33.0,200910,4000
reference,LA-SV,200912,3,1.5517175,1.5,1.0,1.0,4.0,200910,4000
reference,LA-VT,200801,1,10.41363775,5.5,1.0,1.0,29.0,200801,4000
reference,LA-VT,200802,2,4.048265499999999,7.25,1.0,0.75,12.0,200801,4000
reference,LA-VT,200803,3,16.21127275,22.75,0.0,0.0,26.0,200801,4000
reference,LA-VT,200804,1,14.86311825,19.0,1.0,0.0,4.0,200804,4000
reference,LA-VT,200805,2,25.32802325,28.5,1.0,1.0,17.0,200804,4000
reference,LA-VT,200806,3,63.382244,71.25,1.0,1.0,60.0,200804,4000
reference,LA-VT,200807,1,77.94207399999999,117.25,1.0,0.0,132.0,200807,4000
reference,LA-VT,200808,2,85.36697600000001,132.375,1.0,0.0,144.0,200807,4000
reference,LA-VT,200809,3,92.04925725,145.25,1.0,0.0,158.0,200807,4000
reference,LA-VT,200810,1,34.733028499999996,22.0,1.0,1.0,95.0,200810,4000
reference,LA-VT,200811,2,55.85755025,95.0,1.0,0.25,129.0,200810,4000
reference,LA-VT,200812,3,57.039691999999995,80.125,0.0,0.0,91.0,200810,4000
reference,LA-VT,200901,1,18.6692275,30.375,1.0,0.0,38.0,200901,4000
reference,LA-VT,200902,2,11.15564675,16.5,0.25,0.0,20.0,200901,4000
reference,LA-VT,200903,3,6.316684999999999,5.25,1.0,1.0,19.0,200901,4000
reference,LA-VT,200904,1,11.440299,4.5,1.0,1.0,33.0,200904,4000
reference,LA-VT,200905,2,76.90866274999999,91.125,1.0,1.0,54.0,200904,4000
reference,LA-VT,200906,3,119.32943025,134.75,1.0,1.0,104.0,200904,4000
reference,LA-VT,200907,1,181.146872,281.125,1.0,0.0,302.0,200907,4000
reference,LA-VT,200908,2,220.64271349999996,338.125,1.0,0.0,356.0,200907,4000
reference,LA-VT,200909,3,302.954888,452.25,1.0,0.0,470.0,200907,4000
reference,LA-VT,200910,1,204.359398,368.875,1.0,0.0,527.0,200910,4000
reference,LA-VT,200911,2,263.1079635,426.875,0.75,0.0,521.0,200910,4000
reference,LA-VT,200912,3,252.429333,333.5,0.0,0.0,366.0,200910,4000
reference,LA-XA,200801,1,1.1505040000000002,1.25,1.0,1.0,0.0,200801,4000
reference,LA-XA,200802,2,0.2366035,0.0,1.0,1.0,0.0,200801,4000
reference,LA-XA,200803,3,0.1543484999999999,0.0,1.0,1.0,0.0,200801,4000
reference,LA-XA,200804,1,0.77906425,1.0,1.0,1.0,0.0,200804,4000
reference,LA-XA,200805,2,1.2713525,1.0,1.0,1.0,2.0,200804,4000
reference,LA-XA,200806,3,2.05771575,1.75,1.0,1.0,6.0,200804,4000
reference,LA-XA,200807,1,10.87978875,17.0,1.0,0.0,19.0,200807,4000
reference,LA-XA,200808,2,4.2063855000000006,6.0,1.0,1.0,7.0,200807,4000
reference,LA-XA,200809,3,2.76171725,0.0,1.0,1.0,1.0,200807,4000
reference,LA-XA,200810,1,1.58890925,0.0,1.0,1.0,3.0,200810,4000
reference,LA-XA,200811,2,0.84899375,0.5,1.0,1.0,2.0,200810,4000
reference,LA-XA,200812,3,0.4167335,0.75,1.0,1.0,1.0,200810,4000
reference,LA-XA,200901,1,0.1101447499999999,0.0,1.0,1.0,0.0,200901,4000
reference,LA-XA,200902,2,0.0481382499999999,0.0,1.0,1.0,0.0,200901,4000
reference,LA-XA,200903,3,0.24881025,0.0,1.0,1.0,0.0,200901,4000
reference,LA-XA,200904,1,0.3033045,0.0,1.0,1.0,0.0,200904,4000
reference,LA-XA,200905,2,1.03324375,1.0,1.0,1.0,1.0,200904,4000
reference,LA-XA,200906,3,5.94217775,10.5,1.0,0.0,14.0,200904,4000
reference,LA-XA,200907,1,7.379285499999998,8.75,1.0,1.0,11.0,200907,4000
reference,LA-XA,200908,2,22.550600999999997,35.0,1.0,0.0,37.0,200907,4000
reference,LA-XA,200909,3,7.1610365,9.0,1.0,1.0,11.0,200907,4000
reference,LA-XA,200910,1,4.92278925,4.0,1.0,1.0,5.0,200910,4000
reference,LA-XA,200911,2,2.280862,0.5,1.0,1.0,5.0,200910,4000
reference,LA-XA,200912,3,1.3425107500000002,2.0,1.0,1.0,0.0,200910,4000
reference,LA-XE,200801,1,0.02217525,0.0,1.0,1.0,0.0,200801,4000
reference,LA-XE,200802,2,0.01211,0.0,1.0,1.0,0.0,200801,4000
reference,LA-XE,200803,3,0.00373475,0.0,1.0,1.0,0.0,200801,4000
reference,LA-XE,200804,1,0.015731,0.0,1.0,1.0,0.0,200804,4000
reference,LA-XE,200805,2,0.0489292499999999,0.0,1.0,1.0,0.0,200804,4000
reference,LA-XE,200806,3,4.0933755000000005,5.0,0.0,0.0,5.0,200804,4000
reference,LA-XE,200807,1,0.35634,0.0,1.0,1.0,0.0,200807,4000
reference,LA-XE,200808,2,0.4287667500000001,0.0,1.0,1.0,0.0,200807,4000
reference,LA-XE,200809,3,0.6875152499999996,1.0,1.0,1.0,1.0,200807,4000
reference,LA-XE,200810,1,0.0646334999999999,0.0,1.0,1.0,0.0,200810,4000
reference,LA-XE,200811,2,0.0372232499999999,0.0,1.0,1.0,0.0,200810,4000
reference,LA-XE,200812,3,0.84022825,1.0,0.5,0.0,1.0,200810,4000
reference,LA-XE,200901,1,0.00720625,0.0,1.0,1.0,0.0,200901,4000
reference,LA-XE,200902,2,1.8398695,2.0,0.0,0.0,2.0,200901,4000
reference,LA-XE,200903,3,1.74783625,2.0,0.0,0.0,2.0,200901,4000
reference,LA-XE,200904,1,0.50987075,1.0,1.0,1.0,1.0,200904,4000
reference,LA-XE,200905,2,1.004893,2.0,1.0,0.25,2.0,200904,4000
reference,LA-XE,200906,3,6.3652447500000005,8.0,0.0,0.0,9.0,200904,4000
reference,LA-XE,200907,1,22.88537925,29.0,0.0,0.0,29.0,200907,4000
reference,LA-XE,200908,2,21.641675000000006,27.0,0.0,0.0,27.0,200907,4000
reference,LA-XE,200909,3,4.024183750000001,6.0,1.0,0.0,6.0,200907,4000
reference,LA-XE,200910,1,2.7019832499999996,3.5,1.0,1.0,7.0,200910,4000
reference,LA-XE,200911,2,7.036917250000002,6.25,1.0,1.0,3.0,200910,4000
reference,LA-XE,200912,3,7.842418,4.375,1.0,1.0,7.0,200910,4000
reference,LA-XI,200801,1,0.00090475,0.0,1.0,1.0,0.0,200801,4000
reference,LA-XI,200802,2,0.0001669999999999,0.0,1.0,1.0,0.0,200801,4000
reference,LA-XI,200803,3,0.0003524999999999,0.0,1.0,1.0,0.0,200801,4000
reference,LA-XI,200804,1,0.00079725,0.0,1.0,1.0,0.0,200804,4000
reference,LA-XI,200805,2,0.001582,0.0,1.0,1.0,0.0,200804,4000
reference,LA-XI,200806,3,0.9245345,1.0,0.0,0.0,1.0,200804,4000
reference,LA-XI,200807,1,0.3463042500000001,0.0,1.0,1.0,0.0,200807,4000
reference,LA-XI,200808,2,0.3403080000000001,0.0,1.0,1.0,0.0,200807,4000
reference,LA-XI,200809,3,0.3975650000000001,0.0,1.0,1.0,0.0,200807,4000
reference,LA-XI,200810,1,0.009557,0.0,1.0,1.0,0.0,200810,4000
reference,LA-XI,200811,2,0.003309,0.0,1.0,1.0,0.0,200810,4000
reference,LA-XI,200812,3,0.0018475,0.0,1.0,1.0,0.0,200810,4000
reference,LA-XI,200901,1,0.0012932499999999,0.0,1.0,1.0,0.0,200901,4000
reference,LA-XI,200902,2,0.00165875,0.0,1.0,1.0,0.0,200901,4000
reference,LA-XI,200903,3,0.0013672499999999,0.0,1.0,1.0,0.0,200901,4000
reference,LA-XI,200904,1,0.00055,0.0,1.0,1.0,0.0,200904,4000
reference,LA-XI,200905,2,38.9299575,39.0,0.0,0.0,39.0,200904,4000
reference,LA-XI,200906,3,32.86331375,33.0,0.0,0.0,33.0,200904,4000
reference,LA-XI,200907,1,0.8017247500000004,1.0,1.0,1.0,1.0,200907,4000
reference,LA-XI,200908,2,6.8300355,10.0,1.0,0.0,10.0,200907,4000
reference,LA-XI,200909,3,0.6391172500000004,0.0,1.0,1.0,0.0,200907,4000
reference,LA-XI,200910,1,1.001379,1.125,1.0,1.0,0.0,200910,4000
reference,LA-XI,200911,2,0.4416812499999999,0.5,1.0,1.0,0.0,200910,4000
reference,LA-XI,200912,3,0.1998577499999999,0.0,1.0,1.0,0.0,200910,4000
