location,time_period,horizon_distance,model,against,crps_model,crps_against,split_first_period,diff
LA-AT,200801,1,ensemble,reference,3.241579,2.843778,200801,0.3978010000000003
LA-AT,200802,2,ensemble,reference,1.475973,1.27069825,200801,0.20527475000000006
LA-AT,200803,3,ensemble,reference,0.0495149999999999,0.05815425,200801,-0.008639250000000098
LA-AT,200804,1,ensemble,reference,0.0980080000000001,0.40213925,200804,-0.3041312499999999
LA-AT,200805,2,ensemble,reference,3.015376,1.3895627499999998,200804,1.62581325
LA-AT,200806,3,ensemble,reference,8.068203,3.859928749999999,200804,4.208274250000001
LA-AT,200807,1,ensemble,reference,2.5258480000000003,3.6048765,200807,-1.0790284999999997
LA-AT,200808,2,ensemble,reference,5.066772,6.7388970000000015,200807,-1.6721250000000012
LA-AT,200809,3,ensemble,reference,15.417986,16.55779825,200807,-1.1398122500000003
LA-AT,200810,1,ensemble,reference,32.163998,30.05143225,200810,2.112565749999998
LA-AT,200811,2,ensemble,reference,30.812565999999997,31.29876075,200810,-0.4861947500000028
LA-AT,200812,3,ensemble,reference,12.046259999999998,16.832409,200810,-4.786149
LA-AT,200901,1,ensemble,reference,9.581893999999998,8.15741675,200901,1.424477249999999
LA-AT,200902,2,ensemble,reference,35.003586,38.2688245,200901,-3.2652385000000024
LA-AT,200903,3,ensemble,reference,65.482339,58.3273705,200901,7.154968499999995
LA-AT,200904,1,ensemble,reference,63.851991000000005,45.0193875,200904,18.832603500000005
LA-AT,200905,2,ensemble,reference,5.397920000000001,58.171937750000005,200904,-52.774017750000006
LA-AT,200906,3,ensemble,reference,14.353342,42.79439225,200904,-28.441050250000004
LA-AT,200907,1,ensemble,reference,50.100723,45.335880249999995,200907,4.764842750000007
LA-AT,200908,2,ensemble,reference,9.625747999999998,14.612689,200907,-4.986941000000002
LA-AT,200909,3,ensemble,reference,6.518233,10.27908925,200907,-3.76085625
LA-AT,200910,1,ensemble,reference,3.2108179999999997,6.225308000000001,200910,-3.0144900000000012
LA-AT,200911,2,ensemble,reference,6.89691,6.568098500000001,200910,0.3288114999999987
LA-AT,200912,3,ensemble,reference,3.4367600000000005,5.2732209999999995,200910,-1.836460999999999
LA-BK,200801,1,ensemble,reference,0.651396,0.9506525,200801,-0.29925650000000004
LA-BK,200802,2,ensemble,reference,0.0652369999999999,0.0001489999999999,200801,0.06508800000000001
LA-BK,200803,3,ensemble,reference,0.0782649999999999,3.474999999999995e-05,200801,0.0782302499999999
LA-BK,200804,1,ensemble,reference,0.0767419999999999,0.0036017499999999,200804,0.07314024999999999
LA-BK,200805,2,ensemble,reference,10.487188,11.5114635,200804,-1.0242755
LA-BK,200806,3,ensemble,reference,50.859135,52.3636635,200804,-1.5045284999999993
LA-BK,200807,1,ensemble,reference,4.113639999999998,1.9668307500000008,200807,2.146809249999998
LA-BK,200808,2,ensemble,reference,6.368962999999999,6.0518055,200807,0.31715749999999865
LA-BK,200809,3,ensemble,reference,17.031405,21.88949425,200807,-4.858089249999999
LA-BK,200810,1,ensemble,reference,31.062132000000005,20.75299725,200810,10.309134750000005
LA-BK,200811,2,ensemble,reference,39.361528,46.888191250000006,200810,-7.526663250000006
LA-BK,200812,3,ensemble,reference,4.048108999999999,2.82794425,200810,1.2201647499999995
LA-BK,200901,1,ensemble,reference,0.6986380000000001,0.4985245000000001,200901,0.2001135
LA-BK,200902,2,ensemble,reference,0.4984199999999998,0.41996075,200901,0.07845924999999981
LA-BK,200903,3,ensemble,reference,0.7044599999999999,0.7845957499999999,200901,-0.08013575000000006
LA-BK,200904,1,ensemble,reference,2.0074379999999996,1.2872052499999995,200904,0.7202327500000001
LA-BK,200905,2,ensemble,reference,70.56519300000001,43.8562265,200904,26.70896650000001
LA-BK,200906,3,ensemble,reference,205.034876,142.94503500000002,200904,62.08984099999998
LA-BK,200907,1,ensemble,reference,117.281896,180.8742105,200907,-63.5923145
LA-BK,200908,2,ensemble,reference,64.62907100000001,87.73226275,200907,-23.103191749999993
LA-BK,200909,3,ensemble,reference,34.615536999999996,38.01167525,200907,-3.396138250000007
LA-BK,200910,1,ensemble,reference,14.878825,22.415090750000005,200910,-7.536265750000004
LA-BK,200911,2,ensemble,reference,6.056137,13.720553250000002,200910,-7.664416250000002
LA-BK,200912,3,ensemble,reference,4.7198660000000014,4.280029,200910,0.4398370000000016
LA-BL,200801,1,ensemble,reference,4.892064999999999,5.01450175,200801,-0.1224367500000012
LA-BL,200802,2,ensemble,reference,3.0269459999999997,5.884085499999999,200801,-2.8571394999999997
LA-BL,200803,3,ensemble,reference,2.414910000000001,0.4207695,200801,1.9941405000000008
LA-BL,200804,1,ensemble,reference,2.5873620000000006,1.3579262500000002,200804,1.2294357500000004
LA-BL,200805,2,ensemble,reference,6.084135,5.0508495,200804,1.0332854999999999
LA-BL,200806,3,ensemble,reference,7.746043,5.73621425,200804,2.0098287500000005
LA-BL,200807,1,ensemble,reference,12.397459000000003,19.88587275,200807,-7.488413749999998
LA-BL,200808,2,ensemble,reference,12.625806000000004,20.180595500000003,200807,-7.554789499999998
LA-BL,200809,3,ensemble,reference,11.848669,18.19255125,200807,-6.343882250000002
LA-BL,200810,1,ensemble,reference,11.988208,9.664315749999998,200810,2.323892250000002
LA-BL,200811,2,ensemble,reference,5.984430999999999,4.08976525,200810,1.8946657499999988
LA-BL,200812,3,ensemble,reference,4.426971,0.9906275,200810,3.4363435
LA-BL,200901,1,ensemble,reference,1.3197679999999998,0.6997199999999999,200901,0.6200479999999999
LA-BL,200902,2,ensemble,reference,1.4715929999999997,1.54507375,200901,-0.07348075000000032
LA-BL,200903,3,ensemble,reference,2.053401000000001,1.25389475,200901,0.799506250000001
LA-BL,200904,1,ensemble,reference,2.114692,0.79265125,200904,1.3220407499999998
LA-BL,200905,2,ensemble,reference,7.674250000000001,3.28433175,200904,4.389918250000001
LA-BL,200906,3,ensemble,reference,8.087463999999997,4.8324625,200904,3.255001499999997
LA-BL,200907,1,ensemble,reference,13.130278000000004,21.315734,200907,-8.185455999999995
LA-BL,200908,2,ensemble,reference,14.676631,6.129631250000008,200907,8.546999749999992
LA-BL,200909,3,ensemble,reference,15.905724,5.794849250000004,200907,10.110874749999995
LA-BL,200910,1,ensemble,reference,7.458556999999999,5.720424250000001,200910,1.7381327499999983
LA-BL,200911,2,ensemble,reference,5.571399000000001,2.2356965,200910,3.3357025000000013
LA-BL,200912,3,ensemble,reference,2.5095709999999993,0.6964042500000002,200910,1.8131667499999993
LA-CH,200801,1,ensemble,reference,32.206873,30.30105375,200801,1.9058192500000004
LA-CH,200802,2,ensemble,reference,46.140649,49.507494,200801,-3.366844999999998
LA-CH,200803,3,ensemble,reference,44.755998000000005,56.2829525,200801,-11.526954499999995
LA-CH,200804,1,ensemble,reference,23.638215,24.161526,200804,-0.5233109999999996
LA-CH,200805,2,ensemble,reference,40.72967600000001,56.727839499999995,200804,-15.998163499999983
LA-CH,200806,3,ensemble,reference,140.936691,116.52100975000002,200804,24.415681249999977
LA-CH,200807,1,ensemble,reference,52.41287600000001,95.73478275,200807,-43.32190674999998
LA-CH,200808,2,ensemble,reference,56.43036700000002,86.27881725000006,200807,-29.84845025000004
LA-CH,200809,3,ensemble,reference,56.384881999999976,119.345246,200807,-62.96036400000003
LA-CH,200810,1,ensemble,reference,37.734048999999985,44.69568875,200810,-6.961639750000018
LA-CH,200811,2,ensemble,reference,36.149662000000006,39.47056275,200810,-3.3209007499999927
LA-CH,200812,3,ensemble,reference,32.889178,32.2806005,200810,0.6085775000000027
LA-CH,200901,1,ensemble,reference,12.840968999999998,9.64688725,200901,3.194081749999997
LA-CH,200902,2,ensemble,reference,19.384294000000004,27.55549025,200901,-8.171196249999994
LA-CH,200903,3,ensemble,reference,23.444676,21.55035225,200901,1.8943237500000016
LA-CH,200904,1,ensemble,reference,48.86010100000001,32.902559249999996,200904,15.957541750000011
LA-CH,200905,2,ensemble,reference,21.23617,98.07035725,200904,-76.83418725
LA-CH,200906,3,ensemble,reference,43.2199,94.84596575,200904,-51.62606575
LA-CH,200907,1,ensemble,reference,35.14963900000001,74.70629275000002,200907,-39.55665375000001
LA-CH,200908,2,ensemble,reference,36.041673,65.24416374999998,200907,-29.20249074999998
LA-CH,200909,3,ensemble,reference,34.011730000000014,62.73381499999999,200907,-28.72208499999998
LA-CH,200910,1,ensemble,reference,23.964771000000013,20.276026249999997,200910,3.6887447500000157
LA-CH,200911,2,ensemble,reference,18.800192999999993,16.929015500000002,200910,1.871177499999991
LA-CH,200912,3,ensemble,reference,18.674213,11.67808275,200910,6.996130250000002
LA-HO,200801,1,ensemble,reference,0.1479749999999999,0.0041867499999999,200801,0.14378825
LA-HO,200802,2,ensemble,reference,0.1446109999999999,0.00100825,200801,0.14360274999999992
LA-HO,200803,3,ensemble,reference,0.163348,0.007007,200801,0.15634099999999998
LA-HO,200804,1,ensemble,reference,0.0688829999999999,0.006286,200804,0.0625969999999999
LA-HO,200805,2,ensemble,reference,0.041293,0.0173154999999999,200804,0.023977500000000103
LA-HO,200806,3,ensemble,reference,0.099602,0.0101267499999999,200804,0.08947525000000009
LA-HO,200807,1,ensemble,reference,0.1677740000000001,0.3115272499999999,200807,-0.14375324999999983
LA-HO,200808,2,ensemble,reference,0.07821,0.3627835000000001,200807,-0.2845735000000001
LA-HO,200809,3,ensemble,reference,0.6623800000000001,0.6951275000000001,200807,-0.03274750000000004
LA-HO,200810,1,ensemble,reference,0.1868009999999998,0.069528,200810,0.1172729999999998
LA-HO,200811,2,ensemble,reference,0.1494849999999999,0.01690375,200810,0.1325812499999999
LA-HO,200812,3,ensemble,reference,0.4012679999999998,0.8597135,200810,-0.45844550000000023
LA-HO,200901,1,ensemble,reference,0.1647509999999999,0.0152839999999999,200901,0.149467
LA-HO,200902,2,ensemble,reference,0.1461829999999999,0.02521275,200901,0.12097024999999989
LA-HO,200903,3,ensemble,reference,0.1601669999999999,0.025151,200901,0.13501599999999989
LA-HO,200904,1,ensemble,reference,0.0620439999999999,0.0068417499999999,200904,0.055202249999999994
LA-HO,200905,2,ensemble,reference,0.0513049999999999,0.00955425,200904,0.0417507499999999
LA-HO,200906,3,ensemble,reference,0.086619,0.03212525,200904,0.05449375
LA-HO,200907,1,ensemble,reference,0.1379369999999999,0.5240279999999998,200907,-0.38609099999999996
LA-HO,200908,2,ensemble,reference,0.096914,0.7317174999999991,200907,-0.6348034999999992
LA-HO,200909,3,ensemble,reference,0.619129,0.8271042500000003,200907,-0.20797525000000028
LA-HO,200910,1,ensemble,reference,0.4106869999999999,0.579982,200910,-0.16929500000000008
LA-HO,200911,2,ensemble,reference,0.452588,0.7637797500000001,200910,-0.3111917500000001
LA-HO,200912,3,ensemble,reference,0.3748819999999999,0.8669864999999999,200910,-0.4921045
LA-KH,200801,1,ensemble,reference,0.8767670000000001,0.7767697499999999,200801,0.09999725000000015
LA-KH,200802,2,ensemble,reference,0.6233489999999993,0.09116375,200801,0.5321852499999993
LA-KH,200803,3,ensemble,reference,0.482888,0.096911,200801,0.385977
LA-KH,200804,1,ensemble,reference,0.6087899999999999,0.49451525,200804,0.11427474999999992
LA-KH,200805,2,ensemble,reference,2.296721,1.3177015,200804,0.9790194999999997
LA-KH,200806,3,ensemble,reference,5.252074,2.37704625,200804,2.8750277500000005
LA-KH,200807,1,ensemble,reference,10.209626,3.9006657500000017,200807,6.308960249999998
LA-KH,200808,2,ensemble,reference,12.201071999999996,4.992983999999996,200807,7.208088
LA-KH,200809,3,ensemble,reference,6.050624999999997,4.9839932499999975,200807,1.066631749999999
LA-KH,200810,1,ensemble,reference,3.8944209999999977,0.8226982500000001,200810,3.0717227499999975
LA-KH,200811,2,ensemble,reference,1.8405500000000004,1.420912,200810,0.4196380000000004
LA-KH,200812,3,ensemble,reference,2.2690610000000007,3.210615,200810,-0.9415539999999996
LA-KH,200901,1,ensemble,reference,1.2010940000000003,0.079932,200901,1.1211620000000004
LA-KH,200902,2,ensemble,reference,0.8881970000000008,0.02569925,200901,0.8624977500000008
LA-KH,200903,3,ensemble,reference,3.336730999999999,4.6066277499999995,200901,-1.2698967500000005
LA-KH,200904,1,ensemble,reference,1.3910349999999996,0.36154425,200904,1.0294907499999995
LA-KH,200905,2,ensemble,reference,3.146447,2.3069517499999996,200904,0.8394952500000006
LA-KH,200906,3,ensemble,reference,49.678116,65.95826525000001,200904,-16.280149250000008
LA-KH,200907,1,ensemble,reference,81.21347999999999,109.88572675,200907,-28.672246750000014
LA-KH,200908,2,ensemble,reference,200.089524,239.255976,200907,-39.16645199999999
LA-KH,200909,3,ensemble,reference,193.208642,208.651637,200907,-15.442994999999996
LA-KH,200910,1,ensemble,reference,44.13972,43.68852775,200910,0.4511922499999983
LA-KH,200911,2,ensemble,reference,38.011667,21.73199325,200910,16.279673750000004
LA-KH,200912,3,ensemble,reference,41.104783999999995,31.134811749999997,200910,9.969972249999998
LA-LM,200801,1,ensemble,reference,0.035444,0.0002277499999999,200801,0.0352162500000001
LA-LM,200802,2,ensemble,reference,0.0426459999999999,4.825000000000033e-05,200801,0.0425977499999999
LA-LM,200803,3,ensemble,reference,0.056278,1.1750000000000096e-05,200801,0.056266250000000004
LA-LM,200804,1,ensemble,reference,0.0457199999999999,0.000224,200804,0.0454959999999999
LA-LM,200805,2,ensemble,reference,0.043388,0.0024625,200804,0.040925500000000004
LA-LM,200806,3,ensemble,reference,0.0527889999999999,0.00262475,200804,0.050164249999999896
LA-LM,200807,1,ensemble,reference,0.087036,0.8185527500000007,200807,-0.7315167500000007
LA-LM,200808,2,ensemble,reference,0.0932,0.4491814999999999,200807,-0.3559814999999999
LA-LM,200809,3,ensemble,reference,0.0775130000000001,0.769547,200807,-0.6920339999999999
LA-LM,200810,1,ensemble,reference,0.1288279999999999,0.02318925,200810,0.10563874999999989
LA-LM,200811,2,ensemble,reference,0.0744049999999999,0.0051354999999999,200810,0.0692695
LA-LM,200812,3,ensemble,reference,0.041362,0.0017502499999999,200810,0.039611750000000105
LA-LM,200901,1,ensemble,reference,0.034032,9.174999999999938e-05,200901,0.03394025
LA-LM,200902,2,ensemble,reference,0.0506539999999999,0.00017825,200901,0.0504757499999999
LA-LM,200903,3,ensemble,reference,0.0558239999999999,0.00027875,200901,0.0555452499999999
LA-LM,200904,1,ensemble,reference,0.76352,0.958454,200904,-0.19493400000000005
LA-LM,200905,2,ensemble,reference,0.0408699999999999,0.0028837499999999,200904,0.03798625
LA-LM,200906,3,ensemble,reference,1.567252,1.80276425,200904,-0.23551224999999998
LA-LM,200907,1,ensemble,reference,0.4762789999999999,1.2255580000000004,200907,-0.7492790000000005
LA-LM,200908,2,ensemble,reference,0.336012,1.377684,200907,-1.041672
LA-LM,200909,3,ensemble,reference,2.574184,2.394104999999999,200907,0.180079000000001
LA-LM,200910,1,ensemble,reference,2.575623,2.78675125,200910,-0.2111282499999998
LA-LM,200911,2,ensemble,reference,3.516005,4.480563,200910,-0.9645580000000002
LA-LM,200912,3,ensemble,reference,1.874819,3.32557725,200910,-1.4507582499999998
LA-LP,200801,1,ensemble,reference,1.0758200000000002,0.9657692499999998,200801,0.11005075000000042
LA-LP,200802,2,ensemble,reference,10.893968,14.09225975,200801,-3.198291750000001
LA-LP,200803,3,ensemble,reference,15.878301,20.20112575,200801,-4.322824749999999
LA-LP,200804,1,ensemble,reference,19.477829,17.5920025,200804,1.8858265000000003
LA-LP,200805,2,ensemble,reference,92.529987,72.72945200000001,200804,19.800534999999996
LA-LP,200806,3,ensemble,reference,123.29387,95.983333,200804,27.310536999999997
LA-LP,200807,1,ensemble,reference,20.305128000000003,9.979846249999998,200807,10.325281750000006
LA-LP,200808,2,ensemble,reference,21.127731999999995,8.287493499999998,200807,12.840238499999996
LA-LP,200809,3,ensemble,reference,18.636700000000005,8.749486749999999,200807,9.887213250000006
LA-LP,200810,1,ensemble,reference,12.665532,16.75962025,200810,-4.09408825
LA-LP,200811,2,ensemble,reference,89.63860199999999,106.0756235,200810,-16.437021500000014
LA-LP,200812,3,ensemble,reference,136.136407,156.9110135,200810,-20.774606500000004
LA-LP,200901,1,ensemble,reference,10.812440000000002,7.987456000000001,200901,2.8249840000000015
LA-LP,200902,2,ensemble,reference,10.843487000000003,6.6241135,200901,4.219373500000003
LA-LP,200903,3,ensemble,reference,11.510833000000003,13.274041249999998,200901,-1.7632082499999946
LA-LP,200904,1,ensemble,reference,1.072489,10.313116,200904,-9.240627
LA-LP,200905,2,ensemble,reference,2.283931000000001,26.3541935,200904,-24.0702625
LA-LP,200906,3,ensemble,reference,4.7245729999999995,54.193438,200904,-49.468865
LA-LP,200907,1,ensemble,reference,9.615247999999998,19.251906750000003,200907,-9.636658750000006
LA-LP,200908,2,ensemble,reference,11.339742,21.200935000000005,200907,-9.861193000000005
LA-LP,200909,3,ensemble,reference,260.022894,277.12588,200907,-17.102985999999987
LA-LP,200910,1,ensemble,reference,81.83460699999999,71.22420475000001,200910,10.610402249999979
LA-LP,200911,2,ensemble,reference,49.73212899999999,37.8865545,200910,11.84557449999999
LA-LP,200912,3,ensemble,reference,27.072482000000008,5.996440249999999,200910,21.07604175000001
LA-OU,200801,1,ensemble,reference,0.049564,0.0008642499999999,200801,0.0486997500000001
LA-OU,200802,2,ensemble,reference,0.0379969999999999,0.0002057499999999,200801,0.03779125
LA-OU,200803,3,ensemble,reference,0.043152,0.00016075,200801,0.04299125
LA-OU,200804,1,ensemble,reference,0.049358,0.0016047499999999,200804,0.0477532500000001
LA-OU,200805,2,ensemble,reference,0.0476659999999999,0.0069765,200804,0.040689499999999906
LA-OU,200806,3,ensemble,reference,0.0758929999999999,0.01158325,200804,0.0643097499999999
LA-OU,200807,1,ensemble,reference,0.0876929999999999,1.660432,200807,-1.572739
LA-OU,200808,2,ensemble,reference,0.1192189999999999,1.0740937500000012,200807,-0.9548747500000013
LA-OU,200809,3,ensemble,reference,0.094623,1.4311689999999988,200807,-1.336545999999999
LA-OU,200810,1,ensemble,reference,0.083909,0.021127,200810,0.062782
LA-OU,200811,2,ensemble,reference,0.056686,0.00638225,200810,0.05030375
LA-OU,200812,3,ensemble,reference,0.045463,0.001318,200810,0.044145000000000004
LA-OU,200901,1,ensemble,reference,0.0391909999999999,0.0001792499999999,200901,0.03901175
LA-OU,200902,2,ensemble,reference,0.039887,0.0001462499999999,200901,0.039740750000000095
LA-OU,200903,3,ensemble,reference,0.0481989999999999,0.00050325,200901,0.047695749999999905
LA-OU,200904,1,ensemble,reference,0.0573529999999999,0.00084125,200904,0.056511749999999895
LA-OU,200905,2,ensemble,reference,0.0602319999999999,0.00343275,200904,0.0567992499999999
LA-OU,200906,3,ensemble,reference,0.067288,0.0142809999999999,200904,0.0530070000000001
LA-OU,200907,1,ensemble,reference,0.096033,2.329845500000001,200907,-2.2338125000000013
LA-OU,200908,2,ensemble,reference,0.662165,2.3543002499999988,200907,-1.6921352499999989
LA-OU,200909,3,ensemble,reference,13.335621,8.938106000000001,200907,4.3975149999999985
LA-OU,200910,1,ensemble,reference,3.2037980000000004,2.2261425,200910,0.9776555000000005
LA-OU,200911,2,ensemble,reference,6.624625999999999,9.0201365,200910,-2.3955105000000003
LA-OU,200912,3,ensemble,reference,10.553083,16.122298500000003,200910,-5.569215500000002
LA-PH,200901,1,ensemble,reference,0.030474,0.01879875,200901,0.011675250000000002
LA-PH,200902,2,ensemble,reference,0.032641,0.0199922499999999,200901,0.012648750000000104
LA-PH,200903,3,ensemble,reference,0.031645,0.02237275,200901,0.00927225
LA-PH,200904,1,ensemble,reference,0.0333939999999999,0.0046394999999999,200904,0.028754500000000002
LA-PH,200905,2,ensemble,reference,0.039991,0.00739325,200904,0.03259775
LA-PH,200906,3,ensemble,reference,0.042788,0.02563525,200904,0.01715275
LA-PH,200907,1,ensemble,reference,0.042937,0.2889522499999999,200907,-0.2460152499999999
LA-PH,200909,3,ensemble,reference,0.0453379999999999,0.35937375,200907,-0.3140357500000001
LA-PH,200910,1,ensemble,reference,0.0362899999999999,0.01366325,200910,0.022626749999999897
LA-PH,200911,2,ensemble,reference,0.0323179999999999,0.0062909999999999,200910,0.026027
LA-PH,200912,3,ensemble,reference,0.0305689999999999,0.0010257499999999,200910,0.02954325
LA-SL,200801,1,ensemble,reference,0.8555130000000002,0.9460025,200801,-0.09048949999999978
LA-SL,200802,2,ensemble,reference,0.9881339999999996,0.4024604999999999,200801,0.5856734999999997
LA-SL,200803,3,ensemble,reference,2.357261,3.83495525,200801,-1.4776942500000003
LA-SL,200804,1,ensemble,reference,1.102675,0.8814482499999999,200804,0.22122675000000014
LA-SL,200805,2,ensemble,reference,87.343743,87.96084450000001,200804,-0.617101500000004
LA-SL,200806,3,ensemble,reference,206.495267,186.880216,200804,19.615051000000022
LA-SL,200807,1,ensemble,reference,46.272723000000006,49.76997650000001,200807,-3.4972535000000065
LA-SL,200808,2,ensemble,reference,37.54272999999999,39.88643125,200807,-2.3437012500000094
LA-SL,200809,3,ensemble,reference,45.964134,57.137924,200807,-11.173789999999997
LA-SL,200810,1,ensemble,reference,44.599248,35.92986325,200810,8.669384750000006
LA-SL,200811,2,ensemble,reference,13.626740000000002,7.849220999999998,200810,5.777519000000003
LA-SL,200812,3,ensemble,reference,8.562793,2.7953297499999996,200810,5.76746325
LA-SL,200901,1,ensemble,reference,1.164752,1.50037375,200901,-0.33562175000000005
LA-SL,200902,2,ensemble,reference,17.875108,19.47660375,200901,-1.601495749999998
LA-SL,200903,3,ensemble,reference,18.890931,12.97579675,200901,5.915134249999998
LA-SL,200904,1,ensemble,reference,9.259066,5.949767,200904,3.309299000000001
LA-SL,200905,2,ensemble,reference,87.782326,42.247478750000006,200904,45.53484724999999
LA-SL,200906,3,ensemble,reference,22.087273,31.07008425,200904,-8.982811250000001
LA-SL,200907,1,ensemble,reference,117.15694200000002,111.740249,200907,5.416693000000009
LA-SL,200908,2,ensemble,reference,84.017695,86.96571524999999,200907,-2.948020249999985
LA-SL,200909,3,ensemble,reference,53.428115000000005,60.81161849999992,200907,-7.383503499999918
LA-SL,200910,1,ensemble,reference,40.322631,35.290878750000005,200910,5.031752249999997
LA-SL,200911,2,ensemble,reference,22.511011,17.595326500000002,200910,4.915684499999998
LA-SL,200912,3,ensemble,reference,12.304498000000002,6.662675,200910,5.641823000000002
LA-SV,200801,1,ensemble,reference,3.1730730000000023,4.81603275,200801,-1.6429597499999975
LA-SV,200802,2,ensemble,reference,2.045256000000002,0.80301975,200801,1.242236250000002
LA-SV,200803,3,ensemble,reference,2.9476599999999955,0.446021,200801,2.5016389999999955
LA-SV,200804,1,ensemble,reference,5.094560999999999,3.332029,200804,1.7625319999999989
LA-SV,200805,2,ensemble,reference,13.572378999999998,7.582976,200804,5.989402999999998
LA-SV,200806,3,ensemble,reference,20.76060600000001,24.483152499999996,200804,-3.7225464999999858
LA-SV,200807,1,ensemble,reference,47.92565800000003,28.74233050000001,200807,19.18332750000002
LA-SV,200808,2,ensemble,reference,38.91890600000002,27.43958175,200807,11.479324250000023
LA-SV,200809,3,ensemble,reference,38.085549000000015,30.349143,200807,7.736406000000013
LA-SV,200810,1,ensemble,reference,16.076711000000003,3.732488,200810,12.344223000000003
LA-SV,200811,2,ensemble,reference,9.690637000000002,0.938717,200810,8.751920000000002
LA-SV,200812,3,ensemble,reference,6.038261999999996,0.3078467499999999,200810,5.7304152499999965
LA-SV,200901,1,ensemble,reference,2.0266149999999996,0.0638715,200901,1.9627434999999995
LA-SV,200902,2,ensemble,reference,1.8277280000000005,0.01188825,200901,1.8158397500000005
LA-SV,200903,3,ensemble,reference,2.5048790000000025,0.1344774999999999,200901,2.3704015000000025
LA-SV,200904,1,ensemble,reference,3.548967000000001,0.177956,200904,3.371011000000001
LA-SV,200905,2,ensemble,reference,11.032752999999992,1.2141945,200904,9.818558499999993
LA-SV,200906,3,ensemble,reference,25.75946500000001,1.6867960000000002,200904,24.07266900000001
LA-SV,200907,1,ensemble,reference,35.73067799999998,37.263484499999976,200907,-1.5328064999999924
LA-SV,200908,2,ensemble,reference,33.505296999999985,34.300059249999975,200907,-0.7947622499999909
LA-SV,200909,3,ensemble,reference,30.033750999999995,37.789109499999995,200907,-7.7553585
LA-SV,200910,1,ensemble,reference,17.92992000000001,6.8573585,200910,11.07256150000001
LA-SV,200911,2,ensemble,reference,13.673242000000002,15.18808925,200910,-1.514847249999999
LA-SV,200912,3,ensemble,reference,8.161844000000002,1.5517175,200910,6.610126500000002
LA-VT,200801,1,ensemble,reference,14.323912999999996,10.41363775,200801,3.910275249999996
LA-VT,200802,2,ensemble,reference,11.860701,4.048265499999999,200801,7.812435500000001
LA-VT,200803,3,ensemble,reference,11.511030999999996,16.21127275,200801,-4.7002417500000035
LA-VT,200804,1,ensemble,reference,19.609304,14.86311825,200804,4.746185750000002
LA-VT,200805,2,ensemble,reference,32.483689999999996,25.32802325,200804,7.155666749999995
LA-VT,200806,3,ensemble,reference,53.61598900000001,63.382244,200804,-9.766254999999987
LA-VT,200807,1,ensemble,reference,68.98907499999999,77.94207399999999,200807,-8.952999000000005
LA-VT,200808,2,ensemble,reference,71.14462499999999,85.36697600000001,200807,-14.222351000000018
LA-VT,200809,3,ensemble,reference,65.637081,92.04925725,200807,-26.41217625
LA-VT,200810,1,ensemble,reference,58.30412100000001,34.733028499999996,200810,23.571092500000013
LA-VT,200811,2,ensemble,reference,35.142595,55.85755025,200810,-20.714955250000003
LA-VT,200812,3,ensemble,reference,28.499493,57.039691999999995,200810,-28.540198999999994
LA-VT,200901,1,ensemble,reference,13.07638,18.6692275,200901,-5.592847500000001
LA-VT,200902,2,ensemble,reference,9.432023,11.15564675,200901,-1.7236237500000016
LA-VT,200903,3,ensemble,reference,13.165961000000005,6.316684999999999,200901,6.849276000000006
LA-VT,200904,1,ensemble,reference,11.15685,11.440299,200904,-0.2834489999999992
LA-VT,200905,2,ensemble,reference,23.558782,76.90866274999999,200904,-53.34988074999999
LA-VT,200906,3,ensemble,reference,44.29263599999999,119.32943025,200904,-75.03679425000001
LA-VT,200907,1,ensemble,reference,90.790251,181.146872,200907,-90.356621
LA-VT,200908,2,ensemble,reference,113.012883,220.64271349999996,200907,-107.62983049999995
LA-VT,200909,3,ensemble,reference,159.220407,302.954888,200907,-143.734481
LA-VT,200910,1,ensemble,reference,136.97396600000002,204.359398,200910,-67.38543199999998
LA-VT,200911,2,ensemble,reference,212.505532,263.1079635,200910,-50.602431499999994
LA-VT,200912,3,ensemble,reference,146.596217,252.429333,200910,-105.83311600000002
LA-XA,200801,1,ensemble,reference,0.5409699999999997,1.1505040000000002,200801,-0.6095340000000005
LA-XA,200802,2,ensemble,reference,0.740132,0.2366035,200801,0.5035285
LA-XA,200803,3,ensemble,reference,0.9032400000000004,0.1543484999999999,200801,0.7488915000000005
LA-XA,200804,1,ensemble,reference,1.330367999999999,0.77906425,200804,0.5513037499999991
LA-XA,200805,2,ensemble,reference,2.482599999999998,1.2713525,200804,1.2112474999999978
LA-XA,200806,3,ensemble,reference,6.758141000000002,2.05771575,200804,4.700425250000002
LA-XA,200807,1,ensemble,reference,12.078454,10.87978875,200807,1.1986652500000012
LA-XA,200808,2,ensemble,reference,6.059633000000005,4.2063855000000006,200807,1.8532475000000046
LA-XA,200809,3,ensemble,reference,6.254903999999996,2.76171725,200807,3.4931867499999965
LA-XA,200810,1,ensemble,reference,2.247003999999997,1.58890925,200810,0.658094749999997
LA-XA,200811,2,ensemble,reference,1.8418520000000012,0.84899375,200810,0.9928582500000012
LA-XA,200812,3,ensemble,reference,1.5051780000000008,0.4167335,200810,1.088444500000001
LA-XA,200901,1,ensemble,reference,0.5611040000000003,0.1101447499999999,200901,0.45095925000000037
LA-XA,200902,2,ensemble,reference,0.6613509999999998,0.0481382499999999,200901,0.6132127499999999
LA-XA,200903,3,ensemble,reference,0.9697689999999994,0.24881025,200901,0.7209587499999994
LA-XA,200904,1,ensemble,reference,1.3167589999999991,0.3033045,200904,1.013454499999999
LA-XA,200905,2,ensemble,reference,3.5982389999999995,1.03324375,200904,2.5649952499999995
LA-XA,200906,3,ensemble,reference,9.084239000000004,5.94217775,200904,3.142061250000004
LA-XA,200907,1,ensemble,reference,10.925815,7.379285499999998,200907,3.546529500000002
LA-XA,200908,2,ensemble,reference,15.369985,22.550600999999997,200907,-7.180615999999997
LA-XA,200909,3,ensemble,reference,6.479453999999997,7.1610365,200907,-0.6815825000000029
LA-XA,200910,1,ensemble,reference,3.3472320000000018,4.92278925,200910,-1.5755572499999984
LA-XA,200911,2,ensemble,reference,2.9053699999999996,2.280862,200910,0.6245079999999996
LA-XA,200912,3,ensemble,reference,2.492585,1.3425107500000002,200910,1.1500742499999999
LA-XE,200801,1,ensemble,reference,0.175451,0.02217525,200801,0.15327575
LA-XE,200802,2,ensemble,reference,0.231646,0.01211,200801,0.21953599999999998
LA-XE,200803,3,ensemble,reference,0.147738,0.00373475,200801,0.14400325
LA-XE,200804,1,ensemble,reference,0.086241,0.015731,200804,0.07051
LA-XE,200805,2,ensemble,reference,0.152193,0.0489292499999999,200804,0.1032637500000001
LA-XE,200806,3,ensemble,reference,3.2505360000000003,4.0933755000000005,200804,-0.8428395000000002
LA-XE,200807,1,ensemble,reference,1.0495800000000002,0.35634,200807,0.6932400000000002
LA-XE,200808,2,ensemble,reference,0.9260540000000002,0.4287667500000001,200807,0.49728725000000007
LA-XE,200809,3,ensemble,reference,0.8690070000000001,0.6875152499999996,200807,0.1814917500000005
LA-XE,200810,1,ensemble,reference,0.4361579999999998,0.0646334999999999,200810,0.3715244999999999
LA-XE,200811,2,ensemble,reference,0.235524,0.0372232499999999,200810,0.1983007500000001
LA-XE,200812,3,ensemble,reference,0.4442309999999999,0.84022825,200810,-0.39599725000000013
LA-XE,200901,1,ensemble,reference,0.1799469999999999,0.00720625,200901,0.17274074999999992
LA-XE,200902,2,ensemble,reference,1.11261,1.8398695,200901,-0.7272595
LA-XE,200903,3,ensemble,reference,1.239868,1.74783625,200901,-0.50796825
LA-XE,200904,1,ensemble,reference,0.5284609999999998,0.50987075,200904,0.01859024999999981
LA-XE,200905,2,ensemble,reference,0.762237,1.004893,200904,-0.24265599999999998
LA-XE,200906,3,ensemble,reference,6.203238,6.3652447500000005,200904,-0.16200675000000064
LA-XE,200907,1,ensemble,reference,22.417804,22.88537925,200907,-0.46757524999999944
LA-XE,200908,2,ensemble,reference,20.669039,21.641675000000006,200907,-0.9726360000000049
LA-XE,200909,3,ensemble,reference,2.275085,4.024183750000001,200907,-1.7490987500000008
LA-XE,200910,1,ensemble,reference,2.9859180000000003,2.7019832499999996,200910,0.2839347500000007
LA-XE,200911,2,ensemble,reference,1.3838279999999998,7.036917250000002,200910,-5.6530892500000025
LA-XE,200912,3,ensemble,reference,3.6206840000000007,7.842418,200910,-4.221734
LA-XI,200801,1,ensemble,reference,0.030927,0.00090475,200801,0.03002225
LA-XI,200802,2,ensemble,reference,0.0276649999999999,0.0001669999999999,200801,0.027498
LA-XI,200803,3,ensemble,reference,0.040638,0.0003524999999999,200801,0.0402855000000001
LA-XI,200804,1,ensemble,reference,0.0361309999999999,0.00079725,200804,0.0353337499999999
LA-XI,200805,2,ensemble,reference,0.034272,0.001582,200804,0.03269
LA-XI,200806,3,ensemble,reference,0.774321,0.9245345,200804,-0.1502135
LA-XI,200807,1,ensemble,reference,0.1655499999999999,0.3463042500000001,200807,-0.1807542500000002
LA-XI,200808,2,ensemble,reference,0.195922,0.3403080000000001,200807,-0.1443860000000001
LA-XI,200809,3,ensemble,reference,0.1850489999999999,0.3975650000000001,200807,-0.2125160000000002
LA-XI,200810,1,ensemble,reference,0.037116,0.009557,200810,0.027559000000000004
LA-XI,200811,2,ensemble,reference,0.0433259999999999,0.003309,200810,0.0400169999999999
LA-XI,200812,3,ensemble,reference,0.0351059999999999,0.0018475,200810,0.0332584999999999
LA-XI,200901,1,ensemble,reference,0.03606,0.0012932499999999,200901,0.0347667500000001
LA-XI,200902,2,ensemble,reference,0.0265019999999999,0.00165875,200901,0.0248432499999999
LA-XI,200903,3,ensemble,reference,0.031542,0.0013672499999999,200901,0.0301747500000001
LA-XI,200904,1,ensemble,reference,0.0442559999999999,0.00055,200904,0.0437059999999999
LA-XI,200905,2,ensemble,reference,37.492628,38.9299575,200904,-1.437329499999997
LA-XI,200906,3,ensemble,reference,31.664441,32.86331375,200904,-1.1988727500000032
LA-XI,200907,1,ensemble,reference,2.6908010000000004,0.8017247500000004,200907,1.88907625
LA-XI,200908,2,ensemble,reference,6.27285,6.8300355,200907,-0.5571855000000001
LA-XI,200909,3,ensemble,reference,2.487842000000001,0.6391172500000004,200907,1.8487247500000006
LA-XI,200910,1,ensemble,reference,0.0464369999999999,1.001379,200910,-0.9549420000000001
LA-XI,200911,2,ensemble,reference,0.055755,0.4416812499999999,200910,-0.3859262499999999
LA-XI,200912,3,ensemble,reference,0.0301809999999999,0.1998577499999999,200910,-0.16967675
LA-AT,200801,1,ensemble,reference_r1,3.241579,2.806285,200801,0.4352940000000003
LA-AT,200802,2,ensemble,reference_r1,1.475973,1.341475,200801,0.134498
LA-AT,200803,3,ensemble,reference_r1,0.0495149999999999,0.061975,200801,-0.012460000000000103
LA-AT,200804,1,ensemble,reference_r1,0.0980080000000001,0.3789469999999999,200804,-0.2809389999999998
LA-AT,200805,2,ensemble,reference_r1,3.015376,1.3374549999999998,200804,1.677921
LA-AT,200806,3,ensemble,reference_r1,8.068203,3.945613999999999,200804,4.122589000000001
LA-AT,200807,1,ensemble,reference_r1,2.5258480000000003,3.5272179999999977,200807,-1.0013699999999974
LA-AT,200808,2,ensemble,reference_r1,5.066772,6.807785000000001,200807,-1.7410130000000006
LA-AT,200809,3,ensemble,reference_r1,15.417986,16.244118,200807,-0.8261319999999994
LA-AT,200810,1,ensemble,reference_r1,32.163998,28.943094,200810,3.220904000000001
LA-AT,200811,2,ensemble,reference_r1,30.812565999999997,27.993947999999996,200810,2.8186180000000007
LA-AT,200812,3,ensemble,reference_r1,12.046259999999998,16.509431,200810,-4.463171000000001
LA-AT,200901,1,ensemble,reference_r1,9.581893999999998,8.571817000000001,200901,1.0100769999999972
LA-AT,200902,2,ensemble,reference_r1,35.003586,39.920433,200901,-4.916847000000004
LA-AT,200903,3,ensemble,reference_r1,65.482339,59.339418,200901,6.142920999999994
LA-AT,200904,1,ensemble,reference_r1,63.851991000000005,38.051312,200904,25.800679000000002
LA-AT,200905,2,ensemble,reference_r1,5.397920000000001,79.726427,200904,-74.328507
LA-AT,200906,3,ensemble,reference_r1,14.353342,46.934006,200904,-32.580664
LA-AT,200907,1,ensemble,reference_r1,50.100723,46.254555,200907,3.8461679999999987
LA-AT,200908,2,ensemble,reference_r1,9.625747999999998,14.772161000000002,200907,-5.146413000000004
LA-AT,200909,3,ensemble,reference_r1,6.518233,10.451500000000005,200907,-3.9332670000000043
LA-AT,200910,1,ensemble,reference_r1,3.2108179999999997,6.058219999999999,200910,-2.847401999999999
LA-AT,200911,2,ensemble,reference_r1,6.89691,6.349321000000003,200910,0.5475889999999968
LA-AT,200912,3,ensemble,reference_r1,3.4367600000000005,4.790006,200910,-1.3532459999999995
LA-BK,200801,1,ensemble,reference_r1,0.651396,0.950629,200801,-0.29923299999999997
LA-BK,200802,2,ensemble,reference_r1,0.0652369999999999,0.0002249999999999,200801,0.065012
LA-BK,200803,3,ensemble,reference_r1,0.0782649999999999,4.900000000000043e-05,200801,0.0782159999999999
LA-BK,200804,1,ensemble,reference_r1,0.0767419999999999,0.0041699999999999,200804,0.072572
LA-BK,200805,2,ensemble,reference_r1,10.487188,11.481751,200804,-0.9945629999999994
LA-BK,200806,3,ensemble,reference_r1,50.859135,52.380663,200804,-1.5215279999999964
LA-BK,200807,1,ensemble,reference_r1,4.113639999999998,1.8235460000000003,200807,2.290093999999998
LA-BK,200808,2,ensemble,reference_r1,6.368962999999999,5.889229,200807,0.4797339999999988
LA-BK,200809,3,ensemble,reference_r1,17.031405,20.908226,200807,-3.8768209999999996
LA-BK,200810,1,ensemble,reference_r1,31.062132000000005,18.82282,200810,12.239312000000005
LA-BK,200811,2,ensemble,reference_r1,39.361528,46.621224999999995,200810,-7.259696999999996
LA-BK,200812,3,ensemble,reference_r1,4.048108999999999,2.8251839999999993,200810,1.222925
LA-BK,200901,1,ensemble,reference_r1,0.6986380000000001,0.513538,200901,0.18510000000000004
LA-BK,200902,2,ensemble,reference_r1,0.4984199999999998,0.3000260000000001,200901,0.19839399999999968
LA-BK,200903,3,ensemble,reference_r1,0.7044599999999999,0.6462910000000002,200901,0.05816899999999969
LA-BK,200904,1,ensemble,reference_r1,2.0074379999999996,1.2103629999999996,200904,0.797075
LA-BK,200905,2,ensemble,reference_r1,70.56519300000001,44.103216,200904,26.461977000000005
LA-BK,200906,3,ensemble,reference_r1,205.034876,138.144408,200904,66.890468
LA-BK,200907,1,ensemble,reference_r1,117.281896,182.856704,200907,-65.574808
LA-BK,200908,2,ensemble,reference_r1,64.62907100000001,87.756339,200907,-23.127267999999987
LA-BK,200909,3,ensemble,reference_r1,34.615536999999996,37.782602999999995,200907,-3.1670659999999984
LA-BK,200910,1,ensemble,reference_r1,14.878825,19.951669999999993,200910,-5.072844999999992
LA-BK,200911,2,ensemble,reference_r1,6.056137,14.447072000000006,200910,-8.390935000000006
LA-BK,200912,3,ensemble,reference_r1,4.7198660000000014,4.477210999999999,200910,0.24265500000000273
LA-BL,200801,1,ensemble,reference_r1,4.892064999999999,5.336466,200801,-0.44440100000000093
LA-BL,200802,2,ensemble,reference_r1,3.0269459999999997,6.0535429999999995,200801,-3.0265969999999998
LA-BL,200803,3,ensemble,reference_r1,2.414910000000001,0.415189,200801,1.9997210000000007
LA-BL,200804,1,ensemble,reference_r1,2.5873620000000006,1.2637999999999998,200804,1.3235620000000008
LA-BL,200805,2,ensemble,reference_r1,6.084135,5.053599,200804,1.0305359999999997
LA-BL,200806,3,ensemble,reference_r1,7.746043,5.804210999999999,200804,1.9418320000000016
LA-BL,200807,1,ensemble,reference_r1,12.397459000000003,20.495765,200807,-8.098305999999996
LA-BL,200808,2,ensemble,reference_r1,12.625806000000004,20.484250000000003,200807,-7.858443999999999
LA-BL,200809,3,ensemble,reference_r1,11.848669,18.057228999999992,200807,-6.208559999999993
LA-BL,200810,1,ensemble,reference_r1,11.988208,9.489426000000002,200810,2.4987819999999985
LA-BL,200811,2,ensemble,reference_r1,5.984430999999999,3.9708140000000007,200810,2.013616999999998
LA-BL,200812,3,ensemble,reference_r1,4.426971,1.0381939999999998,200810,3.388777
LA-BL,200901,1,ensemble,reference_r1,1.3197679999999998,0.6901630000000001,200901,0.6296049999999997
LA-BL,200902,2,ensemble,reference_r1,1.4715929999999997,1.589537,200901,-0.11794400000000027
LA-BL,200903,3,ensemble,reference_r1,2.053401000000001,1.121915,200901,0.9314860000000009
LA-BL,200904,1,ensemble,reference_r1,2.114692,0.8780580000000002,200904,1.2366339999999996
LA-BL,200905,2,ensemble,reference_r1,7.674250000000001,3.5272330000000007,200904,4.147017
LA-BL,200906,3,ensemble,reference_r1,8.087463999999997,4.780385000000001,200904,3.3070789999999963
LA-BL,200907,1,ensemble,reference_r1,13.130278000000004,20.824137,200907,-7.693858999999996
LA-BL,200908,2,ensemble,reference_r1,14.676631,6.783066000000019,200907,7.893564999999981
LA-BL,200909,3,ensemble,reference_r1,15.905724,6.38891000000001,200907,9.51681399999999
LA-BL,200910,1,ensemble,reference_r1,7.458556999999999,5.8023419999999994,200910,1.6562149999999995
LA-BL,200911,2,ensemble,reference_r1,5.571399000000001,2.2504549999999997,200910,3.3209440000000017
LA-BL,200912,3,ensemble,reference_r1,2.5095709999999993,0.58555,200910,1.9240209999999993
LA-CH,200801,1,ensemble,reference_r1,32.206873,29.982736999999997,200801,2.224136000000005
LA-CH,200802,2,ensemble,reference_r1,46.140649,52.40844799999999,200801,-6.2677989999999895
LA-CH,200803,3,ensemble,reference_r1,44.755998000000005,57.700507,200801,-12.944508999999996
LA-CH,200804,1,ensemble,reference_r1,23.638215,24.732636999999997,200804,-1.094421999999998
LA-CH,200805,2,ensemble,reference_r1,40.72967600000001,54.823106,200804,-14.09342999999999
LA-CH,200806,3,ensemble,reference_r1,140.936691,116.17550700000004,200804,24.761183999999957
LA-CH,200807,1,ensemble,reference_r1,52.41287600000001,94.07779900000004,200807,-41.66492300000003
LA-CH,200808,2,ensemble,reference_r1,56.43036700000002,89.994225,200807,-33.56385799999998
LA-CH,200809,3,ensemble,reference_r1,56.384881999999976,115.732029,200807,-59.34714700000002
LA-CH,200810,1,ensemble,reference_r1,37.734048999999985,45.98754500000001,200810,-8.253496000000027
LA-CH,200811,2,ensemble,reference_r1,36.149662000000006,34.662498,200810,1.487164000000007
LA-CH,200812,3,ensemble,reference_r1,32.889178,30.277976,200810,2.6112020000000022
LA-CH,200901,1,ensemble,reference_r1,12.840968999999998,9.676451,200901,3.1645179999999975
LA-CH,200902,2,ensemble,reference_r1,19.384294000000004,29.409846,200901,-10.025551999999998
LA-CH,200903,3,ensemble,reference_r1,23.444676,22.55662,200901,0.8880560000000024
LA-CH,200904,1,ensemble,reference_r1,48.86010100000001,30.911891999999995,200904,17.948209000000013
LA-CH,200905,2,ensemble,reference_r1,21.23617,142.064055,200904,-120.827885
LA-CH,200906,3,ensemble,reference_r1,43.2199,109.64383799999996,200904,-66.42393799999996
LA-CH,200907,1,ensemble,reference_r1,35.14963900000001,74.18750999999997,200907,-39.03787099999997
LA-CH,200908,2,ensemble,reference_r1,36.041673,65.30548499999998,200907,-29.263811999999973
LA-CH,200909,3,ensemble,reference_r1,34.011730000000014,63.722842000000014,200907,-29.711112
LA-CH,200910,1,ensemble,reference_r1,23.964771000000013,19.604265999999996,200910,4.360505000000018
LA-CH,200911,2,ensemble,reference_r1,18.800192999999993,17.510334999999998,200910,1.2898579999999953
LA-CH,200912,3,ensemble,reference_r1,18.674213,11.693559,200910,6.980654000000001
LA-HO,200801,1,ensemble,reference_r1,0.1479749999999999,0.0043119999999999,200801,0.143663
LA-HO,200802,2,ensemble,reference_r1,0.1446109999999999,0.0005799999999999,200801,0.14403100000000002
LA-HO,200803,3,ensemble,reference_r1,0.163348,0.006982,200801,0.156366
LA-HO,200804,1,ensemble,reference_r1,0.0688829999999999,0.005124,200804,0.0637589999999999
LA-HO,200805,2,ensemble,reference_r1,0.041293,0.017298,200804,0.023995000000000002
LA-HO,200806,3,ensemble,reference_r1,0.099602,0.0130669999999999,200804,0.0865350000000001
LA-HO,200807,1,ensemble,reference_r1,0.1677740000000001,0.271166,200807,-0.10339199999999993
LA-HO,200808,2,ensemble,reference_r1,0.07821,0.3568319999999998,200807,-0.2786219999999998
LA-HO,200809,3,ensemble,reference_r1,0.6623800000000001,0.6915110000000002,200807,-0.02913100000000013
LA-HO,200810,1,ensemble,reference_r1,0.1868009999999998,0.068344,200810,0.1184569999999998
LA-HO,200811,2,ensemble,reference_r1,0.1494849999999999,0.020439,200810,0.12904599999999988
LA-HO,200812,3,ensemble,reference_r1,0.4012679999999998,0.882045,200810,-0.4807770000000002
LA-HO,200901,1,ensemble,reference_r1,0.1647509999999999,0.0175039999999999,200901,0.147247
LA-HO,200902,2,ensemble,reference_r1,0.1461829999999999,0.020537,200901,0.1256459999999999
LA-HO,200903,3,ensemble,reference_r1,0.1601669999999999,0.0226949999999999,200901,0.13747199999999998
LA-HO,200904,1,ensemble,reference_r1,0.0620439999999999,0.0086559999999999,200904,0.053388
LA-HO,200905,2,ensemble,reference_r1,0.0513049999999999,0.011881,200904,0.039423999999999904
LA-HO,200906,3,ensemble,reference_r1,0.086619,0.0292879999999999,200904,0.057331000000000104
LA-HO,200907,1,ensemble,reference_r1,0.1379369999999999,0.4708740000000002,200907,-0.33293700000000026
LA-HO,200908,2,ensemble,reference_r1,0.096914,0.6993079999999985,200907,-0.6023939999999985
LA-HO,200909,3,ensemble,reference_r1,0.619129,0.8454510000000006,200907,-0.22632200000000058
LA-HO,200910,1,ensemble,reference_r1,0.4106869999999999,0.590616,200910,-0.17992900000000012
LA-HO,200911,2,ensemble,reference_r1,0.452588,0.759371,200910,-0.30678300000000003
LA-HO,200912,3,ensemble,reference_r1,0.3748819999999999,0.859551,200910,-0.48466900000000007
LA-KH,200801,1,ensemble,reference_r1,0.8767670000000001,0.7960209999999999,200801,0.0807460000000002
LA-KH,200802,2,ensemble,reference_r1,0.6233489999999993,0.078793,200801,0.5445559999999993
LA-KH,200803,3,ensemble,reference_r1,0.482888,0.0960979999999999,200801,0.3867900000000001
LA-KH,200804,1,ensemble,reference_r1,0.6087899999999999,0.4580580000000001,200804,0.15073199999999987
LA-KH,200805,2,ensemble,reference_r1,2.296721,1.4057220000000004,200804,0.8909989999999994
LA-KH,200806,3,ensemble,reference_r1,5.252074,2.3056330000000003,200804,2.946441
LA-KH,200807,1,ensemble,reference_r1,10.209626,3.9414060000000006,200807,6.2682199999999995
LA-KH,200808,2,ensemble,reference_r1,12.201071999999996,4.368635999999995,200807,7.832436000000001
LA-KH,200809,3,ensemble,reference_r1,6.050624999999997,5.074849999999998,200807,0.9757749999999987
LA-KH,200810,1,ensemble,reference_r1,3.8944209999999977,0.8741729999999999,200810,3.020247999999998
LA-KH,200811,2,ensemble,reference_r1,1.8405500000000004,1.21712,200810,0.6234300000000004
LA-KH,200812,3,ensemble,reference_r1,2.2690610000000007,3.158685,200810,-0.8896239999999995
LA-KH,200901,1,ensemble,reference_r1,1.2010940000000003,0.090687,200901,1.1104070000000004
LA-KH,200902,2,ensemble,reference_r1,0.8881970000000008,0.022896,200901,0.8653010000000008
LA-KH,200903,3,ensemble,reference_r1,3.336730999999999,4.698398,200901,-1.361667000000001
LA-KH,200904,1,ensemble,reference_r1,1.3910349999999996,0.42686,200904,0.9641749999999996
LA-KH,200905,2,ensemble,reference_r1,3.146447,2.140671,200904,1.005776
LA-KH,200906,3,ensemble,reference_r1,49.678116,66.004084,200904,-16.325968000000003
LA-KH,200907,1,ensemble,reference_r1,81.21347999999999,106.879747,200907,-25.666267000000005
LA-KH,200908,2,ensemble,reference_r1,200.089524,234.434457,200907,-34.344933
LA-KH,200909,3,ensemble,reference_r1,193.208642,204.429162,200907,-11.220519999999993
LA-KH,200910,1,ensemble,reference_r1,44.13972,42.26448099999999,200910,1.8752390000000076
LA-KH,200911,2,ensemble,reference_r1,38.011667,22.88512800000001,200910,15.126538999999994
LA-KH,200912,3,ensemble,reference_r1,41.104783999999995,30.801508,200910,10.303275999999997
LA-LM,200801,1,ensemble,reference_r1,0.035444,0.0002999999999999,200801,0.035144000000000106
LA-LM,200802,2,ensemble,reference_r1,0.0426459999999999,0.000122,200801,0.0425239999999999
LA-LM,200803,3,ensemble,reference_r1,0.056278,2.499999999999985e-05,200801,0.056253000000000004
LA-LM,200804,1,ensemble,reference_r1,0.0457199999999999,0.000124,200804,0.0455959999999999
LA-LM,200805,2,ensemble,reference_r1,0.043388,0.0021919999999999,200804,0.0411960000000001
LA-LM,200806,3,ensemble,reference_r1,0.0527889999999999,0.0018909999999999,200804,0.050898
LA-LM,200807,1,ensemble,reference_r1,0.087036,0.7963180000000012,200807,-0.7092820000000012
LA-LM,200808,2,ensemble,reference_r1,0.0932,0.4758069999999996,200807,-0.3826069999999996
LA-LM,200809,3,ensemble,reference_r1,0.0775130000000001,0.7208550000000002,200807,-0.6433420000000002
LA-LM,200810,1,ensemble,reference_r1,0.1288279999999999,0.0195489999999999,200810,0.10927899999999999
LA-LM,200811,2,ensemble,reference_r1,0.0744049999999999,0.006095,200810,0.0683099999999999
LA-LM,200812,3,ensemble,reference_r1,0.041362,0.0024469999999999,200810,0.0389150000000001
LA-LM,200901,1,ensemble,reference_r1,0.034032,0.0001009999999999,200901,0.0339310000000001
LA-LM,200902,2,ensemble,reference_r1,0.0506539999999999,0.0001029999999999,200901,0.050551
LA-LM,200903,3,ensemble,reference_r1,0.0558239999999999,0.000198,200901,0.055625999999999905
LA-LM,200904,1,ensemble,reference_r1,0.76352,0.958457,200904,-0.19493700000000003
LA-LM,200905,2,ensemble,reference_r1,0.0408699999999999,0.0034339999999999,200904,0.037436
LA-LM,200906,3,ensemble,reference_r1,1.567252,1.7643019999999998,200904,-0.19704999999999973
LA-LM,200907,1,ensemble,reference_r1,0.4762789999999999,1.1185340000000004,200907,-0.6422550000000005
LA-LM,200908,2,ensemble,reference_r1,0.336012,1.371440999999999,200907,-1.035428999999999
LA-LM,200909,3,ensemble,reference_r1,2.574184,2.442892999999998,200907,0.13129100000000182
LA-LM,200910,1,ensemble,reference_r1,2.575623,2.8746,200910,-0.2989769999999998
LA-LM,200911,2,ensemble,reference_r1,3.516005,4.472734,200910,-0.9567290000000002
LA-LM,200912,3,ensemble,reference_r1,1.874819,3.323479,200910,-1.4486599999999998
LA-LP,200801,1,ensemble,reference_r1,1.0758200000000002,0.8923399999999999,200801,0.1834800000000003
LA-LP,200802,2,ensemble,reference_r1,10.893968,14.172987,200801,-3.279019
LA-LP,200803,3,ensemble,reference_r1,15.878301,20.211646,200801,-4.333344999999998
LA-LP,200804,1,ensemble,reference_r1,19.477829,17.479983,200804,1.9978459999999991
LA-LP,200805,2,ensemble,reference_r1,92.529987,71.88893,200804,20.641057000000004
LA-LP,200806,3,ensemble,reference_r1,123.29387,91.158288,200804,32.135582
LA-LP,200807,1,ensemble,reference_r1,20.305128000000003,10.132220999999998,200807,10.172907000000006
LA-LP,200808,2,ensemble,reference_r1,21.127731999999995,8.286504999999998,200807,12.841226999999996
LA-LP,200809,3,ensemble,reference_r1,18.636700000000005,8.988550000000004,200807,9.648150000000001
LA-LP,200810,1,ensemble,reference_r1,12.665532,16.19813,200810,-3.5325979999999984
LA-LP,200811,2,ensemble,reference_r1,89.63860199999999,103.186419,200810,-13.547817000000009
LA-LP,200812,3,ensemble,reference_r1,136.136407,156.46154800000002,200810,-20.32514100000003
LA-LP,200901,1,ensemble,reference_r1,10.812440000000002,8.809140000000001,200901,2.003300000000001
LA-LP,200902,2,ensemble,reference_r1,10.843487000000003,5.491657,200901,5.351830000000003
LA-LP,200903,3,ensemble,reference_r1,11.510833000000003,11.429456999999996,200901,0.08137600000000766
LA-LP,200904,1,ensemble,reference_r1,1.072489,10.176047,200904,-9.103558
LA-LP,200905,2,ensemble,reference_r1,2.283931000000001,21.175609,200904,-18.891678
LA-LP,200906,3,ensemble,reference_r1,4.7245729999999995,42.291247,200904,-37.566674
LA-LP,200907,1,ensemble,reference_r1,9.615247999999998,19.340326000000005,200907,-9.725078000000007
LA-LP,200908,2,ensemble,reference_r1,11.339742,21.440567,200907,-10.100825000000002
LA-LP,200909,3,ensemble,reference_r1,260.022894,278.92249300000003,200907,-18.899599000000023
LA-LP,200910,1,ensemble,reference_r1,81.83460699999999,71.391077,200910,10.443529999999996
LA-LP,200911,2,ensemble,reference_r1,49.73212899999999,36.472492,200910,13.25963699999999
LA-LP,200912,3,ensemble,reference_r1,27.072482000000008,5.860408999999999,200910,21.21207300000001
LA-OU,200801,1,ensemble,reference_r1,0.049564,0.0013009999999999,200801,0.0482630000000001
LA-OU,200802,2,ensemble,reference_r1,0.0379969999999999,8.099999999999948e-05,200801,0.0379159999999999
LA-OU,200803,3,ensemble,reference_r1,0.043152,0.000196,200801,0.042956
LA-OU,200804,1,ensemble,reference_r1,0.049358,0.001445,200804,0.047913
LA-OU,200805,2,ensemble,reference_r1,0.0476659999999999,0.00668,200804,0.040985999999999904
LA-OU,200806,3,ensemble,reference_r1,0.0758929999999999,0.01061,200804,0.06528299999999991
LA-OU,200807,1,ensemble,reference_r1,0.0876929999999999,1.682887000000001,200807,-1.5951940000000011
LA-OU,200808,2,ensemble,reference_r1,0.1192189999999999,1.211114000000002,200807,-1.091895000000002
LA-OU,200809,3,ensemble,reference_r1,0.094623,1.506416999999999,200807,-1.411793999999999
LA-OU,200810,1,ensemble,reference_r1,0.083909,0.01845,200810,0.06545899999999999
LA-OU,200811,2,ensemble,reference_r1,0.056686,0.008883,200810,0.047803
LA-OU,200812,3,ensemble,reference_r1,0.045463,0.00179,200810,0.043673000000000003
LA-OU,200901,1,ensemble,reference_r1,0.0391909999999999,0.0002349999999999,200901,0.038956
LA-OU,200902,2,ensemble,reference_r1,0.039887,0.0002299999999999,200901,0.0396570000000001
LA-OU,200903,3,ensemble,reference_r1,0.0481989999999999,0.000401,200901,0.0477979999999999
LA-OU,200904,1,ensemble,reference_r1,0.0573529999999999,0.000909,200904,0.0564439999999999
LA-OU,200905,2,ensemble,reference_r1,0.0602319999999999,0.003631,200904,0.056600999999999894
LA-OU,200906,3,ensemble,reference_r1,0.067288,0.0142059999999999,200904,0.0530820000000001
LA-OU,200907,1,ensemble,reference_r1,0.096033,2.063321999999999,200907,-1.967288999999999
LA-OU,200908,2,ensemble,reference_r1,0.662165,1.918763999999996,200907,-1.256598999999996
LA-OU,200909,3,ensemble,reference_r1,13.335621,9.052779,200907,4.2828420000000005
LA-OU,200910,1,ensemble,reference_r1,3.2037980000000004,2.288402,200910,0.9153960000000003
LA-OU,200911,2,ensemble,reference_r1,6.624625999999999,9.048211,200910,-2.423585000000001
LA-OU,200912,3,ensemble,reference_r1,10.553083,16.185850000000002,200910,-5.632767000000001
LA-PH,200901,1,ensemble,reference_r1,0.030474,0.018283,200901,0.012191
LA-PH,200902,2,ensemble,reference_r1,0.032641,0.0151399999999999,200901,0.017501000000000103
LA-PH,200903,3,ensemble,reference_r1,0.031645,0.023379,200901,0.008265999999999999
LA-PH,200904,1,ensemble,reference_r1,0.0333939999999999,0.0042419999999999,200904,0.029152000000000004
LA-PH,200905,2,ensemble,reference_r1,0.039991,0.0077689999999999,200904,0.0322220000000001
LA-PH,200906,3,ensemble,reference_r1,0.042788,0.025359,200904,0.017429
LA-PH,200907,1,ensemble,reference_r1,0.042937,0.3134899999999998,200907,-0.2705529999999998
LA-PH,200909,3,ensemble,reference_r1,0.0453379999999999,0.3588460000000006,200907,-0.31350800000000073
LA-PH,200910,1,ensemble,reference_r1,0.0362899999999999,0.013239,200910,0.023050999999999898
LA-PH,200911,2,ensemble,reference_r1,0.0323179999999999,0.004819,200910,0.027498999999999902
LA-PH,200912,3,ensemble,reference_r1,0.0305689999999999,0.0013359999999999,200910,0.029233
LA-SL,200801,1,ensemble,reference_r1,0.8555130000000002,0.926085,200801,-0.07057199999999986
LA-SL,200802,2,ensemble,reference_r1,0.9881339999999996,0.3957959999999999,200801,0.5923379999999997
LA-SL,200803,3,ensemble,reference_r1,2.357261,3.799515,200801,-1.4422540000000001
LA-SL,200804,1,ensemble,reference_r1,1.102675,0.8009779999999997,200804,0.3016970000000003
LA-SL,200805,2,ensemble,reference_r1,87.343743,86.77503999999999,200804,0.5687030000000135
LA-SL,200806,3,ensemble,reference_r1,206.495267,186.515377,200804,19.97989000000001
LA-SL,200807,1,ensemble,reference_r1,46.272723000000006,50.04390699999999,200807,-3.771183999999984
LA-SL,200808,2,ensemble,reference_r1,37.54272999999999,39.873377000000005,200807,-2.3306470000000132
LA-SL,200809,3,ensemble,reference_r1,45.964134,56.34880499999997,200807,-10.384670999999969
LA-SL,200810,1,ensemble,reference_r1,44.599248,36.058871,200810,8.540377
LA-SL,200811,2,ensemble,reference_r1,13.626740000000002,8.583240999999997,200810,5.043499000000004
LA-SL,200812,3,ensemble,reference_r1,8.562793,2.7557669999999996,200810,5.807026
LA-SL,200901,1,ensemble,reference_r1,1.164752,1.6933980000000002,200901,-0.5286460000000002
LA-SL,200902,2,ensemble,reference_r1,17.875108,19.793677,200901,-1.918568999999998
LA-SL,200903,3,ensemble,reference_r1,18.890931,13.187762,200901,5.703168999999999
LA-SL,200904,1,ensemble,reference_r1,9.259066,5.942529999999998,200904,3.316536000000003
LA-SL,200905,2,ensemble,reference_r1,87.782326,37.748001,200904,50.034324999999995
LA-SL,200906,3,ensemble,reference_r1,22.087273,30.417679000000007,200904,-8.330406000000007
LA-SL,200907,1,ensemble,reference_r1,117.15694200000002,111.59435499999996,200907,5.56258700000005
LA-SL,200908,2,ensemble,reference_r1,84.017695,88.33836399999996,200907,-4.320668999999953
LA-SL,200909,3,ensemble,reference_r1,53.428115000000005,59.15987000000001,200907,-5.731755000000007
LA-SL,200910,1,ensemble,reference_r1,40.322631,38.116634000000005,200910,2.2059969999999964
LA-SL,200911,2,ensemble,reference_r1,22.511011,16.865976000000003,200910,5.6450349999999965
LA-SL,200912,3,ensemble,reference_r1,12.304498000000002,6.781841,200910,5.522657000000002
LA-SV,200801,1,ensemble,reference_r1,3.1730730000000023,4.720395,200801,-1.5473219999999976
LA-SV,200802,2,ensemble,reference_r1,2.045256000000002,0.6508780000000001,200801,1.394378000000002
LA-SV,200803,3,ensemble,reference_r1,2.9476599999999955,0.4247259999999999,200801,2.522933999999996
LA-SV,200804,1,ensemble,reference_r1,5.094560999999999,3.0191350000000003,200804,2.0754259999999984
LA-SV,200805,2,ensemble,reference_r1,13.572378999999998,8.405415,200804,5.166963999999998
LA-SV,200806,3,ensemble,reference_r1,20.76060600000001,23.16565599999999,200804,-2.4050499999999815
LA-SV,200807,1,ensemble,reference_r1,47.92565800000003,27.141977999999995,200807,20.783680000000032
LA-SV,200808,2,ensemble,reference_r1,38.91890600000002,30.135377000000005,200807,8.783529000000016
LA-SV,200809,3,ensemble,reference_r1,38.085549000000015,34.98446899999999,200807,3.1010800000000245
LA-SV,200810,1,ensemble,reference_r1,16.076711000000003,3.695937999999999,200810,12.380773000000005
LA-SV,200811,2,ensemble,reference_r1,9.690637000000002,1.1047089999999995,200810,8.585928000000003
LA-SV,200812,3,ensemble,reference_r1,6.038261999999996,0.3099349999999998,200810,5.728326999999997
LA-SV,200901,1,ensemble,reference_r1,2.0266149999999996,0.0684719999999999,200901,1.9581429999999997
LA-SV,200902,2,ensemble,reference_r1,1.8277280000000005,0.0091009999999999,200901,1.8186270000000007
LA-SV,200903,3,ensemble,reference_r1,2.5048790000000025,0.1195999999999999,200901,2.385279000000003
LA-SV,200904,1,ensemble,reference_r1,3.548967000000001,0.19838,200904,3.350587000000001
LA-SV,200905,2,ensemble,reference_r1,11.032752999999992,1.2955690000000004,200904,9.737183999999992
LA-SV,200906,3,ensemble,reference_r1,25.75946500000001,1.671367,200904,24.08809800000001
LA-SV,200907,1,ensemble,reference_r1,35.73067799999998,36.563412000000085,200907,-0.8327340000001016
LA-SV,200908,2,ensemble,reference_r1,33.505296999999985,36.55258100000003,200907,-3.0472840000000474
LA-SV,200909,3,ensemble,reference_r1,30.033750999999995,37.92182100000002,200907,-7.8880700000000274
LA-SV,200910,1,ensemble,reference_r1,17.92992000000001,6.569216999999998,200910,11.360703000000012
LA-SV,200911,2,ensemble,reference_r1,13.673242000000002,14.002177,200910,-0.32893499999999776
LA-SV,200912,3,ensemble,reference_r1,8.161844000000002,1.5345059999999997,200910,6.627338000000003
LA-VT,200801,1,ensemble,reference_r1,14.323912999999996,10.30095,200801,4.022962999999995
LA-VT,200802,2,ensemble,reference_r1,11.860701,4.277474999999999,200801,7.583226000000002
LA-VT,200803,3,ensemble,reference_r1,11.511030999999996,16.392575,200801,-4.881544000000005
LA-VT,200804,1,ensemble,reference_r1,19.609304,14.607781999999997,200804,5.001522000000005
LA-VT,200805,2,ensemble,reference_r1,32.483689999999996,26.01387500000001,200804,6.469814999999986
LA-VT,200806,3,ensemble,reference_r1,53.61598900000001,60.31072499999999,200804,-6.694735999999978
LA-VT,200807,1,ensemble,reference_r1,68.98907499999999,76.37116700000001,200807,-7.3820920000000285
LA-VT,200808,2,ensemble,reference_r1,71.14462499999999,83.16134499999998,200807,-12.016719999999992
LA-VT,200809,3,ensemble,reference_r1,65.637081,92.289514,200807,-26.652433000000002
LA-VT,200810,1,ensemble,reference_r1,58.30412100000001,32.774846999999994,200810,25.529274000000015
LA-VT,200811,2,ensemble,reference_r1,35.142595,47.75630199999999,200810,-12.613706999999991
LA-VT,200812,3,ensemble,reference_r1,28.499493,54.407596,200810,-25.908102999999997
LA-VT,200901,1,ensemble,reference_r1,13.07638,17.709208,200901,-4.632828
LA-VT,200902,2,ensemble,reference_r1,9.432023,11.839023,200901,-2.407
LA-VT,200903,3,ensemble,reference_r1,13.165961000000005,6.0935179999999995,200901,7.072443000000005
LA-VT,200904,1,ensemble,reference_r1,11.15685,11.926208000000004,200904,-0.769358000000004
LA-VT,200905,2,ensemble,reference_r1,23.558782,90.65788899999998,200904,-67.09910699999998
LA-VT,200906,3,ensemble,reference_r1,44.29263599999999,140.70637,200904,-96.413734
LA-VT,200907,1,ensemble,reference_r1,90.790251,180.51560900000004,200907,-89.72535800000004
LA-VT,200908,2,ensemble,reference_r1,113.012883,222.86109699999997,200907,-109.84821399999997
LA-VT,200909,3,ensemble,reference_r1,159.220407,302.699429,200907,-143.47902200000001
LA-VT,200910,1,ensemble,reference_r1,136.97396600000002,211.941444,200910,-74.96747799999997
LA-VT,200911,2,ensemble,reference_r1,212.505532,256.661353,200910,-44.15582100000003
LA-VT,200912,3,ensemble,reference_r1,146.596217,255.17636500000003,200910,-108.58014800000004
LA-XA,200801,1,ensemble,reference_r1,0.5409699999999997,1.3965680000000005,200801,-0.8555980000000007
LA-XA,200802,2,ensemble,reference_r1,0.740132,0.229547,200801,0.5105850000000001
LA-XA,200803,3,ensemble,reference_r1,0.9032400000000004,0.1670229999999999,200801,0.7362170000000005
LA-XA,200804,1,ensemble,reference_r1,1.330367999999999,0.697835,200804,0.6325329999999991
LA-XA,200805,2,ensemble,reference_r1,2.482599999999998,1.1948109999999996,200804,1.2877889999999983
LA-XA,200806,3,ensemble,reference_r1,6.758141000000002,2.0704079999999996,200804,4.687733000000002
LA-XA,200807,1,ensemble,reference_r1,12.078454,10.65607,200807,1.422384000000001
LA-XA,200808,2,ensemble,reference_r1,6.059633000000005,4.293488,200807,1.7661450000000052
LA-XA,200809,3,ensemble,reference_r1,6.254903999999996,2.4410230000000013,200807,3.813880999999995
LA-XA,200810,1,ensemble,reference_r1,2.247003999999997,1.6754129999999998,200810,0.5715909999999971
LA-XA,200811,2,ensemble,reference_r1,1.8418520000000012,1.00853,200810,0.8333220000000012
LA-XA,200812,3,ensemble,reference_r1,1.5051780000000008,0.4394329999999999,200810,1.0657450000000008
LA-XA,200901,1,ensemble,reference_r1,0.5611040000000003,0.1239709999999999,200901,0.4371330000000004
LA-XA,200902,2,ensemble,reference_r1,0.6613509999999998,0.0427989999999999,200901,0.6185519999999999
LA-XA,200903,3,ensemble,reference_r1,0.9697689999999994,0.2434389999999999,200901,0.7263299999999995
LA-XA,200904,1,ensemble,reference_r1,1.3167589999999991,0.370953,200904,0.9458059999999991
LA-XA,200905,2,ensemble,reference_r1,3.5982389999999995,1.023574,200904,2.5746649999999995
LA-XA,200906,3,ensemble,reference_r1,9.084239000000004,5.498389,200904,3.5858500000000033
LA-XA,200907,1,ensemble,reference_r1,10.925815,7.360831000000005,200907,3.5649839999999955
LA-XA,200908,2,ensemble,reference_r1,15.369985,22.397193,200907,-7.027208000000002
LA-XA,200909,3,ensemble,reference_r1,6.479453999999997,6.705635999999998,200907,-0.22618200000000144
LA-XA,200910,1,ensemble,reference_r1,3.3472320000000018,5.026572,200910,-1.679339999999998
LA-XA,200911,2,ensemble,reference_r1,2.9053699999999996,2.2736340000000004,200910,0.6317359999999992
LA-XA,200912,3,ensemble,reference_r1,2.492585,1.2300140000000002,200910,1.2625709999999999
LA-XE,200801,1,ensemble,reference_r1,0.175451,0.025938,200801,0.149513
LA-XE,200802,2,ensemble,reference_r1,0.231646,0.010401,200801,0.221245
LA-XE,200803,3,ensemble,reference_r1,0.147738,0.004611,200801,0.143127
LA-XE,200804,1,ensemble,reference_r1,0.086241,0.013278,200804,0.072963
LA-XE,200805,2,ensemble,reference_r1,0.152193,0.0511699999999999,200804,0.10102300000000008
LA-XE,200806,3,ensemble,reference_r1,3.2505360000000003,4.153352,200804,-0.9028159999999996
LA-XE,200807,1,ensemble,reference_r1,1.0495800000000002,0.2521019999999998,200807,0.7974780000000004
LA-XE,200808,2,ensemble,reference_r1,0.9260540000000002,0.3110590000000002,200807,0.614995
LA-XE,200809,3,ensemble,reference_r1,0.8690070000000001,0.6611639999999999,200807,0.20784300000000022
LA-XE,200810,1,ensemble,reference_r1,0.4361579999999998,0.0843609999999999,200810,0.3517969999999999
LA-XE,200811,2,ensemble,reference_r1,0.235524,0.0609059999999999,200810,0.1746180000000001
LA-XE,200812,3,ensemble,reference_r1,0.4442309999999999,0.7948409999999999,200810,-0.35061000000000003
LA-XE,200901,1,ensemble,reference_r1,0.1799469999999999,0.007341,200901,0.17260599999999993
LA-XE,200902,2,ensemble,reference_r1,1.11261,1.841679,200901,-0.729069
LA-XE,200903,3,ensemble,reference_r1,1.239868,1.7486339999999998,200901,-0.5087659999999998
LA-XE,200904,1,ensemble,reference_r1,0.5284609999999998,0.488701,200904,0.03975999999999985
LA-XE,200905,2,ensemble,reference_r1,0.762237,0.904395,200904,-0.1421579999999999
LA-XE,200906,3,ensemble,reference_r1,6.203238,6.313711,200904,-0.11047299999999982
LA-XE,200907,1,ensemble,reference_r1,22.417804,22.893129,200907,-0.475324999999998
LA-XE,200908,2,ensemble,reference_r1,20.669039,21.172375999999996,200907,-0.5033369999999948
LA-XE,200909,3,ensemble,reference_r1,2.275085,3.905376,200907,-1.6302910000000002
LA-XE,200910,1,ensemble,reference_r1,2.9859180000000003,2.524990999999999,200910,0.4609270000000012
LA-XE,200911,2,ensemble,reference_r1,1.3838279999999998,7.475260000000002,200910,-6.091432000000003
LA-XE,200912,3,ensemble,reference_r1,3.6206840000000007,7.251843000000001,200910,-3.6311590000000002
LA-XI,200801,1,ensemble,reference_r1,0.030927,0.00075,200801,0.030177
LA-XI,200802,2,ensemble,reference_r1,0.0276649999999999,0.0001529999999999,200801,0.027512
LA-XI,200803,3,ensemble,reference_r1,0.040638,0.0004949999999999,200801,0.0401430000000001
LA-XI,200804,1,ensemble,reference_r1,0.0361309999999999,0.000361,200804,0.0357699999999999
LA-XI,200805,2,ensemble,reference_r1,0.034272,0.002174,200804,0.032097999999999995
LA-XI,200806,3,ensemble,reference_r1,0.774321,0.921664,200804,-0.147343
LA-XI,200807,1,ensemble,reference_r1,0.1655499999999999,0.2682270000000004,200807,-0.10267700000000049
LA-XI,200808,2,ensemble,reference_r1,0.195922,0.3310630000000003,200807,-0.13514100000000026
LA-XI,200809,3,ensemble,reference_r1,0.1850489999999999,0.3104899999999997,200807,-0.1254409999999998
LA-XI,200810,1,ensemble,reference_r1,0.037116,0.0066879999999999,200810,0.030428000000000104
LA-XI,200811,2,ensemble,reference_r1,0.0433259999999999,0.004881,200810,0.038444999999999896
LA-XI,200812,3,ensemble,reference_r1,0.0351059999999999,0.00166,200810,0.0334459999999999
LA-XI,200901,1,ensemble,reference_r1,0.03606,0.001596,200901,0.034464
LA-XI,200902,2,ensemble,reference_r1,0.0265019999999999,0.002485,200901,0.0240169999999999
LA-XI,200903,3,ensemble,reference_r1,0.031542,0.0014959999999999,200901,0.0300460000000001
LA-XI,200904,1,ensemble,reference_r1,0.0442559999999999,0.0005849999999999,200904,0.043671
LA-XI,200905,2,ensemble,reference_r1,37.492628,38.923241,200904,-1.430612999999994
LA-XI,200906,3,ensemble,reference_r1,31.664441,32.880559,200904,-1.216117999999998
LA-XI,200907,1,ensemble,reference_r1,2.6908010000000004,0.8181659999999997,200907,1.8726350000000007
LA-XI,200908,2,ensemble,reference_r1,6.27285,6.8773409999999995,200907,-0.6044909999999994
LA-XI,200909,3,ensemble,reference_r1,2.487842000000001,0.7749649999999999,200907,1.712877000000001
LA-XI,200910,1,ensemble,reference_r1,0.0464369999999999,0.987219,200910,-0.940782
LA-XI,200911,2,ensemble,reference_r1,0.055755,0.498737,200910,-0.442982
LA-XI,200912,3,ensemble,reference_r1,0.0301809999999999,0.2120709999999999,200910,-0.18189
LA-AT,200801,1,ensemble,reference_r2,3.241579,2.7931049999999997,200801,0.4484740000000005
LA-AT,200802,2,ensemble,reference_r2,1.475973,1.201903,200801,0.27407000000000004
LA-AT,200803,3,ensemble,reference_r2,0.0495149999999999,0.0479,200801,0.0016149999999999012
LA-AT,200804,1,ensemble,reference_r2,0.0980080000000001,0.395821,200804,-0.2978129999999999
LA-AT,200805,2,ensemble,reference_r2,3.015376,1.3607779999999998,200804,1.654598
LA-AT,200806,3,ensemble,reference_r2,8.068203,3.876371999999999,200804,4.191831000000001
LA-AT,200807,1,ensemble,reference_r2,2.5258480000000003,3.729604000000002,200807,-1.2037560000000016
LA-AT,200808,2,ensemble,reference_r2,5.066772,6.663338000000003,200807,-1.5965660000000028
LA-AT,200809,3,ensemble,reference_r2,15.417986,16.815186,200807,-1.3971999999999998
LA-AT,200810,1,ensemble,reference_r2,32.163998,28.532835,200810,3.631163000000001
LA-AT,200811,2,ensemble,reference_r2,30.812565999999997,27.159915,200810,3.652650999999995
LA-AT,200812,3,ensemble,reference_r2,12.046259999999998,16.257736,200810,-4.211476000000003
LA-AT,200901,1,ensemble,reference_r2,9.581893999999998,8.135779,200901,1.446114999999999
LA-AT,200902,2,ensemble,reference_r2,35.003586,36.733486000000006,200901,-1.7299000000000078
LA-AT,200903,3,ensemble,reference_r2,65.482339,57.950748,200901,7.531590999999999
LA-AT,200904,1,ensemble,reference_r2,63.851991000000005,48.131051,200904,15.720940000000006
LA-AT,200905,2,ensemble,reference_r2,5.397920000000001,51.67652299999999,200904,-46.27860299999999
LA-AT,200906,3,ensemble,reference_r2,14.353342,42.353808000000015,200904,-28.000466000000017
LA-AT,200907,1,ensemble,reference_r2,50.100723,43.963149,200907,6.137574000000001
LA-AT,200908,2,ensemble,reference_r2,9.625747999999998,14.48961,200907,-4.863862000000003
LA-AT,200909,3,ensemble,reference_r2,6.518233,9.776561999999998,200907,-3.258328999999998
LA-AT,200910,1,ensemble,reference_r2,3.2108179999999997,6.384266,200910,-3.1734480000000005
LA-AT,200911,2,ensemble,reference_r2,6.89691,6.852055,200910,0.04485500000000009
LA-AT,200912,3,ensemble,reference_r2,3.4367600000000005,4.990642999999999,200910,-1.5538829999999981
LA-BK,200801,1,ensemble,reference_r2,0.651396,0.935093,200801,-0.283697
LA-BK,200802,2,ensemble,reference_r2,0.0652369999999999,0.0002249999999999,200801,0.065012
LA-BK,200803,3,ensemble,reference_r2,0.0782649999999999,6.499999999999909e-05,200801,0.07819999999999991
LA-BK,200804,1,ensemble,reference_r2,0.0767419999999999,0.003738,200804,0.07300399999999989
LA-BK,200805,2,ensemble,reference_r2,10.487188,11.52577,200804,-1.038582
LA-BK,200806,3,ensemble,reference_r2,50.859135,52.355982,200804,-1.4968469999999954
LA-BK,200807,1,ensemble,reference_r2,4.113639999999998,2.185772,200807,1.9278679999999984
LA-BK,200808,2,ensemble,reference_r2,6.368962999999999,6.0008420000000005,200807,0.3681209999999986
LA-BK,200809,3,ensemble,reference_r2,17.031405,23.092810999999983,200807,-6.061405999999984
LA-BK,200810,1,ensemble,reference_r2,31.062132000000005,21.001768999999996,200810,10.06036300000001
LA-BK,200811,2,ensemble,reference_r2,39.361528,45.533422,200810,-6.171894000000002
LA-BK,200812,3,ensemble,reference_r2,4.048108999999999,2.9761430000000004,200810,1.0719659999999989
LA-BK,200901,1,ensemble,reference_r2,0.6986380000000001,0.5091830000000002,200901,0.18945499999999993
LA-BK,200902,2,ensemble,reference_r2,0.4984199999999998,0.529839,200901,-0.03141900000000014
LA-BK,200903,3,ensemble,reference_r2,0.7044599999999999,0.959901,200901,-0.25544100000000014
LA-BK,200904,1,ensemble,reference_r2,2.0074379999999996,1.342842,200904,0.6645959999999995
LA-BK,200905,2,ensemble,reference_r2,70.56519300000001,42.896688,200904,27.66850500000001
LA-BK,200906,3,ensemble,reference_r2,205.034876,143.90448600000002,200904,61.13038999999998
LA-BK,200907,1,ensemble,reference_r2,117.281896,181.044815,200907,-63.762919
LA-BK,200908,2,ensemble,reference_r2,64.62907100000001,87.31059499999999,200907,-22.681523999999982
LA-BK,200909,3,ensemble,reference_r2,34.615536999999996,38.505201,200907,-3.8896640000000033
LA-BK,200910,1,ensemble,reference_r2,14.878825,27.047204000000008,200910,-12.168379000000007
LA-BK,200911,2,ensemble,reference_r2,6.056137,15.658140000000005,200910,-9.602003000000005
LA-BK,200912,3,ensemble,reference_r2,4.7198660000000014,4.268588000000001,200910,0.4512780000000003
LA-BL,200801,1,ensemble,reference_r2,4.892064999999999,4.779254999999999,200801,0.11280999999999963
LA-BL,200802,2,ensemble,reference_r2,3.0269459999999997,5.685013,200801,-2.658067
LA-BL,200803,3,ensemble,reference_r2,2.414910000000001,0.436278,200801,1.9786320000000008
LA-BL,200804,1,ensemble,reference_r2,2.5873620000000006,1.2464800000000005,200804,1.3408820000000001
LA-BL,200805,2,ensemble,reference_r2,6.084135,5.0584880000000005,200804,1.0256469999999993
LA-BL,200806,3,ensemble,reference_r2,7.746043,5.673099000000001,200804,2.0729439999999997
LA-BL,200807,1,ensemble,reference_r2,12.397459000000003,19.379559,200807,-6.982099999999997
LA-BL,200808,2,ensemble,reference_r2,12.625806000000004,20.414024,200807,-7.788217999999997
LA-BL,200809,3,ensemble,reference_r2,11.848669,18.392517,200807,-6.543848000000002
LA-BL,200810,1,ensemble,reference_r2,11.988208,8.400085999999998,200810,3.588122000000002
LA-BL,200811,2,ensemble,reference_r2,5.984430999999999,4.146908,200810,1.8375229999999991
LA-BL,200812,3,ensemble,reference_r2,4.426971,1.0778229999999995,200810,3.3491480000000005
LA-BL,200901,1,ensemble,reference_r2,1.3197679999999998,0.6850769999999999,200901,0.6346909999999999
LA-BL,200902,2,ensemble,reference_r2,1.4715929999999997,1.480529,200901,-0.008936000000000277
LA-BL,200903,3,ensemble,reference_r2,2.053401000000001,1.3795209999999996,200901,0.6738800000000014
LA-BL,200904,1,ensemble,reference_r2,2.114692,0.7335279999999997,200904,1.381164
LA-BL,200905,2,ensemble,reference_r2,7.674250000000001,3.030911000000001,200904,4.643338999999999
LA-BL,200906,3,ensemble,reference_r2,8.087463999999997,4.949428000000001,200904,3.138035999999996
LA-BL,200907,1,ensemble,reference_r2,13.130278000000004,21.467761999999993,200907,-8.33748399999999
LA-BL,200908,2,ensemble,reference_r2,14.676631,6.367072000000007,200907,8.309558999999993
LA-BL,200909,3,ensemble,reference_r2,15.905724,5.808948000000001,200907,10.096775999999998
LA-BL,200910,1,ensemble,reference_r2,7.458556999999999,5.600234,200910,1.8583229999999986
LA-BL,200911,2,ensemble,reference_r2,5.571399000000001,2.4331819999999995,200910,3.138217000000002
LA-BL,200912,3,ensemble,reference_r2,2.5095709999999993,0.7960600000000002,200910,1.7135109999999991
LA-CH,200801,1,ensemble,reference_r2,32.206873,30.990389,200801,1.2164840000000012
LA-CH,200802,2,ensemble,reference_r2,46.140649,44.66683200000001,200801,1.4738169999999968
LA-CH,200803,3,ensemble,reference_r2,44.755998000000005,53.574152000000005,200801,-8.818154
LA-CH,200804,1,ensemble,reference_r2,23.638215,21.330450999999996,200804,2.3077640000000024
LA-CH,200805,2,ensemble,reference_r2,40.72967600000001,58.54804899999999,200804,-17.81837299999998
LA-CH,200806,3,ensemble,reference_r2,140.936691,114.483291,200804,26.453400000000002
LA-CH,200807,1,ensemble,reference_r2,52.41287600000001,95.304508,200807,-42.89163199999999
LA-CH,200808,2,ensemble,reference_r2,56.43036700000002,84.29141700000014,200807,-27.86105000000012
LA-CH,200809,3,ensemble,reference_r2,56.384881999999976,117.612454,200807,-61.22757200000002
LA-CH,200810,1,ensemble,reference_r2,37.734048999999985,43.715447,200810,-5.981398000000013
LA-CH,200811,2,ensemble,reference_r2,36.149662000000006,32.59611500000001,200810,3.5535469999999947
LA-CH,200812,3,ensemble,reference_r2,32.889178,31.406121,200810,1.4830570000000023
LA-CH,200901,1,ensemble,reference_r2,12.840968999999998,10.002939,200901,2.838029999999998
LA-CH,200902,2,ensemble,reference_r2,19.384294000000004,25.732093,200901,-6.347798999999995
LA-CH,200903,3,ensemble,reference_r2,23.444676,20.968744,200901,2.4759320000000002
LA-CH,200904,1,ensemble,reference_r2,48.86010100000001,33.02936,200904,15.83074100000001
LA-CH,200905,2,ensemble,reference_r2,21.23617,88.00579200000001,200904,-66.76962200000001
LA-CH,200906,3,ensemble,reference_r2,43.2199,88.355448,200904,-45.13554799999999
LA-CH,200907,1,ensemble,reference_r2,35.14963900000001,74.18885799999998,200907,-39.039218999999974
LA-CH,200908,2,ensemble,reference_r2,36.041673,66.47305799999998,200907,-30.431384999999977
LA-CH,200909,3,ensemble,reference_r2,34.011730000000014,62.45511799999997,200907,-28.443387999999956
LA-CH,200910,1,ensemble,reference_r2,23.964771000000013,20.374773000000005,200910,3.5899980000000085
LA-CH,200911,2,ensemble,reference_r2,18.800192999999993,19.814521,200910,-1.0143280000000061
LA-CH,200912,3,ensemble,reference_r2,18.674213,11.395301000000003,200910,7.278911999999998
LA-HO,200801,1,ensemble,reference_r2,0.1479749999999999,0.004571,200801,0.14340399999999992
LA-HO,200802,2,ensemble,reference_r2,0.1446109999999999,0.000904,200801,0.14370699999999992
LA-HO,200803,3,ensemble,reference_r2,0.163348,0.007098,200801,0.15625
LA-HO,200804,1,ensemble,reference_r2,0.0688829999999999,0.0049199999999999,200804,0.063963
LA-HO,200805,2,ensemble,reference_r2,0.041293,0.0149809999999999,200804,0.026312000000000103
LA-HO,200806,3,ensemble,reference_r2,0.099602,0.0112829999999999,200804,0.08831900000000009
LA-HO,200807,1,ensemble,reference_r2,0.1677740000000001,0.321612,200807,-0.15383799999999992
LA-HO,200808,2,ensemble,reference_r2,0.07821,0.351477,200807,-0.273267
LA-HO,200809,3,ensemble,reference_r2,0.6623800000000001,0.7114880000000001,200807,-0.04910800000000004
LA-HO,200810,1,ensemble,reference_r2,0.1868009999999998,0.070913,200810,0.1158879999999998
LA-HO,200811,2,ensemble,reference_r2,0.1494849999999999,0.029183,200810,0.1203019999999999
LA-HO,200812,3,ensemble,reference_r2,0.4012679999999998,0.8228820000000001,200810,-0.4216140000000003
LA-HO,200901,1,ensemble,reference_r2,0.1647509999999999,0.014579,200901,0.1501719999999999
LA-HO,200902,2,ensemble,reference_r2,0.1461829999999999,0.0283239999999999,200901,0.11785899999999999
LA-HO,200903,3,ensemble,reference_r2,0.1601669999999999,0.025041,200901,0.13512599999999989
LA-HO,200904,1,ensemble,reference_r2,0.0620439999999999,0.0071429999999999,200904,0.054901
LA-HO,200905,2,ensemble,reference_r2,0.0513049999999999,0.009136,200904,0.0421689999999999
LA-HO,200906,3,ensemble,reference_r2,0.086619,0.033544,200904,0.053075000000000004
LA-HO,200907,1,ensemble,reference_r2,0.1379369999999999,0.4537749999999998,200907,-0.31583799999999995
LA-HO,200908,2,ensemble,reference_r2,0.096914,0.6111250000000004,200907,-0.5142110000000004
LA-HO,200909,3,ensemble,reference_r2,0.619129,0.665591,200907,-0.046462
LA-HO,200910,1,ensemble,reference_r2,0.4106869999999999,0.5739909999999999,200910,-0.163304
LA-HO,200911,2,ensemble,reference_r2,0.452588,0.705107,200910,-0.25251900000000005
LA-HO,200912,3,ensemble,reference_r2,0.3748819999999999,0.879941,200910,-0.5050590000000001
LA-KH,200801,1,ensemble,reference_r2,0.8767670000000001,0.7623169999999999,200801,0.11445000000000016
LA-KH,200802,2,ensemble,reference_r2,0.6233489999999993,0.1029749999999999,200801,0.5203739999999993
LA-KH,200803,3,ensemble,reference_r2,0.482888,0.083728,200801,0.39915999999999996
LA-KH,200804,1,ensemble,reference_r2,0.6087899999999999,0.4617680000000002,200804,0.14702199999999976
LA-KH,200805,2,ensemble,reference_r2,2.296721,1.3549569999999995,200804,0.9417640000000003
LA-KH,200806,3,ensemble,reference_r2,5.252074,2.350973,200804,2.901101
LA-KH,200807,1,ensemble,reference_r2,10.209626,4.178109000000006,200807,6.031516999999994
LA-KH,200808,2,ensemble,reference_r2,12.201071999999996,5.154977000000002,200807,7.046094999999994
LA-KH,200809,3,ensemble,reference_r2,6.050624999999997,4.8405640000000005,200807,1.210060999999996
LA-KH,200810,1,ensemble,reference_r2,3.8944209999999977,0.8545930000000004,200810,3.0398279999999973
LA-KH,200811,2,ensemble,reference_r2,1.8405500000000004,1.256154,200810,0.5843960000000004
LA-KH,200812,3,ensemble,reference_r2,2.2690610000000007,3.223891,200810,-0.9548299999999994
LA-KH,200901,1,ensemble,reference_r2,1.2010940000000003,0.0644699999999999,200901,1.1366240000000005
LA-KH,200902,2,ensemble,reference_r2,0.8881970000000008,0.027564,200901,0.8606330000000008
LA-KH,200903,3,ensemble,reference_r2,3.336730999999999,4.51485,200901,-1.178119000000001
LA-KH,200904,1,ensemble,reference_r2,1.3910349999999996,0.354512,200904,1.0365229999999996
LA-KH,200905,2,ensemble,reference_r2,3.146447,2.2810369999999995,200904,0.8654100000000007
LA-KH,200906,3,ensemble,reference_r2,49.678116,65.18241900000001,200904,-15.504303000000007
LA-KH,200907,1,ensemble,reference_r2,81.21347999999999,110.54105,200907,-29.32757000000001
LA-KH,200908,2,ensemble,reference_r2,200.089524,239.144493,200907,-39.054969
LA-KH,200909,3,ensemble,reference_r2,193.208642,211.541962,200907,-18.333320000000015
LA-KH,200910,1,ensemble,reference_r2,44.13972,46.40724900000001,200910,-2.2675290000000103
LA-KH,200911,2,ensemble,reference_r2,38.011667,23.13131100000001,200910,14.880355999999992
LA-KH,200912,3,ensemble,reference_r2,41.104783999999995,31.697552,200910,9.407231999999993
LA-LM,200801,1,ensemble,reference_r2,0.035444,0.000205,200801,0.035239000000000006
LA-LM,200802,2,ensemble,reference_r2,0.0426459999999999,4.900000000000043e-05,200801,0.0425969999999999
LA-LM,200803,3,ensemble,reference_r2,0.056278,9.99999999999916e-07,200801,0.056277
LA-LM,200804,1,ensemble,reference_r2,0.0457199999999999,0.0001449999999999,200804,0.045575
LA-LM,200805,2,ensemble,reference_r2,0.043388,0.002961,200804,0.040427000000000005
LA-LM,200806,3,ensemble,reference_r2,0.0527889999999999,0.004798,200804,0.047990999999999895
LA-LM,200807,1,ensemble,reference_r2,0.087036,0.836011000000001,200807,-0.748975000000001
LA-LM,200808,2,ensemble,reference_r2,0.0932,0.4214479999999998,200807,-0.3282479999999998
LA-LM,200809,3,ensemble,reference_r2,0.0775130000000001,0.8204150000000006,200807,-0.7429020000000005
LA-LM,200810,1,ensemble,reference_r2,0.1288279999999999,0.018054,200810,0.11077399999999989
LA-LM,200811,2,ensemble,reference_r2,0.0744049999999999,0.0068679999999999,200810,0.067537
LA-LM,200812,3,ensemble,reference_r2,0.041362,0.0017179999999999,200810,0.0396440000000001
LA-LM,200901,1,ensemble,reference_r2,0.034032,6.399999999999982e-05,200901,0.033968
LA-LM,200902,2,ensemble,reference_r2,0.0506539999999999,0.000148,200901,0.0505059999999999
LA-LM,200903,3,ensemble,reference_r2,0.0558239999999999,0.000257,200901,0.0555669999999999
LA-LM,200904,1,ensemble,reference_r2,0.76352,0.958457,200904,-0.19493700000000003
LA-LM,200905,2,ensemble,reference_r2,0.0408699999999999,0.002604,200904,0.0382659999999999
LA-LM,200906,3,ensemble,reference_r2,1.567252,1.834942,200904,-0.26769
LA-LM,200907,1,ensemble,reference_r2,0.4762789999999999,1.0050810000000006,200907,-0.5288020000000007
LA-LM,200908,2,ensemble,reference_r2,0.336012,1.098917,200907,-0.7629049999999999
LA-LM,200909,3,ensemble,reference_r2,2.574184,2.3238950000000003,200907,0.25028899999999954
LA-LM,200910,1,ensemble,reference_r2,2.575623,2.8370049999999996,200910,-0.26138199999999934
LA-LM,200911,2,ensemble,reference_r2,3.516005,4.375656,200910,-0.8596510000000004
LA-LM,200912,3,ensemble,reference_r2,1.874819,3.344385,200910,-1.469566
LA-LP,200801,1,ensemble,reference_r2,1.0758200000000002,1.063411,200801,0.012409000000000114
LA-LP,200802,2,ensemble,reference_r2,10.893968,13.990025,200801,-3.096057
LA-LP,200803,3,ensemble,reference_r2,15.878301,20.119223,200801,-4.240922000000001
LA-LP,200804,1,ensemble,reference_r2,19.477829,18.762779,200804,0.7150500000000015
LA-LP,200805,2,ensemble,reference_r2,92.529987,71.628437,200804,20.90155
LA-LP,200806,3,ensemble,reference_r2,123.29387,94.657669,200804,28.636201
LA-LP,200807,1,ensemble,reference_r2,20.305128000000003,9.995894999999996,200807,10.309233000000008
LA-LP,200808,2,ensemble,reference_r2,21.127731999999995,8.255550999999997,200807,12.872180999999998
LA-LP,200809,3,ensemble,reference_r2,18.636700000000005,8.644678999999996,200807,9.992021000000008
LA-LP,200810,1,ensemble,reference_r2,12.665532,18.163575,200810,-5.498043000000001
LA-LP,200811,2,ensemble,reference_r2,89.63860199999999,104.482118,200810,-14.843516000000008
LA-LP,200812,3,ensemble,reference_r2,136.136407,156.810768,200810,-20.674361000000005
LA-LP,200901,1,ensemble,reference_r2,10.812440000000002,7.614528999999999,200901,3.197911000000003
LA-LP,200902,2,ensemble,reference_r2,10.843487000000003,7.876543000000002,200901,2.9669440000000016
LA-LP,200903,3,ensemble,reference_r2,11.510833000000003,14.768234,200901,-3.257400999999996
LA-LP,200904,1,ensemble,reference_r2,1.072489,9.832906,200904,-8.760417
LA-LP,200905,2,ensemble,reference_r2,2.283931000000001,27.87522,200904,-25.591288999999996
LA-LP,200906,3,ensemble,reference_r2,4.7245729999999995,55.705219,200904,-50.980646
LA-LP,200907,1,ensemble,reference_r2,9.615247999999998,19.565031000000005,200907,-9.949783000000007
LA-LP,200908,2,ensemble,reference_r2,11.339742,21.466223000000017,200907,-10.126481000000018
LA-LP,200909,3,ensemble,reference_r2,260.022894,276.701436,200907,-16.678541999999993
LA-LP,200910,1,ensemble,reference_r2,81.83460699999999,72.53215600000001,200910,9.302450999999976
LA-LP,200911,2,ensemble,reference_r2,49.73212899999999,34.526410000000006,200910,15.205718999999988
LA-LP,200912,3,ensemble,reference_r2,27.072482000000008,5.92239,200910,21.150092000000008
LA-OU,200801,1,ensemble,reference_r2,0.049564,0.000785,200801,0.048778999999999996
LA-OU,200802,2,ensemble,reference_r2,0.0379969999999999,0.000257,200801,0.0377399999999999
LA-OU,200803,3,ensemble,reference_r2,0.043152,3.7000000000000574e-05,200801,0.043115
LA-OU,200804,1,ensemble,reference_r2,0.049358,0.0009009999999999,200804,0.0484570000000001
LA-OU,200805,2,ensemble,reference_r2,0.0476659999999999,0.0052159999999999,200804,0.04245
LA-OU,200806,3,ensemble,reference_r2,0.0758929999999999,0.009994,200804,0.0658989999999999
LA-OU,200807,1,ensemble,reference_r2,0.0876929999999999,1.598586000000001,200807,-1.5108930000000012
LA-OU,200808,2,ensemble,reference_r2,0.1192189999999999,1.0525620000000018,200807,-0.9333430000000019
LA-OU,200809,3,ensemble,reference_r2,0.094623,1.406610999999998,200807,-1.3119879999999982
LA-OU,200810,1,ensemble,reference_r2,0.083909,0.016273,200810,0.067636
LA-OU,200811,2,ensemble,reference_r2,0.056686,0.010235,200810,0.046451
LA-OU,200812,3,ensemble,reference_r2,0.045463,0.001305,200810,0.044158
LA-OU,200901,1,ensemble,reference_r2,0.0391909999999999,0.0001449999999999,200901,0.039046
LA-OU,200902,2,ensemble,reference_r2,0.039887,0.00017,200901,0.039717
LA-OU,200903,3,ensemble,reference_r2,0.0481989999999999,0.000481,200901,0.0477179999999999
LA-OU,200904,1,ensemble,reference_r2,0.0573529999999999,0.0008929999999999,200904,0.056459999999999996
LA-OU,200905,2,ensemble,reference_r2,0.0602319999999999,0.003443,200904,0.056788999999999895
LA-OU,200906,3,ensemble,reference_r2,0.067288,0.0150559999999999,200904,0.0522320000000001
LA-OU,200907,1,ensemble,reference_r2,0.096033,2.2120729999999966,200907,-2.116039999999997
LA-OU,200908,2,ensemble,reference_r2,0.662165,2.9221920000000026,200907,-2.2600270000000027
LA-OU,200909,3,ensemble,reference_r2,13.335621,8.79242,200907,4.543201
LA-OU,200910,1,ensemble,reference_r2,3.2037980000000004,2.2892819999999996,200910,0.9145160000000008
LA-OU,200911,2,ensemble,reference_r2,6.624625999999999,8.699595,200910,-2.074969000000001
LA-OU,200912,3,ensemble,reference_r2,10.553083,16.234902,200910,-5.681819000000001
LA-PH,200901,1,ensemble,reference_r2,0.030474,0.016332,200901,0.014142000000000002
LA-PH,200902,2,ensemble,reference_r2,0.032641,0.0184849999999999,200901,0.014156000000000103
LA-PH,200903,3,ensemble,reference_r2,0.031645,0.022101,200901,0.009544
LA-PH,200904,1,ensemble,reference_r2,0.0333939999999999,0.0036269999999999,200904,0.029767000000000002
LA-PH,200905,2,ensemble,reference_r2,0.039991,0.007833,200904,0.032158
LA-PH,200906,3,ensemble,reference_r2,0.042788,0.02271,200904,0.020078
LA-PH,200907,1,ensemble,reference_r2,0.042937,0.2879060000000004,200907,-0.24496900000000038
LA-PH,200909,3,ensemble,reference_r2,0.0453379999999999,0.3622610000000001,200907,-0.31692300000000023
LA-PH,200910,1,ensemble,reference_r2,0.0362899999999999,0.0124299999999999,200910,0.02386
LA-PH,200911,2,ensemble,reference_r2,0.0323179999999999,0.0104279999999999,200910,0.021890000000000003
LA-PH,200912,3,ensemble,reference_r2,0.0305689999999999,0.000789,200910,0.029779999999999897
LA-SL,200801,1,ensemble,reference_r2,0.8555130000000002,0.8985490000000003,200801,-0.043036000000000074
LA-SL,200802,2,ensemble,reference_r2,0.9881339999999996,0.4023539999999999,200801,0.5857799999999997
LA-SL,200803,3,ensemble,reference_r2,2.357261,3.732555,200801,-1.3752940000000002
LA-SL,200804,1,ensemble,reference_r2,1.102675,0.8124439999999997,200804,0.29023100000000035
LA-SL,200805,2,ensemble,reference_r2,87.343743,87.850352,200804,-0.5066089999999974
LA-SL,200806,3,ensemble,reference_r2,206.495267,185.846258,200804,20.649009000000007
LA-SL,200807,1,ensemble,reference_r2,46.272723000000006,49.75157,200807,-3.4788469999999947
LA-SL,200808,2,ensemble,reference_r2,37.54272999999999,39.75940399999999,200807,-2.2166739999999976
LA-SL,200809,3,ensemble,reference_r2,45.964134,57.455547,200807,-11.491413000000001
LA-SL,200810,1,ensemble,reference_r2,44.599248,32.213434,200810,12.385814000000003
LA-SL,200811,2,ensemble,reference_r2,13.626740000000002,8.992016,200810,4.634724000000002
LA-SL,200812,3,ensemble,reference_r2,8.562793,3.040769000000001,200810,5.522023999999998
LA-SL,200901,1,ensemble,reference_r2,1.164752,1.2842939999999996,200901,-0.11954199999999959
LA-SL,200902,2,ensemble,reference_r2,17.875108,18.968971999999997,200901,-1.0938639999999964
LA-SL,200903,3,ensemble,reference_r2,18.890931,12.470851,200901,6.420079999999999
LA-SL,200904,1,ensemble,reference_r2,9.259066,5.840422,200904,3.4186440000000005
LA-SL,200905,2,ensemble,reference_r2,87.782326,45.19196900000001,200904,42.59035699999999
LA-SL,200906,3,ensemble,reference_r2,22.087273,31.50808599999999,200904,-9.420812999999992
LA-SL,200907,1,ensemble,reference_r2,117.15694200000002,110.23512700000003,200907,6.921814999999981
LA-SL,200908,2,ensemble,reference_r2,84.017695,84.70357800000002,200907,-0.6858830000000182
LA-SL,200909,3,ensemble,reference_r2,53.428115000000005,59.184079000000054,200907,-5.7559640000000485
LA-SL,200910,1,ensemble,reference_r2,40.322631,33.360307,200910,6.962324000000002
LA-SL,200911,2,ensemble,reference_r2,22.511011,17.721003000000003,200910,4.790007999999997
LA-SL,200912,3,ensemble,reference_r2,12.304498000000002,5.750920000000001,200910,6.553578000000002
LA-SV,200801,1,ensemble,reference_r2,3.1730730000000023,4.913193999999999,200801,-1.7401209999999967
LA-SV,200802,2,ensemble,reference_r2,2.045256000000002,0.961484,200801,1.083772000000002
LA-SV,200803,3,ensemble,reference_r2,2.9476599999999955,0.434588,200801,2.5130719999999958
LA-SV,200804,1,ensemble,reference_r2,5.094560999999999,2.948320999999999,200804,2.1462399999999997
LA-SV,200805,2,ensemble,reference_r2,13.572378999999998,8.005254999999998,200804,5.567124
LA-SV,200806,3,ensemble,reference_r2,20.76060600000001,22.362818999999995,200804,-1.6022129999999848
LA-SV,200807,1,ensemble,reference_r2,47.92565800000003,30.30992600000002,200807,17.61573200000001
LA-SV,200808,2,ensemble,reference_r2,38.91890600000002,24.281661999999983,200807,14.637244000000038
LA-SV,200809,3,ensemble,reference_r2,38.085549000000015,31.971675000000005,200807,6.11387400000001
LA-SV,200810,1,ensemble,reference_r2,16.076711000000003,3.650746,200810,12.425965000000003
LA-SV,200811,2,ensemble,reference_r2,9.690637000000002,1.1415540000000002,200810,8.549083000000003
LA-SV,200812,3,ensemble,reference_r2,6.038261999999996,0.3427419999999999,200810,5.695519999999997
LA-SV,200901,1,ensemble,reference_r2,2.0266149999999996,0.063888,200901,1.9627269999999997
LA-SV,200902,2,ensemble,reference_r2,1.8277280000000005,0.012866,200901,1.8148620000000004
LA-SV,200903,3,ensemble,reference_r2,2.5048790000000025,0.144791,200901,2.3600880000000024
LA-SV,200904,1,ensemble,reference_r2,3.548967000000001,0.1688119999999999,200904,3.380155000000001
LA-SV,200905,2,ensemble,reference_r2,11.032752999999992,1.113198,200904,9.919554999999992
LA-SV,200906,3,ensemble,reference_r2,25.75946500000001,1.7974810000000003,200904,23.961984000000008
LA-SV,200907,1,ensemble,reference_r2,35.73067799999998,39.10524699999996,200907,-3.3745689999999797
LA-SV,200908,2,ensemble,reference_r2,33.505296999999985,37.982054999999946,200907,-4.476757999999961
LA-SV,200909,3,ensemble,reference_r2,30.033750999999995,40.497528999999986,200907,-10.46377799999999
LA-SV,200910,1,ensemble,reference_r2,17.92992000000001,6.786698999999999,200910,11.143221000000011
LA-SV,200911,2,ensemble,reference_r2,13.673242000000002,15.085976999999998,200910,-1.412734999999996
LA-SV,200912,3,ensemble,reference_r2,8.161844000000002,1.4864710000000008,200910,6.675373000000001
LA-VT,200801,1,ensemble,reference_r2,14.323912999999996,10.318300999999998,200801,4.0056119999999975
LA-VT,200802,2,ensemble,reference_r2,11.860701,3.905687,200801,7.955014
LA-VT,200803,3,ensemble,reference_r2,11.511030999999996,15.603718,200801,-4.092687000000005
LA-VT,200804,1,ensemble,reference_r2,19.609304,13.817171999999996,200804,5.792132000000006
LA-VT,200805,2,ensemble,reference_r2,32.483689999999996,26.322476999999992,200804,6.161213000000004
LA-VT,200806,3,ensemble,reference_r2,53.61598900000001,64.65965700000001,200804,-11.043667999999997
LA-VT,200807,1,ensemble,reference_r2,68.98907499999999,79.80285600000002,200807,-10.813781000000034
LA-VT,200808,2,ensemble,reference_r2,71.14462499999999,85.70476400000007,200807,-14.560139000000078
LA-VT,200809,3,ensemble,reference_r2,65.637081,88.85345099999995,200807,-23.216369999999955
LA-VT,200810,1,ensemble,reference_r2,58.30412100000001,33.89473699999999,200810,24.409384000000017
LA-VT,200811,2,ensemble,reference_r2,35.142595,46.100672,200810,-10.958077000000003
LA-VT,200812,3,ensemble,reference_r2,28.499493,54.748121,200810,-26.248627999999997
LA-VT,200901,1,ensemble,reference_r2,13.07638,19.670879999999997,200901,-6.5944999999999965
LA-VT,200902,2,ensemble,reference_r2,9.432023,10.671421,200901,-1.2393980000000013
LA-VT,200903,3,ensemble,reference_r2,13.165961000000005,6.652062999999998,200901,6.513898000000006
LA-VT,200904,1,ensemble,reference_r2,11.15685,11.465877,200904,-0.3090270000000004
LA-VT,200905,2,ensemble,reference_r2,23.558782,72.19965099999999,200904,-48.64086899999999
LA-VT,200906,3,ensemble,reference_r2,44.29263599999999,113.32613699999996,200904,-69.03350099999997
LA-VT,200907,1,ensemble,reference_r2,90.790251,175.27736099999993,200907,-84.48710999999993
LA-VT,200908,2,ensemble,reference_r2,113.012883,215.494077,200907,-102.481194
LA-VT,200909,3,ensemble,reference_r2,159.220407,304.6769499999999,200907,-145.45654299999993
LA-VT,200910,1,ensemble,reference_r2,136.97396600000002,215.66957800000003,200910,-78.69561200000001
LA-VT,200911,2,ensemble,reference_r2,212.505532,251.978676,200910,-39.47314400000002
LA-VT,200912,3,ensemble,reference_r2,146.596217,254.983639,200910,-108.38742200000002
LA-XA,200801,1,ensemble,reference_r2,0.5409699999999997,1.0824060000000002,200801,-0.5414360000000005
LA-XA,200802,2,ensemble,reference_r2,0.740132,0.274092,200801,0.46604
LA-XA,200803,3,ensemble,reference_r2,0.9032400000000004,0.144582,200801,0.7586580000000004
LA-XA,200804,1,ensemble,reference_r2,1.330367999999999,0.6779869999999999,200804,0.6523809999999992
LA-XA,200805,2,ensemble,reference_r2,2.482599999999998,1.3226210000000005,200804,1.1599789999999974
LA-XA,200806,3,ensemble,reference_r2,6.758141000000002,2.1045490000000004,200804,4.6535920000000015
LA-XA,200807,1,ensemble,reference_r2,12.078454,10.923203,200807,1.1552509999999998
LA-XA,200808,2,ensemble,reference_r2,6.059633000000005,4.084547000000001,200807,1.9750860000000046
LA-XA,200809,3,ensemble,reference_r2,6.254903999999996,3.0200989999999948,200807,3.2348050000000015
LA-XA,200810,1,ensemble,reference_r2,2.247003999999997,1.5012540000000003,200810,0.7457499999999966
LA-XA,200811,2,ensemble,reference_r2,1.8418520000000012,0.9150799999999996,200810,0.9267720000000016
LA-XA,200812,3,ensemble,reference_r2,1.5051780000000008,0.3947909999999999,200810,1.110387000000001
LA-XA,200901,1,ensemble,reference_r2,0.5611040000000003,0.111613,200901,0.44949100000000025
LA-XA,200902,2,ensemble,reference_r2,0.6613509999999998,0.062805,200901,0.5985459999999998
LA-XA,200903,3,ensemble,reference_r2,0.9697689999999994,0.267704,200901,0.7020649999999995
LA-XA,200904,1,ensemble,reference_r2,1.3167589999999991,0.2639129999999999,200904,1.0528459999999993
LA-XA,200905,2,ensemble,reference_r2,3.5982389999999995,1.0845219999999998,200904,2.5137169999999998
LA-XA,200906,3,ensemble,reference_r2,9.084239000000004,6.000514,200904,3.083725000000004
LA-XA,200907,1,ensemble,reference_r2,10.925815,7.579119999999989,200907,3.346695000000011
LA-XA,200908,2,ensemble,reference_r2,15.369985,22.748774999999995,200907,-7.378789999999995
LA-XA,200909,3,ensemble,reference_r2,6.479453999999997,8.075192999999999,200907,-1.5957390000000018
LA-XA,200910,1,ensemble,reference_r2,3.3472320000000018,4.745220999999999,200910,-1.3979889999999973
LA-XA,200911,2,ensemble,reference_r2,2.9053699999999996,2.626047999999999,200910,0.2793220000000005
LA-XA,200912,3,ensemble,reference_r2,2.492585,1.4062220000000003,200910,1.0863629999999997
LA-XE,200801,1,ensemble,reference_r2,0.175451,0.021284,200801,0.154167
LA-XE,200802,2,ensemble,reference_r2,0.231646,0.012315,200801,0.219331
LA-XE,200803,3,ensemble,reference_r2,0.147738,0.0022889999999999,200801,0.1454490000000001
LA-XE,200804,1,ensemble,reference_r2,0.086241,0.013134,200804,0.073107
LA-XE,200805,2,ensemble,reference_r2,0.152193,0.0467859999999999,200804,0.1054070000000001
LA-XE,200806,3,ensemble,reference_r2,3.2505360000000003,4.137485,200804,-0.8869489999999995
LA-XE,200807,1,ensemble,reference_r2,1.0495800000000002,0.3594309999999998,200807,0.6901490000000003
LA-XE,200808,2,ensemble,reference_r2,0.9260540000000002,0.3876900000000001,200807,0.5383640000000001
LA-XE,200809,3,ensemble,reference_r2,0.8690070000000001,0.6909709999999993,200807,0.17803600000000075
LA-XE,200810,1,ensemble,reference_r2,0.4361579999999998,0.074585,200810,0.3615729999999998
LA-XE,200811,2,ensemble,reference_r2,0.235524,0.058701,200810,0.176823
LA-XE,200812,3,ensemble,reference_r2,0.4442309999999999,0.800521,200810,-0.35629000000000016
LA-XE,200901,1,ensemble,reference_r2,0.1799469999999999,0.007414,200901,0.1725329999999999
LA-XE,200902,2,ensemble,reference_r2,1.11261,1.828502,200901,-0.715892
LA-XE,200903,3,ensemble,reference_r2,1.239868,1.7542879999999998,200901,-0.5144199999999999
LA-XE,200904,1,ensemble,reference_r2,0.5284609999999998,0.5307980000000001,200904,-0.0023370000000002555
LA-XE,200905,2,ensemble,reference_r2,0.762237,1.037932,200904,-0.275695
LA-XE,200906,3,ensemble,reference_r2,6.203238,6.271967,200904,-0.06872900000000026
LA-XE,200907,1,ensemble,reference_r2,22.417804,22.820517,200907,-0.40271299999999854
LA-XE,200908,2,ensemble,reference_r2,20.669039,21.963933000000026,200907,-1.2948940000000242
LA-XE,200909,3,ensemble,reference_r2,2.275085,4.116925000000002,200907,-1.8418400000000021
LA-XE,200910,1,ensemble,reference_r2,2.9859180000000003,2.8752959999999987,200910,0.11062200000000155
LA-XE,200911,2,ensemble,reference_r2,1.3838279999999998,8.801139000000006,200910,-7.417311000000007
LA-XE,200912,3,ensemble,reference_r2,3.6206840000000007,8.906965,200910,-5.286280999999999
LA-XI,200801,1,ensemble,reference_r2,0.030927,0.000754,200801,0.030173
LA-XI,200802,2,ensemble,reference_r2,0.0276649999999999,0.0001209999999999,200801,0.027544000000000003
LA-XI,200803,3,ensemble,reference_r2,0.040638,0.000368,200801,0.04027
LA-XI,200804,1,ensemble,reference_r2,0.0361309999999999,0.000851,200804,0.0352799999999999
LA-XI,200805,2,ensemble,reference_r2,0.034272,0.0016709999999999,200804,0.032601000000000095
LA-XI,200806,3,ensemble,reference_r2,0.774321,0.927385,200804,-0.15306399999999998
LA-XI,200807,1,ensemble,reference_r2,0.1655499999999999,0.3907899999999999,200807,-0.22524000000000002
LA-XI,200808,2,ensemble,reference_r2,0.195922,0.3248739999999999,200807,-0.12895199999999987
LA-XI,200809,3,ensemble,reference_r2,0.1850489999999999,0.4015440000000003,200807,-0.21649500000000038
LA-XI,200810,1,ensemble,reference_r2,0.037116,0.009779,200810,0.027337000000000004
LA-XI,200811,2,ensemble,reference_r2,0.0433259999999999,0.0042279999999999,200810,0.039098
LA-XI,200812,3,ensemble,reference_r2,0.0351059999999999,0.0020019999999999,200810,0.033104
LA-XI,200901,1,ensemble,reference_r2,0.03606,0.0009569999999999,200901,0.0351030000000001
LA-XI,200902,2,ensemble,reference_r2,0.0265019999999999,0.0013919999999999,200901,0.02511
LA-XI,200903,3,ensemble,reference_r2,0.031542,0.001313,200901,0.030229
LA-XI,200904,1,ensemble,reference_r2,0.0442559999999999,0.000229,200904,0.0440269999999999
LA-XI,200905,2,ensemble,reference_r2,37.492628,38.954369,200904,-1.4617409999999964
LA-XI,200906,3,ensemble,reference_r2,31.664441,32.859963,200904,-1.1955220000000004
LA-XI,200907,1,ensemble,reference_r2,2.6908010000000004,0.8304350000000014,200907,1.860365999999999
LA-XI,200908,2,ensemble,reference_r2,6.27285,6.707633000000001,200907,-0.43478300000000125
LA-XI,200909,3,ensemble,reference_r2,2.487842000000001,0.6515130000000013,200907,1.8363289999999997
LA-XI,200910,1,ensemble,reference_r2,0.0464369999999999,0.9272460000000002,200910,-0.8808090000000003
LA-XI,200911,2,ensemble,reference_r2,0.055755,0.4478759999999999,200910,-0.3921209999999999
LA-XI,200912,3,ensemble,reference_r2,0.0301809999999999,0.20038,200910,-0.1701990000000001
LA-AT,200801,1,ensemble,reference_r3,3.241579,2.93902,200801,0.302559
LA-AT,200802,2,ensemble,reference_r3,1.475973,1.243191,200801,0.23278200000000004
LA-AT,200803,3,ensemble,reference_r3,0.0495149999999999,0.055016,200801,-0.005501000000000103
LA-AT,200804,1,ensemble,reference_r3,0.0980080000000001,0.455165,200804,-0.3571569999999999
LA-AT,200805,2,ensemble,reference_r3,3.015376,1.4745329999999996,200804,1.5408430000000002
LA-AT,200806,3,ensemble,reference_r3,8.068203,3.739966,200804,4.328237000000001
LA-AT,200807,1,ensemble,reference_r3,2.5258480000000003,3.717932000000001,200807,-1.1920840000000008
LA-AT,200808,2,ensemble,reference_r3,5.066772,6.617485000000002,200807,-1.5507130000000018
LA-AT,200809,3,ensemble,reference_r3,15.417986,16.282890000000002,200807,-0.864904000000001
LA-AT,200810,1,ensemble,reference_r3,32.163998,31.488597,200810,0.6754010000000008
LA-AT,200811,2,ensemble,reference_r3,30.812565999999997,35.087347,200810,-4.274781000000004
LA-AT,200812,3,ensemble,reference_r3,12.046259999999998,17.640169,200810,-5.593909000000002
LA-AT,200901,1,ensemble,reference_r3,9.581893999999998,8.121302,200901,1.4605919999999983
LA-AT,200902,2,ensemble,reference_r3,35.003586,39.104015,200901,-4.100428999999998
LA-AT,200903,3,ensemble,reference_r3,65.482339,58.43869000000001,200901,7.043648999999988
LA-AT,200904,1,ensemble,reference_r3,63.851991000000005,46.981555,200904,16.870436000000005
LA-AT,200905,2,ensemble,reference_r3,5.397920000000001,50.04653200000001,200904,-44.648612000000014
LA-AT,200906,3,ensemble,reference_r3,14.353342,43.541679999999985,200904,-29.188337999999987
LA-AT,200907,1,ensemble,reference_r3,50.100723,45.13158299999999,200907,4.96914000000001
LA-AT,200908,2,ensemble,reference_r3,9.625747999999998,14.534521999999996,200907,-4.9087739999999975
LA-AT,200909,3,ensemble,reference_r3,6.518233,10.370877999999998,200907,-3.852644999999997
LA-AT,200910,1,ensemble,reference_r3,3.2108179999999997,5.851345000000002,200910,-2.6405270000000023
LA-AT,200911,2,ensemble,reference_r3,6.89691,7.316089999999999,200910,-0.419179999999999
LA-AT,200912,3,ensemble,reference_r3,3.4367600000000005,5.382994,200910,-1.9462339999999996
LA-BK,200801,1,ensemble,reference_r3,0.651396,0.9604,200801,-0.30900400000000006
LA-BK,200802,2,ensemble,reference_r3,0.0652369999999999,0.0001209999999999,200801,0.06511600000000001
LA-BK,200803,3,ensemble,reference_r3,0.0782649999999999,8.999999999999894e-06,200801,0.07825599999999991
LA-BK,200804,1,ensemble,reference_r3,0.0767419999999999,0.004082,200804,0.07265999999999989
LA-BK,200805,2,ensemble,reference_r3,10.487188,11.553028,200804,-1.0658399999999997
LA-BK,200806,3,ensemble,reference_r3,50.859135,52.423453,200804,-1.564318
LA-BK,200807,1,ensemble,reference_r3,4.113639999999998,2.0672929999999994,200807,2.046346999999999
LA-BK,200808,2,ensemble,reference_r3,6.368962999999999,6.023682999999998,200807,0.3452800000000007
LA-BK,200809,3,ensemble,reference_r3,17.031405,21.51960600000001,200807,-4.488201000000011
LA-BK,200810,1,ensemble,reference_r3,31.062132000000005,20.342420000000004,200810,10.719712000000001
LA-BK,200811,2,ensemble,reference_r3,39.361528,48.278563000000005,200810,-8.917035000000006
LA-BK,200812,3,ensemble,reference_r3,4.048108999999999,2.9109740000000004,200810,1.137134999999999
LA-BK,200901,1,ensemble,reference_r3,0.6986380000000001,0.498707,200901,0.19993100000000008
LA-BK,200902,2,ensemble,reference_r3,0.4984199999999998,0.334907,200901,0.1635129999999998
LA-BK,200903,3,ensemble,reference_r3,0.7044599999999999,0.7186379999999999,200901,-0.014178000000000024
LA-BK,200904,1,ensemble,reference_r3,2.0074379999999996,1.3005869999999995,200904,0.7068510000000001
LA-BK,200905,2,ensemble,reference_r3,70.56519300000001,44.963648,200904,25.60154500000001
LA-BK,200906,3,ensemble,reference_r3,205.034876,145.073569,200904,59.961307000000005
LA-BK,200907,1,ensemble,reference_r3,117.281896,183.375778,200907,-66.093882
LA-BK,200908,2,ensemble,reference_r3,64.62907100000001,88.53601900000001,200907,-23.906948
LA-BK,200909,3,ensemble,reference_r3,34.615536999999996,38.654931000000005,200907,-4.039394000000009
LA-BK,200910,1,ensemble,reference_r3,14.878825,22.44865800000001,200910,-7.569833000000008
LA-BK,200911,2,ensemble,reference_r3,6.056137,15.166146999999995,200910,-9.110009999999996
LA-BK,200912,3,ensemble,reference_r3,4.7198660000000014,3.901914,200910,0.8179520000000013
LA-BL,200801,1,ensemble,reference_r3,4.892064999999999,4.928022,200801,-0.03595700000000157
LA-BL,200802,2,ensemble,reference_r3,3.0269459999999997,5.658629,200801,-2.6316830000000007
LA-BL,200803,3,ensemble,reference_r3,2.414910000000001,0.4194699999999999,200801,1.9954400000000008
LA-BL,200804,1,ensemble,reference_r3,2.5873620000000006,1.678947,200804,0.9084150000000006
LA-BL,200805,2,ensemble,reference_r3,6.084135,4.973752000000001,200804,1.1103829999999988
LA-BL,200806,3,ensemble,reference_r3,7.746043,5.838863,200804,1.9071800000000003
LA-BL,200807,1,ensemble,reference_r3,12.397459000000003,19.978796000000003,200807,-7.5813369999999995
LA-BL,200808,2,ensemble,reference_r3,12.625806000000004,19.946691,200807,-7.320884999999997
LA-BL,200809,3,ensemble,reference_r3,11.848669,18.088129999999992,200807,-6.239460999999993
LA-BL,200810,1,ensemble,reference_r3,11.988208,10.967837999999997,200810,1.0203700000000033
LA-BL,200811,2,ensemble,reference_r3,5.984430999999999,4.16676,200810,1.817670999999999
LA-BL,200812,3,ensemble,reference_r3,4.426971,0.945485,200810,3.481486
LA-BL,200901,1,ensemble,reference_r3,1.3197679999999998,0.6916159999999998,200901,0.628152
LA-BL,200902,2,ensemble,reference_r3,1.4715929999999997,1.585523,200901,-0.11393000000000031
LA-BL,200903,3,ensemble,reference_r3,2.053401000000001,1.2523530000000005,200901,0.8010480000000004
LA-BL,200904,1,ensemble,reference_r3,2.114692,0.7398579999999999,200904,1.374834
LA-BL,200905,2,ensemble,reference_r3,7.674250000000001,3.4165789999999996,200904,4.257671000000001
LA-BL,200906,3,ensemble,reference_r3,8.087463999999997,4.847384999999999,200904,3.240078999999998
LA-BL,200907,1,ensemble,reference_r3,13.130278000000004,21.43490299999999,200907,-8.304624999999987
LA-BL,200908,2,ensemble,reference_r3,14.676631,5.746794999999999,200907,8.929836000000002
LA-BL,200909,3,ensemble,reference_r3,15.905724,5.7030770000000075,200907,10.202646999999992
LA-BL,200910,1,ensemble,reference_r3,7.458556999999999,6.1129560000000005,200910,1.3456009999999985
LA-BL,200911,2,ensemble,reference_r3,5.571399000000001,2.5579730000000005,200910,3.013426000000001
LA-BL,200912,3,ensemble,reference_r3,2.5095709999999993,0.6734980000000004,200910,1.836072999999999
LA-CH,200801,1,ensemble,reference_r3,32.206873,30.061631,200801,2.145242000000003
LA-CH,200802,2,ensemble,reference_r3,46.140649,47.129706000000006,200801,-0.9890570000000025
LA-CH,200803,3,ensemble,reference_r3,44.755998000000005,55.533758000000006,200801,-10.77776
LA-CH,200804,1,ensemble,reference_r3,23.638215,27.467673000000005,200804,-3.829458000000006
LA-CH,200805,2,ensemble,reference_r3,40.72967600000001,56.97844599999999,200804,-16.24876999999998
LA-CH,200806,3,ensemble,reference_r3,140.936691,127.63001000000004,200804,13.306680999999955
LA-CH,200807,1,ensemble,reference_r3,52.41287600000001,101.950558,200807,-49.53768199999999
LA-CH,200808,2,ensemble,reference_r3,56.43036700000002,89.63609400000007,200807,-33.20572700000005
LA-CH,200809,3,ensemble,reference_r3,56.384881999999976,121.92613800000004,200807,-65.54125600000006
LA-CH,200810,1,ensemble,reference_r3,37.734048999999985,43.48722900000001,200810,-5.753180000000029
LA-CH,200811,2,ensemble,reference_r3,36.149662000000006,46.102726,200810,-9.95306399999999
LA-CH,200812,3,ensemble,reference_r3,32.889178,33.440191999999996,200810,-0.551013999999995
LA-CH,200901,1,ensemble,reference_r3,12.840968999999998,9.400937,200901,3.440031999999997
LA-CH,200902,2,ensemble,reference_r3,19.384294000000004,29.701976,200901,-10.317681999999994
LA-CH,200903,3,ensemble,reference_r3,23.444676,22.617471999999996,200901,0.8272040000000054
LA-CH,200904,1,ensemble,reference_r3,48.86010100000001,34.56007099999999,200904,14.300030000000014
LA-CH,200905,2,ensemble,reference_r3,21.23617,78.53204999999997,200904,-57.29587999999997
LA-CH,200906,3,ensemble,reference_r3,43.2199,93.161003,200904,-49.94110299999999
LA-CH,200907,1,ensemble,reference_r3,35.14963900000001,71.28139400000009,200907,-36.131755000000084
LA-CH,200908,2,ensemble,reference_r3,36.041673,64.41127,200907,-28.369597
LA-CH,200909,3,ensemble,reference_r3,34.011730000000014,60.885703999999976,200907,-26.87397399999996
LA-CH,200910,1,ensemble,reference_r3,23.964771000000013,20.379201999999992,200910,3.585569000000021
LA-CH,200911,2,ensemble,reference_r3,18.800192999999993,18.881177000000008,200910,-0.08098400000001504
LA-CH,200912,3,ensemble,reference_r3,18.674213,11.014913999999996,200910,7.659299000000006
LA-HO,200801,1,ensemble,reference_r3,0.1479749999999999,0.0035719999999999,200801,0.144403
LA-HO,200802,2,ensemble,reference_r3,0.1446109999999999,0.001645,200801,0.1429659999999999
LA-HO,200803,3,ensemble,reference_r3,0.163348,0.005946,200801,0.157402
LA-HO,200804,1,ensemble,reference_r3,0.0688829999999999,0.010896,200804,0.0579869999999999
LA-HO,200805,2,ensemble,reference_r3,0.041293,0.020793,200804,0.020500000000000004
LA-HO,200806,3,ensemble,reference_r3,0.099602,0.009267,200804,0.090335
LA-HO,200807,1,ensemble,reference_r3,0.1677740000000001,0.313631,200807,-0.1458569999999999
LA-HO,200808,2,ensemble,reference_r3,0.07821,0.3334090000000005,200807,-0.2551990000000005
LA-HO,200809,3,ensemble,reference_r3,0.6623800000000001,0.6813059999999993,200807,-0.01892599999999922
LA-HO,200810,1,ensemble,reference_r3,0.1868009999999998,0.06638,200810,0.1204209999999998
LA-HO,200811,2,ensemble,reference_r3,0.1494849999999999,0.010643,200810,0.1388419999999999
LA-HO,200812,3,ensemble,reference_r3,0.4012679999999998,0.872617,200810,-0.4713490000000002
LA-HO,200901,1,ensemble,reference_r3,0.1647509999999999,0.014409,200901,0.1503419999999999
LA-HO,200902,2,ensemble,reference_r3,0.1461829999999999,0.024977,200901,0.1212059999999999
LA-HO,200903,3,ensemble,reference_r3,0.1601669999999999,0.031006,200901,0.1291609999999999
LA-HO,200904,1,ensemble,reference_r3,0.0620439999999999,0.0062799999999999,200904,0.055763999999999994
LA-HO,200905,2,ensemble,reference_r3,0.0513049999999999,0.007549,200904,0.0437559999999999
LA-HO,200906,3,ensemble,reference_r3,0.086619,0.031595,200904,0.055024
LA-HO,200907,1,ensemble,reference_r3,0.1379369999999999,0.5930330000000001,200907,-0.4550960000000003
LA-HO,200908,2,ensemble,reference_r3,0.096914,0.8383409999999998,200907,-0.7414269999999998
LA-HO,200909,3,ensemble,reference_r3,0.619129,0.9490680000000004,200907,-0.3299390000000003
LA-HO,200910,1,ensemble,reference_r3,0.4106869999999999,0.5981080000000001,200910,-0.18742100000000017
LA-HO,200911,2,ensemble,reference_r3,0.452588,0.7961090000000001,200910,-0.3435210000000001
LA-HO,200912,3,ensemble,reference_r3,0.3748819999999999,0.8613179999999999,200910,-0.48643600000000004
LA-KH,200801,1,ensemble,reference_r3,0.8767670000000001,0.7505540000000002,200801,0.1262129999999999
LA-KH,200802,2,ensemble,reference_r3,0.6233489999999993,0.1103629999999999,200801,0.5129859999999994
LA-KH,200803,3,ensemble,reference_r3,0.482888,0.102767,200801,0.380121
LA-KH,200804,1,ensemble,reference_r3,0.6087899999999999,0.589127,200804,0.019662999999999986
LA-KH,200805,2,ensemble,reference_r3,2.296721,1.0617039999999998,200804,1.235017
LA-KH,200806,3,ensemble,reference_r3,5.252074,2.205921,200804,3.0461530000000003
LA-KH,200807,1,ensemble,reference_r3,10.209626,4.118789,200807,6.0908370000000005
LA-KH,200808,2,ensemble,reference_r3,12.201071999999996,5.313151999999988,200807,6.887920000000008
LA-KH,200809,3,ensemble,reference_r3,6.050624999999997,4.808689999999999,200807,1.241934999999998
LA-KH,200810,1,ensemble,reference_r3,3.8944209999999977,0.8031730000000001,200810,3.0912479999999976
LA-KH,200811,2,ensemble,reference_r3,1.8405500000000004,1.644326,200810,0.1962240000000004
LA-KH,200812,3,ensemble,reference_r3,2.2690610000000007,3.196055,200810,-0.9269939999999992
LA-KH,200901,1,ensemble,reference_r3,1.2010940000000003,0.0713969999999999,200901,1.1296970000000004
LA-KH,200902,2,ensemble,reference_r3,0.8881970000000008,0.0184499999999999,200901,0.8697470000000009
LA-KH,200903,3,ensemble,reference_r3,3.336730999999999,4.752674,200901,-1.4159430000000008
LA-KH,200904,1,ensemble,reference_r3,1.3910349999999996,0.3104810000000001,200904,1.0805539999999993
LA-KH,200905,2,ensemble,reference_r3,3.146447,2.386875,200904,0.7595720000000004
LA-KH,200906,3,ensemble,reference_r3,49.678116,65.897785,200904,-16.219668999999996
LA-KH,200907,1,ensemble,reference_r3,81.21347999999999,113.178788,200907,-31.965308000000007
LA-KH,200908,2,ensemble,reference_r3,200.089524,244.76583200000005,200907,-44.676308000000034
LA-KH,200909,3,ensemble,reference_r3,193.208642,210.083102,200907,-16.87446
LA-KH,200910,1,ensemble,reference_r3,44.13972,42.305949,200910,1.8337709999999987
LA-KH,200911,2,ensemble,reference_r3,38.011667,22.93501099999999,200910,15.076656000000014
LA-KH,200912,3,ensemble,reference_r3,41.104783999999995,32.743303,200910,8.361480999999998
LA-LM,200801,1,ensemble,reference_r3,0.035444,8.099999999999948e-05,200801,0.035363000000000006
LA-LM,200802,2,ensemble,reference_r3,0.0426459999999999,5.999999999999929e-06,200801,0.0426399999999999
LA-LM,200803,3,ensemble,reference_r3,0.056278,1.700000000000052e-05,200801,0.056261
LA-LM,200804,1,ensemble,reference_r3,0.0457199999999999,0.000329,200804,0.0453909999999999
LA-LM,200805,2,ensemble,reference_r3,0.043388,0.001516,200804,0.041872000000000006
LA-LM,200806,3,ensemble,reference_r3,0.0527889999999999,0.0020649999999999,200804,0.050724
LA-LM,200807,1,ensemble,reference_r3,0.087036,0.7730440000000005,200807,-0.6860080000000005
LA-LM,200808,2,ensemble,reference_r3,0.0932,0.4662040000000003,200807,-0.3730040000000003
LA-LM,200809,3,ensemble,reference_r3,0.0775130000000001,0.8402969999999996,200807,-0.7627839999999996
LA-LM,200810,1,ensemble,reference_r3,0.1288279999999999,0.024614,200810,0.10421399999999989
LA-LM,200811,2,ensemble,reference_r3,0.0744049999999999,0.0033669999999999,200810,0.071038
LA-LM,200812,3,ensemble,reference_r3,0.041362,0.0011969999999999,200810,0.0401650000000001
LA-LM,200901,1,ensemble,reference_r3,0.034032,8.099999999999948e-05,200901,0.033951
LA-LM,200902,2,ensemble,reference_r3,0.0506539999999999,0.0001729999999999,200901,0.050481
LA-LM,200903,3,ensemble,reference_r3,0.0558239999999999,0.00021,200901,0.0556139999999999
LA-LM,200904,1,ensemble,reference_r3,0.76352,0.960417,200904,-0.196897
LA-LM,200905,2,ensemble,reference_r3,0.0408699999999999,0.0029129999999999,200904,0.037957
LA-LM,200906,3,ensemble,reference_r3,1.567252,1.81066,200904,-0.24340799999999985
LA-LM,200907,1,ensemble,reference_r3,0.4762789999999999,1.4899909999999998,200907,-1.013712
LA-LM,200908,2,ensemble,reference_r3,0.336012,1.5465480000000014,200907,-1.2105360000000014
LA-LM,200909,3,ensemble,reference_r3,2.574184,2.5131859999999975,200907,0.06099800000000233
LA-LM,200910,1,ensemble,reference_r3,2.575623,2.779909,200910,-0.20428599999999975
LA-LM,200911,2,ensemble,reference_r3,3.516005,4.472511000000001,200910,-0.956506000000001
LA-LM,200912,3,ensemble,reference_r3,1.874819,3.379939,200910,-1.5051199999999998
LA-LP,200801,1,ensemble,reference_r3,1.0758200000000002,1.0388599999999997,200801,0.03696000000000055
LA-LP,200802,2,ensemble,reference_r3,10.893968,13.878419,200801,-2.984451
LA-LP,200803,3,ensemble,reference_r3,15.878301,20.323975,200801,-4.445674
LA-LP,200804,1,ensemble,reference_r3,19.477829,15.558263,200804,3.9195659999999997
LA-LP,200805,2,ensemble,reference_r3,92.529987,74.766452,200804,17.763535000000005
LA-LP,200806,3,ensemble,reference_r3,123.29387,103.762893,200804,19.530976999999993
LA-LP,200807,1,ensemble,reference_r3,20.305128000000003,9.996617,200807,10.308511000000003
LA-LP,200808,2,ensemble,reference_r3,21.127731999999995,8.431417,200807,12.696314999999995
LA-LP,200809,3,ensemble,reference_r3,18.636700000000005,8.694607000000001,200807,9.942093000000003
LA-LP,200810,1,ensemble,reference_r3,12.665532,16.58338,200810,-3.9178479999999976
LA-LP,200811,2,ensemble,reference_r3,89.63860199999999,108.776302,200810,-19.13770000000001
LA-LP,200812,3,ensemble,reference_r3,136.136407,157.567419,200810,-21.43101200000001
LA-LP,200901,1,ensemble,reference_r3,10.812440000000002,8.265425,200901,2.547015000000002
LA-LP,200902,2,ensemble,reference_r3,10.843487000000003,5.606942,200901,5.236545000000003
LA-LP,200903,3,ensemble,reference_r3,11.510833000000003,12.279498,200901,-0.7686649999999968
LA-LP,200904,1,ensemble,reference_r3,1.072489,10.861833,200904,-9.789344
LA-LP,200905,2,ensemble,reference_r3,2.283931000000001,28.382681,200904,-26.098750000000003
LA-LP,200906,3,ensemble,reference_r3,4.7245729999999995,56.95730400000001,200904,-52.23273100000001
LA-LP,200907,1,ensemble,reference_r3,9.615247999999998,19.072747999999997,200907,-9.4575
LA-LP,200908,2,ensemble,reference_r3,11.339742,20.318465,200907,-8.978723
LA-LP,200909,3,ensemble,reference_r3,260.022894,274.190953,200907,-14.168058999999971
LA-LP,200910,1,ensemble,reference_r3,81.83460699999999,72.974098,200910,8.860508999999993
LA-LP,200911,2,ensemble,reference_r3,49.73212899999999,37.454729,200910,12.277399999999993
LA-LP,200912,3,ensemble,reference_r3,27.072482000000008,5.777261999999999,200910,21.295220000000008
LA-OU,200801,1,ensemble,reference_r3,0.049564,0.0004039999999999,200801,0.0491600000000001
LA-OU,200802,2,ensemble,reference_r3,0.0379969999999999,8.099999999999948e-05,200801,0.0379159999999999
LA-OU,200803,3,ensemble,reference_r3,0.043152,0.000289,200801,0.042863000000000005
LA-OU,200804,1,ensemble,reference_r3,0.049358,0.0025349999999999,200804,0.0468230000000001
LA-OU,200805,2,ensemble,reference_r3,0.0476659999999999,0.0068659999999999,200804,0.0408
LA-OU,200806,3,ensemble,reference_r3,0.0758929999999999,0.010588,200804,0.0653049999999999
LA-OU,200807,1,ensemble,reference_r3,0.0876929999999999,1.56081,200807,-1.4731170000000002
LA-OU,200808,2,ensemble,reference_r3,0.1192189999999999,0.9954,200807,-0.8761810000000001
LA-OU,200809,3,ensemble,reference_r3,0.094623,1.1755889999999989,200807,-1.080965999999999
LA-OU,200810,1,ensemble,reference_r3,0.083909,0.023163,200810,0.060745999999999994
LA-OU,200811,2,ensemble,reference_r3,0.056686,0.00311,200810,0.053576
LA-OU,200812,3,ensemble,reference_r3,0.045463,0.001261,200810,0.044202000000000005
LA-OU,200901,1,ensemble,reference_r3,0.0391909999999999,0.000272,200901,0.0389189999999999
LA-OU,200902,2,ensemble,reference_r3,0.039887,8.099999999999948e-05,200901,0.039806
LA-OU,200903,3,ensemble,reference_r3,0.0481989999999999,0.0006019999999999,200901,0.047597
LA-OU,200904,1,ensemble,reference_r3,0.0573529999999999,0.0005859999999999,200904,0.056767
LA-OU,200905,2,ensemble,reference_r3,0.0602319999999999,0.002917,200904,0.057314999999999894
LA-OU,200906,3,ensemble,reference_r3,0.067288,0.0139929999999999,200904,0.0532950000000001
LA-OU,200907,1,ensemble,reference_r3,0.096033,2.188065999999999,200907,-2.0920329999999994
LA-OU,200908,2,ensemble,reference_r3,0.662165,2.063244000000001,200907,-1.401079000000001
LA-OU,200909,3,ensemble,reference_r3,13.335621,9.1189,200907,4.216721
LA-OU,200910,1,ensemble,reference_r3,3.2037980000000004,2.1941979999999996,200910,1.0096000000000007
LA-OU,200911,2,ensemble,reference_r3,6.624625999999999,8.633515,200910,-2.008889
LA-OU,200912,3,ensemble,reference_r3,10.553083,16.170816000000002,200910,-5.617733000000001
LA-PH,200901,1,ensemble,reference_r3,0.030474,0.019356,200901,0.011118
LA-PH,200902,2,ensemble,reference_r3,0.032641,0.0195099999999999,200901,0.013131000000000104
LA-PH,200903,3,ensemble,reference_r3,0.031645,0.019696,200901,0.011948999999999998
LA-PH,200904,1,ensemble,reference_r3,0.0333939999999999,0.006308,200904,0.027085999999999902
LA-PH,200905,2,ensemble,reference_r3,0.039991,0.007779,200904,0.032212
LA-PH,200906,3,ensemble,reference_r3,0.042788,0.0302049999999999,200904,0.012583000000000101
LA-PH,200907,1,ensemble,reference_r3,0.042937,0.2130319999999992,200907,-0.1700949999999992
LA-PH,200909,3,ensemble,reference_r3,0.0453379999999999,0.3147009999999994,200907,-0.2693629999999995
LA-PH,200910,1,ensemble,reference_r3,0.0362899999999999,0.013479,200910,0.0228109999999999
LA-PH,200911,2,ensemble,reference_r3,0.0323179999999999,0.007355,200910,0.024962999999999902
LA-PH,200912,3,ensemble,reference_r3,0.0305689999999999,0.000793,200910,0.0297759999999999
LA-SL,200801,1,ensemble,reference_r3,0.8555130000000002,1.0048340000000002,200801,-0.14932100000000004
LA-SL,200802,2,ensemble,reference_r3,0.9881339999999996,0.4083449999999999,200801,0.5797889999999997
LA-SL,200803,3,ensemble,reference_r3,2.357261,3.827596999999999,200801,-1.4703359999999992
LA-SL,200804,1,ensemble,reference_r3,1.102675,1.076374,200804,0.02630100000000013
LA-SL,200805,2,ensemble,reference_r3,87.343743,90.045856,200804,-2.702112999999997
LA-SL,200806,3,ensemble,reference_r3,206.495267,188.478655,200804,18.01661200000001
LA-SL,200807,1,ensemble,reference_r3,46.272723000000006,48.32979800000001,200807,-2.0570750000000046
LA-SL,200808,2,ensemble,reference_r3,37.54272999999999,39.41290200000003,200807,-1.8701720000000392
LA-SL,200809,3,ensemble,reference_r3,45.964134,56.15395600000001,200807,-10.189822000000007
LA-SL,200810,1,ensemble,reference_r3,44.599248,38.734306999999994,200810,5.864941000000009
LA-SL,200811,2,ensemble,reference_r3,13.626740000000002,7.184589999999998,200810,6.442150000000003
LA-SL,200812,3,ensemble,reference_r3,8.562793,2.808318,200810,5.754474999999999
LA-SL,200901,1,ensemble,reference_r3,1.164752,1.7525780000000002,200901,-0.5878260000000002
LA-SL,200902,2,ensemble,reference_r3,17.875108,19.664844,200901,-1.7897359999999978
LA-SL,200903,3,ensemble,reference_r3,18.890931,13.247993,200901,5.642937999999999
LA-SL,200904,1,ensemble,reference_r3,9.259066,5.978850000000001,200904,3.2802159999999994
LA-SL,200905,2,ensemble,reference_r3,87.782326,43.625592000000005,200904,44.15673399999999
LA-SL,200906,3,ensemble,reference_r3,22.087273,33.701605,200904,-11.614332000000001
LA-SL,200907,1,ensemble,reference_r3,117.15694200000002,111.81295799999998,200907,5.3439840000000345
LA-SL,200908,2,ensemble,reference_r3,84.017695,86.75851599999999,200907,-2.7408209999999826
LA-SL,200909,3,ensemble,reference_r3,53.428115000000005,62.14185299999963,200907,-8.713737999999623
LA-SL,200910,1,ensemble,reference_r3,40.322631,34.467141000000005,200910,5.855489999999996
LA-SL,200911,2,ensemble,reference_r3,22.511011,20.250252000000003,200910,2.2607589999999966
LA-SL,200912,3,ensemble,reference_r3,12.304498000000002,6.561420999999999,200910,5.743077000000003
LA-SV,200801,1,ensemble,reference_r3,3.1730730000000023,4.8195619999999995,200801,-1.6464889999999972
LA-SV,200802,2,ensemble,reference_r3,2.045256000000002,0.9550710000000002,200801,1.0901850000000017
LA-SV,200803,3,ensemble,reference_r3,2.9476599999999955,0.4792040000000002,200801,2.4684559999999953
LA-SV,200804,1,ensemble,reference_r3,5.094560999999999,4.137742,200804,0.9568189999999985
LA-SV,200805,2,ensemble,reference_r3,13.572378999999998,5.875717,200804,7.696661999999998
LA-SV,200806,3,ensemble,reference_r3,20.76060600000001,27.238446999999994,200804,-6.477840999999984
LA-SV,200807,1,ensemble,reference_r3,47.92565800000003,31.72033300000004,200807,16.205324999999988
LA-SV,200808,2,ensemble,reference_r3,38.91890600000002,32.73693700000001,200807,6.181969000000009
LA-SV,200809,3,ensemble,reference_r3,38.085549000000015,29.69169099999999,200807,8.393858000000023
LA-SV,200810,1,ensemble,reference_r3,16.076711000000003,3.65276,200810,12.423951000000002
LA-SV,200811,2,ensemble,reference_r3,9.690637000000002,0.73996,200810,8.950677000000002
LA-SV,200812,3,ensemble,reference_r3,6.038261999999996,0.265727,200810,5.772534999999996
LA-SV,200901,1,ensemble,reference_r3,2.0266149999999996,0.062622,200901,1.9639929999999997
LA-SV,200902,2,ensemble,reference_r3,1.8277280000000005,0.0094209999999999,200901,1.8183070000000006
LA-SV,200903,3,ensemble,reference_r3,2.5048790000000025,0.1186199999999999,200901,2.3862590000000026
LA-SV,200904,1,ensemble,reference_r3,3.548967000000001,0.1692179999999999,200904,3.3797490000000012
LA-SV,200905,2,ensemble,reference_r3,11.032752999999992,1.3438949999999998,200904,9.688857999999993
LA-SV,200906,3,ensemble,reference_r3,25.75946500000001,1.538887,200904,24.22057800000001
LA-SV,200907,1,ensemble,reference_r3,35.73067799999998,37.576008999999885,200907,-1.8453309999999021
LA-SV,200908,2,ensemble,reference_r3,33.505296999999985,27.99105499999996,200907,5.514242000000024
LA-SV,200909,3,ensemble,reference_r3,30.033750999999995,35.65026599999999,200907,-5.616514999999993
LA-SV,200910,1,ensemble,reference_r3,17.92992000000001,7.162528000000002,200910,10.767392000000008
LA-SV,200911,2,ensemble,reference_r3,13.673242000000002,14.817908,200910,-1.1446659999999973
LA-SV,200912,3,ensemble,reference_r3,8.161844000000002,1.4831599999999998,200910,6.678684000000002
LA-VT,200801,1,ensemble,reference_r3,14.323912999999996,10.586236000000005,200801,3.737676999999991
LA-VT,200802,2,ensemble,reference_r3,11.860701,3.847788,200801,8.012913000000001
LA-VT,200803,3,ensemble,reference_r3,11.511030999999996,15.875906,200801,-4.364875000000005
LA-VT,200804,1,ensemble,reference_r3,19.609304,16.119370000000004,200804,3.489933999999998
LA-VT,200805,2,ensemble,reference_r3,32.483689999999996,20.733419999999995,200804,11.75027
LA-VT,200806,3,ensemble,reference_r3,53.61598900000001,68.479647,200804,-14.863657999999987
LA-VT,200807,1,ensemble,reference_r3,68.98907499999999,77.86584299999993,200807,-8.876767999999942
LA-VT,200808,2,ensemble,reference_r3,71.14462499999999,89.974423,200807,-18.82979800000001
LA-VT,200809,3,ensemble,reference_r3,65.637081,94.33711700000003,200807,-28.70003600000004
LA-VT,200810,1,ensemble,reference_r3,58.30412100000001,34.76646799999999,200810,23.53765300000002
LA-VT,200811,2,ensemble,reference_r3,35.142595,63.718053999999995,200810,-28.575458999999995
LA-VT,200812,3,ensemble,reference_r3,28.499493,59.87786899999999,200810,-31.37837599999999
LA-VT,200901,1,ensemble,reference_r3,13.07638,18.600893,200901,-5.524512999999999
LA-VT,200902,2,ensemble,reference_r3,9.432023,11.829438,200901,-2.3974150000000005
LA-VT,200903,3,ensemble,reference_r3,13.165961000000005,6.217972,200901,6.947989000000005
LA-VT,200904,1,ensemble,reference_r3,11.15685,10.796285999999998,200904,0.3605640000000019
LA-VT,200905,2,ensemble,reference_r3,23.558782,74.29199400000002,200904,-50.733212000000016
LA-VT,200906,3,ensemble,reference_r3,44.29263599999999,107.1467,200904,-62.85406400000001
LA-VT,200907,1,ensemble,reference_r3,90.790251,191.131881,200907,-100.34163
LA-VT,200908,2,ensemble,reference_r3,113.012883,231.0070139999998,200907,-117.9941309999998
LA-VT,200909,3,ensemble,reference_r3,159.220407,308.9411500000001,200907,-149.7207430000001
LA-VT,200910,1,ensemble,reference_r3,136.97396600000002,198.823094,200910,-61.84912799999998
LA-VT,200911,2,ensemble,reference_r3,212.505532,246.196768,200910,-33.691236
LA-VT,200912,3,ensemble,reference_r3,146.596217,254.10974699999997,200910,-107.51352999999997
LA-XA,200801,1,ensemble,reference_r3,0.5409699999999997,1.006584,200801,-0.4656140000000002
LA-XA,200802,2,ensemble,reference_r3,0.740132,0.2425669999999999,200801,0.49756500000000015
LA-XA,200803,3,ensemble,reference_r3,0.9032400000000004,0.152432,200801,0.7508080000000004
LA-XA,200804,1,ensemble,reference_r3,1.330367999999999,0.922062,200804,0.40830599999999906
LA-XA,200805,2,ensemble,reference_r3,2.482599999999998,1.2299859999999998,200804,1.2526139999999981
LA-XA,200806,3,ensemble,reference_r3,6.758141000000002,2.0402329999999997,200804,4.717908000000002
LA-XA,200807,1,ensemble,reference_r3,12.078454,11.200848,200807,0.8776060000000001
LA-XA,200808,2,ensemble,reference_r3,6.059633000000005,4.100234999999998,200807,1.9593980000000073
LA-XA,200809,3,ensemble,reference_r3,6.254903999999996,3.0686930000000032,200807,3.186210999999993
LA-XA,200810,1,ensemble,reference_r3,2.247003999999997,1.560085,200810,0.686918999999997
LA-XA,200811,2,ensemble,reference_r3,1.8418520000000012,0.758432,200810,1.0834200000000012
LA-XA,200812,3,ensemble,reference_r3,1.5051780000000008,0.406244,200810,1.0989340000000007
LA-XA,200901,1,ensemble,reference_r3,0.5611040000000003,0.1172649999999999,200901,0.44383900000000037
LA-XA,200902,2,ensemble,reference_r3,0.6613509999999998,0.04004,200901,0.6213109999999998
LA-XA,200903,3,ensemble,reference_r3,0.9697689999999994,0.22696,200901,0.7428089999999994
LA-XA,200904,1,ensemble,reference_r3,1.3167589999999991,0.2808729999999999,200904,1.0358859999999992
LA-XA,200905,2,ensemble,reference_r3,3.5982389999999995,0.9964589999999998,200904,2.6017799999999998
LA-XA,200906,3,ensemble,reference_r3,9.084239000000004,6.044173999999999,200904,3.0400650000000047
LA-XA,200907,1,ensemble,reference_r3,10.925815,7.097836999999998,200907,3.8279780000000017
LA-XA,200908,2,ensemble,reference_r3,15.369985,22.112719999999996,200907,-6.742734999999996
LA-XA,200909,3,ensemble,reference_r3,6.479453999999997,6.625676000000006,200907,-0.14622200000000873
LA-XA,200910,1,ensemble,reference_r3,3.3472320000000018,4.8707530000000006,200910,-1.5235209999999988
LA-XA,200911,2,ensemble,reference_r3,2.9053699999999996,2.3778760000000005,200910,0.527493999999999
LA-XA,200912,3,ensemble,reference_r3,2.492585,1.2106050000000002,200910,1.28198
LA-XE,200801,1,ensemble,reference_r3,0.175451,0.0204699999999999,200801,0.1549810000000001
LA-XE,200802,2,ensemble,reference_r3,0.231646,0.012294,200801,0.219352
LA-XE,200803,3,ensemble,reference_r3,0.147738,0.003147,200801,0.144591
LA-XE,200804,1,ensemble,reference_r3,0.086241,0.024906,200804,0.061335
LA-XE,200805,2,ensemble,reference_r3,0.152193,0.0449089999999999,200804,0.1072840000000001
LA-XE,200806,3,ensemble,reference_r3,3.2505360000000003,3.981396,200804,-0.7308599999999998
LA-XE,200807,1,ensemble,reference_r3,1.0495800000000002,0.3170490000000003,200807,0.7325309999999998
LA-XE,200808,2,ensemble,reference_r3,0.9260540000000002,0.4580619999999999,200807,0.46799200000000024
LA-XE,200809,3,ensemble,reference_r3,0.8690070000000001,0.6549679999999993,200807,0.21403900000000076
LA-XE,200810,1,ensemble,reference_r3,0.4361579999999998,0.0517479999999999,200810,0.3844099999999999
LA-XE,200811,2,ensemble,reference_r3,0.235524,0.0153,200810,0.220224
LA-XE,200812,3,ensemble,reference_r3,0.4442309999999999,0.87429,200810,-0.43005900000000014
LA-XE,200901,1,ensemble,reference_r3,0.1799469999999999,0.0087939999999999,200901,0.171153
LA-XE,200902,2,ensemble,reference_r3,1.11261,1.832758,200901,-0.720148
LA-XE,200903,3,ensemble,reference_r3,1.239868,1.757736,200901,-0.517868
LA-XE,200904,1,ensemble,reference_r3,0.5284609999999998,0.5237180000000001,200904,0.00474299999999972
LA-XE,200905,2,ensemble,reference_r3,0.762237,1.037385,200904,-0.27514799999999995
LA-XE,200906,3,ensemble,reference_r3,6.203238,6.428031000000001,200904,-0.2247930000000009
LA-XE,200907,1,ensemble,reference_r3,22.417804,22.696381,200907,-0.2785769999999985
LA-XE,200908,2,ensemble,reference_r3,20.669039,21.709413,200907,-1.040374
LA-XE,200909,3,ensemble,reference_r3,2.275085,3.9891229999999993,200907,-1.7140379999999995
LA-XE,200910,1,ensemble,reference_r3,2.9859180000000003,2.6404110000000003,200910,0.345507
LA-XE,200911,2,ensemble,reference_r3,1.3838279999999998,9.172386,200910,-7.788558
LA-XE,200912,3,ensemble,reference_r3,3.6206840000000007,7.880524999999999,200910,-4.259840999999998
LA-XI,200801,1,ensemble,reference_r3,0.030927,0.0009419999999999,200801,0.0299850000000001
LA-XI,200802,2,ensemble,reference_r3,0.0276649999999999,0.0001969999999999,200801,0.027468000000000003
LA-XI,200803,3,ensemble,reference_r3,0.040638,0.0002909999999999,200801,0.0403470000000001
LA-XI,200804,1,ensemble,reference_r3,0.0361309999999999,0.0015309999999999,200804,0.0346
LA-XI,200805,2,ensemble,reference_r3,0.034272,0.0012409999999999,200804,0.033031000000000095
LA-XI,200806,3,ensemble,reference_r3,0.774321,0.92354,200804,-0.149219
LA-XI,200807,1,ensemble,reference_r3,0.1655499999999999,0.361027,200807,-0.1954770000000001
LA-XI,200808,2,ensemble,reference_r3,0.195922,0.3533870000000005,200807,-0.1574650000000005
LA-XI,200809,3,ensemble,reference_r3,0.1850489999999999,0.389958,200807,-0.20490900000000012
LA-XI,200810,1,ensemble,reference_r3,0.037116,0.011217,200810,0.025899000000000005
LA-XI,200811,2,ensemble,reference_r3,0.0433259999999999,0.002517,200810,0.0408089999999999
LA-XI,200812,3,ensemble,reference_r3,0.0351059999999999,0.002325,200810,0.0327809999999999
LA-XI,200901,1,ensemble,reference_r3,0.03606,0.0011599999999999,200901,0.034900000000000105
LA-XI,200902,2,ensemble,reference_r3,0.0265019999999999,0.001205,200901,0.0252969999999999
LA-XI,200903,3,ensemble,reference_r3,0.031542,0.0013989999999999,200901,0.0301430000000001
LA-XI,200904,1,ensemble,reference_r3,0.0442559999999999,0.000592,200904,0.0436639999999999
LA-XI,200905,2,ensemble,reference_r3,37.492628,38.92510600000001,200904,-1.4324780000000032
LA-XI,200906,3,ensemble,reference_r3,31.664441,32.864947,200904,-1.2005060000000007
LA-XI,200907,1,ensemble,reference_r3,2.6908010000000004,0.7474980000000002,200907,1.9433030000000002
LA-XI,200908,2,ensemble,reference_r3,6.27285,6.750734,200907,-0.47788399999999953
LA-XI,200909,3,ensemble,reference_r3,2.487842000000001,0.5580090000000002,200907,1.9298330000000008
LA-XI,200910,1,ensemble,reference_r3,0.0464369999999999,0.9483309999999996,200910,-0.9018939999999996
LA-XI,200911,2,ensemble,reference_r3,0.055755,0.4598199999999999,200910,-0.4040649999999999
LA-XI,200912,3,ensemble,reference_r3,0.0301809999999999,0.196678,200910,-0.1664970000000001
LA-AT,200801,1,ensemble,reference_r4,3.241579,2.8367020000000003,200801,0.40487699999999993
LA-AT,200802,2,ensemble,reference_r4,1.475973,1.296224,200801,0.17974899999999994
LA-AT,200803,3,ensemble,reference_r4,0.0495149999999999,0.067726,200801,-0.018211000000000095
LA-AT,200804,1,ensemble,reference_r4,0.0980080000000001,0.378624,200804,-0.2806159999999999
LA-AT,200805,2,ensemble,reference_r4,3.015376,1.385485,200804,1.6298909999999998
LA-AT,200806,3,ensemble,reference_r4,8.068203,3.877762999999999,200804,4.1904400000000015
LA-AT,200807,1,ensemble,reference_r4,2.5258480000000003,3.4447519999999976,200807,-0.9189039999999973
LA-AT,200808,2,ensemble,reference_r4,5.066772,6.866979999999998,200807,-1.8002079999999978
LA-AT,200809,3,ensemble,reference_r4,15.417986,16.888999000000002,200807,-1.471013000000001
LA-AT,200810,1,ensemble,reference_r4,32.163998,31.241203,200810,0.9227950000000007
LA-AT,200811,2,ensemble,reference_r4,30.812565999999997,34.953832999999996,200810,-4.141266999999999
LA-AT,200812,3,ensemble,reference_r4,12.046259999999998,16.9223,200810,-4.8760400000000015
LA-AT,200901,1,ensemble,reference_r4,9.581893999999998,7.800769,200901,1.7811249999999985
LA-AT,200902,2,ensemble,reference_r4,35.003586,37.317364,200901,-2.3137779999999992
LA-AT,200903,3,ensemble,reference_r4,65.482339,57.580625999999995,200901,7.901713000000001
LA-AT,200904,1,ensemble,reference_r4,63.851991000000005,46.91363199999999,200904,16.938359000000013
LA-AT,200905,2,ensemble,reference_r4,5.397920000000001,51.23826900000002,200904,-45.84034900000002
LA-AT,200906,3,ensemble,reference_r4,14.353342,38.34807500000001,200904,-23.99473300000001
LA-AT,200907,1,ensemble,reference_r4,50.100723,45.99423399999999,200907,4.1064890000000105
LA-AT,200908,2,ensemble,reference_r4,9.625747999999998,14.654463,200907,-5.028715000000002
LA-AT,200909,3,ensemble,reference_r4,6.518233,10.517417000000002,200907,-3.9991840000000014
LA-AT,200910,1,ensemble,reference_r4,3.2108179999999997,6.607401000000003,200910,-3.3965830000000032
LA-AT,200911,2,ensemble,reference_r4,6.89691,5.754928000000001,200910,1.1419819999999987
LA-AT,200912,3,ensemble,reference_r4,3.4367600000000005,5.9292409999999975,200910,-2.492480999999997
LA-BK,200801,1,ensemble,reference_r4,0.651396,0.956488,200801,-0.30509200000000003
LA-BK,200802,2,ensemble,reference_r4,0.0652369999999999,2.499999999999985e-05,200801,0.06521199999999991
LA-BK,200803,3,ensemble,reference_r4,0.0782649999999999,1.600000000000039e-05,200801,0.0782489999999999
LA-BK,200804,1,ensemble,reference_r4,0.0767419999999999,0.0024169999999999,200804,0.07432499999999999
LA-BK,200805,2,ensemble,reference_r4,10.487188,11.485305,200804,-0.9981170000000006
LA-BK,200806,3,ensemble,reference_r4,50.859135,52.294556,200804,-1.435420999999998
LA-BK,200807,1,ensemble,reference_r4,4.113639999999998,1.7907120000000027,200807,2.3229279999999957
LA-BK,200808,2,ensemble,reference_r4,6.368962999999999,6.293468000000001,200807,0.07549499999999831
LA-BK,200809,3,ensemble,reference_r4,17.031405,22.03733399999999,200807,-5.005928999999991
LA-BK,200810,1,ensemble,reference_r4,31.062132000000005,22.844979999999993,200810,8.217152000000013
LA-BK,200811,2,ensemble,reference_r4,39.361528,47.119555000000005,200810,-7.758027000000006
LA-BK,200812,3,ensemble,reference_r4,4.048108999999999,2.5994759999999997,200810,1.4486329999999996
LA-BK,200901,1,ensemble,reference_r4,0.6986380000000001,0.4726700000000001,200901,0.225968
LA-BK,200902,2,ensemble,reference_r4,0.4984199999999998,0.5150710000000001,200901,-0.01665100000000025
LA-BK,200903,3,ensemble,reference_r4,0.7044599999999999,0.8135529999999997,200901,-0.10909299999999988
LA-BK,200904,1,ensemble,reference_r4,2.0074379999999996,1.2950289999999995,200904,0.7124090000000001
LA-BK,200905,2,ensemble,reference_r4,70.56519300000001,43.461354,200904,27.103839000000008
LA-BK,200906,3,ensemble,reference_r4,205.034876,144.657677,200904,60.37719899999999
LA-BK,200907,1,ensemble,reference_r4,117.281896,176.21954499999998,200907,-58.93764899999998
LA-BK,200908,2,ensemble,reference_r4,64.62907100000001,87.326098,200907,-22.69702699999999
LA-BK,200909,3,ensemble,reference_r4,34.615536999999996,37.103966,200907,-2.4884290000000036
LA-BK,200910,1,ensemble,reference_r4,14.878825,20.21283100000001,200910,-5.334006000000008
LA-BK,200911,2,ensemble,reference_r4,6.056137,9.610854000000003,200910,-3.5547170000000037
LA-BK,200912,3,ensemble,reference_r4,4.7198660000000014,4.472403,200910,0.24746300000000154
LA-BL,200801,1,ensemble,reference_r4,4.892064999999999,5.014264,200801,-0.12219900000000106
LA-BL,200802,2,ensemble,reference_r4,3.0269459999999997,6.139157,200801,-3.1122110000000003
LA-BL,200803,3,ensemble,reference_r4,2.414910000000001,0.412141,200801,2.0027690000000007
LA-BL,200804,1,ensemble,reference_r4,2.5873620000000006,1.2424780000000002,200804,1.3448840000000004
LA-BL,200805,2,ensemble,reference_r4,6.084135,5.117559,200804,0.9665759999999999
LA-BL,200806,3,ensemble,reference_r4,7.746043,5.628684,200804,2.1173590000000004
LA-BL,200807,1,ensemble,reference_r4,12.397459000000003,19.689371,200807,-7.291911999999998
LA-BL,200808,2,ensemble,reference_r4,12.625806000000004,19.877417,200807,-7.251610999999997
LA-BL,200809,3,ensemble,reference_r4,11.848669,18.232329000000007,200807,-6.383660000000008
LA-BL,200810,1,ensemble,reference_r4,11.988208,9.799912999999997,200810,2.1882950000000037
LA-BL,200811,2,ensemble,reference_r4,5.984430999999999,4.074579,200810,1.909851999999999
LA-BL,200812,3,ensemble,reference_r4,4.426971,0.901008,200810,3.525963
LA-BL,200901,1,ensemble,reference_r4,1.3197679999999998,0.732024,200901,0.5877439999999998
LA-BL,200902,2,ensemble,reference_r4,1.4715929999999997,1.524706,200901,-0.05311300000000019
LA-BL,200903,3,ensemble,reference_r4,2.053401000000001,1.26179,200901,0.791611000000001
LA-BL,200904,1,ensemble,reference_r4,2.114692,0.8191610000000003,200904,1.2955309999999995
LA-BL,200905,2,ensemble,reference_r4,7.674250000000001,3.162604,200904,4.511646000000001
LA-BL,200906,3,ensemble,reference_r4,8.087463999999997,4.752651999999999,200904,3.3348119999999977
LA-BL,200907,1,ensemble,reference_r4,13.130278000000004,21.536134000000004,200907,-8.405856
LA-BL,200908,2,ensemble,reference_r4,14.676631,5.621592000000007,200907,9.055038999999994
LA-BL,200909,3,ensemble,reference_r4,15.905724,5.2784619999999975,200907,10.627262000000002
LA-BL,200910,1,ensemble,reference_r4,7.458556999999999,5.3661650000000005,200910,2.0923919999999985
LA-BL,200911,2,ensemble,reference_r4,5.571399000000001,1.7011760000000002,200910,3.870223000000001
LA-BL,200912,3,ensemble,reference_r4,2.5095709999999993,0.7305090000000001,200910,1.7790619999999993
LA-CH,200801,1,ensemble,reference_r4,32.206873,30.169458,200801,2.037415000000003
LA-CH,200802,2,ensemble,reference_r4,46.140649,53.82499,200801,-7.684340999999996
LA-CH,200803,3,ensemble,reference_r4,44.755998000000005,58.323393,200801,-13.567394999999998
LA-CH,200804,1,ensemble,reference_r4,23.638215,23.11534300000001,200804,0.5228719999999889
LA-CH,200805,2,ensemble,reference_r4,40.72967600000001,56.561757,200804,-15.832080999999988
LA-CH,200806,3,ensemble,reference_r4,140.936691,107.795231,200804,33.141459999999995
LA-CH,200807,1,ensemble,reference_r4,52.41287600000001,91.606266,200807,-39.193389999999994
LA-CH,200808,2,ensemble,reference_r4,56.43036700000002,81.193533,200807,-24.763165999999984
LA-CH,200809,3,ensemble,reference_r4,56.384881999999976,122.110363,200807,-65.72548100000003
LA-CH,200810,1,ensemble,reference_r4,37.734048999999985,45.592534,200810,-7.858485000000016
LA-CH,200811,2,ensemble,reference_r4,36.149662000000006,44.520912,200810,-8.371249999999996
LA-CH,200812,3,ensemble,reference_r4,32.889178,33.998113,200810,-1.1089349999999953
LA-CH,200901,1,ensemble,reference_r4,12.840968999999998,9.507222,200901,3.333746999999997
LA-CH,200902,2,ensemble,reference_r4,19.384294000000004,25.378046,200901,-5.993751999999997
LA-CH,200903,3,ensemble,reference_r4,23.444676,20.058573000000003,200901,3.3861029999999985
LA-CH,200904,1,ensemble,reference_r4,48.86010100000001,33.108914,200904,15.751187000000009
LA-CH,200905,2,ensemble,reference_r4,21.23617,83.679532,200904,-62.44336199999999
LA-CH,200906,3,ensemble,reference_r4,43.2199,88.22357400000001,200904,-45.00367400000001
LA-CH,200907,1,ensemble,reference_r4,35.14963900000001,79.16740900000002,200907,-44.01777000000001
LA-CH,200908,2,ensemble,reference_r4,36.041673,64.78684199999998,200907,-28.745168999999976
LA-CH,200909,3,ensemble,reference_r4,34.011730000000014,63.87159600000001,200907,-29.859865999999997
LA-CH,200910,1,ensemble,reference_r4,23.964771000000013,20.745863999999997,200910,3.2189070000000157
LA-CH,200911,2,ensemble,reference_r4,18.800192999999993,11.510029000000005,200910,7.290163999999988
LA-CH,200912,3,ensemble,reference_r4,18.674213,12.608556999999998,200910,6.065656000000004
LA-HO,200801,1,ensemble,reference_r4,0.1479749999999999,0.004292,200801,0.14368299999999992
LA-HO,200802,2,ensemble,reference_r4,0.1446109999999999,0.000904,200801,0.14370699999999992
LA-HO,200803,3,ensemble,reference_r4,0.163348,0.0080019999999999,200801,0.1553460000000001
LA-HO,200804,1,ensemble,reference_r4,0.0688829999999999,0.0042039999999999,200804,0.064679
LA-HO,200805,2,ensemble,reference_r4,0.041293,0.0161899999999999,200804,0.025103000000000104
LA-HO,200806,3,ensemble,reference_r4,0.099602,0.0068899999999999,200804,0.0927120000000001
LA-HO,200807,1,ensemble,reference_r4,0.1677740000000001,0.3396999999999996,200807,-0.17192599999999952
LA-HO,200808,2,ensemble,reference_r4,0.07821,0.4094160000000002,200807,-0.3312060000000002
LA-HO,200809,3,ensemble,reference_r4,0.6623800000000001,0.6962050000000009,200807,-0.03382500000000077
LA-HO,200810,1,ensemble,reference_r4,0.1868009999999998,0.072475,200810,0.1143259999999998
LA-HO,200811,2,ensemble,reference_r4,0.1494849999999999,0.0073499999999999,200810,0.14213499999999998
LA-HO,200812,3,ensemble,reference_r4,0.4012679999999998,0.8613099999999999,200810,-0.4600420000000001
LA-HO,200901,1,ensemble,reference_r4,0.1647509999999999,0.0146439999999999,200901,0.150107
LA-HO,200902,2,ensemble,reference_r4,0.1461829999999999,0.027013,200901,0.1191699999999999
LA-HO,200903,3,ensemble,reference_r4,0.1601669999999999,0.0218619999999999,200901,0.13830499999999998
LA-HO,200904,1,ensemble,reference_r4,0.0620439999999999,0.005288,200904,0.0567559999999999
LA-HO,200905,2,ensemble,reference_r4,0.0513049999999999,0.009651,200904,0.0416539999999999
LA-HO,200906,3,ensemble,reference_r4,0.086619,0.034074,200904,0.052545
LA-HO,200907,1,ensemble,reference_r4,0.1379369999999999,0.5784299999999991,200907,-0.44049299999999925
LA-HO,200908,2,ensemble,reference_r4,0.096914,0.7780959999999979,200907,-0.681181999999998
LA-HO,200909,3,ensemble,reference_r4,0.619129,0.8483070000000001,200907,-0.2291780000000001
LA-HO,200910,1,ensemble,reference_r4,0.4106869999999999,0.557213,200910,-0.14652600000000005
LA-HO,200911,2,ensemble,reference_r4,0.452588,0.794532,200910,-0.341944
LA-HO,200912,3,ensemble,reference_r4,0.3748819999999999,0.8671359999999999,200910,-0.492254
LA-KH,200801,1,ensemble,reference_r4,0.8767670000000001,0.798187,200801,0.0785800000000001
LA-KH,200802,2,ensemble,reference_r4,0.6233489999999993,0.072524,200801,0.5508249999999992
LA-KH,200803,3,ensemble,reference_r4,0.482888,0.105051,200801,0.377837
LA-KH,200804,1,ensemble,reference_r4,0.6087899999999999,0.4691079999999998,200804,0.13968200000000014
LA-KH,200805,2,ensemble,reference_r4,2.296721,1.4484230000000005,200804,0.8482979999999993
LA-KH,200806,3,ensemble,reference_r4,5.252074,2.645658,200804,2.6064160000000003
LA-KH,200807,1,ensemble,reference_r4,10.209626,3.3643590000000003,200807,6.845267
LA-KH,200808,2,ensemble,reference_r4,12.201071999999996,5.135171,200807,7.065900999999997
LA-KH,200809,3,ensemble,reference_r4,6.050624999999997,5.211868999999993,200807,0.8387560000000036
LA-KH,200810,1,ensemble,reference_r4,3.8944209999999977,0.7588539999999999,200810,3.1355669999999978
LA-KH,200811,2,ensemble,reference_r4,1.8405500000000004,1.566048,200810,0.27450200000000025
LA-KH,200812,3,ensemble,reference_r4,2.2690610000000007,3.263829,200810,-0.9947679999999992
LA-KH,200901,1,ensemble,reference_r4,1.2010940000000003,0.093174,200901,1.1079200000000002
LA-KH,200902,2,ensemble,reference_r4,0.8881970000000008,0.033887,200901,0.8543100000000008
LA-KH,200903,3,ensemble,reference_r4,3.336730999999999,4.460589,200901,-1.1238580000000007
LA-KH,200904,1,ensemble,reference_r4,1.3910349999999996,0.354324,200904,1.0367109999999995
LA-KH,200905,2,ensemble,reference_r4,3.146447,2.419224,200904,0.7272230000000004
LA-KH,200906,3,ensemble,reference_r4,49.678116,66.748773,200904,-17.070656999999997
LA-KH,200907,1,ensemble,reference_r4,81.21347999999999,108.943322,200907,-27.729842000000005
LA-KH,200908,2,ensemble,reference_r4,200.089524,238.679122,200907,-38.589597999999995
LA-KH,200909,3,ensemble,reference_r4,193.208642,208.55232200000003,200907,-15.343680000000035
LA-KH,200910,1,ensemble,reference_r4,44.13972,43.776432,200910,0.36328799999999717
LA-KH,200911,2,ensemble,reference_r4,38.011667,17.976523000000007,200910,20.035143999999995
LA-KH,200912,3,ensemble,reference_r4,41.104783999999995,29.296884,200910,11.807899999999997
LA-LM,200801,1,ensemble,reference_r4,0.035444,0.0003249999999999,200801,0.0351190000000001
LA-LM,200802,2,ensemble,reference_r4,0.0426459999999999,1.600000000000039e-05,200801,0.0426299999999999
LA-LM,200803,3,ensemble,reference_r4,0.056278,4.000000000000097e-06,200801,0.056274000000000005
LA-LM,200804,1,ensemble,reference_r4,0.0457199999999999,0.0002979999999999,200804,0.045422
LA-LM,200805,2,ensemble,reference_r4,0.043388,0.003181,200804,0.04020700000000001
LA-LM,200806,3,ensemble,reference_r4,0.0527889999999999,0.001745,200804,0.051043999999999895
LA-LM,200807,1,ensemble,reference_r4,0.087036,0.8688380000000002,200807,-0.7818020000000002
LA-LM,200808,2,ensemble,reference_r4,0.0932,0.4332669999999998,200807,-0.3400669999999998
LA-LM,200809,3,ensemble,reference_r4,0.0775130000000001,0.6966209999999995,200807,-0.6191079999999994
LA-LM,200810,1,ensemble,reference_r4,0.1288279999999999,0.03054,200810,0.09828799999999989
LA-LM,200811,2,ensemble,reference_r4,0.0744049999999999,0.0042119999999999,200810,0.070193
LA-LM,200812,3,ensemble,reference_r4,0.041362,0.0016389999999999,200810,0.039723000000000105
LA-LM,200901,1,ensemble,reference_r4,0.034032,0.0001209999999999,200901,0.0339110000000001
LA-LM,200902,2,ensemble,reference_r4,0.0506539999999999,0.000289,200901,0.0503649999999999
LA-LM,200903,3,ensemble,reference_r4,0.0558239999999999,0.0004499999999999,200901,0.055374
LA-LM,200904,1,ensemble,reference_r4,0.76352,0.956485,200904,-0.19296500000000005
LA-LM,200905,2,ensemble,reference_r4,0.0408699999999999,0.002584,200904,0.038285999999999897
LA-LM,200906,3,ensemble,reference_r4,1.567252,1.801153,200904,-0.23390099999999991
LA-LM,200907,1,ensemble,reference_r4,0.4762789999999999,1.2886260000000007,200907,-0.8123470000000008
LA-LM,200908,2,ensemble,reference_r4,0.336012,1.493829999999999,200907,-1.1578179999999991
LA-LM,200909,3,ensemble,reference_r4,2.574184,2.2964459999999995,200907,0.27773800000000026
LA-LM,200910,1,ensemble,reference_r4,2.575623,2.6554909999999996,200910,-0.07986799999999938
LA-LM,200911,2,ensemble,reference_r4,3.516005,4.601351,200910,-1.0853460000000004
LA-LM,200912,3,ensemble,reference_r4,1.874819,3.254506,200910,-1.379687
LA-LP,200801,1,ensemble,reference_r4,1.0758200000000002,0.8684659999999997,200801,0.20735400000000048
LA-LP,200802,2,ensemble,reference_r4,10.893968,14.327608,200801,-3.4336400000000005
LA-LP,200803,3,ensemble,reference_r4,15.878301,20.149659,200801,-4.271357999999999
LA-LP,200804,1,ensemble,reference_r4,19.477829,18.566985,200804,0.9108440000000009
LA-LP,200805,2,ensemble,reference_r4,92.529987,72.633989,200804,19.895998000000006
LA-LP,200806,3,ensemble,reference_r4,123.29387,94.354482,200804,28.939387999999994
LA-LP,200807,1,ensemble,reference_r4,20.305128000000003,9.794651999999996,200807,10.510476000000008
LA-LP,200808,2,ensemble,reference_r4,21.127731999999995,8.176500999999998,200807,12.951230999999996
LA-LP,200809,3,ensemble,reference_r4,18.636700000000005,8.670110999999999,200807,9.966589000000006
LA-LP,200810,1,ensemble,reference_r4,12.665532,16.093396000000002,200810,-3.4278640000000014
LA-LP,200811,2,ensemble,reference_r4,89.63860199999999,107.857655,200810,-18.219053000000002
LA-LP,200812,3,ensemble,reference_r4,136.136407,156.804319,200810,-20.667912
LA-LP,200901,1,ensemble,reference_r4,10.812440000000002,7.260730000000002,200901,3.55171
LA-LP,200902,2,ensemble,reference_r4,10.843487000000003,7.521311999999998,200901,3.322175000000005
LA-LP,200903,3,ensemble,reference_r4,11.510833000000003,14.618975999999996,200901,-3.108142999999993
LA-LP,200904,1,ensemble,reference_r4,1.072489,10.381677999999996,200904,-9.309188999999996
LA-LP,200905,2,ensemble,reference_r4,2.283931000000001,27.983264000000005,200904,-25.699333000000003
LA-LP,200906,3,ensemble,reference_r4,4.7245729999999995,61.819982,200904,-57.095409000000004
LA-LP,200907,1,ensemble,reference_r4,9.615247999999998,19.029522,200907,-9.414274000000002
LA-LP,200908,2,ensemble,reference_r4,11.339742,21.578485,200907,-10.238743000000001
LA-LP,200909,3,ensemble,reference_r4,260.022894,278.68863799999997,200907,-18.66574399999996
LA-LP,200910,1,ensemble,reference_r4,81.83460699999999,67.99948800000001,200910,13.835118999999978
LA-LP,200911,2,ensemble,reference_r4,49.73212899999999,43.09258700000001,200910,6.6395419999999845
LA-LP,200912,3,ensemble,reference_r4,27.072482000000008,6.425700000000001,200910,20.64678200000001
LA-OU,200801,1,ensemble,reference_r4,0.049564,0.000967,200801,0.048596999999999994
LA-OU,200802,2,ensemble,reference_r4,0.0379969999999999,0.0004039999999999,200801,0.037593
LA-OU,200803,3,ensemble,reference_r4,0.043152,0.0001209999999999,200801,0.043031000000000104
LA-OU,200804,1,ensemble,reference_r4,0.049358,0.0015379999999999,200804,0.0478200000000001
LA-OU,200805,2,ensemble,reference_r4,0.0476659999999999,0.009144,200804,0.038521999999999904
LA-OU,200806,3,ensemble,reference_r4,0.0758929999999999,0.0151409999999999,200804,0.06075200000000001
LA-OU,200807,1,ensemble,reference_r4,0.0876929999999999,1.7994449999999986,200807,-1.7117519999999988
LA-OU,200808,2,ensemble,reference_r4,0.1192189999999999,1.0372990000000009,200807,-0.918080000000001
LA-OU,200809,3,ensemble,reference_r4,0.094623,1.6360589999999997,200807,-1.5414359999999998
LA-OU,200810,1,ensemble,reference_r4,0.083909,0.026622,200810,0.057287
LA-OU,200811,2,ensemble,reference_r4,0.056686,0.0033009999999999,200810,0.0533850000000001
LA-OU,200812,3,ensemble,reference_r4,0.045463,0.000916,200810,0.044547
LA-OU,200901,1,ensemble,reference_r4,0.0391909999999999,6.499999999999909e-05,200901,0.0391259999999999
LA-OU,200902,2,ensemble,reference_r4,0.039887,0.0001039999999999,200901,0.039783000000000096
LA-OU,200903,3,ensemble,reference_r4,0.0481989999999999,0.0005289999999999,200901,0.047670000000000004
LA-OU,200904,1,ensemble,reference_r4,0.0573529999999999,0.000977,200904,0.0563759999999999
LA-OU,200905,2,ensemble,reference_r4,0.0602319999999999,0.00374,200904,0.056491999999999896
LA-OU,200906,3,ensemble,reference_r4,0.067288,0.0138689999999999,200904,0.0534190000000001
LA-OU,200907,1,ensemble,reference_r4,0.096033,2.8559210000000093,200907,-2.7598880000000094
LA-OU,200908,2,ensemble,reference_r4,0.662165,2.5130009999999956,200907,-1.8508359999999957
LA-OU,200909,3,ensemble,reference_r4,13.335621,8.788325,200907,4.547295999999999
LA-OU,200910,1,ensemble,reference_r4,3.2037980000000004,2.132688,200910,1.0711100000000005
LA-OU,200911,2,ensemble,reference_r4,6.624625999999999,9.699225,200910,-3.074599000000001
LA-OU,200912,3,ensemble,reference_r4,10.553083,15.897626,200910,-5.344543
LA-PH,200901,1,ensemble,reference_r4,0.030474,0.021224,200901,0.009250000000000001
LA-PH,200902,2,ensemble,reference_r4,0.032641,0.0268339999999999,200901,0.005807000000000104
LA-PH,200903,3,ensemble,reference_r4,0.031645,0.024315,200901,0.00733
LA-PH,200904,1,ensemble,reference_r4,0.0333939999999999,0.0043809999999999,200904,0.029013000000000004
LA-PH,200905,2,ensemble,reference_r4,0.039991,0.006192,200904,0.033798999999999996
LA-PH,200906,3,ensemble,reference_r4,0.042788,0.0242669999999999,200904,0.0185210000000001
LA-PH,200907,1,ensemble,reference_r4,0.042937,0.3413810000000001,200907,-0.2984440000000001
LA-PH,200909,3,ensemble,reference_r4,0.0453379999999999,0.4016869999999999,200907,-0.356349
LA-PH,200910,1,ensemble,reference_r4,0.0362899999999999,0.0155049999999999,200910,0.020784999999999998
LA-PH,200911,2,ensemble,reference_r4,0.0323179999999999,0.0025619999999999,200910,0.029756
LA-PH,200912,3,ensemble,reference_r4,0.0305689999999999,0.0011849999999999,200910,0.029383999999999997
LA-SL,200801,1,ensemble,reference_r4,0.8555130000000002,0.954542,200801,-0.09902899999999981
LA-SL,200802,2,ensemble,reference_r4,0.9881339999999996,0.4033469999999999,200801,0.5847869999999997
LA-SL,200803,3,ensemble,reference_r4,2.357261,3.980154,200801,-1.6228930000000004
LA-SL,200804,1,ensemble,reference_r4,1.102675,0.8359970000000003,200804,0.26667799999999975
LA-SL,200805,2,ensemble,reference_r4,87.343743,87.17213000000001,200804,0.17161299999999358
LA-SL,200806,3,ensemble,reference_r4,206.495267,186.680574,200804,19.814693000000005
LA-SL,200807,1,ensemble,reference_r4,46.272723000000006,50.954631000000035,200807,-4.681908000000028
LA-SL,200808,2,ensemble,reference_r4,37.54272999999999,40.50004199999998,200807,-2.9573119999999875
LA-SL,200809,3,ensemble,reference_r4,45.964134,58.593388,200807,-12.629253999999996
LA-SL,200810,1,ensemble,reference_r4,44.599248,36.712841,200810,7.8864070000000055
LA-SL,200811,2,ensemble,reference_r4,13.626740000000002,6.637036999999999,200810,6.989703000000002
LA-SL,200812,3,ensemble,reference_r4,8.562793,2.576464999999999,200810,5.986328
LA-SL,200901,1,ensemble,reference_r4,1.164752,1.2712250000000005,200901,-0.10647300000000048
LA-SL,200902,2,ensemble,reference_r4,17.875108,19.478922,200901,-1.6038139999999999
LA-SL,200903,3,ensemble,reference_r4,18.890931,12.996581,200901,5.8943499999999975
LA-SL,200904,1,ensemble,reference_r4,9.259066,6.037266000000001,200904,3.2218
LA-SL,200905,2,ensemble,reference_r4,87.782326,42.424353,200904,45.357972999999994
LA-SL,200906,3,ensemble,reference_r4,22.087273,28.652967000000004,200904,-6.565694000000004
LA-SL,200907,1,ensemble,reference_r4,117.15694200000002,113.318556,200907,3.838386000000014
LA-SL,200908,2,ensemble,reference_r4,84.017695,88.062403,200907,-4.044708
LA-SL,200909,3,ensemble,reference_r4,53.428115000000005,62.760672,200907,-9.332556999999994
LA-SL,200910,1,ensemble,reference_r4,40.322631,35.219433,200910,5.103197999999999
LA-SL,200911,2,ensemble,reference_r4,22.511011,15.544074999999996,200910,6.966936000000004
LA-SL,200912,3,ensemble,reference_r4,12.304498000000002,7.556518,200910,4.747980000000003
LA-SV,200801,1,ensemble,reference_r4,3.1730730000000023,4.810980000000001,200801,-1.6379069999999984
LA-SV,200802,2,ensemble,reference_r4,2.045256000000002,0.644646,200801,1.400610000000002
LA-SV,200803,3,ensemble,reference_r4,2.9476599999999955,0.4455659999999999,200801,2.5020939999999956
LA-SV,200804,1,ensemble,reference_r4,5.094560999999999,3.222918,200804,1.8716429999999988
LA-SV,200805,2,ensemble,reference_r4,13.572378999999998,8.045517,200804,5.526861999999998
LA-SV,200806,3,ensemble,reference_r4,20.76060600000001,25.165687999999996,200804,-4.405081999999986
LA-SV,200807,1,ensemble,reference_r4,47.92565800000003,25.79708499999998,200807,22.128573000000046
LA-SV,200808,2,ensemble,reference_r4,38.91890600000002,22.60435100000001,200807,16.314555000000013
LA-SV,200809,3,ensemble,reference_r4,38.085549000000015,24.74873700000001,200807,13.336812000000005
LA-SV,200810,1,ensemble,reference_r4,16.076711000000003,3.930508,200810,12.146203000000003
LA-SV,200811,2,ensemble,reference_r4,9.690637000000002,0.7686450000000002,200810,8.921992000000003
LA-SV,200812,3,ensemble,reference_r4,6.038261999999996,0.3129829999999999,200810,5.725278999999996
LA-SV,200901,1,ensemble,reference_r4,2.0266149999999996,0.060504,200901,1.9661109999999997
LA-SV,200902,2,ensemble,reference_r4,1.8277280000000005,0.0161649999999999,200901,1.8115630000000005
LA-SV,200903,3,ensemble,reference_r4,2.5048790000000025,0.154899,200901,2.3499800000000026
LA-SV,200904,1,ensemble,reference_r4,3.548967000000001,0.175414,200904,3.373553000000001
LA-SV,200905,2,ensemble,reference_r4,11.032752999999992,1.104116,200904,9.928636999999993
LA-SV,200906,3,ensemble,reference_r4,25.75946500000001,1.7394490000000005,200904,24.02001600000001
LA-SV,200907,1,ensemble,reference_r4,35.73067799999998,35.80926999999997,200907,-0.07859199999998623
LA-SV,200908,2,ensemble,reference_r4,33.505296999999985,34.674545999999964,200907,-1.1692489999999793
LA-SV,200909,3,ensemble,reference_r4,30.033750999999995,37.086821999999984,200907,-7.0530709999999885
LA-SV,200910,1,ensemble,reference_r4,17.92992000000001,6.910990000000002,200910,11.018930000000008
LA-SV,200911,2,ensemble,reference_r4,13.673242000000002,16.846295,200910,-3.1730529999999995
LA-SV,200912,3,ensemble,reference_r4,8.161844000000002,1.7027330000000005,200910,6.459111000000002
LA-VT,200801,1,ensemble,reference_r4,14.323912999999996,10.449064,200801,3.8748489999999958
LA-VT,200802,2,ensemble,reference_r4,11.860701,4.162112,200801,7.698589000000001
LA-VT,200803,3,ensemble,reference_r4,11.511030999999996,16.972892,200801,-5.461861000000006
LA-VT,200804,1,ensemble,reference_r4,19.609304,14.908149000000002,200804,4.701155
LA-VT,200805,2,ensemble,reference_r4,32.483689999999996,28.242321000000004,200804,4.241368999999992
LA-VT,200806,3,ensemble,reference_r4,53.61598900000001,60.078947,200804,-6.462957999999986
LA-VT,200807,1,ensemble,reference_r4,68.98907499999999,77.72843,200807,-8.739355000000018
LA-VT,200808,2,ensemble,reference_r4,71.14462499999999,82.62737199999998,200807,-11.48274699999999
LA-VT,200809,3,ensemble,reference_r4,65.637081,92.716947,200807,-27.07986600000001
LA-VT,200810,1,ensemble,reference_r4,58.30412100000001,37.49606200000001,200810,20.808059
LA-VT,200811,2,ensemble,reference_r4,35.142595,65.85517300000001,200810,-30.712578000000008
LA-VT,200812,3,ensemble,reference_r4,28.499493,59.125181999999995,200810,-30.625688999999994
LA-VT,200901,1,ensemble,reference_r4,13.07638,18.695929,200901,-5.619548999999999
LA-VT,200902,2,ensemble,reference_r4,9.432023,10.282705,200901,-0.8506820000000008
LA-VT,200903,3,ensemble,reference_r4,13.165961000000005,6.303186999999998,200901,6.862774000000007
LA-VT,200904,1,ensemble,reference_r4,11.15685,11.572824999999996,200904,-0.415974999999996
LA-VT,200905,2,ensemble,reference_r4,23.558782,70.485117,200904,-46.926335
LA-VT,200906,3,ensemble,reference_r4,44.29263599999999,116.138514,200904,-71.84587800000001
LA-VT,200907,1,ensemble,reference_r4,90.790251,177.66263700000002,200907,-86.87238600000002
LA-VT,200908,2,ensemble,reference_r4,113.012883,213.208666,200907,-100.19578299999999
LA-VT,200909,3,ensemble,reference_r4,159.220407,295.50202299999995,200907,-136.28161599999996
LA-VT,200910,1,ensemble,reference_r4,136.97396600000002,191.003476,200910,-54.02950999999999
LA-VT,200911,2,ensemble,reference_r4,212.505532,297.595057,200910,-85.08952500000001
LA-VT,200912,3,ensemble,reference_r4,146.596217,245.447581,200910,-98.85136400000002
LA-XA,200801,1,ensemble,reference_r4,0.5409699999999997,1.1164580000000002,200801,-0.5754880000000004
LA-XA,200802,2,ensemble,reference_r4,0.740132,0.2002079999999999,200801,0.5399240000000001
LA-XA,200803,3,ensemble,reference_r4,0.9032400000000004,0.1533569999999999,200801,0.7498830000000005
LA-XA,200804,1,ensemble,reference_r4,1.330367999999999,0.818373,200804,0.5119949999999991
LA-XA,200805,2,ensemble,reference_r4,2.482599999999998,1.3379919999999998,200804,1.144607999999998
LA-XA,200806,3,ensemble,reference_r4,6.758141000000002,2.0156730000000005,200804,4.7424680000000015
LA-XA,200807,1,ensemble,reference_r4,12.078454,10.739034000000004,200807,1.339419999999997
LA-XA,200808,2,ensemble,reference_r4,6.059633000000005,4.347272000000004,200807,1.7123610000000014
LA-XA,200809,3,ensemble,reference_r4,6.254903999999996,2.5170540000000017,200807,3.7378499999999946
LA-XA,200810,1,ensemble,reference_r4,2.247003999999997,1.6188849999999997,200810,0.6281189999999972
LA-XA,200811,2,ensemble,reference_r4,1.8418520000000012,0.7139330000000002,200810,1.127919000000001
LA-XA,200812,3,ensemble,reference_r4,1.5051780000000008,0.4264660000000001,200810,1.0787120000000008
LA-XA,200901,1,ensemble,reference_r4,0.5611040000000003,0.0877299999999999,200901,0.47337400000000035
LA-XA,200902,2,ensemble,reference_r4,0.6613509999999998,0.0469089999999999,200901,0.6144419999999999
LA-XA,200903,3,ensemble,reference_r4,0.9697689999999994,0.257138,200901,0.7126309999999995
LA-XA,200904,1,ensemble,reference_r4,1.3167589999999991,0.2974789999999999,200904,1.0192799999999993
LA-XA,200905,2,ensemble,reference_r4,3.5982389999999995,1.02842,200904,2.569819
LA-XA,200906,3,ensemble,reference_r4,9.084239000000004,6.225634000000001,200904,2.8586050000000025
LA-XA,200907,1,ensemble,reference_r4,10.925815,7.479354000000001,200907,3.4464609999999993
LA-XA,200908,2,ensemble,reference_r4,15.369985,22.943715999999995,200907,-7.573730999999995
LA-XA,200909,3,ensemble,reference_r4,6.479453999999997,7.237640999999996,200907,-0.7581869999999995
LA-XA,200910,1,ensemble,reference_r4,3.3472320000000018,5.048611000000001,200910,-1.7013789999999993
LA-XA,200911,2,ensemble,reference_r4,2.9053699999999996,1.84589,200910,1.0594799999999995
LA-XA,200912,3,ensemble,reference_r4,2.492585,1.523202,200910,0.9693830000000001
LA-XE,200801,1,ensemble,reference_r4,0.175451,0.021009,200801,0.154442
LA-XE,200802,2,ensemble,reference_r4,0.231646,0.0134299999999999,200801,0.21821600000000008
LA-XE,200803,3,ensemble,reference_r4,0.147738,0.004892,200801,0.142846
LA-XE,200804,1,ensemble,reference_r4,0.086241,0.011606,200804,0.07463499999999999
LA-XE,200805,2,ensemble,reference_r4,0.152193,0.052852,200804,0.09934099999999998
LA-XE,200806,3,ensemble,reference_r4,3.2505360000000003,4.101269,200804,-0.850733
LA-XE,200807,1,ensemble,reference_r4,1.0495800000000002,0.4967779999999999,200807,0.5528020000000002
LA-XE,200808,2,ensemble,reference_r4,0.9260540000000002,0.5582560000000001,200807,0.36779800000000007
LA-XE,200809,3,ensemble,reference_r4,0.8690070000000001,0.7429579999999998,200807,0.1260490000000003
LA-XE,200810,1,ensemble,reference_r4,0.4361579999999998,0.0478399999999999,200810,0.38831799999999994
LA-XE,200811,2,ensemble,reference_r4,0.235524,0.0139859999999999,200810,0.22153800000000012
LA-XE,200812,3,ensemble,reference_r4,0.4442309999999999,0.891261,200810,-0.4470300000000001
LA-XE,200901,1,ensemble,reference_r4,0.1799469999999999,0.005276,200901,0.1746709999999999
LA-XE,200902,2,ensemble,reference_r4,1.11261,1.856539,200901,-0.7439289999999998
LA-XE,200903,3,ensemble,reference_r4,1.239868,1.730687,200901,-0.4908190000000001
LA-XE,200904,1,ensemble,reference_r4,0.5284609999999998,0.496266,200904,0.03219499999999986
LA-XE,200905,2,ensemble,reference_r4,0.762237,1.03986,200904,-0.27762299999999995
LA-XE,200906,3,ensemble,reference_r4,6.203238,6.44727,200904,-0.2440319999999998
LA-XE,200907,1,ensemble,reference_r4,22.417804,23.13149,200907,-0.7136859999999992
LA-XE,200908,2,ensemble,reference_r4,20.669039,21.720978,200907,-1.0519389999999973
LA-XE,200909,3,ensemble,reference_r4,2.275085,4.085311,200907,-1.8102260000000001
LA-XE,200910,1,ensemble,reference_r4,2.9859180000000003,2.7672350000000003,200910,0.21868299999999996
LA-XE,200911,2,ensemble,reference_r4,1.3838279999999998,2.6988839999999996,200910,-1.3150559999999998
LA-XE,200912,3,ensemble,reference_r4,3.6206840000000007,7.330339000000002,200910,-3.7096550000000015
LA-XI,200801,1,ensemble,reference_r4,0.030927,0.001173,200801,0.029754
LA-XI,200802,2,ensemble,reference_r4,0.0276649999999999,0.0001969999999999,200801,0.027468000000000003
LA-XI,200803,3,ensemble,reference_r4,0.040638,0.0002559999999999,200801,0.0403820000000001
LA-XI,200804,1,ensemble,reference_r4,0.0361309999999999,0.000446,200804,0.0356849999999999
LA-XI,200805,2,ensemble,reference_r4,0.034272,0.001242,200804,0.03303
LA-XI,200806,3,ensemble,reference_r4,0.774321,0.925549,200804,-0.15122799999999992
LA-XI,200807,1,ensemble,reference_r4,0.1655499999999999,0.3651729999999999,200807,-0.19962300000000002
LA-XI,200808,2,ensemble,reference_r4,0.195922,0.3519079999999999,200807,-0.15598599999999987
LA-XI,200809,3,ensemble,reference_r4,0.1850489999999999,0.4882680000000006,200807,-0.3032190000000007
LA-XI,200810,1,ensemble,reference_r4,0.037116,0.0105439999999999,200810,0.026572000000000102
LA-XI,200811,2,ensemble,reference_r4,0.0433259999999999,0.00161,200810,0.0417159999999999
LA-XI,200812,3,ensemble,reference_r4,0.0351059999999999,0.001403,200810,0.0337029999999999
LA-XI,200901,1,ensemble,reference_r4,0.03606,0.00146,200901,0.0346
LA-XI,200902,2,ensemble,reference_r4,0.0265019999999999,0.0015529999999999,200901,0.024949
LA-XI,200903,3,ensemble,reference_r4,0.031542,0.0012609999999999,200901,0.0302810000000001
LA-XI,200904,1,ensemble,reference_r4,0.0442559999999999,0.000794,200904,0.0434619999999999
LA-XI,200905,2,ensemble,reference_r4,37.492628,38.917114,200904,-1.4244859999999946
LA-XI,200906,3,ensemble,reference_r4,31.664441,32.847786,200904,-1.1833449999999992
LA-XI,200907,1,ensemble,reference_r4,2.6908010000000004,0.8108000000000004,200907,1.880001
LA-XI,200908,2,ensemble,reference_r4,6.27285,6.984434,200907,-0.7115840000000002
LA-XI,200909,3,ensemble,reference_r4,2.487842000000001,0.5719820000000002,200907,1.9158600000000008
LA-XI,200910,1,ensemble,reference_r4,0.0464369999999999,1.1427200000000002,200910,-1.0962830000000003
LA-XI,200911,2,ensemble,reference_r4,0.055755,0.3602919999999998,200910,-0.3045369999999998
LA-XI,200912,3,ensemble,reference_r4,0.0301809999999999,0.1903019999999999,200910,-0.16012099999999999
LA-AT,200801,1,climatology,reference,4.0,2.843778,200801,1.156222
LA-AT,200802,2,climatology,reference,1.63,1.27069825,200801,0.35930175
LA-AT,200803,3,climatology,reference,0.0,0.05815425,200801,-0.05815425
LA-AT,200804,1,climatology,reference,0.02,0.40213925,200804,-0.38213925
LA-AT,200805,2,climatology,reference,3.45,1.3895627499999998,200804,2.0604372500000006
LA-AT,200806,3,climatology,reference,8.86,3.859928749999999,200804,5.00007125
LA-AT,200807,1,climatology,reference,4.54,3.6048765,200807,0.9351235
LA-AT,200808,2,climatology,reference,9.47,6.7388970000000015,200807,2.731102999999999
LA-AT,200809,3,climatology,reference,17.57,16.55779825,200807,1.0122017499999991
LA-AT,200810,1,climatology,reference,38.95,30.05143225,200810,8.898567750000002
LA-AT,200811,2,climatology,reference,43.0,31.29876075,200810,11.70123925
LA-AT,200812,3,climatology,reference,22.28,16.832409,200810,5.447591000000003
LA-AT,200901,1,climatology,reference,17.305124,8.15741675,200901,9.14770725
LA-AT,200902,2,climatology,reference,45.164529,38.2688245,200901,6.895704500000001
LA-AT,200903,3,climatology,reference,77.0,58.3273705,200901,18.6726295
LA-AT,200904,1,climatology,reference,98.652562,45.0193875,200904,53.6331745
LA-AT,200905,2,climatology,reference,0.1242149999999999,58.171937750000005,200904,-58.047722750000005
LA-AT,200906,3,climatology,reference,21.319868,42.79439225,200904,-21.47452425
LA-AT,200907,1,climatology,reference,61.750116,45.335880249999995,200907,16.414235750000003
LA-AT,200908,2,climatology,reference,17.823736,14.612689,200907,3.2110470000000007
LA-AT,200909,3,climatology,reference,10.060613,10.27908925,200907,-0.21847625000000015
LA-AT,200910,1,climatology,reference,4.830283999999999,6.225308000000001,200910,-1.395024000000002
LA-AT,200911,2,climatology,reference,13.444083,6.568098500000001,200910,6.875984499999998
LA-AT,200912,3,climatology,reference,4.502959,5.2732209999999995,200910,-0.7702619999999998
LA-BK,200801,1,climatology,reference,0.81,0.9506525,200801,-0.14065249999999996
LA-BK,200802,2,climatology,reference,0.01,0.0001489999999999,200801,0.009851000000000101
LA-BK,200803,3,climatology,reference,0.01,3.474999999999995e-05,200801,0.00996525
LA-BK,200804,1,climatology,reference,0.01,0.0036017499999999,200804,0.0063982500000001
LA-BK,200805,2,climatology,reference,11.64,11.5114635,200804,0.12853650000000094
LA-BK,200806,3,climatology,reference,52.17,52.3636635,200804,-0.19366349999999954
LA-BK,200807,1,climatology,reference,0.6600000000000001,1.9668307500000008,200807,-1.3068307500000007
LA-BK,200808,2,climatology,reference,6.84,6.0518055,200807,0.7881944999999995
LA-BK,200809,3,climatology,reference,29.34,21.88949425,200807,7.450505750000001
LA-BK,200810,1,climatology,reference,44.92,20.75299725,200810,24.16700275
LA-BK,200811,2,climatology,reference,55.0,46.888191250000006,200810,8.111808749999994
LA-BK,200812,3,climatology,reference,5.0,2.82794425,200810,2.17205575
LA-BK,200901,1,climatology,reference,0.6691239999999999,0.4985245000000001,200901,0.17059949999999985
LA-BK,200902,2,climatology,reference,0.0082809999999999,0.41996075,200901,-0.4116797500000001
LA-BK,200903,3,climatology,reference,0.826281,0.7845957499999999,200901,0.04168525000000012
LA-BK,200904,1,climatology,reference,2.826281,1.2872052499999995,200904,1.5390757500000003
LA-BK,200905,2,climatology,reference,71.61762,43.8562265,200904,27.761393500000004
LA-BK,200906,3,climatology,reference,206.10648,142.94503500000002,200904,63.161444999999986
LA-BK,200907,1,climatology,reference,209.635455,180.8742105,200907,28.761244500000004
LA-BK,200908,2,climatology,reference,106.650017,87.73226275,200907,18.91775425
LA-BK,200909,3,climatology,reference,43.240067,38.01167525,200907,5.22839175
LA-BK,200910,1,climatology,reference,23.210034,22.415090750000005,200910,0.7949432499999958
LA-BK,200911,2,climatology,reference,4.5454550000000005,13.720553250000002,200910,-9.175098250000001
LA-BK,200912,3,climatology,reference,3.313405,4.280029,200910,-0.9666239999999999
LA-BL,200801,1,climatology,reference,5.6899999999999995,5.01450175,200801,0.6754982499999995
LA-BL,200802,2,climatology,reference,2.88,5.884085499999999,200801,-3.0040854999999995
LA-BL,200803,3,climatology,reference,2.29,0.4207695,200801,1.8692305
LA-BL,200804,1,climatology,reference,2.8299999999999996,1.3579262500000002,200804,1.4720737499999994
LA-BL,200805,2,climatology,reference,9.2,5.0508495,200804,4.149150499999999
LA-BL,200806,3,climatology,reference,10.070000000000002,5.73621425,200804,4.333785750000002
LA-BL,200807,1,climatology,reference,27.62,19.88587275,200807,7.73412725
LA-BL,200808,2,climatology,reference,19.03,20.180595500000003,200807,-1.1505955000000014
LA-BL,200809,3,climatology,reference,25.370000000000005,18.19255125,200807,7.1774487500000035
LA-BL,200810,1,climatology,reference,16.870000000000005,9.664315749999998,200810,7.205684250000006
LA-BL,200811,2,climatology,reference,6.290000000000001,4.08976525,200810,2.200234750000001
LA-BL,200812,3,climatology,reference,2.05,0.9906275,200810,1.0593724999999998
LA-BL,200901,1,climatology,reference,0.7038849999999999,0.6997199999999999,200901,0.004164999999999974
LA-BL,200902,2,climatology,reference,0.926381,1.54507375,200901,-0.61869275
LA-BL,200903,3,climatology,reference,2.5287120000000005,1.25389475,200901,1.2748172500000006
LA-BL,200904,1,climatology,reference,2.7938859999999996,0.79265125,200904,2.0012347499999996
LA-BL,200905,2,climatology,reference,17.157429000000004,3.28433175,200904,13.873097250000004
LA-BL,200906,3,climatology,reference,16.873330000000003,4.8324625,200904,12.040867500000003
LA-BL,200907,1,climatology,reference,20.996472,21.315734,200907,-0.3192619999999984
LA-BL,200908,2,climatology,reference,33.260011999999996,6.129631250000008,200907,27.130380749999986
LA-BL,200909,3,climatology,reference,41.130528,5.794849250000004,200907,35.33567874999999
LA-BL,200910,1,climatology,reference,17.210586000000003,5.720424250000001,200910,11.490161750000002
LA-BL,200911,2,climatology,reference,11.201476,2.2356965,200910,8.9657795
LA-BL,200912,3,climatology,reference,1.6965139999999996,0.6964042500000002,200910,1.0001097499999996
LA-CH,200801,1,climatology,reference,47.5,30.30105375,200801,17.19894625
LA-CH,200802,2,climatology,reference,53.03999999999999,49.507494,200801,3.532505999999991
LA-CH,200803,3,climatology,reference,50.58,56.2829525,200801,-5.702952500000002
LA-CH,200804,1,climatology,reference,31.85,24.161526,200804,7.688474000000003
LA-CH,200805,2,climatology,reference,38.959999999999994,56.727839499999995,200804,-17.7678395
LA-CH,200806,3,climatology,reference,127.17000000000002,116.52100975000002,200804,10.648990249999997
LA-CH,200807,1,climatology,reference,41.25,95.73478275,200807,-54.484782749999994
LA-CH,200808,2,climatology,reference,42.510000000000005,86.27881725000006,200807,-43.768817250000055
LA-CH,200809,3,climatology,reference,49.599999999999994,119.345246,200807,-69.74524600000001
LA-CH,200810,1,climatology,reference,37.669999999999995,44.69568875,200810,-7.025688750000008
LA-CH,200811,2,climatology,reference,41.07000000000001,39.47056275,200810,1.5994372500000082
LA-CH,200812,3,climatology,reference,33.34,32.2806005,200810,1.059399500000005
LA-CH,200901,1,climatology,reference,10.890717,9.64688725,200901,1.2438297499999997
LA-CH,200902,2,climatology,reference,19.093116999999996,27.55549025,200901,-8.462373250000002
LA-CH,200903,3,climatology,reference,21.42854,21.55035225,200901,-0.12181224999999785
LA-CH,200904,1,climatology,reference,53.487149,32.902559249999996,200904,20.584589750000006
LA-CH,200905,2,climatology,reference,19.053490000000004,98.07035725,200904,-79.01686724999999
LA-CH,200906,3,climatology,reference,30.695037999999997,94.84596575,200904,-64.15092775000001
LA-CH,200907,1,climatology,reference,45.004213,74.70629275000002,200907,-29.702079750000017
LA-CH,200908,2,climatology,reference,44.17307600000001,65.24416374999998,200907,-21.071087749999975
LA-CH,200909,3,climatology,reference,32.110839000000006,62.73381499999999,200907,-30.622975999999987
LA-CH,200910,1,climatology,reference,23.227603,20.276026249999997,200910,2.951576750000001
LA-CH,200911,2,climatology,reference,12.418226999999998,16.929015500000002,200910,-4.510788500000004
LA-CH,200912,3,climatology,reference,14.757385999999997,11.67808275,200910,3.079303249999997
LA-HO,200801,1,climatology,reference,0.01,0.0041867499999999,200801,0.0058132500000001005
LA-HO,200802,2,climatology,reference,0.01,0.00100825,200801,0.00899175
LA-HO,200803,3,climatology,reference,0.01,0.007007,200801,0.002993
LA-HO,200804,1,climatology,reference,0.01,0.006286,200804,0.0037140000000000003
LA-HO,200805,2,climatology,reference,0.0,0.0173154999999999,200804,-0.0173154999999999
LA-HO,200806,3,climatology,reference,0.0599999999999999,0.0101267499999999,200804,0.04987325
LA-HO,200807,1,climatology,reference,0.1999999999999999,0.3115272499999999,200807,-0.11152725000000002
LA-HO,200808,2,climatology,reference,0.0,0.3627835000000001,200807,-0.3627835000000001
LA-HO,200809,3,climatology,reference,0.6900000000000002,0.6951275000000001,200807,-0.0051274999999999515
LA-HO,200810,1,climatology,reference,0.02,0.069528,200810,-0.049528
LA-HO,200811,2,climatology,reference,0.0,0.01690375,200810,-0.01690375
LA-HO,200812,3,climatology,reference,0.65,0.8597135,200810,-0.2097135
LA-HO,200901,1,climatology,reference,0.0082809999999999,0.0152839999999999,200901,-0.0070030000000000005
LA-HO,200902,2,climatology,reference,0.0082809999999999,0.02521275,200901,-0.0169317500000001
LA-HO,200903,3,climatology,reference,0.0082809999999999,0.025151,200901,-0.0168700000000001
LA-HO,200904,1,climatology,reference,0.0082809999999999,0.0068417499999999,200904,0.0014392499999999996
LA-HO,200905,2,climatology,reference,0.0,0.00955425,200904,-0.00955425
LA-HO,200906,3,climatology,reference,0.049686,0.03212525,200904,0.01756075
LA-HO,200907,1,climatology,reference,0.16562,0.5240279999999998,200907,-0.35840799999999984
LA-HO,200908,2,climatology,reference,0.0,0.7317174999999991,200907,-0.7317174999999991
LA-HO,200909,3,climatology,reference,0.5699339999999999,0.8271042500000003,200907,-0.2571702500000004
LA-HO,200910,1,climatology,reference,0.834562,0.579982,200910,0.25458000000000003
LA-HO,200911,2,climatology,reference,1.0,0.7637797500000001,200910,0.2362202499999999
LA-HO,200912,3,climatology,reference,0.53681,0.8669864999999999,200910,-0.3301764999999999
LA-KH,200801,1,climatology,reference,1.1499999999999997,0.7767697499999999,200801,0.37323024999999976
LA-KH,200802,2,climatology,reference,0.1499999999999999,0.09116375,200801,0.05883624999999991
LA-KH,200803,3,climatology,reference,0.04,0.096911,200801,-0.056910999999999996
LA-KH,200804,1,climatology,reference,0.1099999999999999,0.49451525,200804,-0.3845152500000001
LA-KH,200805,2,climatology,reference,1.38,1.3177015,200804,0.06229849999999981
LA-KH,200806,3,climatology,reference,8.940000000000001,2.37704625,200804,6.562953750000002
LA-KH,200807,1,climatology,reference,35.06999999999999,3.9006657500000017,200807,31.16933424999999
LA-KH,200808,2,climatology,reference,37.92,4.992983999999996,200807,32.92701600000001
LA-KH,200809,3,climatology,reference,14.089999999999996,4.9839932499999975,200807,9.106006749999999
LA-KH,200810,1,climatology,reference,5.470000000000001,0.8226982500000001,200810,4.6473017500000005
LA-KH,200811,2,climatology,reference,1.4299999999999995,1.420912,200810,0.009087999999999541
LA-KH,200812,3,climatology,reference,3.69,3.210615,200810,0.47938499999999973
LA-KH,200901,1,climatology,reference,0.9523149999999996,0.079932,200901,0.8723829999999996
LA-KH,200902,2,climatology,reference,0.1242149999999999,0.02569925,200901,0.0985157499999999
LA-KH,200903,3,climatology,reference,5.305124,4.6066277499999995,200901,0.6984962500000007
LA-KH,200904,1,climatology,reference,0.091091,0.36154425,200904,-0.27045325
LA-KH,200905,2,climatology,reference,4.0487779999999995,2.3069517499999996,200904,1.74182625
LA-KH,200906,3,climatology,reference,46.36775900000001,65.95826525000001,200904,-19.590506250000004
LA-KH,200907,1,climatology,reference,68.223464,109.88572675,200907,-41.66226275
LA-KH,200908,2,climatology,reference,171.36027,239.255976,200907,-67.89570599999999
LA-KH,200909,3,climatology,reference,187.121383,208.651637,200907,-21.530253999999985
LA-KH,200910,1,climatology,reference,57.593343,43.68852775,200910,13.904815249999999
LA-KH,200911,2,climatology,reference,54.814001,21.73199325,200910,33.08200775
LA-KH,200912,3,climatology,reference,52.764233,31.134811749999997,200910,21.62942125
LA-LM,200801,1,climatology,reference,0.0,0.0002277499999999,200801,-0.0002277499999999
LA-LM,200802,2,climatology,reference,0.0,4.825000000000033e-05,200801,-4.825000000000033e-05
LA-LM,200803,3,climatology,reference,0.0499999999999999,1.1750000000000096e-05,200801,0.0499882499999999
LA-LM,200804,1,climatology,reference,0.01,0.000224,200804,0.009776
LA-LM,200805,2,climatology,reference,0.0,0.0024625,200804,-0.0024625
LA-LM,200806,3,climatology,reference,0.0,0.00262475,200804,-0.00262475
LA-LM,200807,1,climatology,reference,0.0499999999999999,0.8185527500000007,200807,-0.7685527500000008
LA-LM,200808,2,climatology,reference,0.0299999999999999,0.4491814999999999,200807,-0.4191815
LA-LM,200809,3,climatology,reference,0.0,0.769547,200807,-0.769547
LA-LM,200810,1,climatology,reference,0.09,0.02318925,200810,0.06681075
LA-LM,200811,2,climatology,reference,0.02,0.0051354999999999,200810,0.0148645000000001
LA-LM,200812,3,climatology,reference,0.0,0.0017502499999999,200810,-0.0017502499999999
LA-LM,200901,1,climatology,reference,0.0,9.174999999999938e-05,200901,-9.174999999999938e-05
LA-LM,200902,2,climatology,reference,0.0,0.00017825,200901,-0.00017825
LA-LM,200903,3,climatology,reference,0.041405,0.00027875,200901,0.041126249999999996
LA-LM,200904,1,climatology,reference,0.826281,0.958454,200904,-0.13217299999999998
LA-LM,200905,2,climatology,reference,0.0,0.0028837499999999,200904,-0.0028837499999999
LA-LM,200906,3,climatology,reference,2.0,1.80276425,200904,0.19723574999999993
LA-LM,200907,1,climatology,reference,0.677405,1.2255580000000004,200907,-0.5481530000000003
LA-LM,200908,2,climatology,reference,0.024843,1.377684,200907,-1.352841
LA-LM,200909,3,climatology,reference,4.0,2.394104999999999,200907,1.6058950000000012
LA-LM,200910,1,climatology,reference,4.164529,2.78675125,200910,1.37777775
LA-LM,200911,2,climatology,reference,5.652562,4.480563,200910,1.1719989999999996
LA-LM,200912,3,climatology,reference,4.0,3.32557725,200910,0.6744227500000002
LA-LP,200801,1,climatology,reference,0.1999999999999999,0.9657692499999998,200801,-0.76576925
LA-LP,200802,2,climatology,reference,13.92,14.09225975,200801,-0.17225975000000027
LA-LP,200803,3,climatology,reference,20.81,20.20112575,200801,0.6088742499999995
LA-LP,200804,1,climatology,reference,31.229999999999997,17.5920025,200804,13.637997499999997
LA-LP,200805,2,climatology,reference,107.3,72.72945200000001,200804,34.57054799999999
LA-LP,200806,3,climatology,reference,132.97,95.983333,200804,36.986667
LA-LP,200807,1,climatology,reference,10.659999999999998,9.979846249999998,200807,0.6801537500000006
LA-LP,200808,2,climatology,reference,12.43,8.287493499999998,200807,4.142506500000001
LA-LP,200809,3,climatology,reference,10.5,8.749486749999999,200807,1.750513250000001
LA-LP,200810,1,climatology,reference,9.55,16.75962025,200810,-7.20962025
LA-LP,200811,2,climatology,reference,103.0,106.0756235,200810,-3.075623500000006
LA-LP,200812,3,climatology,reference,126.82,156.9110135,200810,-30.091013500000003
LA-LP,200901,1,climatology,reference,0.16562,7.987456000000001,200901,-7.821836000000001
LA-LP,200902,2,climatology,reference,0.5962320000000001,6.6241135,200901,-6.0278814999999994
LA-LP,200903,3,climatology,reference,0.4720169999999997,13.274041249999998,200901,-12.802024249999999
LA-LP,200904,1,climatology,reference,0.8104469999999999,10.313116,200904,-9.502669000000001
LA-LP,200905,2,climatology,reference,3.589589,26.3541935,200904,-22.7646045
LA-LP,200906,3,climatology,reference,5.813261999999998,54.193438,200904,-48.380176000000006
LA-LP,200907,1,climatology,reference,4.452995999999999,19.251906750000003,200907,-14.798910750000005
LA-LP,200908,2,climatology,reference,8.377825999999999,21.200935000000005,200907,-12.823109000000006
LA-LP,200909,3,climatology,reference,238.358321,277.12588,200907,-38.767559000000006
LA-LP,200910,1,climatology,reference,126.23871400000002,71.22420475000001,200910,55.01450925
LA-LP,200911,2,climatology,reference,61.383126999999995,37.8865545,200910,23.496572499999992
LA-LP,200912,3,climatology,reference,7.821726000000002,5.996440249999999,200910,1.8252857500000026
LA-OU,200801,1,climatology,reference,0.0,0.0008642499999999,200801,-0.0008642499999999
LA-OU,200802,2,climatology,reference,0.0,0.0002057499999999,200801,-0.0002057499999999
LA-OU,200803,3,climatology,reference,0.0,0.00016075,200801,-0.00016075
LA-OU,200804,1,climatology,reference,0.0,0.0016047499999999,200804,-0.0016047499999999
LA-OU,200805,2,climatology,reference,0.01,0.0069765,200804,0.0030235
LA-OU,200806,3,climatology,reference,0.01,0.01158325,200804,-0.0015832499999999996
LA-OU,200807,1,climatology,reference,0.04,1.660432,200807,-1.6204319999999999
LA-OU,200808,2,climatology,reference,0.12,1.0740937500000012,200807,-0.9540937500000012
LA-OU,200809,3,climatology,reference,0.04,1.4311689999999988,200807,-1.3911689999999988
LA-OU,200810,1,climatology,reference,0.0799999999999999,0.021127,200810,0.058872999999999905
LA-OU,200811,2,climatology,reference,0.01,0.00638225,200810,0.0036177500000000003
LA-OU,200812,3,climatology,reference,0.0,0.001318,200810,-0.001318
LA-OU,200901,1,climatology,reference,0.0,0.0001792499999999,200901,-0.0001792499999999
LA-OU,200902,2,climatology,reference,0.0,0.0001462499999999,200901,-0.0001462499999999
LA-OU,200903,3,climatology,reference,0.0,0.00050325,200901,-0.00050325
LA-OU,200904,1,climatology,reference,0.0,0.00084125,200904,-0.00084125
LA-OU,200905,2,climatology,reference,0.0082809999999999,0.00343275,200904,0.0048482499999998995
LA-OU,200906,3,climatology,reference,0.0082809999999999,0.0142809999999999,200904,-0.006
LA-OU,200907,1,climatology,reference,0.0331239999999999,2.329845500000001,200907,-2.296721500000001
LA-OU,200908,2,climatology,reference,0.7353719999999999,2.3543002499999988,200907,-1.6189282499999988
LA-OU,200909,3,climatology,reference,14.669124,8.938106000000001,200907,5.731017999999999
LA-OU,200910,1,climatology,reference,4.974247999999999,2.2261425,200910,2.7481054999999994
LA-OU,200911,2,climatology,reference,12.826281,9.0201365,200910,3.8061445000000003
LA-OU,200912,3,climatology,reference,18.0,16.122298500000003,200910,1.877701499999997
LA-PH,200901,1,climatology,reference,0.0,0.01879875,200901,-0.01879875
LA-PH,200902,2,climatology,reference,0.0,0.0199922499999999,200901,-0.0199922499999999
LA-PH,200903,3,climatology,reference,0.0,0.02237275,200901,-0.02237275
LA-PH,200904,1,climatology,reference,0.0,0.0046394999999999,200904,-0.0046394999999999
LA-PH,200905,2,climatology,reference,0.0,0.00739325,200904,-0.00739325
LA-PH,200906,3,climatology,reference,0.0,0.02563525,200904,-0.02563525
LA-PH,200907,1,climatology,reference,0.0,0.2889522499999999,200907,-0.2889522499999999
LA-PH,200909,3,climatology,reference,0.04,0.35937375,200907,-0.31937375
LA-PH,200910,1,climatology,reference,0.0,0.01366325,200910,-0.01366325
LA-PH,200911,2,climatology,reference,0.0,0.0062909999999999,200910,-0.0062909999999999
LA-PH,200912,3,climatology,reference,0.0,0.0010257499999999,200910,-0.0010257499999999
LA-SL,200801,1,climatology,reference,0.1099999999999999,0.9460025,200801,-0.8360025000000001
LA-SL,200802,2,climatology,reference,1.0,0.4024604999999999,200801,0.5975395000000001
LA-SL,200803,3,climatology,reference,4.62,3.83495525,200801,0.78504475
LA-SL,200804,1,climatology,reference,2.0,0.8814482499999999,200804,1.11855175
LA-SL,200805,2,climatology,reference,82.75,87.96084450000001,200804,-5.210844500000007
LA-SL,200806,3,climatology,reference,206.97,186.880216,200804,20.08978400000001
LA-SL,200807,1,climatology,reference,75.25,49.76997650000001,200807,25.480023499999987
LA-SL,200808,2,climatology,reference,52.45,39.88643125,200807,12.563568750000002
LA-SL,200809,3,climatology,reference,76.05,57.137924,200807,18.912076
LA-SL,200810,1,climatology,reference,89.54,35.92986325,200810,53.61013675000001
LA-SL,200811,2,climatology,reference,19.16,7.849220999999998,200810,11.310779000000002
LA-SL,200812,3,climatology,reference,5.69,2.7953297499999996,200810,2.8946702500000008
LA-SL,200901,1,climatology,reference,0.545091,1.50037375,200901,-0.9552827500000001
LA-SL,200902,2,climatology,reference,23.826281,19.47660375,200901,4.349677250000003
LA-SL,200903,3,climatology,reference,23.817091,12.97579675,200901,10.84129425
LA-SL,200904,1,climatology,reference,18.652562,5.949767,200904,12.702795
LA-SL,200905,2,climatology,reference,83.899938,42.247478750000006,200904,41.65245925
LA-SL,200906,3,climatology,reference,30.133145000000003,31.07008425,200904,-0.9369392499999982
LA-SL,200907,1,climatology,reference,148.17646399999998,111.740249,200907,36.436214999999976
LA-SL,200908,2,climatology,reference,107.331804,86.96571524999999,200907,20.366088750000017
LA-SL,200909,3,climatology,reference,68.83130799999999,60.81161849999992,200907,8.01968950000007
LA-SL,200910,1,climatology,reference,76.984001,35.290878750000005,200910,41.69312225
LA-SL,200911,2,climatology,reference,38.830017000000005,17.595326500000002,200910,21.234690500000003
LA-SL,200912,3,climatology,reference,13.699703,6.662675,200910,7.037027999999999
LA-SV,200801,1,climatology,reference,1.7800000000000002,4.81603275,200801,-3.0360327499999995
LA-SV,200802,2,climatology,reference,0.6200000000000001,0.80301975,200801,-0.18301974999999993
LA-SV,200803,3,climatology,reference,1.42,0.446021,200801,0.9739789999999999
LA-SV,200804,1,climatology,reference,6.08,3.332029,200804,2.747971
LA-SV,200805,2,climatology,reference,27.53,7.582976,200804,19.947024
LA-SV,200806,3,climatology,reference,67.57,24.483152499999996,200804,43.0868475
LA-SV,200807,1,climatology,reference,150.21999999999997,28.74233050000001,200807,121.47766949999996
LA-SV,200808,2,climatology,reference,140.25,27.43958175,200807,112.81041825
LA-SV,200809,3,climatology,reference,115.49,30.349143,200807,85.140857
LA-SV,200810,1,climatology,reference,53.19,3.732488,200810,49.457511999999994
LA-SV,200811,2,climatology,reference,12.810000000000002,0.938717,200810,11.871283000000002
LA-SV,200812,3,climatology,reference,8.030000000000001,0.3078467499999999,200810,7.722153250000002
LA-SV,200901,1,climatology,reference,1.7460180000000003,0.0638715,200901,1.6821465000000002
LA-SV,200902,2,climatology,reference,0.6034219999999999,0.01188825,200901,0.5915337499999999
LA-SV,200903,3,climatology,reference,1.0848110000000002,0.1344774999999999,200901,0.9503335000000003
LA-SV,200904,1,climatology,reference,5.027028,0.177956,200904,4.849072
LA-SV,200905,2,climatology,reference,23.760858999999996,1.2141945,200904,22.546664499999995
LA-SV,200906,3,climatology,reference,63.428528,1.6867960000000002,200904,61.741732
LA-SV,200907,1,climatology,reference,123.24315,37.263484499999976,200907,85.97966550000002
LA-SV,200908,2,climatology,reference,102.30625,34.300059249999975,200907,68.00619075000003
LA-SV,200909,3,climatology,reference,77.799763,37.789109499999995,200907,40.010653500000004
LA-SV,200910,1,climatology,reference,41.95170999999999,6.8573585,200910,35.09435149999999
LA-SV,200911,2,climatology,reference,12.497231,15.18808925,200910,-2.6908582500000016
LA-SV,200912,3,climatology,reference,6.103097000000002,1.5517175,200910,4.551379500000001
LA-VT,200801,1,climatology,reference,10.87,10.41363775,200801,0.45636224999999975
LA-VT,200802,2,climatology,reference,9.38,4.048265499999999,200801,5.331734500000001
LA-VT,200803,3,climatology,reference,4.52,16.21127275,200801,-11.69127275
LA-VT,200804,1,climatology,reference,36.69,14.86311825,200804,21.82688175
LA-VT,200805,2,climatology,reference,62.27,25.32802325,200804,36.94197675
LA-VT,200806,3,climatology,reference,83.00999999999999,63.382244,200804,19.62775599999999
LA-VT,200807,1,climatology,reference,191.24999999999997,77.94207399999999,200807,113.30792599999998
LA-VT,200808,2,climatology,reference,165.86,85.36697600000001,200807,80.493024
LA-VT,200809,3,climatology,reference,113.29999999999998,92.04925725,200807,21.250742749999986
LA-VT,200810,1,climatology,reference,129.48000000000002,34.733028499999996,200810,94.74697150000003
LA-VT,200811,2,climatology,reference,36.84,55.85755025,200810,-19.01755025
LA-VT,200812,3,climatology,reference,17.979999999999997,57.039691999999995,200810,-39.059692
LA-VT,200901,1,climatology,reference,7.815081999999997,18.6692275,200901,-10.854145500000005
LA-VT,200902,2,climatology,reference,3.934482,11.15564675,200901,-7.221164750000001
LA-VT,200903,3,climatology,reference,7.282829999999999,6.316684999999999,200901,0.966145
LA-VT,200904,1,climatology,reference,9.680054000000002,11.440299,200904,-1.7602449999999976
LA-VT,200905,2,climatology,reference,27.720475,76.90866274999999,200904,-49.18818774999999
LA-VT,200906,3,climatology,reference,38.075081999999995,119.32943025,200904,-81.25434825
LA-VT,200907,1,climatology,reference,86.36204900000001,181.146872,200907,-94.78482299999999
LA-VT,200908,2,climatology,reference,101.891894,220.64271349999996,200907,-118.75081949999996
LA-VT,200909,3,climatology,reference,112.384425,302.954888,200907,-190.570463
LA-VT,200910,1,climatology,reference,145.485435,204.359398,200910,-58.873963
LA-VT,200911,2,climatology,reference,297.66520299999996,263.1079635,200910,34.55723949999998
LA-VT,200912,3,climatology,reference,224.551238,252.429333,200910,-27.878095000000002
LA-XA,200801,1,climatology,reference,0.17,1.1505040000000002,200801,-0.9805040000000002
LA-XA,200802,2,climatology,reference,0.9500000000000002,0.2366035,200801,0.7133965000000002
LA-XA,200803,3,climatology,reference,0.7399999999999998,0.1543484999999999,200801,0.5856514999999999
LA-XA,200804,1,climatology,reference,3.460000000000001,0.77906425,200804,2.6809357500000006
LA-XA,200805,2,climatology,reference,5.659999999999997,1.2713525,200804,4.388647499999997
LA-XA,200806,3,climatology,reference,14.03,2.05771575,200804,11.97228425
LA-XA,200807,1,climatology,reference,24.69,10.87978875,200807,13.810211250000002
LA-XA,200808,2,climatology,reference,9.729999999999997,4.2063855000000006,200807,5.523614499999996
LA-XA,200809,3,climatology,reference,4.75,2.76171725,200807,1.9882827500000002
LA-XA,200810,1,climatology,reference,1.5699999999999994,1.58890925,200810,-0.018909250000000544
LA-XA,200811,2,climatology,reference,1.83,0.84899375,200810,0.9810062500000001
LA-XA,200812,3,climatology,reference,1.9600000000000009,0.4167335,200810,1.543266500000001
LA-XA,200901,1,climatology,reference,0.1407769999999999,0.1101447499999999,200901,0.03063225
LA-XA,200902,2,climatology,reference,0.7866949999999999,0.0481382499999999,200901,0.73855675
LA-XA,200903,3,climatology,reference,0.6127940000000001,0.24881025,200901,0.36398375000000005
LA-XA,200904,1,climatology,reference,2.8624980000000004,0.3033045,200904,2.5591935000000006
LA-XA,200905,2,climatology,reference,4.777046000000006,1.03324375,200904,3.7438022500000057
LA-XA,200906,3,climatology,reference,13.430243,5.94217775,200904,7.488065250000001
LA-XA,200907,1,climatology,reference,22.570512,7.379285499999998,200907,15.191226500000003
LA-XA,200908,2,climatology,reference,13.305413,22.550600999999997,200907,-9.245187999999997
LA-XA,200909,3,climatology,reference,6.654747,7.1610365,200907,-0.5062894999999994
LA-XA,200910,1,climatology,reference,2.0250260000000004,4.92278925,200910,-2.8977632499999997
LA-XA,200911,2,climatology,reference,3.421968000000001,2.280862,200910,1.141106000000001
LA-XA,200912,3,climatology,reference,1.5319850000000006,1.3425107500000002,200910,0.1894742500000004
LA-XE,200801,1,climatology,reference,0.09,0.02217525,200801,0.06782474999999999
LA-XE,200802,2,climatology,reference,0.12,0.01211,200801,0.10789
LA-XE,200803,3,climatology,reference,0.0,0.00373475,200801,-0.00373475
LA-XE,200804,1,climatology,reference,0.0246419999999999,0.015731,200804,0.008910999999999902
LA-XE,200805,2,climatology,reference,0.08,0.0489292499999999,200804,0.0310707500000001
LA-XE,200806,3,climatology,reference,3.15,4.0933755000000005,200804,-0.9433755000000006
LA-XE,200807,1,climatology,reference,0.4000000000000001,0.35634,200807,0.04366000000000009
LA-XE,200808,2,climatology,reference,0.1899999999999999,0.4287667500000001,200807,-0.2387667500000002
LA-XE,200809,3,climatology,reference,0.6699999999999999,0.6875152499999996,200807,-0.01751524999999965
LA-XE,200810,1,climatology,reference,0.5599999999999998,0.0646334999999999,200810,0.49536649999999993
LA-XE,200811,2,climatology,reference,0.0246419999999999,0.0372232499999999,200810,-0.012581250000000002
LA-XE,200812,3,climatology,reference,0.790321,0.84022825,200810,-0.04990724999999996
LA-XE,200901,1,climatology,reference,0.074529,0.00720625,200901,0.06732275
LA-XE,200902,2,climatology,reference,1.371372,1.8398695,200901,-0.4684975
LA-XE,200903,3,climatology,reference,2.0,1.74783625,200901,0.25216375
LA-XE,200904,1,climatology,reference,0.8200000000000001,0.50987075,200904,0.31012925
LA-XE,200905,2,climatology,reference,1.338248,1.004893,200904,0.33335500000000007
LA-XE,200906,3,climatology,reference,6.6023309999999995,6.3652447500000005,200904,0.23708624999999905
LA-XE,200907,1,climatology,reference,26.41924,22.88537925,200907,3.5338607499999988
LA-XE,200908,2,climatology,reference,25.883339,21.641675000000006,200907,4.241663999999993
LA-XE,200909,3,climatology,reference,4.097554,4.024183750000001,200907,0.07337024999999908
LA-XE,200910,1,climatology,reference,4.551736,2.7019832499999996,200910,1.8497527500000004
LA-XE,200911,2,climatology,reference,2.6199999999999997,7.036917250000002,200910,-4.416917250000003
LA-XE,200912,3,climatology,reference,6.64,7.842418,200910,-1.2024180000000007
LA-XI,200801,1,climatology,reference,0.0,0.00090475,200801,-0.00090475
LA-XI,200802,2,climatology,reference,0.0,0.0001669999999999,200801,-0.0001669999999999
LA-XI,200803,3,climatology,reference,0.0,0.0003524999999999,200801,-0.0003524999999999
LA-XI,200804,1,climatology,reference,0.0,0.00079725,200804,-0.00079725
LA-XI,200805,2,climatology,reference,0.0,0.001582,200804,-0.001582
LA-XI,200806,3,climatology,reference,1.0,0.9245345,200804,0.07546549999999996
LA-XI,200807,1,climatology,reference,0.0,0.3463042500000001,200807,-0.3463042500000001
LA-XI,200808,2,climatology,reference,0.02,0.3403080000000001,200807,-0.3203080000000001
LA-XI,200809,3,climatology,reference,0.01,0.3975650000000001,200807,-0.3875650000000001
LA-XI,200810,1,climatology,reference,0.0,0.009557,200810,-0.009557
LA-XI,200811,2,climatology,reference,0.01,0.003309,200810,0.006691000000000001
LA-XI,200812,3,climatology,reference,0.0,0.0018475,200810,-0.0018475
LA-XI,200901,1,climatology,reference,0.0,0.0012932499999999,200901,-0.0012932499999999
LA-XI,200902,2,climatology,reference,0.0,0.00165875,200901,-0.00165875
LA-XI,200903,3,climatology,reference,0.0,0.0013672499999999,200901,-0.0013672499999999
LA-XI,200904,1,climatology,reference,0.0,0.00055,200904,-0.00055
LA-XI,200905,2,climatology,reference,39.0,38.9299575,200904,0.07004249999999956
LA-XI,200906,3,climatology,reference,32.826281,32.86331375,200904,-0.03703275000000161
LA-XI,200907,1,climatology,reference,1.0,0.8017247500000004,200907,0.19827524999999957
LA-XI,200908,2,climatology,reference,9.652562,6.8300355,200907,2.8225264999999995
LA-XI,200909,3,climatology,reference,0.0082809999999999,0.6391172500000004,200907,-0.6308362500000005
LA-XI,200910,1,climatology,reference,0.0,1.001379,200910,-1.001379
LA-XI,200911,2,climatology,reference,0.0082809999999999,0.4416812499999999,200910,-0.43340025000000004
LA-XI,200912,3,climatology,reference,0.0,0.1998577499999999,200910,-0.1998577499999999
LA-AT,200801,1,climatology,reference_r1,4.0,2.806285,200801,1.193715
LA-AT,200802,2,climatology,reference_r1,1.63,1.341475,200801,0.2885249999999999
LA-AT,200803,3,climatology,reference_r1,0.0,0.061975,200801,-0.061975
LA-AT,200804,1,climatology,reference_r1,0.02,0.3789469999999999,200804,-0.3589469999999999
LA-AT,200805,2,climatology,reference_r1,3.45,1.3374549999999998,200804,2.1125450000000003
LA-AT,200806,3,climatology,reference_r1,8.86,3.945613999999999,200804,4.914386
LA-AT,200807,1,climatology,reference_r1,4.54,3.5272179999999977,200807,1.0127820000000023
LA-AT,200808,2,climatology,reference_r1,9.47,6.807785000000001,200807,2.6622149999999998
LA-AT,200809,3,climatology,reference_r1,17.57,16.244118,200807,1.325882
LA-AT,200810,1,climatology,reference_r1,38.95,28.943094,200810,10.006906000000004
LA-AT,200811,2,climatology,reference_r1,43.0,27.993947999999996,200810,15.006052000000004
LA-AT,200812,3,climatology,reference_r1,22.28,16.509431,200810,5.770569000000002
LA-AT,200901,1,climatology,reference_r1,17.305124,8.571817000000001,200901,8.733306999999998
LA-AT,200902,2,climatology,reference_r1,45.164529,39.920433,200901,5.244095999999999
LA-AT,200903,3,climatology,reference_r1,77.0,59.339418,200901,17.660581999999998
LA-AT,200904,1,climatology,reference_r1,98.652562,38.051312,200904,60.60125
LA-AT,200905,2,climatology,reference_r1,0.1242149999999999,79.726427,200904,-79.602212
LA-AT,200906,3,climatology,reference_r1,21.319868,46.934006,200904,-25.614137999999997
LA-AT,200907,1,climatology,reference_r1,61.750116,46.254555,200907,15.495560999999995
LA-AT,200908,2,climatology,reference_r1,17.823736,14.772161000000002,200907,3.051574999999998
LA-AT,200909,3,climatology,reference_r1,10.060613,10.451500000000005,200907,-0.39088700000000465
LA-AT,200910,1,climatology,reference_r1,4.830283999999999,6.058219999999999,200910,-1.2279359999999997
LA-AT,200911,2,climatology,reference_r1,13.444083,6.349321000000003,200910,7.094761999999996
LA-AT,200912,3,climatology,reference_r1,4.502959,4.790006,200910,-0.2870470000000003
LA-BK,200801,1,climatology,reference_r1,0.81,0.950629,200801,-0.1406289999999999
LA-BK,200802,2,climatology,reference_r1,0.01,0.0002249999999999,200801,0.0097750000000001
LA-BK,200803,3,climatology,reference_r1,0.01,4.900000000000043e-05,200801,0.009951
LA-BK,200804,1,climatology,reference_r1,0.01,0.0041699999999999,200804,0.0058300000000001
LA-BK,200805,2,climatology,reference_r1,11.64,11.481751,200804,0.15824900000000142
LA-BK,200806,3,climatology,reference_r1,52.17,52.380663,200804,-0.21066299999999671
LA-BK,200807,1,climatology,reference_r1,0.6600000000000001,1.8235460000000003,200807,-1.1635460000000002
LA-BK,200808,2,climatology,reference_r1,6.84,5.889229,200807,0.9507709999999996
LA-BK,200809,3,climatology,reference_r1,29.34,20.908226,200807,8.431774
LA-BK,200810,1,climatology,reference_r1,44.92,18.82282,200810,26.09718
LA-BK,200811,2,climatology,reference_r1,55.0,46.621224999999995,200810,8.378775000000005
LA-BK,200812,3,climatology,reference_r1,5.0,2.8251839999999993,200810,2.1748160000000007
LA-BK,200901,1,climatology,reference_r1,0.6691239999999999,0.513538,200901,0.1555859999999999
LA-BK,200902,2,climatology,reference_r1,0.0082809999999999,0.3000260000000001,200901,-0.29174500000000025
LA-BK,200903,3,climatology,reference_r1,0.826281,0.6462910000000002,200901,0.17998999999999987
LA-BK,200904,1,climatology,reference_r1,2.826281,1.2103629999999996,200904,1.6159180000000002
LA-BK,200905,2,climatology,reference_r1,71.61762,44.103216,200904,27.514404
LA-BK,200906,3,climatology,reference_r1,206.10648,138.144408,200904,67.962072
LA-BK,200907,1,climatology,reference_r1,209.635455,182.856704,200907,26.778751
LA-BK,200908,2,climatology,reference_r1,106.650017,87.756339,200907,18.89367800000001
LA-BK,200909,3,climatology,reference_r1,43.240067,37.782602999999995,200907,5.457464000000009
LA-BK,200910,1,climatology,reference_r1,23.210034,19.951669999999993,200910,3.2583640000000074
LA-BK,200911,2,climatology,reference_r1,4.5454550000000005,14.447072000000006,200910,-9.901617000000005
LA-BK,200912,3,climatology,reference_r1,3.313405,4.477210999999999,200910,-1.1638059999999988
LA-BL,200801,1,climatology,reference_r1,5.6899999999999995,5.336466,200801,0.3535339999999998
LA-BL,200802,2,climatology,reference_r1,2.88,6.0535429999999995,200801,-3.1735429999999996
LA-BL,200803,3,climatology,reference_r1,2.29,0.415189,200801,1.874811
LA-BL,200804,1,climatology,reference_r1,2.8299999999999996,1.2637999999999998,200804,1.5661999999999998
LA-BL,200805,2,climatology,reference_r1,9.2,5.053599,200804,4.146400999999999
LA-BL,200806,3,climatology,reference_r1,10.070000000000002,5.804210999999999,200804,4.265789000000003
LA-BL,200807,1,climatology,reference_r1,27.62,20.495765,200807,7.124235000000002
LA-BL,200808,2,climatology,reference_r1,19.03,20.484250000000003,200807,-1.4542500000000018
LA-BL,200809,3,climatology,reference_r1,25.370000000000005,18.057228999999992,200807,7.312771000000012
LA-BL,200810,1,climatology,reference_r1,16.870000000000005,9.489426000000002,200810,7.380574000000003
LA-BL,200811,2,climatology,reference_r1,6.290000000000001,3.9708140000000007,200810,2.319186
LA-BL,200812,3,climatology,reference_r1,2.05,1.0381939999999998,200810,1.011806
LA-BL,200901,1,climatology,reference_r1,0.7038849999999999,0.6901630000000001,200901,0.01372199999999979
LA-BL,200902,2,climatology,reference_r1,0.926381,1.589537,200901,-0.663156
LA-BL,200903,3,climatology,reference_r1,2.5287120000000005,1.121915,200901,1.4067970000000005
LA-BL,200904,1,climatology,reference_r1,2.7938859999999996,0.8780580000000002,200904,1.9158279999999994
LA-BL,200905,2,climatology,reference_r1,17.157429000000004,3.5272330000000007,200904,13.630196000000003
LA-BL,200906,3,climatology,reference_r1,16.873330000000003,4.780385000000001,200904,12.092945000000002
LA-BL,200907,1,climatology,reference_r1,20.996472,20.824137,200907,0.17233500000000035
LA-BL,200908,2,climatology,reference_r1,33.260011999999996,6.783066000000019,200907,26.476945999999977
LA-BL,200909,3,climatology,reference_r1,41.130528,6.38891000000001,200907,34.74161799999999
LA-BL,200910,1,climatology,reference_r1,17.210586000000003,5.8023419999999994,200910,11.408244000000003
LA-BL,200911,2,climatology,reference_r1,11.201476,2.2504549999999997,200910,8.951021
LA-BL,200912,3,climatology,reference_r1,1.6965139999999996,0.58555,200910,1.1109639999999996
LA-CH,200801,1,climatology,reference_r1,47.5,29.982736999999997,200801,17.517263000000003
LA-CH,200802,2,climatology,reference_r1,53.03999999999999,52.40844799999999,200801,0.6315519999999992
LA-CH,200803,3,climatology,reference_r1,50.58,57.700507,200801,-7.1205070000000035
LA-CH,200804,1,climatology,reference_r1,31.85,24.732636999999997,200804,7.1173630000000045
LA-CH,200805,2,climatology,reference_r1,38.959999999999994,54.823106,200804,-15.863106000000009
LA-CH,200806,3,climatology,reference_r1,127.17000000000002,116.17550700000004,200804,10.994492999999977
LA-CH,200807,1,climatology,reference_r1,41.25,94.07779900000004,200807,-52.82779900000004
LA-CH,200808,2,climatology,reference_r1,42.510000000000005,89.994225,200807,-47.484224999999995
LA-CH,200809,3,climatology,reference_r1,49.599999999999994,115.732029,200807,-66.132029
LA-CH,200810,1,climatology,reference_r1,37.669999999999995,45.98754500000001,200810,-8.317545000000017
LA-CH,200811,2,climatology,reference_r1,41.07000000000001,34.662498,200810,6.407502000000008
LA-CH,200812,3,climatology,reference_r1,33.34,30.277976,200810,3.0620240000000045
LA-CH,200901,1,climatology,reference_r1,10.890717,9.676451,200901,1.2142660000000003
LA-CH,200902,2,climatology,reference_r1,19.093116999999996,29.409846,200901,-10.316729000000006
LA-CH,200903,3,climatology,reference_r1,21.42854,22.55662,200901,-1.128079999999997
LA-CH,200904,1,climatology,reference_r1,53.487149,30.911891999999995,200904,22.575257000000008
LA-CH,200905,2,climatology,reference_r1,19.053490000000004,142.064055,200904,-123.01056499999999
LA-CH,200906,3,climatology,reference_r1,30.695037999999997,109.64383799999996,200904,-78.94879999999996
LA-CH,200907,1,climatology,reference_r1,45.004213,74.18750999999997,200907,-29.183296999999975
LA-CH,200908,2,climatology,reference_r1,44.17307600000001,65.30548499999998,200907,-21.132408999999967
LA-CH,200909,3,climatology,reference_r1,32.110839000000006,63.722842000000014,200907,-31.61200300000001
LA-CH,200910,1,climatology,reference_r1,23.227603,19.604265999999996,200910,3.623337000000003
LA-CH,200911,2,climatology,reference_r1,12.418226999999998,17.510334999999998,200910,-5.092108
LA-CH,200912,3,climatology,reference_r1,14.757385999999997,11.693559,200910,3.0638269999999963
LA-HO,200801,1,climatology,reference_r1,0.01,0.0043119999999999,200801,0.0056880000000001
LA-HO,200802,2,climatology,reference_r1,0.01,0.0005799999999999,200801,0.0094200000000001
LA-HO,200803,3,climatology,reference_r1,0.01,0.006982,200801,0.003018
LA-HO,200804,1,climatology,reference_r1,0.01,0.005124,200804,0.004876
LA-HO,200805,2,climatology,reference_r1,0.0,0.017298,200804,-0.017298
LA-HO,200806,3,climatology,reference_r1,0.0599999999999999,0.0130669999999999,200804,0.046933
LA-HO,200807,1,climatology,reference_r1,0.1999999999999999,0.271166,200807,-0.07116600000000012
LA-HO,200808,2,climatology,reference_r1,0.0,0.3568319999999998,200807,-0.3568319999999998
LA-HO,200809,3,climatology,reference_r1,0.6900000000000002,0.6915110000000002,200807,-0.00151100000000004
LA-HO,200810,1,climatology,reference_r1,0.02,0.068344,200810,-0.048344
LA-HO,200811,2,climatology,reference_r1,0.0,0.020439,200810,-0.020439
LA-HO,200812,3,climatology,reference_r1,0.65,0.882045,200810,-0.23204499999999995
LA-HO,200901,1,climatology,reference_r1,0.0082809999999999,0.0175039999999999,200901,-0.009223000000000002
LA-HO,200902,2,climatology,reference_r1,0.0082809999999999,0.020537,200901,-0.0122560000000001
LA-HO,200903,3,climatology,reference_r1,0.0082809999999999,0.0226949999999999,200901,-0.014414
LA-HO,200904,1,climatology,reference_r1,0.0082809999999999,0.0086559999999999,200904,-0.00037500000000000033
LA-HO,200905,2,climatology,reference_r1,0.0,0.011881,200904,-0.011881
LA-HO,200906,3,climatology,reference_r1,0.049686,0.0292879999999999,200904,0.0203980000000001
LA-HO,200907,1,climatology,reference_r1,0.16562,0.4708740000000002,200907,-0.3052540000000002
LA-HO,200908,2,climatology,reference_r1,0.0,0.6993079999999985,200907,-0.6993079999999985
LA-HO,200909,3,climatology,reference_r1,0.5699339999999999,0.8454510000000006,200907,-0.2755170000000007
LA-HO,200910,1,climatology,reference_r1,0.834562,0.590616,200910,0.243946
LA-HO,200911,2,climatology,reference_r1,1.0,0.759371,200910,0.24062899999999998
LA-HO,200912,3,climatology,reference_r1,0.53681,0.859551,200910,-0.32274099999999994
LA-KH,200801,1,climatology,reference_r1,1.1499999999999997,0.7960209999999999,200801,0.3539789999999998
LA-KH,200802,2,climatology,reference_r1,0.1499999999999999,0.078793,200801,0.07120699999999991
LA-KH,200803,3,climatology,reference_r1,0.04,0.0960979999999999,200801,-0.056097999999999905
LA-KH,200804,1,climatology,reference_r1,0.1099999999999999,0.4580580000000001,200804,-0.3480580000000002
LA-KH,200805,2,climatology,reference_r1,1.38,1.4057220000000004,200804,-0.025722000000000467
LA-KH,200806,3,climatology,reference_r1,8.940000000000001,2.3056330000000003,200804,6.634367000000001
LA-KH,200807,1,climatology,reference_r1,35.06999999999999,3.9414060000000006,200807,31.128593999999993
LA-KH,200808,2,climatology,reference_r1,37.92,4.368635999999995,200807,33.55136400000001
LA-KH,200809,3,climatology,reference_r1,14.089999999999996,5.074849999999998,200807,9.015149999999998
LA-KH,200810,1,climatology,reference_r1,5.470000000000001,0.8741729999999999,200810,4.595827000000001
LA-KH,200811,2,climatology,reference_r1,1.4299999999999995,1.21712,200810,0.21287999999999951
LA-KH,200812,3,climatology,reference_r1,3.69,3.158685,200810,0.5313149999999998
LA-KH,200901,1,climatology,reference_r1,0.9523149999999996,0.090687,200901,0.8616279999999996
LA-KH,200902,2,climatology,reference_r1,0.1242149999999999,0.022896,200901,0.1013189999999999
LA-KH,200903,3,climatology,reference_r1,5.305124,4.698398,200901,0.6067260000000001
LA-KH,200904,1,climatology,reference_r1,0.091091,0.42686,200904,-0.335769
LA-KH,200905,2,climatology,reference_r1,4.0487779999999995,2.140671,200904,1.9081069999999993
LA-KH,200906,3,climatology,reference_r1,46.36775900000001,66.004084,200904,-19.636325
LA-KH,200907,1,climatology,reference_r1,68.223464,106.879747,200907,-38.65628299999999
LA-KH,200908,2,climatology,reference_r1,171.36027,234.434457,200907,-63.074186999999995
LA-KH,200909,3,climatology,reference_r1,187.121383,204.429162,200907,-17.307778999999982
LA-KH,200910,1,climatology,reference_r1,57.593343,42.26448099999999,200910,15.328862000000008
LA-KH,200911,2,climatology,reference_r1,54.814001,22.88512800000001,200910,31.92887299999999
LA-KH,200912,3,climatology,reference_r1,52.764233,30.801508,200910,21.962725
LA-LM,200801,1,climatology,reference_r1,0.0,0.0002999999999999,200801,-0.0002999999999999
LA-LM,200802,2,climatology,reference_r1,0.0,0.000122,200801,-0.000122
LA-LM,200803,3,climatology,reference_r1,0.0499999999999999,2.499999999999985e-05,200801,0.0499749999999999
LA-LM,200804,1,climatology,reference_r1,0.01,0.000124,200804,0.009876
LA-LM,200805,2,climatology,reference_r1,0.0,0.0021919999999999,200804,-0.0021919999999999
LA-LM,200806,3,climatology,reference_r1,0.0,0.0018909999999999,200804,-0.0018909999999999
LA-LM,200807,1,climatology,reference_r1,0.0499999999999999,0.7963180000000012,200807,-0.7463180000000013
LA-LM,200808,2,climatology,reference_r1,0.0299999999999999,0.4758069999999996,200807,-0.4458069999999997
LA-LM,200809,3,climatology,reference_r1,0.0,0.7208550000000002,200807,-0.7208550000000002
LA-LM,200810,1,climatology,reference_r1,0.09,0.0195489999999999,200810,0.0704510000000001
LA-LM,200811,2,climatology,reference_r1,0.02,0.006095,200810,0.013905
LA-LM,200812,3,climatology,reference_r1,0.0,0.0024469999999999,200810,-0.0024469999999999
LA-LM,200901,1,climatology,reference_r1,0.0,0.0001009999999999,200901,-0.0001009999999999
LA-LM,200902,2,climatology,reference_r1,0.0,0.0001029999999999,200901,-0.0001029999999999
LA-LM,200903,3,climatology,reference_r1,0.041405,0.000198,200901,0.041207
LA-LM,200904,1,climatology,reference_r1,0.826281,0.958457,200904,-0.13217599999999996
LA-LM,200905,2,climatology,reference_r1,0.0,0.0034339999999999,200904,-0.0034339999999999
LA-LM,200906,3,climatology,reference_r1,2.0,1.7643019999999998,200904,0.23569800000000019
LA-LM,200907,1,climatology,reference_r1,0.677405,1.1185340000000004,200907,-0.4411290000000003
LA-LM,200908,2,climatology,reference_r1,0.024843,1.371440999999999,200907,-1.346597999999999
LA-LM,200909,3,climatology,reference_r1,4.0,2.442892999999998,200907,1.557107000000002
LA-LM,200910,1,climatology,reference_r1,4.164529,2.8746,200910,1.2899289999999999
LA-LM,200911,2,climatology,reference_r1,5.652562,4.472734,200910,1.1798279999999997
LA-LM,200912,3,climatology,reference_r1,4.0,3.323479,200910,0.6765210000000002
LA-LP,200801,1,climatology,reference_r1,0.1999999999999999,0.8923399999999999,200801,-0.69234
LA-LP,200802,2,climatology,reference_r1,13.92,14.172987,200801,-0.2529869999999992
LA-LP,200803,3,climatology,reference_r1,20.81,20.211646,200801,0.5983540000000005
LA-LP,200804,1,climatology,reference_r1,31.229999999999997,17.479983,200804,13.750016999999996
LA-LP,200805,2,climatology,reference_r1,107.3,71.88893,200804,35.411069999999995
LA-LP,200806,3,climatology,reference_r1,132.97,91.158288,200804,41.811712
LA-LP,200807,1,climatology,reference_r1,10.659999999999998,10.132220999999998,200807,0.5277790000000007
LA-LP,200808,2,climatology,reference_r1,12.43,8.286504999999998,200807,4.1434950000000015
LA-LP,200809,3,climatology,reference_r1,10.5,8.988550000000004,200807,1.5114499999999964
LA-LP,200810,1,climatology,reference_r1,9.55,16.19813,200810,-6.648129999999998
LA-LP,200811,2,climatology,reference_r1,103.0,103.186419,200810,-0.18641900000000078
LA-LP,200812,3,climatology,reference_r1,126.82,156.46154800000002,200810,-29.64154800000003
LA-LP,200901,1,climatology,reference_r1,0.16562,8.809140000000001,200901,-8.64352
LA-LP,200902,2,climatology,reference_r1,0.5962320000000001,5.491657,200901,-4.8954249999999995
LA-LP,200903,3,climatology,reference_r1,0.4720169999999997,11.429456999999996,200901,-10.957439999999997
LA-LP,200904,1,climatology,reference_r1,0.8104469999999999,10.176047,200904,-9.3656
LA-LP,200905,2,climatology,reference_r1,3.589589,21.175609,200904,-17.58602
LA-LP,200906,3,climatology,reference_r1,5.813261999999998,42.291247,200904,-36.477985000000004
LA-LP,200907,1,climatology,reference_r1,4.452995999999999,19.340326000000005,200907,-14.887330000000006
LA-LP,200908,2,climatology,reference_r1,8.377825999999999,21.440567,200907,-13.062741000000003
LA-LP,200909,3,climatology,reference_r1,238.358321,278.92249300000003,200907,-40.56417200000004
LA-LP,200910,1,climatology,reference_r1,126.23871400000002,71.391077,200910,54.84763700000002
LA-LP,200911,2,climatology,reference_r1,61.383126999999995,36.472492,200910,24.910634999999992
LA-LP,200912,3,climatology,reference_r1,7.821726000000002,5.860408999999999,200910,1.9613170000000029
LA-OU,200801,1,climatology,reference_r1,0.0,0.0013009999999999,200801,-0.0013009999999999
LA-OU,200802,2,climatology,reference_r1,0.0,8.099999999999948e-05,200801,-8.099999999999948e-05
LA-OU,200803,3,climatology,reference_r1,0.0,0.000196,200801,-0.000196
LA-OU,200804,1,climatology,reference_r1,0.0,0.001445,200804,-0.001445
LA-OU,200805,2,climatology,reference_r1,0.01,0.00668,200804,0.00332
LA-OU,200806,3,climatology,reference_r1,0.01,0.01061,200804,-0.0006099999999999994
LA-OU,200807,1,climatology,reference_r1,0.04,1.682887000000001,200807,-1.6428870000000009
LA-OU,200808,2,climatology,reference_r1,0.12,1.211114000000002,200807,-1.091114000000002
LA-OU,200809,3,climatology,reference_r1,0.04,1.506416999999999,200807,-1.466416999999999
LA-OU,200810,1,climatology,reference_r1,0.0799999999999999,0.01845,200810,0.0615499999999999
LA-OU,200811,2,climatology,reference_r1,0.01,0.008883,200810,0.001117
LA-OU,200812,3,climatology,reference_r1,0.0,0.00179,200810,-0.00179
LA-OU,200901,1,climatology,reference_r1,0.0,0.0002349999999999,200901,-0.0002349999999999
LA-OU,200902,2,climatology,reference_r1,0.0,0.0002299999999999,200901,-0.0002299999999999
LA-OU,200903,3,climatology,reference_r1,0.0,0.000401,200901,-0.000401
LA-OU,200904,1,climatology,reference_r1,0.0,0.000909,200904,-0.000909
LA-OU,200905,2,climatology,reference_r1,0.0082809999999999,0.003631,200904,0.004649999999999899
LA-OU,200906,3,climatology,reference_r1,0.0082809999999999,0.0142059999999999,200904,-0.005925
LA-OU,200907,1,climatology,reference_r1,0.0331239999999999,2.063321999999999,200907,-2.030197999999999
LA-OU,200908,2,climatology,reference_r1,0.7353719999999999,1.918763999999996,200907,-1.183391999999996
LA-OU,200909,3,climatology,reference_r1,14.669124,9.052779,200907,5.616345000000001
LA-OU,200910,1,climatology,reference_r1,4.974247999999999,2.288402,200910,2.6858459999999993
LA-OU,200911,2,climatology,reference_r1,12.826281,9.048211,200910,3.7780699999999996
LA-OU,200912,3,climatology,reference_r1,18.0,16.185850000000002,200910,1.814149999999998
LA-PH,200901,1,climatology,reference_r1,0.0,0.018283,200901,-0.018283
LA-PH,200902,2,climatology,reference_r1,0.0,0.0151399999999999,200901,-0.0151399999999999
LA-PH,200903,3,climatology,reference_r1,0.0,0.023379,200901,-0.023379
LA-PH,200904,1,climatology,reference_r1,0.0,0.0042419999999999,200904,-0.0042419999999999
LA-PH,200905,2,climatology,reference_r1,0.0,0.0077689999999999,200904,-0.0077689999999999
LA-PH,200906,3,climatology,reference_r1,0.0,0.025359,200904,-0.025359
LA-PH,200907,1,climatology,reference_r1,0.0,0.3134899999999998,200907,-0.3134899999999998
LA-PH,200909,3,climatology,reference_r1,0.04,0.3588460000000006,200907,-0.31884600000000063
LA-PH,200910,1,climatology,reference_r1,0.0,0.013239,200910,-0.013239
LA-PH,200911,2,climatology,reference_r1,0.0,0.004819,200910,-0.004819
LA-PH,200912,3,climatology,reference_r1,0.0,0.0013359999999999,200910,-0.0013359999999999
LA-SL,200801,1,climatology,reference_r1,0.1099999999999999,0.926085,200801,-0.8160850000000002
LA-SL,200802,2,climatology,reference_r1,1.0,0.3957959999999999,200801,0.6042040000000001
LA-SL,200803,3,climatology,reference_r1,4.62,3.799515,200801,0.8204850000000001
LA-SL,200804,1,climatology,reference_r1,2.0,0.8009779999999997,200804,1.1990220000000003
LA-SL,200805,2,climatology,reference_r1,82.75,86.77503999999999,200804,-4.02503999999999
LA-SL,200806,3,climatology,reference_r1,206.97,186.515377,200804,20.454622999999998
LA-SL,200807,1,climatology,reference_r1,75.25,50.04390699999999,200807,25.20609300000001
LA-SL,200808,2,climatology,reference_r1,52.45,39.873377000000005,200807,12.576622999999998
LA-SL,200809,3,climatology,reference_r1,76.05,56.34880499999997,200807,19.701195000000027
LA-SL,200810,1,climatology,reference_r1,89.54,36.058871,200810,53.481129
LA-SL,200811,2,climatology,reference_r1,19.16,8.583240999999997,200810,10.576759000000003
LA-SL,200812,3,climatology,reference_r1,5.69,2.7557669999999996,200810,2.9342330000000008
LA-SL,200901,1,climatology,reference_r1,0.545091,1.6933980000000002,200901,-1.1483070000000002
LA-SL,200902,2,climatology,reference_r1,23.826281,19.793677,200901,4.032604000000003
LA-SL,200903,3,climatology,reference_r1,23.817091,13.187762,200901,10.629329000000002
LA-SL,200904,1,climatology,reference_r1,18.652562,5.942529999999998,200904,12.710032000000002
LA-SL,200905,2,climatology,reference_r1,83.899938,37.748001,200904,46.151937000000004
LA-SL,200906,3,climatology,reference_r1,30.133145000000003,30.417679000000007,200904,-0.2845340000000043
LA-SL,200907,1,climatology,reference_r1,148.17646399999998,111.59435499999996,200907,36.58210900000002
LA-SL,200908,2,climatology,reference_r1,107.331804,88.33836399999996,200907,18.99344000000005
LA-SL,200909,3,climatology,reference_r1,68.83130799999999,59.15987000000001,200907,9.67143799999998
LA-SL,200910,1,climatology,reference_r1,76.984001,38.116634000000005,200910,38.867367
LA-SL,200911,2,climatology,reference_r1,38.830017000000005,16.865976000000003,200910,21.964041
LA-SL,200912,3,climatology,reference_r1,13.699703,6.781841,200910,6.9178619999999995
LA-SV,200801,1,climatology,reference_r1,1.7800000000000002,4.720395,200801,-2.9403949999999996
LA-SV,200802,2,climatology,reference_r1,0.6200000000000001,0.6508780000000001,200801,-0.03087799999999996
LA-SV,200803,3,climatology,reference_r1,1.42,0.4247259999999999,200801,0.995274
LA-SV,200804,1,climatology,reference_r1,6.08,3.0191350000000003,200804,3.0608649999999997
LA-SV,200805,2,climatology,reference_r1,27.53,8.405415,200804,19.124585000000003
LA-SV,200806,3,climatology,reference_r1,67.57,23.16565599999999,200804,44.404344
LA-SV,200807,1,climatology,reference_r1,150.21999999999997,27.141977999999995,200807,123.07802199999998
LA-SV,200808,2,climatology,reference_r1,140.25,30.135377000000005,200807,110.114623
LA-SV,200809,3,climatology,reference_r1,115.49,34.98446899999999,200807,80.505531
LA-SV,200810,1,climatology,reference_r1,53.19,3.695937999999999,200810,49.494062
LA-SV,200811,2,climatology,reference_r1,12.810000000000002,1.1047089999999995,200810,11.705291000000003
LA-SV,200812,3,climatology,reference_r1,8.030000000000001,0.3099349999999998,200810,7.720065000000002
LA-SV,200901,1,climatology,reference_r1,1.7460180000000003,0.0684719999999999,200901,1.6775460000000004
LA-SV,200902,2,climatology,reference_r1,0.6034219999999999,0.0091009999999999,200901,0.594321
LA-SV,200903,3,climatology,reference_r1,1.0848110000000002,0.1195999999999999,200901,0.9652110000000003
LA-SV,200904,1,climatology,reference_r1,5.027028,0.19838,200904,4.828647999999999
LA-SV,200905,2,climatology,reference_r1,23.760858999999996,1.2955690000000004,200904,22.465289999999996
LA-SV,200906,3,climatology,reference_r1,63.428528,1.671367,200904,61.757160999999996
LA-SV,200907,1,climatology,reference_r1,123.24315,36.563412000000085,200907,86.67973799999992
LA-SV,200908,2,climatology,reference_r1,102.30625,36.55258100000003,200907,65.75366899999997
LA-SV,200909,3,climatology,reference_r1,77.799763,37.92182100000002,200907,39.877941999999976
LA-SV,200910,1,climatology,reference_r1,41.95170999999999,6.569216999999998,200910,35.382493
LA-SV,200911,2,climatology,reference_r1,12.497231,14.002177,200910,-1.5049460000000003
LA-SV,200912,3,climatology,reference_r1,6.103097000000002,1.5345059999999997,200910,4.568591000000002
LA-VT,200801,1,climatology,reference_r1,10.87,10.30095,200801,0.569049999999999
LA-VT,200802,2,climatology,reference_r1,9.38,4.277474999999999,200801,5.102525000000002
LA-VT,200803,3,climatology,reference_r1,4.52,16.392575,200801,-11.872575000000001
LA-VT,200804,1,climatology,reference_r1,36.69,14.607781999999997,200804,22.082218
LA-VT,200805,2,climatology,reference_r1,62.27,26.01387500000001,200804,36.256125
LA-VT,200806,3,climatology,reference_r1,83.00999999999999,60.31072499999999,200804,22.699275
LA-VT,200807,1,climatology,reference_r1,191.24999999999997,76.37116700000001,200807,114.87883299999996
LA-VT,200808,2,climatology,reference_r1,165.86,83.16134499999998,200807,82.69865500000003
LA-VT,200809,3,climatology,reference_r1,113.29999999999998,92.289514,200807,21.010485999999986
LA-VT,200810,1,climatology,reference_r1,129.48000000000002,32.774846999999994,200810,96.70515300000002
LA-VT,200811,2,climatology,reference_r1,36.84,47.75630199999999,200810,-10.916301999999988
LA-VT,200812,3,climatology,reference_r1,17.979999999999997,54.407596,200810,-36.427596
LA-VT,200901,1,climatology,reference_r1,7.815081999999997,17.709208,200901,-9.894126000000004
LA-VT,200902,2,climatology,reference_r1,3.934482,11.839023,200901,-7.904540999999999
LA-VT,200903,3,climatology,reference_r1,7.282829999999999,6.0935179999999995,200901,1.1893119999999993
LA-VT,200904,1,climatology,reference_r1,9.680054000000002,11.926208000000004,200904,-2.2461540000000024
LA-VT,200905,2,climatology,reference_r1,27.720475,90.65788899999998,200904,-62.93741399999998
LA-VT,200906,3,climatology,reference_r1,38.075081999999995,140.70637,200904,-102.631288
LA-VT,200907,1,climatology,reference_r1,86.36204900000001,180.51560900000004,200907,-94.15356000000003
LA-VT,200908,2,climatology,reference_r1,101.891894,222.86109699999997,200907,-120.96920299999998
LA-VT,200909,3,climatology,reference_r1,112.384425,302.699429,200907,-190.31500400000002
LA-VT,200910,1,climatology,reference_r1,145.485435,211.941444,200910,-66.456009
LA-VT,200911,2,climatology,reference_r1,297.66520299999996,256.661353,200910,41.00384999999994
LA-VT,200912,3,climatology,reference_r1,224.551238,255.17636500000003,200910,-30.62512700000002
LA-XA,200801,1,climatology,reference_r1,0.17,1.3965680000000005,200801,-1.2265680000000005
LA-XA,200802,2,climatology,reference_r1,0.9500000000000002,0.229547,200801,0.7204530000000002
LA-XA,200803,3,climatology,reference_r1,0.7399999999999998,0.1670229999999999,200801,0.5729769999999998
LA-XA,200804,1,climatology,reference_r1,3.460000000000001,0.697835,200804,2.762165000000001
LA-XA,200805,2,climatology,reference_r1,5.659999999999997,1.1948109999999996,200804,4.465188999999997
LA-XA,200806,3,climatology,reference_r1,14.03,2.0704079999999996,200804,11.959592
LA-XA,200807,1,climatology,reference_r1,24.69,10.65607,200807,14.033930000000002
LA-XA,200808,2,climatology,reference_r1,9.729999999999997,4.293488,200807,5.436511999999997
LA-XA,200809,3,climatology,reference_r1,4.75,2.4410230000000013,200807,2.3089769999999987
LA-XA,200810,1,climatology,reference_r1,1.5699999999999994,1.6754129999999998,200810,-0.10541300000000042
LA-XA,200811,2,climatology,reference_r1,1.83,1.00853,200810,0.8214700000000001
LA-XA,200812,3,climatology,reference_r1,1.9600000000000009,0.4394329999999999,200810,1.520567000000001
LA-XA,200901,1,climatology,reference_r1,0.1407769999999999,0.1239709999999999,200901,0.016806
LA-XA,200902,2,climatology,reference_r1,0.7866949999999999,0.0427989999999999,200901,0.743896
LA-XA,200903,3,climatology,reference_r1,0.6127940000000001,0.2434389999999999,200901,0.36935500000000016
LA-XA,200904,1,climatology,reference_r1,2.8624980000000004,0.370953,200904,2.4915450000000003
LA-XA,200905,2,climatology,reference_r1,4.777046000000006,1.023574,200904,3.7534720000000057
LA-XA,200906,3,climatology,reference_r1,13.430243,5.498389,200904,7.931854
LA-XA,200907,1,climatology,reference_r1,22.570512,7.360831000000005,200907,15.209680999999996
LA-XA,200908,2,climatology,reference_r1,13.305413,22.397193,200907,-9.091780000000002
LA-XA,200909,3,climatology,reference_r1,6.654747,6.705635999999998,200907,-0.050888999999997964
LA-XA,200910,1,climatology,reference_r1,2.0250260000000004,5.026572,200910,-3.0015459999999994
LA-XA,200911,2,climatology,reference_r1,3.421968000000001,2.2736340000000004,200910,1.1483340000000006
LA-XA,200912,3,climatology,reference_r1,1.5319850000000006,1.2300140000000002,200910,0.30197100000000043
LA-XE,200801,1,climatology,reference_r1,0.09,0.025938,200801,0.064062
LA-XE,200802,2,climatology,reference_r1,0.12,0.010401,200801,0.109599
LA-XE,200803,3,climatology,reference_r1,0.0,0.004611,200801,-0.004611
LA-XE,200804,1,climatology,reference_r1,0.0246419999999999,0.013278,200804,0.0113639999999999
LA-XE,200805,2,climatology,reference_r1,0.08,0.0511699999999999,200804,0.0288300000000001
LA-XE,200806,3,climatology,reference_r1,3.15,4.153352,200804,-1.003352
LA-XE,200807,1,climatology,reference_r1,0.4000000000000001,0.2521019999999998,200807,0.14789800000000025
LA-XE,200808,2,climatology,reference_r1,0.1899999999999999,0.3110590000000002,200807,-0.1210590000000003
LA-XE,200809,3,climatology,reference_r1,0.6699999999999999,0.6611639999999999,200807,0.008836000000000066
LA-XE,200810,1,climatology,reference_r1,0.5599999999999998,0.0843609999999999,200810,0.4756389999999999
LA-XE,200811,2,climatology,reference_r1,0.0246419999999999,0.0609059999999999,200810,-0.036264
LA-XE,200812,3,climatology,reference_r1,0.790321,0.7948409999999999,200810,-0.0045199999999998575
LA-XE,200901,1,climatology,reference_r1,0.074529,0.007341,200901,0.067188
LA-XE,200902,2,climatology,reference_r1,1.371372,1.841679,200901,-0.47030700000000003
LA-XE,200903,3,climatology,reference_r1,2.0,1.7486339999999998,200901,0.2513660000000002
LA-XE,200904,1,climatology,reference_r1,0.8200000000000001,0.488701,200904,0.33129900000000007
LA-XE,200905,2,climatology,reference_r1,1.338248,0.904395,200904,0.43385300000000016
LA-XE,200906,3,climatology,reference_r1,6.6023309999999995,6.313711,200904,0.2886199999999999
LA-XE,200907,1,climatology,reference_r1,26.41924,22.893129,200907,3.526111
LA-XE,200908,2,climatology,reference_r1,25.883339,21.172375999999996,200907,4.710963000000003
LA-XE,200909,3,climatology,reference_r1,4.097554,3.905376,200907,0.19217799999999974
LA-XE,200910,1,climatology,reference_r1,4.551736,2.524990999999999,200910,2.026745000000001
LA-XE,200911,2,climatology,reference_r1,2.6199999999999997,7.475260000000002,200910,-4.855260000000003
LA-XE,200912,3,climatology,reference_r1,6.64,7.251843000000001,200910,-0.6118430000000012
LA-XI,200801,1,climatology,reference_r1,0.0,0.00075,200801,-0.00075
LA-XI,200802,2,climatology,reference_r1,0.0,0.0001529999999999,200801,-0.0001529999999999
LA-XI,200803,3,climatology,reference_r1,0.0,0.0004949999999999,200801,-0.0004949999999999
LA-XI,200804,1,climatology,reference_r1,0.0,0.000361,200804,-0.000361
LA-XI,200805,2,climatology,reference_r1,0.0,0.002174,200804,-0.002174
LA-XI,200806,3,climatology,reference_r1,1.0,0.921664,200804,0.07833599999999996
LA-XI,200807,1,climatology,reference_r1,0.0,0.2682270000000004,200807,-0.2682270000000004
LA-XI,200808,2,climatology,reference_r1,0.02,0.3310630000000003,200807,-0.31106300000000026
LA-XI,200809,3,climatology,reference_r1,0.01,0.3104899999999997,200807,-0.3004899999999997
LA-XI,200810,1,climatology,reference_r1,0.0,0.0066879999999999,200810,-0.0066879999999999
LA-XI,200811,2,climatology,reference_r1,0.01,0.004881,200810,0.005119
LA-XI,200812,3,climatology,reference_r1,0.0,0.00166,200810,-0.00166
LA-XI,200901,1,climatology,reference_r1,0.0,0.001596,200901,-0.001596
LA-XI,200902,2,climatology,reference_r1,0.0,0.002485,200901,-0.002485
LA-XI,200903,3,climatology,reference_r1,0.0,0.0014959999999999,200901,-0.0014959999999999
LA-XI,200904,1,climatology,reference_r1,0.0,0.0005849999999999,200904,-0.0005849999999999
LA-XI,200905,2,climatology,reference_r1,39.0,38.923241,200904,0.07675900000000269
LA-XI,200906,3,climatology,reference_r1,32.826281,32.880559,200904,-0.054277999999996496
LA-XI,200907,1,climatology,reference_r1,1.0,0.8181659999999997,200907,0.18183400000000027
LA-XI,200908,2,climatology,reference_r1,9.652562,6.8773409999999995,200907,2.775221
LA-XI,200909,3,climatology,reference_r1,0.0082809999999999,0.7749649999999999,200907,-0.766684
LA-XI,200910,1,climatology,reference_r1,0.0,0.987219,200910,-0.987219
LA-XI,200911,2,climatology,reference_r1,0.0082809999999999,0.498737,200910,-0.4904560000000001
LA-XI,200912,3,climatology,reference_r1,0.0,0.2120709999999999,200910,-0.2120709999999999
LA-AT,200801,1,climatology,reference_r2,4.0,2.7931049999999997,200801,1.2068950000000003
LA-AT,200802,2,climatology,reference_r2,1.63,1.201903,200801,0.42809699999999995
LA-AT,200803,3,climatology,reference_r2,0.0,0.0479,200801,-0.0479
LA-AT,200804,1,climatology,reference_r2,0.02,0.395821,200804,-0.37582099999999996
LA-AT,200805,2,climatology,reference_r2,3.45,1.3607779999999998,200804,2.0892220000000004
LA-AT,200806,3,climatology,reference_r2,8.86,3.876371999999999,200804,4.983628
LA-AT,200807,1,climatology,reference_r2,4.54,3.729604000000002,200807,0.8103959999999981
LA-AT,200808,2,climatology,reference_r2,9.47,6.663338000000003,200807,2.8066619999999975
LA-AT,200809,3,climatology,reference_r2,17.57,16.815186,200807,0.7548139999999997
LA-AT,200810,1,climatology,reference_r2,38.95,28.532835,200810,10.417165000000004
LA-AT,200811,2,climatology,reference_r2,43.0,27.159915,200810,15.840084999999998
LA-AT,200812,3,climatology,reference_r2,22.28,16.257736,200810,6.022264
LA-AT,200901,1,climatology,reference_r2,17.305124,8.135779,200901,9.169345
LA-AT,200902,2,climatology,reference_r2,45.164529,36.733486000000006,200901,8.431042999999995
LA-AT,200903,3,climatology,reference_r2,77.0,57.950748,200901,19.049252000000003
LA-AT,200904,1,climatology,reference_r2,98.652562,48.131051,200904,50.521511000000004
LA-AT,200905,2,climatology,reference_r2,0.1242149999999999,51.67652299999999,200904,-51.55230799999999
LA-AT,200906,3,climatology,reference_r2,21.319868,42.353808000000015,200904,-21.033940000000015
LA-AT,200907,1,climatology,reference_r2,61.750116,43.963149,200907,17.786966999999997
LA-AT,200908,2,climatology,reference_r2,17.823736,14.48961,200907,3.3341259999999995
LA-AT,200909,3,climatology,reference_r2,10.060613,9.776561999999998,200907,0.2840510000000016
LA-AT,200910,1,climatology,reference_r2,4.830283999999999,6.384266,200910,-1.5539820000000013
LA-AT,200911,2,climatology,reference_r2,13.444083,6.852055,200910,6.592027999999999
LA-AT,200912,3,climatology,reference_r2,4.502959,4.990642999999999,200910,-0.4876839999999989
LA-BK,200801,1,climatology,reference_r2,0.81,0.935093,200801,-0.1250929999999999
LA-BK,200802,2,climatology,reference_r2,0.01,0.0002249999999999,200801,0.0097750000000001
LA-BK,200803,3,climatology,reference_r2,0.01,6.499999999999909e-05,200801,0.009935000000000001
LA-BK,200804,1,climatology,reference_r2,0.01,0.003738,200804,0.006262
LA-BK,200805,2,climatology,reference_r2,11.64,11.52577,200804,0.11423000000000094
LA-BK,200806,3,climatology,reference_r2,52.17,52.355982,200804,-0.18598199999999565
LA-BK,200807,1,climatology,reference_r2,0.6600000000000001,2.185772,200807,-1.525772
LA-BK,200808,2,climatology,reference_r2,6.84,6.0008420000000005,200807,0.8391579999999994
LA-BK,200809,3,climatology,reference_r2,29.34,23.092810999999983,200807,6.2471890000000165
LA-BK,200810,1,climatology,reference_r2,44.92,21.001768999999996,200810,23.918231000000006
LA-BK,200811,2,climatology,reference_r2,55.0,45.533422,200810,9.466577999999998
LA-BK,200812,3,climatology,reference_r2,5.0,2.9761430000000004,200810,2.0238569999999996
LA-BK,200901,1,climatology,reference_r2,0.6691239999999999,0.5091830000000002,200901,0.15994099999999978
LA-BK,200902,2,climatology,reference_r2,0.0082809999999999,0.529839,200901,-0.5215580000000001
LA-BK,200903,3,climatology,reference_r2,0.826281,0.959901,200901,-0.13361999999999996
LA-BK,200904,1,climatology,reference_r2,2.826281,1.342842,200904,1.4834389999999997
LA-BK,200905,2,climatology,reference_r2,71.61762,42.896688,200904,28.720932000000005
LA-BK,200906,3,climatology,reference_r2,206.10648,143.90448600000002,200904,62.201993999999985
LA-BK,200907,1,climatology,reference_r2,209.635455,181.044815,200907,28.590640000000008
LA-BK,200908,2,climatology,reference_r2,106.650017,87.31059499999999,200907,19.339422000000013
LA-BK,200909,3,climatology,reference_r2,43.240067,38.505201,200907,4.734866000000004
LA-BK,200910,1,climatology,reference_r2,23.210034,27.047204000000008,200910,-3.8371700000000075
LA-BK,200911,2,climatology,reference_r2,4.5454550000000005,15.658140000000005,200910,-11.112685000000004
LA-BK,200912,3,climatology,reference_r2,3.313405,4.268588000000001,200910,-0.9551830000000012
LA-BL,200801,1,climatology,reference_r2,5.6899999999999995,4.779254999999999,200801,0.9107450000000004
LA-BL,200802,2,climatology,reference_r2,2.88,5.685013,200801,-2.8050129999999998
LA-BL,200803,3,climatology,reference_r2,2.29,0.436278,200801,1.853722
LA-BL,200804,1,climatology,reference_r2,2.8299999999999996,1.2464800000000005,200804,1.5835199999999992
LA-BL,200805,2,climatology,reference_r2,9.2,5.0584880000000005,200804,4.141511999999999
LA-BL,200806,3,climatology,reference_r2,10.070000000000002,5.673099000000001,200804,4.3969010000000015
LA-BL,200807,1,climatology,reference_r2,27.62,19.379559,200807,8.240441
LA-BL,200808,2,climatology,reference_r2,19.03,20.414024,200807,-1.3840240000000001
LA-BL,200809,3,climatology,reference_r2,25.370000000000005,18.392517,200807,6.977483000000003
LA-BL,200810,1,climatology,reference_r2,16.870000000000005,8.400085999999998,200810,8.469914000000006
LA-BL,200811,2,climatology,reference_r2,6.290000000000001,4.146908,200810,2.143092000000001
LA-BL,200812,3,climatology,reference_r2,2.05,1.0778229999999995,200810,0.9721770000000003
LA-BL,200901,1,climatology,reference_r2,0.7038849999999999,0.6850769999999999,200901,0.018807999999999936
LA-BL,200902,2,climatology,reference_r2,0.926381,1.480529,200901,-0.554148
LA-BL,200903,3,climatology,reference_r2,2.5287120000000005,1.3795209999999996,200901,1.149191000000001
LA-BL,200904,1,climatology,reference_r2,2.7938859999999996,0.7335279999999997,200904,2.060358
LA-BL,200905,2,climatology,reference_r2,17.157429000000004,3.030911000000001,200904,14.126518000000003
LA-BL,200906,3,climatology,reference_r2,16.873330000000003,4.949428000000001,200904,11.923902000000002
LA-BL,200907,1,climatology,reference_r2,20.996472,21.467761999999993,200907,-0.47128999999999266
LA-BL,200908,2,climatology,reference_r2,33.260011999999996,6.367072000000007,200907,26.89293999999999
LA-BL,200909,3,climatology,reference_r2,41.130528,5.808948000000001,200907,35.32158
LA-BL,200910,1,climatology,reference_r2,17.210586000000003,5.600234,200910,11.610352000000002
LA-BL,200911,2,climatology,reference_r2,11.201476,2.4331819999999995,200910,8.768294000000001
LA-BL,200912,3,climatology,reference_r2,1.6965139999999996,0.7960600000000002,200910,0.9004539999999994
LA-CH,200801,1,climatology,reference_r2,47.5,30.990389,200801,16.509611
LA-CH,200802,2,climatology,reference_r2,53.03999999999999,44.66683200000001,200801,8.373167999999986
LA-CH,200803,3,climatology,reference_r2,50.58,53.574152000000005,200801,-2.994152000000007
LA-CH,200804,1,climatology,reference_r2,31.85,21.330450999999996,200804,10.519549000000005
LA-CH,200805,2,climatology,reference_r2,38.959999999999994,58.54804899999999,200804,-19.588048999999998
LA-CH,200806,3,climatology,reference_r2,127.17000000000002,114.483291,200804,12.686709000000022
LA-CH,200807,1,climatology,reference_r2,41.25,95.304508,200807,-54.054508
LA-CH,200808,2,climatology,reference_r2,42.510000000000005,84.29141700000014,200807,-41.78141700000013
LA-CH,200809,3,climatology,reference_r2,49.599999999999994,117.612454,200807,-68.012454
LA-CH,200810,1,climatology,reference_r2,37.669999999999995,43.715447,200810,-6.045447000000003
LA-CH,200811,2,climatology,reference_r2,41.07000000000001,32.59611500000001,200810,8.473884999999996
LA-CH,200812,3,climatology,reference_r2,33.34,31.406121,200810,1.9338790000000046
LA-CH,200901,1,climatology,reference_r2,10.890717,10.002939,200901,0.8877780000000008
LA-CH,200902,2,climatology,reference_r2,19.093116999999996,25.732093,200901,-6.638976000000003
LA-CH,200903,3,climatology,reference_r2,21.42854,20.968744,200901,0.45979600000000076
LA-CH,200904,1,climatology,reference_r2,53.487149,33.02936,200904,20.457789000000005
LA-CH,200905,2,climatology,reference_r2,19.053490000000004,88.00579200000001,200904,-68.952302
LA-CH,200906,3,climatology,reference_r2,30.695037999999997,88.355448,200904,-57.66041
LA-CH,200907,1,climatology,reference_r2,45.004213,74.18885799999998,200907,-29.184644999999982
LA-CH,200908,2,climatology,reference_r2,44.17307600000001,66.47305799999998,200907,-22.29998199999997
LA-CH,200909,3,climatology,reference_r2,32.110839000000006,62.45511799999997,200907,-30.344278999999965
LA-CH,200910,1,climatology,reference_r2,23.227603,20.374773000000005,200910,2.8528299999999938
LA-CH,200911,2,climatology,reference_r2,12.418226999999998,19.814521,200910,-7.396294000000001
LA-CH,200912,3,climatology,reference_r2,14.757385999999997,11.395301000000003,200910,3.3620849999999933
LA-HO,200801,1,climatology,reference_r2,0.01,0.004571,200801,0.005429
LA-HO,200802,2,climatology,reference_r2,0.01,0.000904,200801,0.009096
LA-HO,200803,3,climatology,reference_r2,0.01,0.007098,200801,0.002902
LA-HO,200804,1,climatology,reference_r2,0.01,0.0049199999999999,200804,0.0050800000000001
LA-HO,200805,2,climatology,reference_r2,0.0,0.0149809999999999,200804,-0.0149809999999999
LA-HO,200806,3,climatology,reference_r2,0.0599999999999999,0.0112829999999999,200804,0.048716999999999996
LA-HO,200807,1,climatology,reference_r2,0.1999999999999999,0.321612,200807,-0.12161200000000011
LA-HO,200808,2,climatology,reference_r2,0.0,0.351477,200807,-0.351477
LA-HO,200809,3,climatology,reference_r2,0.6900000000000002,0.7114880000000001,200807,-0.02148799999999995
LA-HO,200810,1,climatology,reference_r2,0.02,0.070913,200810,-0.050913
LA-HO,200811,2,climatology,reference_r2,0.0,0.029183,200810,-0.029183
LA-HO,200812,3,climatology,reference_r2,0.65,0.8228820000000001,200810,-0.1728820000000001
LA-HO,200901,1,climatology,reference_r2,0.0082809999999999,0.014579,200901,-0.0062980000000001
LA-HO,200902,2,climatology,reference_r2,0.0082809999999999,0.0283239999999999,200901,-0.020043000000000002
LA-HO,200903,3,climatology,reference_r2,0.0082809999999999,0.025041,200901,-0.0167600000000001
LA-HO,200904,1,climatology,reference_r2,0.0082809999999999,0.0071429999999999,200904,0.0011379999999999993
LA-HO,200905,2,climatology,reference_r2,0.0,0.009136,200904,-0.009136
LA-HO,200906,3,climatology,reference_r2,0.049686,0.033544,200904,0.016142000000000004
LA-HO,200907,1,climatology,reference_r2,0.16562,0.4537749999999998,200907,-0.28815499999999983
LA-HO,200908,2,climatology,reference_r2,0.0,0.6111250000000004,200907,-0.6111250000000004
LA-HO,200909,3,climatology,reference_r2,0.5699339999999999,0.665591,200907,-0.0956570000000001
LA-HO,200910,1,climatology,reference_r2,0.834562,0.5739909999999999,200910,0.2605710000000001
LA-HO,200911,2,climatology,reference_r2,1.0,0.705107,200910,0.29489299999999996
LA-HO,200912,3,climatology,reference_r2,0.53681,0.879941,200910,-0.34313099999999996
LA-KH,200801,1,climatology,reference_r2,1.1499999999999997,0.7623169999999999,200801,0.3876829999999998
LA-KH,200802,2,climatology,reference_r2,0.1499999999999999,0.1029749999999999,200801,0.04702500000000001
LA-KH,200803,3,climatology,reference_r2,0.04,0.083728,200801,-0.043727999999999996
LA-KH,200804,1,climatology,reference_r2,0.1099999999999999,0.4617680000000002,200804,-0.3517680000000003
LA-KH,200805,2,climatology,reference_r2,1.38,1.3549569999999995,200804,0.02504300000000037
LA-KH,200806,3,climatology,reference_r2,8.940000000000001,2.350973,200804,6.5890270000000015
LA-KH,200807,1,climatology,reference_r2,35.06999999999999,4.178109000000006,200807,30.891890999999987
LA-KH,200808,2,climatology,reference_r2,37.92,5.154977000000002,200807,32.765023
LA-KH,200809,3,climatology,reference_r2,14.089999999999996,4.8405640000000005,200807,9.249435999999996
LA-KH,200810,1,climatology,reference_r2,5.470000000000001,0.8545930000000004,200810,4.615407
LA-KH,200811,2,climatology,reference_r2,1.4299999999999995,1.256154,200810,0.1738459999999995
LA-KH,200812,3,climatology,reference_r2,3.69,3.223891,200810,0.4661089999999999
LA-KH,200901,1,climatology,reference_r2,0.9523149999999996,0.0644699999999999,200901,0.8878449999999997
LA-KH,200902,2,climatology,reference_r2,0.1242149999999999,0.027564,200901,0.09665099999999989
LA-KH,200903,3,climatology,reference_r2,5.305124,4.51485,200901,0.7902740000000001
LA-KH,200904,1,climatology,reference_r2,0.091091,0.354512,200904,-0.263421
LA-KH,200905,2,climatology,reference_r2,4.0487779999999995,2.2810369999999995,200904,1.767741
LA-KH,200906,3,climatology,reference_r2,46.36775900000001,65.18241900000001,200904,-18.814660000000003
LA-KH,200907,1,climatology,reference_r2,68.223464,110.54105,200907,-42.31758599999999
LA-KH,200908,2,climatology,reference_r2,171.36027,239.144493,200907,-67.784223
LA-KH,200909,3,climatology,reference_r2,187.121383,211.541962,200907,-24.420579000000004
LA-KH,200910,1,climatology,reference_r2,57.593343,46.40724900000001,200910,11.18609399999999
LA-KH,200911,2,climatology,reference_r2,54.814001,23.13131100000001,200910,31.682689999999987
LA-KH,200912,3,climatology,reference_r2,52.764233,31.697552,200910,21.066680999999996
LA-LM,200801,1,climatology,reference_r2,0.0,0.000205,200801,-0.000205
LA-LM,200802,2,climatology,reference_r2,0.0,4.900000000000043e-05,200801,-4.900000000000043e-05
LA-LM,200803,3,climatology,reference_r2,0.0499999999999999,9.99999999999916e-07,200801,0.0499989999999999
LA-LM,200804,1,climatology,reference_r2,0.01,0.0001449999999999,200804,0.0098550000000001
LA-LM,200805,2,climatology,reference_r2,0.0,0.002961,200804,-0.002961
LA-LM,200806,3,climatology,reference_r2,0.0,0.004798,200804,-0.004798
LA-LM,200807,1,climatology,reference_r2,0.0499999999999999,0.836011000000001,200807,-0.786011000000001
LA-LM,200808,2,climatology,reference_r2,0.0299999999999999,0.4214479999999998,200807,-0.3914479999999999
LA-LM,200809,3,climatology,reference_r2,0.0,0.8204150000000006,200807,-0.8204150000000006
LA-LM,200810,1,climatology,reference_r2,0.09,0.018054,200810,0.071946
LA-LM,200811,2,climatology,reference_r2,0.02,0.0068679999999999,200810,0.0131320000000001
LA-LM,200812,3,climatology,reference_r2,0.0,0.0017179999999999,200810,-0.0017179999999999
LA-LM,200901,1,climatology,reference_r2,0.0,6.399999999999982e-05,200901,-6.399999999999982e-05
LA-LM,200902,2,climatology,reference_r2,0.0,0.000148,200901,-0.000148
LA-LM,200903,3,climatology,reference_r2,0.041405,0.000257,200901,0.041148
LA-LM,200904,1,climatology,reference_r2,0.826281,0.958457,200904,-0.13217599999999996
LA-LM,200905,2,climatology,reference_r2,0.0,0.002604,200904,-0.002604
LA-LM,200906,3,climatology,reference_r2,2.0,1.834942,200904,0.16505799999999993
LA-LM,200907,1,climatology,reference_r2,0.677405,1.0050810000000006,200907,-0.3276760000000005
LA-LM,200908,2,climatology,reference_r2,0.024843,1.098917,200907,-1.074074
LA-LM,200909,3,climatology,reference_r2,4.0,2.3238950000000003,200907,1.6761049999999997
LA-LM,200910,1,climatology,reference_r2,4.164529,2.8370049999999996,200910,1.3275240000000004
LA-LM,200911,2,climatology,reference_r2,5.652562,4.375656,200910,1.2769059999999994
LA-LM,200912,3,climatology,reference_r2,4.0,3.344385,200910,0.6556150000000001
LA-LP,200801,1,climatology,reference_r2,0.1999999999999999,1.063411,200801,-0.8634110000000002
LA-LP,200802,2,climatology,reference_r2,13.92,13.990025,200801,-0.07002499999999934
LA-LP,200803,3,climatology,reference_r2,20.81,20.119223,200801,0.6907769999999971
LA-LP,200804,1,climatology,reference_r2,31.229999999999997,18.762779,200804,12.467220999999999
LA-LP,200805,2,climatology,reference_r2,107.3,71.628437,200804,35.67156299999999
LA-LP,200806,3,climatology,reference_r2,132.97,94.657669,200804,38.312331
LA-LP,200807,1,climatology,reference_r2,10.659999999999998,9.995894999999996,200807,0.6641050000000028
LA-LP,200808,2,climatology,reference_r2,12.43,8.255550999999997,200807,4.174449000000003
LA-LP,200809,3,climatology,reference_r2,10.5,8.644678999999996,200807,1.8553210000000036
LA-LP,200810,1,climatology,reference_r2,9.55,18.163575,200810,-8.613575
LA-LP,200811,2,climatology,reference_r2,103.0,104.482118,200810,-1.4821179999999998
LA-LP,200812,3,climatology,reference_r2,126.82,156.810768,200810,-29.990768000000003
LA-LP,200901,1,climatology,reference_r2,0.16562,7.614528999999999,200901,-7.448909
LA-LP,200902,2,climatology,reference_r2,0.5962320000000001,7.876543000000002,200901,-7.280311000000001
LA-LP,200903,3,climatology,reference_r2,0.4720169999999997,14.768234,200901,-14.296217
LA-LP,200904,1,climatology,reference_r2,0.8104469999999999,9.832906,200904,-9.022459
LA-LP,200905,2,climatology,reference_r2,3.589589,27.87522,200904,-24.285631
LA-LP,200906,3,climatology,reference_r2,5.813261999999998,55.705219,200904,-49.891957000000005
LA-LP,200907,1,climatology,reference_r2,4.452995999999999,19.565031000000005,200907,-15.112035000000006
LA-LP,200908,2,climatology,reference_r2,8.377825999999999,21.466223000000017,200907,-13.088397000000018
LA-LP,200909,3,climatology,reference_r2,238.358321,276.701436,200907,-38.34311500000001
LA-LP,200910,1,climatology,reference_r2,126.23871400000002,72.53215600000001,200910,53.706558
LA-LP,200911,2,climatology,reference_r2,61.383126999999995,34.526410000000006,200910,26.85671699999999
LA-LP,200912,3,climatology,reference_r2,7.821726000000002,5.92239,200910,1.8993360000000017
LA-OU,200801,1,climatology,reference_r2,0.0,0.000785,200801,-0.000785
LA-OU,200802,2,climatology,reference_r2,0.0,0.000257,200801,-0.000257
LA-OU,200803,3,climatology,reference_r2,0.0,3.7000000000000574e-05,200801,-3.7000000000000574e-05
LA-OU,200804,1,climatology,reference_r2,0.0,0.0009009999999999,200804,-0.0009009999999999
LA-OU,200805,2,climatology,reference_r2,0.01,0.0052159999999999,200804,0.0047840000000001
LA-OU,200806,3,climatology,reference_r2,0.01,0.009994,200804,6.000000000000796e-06
LA-OU,200807,1,climatology,reference_r2,0.04,1.598586000000001,200807,-1.558586000000001
LA-OU,200808,2,climatology,reference_r2,0.12,1.0525620000000018,200807,-0.9325620000000018
LA-OU,200809,3,climatology,reference_r2,0.04,1.406610999999998,200807,-1.366610999999998
LA-OU,200810,1,climatology,reference_r2,0.0799999999999999,0.016273,200810,0.06372699999999991
LA-OU,200811,2,climatology,reference_r2,0.01,0.010235,200810,-0.0002349999999999991
LA-OU,200812,3,climatology,reference_r2,0.0,0.001305,200810,-0.001305
LA-OU,200901,1,climatology,reference_r2,0.0,0.0001449999999999,200901,-0.0001449999999999
LA-OU,200902,2,climatology,reference_r2,0.0,0.00017,200901,-0.00017
LA-OU,200903,3,climatology,reference_r2,0.0,0.000481,200901,-0.000481
LA-OU,200904,1,climatology,reference_r2,0.0,0.0008929999999999,200904,-0.0008929999999999
LA-OU,200905,2,climatology,reference_r2,0.0082809999999999,0.003443,200904,0.0048379999999999
LA-OU,200906,3,climatology,reference_r2,0.0082809999999999,0.0150559999999999,200904,-0.006775
LA-OU,200907,1,climatology,reference_r2,0.0331239999999999,2.2120729999999966,200907,-2.1789489999999967
LA-OU,200908,2,climatology,reference_r2,0.7353719999999999,2.9221920000000026,200907,-2.1868200000000027
LA-OU,200909,3,climatology,reference_r2,14.669124,8.79242,200907,5.876704
LA-OU,200910,1,climatology,reference_r2,4.974247999999999,2.2892819999999996,200910,2.6849659999999997
LA-OU,200911,2,climatology,reference_r2,12.826281,8.699595,200910,4.126685999999999
LA-OU,200912,3,climatology,reference_r2,18.0,16.234902,200910,1.7650979999999983
LA-PH,200901,1,climatology,reference_r2,0.0,0.016332,200901,-0.016332
LA-PH,200902,2,climatology,reference_r2,0.0,0.0184849999999999,200901,-0.0184849999999999
LA-PH,200903,3,climatology,reference_r2,0.0,0.022101,200901,-0.022101
LA-PH,200904,1,climatology,reference_r2,0.0,0.0036269999999999,200904,-0.0036269999999999
LA-PH,200905,2,climatology,reference_r2,0.0,0.007833,200904,-0.007833
LA-PH,200906,3,climatology,reference_r2,0.0,0.02271,200904,-0.02271
LA-PH,200907,1,climatology,reference_r2,0.0,0.2879060000000004,200907,-0.2879060000000004
LA-PH,200909,3,climatology,reference_r2,0.04,0.3622610000000001,200907,-0.32226100000000013
LA-PH,200910,1,climatology,reference_r2,0.0,0.0124299999999999,200910,-0.0124299999999999
LA-PH,200911,2,climatology,reference_r2,0.0,0.0104279999999999,200910,-0.0104279999999999
LA-PH,200912,3,climatology,reference_r2,0.0,0.000789,200910,-0.000789
LA-SL,200801,1,climatology,reference_r2,0.1099999999999999,0.8985490000000003,200801,-0.7885490000000004
LA-SL,200802,2,climatology,reference_r2,1.0,0.4023539999999999,200801,0.5976460000000001
LA-SL,200803,3,climatology,reference_r2,4.62,3.732555,200801,0.887445
LA-SL,200804,1,climatology,reference_r2,2.0,0.8124439999999997,200804,1.1875560000000003
LA-SL,200805,2,climatology,reference_r2,82.75,87.850352,200804,-5.100352000000001
LA-SL,200806,3,climatology,reference_r2,206.97,185.846258,200804,21.123741999999993
LA-SL,200807,1,climatology,reference_r2,75.25,49.75157,200807,25.49843
LA-SL,200808,2,climatology,reference_r2,52.45,39.75940399999999,200807,12.690596000000014
LA-SL,200809,3,climatology,reference_r2,76.05,57.455547,200807,18.594452999999994
LA-SL,200810,1,climatology,reference_r2,89.54,32.213434,200810,57.32656600000001
LA-SL,200811,2,climatology,reference_r2,19.16,8.992016,200810,10.167984
LA-SL,200812,3,climatology,reference_r2,5.69,3.040769000000001,200810,2.6492309999999994
LA-SL,200901,1,climatology,reference_r2,0.545091,1.2842939999999996,200901,-0.7392029999999996
LA-SL,200902,2,climatology,reference_r2,23.826281,18.968971999999997,200901,4.857309000000004
LA-SL,200903,3,climatology,reference_r2,23.817091,12.470851,200901,11.346240000000002
LA-SL,200904,1,climatology,reference_r2,18.652562,5.840422,200904,12.81214
LA-SL,200905,2,climatology,reference_r2,83.899938,45.19196900000001,200904,38.707969
LA-SL,200906,3,climatology,reference_r2,30.133145000000003,31.50808599999999,200904,-1.374940999999989
LA-SL,200907,1,climatology,reference_r2,148.17646399999998,110.23512700000003,200907,37.94133699999995
LA-SL,200908,2,climatology,reference_r2,107.331804,84.70357800000002,200907,22.628225999999984
LA-SL,200909,3,climatology,reference_r2,68.83130799999999,59.184079000000054,200907,9.647228999999939
LA-SL,200910,1,climatology,reference_r2,76.984001,33.360307,200910,43.62369400000001
LA-SL,200911,2,climatology,reference_r2,38.830017000000005,17.721003000000003,200910,21.109014000000002
LA-SL,200912,3,climatology,reference_r2,13.699703,5.750920000000001,200910,7.948782999999999
LA-SV,200801,1,climatology,reference_r2,1.7800000000000002,4.913193999999999,200801,-3.1331939999999987
LA-SV,200802,2,climatology,reference_r2,0.6200000000000001,0.961484,200801,-0.3414839999999999
LA-SV,200803,3,climatology,reference_r2,1.42,0.434588,200801,0.985412
LA-SV,200804,1,climatology,reference_r2,6.08,2.948320999999999,200804,3.131679000000001
LA-SV,200805,2,climatology,reference_r2,27.53,8.005254999999998,200804,19.524745000000003
LA-SV,200806,3,climatology,reference_r2,67.57,22.362818999999995,200804,45.207181
LA-SV,200807,1,climatology,reference_r2,150.21999999999997,30.30992600000002,200807,119.91007399999995
LA-SV,200808,2,climatology,reference_r2,140.25,24.281661999999983,200807,115.96833800000002
LA-SV,200809,3,climatology,reference_r2,115.49,31.971675000000005,200807,83.51832499999999
LA-SV,200810,1,climatology,reference_r2,53.19,3.650746,200810,49.539254
LA-SV,200811,2,climatology,reference_r2,12.810000000000002,1.1415540000000002,200810,11.668446000000003
LA-SV,200812,3,climatology,reference_r2,8.030000000000001,0.3427419999999999,200810,7.687258000000002
LA-SV,200901,1,climatology,reference_r2,1.7460180000000003,0.063888,200901,1.6821300000000003
LA-SV,200902,2,climatology,reference_r2,0.6034219999999999,0.012866,200901,0.5905559999999999
LA-SV,200903,3,climatology,reference_r2,1.0848110000000002,0.144791,200901,0.9400200000000002
LA-SV,200904,1,climatology,reference_r2,5.027028,0.1688119999999999,200904,4.858216
LA-SV,200905,2,climatology,reference_r2,23.760858999999996,1.113198,200904,22.647660999999996
LA-SV,200906,3,climatology,reference_r2,63.428528,1.7974810000000003,200904,61.631047
LA-SV,200907,1,climatology,reference_r2,123.24315,39.10524699999996,200907,84.13790300000004
LA-SV,200908,2,climatology,reference_r2,102.30625,37.982054999999946,200907,64.32419500000006
LA-SV,200909,3,climatology,reference_r2,77.799763,40.497528999999986,200907,37.30223400000001
LA-SV,200910,1,climatology,reference_r2,41.95170999999999,6.786698999999999,200910,35.16501099999999
LA-SV,200911,2,climatology,reference_r2,12.497231,15.085976999999998,200910,-2.5887459999999987
LA-SV,200912,3,climatology,reference_r2,6.103097000000002,1.4864710000000008,200910,4.616626000000001
LA-VT,200801,1,climatology,reference_r2,10.87,10.318300999999998,200801,0.551699000000001
LA-VT,200802,2,climatology,reference_r2,9.38,3.905687,200801,5.474313
LA-VT,200803,3,climatology,reference_r2,4.52,15.603718,200801,-11.083718000000001
LA-VT,200804,1,climatology,reference_r2,36.69,13.817171999999996,200804,22.872828000000002
LA-VT,200805,2,climatology,reference_r2,62.27,26.322476999999992,200804,35.94752300000001
LA-VT,200806,3,climatology,reference_r2,83.00999999999999,64.65965700000001,200804,18.35034299999998
LA-VT,200807,1,climatology,reference_r2,191.24999999999997,79.80285600000002,200807,111.44714399999995
LA-VT,200808,2,climatology,reference_r2,165.86,85.70476400000007,200807,80.15523599999995
LA-VT,200809,3,climatology,reference_r2,113.29999999999998,88.85345099999995,200807,24.446549000000033
LA-VT,200810,1,climatology,reference_r2,129.48000000000002,33.89473699999999,200810,95.58526300000003
LA-VT,200811,2,climatology,reference_r2,36.84,46.100672,200810,-9.260672
LA-VT,200812,3,climatology,reference_r2,17.979999999999997,54.748121,200810,-36.768121
LA-VT,200901,1,climatology,reference_r2,7.815081999999997,19.670879999999997,200901,-11.855798
LA-VT,200902,2,climatology,reference_r2,3.934482,10.671421,200901,-6.7369390000000005
LA-VT,200903,3,climatology,reference_r2,7.282829999999999,6.652062999999998,200901,0.6307670000000005
LA-VT,200904,1,climatology,reference_r2,9.680054000000002,11.465877,200904,-1.7858229999999988
LA-VT,200905,2,climatology,reference_r2,27.720475,72.19965099999999,200904,-44.47917599999999
LA-VT,200906,3,climatology,reference_r2,38.075081999999995,113.32613699999996,200904,-75.25105499999997
LA-VT,200907,1,climatology,reference_r2,86.36204900000001,175.27736099999993,200907,-88.91531199999991
LA-VT,200908,2,climatology,reference_r2,101.891894,215.494077,200907,-113.60218300000001
LA-VT,200909,3,climatology,reference_r2,112.384425,304.6769499999999,200907,-192.29252499999993
LA-VT,200910,1,climatology,reference_r2,145.485435,215.66957800000003,200910,-70.18414300000003
LA-VT,200911,2,climatology,reference_r2,297.66520299999996,251.978676,200910,45.686526999999955
LA-VT,200912,3,climatology,reference_r2,224.551238,254.983639,200910,-30.432401
LA-XA,200801,1,climatology,reference_r2,0.17,1.0824060000000002,200801,-0.9124060000000002
LA-XA,200802,2,climatology,reference_r2,0.9500000000000002,0.274092,200801,0.6759080000000002
LA-XA,200803,3,climatology,reference_r2,0.7399999999999998,0.144582,200801,0.5954179999999998
LA-XA,200804,1,climatology,reference_r2,3.460000000000001,0.6779869999999999,200804,2.782013000000001
LA-XA,200805,2,climatology,reference_r2,5.659999999999997,1.3226210000000005,200804,4.337378999999996
LA-XA,200806,3,climatology,reference_r2,14.03,2.1045490000000004,200804,11.925450999999999
LA-XA,200807,1,climatology,reference_r2,24.69,10.923203,200807,13.766797
LA-XA,200808,2,climatology,reference_r2,9.729999999999997,4.084547000000001,200807,5.645452999999996
LA-XA,200809,3,climatology,reference_r2,4.75,3.0200989999999948,200807,1.7299010000000052
LA-XA,200810,1,climatology,reference_r2,1.5699999999999994,1.5012540000000003,200810,0.06874599999999909
LA-XA,200811,2,climatology,reference_r2,1.83,0.9150799999999996,200810,0.9149200000000005
LA-XA,200812,3,climatology,reference_r2,1.9600000000000009,0.3947909999999999,200810,1.565209000000001
LA-XA,200901,1,climatology,reference_r2,0.1407769999999999,0.111613,200901,0.0291639999999999
LA-XA,200902,2,climatology,reference_r2,0.7866949999999999,0.062805,200901,0.7238899999999999
LA-XA,200903,3,climatology,reference_r2,0.6127940000000001,0.267704,200901,0.34509000000000006
LA-XA,200904,1,climatology,reference_r2,2.8624980000000004,0.2639129999999999,200904,2.5985850000000004
LA-XA,200905,2,climatology,reference_r2,4.777046000000006,1.0845219999999998,200904,3.692524000000006
LA-XA,200906,3,climatology,reference_r2,13.430243,6.000514,200904,7.429729000000001
LA-XA,200907,1,climatology,reference_r2,22.570512,7.579119999999989,200907,14.991392000000012
LA-XA,200908,2,climatology,reference_r2,13.305413,22.748774999999995,200907,-9.443361999999995
LA-XA,200909,3,climatology,reference_r2,6.654747,8.075192999999999,200907,-1.4204459999999983
LA-XA,200910,1,climatology,reference_r2,2.0250260000000004,4.745220999999999,200910,-2.7201949999999986
LA-XA,200911,2,climatology,reference_r2,3.421968000000001,2.626047999999999,200910,0.795920000000002
LA-XA,200912,3,climatology,reference_r2,1.5319850000000006,1.4062220000000003,200910,0.1257630000000003
LA-XE,200801,1,climatology,reference_r2,0.09,0.021284,200801,0.068716
LA-XE,200802,2,climatology,reference_r2,0.12,0.012315,200801,0.107685
LA-XE,200803,3,climatology,reference_r2,0.0,0.0022889999999999,200801,-0.0022889999999999
LA-XE,200804,1,climatology,reference_r2,0.0246419999999999,0.013134,200804,0.0115079999999999
LA-XE,200805,2,climatology,reference_r2,0.08,0.0467859999999999,200804,0.033214000000000105
LA-XE,200806,3,climatology,reference_r2,3.15,4.137485,200804,-0.987485
LA-XE,200807,1,climatology,reference_r2,0.4000000000000001,0.3594309999999998,200807,0.0405690000000003
LA-XE,200808,2,climatology,reference_r2,0.1899999999999999,0.3876900000000001,200807,-0.1976900000000002
LA-XE,200809,3,climatology,reference_r2,0.6699999999999999,0.6909709999999993,200807,-0.020970999999999407
LA-XE,200810,1,climatology,reference_r2,0.5599999999999998,0.074585,200810,0.4854149999999998
LA-XE,200811,2,climatology,reference_r2,0.0246419999999999,0.058701,200810,-0.0340590000000001
LA-XE,200812,3,climatology,reference_r2,0.790321,0.800521,200810,-0.010199999999999987
LA-XE,200901,1,climatology,reference_r2,0.074529,0.007414,200901,0.067115
LA-XE,200902,2,climatology,reference_r2,1.371372,1.828502,200901,-0.45713000000000004
LA-XE,200903,3,climatology,reference_r2,2.0,1.7542879999999998,200901,0.24571200000000015
LA-XE,200904,1,climatology,reference_r2,0.8200000000000001,0.5307980000000001,200904,0.28920199999999996
LA-XE,200905,2,climatology,reference_r2,1.338248,1.037932,200904,0.300316
LA-XE,200906,3,climatology,reference_r2,6.6023309999999995,6.271967,200904,0.33036399999999944
LA-XE,200907,1,climatology,reference_r2,26.41924,22.820517,200907,3.5987229999999997
LA-XE,200908,2,climatology,reference_r2,25.883339,21.963933000000026,200907,3.9194059999999737
LA-XE,200909,3,climatology,reference_r2,4.097554,4.116925000000002,200907,-0.019371000000002248
LA-XE,200910,1,climatology,reference_r2,4.551736,2.8752959999999987,200910,1.6764400000000013
LA-XE,200911,2,climatology,reference_r2,2.6199999999999997,8.801139000000006,200910,-6.181139000000007
LA-XE,200912,3,climatology,reference_r2,6.64,8.906965,200910,-2.266965
LA-XI,200801,1,climatology,reference_r2,0.0,0.000754,200801,-0.000754
LA-XI,200802,2,climatology,reference_r2,0.0,0.0001209999999999,200801,-0.0001209999999999
LA-XI,200803,3,climatology,reference_r2,0.0,0.000368,200801,-0.000368
LA-XI,200804,1,climatology,reference_r2,0.0,0.000851,200804,-0.000851
LA-XI,200805,2,climatology,reference_r2,0.0,0.0016709999999999,200804,-0.0016709999999999
LA-XI,200806,3,climatology,reference_r2,1.0,0.927385,200804,0.07261499999999999
LA-XI,200807,1,climatology,reference_r2,0.0,0.3907899999999999,200807,-0.3907899999999999
LA-XI,200808,2,climatology,reference_r2,0.02,0.3248739999999999,200807,-0.30487399999999987
LA-XI,200809,3,climatology,reference_r2,0.01,0.4015440000000003,200807,-0.3915440000000003
LA-XI,200810,1,climatology,reference_r2,0.0,0.009779,200810,-0.009779
LA-XI,200811,2,climatology,reference_r2,0.01,0.0042279999999999,200810,0.0057720000000001
LA-XI,200812,3,climatology,reference_r2,0.0,0.0020019999999999,200810,-0.0020019999999999
LA-XI,200901,1,climatology,reference_r2,0.0,0.0009569999999999,200901,-0.0009569999999999
LA-XI,200902,2,climatology,reference_r2,0.0,0.0013919999999999,200901,-0.0013919999999999
LA-XI,200903,3,climatology,reference_r2,0.0,0.001313,200901,-0.001313
LA-XI,200904,1,climatology,reference_r2,0.0,0.000229,200904,-0.000229
LA-XI,200905,2,climatology,reference_r2,39.0,38.954369,200904,0.0456310000000002
LA-XI,200906,3,climatology,reference_r2,32.826281,32.859963,200904,-0.03368199999999888
LA-XI,200907,1,climatology,reference_r2,1.0,0.8304350000000014,200907,0.16956499999999863
LA-XI,200908,2,climatology,reference_r2,9.652562,6.707633000000001,200907,2.9449289999999984
LA-XI,200909,3,climatology,reference_r2,0.0082809999999999,0.6515130000000013,200907,-0.6432320000000015
LA-XI,200910,1,climatology,reference_r2,0.0,0.9272460000000002,200910,-0.9272460000000002
LA-XI,200911,2,climatology,reference_r2,0.0082809999999999,0.4478759999999999,200910,-0.43959499999999996
LA-XI,200912,3,climatology,reference_r2,0.0,0.20038,200910,-0.20038
LA-AT,200801,1,climatology,reference_r3,4.0,2.93902,200801,1.0609799999999998
LA-AT,200802,2,climatology,reference_r3,1.63,1.243191,200801,0.38680899999999996
LA-AT,200803,3,climatology,reference_r3,0.0,0.055016,200801,-0.055016
LA-AT,200804,1,climatology,reference_r3,0.02,0.455165,200804,-0.43516499999999997
LA-AT,200805,2,climatology,reference_r3,3.45,1.4745329999999996,200804,1.9754670000000005
LA-AT,200806,3,climatology,reference_r3,8.86,3.739966,200804,5.1200339999999995
LA-AT,200807,1,climatology,reference_r3,4.54,3.717932000000001,200807,0.8220679999999989
LA-AT,200808,2,climatology,reference_r3,9.47,6.617485000000002,200807,2.8525149999999986
LA-AT,200809,3,climatology,reference_r3,17.57,16.282890000000002,200807,1.2871099999999984
LA-AT,200810,1,climatology,reference_r3,38.95,31.488597,200810,7.461403000000004
LA-AT,200811,2,climatology,reference_r3,43.0,35.087347,200810,7.912652999999999
LA-AT,200812,3,climatology,reference_r3,22.28,17.640169,200810,4.639831000000001
LA-AT,200901,1,climatology,reference_r3,17.305124,8.121302,200901,9.183822
LA-AT,200902,2,climatology,reference_r3,45.164529,39.104015,200901,6.060514000000005
LA-AT,200903,3,climatology,reference_r3,77.0,58.43869000000001,200901,18.56130999999999
LA-AT,200904,1,climatology,reference_r3,98.652562,46.981555,200904,51.671007
LA-AT,200905,2,climatology,reference_r3,0.1242149999999999,50.04653200000001,200904,-49.922317000000014
LA-AT,200906,3,climatology,reference_r3,21.319868,43.541679999999985,200904,-22.221811999999986
LA-AT,200907,1,climatology,reference_r3,61.750116,45.13158299999999,200907,16.618533000000006
LA-AT,200908,2,climatology,reference_r3,17.823736,14.534521999999996,200907,3.2892140000000047
LA-AT,200909,3,climatology,reference_r3,10.060613,10.370877999999998,200907,-0.31026499999999757
LA-AT,200910,1,climatology,reference_r3,4.830283999999999,5.851345000000002,200910,-1.021061000000003
LA-AT,200911,2,climatology,reference_r3,13.444083,7.316089999999999,200910,6.127993
LA-AT,200912,3,climatology,reference_r3,4.502959,5.382994,200910,-0.8800350000000003
LA-BK,200801,1,climatology,reference_r3,0.81,0.9604,200801,-0.15039999999999998
LA-BK,200802,2,climatology,reference_r3,0.01,0.0001209999999999,200801,0.0098790000000001
LA-BK,200803,3,climatology,reference_r3,0.01,8.999999999999894e-06,200801,0.009991
LA-BK,200804,1,climatology,reference_r3,0.01,0.004082,200804,0.0059180000000000005
LA-BK,200805,2,climatology,reference_r3,11.64,11.553028,200804,0.08697200000000116
LA-BK,200806,3,climatology,reference_r3,52.17,52.423453,200804,-0.2534530000000004
LA-BK,200807,1,climatology,reference_r3,0.6600000000000001,2.0672929999999994,200807,-1.4072929999999992
LA-BK,200808,2,climatology,reference_r3,6.84,6.023682999999998,200807,0.8163170000000015
LA-BK,200809,3,climatology,reference_r3,29.34,21.51960600000001,200807,7.82039399999999
LA-BK,200810,1,climatology,reference_r3,44.92,20.342420000000004,200810,24.577579999999998
LA-BK,200811,2,climatology,reference_r3,55.0,48.278563000000005,200810,6.7214369999999946
LA-BK,200812,3,climatology,reference_r3,5.0,2.9109740000000004,200810,2.0890259999999996
LA-BK,200901,1,climatology,reference_r3,0.6691239999999999,0.498707,200901,0.17041699999999993
LA-BK,200902,2,climatology,reference_r3,0.0082809999999999,0.334907,200901,-0.3266260000000001
LA-BK,200903,3,climatology,reference_r3,0.826281,0.7186379999999999,200901,0.10764300000000016
LA-BK,200904,1,climatology,reference_r3,2.826281,1.3005869999999995,200904,1.5256940000000003
LA-BK,200905,2,climatology,reference_r3,71.61762,44.963648,200904,26.653972000000003
LA-BK,200906,3,climatology,reference_r3,206.10648,145.073569,200904,61.03291100000001
LA-BK,200907,1,climatology,reference_r3,209.635455,183.375778,200907,26.25967700000001
LA-BK,200908,2,climatology,reference_r3,106.650017,88.53601900000001,200907,18.113997999999995
LA-BK,200909,3,climatology,reference_r3,43.240067,38.654931000000005,200907,4.5851359999999985
LA-BK,200910,1,climatology,reference_r3,23.210034,22.44865800000001,200910,0.7613759999999914
LA-BK,200911,2,climatology,reference_r3,4.5454550000000005,15.166146999999995,200910,-10.620691999999995
LA-BK,200912,3,climatology,reference_r3,3.313405,3.901914,200910,-0.5885090000000002
LA-BL,200801,1,climatology,reference_r3,5.6899999999999995,4.928022,200801,0.7619779999999992
LA-BL,200802,2,climatology,reference_r3,2.88,5.658629,200801,-2.7786290000000005
LA-BL,200803,3,climatology,reference_r3,2.29,0.4194699999999999,200801,1.87053
LA-BL,200804,1,climatology,reference_r3,2.8299999999999996,1.678947,200804,1.1510529999999997
LA-BL,200805,2,climatology,reference_r3,9.2,4.973752000000001,200804,4.226247999999998
LA-BL,200806,3,climatology,reference_r3,10.070000000000002,5.838863,200804,4.231137000000002
LA-BL,200807,1,climatology,reference_r3,27.62,19.978796000000003,200807,7.641203999999998
LA-BL,200808,2,climatology,reference_r3,19.03,19.946691,200807,-0.9166910000000001
LA-BL,200809,3,climatology,reference_r3,25.370000000000005,18.088129999999992,200807,7.281870000000012
LA-BL,200810,1,climatology,reference_r3,16.870000000000005,10.967837999999997,200810,5.902162000000008
LA-BL,200811,2,climatology,reference_r3,6.290000000000001,4.16676,200810,2.123240000000001
LA-BL,200812,3,climatology,reference_r3,2.05,0.945485,200810,1.1045149999999997
LA-BL,200901,1,climatology,reference_r3,0.7038849999999999,0.6916159999999998,200901,0.012269000000000085
LA-BL,200902,2,climatology,reference_r3,0.926381,1.585523,200901,-0.659142
LA-BL,200903,3,climatology,reference_r3,2.5287120000000005,1.2523530000000005,200901,1.276359
LA-BL,200904,1,climatology,reference_r3,2.7938859999999996,0.7398579999999999,200904,2.0540279999999997
LA-BL,200905,2,climatology,reference_r3,17.157429000000004,3.4165789999999996,200904,13.740850000000005
LA-BL,200906,3,climatology,reference_r3,16.873330000000003,4.847384999999999,200904,12.025945000000004
LA-BL,200907,1,climatology,reference_r3,20.996472,21.43490299999999,200907,-0.4384309999999907
LA-BL,200908,2,climatology,reference_r3,33.260011999999996,5.746794999999999,200907,27.513216999999997
LA-BL,200909,3,climatology,reference_r3,41.130528,5.7030770000000075,200907,35.42745099999999
LA-BL,200910,1,climatology,reference_r3,17.210586000000003,6.1129560000000005,200910,11.097630000000002
LA-BL,200911,2,climatology,reference_r3,11.201476,2.5579730000000005,200910,8.643502999999999
LA-BL,200912,3,climatology,reference_r3,1.6965139999999996,0.6734980000000004,200910,1.0230159999999993
LA-CH,200801,1,climatology,reference_r3,47.5,30.061631,200801,17.438369
LA-CH,200802,2,climatology,reference_r3,53.03999999999999,47.129706000000006,200801,5.910293999999986
LA-CH,200803,3,climatology,reference_r3,50.58,55.533758000000006,200801,-4.953758000000008
LA-CH,200804,1,climatology,reference_r3,31.85,27.467673000000005,200804,4.3823269999999965
LA-CH,200805,2,climatology,reference_r3,38.959999999999994,56.97844599999999,200804,-18.018445999999997
LA-CH,200806,3,climatology,reference_r3,127.17000000000002,127.63001000000004,200804,-0.46001000000002534
LA-CH,200807,1,climatology,reference_r3,41.25,101.950558,200807,-60.700558
LA-CH,200808,2,climatology,reference_r3,42.510000000000005,89.63609400000007,200807,-47.126094000000066
LA-CH,200809,3,climatology,reference_r3,49.599999999999994,121.92613800000004,200807,-72.32613800000004
LA-CH,200810,1,climatology,reference_r3,37.669999999999995,43.48722900000001,200810,-5.817229000000019
LA-CH,200811,2,climatology,reference_r3,41.07000000000001,46.102726,200810,-5.03272599999999
LA-CH,200812,3,climatology,reference_r3,33.34,33.440191999999996,200810,-0.10019199999999273
LA-CH,200901,1,climatology,reference_r3,10.890717,9.400937,200901,1.4897799999999997
LA-CH,200902,2,climatology,reference_r3,19.093116999999996,29.701976,200901,-10.608859000000002
LA-CH,200903,3,climatology,reference_r3,21.42854,22.617471999999996,200901,-1.188931999999994
LA-CH,200904,1,climatology,reference_r3,53.487149,34.56007099999999,200904,18.92707800000001
LA-CH,200905,2,climatology,reference_r3,19.053490000000004,78.53204999999997,200904,-59.478559999999966
LA-CH,200906,3,climatology,reference_r3,30.695037999999997,93.161003,200904,-62.465965
LA-CH,200907,1,climatology,reference_r3,45.004213,71.28139400000009,200907,-26.27718100000009
LA-CH,200908,2,climatology,reference_r3,44.17307600000001,64.41127,200907,-20.238193999999993
LA-CH,200909,3,climatology,reference_r3,32.110839000000006,60.885703999999976,200907,-28.77486499999997
LA-CH,200910,1,climatology,reference_r3,23.227603,20.379201999999992,200910,2.848401000000006
LA-CH,200911,2,climatology,reference_r3,12.418226999999998,18.881177000000008,200910,-6.46295000000001
LA-CH,200912,3,climatology,reference_r3,14.757385999999997,11.014913999999996,200910,3.742472000000001
LA-HO,200801,1,climatology,reference_r3,0.01,0.0035719999999999,200801,0.0064280000000001
LA-HO,200802,2,climatology,reference_r3,0.01,0.001645,200801,0.008355
LA-HO,200803,3,climatology,reference_r3,0.01,0.005946,200801,0.004054
LA-HO,200804,1,climatology,reference_r3,0.01,0.010896,200804,-0.0008959999999999992
LA-HO,200805,2,climatology,reference_r3,0.0,0.020793,200804,-0.020793
LA-HO,200806,3,climatology,reference_r3,0.0599999999999999,0.009267,200804,0.0507329999999999
LA-HO,200807,1,climatology,reference_r3,0.1999999999999999,0.313631,200807,-0.11363100000000009
LA-HO,200808,2,climatology,reference_r3,0.0,0.3334090000000005,200807,-0.3334090000000005
LA-HO,200809,3,climatology,reference_r3,0.6900000000000002,0.6813059999999993,200807,0.008694000000000868
LA-HO,200810,1,climatology,reference_r3,0.02,0.06638,200810,-0.04637999999999999
LA-HO,200811,2,climatology,reference_r3,0.0,0.010643,200810,-0.010643
LA-HO,200812,3,climatology,reference_r3,0.65,0.872617,200810,-0.22261699999999995
LA-HO,200901,1,climatology,reference_r3,0.0082809999999999,0.014409,200901,-0.0061280000000001
LA-HO,200902,2,climatology,reference_r3,0.0082809999999999,0.024977,200901,-0.0166960000000001
LA-HO,200903,3,climatology,reference_r3,0.0082809999999999,0.031006,200901,-0.0227250000000001
LA-HO,200904,1,climatology,reference_r3,0.0082809999999999,0.0062799999999999,200904,0.0020009999999999993
LA-HO,200905,2,climatology,reference_r3,0.0,0.007549,200904,-0.007549
LA-HO,200906,3,climatology,reference_r3,0.049686,0.031595,200904,0.018091000000000003
LA-HO,200907,1,climatology,reference_r3,0.16562,0.5930330000000001,200907,-0.42741300000000015
LA-HO,200908,2,climatology,reference_r3,0.0,0.8383409999999998,200907,-0.8383409999999998
LA-HO,200909,3,climatology,reference_r3,0.5699339999999999,0.9490680000000004,200907,-0.3791340000000004
LA-HO,200910,1,climatology,reference_r3,0.834562,0.5981080000000001,200910,0.23645399999999994
LA-HO,200911,2,climatology,reference_r3,1.0,0.7961090000000001,200910,0.20389099999999993
LA-HO,200912,3,climatology,reference_r3,0.53681,0.8613179999999999,200910,-0.3245079999999999
LA-KH,200801,1,climatology,reference_r3,1.1499999999999997,0.7505540000000002,200801,0.3994459999999995
LA-KH,200802,2,climatology,reference_r3,0.1499999999999999,0.1103629999999999,200801,0.039637000000000006
LA-KH,200803,3,climatology,reference_r3,0.04,0.102767,200801,-0.06276699999999999
LA-KH,200804,1,climatology,reference_r3,0.1099999999999999,0.589127,200804,-0.4791270000000001
LA-KH,200805,2,climatology,reference_r3,1.38,1.0617039999999998,200804,0.31829600000000013
LA-KH,200806,3,climatology,reference_r3,8.940000000000001,2.205921,200804,6.734079000000001
LA-KH,200807,1,climatology,reference_r3,35.06999999999999,4.118789,200807,30.951210999999994
LA-KH,200808,2,climatology,reference_r3,37.92,5.313151999999988,200807,32.606848000000014
LA-KH,200809,3,climatology,reference_r3,14.089999999999996,4.808689999999999,200807,9.281309999999998
LA-KH,200810,1,climatology,reference_r3,5.470000000000001,0.8031730000000001,200810,4.6668270000000005
LA-KH,200811,2,climatology,reference_r3,1.4299999999999995,1.644326,200810,-0.21432600000000046
LA-KH,200812,3,climatology,reference_r3,3.69,3.196055,200810,0.4939450000000001
LA-KH,200901,1,climatology,reference_r3,0.9523149999999996,0.0713969999999999,200901,0.8809179999999996
LA-KH,200902,2,climatology,reference_r3,0.1242149999999999,0.0184499999999999,200901,0.105765
LA-KH,200903,3,climatology,reference_r3,5.305124,4.752674,200901,0.5524500000000003
LA-KH,200904,1,climatology,reference_r3,0.091091,0.3104810000000001,200904,-0.2193900000000001
LA-KH,200905,2,climatology,reference_r3,4.0487779999999995,2.386875,200904,1.6619029999999997
LA-KH,200906,3,climatology,reference_r3,46.36775900000001,65.897785,200904,-19.530025999999992
LA-KH,200907,1,climatology,reference_r3,68.223464,113.178788,200907,-44.95532399999999
LA-KH,200908,2,climatology,reference_r3,171.36027,244.76583200000005,200907,-73.40556200000003
LA-KH,200909,3,climatology,reference_r3,187.121383,210.083102,200907,-22.961718999999988
LA-KH,200910,1,climatology,reference_r3,57.593343,42.305949,200910,15.287393999999999
LA-KH,200911,2,climatology,reference_r3,54.814001,22.93501099999999,200910,31.87899000000001
LA-KH,200912,3,climatology,reference_r3,52.764233,32.743303,200910,20.02093
LA-LM,200801,1,climatology,reference_r3,0.0,8.099999999999948e-05,200801,-8.099999999999948e-05
LA-LM,200802,2,climatology,reference_r3,0.0,5.999999999999929e-06,200801,-5.999999999999929e-06
LA-LM,200803,3,climatology,reference_r3,0.0499999999999999,1.700000000000052e-05,200801,0.049982999999999896
LA-LM,200804,1,climatology,reference_r3,0.01,0.000329,200804,0.009671
LA-LM,200805,2,climatology,reference_r3,0.0,0.001516,200804,-0.001516
LA-LM,200806,3,climatology,reference_r3,0.0,0.0020649999999999,200804,-0.0020649999999999
LA-LM,200807,1,climatology,reference_r3,0.0499999999999999,0.7730440000000005,200807,-0.7230440000000006
LA-LM,200808,2,climatology,reference_r3,0.0299999999999999,0.4662040000000003,200807,-0.43620400000000037
LA-LM,200809,3,climatology,reference_r3,0.0,0.8402969999999996,200807,-0.8402969999999996
LA-LM,200810,1,climatology,reference_r3,0.09,0.024614,200810,0.065386
LA-LM,200811,2,climatology,reference_r3,0.02,0.0033669999999999,200810,0.0166330000000001
LA-LM,200812,3,climatology,reference_r3,0.0,0.0011969999999999,200810,-0.0011969999999999
LA-LM,200901,1,climatology,reference_r3,0.0,8.099999999999948e-05,200901,-8.099999999999948e-05
LA-LM,200902,2,climatology,reference_r3,0.0,0.0001729999999999,200901,-0.0001729999999999
LA-LM,200903,3,climatology,reference_r3,0.041405,0.00021,200901,0.041194999999999996
LA-LM,200904,1,climatology,reference_r3,0.826281,0.960417,200904,-0.13413599999999992
LA-LM,200905,2,climatology,reference_r3,0.0,0.0029129999999999,200904,-0.0029129999999999
LA-LM,200906,3,climatology,reference_r3,2.0,1.81066,200904,0.18934000000000006
LA-LM,200907,1,climatology,reference_r3,0.677405,1.4899909999999998,200907,-0.8125859999999998
LA-LM,200908,2,climatology,reference_r3,0.024843,1.5465480000000014,200907,-1.5217050000000014
LA-LM,200909,3,climatology,reference_r3,4.0,2.5131859999999975,200907,1.4868140000000025
LA-LM,200910,1,climatology,reference_r3,4.164529,2.779909,200910,1.38462
LA-LM,200911,2,climatology,reference_r3,5.652562,4.472511000000001,200910,1.1800509999999989
LA-LM,200912,3,climatology,reference_r3,4.0,3.379939,200910,0.6200610000000002
LA-LP,200801,1,climatology,reference_r3,0.1999999999999999,1.0388599999999997,200801,-0.8388599999999997
LA-LP,200802,2,climatology,reference_r3,13.92,13.878419,200801,0.041581000000000756
LA-LP,200803,3,climatology,reference_r3,20.81,20.323975,200801,0.48602499999999793
LA-LP,200804,1,climatology,reference_r3,31.229999999999997,15.558263,200804,15.671736999999997
LA-LP,200805,2,climatology,reference_r3,107.3,74.766452,200804,32.533547999999996
LA-LP,200806,3,climatology,reference_r3,132.97,103.762893,200804,29.207106999999993
LA-LP,200807,1,climatology,reference_r3,10.659999999999998,9.996617,200807,0.6633829999999978
LA-LP,200808,2,climatology,reference_r3,12.43,8.431417,200807,3.998583
LA-LP,200809,3,climatology,reference_r3,10.5,8.694607000000001,200807,1.8053929999999987
LA-LP,200810,1,climatology,reference_r3,9.55,16.58338,200810,-7.0333799999999975
LA-LP,200811,2,climatology,reference_r3,103.0,108.776302,200810,-5.776302000000001
LA-LP,200812,3,climatology,reference_r3,126.82,157.567419,200810,-30.747419000000008
LA-LP,200901,1,climatology,reference_r3,0.16562,8.265425,200901,-8.099805
LA-LP,200902,2,climatology,reference_r3,0.5962320000000001,5.606942,200901,-5.0107099999999996
LA-LP,200903,3,climatology,reference_r3,0.4720169999999997,12.279498,200901,-11.807481000000001
LA-LP,200904,1,climatology,reference_r3,0.8104469999999999,10.861833,200904,-10.051386
LA-LP,200905,2,climatology,reference_r3,3.589589,28.382681,200904,-24.793092
LA-LP,200906,3,climatology,reference_r3,5.813261999999998,56.95730400000001,200904,-51.14404200000001
LA-LP,200907,1,climatology,reference_r3,4.452995999999999,19.072747999999997,200907,-14.619751999999998
LA-LP,200908,2,climatology,reference_r3,8.377825999999999,20.318465,200907,-11.940639000000001
LA-LP,200909,3,climatology,reference_r3,238.358321,274.190953,200907,-35.83263199999999
LA-LP,200910,1,climatology,reference_r3,126.23871400000002,72.974098,200910,53.26461600000002
LA-LP,200911,2,climatology,reference_r3,61.383126999999995,37.454729,200910,23.928397999999994
LA-LP,200912,3,climatology,reference_r3,7.821726000000002,5.777261999999999,200910,2.044464000000003
LA-OU,200801,1,climatology,reference_r3,0.0,0.0004039999999999,200801,-0.0004039999999999
LA-OU,200802,2,climatology,reference_r3,0.0,8.099999999999948e-05,200801,-8.099999999999948e-05
LA-OU,200803,3,climatology,reference_r3,0.0,0.000289,200801,-0.000289
LA-OU,200804,1,climatology,reference_r3,0.0,0.0025349999999999,200804,-0.0025349999999999
LA-OU,200805,2,climatology,reference_r3,0.01,0.0068659999999999,200804,0.0031340000000001002
LA-OU,200806,3,climatology,reference_r3,0.01,0.010588,200804,-0.000588
LA-OU,200807,1,climatology,reference_r3,0.04,1.56081,200807,-1.52081
LA-OU,200808,2,climatology,reference_r3,0.12,0.9954,200807,-0.8754
LA-OU,200809,3,climatology,reference_r3,0.04,1.1755889999999989,200807,-1.1355889999999988
LA-OU,200810,1,climatology,reference_r3,0.0799999999999999,0.023163,200810,0.0568369999999999
LA-OU,200811,2,climatology,reference_r3,0.01,0.00311,200810,0.00689
LA-OU,200812,3,climatology,reference_r3,0.0,0.001261,200810,-0.001261
LA-OU,200901,1,climatology,reference_r3,0.0,0.000272,200901,-0.000272
LA-OU,200902,2,climatology,reference_r3,0.0,8.099999999999948e-05,200901,-8.099999999999948e-05
LA-OU,200903,3,climatology,reference_r3,0.0,0.0006019999999999,200901,-0.0006019999999999
LA-OU,200904,1,climatology,reference_r3,0.0,0.0005859999999999,200904,-0.0005859999999999
LA-OU,200905,2,climatology,reference_r3,0.0082809999999999,0.002917,200904,0.0053639999999999
LA-OU,200906,3,climatology,reference_r3,0.0082809999999999,0.0139929999999999,200904,-0.005712
LA-OU,200907,1,climatology,reference_r3,0.0331239999999999,2.188065999999999,200907,-2.1549419999999992
LA-OU,200908,2,climatology,reference_r3,0.7353719999999999,2.063244000000001,200907,-1.327872000000001
LA-OU,200909,3,climatology,reference_r3,14.669124,9.1189,200907,5.550224
LA-OU,200910,1,climatology,reference_r3,4.974247999999999,2.1941979999999996,200910,2.7800499999999997
LA-OU,200911,2,climatology,reference_r3,12.826281,8.633515,200910,4.192766000000001
LA-OU,200912,3,climatology,reference_r3,18.0,16.170816000000002,200910,1.829183999999998
LA-PH,200901,1,climatology,reference_r3,0.0,0.019356,200901,-0.019356
LA-PH,200902,2,climatology,reference_r3,0.0,0.0195099999999999,200901,-0.0195099999999999
LA-PH,200903,3,climatology,reference_r3,0.0,0.019696,200901,-0.019696
LA-PH,200904,1,climatology,reference_r3,0.0,0.006308,200904,-0.006308
LA-PH,200905,2,climatology,reference_r3,0.0,0.007779,200904,-0.007779
LA-PH,200906,3,climatology,reference_r3,0.0,0.0302049999999999,200904,-0.0302049999999999
LA-PH,200907,1,climatology,reference_r3,0.0,0.2130319999999992,200907,-0.2130319999999992
LA-PH,200909,3,climatology,reference_r3,0.04,0.3147009999999994,200907,-0.2747009999999994
LA-PH,200910,1,climatology,reference_r3,0.0,0.013479,200910,-0.013479
LA-PH,200911,2,climatology,reference_r3,0.0,0.007355,200910,-0.007355
LA-PH,200912,3,climatology,reference_r3,0.0,0.000793,200910,-0.000793
LA-SL,200801,1,climatology,reference_r3,0.1099999999999999,1.0048340000000002,200801,-0.8948340000000004
LA-SL,200802,2,climatology,reference_r3,1.0,0.4083449999999999,200801,0.591655
LA-SL,200803,3,climatology,reference_r3,4.62,3.827596999999999,200801,0.7924030000000011
LA-SL,200804,1,climatology,reference_r3,2.0,1.076374,200804,0.9236260000000001
LA-SL,200805,2,climatology,reference_r3,82.75,90.045856,200804,-7.295856000000001
LA-SL,200806,3,climatology,reference_r3,206.97,188.478655,200804,18.491344999999995
LA-SL,200807,1,climatology,reference_r3,75.25,48.32979800000001,200807,26.92020199999999
LA-SL,200808,2,climatology,reference_r3,52.45,39.41290200000003,200807,13.037097999999972
LA-SL,200809,3,climatology,reference_r3,76.05,56.15395600000001,200807,19.89604399999999
LA-SL,200810,1,climatology,reference_r3,89.54,38.734306999999994,200810,50.80569300000001
LA-SL,200811,2,climatology,reference_r3,19.16,7.184589999999998,200810,11.975410000000002
LA-SL,200812,3,climatology,reference_r3,5.69,2.808318,200810,2.8816820000000005
LA-SL,200901,1,climatology,reference_r3,0.545091,1.7525780000000002,200901,-1.2074870000000002
LA-SL,200902,2,climatology,reference_r3,23.826281,19.664844,200901,4.161437000000003
LA-SL,200903,3,climatology,reference_r3,23.817091,13.247993,200901,10.569098000000002
LA-SL,200904,1,climatology,reference_r3,18.652562,5.978850000000001,200904,12.673711999999998
LA-SL,200905,2,climatology,reference_r3,83.899938,43.625592000000005,200904,40.274346
LA-SL,200906,3,climatology,reference_r3,30.133145000000003,33.701605,200904,-3.568459999999998
LA-SL,200907,1,climatology,reference_r3,148.17646399999998,111.81295799999998,200907,36.363506
LA-SL,200908,2,climatology,reference_r3,107.331804,86.75851599999999,200907,20.57328800000002
LA-SL,200909,3,climatology,reference_r3,68.83130799999999,62.14185299999963,200907,6.689455000000365
LA-SL,200910,1,climatology,reference_r3,76.984001,34.467141000000005,200910,42.51686
LA-SL,200911,2,climatology,reference_r3,38.830017000000005,20.250252000000003,200910,18.579765000000002
LA-SL,200912,3,climatology,reference_r3,13.699703,6.561420999999999,200910,7.138282
LA-SV,200801,1,climatology,reference_r3,1.7800000000000002,4.8195619999999995,200801,-3.039561999999999
LA-SV,200802,2,climatology,reference_r3,0.6200000000000001,0.9550710000000002,200801,-0.3350710000000001
LA-SV,200803,3,climatology,reference_r3,1.42,0.4792040000000002,200801,0.9407959999999997
LA-SV,200804,1,climatology,reference_r3,6.08,4.137742,200804,1.9422579999999998
LA-SV,200805,2,climatology,reference_r3,27.53,5.875717,200804,21.654283
LA-SV,200806,3,climatology,reference_r3,67.57,27.238446999999994,200804,40.331553
LA-SV,200807,1,climatology,reference_r3,150.21999999999997,31.72033300000004,200807,118.49966699999993
LA-SV,200808,2,climatology,reference_r3,140.25,32.73693700000001,200807,107.51306299999999
LA-SV,200809,3,climatology,reference_r3,115.49,29.69169099999999,200807,85.798309
LA-SV,200810,1,climatology,reference_r3,53.19,3.65276,200810,49.53724
LA-SV,200811,2,climatology,reference_r3,12.810000000000002,0.73996,200810,12.070040000000002
LA-SV,200812,3,climatology,reference_r3,8.030000000000001,0.265727,200810,7.764273000000001
LA-SV,200901,1,climatology,reference_r3,1.7460180000000003,0.062622,200901,1.6833960000000003
LA-SV,200902,2,climatology,reference_r3,0.6034219999999999,0.0094209999999999,200901,0.594001
LA-SV,200903,3,climatology,reference_r3,1.0848110000000002,0.1186199999999999,200901,0.9661910000000002
LA-SV,200904,1,climatology,reference_r3,5.027028,0.1692179999999999,200904,4.85781
LA-SV,200905,2,climatology,reference_r3,23.760858999999996,1.3438949999999998,200904,22.416963999999997
LA-SV,200906,3,climatology,reference_r3,63.428528,1.538887,200904,61.889641
LA-SV,200907,1,climatology,reference_r3,123.24315,37.576008999999885,200907,85.66714100000011
LA-SV,200908,2,climatology,reference_r3,102.30625,27.99105499999996,200907,74.31519500000005
LA-SV,200909,3,climatology,reference_r3,77.799763,35.65026599999999,200907,42.14949700000001
LA-SV,200910,1,climatology,reference_r3,41.95170999999999,7.162528000000002,200910,34.78918199999999
LA-SV,200911,2,climatology,reference_r3,12.497231,14.817908,200910,-2.320677
LA-SV,200912,3,climatology,reference_r3,6.103097000000002,1.4831599999999998,200910,4.619937000000002
LA-VT,200801,1,climatology,reference_r3,10.87,10.586236000000005,200801,0.28376399999999435
LA-VT,200802,2,climatology,reference_r3,9.38,3.847788,200801,5.532212000000001
LA-VT,200803,3,climatology,reference_r3,4.52,15.875906,200801,-11.355906000000001
LA-VT,200804,1,climatology,reference_r3,36.69,16.119370000000004,200804,20.570629999999994
LA-VT,200805,2,climatology,reference_r3,62.27,20.733419999999995,200804,41.53658000000001
LA-VT,200806,3,climatology,reference_r3,83.00999999999999,68.479647,200804,14.530352999999991
LA-VT,200807,1,climatology,reference_r3,191.24999999999997,77.86584299999993,200807,113.38415700000004
LA-VT,200808,2,climatology,reference_r3,165.86,89.974423,200807,75.88557700000001
LA-VT,200809,3,climatology,reference_r3,113.29999999999998,94.33711700000003,200807,18.962882999999948
LA-VT,200810,1,climatology,reference_r3,129.48000000000002,34.76646799999999,200810,94.71353200000003
LA-VT,200811,2,climatology,reference_r3,36.84,63.718053999999995,200810,-26.87805399999999
LA-VT,200812,3,climatology,reference_r3,17.979999999999997,59.87786899999999,200810,-41.89786899999999
LA-VT,200901,1,climatology,reference_r3,7.815081999999997,18.600893,200901,-10.785811000000002
LA-VT,200902,2,climatology,reference_r3,3.934482,11.829438,200901,-7.894956
LA-VT,200903,3,climatology,reference_r3,7.282829999999999,6.217972,200901,1.0648579999999992
LA-VT,200904,1,climatology,reference_r3,9.680054000000002,10.796285999999998,200904,-1.1162319999999966
LA-VT,200905,2,climatology,reference_r3,27.720475,74.29199400000002,200904,-46.571519000000016
LA-VT,200906,3,climatology,reference_r3,38.075081999999995,107.1467,200904,-69.071618
LA-VT,200907,1,climatology,reference_r3,86.36204900000001,191.131881,200907,-104.76983199999998
LA-VT,200908,2,climatology,reference_r3,101.891894,231.0070139999998,200907,-129.11511999999982
LA-VT,200909,3,climatology,reference_r3,112.384425,308.9411500000001,200907,-196.5567250000001
LA-VT,200910,1,climatology,reference_r3,145.485435,198.823094,200910,-53.337659
LA-VT,200911,2,climatology,reference_r3,297.66520299999996,246.196768,200910,51.46843499999997
LA-VT,200912,3,climatology,reference_r3,224.551238,254.10974699999997,200910,-29.558508999999958
LA-XA,200801,1,climatology,reference_r3,0.17,1.006584,200801,-0.8365839999999999
LA-XA,200802,2,climatology,reference_r3,0.9500000000000002,0.2425669999999999,200801,0.7074330000000003
LA-XA,200803,3,climatology,reference_r3,0.7399999999999998,0.152432,200801,0.5875679999999998
LA-XA,200804,1,climatology,reference_r3,3.460000000000001,0.922062,200804,2.537938000000001
LA-XA,200805,2,climatology,reference_r3,5.659999999999997,1.2299859999999998,200804,4.430013999999996
LA-XA,200806,3,climatology,reference_r3,14.03,2.0402329999999997,200804,11.989767
LA-XA,200807,1,climatology,reference_r3,24.69,11.200848,200807,13.489152
LA-XA,200808,2,climatology,reference_r3,9.729999999999997,4.100234999999998,200807,5.629764999999999
LA-XA,200809,3,climatology,reference_r3,4.75,3.0686930000000032,200807,1.6813069999999968
LA-XA,200810,1,climatology,reference_r3,1.5699999999999994,1.560085,200810,0.009914999999999452
LA-XA,200811,2,climatology,reference_r3,1.83,0.758432,200810,1.071568
LA-XA,200812,3,climatology,reference_r3,1.9600000000000009,0.406244,200810,1.5537560000000008
LA-XA,200901,1,climatology,reference_r3,0.1407769999999999,0.1172649999999999,200901,0.023512000000000005
LA-XA,200902,2,climatology,reference_r3,0.7866949999999999,0.04004,200901,0.746655
LA-XA,200903,3,climatology,reference_r3,0.6127940000000001,0.22696,200901,0.38583400000000007
LA-XA,200904,1,climatology,reference_r3,2.8624980000000004,0.2808729999999999,200904,2.5816250000000007
LA-XA,200905,2,climatology,reference_r3,4.777046000000006,0.9964589999999998,200904,3.780587000000006
LA-XA,200906,3,climatology,reference_r3,13.430243,6.044173999999999,200904,7.386069000000002
LA-XA,200907,1,climatology,reference_r3,22.570512,7.097836999999998,200907,15.472675000000002
LA-XA,200908,2,climatology,reference_r3,13.305413,22.112719999999996,200907,-8.807306999999996
LA-XA,200909,3,climatology,reference_r3,6.654747,6.625676000000006,200907,0.02907099999999474
LA-XA,200910,1,climatology,reference_r3,2.0250260000000004,4.8707530000000006,200910,-2.845727
LA-XA,200911,2,climatology,reference_r3,3.421968000000001,2.3778760000000005,200910,1.0440920000000005
LA-XA,200912,3,climatology,reference_r3,1.5319850000000006,1.2106050000000002,200910,0.32138000000000044
LA-XE,200801,1,climatology,reference_r3,0.09,0.0204699999999999,200801,0.06953000000000009
LA-XE,200802,2,climatology,reference_r3,0.12,0.012294,200801,0.107706
LA-XE,200803,3,climatology,reference_r3,0.0,0.003147,200801,-0.003147
LA-XE,200804,1,climatology,reference_r3,0.0246419999999999,0.024906,200804,-0.00026400000000010096
LA-XE,200805,2,climatology,reference_r3,0.08,0.0449089999999999,200804,0.0350910000000001
LA-XE,200806,3,climatology,reference_r3,3.15,3.981396,200804,-0.8313960000000002
LA-XE,200807,1,climatology,reference_r3,0.4000000000000001,0.3170490000000003,200807,0.08295099999999977
LA-XE,200808,2,climatology,reference_r3,0.1899999999999999,0.4580619999999999,200807,-0.268062
LA-XE,200809,3,climatology,reference_r3,0.6699999999999999,0.6549679999999993,200807,0.0150320000000006
LA-XE,200810,1,climatology,reference_r3,0.5599999999999998,0.0517479999999999,200810,0.5082519999999999
LA-XE,200811,2,climatology,reference_r3,0.0246419999999999,0.0153,200810,0.0093419999999999
LA-XE,200812,3,climatology,reference_r3,0.790321,0.87429,200810,-0.08396899999999996
LA-XE,200901,1,climatology,reference_r3,0.074529,0.0087939999999999,200901,0.0657350000000001
LA-XE,200902,2,climatology,reference_r3,1.371372,1.832758,200901,-0.4613860000000001
LA-XE,200903,3,climatology,reference_r3,2.0,1.757736,200901,0.24226400000000003
LA-XE,200904,1,climatology,reference_r3,0.8200000000000001,0.5237180000000001,200904,0.29628199999999993
LA-XE,200905,2,climatology,reference_r3,1.338248,1.037385,200904,0.3008630000000001
LA-XE,200906,3,climatology,reference_r3,6.6023309999999995,6.428031000000001,200904,0.1742999999999988
LA-XE,200907,1,climatology,reference_r3,26.41924,22.696381,200907,3.7228589999999997
LA-XE,200908,2,climatology,reference_r3,25.883339,21.709413,200907,4.173925999999998
LA-XE,200909,3,climatology,reference_r3,4.097554,3.9891229999999993,200907,0.10843100000000039
LA-XE,200910,1,climatology,reference_r3,4.551736,2.6404110000000003,200910,1.9113249999999997
LA-XE,200911,2,climatology,reference_r3,2.6199999999999997,9.172386,200910,-6.552386
LA-XE,200912,3,climatology,reference_r3,6.64,7.880524999999999,200910,-1.240524999999999
LA-XI,200801,1,climatology,reference_r3,0.0,0.0009419999999999,200801,-0.0009419999999999
LA-XI,200802,2,climatology,reference_r3,0.0,0.0001969999999999,200801,-0.0001969999999999
LA-XI,200803,3,climatology,reference_r3,0.0,0.0002909999999999,200801,-0.0002909999999999
LA-XI,200804,1,climatology,reference_r3,0.0,0.0015309999999999,200804,-0.0015309999999999
LA-XI,200805,2,climatology,reference_r3,0.0,0.0012409999999999,200804,-0.0012409999999999
LA-XI,200806,3,climatology,reference_r3,1.0,0.92354,200804,0.07645999999999997
LA-XI,200807,1,climatology,reference_r3,0.0,0.361027,200807,-0.361027
LA-XI,200808,2,climatology,reference_r3,0.02,0.3533870000000005,200807,-0.3333870000000005
LA-XI,200809,3,climatology,reference_r3,0.01,0.389958,200807,-0.379958
LA-XI,200810,1,climatology,reference_r3,0.0,0.011217,200810,-0.011217
LA-XI,200811,2,climatology,reference_r3,0.01,0.002517,200810,0.007483
LA-XI,200812,3,climatology,reference_r3,0.0,0.002325,200810,-0.002325
LA-XI,200901,1,climatology,reference_r3,0.0,0.0011599999999999,200901,-0.0011599999999999
LA-XI,200902,2,climatology,reference_r3,0.0,0.001205,200901,-0.001205
LA-XI,200903,3,climatology,reference_r3,0.0,0.0013989999999999,200901,-0.0013989999999999
LA-XI,200904,1,climatology,reference_r3,0.0,0.000592,200904,-0.000592
LA-XI,200905,2,climatology,reference_r3,39.0,38.92510600000001,200904,0.07489399999999335
LA-XI,200906,3,climatology,reference_r3,32.826281,32.864947,200904,-0.0386659999999992
LA-XI,200907,1,climatology,reference_r3,1.0,0.7474980000000002,200907,0.2525019999999998
LA-XI,200908,2,climatology,reference_r3,9.652562,6.750734,200907,2.901828
LA-XI,200909,3,climatology,reference_r3,0.0082809999999999,0.5580090000000002,200907,-0.5497280000000003
LA-XI,200910,1,climatology,reference_r3,0.0,0.9483309999999996,200910,-0.9483309999999996
LA-XI,200911,2,climatology,reference_r3,0.0082809999999999,0.4598199999999999,200910,-0.451539
LA-XI,200912,3,climatology,reference_r3,0.0,0.196678,200910,-0.196678
LA-AT,200801,1,climatology,reference_r4,4.0,2.8367020000000003,200801,1.1632979999999997
LA-AT,200802,2,climatology,reference_r4,1.63,1.296224,200801,0.33377599999999985
LA-AT,200803,3,climatology,reference_r4,0.0,0.067726,200801,-0.067726
LA-AT,200804,1,climatology,reference_r4,0.02,0.378624,200804,-0.358624
LA-AT,200805,2,climatology,reference_r4,3.45,1.385485,200804,2.064515
LA-AT,200806,3,climatology,reference_r4,8.86,3.877762999999999,200804,4.9822370000000005
LA-AT,200807,1,climatology,reference_r4,4.54,3.4447519999999976,200807,1.0952480000000024
LA-AT,200808,2,climatology,reference_r4,9.47,6.866979999999998,200807,2.6030200000000026
LA-AT,200809,3,climatology,reference_r4,17.57,16.888999000000002,200807,0.6810009999999984
LA-AT,200810,1,climatology,reference_r4,38.95,31.241203,200810,7.708797000000004
LA-AT,200811,2,climatology,reference_r4,43.0,34.953832999999996,200810,8.046167000000004
LA-AT,200812,3,climatology,reference_r4,22.28,16.9223,200810,5.357700000000001
LA-AT,200901,1,climatology,reference_r4,17.305124,7.800769,200901,9.504355
LA-AT,200902,2,climatology,reference_r4,45.164529,37.317364,200901,7.847165000000004
LA-AT,200903,3,climatology,reference_r4,77.0,57.580625999999995,200901,19.419374000000005
LA-AT,200904,1,climatology,reference_r4,98.652562,46.91363199999999,200904,51.73893000000001
LA-AT,200905,2,climatology,reference_r4,0.1242149999999999,51.23826900000002,200904,-51.11405400000002
LA-AT,200906,3,climatology,reference_r4,21.319868,38.34807500000001,200904,-17.02820700000001
LA-AT,200907,1,climatology,reference_r4,61.750116,45.99423399999999,200907,15.755882000000007
LA-AT,200908,2,climatology,reference_r4,17.823736,14.654463,200907,3.1692730000000005
LA-AT,200909,3,climatology,reference_r4,10.060613,10.517417000000002,200907,-0.45680400000000176
LA-AT,200910,1,climatology,reference_r4,4.830283999999999,6.607401000000003,200910,-1.777117000000004
LA-AT,200911,2,climatology,reference_r4,13.444083,5.754928000000001,200910,7.689154999999998
LA-AT,200912,3,climatology,reference_r4,4.502959,5.9292409999999975,200910,-1.4262819999999978
LA-BK,200801,1,climatology,reference_r4,0.81,0.956488,200801,-0.14648799999999995
LA-BK,200802,2,climatology,reference_r4,0.01,2.499999999999985e-05,200801,0.009975000000000001
LA-BK,200803,3,climatology,reference_r4,0.01,1.600000000000039e-05,200801,0.009984
LA-BK,200804,1,climatology,reference_r4,0.01,0.0024169999999999,200804,0.0075830000000001
LA-BK,200805,2,climatology,reference_r4,11.64,11.485305,200804,0.15469500000000025
LA-BK,200806,3,climatology,reference_r4,52.17,52.294556,200804,-0.12455599999999833
LA-BK,200807,1,climatology,reference_r4,0.6600000000000001,1.7907120000000027,200807,-1.1307120000000026
LA-BK,200808,2,climatology,reference_r4,6.84,6.293468000000001,200807,0.5465319999999991
LA-BK,200809,3,climatology,reference_r4,29.34,22.03733399999999,200807,7.302666000000009
LA-BK,200810,1,climatology,reference_r4,44.92,22.844979999999993,200810,22.07502000000001
LA-BK,200811,2,climatology,reference_r4,55.0,47.119555000000005,200810,7.880444999999995
LA-BK,200812,3,climatology,reference_r4,5.0,2.5994759999999997,200810,2.4005240000000003
LA-BK,200901,1,climatology,reference_r4,0.6691239999999999,0.4726700000000001,200901,0.19645399999999985
LA-BK,200902,2,climatology,reference_r4,0.0082809999999999,0.5150710000000001,200901,-0.5067900000000002
LA-BK,200903,3,climatology,reference_r4,0.826281,0.8135529999999997,200901,0.012728000000000295
LA-BK,200904,1,climatology,reference_r4,2.826281,1.2950289999999995,200904,1.5312520000000003
LA-BK,200905,2,climatology,reference_r4,71.61762,43.461354,200904,28.156266000000002
LA-BK,200906,3,climatology,reference_r4,206.10648,144.657677,200904,61.448803
LA-BK,200907,1,climatology,reference_r4,209.635455,176.21954499999998,200907,33.415910000000025
LA-BK,200908,2,climatology,reference_r4,106.650017,87.326098,200907,19.323919000000004
LA-BK,200909,3,climatology,reference_r4,43.240067,37.103966,200907,6.136101000000004
LA-BK,200910,1,climatology,reference_r4,23.210034,20.21283100000001,200910,2.997202999999992
LA-BK,200911,2,climatology,reference_r4,4.5454550000000005,9.610854000000003,200910,-5.065399000000003
LA-BK,200912,3,climatology,reference_r4,3.313405,4.472403,200910,-1.158998
LA-BL,200801,1,climatology,reference_r4,5.6899999999999995,5.014264,200801,0.6757359999999997
LA-BL,200802,2,climatology,reference_r4,2.88,6.139157,200801,-3.259157
LA-BL,200803,3,climatology,reference_r4,2.29,0.412141,200801,1.877859
LA-BL,200804,1,climatology,reference_r4,2.8299999999999996,1.2424780000000002,200804,1.5875219999999994
LA-BL,200805,2,climatology,reference_r4,9.2,5.117559,200804,4.082440999999999
LA-BL,200806,3,climatology,reference_r4,10.070000000000002,5.628684,200804,4.441316000000002
LA-BL,200807,1,climatology,reference_r4,27.62,19.689371,200807,7.930629
LA-BL,200808,2,climatology,reference_r4,19.03,19.877417,200807,-0.8474170000000001
LA-BL,200809,3,climatology,reference_r4,25.370000000000005,18.232329000000007,200807,7.137670999999997
LA-BL,200810,1,climatology,reference_r4,16.870000000000005,9.799912999999997,200810,7.070087000000008
LA-BL,200811,2,climatology,reference_r4,6.290000000000001,4.074579,200810,2.215421000000001
LA-BL,200812,3,climatology,reference_r4,2.05,0.901008,200810,1.1489919999999998
LA-BL,200901,1,climatology,reference_r4,0.7038849999999999,0.732024,200901,-0.028139000000000136
LA-BL,200902,2,climatology,reference_r4,0.926381,1.524706,200901,-0.5983249999999999
LA-BL,200903,3,climatology,reference_r4,2.5287120000000005,1.26179,200901,1.2669220000000005
LA-BL,200904,1,climatology,reference_r4,2.7938859999999996,0.8191610000000003,200904,1.9747249999999994
LA-BL,200905,2,climatology,reference_r4,17.157429000000004,3.162604,200904,13.994825000000004
LA-BL,200906,3,climatology,reference_r4,16.873330000000003,4.752651999999999,200904,12.120678000000003
LA-BL,200907,1,climatology,reference_r4,20.996472,21.536134000000004,200907,-0.5396620000000034
LA-BL,200908,2,climatology,reference_r4,33.260011999999996,5.621592000000007,200907,27.63841999999999
LA-BL,200909,3,climatology,reference_r4,41.130528,5.2784619999999975,200907,35.852066
LA-BL,200910,1,climatology,reference_r4,17.210586000000003,5.3661650000000005,200910,11.844421000000002
LA-BL,200911,2,climatology,reference_r4,11.201476,1.7011760000000002,200910,9.5003
LA-BL,200912,3,climatology,reference_r4,1.6965139999999996,0.7305090000000001,200910,0.9660049999999996
LA-CH,200801,1,climatology,reference_r4,47.5,30.169458,200801,17.330542
LA-CH,200802,2,climatology,reference_r4,53.03999999999999,53.82499,200801,-0.7849900000000076
LA-CH,200803,3,climatology,reference_r4,50.58,58.323393,200801,-7.743393000000005
LA-CH,200804,1,climatology,reference_r4,31.85,23.11534300000001,200804,8.734656999999991
LA-CH,200805,2,climatology,reference_r4,38.959999999999994,56.561757,200804,-17.601757000000006
LA-CH,200806,3,climatology,reference_r4,127.17000000000002,107.795231,200804,19.374769000000015
LA-CH,200807,1,climatology,reference_r4,41.25,91.606266,200807,-50.356266000000005
LA-CH,200808,2,climatology,reference_r4,42.510000000000005,81.193533,200807,-38.683533
LA-CH,200809,3,climatology,reference_r4,49.599999999999994,122.110363,200807,-72.51036300000001
LA-CH,200810,1,climatology,reference_r4,37.669999999999995,45.592534,200810,-7.922534000000006
LA-CH,200811,2,climatology,reference_r4,41.07000000000001,44.520912,200810,-3.4509119999999953
LA-CH,200812,3,climatology,reference_r4,33.34,33.998113,200810,-0.6581129999999931
LA-CH,200901,1,climatology,reference_r4,10.890717,9.507222,200901,1.383495
LA-CH,200902,2,climatology,reference_r4,19.093116999999996,25.378046,200901,-6.284929000000005
LA-CH,200903,3,climatology,reference_r4,21.42854,20.058573000000003,200901,1.369966999999999
LA-CH,200904,1,climatology,reference_r4,53.487149,33.108914,200904,20.378235000000004
LA-CH,200905,2,climatology,reference_r4,19.053490000000004,83.679532,200904,-64.62604199999998
LA-CH,200906,3,climatology,reference_r4,30.695037999999997,88.22357400000001,200904,-57.52853600000002
LA-CH,200907,1,climatology,reference_r4,45.004213,79.16740900000002,200907,-34.16319600000002
LA-CH,200908,2,climatology,reference_r4,44.17307600000001,64.78684199999998,200907,-20.61376599999997
LA-CH,200909,3,climatology,reference_r4,32.110839000000006,63.87159600000001,200907,-31.760757000000005
LA-CH,200910,1,climatology,reference_r4,23.227603,20.745863999999997,200910,2.481739000000001
LA-CH,200911,2,climatology,reference_r4,12.418226999999998,11.510029000000005,200910,0.9081979999999934
LA-CH,200912,3,climatology,reference_r4,14.757385999999997,12.608556999999998,200910,2.148828999999999
LA-HO,200801,1,climatology,reference_r4,0.01,0.004292,200801,0.005708
LA-HO,200802,2,climatology,reference_r4,0.01,0.000904,200801,0.009096
LA-HO,200803,3,climatology,reference_r4,0.01,0.0080019999999999,200801,0.0019980000000001004
LA-HO,200804,1,climatology,reference_r4,0.01,0.0042039999999999,200804,0.0057960000000001006
LA-HO,200805,2,climatology,reference_r4,0.0,0.0161899999999999,200804,-0.0161899999999999
LA-HO,200806,3,climatology,reference_r4,0.0599999999999999,0.0068899999999999,200804,0.053110000000000004
LA-HO,200807,1,climatology,reference_r4,0.1999999999999999,0.3396999999999996,200807,-0.1396999999999997
LA-HO,200808,2,climatology,reference_r4,0.0,0.4094160000000002,200807,-0.4094160000000002
LA-HO,200809,3,climatology,reference_r4,0.6900000000000002,0.6962050000000009,200807,-0.006205000000000682
LA-HO,200810,1,climatology,reference_r4,0.02,0.072475,200810,-0.052474999999999994
LA-HO,200811,2,climatology,reference_r4,0.0,0.0073499999999999,200810,-0.0073499999999999
LA-HO,200812,3,climatology,reference_r4,0.65,0.8613099999999999,200810,-0.2113099999999999
LA-HO,200901,1,climatology,reference_r4,0.0082809999999999,0.0146439999999999,200901,-0.006363000000000001
LA-HO,200902,2,climatology,reference_r4,0.0082809999999999,0.027013,200901,-0.0187320000000001
LA-HO,200903,3,climatology,reference_r4,0.0082809999999999,0.0218619999999999,200901,-0.013581
LA-HO,200904,1,climatology,reference_r4,0.0082809999999999,0.005288,200904,0.0029929999999998994
LA-HO,200905,2,climatology,reference_r4,0.0,0.009651,200904,-0.009651
LA-HO,200906,3,climatology,reference_r4,0.049686,0.034074,200904,0.015612000000000001
LA-HO,200907,1,climatology,reference_r4,0.16562,0.5784299999999991,200907,-0.4128099999999991
LA-HO,200908,2,climatology,reference_r4,0.0,0.7780959999999979,200907,-0.7780959999999979
LA-HO,200909,3,climatology,reference_r4,0.5699339999999999,0.8483070000000001,200907,-0.2783730000000002
LA-HO,200910,1,climatology,reference_r4,0.834562,0.557213,200910,0.27734900000000007
LA-HO,200911,2,climatology,reference_r4,1.0,0.794532,200910,0.20546799999999998
LA-HO,200912,3,climatology,reference_r4,0.53681,0.8671359999999999,200910,-0.3303259999999999
LA-KH,200801,1,climatology,reference_r4,1.1499999999999997,0.798187,200801,0.3518129999999997
LA-KH,200802,2,climatology,reference_r4,0.1499999999999999,0.072524,200801,0.0774759999999999
LA-KH,200803,3,climatology,reference_r4,0.04,0.105051,200801,-0.065051
LA-KH,200804,1,climatology,reference_r4,0.1099999999999999,0.4691079999999998,200804,-0.35910799999999987
LA-KH,200805,2,climatology,reference_r4,1.38,1.4484230000000005,200804,-0.06842300000000057
LA-KH,200806,3,climatology,reference_r4,8.940000000000001,2.645658,200804,6.294342000000001
LA-KH,200807,1,climatology,reference_r4,35.06999999999999,3.3643590000000003,200807,31.705640999999993
LA-KH,200808,2,climatology,reference_r4,37.92,5.135171,200807,32.784829
LA-KH,200809,3,climatology,reference_r4,14.089999999999996,5.211868999999993,200807,8.878131000000003
LA-KH,200810,1,climatology,reference_r4,5.470000000000001,0.7588539999999999,200810,4.711146000000001
LA-KH,200811,2,climatology,reference_r4,1.4299999999999995,1.566048,200810,-0.1360480000000006
LA-KH,200812,3,climatology,reference_r4,3.69,3.263829,200810,0.4261710000000001
LA-KH,200901,1,climatology,reference_r4,0.9523149999999996,0.093174,200901,0.8591409999999996
LA-KH,200902,2,climatology,reference_r4,0.1242149999999999,0.033887,200901,0.0903279999999999
LA-KH,200903,3,climatology,reference_r4,5.305124,4.460589,200901,0.8445350000000005
LA-KH,200904,1,climatology,reference_r4,0.091091,0.354324,200904,-0.26323299999999994
LA-KH,200905,2,climatology,reference_r4,4.0487779999999995,2.419224,200904,1.6295539999999997
LA-KH,200906,3,climatology,reference_r4,46.36775900000001,66.748773,200904,-20.381013999999993
LA-KH,200907,1,climatology,reference_r4,68.223464,108.943322,200907,-40.71985799999999
LA-KH,200908,2,climatology,reference_r4,171.36027,238.679122,200907,-67.31885199999999
LA-KH,200909,3,climatology,reference_r4,187.121383,208.55232200000003,200907,-21.430939000000023
LA-KH,200910,1,climatology,reference_r4,57.593343,43.776432,200910,13.816910999999998
LA-KH,200911,2,climatology,reference_r4,54.814001,17.976523000000007,200910,36.83747799999999
LA-KH,200912,3,climatology,reference_r4,52.764233,29.296884,200910,23.467349
LA-LM,200801,1,climatology,reference_r4,0.0,0.0003249999999999,200801,-0.0003249999999999
LA-LM,200802,2,climatology,reference_r4,0.0,1.600000000000039e-05,200801,-1.600000000000039e-05
LA-LM,200803,3,climatology,reference_r4,0.0499999999999999,4.000000000000097e-06,200801,0.0499959999999999
LA-LM,200804,1,climatology,reference_r4,0.01,0.0002979999999999,200804,0.0097020000000001
LA-LM,200805,2,climatology,reference_r4,0.0,0.003181,200804,-0.003181
LA-LM,200806,3,climatology,reference_r4,0.0,0.001745,200804,-0.001745
LA-LM,200807,1,climatology,reference_r4,0.0499999999999999,0.8688380000000002,200807,-0.8188380000000003
LA-LM,200808,2,climatology,reference_r4,0.0299999999999999,0.4332669999999998,200807,-0.4032669999999999
LA-LM,200809,3,climatology,reference_r4,0.0,0.6966209999999995,200807,-0.6966209999999995
LA-LM,200810,1,climatology,reference_r4,0.09,0.03054,200810,0.05946
LA-LM,200811,2,climatology,reference_r4,0.02,0.0042119999999999,200810,0.0157880000000001
LA-LM,200812,3,climatology,reference_r4,0.0,0.0016389999999999,200810,-0.0016389999999999
LA-LM,200901,1,climatology,reference_r4,0.0,0.0001209999999999,200901,-0.0001209999999999
LA-LM,200902,2,climatology,reference_r4,0.0,0.000289,200901,-0.000289
LA-LM,200903,3,climatology,reference_r4,0.041405,0.0004499999999999,200901,0.040955000000000095
LA-LM,200904,1,climatology,reference_r4,0.826281,0.956485,200904,-0.130204
LA-LM,200905,2,climatology,reference_r4,0.0,0.002584,200904,-0.002584
LA-LM,200906,3,climatology,reference_r4,2.0,1.801153,200904,0.198847
LA-LM,200907,1,climatology,reference_r4,0.677405,1.2886260000000007,200907,-0.6112210000000007
LA-LM,200908,2,climatology,reference_r4,0.024843,1.493829999999999,200907,-1.4689869999999992
LA-LM,200909,3,climatology,reference_r4,4.0,2.2964459999999995,200907,1.7035540000000005
LA-LM,200910,1,climatology,reference_r4,4.164529,2.6554909999999996,200910,1.5090380000000003
LA-LM,200911,2,climatology,reference_r4,5.652562,4.601351,200910,1.0512109999999995
LA-LM,200912,3,climatology,reference_r4,4.0,3.254506,200910,0.7454939999999999
LA-LP,200801,1,climatology,reference_r4,0.1999999999999999,0.8684659999999997,200801,-0.6684659999999998
LA-LP,200802,2,climatology,reference_r4,13.92,14.327608,200801,-0.40760799999999975
LA-LP,200803,3,climatology,reference_r4,20.81,20.149659,200801,0.660340999999999
LA-LP,200804,1,climatology,reference_r4,31.229999999999997,18.566985,200804,12.663014999999998
LA-LP,200805,2,climatology,reference_r4,107.3,72.633989,200804,34.666011
LA-LP,200806,3,climatology,reference_r4,132.97,94.354482,200804,38.615517999999994
LA-LP,200807,1,climatology,reference_r4,10.659999999999998,9.794651999999996,200807,0.8653480000000027
LA-LP,200808,2,climatology,reference_r4,12.43,8.176500999999998,200807,4.2534990000000015
LA-LP,200809,3,climatology,reference_r4,10.5,8.670110999999999,200807,1.8298890000000014
LA-LP,200810,1,climatology,reference_r4,9.55,16.093396000000002,200810,-6.543396000000001
LA-LP,200811,2,climatology,reference_r4,103.0,107.857655,200810,-4.857654999999994
LA-LP,200812,3,climatology,reference_r4,126.82,156.804319,200810,-29.984319
LA-LP,200901,1,climatology,reference_r4,0.16562,7.260730000000002,200901,-7.095110000000003
LA-LP,200902,2,climatology,reference_r4,0.5962320000000001,7.521311999999998,200901,-6.925079999999998
LA-LP,200903,3,climatology,reference_r4,0.4720169999999997,14.618975999999996,200901,-14.146958999999997
LA-LP,200904,1,climatology,reference_r4,0.8104469999999999,10.381677999999996,200904,-9.571230999999996
LA-LP,200905,2,climatology,reference_r4,3.589589,27.983264000000005,200904,-24.393675000000005
LA-LP,200906,3,climatology,reference_r4,5.813261999999998,61.819982,200904,-56.00672
LA-LP,200907,1,climatology,reference_r4,4.452995999999999,19.029522,200907,-14.576526000000001
LA-LP,200908,2,climatology,reference_r4,8.377825999999999,21.578485,200907,-13.200659000000002
LA-LP,200909,3,climatology,reference_r4,238.358321,278.68863799999997,200907,-40.33031699999998
LA-LP,200910,1,climatology,reference_r4,126.23871400000002,67.99948800000001,200910,58.239226
LA-LP,200911,2,climatology,reference_r4,61.383126999999995,43.09258700000001,200910,18.290539999999986
LA-LP,200912,3,climatology,reference_r4,7.821726000000002,6.425700000000001,200910,1.3960260000000009
LA-OU,200801,1,climatology,reference_r4,0.0,0.000967,200801,-0.000967
LA-OU,200802,2,climatology,reference_r4,0.0,0.0004039999999999,200801,-0.0004039999999999
LA-OU,200803,3,climatology,reference_r4,0.0,0.0001209999999999,200801,-0.0001209999999999
LA-OU,200804,1,climatology,reference_r4,0.0,0.0015379999999999,200804,-0.0015379999999999
LA-OU,200805,2,climatology,reference_r4,0.01,0.009144,200804,0.0008560000000000009
LA-OU,200806,3,climatology,reference_r4,0.01,0.0151409999999999,200804,-0.005140999999999899
LA-OU,200807,1,climatology,reference_r4,0.04,1.7994449999999986,200807,-1.7594449999999986
LA-OU,200808,2,climatology,reference_r4,0.12,1.0372990000000009,200807,-0.9172990000000009
LA-OU,200809,3,climatology,reference_r4,0.04,1.6360589999999997,200807,-1.5960589999999997
LA-OU,200810,1,climatology,reference_r4,0.0799999999999999,0.026622,200810,0.053377999999999905
LA-OU,200811,2,climatology,reference_r4,0.01,0.0033009999999999,200810,0.006699000000000101
LA-OU,200812,3,climatology,reference_r4,0.0,0.000916,200810,-0.000916
LA-OU,200901,1,climatology,reference_r4,0.0,6.499999999999909e-05,200901,-6.499999999999909e-05
LA-OU,200902,2,climatology,reference_r4,0.0,0.0001039999999999,200901,-0.0001039999999999
LA-OU,200903,3,climatology,reference_r4,0.0,0.0005289999999999,200901,-0.0005289999999999
LA-OU,200904,1,climatology,reference_r4,0.0,0.000977,200904,-0.000977
LA-OU,200905,2,climatology,reference_r4,0.0082809999999999,0.00374,200904,0.004540999999999899
LA-OU,200906,3,climatology,reference_r4,0.0082809999999999,0.0138689999999999,200904,-0.005588000000000001
LA-OU,200907,1,climatology,reference_r4,0.0331239999999999,2.8559210000000093,200907,-2.8227970000000093
LA-OU,200908,2,climatology,reference_r4,0.7353719999999999,2.5130009999999956,200907,-1.7776289999999957
LA-OU,200909,3,climatology,reference_r4,14.669124,8.788325,200907,5.880799
LA-OU,200910,1,climatology,reference_r4,4.974247999999999,2.132688,200910,2.8415599999999994
LA-OU,200911,2,climatology,reference_r4,12.826281,9.699225,200910,3.1270559999999996
LA-OU,200912,3,climatology,reference_r4,18.0,15.897626,200910,2.1023739999999993
LA-PH,200901,1,climatology,reference_r4,0.0,0.021224,200901,-0.021224
LA-PH,200902,2,climatology,reference_r4,0.0,0.0268339999999999,200901,-0.0268339999999999
LA-PH,200903,3,climatology,reference_r4,0.0,0.024315,200901,-0.024315
LA-PH,200904,1,climatology,reference_r4,0.0,0.0043809999999999,200904,-0.0043809999999999
LA-PH,200905,2,climatology,reference_r4,0.0,0.006192,200904,-0.006192
LA-PH,200906,3,climatology,reference_r4,0.0,0.0242669999999999,200904,-0.0242669999999999
LA-PH,200907,1,climatology,reference_r4,0.0,0.3413810000000001,200907,-0.3413810000000001
LA-PH,200909,3,climatology,reference_r4,0.04,0.4016869999999999,200907,-0.3616869999999999
LA-PH,200910,1,climatology,reference_r4,0.0,0.0155049999999999,200910,-0.0155049999999999
LA-PH,200911,2,climatology,reference_r4,0.0,0.0025619999999999,200910,-0.0025619999999999
LA-PH,200912,3,climatology,reference_r4,0.0,0.0011849999999999,200910,-0.0011849999999999
LA-SL,200801,1,climatology,reference_r4,0.1099999999999999,0.954542,200801,-0.8445420000000001
LA-SL,200802,2,climatology,reference_r4,1.0,0.4033469999999999,200801,0.5966530000000001
LA-SL,200803,3,climatology,reference_r4,4.62,3.980154,200801,0.6398459999999999
LA-SL,200804,1,climatology,reference_r4,2.0,0.8359970000000003,200804,1.1640029999999997
LA-SL,200805,2,climatology,reference_r4,82.75,87.17213000000001,200804,-4.42213000000001
LA-SL,200806,3,climatology,reference_r4,206.97,186.680574,200804,20.28942599999999
LA-SL,200807,1,climatology,reference_r4,75.25,50.954631000000035,200807,24.295368999999965
LA-SL,200808,2,climatology,reference_r4,52.45,40.50004199999998,200807,11.949958000000024
LA-SL,200809,3,climatology,reference_r4,76.05,58.593388,200807,17.456612
LA-SL,200810,1,climatology,reference_r4,89.54,36.712841,200810,52.82715900000001
LA-SL,200811,2,climatology,reference_r4,19.16,6.637036999999999,200810,12.522963
LA-SL,200812,3,climatology,reference_r4,5.69,2.576464999999999,200810,3.1135350000000015
LA-SL,200901,1,climatology,reference_r4,0.545091,1.2712250000000005,200901,-0.7261340000000005
LA-SL,200902,2,climatology,reference_r4,23.826281,19.478922,200901,4.347359000000001
LA-SL,200903,3,climatology,reference_r4,23.817091,12.996581,200901,10.82051
LA-SL,200904,1,climatology,reference_r4,18.652562,6.037266000000001,200904,12.615295999999999
LA-SL,200905,2,climatology,reference_r4,83.899938,42.424353,200904,41.475585
LA-SL,200906,3,climatology,reference_r4,30.133145000000003,28.652967000000004,200904,1.4801779999999987
LA-SL,200907,1,climatology,reference_r4,148.17646399999998,113.318556,200907,34.85790799999998
LA-SL,200908,2,climatology,reference_r4,107.331804,88.062403,200907,19.269401000000002
LA-SL,200909,3,climatology,reference_r4,68.83130799999999,62.760672,200907,6.070635999999993
LA-SL,200910,1,climatology,reference_r4,76.984001,35.219433,200910,41.764568000000004
LA-SL,200911,2,climatology,reference_r4,38.830017000000005,15.544074999999996,200910,23.28594200000001
LA-SL,200912,3,climatology,reference_r4,13.699703,7.556518,200910,6.143185
LA-SV,200801,1,climatology,reference_r4,1.7800000000000002,4.810980000000001,200801,-3.0309800000000005
LA-SV,200802,2,climatology,reference_r4,0.6200000000000001,0.644646,200801,-0.024645999999999946
LA-SV,200803,3,climatology,reference_r4,1.42,0.4455659999999999,200801,0.974434
LA-SV,200804,1,climatology,reference_r4,6.08,3.222918,200804,2.857082
LA-SV,200805,2,climatology,reference_r4,27.53,8.045517,200804,19.484483
LA-SV,200806,3,climatology,reference_r4,67.57,25.165687999999996,200804,42.404312
LA-SV,200807,1,climatology,reference_r4,150.21999999999997,25.79708499999998,200807,124.42291499999999
LA-SV,200808,2,climatology,reference_r4,140.25,22.60435100000001,200807,117.64564899999999
LA-SV,200809,3,climatology,reference_r4,115.49,24.74873700000001,200807,90.74126299999999
LA-SV,200810,1,climatology,reference_r4,53.19,3.930508,200810,49.259491999999995
LA-SV,200811,2,climatology,reference_r4,12.810000000000002,0.7686450000000002,200810,12.041355000000003
LA-SV,200812,3,climatology,reference_r4,8.030000000000001,0.3129829999999999,200810,7.717017000000001
LA-SV,200901,1,climatology,reference_r4,1.7460180000000003,0.060504,200901,1.6855140000000004
LA-SV,200902,2,climatology,reference_r4,0.6034219999999999,0.0161649999999999,200901,0.587257
LA-SV,200903,3,climatology,reference_r4,1.0848110000000002,0.154899,200901,0.9299120000000002
LA-SV,200904,1,climatology,reference_r4,5.027028,0.175414,200904,4.851614
LA-SV,200905,2,climatology,reference_r4,23.760858999999996,1.104116,200904,22.656742999999995
LA-SV,200906,3,climatology,reference_r4,63.428528,1.7394490000000005,200904,61.689079
LA-SV,200907,1,climatology,reference_r4,123.24315,35.80926999999997,200907,87.43388000000003
LA-SV,200908,2,climatology,reference_r4,102.30625,34.674545999999964,200907,67.63170400000004
LA-SV,200909,3,climatology,reference_r4,77.799763,37.086821999999984,200907,40.712941000000015
LA-SV,200910,1,climatology,reference_r4,41.95170999999999,6.910990000000002,200910,35.04071999999999
LA-SV,200911,2,climatology,reference_r4,12.497231,16.846295,200910,-4.349064000000002
LA-SV,200912,3,climatology,reference_r4,6.103097000000002,1.7027330000000005,200910,4.4003640000000015
LA-VT,200801,1,climatology,reference_r4,10.87,10.449064,200801,0.4209359999999993
LA-VT,200802,2,climatology,reference_r4,9.38,4.162112,200801,5.217888000000001
LA-VT,200803,3,climatology,reference_r4,4.52,16.972892,200801,-12.452892000000002
LA-VT,200804,1,climatology,reference_r4,36.69,14.908149000000002,200804,21.781850999999996
LA-VT,200805,2,climatology,reference_r4,62.27,28.242321000000004,200804,34.027679
LA-VT,200806,3,climatology,reference_r4,83.00999999999999,60.078947,200804,22.93105299999999
LA-VT,200807,1,climatology,reference_r4,191.24999999999997,77.72843,200807,113.52156999999997
LA-VT,200808,2,climatology,reference_r4,165.86,82.62737199999998,200807,83.23262800000003
LA-VT,200809,3,climatology,reference_r4,113.29999999999998,92.716947,200807,20.58305299999998
LA-VT,200810,1,climatology,reference_r4,129.48000000000002,37.49606200000001,200810,91.98393800000001
LA-VT,200811,2,climatology,reference_r4,36.84,65.85517300000001,200810,-29.015173000000004
LA-VT,200812,3,climatology,reference_r4,17.979999999999997,59.125181999999995,200810,-41.145182
LA-VT,200901,1,climatology,reference_r4,7.815081999999997,18.695929,200901,-10.880847000000003
LA-VT,200902,2,climatology,reference_r4,3.934482,10.282705,200901,-6.348223
LA-VT,200903,3,climatology,reference_r4,7.282829999999999,6.303186999999998,200901,0.9796430000000012
LA-VT,200904,1,climatology,reference_r4,9.680054000000002,11.572824999999996,200904,-1.8927709999999944
LA-VT,200905,2,climatology,reference_r4,27.720475,70.485117,200904,-42.764642
LA-VT,200906,3,climatology,reference_r4,38.075081999999995,116.138514,200904,-78.063432
LA-VT,200907,1,climatology,reference_r4,86.36204900000001,177.66263700000002,200907,-91.300588
LA-VT,200908,2,climatology,reference_r4,101.891894,213.208666,200907,-111.316772
LA-VT,200909,3,climatology,reference_r4,112.384425,295.50202299999995,200907,-183.11759799999996
LA-VT,200910,1,climatology,reference_r4,145.485435,191.003476,200910,-45.51804100000001
LA-VT,200911,2,climatology,reference_r4,297.66520299999996,297.595057,200910,0.07014599999996562
LA-VT,200912,3,climatology,reference_r4,224.551238,245.447581,200910,-20.896343
LA-XA,200801,1,climatology,reference_r4,0.17,1.1164580000000002,200801,-0.9464580000000001
LA-XA,200802,2,climatology,reference_r4,0.9500000000000002,0.2002079999999999,200801,0.7497920000000002
LA-XA,200803,3,climatology,reference_r4,0.7399999999999998,0.1533569999999999,200801,0.5866429999999998
LA-XA,200804,1,climatology,reference_r4,3.460000000000001,0.818373,200804,2.6416270000000006
LA-XA,200805,2,climatology,reference_r4,5.659999999999997,1.3379919999999998,200804,4.322007999999997
LA-XA,200806,3,climatology,reference_r4,14.03,2.0156730000000005,200804,12.014326999999998
LA-XA,200807,1,climatology,reference_r4,24.69,10.739034000000004,200807,13.950965999999998
LA-XA,200808,2,climatology,reference_r4,9.729999999999997,4.347272000000004,200807,5.382727999999993
LA-XA,200809,3,climatology,reference_r4,4.75,2.5170540000000017,200807,2.2329459999999983
LA-XA,200810,1,climatology,reference_r4,1.5699999999999994,1.6188849999999997,200810,-0.04888500000000029
LA-XA,200811,2,climatology,reference_r4,1.83,0.7139330000000002,200810,1.116067
LA-XA,200812,3,climatology,reference_r4,1.9600000000000009,0.4264660000000001,200810,1.5335340000000008
LA-XA,200901,1,climatology,reference_r4,0.1407769999999999,0.0877299999999999,200901,0.053047
LA-XA,200902,2,climatology,reference_r4,0.7866949999999999,0.0469089999999999,200901,0.739786
LA-XA,200903,3,climatology,reference_r4,0.6127940000000001,0.257138,200901,0.3556560000000001
LA-XA,200904,1,climatology,reference_r4,2.8624980000000004,0.2974789999999999,200904,2.5650190000000004
LA-XA,200905,2,climatology,reference_r4,4.777046000000006,1.02842,200904,3.748626000000006
LA-XA,200906,3,climatology,reference_r4,13.430243,6.225634000000001,200904,7.204609
LA-XA,200907,1,climatology,reference_r4,22.570512,7.479354000000001,200907,15.091158
LA-XA,200908,2,climatology,reference_r4,13.305413,22.943715999999995,200907,-9.638302999999995
LA-XA,200909,3,climatology,reference_r4,6.654747,7.237640999999996,200907,-0.582893999999996
LA-XA,200910,1,climatology,reference_r4,2.0250260000000004,5.048611000000001,200910,-3.0235850000000006
LA-XA,200911,2,climatology,reference_r4,3.421968000000001,1.84589,200910,1.576078000000001
LA-XA,200912,3,climatology,reference_r4,1.5319850000000006,1.523202,200910,0.008783000000000651
LA-XE,200801,1,climatology,reference_r4,0.09,0.021009,200801,0.068991
LA-XE,200802,2,climatology,reference_r4,0.12,0.0134299999999999,200801,0.1065700000000001
LA-XE,200803,3,climatology,reference_r4,0.0,0.004892,200801,-0.004892
LA-XE,200804,1,climatology,reference_r4,0.0246419999999999,0.011606,200804,0.0130359999999999
LA-XE,200805,2,climatology,reference_r4,0.08,0.052852,200804,0.027148
LA-XE,200806,3,climatology,reference_r4,3.15,4.101269,200804,-0.9512690000000004
LA-XE,200807,1,climatology,reference_r4,0.4000000000000001,0.4967779999999999,200807,-0.09677799999999981
LA-XE,200808,2,climatology,reference_r4,0.1899999999999999,0.5582560000000001,200807,-0.3682560000000002
LA-XE,200809,3,climatology,reference_r4,0.6699999999999999,0.7429579999999998,200807,-0.07295799999999986
LA-XE,200810,1,climatology,reference_r4,0.5599999999999998,0.0478399999999999,200810,0.51216
LA-XE,200811,2,climatology,reference_r4,0.0246419999999999,0.0139859999999999,200810,0.010656
LA-XE,200812,3,climatology,reference_r4,0.790321,0.891261,200810,-0.10093999999999992
LA-XE,200901,1,climatology,reference_r4,0.074529,0.005276,200901,0.069253
LA-XE,200902,2,climatology,reference_r4,1.371372,1.856539,200901,-0.4851669999999999
LA-XE,200903,3,climatology,reference_r4,2.0,1.730687,200901,0.2693129999999999
LA-XE,200904,1,climatology,reference_r4,0.8200000000000001,0.496266,200904,0.3237340000000001
LA-XE,200905,2,climatology,reference_r4,1.338248,1.03986,200904,0.2983880000000001
LA-XE,200906,3,climatology,reference_r4,6.6023309999999995,6.44727,200904,0.1550609999999999
LA-XE,200907,1,climatology,reference_r4,26.41924,23.13149,200907,3.287749999999999
LA-XE,200908,2,climatology,reference_r4,25.883339,21.720978,200907,4.162361000000001
LA-XE,200909,3,climatology,reference_r4,4.097554,4.085311,200907,0.012242999999999782
LA-XE,200910,1,climatology,reference_r4,4.551736,2.7672350000000003,200910,1.7845009999999997
LA-XE,200911,2,climatology,reference_r4,2.6199999999999997,2.6988839999999996,200910,-0.07888399999999995
LA-XE,200912,3,climatology,reference_r4,6.64,7.330339000000002,200910,-0.6903390000000025
LA-XI,200801,1,climatology,reference_r4,0.0,0.001173,200801,-0.001173
LA-XI,200802,2,climatology,reference_r4,0.0,0.0001969999999999,200801,-0.0001969999999999
LA-XI,200803,3,climatology,reference_r4,0.0,0.0002559999999999,200801,-0.0002559999999999
LA-XI,200804,1,climatology,reference_r4,0.0,0.000446,200804,-0.000446
LA-XI,200805,2,climatology,reference_r4,0.0,0.001242,200804,-0.001242
LA-XI,200806,3,climatology,reference_r4,1.0,0.925549,200804,0.07445100000000004
LA-XI,200807,1,climatology,reference_r4,0.0,0.3651729999999999,200807,-0.3651729999999999
LA-XI,200808,2,climatology,reference_r4,0.02,0.3519079999999999,200807,-0.33190799999999987
LA-XI,200809,3,climatology,reference_r4,0.01,0.4882680000000006,200807,-0.4782680000000006
LA-XI,200810,1,climatology,reference_r4,0.0,0.0105439999999999,200810,-0.0105439999999999
LA-XI,200811,2,climatology,reference_r4,0.01,0.00161,200810,0.00839
LA-XI,200812,3,climatology,reference_r4,0.0,0.001403,200810,-0.001403
LA-XI,200901,1,climatology,reference_r4,0.0,0.00146,200901,-0.00146
LA-XI,200902,2,climatology,reference_r4,0.0,0.0015529999999999,200901,-0.0015529999999999
LA-XI,200903,3,climatology,reference_r4,0.0,0.0012609999999999,200901,-0.0012609999999999
LA-XI,200904,1,climatology,reference_r4,0.0,0.000794,200904,-0.000794
LA-XI,200905,2,climatology,reference_r4,39.0,38.917114,200904,0.08288600000000201
LA-XI,200906,3,climatology,reference_r4,32.826281,32.847786,200904,-0.021504999999997665
LA-XI,200907,1,climatology,reference_r4,1.0,0.8108000000000004,200907,0.1891999999999996
LA-XI,200908,2,climatology,reference_r4,9.652562,6.984434,200907,2.6681279999999994
LA-XI,200909,3,climatology,reference_r4,0.0082809999999999,0.5719820000000002,200907,-0.5637010000000003
LA-XI,200910,1,climatology,reference_r4,0.0,1.1427200000000002,200910,-1.1427200000000002
LA-XI,200911,2,climatology,reference_r4,0.0082809999999999,0.3602919999999998,200910,-0.35201099999999985
LA-XI,200912,3,climatology,reference_r4,0.0,0.1903019999999999,200910,-0.1903019999999999
LA-AT,200801,1,persistence,reference,3.417114,2.843778,200801,0.5733360000000003
LA-AT,200802,2,persistence,reference,1.554761,1.27069825,200801,0.28406275000000014
LA-AT,200803,3,persistence,reference,0.0719689999999997,0.05815425,200801,0.013814749999999702
LA-AT,200804,1,persistence,reference,0.0471139999999998,0.40213925,200804,-0.3550252500000002
LA-AT,200805,2,persistence,reference,3.342761,1.3895627499999998,200804,1.95319825
LA-AT,200806,3,persistence,reference,8.929969,3.859928749999999,200804,5.070040250000001
LA-AT,200807,1,persistence,reference,3.450605,3.6048765,200807,-0.15427150000000012
LA-AT,200808,2,persistence,reference,0.8260830000000001,6.7388970000000015,200807,-5.912814000000001
LA-AT,200809,3,persistence,reference,12.807472,16.55779825,200807,-3.7503262500000005
LA-AT,200810,1,persistence,reference,21.839211,30.05143225,200810,-8.212221250000002
LA-AT,200811,2,persistence,reference,17.716617,31.29876075,200810,-13.58214375
LA-AT,200812,3,persistence,reference,0.8262919999999996,16.832409,200810,-16.006117
LA-AT,200901,1,persistence,reference,4.403041999999999,8.15741675,200901,-3.75437475
LA-AT,200902,2,persistence,reference,21.580328,38.2688245,200901,-16.6884965
LA-AT,200903,3,persistence,reference,51.660003,58.3273705,200901,-6.6673674999999974
LA-AT,200904,1,persistence,reference,20.870388,45.0193875,200904,-24.148999500000002
LA-AT,200905,2,persistence,reference,74.407714,58.171937750000005,200904,16.235776249999994
LA-AT,200906,3,persistence,reference,50.686121,42.79439225,200904,7.891728749999999
LA-AT,200907,1,persistence,reference,38.397211,45.335880249999995,200907,-6.938669249999997
LA-AT,200908,2,persistence,reference,2.492617,14.612689,200907,-12.120072
LA-AT,200909,3,persistence,reference,6.1402920000000005,10.27908925,200907,-4.13879725
LA-AT,200910,1,persistence,reference,12.098028,6.225308000000001,200910,5.872719999999998
LA-AT,200911,2,persistence,reference,0.8285939999999998,6.568098500000001,200910,-5.739504500000002
LA-AT,200912,3,persistence,reference,9.930269,5.2732209999999995,200910,4.657048
LA-BK,200801,1,persistence,reference,0.702799,0.9506525,200801,-0.24785350000000006
LA-BK,200802,2,persistence,reference,0.0441579999999999,0.0001489999999999,200801,0.044009
LA-BK,200803,3,persistence,reference,0.04958,3.474999999999995e-05,200801,0.04954525
LA-BK,200804,1,persistence,reference,0.0387989999999999,0.0036017499999999,200804,0.03519725
LA-BK,200805,2,persistence,reference,11.132158,11.5114635,200804,-0.3793054999999992
LA-BK,200806,3,persistence,reference,51.985580000000006,52.3636635,200804,-0.37808349999999535
LA-BK,200807,1,persistence,reference,50.223598,1.9668307500000008,200807,48.25676725
LA-BK,200808,2,persistence,reference,43.128316,6.0518055,200807,37.0765105
LA-BK,200809,3,persistence,reference,19.03516,21.88949425,200807,-2.8543342499999973
LA-BK,200810,1,persistence,reference,14.223598,20.75299725,200810,-6.529399249999999
LA-BK,200811,2,persistence,reference,21.128316,46.888191250000006,200810,-25.759875250000004
LA-BK,200812,3,persistence,reference,27.03516,2.82794425,200810,24.207215750000003
LA-BK,200901,1,persistence,reference,3.438492,0.4985245000000001,200901,2.9399675
LA-BK,200902,2,persistence,reference,4.3407670000000005,0.41996075,200901,3.9208062500000005
LA-BK,200903,3,persistence,reference,3.355307,0.7845957499999999,200901,2.57071125
LA-BK,200904,1,persistence,reference,1.589023,1.2872052499999995,200904,0.30181775000000055
LA-BK,200905,2,persistence,reference,72.11584199999999,43.8562265,200904,28.25961549999999
LA-BK,200906,3,persistence,reference,214.019436,142.94503500000002,200904,71.074401
LA-BK,200907,1,persistence,reference,3.439598,180.8742105,200907,-177.43461250000001
LA-BK,200908,2,persistence,reference,105.128316,87.73226275,200907,17.396053249999994
LA-BK,200909,3,persistence,reference,163.03516,38.01167525,200907,125.02348475
LA-BK,200910,1,persistence,reference,20.223598,22.415090750000005,200910,-2.1914927500000054
LA-BK,200911,2,persistence,reference,46.128316,13.720553250000002,200910,32.407762749999996
LA-BK,200912,3,persistence,reference,47.03516,4.280029,200910,42.755131
LA-BL,200801,1,persistence,reference,5.383502,5.01450175,200801,0.36900025000000003
LA-BL,200802,2,persistence,reference,4.609445999999998,5.884085499999999,200801,-1.274639500000001
LA-BL,200803,3,persistence,reference,4.952254,0.4207695,200801,4.5314844999999995
LA-BL,200804,1,persistence,reference,2.695502000000001,1.3579262500000002,200804,1.337575750000001
LA-BL,200805,2,persistence,reference,7.897445999999999,5.0508495,200804,2.8465964999999986
LA-BL,200806,3,persistence,reference,9.692254000000002,5.73621425,200804,3.956039750000002
LA-BL,200807,1,persistence,reference,8.23891,19.88587275,200807,-11.64696275
LA-BL,200808,2,persistence,reference,9.221346999999998,20.180595500000003,200807,-10.959248500000005
LA-BL,200809,3,persistence,reference,9.298677,18.19255125,200807,-8.893874250000001
LA-BL,200810,1,persistence,reference,16.470322000000003,9.664315749999998,200810,6.806006250000005
LA-BL,200811,2,persistence,reference,12.262498,4.08976525,200810,8.172732750000002
LA-BL,200812,3,persistence,reference,17.99097,0.9906275,200810,17.000342500000002
LA-BL,200901,1,persistence,reference,2.511502,0.6997199999999999,200901,1.8117820000000002
LA-BL,200902,2,persistence,reference,3.6934460000000016,1.54507375,200901,2.1483722500000013
LA-BL,200903,3,persistence,reference,4.9942540000000015,1.25389475,200901,3.740359250000002
LA-BL,200904,1,persistence,reference,2.5010209999999997,0.79265125,200904,1.7083697499999997
LA-BL,200905,2,persistence,reference,3.323820999999999,3.28433175,200904,0.03948924999999859
LA-BL,200906,3,persistence,reference,5.582812999999998,4.8324625,200904,0.7503504999999979
LA-BL,200907,1,persistence,reference,17.514046,21.315734,200907,-3.8016879999999986
LA-BL,200908,2,persistence,reference,4.609358000000002,6.129631250000008,200907,-1.520273250000006
LA-BL,200909,3,persistence,reference,6.933896999999998,5.794849250000004,200907,1.1390477499999943
LA-BL,200910,1,persistence,reference,2.3170210000000004,5.720424250000001,200910,-3.40340325
LA-BL,200911,2,persistence,reference,3.4678210000000007,2.2356965,200910,1.2321245000000007
LA-BL,200912,3,persistence,reference,4.764813,0.6964042500000002,200910,4.06840875
LA-CH,200801,1,persistence,reference,9.094472000000003,30.30105375,200801,-21.206581749999998
LA-CH,200802,2,persistence,reference,19.277769,49.507494,200801,-30.229725000000002
LA-CH,200803,3,persistence,reference,22.452036999999997,56.2829525,200801,-33.8309155
LA-CH,200804,1,persistence,reference,16.585575000000002,24.161526,200804,-7.575950999999996
LA-CH,200805,2,persistence,reference,17.207692,56.727839499999995,200804,-39.52014749999999
LA-CH,200806,3,persistence,reference,145.733314,116.52100975000002,200804,29.21230424999999
LA-CH,200807,1,persistence,reference,103.949944,95.73478275,200807,8.215161250000008
LA-CH,200808,2,persistence,reference,112.642802,86.27881725000006,200807,26.363984749999943
LA-CH,200809,3,persistence,reference,73.553239,119.345246,200807,-45.792007
LA-CH,200810,1,persistence,reference,31.000921000000005,44.69568875,200810,-13.694767749999997
LA-CH,200811,2,persistence,reference,58.287541,39.47056275,200810,18.81697825
LA-CH,200812,3,persistence,reference,74.65110700000001,32.2806005,200810,42.37050650000001
LA-CH,200901,1,persistence,reference,28.518953000000003,9.64688725,200901,18.872065750000004
LA-CH,200902,2,persistence,reference,18.940767,27.55549025,200901,-8.614723249999997
LA-CH,200903,3,persistence,reference,16.500345000000003,21.55035225,200901,-5.050007249999997
LA-CH,200904,1,persistence,reference,28.357396,32.902559249999996,200904,-4.5451632499999945
LA-CH,200905,2,persistence,reference,10.360133000000005,98.07035725,200904,-87.71022425
LA-CH,200906,3,persistence,reference,41.64690100000001,94.84596575,200904,-53.19906475
LA-CH,200907,1,persistence,reference,7.347732000000001,74.70629275000002,200907,-67.35856075000001
LA-CH,200908,2,persistence,reference,14.241996999999998,65.24416374999998,200907,-51.00216674999999
LA-CH,200909,3,persistence,reference,20.237556,62.73381499999999,200907,-42.496258999999995
LA-CH,200910,1,persistence,reference,31.559768,20.276026249999997,200910,11.28374175
LA-CH,200911,2,persistence,reference,48.322561,16.929015500000002,200910,31.3935455
LA-CH,200912,3,persistence,reference,48.408425,11.67808275,200910,36.73034225
LA-HO,200801,1,persistence,reference,0.8303219999999999,0.0041867499999999,200801,0.82613525
LA-HO,200802,2,persistence,reference,0.8292019999999999,0.00100825,200801,0.8281937499999998
LA-HO,200803,3,persistence,reference,0.820377,0.007007,200801,0.81337
LA-HO,200804,1,persistence,reference,0.0149129999999999,0.006286,200804,0.0086269999999999
LA-HO,200805,2,persistence,reference,0.013793,0.0173154999999999,200804,-0.0035224999999999007
LA-HO,200806,3,persistence,reference,0.015768,0.0101267499999999,200804,0.005641250000000101
LA-HO,200807,1,persistence,reference,0.0149129999999999,0.3115272499999999,200807,-0.29661425
LA-HO,200808,2,persistence,reference,0.013793,0.3627835000000001,200807,-0.3489905000000001
LA-HO,200809,3,persistence,reference,0.809768,0.6951275000000001,200807,0.11464049999999992
LA-HO,200810,1,persistence,reference,0.8303219999999999,0.069528,200810,0.7607939999999999
LA-HO,200811,2,persistence,reference,0.8292019999999999,0.01690375,200810,0.8122982499999999
LA-HO,200812,3,persistence,reference,0.0263769999999999,0.8597135,200810,-0.8333365000000001
LA-HO,200901,1,persistence,reference,0.8303219999999999,0.0152839999999999,200901,0.815038
LA-HO,200902,2,persistence,reference,0.8292019999999999,0.02521275,200901,0.8039892499999999
LA-HO,200903,3,persistence,reference,0.820377,0.025151,200901,0.795226
LA-HO,200904,1,persistence,reference,0.0149129999999999,0.0068417499999999,200904,0.00807125
LA-HO,200905,2,persistence,reference,0.013793,0.00955425,200904,0.0042387499999999995
LA-HO,200906,3,persistence,reference,0.015768,0.03212525,200904,-0.01635725
LA-HO,200907,1,persistence,reference,0.0149129999999999,0.5240279999999998,200907,-0.5091149999999999
LA-HO,200908,2,persistence,reference,0.013793,0.7317174999999991,200907,-0.7179244999999992
LA-HO,200909,3,persistence,reference,0.809768,0.8271042500000003,200907,-0.017336250000000275
LA-HO,200910,1,persistence,reference,0.024322,0.579982,200910,-0.55566
LA-HO,200911,2,persistence,reference,0.023202,0.7637797500000001,200910,-0.7405777500000001
LA-HO,200912,3,persistence,reference,0.0263769999999999,0.8669864999999999,200910,-0.8406095
LA-KH,200801,1,persistence,reference,1.3149230000000005,0.7767697499999999,200801,0.5381532500000006
LA-KH,200802,2,persistence,reference,2.0702239999999996,0.09116375,200801,1.9790602499999996
LA-KH,200803,3,persistence,reference,2.6522299999999994,0.096911,200801,2.5553189999999995
LA-KH,200804,1,persistence,reference,1.3149230000000005,0.49451525,200804,0.8204077500000004
LA-KH,200805,2,persistence,reference,2.0702239999999996,1.3177015,200804,0.7525224999999995
LA-KH,200806,3,persistence,reference,3.0462299999999978,2.37704625,200804,0.669183749999998
LA-KH,200807,1,persistence,reference,2.403284000000001,3.9006657500000017,200807,-1.4973817500000006
LA-KH,200808,2,persistence,reference,2.5886239999999994,4.992983999999996,200807,-2.404359999999997
LA-KH,200809,3,persistence,reference,4.036038999999999,4.9839932499999975,200807,-0.9479542499999987
LA-KH,200810,1,persistence,reference,3.125885000000002,0.8226982500000001,200810,2.303186750000002
LA-KH,200811,2,persistence,reference,2.7576459999999976,1.420912,200810,1.3367339999999976
LA-KH,200812,3,persistence,reference,2.9661490000000015,3.210615,200810,-0.24446599999999874
LA-KH,200901,1,persistence,reference,3.713884999999999,0.079932,200901,3.633952999999999
LA-KH,200902,2,persistence,reference,4.333645999999998,0.02569925,200901,4.307946749999998
LA-KH,200903,3,persistence,reference,3.796149,4.6066277499999995,200901,-0.8104787499999992
LA-KH,200904,1,persistence,reference,4.995498000000001,0.36154425,200904,4.633953750000002
LA-KH,200905,2,persistence,reference,2.422528,2.3069517499999996,200904,0.11557625000000016
LA-KH,200906,3,persistence,reference,54.16718900000001,65.95826525000001,200904,-11.791076250000003
LA-KH,200907,1,persistence,reference,60.490204000000006,109.88572675,200907,-49.39552275
LA-KH,200908,2,persistence,reference,191.180325,239.255976,200907,-48.07565099999999
LA-KH,200909,3,persistence,reference,163.22992399999998,208.651637,200907,-45.42171300000001
LA-KH,200910,1,persistence,reference,169.74701399999998,43.68852775,200910,126.05848624999999
LA-KH,200911,2,persistence,reference,185.115734,21.73199325,200910,163.38374075000002
LA-KH,200912,3,persistence,reference,175.88018300000002,31.134811749999997,200910,144.74537125
LA-LM,200801,1,persistence,reference,0.0063019999999999,0.0002277499999999,200801,0.00607425
LA-LM,200802,2,persistence,reference,0.007978,4.825000000000033e-05,200801,0.007929750000000001
LA-LM,200803,3,persistence,reference,0.008063,1.1750000000000096e-05,200801,0.008051250000000001
LA-LM,200804,1,persistence,reference,0.0063019999999999,0.000224,200804,0.0060779999999998995
LA-LM,200805,2,persistence,reference,0.007978,0.0024625,200804,0.005515500000000001
LA-LM,200806,3,persistence,reference,0.008063,0.00262475,200804,0.00543825
LA-LM,200807,1,persistence,reference,0.0063019999999999,0.8185527500000007,200807,-0.8122507500000008
LA-LM,200808,2,persistence,reference,0.007978,0.4491814999999999,200807,-0.4412034999999999
LA-LM,200809,3,persistence,reference,0.008063,0.769547,200807,-0.7614839999999999
LA-LM,200810,1,persistence,reference,0.0063019999999999,0.02318925,200810,-0.016887250000000104
LA-LM,200811,2,persistence,reference,0.007978,0.0051354999999999,200810,0.002842500000000101
LA-LM,200812,3,persistence,reference,0.008063,0.0017502499999999,200810,0.0063127500000001
LA-LM,200901,1,persistence,reference,0.0063019999999999,9.174999999999938e-05,200901,0.0062102499999999
LA-LM,200902,2,persistence,reference,0.007978,0.00017825,200901,0.007799750000000001
LA-LM,200903,3,persistence,reference,0.008063,0.00027875,200901,0.00778425
LA-LM,200904,1,persistence,reference,0.880302,0.958454,200904,-0.078152
LA-LM,200905,2,persistence,reference,0.007978,0.0028837499999999,200904,0.0050942500000001004
LA-LM,200906,3,persistence,reference,1.770063,1.80276425,200904,-0.032701250000000126
LA-LM,200907,1,persistence,reference,0.886035,1.2255580000000004,200907,-0.33952300000000035
LA-LM,200908,2,persistence,reference,1.777203,1.377684,200907,0.3995190000000002
LA-LM,200909,3,persistence,reference,1.777288,2.394104999999999,200907,-0.6168169999999988
LA-LM,200910,1,persistence,reference,0.8865399999999999,2.78675125,200910,-1.9002112500000001
LA-LM,200911,2,persistence,reference,1.7778919999999998,4.480563,200910,-2.7026710000000005
LA-LM,200912,3,persistence,reference,0.016045,3.32557725,200910,-3.3095322499999997
LA-LP,200801,1,persistence,reference,3.4616930000000004,0.9657692499999998,200801,2.4959237500000007
LA-LP,200802,2,persistence,reference,6.91244,14.09225975,200801,-7.17981975
LA-LP,200803,3,persistence,reference,10.133757,20.20112575,200801,-10.06736875
LA-LP,200804,1,persistence,reference,7.587196,17.5920025,200804,-10.0048065
LA-LP,200805,2,persistence,reference,77.70587800000001,72.72945200000001,200804,4.976426000000004
LA-LP,200806,3,persistence,reference,116.670978,95.983333,200804,20.687645000000003
LA-LP,200807,1,persistence,reference,129.93954599999998,9.979846249999998,200807,119.95969974999998
LA-LP,200808,2,persistence,reference,128.21567000000002,8.287493499999998,200807,119.92817650000002
LA-LP,200809,3,persistence,reference,124.816253,8.749486749999999,200807,116.06676625
LA-LP,200810,1,persistence,reference,13.347094,16.75962025,200810,-3.412526250000001
LA-LP,200811,2,persistence,reference,84.94253,106.0756235,200810,-21.1330935
LA-LP,200812,3,persistence,reference,124.888534,156.9110135,200810,-32.02247949999999
LA-LP,200901,1,persistence,reference,146.497715,7.987456000000001,200901,138.510259
LA-LP,200902,2,persistence,reference,141.643959,6.6241135,200901,135.0198455
LA-LP,200903,3,persistence,reference,139.126542,13.274041249999998,200901,125.85250075
LA-LP,200904,1,persistence,reference,1.1242739999999998,10.313116,200904,-9.188842000000001
LA-LP,200905,2,persistence,reference,1.711145,26.3541935,200904,-24.643048500000003
LA-LP,200906,3,persistence,reference,5.2004459999999995,54.193438,200904,-48.992992
LA-LP,200907,1,persistence,reference,14.802083,19.251906750000003,200907,-4.449823750000004
LA-LP,200908,2,persistence,reference,15.036039,21.200935000000005,200907,-6.164896000000004
LA-LP,200909,3,persistence,reference,278.002476,277.12588,200907,0.8765960000000064
LA-LP,200910,1,persistence,reference,133.848548,71.22420475000001,200910,62.62434324999998
LA-LP,200911,2,persistence,reference,204.57629,37.8865545,200910,166.68973549999998
LA-LP,200912,3,persistence,reference,288.208892,5.996440249999999,200910,282.21245175
LA-OU,200801,1,persistence,reference,0.0060349999999999,0.0008642499999999,200801,0.00517075
LA-OU,200802,2,persistence,reference,0.004123,0.0002057499999999,200801,0.0039172500000001
LA-OU,200803,3,persistence,reference,0.0080099999999999,0.00016075,200801,0.0078492499999999
LA-OU,200804,1,persistence,reference,0.0060349999999999,0.0016047499999999,200804,0.00443025
LA-OU,200805,2,persistence,reference,0.004123,0.0069765,200804,-0.0028535
LA-OU,200806,3,persistence,reference,0.0080099999999999,0.01158325,200804,-0.0035732500000001007
LA-OU,200807,1,persistence,reference,0.0060349999999999,1.660432,200807,-1.6543970000000001
LA-OU,200808,2,persistence,reference,0.004123,1.0740937500000012,200807,-1.069970750000001
LA-OU,200809,3,persistence,reference,0.0080099999999999,1.4311689999999988,200807,-1.423158999999999
LA-OU,200810,1,persistence,reference,0.0060349999999999,0.021127,200810,-0.0150920000000001
LA-OU,200811,2,persistence,reference,0.004123,0.00638225,200810,-0.00225925
LA-OU,200812,3,persistence,reference,0.0080099999999999,0.001318,200810,0.006691999999999899
LA-OU,200901,1,persistence,reference,0.0060349999999999,0.0001792499999999,200901,0.00585575
LA-OU,200902,2,persistence,reference,0.004123,0.0001462499999999,200901,0.0039767500000001
LA-OU,200903,3,persistence,reference,0.0080099999999999,0.00050325,200901,0.007506749999999899
LA-OU,200904,1,persistence,reference,0.0060349999999999,0.00084125,200904,0.0051937499999999
LA-OU,200905,2,persistence,reference,0.004123,0.00343275,200904,0.0006902499999999999
LA-OU,200906,3,persistence,reference,0.0080099999999999,0.0142809999999999,200904,-0.0062710000000000005
LA-OU,200907,1,persistence,reference,0.0060349999999999,2.329845500000001,200907,-2.3238105000000013
LA-OU,200908,2,persistence,reference,0.886123,2.3543002499999988,200907,-1.4681772499999988
LA-OU,200909,3,persistence,reference,14.71601,8.938106000000001,200907,5.7779039999999995
LA-OU,200910,1,persistence,reference,8.76207,2.2261425,200910,6.5359275
LA-OU,200911,2,persistence,reference,1.848246,9.0201365,200910,-7.1718905
LA-OU,200912,3,persistence,reference,2.7500199999999997,16.122298500000003,200910,-13.372278500000004
LA-PH,200901,1,persistence,reference,0.0002559999999999,0.01879875,200901,-0.0185427500000001
LA-PH,200902,2,persistence,reference,0.0002559999999999,0.0199922499999999,200901,-0.01973625
LA-PH,200903,3,persistence,reference,0.0003239999999999,0.02237275,200901,-0.0220487500000001
LA-PH,200904,1,persistence,reference,0.0002559999999999,0.0046394999999999,200904,-0.004383499999999999
LA-PH,200905,2,persistence,reference,0.0002559999999999,0.00739325,200904,-0.007137250000000099
LA-PH,200906,3,persistence,reference,0.0003239999999999,0.02563525,200904,-0.025311250000000098
LA-PH,200907,1,persistence,reference,0.0002559999999999,0.2889522499999999,200907,-0.28869625
LA-PH,200909,3,persistence,reference,0.0003239999999999,0.35937375,200907,-0.3590497500000001
LA-PH,200910,1,persistence,reference,0.0002559999999999,0.01366325,200910,-0.0134072500000001
LA-PH,200911,2,persistence,reference,0.0002559999999999,0.0062909999999999,200910,-0.0060349999999999996
LA-PH,200912,3,persistence,reference,0.0003239999999999,0.0010257499999999,200910,-0.00070175
LA-SL,200801,1,persistence,reference,5.888300000000001,0.9460025,200801,4.942297500000001
LA-SL,200802,2,persistence,reference,4.932642,0.4024604999999999,200801,4.5301815
LA-SL,200803,3,persistence,reference,1.538814,3.83495525,200801,-2.2961412500000002
LA-SL,200804,1,persistence,reference,2.4083299999999994,0.8814482499999999,200804,1.5268817499999994
LA-SL,200805,2,persistence,reference,94.771065,87.96084450000001,200804,6.810220499999986
LA-SL,200806,3,persistence,reference,215.529118,186.880216,200804,28.64890200000002
LA-SL,200807,1,persistence,reference,144.638988,49.76997650000001,200807,94.8690115
LA-SL,200808,2,persistence,reference,157.654794,39.88643125,200807,117.76836275000001
LA-SL,200809,3,persistence,reference,135.591742,57.137924,200807,78.45381800000001
LA-SL,200810,1,persistence,reference,5.024252000000001,35.92986325,200810,-30.905611249999996
LA-SL,200811,2,persistence,reference,59.913664,7.849220999999998,200810,52.064443
LA-SL,200812,3,persistence,reference,72.336984,2.7953297499999996,200810,69.54165425000001
LA-SL,200901,1,persistence,reference,5.890064000000001,1.50037375,200901,4.389690250000001
LA-SL,200902,2,persistence,reference,14.107243,19.47660375,200901,-5.3693607499999985
LA-SL,200903,3,persistence,reference,14.945415000000002,12.97579675,200901,1.9696182500000017
LA-SL,200904,1,persistence,reference,5.018927,5.949767,200904,-0.9308399999999999
LA-SL,200905,2,persistence,reference,91.851327,42.247478750000006,200904,49.60384824999999
LA-SL,200906,3,persistence,reference,14.970665,31.07008425,200904,-16.09941925
LA-SL,200907,1,persistence,reference,118.6355,111.740249,200907,6.895250999999988
LA-SL,200908,2,persistence,reference,80.18723700000001,86.96571524999999,200907,-6.778478249999978
LA-SL,200909,3,persistence,reference,45.277277,60.81161849999992,200907,-15.534341499999925
LA-SL,200910,1,persistence,reference,2.434636,35.290878750000005,200910,-32.85624275000001
LA-SL,200911,2,persistence,reference,43.493157999999994,17.595326500000002,200910,25.89783149999999
LA-SL,200912,3,persistence,reference,69.439998,6.662675,200910,62.777323
LA-SV,200801,1,persistence,reference,4.8442229999999995,4.81603275,200801,0.02819024999999975
LA-SV,200802,2,persistence,reference,8.673057,0.80301975,200801,7.87003725
LA-SV,200803,3,persistence,reference,12.976107,0.446021,200801,12.530086
LA-SV,200804,1,persistence,reference,5.031711999999999,3.332029,200804,1.699682999999999
LA-SV,200805,2,persistence,reference,8.798821000000004,7.582976,200804,1.2158450000000034
LA-SV,200806,3,persistence,reference,14.938783,24.483152499999996,200804,-9.544369499999995
LA-SV,200807,1,persistence,reference,5.993041000000005,28.74233050000001,200807,-22.749289500000003
LA-SV,200808,2,persistence,reference,11.269002999999998,27.43958175,200807,-16.17057875
LA-SV,200809,3,persistence,reference,16.011347999999998,30.349143,200807,-14.337795000000003
LA-SV,200810,1,persistence,reference,7.473481,3.732488,200810,3.7409929999999996
LA-SV,200811,2,persistence,reference,8.967742000000001,0.938717,200810,8.029025
LA-SV,200812,3,persistence,reference,13.509918999999996,0.3078467499999999,200810,13.202072249999997
LA-SV,200901,1,persistence,reference,4.710222999999999,0.0638715,200901,4.646351499999999
LA-SV,200902,2,persistence,reference,8.589056999999997,0.01188825,200901,8.577168749999997
LA-SV,200903,3,persistence,reference,12.924106999999992,0.1344774999999999,200901,12.789629499999993
LA-SV,200904,1,persistence,reference,4.710222999999999,0.177956,200904,4.532266999999999
LA-SV,200905,2,persistence,reference,8.589056999999997,1.2141945,200904,7.374862499999997
LA-SV,200906,3,persistence,reference,12.976107,1.6867960000000002,200904,11.289311000000001
LA-SV,200907,1,persistence,reference,9.081712000000003,37.263484499999976,200907,-28.181772499999973
LA-SV,200908,2,persistence,reference,21.414821000000003,34.300059249999975,200907,-12.885238249999972
LA-SV,200909,3,persistence,reference,29.858783000000003,37.789109499999995,200907,-7.9303264999999925
LA-SV,200910,1,persistence,reference,22.608721999999993,6.8573585,200910,15.751363499999993
LA-SV,200911,2,persistence,reference,17.216891000000004,15.18808925,200910,2.028801750000003
LA-SV,200912,3,persistence,reference,33.27619299999999,1.5517175,200910,31.724475499999993
LA-VT,200801,1,persistence,reference,43.562509000000006,10.41363775,200801,33.148871250000006
LA-VT,200802,2,persistence,reference,53.531439000000006,4.048265499999999,200801,49.48317350000001
LA-VT,200803,3,persistence,reference,53.29954199999999,16.21127275,200801,37.08826924999999
LA-VT,200804,1,persistence,reference,17.354836999999996,14.86311825,200804,2.491718749999997
LA-VT,200805,2,persistence,reference,23.829443999999995,25.32802325,200804,-1.498579250000006
LA-VT,200806,3,persistence,reference,34.40855599999999,63.382244,200804,-28.97368800000001
LA-VT,200807,1,persistence,reference,44.285051,77.94207399999999,200807,-33.65702299999999
LA-VT,200808,2,persistence,reference,49.550028999999995,85.36697600000001,200807,-35.81694700000001
LA-VT,200809,3,persistence,reference,57.28912399999999,92.04925725,200807,-34.76013325000001
LA-VT,200810,1,persistence,reference,40.699749,34.733028499999996,200810,5.966720500000001
LA-VT,200811,2,persistence,reference,36.577603,55.85755025,200810,-19.27994725
LA-VT,200812,3,persistence,reference,56.08934400000001,57.039691999999995,200810,-0.950347999999984
LA-VT,200901,1,persistence,reference,33.955966000000004,18.6692275,200901,15.286738500000002
LA-VT,200902,2,persistence,reference,46.578158000000016,11.15564675,200901,35.422511250000014
LA-VT,200903,3,persistence,reference,52.60918800000002,6.316684999999999,200901,46.29250300000002
LA-VT,200904,1,persistence,reference,14.502862999999998,11.440299,200904,3.0625639999999983
LA-VT,200905,2,persistence,reference,26.674568000000008,76.90866274999999,200904,-50.23409474999998
LA-VT,200906,3,persistence,reference,45.832223,119.32943025,200904,-73.49720725
LA-VT,200907,1,persistence,reference,142.69739800000002,181.146872,200907,-38.44947399999998
LA-VT,200908,2,persistence,reference,166.135237,220.64271349999996,200907,-54.50747649999997
LA-VT,200909,3,persistence,reference,238.83145099999996,302.954888,200907,-64.12343700000002
LA-VT,200910,1,persistence,reference,37.81561000000001,204.359398,200910,-166.543788
LA-VT,200911,2,persistence,reference,44.86481699999999,263.1079635,200910,-218.2431465
LA-VT,200912,3,persistence,reference,73.67705999999998,252.429333,200910,-178.75227300000003
LA-XA,200801,1,persistence,reference,1.370140000000001,1.1505040000000002,200801,0.21963600000000083
LA-XA,200802,2,persistence,reference,1.726794,0.2366035,200801,1.4901905
LA-XA,200803,3,persistence,reference,2.4291660000000004,0.1543484999999999,200801,2.2748175000000006
LA-XA,200804,1,persistence,reference,0.9566909999999992,0.77906425,200804,0.17762674999999917
LA-XA,200805,2,persistence,reference,2.003665,1.2713525,200804,0.7323124999999997
LA-XA,200806,3,persistence,reference,4.741557,2.05771575,200804,2.6838412500000004
LA-XA,200807,1,persistence,reference,9.660272,10.87978875,200807,-1.2195167499999986
LA-XA,200808,2,persistence,reference,1.9991069999999984,4.2063855000000006,200807,-2.207278500000002
LA-XA,200809,3,persistence,reference,4.655937,2.76171725,200807,1.89421975
LA-XA,200810,1,persistence,reference,1.8581400000000008,1.58890925,200810,0.26923075000000085
LA-XA,200811,2,persistence,reference,1.726794,0.84899375,200810,0.87780025
LA-XA,200812,3,persistence,reference,2.223166000000001,0.4167335,200810,1.806432500000001
LA-XA,200901,1,persistence,reference,1.370140000000001,0.1101447499999999,200901,1.2599952500000011
LA-XA,200902,2,persistence,reference,1.726794,0.0481382499999999,200901,1.6786557500000001
LA-XA,200903,3,persistence,reference,2.4291660000000004,0.24881025,200901,2.1803557500000004
LA-XA,200904,1,persistence,reference,0.9566909999999992,0.3033045,200904,0.6533864999999992
LA-XA,200905,2,persistence,reference,1.5876649999999994,1.03324375,200904,0.5544212499999994
LA-XA,200906,3,persistence,reference,9.675557,5.94217775,200904,3.7333792499999996
LA-XA,200907,1,persistence,reference,2.7803690000000003,7.379285499999998,200907,-4.598916499999998
LA-XA,200908,2,persistence,reference,17.094084000000002,22.550600999999997,200907,-5.4565169999999945
LA-XA,200909,3,persistence,reference,3.863987999999999,7.1610365,200907,-3.2970485000000007
LA-XA,200910,1,persistence,reference,4.720613,4.92278925,200910,-0.20217624999999995
LA-XA,200911,2,persistence,reference,4.825930999999999,2.280862,200910,2.545068999999999
LA-XA,200912,3,persistence,reference,8.469738999999999,1.3425107500000002,200910,7.127228249999998
LA-XE,200801,1,persistence,reference,0.6979409999999999,0.02217525,200801,0.6757657499999999
LA-XE,200802,2,persistence,reference,0.6954600000000001,0.01211,200801,0.6833500000000001
LA-XE,200803,3,persistence,reference,0.6880539999999999,0.00373475,200801,0.6843192499999999
LA-XE,200804,1,persistence,reference,0.067505,0.015731,200804,0.051774
LA-XE,200805,2,persistence,reference,0.0713599999999999,0.0489292499999999,200804,0.022430749999999992
LA-XE,200806,3,persistence,reference,4.053398,4.0933755000000005,200804,-0.03997750000000089
LA-XE,200807,1,persistence,reference,4.160576,0.35634,200807,3.804236
LA-XE,200808,2,persistence,reference,4.131926999999999,0.4287667500000001,200807,3.703160249999999
LA-XE,200809,3,persistence,reference,3.2153919999999996,0.6875152499999996,200807,2.52787675
LA-XE,200810,1,persistence,reference,0.6979409999999999,0.0646334999999999,200810,0.6333075
LA-XE,200811,2,persistence,reference,0.6954600000000001,0.0372232499999999,200810,0.6582367500000001
LA-XE,200812,3,persistence,reference,0.120054,0.84022825,200810,-0.72017425
LA-XE,200901,1,persistence,reference,0.6979409999999999,0.00720625,200901,0.69073475
LA-XE,200902,2,persistence,reference,0.6954600000000001,1.8398695,200901,-1.1444095
LA-XE,200903,3,persistence,reference,0.6880539999999999,1.74783625,200901,-1.05978225
LA-XE,200904,1,persistence,reference,0.71307,0.50987075,200904,0.20319924999999994
LA-XE,200905,2,persistence,reference,0.132101,1.004893,200904,-0.872792
LA-XE,200906,3,persistence,reference,6.022938,6.3652447500000005,200904,-0.34230675000000055
LA-XE,200907,1,persistence,reference,19.060946,22.88537925,200907,-3.8244332499999985
LA-XE,200908,2,persistence,reference,16.974494,21.641675000000006,200907,-4.6671810000000065
LA-XE,200909,3,persistence,reference,2.3166710000000004,4.024183750000001,200907,-1.7075127500000002
LA-XE,200910,1,persistence,reference,0.722745,2.7019832499999996,200910,-1.9792382499999996
LA-XE,200911,2,persistence,reference,2.3122510000000003,7.036917250000002,200910,-4.724666250000002
LA-XE,200912,3,persistence,reference,0.713921,7.842418,200910,-7.128497
LA-XI,200801,1,persistence,reference,0.000689,0.00090475,200801,-0.0002157499999999999
LA-XI,200802,2,persistence,reference,0.000689,0.0001669999999999,200801,0.0005220000000001001
LA-XI,200803,3,persistence,reference,0.000757,0.0003524999999999,200801,0.0004045000000001
LA-XI,200804,1,persistence,reference,0.000689,0.00079725,200804,-0.00010824999999999995
LA-XI,200805,2,persistence,reference,0.000689,0.001582,200804,-0.000893
LA-XI,200806,3,persistence,reference,0.948757,0.9245345,200804,0.024222499999999925
LA-XI,200807,1,persistence,reference,0.951314,0.3463042500000001,200807,0.6050097499999999
LA-XI,200808,2,persistence,reference,0.951314,0.3403080000000001,200807,0.6110059999999999
LA-XI,200809,3,persistence,reference,0.949433,0.3975650000000001,200807,0.5518679999999998
LA-XI,200810,1,persistence,reference,0.000689,0.009557,200810,-0.008868
LA-XI,200811,2,persistence,reference,0.000689,0.003309,200810,-0.00262
LA-XI,200812,3,persistence,reference,0.000757,0.0018475,200810,-0.0010904999999999999
LA-XI,200901,1,persistence,reference,0.000689,0.0012932499999999,200901,-0.0006042499999998999
LA-XI,200902,2,persistence,reference,0.000689,0.00165875,200901,-0.00096975
LA-XI,200903,3,persistence,reference,0.000757,0.0013672499999999,200901,-0.0006102499999999
LA-XI,200904,1,persistence,reference,0.000689,0.00055,200904,0.00013900000000000002
LA-XI,200905,2,persistence,reference,38.934689,38.9299575,200904,0.004731499999998334
LA-XI,200906,3,persistence,reference,32.93075700000001,32.86331375,200904,0.06744325000000373
LA-XI,200907,1,persistence,reference,31.935378,0.8017247500000004,200907,31.13365325
LA-XI,200908,2,persistence,reference,22.935378,6.8300355,200907,16.1053425
LA-XI,200909,3,persistence,reference,32.931514,0.6391172500000004,200907,32.29239675
LA-XI,200910,1,persistence,reference,0.000689,1.001379,200910,-1.00069
LA-XI,200911,2,persistence,reference,0.000689,0.4416812499999999,200910,-0.4409922499999999
LA-XI,200912,3,persistence,reference,0.000757,0.1998577499999999,200910,-0.19910074999999988
LA-AT,200801,1,persistence,reference_r1,3.417114,2.806285,200801,0.6108290000000003
LA-AT,200802,2,persistence,reference_r1,1.554761,1.341475,200801,0.2132860000000001
LA-AT,200803,3,persistence,reference_r1,0.0719689999999997,0.061975,200801,0.009993999999999698
LA-AT,200804,1,persistence,reference_r1,0.0471139999999998,0.3789469999999999,200804,-0.3318330000000001
LA-AT,200805,2,persistence,reference_r1,3.342761,1.3374549999999998,200804,2.005306
LA-AT,200806,3,persistence,reference_r1,8.929969,3.945613999999999,200804,4.984355000000001
LA-AT,200807,1,persistence,reference_r1,3.450605,3.5272179999999977,200807,-0.07661299999999782
LA-AT,200808,2,persistence,reference_r1,0.8260830000000001,6.807785000000001,200807,-5.981702
LA-AT,200809,3,persistence,reference_r1,12.807472,16.244118,200807,-3.4366459999999996
LA-AT,200810,1,persistence,reference_r1,21.839211,28.943094,200810,-7.103883
LA-AT,200811,2,persistence,reference_r1,17.716617,27.993947999999996,200810,-10.277330999999997
LA-AT,200812,3,persistence,reference_r1,0.8262919999999996,16.509431,200810,-15.683139
LA-AT,200901,1,persistence,reference_r1,4.403041999999999,8.571817000000001,200901,-4.168775000000002
LA-AT,200902,2,persistence,reference_r1,21.580328,39.920433,200901,-18.340105
LA-AT,200903,3,persistence,reference_r1,51.660003,59.339418,200901,-7.679414999999999
LA-AT,200904,1,persistence,reference_r1,20.870388,38.051312,200904,-17.180924000000005
LA-AT,200905,2,persistence,reference_r1,74.407714,79.726427,200904,-5.3187130000000025
LA-AT,200906,3,persistence,reference_r1,50.686121,46.934006,200904,3.7521150000000034
LA-AT,200907,1,persistence,reference_r1,38.397211,46.254555,200907,-7.857344000000005
LA-AT,200908,2,persistence,reference_r1,2.492617,14.772161000000002,200907,-12.279544000000001
LA-AT,200909,3,persistence,reference_r1,6.1402920000000005,10.451500000000005,200907,-4.311208000000004
LA-AT,200910,1,persistence,reference_r1,12.098028,6.058219999999999,200910,6.039808000000001
LA-AT,200911,2,persistence,reference_r1,0.8285939999999998,6.349321000000003,200910,-5.5207270000000035
LA-AT,200912,3,persistence,reference_r1,9.930269,4.790006,200910,5.140262999999999
LA-BK,200801,1,persistence,reference_r1,0.702799,0.950629,200801,-0.24783
LA-BK,200802,2,persistence,reference_r1,0.0441579999999999,0.0002249999999999,200801,0.043933
LA-BK,200803,3,persistence,reference_r1,0.04958,4.900000000000043e-05,200801,0.049531
LA-BK,200804,1,persistence,reference_r1,0.0387989999999999,0.0041699999999999,200804,0.034629
LA-BK,200805,2,persistence,reference_r1,11.132158,11.481751,200804,-0.3495929999999987
LA-BK,200806,3,persistence,reference_r1,51.985580000000006,52.380663,200804,-0.3950829999999925
LA-BK,200807,1,persistence,reference_r1,50.223598,1.8235460000000003,200807,48.400052
LA-BK,200808,2,persistence,reference_r1,43.128316,5.889229,200807,37.239087
LA-BK,200809,3,persistence,reference_r1,19.03516,20.908226,200807,-1.873065999999998
LA-BK,200810,1,persistence,reference_r1,14.223598,18.82282,200810,-4.599221999999999
LA-BK,200811,2,persistence,reference_r1,21.128316,46.621224999999995,200810,-25.492908999999994
LA-BK,200812,3,persistence,reference_r1,27.03516,2.8251839999999993,200810,24.209976
LA-BK,200901,1,persistence,reference_r1,3.438492,0.513538,200901,2.924954
LA-BK,200902,2,persistence,reference_r1,4.3407670000000005,0.3000260000000001,200901,4.040741000000001
LA-BK,200903,3,persistence,reference_r1,3.355307,0.6462910000000002,200901,2.7090159999999996
LA-BK,200904,1,persistence,reference_r1,1.589023,1.2103629999999996,200904,0.37866000000000044
LA-BK,200905,2,persistence,reference_r1,72.11584199999999,44.103216,200904,28.012625999999983
LA-BK,200906,3,persistence,reference_r1,214.019436,138.144408,200904,75.87502800000001
LA-BK,200907,1,persistence,reference_r1,3.439598,182.856704,200907,-179.41710600000002
LA-BK,200908,2,persistence,reference_r1,105.128316,87.756339,200907,17.371977
LA-BK,200909,3,persistence,reference_r1,163.03516,37.782602999999995,200907,125.252557
LA-BK,200910,1,persistence,reference_r1,20.223598,19.951669999999993,200910,0.27192800000000616
LA-BK,200911,2,persistence,reference_r1,46.128316,14.447072000000006,200910,31.681243999999992
LA-BK,200912,3,persistence,reference_r1,47.03516,4.477210999999999,200910,42.557949
LA-BL,200801,1,persistence,reference_r1,5.383502,5.336466,200801,0.0470360000000003
LA-BL,200802,2,persistence,reference_r1,4.609445999999998,6.0535429999999995,200801,-1.444097000000001
LA-BL,200803,3,persistence,reference_r1,4.952254,0.415189,200801,4.537065
LA-BL,200804,1,persistence,reference_r1,2.695502000000001,1.2637999999999998,200804,1.4317020000000014
LA-BL,200805,2,persistence,reference_r1,7.897445999999999,5.053599,200804,2.8438469999999985
LA-BL,200806,3,persistence,reference_r1,9.692254000000002,5.804210999999999,200804,3.8880430000000032
LA-BL,200807,1,persistence,reference_r1,8.23891,20.495765,200807,-12.256854999999998
LA-BL,200808,2,persistence,reference_r1,9.221346999999998,20.484250000000003,200807,-11.262903000000005
LA-BL,200809,3,persistence,reference_r1,9.298677,18.057228999999992,200807,-8.758551999999993
LA-BL,200810,1,persistence,reference_r1,16.470322000000003,9.489426000000002,200810,6.980896000000001
LA-BL,200811,2,persistence,reference_r1,12.262498,3.9708140000000007,200810,8.291684
LA-BL,200812,3,persistence,reference_r1,17.99097,1.0381939999999998,200810,16.952776
LA-BL,200901,1,persistence,reference_r1,2.511502,0.6901630000000001,200901,1.821339
LA-BL,200902,2,persistence,reference_r1,3.6934460000000016,1.589537,200901,2.1039090000000016
LA-BL,200903,3,persistence,reference_r1,4.9942540000000015,1.121915,200901,3.8723390000000015
LA-BL,200904,1,persistence,reference_r1,2.5010209999999997,0.8780580000000002,200904,1.6229629999999995
LA-BL,200905,2,persistence,reference_r1,3.323820999999999,3.5272330000000007,200904,-0.20341200000000192
LA-BL,200906,3,persistence,reference_r1,5.582812999999998,4.780385000000001,200904,0.8024279999999973
LA-BL,200907,1,persistence,reference_r1,17.514046,20.824137,200907,-3.310091
LA-BL,200908,2,persistence,reference_r1,4.609358000000002,6.783066000000019,200907,-2.1737080000000173
LA-BL,200909,3,persistence,reference_r1,6.933896999999998,6.38891000000001,200907,0.5449869999999883
LA-BL,200910,1,persistence,reference_r1,2.3170210000000004,5.8023419999999994,200910,-3.485320999999999
LA-BL,200911,2,persistence,reference_r1,3.4678210000000007,2.2504549999999997,200910,1.217366000000001
LA-BL,200912,3,persistence,reference_r1,4.764813,0.58555,200910,4.179263000000001
LA-CH,200801,1,persistence,reference_r1,9.094472000000003,29.982736999999997,200801,-20.888264999999993
LA-CH,200802,2,persistence,reference_r1,19.277769,52.40844799999999,200801,-33.13067899999999
LA-CH,200803,3,persistence,reference_r1,22.452036999999997,57.700507,200801,-35.248470000000005
LA-CH,200804,1,persistence,reference_r1,16.585575000000002,24.732636999999997,200804,-8.147061999999995
LA-CH,200805,2,persistence,reference_r1,17.207692,54.823106,200804,-37.615414
LA-CH,200806,3,persistence,reference_r1,145.733314,116.17550700000004,200804,29.55780699999997
LA-CH,200807,1,persistence,reference_r1,103.949944,94.07779900000004,200807,9.87214499999996
LA-CH,200808,2,persistence,reference_r1,112.642802,89.994225,200807,22.648577000000003
LA-CH,200809,3,persistence,reference_r1,73.553239,115.732029,200807,-42.17878999999999
LA-CH,200810,1,persistence,reference_r1,31.000921000000005,45.98754500000001,200810,-14.986624000000006
LA-CH,200811,2,persistence,reference_r1,58.287541,34.662498,200810,23.625042999999998
LA-CH,200812,3,persistence,reference_r1,74.65110700000001,30.277976,200810,44.373131000000015
LA-CH,200901,1,persistence,reference_r1,28.518953000000003,9.676451,200901,18.842502000000003
LA-CH,200902,2,persistence,reference_r1,18.940767,29.409846,200901,-10.469079
LA-CH,200903,3,persistence,reference_r1,16.500345000000003,22.55662,200901,-6.056274999999996
LA-CH,200904,1,persistence,reference_r1,28.357396,30.911891999999995,200904,-2.554495999999993
LA-CH,200905,2,persistence,reference_r1,10.360133000000005,142.064055,200904,-131.70392199999998
LA-CH,200906,3,persistence,reference_r1,41.64690100000001,109.64383799999996,200904,-67.99693699999995
LA-CH,200907,1,persistence,reference_r1,7.347732000000001,74.18750999999997,200907,-66.83977799999997
LA-CH,200908,2,persistence,reference_r1,14.241996999999998,65.30548499999998,200907,-51.06348799999998
LA-CH,200909,3,persistence,reference_r1,20.237556,63.722842000000014,200907,-43.485286000000016
LA-CH,200910,1,persistence,reference_r1,31.559768,19.604265999999996,200910,11.955502000000003
LA-CH,200911,2,persistence,reference_r1,48.322561,17.510334999999998,200910,30.812226000000003
LA-CH,200912,3,persistence,reference_r1,48.408425,11.693559,200910,36.714866
LA-HO,200801,1,persistence,reference_r1,0.8303219999999999,0.0043119999999999,200801,0.82601
LA-HO,200802,2,persistence,reference_r1,0.8292019999999999,0.0005799999999999,200801,0.828622
LA-HO,200803,3,persistence,reference_r1,0.820377,0.006982,200801,0.813395
LA-HO,200804,1,persistence,reference_r1,0.0149129999999999,0.005124,200804,0.0097889999999999
LA-HO,200805,2,persistence,reference_r1,0.013793,0.017298,200804,-0.003505000000000001
LA-HO,200806,3,persistence,reference_r1,0.015768,0.0130669999999999,200804,0.002701000000000101
LA-HO,200807,1,persistence,reference_r1,0.0149129999999999,0.271166,200807,-0.2562530000000001
LA-HO,200808,2,persistence,reference_r1,0.013793,0.3568319999999998,200807,-0.3430389999999998
LA-HO,200809,3,persistence,reference_r1,0.809768,0.6915110000000002,200807,0.11825699999999983
LA-HO,200810,1,persistence,reference_r1,0.8303219999999999,0.068344,200810,0.7619779999999999
LA-HO,200811,2,persistence,reference_r1,0.8292019999999999,0.020439,200810,0.8087629999999999
LA-HO,200812,3,persistence,reference_r1,0.0263769999999999,0.882045,200810,-0.8556680000000001
LA-HO,200901,1,persistence,reference_r1,0.8303219999999999,0.0175039999999999,200901,0.812818
LA-HO,200902,2,persistence,reference_r1,0.8292019999999999,0.020537,200901,0.8086649999999999
LA-HO,200903,3,persistence,reference_r1,0.820377,0.0226949999999999,200901,0.7976820000000001
LA-HO,200904,1,persistence,reference_r1,0.0149129999999999,0.0086559999999999,200904,0.006257
LA-HO,200905,2,persistence,reference_r1,0.013793,0.011881,200904,0.0019120000000000005
LA-HO,200906,3,persistence,reference_r1,0.015768,0.0292879999999999,200904,-0.0135199999999999
LA-HO,200907,1,persistence,reference_r1,0.0149129999999999,0.4708740000000002,200907,-0.4559610000000003
LA-HO,200908,2,persistence,reference_r1,0.013793,0.6993079999999985,200907,-0.6855149999999985
LA-HO,200909,3,persistence,reference_r1,0.809768,0.8454510000000006,200907,-0.035683000000000575
LA-HO,200910,1,persistence,reference_r1,0.024322,0.590616,200910,-0.5662940000000001
LA-HO,200911,2,persistence,reference_r1,0.023202,0.759371,200910,-0.7361690000000001
LA-HO,200912,3,persistence,reference_r1,0.0263769999999999,0.859551,200910,-0.8331740000000001
LA-KH,200801,1,persistence,reference_r1,1.3149230000000005,0.7960209999999999,200801,0.5189020000000006
LA-KH,200802,2,persistence,reference_r1,2.0702239999999996,0.078793,200801,1.9914309999999995
LA-KH,200803,3,persistence,reference_r1,2.6522299999999994,0.0960979999999999,200801,2.5561319999999994
LA-KH,200804,1,persistence,reference_r1,1.3149230000000005,0.4580580000000001,200804,0.8568650000000004
LA-KH,200805,2,persistence,reference_r1,2.0702239999999996,1.4057220000000004,200804,0.6645019999999993
LA-KH,200806,3,persistence,reference_r1,3.0462299999999978,2.3056330000000003,200804,0.7405969999999975
LA-KH,200807,1,persistence,reference_r1,2.403284000000001,3.9414060000000006,200807,-1.5381219999999995
LA-KH,200808,2,persistence,reference_r1,2.5886239999999994,4.368635999999995,200807,-1.7800119999999957
LA-KH,200809,3,persistence,reference_r1,4.036038999999999,5.074849999999998,200807,-1.038810999999999
LA-KH,200810,1,persistence,reference_r1,3.125885000000002,0.8741729999999999,200810,2.251712000000002
LA-KH,200811,2,persistence,reference_r1,2.7576459999999976,1.21712,200810,1.5405259999999976
LA-KH,200812,3,persistence,reference_r1,2.9661490000000015,3.158685,200810,-0.1925359999999987
LA-KH,200901,1,persistence,reference_r1,3.713884999999999,0.090687,200901,3.623197999999999
LA-KH,200902,2,persistence,reference_r1,4.333645999999998,0.022896,200901,4.310749999999998
LA-KH,200903,3,persistence,reference_r1,3.796149,4.698398,200901,-0.9022489999999999
LA-KH,200904,1,persistence,reference_r1,4.995498000000001,0.42686,200904,4.568638000000002
LA-KH,200905,2,persistence,reference_r1,2.422528,2.140671,200904,0.2818569999999996
LA-KH,200906,3,persistence,reference_r1,54.16718900000001,66.004084,200904,-11.836894999999998
LA-KH,200907,1,persistence,reference_r1,60.490204000000006,106.879747,200907,-46.38954299999999
LA-KH,200908,2,persistence,reference_r1,191.180325,234.434457,200907,-43.254132
LA-KH,200909,3,persistence,reference_r1,163.22992399999998,204.429162,200907,-41.19923800000001
LA-KH,200910,1,persistence,reference_r1,169.74701399999998,42.26448099999999,200910,127.48253299999999
LA-KH,200911,2,persistence,reference_r1,185.115734,22.88512800000001,200910,162.230606
LA-KH,200912,3,persistence,reference_r1,175.88018300000002,30.801508,200910,145.07867500000003
LA-LM,200801,1,persistence,reference_r1,0.0063019999999999,0.0002999999999999,200801,0.0060019999999999995
LA-LM,200802,2,persistence,reference_r1,0.007978,0.000122,200801,0.007856
LA-LM,200803,3,persistence,reference_r1,0.008063,2.499999999999985e-05,200801,0.008038
LA-LM,200804,1,persistence,reference_r1,0.0063019999999999,0.000124,200804,0.0061779999999999
LA-LM,200805,2,persistence,reference_r1,0.007978,0.0021919999999999,200804,0.0057860000000001
LA-LM,200806,3,persistence,reference_r1,0.008063,0.0018909999999999,200804,0.006172000000000101
LA-LM,200807,1,persistence,reference_r1,0.0063019999999999,0.7963180000000012,200807,-0.7900160000000013
LA-LM,200808,2,persistence,reference_r1,0.007978,0.4758069999999996,200807,-0.4678289999999996
LA-LM,200809,3,persistence,reference_r1,0.008063,0.7208550000000002,200807,-0.7127920000000002
LA-LM,200810,1,persistence,reference_r1,0.0063019999999999,0.0195489999999999,200810,-0.013247
LA-LM,200811,2,persistence,reference_r1,0.007978,0.006095,200810,0.001883000000000001
LA-LM,200812,3,persistence,reference_r1,0.008063,0.0024469999999999,200810,0.0056160000000001
LA-LM,200901,1,persistence,reference_r1,0.0063019999999999,0.0001009999999999,200901,0.006201
LA-LM,200902,2,persistence,reference_r1,0.007978,0.0001029999999999,200901,0.0078750000000001
LA-LM,200903,3,persistence,reference_r1,0.008063,0.000198,200901,0.007865
LA-LM,200904,1,persistence,reference_r1,0.880302,0.958457,200904,-0.07815499999999997
LA-LM,200905,2,persistence,reference_r1,0.007978,0.0034339999999999,200904,0.004544000000000101
LA-LM,200906,3,persistence,reference_r1,1.770063,1.7643019999999998,200904,0.005761000000000127
LA-LM,200907,1,persistence,reference_r1,0.886035,1.1185340000000004,200907,-0.23249900000000034
LA-LM,200908,2,persistence,reference_r1,1.777203,1.371440999999999,200907,0.40576200000000107
LA-LM,200909,3,persistence,reference_r1,1.777288,2.442892999999998,200907,-0.665604999999998
LA-LM,200910,1,persistence,reference_r1,0.8865399999999999,2.8746,200910,-1.9880600000000002
LA-LM,200911,2,persistence,reference_r1,1.7778919999999998,4.472734,200910,-2.6948420000000004
LA-LM,200912,3,persistence,reference_r1,0.016045,3.323479,200910,-3.3074339999999998
LA-LP,200801,1,persistence,reference_r1,3.4616930000000004,0.8923399999999999,200801,2.5693530000000004
LA-LP,200802,2,persistence,reference_r1,6.91244,14.172987,200801,-7.260546999999999
LA-LP,200803,3,persistence,reference_r1,10.133757,20.211646,200801,-10.077888999999999
LA-LP,200804,1,persistence,reference_r1,7.587196,17.479983,200804,-9.892787000000002
LA-LP,200805,2,persistence,reference_r1,77.70587800000001,71.88893,200804,5.816948000000011
LA-LP,200806,3,persistence,reference_r1,116.670978,91.158288,200804,25.512690000000006
LA-LP,200807,1,persistence,reference_r1,129.93954599999998,10.132220999999998,200807,119.80732499999998
LA-LP,200808,2,persistence,reference_r1,128.21567000000002,8.286504999999998,200807,119.92916500000001
LA-LP,200809,3,persistence,reference_r1,124.816253,8.988550000000004,200807,115.827703
LA-LP,200810,1,persistence,reference_r1,13.347094,16.19813,200810,-2.851035999999999
LA-LP,200811,2,persistence,reference_r1,84.94253,103.186419,200810,-18.243888999999996
LA-LP,200812,3,persistence,reference_r1,124.888534,156.46154800000002,200810,-31.573014000000015
LA-LP,200901,1,persistence,reference_r1,146.497715,8.809140000000001,200901,137.688575
LA-LP,200902,2,persistence,reference_r1,141.643959,5.491657,200901,136.152302
LA-LP,200903,3,persistence,reference_r1,139.126542,11.429456999999996,200901,127.697085
LA-LP,200904,1,persistence,reference_r1,1.1242739999999998,10.176047,200904,-9.051773
LA-LP,200905,2,persistence,reference_r1,1.711145,21.175609,200904,-19.464464000000003
LA-LP,200906,3,persistence,reference_r1,5.2004459999999995,42.291247,200904,-37.090801
LA-LP,200907,1,persistence,reference_r1,14.802083,19.340326000000005,200907,-4.538243000000005
LA-LP,200908,2,persistence,reference_r1,15.036039,21.440567,200907,-6.404528000000001
LA-LP,200909,3,persistence,reference_r1,278.002476,278.92249300000003,200907,-0.9200170000000298
LA-LP,200910,1,persistence,reference_r1,133.848548,71.391077,200910,62.457471
LA-LP,200911,2,persistence,reference_r1,204.57629,36.472492,200910,168.10379799999998
LA-LP,200912,3,persistence,reference_r1,288.208892,5.860408999999999,200910,282.348483
LA-OU,200801,1,persistence,reference_r1,0.0060349999999999,0.0013009999999999,200801,0.004734
LA-OU,200802,2,persistence,reference_r1,0.004123,8.099999999999948e-05,200801,0.0040420000000000005
LA-OU,200803,3,persistence,reference_r1,0.0080099999999999,0.000196,200801,0.0078139999999999
LA-OU,200804,1,persistence,reference_r1,0.0060349999999999,0.001445,200804,0.0045899999999999
LA-OU,200805,2,persistence,reference_r1,0.004123,0.00668,200804,-0.0025570000000000002
LA-OU,200806,3,persistence,reference_r1,0.0080099999999999,0.01061,200804,-0.0026000000000001005
LA-OU,200807,1,persistence,reference_r1,0.0060349999999999,1.682887000000001,200807,-1.6768520000000011
LA-OU,200808,2,persistence,reference_r1,0.004123,1.211114000000002,200807,-1.206991000000002
LA-OU,200809,3,persistence,reference_r1,0.0080099999999999,1.506416999999999,200807,-1.4984069999999992
LA-OU,200810,1,persistence,reference_r1,0.0060349999999999,0.01845,200810,-0.012415000000000101
LA-OU,200811,2,persistence,reference_r1,0.004123,0.008883,200810,-0.00476
LA-OU,200812,3,persistence,reference_r1,0.0080099999999999,0.00179,200810,0.006219999999999899
LA-OU,200901,1,persistence,reference_r1,0.0060349999999999,0.0002349999999999,200901,0.0058
LA-OU,200902,2,persistence,reference_r1,0.004123,0.0002299999999999,200901,0.0038930000000001
LA-OU,200903,3,persistence,reference_r1,0.0080099999999999,0.000401,200901,0.007608999999999899
LA-OU,200904,1,persistence,reference_r1,0.0060349999999999,0.000909,200904,0.0051259999999999
LA-OU,200905,2,persistence,reference_r1,0.004123,0.003631,200904,0.0004919999999999998
LA-OU,200906,3,persistence,reference_r1,0.0080099999999999,0.0142059999999999,200904,-0.006196
LA-OU,200907,1,persistence,reference_r1,0.0060349999999999,2.063321999999999,200907,-2.057286999999999
LA-OU,200908,2,persistence,reference_r1,0.886123,1.918763999999996,200907,-1.032640999999996
LA-OU,200909,3,persistence,reference_r1,14.71601,9.052779,200907,5.6632310000000015
LA-OU,200910,1,persistence,reference_r1,8.76207,2.288402,200910,6.473668
LA-OU,200911,2,persistence,reference_r1,1.848246,9.048211,200910,-7.199965000000001
LA-OU,200912,3,persistence,reference_r1,2.7500199999999997,16.185850000000002,200910,-13.435830000000003
LA-PH,200901,1,persistence,reference_r1,0.0002559999999999,0.018283,200901,-0.018027000000000102
LA-PH,200902,2,persistence,reference_r1,0.0002559999999999,0.0151399999999999,200901,-0.014884
LA-PH,200903,3,persistence,reference_r1,0.0003239999999999,0.023379,200901,-0.0230550000000001
LA-PH,200904,1,persistence,reference_r1,0.0002559999999999,0.0042419999999999,200904,-0.003986
LA-PH,200905,2,persistence,reference_r1,0.0002559999999999,0.0077689999999999,200904,-0.007513
LA-PH,200906,3,persistence,reference_r1,0.0003239999999999,0.025359,200904,-0.0250350000000001
LA-PH,200907,1,persistence,reference_r1,0.0002559999999999,0.3134899999999998,200907,-0.3132339999999999
LA-PH,200909,3,persistence,reference_r1,0.0003239999999999,0.3588460000000006,200907,-0.35852200000000073
LA-PH,200910,1,persistence,reference_r1,0.0002559999999999,0.013239,200910,-0.0129830000000001
LA-PH,200911,2,persistence,reference_r1,0.0002559999999999,0.004819,200910,-0.0045630000000001
LA-PH,200912,3,persistence,reference_r1,0.0003239999999999,0.0013359999999999,200910,-0.0010119999999999999
LA-SL,200801,1,persistence,reference_r1,5.888300000000001,0.926085,200801,4.9622150000000005
LA-SL,200802,2,persistence,reference_r1,4.932642,0.3957959999999999,200801,4.536846000000001
LA-SL,200803,3,persistence,reference_r1,1.538814,3.799515,200801,-2.260701
LA-SL,200804,1,persistence,reference_r1,2.4083299999999994,0.8009779999999997,200804,1.6073519999999997
LA-SL,200805,2,persistence,reference_r1,94.771065,86.77503999999999,200804,7.996025000000003
LA-SL,200806,3,persistence,reference_r1,215.529118,186.515377,200804,29.01374100000001
LA-SL,200807,1,persistence,reference_r1,144.638988,50.04390699999999,200807,94.59508100000002
LA-SL,200808,2,persistence,reference_r1,157.654794,39.873377000000005,200807,117.781417
LA-SL,200809,3,persistence,reference_r1,135.591742,56.34880499999997,200807,79.24293700000004
LA-SL,200810,1,persistence,reference_r1,5.024252000000001,36.058871,200810,-31.034619000000003
LA-SL,200811,2,persistence,reference_r1,59.913664,8.583240999999997,200810,51.330422999999996
LA-SL,200812,3,persistence,reference_r1,72.336984,2.7557669999999996,200810,69.581217
LA-SL,200901,1,persistence,reference_r1,5.890064000000001,1.6933980000000002,200901,4.1966660000000005
LA-SL,200902,2,persistence,reference_r1,14.107243,19.793677,200901,-5.686433999999998
LA-SL,200903,3,persistence,reference_r1,14.945415000000002,13.187762,200901,1.757653000000003
LA-SL,200904,1,persistence,reference_r1,5.018927,5.942529999999998,200904,-0.9236029999999982
LA-SL,200905,2,persistence,reference_r1,91.851327,37.748001,200904,54.103325999999996
LA-SL,200906,3,persistence,reference_r1,14.970665,30.417679000000007,200904,-15.447014000000006
LA-SL,200907,1,persistence,reference_r1,118.6355,111.59435499999996,200907,7.041145000000029
LA-SL,200908,2,persistence,reference_r1,80.18723700000001,88.33836399999996,200907,-8.151126999999946
LA-SL,200909,3,persistence,reference_r1,45.277277,59.15987000000001,200907,-13.882593000000014
LA-SL,200910,1,persistence,reference_r1,2.434636,38.116634000000005,200910,-35.68199800000001
LA-SL,200911,2,persistence,reference_r1,43.493157999999994,16.865976000000003,200910,26.62718199999999
LA-SL,200912,3,persistence,reference_r1,69.439998,6.781841,200910,62.658157
LA-SV,200801,1,persistence,reference_r1,4.8442229999999995,4.720395,200801,0.1238279999999996
LA-SV,200802,2,persistence,reference_r1,8.673057,0.6508780000000001,200801,8.022179
LA-SV,200803,3,persistence,reference_r1,12.976107,0.4247259999999999,200801,12.551381000000001
LA-SV,200804,1,persistence,reference_r1,5.031711999999999,3.0191350000000003,200804,2.0125769999999985
LA-SV,200805,2,persistence,reference_r1,8.798821000000004,8.405415,200804,0.39340600000000414
LA-SV,200806,3,persistence,reference_r1,14.938783,23.16565599999999,200804,-8.22687299999999
LA-SV,200807,1,persistence,reference_r1,5.993041000000005,27.141977999999995,200807,-21.14893699999999
LA-SV,200808,2,persistence,reference_r1,11.269002999999998,30.135377000000005,200807,-18.866374000000008
LA-SV,200809,3,persistence,reference_r1,16.011347999999998,34.98446899999999,200807,-18.973120999999992
LA-SV,200810,1,persistence,reference_r1,7.473481,3.695937999999999,200810,3.7775430000000005
LA-SV,200811,2,persistence,reference_r1,8.967742000000001,1.1047089999999995,200810,7.8630330000000015
LA-SV,200812,3,persistence,reference_r1,13.509918999999996,0.3099349999999998,200810,13.199983999999997
LA-SV,200901,1,persistence,reference_r1,4.710222999999999,0.0684719999999999,200901,4.641750999999999
LA-SV,200902,2,persistence,reference_r1,8.589056999999997,0.0091009999999999,200901,8.579955999999997
LA-SV,200903,3,persistence,reference_r1,12.924106999999992,0.1195999999999999,200901,12.804506999999992
LA-SV,200904,1,persistence,reference_r1,4.710222999999999,0.19838,200904,4.511842999999999
LA-SV,200905,2,persistence,reference_r1,8.589056999999997,1.2955690000000004,200904,7.293487999999996
LA-SV,200906,3,persistence,reference_r1,12.976107,1.671367,200904,11.30474
LA-SV,200907,1,persistence,reference_r1,9.081712000000003,36.563412000000085,200907,-27.48170000000008
LA-SV,200908,2,persistence,reference_r1,21.414821000000003,36.55258100000003,200907,-15.137760000000029
LA-SV,200909,3,persistence,reference_r1,29.858783000000003,37.92182100000002,200907,-8.06303800000002
LA-SV,200910,1,persistence,reference_r1,22.608721999999993,6.569216999999998,200910,16.039504999999995
LA-SV,200911,2,persistence,reference_r1,17.216891000000004,14.002177,200910,3.2147140000000043
LA-SV,200912,3,persistence,reference_r1,33.27619299999999,1.5345059999999997,200910,31.74168699999999
LA-VT,200801,1,persistence,reference_r1,43.562509000000006,10.30095,200801,33.261559000000005
LA-VT,200802,2,persistence,reference_r1,53.531439000000006,4.277474999999999,200801,49.25396400000001
LA-VT,200803,3,persistence,reference_r1,53.29954199999999,16.392575,200801,36.90696699999999
LA-VT,200804,1,persistence,reference_r1,17.354836999999996,14.607781999999997,200804,2.7470549999999996
LA-VT,200805,2,persistence,reference_r1,23.829443999999995,26.01387500000001,200804,-2.1844310000000142
LA-VT,200806,3,persistence,reference_r1,34.40855599999999,60.31072499999999,200804,-25.902169
LA-VT,200807,1,persistence,reference_r1,44.285051,76.37116700000001,200807,-32.08611600000001
LA-VT,200808,2,persistence,reference_r1,49.550028999999995,83.16134499999998,200807,-33.61131599999999
LA-VT,200809,3,persistence,reference_r1,57.28912399999999,92.289514,200807,-35.00039000000001
LA-VT,200810,1,persistence,reference_r1,40.699749,32.774846999999994,200810,7.924902000000003
LA-VT,200811,2,persistence,reference_r1,36.577603,47.75630199999999,200810,-11.178698999999988
LA-VT,200812,3,persistence,reference_r1,56.08934400000001,54.407596,200810,1.6817480000000131
LA-VT,200901,1,persistence,reference_r1,33.955966000000004,17.709208,200901,16.246758000000003
LA-VT,200902,2,persistence,reference_r1,46.578158000000016,11.839023,200901,34.73913500000002
LA-VT,200903,3,persistence,reference_r1,52.60918800000002,6.0935179999999995,200901,46.515670000000014
LA-VT,200904,1,persistence,reference_r1,14.502862999999998,11.926208000000004,200904,2.5766549999999935
LA-VT,200905,2,persistence,reference_r1,26.674568000000008,90.65788899999998,200904,-63.983320999999975
LA-VT,200906,3,persistence,reference_r1,45.832223,140.70637,200904,-94.874147
LA-VT,200907,1,persistence,reference_r1,142.69739800000002,180.51560900000004,200907,-37.81821100000002
LA-VT,200908,2,persistence,reference_r1,166.135237,222.86109699999997,200907,-56.72585999999998
LA-VT,200909,3,persistence,reference_r1,238.83145099999996,302.699429,200907,-63.86797800000005
LA-VT,200910,1,persistence,reference_r1,37.81561000000001,211.941444,200910,-174.125834
LA-VT,200911,2,persistence,reference_r1,44.86481699999999,256.661353,200910,-211.79653600000003
LA-VT,200912,3,persistence,reference_r1,73.67705999999998,255.17636500000003,200910,-181.49930500000005
LA-XA,200801,1,persistence,reference_r1,1.370140000000001,1.3965680000000005,200801,-0.026427999999999452
LA-XA,200802,2,persistence,reference_r1,1.726794,0.229547,200801,1.497247
LA-XA,200803,3,persistence,reference_r1,2.4291660000000004,0.1670229999999999,200801,2.2621430000000005
LA-XA,200804,1,persistence,reference_r1,0.9566909999999992,0.697835,200804,0.2588559999999992
LA-XA,200805,2,persistence,reference_r1,2.003665,1.1948109999999996,200804,0.8088540000000002
LA-XA,200806,3,persistence,reference_r1,4.741557,2.0704079999999996,200804,2.6711490000000007
LA-XA,200807,1,persistence,reference_r1,9.660272,10.65607,200807,-0.9957979999999989
LA-XA,200808,2,persistence,reference_r1,1.9991069999999984,4.293488,200807,-2.2943810000000013
LA-XA,200809,3,persistence,reference_r1,4.655937,2.4410230000000013,200807,2.2149139999999985
LA-XA,200810,1,persistence,reference_r1,1.8581400000000008,1.6754129999999998,200810,0.18272700000000097
LA-XA,200811,2,persistence,reference_r1,1.726794,1.00853,200810,0.718264
LA-XA,200812,3,persistence,reference_r1,2.223166000000001,0.4394329999999999,200810,1.783733000000001
LA-XA,200901,1,persistence,reference_r1,1.370140000000001,0.1239709999999999,200901,1.2461690000000012
LA-XA,200902,2,persistence,reference_r1,1.726794,0.0427989999999999,200901,1.6839950000000001
LA-XA,200903,3,persistence,reference_r1,2.4291660000000004,0.2434389999999999,200901,2.1857270000000004
LA-XA,200904,1,persistence,reference_r1,0.9566909999999992,0.370953,200904,0.5857379999999992
LA-XA,200905,2,persistence,reference_r1,1.5876649999999994,1.023574,200904,0.5640909999999995
LA-XA,200906,3,persistence,reference_r1,9.675557,5.498389,200904,4.177167999999999
LA-XA,200907,1,persistence,reference_r1,2.7803690000000003,7.360831000000005,200907,-4.580462000000004
LA-XA,200908,2,persistence,reference_r1,17.094084000000002,22.397193,200907,-5.303108999999999
LA-XA,200909,3,persistence,reference_r1,3.863987999999999,6.705635999999998,200907,-2.8416479999999993
LA-XA,200910,1,persistence,reference_r1,4.720613,5.026572,200910,-0.30595899999999965
LA-XA,200911,2,persistence,reference_r1,4.825930999999999,2.2736340000000004,200910,2.5522969999999985
LA-XA,200912,3,persistence,reference_r1,8.469738999999999,1.2300140000000002,200910,7.239724999999998
LA-XE,200801,1,persistence,reference_r1,0.6979409999999999,0.025938,200801,0.6720029999999999
LA-XE,200802,2,persistence,reference_r1,0.6954600000000001,0.010401,200801,0.6850590000000001
LA-XE,200803,3,persistence,reference_r1,0.6880539999999999,0.004611,200801,0.6834429999999999
LA-XE,200804,1,persistence,reference_r1,0.067505,0.013278,200804,0.054227
LA-XE,200805,2,persistence,reference_r1,0.0713599999999999,0.0511699999999999,200804,0.020189999999999993
LA-XE,200806,3,persistence,reference_r1,4.053398,4.153352,200804,-0.09995400000000032
LA-XE,200807,1,persistence,reference_r1,4.160576,0.2521019999999998,200807,3.908474
LA-XE,200808,2,persistence,reference_r1,4.131926999999999,0.3110590000000002,200807,3.820867999999999
LA-XE,200809,3,persistence,reference_r1,3.2153919999999996,0.6611639999999999,200807,2.5542279999999997
LA-XE,200810,1,persistence,reference_r1,0.6979409999999999,0.0843609999999999,200810,0.61358
LA-XE,200811,2,persistence,reference_r1,0.6954600000000001,0.0609059999999999,200810,0.6345540000000002
LA-XE,200812,3,persistence,reference_r1,0.120054,0.7948409999999999,200810,-0.6747869999999999
LA-XE,200901,1,persistence,reference_r1,0.6979409999999999,0.007341,200901,0.6905999999999999
LA-XE,200902,2,persistence,reference_r1,0.6954600000000001,1.841679,200901,-1.1462189999999999
LA-XE,200903,3,persistence,reference_r1,0.6880539999999999,1.7486339999999998,200901,-1.0605799999999999
LA-XE,200904,1,persistence,reference_r1,0.71307,0.488701,200904,0.22436899999999999
LA-XE,200905,2,persistence,reference_r1,0.132101,0.904395,200904,-0.7722939999999999
LA-XE,200906,3,persistence,reference_r1,6.022938,6.313711,200904,-0.2907729999999997
LA-XE,200907,1,persistence,reference_r1,19.060946,22.893129,200907,-3.832182999999997
LA-XE,200908,2,persistence,reference_r1,16.974494,21.172375999999996,200907,-4.197881999999996
LA-XE,200909,3,persistence,reference_r1,2.3166710000000004,3.905376,200907,-1.5887049999999996
LA-XE,200910,1,persistence,reference_r1,0.722745,2.524990999999999,200910,-1.8022459999999991
LA-XE,200911,2,persistence,reference_r1,2.3122510000000003,7.475260000000002,200910,-5.163009000000002
LA-XE,200912,3,persistence,reference_r1,0.713921,7.251843000000001,200910,-6.537922000000001
LA-XI,200801,1,persistence,reference_r1,0.000689,0.00075,200801,-6.0999999999999965e-05
LA-XI,200802,2,persistence,reference_r1,0.000689,0.0001529999999999,200801,0.0005360000000001001
LA-XI,200803,3,persistence,reference_r1,0.000757,0.0004949999999999,200801,0.00026200000000009994
LA-XI,200804,1,persistence,reference_r1,0.000689,0.000361,200804,0.00032800000000000006
LA-XI,200805,2,persistence,reference_r1,0.000689,0.002174,200804,-0.0014850000000000002
LA-XI,200806,3,persistence,reference_r1,0.948757,0.921664,200804,0.027092999999999923
LA-XI,200807,1,persistence,reference_r1,0.951314,0.2682270000000004,200807,0.6830869999999996
LA-XI,200808,2,persistence,reference_r1,0.951314,0.3310630000000003,200807,0.6202509999999997
LA-XI,200809,3,persistence,reference_r1,0.949433,0.3104899999999997,200807,0.6389430000000003
LA-XI,200810,1,persistence,reference_r1,0.000689,0.0066879999999999,200810,-0.005998999999999899
LA-XI,200811,2,persistence,reference_r1,0.000689,0.004881,200810,-0.0041919999999999995
LA-XI,200812,3,persistence,reference_r1,0.000757,0.00166,200810,-0.000903
LA-XI,200901,1,persistence,reference_r1,0.000689,0.001596,200901,-0.0009069999999999999
LA-XI,200902,2,persistence,reference_r1,0.000689,0.002485,200901,-0.0017959999999999999
LA-XI,200903,3,persistence,reference_r1,0.000757,0.0014959999999999,200901,-0.0007389999999999
LA-XI,200904,1,persistence,reference_r1,0.000689,0.0005849999999999,200904,0.0001040000000001
LA-XI,200905,2,persistence,reference_r1,38.934689,38.923241,200904,0.011448000000001457
LA-XI,200906,3,persistence,reference_r1,32.93075700000001,32.880559,200904,0.05019800000000885
LA-XI,200907,1,persistence,reference_r1,31.935378,0.8181659999999997,200907,31.117212000000002
LA-XI,200908,2,persistence,reference_r1,22.935378,6.8773409999999995,200907,16.058037
LA-XI,200909,3,persistence,reference_r1,32.931514,0.7749649999999999,200907,32.156549
LA-XI,200910,1,persistence,reference_r1,0.000689,0.987219,200910,-0.9865299999999999
LA-XI,200911,2,persistence,reference_r1,0.000689,0.498737,200910,-0.498048
LA-XI,200912,3,persistence,reference_r1,0.000757,0.2120709999999999,200910,-0.2113139999999999
LA-AT,200801,1,persistence,reference_r2,3.417114,2.7931049999999997,200801,0.6240090000000005
LA-AT,200802,2,persistence,reference_r2,1.554761,1.201903,200801,0.3528580000000001
LA-AT,200803,3,persistence,reference_r2,0.0719689999999997,0.0479,200801,0.024068999999999702
LA-AT,200804,1,persistence,reference_r2,0.0471139999999998,0.395821,200804,-0.34870700000000016
LA-AT,200805,2,persistence,reference_r2,3.342761,1.3607779999999998,200804,1.981983
LA-AT,200806,3,persistence,reference_r2,8.929969,3.876371999999999,200804,5.053597000000001
LA-AT,200807,1,persistence,reference_r2,3.450605,3.729604000000002,200807,-0.278999000000002
LA-AT,200808,2,persistence,reference_r2,0.8260830000000001,6.663338000000003,200807,-5.8372550000000025
LA-AT,200809,3,persistence,reference_r2,12.807472,16.815186,200807,-4.007714
LA-AT,200810,1,persistence,reference_r2,21.839211,28.532835,200810,-6.693624
LA-AT,200811,2,persistence,reference_r2,17.716617,27.159915,200810,-9.443298000000002
LA-AT,200812,3,persistence,reference_r2,0.8262919999999996,16.257736,200810,-15.431444000000003
LA-AT,200901,1,persistence,reference_r2,4.403041999999999,8.135779,200901,-3.732737
LA-AT,200902,2,persistence,reference_r2,21.580328,36.733486000000006,200901,-15.153158000000005
LA-AT,200903,3,persistence,reference_r2,51.660003,57.950748,200901,-6.290744999999994
LA-AT,200904,1,persistence,reference_r2,20.870388,48.131051,200904,-27.260663
LA-AT,200905,2,persistence,reference_r2,74.407714,51.67652299999999,200904,22.73119100000001
LA-AT,200906,3,persistence,reference_r2,50.686121,42.353808000000015,200904,8.332312999999985
LA-AT,200907,1,persistence,reference_r2,38.397211,43.963149,200907,-5.565938000000003
LA-AT,200908,2,persistence,reference_r2,2.492617,14.48961,200907,-11.996993
LA-AT,200909,3,persistence,reference_r2,6.1402920000000005,9.776561999999998,200907,-3.636269999999998
LA-AT,200910,1,persistence,reference_r2,12.098028,6.384266,200910,5.713761999999999
LA-AT,200911,2,persistence,reference_r2,0.8285939999999998,6.852055,200910,-6.023461
LA-AT,200912,3,persistence,reference_r2,9.930269,4.990642999999999,200910,4.9396260000000005
LA-BK,200801,1,persistence,reference_r2,0.702799,0.935093,200801,-0.232294
LA-BK,200802,2,persistence,reference_r2,0.0441579999999999,0.0002249999999999,200801,0.043933
LA-BK,200803,3,persistence,reference_r2,0.04958,6.499999999999909e-05,200801,0.049515
LA-BK,200804,1,persistence,reference_r2,0.0387989999999999,0.003738,200804,0.035060999999999905
LA-BK,200805,2,persistence,reference_r2,11.132158,11.52577,200804,-0.3936119999999992
LA-BK,200806,3,persistence,reference_r2,51.985580000000006,52.355982,200804,-0.37040199999999146
LA-BK,200807,1,persistence,reference_r2,50.223598,2.185772,200807,48.037826
LA-BK,200808,2,persistence,reference_r2,43.128316,6.0008420000000005,200807,37.127474
LA-BK,200809,3,persistence,reference_r2,19.03516,23.092810999999983,200807,-4.057650999999982
LA-BK,200810,1,persistence,reference_r2,14.223598,21.001768999999996,200810,-6.778170999999995
LA-BK,200811,2,persistence,reference_r2,21.128316,45.533422,200810,-24.405106
LA-BK,200812,3,persistence,reference_r2,27.03516,2.9761430000000004,200810,24.059017
LA-BK,200901,1,persistence,reference_r2,3.438492,0.5091830000000002,200901,2.929309
LA-BK,200902,2,persistence,reference_r2,4.3407670000000005,0.529839,200901,3.8109280000000005
LA-BK,200903,3,persistence,reference_r2,3.355307,0.959901,200901,2.395406
LA-BK,200904,1,persistence,reference_r2,1.589023,1.342842,200904,0.24618099999999998
LA-BK,200905,2,persistence,reference_r2,72.11584199999999,42.896688,200904,29.21915399999999
LA-BK,200906,3,persistence,reference_r2,214.019436,143.90448600000002,200904,70.11495
LA-BK,200907,1,persistence,reference_r2,3.439598,181.044815,200907,-177.605217
LA-BK,200908,2,persistence,reference_r2,105.128316,87.31059499999999,200907,17.817721000000006
LA-BK,200909,3,persistence,reference_r2,163.03516,38.505201,200907,124.52995899999999
LA-BK,200910,1,persistence,reference_r2,20.223598,27.047204000000008,200910,-6.823606000000009
LA-BK,200911,2,persistence,reference_r2,46.128316,15.658140000000005,200910,30.470175999999995
LA-BK,200912,3,persistence,reference_r2,47.03516,4.268588000000001,200910,42.766572
LA-BL,200801,1,persistence,reference_r2,5.383502,4.779254999999999,200801,0.6042470000000009
LA-BL,200802,2,persistence,reference_r2,4.609445999999998,5.685013,200801,-1.0755670000000013
LA-BL,200803,3,persistence,reference_r2,4.952254,0.436278,200801,4.515976
LA-BL,200804,1,persistence,reference_r2,2.695502000000001,1.2464800000000005,200804,1.4490220000000007
LA-BL,200805,2,persistence,reference_r2,7.897445999999999,5.0584880000000005,200804,2.838957999999998
LA-BL,200806,3,persistence,reference_r2,9.692254000000002,5.673099000000001,200804,4.019155000000001
LA-BL,200807,1,persistence,reference_r2,8.23891,19.379559,200807,-11.140649
LA-BL,200808,2,persistence,reference_r2,9.221346999999998,20.414024,200807,-11.192677000000003
LA-BL,200809,3,persistence,reference_r2,9.298677,18.392517,200807,-9.093840000000002
LA-BL,200810,1,persistence,reference_r2,16.470322000000003,8.400085999999998,200810,8.070236000000005
LA-BL,200811,2,persistence,reference_r2,12.262498,4.146908,200810,8.115590000000001
LA-BL,200812,3,persistence,reference_r2,17.99097,1.0778229999999995,200810,16.913147000000002
LA-BL,200901,1,persistence,reference_r2,2.511502,0.6850769999999999,200901,1.8264250000000002
LA-BL,200902,2,persistence,reference_r2,3.6934460000000016,1.480529,200901,2.212917000000002
LA-BL,200903,3,persistence,reference_r2,4.9942540000000015,1.3795209999999996,200901,3.614733000000002
LA-BL,200904,1,persistence,reference_r2,2.5010209999999997,0.7335279999999997,200904,1.767493
LA-BL,200905,2,persistence,reference_r2,3.323820999999999,3.030911000000001,200904,0.2929099999999978
LA-BL,200906,3,persistence,reference_r2,5.582812999999998,4.949428000000001,200904,0.633384999999997
LA-BL,200907,1,persistence,reference_r2,17.514046,21.467761999999993,200907,-3.953715999999993
LA-BL,200908,2,persistence,reference_r2,4.609358000000002,6.367072000000007,200907,-1.7577140000000053
LA-BL,200909,3,persistence,reference_r2,6.933896999999998,5.808948000000001,200907,1.1249489999999973
LA-BL,200910,1,persistence,reference_r2,2.3170210000000004,5.600234,200910,-3.283213
LA-BL,200911,2,persistence,reference_r2,3.4678210000000007,2.4331819999999995,200910,1.0346390000000012
LA-BL,200912,3,persistence,reference_r2,4.764813,0.7960600000000002,200910,3.968753
LA-CH,200801,1,persistence,reference_r2,9.094472000000003,30.990389,200801,-21.895916999999997
LA-CH,200802,2,persistence,reference_r2,19.277769,44.66683200000001,200801,-25.389063000000007
LA-CH,200803,3,persistence,reference_r2,22.452036999999997,53.574152000000005,200801,-31.122115000000008
LA-CH,200804,1,persistence,reference_r2,16.585575000000002,21.330450999999996,200804,-4.744875999999994
LA-CH,200805,2,persistence,reference_r2,17.207692,58.54804899999999,200804,-41.34035699999999
LA-CH,200806,3,persistence,reference_r2,145.733314,114.483291,200804,31.250023000000013
LA-CH,200807,1,persistence,reference_r2,103.949944,95.304508,200807,8.645436000000004
LA-CH,200808,2,persistence,reference_r2,112.642802,84.29141700000014,200807,28.351384999999865
LA-CH,200809,3,persistence,reference_r2,73.553239,117.612454,200807,-44.059214999999995
LA-CH,200810,1,persistence,reference_r2,31.000921000000005,43.715447,200810,-12.714525999999992
LA-CH,200811,2,persistence,reference_r2,58.287541,32.59611500000001,200810,25.691425999999986
LA-CH,200812,3,persistence,reference_r2,74.65110700000001,31.406121,200810,43.24498600000001
LA-CH,200901,1,persistence,reference_r2,28.518953000000003,10.002939,200901,18.516014000000006
LA-CH,200902,2,persistence,reference_r2,18.940767,25.732093,200901,-6.791325999999998
LA-CH,200903,3,persistence,reference_r2,16.500345000000003,20.968744,200901,-4.468398999999998
LA-CH,200904,1,persistence,reference_r2,28.357396,33.02936,200904,-4.671963999999996
LA-CH,200905,2,persistence,reference_r2,10.360133000000005,88.00579200000001,200904,-77.64565900000001
LA-CH,200906,3,persistence,reference_r2,41.64690100000001,88.355448,200904,-46.70854699999999
LA-CH,200907,1,persistence,reference_r2,7.347732000000001,74.18885799999998,200907,-66.84112599999997
LA-CH,200908,2,persistence,reference_r2,14.241996999999998,66.47305799999998,200907,-52.23106099999998
LA-CH,200909,3,persistence,reference_r2,20.237556,62.45511799999997,200907,-42.21756199999997
LA-CH,200910,1,persistence,reference_r2,31.559768,20.374773000000005,200910,11.184994999999994
LA-CH,200911,2,persistence,reference_r2,48.322561,19.814521,200910,28.50804
LA-CH,200912,3,persistence,reference_r2,48.408425,11.395301000000003,200910,37.013124
LA-HO,200801,1,persistence,reference_r2,0.8303219999999999,0.004571,200801,0.8257509999999999
LA-HO,200802,2,persistence,reference_r2,0.8292019999999999,0.000904,200801,0.8282979999999999
LA-HO,200803,3,persistence,reference_r2,0.820377,0.007098,200801,0.813279
LA-HO,200804,1,persistence,reference_r2,0.0149129999999999,0.0049199999999999,200804,0.009993
LA-HO,200805,2,persistence,reference_r2,0.013793,0.0149809999999999,200804,-0.001187999999999901
LA-HO,200806,3,persistence,reference_r2,0.015768,0.0112829999999999,200804,0.0044850000000001
LA-HO,200807,1,persistence,reference_r2,0.0149129999999999,0.321612,200807,-0.3066990000000001
LA-HO,200808,2,persistence,reference_r2,0.013793,0.351477,200807,-0.337684
LA-HO,200809,3,persistence,reference_r2,0.809768,0.7114880000000001,200807,0.09827999999999992
LA-HO,200810,1,persistence,reference_r2,0.8303219999999999,0.070913,200810,0.7594089999999999
LA-HO,200811,2,persistence,reference_r2,0.8292019999999999,0.029183,200810,0.8000189999999999
LA-HO,200812,3,persistence,reference_r2,0.0263769999999999,0.8228820000000001,200810,-0.7965050000000002
LA-HO,200901,1,persistence,reference_r2,0.8303219999999999,0.014579,200901,0.8157429999999999
LA-HO,200902,2,persistence,reference_r2,0.8292019999999999,0.0283239999999999,200901,0.800878
LA-HO,200903,3,persistence,reference_r2,0.820377,0.025041,200901,0.795336
LA-HO,200904,1,persistence,reference_r2,0.0149129999999999,0.0071429999999999,200904,0.00777
LA-HO,200905,2,persistence,reference_r2,0.013793,0.009136,200904,0.004657
LA-HO,200906,3,persistence,reference_r2,0.015768,0.033544,200904,-0.017775999999999997
LA-HO,200907,1,persistence,reference_r2,0.0149129999999999,0.4537749999999998,200907,-0.4388619999999999
LA-HO,200908,2,persistence,reference_r2,0.013793,0.6111250000000004,200907,-0.5973320000000004
LA-HO,200909,3,persistence,reference_r2,0.809768,0.665591,200907,0.144177
LA-HO,200910,1,persistence,reference_r2,0.024322,0.5739909999999999,200910,-0.549669
LA-HO,200911,2,persistence,reference_r2,0.023202,0.705107,200910,-0.681905
LA-HO,200912,3,persistence,reference_r2,0.0263769999999999,0.879941,200910,-0.8535640000000001
LA-KH,200801,1,persistence,reference_r2,1.3149230000000005,0.7623169999999999,200801,0.5526060000000006
LA-KH,200802,2,persistence,reference_r2,2.0702239999999996,0.1029749999999999,200801,1.9672489999999998
LA-KH,200803,3,persistence,reference_r2,2.6522299999999994,0.083728,200801,2.5685019999999996
LA-KH,200804,1,persistence,reference_r2,1.3149230000000005,0.4617680000000002,200804,0.8531550000000003
LA-KH,200805,2,persistence,reference_r2,2.0702239999999996,1.3549569999999995,200804,0.7152670000000001
LA-KH,200806,3,persistence,reference_r2,3.0462299999999978,2.350973,200804,0.6952569999999976
LA-KH,200807,1,persistence,reference_r2,2.403284000000001,4.178109000000006,200807,-1.7748250000000052
LA-KH,200808,2,persistence,reference_r2,2.5886239999999994,5.154977000000002,200807,-2.566353000000003
LA-KH,200809,3,persistence,reference_r2,4.036038999999999,4.8405640000000005,200807,-0.8045250000000017
LA-KH,200810,1,persistence,reference_r2,3.125885000000002,0.8545930000000004,200810,2.2712920000000016
LA-KH,200811,2,persistence,reference_r2,2.7576459999999976,1.256154,200810,1.5014919999999976
LA-KH,200812,3,persistence,reference_r2,2.9661490000000015,3.223891,200810,-0.2577419999999986
LA-KH,200901,1,persistence,reference_r2,3.713884999999999,0.0644699999999999,200901,3.649414999999999
LA-KH,200902,2,persistence,reference_r2,4.333645999999998,0.027564,200901,4.306081999999998
LA-KH,200903,3,persistence,reference_r2,3.796149,4.51485,200901,-0.7187009999999998
LA-KH,200904,1,persistence,reference_r2,4.995498000000001,0.354512,200904,4.640986000000002
LA-KH,200905,2,persistence,reference_r2,2.422528,2.2810369999999995,200904,0.14149100000000026
LA-KH,200906,3,persistence,reference_r2,54.16718900000001,65.18241900000001,200904,-11.015230000000003
LA-KH,200907,1,persistence,reference_r2,60.490204000000006,110.54105,200907,-50.05084599999999
LA-KH,200908,2,persistence,reference_r2,191.180325,239.144493,200907,-47.964168
LA-KH,200909,3,persistence,reference_r2,163.22992399999998,211.541962,200907,-48.31203800000003
LA-KH,200910,1,persistence,reference_r2,169.74701399999998,46.40724900000001,200910,123.33976499999997
LA-KH,200911,2,persistence,reference_r2,185.115734,23.13131100000001,200910,161.984423
LA-KH,200912,3,persistence,reference_r2,175.88018300000002,31.697552,200910,144.18263100000001
LA-LM,200801,1,persistence,reference_r2,0.0063019999999999,0.000205,200801,0.006096999999999899
LA-LM,200802,2,persistence,reference_r2,0.007978,4.900000000000043e-05,200801,0.007929
LA-LM,200803,3,persistence,reference_r2,0.008063,9.99999999999916e-07,200801,0.008062000000000001
LA-LM,200804,1,persistence,reference_r2,0.0063019999999999,0.0001449999999999,200804,0.006156999999999999
LA-LM,200805,2,persistence,reference_r2,0.007978,0.002961,200804,0.005017000000000001
LA-LM,200806,3,persistence,reference_r2,0.008063,0.004798,200804,0.0032650000000000005
LA-LM,200807,1,persistence,reference_r2,0.0063019999999999,0.836011000000001,200807,-0.829709000000001
LA-LM,200808,2,persistence,reference_r2,0.007978,0.4214479999999998,200807,-0.41346999999999984
LA-LM,200809,3,persistence,reference_r2,0.008063,0.8204150000000006,200807,-0.8123520000000005
LA-LM,200810,1,persistence,reference_r2,0.0063019999999999,0.018054,200810,-0.011752000000000101
LA-LM,200811,2,persistence,reference_r2,0.007978,0.0068679999999999,200810,0.0011100000000001005
LA-LM,200812,3,persistence,reference_r2,0.008063,0.0017179999999999,200810,0.0063450000000001006
LA-LM,200901,1,persistence,reference_r2,0.0063019999999999,6.399999999999982e-05,200901,0.0062379999999999
LA-LM,200902,2,persistence,reference_r2,0.007978,0.000148,200901,0.00783
LA-LM,200903,3,persistence,reference_r2,0.008063,0.000257,200901,0.0078060000000000004
LA-LM,200904,1,persistence,reference_r2,0.880302,0.958457,200904,-0.07815499999999997
LA-LM,200905,2,persistence,reference_r2,0.007978,0.002604,200904,0.005374
LA-LM,200906,3,persistence,reference_r2,1.770063,1.834942,200904,-0.06487900000000013
LA-LM,200907,1,persistence,reference_r2,0.886035,1.0050810000000006,200907,-0.11904600000000054
LA-LM,200908,2,persistence,reference_r2,1.777203,1.098917,200907,0.6782860000000002
LA-LM,200909,3,persistence,reference_r2,1.777288,2.3238950000000003,200907,-0.5466070000000003
LA-LM,200910,1,persistence,reference_r2,0.8865399999999999,2.8370049999999996,200910,-1.9504649999999997
LA-LM,200911,2,persistence,reference_r2,1.7778919999999998,4.375656,200910,-2.5977640000000006
LA-LM,200912,3,persistence,reference_r2,0.016045,3.344385,200910,-3.32834
LA-LP,200801,1,persistence,reference_r2,3.4616930000000004,1.063411,200801,2.398282
LA-LP,200802,2,persistence,reference_r2,6.91244,13.990025,200801,-7.077584999999999
LA-LP,200803,3,persistence,reference_r2,10.133757,20.119223,200801,-9.985466000000002
LA-LP,200804,1,persistence,reference_r2,7.587196,18.762779,200804,-11.175583
LA-LP,200805,2,persistence,reference_r2,77.70587800000001,71.628437,200804,6.077441000000007
LA-LP,200806,3,persistence,reference_r2,116.670978,94.657669,200804,22.013309000000007
LA-LP,200807,1,persistence,reference_r2,129.93954599999998,9.995894999999996,200807,119.94365099999999
LA-LP,200808,2,persistence,reference_r2,128.21567000000002,8.255550999999997,200807,119.96011900000002
LA-LP,200809,3,persistence,reference_r2,124.816253,8.644678999999996,200807,116.171574
LA-LP,200810,1,persistence,reference_r2,13.347094,18.163575,200810,-4.816481000000001
LA-LP,200811,2,persistence,reference_r2,84.94253,104.482118,200810,-19.539587999999995
LA-LP,200812,3,persistence,reference_r2,124.888534,156.810768,200810,-31.92223399999999
LA-LP,200901,1,persistence,reference_r2,146.497715,7.614528999999999,200901,138.883186
LA-LP,200902,2,persistence,reference_r2,141.643959,7.876543000000002,200901,133.767416
LA-LP,200903,3,persistence,reference_r2,139.126542,14.768234,200901,124.358308
LA-LP,200904,1,persistence,reference_r2,1.1242739999999998,9.832906,200904,-8.708632
LA-LP,200905,2,persistence,reference_r2,1.711145,27.87522,200904,-26.164075
LA-LP,200906,3,persistence,reference_r2,5.2004459999999995,55.705219,200904,-50.504773
LA-LP,200907,1,persistence,reference_r2,14.802083,19.565031000000005,200907,-4.762948000000005
LA-LP,200908,2,persistence,reference_r2,15.036039,21.466223000000017,200907,-6.4301840000000166
LA-LP,200909,3,persistence,reference_r2,278.002476,276.701436,200907,1.3010400000000004
LA-LP,200910,1,persistence,reference_r2,133.848548,72.53215600000001,200910,61.31639199999998
LA-LP,200911,2,persistence,reference_r2,204.57629,34.526410000000006,200910,170.04988
LA-LP,200912,3,persistence,reference_r2,288.208892,5.92239,200910,282.286502
LA-OU,200801,1,persistence,reference_r2,0.0060349999999999,0.000785,200801,0.0052499999999999
LA-OU,200802,2,persistence,reference_r2,0.004123,0.000257,200801,0.003866
LA-OU,200803,3,persistence,reference_r2,0.0080099999999999,3.7000000000000574e-05,200801,0.007972999999999899
LA-OU,200804,1,persistence,reference_r2,0.0060349999999999,0.0009009999999999,200804,0.005134
LA-OU,200805,2,persistence,reference_r2,0.004123,0.0052159999999999,200804,-0.0010929999999999005
LA-OU,200806,3,persistence,reference_r2,0.0080099999999999,0.009994,200804,-0.0019840000000001003
LA-OU,200807,1,persistence,reference_r2,0.0060349999999999,1.598586000000001,200807,-1.5925510000000012
LA-OU,200808,2,persistence,reference_r2,0.004123,1.0525620000000018,200807,-1.0484390000000017
LA-OU,200809,3,persistence,reference_r2,0.0080099999999999,1.406610999999998,200807,-1.3986009999999982
LA-OU,200810,1,persistence,reference_r2,0.0060349999999999,0.016273,200810,-0.0102380000000001
LA-OU,200811,2,persistence,reference_r2,0.004123,0.010235,200810,-0.006111999999999999
LA-OU,200812,3,persistence,reference_r2,0.0080099999999999,0.001305,200810,0.006704999999999899
LA-OU,200901,1,persistence,reference_r2,0.0060349999999999,0.0001449999999999,200901,0.005889999999999999
LA-OU,200902,2,persistence,reference_r2,0.004123,0.00017,200901,0.003953
LA-OU,200903,3,persistence,reference_r2,0.0080099999999999,0.000481,200901,0.0075289999999998995
LA-OU,200904,1,persistence,reference_r2,0.0060349999999999,0.0008929999999999,200904,0.005142
LA-OU,200905,2,persistence,reference_r2,0.004123,0.003443,200904,0.00068
LA-OU,200906,3,persistence,reference_r2,0.0080099999999999,0.0150559999999999,200904,-0.007046
LA-OU,200907,1,persistence,reference_r2,0.0060349999999999,2.2120729999999966,200907,-2.206037999999997
LA-OU,200908,2,persistence,reference_r2,0.886123,2.9221920000000026,200907,-2.0360690000000026
LA-OU,200909,3,persistence,reference_r2,14.71601,8.79242,200907,5.923590000000001
LA-OU,200910,1,persistence,reference_r2,8.76207,2.2892819999999996,200910,6.4727879999999995
LA-OU,200911,2,persistence,reference_r2,1.848246,8.699595,200910,-6.851349000000001
LA-OU,200912,3,persistence,reference_r2,2.7500199999999997,16.234902,200910,-13.484882000000002
LA-PH,200901,1,persistence,reference_r2,0.0002559999999999,0.016332,200901,-0.0160760000000001
LA-PH,200902,2,persistence,reference_r2,0.0002559999999999,0.0184849999999999,200901,-0.018229000000000002
LA-PH,200903,3,persistence,reference_r2,0.0003239999999999,0.022101,200901,-0.0217770000000001
LA-PH,200904,1,persistence,reference_r2,0.0002559999999999,0.0036269999999999,200904,-0.003371
LA-PH,200905,2,persistence,reference_r2,0.0002559999999999,0.007833,200904,-0.007577000000000099
LA-PH,200906,3,persistence,reference_r2,0.0003239999999999,0.02271,200904,-0.0223860000000001
LA-PH,200907,1,persistence,reference_r2,0.0002559999999999,0.2879060000000004,200907,-0.28765000000000046
LA-PH,200909,3,persistence,reference_r2,0.0003239999999999,0.3622610000000001,200907,-0.36193700000000023
LA-PH,200910,1,persistence,reference_r2,0.0002559999999999,0.0124299999999999,200910,-0.012173999999999999
LA-PH,200911,2,persistence,reference_r2,0.0002559999999999,0.0104279999999999,200910,-0.010171999999999999
LA-PH,200912,3,persistence,reference_r2,0.0003239999999999,0.000789,200910,-0.0004650000000001
LA-SL,200801,1,persistence,reference_r2,5.888300000000001,0.8985490000000003,200801,4.989751000000001
LA-SL,200802,2,persistence,reference_r2,4.932642,0.4023539999999999,200801,4.5302880000000005
LA-SL,200803,3,persistence,reference_r2,1.538814,3.732555,200801,-2.193741
LA-SL,200804,1,persistence,reference_r2,2.4083299999999994,0.8124439999999997,200804,1.5958859999999997
LA-SL,200805,2,persistence,reference_r2,94.771065,87.850352,200804,6.920712999999992
LA-SL,200806,3,persistence,reference_r2,215.529118,185.846258,200804,29.682860000000005
LA-SL,200807,1,persistence,reference_r2,144.638988,49.75157,200807,94.88741800000001
LA-SL,200808,2,persistence,reference_r2,157.654794,39.75940399999999,200807,117.89539000000002
LA-SL,200809,3,persistence,reference_r2,135.591742,57.455547,200807,78.13619500000001
LA-SL,200810,1,persistence,reference_r2,5.024252000000001,32.213434,200810,-27.189182
LA-SL,200811,2,persistence,reference_r2,59.913664,8.992016,200810,50.921648
LA-SL,200812,3,persistence,reference_r2,72.336984,3.040769000000001,200810,69.296215
LA-SL,200901,1,persistence,reference_r2,5.890064000000001,1.2842939999999996,200901,4.6057700000000015
LA-SL,200902,2,persistence,reference_r2,14.107243,18.968971999999997,200901,-4.861728999999997
LA-SL,200903,3,persistence,reference_r2,14.945415000000002,12.470851,200901,2.4745640000000027
LA-SL,200904,1,persistence,reference_r2,5.018927,5.840422,200904,-0.8214950000000005
LA-SL,200905,2,persistence,reference_r2,91.851327,45.19196900000001,200904,46.65935799999999
LA-SL,200906,3,persistence,reference_r2,14.970665,31.50808599999999,200904,-16.53742099999999
LA-SL,200907,1,persistence,reference_r2,118.6355,110.23512700000003,200907,8.40037299999996
LA-SL,200908,2,persistence,reference_r2,80.18723700000001,84.70357800000002,200907,-4.516341000000011
LA-SL,200909,3,persistence,reference_r2,45.277277,59.184079000000054,200907,-13.906802000000056
LA-SL,200910,1,persistence,reference_r2,2.434636,33.360307,200910,-30.925670999999998
LA-SL,200911,2,persistence,reference_r2,43.493157999999994,17.721003000000003,200910,25.77215499999999
LA-SL,200912,3,persistence,reference_r2,69.439998,5.750920000000001,200910,63.689078
LA-SV,200801,1,persistence,reference_r2,4.8442229999999995,4.913193999999999,200801,-0.06897099999999945
LA-SV,200802,2,persistence,reference_r2,8.673057,0.961484,200801,7.711573
LA-SV,200803,3,persistence,reference_r2,12.976107,0.434588,200801,12.541519000000001
LA-SV,200804,1,persistence,reference_r2,5.031711999999999,2.948320999999999,200804,2.0833909999999998
LA-SV,200805,2,persistence,reference_r2,8.798821000000004,8.005254999999998,200804,0.7935660000000055
LA-SV,200806,3,persistence,reference_r2,14.938783,22.362818999999995,200804,-7.424035999999994
LA-SV,200807,1,persistence,reference_r2,5.993041000000005,30.30992600000002,200807,-24.316885000000013
LA-SV,200808,2,persistence,reference_r2,11.269002999999998,24.281661999999983,200807,-13.012658999999985
LA-SV,200809,3,persistence,reference_r2,16.011347999999998,31.971675000000005,200807,-15.960327000000007
LA-SV,200810,1,persistence,reference_r2,7.473481,3.650746,200810,3.8227349999999998
LA-SV,200811,2,persistence,reference_r2,8.967742000000001,1.1415540000000002,200810,7.826188000000001
LA-SV,200812,3,persistence,reference_r2,13.509918999999996,0.3427419999999999,200810,13.167176999999997
LA-SV,200901,1,persistence,reference_r2,4.710222999999999,0.063888,200901,4.646334999999999
LA-SV,200902,2,persistence,reference_r2,8.589056999999997,0.012866,200901,8.576190999999996
LA-SV,200903,3,persistence,reference_r2,12.924106999999992,0.144791,200901,12.779315999999993
LA-SV,200904,1,persistence,reference_r2,4.710222999999999,0.1688119999999999,200904,4.541410999999999
LA-SV,200905,2,persistence,reference_r2,8.589056999999997,1.113198,200904,7.475858999999997
LA-SV,200906,3,persistence,reference_r2,12.976107,1.7974810000000003,200904,11.178626000000001
LA-SV,200907,1,persistence,reference_r2,9.081712000000003,39.10524699999996,200907,-30.02353499999996
LA-SV,200908,2,persistence,reference_r2,21.414821000000003,37.982054999999946,200907,-16.567233999999942
LA-SV,200909,3,persistence,reference_r2,29.858783000000003,40.497528999999986,200907,-10.638745999999983
LA-SV,200910,1,persistence,reference_r2,22.608721999999993,6.786698999999999,200910,15.822022999999994
LA-SV,200911,2,persistence,reference_r2,17.216891000000004,15.085976999999998,200910,2.130914000000006
LA-SV,200912,3,persistence,reference_r2,33.27619299999999,1.4864710000000008,200910,31.78972199999999
LA-VT,200801,1,persistence,reference_r2,43.562509000000006,10.318300999999998,200801,33.24420800000001
LA-VT,200802,2,persistence,reference_r2,53.531439000000006,3.905687,200801,49.625752000000006
LA-VT,200803,3,persistence,reference_r2,53.29954199999999,15.603718,200801,37.69582399999999
LA-VT,200804,1,persistence,reference_r2,17.354836999999996,13.817171999999996,200804,3.5376650000000005
LA-VT,200805,2,persistence,reference_r2,23.829443999999995,26.322476999999992,200804,-2.493032999999997
LA-VT,200806,3,persistence,reference_r2,34.40855599999999,64.65965700000001,200804,-30.25110100000002
LA-VT,200807,1,persistence,reference_r2,44.285051,79.80285600000002,200807,-35.51780500000002
LA-VT,200808,2,persistence,reference_r2,49.550028999999995,85.70476400000007,200807,-36.15473500000007
LA-VT,200809,3,persistence,reference_r2,57.28912399999999,88.85345099999995,200807,-31.564326999999963
LA-VT,200810,1,persistence,reference_r2,40.699749,33.89473699999999,200810,6.805012000000005
LA-VT,200811,2,persistence,reference_r2,36.577603,46.100672,200810,-9.523069
LA-VT,200812,3,persistence,reference_r2,56.08934400000001,54.748121,200810,1.3412230000000136
LA-VT,200901,1,persistence,reference_r2,33.955966000000004,19.670879999999997,200901,14.285086000000007
LA-VT,200902,2,persistence,reference_r2,46.578158000000016,10.671421,200901,35.906737000000014
LA-VT,200903,3,persistence,reference_r2,52.60918800000002,6.652062999999998,200901,45.95712500000002
LA-VT,200904,1,persistence,reference_r2,14.502862999999998,11.465877,200904,3.036985999999997
LA-VT,200905,2,persistence,reference_r2,26.674568000000008,72.19965099999999,200904,-45.52508299999998
LA-VT,200906,3,persistence,reference_r2,45.832223,113.32613699999996,200904,-67.49391399999996
LA-VT,200907,1,persistence,reference_r2,142.69739800000002,175.27736099999993,200907,-32.57996299999991
LA-VT,200908,2,persistence,reference_r2,166.135237,215.494077,200907,-49.358840000000015
LA-VT,200909,3,persistence,reference_r2,238.83145099999996,304.6769499999999,200907,-65.84549899999996
LA-VT,200910,1,persistence,reference_r2,37.81561000000001,215.66957800000003,200910,-177.853968
LA-VT,200911,2,persistence,reference_r2,44.86481699999999,251.978676,200910,-207.11385900000002
LA-VT,200912,3,persistence,reference_r2,73.67705999999998,254.983639,200910,-181.30657900000003
LA-XA,200801,1,persistence,reference_r2,1.370140000000001,1.0824060000000002,200801,0.2877340000000008
LA-XA,200802,2,persistence,reference_r2,1.726794,0.274092,200801,1.452702
LA-XA,200803,3,persistence,reference_r2,2.4291660000000004,0.144582,200801,2.2845840000000006
LA-XA,200804,1,persistence,reference_r2,0.9566909999999992,0.6779869999999999,200804,0.2787039999999993
LA-XA,200805,2,persistence,reference_r2,2.003665,1.3226210000000005,200804,0.6810439999999993
LA-XA,200806,3,persistence,reference_r2,4.741557,2.1045490000000004,200804,2.637008
LA-XA,200807,1,persistence,reference_r2,9.660272,10.923203,200807,-1.262931
LA-XA,200808,2,persistence,reference_r2,1.9991069999999984,4.084547000000001,200807,-2.085440000000002
LA-XA,200809,3,persistence,reference_r2,4.655937,3.0200989999999948,200807,1.635838000000005
LA-XA,200810,1,persistence,reference_r2,1.8581400000000008,1.5012540000000003,200810,0.3568860000000005
LA-XA,200811,2,persistence,reference_r2,1.726794,0.9150799999999996,200810,0.8117140000000004
LA-XA,200812,3,persistence,reference_r2,2.223166000000001,0.3947909999999999,200810,1.828375000000001
LA-XA,200901,1,persistence,reference_r2,1.370140000000001,0.111613,200901,1.258527000000001
LA-XA,200902,2,persistence,reference_r2,1.726794,0.062805,200901,1.663989
LA-XA,200903,3,persistence,reference_r2,2.4291660000000004,0.267704,200901,2.161462
LA-XA,200904,1,persistence,reference_r2,0.9566909999999992,0.2639129999999999,200904,0.6927779999999992
LA-XA,200905,2,persistence,reference_r2,1.5876649999999994,1.0845219999999998,200904,0.5031429999999997
LA-XA,200906,3,persistence,reference_r2,9.675557,6.000514,200904,3.6750429999999996
LA-XA,200907,1,persistence,reference_r2,2.7803690000000003,7.579119999999989,200907,-4.798750999999989
LA-XA,200908,2,persistence,reference_r2,17.094084000000002,22.748774999999995,200907,-5.654690999999993
LA-XA,200909,3,persistence,reference_r2,3.863987999999999,8.075192999999999,200907,-4.211205
LA-XA,200910,1,persistence,reference_r2,4.720613,4.745220999999999,200910,-0.024607999999998853
LA-XA,200911,2,persistence,reference_r2,4.825930999999999,2.626047999999999,200910,2.199883
LA-XA,200912,3,persistence,reference_r2,8.469738999999999,1.4062220000000003,200910,7.063516999999998
LA-XE,200801,1,persistence,reference_r2,0.6979409999999999,0.021284,200801,0.676657
LA-XE,200802,2,persistence,reference_r2,0.6954600000000001,0.012315,200801,0.6831450000000001
LA-XE,200803,3,persistence,reference_r2,0.6880539999999999,0.0022889999999999,200801,0.6857650000000001
LA-XE,200804,1,persistence,reference_r2,0.067505,0.013134,200804,0.054370999999999996
LA-XE,200805,2,persistence,reference_r2,0.0713599999999999,0.0467859999999999,200804,0.024574
LA-XE,200806,3,persistence,reference_r2,4.053398,4.137485,200804,-0.08408700000000024
LA-XE,200807,1,persistence,reference_r2,4.160576,0.3594309999999998,200807,3.801145
LA-XE,200808,2,persistence,reference_r2,4.131926999999999,0.3876900000000001,200807,3.744236999999999
LA-XE,200809,3,persistence,reference_r2,3.2153919999999996,0.6909709999999993,200807,2.5244210000000002
LA-XE,200810,1,persistence,reference_r2,0.6979409999999999,0.074585,200810,0.6233559999999999
LA-XE,200811,2,persistence,reference_r2,0.6954600000000001,0.058701,200810,0.6367590000000001
LA-XE,200812,3,persistence,reference_r2,0.120054,0.800521,200810,-0.680467
LA-XE,200901,1,persistence,reference_r2,0.6979409999999999,0.007414,200901,0.6905269999999999
LA-XE,200902,2,persistence,reference_r2,0.6954600000000001,1.828502,200901,-1.133042
LA-XE,200903,3,persistence,reference_r2,0.6880539999999999,1.7542879999999998,200901,-1.066234
LA-XE,200904,1,persistence,reference_r2,0.71307,0.5307980000000001,200904,0.18227199999999988
LA-XE,200905,2,persistence,reference_r2,0.132101,1.037932,200904,-0.905831
LA-XE,200906,3,persistence,reference_r2,6.022938,6.271967,200904,-0.24902900000000017
LA-XE,200907,1,persistence,reference_r2,19.060946,22.820517,200907,-3.7595709999999976
LA-XE,200908,2,persistence,reference_r2,16.974494,21.963933000000026,200907,-4.989439000000026
LA-XE,200909,3,persistence,reference_r2,2.3166710000000004,4.116925000000002,200907,-1.8002540000000016
LA-XE,200910,1,persistence,reference_r2,0.722745,2.8752959999999987,200910,-2.152550999999999
LA-XE,200911,2,persistence,reference_r2,2.3122510000000003,8.801139000000006,200910,-6.488888000000006
LA-XE,200912,3,persistence,reference_r2,0.713921,8.906965,200910,-8.193044
LA-XI,200801,1,persistence,reference_r2,0.000689,0.000754,200801,-6.499999999999995e-05
LA-XI,200802,2,persistence,reference_r2,0.000689,0.0001209999999999,200801,0.0005680000000001001
LA-XI,200803,3,persistence,reference_r2,0.000757,0.000368,200801,0.00038899999999999997
LA-XI,200804,1,persistence,reference_r2,0.000689,0.000851,200804,-0.00016199999999999993
LA-XI,200805,2,persistence,reference_r2,0.000689,0.0016709999999999,200804,-0.0009819999999999
LA-XI,200806,3,persistence,reference_r2,0.948757,0.927385,200804,0.021371999999999947
LA-XI,200807,1,persistence,reference_r2,0.951314,0.3907899999999999,200807,0.560524
LA-XI,200808,2,persistence,reference_r2,0.951314,0.3248739999999999,200807,0.6264400000000001
LA-XI,200809,3,persistence,reference_r2,0.949433,0.4015440000000003,200807,0.5478889999999996
LA-XI,200810,1,persistence,reference_r2,0.000689,0.009779,200810,-0.009089999999999999
LA-XI,200811,2,persistence,reference_r2,0.000689,0.0042279999999999,200810,-0.0035389999999999003
LA-XI,200812,3,persistence,reference_r2,0.000757,0.0020019999999999,200810,-0.0012449999999999003
LA-XI,200901,1,persistence,reference_r2,0.000689,0.0009569999999999,200901,-0.00026799999999989994
LA-XI,200902,2,persistence,reference_r2,0.000689,0.0013919999999999,200901,-0.0007029999999999
LA-XI,200903,3,persistence,reference_r2,0.000757,0.001313,200901,-0.000556
LA-XI,200904,1,persistence,reference_r2,0.000689,0.000229,200904,0.00046
LA-XI,200905,2,persistence,reference_r2,38.934689,38.954369,200904,-0.01968000000000103
LA-XI,200906,3,persistence,reference_r2,32.93075700000001,32.859963,200904,0.07079400000000646
LA-XI,200907,1,persistence,reference_r2,31.935378,0.8304350000000014,200907,31.104943
LA-XI,200908,2,persistence,reference_r2,22.935378,6.707633000000001,200907,16.227745
LA-XI,200909,3,persistence,reference_r2,32.931514,0.6515130000000013,200907,32.280001
LA-XI,200910,1,persistence,reference_r2,0.000689,0.9272460000000002,200910,-0.9265570000000002
LA-XI,200911,2,persistence,reference_r2,0.000689,0.4478759999999999,200910,-0.4471869999999999
LA-XI,200912,3,persistence,reference_r2,0.000757,0.20038,200910,-0.199623
LA-AT,200801,1,persistence,reference_r3,3.417114,2.93902,200801,0.478094
LA-AT,200802,2,persistence,reference_r3,1.554761,1.243191,200801,0.3115700000000001
LA-AT,200803,3,persistence,reference_r3,0.0719689999999997,0.055016,200801,0.016952999999999697
LA-AT,200804,1,persistence,reference_r3,0.0471139999999998,0.455165,200804,-0.40805100000000016
LA-AT,200805,2,persistence,reference_r3,3.342761,1.4745329999999996,200804,1.8682280000000002
LA-AT,200806,3,persistence,reference_r3,8.929969,3.739966,200804,5.190003
LA-AT,200807,1,persistence,reference_r3,3.450605,3.717932000000001,200807,-0.2673270000000012
LA-AT,200808,2,persistence,reference_r3,0.8260830000000001,6.617485000000002,200807,-5.7914020000000015
LA-AT,200809,3,persistence,reference_r3,12.807472,16.282890000000002,200807,-3.4754180000000012
LA-AT,200810,1,persistence,reference_r3,21.839211,31.488597,200810,-9.649386
LA-AT,200811,2,persistence,reference_r3,17.716617,35.087347,200810,-17.370730000000002
LA-AT,200812,3,persistence,reference_r3,0.8262919999999996,17.640169,200810,-16.813877
LA-AT,200901,1,persistence,reference_r3,4.403041999999999,8.121302,200901,-3.718260000000001
LA-AT,200902,2,persistence,reference_r3,21.580328,39.104015,200901,-17.523686999999995
LA-AT,200903,3,persistence,reference_r3,51.660003,58.43869000000001,200901,-6.778687000000005
LA-AT,200904,1,persistence,reference_r3,20.870388,46.981555,200904,-26.111167000000002
LA-AT,200905,2,persistence,reference_r3,74.407714,50.04653200000001,200904,24.361181999999985
LA-AT,200906,3,persistence,reference_r3,50.686121,43.541679999999985,200904,7.144441000000015
LA-AT,200907,1,persistence,reference_r3,38.397211,45.13158299999999,200907,-6.734371999999993
LA-AT,200908,2,persistence,reference_r3,2.492617,14.534521999999996,200907,-12.041904999999996
LA-AT,200909,3,persistence,reference_r3,6.1402920000000005,10.370877999999998,200907,-4.230585999999997
LA-AT,200910,1,persistence,reference_r3,12.098028,5.851345000000002,200910,6.246682999999997
LA-AT,200911,2,persistence,reference_r3,0.8285939999999998,7.316089999999999,200910,-6.487495999999999
LA-AT,200912,3,persistence,reference_r3,9.930269,5.382994,200910,4.547274999999999
LA-BK,200801,1,persistence,reference_r3,0.702799,0.9604,200801,-0.2576010000000001
LA-BK,200802,2,persistence,reference_r3,0.0441579999999999,0.0001209999999999,200801,0.044037
LA-BK,200803,3,persistence,reference_r3,0.04958,8.999999999999894e-06,200801,0.049571
LA-BK,200804,1,persistence,reference_r3,0.0387989999999999,0.004082,200804,0.0347169999999999
LA-BK,200805,2,persistence,reference_r3,11.132158,11.553028,200804,-0.42086999999999897
LA-BK,200806,3,persistence,reference_r3,51.985580000000006,52.423453,200804,-0.4378729999999962
LA-BK,200807,1,persistence,reference_r3,50.223598,2.0672929999999994,200807,48.156305
LA-BK,200808,2,persistence,reference_r3,43.128316,6.023682999999998,200807,37.104633
LA-BK,200809,3,persistence,reference_r3,19.03516,21.51960600000001,200807,-2.484446000000009
LA-BK,200810,1,persistence,reference_r3,14.223598,20.342420000000004,200810,-6.118822000000003
LA-BK,200811,2,persistence,reference_r3,21.128316,48.278563000000005,200810,-27.150247000000004
LA-BK,200812,3,persistence,reference_r3,27.03516,2.9109740000000004,200810,24.124186
LA-BK,200901,1,persistence,reference_r3,3.438492,0.498707,200901,2.939785
LA-BK,200902,2,persistence,reference_r3,4.3407670000000005,0.334907,200901,4.00586
LA-BK,200903,3,persistence,reference_r3,3.355307,0.7186379999999999,200901,2.636669
LA-BK,200904,1,persistence,reference_r3,1.589023,1.3005869999999995,200904,0.2884360000000006
LA-BK,200905,2,persistence,reference_r3,72.11584199999999,44.963648,200904,27.152193999999987
LA-BK,200906,3,persistence,reference_r3,214.019436,145.073569,200904,68.94586700000002
LA-BK,200907,1,persistence,reference_r3,3.439598,183.375778,200907,-179.93618
LA-BK,200908,2,persistence,reference_r3,105.128316,88.53601900000001,200907,16.592296999999988
LA-BK,200909,3,persistence,reference_r3,163.03516,38.654931000000005,200907,124.38022899999999
LA-BK,200910,1,persistence,reference_r3,20.223598,22.44865800000001,200910,-2.22506000000001
LA-BK,200911,2,persistence,reference_r3,46.128316,15.166146999999995,200910,30.962169000000003
LA-BK,200912,3,persistence,reference_r3,47.03516,3.901914,200910,43.133246
LA-BL,200801,1,persistence,reference_r3,5.383502,4.928022,200801,0.45547999999999966
LA-BL,200802,2,persistence,reference_r3,4.609445999999998,5.658629,200801,-1.049183000000002
LA-BL,200803,3,persistence,reference_r3,4.952254,0.4194699999999999,200801,4.532784
LA-BL,200804,1,persistence,reference_r3,2.695502000000001,1.678947,200804,1.0165550000000012
LA-BL,200805,2,persistence,reference_r3,7.897445999999999,4.973752000000001,200804,2.9236939999999976
LA-BL,200806,3,persistence,reference_r3,9.692254000000002,5.838863,200804,3.853391000000002
LA-BL,200807,1,persistence,reference_r3,8.23891,19.978796000000003,200807,-11.739886000000002
LA-BL,200808,2,persistence,reference_r3,9.221346999999998,19.946691,200807,-10.725344000000003
LA-BL,200809,3,persistence,reference_r3,9.298677,18.088129999999992,200807,-8.789452999999993
LA-BL,200810,1,persistence,reference_r3,16.470322000000003,10.967837999999997,200810,5.502484000000006
LA-BL,200811,2,persistence,reference_r3,12.262498,4.16676,200810,8.095738
LA-BL,200812,3,persistence,reference_r3,17.99097,0.945485,200810,17.045485
LA-BL,200901,1,persistence,reference_r3,2.511502,0.6916159999999998,200901,1.8198860000000003
LA-BL,200902,2,persistence,reference_r3,3.6934460000000016,1.585523,200901,2.1079230000000013
LA-BL,200903,3,persistence,reference_r3,4.9942540000000015,1.2523530000000005,200901,3.7419010000000013
LA-BL,200904,1,persistence,reference_r3,2.5010209999999997,0.7398579999999999,200904,1.7611629999999998
LA-BL,200905,2,persistence,reference_r3,3.323820999999999,3.4165789999999996,200904,-0.09275800000000078
LA-BL,200906,3,persistence,reference_r3,5.582812999999998,4.847384999999999,200904,0.7354279999999989
LA-BL,200907,1,persistence,reference_r3,17.514046,21.43490299999999,200907,-3.920856999999991
LA-BL,200908,2,persistence,reference_r3,4.609358000000002,5.746794999999999,200907,-1.1374369999999967
LA-BL,200909,3,persistence,reference_r3,6.933896999999998,5.7030770000000075,200907,1.2308199999999907
LA-BL,200910,1,persistence,reference_r3,2.3170210000000004,6.1129560000000005,200910,-3.795935
LA-BL,200911,2,persistence,reference_r3,3.4678210000000007,2.5579730000000005,200910,0.9098480000000002
LA-BL,200912,3,persistence,reference_r3,4.764813,0.6734980000000004,200910,4.091315
LA-CH,200801,1,persistence,reference_r3,9.094472000000003,30.061631,200801,-20.967158999999995
LA-CH,200802,2,persistence,reference_r3,19.277769,47.129706000000006,200801,-27.851937000000007
LA-CH,200803,3,persistence,reference_r3,22.452036999999997,55.533758000000006,200801,-33.08172100000001
LA-CH,200804,1,persistence,reference_r3,16.585575000000002,27.467673000000005,200804,-10.882098000000003
LA-CH,200805,2,persistence,reference_r3,17.207692,56.97844599999999,200804,-39.77075399999999
LA-CH,200806,3,persistence,reference_r3,145.733314,127.63001000000004,200804,18.103303999999966
LA-CH,200807,1,persistence,reference_r3,103.949944,101.950558,200807,1.9993860000000012
LA-CH,200808,2,persistence,reference_r3,112.642802,89.63609400000007,200807,23.006707999999932
LA-CH,200809,3,persistence,reference_r3,73.553239,121.92613800000004,200807,-48.37289900000003
LA-CH,200810,1,persistence,reference_r3,31.000921000000005,43.48722900000001,200810,-12.486308000000008
LA-CH,200811,2,persistence,reference_r3,58.287541,46.102726,200810,12.184815
LA-CH,200812,3,persistence,reference_r3,74.65110700000001,33.440191999999996,200810,41.210915000000014
LA-CH,200901,1,persistence,reference_r3,28.518953000000003,9.400937,200901,19.118016000000004
LA-CH,200902,2,persistence,reference_r3,18.940767,29.701976,200901,-10.761208999999997
LA-CH,200903,3,persistence,reference_r3,16.500345000000003,22.617471999999996,200901,-6.117126999999993
LA-CH,200904,1,persistence,reference_r3,28.357396,34.56007099999999,200904,-6.202674999999992
LA-CH,200905,2,persistence,reference_r3,10.360133000000005,78.53204999999997,200904,-68.17191699999997
LA-CH,200906,3,persistence,reference_r3,41.64690100000001,93.161003,200904,-51.51410199999999
LA-CH,200907,1,persistence,reference_r3,7.347732000000001,71.28139400000009,200907,-63.93366200000009
LA-CH,200908,2,persistence,reference_r3,14.241996999999998,64.41127,200907,-50.169273000000004
LA-CH,200909,3,persistence,reference_r3,20.237556,60.885703999999976,200907,-40.64814799999998
LA-CH,200910,1,persistence,reference_r3,31.559768,20.379201999999992,200910,11.180566000000006
LA-CH,200911,2,persistence,reference_r3,48.322561,18.881177000000008,200910,29.441383999999992
LA-CH,200912,3,persistence,reference_r3,48.408425,11.014913999999996,200910,37.393511000000004
LA-HO,200801,1,persistence,reference_r3,0.8303219999999999,0.0035719999999999,200801,0.82675
LA-HO,200802,2,persistence,reference_r3,0.8292019999999999,0.001645,200801,0.8275569999999999
LA-HO,200803,3,persistence,reference_r3,0.820377,0.005946,200801,0.814431
LA-HO,200804,1,persistence,reference_r3,0.0149129999999999,0.010896,200804,0.004016999999999901
LA-HO,200805,2,persistence,reference_r3,0.013793,0.020793,200804,-0.006999999999999999
LA-HO,200806,3,persistence,reference_r3,0.015768,0.009267,200804,0.006501000000000002
LA-HO,200807,1,persistence,reference_r3,0.0149129999999999,0.313631,200807,-0.2987180000000001
LA-HO,200808,2,persistence,reference_r3,0.013793,0.3334090000000005,200807,-0.3196160000000005
LA-HO,200809,3,persistence,reference_r3,0.809768,0.6813059999999993,200807,0.12846200000000074
LA-HO,200810,1,persistence,reference_r3,0.8303219999999999,0.06638,200810,0.7639419999999999
LA-HO,200811,2,persistence,reference_r3,0.8292019999999999,0.010643,200810,0.8185589999999999
LA-HO,200812,3,persistence,reference_r3,0.0263769999999999,0.872617,200810,-0.8462400000000001
LA-HO,200901,1,persistence,reference_r3,0.8303219999999999,0.014409,200901,0.8159129999999999
LA-HO,200902,2,persistence,reference_r3,0.8292019999999999,0.024977,200901,0.8042249999999999
LA-HO,200903,3,persistence,reference_r3,0.820377,0.031006,200901,0.789371
LA-HO,200904,1,persistence,reference_r3,0.0149129999999999,0.0062799999999999,200904,0.008633
LA-HO,200905,2,persistence,reference_r3,0.013793,0.007549,200904,0.0062439999999999996
LA-HO,200906,3,persistence,reference_r3,0.015768,0.031595,200904,-0.015826999999999997
LA-HO,200907,1,persistence,reference_r3,0.0149129999999999,0.5930330000000001,200907,-0.5781200000000002
LA-HO,200908,2,persistence,reference_r3,0.013793,0.8383409999999998,200907,-0.8245479999999998
LA-HO,200909,3,persistence,reference_r3,0.809768,0.9490680000000004,200907,-0.1393000000000003
LA-HO,200910,1,persistence,reference_r3,0.024322,0.5981080000000001,200910,-0.5737860000000001
LA-HO,200911,2,persistence,reference_r3,0.023202,0.7961090000000001,200910,-0.772907
LA-HO,200912,3,persistence,reference_r3,0.0263769999999999,0.8613179999999999,200910,-0.834941
LA-KH,200801,1,persistence,reference_r3,1.3149230000000005,0.7505540000000002,200801,0.5643690000000003
LA-KH,200802,2,persistence,reference_r3,2.0702239999999996,0.1103629999999999,200801,1.9598609999999996
LA-KH,200803,3,persistence,reference_r3,2.6522299999999994,0.102767,200801,2.5494629999999994
LA-KH,200804,1,persistence,reference_r3,1.3149230000000005,0.589127,200804,0.7257960000000006
LA-KH,200805,2,persistence,reference_r3,2.0702239999999996,1.0617039999999998,200804,1.0085199999999999
LA-KH,200806,3,persistence,reference_r3,3.0462299999999978,2.205921,200804,0.8403089999999978
LA-KH,200807,1,persistence,reference_r3,2.403284000000001,4.118789,200807,-1.7155049999999985
LA-KH,200808,2,persistence,reference_r3,2.5886239999999994,5.313151999999988,200807,-2.7245279999999887
LA-KH,200809,3,persistence,reference_r3,4.036038999999999,4.808689999999999,200807,-0.7726509999999998
LA-KH,200810,1,persistence,reference_r3,3.125885000000002,0.8031730000000001,200810,2.322712000000002
LA-KH,200811,2,persistence,reference_r3,2.7576459999999976,1.644326,200810,1.1133199999999976
LA-KH,200812,3,persistence,reference_r3,2.9661490000000015,3.196055,200810,-0.2299059999999984
LA-KH,200901,1,persistence,reference_r3,3.713884999999999,0.0713969999999999,200901,3.6424879999999993
LA-KH,200902,2,persistence,reference_r3,4.333645999999998,0.0184499999999999,200901,4.3151959999999985
LA-KH,200903,3,persistence,reference_r3,3.796149,4.752674,200901,-0.9565249999999996
LA-KH,200904,1,persistence,reference_r3,4.995498000000001,0.3104810000000001,200904,4.685017000000001
LA-KH,200905,2,persistence,reference_r3,2.422528,2.386875,200904,0.035652999999999935
LA-KH,200906,3,persistence,reference_r3,54.16718900000001,65.897785,200904,-11.730595999999991
LA-KH,200907,1,persistence,reference_r3,60.490204000000006,113.178788,200907,-52.68858399999999
LA-KH,200908,2,persistence,reference_r3,191.180325,244.76583200000005,200907,-53.585507000000035
LA-KH,200909,3,persistence,reference_r3,163.22992399999998,210.083102,200907,-46.853178000000014
LA-KH,200910,1,persistence,reference_r3,169.74701399999998,42.305949,200910,127.44106499999998
LA-KH,200911,2,persistence,reference_r3,185.115734,22.93501099999999,200910,162.180723
LA-KH,200912,3,persistence,reference_r3,175.88018300000002,32.743303,200910,143.13688000000002
LA-LM,200801,1,persistence,reference_r3,0.0063019999999999,8.099999999999948e-05,200801,0.0062209999999999
LA-LM,200802,2,persistence,reference_r3,0.007978,5.999999999999929e-06,200801,0.007972
LA-LM,200803,3,persistence,reference_r3,0.008063,1.700000000000052e-05,200801,0.008046000000000001
LA-LM,200804,1,persistence,reference_r3,0.0063019999999999,0.000329,200804,0.005972999999999899
LA-LM,200805,2,persistence,reference_r3,0.007978,0.001516,200804,0.006462000000000001
LA-LM,200806,3,persistence,reference_r3,0.008063,0.0020649999999999,200804,0.0059980000000001005
LA-LM,200807,1,persistence,reference_r3,0.0063019999999999,0.7730440000000005,200807,-0.7667420000000006
LA-LM,200808,2,persistence,reference_r3,0.007978,0.4662040000000003,200807,-0.4582260000000003
LA-LM,200809,3,persistence,reference_r3,0.008063,0.8402969999999996,200807,-0.8322339999999996
LA-LM,200810,1,persistence,reference_r3,0.0063019999999999,0.024614,200810,-0.0183120000000001
LA-LM,200811,2,persistence,reference_r3,0.007978,0.0033669999999999,200810,0.004611000000000101
LA-LM,200812,3,persistence,reference_r3,0.008063,0.0011969999999999,200810,0.006866000000000101
LA-LM,200901,1,persistence,reference_r3,0.0063019999999999,8.099999999999948e-05,200901,0.0062209999999999
LA-LM,200902,2,persistence,reference_r3,0.007978,0.0001729999999999,200901,0.007805000000000101
LA-LM,200903,3,persistence,reference_r3,0.008063,0.00021,200901,0.007853
LA-LM,200904,1,persistence,reference_r3,0.880302,0.960417,200904,-0.08011499999999994
LA-LM,200905,2,persistence,reference_r3,0.007978,0.0029129999999999,200904,0.005065000000000101
LA-LM,200906,3,persistence,reference_r3,1.770063,1.81066,200904,-0.040596999999999994
LA-LM,200907,1,persistence,reference_r3,0.886035,1.4899909999999998,200907,-0.6039559999999998
LA-LM,200908,2,persistence,reference_r3,1.777203,1.5465480000000014,200907,0.23065499999999872
LA-LM,200909,3,persistence,reference_r3,1.777288,2.5131859999999975,200907,-0.7358979999999975
LA-LM,200910,1,persistence,reference_r3,0.8865399999999999,2.779909,200910,-1.893369
LA-LM,200911,2,persistence,reference_r3,1.7778919999999998,4.472511000000001,200910,-2.694619000000001
LA-LM,200912,3,persistence,reference_r3,0.016045,3.379939,200910,-3.3638939999999997
LA-LP,200801,1,persistence,reference_r3,3.4616930000000004,1.0388599999999997,200801,2.4228330000000007
LA-LP,200802,2,persistence,reference_r3,6.91244,13.878419,200801,-6.965978999999999
LA-LP,200803,3,persistence,reference_r3,10.133757,20.323975,200801,-10.190218000000002
LA-LP,200804,1,persistence,reference_r3,7.587196,15.558263,200804,-7.971067000000001
LA-LP,200805,2,persistence,reference_r3,77.70587800000001,74.766452,200804,2.9394260000000116
LA-LP,200806,3,persistence,reference_r3,116.670978,103.762893,200804,12.908085
LA-LP,200807,1,persistence,reference_r3,129.93954599999998,9.996617,200807,119.94292899999998
LA-LP,200808,2,persistence,reference_r3,128.21567000000002,8.431417,200807,119.78425300000002
LA-LP,200809,3,persistence,reference_r3,124.816253,8.694607000000001,200807,116.121646
LA-LP,200810,1,persistence,reference_r3,13.347094,16.58338,200810,-3.236285999999998
LA-LP,200811,2,persistence,reference_r3,84.94253,108.776302,200810,-23.833771999999996
LA-LP,200812,3,persistence,reference_r3,124.888534,157.567419,200810,-32.678884999999994
LA-LP,200901,1,persistence,reference_r3,146.497715,8.265425,200901,138.23229
LA-LP,200902,2,persistence,reference_r3,141.643959,5.606942,200901,136.037017
LA-LP,200903,3,persistence,reference_r3,139.126542,12.279498,200901,126.847044
LA-LP,200904,1,persistence,reference_r3,1.1242739999999998,10.861833,200904,-9.737559000000001
LA-LP,200905,2,persistence,reference_r3,1.711145,28.382681,200904,-26.671536000000003
LA-LP,200906,3,persistence,reference_r3,5.2004459999999995,56.95730400000001,200904,-51.75685800000001
LA-LP,200907,1,persistence,reference_r3,14.802083,19.072747999999997,200907,-4.2706649999999975
LA-LP,200908,2,persistence,reference_r3,15.036039,20.318465,200907,-5.282425999999999
LA-LP,200909,3,persistence,reference_r3,278.002476,274.190953,200907,3.8115230000000224
LA-LP,200910,1,persistence,reference_r3,133.848548,72.974098,200910,60.874449999999996
LA-LP,200911,2,persistence,reference_r3,204.57629,37.454729,200910,167.12156099999999
LA-LP,200912,3,persistence,reference_r3,288.208892,5.777261999999999,200910,282.43163
LA-OU,200801,1,persistence,reference_r3,0.0060349999999999,0.0004039999999999,200801,0.005631
LA-OU,200802,2,persistence,reference_r3,0.004123,8.099999999999948e-05,200801,0.0040420000000000005
LA-OU,200803,3,persistence,reference_r3,0.0080099999999999,0.000289,200801,0.007720999999999899
LA-OU,200804,1,persistence,reference_r3,0.0060349999999999,0.0025349999999999,200804,0.0034999999999999996
LA-OU,200805,2,persistence,reference_r3,0.004123,0.0068659999999999,200804,-0.0027429999999999
LA-OU,200806,3,persistence,reference_r3,0.0080099999999999,0.010588,200804,-0.002578000000000101
LA-OU,200807,1,persistence,reference_r3,0.0060349999999999,1.56081,200807,-1.5547750000000002
LA-OU,200808,2,persistence,reference_r3,0.004123,0.9954,200807,-0.991277
LA-OU,200809,3,persistence,reference_r3,0.0080099999999999,1.1755889999999989,200807,-1.167578999999999
LA-OU,200810,1,persistence,reference_r3,0.0060349999999999,0.023163,200810,-0.0171280000000001
LA-OU,200811,2,persistence,reference_r3,0.004123,0.00311,200810,0.001013
LA-OU,200812,3,persistence,reference_r3,0.0080099999999999,0.001261,200810,0.006748999999999899
LA-OU,200901,1,persistence,reference_r3,0.0060349999999999,0.000272,200901,0.0057629999999999
LA-OU,200902,2,persistence,reference_r3,0.004123,8.099999999999948e-05,200901,0.0040420000000000005
LA-OU,200903,3,persistence,reference_r3,0.0080099999999999,0.0006019999999999,200901,0.007407999999999999
LA-OU,200904,1,persistence,reference_r3,0.0060349999999999,0.0005859999999999,200904,0.005449
LA-OU,200905,2,persistence,reference_r3,0.004123,0.002917,200904,0.001206
LA-OU,200906,3,persistence,reference_r3,0.0080099999999999,0.0139929999999999,200904,-0.0059830000000000005
LA-OU,200907,1,persistence,reference_r3,0.0060349999999999,2.188065999999999,200907,-2.1820309999999994
LA-OU,200908,2,persistence,reference_r3,0.886123,2.063244000000001,200907,-1.177121000000001
LA-OU,200909,3,persistence,reference_r3,14.71601,9.1189,200907,5.597110000000001
LA-OU,200910,1,persistence,reference_r3,8.76207,2.1941979999999996,200910,6.5678719999999995
LA-OU,200911,2,persistence,reference_r3,1.848246,8.633515,200910,-6.7852689999999996
LA-OU,200912,3,persistence,reference_r3,2.7500199999999997,16.170816000000002,200910,-13.420796000000003
LA-PH,200901,1,persistence,reference_r3,0.0002559999999999,0.019356,200901,-0.019100000000000103
LA-PH,200902,2,persistence,reference_r3,0.0002559999999999,0.0195099999999999,200901,-0.019254
LA-PH,200903,3,persistence,reference_r3,0.0003239999999999,0.019696,200901,-0.0193720000000001
LA-PH,200904,1,persistence,reference_r3,0.0002559999999999,0.006308,200904,-0.0060520000000001
LA-PH,200905,2,persistence,reference_r3,0.0002559999999999,0.007779,200904,-0.0075230000000001
LA-PH,200906,3,persistence,reference_r3,0.0003239999999999,0.0302049999999999,200904,-0.029880999999999998
LA-PH,200907,1,persistence,reference_r3,0.0002559999999999,0.2130319999999992,200907,-0.2127759999999993
LA-PH,200909,3,persistence,reference_r3,0.0003239999999999,0.3147009999999994,200907,-0.3143769999999995
LA-PH,200910,1,persistence,reference_r3,0.0002559999999999,0.013479,200910,-0.0132230000000001
LA-PH,200911,2,persistence,reference_r3,0.0002559999999999,0.007355,200910,-0.0070990000000001
LA-PH,200912,3,persistence,reference_r3,0.0003239999999999,0.000793,200910,-0.0004690000000001
LA-SL,200801,1,persistence,reference_r3,5.888300000000001,1.0048340000000002,200801,4.883466
LA-SL,200802,2,persistence,reference_r3,4.932642,0.4083449999999999,200801,4.524297000000001
LA-SL,200803,3,persistence,reference_r3,1.538814,3.827596999999999,200801,-2.288782999999999
LA-SL,200804,1,persistence,reference_r3,2.4083299999999994,1.076374,200804,1.3319559999999995
LA-SL,200805,2,persistence,reference_r3,94.771065,90.045856,200804,4.725208999999992
LA-SL,200806,3,persistence,reference_r3,215.529118,188.478655,200804,27.050463000000008
LA-SL,200807,1,persistence,reference_r3,144.638988,48.32979800000001,200807,96.30919
LA-SL,200808,2,persistence,reference_r3,157.654794,39.41290200000003,200807,118.24189199999998
LA-SL,200809,3,persistence,reference_r3,135.591742,56.15395600000001,200807,79.437786
LA-SL,200810,1,persistence,reference_r3,5.024252000000001,38.734306999999994,200810,-33.710055
LA-SL,200811,2,persistence,reference_r3,59.913664,7.184589999999998,200810,52.729074
LA-SL,200812,3,persistence,reference_r3,72.336984,2.808318,200810,69.528666
LA-SL,200901,1,persistence,reference_r3,5.890064000000001,1.7525780000000002,200901,4.137486000000001
LA-SL,200902,2,persistence,reference_r3,14.107243,19.664844,200901,-5.557600999999998
LA-SL,200903,3,persistence,reference_r3,14.945415000000002,13.247993,200901,1.697422000000003
LA-SL,200904,1,persistence,reference_r3,5.018927,5.978850000000001,200904,-0.9599230000000016
LA-SL,200905,2,persistence,reference_r3,91.851327,43.625592000000005,200904,48.22573499999999
LA-SL,200906,3,persistence,reference_r3,14.970665,33.701605,200904,-18.73094
LA-SL,200907,1,persistence,reference_r3,118.6355,111.81295799999998,200907,6.822542000000013
LA-SL,200908,2,persistence,reference_r3,80.18723700000001,86.75851599999999,200907,-6.571278999999976
LA-SL,200909,3,persistence,reference_r3,45.277277,62.14185299999963,200907,-16.86457599999963
LA-SL,200910,1,persistence,reference_r3,2.434636,34.467141000000005,200910,-32.03250500000001
LA-SL,200911,2,persistence,reference_r3,43.493157999999994,20.250252000000003,200910,23.24290599999999
LA-SL,200912,3,persistence,reference_r3,69.439998,6.561420999999999,200910,62.87857700000001
LA-SV,200801,1,persistence,reference_r3,4.8442229999999995,4.8195619999999995,200801,0.024661000000000044
LA-SV,200802,2,persistence,reference_r3,8.673057,0.9550710000000002,200801,7.717986
LA-SV,200803,3,persistence,reference_r3,12.976107,0.4792040000000002,200801,12.496903
LA-SV,200804,1,persistence,reference_r3,5.031711999999999,4.137742,200804,0.8939699999999986
LA-SV,200805,2,persistence,reference_r3,8.798821000000004,5.875717,200804,2.923104000000004
LA-SV,200806,3,persistence,reference_r3,14.938783,27.238446999999994,200804,-12.299663999999993
LA-SV,200807,1,persistence,reference_r3,5.993041000000005,31.72033300000004,200807,-25.727292000000034
LA-SV,200808,2,persistence,reference_r3,11.269002999999998,32.73693700000001,200807,-21.467934000000014
LA-SV,200809,3,persistence,reference_r3,16.011347999999998,29.69169099999999,200807,-13.680342999999993
LA-SV,200810,1,persistence,reference_r3,7.473481,3.65276,200810,3.820721
LA-SV,200811,2,persistence,reference_r3,8.967742000000001,0.73996,200810,8.227782000000001
LA-SV,200812,3,persistence,reference_r3,13.509918999999996,0.265727,200810,13.244191999999996
LA-SV,200901,1,persistence,reference_r3,4.710222999999999,0.062622,200901,4.647600999999999
LA-SV,200902,2,persistence,reference_r3,8.589056999999997,0.0094209999999999,200901,8.579635999999997
LA-SV,200903,3,persistence,reference_r3,12.924106999999992,0.1186199999999999,200901,12.805486999999992
LA-SV,200904,1,persistence,reference_r3,4.710222999999999,0.1692179999999999,200904,4.541004999999999
LA-SV,200905,2,persistence,reference_r3,8.589056999999997,1.3438949999999998,200904,7.245161999999997
LA-SV,200906,3,persistence,reference_r3,12.976107,1.538887,200904,11.43722
LA-SV,200907,1,persistence,reference_r3,9.081712000000003,37.576008999999885,200907,-28.494296999999882
LA-SV,200908,2,persistence,reference_r3,21.414821000000003,27.99105499999996,200907,-6.576233999999957
LA-SV,200909,3,persistence,reference_r3,29.858783000000003,35.65026599999999,200907,-5.791482999999985
LA-SV,200910,1,persistence,reference_r3,22.608721999999993,7.162528000000002,200910,15.446193999999991
LA-SV,200911,2,persistence,reference_r3,17.216891000000004,14.817908,200910,2.3989830000000048
LA-SV,200912,3,persistence,reference_r3,33.27619299999999,1.4831599999999998,200910,31.793032999999994
LA-VT,200801,1,persistence,reference_r3,43.562509000000006,10.586236000000005,200801,32.976273
LA-VT,200802,2,persistence,reference_r3,53.531439000000006,3.847788,200801,49.683651000000005
LA-VT,200803,3,persistence,reference_r3,53.29954199999999,15.875906,200801,37.42363599999999
LA-VT,200804,1,persistence,reference_r3,17.354836999999996,16.119370000000004,200804,1.2354669999999928
LA-VT,200805,2,persistence,reference_r3,23.829443999999995,20.733419999999995,200804,3.096024
LA-VT,200806,3,persistence,reference_r3,34.40855599999999,68.479647,200804,-34.07109100000001
LA-VT,200807,1,persistence,reference_r3,44.285051,77.86584299999993,200807,-33.580791999999924
LA-VT,200808,2,persistence,reference_r3,49.550028999999995,89.974423,200807,-40.42439400000001
LA-VT,200809,3,persistence,reference_r3,57.28912399999999,94.33711700000003,200807,-37.04799300000005
LA-VT,200810,1,persistence,reference_r3,40.699749,34.76646799999999,200810,5.933281000000008
LA-VT,200811,2,persistence,reference_r3,36.577603,63.718053999999995,200810,-27.14045099999999
LA-VT,200812,3,persistence,reference_r3,56.08934400000001,59.87786899999999,200810,-3.7885249999999786
LA-VT,200901,1,persistence,reference_r3,33.955966000000004,18.600893,200901,15.355073000000004
LA-VT,200902,2,persistence,reference_r3,46.578158000000016,11.829438,200901,34.74872000000002
LA-VT,200903,3,persistence,reference_r3,52.60918800000002,6.217972,200901,46.391216000000014
LA-VT,200904,1,persistence,reference_r3,14.502862999999998,10.796285999999998,200904,3.7065769999999993
LA-VT,200905,2,persistence,reference_r3,26.674568000000008,74.29199400000002,200904,-47.61742600000001
LA-VT,200906,3,persistence,reference_r3,45.832223,107.1467,200904,-61.314477
LA-VT,200907,1,persistence,reference_r3,142.69739800000002,191.131881,200907,-48.43448299999997
LA-VT,200908,2,persistence,reference_r3,166.135237,231.0070139999998,200907,-64.87177699999981
LA-VT,200909,3,persistence,reference_r3,238.83145099999996,308.9411500000001,200907,-70.10969900000015
LA-VT,200910,1,persistence,reference_r3,37.81561000000001,198.823094,200910,-161.00748399999998
LA-VT,200911,2,persistence,reference_r3,44.86481699999999,246.196768,200910,-201.331951
LA-VT,200912,3,persistence,reference_r3,73.67705999999998,254.10974699999997,200910,-180.432687
LA-XA,200801,1,persistence,reference_r3,1.370140000000001,1.006584,200801,0.3635560000000011
LA-XA,200802,2,persistence,reference_r3,1.726794,0.2425669999999999,200801,1.484227
LA-XA,200803,3,persistence,reference_r3,2.4291660000000004,0.152432,200801,2.2767340000000003
LA-XA,200804,1,persistence,reference_r3,0.9566909999999992,0.922062,200804,0.03462899999999913
LA-XA,200805,2,persistence,reference_r3,2.003665,1.2299859999999998,200804,0.773679
LA-XA,200806,3,persistence,reference_r3,4.741557,2.0402329999999997,200804,2.7013240000000005
LA-XA,200807,1,persistence,reference_r3,9.660272,11.200848,200807,-1.5405759999999997
LA-XA,200808,2,persistence,reference_r3,1.9991069999999984,4.100234999999998,200807,-2.101127999999999
LA-XA,200809,3,persistence,reference_r3,4.655937,3.0686930000000032,200807,1.5872439999999965
LA-XA,200810,1,persistence,reference_r3,1.8581400000000008,1.560085,200810,0.29805500000000085
LA-XA,200811,2,persistence,reference_r3,1.726794,0.758432,200810,0.968362
LA-XA,200812,3,persistence,reference_r3,2.223166000000001,0.406244,200810,1.8169220000000008
LA-XA,200901,1,persistence,reference_r3,1.370140000000001,0.1172649999999999,200901,1.252875000000001
LA-XA,200902,2,persistence,reference_r3,1.726794,0.04004,200901,1.6867539999999999
LA-XA,200903,3,persistence,reference_r3,2.4291660000000004,0.22696,200901,2.2022060000000003
LA-XA,200904,1,persistence,reference_r3,0.9566909999999992,0.2808729999999999,200904,0.6758179999999994
LA-XA,200905,2,persistence,reference_r3,1.5876649999999994,0.9964589999999998,200904,0.5912059999999997
LA-XA,200906,3,persistence,reference_r3,9.675557,6.044173999999999,200904,3.6313830000000005
LA-XA,200907,1,persistence,reference_r3,2.7803690000000003,7.097836999999998,200907,-4.317467999999998
LA-XA,200908,2,persistence,reference_r3,17.094084000000002,22.112719999999996,200907,-5.018635999999994
LA-XA,200909,3,persistence,reference_r3,3.863987999999999,6.625676000000006,200907,-2.7616880000000066
LA-XA,200910,1,persistence,reference_r3,4.720613,4.8707530000000006,200910,-0.15014000000000038
LA-XA,200911,2,persistence,reference_r3,4.825930999999999,2.3778760000000005,200910,2.4480549999999983
LA-XA,200912,3,persistence,reference_r3,8.469738999999999,1.2106050000000002,200910,7.259133999999999
LA-XE,200801,1,persistence,reference_r3,0.6979409999999999,0.0204699999999999,200801,0.677471
LA-XE,200802,2,persistence,reference_r3,0.6954600000000001,0.012294,200801,0.683166
LA-XE,200803,3,persistence,reference_r3,0.6880539999999999,0.003147,200801,0.6849069999999999
LA-XE,200804,1,persistence,reference_r3,0.067505,0.024906,200804,0.042599
LA-XE,200805,2,persistence,reference_r3,0.0713599999999999,0.0449089999999999,200804,0.026450999999999995
LA-XE,200806,3,persistence,reference_r3,4.053398,3.981396,200804,0.07200199999999946
LA-XE,200807,1,persistence,reference_r3,4.160576,0.3170490000000003,200807,3.8435269999999995
LA-XE,200808,2,persistence,reference_r3,4.131926999999999,0.4580619999999999,200807,3.6738649999999993
LA-XE,200809,3,persistence,reference_r3,3.2153919999999996,0.6549679999999993,200807,2.5604240000000003
LA-XE,200810,1,persistence,reference_r3,0.6979409999999999,0.0517479999999999,200810,0.646193
LA-XE,200811,2,persistence,reference_r3,0.6954600000000001,0.0153,200810,0.6801600000000001
LA-XE,200812,3,persistence,reference_r3,0.120054,0.87429,200810,-0.754236
LA-XE,200901,1,persistence,reference_r3,0.6979409999999999,0.0087939999999999,200901,0.6891470000000001
LA-XE,200902,2,persistence,reference_r3,0.6954600000000001,1.832758,200901,-1.137298
LA-XE,200903,3,persistence,reference_r3,0.6880539999999999,1.757736,200901,-1.069682
LA-XE,200904,1,persistence,reference_r3,0.71307,0.5237180000000001,200904,0.18935199999999985
LA-XE,200905,2,persistence,reference_r3,0.132101,1.037385,200904,-0.905284
LA-XE,200906,3,persistence,reference_r3,6.022938,6.428031000000001,200904,-0.4050930000000008
LA-XE,200907,1,persistence,reference_r3,19.060946,22.696381,200907,-3.6354349999999975
LA-XE,200908,2,persistence,reference_r3,16.974494,21.709413,200907,-4.734919000000001
LA-XE,200909,3,persistence,reference_r3,2.3166710000000004,3.9891229999999993,200907,-1.672451999999999
LA-XE,200910,1,persistence,reference_r3,0.722745,2.6404110000000003,200910,-1.9176660000000003
LA-XE,200911,2,persistence,reference_r3,2.3122510000000003,9.172386,200910,-6.860135
LA-XE,200912,3,persistence,reference_r3,0.713921,7.880524999999999,200910,-7.166603999999999
LA-XI,200801,1,persistence,reference_r3,0.000689,0.0009419999999999,200801,-0.0002529999999998999
LA-XI,200802,2,persistence,reference_r3,0.000689,0.0001969999999999,200801,0.0004920000000001
LA-XI,200803,3,persistence,reference_r3,0.000757,0.0002909999999999,200801,0.00046600000000009996
LA-XI,200804,1,persistence,reference_r3,0.000689,0.0015309999999999,200804,-0.0008419999999999
LA-XI,200805,2,persistence,reference_r3,0.000689,0.0012409999999999,200804,-0.0005519999999998999
LA-XI,200806,3,persistence,reference_r3,0.948757,0.92354,200804,0.025216999999999934
LA-XI,200807,1,persistence,reference_r3,0.951314,0.361027,200807,0.590287
LA-XI,200808,2,persistence,reference_r3,0.951314,0.3533870000000005,200807,0.5979269999999994
LA-XI,200809,3,persistence,reference_r3,0.949433,0.389958,200807,0.559475
LA-XI,200810,1,persistence,reference_r3,0.000689,0.011217,200810,-0.010528
LA-XI,200811,2,persistence,reference_r3,0.000689,0.002517,200810,-0.0018280000000000002
LA-XI,200812,3,persistence,reference_r3,0.000757,0.002325,200810,-0.001568
LA-XI,200901,1,persistence,reference_r3,0.000689,0.0011599999999999,200901,-0.0004709999999999
LA-XI,200902,2,persistence,reference_r3,0.000689,0.001205,200901,-0.0005159999999999999
LA-XI,200903,3,persistence,reference_r3,0.000757,0.0013989999999999,200901,-0.0006419999999999001
LA-XI,200904,1,persistence,reference_r3,0.000689,0.000592,200904,9.700000000000008e-05
LA-XI,200905,2,persistence,reference_r3,38.934689,38.92510600000001,200904,0.009582999999992126
LA-XI,200906,3,persistence,reference_r3,32.93075700000001,32.864947,200904,0.06581000000000614
LA-XI,200907,1,persistence,reference_r3,31.935378,0.7474980000000002,200907,31.18788
LA-XI,200908,2,persistence,reference_r3,22.935378,6.750734,200907,16.184644
LA-XI,200909,3,persistence,reference_r3,32.931514,0.5580090000000002,200907,32.373505
LA-XI,200910,1,persistence,reference_r3,0.000689,0.9483309999999996,200910,-0.9476419999999995
LA-XI,200911,2,persistence,reference_r3,0.000689,0.4598199999999999,200910,-0.4591309999999999
LA-XI,200912,3,persistence,reference_r3,0.000757,0.196678,200910,-0.19592099999999998
LA-AT,200801,1,persistence,reference_r4,3.417114,2.8367020000000003,200801,0.5804119999999999
LA-AT,200802,2,persistence,reference_r4,1.554761,1.296224,200801,0.258537
LA-AT,200803,3,persistence,reference_r4,0.0719689999999997,0.067726,200801,0.004242999999999705
LA-AT,200804,1,persistence,reference_r4,0.0471139999999998,0.378624,200804,-0.3315100000000002
LA-AT,200805,2,persistence,reference_r4,3.342761,1.385485,200804,1.9572759999999998
LA-AT,200806,3,persistence,reference_r4,8.929969,3.877762999999999,200804,5.052206000000001
LA-AT,200807,1,persistence,reference_r4,3.450605,3.4447519999999976,200807,0.0058530000000023286
LA-AT,200808,2,persistence,reference_r4,0.8260830000000001,6.866979999999998,200807,-6.0408969999999975
LA-AT,200809,3,persistence,reference_r4,12.807472,16.888999000000002,200807,-4.081527000000001
LA-AT,200810,1,persistence,reference_r4,21.839211,31.241203,200810,-9.401992
LA-AT,200811,2,persistence,reference_r4,17.716617,34.953832999999996,200810,-17.237215999999997
LA-AT,200812,3,persistence,reference_r4,0.8262919999999996,16.9223,200810,-16.096008
LA-AT,200901,1,persistence,reference_r4,4.403041999999999,7.800769,200901,-3.3977270000000006
LA-AT,200902,2,persistence,reference_r4,21.580328,37.317364,200901,-15.737035999999996
LA-AT,200903,3,persistence,reference_r4,51.660003,57.580625999999995,200901,-5.920622999999992
LA-AT,200904,1,persistence,reference_r4,20.870388,46.91363199999999,200904,-26.043243999999994
LA-AT,200905,2,persistence,reference_r4,74.407714,51.23826900000002,200904,23.169444999999982
LA-AT,200906,3,persistence,reference_r4,50.686121,38.34807500000001,200904,12.338045999999991
LA-AT,200907,1,persistence,reference_r4,38.397211,45.99423399999999,200907,-7.597022999999993
LA-AT,200908,2,persistence,reference_r4,2.492617,14.654463,200907,-12.161846
LA-AT,200909,3,persistence,reference_r4,6.1402920000000005,10.517417000000002,200907,-4.377125000000001
LA-AT,200910,1,persistence,reference_r4,12.098028,6.607401000000003,200910,5.490626999999996
LA-AT,200911,2,persistence,reference_r4,0.8285939999999998,5.754928000000001,200910,-4.9263340000000015
LA-AT,200912,3,persistence,reference_r4,9.930269,5.9292409999999975,200910,4.001028000000002
LA-BK,200801,1,persistence,reference_r4,0.702799,0.956488,200801,-0.25368900000000005
LA-BK,200802,2,persistence,reference_r4,0.0441579999999999,2.499999999999985e-05,200801,0.0441329999999999
LA-BK,200803,3,persistence,reference_r4,0.04958,1.600000000000039e-05,200801,0.049564
LA-BK,200804,1,persistence,reference_r4,0.0387989999999999,0.0024169999999999,200804,0.036382000000000005
LA-BK,200805,2,persistence,reference_r4,11.132158,11.485305,200804,-0.3531469999999999
LA-BK,200806,3,persistence,reference_r4,51.985580000000006,52.294556,200804,-0.30897599999999414
LA-BK,200807,1,persistence,reference_r4,50.223598,1.7907120000000027,200807,48.432885999999996
LA-BK,200808,2,persistence,reference_r4,43.128316,6.293468000000001,200807,36.834847999999994
LA-BK,200809,3,persistence,reference_r4,19.03516,22.03733399999999,200807,-3.0021739999999895
LA-BK,200810,1,persistence,reference_r4,14.223598,22.844979999999993,200810,-8.621381999999992
LA-BK,200811,2,persistence,reference_r4,21.128316,47.119555000000005,200810,-25.991239000000004
LA-BK,200812,3,persistence,reference_r4,27.03516,2.5994759999999997,200810,24.435684000000002
LA-BK,200901,1,persistence,reference_r4,3.438492,0.4726700000000001,200901,2.965822
LA-BK,200902,2,persistence,reference_r4,4.3407670000000005,0.5150710000000001,200901,3.8256960000000007
LA-BK,200903,3,persistence,reference_r4,3.355307,0.8135529999999997,200901,2.541754
LA-BK,200904,1,persistence,reference_r4,1.589023,1.2950289999999995,200904,0.29399400000000053
LA-BK,200905,2,persistence,reference_r4,72.11584199999999,43.461354,200904,28.654487999999986
LA-BK,200906,3,persistence,reference_r4,214.019436,144.657677,200904,69.361759
LA-BK,200907,1,persistence,reference_r4,3.439598,176.21954499999998,200907,-172.779947
LA-BK,200908,2,persistence,reference_r4,105.128316,87.326098,200907,17.802217999999996
LA-BK,200909,3,persistence,reference_r4,163.03516,37.103966,200907,125.93119399999999
LA-BK,200910,1,persistence,reference_r4,20.223598,20.21283100000001,200910,0.010766999999990645
LA-BK,200911,2,persistence,reference_r4,46.128316,9.610854000000003,200910,36.517461999999995
LA-BK,200912,3,persistence,reference_r4,47.03516,4.472403,200910,42.562757
LA-BL,200801,1,persistence,reference_r4,5.383502,5.014264,200801,0.3692380000000002
LA-BL,200802,2,persistence,reference_r4,4.609445999999998,6.139157,200801,-1.5297110000000016
LA-BL,200803,3,persistence,reference_r4,4.952254,0.412141,200801,4.540113
LA-BL,200804,1,persistence,reference_r4,2.695502000000001,1.2424780000000002,200804,1.453024000000001
LA-BL,200805,2,persistence,reference_r4,7.897445999999999,5.117559,200804,2.7798869999999987
LA-BL,200806,3,persistence,reference_r4,9.692254000000002,5.628684,200804,4.063570000000002
LA-BL,200807,1,persistence,reference_r4,8.23891,19.689371,200807,-11.450461
LA-BL,200808,2,persistence,reference_r4,9.221346999999998,19.877417,200807,-10.656070000000003
LA-BL,200809,3,persistence,reference_r4,9.298677,18.232329000000007,200807,-8.933652000000007
LA-BL,200810,1,persistence,reference_r4,16.470322000000003,9.799912999999997,200810,6.6704090000000065
LA-BL,200811,2,persistence,reference_r4,12.262498,4.074579,200810,8.187919
LA-BL,200812,3,persistence,reference_r4,17.99097,0.901008,200810,17.089962
LA-BL,200901,1,persistence,reference_r4,2.511502,0.732024,200901,1.7794780000000001
LA-BL,200902,2,persistence,reference_r4,3.6934460000000016,1.524706,200901,2.1687400000000014
LA-BL,200903,3,persistence,reference_r4,4.9942540000000015,1.26179,200901,3.7324640000000016
LA-BL,200904,1,persistence,reference_r4,2.5010209999999997,0.8191610000000003,200904,1.6818599999999995
LA-BL,200905,2,persistence,reference_r4,3.323820999999999,3.162604,200904,0.16121699999999883
LA-BL,200906,3,persistence,reference_r4,5.582812999999998,4.752651999999999,200904,0.8301609999999986
LA-BL,200907,1,persistence,reference_r4,17.514046,21.536134000000004,200907,-4.022088000000004
LA-BL,200908,2,persistence,reference_r4,4.609358000000002,5.621592000000007,200907,-1.0122340000000047
LA-BL,200909,3,persistence,reference_r4,6.933896999999998,5.2784619999999975,200907,1.6554350000000007
LA-BL,200910,1,persistence,reference_r4,2.3170210000000004,5.3661650000000005,200910,-3.049144
LA-BL,200911,2,persistence,reference_r4,3.4678210000000007,1.7011760000000002,200910,1.7666450000000005
LA-BL,200912,3,persistence,reference_r4,4.764813,0.7305090000000001,200910,4.034304000000001
LA-CH,200801,1,persistence,reference_r4,9.094472000000003,30.169458,200801,-21.074985999999996
LA-CH,200802,2,persistence,reference_r4,19.277769,53.82499,200801,-34.547221
LA-CH,200803,3,persistence,reference_r4,22.452036999999997,58.323393,200801,-35.871356000000006
LA-CH,200804,1,persistence,reference_r4,16.585575000000002,23.11534300000001,200804,-6.529768000000008
LA-CH,200805,2,persistence,reference_r4,17.207692,56.561757,200804,-39.354065
LA-CH,200806,3,persistence,reference_r4,145.733314,107.795231,200804,37.938083000000006
LA-CH,200807,1,persistence,reference_r4,103.949944,91.606266,200807,12.343677999999997
LA-CH,200808,2,persistence,reference_r4,112.642802,81.193533,200807,31.449269
LA-CH,200809,3,persistence,reference_r4,73.553239,122.110363,200807,-48.557124
LA-CH,200810,1,persistence,reference_r4,31.000921000000005,45.592534,200810,-14.591612999999995
LA-CH,200811,2,persistence,reference_r4,58.287541,44.520912,200810,13.766628999999995
LA-CH,200812,3,persistence,reference_r4,74.65110700000001,33.998113,200810,40.652994000000014
LA-CH,200901,1,persistence,reference_r4,28.518953000000003,9.507222,200901,19.011731000000005
LA-CH,200902,2,persistence,reference_r4,18.940767,25.378046,200901,-6.437279
LA-CH,200903,3,persistence,reference_r4,16.500345000000003,20.058573000000003,200901,-3.5582279999999997
LA-CH,200904,1,persistence,reference_r4,28.357396,33.108914,200904,-4.751517999999997
LA-CH,200905,2,persistence,reference_r4,10.360133000000005,83.679532,200904,-73.31939899999999
LA-CH,200906,3,persistence,reference_r4,41.64690100000001,88.22357400000001,200904,-46.57667300000001
LA-CH,200907,1,persistence,reference_r4,7.347732000000001,79.16740900000002,200907,-71.81967700000001
LA-CH,200908,2,persistence,reference_r4,14.241996999999998,64.78684199999998,200907,-50.54484499999998
LA-CH,200909,3,persistence,reference_r4,20.237556,63.87159600000001,200907,-43.63404000000001
LA-CH,200910,1,persistence,reference_r4,31.559768,20.745863999999997,200910,10.813904
LA-CH,200911,2,persistence,reference_r4,48.322561,11.510029000000005,200910,36.812532
LA-CH,200912,3,persistence,reference_r4,48.408425,12.608556999999998,200910,35.799868000000004
LA-HO,200801,1,persistence,reference_r4,0.8303219999999999,0.004292,200801,0.8260299999999999
LA-HO,200802,2,persistence,reference_r4,0.8292019999999999,0.000904,200801,0.8282979999999999
LA-HO,200803,3,persistence,reference_r4,0.820377,0.0080019999999999,200801,0.8123750000000001
LA-HO,200804,1,persistence,reference_r4,0.0149129999999999,0.0042039999999999,200804,0.010709
LA-HO,200805,2,persistence,reference_r4,0.013793,0.0161899999999999,200804,-0.002396999999999899
LA-HO,200806,3,persistence,reference_r4,0.015768,0.0068899999999999,200804,0.008878000000000101
LA-HO,200807,1,persistence,reference_r4,0.0149129999999999,0.3396999999999996,200807,-0.3247869999999997
LA-HO,200808,2,persistence,reference_r4,0.013793,0.4094160000000002,200807,-0.3956230000000002
LA-HO,200809,3,persistence,reference_r4,0.809768,0.6962050000000009,200807,0.11356299999999919
LA-HO,200810,1,persistence,reference_r4,0.8303219999999999,0.072475,200810,0.7578469999999999
LA-HO,200811,2,persistence,reference_r4,0.8292019999999999,0.0073499999999999,200810,0.821852
LA-HO,200812,3,persistence,reference_r4,0.0263769999999999,0.8613099999999999,200810,-0.834933
LA-HO,200901,1,persistence,reference_r4,0.8303219999999999,0.0146439999999999,200901,0.815678
LA-HO,200902,2,persistence,reference_r4,0.8292019999999999,0.027013,200901,0.8021889999999999
LA-HO,200903,3,persistence,reference_r4,0.820377,0.0218619999999999,200901,0.7985150000000001
LA-HO,200904,1,persistence,reference_r4,0.0149129999999999,0.005288,200904,0.009624999999999901
LA-HO,200905,2,persistence,reference_r4,0.013793,0.009651,200904,0.004142
LA-HO,200906,3,persistence,reference_r4,0.015768,0.034074,200904,-0.018306
LA-HO,200907,1,persistence,reference_r4,0.0149129999999999,0.5784299999999991,200907,-0.5635169999999992
LA-HO,200908,2,persistence,reference_r4,0.013793,0.7780959999999979,200907,-0.764302999999998
LA-HO,200909,3,persistence,reference_r4,0.809768,0.8483070000000001,200907,-0.0385390000000001
LA-HO,200910,1,persistence,reference_r4,0.024322,0.557213,200910,-0.532891
LA-HO,200911,2,persistence,reference_r4,0.023202,0.794532,200910,-0.7713300000000001
LA-HO,200912,3,persistence,reference_r4,0.0263769999999999,0.8671359999999999,200910,-0.840759
LA-KH,200801,1,persistence,reference_r4,1.3149230000000005,0.798187,200801,0.5167360000000005
LA-KH,200802,2,persistence,reference_r4,2.0702239999999996,0.072524,200801,1.9976999999999996
LA-KH,200803,3,persistence,reference_r4,2.6522299999999994,0.105051,200801,2.5471789999999994
LA-KH,200804,1,persistence,reference_r4,1.3149230000000005,0.4691079999999998,200804,0.8458150000000006
LA-KH,200805,2,persistence,reference_r4,2.0702239999999996,1.4484230000000005,200804,0.6218009999999992
LA-KH,200806,3,persistence,reference_r4,3.0462299999999978,2.645658,200804,0.4005719999999977
LA-KH,200807,1,persistence,reference_r4,2.403284000000001,3.3643590000000003,200807,-0.9610749999999992
LA-KH,200808,2,persistence,reference_r4,2.5886239999999994,5.135171,200807,-2.5465470000000003
LA-KH,200809,3,persistence,reference_r4,4.036038999999999,5.211868999999993,200807,-1.1758299999999942
LA-KH,200810,1,persistence,reference_r4,3.125885000000002,0.7588539999999999,200810,2.367031000000002
LA-KH,200811,2,persistence,reference_r4,2.7576459999999976,1.566048,200810,1.1915979999999975
LA-KH,200812,3,persistence,reference_r4,2.9661490000000015,3.263829,200810,-0.2976799999999984
LA-KH,200901,1,persistence,reference_r4,3.713884999999999,0.093174,200901,3.620710999999999
LA-KH,200902,2,persistence,reference_r4,4.333645999999998,0.033887,200901,4.299758999999998
LA-KH,200903,3,persistence,reference_r4,3.796149,4.460589,200901,-0.6644399999999995
LA-KH,200904,1,persistence,reference_r4,4.995498000000001,0.354324,200904,4.641174000000001
LA-KH,200905,2,persistence,reference_r4,2.422528,2.419224,200904,0.0033039999999999736
LA-KH,200906,3,persistence,reference_r4,54.16718900000001,66.748773,200904,-12.581583999999992
LA-KH,200907,1,persistence,reference_r4,60.490204000000006,108.943322,200907,-48.45311799999999
LA-KH,200908,2,persistence,reference_r4,191.180325,238.679122,200907,-47.498796999999996
LA-KH,200909,3,persistence,reference_r4,163.22992399999998,208.55232200000003,200907,-45.32239800000005
LA-KH,200910,1,persistence,reference_r4,169.74701399999998,43.776432,200910,125.97058199999998
LA-KH,200911,2,persistence,reference_r4,185.115734,17.976523000000007,200910,167.139211
LA-KH,200912,3,persistence,reference_r4,175.88018300000002,29.296884,200910,146.583299
LA-LM,200801,1,persistence,reference_r4,0.0063019999999999,0.0003249999999999,200801,0.005977
LA-LM,200802,2,persistence,reference_r4,0.007978,1.600000000000039e-05,200801,0.007962
LA-LM,200803,3,persistence,reference_r4,0.008063,4.000000000000097e-06,200801,0.008059
LA-LM,200804,1,persistence,reference_r4,0.0063019999999999,0.0002979999999999,200804,0.006004
LA-LM,200805,2,persistence,reference_r4,0.007978,0.003181,200804,0.004797000000000001
LA-LM,200806,3,persistence,reference_r4,0.008063,0.001745,200804,0.006318000000000001
LA-LM,200807,1,persistence,reference_r4,0.0063019999999999,0.8688380000000002,200807,-0.8625360000000003
LA-LM,200808,2,persistence,reference_r4,0.007978,0.4332669999999998,200807,-0.4252889999999998
LA-LM,200809,3,persistence,reference_r4,0.008063,0.6966209999999995,200807,-0.6885579999999994
LA-LM,200810,1,persistence,reference_r4,0.0063019999999999,0.03054,200810,-0.0242380000000001
LA-LM,200811,2,persistence,reference_r4,0.007978,0.0042119999999999,200810,0.003766000000000101
LA-LM,200812,3,persistence,reference_r4,0.008063,0.0016389999999999,200810,0.006424000000000101
LA-LM,200901,1,persistence,reference_r4,0.0063019999999999,0.0001209999999999,200901,0.006181
LA-LM,200902,2,persistence,reference_r4,0.007978,0.000289,200901,0.0076890000000000005
LA-LM,200903,3,persistence,reference_r4,0.008063,0.0004499999999999,200901,0.007613000000000101
LA-LM,200904,1,persistence,reference_r4,0.880302,0.956485,200904,-0.076183
LA-LM,200905,2,persistence,reference_r4,0.007978,0.002584,200904,0.005394000000000001
LA-LM,200906,3,persistence,reference_r4,1.770063,1.801153,200904,-0.031090000000000062
LA-LM,200907,1,persistence,reference_r4,0.886035,1.2886260000000007,200907,-0.4025910000000007
LA-LM,200908,2,persistence,reference_r4,1.777203,1.493829999999999,200907,0.283373000000001
LA-LM,200909,3,persistence,reference_r4,1.777288,2.2964459999999995,200907,-0.5191579999999996
LA-LM,200910,1,persistence,reference_r4,0.8865399999999999,2.6554909999999996,200910,-1.7689509999999997
LA-LM,200911,2,persistence,reference_r4,1.7778919999999998,4.601351,200910,-2.8234590000000006
LA-LM,200912,3,persistence,reference_r4,0.016045,3.254506,200910,-3.238461
LA-LP,200801,1,persistence,reference_r4,3.4616930000000004,0.8684659999999997,200801,2.5932270000000006
LA-LP,200802,2,persistence,reference_r4,6.91244,14.327608,200801,-7.4151679999999995
LA-LP,200803,3,persistence,reference_r4,10.133757,20.149659,200801,-10.015902
LA-LP,200804,1,persistence,reference_r4,7.587196,18.566985,200804,-10.979789
LA-LP,200805,2,persistence,reference_r4,77.70587800000001,72.633989,200804,5.071889000000013
LA-LP,200806,3,persistence,reference_r4,116.670978,94.354482,200804,22.316496
LA-LP,200807,1,persistence,reference_r4,129.93954599999998,9.794651999999996,200807,120.14489399999998
LA-LP,200808,2,persistence,reference_r4,128.21567000000002,8.176500999999998,200807,120.03916900000002
LA-LP,200809,3,persistence,reference_r4,124.816253,8.670110999999999,200807,116.146142
LA-LP,200810,1,persistence,reference_r4,13.347094,16.093396000000002,200810,-2.746302000000002
LA-LP,200811,2,persistence,reference_r4,84.94253,107.857655,200810,-22.91512499999999
LA-LP,200812,3,persistence,reference_r4,124.888534,156.804319,200810,-31.915784999999985
LA-LP,200901,1,persistence,reference_r4,146.497715,7.260730000000002,200901,139.236985
LA-LP,200902,2,persistence,reference_r4,141.643959,7.521311999999998,200901,134.122647
LA-LP,200903,3,persistence,reference_r4,139.126542,14.618975999999996,200901,124.507566
LA-LP,200904,1,persistence,reference_r4,1.1242739999999998,10.381677999999996,200904,-9.257403999999996
LA-LP,200905,2,persistence,reference_r4,1.711145,27.983264000000005,200904,-26.272119000000007
LA-LP,200906,3,persistence,reference_r4,5.2004459999999995,61.819982,200904,-56.619536000000004
LA-LP,200907,1,persistence,reference_r4,14.802083,19.029522,200907,-4.227439
LA-LP,200908,2,persistence,reference_r4,15.036039,21.578485,200907,-6.542446
LA-LP,200909,3,persistence,reference_r4,278.002476,278.68863799999997,200907,-0.6861619999999675
LA-LP,200910,1,persistence,reference_r4,133.848548,67.99948800000001,200910,65.84905999999998
LA-LP,200911,2,persistence,reference_r4,204.57629,43.09258700000001,200910,161.483703
LA-LP,200912,3,persistence,reference_r4,288.208892,6.425700000000001,200910,281.783192
LA-OU,200801,1,persistence,reference_r4,0.0060349999999999,0.000967,200801,0.0050679999999999
LA-OU,200802,2,persistence,reference_r4,0.004123,0.0004039999999999,200801,0.0037190000000001
LA-OU,200803,3,persistence,reference_r4,0.0080099999999999,0.0001209999999999,200801,0.007888999999999998
LA-OU,200804,1,persistence,reference_r4,0.0060349999999999,0.0015379999999999,200804,0.004497
LA-OU,200805,2,persistence,reference_r4,0.004123,0.009144,200804,-0.005020999999999999
LA-OU,200806,3,persistence,reference_r4,0.0080099999999999,0.0151409999999999,200804,-0.007131
LA-OU,200807,1,persistence,reference_r4,0.0060349999999999,1.7994449999999986,200807,-1.7934099999999988
LA-OU,200808,2,persistence,reference_r4,0.004123,1.0372990000000009,200807,-1.0331760000000008
LA-OU,200809,3,persistence,reference_r4,0.0080099999999999,1.6360589999999997,200807,-1.6280489999999999
LA-OU,200810,1,persistence,reference_r4,0.0060349999999999,0.026622,200810,-0.0205870000000001
LA-OU,200811,2,persistence,reference_r4,0.004123,0.0033009999999999,200810,0.0008220000000001
LA-OU,200812,3,persistence,reference_r4,0.0080099999999999,0.000916,200810,0.007093999999999899
LA-OU,200901,1,persistence,reference_r4,0.0060349999999999,6.499999999999909e-05,200901,0.005969999999999901
LA-OU,200902,2,persistence,reference_r4,0.004123,0.0001039999999999,200901,0.0040190000000001
LA-OU,200903,3,persistence,reference_r4,0.0080099999999999,0.0005289999999999,200901,0.007480999999999999
LA-OU,200904,1,persistence,reference_r4,0.0060349999999999,0.000977,200904,0.005057999999999899
LA-OU,200905,2,persistence,reference_r4,0.004123,0.00374,200904,0.0003830000000000001
LA-OU,200906,3,persistence,reference_r4,0.0080099999999999,0.0138689999999999,200904,-0.005859000000000001
LA-OU,200907,1,persistence,reference_r4,0.0060349999999999,2.8559210000000093,200907,-2.8498860000000095
LA-OU,200908,2,persistence,reference_r4,0.886123,2.5130009999999956,200907,-1.6268779999999956
LA-OU,200909,3,persistence,reference_r4,14.71601,8.788325,200907,5.927685
LA-OU,200910,1,persistence,reference_r4,8.76207,2.132688,200910,6.629382
LA-OU,200911,2,persistence,reference_r4,1.848246,9.699225,200910,-7.850979000000001
LA-OU,200912,3,persistence,reference_r4,2.7500199999999997,15.897626,200910,-13.147606000000001
LA-PH,200901,1,persistence,reference_r4,0.0002559999999999,0.021224,200901,-0.0209680000000001
LA-PH,200902,2,persistence,reference_r4,0.0002559999999999,0.0268339999999999,200901,-0.026578
LA-PH,200903,3,persistence,reference_r4,0.0003239999999999,0.024315,200901,-0.0239910000000001
LA-PH,200904,1,persistence,reference_r4,0.0002559999999999,0.0043809999999999,200904,-0.004124999999999999
LA-PH,200905,2,persistence,reference_r4,0.0002559999999999,0.006192,200904,-0.005936000000000099
LA-PH,200906,3,persistence,reference_r4,0.0003239999999999,0.0242669999999999,200904,-0.023943
LA-PH,200907,1,persistence,reference_r4,0.0002559999999999,0.3413810000000001,200907,-0.3411250000000002
LA-PH,200909,3,persistence,reference_r4,0.0003239999999999,0.4016869999999999,200907,-0.401363
LA-PH,200910,1,persistence,reference_r4,0.0002559999999999,0.0155049999999999,200910,-0.015249
LA-PH,200911,2,persistence,reference_r4,0.0002559999999999,0.0025619999999999,200910,-0.002306
LA-PH,200912,3,persistence,reference_r4,0.0003239999999999,0.0011849999999999,200910,-0.0008609999999999999
LA-SL,200801,1,persistence,reference_r4,5.888300000000001,0.954542,200801,4.933758000000001
LA-SL,200802,2,persistence,reference_r4,4.932642,0.4033469999999999,200801,4.529295
LA-SL,200803,3,persistence,reference_r4,1.538814,3.980154,200801,-2.4413400000000003
LA-SL,200804,1,persistence,reference_r4,2.4083299999999994,0.8359970000000003,200804,1.572332999999999
LA-SL,200805,2,persistence,reference_r4,94.771065,87.17213000000001,200804,7.598934999999983
LA-SL,200806,3,persistence,reference_r4,215.529118,186.680574,200804,28.848544000000004
LA-SL,200807,1,persistence,reference_r4,144.638988,50.954631000000035,200807,93.68435699999998
LA-SL,200808,2,persistence,reference_r4,157.654794,40.50004199999998,200807,117.15475200000003
LA-SL,200809,3,persistence,reference_r4,135.591742,58.593388,200807,76.998354
LA-SL,200810,1,persistence,reference_r4,5.024252000000001,36.712841,200810,-31.688588999999997
LA-SL,200811,2,persistence,reference_r4,59.913664,6.637036999999999,200810,53.276627
LA-SL,200812,3,persistence,reference_r4,72.336984,2.576464999999999,200810,69.760519
LA-SL,200901,1,persistence,reference_r4,5.890064000000001,1.2712250000000005,200901,4.618839
LA-SL,200902,2,persistence,reference_r4,14.107243,19.478922,200901,-5.371679
LA-SL,200903,3,persistence,reference_r4,14.945415000000002,12.996581,200901,1.9488340000000015
LA-SL,200904,1,persistence,reference_r4,5.018927,6.037266000000001,200904,-1.018339000000001
LA-SL,200905,2,persistence,reference_r4,91.851327,42.424353,200904,49.426973999999994
LA-SL,200906,3,persistence,reference_r4,14.970665,28.652967000000004,200904,-13.682302000000004
LA-SL,200907,1,persistence,reference_r4,118.6355,113.318556,200907,5.316943999999992
LA-SL,200908,2,persistence,reference_r4,80.18723700000001,88.062403,200907,-7.875165999999993
LA-SL,200909,3,persistence,reference_r4,45.277277,62.760672,200907,-17.483395
LA-SL,200910,1,persistence,reference_r4,2.434636,35.219433,200910,-32.784797000000005
LA-SL,200911,2,persistence,reference_r4,43.493157999999994,15.544074999999996,200910,27.949082999999998
LA-SL,200912,3,persistence,reference_r4,69.439998,7.556518,200910,61.883480000000006
LA-SV,200801,1,persistence,reference_r4,4.8442229999999995,4.810980000000001,200801,0.0332429999999988
LA-SV,200802,2,persistence,reference_r4,8.673057,0.644646,200801,8.028411
LA-SV,200803,3,persistence,reference_r4,12.976107,0.4455659999999999,200801,12.530541000000001
LA-SV,200804,1,persistence,reference_r4,5.031711999999999,3.222918,200804,1.808793999999999
LA-SV,200805,2,persistence,reference_r4,8.798821000000004,8.045517,200804,0.7533040000000035
LA-SV,200806,3,persistence,reference_r4,14.938783,25.165687999999996,200804,-10.226904999999995
LA-SV,200807,1,persistence,reference_r4,5.993041000000005,25.79708499999998,200807,-19.804043999999976
LA-SV,200808,2,persistence,reference_r4,11.269002999999998,22.60435100000001,200807,-11.33534800000001
LA-SV,200809,3,persistence,reference_r4,16.011347999999998,24.74873700000001,200807,-8.737389000000011
LA-SV,200810,1,persistence,reference_r4,7.473481,3.930508,200810,3.5429729999999995
LA-SV,200811,2,persistence,reference_r4,8.967742000000001,0.7686450000000002,200810,8.199097000000002
LA-SV,200812,3,persistence,reference_r4,13.509918999999996,0.3129829999999999,200810,13.196935999999997
LA-SV,200901,1,persistence,reference_r4,4.710222999999999,0.060504,200901,4.649718999999999
LA-SV,200902,2,persistence,reference_r4,8.589056999999997,0.0161649999999999,200901,8.572891999999998
LA-SV,200903,3,persistence,reference_r4,12.924106999999992,0.154899,200901,12.769207999999992
LA-SV,200904,1,persistence,reference_r4,4.710222999999999,0.175414,200904,4.534808999999999
LA-SV,200905,2,persistence,reference_r4,8.589056999999997,1.104116,200904,7.4849409999999965
LA-SV,200906,3,persistence,reference_r4,12.976107,1.7394490000000005,200904,11.236658
LA-SV,200907,1,persistence,reference_r4,9.081712000000003,35.80926999999997,200907,-26.727557999999966
LA-SV,200908,2,persistence,reference_r4,21.414821000000003,34.674545999999964,200907,-13.25972499999996
LA-SV,200909,3,persistence,reference_r4,29.858783000000003,37.086821999999984,200907,-7.228038999999981
LA-SV,200910,1,persistence,reference_r4,22.608721999999993,6.910990000000002,200910,15.697731999999991
LA-SV,200911,2,persistence,reference_r4,17.216891000000004,16.846295,200910,0.3705960000000026
LA-SV,200912,3,persistence,reference_r4,33.27619299999999,1.7027330000000005,200910,31.57345999999999
LA-VT,200801,1,persistence,reference_r4,43.562509000000006,10.449064,200801,33.113445000000006
LA-VT,200802,2,persistence,reference_r4,53.531439000000006,4.162112,200801,49.369327000000006
LA-VT,200803,3,persistence,reference_r4,53.29954199999999,16.972892,200801,36.32664999999999
LA-VT,200804,1,persistence,reference_r4,17.354836999999996,14.908149000000002,200804,2.4466879999999946
LA-VT,200805,2,persistence,reference_r4,23.829443999999995,28.242321000000004,200804,-4.412877000000009
LA-VT,200806,3,persistence,reference_r4,34.40855599999999,60.078947,200804,-25.67039100000001
LA-VT,200807,1,persistence,reference_r4,44.285051,77.72843,200807,-33.443379
LA-VT,200808,2,persistence,reference_r4,49.550028999999995,82.62737199999998,200807,-33.077342999999985
LA-VT,200809,3,persistence,reference_r4,57.28912399999999,92.716947,200807,-35.42782300000002
LA-VT,200810,1,persistence,reference_r4,40.699749,37.49606200000001,200810,3.203686999999988
LA-VT,200811,2,persistence,reference_r4,36.577603,65.85517300000001,200810,-29.277570000000004
LA-VT,200812,3,persistence,reference_r4,56.08934400000001,59.125181999999995,200810,-3.035837999999984
LA-VT,200901,1,persistence,reference_r4,33.955966000000004,18.695929,200901,15.260037000000004
LA-VT,200902,2,persistence,reference_r4,46.578158000000016,10.282705,200901,36.295453000000016
LA-VT,200903,3,persistence,reference_r4,52.60918800000002,6.303186999999998,200901,46.30600100000002
LA-VT,200904,1,persistence,reference_r4,14.502862999999998,11.572824999999996,200904,2.9300380000000015
LA-VT,200905,2,persistence,reference_r4,26.674568000000008,70.485117,200904,-43.810548999999995
LA-VT,200906,3,persistence,reference_r4,45.832223,116.138514,200904,-70.306291
LA-VT,200907,1,persistence,reference_r4,142.69739800000002,177.66263700000002,200907,-34.965239
LA-VT,200908,2,persistence,reference_r4,166.135237,213.208666,200907,-47.073429000000004
LA-VT,200909,3,persistence,reference_r4,238.83145099999996,295.50202299999995,200907,-56.67057199999999
LA-VT,200910,1,persistence,reference_r4,37.81561000000001,191.003476,200910,-153.18786599999999
LA-VT,200911,2,persistence,reference_r4,44.86481699999999,297.595057,200910,-252.73024
LA-VT,200912,3,persistence,reference_r4,73.67705999999998,245.447581,200910,-171.77052100000003
LA-XA,200801,1,persistence,reference_r4,1.370140000000001,1.1164580000000002,200801,0.25368200000000085
LA-XA,200802,2,persistence,reference_r4,1.726794,0.2002079999999999,200801,1.526586
LA-XA,200803,3,persistence,reference_r4,2.4291660000000004,0.1533569999999999,200801,2.2758090000000006
LA-XA,200804,1,persistence,reference_r4,0.9566909999999992,0.818373,200804,0.13831799999999916
LA-XA,200805,2,persistence,reference_r4,2.003665,1.3379919999999998,200804,0.665673
LA-XA,200806,3,persistence,reference_r4,4.741557,2.0156730000000005,200804,2.7258839999999998
LA-XA,200807,1,persistence,reference_r4,9.660272,10.739034000000004,200807,-1.0787620000000029
LA-XA,200808,2,persistence,reference_r4,1.9991069999999984,4.347272000000004,200807,-2.348165000000005
LA-XA,200809,3,persistence,reference_r4,4.655937,2.5170540000000017,200807,2.138882999999998
LA-XA,200810,1,persistence,reference_r4,1.8581400000000008,1.6188849999999997,200810,0.2392550000000011
LA-XA,200811,2,persistence,reference_r4,1.726794,0.7139330000000002,200810,1.0128609999999998
LA-XA,200812,3,persistence,reference_r4,2.223166000000001,0.4264660000000001,200810,1.7967000000000009
LA-XA,200901,1,persistence,reference_r4,1.370140000000001,0.0877299999999999,200901,1.2824100000000012
LA-XA,200902,2,persistence,reference_r4,1.726794,0.0469089999999999,200901,1.679885
LA-XA,200903,3,persistence,reference_r4,2.4291660000000004,0.257138,200901,2.1720280000000005
LA-XA,200904,1,persistence,reference_r4,0.9566909999999992,0.2974789999999999,200904,0.6592119999999992
LA-XA,200905,2,persistence,reference_r4,1.5876649999999994,1.02842,200904,0.5592449999999995
LA-XA,200906,3,persistence,reference_r4,9.675557,6.225634000000001,200904,3.4499229999999983
LA-XA,200907,1,persistence,reference_r4,2.7803690000000003,7.479354000000001,200907,-4.698985
LA-XA,200908,2,persistence,reference_r4,17.094084000000002,22.943715999999995,200907,-5.849631999999993
LA-XA,200909,3,persistence,reference_r4,3.863987999999999,7.237640999999996,200907,-3.3736529999999973
LA-XA,200910,1,persistence,reference_r4,4.720613,5.048611000000001,200910,-0.3279980000000009
LA-XA,200911,2,persistence,reference_r4,4.825930999999999,1.84589,200910,2.980040999999999
LA-XA,200912,3,persistence,reference_r4,8.469738999999999,1.523202,200910,6.946536999999999
LA-XE,200801,1,persistence,reference_r4,0.6979409999999999,0.021009,200801,0.6769319999999999
LA-XE,200802,2,persistence,reference_r4,0.6954600000000001,0.0134299999999999,200801,0.6820300000000001
LA-XE,200803,3,persistence,reference_r4,0.6880539999999999,0.004892,200801,0.6831619999999999
LA-XE,200804,1,persistence,reference_r4,0.067505,0.011606,200804,0.055899
LA-XE,200805,2,persistence,reference_r4,0.0713599999999999,0.052852,200804,0.018507999999999893
LA-XE,200806,3,persistence,reference_r4,4.053398,4.101269,200804,-0.04787100000000066
LA-XE,200807,1,persistence,reference_r4,4.160576,0.4967779999999999,200807,3.663798
LA-XE,200808,2,persistence,reference_r4,4.131926999999999,0.5582560000000001,200807,3.573670999999999
LA-XE,200809,3,persistence,reference_r4,3.2153919999999996,0.7429579999999998,200807,2.472434
LA-XE,200810,1,persistence,reference_r4,0.6979409999999999,0.0478399999999999,200810,0.650101
LA-XE,200811,2,persistence,reference_r4,0.6954600000000001,0.0139859999999999,200810,0.6814740000000001
LA-XE,200812,3,persistence,reference_r4,0.120054,0.891261,200810,-0.771207
LA-XE,200901,1,persistence,reference_r4,0.6979409999999999,0.005276,200901,0.692665
LA-XE,200902,2,persistence,reference_r4,0.6954600000000001,1.856539,200901,-1.161079
LA-XE,200903,3,persistence,reference_r4,0.6880539999999999,1.730687,200901,-1.0426330000000001
LA-XE,200904,1,persistence,reference_r4,0.71307,0.496266,200904,0.216804
LA-XE,200905,2,persistence,reference_r4,0.132101,1.03986,200904,-0.907759
LA-XE,200906,3,persistence,reference_r4,6.022938,6.44727,200904,-0.4243319999999997
LA-XE,200907,1,persistence,reference_r4,19.060946,23.13149,200907,-4.070543999999998
LA-XE,200908,2,persistence,reference_r4,16.974494,21.720978,200907,-4.746483999999999
LA-XE,200909,3,persistence,reference_r4,2.3166710000000004,4.085311,200907,-1.7686399999999995
LA-XE,200910,1,persistence,reference_r4,0.722745,2.7672350000000003,200910,-2.0444900000000006
LA-XE,200911,2,persistence,reference_r4,2.3122510000000003,2.6988839999999996,200910,-0.38663299999999934
LA-XE,200912,3,persistence,reference_r4,0.713921,7.330339000000002,200910,-6.616418000000002
LA-XI,200801,1,persistence,reference_r4,0.000689,0.001173,200801,-0.00048399999999999995
LA-XI,200802,2,persistence,reference_r4,0.000689,0.0001969999999999,200801,0.0004920000000001
LA-XI,200803,3,persistence,reference_r4,0.000757,0.0002559999999999,200801,0.0005010000000000999
LA-XI,200804,1,persistence,reference_r4,0.000689,0.000446,200804,0.00024300000000000005
LA-XI,200805,2,persistence,reference_r4,0.000689,0.001242,200804,-0.000553
LA-XI,200806,3,persistence,reference_r4,0.948757,0.925549,200804,0.023208000000000006
LA-XI,200807,1,persistence,reference_r4,0.951314,0.3651729999999999,200807,0.586141
LA-XI,200808,2,persistence,reference_r4,0.951314,0.3519079999999999,200807,0.5994060000000001
LA-XI,200809,3,persistence,reference_r4,0.949433,0.4882680000000006,200807,0.4611649999999994
LA-XI,200810,1,persistence,reference_r4,0.000689,0.0105439999999999,200810,-0.0098549999999999
LA-XI,200811,2,persistence,reference_r4,0.000689,0.00161,200810,-0.000921
LA-XI,200812,3,persistence,reference_r4,0.000757,0.001403,200810,-0.000646
LA-XI,200901,1,persistence,reference_r4,0.000689,0.00146,200901,-0.0007709999999999999
LA-XI,200902,2,persistence,reference_r4,0.000689,0.0015529999999999,200901,-0.0008639999999998999
LA-XI,200903,3,persistence,reference_r4,0.000757,0.0012609999999999,200901,-0.0005039999999999
LA-XI,200904,1,persistence,reference_r4,0.000689,0.000794,200904,-0.00010499999999999995
LA-XI,200905,2,persistence,reference_r4,38.934689,38.917114,200904,0.017575000000000784
LA-XI,200906,3,persistence,reference_r4,32.93075700000001,32.847786,200904,0.08297100000000768
LA-XI,200907,1,persistence,reference_r4,31.935378,0.8108000000000004,200907,31.124578
LA-XI,200908,2,persistence,reference_r4,22.935378,6.984434,200907,15.950944
LA-XI,200909,3,persistence,reference_r4,32.931514,0.5719820000000002,200907,32.359532
LA-XI,200910,1,persistence,reference_r4,0.000689,1.1427200000000002,200910,-1.1420310000000002
LA-XI,200911,2,persistence,reference_r4,0.000689,0.3602919999999998,200910,-0.3596029999999998
LA-XI,200912,3,persistence,reference_r4,0.000757,0.1903019999999999,200910,-0.18954499999999988
