time_period,month,location,disease_cases,rainfall,mean_relative_humidity
1998-01,1,LA-AT,0.0,0.034701496868528,54.26804950368924
1998-02,2,LA-AT,0.0,0.5321882220022358,54.752289156961055
1998-03,3,LA-AT,0.0,0.0663597114872538,47.79878112814404
1998-04,4,LA-AT,0.0,1.8620180051489412,59.91127342796232
1998-05,5,LA-AT,0.0,9.406301773025938,79.37273147856791
1998-06,6,LA-AT,0.0,8.7381605016143,88.4158101686902
1998-07,7,LA-AT,0.0,6.445856420802583,86.14820242108966
1998-08,8,LA-AT,1.0,9.532227418231647,87.77521383341453
1998-09,9,LA-AT,0.0,12.121327411124554,91.60151008947292
1998-10,10,LA-AT,0.0,5.189759095907104,87.33033093633892
1998-11,11,LA-AT,0.0,4.778485098840438,81.96511582272903
1998-12,12,LA-AT,0.0,1.1714725511059905,76.82971401813622
1999-01,1,LA-AT,0.0,0.2751905147013326,66.81470180220539
1999-02,2,LA-AT,0.0,0.0283375832548444,53.952542255681855
1999-03,3,LA-AT,0.0,2.349216318016705,66.73398424257938
1999-04,4,LA-AT,0.0,5.991278835798648,78.75882683963684
1999-05,5,LA-AT,0.0,8.624191692581203,89.82369923927857
1999-06,6,LA-AT,0.0,9.054417784511775,89.47470603651476
1999-07,7,LA-AT,0.0,16.11370218777626,91.28996540186776
1999-08,8,LA-AT,0.0,9.374957682953893,89.34650622026595
1999-09,9,LA-AT,0.0,10.641243525663306,90.70021466752809
1999-10,10,LA-AT,2.0,7.150105778938045,87.89079998078275
1999-11,11,LA-AT,0.0,5.144154060088105,81.20175201714541
1999-12,12,LA-AT,0.0,2.258092919291892,75.37333197245194
2000-01,1,LA-AT,0.0,0.2081143546704448,65.3599123489287
2000-02,2,LA-AT,0.0,0.7627462610498863,58.56295722177728
2000-03,3,LA-AT,0.0,0.724441035610579,57.16248776905561
2000-04,4,LA-AT,0.0,4.4143060539031564,76.73935978925843
2000-05,5,LA-AT,0.0,8.993930810352653,85.39088869001138
2000-06,6,LA-AT,0.0,8.876156428140463,88.15731221558404
2000-07,7,LA-AT,0.0,14.724663132092871,91.03404652105884
2000-08,8,LA-AT,0.0,12.219742957560657,89.43170277213959
2000-09,9,LA-AT,0.0,8.541615680410144,89.80354720462303
2000-10,10,LA-AT,0.0,9.19727167568313,88.54703762289309
2000-11,11,LA-AT,0.0,2.2012995404110467,77.23075238296003
2000-12,12,LA-AT,0.0,0.3262655885587035,69.93059888533769
2001-01,1,LA-AT,0.0,0.1112098489261648,58.423316276864085
2001-02,2,LA-AT,0.0,0.2780999949141659,52.34761379066567
2001-03,3,LA-AT,0.0,3.107010228744697,62.7762183659905
2001-04,4,LA-AT,0.0,1.6832616487966805,66.55455618018779
2001-05,5,LA-AT,0.0,11.938954386988945,84.3401811785072
2001-06,6,LA-AT,0.0,12.991669183611425,89.91375379361817
2001-07,7,LA-AT,0.0,10.341215109198084,89.50740415391796
2001-08,8,LA-AT,0.0,14.311657025991444,91.95942888248317
2001-09,9,LA-AT,0.0,8.456245786065088,89.66718782676263
2001-10,10,LA-AT,0.0,5.508762973904568,85.18243647724819
2001-11,11,LA-AT,0.0,1.2717505758401169,74.0982708027672
2001-12,12,LA-AT,0.0,0.9145289146907852,69.77390870187412
2002-01,1,LA-AT,0.0,0.0275876129815898,57.5964651237519
2002-02,2,LA-AT,0.0,0.0150289893786752,50.3163992008653
2002-03,3,LA-AT,0.0,1.820877575312588,54.75574538632851
2002-04,4,LA-AT,0.0,1.9282680721267604,63.74207286582911
2002-05,5,LA-AT,0.0,8.654115431856534,75.32434096540193
2002-06,6,LA-AT,0.0,12.82697313718129,89.29332359391736
2002-07,7,LA-AT,0.0,14.663183240999125,89.96539996209637
2002-08,8,LA-AT,0.0,16.367173910071767,92.0792646711651
2002-09,9,LA-AT,0.0,14.840799538656007,93.63218281315557
2002-10,10,LA-AT,0.0,3.392602358590623,83.61331832484574
2002-11,11,LA-AT,0.0,1.507154247841494,75.4495499168899
2002-12,12,LA-AT,2.0,0.4203717253208013,68.18449511252578
2003-01,1,LA-AT,0.0,0.0094469094427034,55.34633138229131
2003-02,2,LA-AT,0.0,0.3273752154251321,54.931253526882976
2003-03,3,LA-AT,0.0,1.5655076019236664,59.53901535317987
2003-04,4,LA-AT,0.0,2.1943457271764357,63.72219156782578
2003-05,5,LA-AT,2.0,11.376567598157164,81.39039968485166
2003-06,6,LA-AT,0.0,7.511383851540015,88.0515685238434
2003-07,7,LA-AT,0.0,9.709282396449645,87.90833055621472
2003-08,8,LA-AT,0.0,15.009541380560355,91.73584870143917
2003-09,9,LA-AT,0.0,12.179835552039536,92.35833415454604
2003-10,10,LA-AT,2.0,4.671341224117017,82.51831882417204
2003-11,11,LA-AT,0.0,0.4596501076195909,68.30579932034648
2003-12,12,LA-AT,0.0,0.0906470219946037,61.41536530112946
2004-01,1,LA-AT,0.0,0.2846586034429033,57.95817740896935
2004-02,2,LA-AT,0.0,0.1302801720118127,52.30773908170343
2004-03,3,LA-AT,0.0,1.7274687950924386,57.57872581757513
2004-04,4,LA-AT,0.0,3.268089668308775,72.84746360232825
2004-05,5,LA-AT,0.0,8.506649294744857,79.60433567868886
2004-06,6,LA-AT,0.0,13.27135675010458,87.48338447872455
2004-07,7,LA-AT,0.0,10.57957799599624,89.83408080014547
2004-08,8,LA-AT,4.0,13.986634717472905,92.3878427323322
2004-09,9,LA-AT,0.0,7.752640087442018,86.9893305535859
2004-10,10,LA-AT,0.0,1.3596132239413654,71.359919972537
2004-11,11,LA-AT,0.0,0.2923220919371606,61.81256417469663
2004-12,12,LA-AT,0.0,0.0175252976931511,57.34526778739852
2005-01,1,LA-AT,0.0,0.004616268942373,53.77572028784338
2005-02,2,LA-AT,0.0,0.0513766016391329,49.952843495731535
2005-03,3,LA-AT,0.0,0.8423790866848285,56.778168557070536
2005-04,4,LA-AT,0.0,1.8046260246435464,65.56886251820345
2005-05,5,LA-AT,1.0,6.493459682528693,81.80371028686082
2005-06,6,LA-AT,6.0,10.099339463755497,88.58140028281528
2005-07,7,LA-AT,6.0,15.53351142097188,91.10476558536824
2005-08,8,LA-AT,2.0,16.008407853689295,92.39182178831344
2005-09,9,LA-AT,0.0,12.59550662761891,90.63099436246826
2005-10,10,LA-AT,0.0,2.956210223847189,81.60110362167747
2005-11,11,LA-AT,0.0,2.158679439257823,78.67338573574582
2005-12,12,LA-AT,2.0,0.6669660704273809,69.02990588738568
2006-01,1,LA-AT,0.0,0.045952891471521,58.24971319736876
2006-02,2,LA-AT,3.0,0.3584578130739057,55.01997388979005
2006-03,3,LA-AT,0.0,1.449253084886221,59.33644758115324
2006-04,4,LA-AT,0.0,4.116257115148263,71.53420527073116
2006-05,5,LA-AT,0.0,6.334555444499844,78.30890917137361
2006-06,6,LA-AT,0.0,9.354159557485056,86.84809723333174
2006-07,7,LA-AT,1.0,18.141689045257337,93.94359758769696
2006-08,8,LA-AT,0.0,16.51692338684082,93.69866837942186
2006-09,9,LA-AT,41.0,13.024485683429631,90.04604048374485
2006-10,10,LA-AT,199.0,8.576381646495536,81.9360758959769
2006-11,11,LA-AT,0.0,0.6984282814847471,66.41829310108152
2006-12,12,LA-AT,0.0,0.2276971590875387,61.224871114979294
2007-01,1,LA-AT,0.0,0.075638330318466,57.82209046674672
2007-02,2,LA-AT,0.0,0.5928124614190726,51.15282797127189
2007-03,3,LA-AT,0.0,2.7892079288619773,67.25394209907115
2007-04,4,LA-AT,2.0,2.67769475347525,66.7883337779779
2007-05,5,LA-AT,0.0,8.651160197908903,84.57852208034426
2007-06,6,LA-AT,0.0,8.137528754928427,85.98316844866304
2007-07,7,LA-AT,1.0,13.202497675394948,89.8605247666722
2007-08,8,LA-AT,2.0,18.239801479714245,92.52250574043268
2007-09,9,LA-AT,12.0,9.99198954107032,88.73379617690428
2007-10,10,LA-AT,0.0,8.622615895728407,87.34493954017925
2007-11,11,LA-AT,0.0,4.695988972703599,80.86351821697546
2007-12,12,LA-AT,0.0,0.0620226427301948,68.97897627079037
2008-01,1,LA-AT,4.0,0.7303863042208703,61.13903287745038
2008-02,2,LA-AT,2.0,0.9507859136670532,61.54291974674937
2008-03,3,LA-AT,0.0,1.96939102102118,62.367107339460766
2008-04,4,LA-AT,0.0,2.1486777089507614,69.75387997346377
2008-05,5,LA-AT,4.0,12.264722481475149,89.00773197267762
2008-06,6,LA-AT,10.0,8.008486233441966,88.36844488915858
2008-07,7,LA-AT,6.0,8.67097626454619,88.75002151623212
2008-08,8,LA-AT,11.0,11.176439713869174,89.72812954293148
2008-09,9,LA-AT,24.0,10.811451055053883,91.28566701797504
2008-10,10,LA-AT,47.0,6.912592524658353,89.60291428051866
2008-11,11,LA-AT,43.0,3.1416382528353,80.02977488819855
2008-12,12,LA-AT,23.0,0.4134560118598935,70.31200366255528
2009-01,1,LA-AT,18.0,0.0232630914056708,59.16629529643666
2009-02,2,LA-AT,46.0,0.4446806892009826,57.953711360966174
2009-03,3,LA-AT,77.0,2.6271860809410112,67.98750969947443
2009-04,4,LA-AT,99.0,8.08417373479903,81.9109368297507
2009-05,5,LA-AT,0.0,6.916083354144713,85.66683373049759
2009-06,6,LA-AT,24.0,9.396267128081268,89.08373050352816
2009-07,7,LA-AT,64.0,19.362399796294294,90.78208340972104
2009-08,8,LA-AT,21.0,11.619621955706249,89.81510485798566
2009-09,9,LA-AT,17.0,20.811330673091724,93.14570848128696
2009-10,10,LA-AT,4.0,6.271489555118866,88.56858862374918
2009-11,11,LA-AT,16.0,1.7266384068183729,76.61037308448856
2009-12,12,LA-AT,6.0,0.0452554492233883,63.96748775920577
1998-01,1,LA-BK,0.0,0.3606007694769905,60.9557649866574
1998-02,2,LA-BK,0.0,0.1362124992049124,49.95488808417713
1998-03,3,LA-BK,0.0,0.976830741293398,43.036797519918224
1998-04,4,LA-BK,0.0,5.376086099810554,64.7196882858898
1998-05,5,LA-BK,0.0,8.374058817853081,71.47351898798095
1998-06,6,LA-BK,0.0,13.660900947346065,89.11556958967026
1998-07,7,LA-BK,0.0,10.861146805436752,87.54235411625429
1998-08,8,LA-BK,0.0,9.21665409216848,85.66262372594096
1998-09,9,LA-BK,0.0,5.751452459915634,82.56868390495262
1998-10,10,LA-BK,0.0,4.701262173155328,80.96350290340656
1998-11,11,LA-BK,0.0,1.4630995201071175,78.01185120758466
1998-12,12,LA-BK,0.0,0.6377534591875005,73.09487084756795
1999-01,1,LA-BK,0.0,1.7764723321903388,75.81776986438142
1999-02,2,LA-BK,0.0,0.4827884181996114,63.9859128154411
1999-03,3,LA-BK,0.0,0.9965498609143408,53.18026856320823
1999-04,4,LA-BK,0.0,8.378825077562487,80.30061300248826
1999-05,5,LA-BK,0.0,11.933252110995076,90.0774445131584
1999-06,6,LA-BK,0.0,8.279907450483837,86.84027575839646
1999-07,7,LA-BK,0.0,10.676207686716364,87.26168749760438
1999-08,8,LA-BK,0.0,15.390558135612444,93.68800980003854
1999-09,9,LA-BK,0.0,9.077363386917202,91.55194849783447
1999-10,10,LA-BK,6.0,3.661645449778856,86.78837968548758
1999-11,11,LA-BK,0.0,1.280319764188462,78.78945285004195
1999-12,12,LA-BK,0.0,1.2773277805262782,71.87188293006187
2000-01,1,LA-BK,0.0,0.3812196389873674,68.69130357921544
2000-02,2,LA-BK,0.0,4.659347771477952,66.58390161916304
2000-03,3,LA-BK,0.0,1.908629047212244,64.76958083703292
2000-04,4,LA-BK,0.0,5.298182279400729,78.10146470098549
2000-05,5,LA-BK,0.0,11.904031200573858,88.49214308916521
2000-06,6,LA-BK,0.0,12.6654003093377,89.84264154017634
2000-07,7,LA-BK,0.0,14.524201572430483,89.80401624206394
2000-08,8,LA-BK,0.0,10.499291517485618,87.85702456841034
2000-09,9,LA-BK,0.0,9.134387580125235,89.27151790176711
2000-10,10,LA-BK,0.0,3.3390704379198817,84.62492403945521
2000-11,11,LA-BK,0.0,0.6325828651760249,75.16449317603576
2000-12,12,LA-BK,0.0,0.8112975899561923,75.2092808306481
2001-01,1,LA-BK,0.0,0.5585539310873681,67.26126075470465
2001-02,2,LA-BK,0.0,0.228902281597582,55.70162261182789
2001-03,3,LA-BK,0.0,3.8398430566003934,73.5563432736366
2001-04,4,LA-BK,0.0,0.8096865663906858,54.84197787454783
2001-05,5,LA-BK,0.0,14.472844060465668,90.33664244334554
2001-06,6,LA-BK,1.0,9.722224652549658,86.29336230702816
2001-07,7,LA-BK,2.0,14.2135682363394,91.47384577140572
2001-08,8,LA-BK,1.0,10.164162224965894,87.79214314817183
2001-09,9,LA-BK,1.0,9.269784506285228,89.92787612249906
2001-10,10,LA-BK,2.0,5.037213313282737,87.74084394781947
2001-11,11,LA-BK,0.0,1.3506104382667488,76.57815160250719
2001-12,12,LA-BK,0.0,0.4612203298430438,76.67244667549204
2002-01,1,LA-BK,0.0,0.8949150099333621,75.0641624499431
2002-02,2,LA-BK,0.0,0.7063717239113534,61.12108133859399
2002-03,3,LA-BK,0.0,1.2852494463110726,58.837980114763006
2002-04,4,LA-BK,0.0,1.7218862921756366,58.203773072552295
2002-05,5,LA-BK,1.0,13.57259050647637,82.90320181783416
2002-06,6,LA-BK,1.0,12.785448906111917,89.19091821699028
2002-07,7,LA-BK,2.0,16.913746404623936,93.45528107647192
2002-08,8,LA-BK,0.0,13.269902157942568,89.85399663633864
2002-09,9,LA-BK,0.0,6.976558430290036,85.63692876492526
2002-10,10,LA-BK,1.0,5.027015533041323,84.19653573995237
2002-11,11,LA-BK,0.0,3.7510602858175774,85.7717489924676
2002-12,12,LA-BK,0.0,1.9542260347607852,86.37630706569283
2003-01,1,LA-BK,0.0,2.203231211844175,80.86759542834918
2003-02,2,LA-BK,0.0,0.7646927047130799,67.55933859136354
2003-03,3,LA-BK,0.0,4.034293391099338,69.17298484724598
2003-04,4,LA-BK,0.0,1.793746502144166,64.09059524269632
2003-05,5,LA-BK,0.0,6.183760609174026,74.05090338893307
2003-06,6,LA-BK,1.0,10.285242669015766,86.83616501072787
2003-07,7,LA-BK,2.0,9.318304805316062,84.92879672976989
2003-08,8,LA-BK,7.0,10.404560213077284,87.24436180160738
2003-09,9,LA-BK,16.0,9.79428490267989,88.55336836057624
2003-10,10,LA-BK,3.0,3.255073041050653,83.5999995826675
2003-11,11,LA-BK,0.0,0.2664623487680766,73.7892419094253
2003-12,12,LA-BK,0.0,0.1884119650885073,69.80073560207906
2004-01,1,LA-BK,1.0,0.6643763635018528,67.9533834149014
2004-02,2,LA-BK,0.0,0.7160137676373992,59.1290860727008
2004-03,3,LA-BK,1.0,0.5543924583979588,49.10568583084893
2004-04,4,LA-BK,0.0,6.342164951877394,73.60590106076933
2004-05,5,LA-BK,0.0,15.029595162176662,87.55881335156305
2004-06,6,LA-BK,0.0,10.918749316328292,86.67501954813638
2004-07,7,LA-BK,0.0,11.792467443545616,87.28102859564137
2004-08,8,LA-BK,0.0,13.178296988362296,89.35032533057587
2004-09,9,LA-BK,0.0,12.20851608053181,91.00426129259765
2004-10,10,LA-BK,1.0,2.601374646258172,81.6684876538514
2004-11,11,LA-BK,0.0,1.088095866379628,75.4569754574799
2004-12,12,LA-BK,0.0,0.0219898390844857,69.52305026576943
2005-01,1,LA-BK,0.0,0.4213890415954328,68.79603160623832
2005-02,2,LA-BK,1.0,0.0404276538250905,48.32484774682874
2005-03,3,LA-BK,0.0,2.891583155757093,61.77496600496608
2005-04,4,LA-BK,1.0,2.7260137927733155,67.34932310237171
2005-05,5,LA-BK,1.0,4.90788724469295,71.75080647986222
2005-06,6,LA-BK,0.0,11.2923866423589,87.07108466294729
2005-07,7,LA-BK,7.0,12.78463111543856,86.34534476615104
2005-08,8,LA-BK,0.0,16.64963429286809,91.47820069576234
2005-09,9,LA-BK,0.0,11.753053348062815,88.18838911601473
2005-10,10,LA-BK,2.0,3.733021241676569,80.90399933571634
2005-11,11,LA-BK,0.0,1.7203683335200497,83.40549063081485
2005-12,12,LA-BK,0.0,1.5057884490789508,77.5000597853304
2006-01,1,LA-BK,0.0,0.0264157800901985,68.64953561527328
2006-02,2,LA-BK,0.0,0.5241618781970215,63.79062323722105
2006-03,3,LA-BK,0.0,0.9766056826882314,50.01848082656847
2006-04,4,LA-BK,0.0,4.528469209813442,67.44396985049022
2006-05,5,LA-BK,0.0,10.269225552486706,81.03782499869904
2006-06,6,LA-BK,2.0,7.894499157234464,84.08567010555865
2006-07,7,LA-BK,1.0,13.77413685606937,90.33229184885168
2006-08,8,LA-BK,4.0,17.14108736964587,89.2758901062005
2006-09,9,LA-BK,2.0,7.197371929593907,86.83505885912693
2006-10,10,LA-BK,5.0,7.202341345902305,85.301305945201
2006-11,11,LA-BK,0.0,0.2075485178838971,66.60936649313243
2006-12,12,LA-BK,0.0,0.1639820192500352,65.42684266880198
2007-01,1,LA-BK,0.0,0.2475079814153286,64.83689999373225
2007-02,2,LA-BK,0.0,0.0941923666064219,52.30469781694748
2007-03,3,LA-BK,0.0,0.24250562796805,44.60036465058624
2007-04,4,LA-BK,0.0,5.690783152331367,62.498493399263175
2007-05,5,LA-BK,0.0,8.851263559112951,82.58831867591063
2007-06,6,LA-BK,0.0,9.389154738307266,83.66543084058931
2007-07,7,LA-BK,0.0,12.109706875457382,87.33905640470836
2007-08,8,LA-BK,0.0,11.198809810653849,87.67370084933435
2007-09,9,LA-BK,1.0,13.02288234394584,86.16676807791171
2007-10,10,LA-BK,0.0,6.848878585206559,81.76895947268966
2007-11,11,LA-BK,0.0,1.1358443780785306,74.74874329242301
2007-12,12,LA-BK,0.0,0.0633470160237742,69.41080490275644
2008-01,1,LA-BK,1.0,2.288225116708662,67.34084602182949
2008-02,2,LA-BK,0.0,1.935769089998608,78.7636476732167
2008-03,3,LA-BK,0.0,0.8174370325163525,63.6311091341677
2008-04,4,LA-BK,0.0,4.975890721041831,69.71698488632755
2008-05,5,LA-BK,12.0,7.264255758092017,82.95915406584909
2008-06,6,LA-BK,53.0,15.90108684406174,90.2426565445006
2008-07,7,LA-BK,2.0,22.5004967892358,92.19749084981036
2008-08,8,LA-BK,9.0,12.438420218542856,90.59969985934524
2008-09,9,LA-BK,33.0,7.225000399849871,86.33577819721711
2008-10,10,LA-BK,48.0,3.854666344783104,85.5958832165838
2008-11,11,LA-BK,55.0,2.156716982308428,77.17214669101264
2008-12,12,LA-BK,5.0,0.1167328305382673,71.01674156033638
2009-01,1,LA-BK,1.0,0.0423958035065891,64.24051316937076
2009-02,2,LA-BK,0.0,0.1561240777804051,55.22124171465009
2009-03,3,LA-BK,1.0,1.15320933384133,53.733237888555465
2009-04,4,LA-BK,3.0,4.3225277262489445,73.02003348463239
2009-05,5,LA-BK,74.0,10.29795249667539,80.72015166140534
2009-06,6,LA-BK,216.0,9.36642008826444,84.8693925220415
2009-07,7,LA-BK,212.0,12.511099432681831,86.60408076535587
2009-08,8,LA-BK,110.0,11.5126074034544,86.84121420883187
2009-09,9,LA-BK,52.0,9.61136273844388,86.46303636023917
2009-10,10,LA-BK,31.0,3.500718654690109,86.12171081583253
2009-11,11,LA-BK,5.0,0.3171266779175733,69.51000770679089
2009-12,12,LA-BK,4.0,0.2420949553315748,71.09716587700107
1998-01,1,LA-BL,0.0,0.439278217473055,70.8742980796594
1998-02,2,LA-BL,2.0,1.3301982900618072,71.89355026862695
1998-03,3,LA-BL,0.0,1.0616693303986338,70.83642338232893
1998-04,4,LA-BL,0.0,2.752928839538858,74.55547738845429
1998-05,5,LA-BL,80.0,6.795619045874618,82.43440127874578
1998-06,6,LA-BL,7.0,9.78738315425182,88.08789316723377
1998-07,7,LA-BL,74.0,7.467984032712425,86.38224250814073
1998-08,8,LA-BL,143.0,8.65932244236685,86.65927087961819
1998-09,9,LA-BL,81.0,7.736113197656878,85.85059577587498
1998-10,10,LA-BL,73.0,2.554136665905624,76.107949628049
1998-11,11,LA-BL,39.0,2.0357730251326847,72.47852883074972
1998-12,12,LA-BL,2.0,0.5478043981314376,69.38390267129114
1999-01,1,LA-BL,9.0,0.5502911800539796,72.54779959775054
1999-02,2,LA-BL,10.0,0.472988455670756,68.19400403069702
1999-03,3,LA-BL,38.0,2.064548838106236,66.10675069767663
1999-04,4,LA-BL,13.0,6.224704648602928,85.07627897463811
1999-05,5,LA-BL,1.0,10.524406867651278,90.1397185763161
1999-06,6,LA-BL,47.0,8.48894752478901,88.49780172036874
1999-07,7,LA-BL,82.0,10.083103270138796,88.36203454288379
1999-08,8,LA-BL,72.0,10.12757385806226,90.55750281318116
1999-09,9,LA-BL,35.0,7.311013510037553,88.55807470548838
1999-10,10,LA-BL,11.0,4.419465893351293,84.24597698781972
1999-11,11,LA-BL,11.0,2.4755040243510837,80.69790731900598
1999-12,12,LA-BL,0.0,0.3412299813680121,65.97081337899886
2000-01,1,LA-BL,2.0,0.3204575087135698,67.83154887603304
2000-02,2,LA-BL,4.0,1.7444382637760714,73.07988803207296
2000-03,3,LA-BL,0.0,1.0610907540665744,74.0345192273101
2000-04,4,LA-BL,1.0,5.281287421632714,83.33328758134154
2000-05,5,LA-BL,16.0,11.100058284803724,90.00763068149492
2000-06,6,LA-BL,14.0,11.86975929055598,89.55934513278818
2000-07,7,LA-BL,17.0,12.334853923083086,89.42406898663866
2000-08,8,LA-BL,12.0,12.239328366170716,89.89510590903373
2000-09,9,LA-BL,6.0,12.31895963385236,86.79111370739633
2000-10,10,LA-BL,6.0,4.042919199743226,83.87281807187406
2000-11,11,LA-BL,0.0,0.4968596851064964,73.03811895218766
2000-12,12,LA-BL,0.0,0.6124630031836169,73.99123527352602
2001-01,1,LA-BL,0.0,0.5571466360199483,74.01034866837581
2001-02,2,LA-BL,0.0,0.6146512867091458,72.13095590252821
2001-03,3,LA-BL,4.0,3.714386457151214,82.99596432296894
2001-04,4,LA-BL,0.0,2.0486572683014117,74.59845307295663
2001-05,5,LA-BL,12.0,12.24520206257856,88.39217604496429
2001-06,6,LA-BL,26.0,11.325174196474851,89.71501512829596
2001-07,7,LA-BL,85.0,12.128723944170222,90.17830074867658
2001-08,8,LA-BL,35.0,14.11185279989698,90.29294541265858
2001-09,9,LA-BL,0.0,10.999186869013544,88.70799949875214
2001-10,10,LA-BL,0.0,6.068496577287867,82.78614328697554
2001-11,11,LA-BL,0.0,1.0822962044715925,72.46492058166528
2001-12,12,LA-BL,0.0,0.711975978602508,73.87310543693312
2002-01,1,LA-BL,1.0,0.2459765888183911,69.1830286799255
2002-02,2,LA-BL,1.0,0.5104658600400974,71.47538611869682
2002-03,3,LA-BL,3.0,2.115324499336384,71.30631228784212
2002-04,4,LA-BL,7.0,2.1994607184914527,72.5438272592711
2002-05,5,LA-BL,27.0,14.527995085379262,88.18701575781233
2002-06,6,LA-BL,57.0,12.145965989274696,90.4660626872694
2002-07,7,LA-BL,105.0,21.42957367382627,92.81790488720831
2002-08,8,LA-BL,67.0,16.44562796653579,91.70381572146036
2002-09,9,LA-BL,116.0,11.331796130070709,89.3061025483327
2002-10,10,LA-BL,45.0,3.781457028165323,81.45962591318325
2002-11,11,LA-BL,43.0,0.7649693763151341,77.61763179108507
2002-12,12,LA-BL,8.0,1.167907895416739,78.4472771811785
2003-01,1,LA-BL,2.0,0.5519098361110192,73.35213385667765
2003-02,2,LA-BL,2.0,1.5667841097636876,74.67517230418153
2003-03,3,LA-BL,4.0,2.014983160347957,73.4718724813613
2003-04,4,LA-BL,6.0,3.2591911369168005,79.37566297490329
2003-05,5,LA-BL,141.0,8.741265356705293,81.75529456873277
2003-06,6,LA-BL,80.0,10.512843697822245,88.6008812635944
2003-07,7,LA-BL,138.0,8.566779270798783,86.40727729336885
2003-08,8,LA-BL,215.0,13.716863027837686,90.81811597409876
2003-09,9,LA-BL,312.0,14.428679001722813,89.46422446377342
2003-10,10,LA-BL,124.0,1.832329054511267,77.60964754512806
2003-11,11,LA-BL,42.0,0.5610328863554743,71.44463910512265
2003-12,12,LA-BL,9.0,0.5425259090344685,71.63459773274693
2004-01,1,LA-BL,6.0,0.6915446170674944,74.39059501665942
2004-02,2,LA-BL,4.0,2.6406619468795425,80.49964580080345
2004-03,3,LA-BL,4.0,1.2650650564262576,73.06349690826285
2004-04,4,LA-BL,16.0,4.678706678670081,84.40165183521384
2004-05,5,LA-BL,37.0,9.28866316587164,88.42253511582354
2004-06,6,LA-BL,47.0,7.6569505239336,85.5134893738637
2004-07,7,LA-BL,77.0,11.420114637566591,89.92185350629738
2004-08,8,LA-BL,82.0,11.708623553215087,90.81930703370853
2004-09,9,LA-BL,111.0,13.012757312052402,87.25781803061155
2004-10,10,LA-BL,56.0,0.5477113411901249,71.49989004860578
2004-11,11,LA-BL,15.0,1.6036215913252387,70.87867671283364
2004-12,12,LA-BL,2.0,0.1987867521545606,68.66394828909834
2005-01,1,LA-BL,4.0,0.368632441145658,69.24066383437899
2005-02,2,LA-BL,12.0,0.6206687747344961,68.36023902461204
2005-03,3,LA-BL,13.0,1.113823979958099,69.68934284562012
2005-04,4,LA-BL,13.0,2.8266821780774074,75.18125508507428
2005-05,5,LA-BL,63.0,6.856357682765368,84.1391415026187
2005-06,6,LA-BL,89.0,13.23585846584961,91.15335338549266
2005-07,7,LA-BL,106.0,16.148645605663177,89.26408008010806
2005-08,8,LA-BL,31.0,19.34569690941894,92.48272330953964
2005-09,9,LA-BL,32.0,13.753227085121772,89.3427426943306
2005-10,10,LA-BL,30.0,1.6837904009202078,78.29709703166492
2005-11,11,LA-BL,34.0,1.4379297018764423,77.03186778409417
2005-12,12,LA-BL,34.0,0.4878701254816413,68.75997207489159
2006-01,1,LA-BL,3.0,0.2210751464253643,67.43674791814072
2006-02,2,LA-BL,2.0,1.0979978156393866,72.55438113199172
2006-03,3,LA-BL,1.0,1.467473073005265,74.8637434691106
2006-04,4,LA-BL,5.0,4.383358906240574,79.77457590201057
2006-05,5,LA-BL,9.0,6.380141835361552,82.0528366673757
2006-06,6,LA-BL,18.0,7.390527252286076,85.86157908088529
2006-07,7,LA-BL,28.0,15.524777580863509,91.34345715351571
2006-08,8,LA-BL,75.0,15.267679755506574,92.50105793833022
2006-09,9,LA-BL,93.0,4.904914231447647,83.81303979087086
2006-10,10,LA-BL,21.0,7.244531398491151,84.23806261995773
2006-11,11,LA-BL,26.0,0.5273212737918008,72.16214545114155
2006-12,12,LA-BL,19.0,0.4702758166279706,69.80361084406694
2007-01,1,LA-BL,2.0,0.3631604821348579,68.82891692164415
2007-02,2,LA-BL,1.0,1.048495699778901,66.5908560155739
2007-03,3,LA-BL,10.0,1.6802507622076306,75.50668145314587
2007-04,4,LA-BL,14.0,2.115827951846979,72.06318930217405
2007-05,5,LA-BL,8.0,6.518545256012858,79.73564068489586
2007-06,6,LA-BL,18.0,9.740541395650368,85.95570267561513
2007-07,7,LA-BL,40.0,8.451801933430058,86.27387923666015
2007-08,8,LA-BL,23.0,13.636408955323478,90.58277642210322
2007-09,9,LA-BL,75.0,7.824310691418692,86.5765411607507
2007-10,10,LA-BL,31.0,9.856777787963765,82.48690668420693
2007-11,11,LA-BL,11.0,0.6852647811207486,67.7295095131212
2007-12,12,LA-BL,1.0,0.5598855887468692,75.1240596698208
2008-01,1,LA-BL,10.0,0.9165105318945036,73.55069046362006
2008-02,2,LA-BL,7.0,1.123698856967442,77.51403016820574
2008-03,3,LA-BL,1.0,2.3219970277474857,75.33325720553573
2008-04,4,LA-BL,3.0,3.332260517732664,82.66857018787597
2008-05,5,LA-BL,15.0,9.091091792864397,86.67877245458082
2008-06,6,LA-BL,19.0,14.265457626066054,91.69933582425912
2008-07,7,LA-BL,31.0,14.512298282240652,90.77218238066033
2008-08,8,LA-BL,32.0,12.021837998144576,90.21183156504416
2008-09,9,LA-BL,30.0,9.980092558326582,89.8648001196909
2008-10,10,LA-BL,5.0,5.5747869003159485,86.51340730630332
2008-11,11,LA-BL,12.0,2.0756335371693098,75.98477589676958
2008-12,12,LA-BL,1.0,0.7781032326308058,73.482816677781
2009-01,1,LA-BL,2.0,0.3647220283445016,70.47926018929614
2009-02,2,LA-BL,3.0,0.4829422823841231,67.26955676719962
2009-03,3,LA-BL,0.0,2.996083145099685,74.41775246778573
2009-04,4,LA-BL,2.0,4.270290266543731,81.21281090399253
2009-05,5,LA-BL,0.0,7.879661260122787,85.16005315644723
2009-06,6,LA-BL,7.0,9.619576180665735,88.29024259175048
2009-07,7,LA-BL,35.0,12.88615471660391,90.2502877791766
2009-08,8,LA-BL,9.0,9.995747977711932,89.25650982373433
2009-09,9,LA-BL,0.0,8.278548838832677,87.23872763331731
2009-10,10,LA-BL,1.0,2.282864954159177,81.78179195831166
2009-11,11,LA-BL,2.0,0.4298377294956123,68.15034656889296
2009-12,12,LA-BL,1.0,0.5466056509653251,73.17005044362102
1998-01,1,LA-CH,1.0,0.0713791653141383,55.79031201476955
1998-02,2,LA-CH,1.0,0.5250391648517223,56.53295939771501
1998-03,3,LA-CH,12.0,0.1992277690718625,47.7051121982816
1998-04,4,LA-CH,10.0,1.8341930171118592,59.41581680654837
1998-05,5,LA-CH,0.0,8.503183279334326,74.69907128182957
1998-06,6,LA-CH,17.0,7.907213764379362,85.81117717678495
1998-07,7,LA-CH,228.0,6.341262520291201,84.7737500933321
1998-08,8,LA-CH,438.0,8.479261493941094,86.79124557776684
1998-09,9,LA-CH,262.0,12.228529257170187,90.52982142103347
1998-10,10,LA-CH,80.0,5.364049300731525,86.3601735921396
1998-11,11,LA-CH,12.0,5.082710667158455,82.77628211678045
1998-12,12,LA-CH,1.0,1.1463873439398506,78.9135962142465
1999-01,1,LA-CH,0.0,0.3092352709862616,68.08334290713789
1999-02,2,LA-CH,5.0,0.0963336740678601,53.21641023049375
1999-03,3,LA-CH,0.0,2.7700762500330325,67.15709354034396
1999-04,4,LA-CH,0.0,6.739687820457406,81.00044977546806
1999-05,5,LA-CH,15.0,9.40111310158173,89.66276109425682
1999-06,6,LA-CH,11.0,9.83821664866123,88.96773460672289
1999-07,7,LA-CH,19.0,15.28961013102027,89.97312100784455
1999-08,8,LA-CH,6.0,7.53647283930163,87.72574018527588
1999-09,9,LA-CH,10.0,10.885837197440472,90.4248335697152
1999-10,10,LA-CH,12.0,7.170966652380649,87.99077907733297
1999-11,11,LA-CH,13.0,4.773410407234928,83.91126049385545
1999-12,12,LA-CH,0.0,1.510014019118786,73.57100295983075
2000-01,1,LA-CH,0.0,0.311329522934626,63.63892911214928
2000-02,2,LA-CH,0.0,1.1829048491483392,58.15380345739729
2000-03,3,LA-CH,0.0,1.289652525016462,57.561874906620574
2000-04,4,LA-CH,1.0,5.803060164410514,79.46013408294282
2000-05,5,LA-CH,1.0,10.45742335059729,87.22547431616627
2000-06,6,LA-CH,13.0,9.549402012146922,88.43235827693604
2000-07,7,LA-CH,6.0,15.541856829130769,90.81092945327596
2000-08,8,LA-CH,3.0,13.18921518300147,89.1350897036019
2000-09,9,LA-CH,3.0,8.999422404646047,89.83041049298437
2000-10,10,LA-CH,5.0,8.737300947275491,88.08725302712294
2000-11,11,LA-CH,1.0,1.4372177720454782,76.25381425707255
2000-12,12,LA-CH,0.0,0.24695824473956,67.5456516131542
2001-01,1,LA-CH,0.0,0.2149293996373401,58.220117341334216
2001-02,2,LA-CH,1.0,0.2479971076346942,50.177478540887854
2001-03,3,LA-CH,0.0,3.7512062721632096,62.66553075388641
2001-04,4,LA-CH,0.0,2.0532363109184586,68.05951482544019
2001-05,5,LA-CH,0.0,8.678966169283674,81.55296764585817
2001-06,6,LA-CH,25.0,13.474782394219892,88.07656107464011
2001-07,7,LA-CH,13.0,10.292170153904127,88.3078829626363
2001-08,8,LA-CH,32.0,16.415756078958328,91.45560805141764
2001-09,9,LA-CH,35.0,8.404185221663097,89.27544092596892
2001-10,10,LA-CH,28.0,6.2554807821226,86.82003803213243
2001-11,11,LA-CH,4.0,1.0618451470858052,75.09356626912015
2001-12,12,LA-CH,2.0,0.4970530052965533,67.68727924428603
2002-01,1,LA-CH,4.0,0.0382325304510001,57.72897359164743
2002-02,2,LA-CH,1.0,0.0324531304481891,50.03490904934043
2002-03,3,LA-CH,1.0,2.016287433359807,54.91628302254063
2002-04,4,LA-CH,4.0,2.580928004749046,64.20455329363863
2002-05,5,LA-CH,100.0,6.763259727987483,75.37408183806926
2002-06,6,LA-CH,158.0,12.52848877130007,88.18963324597797
2002-07,7,LA-CH,338.0,13.771376924059188,87.77279158524125
2002-08,8,LA-CH,374.0,17.068283108189032,90.87796937074886
2002-09,9,LA-CH,323.0,16.373198753160203,92.96434966642352
2002-10,10,LA-CH,329.0,4.576831979733528,84.72328595450416
2002-11,11,LA-CH,32.0,1.5383116827194523,77.06475606458535
2002-12,12,LA-CH,32.0,0.4839217226157107,68.20616899477396
2003-01,1,LA-CH,35.0,0.0133634406483649,56.388016738608
2003-02,2,LA-CH,2.0,0.4576999737292992,55.20759969138359
2003-03,3,LA-CH,18.0,2.363747438806888,60.32029422853162
2003-04,4,LA-CH,23.0,3.225951535526653,66.39126077413415
2003-05,5,LA-CH,77.0,11.343850486849444,80.78066443290348
2003-06,6,LA-CH,169.0,8.184510674059764,86.99885542172916
2003-07,7,LA-CH,208.0,9.2780908238638,87.97911509597559
2003-08,8,LA-CH,148.0,13.231361325270846,90.55100305729889
2003-09,9,LA-CH,138.0,13.46957352820692,92.2745951959618
2003-10,10,LA-CH,97.0,4.272060095645693,84.76190248338585
2003-11,11,LA-CH,51.0,0.5408881759115858,69.95683330648833
2003-12,12,LA-CH,25.0,0.1755102844301994,62.51661228878875
2004-01,1,LA-CH,12.0,0.4514104549804908,60.19956994064021
2004-02,2,LA-CH,30.0,0.3713620880527855,55.88511951921579
2004-03,3,LA-CH,42.0,1.6905949460620957,58.30409156850318
2004-04,4,LA-CH,38.0,3.669249993181547,71.31767853800903
2004-05,5,LA-CH,337.0,9.370236208167857,80.55965967110049
2004-06,6,LA-CH,294.0,12.668960439069886,86.88702780539026
2004-07,7,LA-CH,54.0,11.571925960394363,89.52451043450998
2004-08,8,LA-CH,57.0,15.337620388396669,90.44017549369988
2004-09,9,LA-CH,40.0,8.316629687959493,87.37020867694261
2004-10,10,LA-CH,48.0,1.7929761017211825,75.4072869590562
2004-11,11,LA-CH,38.0,0.5178579320343173,64.02092389443744
2004-12,12,LA-CH,22.0,0.0163462311409521,59.5108694453633
2005-01,1,LA-CH,15.0,0.015320298454087,57.53767620761146
2005-02,2,LA-CH,110.0,0.0599121634896311,53.45898336635877
2005-03,3,LA-CH,197.0,0.9658625098079198,56.23570452098871
2005-04,4,LA-CH,97.0,2.314225765275554,65.45232371176968
2005-05,5,LA-CH,194.0,6.318742708399029,79.4538254996695
2005-06,6,LA-CH,225.0,10.856576636924634,87.43572297865367
2005-07,7,LA-CH,284.0,14.103768638752038,90.38754088727153
2005-08,8,LA-CH,185.0,14.263145790328036,90.91474525535328
2005-09,9,LA-CH,86.0,11.490494385263794,90.13464448574784
2005-10,10,LA-CH,135.0,3.320649468589178,83.17410849330042
2005-11,11,LA-CH,87.0,2.45896394157286,79.7100180863056
2005-12,12,LA-CH,192.0,0.6638724443018955,68.84874827474141
2006-01,1,LA-CH,37.0,0.0506754606346732,58.96428571285113
2006-02,2,LA-CH,35.0,0.7410021302314314,55.385489064855896
2006-03,3,LA-CH,47.0,2.1602852390984784,61.55824289677635
2006-04,4,LA-CH,25.0,4.490412147296282,73.42992654636244
2006-05,5,LA-CH,53.0,6.195992041522357,77.76384825162198
2006-06,6,LA-CH,134.0,8.546987264803926,85.66629664050876
2006-07,7,LA-CH,221.0,17.576710397440877,91.9230197589714
2006-08,8,LA-CH,182.0,19.15008279821841,92.17670110548838
2006-09,9,LA-CH,143.0,10.99269260477693,89.03158144830893
2006-10,10,LA-CH,129.0,7.514575740730914,84.46798665265592
2006-11,11,LA-CH,159.0,0.4267043911943181,67.44046891727757
2006-12,12,LA-CH,246.0,0.2327892270083344,61.24466687809793
2007-01,1,LA-CH,54.0,0.081633272365637,56.66596442958028
2007-02,2,LA-CH,59.0,0.6248748904412307,54.04269463005553
2007-03,3,LA-CH,55.0,2.714367316722419,66.43149642372067
2007-04,4,LA-CH,73.0,3.220479664795088,64.64025344053826
2007-05,5,LA-CH,65.0,9.134343771126348,86.09477788247102
2007-06,6,LA-CH,111.0,7.692793499979803,86.35928820598602
2007-07,7,LA-CH,194.0,13.05170012690606,89.71651390490028
2007-08,8,LA-CH,314.0,18.995903832434905,91.67072763233466
2007-09,9,LA-CH,218.0,9.37410310587212,88.1070109274904
2007-10,10,LA-CH,94.0,8.977239584562318,88.08118493564513
2007-11,11,LA-CH,80.0,4.844871002424393,80.70338377592246
2007-12,12,LA-CH,64.0,0.085861319045734,69.79129875240437
2008-01,1,LA-CH,73.0,0.4782559838772754,59.72100236360452
2008-02,2,LA-CH,90.0,0.7246881049506919,59.80567523423439
2008-03,3,LA-CH,92.0,2.440631228179938,60.35915044510345
2008-04,4,LA-CH,69.0,2.69331267717797,70.4604219314143
2008-05,5,LA-CH,113.0,12.151364476587236,89.11720541262099
2008-06,6,LA-CH,295.0,7.648575770463952,87.88308245398105
2008-07,7,LA-CH,162.0,8.939895821798391,87.80384336745733
2008-08,8,LA-CH,143.0,11.26127607692138,89.11996237761198
2008-09,9,LA-CH,185.0,12.65956930301544,90.72403772052596
2008-10,10,LA-CH,140.0,7.784780764739716,89.5251815021633
2008-11,11,LA-CH,102.0,3.003000227941528,79.9541401074194
2008-12,12,LA-CH,73.0,0.4330139275515762,68.93365762245311
2009-01,1,LA-CH,31.0,0.0319214046738014,59.04367051070314
2009-02,2,LA-CH,48.0,0.5172899203169665,58.9384825969444
2009-03,3,LA-CH,60.0,3.00822730061743,69.61930458050568
2009-04,4,LA-CH,102.0,6.954788736048988,79.98535735744764
2009-05,5,LA-CH,66.0,8.46666714493795,85.83643174293373
2009-06,6,LA-CH,124.0,9.919424530000947,88.07866085328833
2009-07,7,LA-CH,122.0,16.45267662341273,89.63577890245242
2009-08,8,LA-CH,110.0,10.15084237614498,89.21791191076737
2009-09,9,LA-CH,105.0,18.948853801959096,91.88684789635955
2009-10,10,LA-CH,59.0,5.313634437297456,88.46670892013339
2009-11,11,LA-CH,35.0,1.0994483285673595,74.65608236063207
2009-12,12,LA-CH,32.0,0.0573965526718728,64.25044036851166
1998-01,1,LA-HO,0.0,0.271017151837243,70.17259268661846
1998-02,2,LA-HO,0.0,0.7175493386722571,67.13491923242532
1998-03,3,LA-HO,0.0,1.5660519398312054,67.28905981866106
1998-04,4,LA-HO,0.0,3.562510128367671,77.94969101708266
1998-05,5,LA-HO,0.0,6.381969098623342,83.75374521227735
1998-06,6,LA-HO,0.0,5.988659024589334,85.56995313434315
1998-07,7,LA-HO,0.0,5.160532640619186,83.6619638903807
1998-08,8,LA-HO,0.0,5.909165219741255,86.71042333936754
1998-09,9,LA-HO,0.0,8.288603580154794,84.73798818608607
1998-10,10,LA-HO,0.0,2.102945822177688,80.04492992037552
1998-11,11,LA-HO,0.0,0.8235459211461462,76.31606483826232
1998-12,12,LA-HO,0.0,0.4060681634548224,73.95797739263143
1999-01,1,LA-HO,0.0,0.6998877620024258,77.88484273261658
1999-02,2,LA-HO,0.0,0.5928651718163895,74.09583542758654
1999-03,3,LA-HO,0.0,1.0521111730370327,65.48519568773592
1999-04,4,LA-HO,0.0,4.38746417578519,84.38218826716577
1999-05,5,LA-HO,0.0,7.16054627083411,87.83694669475801
1999-06,6,LA-HO,0.0,8.717151006357488,86.3270953292859
1999-07,7,LA-HO,0.0,4.615616333334196,85.14715311169704
1999-08,8,LA-HO,0.0,8.259792970343652,89.48399637725998
1999-09,9,LA-HO,3.0,4.664290967440484,86.73862389457318
1999-10,10,LA-HO,0.0,3.4850647335659137,86.41618218118299
1999-11,11,LA-HO,0.0,1.5069072519327154,84.54249696853415
1999-12,12,LA-HO,0.0,0.6678492133656105,75.61615715447942
2000-01,1,LA-HO,0.0,0.3528249204728547,72.72252640346761
2000-02,2,LA-HO,0.0,1.3491936324925036,77.77227991347316
2000-03,3,LA-HO,0.0,0.6551852167721903,72.94011447799997
2000-04,4,LA-HO,1.0,4.204168133753977,80.32813426359958
2000-05,5,LA-HO,0.0,7.733629835993183,87.67195855706265
2000-06,6,LA-HO,0.0,6.558245005448927,86.22921475616513
2000-07,7,LA-HO,0.0,7.691781279163132,87.6340116826603
2000-08,8,LA-HO,0.0,7.775714003660698,89.00046924799888
2000-09,9,LA-HO,0.0,7.243057705889869,86.38186991336278
2000-10,10,LA-HO,0.0,5.164863453621194,88.6974569962448
2000-11,11,LA-HO,0.0,0.3658033087400343,80.2732537769698
2000-12,12,LA-HO,0.0,0.4603503592697993,81.40267783564396
2001-01,1,LA-HO,0.0,0.7627889037823282,79.30719813655483
2001-02,2,LA-HO,0.0,0.8638900455569533,79.23905901906949
2001-03,3,LA-HO,0.0,4.602979018076685,86.91591352069452
2001-04,4,LA-HO,0.0,2.317657906668822,78.4986578921575
2001-05,5,LA-HO,0.0,9.722366064896118,88.53839984509395
2001-06,6,LA-HO,0.0,6.050663159428616,86.46592254776655
2001-07,7,LA-HO,0.0,8.116428263103492,88.61416506039544
2001-08,8,LA-HO,0.0,8.353621301190923,88.52308086494747
2001-09,9,LA-HO,0.0,5.772421440165967,87.2445844909557
2001-10,10,LA-HO,0.0,4.603234994593159,86.72252326281252
2001-11,11,LA-HO,0.0,0.6037563606862635,76.25311426935335
2001-12,12,LA-HO,0.0,0.3745766834656236,78.9675996346526
2002-01,1,LA-HO,1.0,0.9220143643567268,76.71517752184604
2002-02,2,LA-HO,0.0,0.4943916729923589,76.50778852297681
2002-03,3,LA-HO,0.0,1.7469621548989165,69.64865435610993
2002-04,4,LA-HO,0.0,2.3055305195966467,72.07447512921578
2002-05,5,LA-HO,0.0,10.591607235673871,87.20988534422433
2002-06,6,LA-HO,0.0,8.567633963973961,88.77059491189671
2002-07,7,LA-HO,6.0,11.10451405286563,90.94360384492806
2002-08,8,LA-HO,0.0,9.234784972478243,89.60877752888752
2002-09,9,LA-HO,2.0,5.23957446299971,85.98845024937894
2002-10,10,LA-HO,0.0,2.574441046055322,82.10691286643487
2002-11,11,LA-HO,0.0,1.3114403580149123,83.55896239875509
2002-12,12,LA-HO,0.0,1.775555123351903,83.71622549768955
2003-01,1,LA-HO,0.0,0.9085707415690968,81.8845167053964
2003-02,2,LA-HO,0.0,1.3575119421361137,75.49099622348601
2003-03,3,LA-HO,0.0,1.4811751314213475,72.93231265704199
2003-04,4,LA-HO,0.0,3.259712567423885,76.19379249840786
2003-05,5,LA-HO,0.0,5.0692495197344005,79.38333355161367
2003-06,6,LA-HO,0.0,6.762651280210727,83.02848842574164
2003-07,7,LA-HO,0.0,8.475586078426463,84.20299798343235
2003-08,8,LA-HO,0.0,8.442484149405619,88.73858490758577
2003-09,9,LA-HO,0.0,7.483160185407303,88.49064243819176
2003-10,10,LA-HO,2.0,1.0120233494071833,80.10696765873291
2003-11,11,LA-HO,0.0,0.3766312506061588,74.54608593398792
2003-12,12,LA-HO,0.0,0.5404012361093661,77.03920280132208
2004-01,1,LA-HO,0.0,0.555219608284314,77.52854047418643
2004-02,2,LA-HO,0.0,0.7832350668726519,76.04541161224844
2004-03,3,LA-HO,0.0,2.1775764420912207,74.50206921727754
2004-04,4,LA-HO,0.0,7.185249044109279,86.86475197417427
2004-05,5,LA-HO,0.0,9.658171999898986,88.43917525416535
2004-06,6,LA-HO,6.0,4.882156041921175,83.9338015909501
2004-07,7,LA-HO,0.0,8.0489048304656,88.62908037860561
2004-08,8,LA-HO,0.0,8.980667315821972,89.71018883403055
2004-09,9,LA-HO,0.0,5.507130507036705,86.66032072712925
2004-10,10,LA-HO,0.0,0.4219614127308145,74.7508901998566
2004-11,11,LA-HO,0.0,1.5065974388280474,75.69067350536369
2004-12,12,LA-HO,0.0,0.127723631845996,71.65083507136744
2005-01,1,LA-HO,0.0,0.4575764270312044,74.46440322276733
2005-02,2,LA-HO,0.0,0.7428110416326117,69.88250541925285
2005-03,3,LA-HO,0.0,1.5767207317255687,73.2267940792836
2005-04,4,LA-HO,0.0,2.952903638046744,75.79502867565117
2005-05,5,LA-HO,0.0,4.641910434116857,79.17173559247024
2005-06,6,LA-HO,0.0,7.575674778449509,85.96646731654947
2005-07,7,LA-HO,3.0,11.623847812663705,87.36356728854261
2005-08,8,LA-HO,0.0,12.683072132658651,91.44668327397464
2005-09,9,LA-HO,0.0,9.192464701288324,88.13202091029046
2005-10,10,LA-HO,0.0,1.2800016730980457,83.1955803241974
2005-11,11,LA-HO,0.0,1.5285095078323112,84.19956159955527
2005-12,12,LA-HO,2.0,0.5758037019542092,77.77190253865275
2006-01,1,LA-HO,0.0,0.2317455275134339,72.90444649767596
2006-02,2,LA-HO,1.0,0.882126593341055,79.60953303774609
2006-03,3,LA-HO,1.0,1.7743436557582584,76.8696293597496
2006-04,4,LA-HO,0.0,2.7986040514950985,76.82813060443507
2006-05,5,LA-HO,0.0,5.167941614969419,79.6013170640644
2006-06,6,LA-HO,0.0,5.045126646780267,84.20438070339603
2006-07,7,LA-HO,1.0,8.908429086929985,87.80936429477322
2006-08,8,LA-HO,0.0,11.002053805800172,92.33680767830523
2006-09,9,LA-HO,0.0,4.9678335767391335,83.75127051391479
2006-10,10,LA-HO,0.0,3.563226783534546,87.53444716006591
2006-11,11,LA-HO,0.0,0.5111371913448424,75.86817292184044
2006-12,12,LA-HO,0.0,0.3174397713039976,75.77284252522388
2007-01,1,LA-HO,0.0,0.4035367988831895,74.82788001877009
2007-02,2,LA-HO,0.0,0.931346049989038,65.62770774548422
2007-03,3,LA-HO,0.0,1.0021249593968,70.27893129670545
2007-04,4,LA-HO,0.0,3.424274348529041,76.21945470252827
2007-05,5,LA-HO,0.0,6.636575583201456,79.73587109766436
2007-06,6,LA-HO,0.0,6.8644784813102335,84.40939763158914
2007-07,7,LA-HO,0.0,5.976345588867355,85.04573303976119
2007-08,8,LA-HO,0.0,6.033053555263548,87.16523346109994
2007-09,9,LA-HO,0.0,8.441880343647766,86.22980674605023
2007-10,10,LA-HO,0.0,6.984769755527778,84.64312708695513
2007-11,11,LA-HO,0.0,0.3427344998163815,72.13394909047587
2007-12,12,LA-HO,1.0,0.4715896474485405,79.86866475126642
2008-01,1,LA-HO,0.0,1.0355293508643777,77.58716560040189
2008-02,2,LA-HO,0.0,1.2941833726799996,83.51183319832556
2008-03,3,LA-HO,0.0,2.9836797006610944,79.99469832015984
2008-04,4,LA-HO,0.0,3.9652645389409886,83.57651132260409
2008-05,5,LA-HO,0.0,7.488387138527433,83.89390342973559
2008-06,6,LA-HO,0.0,9.419510306178152,90.51141339015338
2008-07,7,LA-HO,0.0,9.328402446117687,90.49423088210769
2008-08,8,LA-HO,0.0,9.1778284916387,88.57411237692325
2008-09,9,LA-HO,1.0,9.258186093889622,88.44830379058982
2008-10,10,LA-HO,0.0,5.144809141345291,89.39622551026702
2008-11,11,LA-HO,0.0,2.143128168960427,81.56278339502934
2008-12,12,LA-HO,1.0,0.5996494150379573,79.275136652234
2009-01,1,LA-HO,0.0,0.2647764590150419,74.84128558376163
2009-02,2,LA-HO,0.0,0.3676608649481055,66.4118117158944
2009-03,3,LA-HO,0.0,1.850997990418276,72.09246974492412
2009-04,4,LA-HO,0.0,3.287600472782734,79.81216074056901
2009-05,5,LA-HO,0.0,6.9138536791834895,85.20120547372872
2009-06,6,LA-HO,0.0,5.958533752685016,83.5772074975014
2009-07,7,LA-HO,0.0,11.38714576495202,89.0116739647085
2009-08,8,LA-HO,0.0,6.235033037841975,87.8967635818946
2009-09,9,LA-HO,1.0,7.145485472459251,85.24629603356823
2009-10,10,LA-HO,1.0,2.7834484700380377,86.57735819617578
2009-11,11,LA-HO,1.0,0.2578231223017975,72.47866992831761
2009-12,12,LA-HO,1.0,0.3375325995745724,76.46101877532402
1998-01,1,LA-KH,52.0,0.3263676108933162,68.92510083104018
1998-02,2,LA-KH,0.0,0.8981219136741607,69.18134411354349
1998-03,3,LA-KH,0.0,0.7418241469875382,67.1076024437163
1998-04,4,LA-KH,0.0,1.7349821400310566,68.90349167384322
1998-05,5,LA-KH,1.0,6.378613188063824,78.80923557697587
1998-06,6,LA-KH,39.0,8.849071165593235,85.850562223099
1998-07,7,LA-KH,178.0,6.431366509816848,84.62963274407053
1998-08,8,LA-KH,30.0,6.55596299289128,85.34706496925051
1998-09,9,LA-KH,13.0,9.859564358955982,88.24138911961965
1998-10,10,LA-KH,7.0,2.663845993705309,78.47048017954512
1998-11,11,LA-KH,0.0,2.370630066883422,74.49643684691557
1998-12,12,LA-KH,0.0,0.7366646098340547,71.91860821114821
1999-01,1,LA-KH,0.0,0.3965939884799742,72.7417131212652
1999-02,2,LA-KH,0.0,0.3256827518887357,68.62336771965485
1999-03,3,LA-KH,0.0,2.221507785254474,66.67636290058407
1999-04,4,LA-KH,0.0,5.0082104595423855,82.1170132002845
1999-05,5,LA-KH,0.0,10.115557644643808,89.3034998310806
1999-06,6,LA-KH,0.0,7.688059076666229,87.87749468142154
1999-07,7,LA-KH,0.0,10.777249401093188,88.74378953614853
1999-08,8,LA-KH,0.0,7.929377746012047,88.99040435714628
1999-09,9,LA-KH,0.0,8.09423592406968,88.45779615689399
1999-10,10,LA-KH,0.0,4.564884231137314,84.12862655444292
1999-11,11,LA-KH,0.0,3.7730556271811553,80.8095392606569
1999-12,12,LA-KH,0.0,0.6495909025817511,70.63856131343516
2000-01,1,LA-KH,0.0,0.3255617591803579,69.86996438950368
2000-02,2,LA-KH,0.0,1.2685112465880388,72.47174553164675
2000-03,3,LA-KH,0.0,0.8899973250984059,72.34164439838793
2000-04,4,LA-KH,0.0,5.797837959660163,82.935268333354
2000-05,5,LA-KH,0.0,10.054312078543724,89.32010662904999
2000-06,6,LA-KH,0.0,11.674875370792703,88.89891300735772
2000-07,7,LA-KH,0.0,10.830920659876105,89.87304276058414
2000-08,8,LA-KH,0.0,11.97773741518233,89.1885181665436
2000-09,9,LA-KH,0.0,14.87441911859375,86.65648973443027
2000-10,10,LA-KH,0.0,3.105885310676438,81.02771254839834
2000-11,11,LA-KH,0.0,0.6998180206657733,73.12633749426716
2000-12,12,LA-KH,0.0,0.53020081187895,74.32681258718726
2001-01,1,LA-KH,0.0,0.3960755073063559,72.0006664437172
2001-02,2,LA-KH,0.0,0.5562739036556181,71.03118293461453
2001-03,3,LA-KH,0.0,3.012617631921806,78.01602348072974
2001-04,4,LA-KH,0.0,1.782557386799786,70.3726308972351
2001-05,5,LA-KH,0.0,10.372167426535563,86.18786148095217
2001-06,6,LA-KH,0.0,10.983668810299534,89.36607955110435
2001-07,7,LA-KH,0.0,10.860276873026516,89.26356002689144
2001-08,8,LA-KH,1.0,15.809641440821585,90.5629930803751
2001-09,9,LA-KH,0.0,11.560235602128415,88.95813504103621
2001-10,10,LA-KH,0.0,4.269752300236779,81.99192276769557
2001-11,11,LA-KH,0.0,1.1661784641928874,72.5287430117996
2001-12,12,LA-KH,0.0,0.9715204950613392,74.91866595362951
2002-01,1,LA-KH,0.0,0.2030728118076646,70.03614647229095
2002-02,2,LA-KH,0.0,0.3812245372251496,70.68190970186495
2002-03,3,LA-KH,0.0,2.464151294183835,70.5123578895868
2002-04,4,LA-KH,0.0,2.436134215493453,72.25223998378313
2002-05,5,LA-KH,0.0,11.425071877780113,85.48183249045947
2002-06,6,LA-KH,0.0,13.054079724931716,90.27545081476448
2002-07,7,LA-KH,28.0,21.10766760318091,91.09350901510838
2002-08,8,LA-KH,46.0,15.285054646695146,91.27336593615796
2002-09,9,LA-KH,68.0,11.520540292244236,89.40488193597093
2002-10,10,LA-KH,17.0,3.2391609279699187,80.85806573515156
2002-11,11,LA-KH,1.0,0.8230339830537199,76.92438084577977
2002-12,12,LA-KH,42.0,0.7820863349570267,77.02232650564525
2003-01,1,LA-KH,21.0,0.3353235831557026,71.51080013519653
2003-02,2,LA-KH,4.0,1.4274335787771726,72.95328200628873
2003-03,3,LA-KH,4.0,1.726453916056501,71.97992959224686
2003-04,4,LA-KH,5.0,3.064023120281278,76.31113952799134
2003-05,5,LA-KH,68.0,8.206769520427278,80.47015350400771
2003-06,6,LA-KH,118.0,8.499482322621926,86.99843458843
2003-07,7,LA-KH,566.0,9.313291827638135,86.12505130382736
2003-08,8,LA-KH,597.0,10.691465521843,90.1643552830068
2003-09,9,LA-KH,318.0,12.323317115607264,89.84038709838848
2003-10,10,LA-KH,69.0,2.356345436916905,78.03875788447318
2003-11,11,LA-KH,19.0,0.8114712090191365,71.63130538939319
2003-12,12,LA-KH,2.0,0.5629814738026644,72.80377010583902
2004-01,1,LA-KH,0.0,0.7664336982786502,73.96653202386857
2004-02,2,LA-KH,1.0,2.6911900771671404,77.43772913962174
2004-03,3,LA-KH,0.0,0.9743558229685918,70.1708783913413
2004-04,4,LA-KH,0.0,3.428544148325733,79.68156052067434
2004-05,5,LA-KH,1.0,8.290782534471008,85.40595153392916
2004-06,6,LA-KH,6.0,7.442803540816292,83.46957942302943
2004-07,7,LA-KH,7.0,10.622058875592474,88.96801918226278
2004-08,8,LA-KH,40.0,12.401564779631777,90.25393006232623
2004-09,9,LA-KH,14.0,9.136193925008673,86.54480277959242
2004-10,10,LA-KH,1.0,1.0816213080125563,74.27689086646912
2004-11,11,LA-KH,0.0,2.151309426836454,72.503263652035
2004-12,12,LA-KH,0.0,0.2307826399103919,70.84801839491809
2005-01,1,LA-KH,0.0,0.2452026961645185,68.18782043964772
2005-02,2,LA-KH,2.0,0.289246877901032,64.29692893894898
2005-03,3,LA-KH,0.0,0.9009391381157008,68.86166370911057
2005-04,4,LA-KH,2.0,2.196453536309752,72.50687467115748
2005-05,5,LA-KH,3.0,6.040493856583497,82.19015491363514
2005-06,6,LA-KH,13.0,11.494219908113577,89.55169739452727
2005-07,7,LA-KH,101.0,14.389533787249434,89.61617031126097
2005-08,8,LA-KH,299.0,16.923161414270016,92.20077400961208
2005-09,9,LA-KH,178.0,12.966754520726376,89.46973429817871
2005-10,10,LA-KH,5.0,3.4548228364138227,80.39221777277096
2005-11,11,LA-KH,4.0,1.579547293939577,78.12256548050507
2005-12,12,LA-KH,39.0,0.3650120556586147,71.30177445132936
2006-01,1,LA-KH,0.0,0.1739505290013294,67.58436801028934
2006-02,2,LA-KH,0.0,1.1108404280149,72.84354703581934
2006-03,3,LA-KH,0.0,1.4927960136500822,72.433406852117
2006-04,4,LA-KH,0.0,3.1320452102115826,77.32355534987828
2006-05,5,LA-KH,13.0,5.319581895319349,78.72443512906842
2006-06,6,LA-KH,136.0,6.303506497342523,83.49251494212108
2006-07,7,LA-KH,235.0,13.51682281337159,90.26118338475216
2006-08,8,LA-KH,77.0,14.260657137490345,92.1074366087661
2006-09,9,LA-KH,10.0,6.569730887552304,83.09816094404171
2006-10,10,LA-KH,61.0,6.045637696375294,82.74606045570721
2006-11,11,LA-KH,9.0,0.5398864841716239,73.70351614773126
2006-12,12,LA-KH,0.0,0.5204886846162003,71.6638157044458
2007-01,1,LA-KH,0.0,0.3034121541612372,70.84184063312026
2007-02,2,LA-KH,0.0,0.8500561390571052,66.21483552543485
2007-03,3,LA-KH,0.0,2.599857930727525,75.30805765812542
2007-04,4,LA-KH,0.0,2.1274704596807066,70.00795233907861
2007-05,5,LA-KH,0.0,6.331383700677121,78.95038451454295
2007-06,6,LA-KH,8.0,8.497154183021822,85.24546792780613
2007-07,7,LA-KH,40.0,8.149231659421106,86.38033749937124
2007-08,8,LA-KH,100.0,15.57534586690715,90.78126955818765
2007-09,9,LA-KH,4.0,7.399003130452637,86.53070737495281
2007-10,10,LA-KH,17.0,14.298007547118946,84.38744455900681
2007-11,11,LA-KH,4.0,2.089502174519436,70.5167715580074
2007-12,12,LA-KH,0.0,0.5740094350722265,75.57669892334877
2008-01,1,LA-KH,0.0,0.724736543003643,73.06851741408741
2008-02,2,LA-KH,0.0,0.6372332030323606,74.78823431017582
2008-03,3,LA-KH,0.0,1.787604155954946,71.66807042118688
2008-04,4,LA-KH,0.0,2.2044758192458027,77.4544564646338
2008-05,5,LA-KH,0.0,10.468523556574352,87.79844871182661
2008-06,6,LA-KH,1.0,12.181363322758235,90.47290325625916
2008-07,7,LA-KH,3.0,11.61058738271369,89.30312276726204
2008-08,8,LA-KH,0.0,9.815158964391344,89.25800388210135
2008-09,9,LA-KH,4.0,9.733471213424458,89.66898074514256
2008-10,10,LA-KH,1.0,5.168533634267315,85.64929589203815
2008-11,11,LA-KH,3.0,1.7462994124002558,76.8683858165911
2008-12,12,LA-KH,4.0,1.0041964093680331,74.35364990595025
2009-01,1,LA-KH,0.0,0.3384241564695551,71.53663761551805
2009-02,2,LA-KH,0.0,0.3995490357722475,65.42738793219252
2009-03,3,LA-KH,6.0,2.801489158325376,73.79222918848578
2009-04,4,LA-KH,0.0,4.300691649468354,79.39141052470947
2009-05,5,LA-KH,6.0,8.213517465528302,84.83960051383963
2009-06,6,LA-KH,80.0,9.848185265952443,88.12213975374209
2009-07,7,LA-KH,155.0,13.36661121880505,90.38315636149058
2009-08,8,LA-KH,303.0,10.318718022884353,88.95109694717954
2009-09,9,LA-KH,277.0,11.279342259748068,88.30772803140889
2009-10,10,LA-KH,85.0,3.0559389566570925,81.16680195031967
2009-11,11,LA-KH,61.0,0.7787696345646069,72.90519287273072
2009-12,12,LA-KH,67.0,0.4461325277093232,72.94007294153462
1998-01,1,LA-LM,0.0,0.3509048269868766,61.1306506154266
1998-02,2,LA-LM,0.0,0.3758245766500477,51.506917562004965
1998-03,3,LA-LM,0.0,2.693315363982896,44.31312281896032
1998-04,4,LA-LM,0.0,5.229996824580202,69.54383583155465
1998-05,5,LA-LM,0.0,6.2377616671233085,73.25411455196515
1998-06,6,LA-LM,0.0,9.064548525340395,87.48877985639471
1998-07,7,LA-LM,0.0,9.340218224262117,88.09683752866435
1998-08,8,LA-LM,0.0,7.575047497231348,86.90714932923592
1998-09,9,LA-LM,0.0,5.567826145888406,81.89829529245655
1998-10,10,LA-LM,0.0,2.7618104022565824,79.57094960046983
1998-11,11,LA-LM,0.0,1.3393489669162768,75.48132906742869
1998-12,12,LA-LM,0.0,0.9919987670788096,74.33877408501316
1999-01,1,LA-LM,0.0,1.6937439415943056,76.18164435971003
1999-02,2,LA-LM,0.0,0.683071924844992,65.87601917740439
1999-03,3,LA-LM,0.0,0.8587437368454885,53.09960838893954
1999-04,4,LA-LM,1.0,6.9976726105181495,79.01290950592553
1999-05,5,LA-LM,0.0,8.795205740253575,88.38038982595701
1999-06,6,LA-LM,0.0,6.502091137655224,86.18694601503195
1999-07,7,LA-LM,0.0,8.158217444627088,88.01110700700309
1999-08,8,LA-LM,0.0,10.14183389301821,93.01941823962092
1999-09,9,LA-LM,0.0,7.2136795145261985,90.98603064072375
1999-10,10,LA-LM,0.0,3.516160077816749,86.14547420995346
1999-11,11,LA-LM,0.0,1.3119054057252253,78.50181135903952
1999-12,12,LA-LM,0.0,1.309546957352077,71.59484609470337
2000-01,1,LA-LM,0.0,0.769570967621226,68.44795409823368
2000-02,2,LA-LM,0.0,4.622422954371507,67.17382359582423
2000-03,3,LA-LM,0.0,1.7260733352343294,63.9291856942101
2000-04,4,LA-LM,0.0,3.615094643568475,77.04629800535216
2000-05,5,LA-LM,0.0,10.674508309994042,88.1750626044179
2000-06,6,LA-LM,0.0,9.64452172158685,89.02342638653403
2000-07,7,LA-LM,0.0,11.666319084923495,89.72078528848053
2000-08,8,LA-LM,3.0,8.83645165249512,88.41115802588237
2000-09,9,LA-LM,0.0,7.563168354830764,88.50983107240059
2000-10,10,LA-LM,0.0,3.470336235024905,85.32917356316632
2000-11,11,LA-LM,0.0,0.6142793962607696,74.27107941126815
2000-12,12,LA-LM,0.0,0.9890370379317264,76.10364379085037
2001-01,1,LA-LM,0.0,0.672304605385586,67.17492676310819
2001-02,2,LA-LM,0.0,0.4827001265274557,58.57947953067011
2001-03,3,LA-LM,0.0,3.98407308083294,75.40566544449531
2001-04,4,LA-LM,0.0,1.7365843485610415,60.52718337556423
2001-05,5,LA-LM,0.0,11.788351344678624,90.34560534160316
2001-06,6,LA-LM,0.0,8.769449905689628,85.9242101639176
2001-07,7,LA-LM,0.0,11.095013878117724,91.00861714970011
2001-08,8,LA-LM,0.0,9.308075842932194,87.34920918942366
2001-09,9,LA-LM,0.0,7.127742832112012,88.42673525503994
2001-10,10,LA-LM,0.0,5.206407411351625,88.78596094686183
2001-11,11,LA-LM,0.0,1.0335805952632786,75.3533165034151
2001-12,12,LA-LM,0.0,0.4639258165729572,75.71862664435261
2002-01,1,LA-LM,0.0,1.3621789901835537,76.28705669530649
2002-02,2,LA-LM,0.0,1.238235522743096,64.81930430469592
2002-03,3,LA-LM,0.0,1.4778579512608043,61.31534640089276
2002-04,4,LA-LM,0.0,1.7756716061816942,60.47813442955586
2002-05,5,LA-LM,0.0,10.944749597702664,83.67102208881087
2002-06,6,LA-LM,0.0,8.025405197867109,87.76693393247524
2002-07,7,LA-LM,1.0,14.56060664909522,93.07326954362468
2002-08,8,LA-LM,0.0,9.657750341819993,88.09968749661012
2002-09,9,LA-LM,0.0,4.757964170364064,83.24833105610618
2002-10,10,LA-LM,0.0,4.336253830530664,82.978909934888
2002-11,11,LA-LM,0.0,3.21894892400295,85.43771093150605
2002-12,12,LA-LM,0.0,1.9924156461937184,85.4604301204744
2003-01,1,LA-LM,0.0,3.185368283341243,82.27492492218686
2003-02,2,LA-LM,0.0,1.2719476628404498,69.12433768787885
2003-03,3,LA-LM,0.0,3.466935882477068,70.86219954287881
2003-04,4,LA-LM,0.0,1.7183389443200414,64.08875890836636
2003-05,5,LA-LM,0.0,4.707125478194581,73.88422818672505
2003-06,6,LA-LM,0.0,8.991380186580072,86.65005738065527
2003-07,7,LA-LM,0.0,7.516159571200592,84.45705486000267
2003-08,8,LA-LM,0.0,10.038959446204132,87.90830094249472
2003-09,9,LA-LM,0.0,7.548532919636535,88.02174965933328
2003-10,10,LA-LM,3.0,2.698991968207562,82.6317053830873
2003-11,11,LA-LM,2.0,0.3188000992254217,73.00926915181452
2003-12,12,LA-LM,0.0,0.2712832904765777,69.873453318147
2004-01,1,LA-LM,0.0,0.7523028887897779,67.31563108049991
2004-02,2,LA-LM,0.0,0.7603906072018521,60.39072468139004
2004-03,3,LA-LM,5.0,0.6758815992862232,51.51074203186274
2004-04,4,LA-LM,0.0,7.369188809565674,76.86025442524056
2004-05,5,LA-LM,0.0,12.121987492884063,87.18738678418326
2004-06,6,LA-LM,0.0,7.40618976610347,85.02352767858395
2004-07,7,LA-LM,0.0,9.733205417629792,87.90179458314098
2004-08,8,LA-LM,0.0,9.295444368932047,88.96168118341447
2004-09,9,LA-LM,0.0,9.58500488338172,91.37828797599636
2004-10,10,LA-LM,0.0,3.162404072317053,82.94996717286047
2004-11,11,LA-LM,0.0,1.3173543631315858,77.71262094686475
2004-12,12,LA-LM,0.0,0.0346830224665,69.4706630615883
2005-01,1,LA-LM,0.0,0.5203489456841849,70.46720837013764
2005-02,2,LA-LM,0.0,0.0589519932683644,47.25115520901522
2005-03,3,LA-LM,0.0,3.541484280931808,64.26835669252807
2005-04,4,LA-LM,0.0,2.5460036728789377,67.83822713900194
2005-05,5,LA-LM,0.0,4.380667200404515,70.30934482900236
2005-06,6,LA-LM,0.0,9.099356860621072,86.42210722576979
2005-07,7,LA-LM,2.0,11.206825918912442,86.13434190411093
2005-08,8,LA-LM,0.0,11.90661115589669,91.17482915795956
2005-09,9,LA-LM,0.0,8.1315983781708,86.50163291105466
2005-10,10,LA-LM,0.0,3.507207813342516,81.43326253252015
2005-11,11,LA-LM,0.0,1.6933826934607443,83.70523109893952
2005-12,12,LA-LM,0.0,1.6151088984488482,79.02062124678737
2006-01,1,LA-LM,0.0,0.0334340419682252,68.94993634826189
2006-02,2,LA-LM,0.0,0.6134507475702906,64.37570645161694
2006-03,3,LA-LM,0.0,0.653941388543889,51.55699310975457
2006-04,4,LA-LM,0.0,4.018369853615745,66.83534115915116
2006-05,5,LA-LM,0.0,7.114697773205653,79.61440264397535
2006-06,6,LA-LM,0.0,6.011566311708794,82.92529402485954
2006-07,7,LA-LM,0.0,11.437079267548643,89.85911578779337
2006-08,8,LA-LM,0.0,14.29482844645864,89.85080119953825
2006-09,9,LA-LM,0.0,5.703703294493935,85.58222101304273
2006-10,10,LA-LM,2.0,5.339930627857443,86.09535733892137
2006-11,11,LA-LM,0.0,0.5121643598022333,69.37661454339857
2006-12,12,LA-LM,0.0,0.3291391366101284,68.55587656228677
2007-01,1,LA-LM,0.0,0.4025739318422883,66.07149500629208
2007-02,2,LA-LM,0.0,0.2041065088570815,51.13476235396202
2007-03,3,LA-LM,0.0,0.2696609800298192,44.76024293680222
2007-04,4,LA-LM,0.0,6.157439995978875,67.67529983627004
2007-05,5,LA-LM,0.0,8.002180549432477,81.48944747746557
2007-06,6,LA-LM,0.0,6.9563628481504525,83.04431392648894
2007-07,7,LA-LM,0.0,9.22761545092837,86.94853338622968
2007-08,8,LA-LM,0.0,8.821675586963089,87.38853451529289
2007-09,9,LA-LM,0.0,10.617831988688335,85.31346157534054
2007-10,10,LA-LM,0.0,5.219630487525524,81.09814183587002
2007-11,11,LA-LM,0.0,1.564436646367101,76.2375004568651
2007-12,12,LA-LM,0.0,0.1299189127020959,69.97195784196012
2008-01,1,LA-LM,0.0,1.9947444300049395,67.3142642398578
2008-02,2,LA-LM,0.0,2.61751083488496,81.58971458395871
2008-03,3,LA-LM,0.0,1.373550042245922,69.804091193734
2008-04,4,LA-LM,0.0,4.240611815126927,71.11638817665587
2008-05,5,LA-LM,0.0,6.585976749641621,81.4591000623865
2008-06,6,LA-LM,0.0,10.925528730593689,89.84170172938018
2008-07,7,LA-LM,0.0,16.828368032763287,92.28241758710332
2008-08,8,LA-LM,0.0,10.888274937158862,90.10827067010707
2008-09,9,LA-LM,0.0,6.752206981452183,86.26887566587017
2008-10,10,LA-LM,0.0,3.976539959031311,85.76748550696308
2008-11,11,LA-LM,0.0,3.71665670391441,78.23780021823066
2008-12,12,LA-LM,0.0,0.1492021404975049,72.02634092289637
2009-01,1,LA-LM,0.0,0.0708107191719759,64.62874424728003
2009-02,2,LA-LM,0.0,0.2008922166981923,52.843892088271325
2009-03,3,LA-LM,0.0,1.1651533111883958,54.391143156345215
2009-04,4,LA-LM,1.0,4.1870686888536826,73.94296205536466
2009-05,5,LA-LM,0.0,8.957628325465308,81.5058337605562
2009-06,6,LA-LM,2.0,8.001976387343246,85.34726327193418
2009-07,7,LA-LM,1.0,12.162363305404511,87.33082666889571
2009-08,8,LA-LM,0.0,10.811335017141364,88.48214432248187
2009-09,9,LA-LM,4.0,7.435844800646873,86.99914178532981
2009-10,10,LA-LM,5.0,3.123867507516828,86.29330455511834
2009-11,11,LA-LM,6.0,0.2519107504448242,69.27966953825842
2009-12,12,LA-LM,4.0,0.340183990010637,71.10275714790185
1998-01,1,LA-LP,1.0,0.2423665420910691,64.2860293216122
1998-02,2,LA-LP,0.0,0.445600271452054,59.27590448008019
1998-03,3,LA-LP,0.0,1.51614351434459,55.234655020540856
1998-04,4,LA-LP,0.0,4.03179502467432,74.93488725944209
1998-05,5,LA-LP,3.0,5.612312472272001,79.73713391669234
1998-06,6,LA-LP,21.0,7.644761770146768,87.58380835974249
1998-07,7,LA-LP,26.0,5.94185128684424,85.736818676421
1998-08,8,LA-LP,84.0,7.191792517841829,86.74276959464845
1998-09,9,LA-LP,32.0,6.154374298271262,83.57640151439153
1998-10,10,LA-LP,19.0,1.9282598404097824,77.17874333738011
1998-11,11,LA-LP,9.0,0.988087382293487,71.63554986589664
1998-12,12,LA-LP,3.0,0.2919581533093165,66.99930939136556
1999-01,1,LA-LP,1.0,0.8440510524728397,71.78070843628208
1999-02,2,LA-LP,3.0,0.2108996666733235,63.23562636893755
1999-03,3,LA-LP,1.0,1.0593089934057995,55.94861693257836
1999-04,4,LA-LP,4.0,4.575285561634545,81.7423664960419
1999-05,5,LA-LP,2.0,7.085624597365165,87.57448939788077
1999-06,6,LA-LP,9.0,7.033368388481853,85.9599613408377
1999-07,7,LA-LP,57.0,7.009650022967942,86.36246087363911
1999-08,8,LA-LP,30.0,9.376716888181798,91.29179624500716
1999-09,9,LA-LP,37.0,6.860133577326833,89.50481713203622
1999-10,10,LA-LP,16.0,2.407748650860417,83.63607986883665
1999-11,11,LA-LP,17.0,0.9688673108042284,78.05795337974918
1999-12,12,LA-LP,2.0,0.5975368383883499,67.30139604918476
2000-01,1,LA-LP,2.0,0.2344447551249677,64.64390632333301
2000-02,2,LA-LP,0.0,1.8981976600797676,68.03779292394464
2000-03,3,LA-LP,2.0,0.4940106721882087,61.42681443168373
2000-04,4,LA-LP,0.0,4.268450038266332,74.9501336952944
2000-05,5,LA-LP,0.0,7.632337968947431,86.95051034267073
2000-06,6,LA-LP,5.0,8.38252984620177,87.06008906353573
2000-07,7,LA-LP,13.0,10.4401318670422,89.15844612140108
2000-08,8,LA-LP,9.0,9.30947556499159,89.40791323345087
2000-09,9,LA-LP,4.0,6.847447487366747,88.14226774059689
2000-10,10,LA-LP,2.0,3.439998757304626,87.31986214473378
2000-11,11,LA-LP,1.0,0.1610754528343212,75.55191660529172
2000-12,12,LA-LP,0.0,0.5112297034830884,74.41041546300981
2001-01,1,LA-LP,0.0,0.5795990689594045,70.71075914878385
2001-02,2,LA-LP,6.0,0.1770851463669877,63.40330329190456
2001-03,3,LA-LP,0.0,3.8582465875231247,81.41834976638488
2001-04,4,LA-LP,1.0,1.420459969538281,69.27035492306722
2001-05,5,LA-LP,7.0,10.053788456098156,90.249300710756
2001-06,6,LA-LP,4.0,7.168528358969603,86.40213257968232
2001-07,7,LA-LP,31.0,12.170102626343311,91.44563203755808
2001-08,8,LA-LP,36.0,10.288994623178446,88.75302256280683
2001-09,9,LA-LP,64.0,6.878360591394912,88.3010258827468
2001-10,10,LA-LP,31.0,3.3989655805994725,86.09040224151222
2001-11,11,LA-LP,21.0,0.2492254514186893,67.87162804120351
2001-12,12,LA-LP,5.0,0.3693523160674465,69.79736525146345
2002-01,1,LA-LP,0.0,0.6892888885633629,71.15115627282186
2002-02,2,LA-LP,0.0,0.4892479802644758,64.53133259561116
2002-03,3,LA-LP,0.0,1.013752730232674,60.177534640547
2002-04,4,LA-LP,0.0,1.4906411774576152,63.07105768513917
2002-05,5,LA-LP,5.0,10.896402197293371,84.4127523876688
2002-06,6,LA-LP,1.0,9.141966713731664,88.72014106681901
2002-07,7,LA-LP,5.0,16.16847042160473,94.09479274124509
2002-08,8,LA-LP,4.0,9.657842348893588,89.88831443291559
2002-09,9,LA-LP,20.0,5.693329128820518,85.54679751945866
2002-10,10,LA-LP,108.0,3.808054335214322,84.50230417205597
2002-11,11,LA-LP,12.0,1.828456054882391,83.29363275851605
2002-12,12,LA-LP,0.0,2.362734942472517,83.66025162282325
2003-01,1,LA-LP,0.0,1.3341633826014556,81.02947323290007
2003-02,2,LA-LP,0.0,0.9694843476122074,72.02862007115884
2003-03,3,LA-LP,0.0,2.2441153049532176,71.05686145249695
2003-04,4,LA-LP,0.0,2.071997631669769,69.82319490412593
2003-05,5,LA-LP,0.0,4.92750540507574,74.14043845097434
2003-06,6,LA-LP,1.0,8.539699454738342,85.07244450433625
2003-07,7,LA-LP,46.0,7.456958577550661,83.593625923045
2003-08,8,LA-LP,156.0,9.093712171564308,88.38858259469652
2003-09,9,LA-LP,264.0,7.695200172691829,88.94792689681276
2003-10,10,LA-LP,5.0,0.9217261524178272,77.20609801877045
2003-11,11,LA-LP,0.0,0.159949454495379,70.41215641013808
2003-12,12,LA-LP,0.0,0.1731971175174091,69.48141890877721
2004-01,1,LA-LP,0.0,0.5140401064934058,70.74479935821849
2004-02,2,LA-LP,0.0,0.5429567677664515,67.33824275692251
2004-03,3,LA-LP,0.0,1.2347975409720695,61.09520372996884
2004-04,4,LA-LP,0.0,6.827557155517521,84.34712582897058
2004-05,5,LA-LP,1.0,9.773500766581671,87.97213217756743
2004-06,6,LA-LP,9.0,5.959095218832474,83.56450109539412
2004-07,7,LA-LP,25.0,10.567763403076643,89.78684547405288
2004-08,8,LA-LP,72.0,8.684720012234237,89.98355227807058
2004-09,9,LA-LP,41.0,6.944134740162802,89.47459475204637
2004-10,10,LA-LP,31.0,1.3755295608783449,78.21378003608896
2004-11,11,LA-LP,9.0,1.2513080097532685,74.26878022942584
2004-12,12,LA-LP,14.0,0.0218322876022411,69.01968605387
2005-01,1,LA-LP,0.0,0.3313823308691703,69.03720889720557
2005-02,2,LA-LP,2.0,0.4068064842587509,59.16923701749901
2005-03,3,LA-LP,1.0,1.6146600975859766,65.72093715728651
2005-04,4,LA-LP,2.0,2.414354995292905,69.65624018929987
2005-05,5,LA-LP,28.0,4.723631727353338,76.05739036647314
2005-06,6,LA-LP,77.0,7.849712849468643,86.02351550480489
2005-07,7,LA-LP,96.0,9.820985795451366,85.59670323981872
2005-08,8,LA-LP,30.0,14.107621067491957,92.15927414358424
2005-09,9,LA-LP,14.0,8.019708965760442,87.95945599247246
2005-10,10,LA-LP,18.0,1.1109402663550974,79.08708094623908
2005-11,11,LA-LP,4.0,0.9984752093050532,78.51176479584532
2005-12,12,LA-LP,238.0,0.7101928106358845,71.05273118233231
2006-01,1,LA-LP,2.0,0.0137660497707154,65.75037093286409
2006-02,2,LA-LP,1.0,0.6174280124422796,69.15091220231443
2006-03,3,LA-LP,3.0,1.5965744892144986,65.1222029039195
2006-04,4,LA-LP,2.0,3.697822188520694,74.88376630772117
2006-05,5,LA-LP,3.0,4.867786128023164,79.20183039044238
2006-06,6,LA-LP,36.0,4.79771966505382,81.68794962230743
2006-07,7,LA-LP,28.0,11.171309769007756,89.95110593985125
2006-08,8,LA-LP,18.0,13.085919730756553,91.93372438565706
2006-09,9,LA-LP,21.0,4.664618357792805,85.20755834141981
2006-10,10,LA-LP,18.0,3.5669146575916835,86.27229330580462
2006-11,11,LA-LP,1.0,0.1476835287915175,69.83772930255513
2006-12,12,LA-LP,1.0,0.1613782466467677,68.06742030222986
2007-01,1,LA-LP,0.0,0.184408508692894,66.29769414075392
2007-02,2,LA-LP,0.0,0.808682700894366,57.07789746279654
2007-03,3,LA-LP,0.0,0.3936437678683079,60.22618706840069
2007-04,4,LA-LP,2.0,4.034307917570009,73.19666787245426
2007-05,5,LA-LP,5.0,6.376568875279779,79.28814104791715
2007-06,6,LA-LP,4.0,6.785448379320398,82.3523614453841
2007-07,7,LA-LP,39.0,5.903911691236745,83.73857485607608
2007-08,8,LA-LP,12.0,7.859420323020995,86.31665413129055
2007-09,9,LA-LP,5.0,8.446522973256563,86.90641612321977
2007-10,10,LA-LP,13.0,5.001451094433184,81.99030272950802
2007-11,11,LA-LP,16.0,0.4096206966311001,69.73593715824724
2007-12,12,LA-LP,5.0,0.25181046311104,74.72055298589012
2008-01,1,LA-LP,0.0,1.2833150183430628,71.39454637979226
2008-02,2,LA-LP,16.0,1.7615227468814378,79.4952576955805
2008-03,3,LA-LP,22.0,2.141760355256782,74.2360642019143
2008-04,4,LA-LP,33.0,3.954774985755877,79.86571588161404
2008-05,5,LA-LP,116.0,5.171089662108225,79.7353644284006
2008-06,6,LA-LP,160.0,9.494615840515474,89.57214753671408
2008-07,7,LA-LP,16.0,12.346768985377402,91.63493358824093
2008-08,8,LA-LP,13.0,10.731724629121222,89.48929262185688
2008-09,9,LA-LP,14.0,7.396912229027,88.52500949768644
2008-10,10,LA-LP,33.0,4.162906250001798,87.25126497937696
2008-11,11,LA-LP,116.0,2.0912222287433657,79.87280253237972
2008-12,12,LA-LP,161.0,0.412295937826251,74.75025481259722
2009-01,1,LA-LP,0.0,0.0348478898764855,68.32283833404136
2009-02,2,LA-LP,0.0,0.139158262854343,60.06883141041503
2009-03,3,LA-LP,0.0,1.436347842314663,62.95273480353026
2009-04,4,LA-LP,0.0,2.6541744029104515,74.85514781423007
2009-05,5,LA-LP,0.0,5.515799061374341,79.94271348670651
2009-06,6,LA-LP,9.0,7.051321445833929,83.26842857552099
2009-07,7,LA-LP,30.0,13.478508706266869,88.79810841871206
2009-08,8,LA-LP,32.0,7.652457330819404,88.07272187375911
2009-09,9,LA-LP,313.0,6.350335672900786,87.04524873082289
2009-10,10,LA-LP,165.0,2.529987990466702,86.56065209987749
2009-11,11,LA-LP,87.0,0.2239326910972694,68.37737786551016
2009-12,12,LA-LP,0.0,0.2199943783996915,72.72052202575861
1998-01,1,LA-OU,0.0,0.3492810578374687,61.98028094979106
1998-02,2,LA-OU,0.0,0.464851827691442,55.410534583333714
1998-03,3,LA-OU,0.0,2.442844421594045,48.99870232950863
1998-04,4,LA-OU,0.0,4.529464694978561,72.13225493435472
1998-05,5,LA-OU,0.0,6.62562503672198,77.18691171326881
1998-06,6,LA-OU,0.0,8.219340391710574,87.40772264946231
1998-07,7,LA-OU,0.0,6.6327031891298045,85.94671820092569
1998-08,8,LA-OU,3.0,7.008524769644898,86.02030059150403
1998-09,9,LA-OU,0.0,5.227532463440847,82.41550883453777
1998-10,10,LA-OU,0.0,2.242401975518855,79.37138137218551
1998-11,11,LA-OU,0.0,1.0452187135275692,73.61105614723296
1998-12,12,LA-OU,0.0,0.5099338220622118,69.71792289402768
1999-01,1,LA-OU,0.0,1.287831152754707,73.9434237679795
1999-02,2,LA-OU,0.0,0.36476431851851,63.137449609916246
1999-03,3,LA-OU,0.0,1.0344785956856066,54.423066434088135
1999-04,4,LA-OU,0.0,5.594299144965461,82.07159272622407
1999-05,5,LA-OU,0.0,8.901824027654879,89.14269923892145
1999-06,6,LA-OU,0.0,6.911931077070002,85.49262371093735
1999-07,7,LA-OU,0.0,7.734016064633207,85.88439615356606
1999-08,8,LA-OU,0.0,10.132485520029226,91.83178378665237
1999-09,9,LA-OU,0.0,7.707037119284611,90.415775080261
1999-10,10,LA-OU,0.0,2.6142096851345684,84.98303162453372
1999-11,11,LA-OU,0.0,1.0092547507184124,76.5688175524372
1999-12,12,LA-OU,0.0,1.2139967735446142,69.16220337477664
2000-01,1,LA-OU,0.0,0.3382297720094741,65.39294613008293
2000-02,2,LA-OU,0.0,2.757383015600684,66.18046748264132
2000-03,3,LA-OU,0.0,0.7888513430125608,61.21521458564308
2000-04,4,LA-OU,0.0,3.784888134434667,74.37091500099062
2000-05,5,LA-OU,0.0,8.969900555298132,87.74242866328962
2000-06,6,LA-OU,0.0,9.369425410281238,88.04230332060943
2000-07,7,LA-OU,0.0,11.484168977081165,89.34587775055405
2000-08,8,LA-OU,0.0,9.387854006455877,88.81133699210604
2000-09,9,LA-OU,0.0,6.675928147689091,88.45852303332799
2000-10,10,LA-OU,0.0,2.806087442939565,86.07811485225854
2000-11,11,LA-OU,0.0,0.4611081065345991,73.7198036594042
2000-12,12,LA-OU,0.0,0.9445358609257396,75.35686145151408
2001-01,1,LA-OU,0.0,0.6442617652970254,68.488766761728
2001-02,2,LA-OU,0.0,0.2367790370226052,59.83455327516799
2001-03,3,LA-OU,0.0,3.764947636935456,79.42736034505236
2001-04,4,LA-OU,0.0,1.5535854051816091,64.08038837010405
2001-05,5,LA-OU,0.0,11.769043917356578,90.86922373358028
2001-06,6,LA-OU,0.0,6.88879392320602,85.2702445057518
2001-07,7,LA-OU,0.0,12.304022775416268,91.49268241230575
2001-08,8,LA-OU,0.0,10.262855360636983,88.02413108117861
2001-09,9,LA-OU,1.0,7.43008289198299,88.72298223057818
2001-10,10,LA-OU,0.0,3.697204864796132,87.3250017330435
2001-11,11,LA-OU,1.0,0.4820549312216713,70.37882453586735
2001-12,12,LA-OU,0.0,0.4205715412693093,71.90543452148609
2002-01,1,LA-OU,0.0,1.1191912953623553,73.67693968146395
2002-02,2,LA-OU,0.0,0.7827374268652384,64.10786641857477
2002-03,3,LA-OU,0.0,1.046285197082401,59.75610071149838
2002-04,4,LA-OU,0.0,1.7897978978031732,60.7466765731926
2002-05,5,LA-OU,0.0,12.547976793457376,84.70152465985602
2002-06,6,LA-OU,0.0,9.300879410662196,88.02230997468257
2002-07,7,LA-OU,0.0,17.281446025834356,93.31397618609635
2002-08,8,LA-OU,0.0,10.642846251616763,88.91349879335904
2002-09,9,LA-OU,0.0,4.966628426734326,84.6846195111943
2002-10,10,LA-OU,0.0,4.073527395866847,83.90347113118374
2002-11,11,LA-OU,0.0,2.483338428112449,84.18766757300561
2002-12,12,LA-OU,0.0,2.0095898248145145,84.83246743807263
2003-01,1,LA-OU,0.0,1.876191961569012,81.09879368091961
2003-02,2,LA-OU,0.0,0.9812351452225218,69.21101395272966
2003-03,3,LA-OU,0.0,3.199462967088306,69.67442209318321
2003-04,4,LA-OU,0.0,2.2246854999568257,65.81672123807002
2003-05,5,LA-OU,0.0,4.695145361034742,73.14930400291033
2003-06,6,LA-OU,0.0,7.937605631386647,84.65085900625371
2003-07,7,LA-OU,0.0,7.862621562105597,82.87928792986354
2003-08,8,LA-OU,0.0,8.952678411494789,87.50888944913721
2003-09,9,LA-OU,0.0,7.401978725341636,88.40510885014483
2003-10,10,LA-OU,1.0,1.3783260326107518,79.21994887088682
2003-11,11,LA-OU,0.0,0.1908630391503983,69.67528405700581
2003-12,12,LA-OU,0.0,0.1767994581060887,67.66603573295654
2004-01,1,LA-OU,0.0,0.8160143390959262,68.94154552511436
2004-02,2,LA-OU,0.0,0.5434307077187243,63.74845723756145
2004-03,3,LA-OU,0.0,0.9075184337733544,55.05288720179496
2004-04,4,LA-OU,0.0,7.227959188673859,81.19925361286488
2004-05,5,LA-OU,0.0,11.864195392903438,87.34135406785214
2004-06,6,LA-OU,0.0,6.665998146126759,84.15667431580384
2004-07,7,LA-OU,0.0,9.950483858055543,88.36194954475552
2004-08,8,LA-OU,0.0,9.011573853458964,89.09649125971514
2004-09,9,LA-OU,0.0,7.344060074784408,90.43303590234014
2004-10,10,LA-OU,0.0,2.092925551889592,81.48947893421617
2004-11,11,LA-OU,0.0,1.2385958500956007,75.26092607533985
2004-12,12,LA-OU,0.0,0.020033930531893,68.0159843429194
2005-01,1,LA-OU,0.0,0.4373628674494438,68.82059708850139
2005-02,2,LA-OU,0.0,0.2456603773598605,52.27178738962907
2005-03,3,LA-OU,0.0,2.515860951408463,64.66267699019357
2005-04,4,LA-OU,0.0,2.469559125110042,68.08253382852402
2005-05,5,LA-OU,0.0,4.640824629784094,73.21102629096465
2005-06,6,LA-OU,0.0,8.648934142662865,85.60024398552542
2005-07,7,LA-OU,0.0,10.083826227597603,85.47824803384985
2005-08,8,LA-OU,0.0,13.782221077829266,91.45038718060574
2005-09,9,LA-OU,0.0,8.403875396780936,87.43174785398645
2005-10,10,LA-OU,0.0,1.9585239766249944,80.19196156268035
2005-11,11,LA-OU,0.0,1.4063161842960816,81.10772889264122
2005-12,12,LA-OU,0.0,0.7874118232412307,73.82145183170225
2006-01,1,LA-OU,0.0,0.0127316085043506,64.61353334190005
2006-02,2,LA-OU,0.0,0.8149484367382982,66.45324536446252
2006-03,3,LA-OU,0.0,1.0489212776892525,56.92541360045605
2006-04,4,LA-OU,0.0,4.073442818195316,70.93434804446073
2006-05,5,LA-OU,0.0,5.7290893787984425,79.10071632142065
2006-06,6,LA-OU,1.0,5.38251206263871,81.44492887375876
2006-07,7,LA-OU,1.0,10.590386279985772,89.35712290565168
2006-08,8,LA-OU,3.0,13.94421523214278,90.78839242289048
2006-09,9,LA-OU,1.0,5.064823026601829,85.43621081123791
2006-10,10,LA-OU,5.0,4.157670574788359,86.30567367137468
2006-11,11,LA-OU,0.0,0.3215696905236263,69.56275849779041
2006-12,12,LA-OU,0.0,0.1871767803529182,68.28821923579694
2007-01,1,LA-OU,0.0,0.2602123551861993,65.6264592739627
2007-02,2,LA-OU,0.0,0.5443529312338803,53.811956740906645
2007-03,3,LA-OU,0.0,0.3511964827485269,52.90969799236122
2007-04,4,LA-OU,0.0,5.135937548461011,69.83343791508278
2007-05,5,LA-OU,1.0,7.5925633067126785,80.57334072046237
2007-06,6,LA-OU,0.0,6.614900307149791,81.79992938175108
2007-07,7,LA-OU,1.0,7.218681309326499,84.3331140744734
2007-08,8,LA-OU,0.0,8.24087129133941,86.4133157241782
2007-09,9,LA-OU,0.0,9.618366461876906,86.59391629765507
2007-10,10,LA-OU,0.0,5.337342935266776,81.41775114592849
2007-11,11,LA-OU,0.0,0.7137284517259544,72.19659677335672
2007-12,12,LA-OU,0.0,0.2386657218004808,72.5734134753809
2008-01,1,LA-OU,0.0,2.235498710804436,68.89337613440887
2008-02,2,LA-OU,0.0,1.915702547136652,80.62770120091868
2008-03,3,LA-OU,0.0,1.4679449574307286,71.87749889544855
2008-04,4,LA-OU,0.0,4.038814243118509,74.67574372152096
2008-05,5,LA-OU,0.0,6.548372829114959,80.01431256128168
2008-06,6,LA-OU,0.0,10.62506445247265,89.07821590643978
2008-07,7,LA-OU,0.0,15.210272570003683,91.90903442564256
2008-08,8,LA-OU,0.0,10.745741817220209,89.70701093209144
2008-09,9,LA-OU,0.0,6.942147474739119,87.62683091165185
2008-10,10,LA-OU,0.0,3.658093397360816,86.64333205115132
2008-11,11,LA-OU,0.0,3.125499948656506,79.12855950155038
2008-12,12,LA-OU,0.0,0.3132301273029763,73.88223384405111
2009-01,1,LA-OU,0.0,0.0370161220123569,66.40644115398872
2009-02,2,LA-OU,0.0,0.1726052649941469,56.14389343191368
2009-03,3,LA-OU,0.0,1.4853729325655516,58.04566804166999
2009-04,4,LA-OU,0.0,3.3129235767482204,73.88792804734597
2009-05,5,LA-OU,0.0,6.563269651427748,80.61381567720775
2009-06,6,LA-OU,0.0,7.255506282612833,82.86566614515922
2009-07,7,LA-OU,0.0,12.212881298984128,87.29602311070747
2009-08,8,LA-OU,1.0,8.632331134124527,87.78891604335395
2009-09,9,LA-OU,15.0,6.7597016308004125,87.30715103071175
2009-10,10,LA-OU,6.0,2.6461345592317302,86.77311762584885
2009-11,11,LA-OU,13.0,0.2378566806630888,67.45401232773074
2009-12,12,LA-OU,18.0,0.2515480981581087,71.43746078533017
1998-01,1,LA-PH,0.0,0.5860106676752147,67.2311115771261
1998-02,2,LA-PH,0.0,0.9137257790986364,61.994149870898426
1998-03,3,LA-PH,0.0,3.5329947067359475,52.29685902164807
1998-04,4,LA-PH,0.0,5.712589231660476,79.02588373857732
1998-05,5,LA-PH,0.0,7.934262334733379,81.27802701258683
1998-06,6,LA-PH,0.0,14.493546546808094,90.16210800192933
1998-07,7,LA-PH,0.0,12.24185426145656,89.85010164882554
1998-08,8,LA-PH,0.0,9.246102607128366,90.0691386128669
1998-09,9,LA-PH,0.0,6.220513778801465,83.59335936098117
1998-10,10,LA-PH,0.0,2.1537905717344223,78.89663259775907
1998-11,11,LA-PH,0.0,1.3122654488931538,76.64830454883422
1998-12,12,LA-PH,0.0,1.4578550172706166,78.43702155336847
1999-01,1,LA-PH,0.0,1.2846539449367091,78.54987324308613
1999-02,2,LA-PH,0.0,0.4498426896692984,67.06040286353883
1999-03,3,LA-PH,0.0,1.2538689245334056,56.10628893374783
1999-04,4,LA-PH,0.0,5.219188253483972,82.44055918762288
1999-05,5,LA-PH,0.0,10.096845954684936,88.40530623065452
1999-06,6,LA-PH,0.0,9.46732706000966,87.83624827095488
1999-07,7,LA-PH,0.0,11.496360088704538,91.21695612594252
1999-08,8,LA-PH,0.0,11.68076113680525,93.94779715591848
1999-09,9,LA-PH,0.0,7.019644890153043,90.21316391371262
1999-10,10,LA-PH,0.0,3.7110645796124495,86.06014034853389
1999-11,11,LA-PH,0.0,1.4871548827229002,82.62982223085191
1999-12,12,LA-PH,0.0,1.3556598005864926,75.40886621405808
2000-01,1,LA-PH,0.0,0.859949770018973,69.70343821843703
2000-02,2,LA-PH,0.0,3.776315609738088,72.38565616912778
2000-03,3,LA-PH,0.0,1.0445011277115774,66.16706115250176
2000-04,4,LA-PH,0.0,5.3526877853452834,78.99152185499523
2000-05,5,LA-PH,0.0,9.99632754862934,88.71112996538419
2000-06,6,LA-PH,0.0,11.891639505736263,90.4296213781119
2000-07,7,LA-PH,0.0,14.4138760472806,91.16495331315603
2000-08,8,LA-PH,0.0,10.85798853274696,90.25846089491168
2000-09,9,LA-PH,0.0,6.012391923366568,88.47279432979511
2000-10,10,LA-PH,0.0,4.544960960997496,88.67257934378716
2000-11,11,LA-PH,0.0,0.7164841911763505,80.06708603601625
2000-12,12,LA-PH,0.0,1.169063741629891,81.91902733100115
2001-01,1,LA-PH,0.0,0.7328930838523141,74.43132643017535
2001-02,2,LA-PH,0.0,1.102545772033627,70.77678106525138
2001-03,3,LA-PH,0.0,4.664589077977317,81.70641953237075
2001-04,4,LA-PH,0.0,2.938469174172662,71.67696801787831
2001-05,5,LA-PH,0.0,14.491676986746729,91.6376980061776
2001-06,6,LA-PH,0.0,10.343165517941843,86.88963798329723
2001-07,7,LA-PH,0.0,15.001935682818722,91.42348406901552
2001-08,8,LA-PH,0.0,7.918677869013886,87.37060543479252
2001-09,9,LA-PH,0.0,6.110397555590478,88.26218447132277
2001-10,10,LA-PH,0.0,5.421504007811407,88.86327232151045
2001-11,11,LA-PH,0.0,1.0488564798782,77.76885701454277
2001-12,12,LA-PH,0.0,0.4058491018381295,75.73334089229742
2002-01,1,LA-PH,0.0,2.120661907341796,78.68062084249992
2002-02,2,LA-PH,0.0,1.4245942073291389,75.24294787258833
2002-03,3,LA-PH,0.0,1.3168024082692895,63.681964801135166
2002-04,4,LA-PH,0.0,2.074685397738101,63.30816224210621
2002-05,5,LA-PH,0.0,12.780812045662625,86.8384860293153
2002-06,6,LA-PH,0.0,13.234383802452772,90.1875062367876
2002-07,7,LA-PH,0.0,17.340709158465895,94.1035447348672
2002-08,8,LA-PH,0.0,10.774397824482396,89.23396504384603
2002-09,9,LA-PH,0.0,4.334505584680857,80.98770901204715
2002-10,10,LA-PH,0.0,4.591647696637401,83.0345274173551
2002-11,11,LA-PH,0.0,3.193893447142468,85.71043145463715
2002-12,12,LA-PH,0.0,2.333853593491937,86.9163294320547
2003-01,1,LA-PH,0.0,2.9731613589520043,84.52754235912273
2003-02,2,LA-PH,0.0,2.16211731523831,77.15097976950938
2003-03,3,LA-PH,0.0,3.7856437948390256,76.31366498448853
2003-04,4,LA-PH,0.0,3.461151291787804,71.68663637405808
2003-05,5,LA-PH,0.0,6.921691913076747,78.12966755502688
2003-06,6,LA-PH,0.0,10.874962224568511,87.24274283685013
2003-07,7,LA-PH,0.0,7.196389513102087,85.19500183133616
2003-08,8,LA-PH,0.0,10.530501042155384,88.93731616126867
2003-09,9,LA-PH,0.0,5.392285733763992,88.020619495494
2003-10,10,LA-PH,0.0,2.1068734701414185,82.31852403490971
2003-11,11,LA-PH,0.0,0.3049434140232087,74.36740616892132
2003-12,12,LA-PH,0.0,0.380293658952713,72.65499537138476
2004-01,1,LA-PH,0.0,1.550585285183535,73.95607374369003
2004-02,2,LA-PH,0.0,0.9459031983635716,71.54769019082875
2004-03,3,LA-PH,0.0,1.2977363651606506,63.224607573500194
2004-04,4,LA-PH,0.0,11.32989324093198,87.5892468155142
2004-05,5,LA-PH,0.0,13.278945288452848,89.22446554006302
2004-06,6,LA-PH,0.0,6.797974163324048,84.22894761136638
2004-07,7,LA-PH,0.0,11.685641080595056,89.5417610596465
2004-08,8,LA-PH,0.0,10.375081406639676,90.86324950124902
2004-09,9,LA-PH,4.0,7.537927751204932,90.85101102603244
2004-10,10,LA-PH,0.0,1.8383504848126424,81.51952675515848
2004-11,11,LA-PH,0.0,1.64161526986204,79.35419290952312
2004-12,12,LA-PH,0.0,0.0867938067299788,71.90264809717935
2005-01,1,LA-PH,0.0,1.2061910348156464,78.12022640077475
2005-02,2,LA-PH,0.0,0.3232054216337399,58.12677337540456
2005-03,3,LA-PH,0.0,3.907892185926044,71.86176331029687
2005-04,4,LA-PH,0.0,3.549084393689357,72.42584308052882
2005-05,5,LA-PH,0.0,3.98939831258561,72.71477467894313
2005-06,6,LA-PH,0.0,13.209551130725304,88.59998263645784
2005-07,7,LA-PH,0.0,13.749409117727188,88.09285581052227
2005-08,8,LA-PH,0.0,14.803695537145938,93.24279190582642
2005-09,9,LA-PH,0.0,5.198142407138814,85.57335507375848
2005-10,10,LA-PH,0.0,2.1256700024021247,80.82999112815226
2005-11,11,LA-PH,0.0,1.6266591993017352,83.64350718319838
2005-12,12,LA-PH,0.0,1.8751249838056576,79.74058241144624
2006-01,1,LA-PH,0.0,0.033070528241143,71.37581091826074
2006-02,2,LA-PH,0.0,1.0841373634042069,72.0010013038184
2006-03,3,LA-PH,0.0,1.6908038366020892,61.3864555427008
2006-04,4,LA-PH,0.0,4.6569057309882345,71.09001313067199
2006-05,5,LA-PH,0.0,7.706330392474187,80.08144608267882
2006-06,6,LA-PH,0.0,8.361225792513231,84.208400637152
2006-07,7,LA-PH,0.0,14.002910077138372,90.89478010739192
2006-08,8,LA-PH,0.0,14.830819375885405,90.72996154619896
2006-09,9,LA-PH,0.0,5.160507901114562,85.59475109673923
2006-10,10,LA-PH,0.0,5.315272797859707,88.61023308361008
2006-11,11,LA-PH,0.0,0.9261127525898728,75.3611968235448
2006-12,12,LA-PH,0.0,0.368249365135661,74.5669893295599
2007-01,1,LA-PH,0.0,0.4818097582348675,72.06032005374462
2007-02,2,LA-PH,0.0,0.6014400221959049,55.95134994923971
2007-03,3,LA-PH,0.0,0.5444768485670881,53.285445000839104
2007-04,4,LA-PH,0.0,8.284575742668123,77.61449156953147
2007-05,5,LA-PH,0.0,9.71479032745046,81.32714141647223
2007-06,6,LA-PH,0.0,10.919824083318368,86.42480744608304
2007-07,7,LA-PH,0.0,13.568374871967167,90.91587633793786
2007-08,8,LA-PH,0.0,7.880600517979246,88.30318662372554
2007-09,9,LA-PH,0.0,7.417415576129674,85.67611783449709
2007-10,10,LA-PH,0.0,4.075073700312003,82.14450988576387
2007-11,11,LA-PH,0.0,1.6486569862390008,77.60843181178991
2007-12,12,LA-PH,0.0,0.2441971951408155,75.32930746126493
2008-01,1,LA-PH,,2.11811984279482,71.23228004202053
2008-02,2,LA-PH,,2.702826517960293,87.57048618325335
2008-03,3,LA-PH,,2.1513317937950567,80.89137543148438
2008-04,4,LA-PH,,6.215987772100113,79.58459897339556
2008-05,5,LA-PH,,9.716963260114218,83.38782467121462
2008-06,6,LA-PH,,14.373276493407737,92.01732066486812
2008-07,7,LA-PH,,14.999829888256176,92.24532302808012
2008-08,8,LA-PH,,13.004119502816431,90.71640941130325
2008-09,9,LA-PH,,10.696692055385949,87.73987641616743
2008-10,10,LA-PH,,4.4246313233088825,86.7487231237834
2008-11,11,LA-PH,,3.619458086482738,80.68633912639909
2008-12,12,LA-PH,,0.2223923808052663,74.86818678795896
2009-01,1,LA-PH,0.0,0.1205195789914705,68.36304404523308
2009-02,2,LA-PH,0.0,0.2636832632149311,55.90258336168112
2009-03,3,LA-PH,0.0,2.6161979035182155,60.01918281888273
2009-04,4,LA-PH,0.0,5.887114891675624,81.21873913031375
2009-05,5,LA-PH,0.0,8.855911966151234,83.345296922123
2009-06,6,LA-PH,0.0,9.172692217313628,86.6789654927926
2009-07,7,LA-PH,0.0,15.110949131609049,90.33603648693804
2009-08,8,LA-PH,,10.372388766539087,89.70341249886718
2009-09,9,LA-PH,0.0,6.007051192375452,86.4980286197049
2009-10,10,LA-PH,0.0,3.2563573206188665,86.4727793564912
2009-11,11,LA-PH,0.0,0.4129534171733593,69.99963110879479
2009-12,12,LA-PH,0.0,0.3731507303395067,73.3073550732391
1998-01,1,LA-SL,1.0,0.322128025090698,63.27894090086364
1998-02,2,LA-SL,0.0,0.624124227941478,64.51568916771487
1998-03,3,LA-SL,0.0,0.4414667847218909,57.79844900838751
1998-04,4,LA-SL,0.0,1.6838082302041688,63.32480741119321
1998-05,5,LA-SL,0.0,6.772279421975733,75.39888142309664
1998-06,6,LA-SL,0.0,5.945552655969366,81.82598751805804
1998-07,7,LA-SL,0.0,4.546230199593252,81.9129354787297
1998-08,8,LA-SL,7.0,6.943945972754923,84.75450476051726
1998-09,9,LA-SL,0.0,12.0383856073863,89.85020776039464
1998-10,10,LA-SL,0.0,4.403623427137913,84.40941675647919
1998-11,11,LA-SL,0.0,7.328649159661612,81.63316481821235
1998-12,12,LA-SL,0.0,2.060085866654433,79.13436292761175
1999-01,1,LA-SL,0.0,0.8604493639133126,73.31829334951765
1999-02,2,LA-SL,0.0,0.4643235265287572,61.983134744844506
1999-03,3,LA-SL,0.0,2.482737647701091,68.25934059900143
1999-04,4,LA-SL,0.0,5.721571028877114,78.06443620182566
1999-05,5,LA-SL,0.0,8.713962133254427,87.4285575010696
1999-06,6,LA-SL,0.0,6.239744653466134,85.8362270936918
1999-07,7,LA-SL,0.0,11.652139574948476,86.29060584066848
1999-08,8,LA-SL,0.0,7.431631765418988,86.95617874445247
1999-09,9,LA-SL,0.0,8.813090865654383,89.03007787996994
1999-10,10,LA-SL,0.0,7.14654866322011,87.51270249420956
1999-11,11,LA-SL,0.0,7.554501497298603,83.23714352895686
1999-12,12,LA-SL,0.0,3.4030856770946576,77.15076610760747
2000-01,1,LA-SL,0.0,0.9305945696446392,71.19981381715033
2000-02,2,LA-SL,0.0,1.6235695891309725,68.4222476193197
2000-03,3,LA-SL,0.0,1.4915373845379516,66.0504260618307
2000-04,4,LA-SL,0.0,6.268185502948274,81.1407713446185
2000-05,5,LA-SL,0.0,9.367359249690978,87.89873811635793
2000-06,6,LA-SL,0.0,8.559964842397822,86.70116922597683
2000-07,7,LA-SL,0.0,10.514989225965213,88.88556917973077
2000-08,8,LA-SL,0.0,16.350584164914565,87.6568198756232
2000-09,9,LA-SL,0.0,7.837498542320311,88.84055312240775
2000-10,10,LA-SL,0.0,6.49146780421443,87.13760814695561
2000-11,11,LA-SL,0.0,2.0951265407873105,77.82159905658322
2000-12,12,LA-SL,0.0,1.3484238949649352,74.92619022614713
2001-01,1,LA-SL,0.0,0.495434572237677,67.33440082743024
2001-02,2,LA-SL,0.0,0.6449948574289252,62.01587118975158
2001-03,3,LA-SL,0.0,3.374870487673501,70.08910957905552
2001-04,4,LA-SL,0.0,2.433832667124746,70.26803369169066
2001-05,5,LA-SL,0.0,9.278353316219206,83.46926931172588
2001-06,6,LA-SL,0.0,8.973038556625744,86.63236265418159
2001-07,7,LA-SL,1.0,7.696244983458888,86.39944077574582
2001-08,8,LA-SL,0.0,13.426776177500887,90.22927660493768
2001-09,9,LA-SL,0.0,7.78083366940121,88.15160358811256
2001-10,10,LA-SL,0.0,5.354177283851554,85.1138277536356
2001-11,11,LA-SL,0.0,1.6683404713403502,74.27792870077056
2001-12,12,LA-SL,0.0,1.9128806915372631,73.62426537549565
2002-01,1,LA-SL,0.0,0.3468277318741816,65.31403490098194
2002-02,2,LA-SL,0.0,0.108507281927933,60.29102261346863
2002-03,3,LA-SL,0.0,2.394902983040089,63.48178795702788
2002-04,4,LA-SL,0.0,2.941621456476599,68.87478670159113
2002-05,5,LA-SL,0.0,7.219321490932391,80.83093291253412
2002-06,6,LA-SL,0.0,8.156031785843174,85.41736840771628
2002-07,7,LA-SL,1.0,12.499064359669235,86.83092362936009
2002-08,8,LA-SL,2.0,14.1365688764189,89.78572642372401
2002-09,9,LA-SL,0.0,11.644467312330525,91.6747468172834
2002-10,10,LA-SL,0.0,4.233627203899126,84.9325841959949
2002-11,11,LA-SL,0.0,1.4882595996170287,78.5261644250903
2002-12,12,LA-SL,0.0,1.072212078555703,74.68423804568708
2003-01,1,LA-SL,1.0,0.2831717682822482,65.22330394282957
2003-02,2,LA-SL,0.0,1.323918925907286,66.1592311776024
2003-03,3,LA-SL,2.0,2.972757270433787,69.17742889078035
2003-04,4,LA-SL,0.0,4.075638602314492,73.98416341060086
2003-05,5,LA-SL,14.0,8.814167844909507,80.38880580711731
2003-06,6,LA-SL,4.0,6.941963178550899,84.91460898753807
2003-07,7,LA-SL,6.0,6.987524893000468,85.6615167122846
2003-08,8,LA-SL,0.0,11.43917250800288,89.23106445589873
2003-09,9,LA-SL,0.0,12.369007016013288,91.68717754819389
2003-10,10,LA-SL,1.0,3.5320108325849517,81.7227173334279
2003-11,11,LA-SL,1.0,1.2777713445967165,71.32624119458681
2003-12,12,LA-SL,0.0,0.8178134571266525,69.74507815657229
2004-01,1,LA-SL,0.0,0.7816790952914681,67.91245963280173
2004-02,2,LA-SL,0.0,0.6891069919858664,64.12899659700325
2004-03,3,LA-SL,0.0,1.868023729853062,64.45335170663004
2004-04,4,LA-SL,0.0,3.333380421553695,75.13804567984857
2004-05,5,LA-SL,0.0,8.162800911341328,81.2701499709205
2004-06,6,LA-SL,0.0,9.075026075309845,84.45497504003849
2004-07,7,LA-SL,1.0,10.306411688582852,88.21996476141318
2004-08,8,LA-SL,2.0,11.614834353975494,89.25032810851947
2004-09,9,LA-SL,0.0,7.095697287177148,86.07378523031537
2004-10,10,LA-SL,0.0,1.004806658148469,71.33736605885049
2004-11,11,LA-SL,0.0,1.204927803592455,67.33848505666484
2004-12,12,LA-SL,0.0,0.4744281202320026,64.7825310281621
2005-01,1,LA-SL,0.0,0.1720927046967201,62.12980777494568
2005-02,2,LA-SL,0.0,0.1626959351602051,57.54612536527006
2005-03,3,LA-SL,0.0,1.257461542497765,63.483863278154594
2005-04,4,LA-SL,0.0,2.579381096156946,71.33679842741041
2005-05,5,LA-SL,0.0,4.626984626194344,76.41082591600656
2005-06,6,LA-SL,0.0,6.818068974033035,81.64104827467204
2005-07,7,LA-SL,0.0,11.677846972558612,87.26574322916585
2005-08,8,LA-SL,0.0,11.551934814270464,89.7710569704439
2005-09,9,LA-SL,1.0,10.093648179806191,89.32013837790512
2005-10,10,LA-SL,0.0,4.191679116515566,82.0144188913783
2005-11,11,LA-SL,1.0,2.785787653026687,79.55190935208637
2005-12,12,LA-SL,2.0,1.411925658629764,72.38930172616135
2006-01,1,LA-SL,0.0,0.4792975447654781,65.70480829449625
2006-02,2,LA-SL,0.0,1.0260279924224551,64.30816464817532
2006-03,3,LA-SL,0.0,1.9497503780875003,66.2689944184349
2006-04,4,LA-SL,0.0,3.488366984059016,74.14103127682812
2006-05,5,LA-SL,113.0,5.953711435070695,76.52993308015012
2006-06,6,LA-SL,95.0,7.297253241041782,82.57787742722817
2006-07,7,LA-SL,4.0,13.290272604530807,89.68396471816385
2006-08,8,LA-SL,6.0,18.140955903463407,91.30490079913584
2006-09,9,LA-SL,16.0,10.419513181614947,87.36110099081276
2006-10,10,LA-SL,1.0,6.666813488530399,82.57890420789263
2006-11,11,LA-SL,8.0,0.7526912577985471,71.49332336700263
2006-12,12,LA-SL,4.0,1.0492692488938902,69.43346706254076
2007-01,1,LA-SL,3.0,0.6964733389985044,66.53185012590343
2007-02,2,LA-SL,0.0,0.9271274331214596,59.90806620395314
2007-03,3,LA-SL,0.0,2.511469291395891,71.00963863731243
2007-04,4,LA-SL,0.0,3.170963833070501,69.3862370646509
2007-05,5,LA-SL,0.0,10.024313776037836,85.09471453838833
2007-06,6,LA-SL,2.0,5.5720400555220735,83.05721438182843
2007-07,7,LA-SL,4.0,8.10554430810878,86.55324770644643
2007-08,8,LA-SL,42.0,15.90722183629129,90.3426104828863
2007-09,9,LA-SL,32.0,6.933223067590021,87.2834006832274
2007-10,10,LA-SL,6.0,14.141065219226288,87.25824949973477
2007-11,11,LA-SL,0.0,4.931516893971683,79.93885018857198
2007-12,12,LA-SL,7.0,0.827329454512237,73.71418840476973
2008-01,1,LA-SL,0.0,0.6227982866766641,67.13964156288525
2008-02,2,LA-SL,1.0,0.7356639393552251,69.04022175777858
2008-03,3,LA-SL,5.0,1.6788555450558758,66.29997017512298
2008-04,4,LA-SL,2.0,2.775695218087524,72.76217343518502
2008-05,5,LA-SL,105.0,8.516047271635399,85.49155351574557
2008-06,6,LA-SL,226.0,6.519489410004503,85.49190431234572
2008-07,7,LA-SL,78.0,6.753254031291767,85.05862180446663
2008-08,8,LA-SL,63.0,9.345197638686528,87.7763862878081
2008-09,9,LA-SL,85.0,11.334707489990622,89.76475050231976
2008-10,10,LA-SL,91.0,6.4650225271576565,88.52781295883237
2008-11,11,LA-SL,21.0,3.708735912841828,80.71210784855133
2008-12,12,LA-SL,8.0,1.4528968700564098,75.89159568191337
2009-01,1,LA-SL,1.0,0.6104872596656598,67.99592026152372
2009-02,2,LA-SL,24.0,0.5888913238045302,63.822889566090176
2009-03,3,LA-SL,25.0,3.276387172994898,72.26746022819063
2009-04,4,LA-SL,19.0,5.91553664679649,79.90414587942439
2009-05,5,LA-SL,122.0,7.268084413151487,84.15042530402857
2009-06,6,LA-SL,42.0,7.108751531154545,84.9391305299306
2009-07,7,LA-SL,164.0,12.993758967645572,87.92838457879151
2009-08,8,LA-SL,127.0,11.027097874893398,89.14762889544355
2009-09,9,LA-SL,91.0,17.968122398871998,90.95435345869464
2009-10,10,LA-SL,94.0,5.602172458745664,85.5664843778553
2009-11,11,LA-SL,44.0,1.9376966454094111,77.49222378891518
2009-12,12,LA-SL,17.0,0.5061459560249152,69.5916539607391
1998-01,1,LA-SV,0.0,0.1439191127957948,64.99140107763198
1998-02,2,LA-SV,0.0,0.437219430742885,65.00791750760568
1998-03,3,LA-SV,0.0,0.3578093653386668,60.90385192158265
1998-04,4,LA-SV,4.0,1.3556128580651583,62.2216195740533
1998-05,5,LA-SV,16.0,6.421089245409169,74.62736324468737
1998-06,6,LA-SV,12.0,6.836092040364792,81.89839778441977
1998-07,7,LA-SV,39.0,4.625034553264614,81.66484436201027
1998-08,8,LA-SV,247.0,6.10094207273766,84.21418012722188
1998-09,9,LA-SV,201.0,16.67142174069924,88.74722927875716
1998-10,10,LA-SV,78.0,2.813537136889176,79.97570510218603
1998-11,11,LA-SV,11.0,3.2977712059539304,75.9486104340573
1998-12,12,LA-SV,4.0,1.010389480805729,73.88743878823466
1999-01,1,LA-SV,0.0,0.2804755438775766,71.12763919424725
1999-02,2,LA-SV,1.0,0.1863660008240907,65.24617672375898
1999-03,3,LA-SV,0.0,1.8756184442972943,64.58468437334656
1999-04,4,LA-SV,2.0,4.738876464261756,78.32368434603173
1999-05,5,LA-SV,7.0,8.852135023546362,87.39092243419944
1999-06,6,LA-SV,16.0,5.91813474600172,85.61988237350882
1999-07,7,LA-SV,7.0,9.398074030048663,86.48912297203059
1999-08,8,LA-SV,3.0,6.210153144034782,86.44525727553277
1999-09,9,LA-SV,6.0,8.759419687767089,88.06262716493845
1999-10,10,LA-SV,1.0,4.707144271912648,84.41221640595107
1999-11,11,LA-SV,0.0,4.514783204213231,80.11048380158594
1999-12,12,LA-SV,0.0,1.3768432333441132,72.56120642408095
2000-01,1,LA-SV,0.0,0.2396110052577534,70.56146266884424
2000-02,2,LA-SV,0.0,0.9825637551402224,69.69228767359441
2000-03,3,LA-SV,0.0,0.8751507637760866,66.66216158690052
2000-04,4,LA-SV,1.0,5.380425474756843,80.54621820667352
2000-05,5,LA-SV,2.0,9.41436210019874,88.38574521525976
2000-06,6,LA-SV,3.0,9.464286762557464,87.0475070903982
2000-07,7,LA-SV,3.0,10.58832075070928,88.61364060122061
2000-08,8,LA-SV,0.0,13.943353672760937,87.5570031107165
2000-09,9,LA-SV,1.0,10.418029784940796,86.79750910811967
2000-10,10,LA-SV,5.0,2.8213605734409533,81.41322022971045
2000-11,11,LA-SV,0.0,0.7013498887572235,72.09068552779598
2000-12,12,LA-SV,0.0,0.4147025154167597,71.94946175933109
2001-01,1,LA-SV,0.0,0.2733004697326485,68.07623234727889
2001-02,2,LA-SV,0.0,0.3581224435411352,65.88350189231926
2001-03,3,LA-SV,0.0,3.152235678521215,71.47224473279103
2001-04,4,LA-SV,0.0,1.6556562129674357,67.39670367297684
2001-05,5,LA-SV,1.0,7.877740230429608,83.33507964966792
2001-06,6,LA-SV,9.0,8.53571501038195,86.88236665065122
2001-07,7,LA-SV,52.0,8.447572754068633,85.95473858037731
2001-08,8,LA-SV,45.0,13.47898117058106,89.78207105738522
2001-09,9,LA-SV,26.0,10.689175111245437,87.71671323907074
2001-10,10,LA-SV,12.0,3.649405967096233,81.36880698587126
2001-11,11,LA-SV,1.0,1.372117070230897,71.4774886979792
2001-12,12,LA-SV,1.0,1.0074080866174555,72.84221012709695
2002-01,1,LA-SV,3.0,0.1116645968352675,67.5142830422282
2002-02,2,LA-SV,0.0,0.0855007031998318,65.1184208432807
2002-03,3,LA-SV,0.0,2.269912136873185,65.59545971667528
2002-04,4,LA-SV,9.0,2.3892306427883465,69.9010948246068
2002-05,5,LA-SV,97.0,8.126382147938672,82.41045275452207
2002-06,6,LA-SV,730.0,10.301549881606997,87.11239626757558
2002-07,7,LA-SV,1072.0,14.72747314314359,87.66895343818129
2002-08,8,LA-SV,830.0,13.491622641819005,89.70053780704464
2002-09,9,LA-SV,411.0,9.920766898486304,89.99768897396004
2002-10,10,LA-SV,311.0,2.7098264249019053,80.16062910263261
2002-11,11,LA-SV,89.0,0.6598533760600809,74.85630266255721
2002-12,12,LA-SV,121.0,0.3652143504334318,73.18108250152707
2003-01,1,LA-SV,40.0,0.0981837322857632,66.89280733689114
2003-02,2,LA-SV,16.0,1.098076417229502,68.72727794899815
2003-03,3,LA-SV,35.0,1.8221396905320055,69.2338608402861
2003-04,4,LA-SV,101.0,2.820745994950431,72.13794797526104
2003-05,5,LA-SV,622.0,7.328865624329853,76.9559371151243
2003-06,6,LA-SV,1151.0,7.940964032441442,83.95614537604209
2003-07,7,LA-SV,2643.0,6.633687523638241,85.13993998224562
2003-08,8,LA-SV,1656.0,10.5678597261919,88.70094569196719
2003-09,9,LA-SV,804.0,12.017819187506964,90.56610749808227
2003-10,10,LA-SV,378.0,2.0304905789924983,77.0790398890069
2003-11,11,LA-SV,60.0,0.6903184064460065,69.4686574558736
2003-12,12,LA-SV,32.0,0.3019750765583438,69.90407038807614
2004-01,1,LA-SV,2.0,0.4028219889210026,69.27747378263474
2004-02,2,LA-SV,0.0,1.1107753045728892,68.89681548025716
2004-03,3,LA-SV,1.0,1.143378870235027,65.16797385036696
2004-04,4,LA-SV,6.0,2.842665628705214,74.16378325380704
2004-05,5,LA-SV,43.0,7.154571062089355,80.6853202346831
2004-06,6,LA-SV,159.0,6.775910121709491,81.11890599232586
2004-07,7,LA-SV,233.0,14.06763341739692,88.14563974651772
2004-08,8,LA-SV,171.0,10.501749371831153,88.41655509866226
2004-09,9,LA-SV,180.0,7.112433993143961,84.55910918316623
2004-10,10,LA-SV,89.0,0.5001376456517539,70.72178624324904
2004-11,11,LA-SV,18.0,0.6799858481000324,68.17597137370954
2004-12,12,LA-SV,5.0,0.141483909133161,65.86959713537189
2005-01,1,LA-SV,3.0,0.105024434997465,64.10440985278208
2005-02,2,LA-SV,3.0,0.0801184406343804,59.11714650590683
2005-03,3,LA-SV,4.0,0.7689367004150541,64.74124891508653
2005-04,4,LA-SV,8.0,1.8642186822098232,68.71428713021918
2005-05,5,LA-SV,31.0,4.740889167439407,76.03999620354608
2005-06,6,LA-SV,88.0,8.435887515495235,83.44158192440064
2005-07,7,LA-SV,297.0,12.191106523411335,87.66504260689543
2005-08,8,LA-SV,142.0,12.091273276978663,90.11735304220308
2005-09,9,LA-SV,168.0,10.270814445676866,88.46904134391174
2005-10,10,LA-SV,93.0,3.814398641306461,79.91556204601612
2005-11,11,LA-SV,32.0,1.554193355978921,78.30860384179684
2005-12,12,LA-SV,30.0,0.4106569493017581,71.00497048099757
2006-01,1,LA-SV,1.0,0.1154932502573768,66.47890564536242
2006-02,2,LA-SV,1.0,0.7130339271113143,68.03438366941897
2006-03,3,LA-SV,0.0,1.3189996242012911,67.3029398414043
2006-04,4,LA-SV,18.0,2.1036117384622663,71.61779365549779
2006-05,5,LA-SV,58.0,4.873171263840239,74.80852582721533
2006-06,6,LA-SV,73.0,6.002463235325052,80.31545969522564
2006-07,7,LA-SV,225.0,11.577520302573648,88.16389858054961
2006-08,8,LA-SV,249.0,16.395792477067136,91.02411652658525
2006-09,9,LA-SV,180.0,7.401778486925277,83.43628110129868
2006-10,10,LA-SV,173.0,6.028362186460319,80.16890515186628
2006-11,11,LA-SV,116.0,0.3969668896672726,69.70853329305586
2006-12,12,LA-SV,70.0,0.3195751431126105,69.45437878249452
2007-01,1,LA-SV,31.0,0.1699773253700598,67.9554044186156
2007-02,2,LA-SV,5.0,0.6086036683792714,61.55231593998863
2007-03,3,LA-SV,20.0,2.750318495398413,72.2905248714445
2007-04,4,LA-SV,39.0,1.9142499289136428,68.28945086834429
2007-05,5,LA-SV,88.0,6.65155513120372,78.53831406885475
2007-06,6,LA-SV,190.0,6.219619393626567,81.80843287319694
2007-07,7,LA-SV,387.0,6.774184822004255,84.91937735647053
2007-08,8,LA-SV,352.0,15.986532953811318,89.39116310993849
2007-09,9,LA-SV,398.0,6.854196869384384,86.70269360993935
2007-10,10,LA-SV,107.0,14.642222678078644,84.85510947559999
2007-11,11,LA-SV,14.0,3.0104781843183903,74.10063035746745
2007-12,12,LA-SV,0.0,0.2281099911164005,72.77432124031286
2008-01,1,LA-SV,1.0,0.3836628226135515,69.05651303084959
2008-02,2,LA-SV,1.0,0.214762753629577,70.93397983634686
2008-03,3,LA-SV,1.0,1.733576810914788,67.67227636446569
2008-04,4,LA-SV,0.0,1.7440748232282388,71.35375054632306
2008-05,5,LA-SV,1.0,10.189311773136,85.3866459395909
2008-06,6,LA-SV,10.0,8.894470910912599,87.00039035897902
2008-07,7,LA-SV,11.0,8.459247882501701,86.28007777425458
2008-08,8,LA-SV,4.0,8.753899982249166,87.70317189164541
2008-09,9,LA-SV,2.0,9.284062291514244,88.73113663492869
2008-10,10,LA-SV,10.0,5.435436572979286,85.6518842556092
2008-11,11,LA-SV,2.0,2.003596522888504,76.55450846146857
2008-12,12,LA-SV,0.0,0.6943479706032162,74.1547151265744
2009-01,1,LA-SV,0.0,0.189376645123706,68.9178988213702
2009-02,2,LA-SV,0.0,0.3326512110189226,63.03489342795756
2009-03,3,LA-SV,0.0,2.482798941963119,70.72728125886213
2009-04,4,LA-SV,0.0,4.36566777819283,76.71656312572978
2009-05,5,LA-SV,0.0,7.451320389753193,83.63038991694603
2009-06,6,LA-SV,1.0,8.116578300659697,85.76510715764384
2009-07,7,LA-SV,13.0,11.716989011513812,88.0317074551609
2009-08,8,LA-SV,34.0,10.079365396767573,88.5675487812046
2009-09,9,LA-SV,48.0,13.815641687511295,89.22539950896676
2009-10,10,LA-SV,16.0,3.3068716891121723,81.1803772594287
2009-11,11,LA-SV,33.0,0.7079576690207238,73.73313776346365
2009-12,12,LA-SV,4.0,0.2158803237903813,70.07861711585343
1998-01,1,LA-VI,,0.2998258786946768,63.78512478083938
1998-02,2,LA-VI,,0.6983705494409395,60.88675521250188
1998-03,3,LA-VI,,1.4185013345059394,56.319618105141465
1998-04,4,LA-VI,,4.387264768262255,70.8948431014177
1998-05,5,LA-VI,,9.26686179895421,79.21183053223464
1998-06,6,LA-VI,,12.305693034283362,88.8455884771488
1998-07,7,LA-VI,,8.995793272164624,87.26135092990204
1998-08,8,LA-VI,,10.377756093381576,87.11095945468003
1998-09,9,LA-VI,,8.002087558940785,85.21143250305674
1998-10,10,LA-VI,,3.179478526769563,79.79183782910953
1998-11,11,LA-VI,,1.127046054426749,75.23756614284373
1998-12,12,LA-VI,,0.3033922157019772,65.54213596965269
1999-01,1,LA-VI,,0.4927729197481618,66.18210557145248
1999-02,2,LA-VI,,0.0889131197361168,59.14136795161736
1999-03,3,LA-VI,,1.1540267806501827,54.27486864819248
1999-04,4,LA-VI,,8.236233077499788,83.93314752841354
1999-05,5,LA-VI,,12.807252641164109,91.4443204911762
1999-06,6,LA-VI,,10.155363432448016,88.24498569147924
1999-07,7,LA-VI,,11.64272006624756,88.26361100718208
1999-08,8,LA-VI,,13.76720787134622,91.87023322166657
1999-09,9,LA-VI,,11.837348960255136,91.19478347195532
1999-10,10,LA-VI,,5.282914026056462,87.52310808652935
1999-11,11,LA-VI,,1.916329201781205,83.51785358985754
1999-12,12,LA-VI,,0.4551502099305792,68.68726205213449
2000-01,1,LA-VI,,0.0951047941971534,62.71269400166062
2000-02,2,LA-VI,,1.892815465794185,66.4306858226672
2000-03,3,LA-VI,,0.7644785932878732,58.84587345935651
2000-04,4,LA-VI,,6.111877804526424,77.04630442424806
2000-05,5,LA-VI,,11.506079393492293,89.41143602343007
2000-06,6,LA-VI,,13.787986825184648,90.06737590929097
2000-07,7,LA-VI,,12.800360291271067,88.90059434503694
2000-08,8,LA-VI,,13.635919592561905,89.14912506539423
2000-09,9,LA-VI,,10.989151988461156,88.61634643105953
2000-10,10,LA-VI,,3.9596551180582455,84.93371403398041
2000-11,11,LA-VI,,0.4812731122219415,75.02273567442846
2000-12,12,LA-VI,,0.1968653782695398,68.42406898105564
2001-01,1,LA-VI,,0.4966631207894182,68.98975171410787
2001-02,2,LA-VI,,0.1174921287516603,59.60641899544495
2001-03,3,LA-VI,,5.3236390179319,81.45515639432134
2001-04,4,LA-VI,,1.835921688843146,70.67983109822946
2001-05,5,LA-VI,,14.55855586394066,91.18857621657652
2001-06,6,LA-VI,,10.36333781272072,88.03894827114432
2001-07,7,LA-VI,,13.612401661233564,90.12083817516172
2001-08,8,LA-VI,,15.602904559350687,89.86808819989868
2001-09,9,LA-VI,,9.543513149893723,89.51631374319776
2001-10,10,LA-VI,,4.7301675571754895,86.06514930724188
2001-11,11,LA-VI,,0.6310296155917325,73.86726997597046
2001-12,12,LA-VI,,0.3221007360661807,68.75073246934726
2002-01,1,LA-VI,,0.593030621918392,68.91626937385614
2002-02,2,LA-VI,,0.2071479442732477,62.41814072226769
2002-03,3,LA-VI,,1.3852450787342956,61.190827848013136
2002-04,4,LA-VI,,2.2571644091262963,65.39216222767827
2002-05,5,LA-VI,,15.693406460781064,87.18936226728891
2002-06,6,LA-VI,,14.38575331647614,90.32103661237085
2002-07,7,LA-VI,,17.051401496629797,91.77203190589474
2002-08,8,LA-VI,,15.143439462225333,91.5717424134666
2002-09,9,LA-VI,,10.443714594771604,90.65681068981486
2002-10,10,LA-VI,,4.683262948140621,83.8117822730483
2002-11,11,LA-VI,,1.7860564213103671,82.56780411693208
2002-12,12,LA-VI,,2.2344981737173124,79.09917173264641
2003-01,1,LA-VI,,0.8859266208209198,74.66932527173311
2003-02,2,LA-VI,,1.045117983897351,70.89776547623623
2003-03,3,LA-VI,,2.043095353020267,68.74499038215515
2003-04,4,LA-VI,,3.136104087346673,69.36695345192669
2003-05,5,LA-VI,,8.615195443920276,75.25999932437286
2003-06,6,LA-VI,,12.817662035515426,88.63410088399493
2003-07,7,LA-VI,,10.464720282875325,86.9992893858272
2003-08,8,LA-VI,,12.91133348984083,88.97178786019776
2003-09,9,LA-VI,,12.359647925023427,90.52033916652849
2003-10,10,LA-VI,,1.9483410479711991,80.11763787676537
2003-11,11,LA-VI,,0.177412826984282,69.55391631667369
2003-12,12,LA-VI,,0.1831183206483032,65.47588168443309
2004-01,1,LA-VI,,0.3346185986554874,68.14293723098027
2004-02,2,LA-VI,,1.4268236064658322,72.0073777968925
2004-03,3,LA-VI,,1.240402000749921,60.65800063339231
2004-04,4,LA-VI,,6.004112019758452,79.80821472137366
2004-05,5,LA-VI,,12.595286938613722,88.87741583104008
2004-06,6,LA-VI,,10.278319196616003,86.26470523185435
2004-07,7,LA-VI,,12.863758367646556,89.87203141547688
2004-08,8,LA-VI,,10.907308201621497,89.41387501808656
2004-09,9,LA-VI,,10.855221642271458,89.03543117259358
2004-10,10,LA-VI,,0.9891129894562836,74.45142300784057
2004-11,11,LA-VI,,0.8370906152681077,68.03215935494711
2004-12,12,LA-VI,,0.0262226030415618,64.28182400157993
2005-01,1,LA-VI,,0.0837667648047431,62.37258452450715
2005-02,2,LA-VI,,0.7588969878960068,59.17961336754016
2005-03,3,LA-VI,,1.0892656716599247,58.84860394071235
2005-04,4,LA-VI,,2.8735505458491604,67.80373008121597
2005-05,5,LA-VI,,7.8006291105408945,79.66551271376584
2005-06,6,LA-VI,,15.281478339522716,90.8958625360988
2005-07,7,LA-VI,,12.698900064352122,87.80984496122076
2005-08,8,LA-VI,,17.348323650014542,91.60766011346696
2005-09,9,LA-VI,,14.380269693310591,89.9453676659856
2005-10,10,LA-VI,,1.9105415187381052,79.0353503610544
2005-11,11,LA-VI,,1.5407800279390012,79.33265374862879
2005-12,12,LA-VI,,0.4723451071849459,68.61664135657385
2006-01,1,LA-VI,,0.0187794770916738,62.388742230137815
2006-02,2,LA-VI,,0.5812222097204253,64.17664028628363
2006-03,3,LA-VI,,2.2849458908516964,65.22973982300361
2006-04,4,LA-VI,,5.357561535545183,78.21936656674663
2006-05,5,LA-VI,,9.68978975144926,86.81647439762538
2006-06,6,LA-VI,,8.62268551915707,85.26902346235697
2006-07,7,LA-VI,,14.773153614453417,89.81408806726144
2006-08,8,LA-VI,,17.90255961790146,91.1408186455446
2006-09,9,LA-VI,,6.967475109172716,87.22975008917689
2006-10,10,LA-VI,,5.5277362976398825,83.61814051196698
2006-11,11,LA-VI,,0.1694240544477677,66.1312494898774
2006-12,12,LA-VI,,0.1212197436110036,63.17728610278303
2007-01,1,LA-VI,,0.0539608745561302,60.99325170078058
2007-02,2,LA-VI,,0.9949625506296692,54.64013732191463
2007-03,3,LA-VI,,0.8303479804683044,61.49698478976672
2007-04,4,LA-VI,,3.0051899566819937,68.0133532116702
2007-05,5,LA-VI,,7.974049017045488,82.11454476764779
2007-06,6,LA-VI,,10.186373942653503,84.06874941741185
2007-07,7,LA-VI,,10.115237507559558,84.8543382191711
2007-08,8,LA-VI,,13.92840153453758,89.59586885954612
2007-09,9,LA-VI,,11.380958677248662,88.11997117511186
2007-10,10,LA-VI,,8.063011873600272,84.1265292541379
2007-11,11,LA-VI,,0.6962847887421653,71.83397183810504
2007-12,12,LA-VI,,0.1971976391387129,71.54616144021544
2008-01,1,LA-VI,,0.8575806907012217,68.22525022865965
2008-02,2,LA-VI,,0.9303980691034778,72.91057335101578
2008-03,3,LA-VI,,2.309964656085891,68.3604867318105
2008-04,4,LA-VI,,4.952481980145495,82.38643113373247
2008-05,5,LA-VI,,8.232078758199993,85.54795197639982
2008-06,6,LA-VI,,13.862105879319422,89.93135518165798
2008-07,7,LA-VI,,15.189584365270935,90.59641326336728
2008-08,8,LA-VI,,12.202608093301455,90.15188430622074
2008-09,9,LA-VI,,10.800174832954845,89.40235952753338
2008-10,10,LA-VI,,6.179362250940025,87.56367374589908
2008-11,11,LA-VI,,2.393165015416073,79.22341028649123
2008-12,12,LA-VI,,0.4807346151667624,71.70038644454479
2009-01,1,LA-VI,,0.0731179645045561,66.91966897411491
2009-02,2,LA-VI,,0.2598627892511205,59.91285005426962
2009-03,3,LA-VI,,1.901270067343644,65.8821334812264
2009-04,4,LA-VI,,4.279163413294332,73.92761556544032
2009-05,5,LA-VI,,10.002789925381142,85.4125995522079
2009-06,6,LA-VI,,9.931443626467146,86.85535214494855
2009-07,7,LA-VI,,14.802967084766255,88.44566269360126
2009-08,8,LA-VI,,10.693227300577457,87.79327656040657
2009-09,9,LA-VI,,7.946298652020728,86.71912088563197
2009-10,10,LA-VI,,4.500158527797871,87.20912053868882
2009-11,11,LA-VI,,0.3369154668473036,72.61133865176132
2009-12,12,LA-VI,,0.1890904953713841,70.71386024228798
1998-01,1,LA-VT,95.0,0.0751817520961595,60.73853000110329
1998-02,2,LA-VT,26.0,0.7135657861330476,59.729458414053326
1998-03,3,LA-VT,14.0,0.987538785131574,55.657144025624056
1998-04,4,LA-VT,49.0,3.2297084061685,66.04483388581586
1998-05,5,LA-VT,111.0,8.224770404596208,74.36023675682772
1998-06,6,LA-VT,214.0,12.772254963491164,86.99416731166407
1998-07,7,LA-VT,875.0,9.213885957392923,85.56500869294028
1998-08,8,LA-VT,871.0,9.70630193095116,85.31084731930684
1998-09,9,LA-VT,979.0,10.074681506121934,85.17985393827374
1998-10,10,LA-VT,481.0,2.143198418862258,75.67044266978321
1998-11,11,LA-VT,284.0,1.1802072389445843,68.2779911534194
1998-12,12,LA-VT,232.0,0.0454031394850661,58.37478427031117
1999-01,1,LA-VT,208.0,0.2924967261744995,61.39692012742805
1999-02,2,LA-VT,53.0,0.0187455619796651,53.66249207551103
1999-03,3,LA-VT,43.0,1.026555224945545,53.1453806195499
1999-04,4,LA-VT,53.0,6.641184905061284,76.99297996323466
1999-05,5,LA-VT,74.0,13.102477814635568,87.97328824576684
1999-06,6,LA-VT,133.0,10.113837243926074,85.90255401464208
1999-07,7,LA-VT,256.0,11.47222621156071,86.38237196535857
1999-08,8,LA-VT,203.0,11.560842477894283,88.96354544670076
1999-09,9,LA-VT,108.0,12.368496456130492,88.30572657217174
1999-10,10,LA-VT,148.0,4.48423254738516,83.96622641154126
1999-11,11,LA-VT,82.0,2.003368473991028,80.5945311596453
1999-12,12,LA-VT,52.0,0.4577761182280349,61.936256924579226
2000-01,1,LA-VT,40.0,0.0315547861834549,59.597302174981074
2000-02,2,LA-VT,18.0,1.2958823322108344,62.83114091113743
2000-03,3,LA-VT,28.0,0.5537890511411282,57.77398845455366
2000-04,4,LA-VT,64.0,5.899652058046051,73.92170414315898
2000-05,5,LA-VT,92.0,13.570106073343538,87.19760647491297
2000-06,6,LA-VT,114.0,14.74964298008126,88.18985943096399
2000-07,7,LA-VT,250.0,12.395746580833746,87.0816790733428
2000-08,8,LA-VT,197.0,12.55212787710855,86.683281033496
2000-09,9,LA-VT,182.0,12.091873688369764,86.75730522172373
2000-10,10,LA-VT,124.0,2.914400617733389,82.72106217686336
2000-11,11,LA-VT,43.0,0.0438919823894637,68.34786322616787
2000-12,12,LA-VT,38.0,0.005225275610858,61.331738062206895
2001-01,1,LA-VT,16.0,0.3398999384691047,64.08482148147166
2001-02,2,LA-VT,27.0,0.0296022455682135,55.928512170916
2001-03,3,LA-VT,56.0,3.9788060457985033,76.13665605151068
2001-04,4,LA-VT,55.0,1.351076442998432,63.86512124381686
2001-05,5,LA-VT,197.0,15.583938820260066,87.14093859987732
2001-06,6,LA-VT,291.0,11.02697073196476,85.99743292554886
2001-07,7,LA-VT,502.0,10.448947642278991,86.75213981334063
2001-08,8,LA-VT,814.0,17.124799173753004,88.1291001929927
2001-09,9,LA-VT,517.0,10.260401427645707,87.38734187542059
2001-10,10,LA-VT,465.0,4.059011377254262,81.59369142478386
2001-11,11,LA-VT,221.0,0.6835581337495249,70.29577880624204
2001-12,12,LA-VT,120.0,0.0400008590646892,62.49792185688169
2002-01,1,LA-VT,40.0,0.1942036648099115,61.41076590514314
2002-02,2,LA-VT,15.0,0.1044085628780232,58.40535950952296
2002-03,3,LA-VT,21.0,1.6840293900634378,58.932976443991016
2002-04,4,LA-VT,55.0,1.7131489566424296,62.01773452282821
2002-05,5,LA-VT,109.0,16.014867536700894,83.85278044082646
2002-06,6,LA-VT,157.0,13.997287936270665,87.91501296735112
2002-07,7,LA-VT,581.0,13.633184326594655,88.8895155016866
2002-08,8,LA-VT,564.0,15.609551384076264,89.61320978802594
2002-09,9,LA-VT,384.0,11.553977345503409,89.16004835303433
2002-10,10,LA-VT,427.0,3.668175185617896,80.52393988112834
2002-11,11,LA-VT,199.0,0.5805966917264619,72.74482135016095
2002-12,12,LA-VT,96.0,0.6546159434846818,69.67280985142841
2003-01,1,LA-VT,67.0,0.2791641602997808,63.81829906926219
2003-02,2,LA-VT,30.0,1.3309502615964337,65.6465021512643
2003-03,3,LA-VT,52.0,1.84933019124668,65.18216346476963
2003-04,4,LA-VT,78.0,2.3696030478529746,66.51612650788299
2003-05,5,LA-VT,246.0,7.792794363533544,70.99969360125972
2003-06,6,LA-VT,496.0,12.240210467397294,86.06448339095037
2003-07,7,LA-VT,1660.0,9.693212315839444,85.25140042543147
2003-08,8,LA-VT,1234.0,11.098318617027765,86.66698692846907
2003-09,9,LA-VT,874.0,12.903946153272909,88.35697862810567
2003-10,10,LA-VT,504.0,0.8754427174145696,72.25312821171028
2003-11,11,LA-VT,351.0,0.0154493833049634,62.73133041922739
2003-12,12,LA-VT,70.0,0.0326521051311509,59.25250560836387
2004-01,1,LA-VT,31.0,0.168080637177525,63.596380653416325
2004-02,2,LA-VT,34.0,1.6721288048158636,69.83839592807557
2004-03,3,LA-VT,29.0,0.9482271369822513,58.738062932389376
2004-04,4,LA-VT,56.0,3.5835679759353867,74.0983097629796
2004-05,5,LA-VT,109.0,11.52256729636739,84.32867862959202
2004-06,6,LA-VT,149.0,8.885095048805814,83.36884485639452
2004-07,7,LA-VT,231.0,12.701459035887783,87.15370416712462
2004-08,8,LA-VT,224.0,10.597359606292954,86.54101191820476
2004-09,9,LA-VT,232.0,9.520011184333065,86.01292939805987
2004-10,10,LA-VT,103.0,0.2146440549630055,66.83317611057544
2004-11,11,LA-VT,55.0,0.684472194866193,61.44379161883729
2004-12,12,LA-VT,33.0,0.0049192652929458,59.34579275847917
2005-01,1,LA-VT,7.0,0.0216433984361737,58.54208385774848
2005-02,2,LA-VT,12.0,0.6193033272362836,56.79279194881634
2005-03,3,LA-VT,26.0,0.5952034038334862,53.50602930760168
2005-04,4,LA-VT,36.0,2.4497344201752926,62.786214671490406
2005-05,5,LA-VT,48.0,7.504841051977466,76.817296055299
2005-06,6,LA-VT,119.0,15.52071090369427,88.9219636238663
2005-07,7,LA-VT,163.0,13.210400684806151,86.31148157370234
2005-08,8,LA-VT,121.0,16.5019355948161,88.88625341036773
2005-09,9,LA-VT,119.0,14.616603232638983,88.5052975755967
2005-10,10,LA-VT,169.0,0.8618594357568932,72.37119013085092
2005-11,11,LA-VT,72.0,1.2137533428780265,70.73444848561813
2005-12,12,LA-VT,33.0,0.2683310235287388,59.88018225054135
2006-01,1,LA-VT,20.0,0.002576948902318,58.42444770117488
2006-02,2,LA-VT,24.0,0.4519000977275401,59.6354414047896
2006-03,3,LA-VT,11.0,1.6357945938319405,61.55273163549312
2006-04,4,LA-VT,26.0,4.674466552975857,70.85793252832725
2006-05,5,LA-VT,111.0,9.717322816539289,83.28493499834042
2006-06,6,LA-VT,314.0,8.8783804061076,82.77044161983258
2006-07,7,LA-VT,561.0,12.240878346194757,86.65199369773593
2006-08,8,LA-VT,476.0,17.054882127065977,88.70510300313175
2006-09,9,LA-VT,352.0,5.714143570115266,84.1626753231882
2006-10,10,LA-VT,443.0,5.504588386489922,79.3659710975547
2006-11,11,LA-VT,265.0,0.1299815253795433,64.31393711679236
2006-12,12,LA-VT,268.0,0.0252266442727182,58.22480998099543
2007-01,1,LA-VT,53.0,0.0126738748867265,56.02817446222954
2007-02,2,LA-VT,37.0,0.7554152770703723,52.73806213161572
2007-03,3,LA-VT,46.0,0.6796060150339407,59.616444985605455
2007-04,4,LA-VT,23.0,1.6427005000149923,60.38347939333585
2007-05,5,LA-VT,24.0,7.712279373662816,77.04753907104055
2007-06,6,LA-VT,74.0,11.181290258209462,83.12750090144542
2007-07,7,LA-VT,240.0,8.942164372772309,83.93970156298863
2007-08,8,LA-VT,252.0,15.55110652570463,88.34043570573273
2007-09,9,LA-VT,317.0,9.84549457741595,86.28824410082926
2007-10,10,LA-VT,250.0,6.778381074401418,79.49070195028054
2007-11,11,LA-VT,140.0,0.328336928695084,62.64953544337884
2007-12,12,LA-VT,98.0,0.0575314446835489,65.78595114491814
2008-01,1,LA-VT,29.0,0.4825910680061154,62.92919834858633
2008-02,2,LA-VT,12.0,0.7700286676017757,65.77543377400842
2008-03,3,LA-VT,26.0,1.2267700425972723,61.82727805073852
2008-04,4,LA-VT,4.0,4.240635257467409,76.73972763148981
2008-05,5,LA-VT,17.0,8.82500037186794,82.39353707002627
2008-06,6,LA-VT,60.0,14.621007012956436,89.05398103241406
2008-07,7,LA-VT,132.0,14.839952253627438,88.20486066164173
2008-08,8,LA-VT,144.0,12.901300452081523,87.52520110053057
2008-09,9,LA-VT,158.0,10.032078777761768,87.45958927946214
2008-10,10,LA-VT,95.0,4.806768428369496,84.86288460192546
2008-11,11,LA-VT,129.0,2.074649948813166,73.7383426532124
2008-12,12,LA-VT,91.0,0.2963666810402812,66.29052782869974
2009-01,1,LA-VT,38.0,0.0428527206299499,60.73672809393565
2009-02,2,LA-VT,20.0,0.2029841365144957,57.84135009745027
2009-03,3,LA-VT,19.0,1.8643003096911013,63.02635105111482
2009-04,4,LA-VT,33.0,2.679516886530509,68.14529030991672
2009-05,5,LA-VT,54.0,9.76187420559215,79.99299383534049
2009-06,6,LA-VT,104.0,9.040778699838116,84.95422982191194
2009-07,7,LA-VT,302.0,13.096425853595507,85.94166219125971
2009-08,8,LA-VT,356.0,10.625535788326127,86.11489032907846
2009-09,9,LA-VT,470.0,8.291718378550891,84.90966895706272
2009-10,10,LA-VT,527.0,3.25273189199558,83.14458097420665
2009-11,11,LA-VT,521.0,0.1064549064705241,65.78042032604516
2009-12,12,LA-VT,366.0,0.1584689850418961,66.30402763810842
1998-01,1,LA-XA,9.0,0.4161564049109877,62.32791648719686
1998-02,2,LA-XA,0.0,0.3543834940768995,56.07479205741132
1998-03,3,LA-XA,3.0,1.4562555954509198,51.481233865932296
1998-04,4,LA-XA,62.0,3.989532862057932,67.66711687538502
1998-05,5,LA-XA,2.0,8.314661806045667,76.72971001772873
1998-06,6,LA-XA,58.0,8.864905950891739,86.58247909556997
1998-07,7,LA-XA,85.0,7.3991360709212115,85.60040057281633
1998-08,8,LA-XA,71.0,8.126783480768905,85.50361552059152
1998-09,9,LA-XA,59.0,6.411194480768321,83.17391817697
1998-10,10,LA-XA,62.0,2.9136593311903645,78.42665792223681
1998-11,11,LA-XA,84.0,1.258881308056103,73.33727616024346
1998-12,12,LA-XA,3.0,0.2504771505356644,65.14421401843978
1999-01,1,LA-XA,1.0,0.6801698456965911,66.5508462759727
1999-02,2,LA-XA,15.0,0.0952300892232455,58.488129032989725
1999-03,3,LA-XA,15.0,1.2122883139866631,53.37417866331585
1999-04,4,LA-XA,30.0,8.116102663971471,83.72711971139401
1999-05,5,LA-XA,60.0,10.94708452653387,90.39833214548295
1999-06,6,LA-XA,180.0,8.145697922166793,86.58372933343837
1999-07,7,LA-XA,66.0,8.138673128577146,86.01877057926265
1999-08,8,LA-XA,23.0,12.46081300509444,91.84159905319711
1999-09,9,LA-XA,26.0,10.320971856404316,91.01435470055108
1999-10,10,LA-XA,8.0,4.277928496888697,86.65511517526686
1999-11,11,LA-XA,6.0,1.5484008894542602,80.57005571203305
1999-12,12,LA-XA,3.0,0.6718459023087584,67.28358227111252
2000-01,1,LA-XA,1.0,0.1373988406548886,61.936687573007816
2000-02,2,LA-XA,1.0,2.2224158162330623,65.05470498683715
2000-03,3,LA-XA,1.0,0.7745656104088248,56.788407859213045
2000-04,4,LA-XA,3.0,6.628589404186256,76.8907816274514
2000-05,5,LA-XA,2.0,10.309003466528669,88.60060191206682
2000-06,6,LA-XA,1.0,10.958147986380288,88.80725635373066
2000-07,7,LA-XA,0.0,9.515949792121305,87.99359643716083
2000-08,8,LA-XA,1.0,10.390453142876922,87.82817316080681
2000-09,9,LA-XA,1.0,10.369590840100118,88.30658179728218
2000-10,10,LA-XA,0.0,3.9345275062389975,85.33786992830339
2000-11,11,LA-XA,0.0,0.4277795671880318,73.67460097299418
2000-12,12,LA-XA,0.0,0.2801177595478598,68.18504657236682
2001-01,1,LA-XA,0.0,0.4993765632586686,66.32733899483617
2001-02,2,LA-XA,0.0,0.1228816656430904,55.60911330188519
2001-03,3,LA-XA,0.0,4.8992720325149,78.57083685044736
2001-04,4,LA-XA,0.0,1.70777027710727,66.7364484870202
2001-05,5,LA-XA,0.0,13.808627423355674,90.99636136206334
2001-06,6,LA-XA,1.0,7.953795992976652,86.4142957898589
2001-07,7,LA-XA,1.0,11.856232935168483,89.81084575171134
2001-08,8,LA-XA,4.0,12.734395100549577,88.80701500608433
2001-09,9,LA-XA,3.0,9.275231637494995,89.148107289752
2001-10,10,LA-XA,4.0,4.096936860262235,86.16777018280798
2001-11,11,LA-XA,1.0,0.57082713035821,70.6193440823259
2001-12,12,LA-XA,0.0,0.3581223729361791,69.3030316905397
2002-01,1,LA-XA,0.0,0.9519997808813352,69.29004848040282
2002-02,2,LA-XA,0.0,0.3580079628755946,61.6167925875002
2002-03,3,LA-XA,0.0,0.988725378025179,59.31647210239471
2002-04,4,LA-XA,1.0,2.8660247032729966,63.55126810185828
2002-05,5,LA-XA,0.0,14.24114538271041,86.89089729015569
2002-06,6,LA-XA,102.0,11.026400278163203,88.4902677214388
2002-07,7,LA-XA,98.0,12.672419022362991,90.83348018762074
2002-08,8,LA-XA,56.0,12.289070453752252,90.29205998675982
2002-09,9,LA-XA,3.0,9.81042662807162,89.75972377508016
2002-10,10,LA-XA,2.0,4.372472881606417,83.02359511499921
2002-11,11,LA-XA,0.0,1.9711410134301235,81.55477153848597
2002-12,12,LA-XA,0.0,2.1541998757992027,79.78226774578265
2003-01,1,LA-XA,0.0,1.150293460434522,75.41926493049829
2003-02,2,LA-XA,0.0,0.9731249499195131,67.9850238473186
2003-03,3,LA-XA,0.0,3.0331188150128767,68.94964684669749
2003-04,4,LA-XA,5.0,3.106634044209656,68.1841936754709
2003-05,5,LA-XA,3.0,6.580294222922682,75.16240652001089
2003-06,6,LA-XA,0.0,9.091629771364994,86.6487579392691
2003-07,7,LA-XA,4.0,7.9165301464505715,85.3150373847011
2003-08,8,LA-XA,7.0,9.703568960770172,87.20298344923377
2003-09,9,LA-XA,2.0,10.448121103050816,89.57652961398328
2003-10,10,LA-XA,2.0,1.62959488259622,78.80026708021202
2003-11,11,LA-XA,1.0,0.1823668685156292,68.37149402948594
2003-12,12,LA-XA,0.0,0.1116505347209569,63.940479932998414
2004-01,1,LA-XA,0.0,0.4740464746187613,66.62556682194662
2004-02,2,LA-XA,1.0,0.930425182257732,64.84369816109819
2004-03,3,LA-XA,0.0,0.9927728860999177,55.23461724016943
2004-04,4,LA-XA,2.0,6.55727814293606,76.49570341913659
2004-05,5,LA-XA,0.0,12.33765328839164,87.98402194939995
2004-06,6,LA-XA,0.0,9.23973208464147,85.60335598669604
2004-07,7,LA-XA,0.0,10.038580839193788,88.01670955103671
2004-08,8,LA-XA,0.0,10.927612354569572,88.98444101612188
2004-09,9,LA-XA,0.0,10.263899377614589,88.99141248825973
2004-10,10,LA-XA,0.0,1.085340129099468,74.7020059744676
2004-11,11,LA-XA,1.0,0.8300941647251017,68.16288276928934
2004-12,12,LA-XA,0.0,0.0079685563095718,63.72848307822209
2005-01,1,LA-XA,0.0,0.1921204577667577,63.23337721755608
2005-02,2,LA-XA,0.0,0.4236068789533508,55.09102025769109
2005-03,3,LA-XA,2.0,1.7280284252101634,60.220696804240205
2005-04,4,LA-XA,13.0,3.4127529800399983,70.36193303971169
2005-05,5,LA-XA,348.0,7.228604444473754,77.85470976128127
2005-06,6,LA-XA,92.0,10.3964448523496,88.37572343366176
2005-07,7,LA-XA,111.0,10.35516471128408,85.99239632302901
2005-08,8,LA-XA,104.0,13.474232980729056,90.6195538007581
2005-09,9,LA-XA,4.0,11.672721089195342,89.08428986778922
2005-10,10,LA-XA,6.0,1.7874981152466165,79.29032481200845
2005-11,11,LA-XA,0.0,1.470227014514628,77.90078450433289
2005-12,12,LA-XA,145.0,0.5540863989637542,68.17415203828529
2006-01,1,LA-XA,0.0,0.008781938740392,61.0192244769381
2006-02,2,LA-XA,38.0,0.4536427904560876,62.76314814178869
2006-03,3,LA-XA,7.0,2.2474159848518003,59.7987610792422
2006-04,4,LA-XA,1.0,6.44743206964592,76.2112562598149
2006-05,5,LA-XA,0.0,9.003404312226525,85.10801342289928
2006-06,6,LA-XA,1.0,6.750315057728812,83.84603721519004
2006-07,7,LA-XA,110.0,10.709162970123815,88.62959662184704
2006-08,8,LA-XA,2.0,15.283083742165823,90.06795876572025
2006-09,9,LA-XA,3.0,7.334296561834148,86.9430587251189
2006-10,10,LA-XA,0.0,5.940465197728514,83.62455735081194
2006-11,11,LA-XA,0.0,0.1134509326674682,64.5500075143558
2006-12,12,LA-XA,0.0,0.1042213221261846,62.82605590523997
2007-01,1,LA-XA,0.0,0.1003322036716048,60.94051482947164
2007-02,2,LA-XA,0.0,0.4534323889758702,52.76206609623033
2007-03,3,LA-XA,0.0,0.5396416599119523,54.571894664096014
2007-04,4,LA-XA,1.0,4.164073467694374,67.96477530587745
2007-05,5,LA-XA,1.0,8.780083426420946,83.73149785047376
2007-06,6,LA-XA,8.0,8.189865856015576,82.35507955976439
2007-07,7,LA-XA,70.0,8.166014416204233,83.66642734221875
2007-08,8,LA-XA,39.0,11.19369776948914,87.92227787490448
2007-09,9,LA-XA,74.0,9.610656465020822,86.86966175669563
2007-10,10,LA-XA,1.0,7.767881801241241,82.54492068920459
2007-11,11,LA-XA,0.0,0.5271675924034778,68.95769889526866
2007-12,12,LA-XA,1.0,0.1683868541601394,68.62564358752813
2008-01,1,LA-XA,0.0,1.1988825327921124,66.09095666602147
2008-02,2,LA-XA,0.0,1.407842066426307,72.2908342870613
2008-03,3,LA-XA,0.0,1.6617895829061295,65.02627814523763
2008-04,4,LA-XA,0.0,5.426631032232284,78.8219556637842
2008-05,5,LA-XA,2.0,6.893287450282724,83.26372968216045
2008-06,6,LA-XA,6.0,10.668122540440638,87.67544169771688
2008-07,7,LA-XA,19.0,13.061956628409378,89.5797494293222
2008-08,8,LA-XA,7.0,10.7937682346023,89.12901968996482
2008-09,9,LA-XA,1.0,8.617153180280827,88.04739207126183
2008-10,10,LA-XA,3.0,5.013001812252136,86.84326821796802
2008-11,11,LA-XA,2.0,2.317306284772174,78.19210829129186
2008-12,12,LA-XA,1.0,0.4121287359047214,71.0638999648874
2009-01,1,LA-XA,0.0,0.0312205469597583,65.36615425273345
2009-02,2,LA-XA,0.0,0.2317605563492213,57.98211800311567
2009-03,3,LA-XA,0.0,1.9718923927018936,62.48728025544624
2009-04,4,LA-XA,0.0,3.732294908414836,73.3881103954249
2009-05,5,LA-XA,1.0,8.63891774745013,83.9266564024796
2009-06,6,LA-XA,14.0,7.654008463637995,84.61646322473845
2009-07,7,LA-XA,11.0,10.45429637585372,86.86096419436473
2009-08,8,LA-XA,37.0,9.298359827144736,86.70458661407218
2009-09,9,LA-XA,11.0,8.34198995901875,86.47334942670726
2009-10,10,LA-XA,5.0,3.839195198502812,86.59348134496291
2009-11,11,LA-XA,5.0,0.282380649997652,70.45319486900615
2009-12,12,LA-XA,0.0,0.1859492288700586,69.39671051858994
1998-01,1,LA-XE,0.0,0.7232817986356602,69.33954753553418
1998-02,2,LA-XE,3.0,2.083783005404432,71.26790417182711
1998-03,3,LA-XE,0.0,0.9073517166371472,65.01584981602895
1998-04,4,LA-XE,0.0,3.50637635667339,71.1545892966668
1998-05,5,LA-XE,0.0,8.647182336942155,82.42895822841591
1998-06,6,LA-XE,0.0,6.670763997595866,85.360345975474
1998-07,7,LA-XE,0.0,4.35204016828004,83.67531483124596
1998-08,8,LA-XE,0.0,8.543499282162923,85.914483241074
1998-09,9,LA-XE,0.0,13.342047955885638,91.0142057413482
1998-10,10,LA-XE,0.0,5.979932633197663,87.17346947691813
1998-11,11,LA-XE,0.0,9.731821476643276,86.89474225730542
1998-12,12,LA-XE,0.0,3.127953110307326,84.33909104400593
1999-01,1,LA-XE,0.0,1.277484398173056,80.8857850369508
1999-02,2,LA-XE,0.0,1.0942391664076472,71.8823519506739
1999-03,3,LA-XE,0.0,3.4131448663706867,75.06522736799798
1999-04,4,LA-XE,0.0,7.561445217964819,82.88503097633115
1999-05,5,LA-XE,0.0,11.151113812054913,89.38941218145598
1999-06,6,LA-XE,1.0,7.282538273221529,87.89917899942846
1999-07,7,LA-XE,5.0,10.46966144075176,88.01943972154761
1999-08,8,LA-XE,0.0,6.907910299913702,86.86989591666699
1999-09,9,LA-XE,0.0,8.828714273461593,88.74489360585373
1999-10,10,LA-XE,0.0,8.539789793937738,89.27714845101103
1999-11,11,LA-XE,0.0,10.289893035297377,86.02927028301059
1999-12,12,LA-XE,0.0,5.792841969534509,85.48550733715484
2000-01,1,LA-XE,0.0,1.850925451541474,78.39259204432034
2000-02,2,LA-XE,0.0,2.637772789951343,75.97136722173161
2000-03,3,LA-XE,0.0,3.218853508571894,74.95835454100238
2000-04,4,LA-XE,0.0,8.110047282396323,83.49584245644444
2000-05,5,LA-XE,0.0,9.563305901202224,87.71556933251641
2000-06,6,LA-XE,5.0,8.017140247023224,86.82052758644936
2000-07,7,LA-XE,1.0,10.080435631652652,88.93958129693523
2000-08,8,LA-XE,0.0,11.353501009280532,87.24636372983962
2000-09,9,LA-XE,0.0,8.227029780489763,89.0191796221158
2000-10,10,LA-XE,0.0,9.223443485646554,89.1286126560089
2000-11,11,LA-XE,0.0,5.291197564185595,83.9702248895152
2000-12,12,LA-XE,1.0,2.8212963488774445,83.88119216158421
2001-01,1,LA-XE,1.0,0.9115441964753848,75.76092767055766
2001-02,2,LA-XE,0.0,1.4876069441155615,70.43880980509333
2001-03,3,LA-XE,0.0,4.329076948568504,75.82348794591847
2001-04,4,LA-XE,0.0,3.447588704150093,76.27743198754612
2001-05,5,LA-XE,2.0,11.874611656946456,86.89894456688586
2001-06,6,LA-XE,0.0,8.9136943696422,88.03655601351778
2001-07,7,LA-XE,0.0,6.437538454229089,86.80648861605268
2001-08,8,LA-XE,1.0,11.06390350578442,90.01466559689507
2001-09,9,LA-XE,3.0,7.130025256673042,87.9843481890607
2001-10,10,LA-XE,0.0,5.518749875529767,87.0948241583149
2001-11,11,LA-XE,0.0,2.632803578231572,81.77966434602898
2001-12,12,LA-XE,0.0,2.976283649897938,81.7356664361307
2002-01,1,LA-XE,0.0,0.9185398472797408,74.16311976496422
2002-02,2,LA-XE,0.0,0.3159325747490928,68.58635056632808
2002-03,3,LA-XE,0.0,4.056186562731305,69.55303373827105
2002-04,4,LA-XE,0.0,3.664724866626835,75.19258588417786
2002-05,5,LA-XE,2.0,9.25324976772906,83.50458007914513
2002-06,6,LA-XE,1.0,6.371350933230562,86.38903897310466
2002-07,7,LA-XE,8.0,8.933552027890359,87.31707608011857
2002-08,8,LA-XE,4.0,12.667470338134548,89.43752402807692
2002-09,9,LA-XE,8.0,13.269230061497282,92.09418922473456
2002-10,10,LA-XE,15.0,4.165077944097964,86.19935943769157
2002-11,11,LA-XE,2.0,2.976043126194561,84.17990194774602
2002-12,12,LA-XE,0.0,2.347217034883209,81.60548058692201
2003-01,1,LA-XE,1.0,0.5902262219624443,72.99889214608217
2003-02,2,LA-XE,0.0,2.986353200524238,74.16334800523697
2003-03,3,LA-XE,0.0,4.226866514917408,77.11270226640369
2003-04,4,LA-XE,0.0,5.815009209028553,77.54936536966355
2003-05,5,LA-XE,0.0,8.999596507583512,83.64033531354374
2003-06,6,LA-XE,1.0,7.745530326272049,86.31457369928586
2003-07,7,LA-XE,0.0,7.84486576054743,86.4070455368995
2003-08,8,LA-XE,0.0,10.55599192273993,89.42051031552839
2003-09,9,LA-XE,0.0,12.806969197972156,91.50411171578236
2003-10,10,LA-XE,0.0,5.571856909209407,85.3035710295764
2003-11,11,LA-XE,0.0,2.5649360764058105,77.79671269206021
2003-12,12,LA-XE,0.0,1.9206208657513228,79.30239840801214
2004-01,1,LA-XE,0.0,1.3955142360700197,75.69093499581979
2004-02,2,LA-XE,0.0,0.9257270258788826,69.62793443445902
2004-03,3,LA-XE,0.0,3.485250922798622,70.15259537749877
2004-04,4,LA-XE,2.0,5.560079105571862,80.20236185258855
2004-05,5,LA-XE,0.0,8.365277288420486,83.40288997094835
2004-06,6,LA-XE,0.0,8.573286893815256,84.56505004155176
2004-07,7,LA-XE,0.0,9.80302783866011,88.16915456021646
2004-08,8,LA-XE,0.0,9.384234660326523,89.61289463285581
2004-09,9,LA-XE,0.0,7.503773720094846,86.68440089494656
2004-10,10,LA-XE,2.0,1.8942087260394156,78.10909629365743
2004-11,11,LA-XE,0.0,2.1449066525352016,76.04273946761319
2004-12,12,LA-XE,0.0,1.0959653433083527,72.65800307576353
2005-01,1,LA-XE,0.0,0.3726389686165935,68.26493978206243
2005-02,2,LA-XE,0.0,0.4341144343455145,61.874458594841
2005-03,3,LA-XE,0.0,2.842208224193703,70.86201966124176
2005-04,4,LA-XE,0.0,4.156687085215837,77.67116512821539
2005-05,5,LA-XE,0.0,6.643507884277259,82.55100609192932
2005-06,6,LA-XE,3.0,6.248788813192308,85.00071319069441
2005-07,7,LA-XE,0.0,12.218882536605967,88.28764239617598
2005-08,8,LA-XE,1.0,9.347264688870508,89.46861837488984
2005-09,9,LA-XE,2.0,10.619030566437996,89.4490097600284
2005-10,10,LA-XE,1.0,5.996967669718715,85.45527797755034
2005-11,11,LA-XE,0.0,4.358746344084593,85.2163222640236
2005-12,12,LA-XE,0.0,2.696513950377383,82.81321577997106
2006-01,1,LA-XE,0.0,0.909831669351347,73.83824349891516
2006-02,2,LA-XE,3.0,1.6459448765262998,73.43124207600573
2006-03,3,LA-XE,0.0,3.164233844194463,73.48382692267845
2006-04,4,LA-XE,0.0,5.048997481214145,78.51826461745078
2006-05,5,LA-XE,0.0,8.471193200068893,81.76985062549164
2006-06,6,LA-XE,0.0,7.85694830283838,85.28967825887949
2006-07,7,LA-XE,0.0,10.634030465631591,89.90953148900239
2006-08,8,LA-XE,0.0,19.58390746726599,91.18383588239182
2006-09,9,LA-XE,0.0,14.783701757419063,89.30067097475786
2006-10,10,LA-XE,5.0,7.821829404928583,84.40436314108756
2006-11,11,LA-XE,0.0,2.429226740182824,78.83758428171892
2006-12,12,LA-XE,0.0,2.473835780629041,79.1664191754485
2007-01,1,LA-XE,1.0,1.5568777916406578,76.80560073289827
2007-02,2,LA-XE,0.0,2.2446620236246138,66.52021688088966
2007-03,3,LA-XE,,4.95631637745884,79.74524428098574
2007-04,4,LA-XE,,4.928029216310435,78.65347152389491
2007-05,5,LA-XE,0.0,10.755480290965307,86.4325049215727
2007-06,6,LA-XE,0.0,6.4152026474684325,85.08128481815011
2007-07,7,LA-XE,2.0,8.183123885588634,86.76597864251734
2007-08,8,LA-XE,1.0,12.55225639358152,90.30351004512995
2007-09,9,LA-XE,0.0,8.241598222556208,87.86663210629733
2007-10,10,LA-XE,1.0,15.083787773329234,90.01596403219222
2007-11,11,LA-XE,,7.469224032986752,86.07497056180627
2007-12,12,LA-XE,,1.723484599245333,79.89510050189179
2008-01,1,LA-XE,0.0,1.2883283305313342,75.35295278661862
2008-02,2,LA-XE,0.0,1.4918667953707276,78.25130503002579
2008-03,3,LA-XE,0.0,3.2257129064269097,74.84887699506488
2008-04,4,LA-XE,0.0,3.75714698288992,77.4758780132122
2008-05,5,LA-XE,0.0,10.188755384080338,87.84283656041998
2008-06,6,LA-XE,5.0,5.858057289498969,86.4293841301908
2008-07,7,LA-XE,0.0,6.694073566894654,86.62173759975992
2008-08,8,LA-XE,0.0,9.935072941233791,88.37879908332584
2008-09,9,LA-XE,1.0,12.219740727307885,90.20635170745048
2008-10,10,LA-XE,0.0,8.922143392622894,90.6469937169321
2008-11,11,LA-XE,0.0,5.369529568776175,86.17203148791974
2008-12,12,LA-XE,1.0,2.6758239846690985,82.9997839485389
2009-01,1,LA-XE,0.0,1.3633171066751404,76.99123405269998
2009-02,2,LA-XE,2.0,0.9675685036050312,70.5535682516192
2009-03,3,LA-XE,2.0,4.37623086903469,76.69603074941503
2009-04,4,LA-XE,1.0,8.243571318573208,84.90137610909684
2009-05,5,LA-XE,2.0,8.95312554846169,86.16820615884944
2009-06,6,LA-XE,9.0,5.14502611878499,85.61373384259441
2009-07,7,LA-XE,29.0,10.17832409229294,87.83515219947185
2009-08,8,LA-XE,27.0,10.419635264814035,88.2687766565466
2009-09,9,LA-XE,6.0,23.251700427126572,91.06982798557034
2009-10,10,LA-XE,7.0,6.189263762457181,87.2875682152918
2009-11,11,LA-XE,3.0,4.039886204547574,83.56277320804057
2009-12,12,LA-XE,7.0,1.242527421326456,76.86993103538444
1998-01,1,LA-XI,0.0,0.2533912839411076,68.76183767277416
1998-02,2,LA-XI,0.0,0.9234058900768788,67.06711977899242
1998-03,3,LA-XI,0.0,1.2957377856847647,66.85692419570918
1998-04,4,LA-XI,0.0,4.021328399915296,77.85806351348462
1998-05,5,LA-XI,0.0,6.185485049814703,84.5462414468279
1998-06,6,LA-XI,0.0,6.082424985309456,87.75855959254923
1998-07,7,LA-XI,0.0,5.881813159006327,86.53536914920556
1998-08,8,LA-XI,0.0,6.701221998034924,87.30064450891726
1998-09,9,LA-XI,0.0,6.766093848093603,84.578007819555
1998-10,10,LA-XI,0.0,1.8388115969361216,77.99519844451899
1998-11,11,LA-XI,0.0,0.8571664546107843,73.37775690290424
1998-12,12,LA-XI,0.0,0.2236348083995362,70.10259565494755
1999-01,1,LA-XI,0.0,0.6455035690124538,72.92614337565557
1999-02,2,LA-XI,0.0,0.2821505023197774,69.53229107912763
1999-03,3,LA-XI,0.0,1.3734736742994051,62.841674169990505
1999-04,4,LA-XI,0.0,5.393625502760448,85.8953506016679
1999-05,5,LA-XI,0.0,9.639870607500084,89.9527608644131
1999-06,6,LA-XI,0.0,6.676262922113867,88.15726596951144
1999-07,7,LA-XI,0.0,6.101357401594552,87.43558052007539
1999-08,8,LA-XI,0.0,8.643503261326805,90.9533732048606
1999-09,9,LA-XI,1.0,6.140567189337348,88.30542004730938
1999-10,10,LA-XI,0.0,3.3788717978204734,85.67605836851303
1999-11,11,LA-XI,0.0,1.3429268504008811,82.84004972580092
1999-12,12,LA-XI,0.0,0.5035282558067327,71.99399764350056
2000-01,1,LA-XI,0.0,0.233898391637449,68.22361420515412
2000-02,2,LA-XI,0.0,1.6623724958954562,73.88180209898938
2000-03,3,LA-XI,0.0,0.5333244029624359,67.47063055281502
2000-04,4,LA-XI,0.0,4.122252435470926,79.97211399267208
2000-05,5,LA-XI,0.0,8.581249270060576,88.6101053049674
2000-06,6,LA-XI,0.0,7.900739249751218,87.80433353403733
2000-07,7,LA-XI,0.0,9.210794210860463,88.49145195402889
2000-08,8,LA-XI,0.0,8.511022869259293,90.06227872840195
2000-09,9,LA-XI,0.0,9.051107050132012,87.30675052185295
2000-10,10,LA-XI,0.0,4.495473108963356,87.91116982557459
2000-11,11,LA-XI,1.0,0.2989901665177264,78.77387244284282
2000-12,12,LA-XI,0.0,0.3205567751634202,78.06878884113156
2001-01,1,LA-XI,0.0,0.5414645454491156,75.14927508179468
2001-02,2,LA-XI,0.0,0.4218582856652516,72.54738019059664
2001-03,3,LA-XI,0.0,5.437903556221199,86.18623584600664
2001-04,4,LA-XI,0.0,2.517635959097174,79.78582777137765
2001-05,5,LA-XI,0.0,9.930864424005168,90.4770648799324
2001-06,6,LA-XI,0.0,6.917243792344899,88.4250599827748
2001-07,7,LA-XI,0.0,11.062715698328288,90.64979641101787
2001-08,8,LA-XI,0.0,10.098183277660358,89.83162346695124
2001-09,9,LA-XI,0.0,6.712847019993832,87.78668447996158
2001-10,10,LA-XI,0.0,4.0661291009163705,85.5028632227003
2001-11,11,LA-XI,0.0,0.623827162147301,73.65708874586461
2001-12,12,LA-XI,0.0,0.3059194150452621,74.18104281935955
2002-01,1,LA-XI,0.0,0.8667215856205681,72.50566934896337
2002-02,2,LA-XI,0.0,0.4559780045571134,71.23869121342852
2002-03,3,LA-XI,0.0,1.7447136837598725,68.45678068524231
2002-04,4,LA-XI,0.0,2.256336216580924,72.02556331507746
2002-05,5,LA-XI,0.0,10.315185795103242,87.62001823940118
2002-06,6,LA-XI,0.0,8.140718586162727,89.66799544058729
2002-07,7,LA-XI,0.0,14.173187801749304,93.24082581249864
2002-08,8,LA-XI,0.0,11.150611749326307,90.97305086512168
2002-09,9,LA-XI,0.0,6.156174924499411,87.812668737011
2002-10,10,LA-XI,0.0,3.306898218936066,83.0541754036124
2002-11,11,LA-XI,0.0,1.1105661742265478,82.77795367219403
2002-12,12,LA-XI,0.0,1.8578554190849932,82.29579732878729
2003-01,1,LA-XI,0.0,0.7171201077939846,79.0649666777311
2003-02,2,LA-XI,0.0,1.311339950237952,73.67609472515149
2003-03,3,LA-XI,0.0,2.553055946729628,74.19145964322405
2003-04,4,LA-XI,0.0,3.2305852319540422,78.90376751953629
2003-05,5,LA-XI,0.0,5.177161070027662,80.70577658169539
2003-06,6,LA-XI,0.0,8.903661736923192,86.2967371793483
2003-07,7,LA-XI,0.0,10.072061273011087,85.77020731315959
2003-08,8,LA-XI,0.0,9.23811464840184,89.74851759192929
2003-09,9,LA-XI,0.0,8.882165911672962,89.53229665294607
2003-10,10,LA-XI,0.0,0.8237420867397349,79.27719356670944
2003-11,11,LA-XI,0.0,0.3446769656011815,72.81228208956998
2003-12,12,LA-XI,0.0,0.2327119273460825,73.21117679461544
2004-01,1,LA-XI,0.0,0.3942155390533453,73.89099992522523
2004-02,2,LA-XI,0.0,1.1514567914005314,75.90001078338804
2004-03,3,LA-XI,0.0,1.696487683173656,71.81607510752723
2004-04,4,LA-XI,0.0,6.835217600360785,86.86393324067674
2004-05,5,LA-XI,0.0,9.039499795662463,89.44506881724863
2004-06,6,LA-XI,0.0,7.485651591753158,86.04869818977133
2004-07,7,LA-XI,0.0,12.33828166592367,90.90305890951366
2004-08,8,LA-XI,0.0,9.302910363835585,90.74247705723212
2004-09,9,LA-XI,0.0,8.484559119359725,88.11907715850785
2004-10,10,LA-XI,0.0,0.5376986436151309,75.35382105187406
2004-11,11,LA-XI,0.0,1.165637531174478,73.23275689803145
2004-12,12,LA-XI,0.0,0.0583917274161808,69.20806837638506
2005-01,1,LA-XI,0.0,0.2664441208972569,70.54224937813443
2005-02,2,LA-XI,0.0,0.5775264432541405,66.7647994388101
2005-03,3,LA-XI,0.0,1.849900836876011,72.23442018251043
2005-04,4,LA-XI,0.0,3.182738316879417,77.57418418643645
2005-05,5,LA-XI,0.0,5.180547547108046,83.24771044076975
2005-06,6,LA-XI,0.0,8.105167755162467,88.86839050324075
2005-07,7,LA-XI,0.0,12.846623917420658,88.04838421414424
2005-08,8,LA-XI,0.0,17.411488191322686,92.46148469573042
2005-09,9,LA-XI,0.0,10.636319040794133,89.08453216405664
2005-10,10,LA-XI,0.0,1.165416429479792,81.59222913952506
2005-11,11,LA-XI,0.0,1.137948468336917,80.55383442426817
2005-12,12,LA-XI,0.0,0.59735999663258,73.9195912214014
2006-01,1,LA-XI,0.0,0.0717120248109779,68.51126591461953
2006-02,2,LA-XI,0.0,0.7401468924018136,74.06913263018811
2006-03,3,LA-XI,0.0,1.9180128581183449,75.23866200196946
2006-04,4,LA-XI,0.0,4.3702716789579386,80.98917910922826
2006-05,5,LA-XI,0.0,5.958863493239399,82.62475290046862
2006-06,6,LA-XI,0.0,5.100736111417128,84.92855385781371
2006-07,7,LA-XI,0.0,10.870754141381807,90.17312772136285
2006-08,8,LA-XI,2.0,10.44991266900514,92.53304299973004
2006-09,9,LA-XI,0.0,4.663368638641646,85.69822334085491
2006-10,10,LA-XI,0.0,4.893366738631888,86.0499800395885
2006-11,11,LA-XI,0.0,0.1919797513964563,71.70123511665376
2006-12,12,LA-XI,0.0,0.1955296706420869,71.8321098933709
2007-01,1,LA-XI,0.0,0.1929553674637942,69.91621752123433
2007-02,2,LA-XI,0.0,0.847409404044604,62.70687385674818
2007-03,3,LA-XI,0.0,1.0509123116667465,69.85618173796607
2007-04,4,LA-XI,0.0,3.757811031893626,77.81134515372267
2007-05,5,LA-XI,0.0,5.417558202625347,80.29968783512706
2007-06,6,LA-XI,0.0,5.8757935537570445,83.32961098024448
2007-07,7,LA-XI,0.0,5.751994125611384,83.90007978827954
2007-08,8,LA-XI,0.0,8.353912453257625,87.93588275976506
2007-09,9,LA-XI,0.0,8.432974365448853,86.60366784899084
2007-10,10,LA-XI,0.0,7.417583593508965,84.4401540500692
2007-11,11,LA-XI,0.0,0.1792794943394301,70.67473411069248
2007-12,12,LA-XI,0.0,0.2947271725324764,77.39359611183703
2008-01,1,LA-XI,0.0,0.9817522843106604,73.88384051980799
2008-02,2,LA-XI,0.0,1.1988625441503455,81.37119510646464
2008-03,3,LA-XI,0.0,3.1679296380075,77.78200348710902
2008-04,4,LA-XI,0.0,4.228325643323317,85.13261035290583
2008-05,5,LA-XI,0.0,6.851013127207599,84.2023275456453
2008-06,6,LA-XI,1.0,11.22040052670913,91.0528959210948
2008-07,7,LA-XI,0.0,10.94661321095052,91.97721739658444
2008-08,8,LA-XI,0.0,9.066754759644724,89.87002915777984
2008-09,9,LA-XI,0.0,6.67858649187413,89.11397810831573
2008-10,10,LA-XI,0.0,4.521449780776622,88.76222688577118
2008-11,11,LA-XI,0.0,2.149973374299647,81.46223763182283
2008-12,12,LA-XI,0.0,0.4974678147571415,77.56477728555339
2009-01,1,LA-XI,0.0,0.1018738264216303,71.46870096382115
2009-02,2,LA-XI,0.0,0.2998701154089278,65.39485395497103
2009-03,3,LA-XI,0.0,2.046792655376564,72.08023887775231
2009-04,4,LA-XI,0.0,3.6438055652376415,80.72149567908923
2009-05,5,LA-XI,39.0,6.67303946429371,84.82505982883241
2009-06,6,LA-XI,33.0,6.174297945018383,85.31813733175365
2009-07,7,LA-XI,1.0,12.1105395544682,90.40465724195217
2009-08,8,LA-XI,10.0,7.571845837870299,89.43683451268345
2009-09,9,LA-XI,0.0,6.212937376876619,86.19868948799008
2009-10,10,LA-XI,0.0,2.097514112364035,85.55552450826191
2009-11,11,LA-XI,0.0,0.2626840883263546,70.5339610771188
2009-12,12,LA-XI,0.0,0.2676447901664125,73.27259825812453
1998-01,1,LA-XN,0.0,0.3819096517183891,67.66632104914956
1998-02,2,LA-XN,0.0,1.2031924997127237,67.74689537723941
1998-03,3,LA-XN,0.0,1.4080644355954428,66.83822318245979
1998-04,4,LA-XN,0.0,4.810744427085578,75.62867247089261
1998-05,5,LA-XN,0.0,8.735160869993194,84.5018799058592
1998-06,6,LA-XN,0.0,11.974082372622876,91.2098874767924
1998-07,7,LA-XN,0.0,9.055322579877592,89.72176168760065
1998-08,8,LA-XN,1.0,9.252512788972284,89.36809997277162
1998-09,9,LA-XN,0.0,8.280713084092314,85.4055680903755
1998-10,10,LA-XN,0.0,2.8641673490448807,78.50903528259614
1998-11,11,LA-XN,0.0,1.3034831718802355,73.76887982288453
1998-12,12,LA-XN,0.0,0.3699190236806505,67.98548178250955
1999-01,1,LA-XN,0.0,0.9495327512974988,71.42802701596294
1999-02,2,LA-XN,0.0,0.300821963431858,67.49458593922041
1999-03,3,LA-XN,0.0,1.551434447430545,62.02706729678367
1999-04,4,LA-XN,0.0,8.08269804432355,87.95688611855496
1999-05,5,LA-XN,0.0,12.876643382740497,92.2393511632544
1999-06,6,LA-XN,0.0,10.943389319829487,90.74114057531844
1999-07,7,LA-XN,0.0,11.369604766919204,91.01621915117023
1999-08,8,LA-XN,0.0,13.20780462268398,93.4859367645555
1999-09,9,LA-XN,0.0,9.37437332562706,90.48518621900686
1999-10,10,LA-XN,0.0,3.817058043365401,84.49405174773794
1999-11,11,LA-XN,0.0,1.6218568760880383,79.94331789821557
1999-12,12,LA-XN,0.0,0.5715961793847717,66.51830067861137
2000-01,1,LA-XN,0.0,0.1902139656933338,65.03860446801889
2000-02,2,LA-XN,0.0,2.3763310247586964,70.34028997765581
2000-03,3,LA-XN,0.0,1.009635150413907,68.28585331835086
2000-04,4,LA-XN,0.0,5.743367791394002,82.23989251333322
2000-05,5,LA-XN,0.0,12.68438603026011,91.01219292437575
2000-06,6,LA-XN,0.0,14.534531104999877,91.41775187815114
2000-07,7,LA-XN,0.0,14.62476412705528,91.27248119423594
2000-08,8,LA-XN,0.0,12.779302408031558,91.82535654080095
2000-09,9,LA-XN,0.0,12.53615122150779,88.64557135195653
2000-10,10,LA-XN,0.0,4.387809811608403,85.52546425993046
2000-11,11,LA-XN,0.0,0.4197278699678001,75.02285833125552
2000-12,12,LA-XN,0.0,0.3713015772667469,71.53235947742908
2001-01,1,LA-XN,0.0,0.6805308863815102,73.07188172716477
2001-02,2,LA-XN,0.0,0.3640480614947229,68.352220270422
2001-03,3,LA-XN,0.0,5.837050740397572,85.24104858757791
2001-04,4,LA-XN,0.0,2.8630915274305013,77.59148995993641
2001-05,5,LA-XN,0.0,14.27924120656176,91.36700353230364
2001-06,6,LA-XN,0.0,11.287885603591556,91.39315775438963
2001-07,7,LA-XN,0.0,14.723944920646137,93.06333728294504
2001-08,8,LA-XN,0.0,16.338330564959335,91.85616019956848
2001-09,9,LA-XN,0.0,11.063560154460252,89.66062443048966
2001-10,10,LA-XN,0.0,4.963665550470142,84.97212380140546
2001-11,11,LA-XN,0.0,0.8019401150181938,73.26241778820774
2001-12,12,LA-XN,0.0,0.3677572257838163,70.73110427203625
2002-01,1,LA-XN,0.0,0.4744366201255046,67.63807500311783
2002-02,2,LA-XN,0.0,0.5393692920826535,66.65923405672328
2002-03,3,LA-XN,0.0,1.9694625674567652,68.56330175339619
2002-04,4,LA-XN,0.0,2.9236281159940423,72.0552266165066
2002-05,5,LA-XN,0.0,16.952613100624017,89.94054027325366
2002-06,6,LA-XN,0.0,13.595534214194805,92.86900305586744
2002-07,7,LA-XN,0.0,20.48273399579739,95.58611622957568
2002-08,8,LA-XN,0.0,15.863658373224784,93.18498809533668
2002-09,9,LA-XN,0.0,8.778658323196039,90.06823483897217
2002-10,10,LA-XN,0.0,4.52750305974529,83.34372100254453
2002-11,11,LA-XN,0.0,1.5827674113468315,81.9614747560862
2002-12,12,LA-XN,0.0,2.190421429716125,81.43992164081762
2003-01,1,LA-XN,0.0,0.9978936540466542,76.97978590595466
2003-02,2,LA-XN,0.0,1.7926584111491688,74.43696473338336
2003-03,3,LA-XN,0.0,3.4370396121567137,75.48648539662477
2003-04,4,LA-XN,0.0,3.9803303212641934,79.63109746837914
2003-05,5,LA-XN,0.0,8.68495541483893,81.76074069345177
2003-06,6,LA-XN,0.0,13.692721732955151,90.8913345617412
2003-07,7,LA-XN,17.0,11.958530358026223,88.88892900927478
2003-08,8,LA-XN,0.0,14.935830119836137,92.00374157834216
2003-09,9,LA-XN,2.0,13.005658222461305,90.88443750459876
2003-10,10,LA-XN,0.0,1.4338400333819672,78.44579843132699
2003-11,11,LA-XN,0.0,0.2646019935293145,70.69516010056009
2003-12,12,LA-XN,1.0,0.1612349345068167,68.1591782937095
2004-01,1,LA-XN,0.0,0.3763730429329132,71.49362085004523
2004-02,2,LA-XN,0.0,2.179477927638218,79.70098925023952
2004-03,3,LA-XN,0.0,1.828299580102004,70.99438408868048
2004-04,4,LA-XN,0.0,7.386682351538941,85.98499134623
2004-05,5,LA-XN,5.0,11.69012518054841,91.02838415373438
2004-06,6,LA-XN,0.0,11.17815461292598,87.55929772326087
2004-07,7,LA-XN,0.0,16.582432673293386,92.80966542483516
2004-08,8,LA-XN,0.0,12.241249132600595,92.5175074602138
2004-09,9,LA-XN,0.0,12.027842634349112,88.72212557935624
2004-10,10,LA-XN,0.0,1.2808263242195068,74.65168811023263
2004-11,11,LA-XN,0.0,1.2671518057080615,70.67067356202017
2004-12,12,LA-XN,0.0,0.0303165055256307,65.40278241266093
2005-01,1,LA-XN,0.0,0.1793594676472007,66.5207366195688
2005-02,2,LA-XN,0.0,0.9397744685931564,65.88864837964582
2005-03,3,LA-XN,0.0,2.0857593776845533,69.94980847957055
2005-04,4,LA-XN,0.0,4.497557544890396,77.25198234223117
2005-05,5,LA-XN,0.0,8.213725367706001,86.1359044820807
2005-06,6,LA-XN,0.0,17.15638430146459,93.49703796964567
2005-07,7,LA-XN,0.0,16.10476649516383,90.81063638951846
2005-08,8,LA-XN,0.0,25.109338876668392,94.547156091768
2005-09,9,LA-XN,0.0,15.453080945380172,90.61054215468178
2005-10,10,LA-XN,0.0,1.6557642744057308,77.75474277511373
2005-11,11,LA-XN,0.0,1.4924349162999846,77.75385450867026
2005-12,12,LA-XN,32.0,0.6966499663900643,69.5377082004323
2006-01,1,LA-XN,,0.0350609638101683,64.90493430012799
2006-02,2,LA-XN,,0.9479673624622011,69.19907961944529
2006-03,3,LA-XN,,2.444349862323464,75.04089942828375
2006-04,4,LA-XN,,6.373756203556233,82.86859469708264
2006-05,5,LA-XN,,9.636818818511449,86.86819000962461
2006-06,6,LA-XN,,8.816178001558212,88.13553839074608
2006-07,7,LA-XN,,17.365771671758342,93.65128637749272
2006-08,8,LA-XN,,16.531715209304288,93.5400597775217
2006-09,9,LA-XN,,6.145895820789345,87.58945692596289
2006-10,10,LA-XN,,5.971417554139827,83.89485739630992
2006-11,11,LA-XN,,0.2240958396847688,69.18815311462247
2006-12,12,LA-XN,,0.1549138221628564,66.64996412498822
2007-01,1,LA-XN,,0.1432445684915575,64.19047827354838
2007-02,2,LA-XN,,1.165581706643751,60.96586587843219
2007-03,3,LA-XN,,1.6010909931011554,71.93744837612817
2007-04,4,LA-XN,,3.777605578213918,76.05254330981764
2007-05,5,LA-XN,,7.749653247494296,81.96365233429012
2007-06,6,LA-XN,,10.862611371830823,87.69858183255664
2007-07,7,LA-XN,,10.761968527376476,88.99144484014373
2007-08,8,LA-XN,,14.753427734772554,92.35705231835082
2007-09,9,LA-XN,,10.2531645852422,88.8262146977282
2007-10,10,LA-XN,,6.615595839910627,82.9239392463562
2007-11,11,LA-XN,,0.550833709005172,69.74304267264776
2007-12,12,LA-XN,,0.3415230244989561,74.13514193187022
2008-01,1,LA-XN,,1.133348251381642,71.36085281405559
2008-02,2,LA-XN,,1.392218690204324,79.90437857044353
2008-03,3,LA-XN,,3.4200883170697693,76.5282496445598
2008-04,4,LA-XN,,5.327018036540632,86.18845876428908
2008-05,5,LA-XN,,9.594157771969492,87.30669341017618
2008-06,6,LA-XN,,16.20734561457559,93.017583317767
2008-07,7,LA-XN,,17.075139981460932,93.26466476771093
2008-08,8,LA-XN,,13.919047810964903,91.95366973976826
2008-09,9,LA-XN,,9.715608104798388,90.2734833464872
2008-10,10,LA-XN,,4.905669332320504,87.25460757928322
2008-11,11,LA-XN,,2.018623144545701,78.45090816100704
2008-12,12,LA-XN,,0.4494359688600047,72.36996526034775
2009-01,1,LA-XN,,0.0873319352777428,67.93879302804072
2009-02,2,LA-XN,,0.5838648423084518,66.6182341402465
2009-03,3,LA-XN,,2.6246761291857528,73.05153307127945
2009-04,4,LA-XN,,5.417342411862569,81.52045252014366
2009-05,5,LA-XN,,9.864978458107307,87.69021008708995
2009-06,6,LA-XN,,10.980585600433445,90.08319435670504
2009-07,7,LA-XN,,16.9554147551498,92.32981030584214
2009-08,8,LA-XN,,10.882168447712376,90.26405796150038
2009-09,9,LA-XN,,8.593134541710272,87.59232575483006
2009-10,10,LA-XN,,4.276954089260785,86.45712855639943
2009-11,11,LA-XN,,0.4308373556266926,72.2748861278124
2009-12,12,LA-XN,,0.3142918485241651,71.66151905277917
