model,location,time_period,horizon_distance,crps,abs_error,in_10_90,in_25_75,observed,split_first_period,n_samples
climatology,LA-AT,200801,1,4.0,4.0,0.0,0.0,4.0,200801,1000
climatology,LA-AT,200802,2,1.63,2.0,0.0,0.0,2.0,200801,1000
climatology,LA-AT,200803,3,0.0,0.0,1.0,1.0,0.0,200801,1000
climatology,LA-AT,200804,1,0.020000000000000018,0.0,1.0,1.0,0.0,200804,1000
climatology,LA-AT,200805,2,3.45,4.0,0.0,0.0,4.0,200804,1000
climatology,LA-AT,200806,3,8.86,10.0,0.0,0.0,10.0,200804,1000
climatology,LA-AT,200807,1,4.54,6.0,0.0,0.0,6.0,200807,1000
climatology,LA-AT,200808,2,9.469999999999999,11.0,0.0,0.0,11.0,200807,1000
climatology,LA-AT,200809,3,17.57,24.0,0.0,0.0,24.0,200807,1000
climatology,LA-AT,200810,1,38.95,47.0,0.0,0.0,47.0,200810,1000
climatology,LA-AT,200811,2,43.0,43.0,0.0,0.0,43.0,200810,1000
climatology,LA-AT,200812,3,22.28,23.0,0.0,0.0,23.0,200810,1000
climatology,LA-AT,200901,1,17.305124,18.0,0.0,0.0,18.0,200901,1000
climatology,LA-AT,200902,2,45.164529,46.0,0.0,0.0,46.0,200901,1000
climatology,LA-AT,200903,3,77.0,77.0,0.0,0.0,77.0,200901,1000
climatology,LA-AT,200904,1,98.652562,99.0,0.0,0.0,99.0,200904,1000
climatology,LA-AT,200905,2,0.12421499999999996,0.0,1.0,1.0,0.0,200904,1000
climatology,LA-AT,200906,3,21.319868,24.0,0.0,0.0,24.0,200904,1000
climatology,LA-AT,200907,1,61.750116,64.0,0.0,0.0,64.0,200907,1000
climatology,LA-AT,200908,2,17.823736,21.0,0.0,0.0,21.0,200907,1000
climatology,LA-AT,200909,3,10.060613,17.0,1.0,0.0,17.0,200907,1000
climatology,LA-AT,200910,1,4.830283999999999,4.0,1.0,0.0,4.0,200910,1000
climatology,LA-AT,200911,2,13.444083000000001,16.0,0.0,0.0,16.0,200910,1000
climatology,LA-AT,200912,3,4.502959,6.0,0.0,0.0,6.0,200910,1000
climatology,LA-BK,200801,1,0.81,1.0,0.0,0.0,1.0,200801,1000
climatology,LA-BK,200802,2,0.010000000000000009,0.0,1.0,1.0,0.0,200801,1000
climatology,LA-BK,200803,3,0.010000000000000009,0.0,1.0,1.0,0.0,200801,1000
climatology,LA-BK,200804,1,0.010000000000000009,0.0,1.0,1.0,0.0,200804,1000
climatology,LA-BK,200805,2,11.64,12.0,0.0,0.0,12.0,200804,1000
climatology,LA-BK,200806,3,52.17,53.0,0.0,0.0,53.0,200804,1000
climatology,LA-BK,200807,1,0.6600000000000001,1.5,1.0,1.0,2.0,200807,1000
climatology,LA-BK,200808,2,6.84,9.0,0.0,0.0,9.0,200807,1000
climatology,LA-BK,200809,3,29.34,33.0,0.0,0.0,33.0,200807,1000
climatology,LA-BK,200810,1,44.92,46.5,0.0,0.0,48.0,200810,1000
climatology,LA-BK,200811,2,55.0,55.0,0.0,0.0,55.0,200810,1000
climatology,LA-BK,200812,3,5.0,5.0,0.0,0.0,5.0,200810,1000
climatology,LA-BK,200901,1,0.6691239999999999,1.0,1.0,0.0,1.0,200901,1000
climatology,LA-BK,200902,2,0.008280999999999997,0.0,1.0,1.0,0.0,200901,1000
climatology,LA-BK,200903,3,0.826281,1.0,0.0,0.0,1.0,200901,1000
climatology,LA-BK,200904,1,2.826281,3.0,0.0,0.0,3.0,200904,1000
climatology,LA-BK,200905,2,71.61762,74.0,0.0,0.0,74.0,200904,1000
climatology,LA-BK,200906,3,206.10648,216.0,0.0,0.0,216.0,200904,1000
climatology,LA-BK,200907,1,209.63545499999998,211.0,0.0,0.0,212.0,200907,1000
climatology,LA-BK,200908,2,106.650017,110.0,0.0,0.0,110.0,200907,1000
climatology,LA-BK,200909,3,43.240066999999996,52.0,0.0,0.0,52.0,200907,1000
climatology,LA-BK,200910,1,23.210034,29.0,0.0,0.0,31.0,200910,1000
climatology,LA-BK,200911,2,4.5454550000000005,5.0,0.0,0.0,5.0,200910,1000
climatology,LA-BK,200912,3,3.313405,4.0,0.0,0.0,4.0,200910,1000
climatology,LA-BL,200801,1,5.6899999999999995,8.0,0.0,0.0,10.0,200801,1000
climatology,LA-BL,200802,2,2.88,5.0,1.0,0.0,7.0,200801,1000
climatology,LA-BL,200803,3,2.29,3.0,1.0,1.0,1.0,200801,1000
climatology,LA-BL,200804,1,2.8299999999999996,3.5,1.0,1.0,3.0,200804,1000
climatology,LA-BL,200805,2,9.2,6.5,1.0,1.0,15.0,200804,1000
climatology,LA-BL,200806,3,10.070000000000002,17.5,1.0,1.0,19.0,200804,1000
climatology,LA-BL,200807,1,27.62,48.5,1.0,0.0,31.0,200807,1000
climatology,LA-BL,200808,2,19.03,37.5,1.0,1.0,32.0,200807,1000
climatology,LA-BL,200809,3,25.370000000000005,48.0,1.0,0.0,30.0,200807,1000
climatology,LA-BL,200810,1,16.870000000000005,25.5,0.0,0.0,5.0,200810,1000
climatology,LA-BL,200811,2,6.290000000000001,8.5,1.0,1.0,12.0,200810,1000
climatology,LA-BL,200812,3,2.05,1.0,1.0,1.0,1.0,200810,1000
climatology,LA-BL,200901,1,0.7038849999999999,0.0,1.0,1.0,2.0,200901,1000
climatology,LA-BL,200902,2,0.9263810000000001,1.0,1.0,1.0,3.0,200901,1000
climatology,LA-BL,200903,3,2.5287120000000005,4.0,1.0,0.0,0.0,200901,1000
climatology,LA-BL,200904,1,2.7938859999999996,4.0,1.0,1.0,2.0,200904,1000
climatology,LA-BL,200905,2,17.157429000000004,16.0,0.0,0.0,0.0,200904,1000
climatology,LA-BL,200906,3,16.873330000000003,19.0,0.0,0.0,7.0,200904,1000
climatology,LA-BL,200907,1,20.996472,42.0,1.0,1.0,35.0,200907,1000
climatology,LA-BL,200908,2,33.260011999999996,58.0,0.0,0.0,9.0,200907,1000
climatology,LA-BL,200909,3,41.130528,75.0,0.0,0.0,0.0,200907,1000
climatology,LA-BL,200910,1,17.210586000000003,29.0,0.0,0.0,1.0,200910,1000
climatology,LA-BL,200911,2,11.201476,13.0,1.0,0.0,2.0,200910,1000
climatology,LA-BL,200912,3,1.6965139999999996,1.0,1.0,1.0,1.0,200910,1000
climatology,LA-CH,200801,1,47.5,65.0,0.0,0.0,73.0,200801,1000
climatology,LA-CH,200802,2,53.03999999999999,86.5,0.0,0.0,90.0,200801,1000
climatology,LA-CH,200803,3,50.58,77.0,0.0,0.0,92.0,200801,1000
climatology,LA-CH,200804,1,31.849999999999998,52.5,1.0,0.0,69.0,200804,1000
climatology,LA-CH,200805,2,38.959999999999994,54.0,1.0,0.0,113.0,200804,1000
climatology,LA-CH,200806,3,127.17000000000002,172.5,0.0,0.0,295.0,200804,1000
climatology,LA-CH,200807,1,41.25,39.0,1.0,1.0,162.0,200807,1000
climatology,LA-CH,200808,2,42.510000000000005,22.0,1.0,1.0,143.0,200807,1000
climatology,LA-CH,200809,3,49.599999999999994,73.0,1.0,1.0,185.0,200807,1000
climatology,LA-CH,200810,1,37.669999999999995,53.0,1.0,0.0,140.0,200810,1000
climatology,LA-CH,200811,2,41.07000000000001,67.0,0.0,0.0,102.0,200810,1000
climatology,LA-CH,200812,3,33.34,49.5,1.0,0.0,73.0,200810,1000
climatology,LA-CH,200901,1,10.890716999999999,19.0,1.0,1.0,31.0,200901,1000
climatology,LA-CH,200902,2,19.093116999999996,43.0,1.0,1.0,48.0,200901,1000
climatology,LA-CH,200903,3,21.428539999999998,42.0,1.0,0.0,60.0,200901,1000
climatology,LA-CH,200904,1,53.487149,79.0,0.0,0.0,102.0,200904,1000
climatology,LA-CH,200905,2,19.053490000000004,1.0,1.0,1.0,66.0,200904,1000
climatology,LA-CH,200906,3,30.695037999999997,10.0,1.0,1.0,124.0,200904,1000
climatology,LA-CH,200907,1,45.004213,72.0,1.0,1.0,122.0,200907,1000
climatology,LA-CH,200908,2,44.17307600000001,38.0,1.0,1.0,110.0,200907,1000
climatology,LA-CH,200909,3,32.110839000000006,33.0,1.0,1.0,105.0,200907,1000
climatology,LA-CH,200910,1,23.227603000000002,35.0,1.0,1.0,59.0,200910,1000
climatology,LA-CH,200911,2,12.418226999999998,3.0,1.0,1.0,35.0,200910,1000
climatology,LA-CH,200912,3,14.757385999999997,7.0,1.0,1.0,32.0,200910,1000
climatology,LA-HO,200801,1,0.010000000000000009,0.0,1.0,1.0,0.0,200801,1000
climatology,LA-HO,200802,2,0.010000000000000009,0.0,1.0,1.0,0.0,200801,1000
climatology,LA-HO,200803,3,0.010000000000000009,0.0,1.0,1.0,0.0,200801,1000
climatology,LA-HO,200804,1,0.010000000000000009,0.0,1.0,1.0,0.0,200804,1000
climatology,LA-HO,200805,2,0.0,0.0,1.0,1.0,0.0,200804,1000
climatology,LA-HO,200806,3,0.05999999999999994,0.0,1.0,1.0,0.0,200804,1000
climatology,LA-HO,200807,1,0.19999999999999996,0.0,1.0,1.0,0.0,200807,1000
climatology,LA-HO,200808,2,0.0,0.0,1.0,1.0,0.0,200807,1000
climatology,LA-HO,200809,3,0.6900000000000002,1.0,1.0,0.0,1.0,200807,1000
climatology,LA-HO,200810,1,0.020000000000000018,0.0,1.0,1.0,0.0,200810,1000
climatology,LA-HO,200811,2,0.0,0.0,1.0,1.0,0.0,200810,1000
climatology,LA-HO,200812,3,0.65,1.0,1.0,0.0,1.0,200810,1000
climatology,LA-HO,200901,1,0.008280999999999997,0.0,1.0,1.0,0.0,200901,1000
climatology,LA-HO,200902,2,0.008280999999999997,0.0,1.0,1.0,0.0,200901,1000
climatology,LA-HO,200903,3,0.008280999999999997,0.0,1.0,1.0,0.0,200901,1000
climatology,LA-HO,200904,1,0.008280999999999997,0.0,1.0,1.0,0.0,200904,1000
climatology,LA-HO,200905,2,0.0,0.0,1.0,1.0,0.0,200904,1000
climatology,LA-HO,200906,3,0.04968600000000006,0.0,1.0,1.0,0.0,200904,1000
climatology,LA-HO,200907,1,0.16562,0.0,1.0,1.0,0.0,200907,1000
climatology,LA-HO,200908,2,0.0,0.0,1.0,1.0,0.0,200907,1000
climatology,LA-HO,200909,3,0.5699339999999999,1.0,1.0,1.0,1.0,200907,1000
climatology,LA-HO,200910,1,0.834562,1.0,0.0,0.0,1.0,200910,1000
climatology,LA-HO,200911,2,1.0,1.0,0.0,0.0,1.0,200910,1000
climatology,LA-HO,200912,3,0.53681,1.0,1.0,1.0,1.0,200910,1000
climatology,LA-KH,200801,1,1.1499999999999995,0.0,1.0,1.0,0.0,200801,1000
climatology,LA-KH,200802,2,0.1499999999999999,0.0,1.0,1.0,0.0,200801,1000
climatology,LA-KH,200803,3,0.040000000000000036,0.0,1.0,1.0,0.0,200801,1000
climatology,LA-KH,200804,1,0.10999999999999999,0.0,1.0,1.0,0.0,200804,1000
climatology,LA-KH,200805,2,1.38,0.5,1.0,1.0,0.0,200804,1000
climatology,LA-KH,200806,3,8.940000000000001,6.0,1.0,1.0,1.0,200804,1000
climatology,LA-KH,200807,1,35.06999999999999,31.0,1.0,1.0,3.0,200807,1000
climatology,LA-KH,200808,2,37.92,43.0,1.0,0.0,0.0,200807,1000
climatology,LA-KH,200809,3,14.089999999999996,7.5,1.0,1.0,4.0,200807,1000
climatology,LA-KH,200810,1,5.470000000000001,5.0,1.0,1.0,1.0,200810,1000
climatology,LA-KH,200811,2,1.4299999999999997,2.5,1.0,1.0,3.0,200810,1000
climatology,LA-KH,200812,3,3.6900000000000004,4.0,1.0,0.0,4.0,200810,1000
climatology,LA-KH,200901,1,0.9523149999999996,0.0,1.0,1.0,0.0,200901,1000
climatology,LA-KH,200902,2,0.12421499999999996,0.0,1.0,1.0,0.0,200901,1000
climatology,LA-KH,200903,3,5.305124,6.0,0.0,0.0,6.0,200901,1000
climatology,LA-KH,200904,1,0.09109100000000003,0.0,1.0,1.0,0.0,200904,1000
climatology,LA-KH,200905,2,4.0487779999999995,6.0,1.0,0.0,6.0,200904,1000
climatology,LA-KH,200906,3,46.36775900000001,74.0,1.0,0.0,80.0,200904,1000
climatology,LA-KH,200907,1,68.223464,127.0,1.0,1.0,155.0,200907,1000
climatology,LA-KH,200908,2,171.36027,263.0,0.0,0.0,303.0,200907,1000
climatology,LA-KH,200909,3,187.12138299999998,267.0,0.0,0.0,277.0,200907,1000
climatology,LA-KH,200910,1,57.593343000000004,80.0,0.0,0.0,85.0,200910,1000
climatology,LA-KH,200911,2,54.814001,60.0,0.0,0.0,61.0,200910,1000
climatology,LA-KH,200912,3,52.764233,67.0,0.0,0.0,67.0,200910,1000
climatology,LA-LM,200801,1,0.0,0.0,1.0,1.0,0.0,200801,1000
climatology,LA-LM,200802,2,0.0,0.0,1.0,1.0,0.0,200801,1000
climatology,LA-LM,200803,3,0.04999999999999999,0.0,1.0,1.0,0.0,200801,1000
climatology,LA-LM,200804,1,0.010000000000000009,0.0,1.0,1.0,0.0,200804,1000
climatology,LA-LM,200805,2,0.0,0.0,1.0,1.0,0.0,200804,1000
climatology,LA-LM,200806,3,0.0,0.0,1.0,1.0,0.0,200804,1000
climatology,LA-LM,200807,1,0.04999999999999999,0.0,1.0,1.0,0.0,200807,1000
climatology,LA-LM,200808,2,0.02999999999999997,0.0,1.0,1.0,0.0,200807,1000
climatology,LA-LM,200809,3,0.0,0.0,1.0,1.0,0.0,200807,1000
climatology,LA-LM,200810,1,0.09000000000000002,0.0,1.0,1.0,0.0,200810,1000
climatology,LA-LM,200811,2,0.020000000000000018,0.0,1.0,1.0,0.0,200810,1000
climatology,LA-LM,200812,3,0.0,0.0,1.0,1.0,0.0,200810,1000
climatology,LA-LM,200901,1,0.0,0.0,1.0,1.0,0.0,200901,1000
climatology,LA-LM,200902,2,0.0,0.0,1.0,1.0,0.0,200901,1000
climatology,LA-LM,200903,3,0.041405000000000025,0.0,1.0,1.0,0.0,200901,1000
climatology,LA-LM,200904,1,0.826281,1.0,0.0,0.0,1.0,200904,1000
climatology,LA-LM,200905,2,0.0,0.0,1.0,1.0,0.0,200904,1000
climatology,LA-LM,200906,3,2.0,2.0,0.0,0.0,2.0,200904,1000
climatology,LA-LM,200907,1,0.677405,1.0,1.0,0.0,1.0,200907,1000
climatology,LA-LM,200908,2,0.02484300000000003,0.0,1.0,1.0,0.0,200907,1000
climatology,LA-LM,200909,3,4.0,4.0,0.0,0.0,4.0,200907,1000
climatology,LA-LM,200910,1,4.164529,5.0,0.0,0.0,5.0,200910,1000
climatology,LA-LM,200911,2,5.652562,6.0,0.0,0.0,6.0,200910,1000
climatology,LA-LM,200912,3,4.0,4.0,0.0,0.0,4.0,200910,1000
climatology,LA-LP,200801,1,0.19999999999999996,0.0,1.0,1.0,0.0,200801,1000
climatology,LA-LP,200802,2,13.92,16.0,0.0,0.0,16.0,200801,1000
climatology,LA-LP,200803,3,20.810000000000002,22.0,0.0,0.0,22.0,200801,1000
climatology,LA-LP,200804,1,31.229999999999997,32.5,0.0,0.0,33.0,200804,1000
climatology,LA-LP,200805,2,107.3,113.0,0.0,0.0,116.0,200804,1000
climatology,LA-LP,200806,3,132.97,153.0,0.0,0.0,160.0,200804,1000
climatology,LA-LP,200807,1,10.659999999999998,13.5,1.0,0.0,16.0,200807,1000
climatology,LA-LP,200808,2,12.43,17.0,1.0,1.0,13.0,200807,1000
climatology,LA-LP,200809,3,10.5,12.5,1.0,1.0,14.0,200807,1000
climatology,LA-LP,200810,1,9.549999999999999,15.0,1.0,0.0,33.0,200810,1000
climatology,LA-LP,200811,2,103.0,107.0,0.0,0.0,116.0,200810,1000
climatology,LA-LP,200812,3,126.82,158.5,0.0,0.0,161.0,200810,1000
climatology,LA-LP,200901,1,0.16562000000000004,0.0,1.0,1.0,0.0,200901,1000
climatology,LA-LP,200902,2,0.5962320000000001,0.0,1.0,1.0,0.0,200901,1000
climatology,LA-LP,200903,3,0.4720169999999997,0.0,1.0,1.0,0.0,200901,1000
climatology,LA-LP,200904,1,0.8104469999999999,1.0,1.0,1.0,0.0,200904,1000
climatology,LA-LP,200905,2,3.589589,3.0,1.0,0.0,0.0,200904,1000
climatology,LA-LP,200906,3,5.813261999999998,0.0,1.0,1.0,9.0,200904,1000
climatology,LA-LP,200907,1,4.452995999999999,2.0,1.0,1.0,30.0,200907,1000
climatology,LA-LP,200908,2,8.377825999999999,2.0,1.0,1.0,32.0,200907,1000
climatology,LA-LP,200909,3,238.358321,292.0,0.0,0.0,313.0,200907,1000
climatology,LA-LP,200910,1,126.23871400000002,147.0,0.0,0.0,165.0,200910,1000
climatology,LA-LP,200911,2,61.383126999999995,78.0,0.0,0.0,87.0,200910,1000
climatology,LA-LP,200912,3,7.821726000000002,3.0,1.0,1.0,0.0,200910,1000
climatology,LA-OU,200801,1,0.0,0.0,1.0,1.0,0.0,200801,1000
climatology,LA-OU,200802,2,0.0,0.0,1.0,1.0,0.0,200801,1000
climatology,LA-OU,200803,3,0.0,0.0,1.0,1.0,0.0,200801,1000
climatology,LA-OU,200804,1,0.0,0.0,1.0,1.0,0.0,200804,1000
climatology,LA-OU,200805,2,0.010000000000000009,0.0,1.0,1.0,0.0,200804,1000
climatology,LA-OU,200806,3,0.010000000000000009,0.0,1.0,1.0,0.0,200804,1000
climatology,LA-OU,200807,1,0.04000000000000001,0.0,1.0,1.0,0.0,200807,1000
climatology,LA-OU,200808,2,0.12,0.0,1.0,1.0,0.0,200807,1000
climatology,LA-OU,200809,3,0.04000000000000001,0.0,1.0,1.0,0.0,200807,1000
climatology,LA-OU,200810,1,0.07999999999999996,0.0,1.0,1.0,0.0,200810,1000
climatology,LA-OU,200811,2,0.010000000000000009,0.0,1.0,1.0,0.0,200810,1000
climatology,LA-OU,200812,3,0.0,0.0,1.0,1.0,0.0,200810,1000
climatology,LA-OU,200901,1,0.0,0.0,1.0,1.0,0.0,200901,1000
climatology,LA-OU,200902,2,0.0,0.0,1.0,1.0,0.0,200901,1000
climatology,LA-OU,200903,3,0.0,0.0,1.0,1.0,0.0,200901,1000
climatology,LA-OU,200904,1,0.0,0.0,1.0,1.0,0.0,200904,1000
climatology,LA-OU,200905,2,0.008280999999999997,0.0,1.0,1.0,0.0,200904,1000
climatology,LA-OU,200906,3,0.008280999999999997,0.0,1.0,1.0,0.0,200904,1000
climatology,LA-OU,200907,1,0.03312399999999999,0.0,1.0,1.0,0.0,200907,1000
climatology,LA-OU,200908,2,0.7353719999999999,1.0,1.0,0.0,1.0,200907,1000
climatology,LA-OU,200909,3,14.669124,15.0,0.0,0.0,15.0,200907,1000
climatology,LA-OU,200910,1,4.974247999999999,6.0,0.0,0.0,6.0,200910,1000
climatology,LA-OU,200911,2,12.826281,13.0,0.0,0.0,13.0,200910,1000
climatology,LA-OU,200912,3,18.0,18.0,0.0,0.0,18.0,200910,1000
climatology,LA-PH,200901,1,0.0,0.0,1.0,1.0,0.0,200901,1000
climatology,LA-PH,200902,2,0.0,0.0,1.0,1.0,0.0,200901,1000
climatology,LA-PH,200903,3,0.0,0.0,1.0,1.0,0.0,200901,1000
climatology,LA-PH,200904,1,0.0,0.0,1.0,1.0,0.0,200904,1000
climatology,LA-PH,200905,2,0.0,0.0,1.0,1.0,0.0,200904,1000
climatology,LA-PH,200906,3,0.0,0.0,1.0,1.0,0.0,200904,1000
climatology,LA-PH,200907,1,0.0,0.0,1.0,1.0,0.0,200907,1000
climatology,LA-PH,200909,3,0.040000000000000036,0.0,1.0,1.0,0.0,200907,1000
climatology,LA-PH,200910,1,0.0,0.0,1.0,1.0,0.0,200910,1000
climatology,LA-PH,200911,2,0.0,0.0,1.0,1.0,0.0,200910,1000
climatology,LA-PH,200912,3,0.0,0.0,1.0,1.0,0.0,200910,1000
climatology,LA-SL,200801,1,0.10999999999999999,0.0,1.0,1.0,0.0,200801,1000
climatology,LA-SL,200802,2,1.0,1.0,0.0,0.0,1.0,200801,1000
climatology,LA-SL,200803,3,4.62,5.0,0.0,0.0,5.0,200801,1000
climatology,LA-SL,200804,1,2.0,2.0,0.0,0.0,2.0,200804,1000
climatology,LA-SL,200805,2,82.75,105.0,0.0,0.0,105.0,200804,1000
climatology,LA-SL,200806,3,206.97,226.0,0.0,0.0,226.0,200804,1000
climatology,LA-SL,200807,1,75.25,77.0,0.0,0.0,78.0,200807,1000
climatology,LA-SL,200808,2,52.45,62.0,0.0,0.0,63.0,200807,1000
climatology,LA-SL,200809,3,76.05,85.0,0.0,0.0,85.0,200807,1000
climatology,LA-SL,200810,1,89.54,91.0,0.0,0.0,91.0,200810,1000
climatology,LA-SL,200811,2,19.16,21.0,0.0,0.0,21.0,200810,1000
climatology,LA-SL,200812,3,5.69,8.0,0.0,0.0,8.0,200810,1000
climatology,LA-SL,200901,1,0.545091,1.0,1.0,1.0,1.0,200901,1000
climatology,LA-SL,200902,2,23.826280999999998,24.0,0.0,0.0,24.0,200901,1000
climatology,LA-SL,200903,3,23.817090999999998,25.0,0.0,0.0,25.0,200901,1000
climatology,LA-SL,200904,1,18.652562,19.0,0.0,0.0,19.0,200904,1000
climatology,LA-SL,200905,2,83.899938,122.0,0.0,0.0,122.0,200904,1000
climatology,LA-SL,200906,3,30.133145000000003,42.0,1.0,0.0,42.0,200904,1000
climatology,LA-SL,200907,1,148.17646399999998,163.0,0.0,0.0,164.0,200907,1000
climatology,LA-SL,200908,2,107.331804,125.0,0.0,0.0,127.0,200907,1000
climatology,LA-SL,200909,3,68.83130799999999,91.0,0.0,0.0,91.0,200907,1000
climatology,LA-SL,200910,1,76.984001,94.0,0.0,0.0,94.0,200910,1000
climatology,LA-SL,200911,2,38.830017000000005,44.0,0.0,0.0,44.0,200910,1000
climatology,LA-SL,200912,3,13.699703,17.0,0.0,0.0,17.0,200910,1000
climatology,LA-SV,200801,1,1.7800000000000002,0.5,1.0,1.0,1.0,200801,1000
climatology,LA-SV,200802,2,0.6200000000000001,0.5,1.0,1.0,1.0,200801,1000
climatology,LA-SV,200803,3,1.42,1.0,1.0,1.0,1.0,200801,1000
climatology,LA-SV,200804,1,6.08,7.0,0.0,0.0,0.0,200804,1000
climatology,LA-SV,200805,2,27.53,36.0,0.0,0.0,1.0,200804,1000
climatology,LA-SV,200806,3,67.57,70.5,1.0,0.0,10.0,200804,1000
climatology,LA-SV,200807,1,150.21999999999997,218.0,1.0,0.0,11.0,200807,1000
climatology,LA-SV,200808,2,140.25,205.0,1.0,0.0,4.0,200807,1000
climatology,LA-SV,200809,3,115.49,178.0,0.0,0.0,2.0,200807,1000
climatology,LA-SV,200810,1,53.19,81.0,1.0,0.0,10.0,200810,1000
climatology,LA-SV,200811,2,12.810000000000002,14.0,1.0,1.0,2.0,200810,1000
climatology,LA-SV,200812,3,8.030000000000001,4.5,1.0,1.0,0.0,200810,1000
climatology,LA-SV,200901,1,1.7460180000000003,1.0,1.0,1.0,0.0,200901,1000
climatology,LA-SV,200902,2,0.6034219999999999,1.0,1.0,1.0,0.0,200901,1000
climatology,LA-SV,200903,3,1.0848110000000002,0.0,1.0,1.0,0.0,200901,1000
climatology,LA-SV,200904,1,5.027028,6.0,1.0,0.0,0.0,200904,1000
climatology,LA-SV,200905,2,23.760858999999996,31.0,0.0,0.0,0.0,200904,1000
climatology,LA-SV,200906,3,63.428528,72.0,0.0,0.0,1.0,200904,1000
climatology,LA-SV,200907,1,123.24315000000001,212.0,1.0,1.0,13.0,200907,1000
climatology,LA-SV,200908,2,102.30625,137.0,1.0,1.0,34.0,200907,1000
climatology,LA-SV,200909,3,77.799763,132.0,1.0,1.0,48.0,200907,1000
climatology,LA-SV,200910,1,41.95170999999999,73.0,1.0,1.0,16.0,200910,1000
climatology,LA-SV,200911,2,12.497231,19.0,1.0,1.0,33.0,200910,1000
climatology,LA-SV,200912,3,6.103097000000002,0.0,1.0,1.0,4.0,200910,1000
climatology,LA-VT,200801,1,10.870000000000001,11.0,1.0,1.0,29.0,200801,1000
climatology,LA-VT,200802,2,9.379999999999999,14.5,0.0,0.0,12.0,200801,1000
climatology,LA-VT,200803,3,4.52,2.5,1.0,1.0,26.0,200801,1000
climatology,LA-VT,200804,1,36.69,50.0,0.0,0.0,4.0,200804,1000
climatology,LA-VT,200805,2,62.269999999999996,92.0,0.0,0.0,17.0,200804,1000
climatology,LA-VT,200806,3,83.00999999999999,93.0,0.0,0.0,60.0,200804,1000
climatology,LA-VT,200807,1,191.24999999999997,247.0,0.0,0.0,132.0,200807,1000
climatology,LA-VT,200808,2,165.85999999999999,220.0,0.0,0.0,144.0,200807,1000
climatology,LA-VT,200809,3,113.29999999999998,176.5,1.0,0.0,158.0,200807,1000
climatology,LA-VT,200810,1,129.48000000000002,243.5,0.0,0.0,95.0,200810,1000
climatology,LA-VT,200811,2,36.84,40.5,1.0,1.0,129.0,200810,1000
climatology,LA-VT,200812,3,17.979999999999997,8.0,1.0,1.0,91.0,200810,1000
climatology,LA-VT,200901,1,7.815081999999997,2.0,1.0,1.0,38.0,200901,1000
climatology,LA-VT,200902,2,3.934482,6.0,1.0,1.0,20.0,200901,1000
climatology,LA-VT,200903,3,7.282829999999999,9.0,1.0,0.0,19.0,200901,1000
climatology,LA-VT,200904,1,9.680054000000002,20.0,1.0,1.0,33.0,200904,1000
climatology,LA-VT,200905,2,27.720475,55.0,1.0,1.0,54.0,200904,1000
climatology,LA-VT,200906,3,38.075081999999995,45.0,1.0,0.0,104.0,200904,1000
climatology,LA-VT,200907,1,86.36204900000001,46.0,1.0,1.0,302.0,200907,1000
climatology,LA-VT,200908,2,101.89189400000001,104.0,1.0,1.0,356.0,200907,1000
climatology,LA-VT,200909,3,112.384425,153.0,1.0,1.0,470.0,200907,1000
climatology,LA-VT,200910,1,145.485435,277.0,0.0,0.0,527.0,200910,1000
climatology,LA-VT,200911,2,297.66520299999996,381.0,0.0,0.0,521.0,200910,1000
climatology,LA-VT,200912,3,224.551238,275.0,0.0,0.0,366.0,200910,1000
climatology,LA-XA,200801,1,0.17000000000000004,0.0,1.0,1.0,0.0,200801,1000
climatology,LA-XA,200802,2,0.9500000000000002,0.0,1.0,1.0,0.0,200801,1000
climatology,LA-XA,200803,3,0.7399999999999998,0.5,1.0,1.0,0.0,200801,1000
climatology,LA-XA,200804,1,3.460000000000001,2.5,0.0,0.0,0.0,200804,1000
climatology,LA-XA,200805,2,5.659999999999997,0.5,1.0,1.0,2.0,200804,1000
climatology,LA-XA,200806,3,14.030000000000001,1.5,1.0,1.0,6.0,200804,1000
climatology,LA-XA,200807,1,24.69,49.0,1.0,1.0,19.0,200807,1000
climatology,LA-XA,200808,2,9.729999999999997,8.0,1.0,1.0,7.0,200807,1000
climatology,LA-XA,200809,3,4.75,2.0,1.0,0.0,1.0,200807,1000
climatology,LA-XA,200810,1,1.5699999999999994,1.0,1.0,1.0,3.0,200810,1000
climatology,LA-XA,200811,2,1.83,1.5,1.0,0.0,2.0,200810,1000
climatology,LA-XA,200812,3,1.9600000000000009,1.0,1.0,1.0,1.0,200810,1000
climatology,LA-XA,200901,1,0.14077699999999993,0.0,1.0,1.0,0.0,200901,1000
climatology,LA-XA,200902,2,0.7866949999999999,0.0,1.0,1.0,0.0,200901,1000
climatology,LA-XA,200903,3,0.6127940000000001,0.0,1.0,1.0,0.0,200901,1000
climatology,LA-XA,200904,1,2.8624980000000004,2.0,1.0,0.0,0.0,200904,1000
climatology,LA-XA,200905,2,4.777046000000006,1.0,1.0,1.0,1.0,200904,1000
climatology,LA-XA,200906,3,13.430243,8.0,1.0,1.0,14.0,200904,1000
climatology,LA-XA,200907,1,22.570512,55.0,1.0,1.0,11.0,200907,1000
climatology,LA-XA,200908,2,13.305413000000001,30.0,1.0,1.0,37.0,200907,1000
climatology,LA-XA,200909,3,6.654747,8.0,1.0,1.0,11.0,200907,1000
climatology,LA-XA,200910,1,2.0250260000000004,3.0,1.0,1.0,5.0,200910,1000
climatology,LA-XA,200911,2,3.4219680000000006,4.0,1.0,0.0,5.0,200910,1000
climatology,LA-XA,200912,3,1.5319850000000006,0.0,1.0,1.0,0.0,200910,1000
climatology,LA-XE,200801,1,0.09,0.0,1.0,1.0,0.0,200801,1000
climatology,LA-XE,200802,2,0.12,0.0,1.0,1.0,0.0,200801,1000
climatology,LA-XE,200803,3,0.0,0.0,1.0,1.0,0.0,200801,1000
climatology,LA-XE,200804,1,0.024641999999999997,0.0,1.0,1.0,0.0,200804,1000
climatology,LA-XE,200805,2,0.08000000000000002,0.0,1.0,1.0,0.0,200804,1000
climatology,LA-XE,200806,3,3.15,4.5,0.0,0.0,5.0,200804,1000
climatology,LA-XE,200807,1,0.40000000000000013,0.0,1.0,1.0,0.0,200807,1000
climatology,LA-XE,200808,2,0.18999999999999995,0.0,1.0,1.0,0.0,200807,1000
climatology,LA-XE,200809,3,0.6699999999999999,1.0,1.0,1.0,1.0,200807,1000
climatology,LA-XE,200810,1,0.5599999999999998,0.5,1.0,1.0,0.0,200810,1000
climatology,LA-XE,200811,2,0.024641999999999997,0.0,1.0,1.0,0.0,200810,1000
climatology,LA-XE,200812,3,0.790321,1.0,1.0,0.0,1.0,200810,1000
climatology,LA-XE,200901,1,0.07452900000000001,0.0,1.0,1.0,0.0,200901,1000
climatology,LA-XE,200902,2,1.371372,2.0,1.0,0.0,2.0,200901,1000
climatology,LA-XE,200903,3,2.0,2.0,0.0,0.0,2.0,200901,1000
climatology,LA-XE,200904,1,0.8200000000000001,1.0,0.0,0.0,1.0,200904,1000
climatology,LA-XE,200905,2,1.3382479999999999,2.0,1.0,0.0,2.0,200904,1000
climatology,LA-XE,200906,3,6.6023309999999995,8.0,0.0,0.0,9.0,200904,1000
climatology,LA-XE,200907,1,26.419240000000002,29.0,0.0,0.0,29.0,200907,1000
climatology,LA-XE,200908,2,25.883339,27.0,0.0,0.0,27.0,200907,1000
climatology,LA-XE,200909,3,4.097554,6.0,0.0,0.0,6.0,200907,1000
climatology,LA-XE,200910,1,4.551736,7.0,0.0,0.0,7.0,200910,1000
climatology,LA-XE,200911,2,2.6199999999999997,3.0,0.0,0.0,3.0,200910,1000
climatology,LA-XE,200912,3,6.64,7.0,0.0,0.0,7.0,200910,1000
climatology,LA-XI,200801,1,0.0,0.0,1.0,1.0,0.0,200801,1000
climatology,LA-XI,200802,2,0.0,0.0,1.0,1.0,0.0,200801,1000
climatology,LA-XI,200803,3,0.0,0.0,1.0,1.0,0.0,200801,1000
climatology,LA-XI,200804,1,0.0,0.0,1.0,1.0,0.0,200804,1000
climatology,LA-XI,200805,2,0.0,0.0,1.0,1.0,0.0,200804,1000
climatology,LA-XI,200806,3,1.0,1.0,0.0,0.0,1.0,200804,1000
climatology,LA-XI,200807,1,0.0,0.0,1.0,1.0,0.0,200807,1000
climatology,LA-XI,200808,2,0.020000000000000018,0.0,1.0,1.0,0.0,200807,1000
climatology,LA-XI,200809,3,0.010000000000000009,0.0,1.0,1.0,0.0,200807,1000
climatology,LA-XI,200810,1,0.0,0.0,1.0,1.0,0.0,200810,1000
climatology,LA-XI,200811,2,0.010000000000000009,0.0,1.0,1.0,0.0,200810,1000
climatology,LA-XI,200812,3,0.0,0.0,1.0,1.0,0.0,200810,1000
climatology,LA-XI,200901,1,0.0,0.0,1.0,1.0,0.0,200901,1000
climatology,LA-XI,200902,2,0.0,0.0,1.0,1.0,0.0,200901,1000
climatology,LA-XI,200903,3,0.0,0.0,1.0,1.0,0.0,200901,1000
climatology,LA-XI,200904,1,0.0,0.0,1.0,1.0,0.0,200904,1000
climatology,LA-XI,200905,2,39.0,39.0,0.0,0.0,39.0,200904,1000
climatology,LA-XI,200906,3,32.826281,33.0,0.0,0.0,33.0,200904,1000
climatology,LA-XI,200907,1,1.0,1.0,0.0,0.0,1.0,200907,1000
climatology,LA-XI,200908,2,9.652562,10.0,0.0,0.0,10.0,200907,1000
climatology,LA-XI,200909,3,0.008280999999999997,0.0,1.0,1.0,0.0,200907,1000
climatology,LA-XI,200910,1,0.0,0.0,1.0,1.0,0.0,200910,1000
climatology,LA-XI,200911,2,0.008280999999999997,0.0,1.0,1.0,0.0,200910,1000
climatology,LA-XI,200912,3,0.0,0.0,1.0,1.0,0.0,200910,1000
ensemble,LA-AT,200801,1,3.2316260000000003,4.0,0.0,0.0,4.0,200801,1000
ensemble,LA-AT,200802,2,1.506383,2.0,1.0,0.0,2.0,200801,1000
ensemble,LA-AT,200803,3,0.03881800000000002,0.0,1.0,1.0,0.0,200801,1000
ensemble,LA-AT,200804,1,0.08809400000000012,0.0,1.0,1.0,0.0,200804,1000
ensemble,LA-AT,200805,2,3.094225,4.0,0.0,0.0,4.0,200804,1000
ensemble,LA-AT,200806,3,8.234311,10.0,0.0,0.0,10.0,200804,1000
ensemble,LA-AT,200807,1,2.514082,5.0,1.0,1.0,6.0,200807,1000
ensemble,LA-AT,200808,2,5.25227,10.0,0.0,0.0,11.0,200807,1000
ensemble,LA-AT,200809,3,15.766866999999998,23.0,0.0,0.0,24.0,200807,1000
ensemble,LA-AT,200810,1,32.557801,47.0,0.0,0.0,47.0,200810,1000
ensemble,LA-AT,200811,2,31.367194,43.0,0.0,0.0,43.0,200810,1000
ensemble,LA-AT,200812,3,12.253881999999999,23.0,1.0,0.0,23.0,200810,1000
ensemble,LA-AT,200901,1,9.701989000000001,18.0,1.0,0.0,18.0,200901,1000
ensemble,LA-AT,200902,2,35.1453,46.0,0.0,0.0,46.0,200901,1000
ensemble,LA-AT,200903,3,65.759781,77.0,0.0,0.0,77.0,200901,1000
ensemble,LA-AT,200904,1,64.30276599999999,99.0,0.0,0.0,99.0,200904,1000
ensemble,LA-AT,200905,2,5.084111000000002,0.0,1.0,1.0,0.0,200904,1000
ensemble,LA-AT,200906,3,14.487105,24.0,1.0,1.0,24.0,200904,1000
ensemble,LA-AT,200907,1,50.105630999999995,63.0,0.0,0.0,64.0,200907,1000
ensemble,LA-AT,200908,2,9.991439999999999,20.0,1.0,1.0,21.0,200907,1000
ensemble,LA-AT,200909,3,6.386005999999999,15.0,1.0,1.0,17.0,200907,1000
ensemble,LA-AT,200910,1,3.145346,2.0,1.0,1.0,4.0,200910,1000
ensemble,LA-AT,200911,2,6.696009000000001,16.0,1.0,1.0,16.0,200910,1000
ensemble,LA-AT,200912,3,3.365773999999999,6.0,1.0,1.0,6.0,200910,1000
ensemble,LA-BK,200801,1,0.668162,1.0,1.0,0.0,1.0,200801,1000
ensemble,LA-BK,200802,2,0.06821599999999994,0.0,1.0,1.0,0.0,200801,1000
ensemble,LA-BK,200803,3,0.07894800000000002,0.0,1.0,1.0,0.0,200801,1000
ensemble,LA-BK,200804,1,0.05944500000000008,0.0,1.0,1.0,0.0,200804,1000
ensemble,LA-BK,200805,2,10.48291,12.0,0.0,0.0,12.0,200804,1000
ensemble,LA-BK,200806,3,50.979109,53.0,0.0,0.0,53.0,200804,1000
ensemble,LA-BK,200807,1,4.016383000000001,0.0,1.0,1.0,2.0,200807,1000
ensemble,LA-BK,200808,2,6.178655999999998,8.0,1.0,1.0,9.0,200807,1000
ensemble,LA-BK,200809,3,16.710163,32.0,1.0,1.0,33.0,200807,1000
ensemble,LA-BK,200810,1,31.187620999999996,46.0,0.0,0.0,48.0,200810,1000
ensemble,LA-BK,200811,2,39.705354,55.0,0.0,0.0,55.0,200810,1000
ensemble,LA-BK,200812,3,4.052729,5.0,1.0,1.0,5.0,200810,1000
ensemble,LA-BK,200901,1,0.6773749999999998,1.0,1.0,1.0,1.0,200901,1000
ensemble,LA-BK,200902,2,0.46569499999999997,0.0,1.0,1.0,0.0,200901,1000
ensemble,LA-BK,200903,3,0.6725239999999999,1.0,1.0,1.0,1.0,200901,1000
ensemble,LA-BK,200904,1,2.017407,3.0,0.0,0.0,3.0,200904,1000
ensemble,LA-BK,200905,2,71.468003,74.0,0.0,0.0,74.0,200904,1000
ensemble,LA-BK,200906,3,207.70375099999998,215.0,0.0,0.0,216.0,200904,1000
ensemble,LA-BK,200907,1,117.79498799999999,210.0,1.0,0.0,212.0,200907,1000
ensemble,LA-BK,200908,2,65.868053,109.0,1.0,1.0,110.0,200907,1000
ensemble,LA-BK,200909,3,35.343115999999995,50.0,1.0,1.0,52.0,200907,1000
ensemble,LA-BK,200910,1,15.161538000000002,29.0,1.0,1.0,31.0,200910,1000
ensemble,LA-BK,200911,2,5.986456,5.0,1.0,1.0,5.0,200910,1000
ensemble,LA-BK,200912,3,4.728271000000001,4.0,1.0,1.0,4.0,200910,1000
ensemble,LA-BL,200801,1,4.883751,8.0,1.0,0.0,10.0,200801,1000
ensemble,LA-BL,200802,2,2.9042059999999994,5.0,1.0,1.0,7.0,200801,1000
ensemble,LA-BL,200803,3,2.342797000000001,2.0,1.0,1.0,1.0,200801,1000
ensemble,LA-BL,200804,1,2.300458,1.0,1.0,1.0,3.0,200804,1000
ensemble,LA-BL,200805,2,6.034662000000001,6.0,1.0,1.0,15.0,200804,1000
ensemble,LA-BL,200806,3,7.906533,1.0,1.0,1.0,19.0,200804,1000
ensemble,LA-BL,200807,1,12.165394,2.0,1.0,1.0,31.0,200807,1000
ensemble,LA-BL,200808,2,12.08314,1.0,1.0,1.0,32.0,200807,1000
ensemble,LA-BL,200809,3,11.780899999999995,1.0,1.0,1.0,30.0,200807,1000
ensemble,LA-BL,200810,1,13.416926000000004,23.0,1.0,0.0,5.0,200810,1000
ensemble,LA-BL,200811,2,6.361699999999999,5.0,1.0,1.0,12.0,200810,1000
ensemble,LA-BL,200812,3,5.232788999999999,6.0,1.0,1.0,1.0,200810,1000
ensemble,LA-BL,200901,1,1.478694,0.0,1.0,1.0,2.0,200901,1000
ensemble,LA-BL,200902,2,1.4259650000000006,1.0,1.0,1.0,3.0,200901,1000
ensemble,LA-BL,200903,3,2.0455109999999994,2.0,1.0,1.0,0.0,200901,1000
ensemble,LA-BL,200904,1,1.8834400000000002,1.0,1.0,1.0,2.0,200904,1000
ensemble,LA-BL,200905,2,8.668056999999997,11.5,1.0,0.0,0.0,200904,1000
ensemble,LA-BL,200906,3,9.209511,11.0,1.0,1.0,7.0,200904,1000
ensemble,LA-BL,200907,1,13.006442,7.0,1.0,1.0,35.0,200907,1000
ensemble,LA-BL,200908,2,13.898499999999999,16.0,1.0,1.0,9.0,200907,1000
ensemble,LA-BL,200909,3,16.815908999999998,24.0,1.0,0.0,0.0,200907,1000
ensemble,LA-BL,200910,1,8.327015,10.0,1.0,1.0,1.0,200910,1000
ensemble,LA-BL,200911,2,5.991992,9.0,1.0,1.0,2.0,200910,1000
ensemble,LA-BL,200912,3,2.3323259999999983,1.0,1.0,1.0,1.0,200910,1000
ensemble,LA-CH,200801,1,29.296772999999998,58.0,1.0,0.0,73.0,200801,1000
ensemble,LA-CH,200802,2,43.851406,82.0,1.0,0.0,90.0,200801,1000
ensemble,LA-CH,200803,3,42.192448999999996,77.5,1.0,0.0,92.0,200801,1000
ensemble,LA-CH,200804,1,24.343671000000008,46.0,1.0,1.0,69.0,200804,1000
ensemble,LA-CH,200805,2,38.11125,60.0,1.0,0.0,113.0,200804,1000
ensemble,LA-CH,200806,3,139.136689,215.5,1.0,0.0,295.0,200804,1000
ensemble,LA-CH,200807,1,51.71354499999998,41.0,1.0,1.0,162.0,200807,1000
ensemble,LA-CH,200808,2,51.153768000000014,5.0,1.0,1.0,143.0,200807,1000
ensemble,LA-CH,200809,3,54.957059999999984,60.5,1.0,1.0,185.0,200807,1000
ensemble,LA-CH,200810,1,36.61470899999999,48.5,1.0,1.0,140.0,200810,1000
ensemble,LA-CH,200811,2,35.78839500000001,59.5,1.0,1.0,102.0,200810,1000
ensemble,LA-CH,200812,3,32.41475500000001,48.0,1.0,1.0,73.0,200810,1000
ensemble,LA-CH,200901,1,12.089478,16.0,1.0,1.0,31.0,200901,1000
ensemble,LA-CH,200902,2,19.157579,41.0,1.0,1.0,48.0,200901,1000
ensemble,LA-CH,200903,3,23.026749000000002,46.0,1.0,1.0,60.0,200901,1000
ensemble,LA-CH,200904,1,47.01656799999999,79.0,0.0,0.0,102.0,200904,1000
ensemble,LA-CH,200905,2,20.317141,18.0,1.0,1.0,66.0,200904,1000
ensemble,LA-CH,200906,3,42.282061999999996,63.0,1.0,1.0,124.0,200904,1000
ensemble,LA-CH,200907,1,34.149242000000015,3.0,1.0,1.0,122.0,200907,1000
ensemble,LA-CH,200908,2,34.723929,4.0,1.0,1.0,110.0,200907,1000
ensemble,LA-CH,200909,3,33.51922200000001,13.0,1.0,1.0,105.0,200907,1000
ensemble,LA-CH,200910,1,23.938680000000005,21.0,1.0,1.0,59.0,200910,1000
ensemble,LA-CH,200911,2,18.517466,3.0,1.0,1.0,35.0,200910,1000
ensemble,LA-CH,200912,3,18.045829999999995,8.0,1.0,1.0,32.0,200910,1000
ensemble,LA-HO,200801,1,0.15828200000000003,0.0,1.0,1.0,0.0,200801,1000
ensemble,LA-HO,200802,2,0.15726399999999996,0.0,1.0,1.0,0.0,200801,1000
ensemble,LA-HO,200803,3,0.16361800000000004,0.0,1.0,1.0,0.0,200801,1000
ensemble,LA-HO,200804,1,0.036426000000000014,0.0,1.0,1.0,0.0,200804,1000
ensemble,LA-HO,200805,2,0.051634999999999986,0.0,1.0,1.0,0.0,200804,1000
ensemble,LA-HO,200806,3,0.08499900000000005,0.0,1.0,1.0,0.0,200804,1000
ensemble,LA-HO,200807,1,0.14340399999999998,0.0,1.0,1.0,0.0,200807,1000
ensemble,LA-HO,200808,2,0.10731899999999994,0.0,1.0,1.0,0.0,200807,1000
ensemble,LA-HO,200809,3,0.616619,1.0,1.0,1.0,1.0,200807,1000
ensemble,LA-HO,200810,1,0.20897299999999996,0.0,1.0,1.0,0.0,200810,1000
ensemble,LA-HO,200811,2,0.1487529999999999,0.0,1.0,1.0,0.0,200810,1000
ensemble,LA-HO,200812,3,0.38861200000000007,1.0,1.0,1.0,1.0,200810,1000
ensemble,LA-HO,200901,1,0.15050999999999992,0.0,1.0,1.0,0.0,200901,1000
ensemble,LA-HO,200902,2,0.142281,0.0,1.0,1.0,0.0,200901,1000
ensemble,LA-HO,200903,3,0.15447299999999997,0.0,1.0,1.0,0.0,200901,1000
ensemble,LA-HO,200904,1,0.04686800000000002,0.0,1.0,1.0,0.0,200904,1000
ensemble,LA-HO,200905,2,0.050163999999999986,0.0,1.0,1.0,0.0,200904,1000
ensemble,LA-HO,200906,3,0.11038499999999996,0.0,1.0,1.0,0.0,200904,1000
ensemble,LA-HO,200907,1,0.13911799999999996,0.0,1.0,1.0,0.0,200907,1000
ensemble,LA-HO,200908,2,0.108236,0.0,1.0,1.0,0.0,200907,1000
ensemble,LA-HO,200909,3,0.611768,1.0,1.0,1.0,1.0,200907,1000
ensemble,LA-HO,200910,1,0.40282399999999996,1.0,1.0,1.0,1.0,200910,1000
ensemble,LA-HO,200911,2,0.441372,1.0,1.0,1.0,1.0,200910,1000
ensemble,LA-HO,200912,3,0.36792099999999994,1.0,1.0,1.0,1.0,200910,1000
ensemble,LA-KH,200801,1,1.0526809999999998,0.0,1.0,1.0,0.0,200801,1000
ensemble,LA-KH,200802,2,0.5236080000000003,0.0,1.0,1.0,0.0,200801,1000
ensemble,LA-KH,200803,3,0.569515,0.0,1.0,1.0,0.0,200801,1000
ensemble,LA-KH,200804,1,0.6047979999999997,0.0,1.0,1.0,0.0,200804,1000
ensemble,LA-KH,200805,2,2.313815,1.0,1.0,1.0,0.0,200804,1000
ensemble,LA-KH,200806,3,5.194952999999998,1.0,1.0,1.0,1.0,200804,1000
ensemble,LA-KH,200807,1,10.974123000000006,1.0,1.0,1.0,3.0,200807,1000
ensemble,LA-KH,200808,2,11.334487000000003,5.0,1.0,1.0,0.0,200807,1000
ensemble,LA-KH,200809,3,6.141068000000001,1.0,1.0,1.0,4.0,200807,1000
ensemble,LA-KH,200810,1,4.155951,3.0,1.0,1.0,1.0,200810,1000
ensemble,LA-KH,200811,2,1.786804,0.0,1.0,1.0,3.0,200810,1000
ensemble,LA-KH,200812,3,2.378908000000001,4.0,1.0,1.0,4.0,200810,1000
ensemble,LA-KH,200901,1,1.155131,0.0,1.0,1.0,0.0,200901,1000
ensemble,LA-KH,200902,2,0.9354809999999993,0.0,1.0,1.0,0.0,200901,1000
ensemble,LA-KH,200903,3,3.2568199999999994,6.0,1.0,0.0,6.0,200901,1000
ensemble,LA-KH,200904,1,1.0689170000000008,0.0,1.0,1.0,0.0,200904,1000
ensemble,LA-KH,200905,2,3.346244000000002,3.0,1.0,1.0,6.0,200904,1000
ensemble,LA-KH,200906,3,46.822599999999994,74.0,1.0,0.0,80.0,200904,1000
ensemble,LA-KH,200907,1,80.73428899999999,130.0,1.0,0.0,155.0,200907,1000
ensemble,LA-KH,200908,2,200.30541900000003,263.0,0.0,0.0,303.0,200907,1000
ensemble,LA-KH,200909,3,193.995201,263.0,0.0,0.0,277.0,200907,1000
ensemble,LA-KH,200910,1,42.975998000000004,68.0,1.0,1.0,85.0,200910,1000
ensemble,LA-KH,200911,2,39.438564,57.0,1.0,1.0,61.0,200910,1000
ensemble,LA-KH,200912,3,40.759653,63.0,1.0,1.0,67.0,200910,1000
ensemble,LA-LM,200801,1,0.024737999999999982,0.0,1.0,1.0,0.0,200801,1000
ensemble,LA-LM,200802,2,0.0435620000000001,0.0,1.0,1.0,0.0,200801,1000
ensemble,LA-LM,200803,3,0.06079200000000007,0.0,1.0,1.0,0.0,200801,1000
ensemble,LA-LM,200804,1,0.040669999999999984,0.0,1.0,1.0,0.0,200804,1000
ensemble,LA-LM,200805,2,0.044161999999999924,0.0,1.0,1.0,0.0,200804,1000
ensemble,LA-LM,200806,3,0.05607899999999999,0.0,1.0,1.0,0.0,200804,1000
ensemble,LA-LM,200807,1,0.08355199999999996,0.0,1.0,1.0,0.0,200807,1000
ensemble,LA-LM,200808,2,0.11607900000000004,0.0,1.0,1.0,0.0,200807,1000
ensemble,LA-LM,200809,3,0.12146199999999996,0.0,1.0,1.0,0.0,200807,1000
ensemble,LA-LM,200810,1,0.12267899999999998,0.0,1.0,1.0,0.0,200810,1000
ensemble,LA-LM,200811,2,0.04981000000000002,0.0,1.0,1.0,0.0,200810,1000
ensemble,LA-LM,200812,3,0.03526499999999999,0.0,1.0,1.0,0.0,200810,1000
ensemble,LA-LM,200901,1,0.036600999999999995,0.0,1.0,1.0,0.0,200901,1000
ensemble,LA-LM,200902,2,0.02998099999999998,0.0,1.0,1.0,0.0,200901,1000
ensemble,LA-LM,200903,3,0.05572900000000003,0.0,1.0,1.0,0.0,200901,1000
ensemble,LA-LM,200904,1,0.7379449999999999,1.0,1.0,0.0,1.0,200904,1000
ensemble,LA-LM,200905,2,0.043868999999999936,0.0,1.0,1.0,0.0,200904,1000
ensemble,LA-LM,200906,3,1.548746,2.0,1.0,0.0,2.0,200904,1000
ensemble,LA-LM,200907,1,0.4805210000000002,1.0,1.0,1.0,1.0,200907,1000
ensemble,LA-LM,200908,2,0.36416800000000005,0.0,1.0,1.0,0.0,200907,1000
ensemble,LA-LM,200909,3,2.487158,4.0,0.0,0.0,4.0,200907,1000
ensemble,LA-LM,200910,1,2.540607,5.0,0.0,0.0,5.0,200910,1000
ensemble,LA-LM,200911,2,3.5667500000000003,6.0,0.0,0.0,6.0,200910,1000
ensemble,LA-LM,200912,3,1.912248,4.0,1.0,1.0,4.0,200910,1000
ensemble,LA-LP,200801,1,1.0503390000000001,1.0,1.0,1.0,0.0,200801,1000
ensemble,LA-LP,200802,2,10.718458000000002,15.0,0.0,0.0,16.0,200801,1000
ensemble,LA-LP,200803,3,15.43233,21.0,0.0,0.0,22.0,200801,1000
ensemble,LA-LP,200804,1,19.392684000000003,31.0,0.0,0.0,33.0,200804,1000
ensemble,LA-LP,200805,2,91.868,111.0,0.0,0.0,116.0,200804,1000
ensemble,LA-LP,200806,3,122.018032,151.0,0.0,0.0,160.0,200804,1000
ensemble,LA-LP,200807,1,21.487496,17.5,1.0,1.0,16.0,200807,1000
ensemble,LA-LP,200808,2,21.156276,17.0,1.0,1.0,13.0,200807,1000
ensemble,LA-LP,200809,3,19.845612000000003,18.0,1.0,1.0,14.0,200807,1000
ensemble,LA-LP,200810,1,12.539979999999998,19.0,1.0,0.0,33.0,200810,1000
ensemble,LA-LP,200811,2,91.122973,107.0,0.0,0.0,116.0,200810,1000
ensemble,LA-LP,200812,3,137.74155900000002,158.0,0.0,0.0,161.0,200810,1000
ensemble,LA-LP,200901,1,10.465793000000005,1.0,1.0,1.0,0.0,200901,1000
ensemble,LA-LP,200902,2,10.669252999999998,2.0,1.0,1.0,0.0,200901,1000
ensemble,LA-LP,200903,3,11.547217000000003,2.0,1.0,1.0,0.0,200901,1000
ensemble,LA-LP,200904,1,1.3190180000000007,1.0,1.0,1.0,0.0,200904,1000
ensemble,LA-LP,200905,2,2.6251119999999997,3.0,1.0,1.0,0.0,200904,1000
ensemble,LA-LP,200906,3,5.110876000000001,4.0,1.0,1.0,9.0,200904,1000
ensemble,LA-LP,200907,1,9.110577,16.0,1.0,1.0,30.0,200907,1000
ensemble,LA-LP,200908,2,11.507940999999999,20.0,1.0,1.0,32.0,200907,1000
ensemble,LA-LP,200909,3,254.92851000000002,299.0,0.0,0.0,313.0,200907,1000
ensemble,LA-LP,200910,1,80.103687,145.0,1.0,1.0,165.0,200910,1000
ensemble,LA-LP,200911,2,49.19654600000001,75.0,1.0,1.0,87.0,200910,1000
ensemble,LA-LP,200912,3,26.472596999999993,5.0,1.0,0.0,0.0,200910,1000
ensemble,LA-OU,200801,1,0.06338599999999994,0.0,1.0,1.0,0.0,200801,1000
ensemble,LA-OU,200802,2,0.04860300000000006,0.0,1.0,1.0,0.0,200801,1000
ensemble,LA-OU,200803,3,0.06338599999999994,0.0,1.0,1.0,0.0,200801,1000
ensemble,LA-OU,200804,1,0.06066400000000005,0.0,1.0,1.0,0.0,200804,1000
ensemble,LA-OU,200805,2,0.09379500000000007,0.0,1.0,1.0,0.0,200804,1000
ensemble,LA-OU,200806,3,0.25100200000000017,0.0,1.0,1.0,0.0,200804,1000
ensemble,LA-OU,200807,1,0.35533199999999976,0.0,1.0,1.0,0.0,200807,1000
ensemble,LA-OU,200808,2,0.28027099999999994,0.0,1.0,1.0,0.0,200807,1000
ensemble,LA-OU,200809,3,0.23409000000000013,0.0,1.0,1.0,0.0,200807,1000
ensemble,LA-OU,200810,1,0.1317060000000001,0.0,1.0,1.0,0.0,200810,1000
ensemble,LA-OU,200811,2,0.10619799999999979,0.0,1.0,1.0,0.0,200810,1000
ensemble,LA-OU,200812,3,0.06996099999999994,0.0,1.0,1.0,0.0,200810,1000
ensemble,LA-OU,200901,1,0.05242799999999992,0.0,1.0,1.0,0.0,200901,1000
ensemble,LA-OU,200902,2,0.048780000000000046,0.0,1.0,1.0,0.0,200901,1000
ensemble,LA-OU,200903,3,0.05410599999999999,0.0,1.0,1.0,0.0,200901,1000
ensemble,LA-OU,200904,1,0.05942999999999998,0.0,1.0,1.0,0.0,200904,1000
ensemble,LA-OU,200905,2,0.15639799999999981,0.0,1.0,1.0,0.0,200904,1000
ensemble,LA-OU,200906,3,0.46154600000000023,0.0,1.0,1.0,0.0,200904,1000
ensemble,LA-OU,200907,1,0.386984,0.0,1.0,1.0,0.0,200907,1000
ensemble,LA-OU,200908,2,0.8535870000000001,1.0,1.0,1.0,1.0,200907,1000
ensemble,LA-OU,200909,3,11.402951,15.0,0.0,0.0,15.0,200907,1000
ensemble,LA-OU,200910,1,3.1055469999999996,6.0,1.0,1.0,6.0,200910,1000
ensemble,LA-OU,200911,2,6.149346,13.0,1.0,1.0,13.0,200910,1000
ensemble,LA-OU,200912,3,10.240102,18.0,0.0,0.0,18.0,200910,1000
ensemble,LA-PH,200901,1,0.02993199999999996,0.0,1.0,1.0,0.0,200901,1000
ensemble,LA-PH,200902,2,0.03168499999999996,0.0,1.0,1.0,0.0,200901,1000
ensemble,LA-PH,200903,3,0.027291999999999983,0.0,1.0,1.0,0.0,200901,1000
ensemble,LA-PH,200904,1,0.02577600000000002,0.0,1.0,1.0,0.0,200904,1000
ensemble,LA-PH,200905,2,0.025563000000000002,0.0,1.0,1.0,0.0,200904,1000
ensemble,LA-PH,200906,3,0.02764499999999992,0.0,1.0,1.0,0.0,200904,1000
ensemble,LA-PH,200907,1,0.028532999999999975,0.0,1.0,1.0,0.0,200907,1000
ensemble,LA-PH,200909,3,0.05756899999999998,0.0,1.0,1.0,0.0,200907,1000
ensemble,LA-PH,200910,1,0.030603999999999965,0.0,1.0,1.0,0.0,200910,1000
ensemble,LA-PH,200911,2,0.03143700000000005,0.0,1.0,1.0,0.0,200910,1000
ensemble,LA-PH,200912,3,0.03313599999999994,0.0,1.0,1.0,0.0,200910,1000
ensemble,LA-SL,200801,1,1.0409139999999995,1.0,1.0,1.0,0.0,200801,1000
ensemble,LA-SL,200802,2,0.948893,1.0,1.0,1.0,1.0,200801,1000
ensemble,LA-SL,200803,3,2.3238689999999997,5.0,1.0,1.0,5.0,200801,1000
ensemble,LA-SL,200804,1,1.0870950000000001,2.0,1.0,1.0,2.0,200804,1000
ensemble,LA-SL,200805,2,87.369511,104.0,0.0,0.0,105.0,200804,1000
ensemble,LA-SL,200806,3,205.87767,224.0,0.0,0.0,226.0,200804,1000
ensemble,LA-SL,200807,1,44.217675,74.0,1.0,1.0,78.0,200807,1000
ensemble,LA-SL,200808,2,38.08352,57.0,1.0,1.0,63.0,200807,1000
ensemble,LA-SL,200809,3,45.30787099999999,76.0,1.0,1.0,85.0,200807,1000
ensemble,LA-SL,200810,1,44.090624,89.0,0.0,0.0,91.0,200810,1000
ensemble,LA-SL,200811,2,13.667919000000001,20.0,1.0,1.0,21.0,200810,1000
ensemble,LA-SL,200812,3,8.748466,7.0,1.0,1.0,8.0,200810,1000
ensemble,LA-SL,200901,1,1.2126910000000004,0.0,1.0,1.0,1.0,200901,1000
ensemble,LA-SL,200902,2,18.609866,24.0,0.0,0.0,24.0,200901,1000
ensemble,LA-SL,200903,3,18.511129,25.0,0.0,0.0,25.0,200901,1000
ensemble,LA-SL,200904,1,8.72621,18.0,1.0,1.0,19.0,200904,1000
ensemble,LA-SL,200905,2,84.391053,120.0,0.0,0.0,122.0,200904,1000
ensemble,LA-SL,200906,3,20.946663,37.0,1.0,0.0,42.0,200904,1000
ensemble,LA-SL,200907,1,113.34384800000001,158.0,0.0,0.0,164.0,200907,1000
ensemble,LA-SL,200908,2,81.842611,120.0,0.0,0.0,127.0,200907,1000
ensemble,LA-SL,200909,3,49.920758000000006,80.0,0.0,0.0,91.0,200907,1000
ensemble,LA-SL,200910,1,38.45097500000001,89.0,0.0,0.0,94.0,200910,1000
ensemble,LA-SL,200911,2,21.794569,42.0,1.0,1.0,44.0,200910,1000
ensemble,LA-SL,200912,3,12.179578,15.0,1.0,1.0,17.0,200910,1000
ensemble,LA-SV,200801,1,3.238372000000002,1.0,1.0,1.0,1.0,200801,1000
ensemble,LA-SV,200802,2,1.8622610000000002,0.0,1.0,1.0,1.0,200801,1000
ensemble,LA-SV,200803,3,2.7214639999999974,0.0,1.0,1.0,1.0,200801,1000
ensemble,LA-SV,200804,1,4.302926000000003,3.0,1.0,1.0,0.0,200804,1000
ensemble,LA-SV,200805,2,14.937159999999992,12.0,1.0,1.0,1.0,200804,1000
ensemble,LA-SV,200806,3,26.96453600000001,11.0,1.0,1.0,10.0,200804,1000
ensemble,LA-SV,200807,1,47.214291,26.5,1.0,1.0,11.0,200807,1000
ensemble,LA-SV,200808,2,41.59772799999996,27.0,1.0,1.0,4.0,200807,1000
ensemble,LA-SV,200809,3,41.64112,31.0,1.0,0.0,2.0,200807,1000
ensemble,LA-SV,200810,1,20.166863000000006,5.5,1.0,1.0,10.0,200810,1000
ensemble,LA-SV,200811,2,9.636772,7.0,1.0,1.0,2.0,200810,1000
ensemble,LA-SV,200812,3,6.268189000000007,3.0,1.0,1.0,0.0,200810,1000
ensemble,LA-SV,200901,1,2.567169,1.0,1.0,1.0,0.0,200901,1000
ensemble,LA-SV,200902,2,1.855872999999999,1.0,1.0,1.0,0.0,200901,1000
ensemble,LA-SV,200903,3,2.495204000000001,1.0,1.0,1.0,0.0,200901,1000
ensemble,LA-SV,200904,1,3.7713919999999987,3.0,1.0,1.0,0.0,200904,1000
ensemble,LA-SV,200905,2,14.120903999999996,11.0,1.0,0.0,0.0,200904,1000
ensemble,LA-SV,200906,3,31.69523500000001,15.5,1.0,0.0,1.0,200904,1000
ensemble,LA-SV,200907,1,39.944005000000004,18.0,1.0,1.0,13.0,200907,1000
ensemble,LA-SV,200908,2,36.66811899999999,7.0,1.0,1.0,34.0,200907,1000
ensemble,LA-SV,200909,3,31.36519099999998,28.5,1.0,1.0,48.0,200907,1000
ensemble,LA-SV,200910,1,23.072271,29.0,1.0,1.0,16.0,200910,1000
ensemble,LA-SV,200911,2,13.335775999999996,18.0,1.0,1.0,33.0,200910,1000
ensemble,LA-SV,200912,3,8.461547999999993,1.0,1.0,1.0,4.0,200910,1000
ensemble,LA-VT,200801,1,14.734072999999995,9.5,1.0,1.0,29.0,200801,1000
ensemble,LA-VT,200802,2,11.41086,12.0,1.0,1.0,12.0,200801,1000
ensemble,LA-VT,200803,3,11.429876999999998,0.0,1.0,1.0,26.0,200801,1000
ensemble,LA-VT,200804,1,19.512421000000003,32.0,1.0,0.0,4.0,200804,1000
ensemble,LA-VT,200805,2,32.89896,51.5,1.0,1.0,17.0,200804,1000
ensemble,LA-VT,200806,3,59.766706,73.0,1.0,1.0,60.0,200804,1000
ensemble,LA-VT,200807,1,74.28302400000001,31.0,1.0,1.0,132.0,200807,1000
ensemble,LA-VT,200808,2,77.58215699999997,53.0,1.0,1.0,144.0,200807,1000
ensemble,LA-VT,200809,3,65.32160000000002,18.5,1.0,1.0,158.0,200807,1000
ensemble,LA-VT,200810,1,57.832543999999984,62.0,1.0,1.0,95.0,200810,1000
ensemble,LA-VT,200811,2,36.686233,23.0,1.0,1.0,129.0,200810,1000
ensemble,LA-VT,200812,3,28.523062999999993,36.0,1.0,1.0,91.0,200810,1000
ensemble,LA-VT,200901,1,12.882608000000005,0.5,1.0,1.0,38.0,200901,1000
ensemble,LA-VT,200902,2,9.198250999999999,1.0,1.0,1.0,20.0,200901,1000
ensemble,LA-VT,200903,3,14.018726999999991,9.0,1.0,1.0,19.0,200901,1000
ensemble,LA-VT,200904,1,11.168762000000001,1.0,1.0,1.0,33.0,200904,1000
ensemble,LA-VT,200905,2,25.940263,17.0,1.0,1.0,54.0,200904,1000
ensemble,LA-VT,200906,3,44.85979099999997,15.0,1.0,1.0,104.0,200904,1000
ensemble,LA-VT,200907,1,91.95082500000001,96.0,1.0,1.0,302.0,200907,1000
ensemble,LA-VT,200908,2,107.45006500000002,157.0,1.0,1.0,356.0,200907,1000
ensemble,LA-VT,200909,3,157.37554,288.0,1.0,0.0,470.0,200907,1000
ensemble,LA-VT,200910,1,134.44266900000002,237.5,1.0,0.0,527.0,200910,1000
ensemble,LA-VT,200911,2,208.76225399999998,381.0,1.0,0.0,521.0,200910,1000
ensemble,LA-VT,200912,3,148.307591,275.0,1.0,0.0,366.0,200910,1000
ensemble,LA-XA,200801,1,0.6323159999999994,0.0,1.0,1.0,0.0,200801,1000
ensemble,LA-XA,200802,2,0.73325,0.0,1.0,1.0,0.0,200801,1000
ensemble,LA-XA,200803,3,1.0414440000000003,1.0,1.0,1.0,0.0,200801,1000
ensemble,LA-XA,200804,1,1.3682289999999995,1.0,1.0,1.0,0.0,200804,1000
ensemble,LA-XA,200805,2,1.9864569999999997,1.0,1.0,1.0,2.0,200804,1000
ensemble,LA-XA,200806,3,5.8189150000000005,4.0,1.0,1.0,6.0,200804,1000
ensemble,LA-XA,200807,1,11.214960000000005,13.0,1.0,1.0,19.0,200807,1000
ensemble,LA-XA,200808,2,6.846486999999996,0.0,1.0,1.0,7.0,200807,1000
ensemble,LA-XA,200809,3,5.711464000000003,3.5,1.0,1.0,1.0,200807,1000
ensemble,LA-XA,200810,1,2.4117270000000026,1.0,1.0,1.0,3.0,200810,1000
ensemble,LA-XA,200811,2,1.7818310000000004,1.0,1.0,1.0,2.0,200810,1000
ensemble,LA-XA,200812,3,1.568358,0.0,1.0,1.0,1.0,200810,1000
ensemble,LA-XA,200901,1,0.6957940000000002,0.0,1.0,1.0,0.0,200901,1000
ensemble,LA-XA,200902,2,0.8101289999999999,0.0,1.0,1.0,0.0,200901,1000
ensemble,LA-XA,200903,3,0.8655879999999998,1.0,1.0,1.0,0.0,200901,1000
ensemble,LA-XA,200904,1,1.4536799999999985,1.0,1.0,1.0,0.0,200904,1000
ensemble,LA-XA,200905,2,2.9480579999999996,1.0,1.0,1.0,1.0,200904,1000
ensemble,LA-XA,200906,3,8.441605000000003,12.0,1.0,1.0,14.0,200904,1000
ensemble,LA-XA,200907,1,8.363848000000004,3.0,1.0,1.0,11.0,200907,1000
ensemble,LA-XA,200908,2,16.253669999999993,25.0,1.0,0.0,37.0,200907,1000
ensemble,LA-XA,200909,3,5.932272000000005,5.0,1.0,1.0,11.0,200907,1000
ensemble,LA-XA,200910,1,3.2379999999999995,1.0,1.0,1.0,5.0,200910,1000
ensemble,LA-XA,200911,2,2.786078,2.0,1.0,1.0,5.0,200910,1000
ensemble,LA-XA,200912,3,2.2133070000000004,1.0,1.0,1.0,0.0,200910,1000
ensemble,LA-XE,200801,1,0.19857900000000006,0.0,1.0,1.0,0.0,200801,1000
ensemble,LA-XE,200802,2,0.196739,0.0,1.0,1.0,0.0,200801,1000
ensemble,LA-XE,200803,3,0.13737900000000003,0.0,1.0,1.0,0.0,200801,1000
ensemble,LA-XE,200804,1,0.10454699999999995,0.0,1.0,1.0,0.0,200804,1000
ensemble,LA-XE,200805,2,0.12348800000000004,0.0,1.0,1.0,0.0,200804,1000
ensemble,LA-XE,200806,3,3.229997,5.0,1.0,0.0,5.0,200804,1000
ensemble,LA-XE,200807,1,0.9943920000000002,1.0,1.0,1.0,0.0,200807,1000
ensemble,LA-XE,200808,2,0.9224140000000001,1.0,1.0,1.0,0.0,200807,1000
ensemble,LA-XE,200809,3,0.931845,0.0,1.0,1.0,1.0,200807,1000
ensemble,LA-XE,200810,1,0.42713599999999996,1.0,1.0,1.0,0.0,200810,1000
ensemble,LA-XE,200811,2,0.2283019999999999,0.0,1.0,1.0,0.0,200810,1000
ensemble,LA-XE,200812,3,0.4224129999999999,1.0,1.0,1.0,1.0,200810,1000
ensemble,LA-XE,200901,1,0.20519999999999994,0.0,1.0,1.0,0.0,200901,1000
ensemble,LA-XE,200902,2,1.104886,2.0,1.0,0.0,2.0,200901,1000
ensemble,LA-XE,200903,3,1.2206259999999998,2.0,1.0,0.0,2.0,200901,1000
ensemble,LA-XE,200904,1,0.486372,1.0,1.0,1.0,1.0,200904,1000
ensemble,LA-XE,200905,2,0.772564,2.0,1.0,1.0,2.0,200904,1000
ensemble,LA-XE,200906,3,6.051709000000001,8.0,0.0,0.0,9.0,200904,1000
ensemble,LA-XE,200907,1,22.477239,28.0,0.0,0.0,29.0,200907,1000
ensemble,LA-XE,200908,2,20.626786000000003,26.0,0.0,0.0,27.0,200907,1000
ensemble,LA-XE,200909,3,2.287764,5.0,1.0,1.0,6.0,200907,1000
ensemble,LA-XE,200910,1,3.0953280000000003,6.0,1.0,0.0,7.0,200910,1000
ensemble,LA-XE,200911,2,1.3399989999999997,3.0,1.0,1.0,3.0,200910,1000
ensemble,LA-XE,200912,3,3.506161,7.0,0.0,0.0,7.0,200910,1000
ensemble,LA-XI,200801,1,0.03077200000000002,0.0,1.0,1.0,0.0,200801,1000
ensemble,LA-XI,200802,2,0.03025700000000009,0.0,1.0,1.0,0.0,200801,1000
ensemble,LA-XI,200803,3,0.021874000000000005,0.0,1.0,1.0,0.0,200801,1000
ensemble,LA-XI,200804,1,0.03748499999999999,0.0,1.0,1.0,0.0,200804,1000
ensemble,LA-XI,200805,2,0.026536000000000004,0.0,1.0,1.0,0.0,200804,1000
ensemble,LA-XI,200806,3,0.7767069999999999,1.0,1.0,0.0,1.0,200804,1000
ensemble,LA-XI,200807,1,0.16967599999999994,0.0,1.0,1.0,0.0,200807,1000
ensemble,LA-XI,200808,2,0.18088300000000002,0.0,1.0,1.0,0.0,200807,1000
ensemble,LA-XI,200809,3,0.17883300000000002,0.0,1.0,1.0,0.0,200807,1000
ensemble,LA-XI,200810,1,0.031769999999999965,0.0,1.0,1.0,0.0,200810,1000
ensemble,LA-XI,200811,2,0.029716999999999993,0.0,1.0,1.0,0.0,200810,1000
ensemble,LA-XI,200812,3,0.03281999999999996,0.0,1.0,1.0,0.0,200810,1000
ensemble,LA-XI,200901,1,0.023401000000000005,0.0,1.0,1.0,0.0,200901,1000
ensemble,LA-XI,200902,2,0.041771,0.0,1.0,1.0,0.0,200901,1000
ensemble,LA-XI,200903,3,0.023641000000000023,0.0,1.0,1.0,0.0,200901,1000
ensemble,LA-XI,200904,1,0.027532,0.0,1.0,1.0,0.0,200904,1000
ensemble,LA-XI,200905,2,38.176336,39.0,0.0,0.0,39.0,200904,1000
ensemble,LA-XI,200906,3,31.77628,33.0,0.0,0.0,33.0,200904,1000
ensemble,LA-XI,200907,1,2.672014,1.0,1.0,1.0,1.0,200907,1000
ensemble,LA-XI,200908,2,6.338505,10.0,1.0,1.0,10.0,200907,1000
ensemble,LA-XI,200909,3,2.4152889999999996,0.0,1.0,1.0,0.0,200907,1000
ensemble,LA-XI,200910,1,0.030523000000000022,0.0,1.0,1.0,0.0,200910,1000
ensemble,LA-XI,200911,2,0.03505200000000008,0.0,1.0,1.0,0.0,200910,1000
ensemble,LA-XI,200912,3,0.028317000000000037,0.0,1.0,1.0,0.0,200910,1000
persistence,LA-AT,200801,1,3.4171139999999998,4.0,0.0,0.0,4.0,200801,1000
persistence,LA-AT,200802,2,1.554761,2.0,1.0,0.0,2.0,200801,1000
persistence,LA-AT,200803,3,0.07196899999999973,0.0,1.0,1.0,0.0,200801,1000
persistence,LA-AT,200804,1,0.04711399999999988,0.0,1.0,1.0,0.0,200804,1000
persistence,LA-AT,200805,2,3.342761,4.0,0.0,0.0,4.0,200804,1000
persistence,LA-AT,200806,3,8.929969,10.0,0.0,0.0,10.0,200804,1000
persistence,LA-AT,200807,1,3.450605,4.0,0.0,0.0,6.0,200807,1000
persistence,LA-AT,200808,2,0.8260830000000001,1.0,1.0,0.0,11.0,200807,1000
persistence,LA-AT,200809,3,12.807471999999999,14.0,0.0,0.0,24.0,200807,1000
persistence,LA-AT,200810,1,21.839211000000002,23.0,0.0,0.0,47.0,200810,1000
persistence,LA-AT,200811,2,17.716617,19.0,0.0,0.0,43.0,200810,1000
persistence,LA-AT,200812,3,0.8262919999999996,1.0,1.0,0.0,23.0,200810,1000
persistence,LA-AT,200901,1,4.403041999999999,5.0,0.0,0.0,18.0,200901,1000
persistence,LA-AT,200902,2,21.580327999999998,23.0,0.0,0.0,46.0,200901,1000
persistence,LA-AT,200903,3,51.660003,54.0,0.0,0.0,77.0,200901,1000
persistence,LA-AT,200904,1,20.870388000000002,22.0,0.0,0.0,99.0,200904,1000
persistence,LA-AT,200905,2,74.407714,77.0,0.0,0.0,0.0,200904,1000
persistence,LA-AT,200906,3,50.686121,53.0,0.0,0.0,24.0,200904,1000
persistence,LA-AT,200907,1,38.397211,40.0,0.0,0.0,64.0,200907,1000
persistence,LA-AT,200908,2,2.492617,3.0,0.0,0.0,21.0,200907,1000
persistence,LA-AT,200909,3,6.1402920000000005,7.0,0.0,0.0,17.0,200907,1000
persistence,LA-AT,200910,1,12.098028,13.0,0.0,0.0,4.0,200910,1000
persistence,LA-AT,200911,2,0.8285939999999998,1.0,1.0,0.0,16.0,200910,1000
persistence,LA-AT,200912,3,9.930269000000001,11.0,0.0,0.0,6.0,200910,1000
persistence,LA-BK,200801,1,0.702799,1.0,1.0,0.0,1.0,200801,1000
persistence,LA-BK,200802,2,0.044157999999999975,0.0,1.0,1.0,0.0,200801,1000
persistence,LA-BK,200803,3,0.04958000000000001,0.0,1.0,1.0,0.0,200801,1000
persistence,LA-BK,200804,1,0.03879899999999997,0.0,1.0,1.0,0.0,200804,1000
persistence,LA-BK,200805,2,11.132158,12.0,0.0,0.0,12.0,200804,1000
persistence,LA-BK,200806,3,51.985580000000006,53.0,0.0,0.0,53.0,200804,1000
persistence,LA-BK,200807,1,50.223598,51.0,0.0,0.0,2.0,200807,1000
persistence,LA-BK,200808,2,43.128316,44.0,0.0,0.0,9.0,200807,1000
persistence,LA-BK,200809,3,19.03516,20.0,0.0,0.0,33.0,200807,1000
persistence,LA-BK,200810,1,14.223597999999999,15.0,0.0,0.0,48.0,200810,1000
persistence,LA-BK,200811,2,21.128316,22.0,0.0,0.0,55.0,200810,1000
persistence,LA-BK,200812,3,27.03516,28.0,0.0,0.0,5.0,200810,1000
persistence,LA-BK,200901,1,3.438492,4.0,0.0,0.0,1.0,200901,1000
persistence,LA-BK,200902,2,4.3407670000000005,5.0,0.0,0.0,0.0,200901,1000
persistence,LA-BK,200903,3,3.355307,4.0,0.0,0.0,1.0,200901,1000
persistence,LA-BK,200904,1,1.589023,2.0,0.0,0.0,3.0,200904,1000
persistence,LA-BK,200905,2,72.11584199999999,73.0,0.0,0.0,74.0,200904,1000
persistence,LA-BK,200906,3,214.01943599999998,215.0,0.0,0.0,216.0,200904,1000
persistence,LA-BK,200907,1,3.439598,4.0,0.0,0.0,212.0,200907,1000
persistence,LA-BK,200908,2,105.128316,106.0,0.0,0.0,110.0,200907,1000
persistence,LA-BK,200909,3,163.03516,164.0,0.0,0.0,52.0,200907,1000
persistence,LA-BK,200910,1,20.223598,21.0,0.0,0.0,31.0,200910,1000
persistence,LA-BK,200911,2,46.128316,47.0,0.0,0.0,5.0,200910,1000
persistence,LA-BK,200912,3,47.03516,48.0,0.0,0.0,4.0,200910,1000
persistence,LA-BL,200801,1,5.383502,9.0,1.0,1.0,10.0,200801,1000
persistence,LA-BL,200802,2,4.609445999999998,6.0,1.0,1.0,7.0,200801,1000
persistence,LA-BL,200803,3,4.952254,0.0,1.0,1.0,1.0,200801,1000
persistence,LA-BL,200804,1,2.695502000000001,2.0,1.0,1.0,3.0,200804,1000
persistence,LA-BL,200805,2,7.897445999999999,14.0,1.0,1.0,15.0,200804,1000
persistence,LA-BL,200806,3,9.692254000000002,18.0,1.0,1.0,19.0,200804,1000
persistence,LA-BL,200807,1,8.23891,12.0,1.0,0.0,31.0,200807,1000
persistence,LA-BL,200808,2,9.221346999999998,13.0,1.0,1.0,32.0,200807,1000
persistence,LA-BL,200809,3,9.298677000000001,11.0,1.0,1.0,30.0,200807,1000
persistence,LA-BL,200810,1,16.470322000000003,25.0,1.0,0.0,5.0,200810,1000
persistence,LA-BL,200811,2,12.262498,18.0,1.0,0.0,12.0,200810,1000
persistence,LA-BL,200812,3,17.99097,29.0,1.0,0.0,1.0,200810,1000
persistence,LA-BL,200901,1,2.511502,1.0,1.0,1.0,2.0,200901,1000
persistence,LA-BL,200902,2,3.6934460000000016,2.0,1.0,1.0,3.0,200901,1000
persistence,LA-BL,200903,3,4.9942540000000015,1.0,1.0,1.0,0.0,200901,1000
persistence,LA-BL,200904,1,2.5010209999999997,2.0,1.0,1.0,2.0,200904,1000
persistence,LA-BL,200905,2,3.323820999999999,0.0,1.0,1.0,0.0,200904,1000
persistence,LA-BL,200906,3,5.582812999999998,7.0,1.0,1.0,7.0,200904,1000
persistence,LA-BL,200907,1,17.514046,28.0,1.0,0.0,35.0,200907,1000
persistence,LA-BL,200908,2,4.609358000000002,2.0,1.0,1.0,9.0,200907,1000
persistence,LA-BL,200909,3,6.933896999999998,7.0,1.0,1.0,0.0,200907,1000
persistence,LA-BL,200910,1,2.3170210000000004,1.0,1.0,1.0,1.0,200910,1000
persistence,LA-BL,200911,2,3.4678210000000007,2.0,1.0,1.0,2.0,200910,1000
persistence,LA-BL,200912,3,4.764813,1.0,1.0,1.0,1.0,200910,1000
persistence,LA-CH,200801,1,9.094472000000003,9.0,1.0,1.0,73.0,200801,1000
persistence,LA-CH,200802,2,19.277769,26.0,1.0,0.0,90.0,200801,1000
persistence,LA-CH,200803,3,22.452036999999997,28.0,1.0,1.0,92.0,200801,1000
persistence,LA-CH,200804,1,16.585575000000002,23.0,1.0,0.0,69.0,200804,1000
persistence,LA-CH,200805,2,17.207692,21.0,1.0,1.0,113.0,200804,1000
persistence,LA-CH,200806,3,145.733314,203.0,0.0,0.0,295.0,200804,1000
persistence,LA-CH,200807,1,103.949944,133.0,0.0,0.0,162.0,200807,1000
persistence,LA-CH,200808,2,112.64280199999999,152.0,0.0,0.0,143.0,200807,1000
persistence,LA-CH,200809,3,73.553239,110.0,1.0,0.0,185.0,200807,1000
persistence,LA-CH,200810,1,31.000921000000005,45.0,1.0,0.0,140.0,200810,1000
persistence,LA-CH,200811,2,58.287541,83.0,1.0,0.0,102.0,200810,1000
persistence,LA-CH,200812,3,74.65110700000001,112.0,1.0,0.0,73.0,200810,1000
persistence,LA-CH,200901,1,28.518953000000003,42.0,1.0,0.0,31.0,200901,1000
persistence,LA-CH,200902,2,18.940767,25.0,1.0,0.0,48.0,200901,1000
persistence,LA-CH,200903,3,16.500345000000003,13.0,1.0,1.0,60.0,200901,1000
persistence,LA-CH,200904,1,28.357395999999998,42.0,1.0,0.0,102.0,200904,1000
persistence,LA-CH,200905,2,10.360133000000005,6.0,1.0,1.0,66.0,200904,1000
persistence,LA-CH,200906,3,41.64690100000001,64.0,1.0,0.0,124.0,200904,1000
persistence,LA-CH,200907,1,7.347732000000001,2.0,1.0,1.0,122.0,200907,1000
persistence,LA-CH,200908,2,14.241996999999998,14.0,1.0,1.0,110.0,200907,1000
persistence,LA-CH,200909,3,20.237555999999998,19.0,1.0,1.0,105.0,200907,1000
persistence,LA-CH,200910,1,31.559768,46.0,1.0,0.0,59.0,200910,1000
persistence,LA-CH,200911,2,48.322561,70.0,1.0,0.0,35.0,200910,1000
persistence,LA-CH,200912,3,48.408425,73.0,1.0,0.0,32.0,200910,1000
persistence,LA-HO,200801,1,0.8303219999999999,1.0,0.0,0.0,0.0,200801,1000
persistence,LA-HO,200802,2,0.8292019999999999,1.0,0.0,0.0,0.0,200801,1000
persistence,LA-HO,200803,3,0.820377,1.0,1.0,0.0,0.0,200801,1000
persistence,LA-HO,200804,1,0.014912999999999982,0.0,1.0,1.0,0.0,200804,1000
persistence,LA-HO,200805,2,0.013793,0.0,1.0,1.0,0.0,200804,1000
persistence,LA-HO,200806,3,0.015768000000000004,0.0,1.0,1.0,0.0,200804,1000
persistence,LA-HO,200807,1,0.014912999999999982,0.0,1.0,1.0,0.0,200807,1000
persistence,LA-HO,200808,2,0.013793,0.0,1.0,1.0,0.0,200807,1000
persistence,LA-HO,200809,3,0.809768,1.0,1.0,0.0,1.0,200807,1000
persistence,LA-HO,200810,1,0.8303219999999999,1.0,0.0,0.0,0.0,200810,1000
persistence,LA-HO,200811,2,0.8292019999999999,1.0,0.0,0.0,0.0,200810,1000
persistence,LA-HO,200812,3,0.026376999999999984,0.0,1.0,1.0,1.0,200810,1000
persistence,LA-HO,200901,1,0.8303219999999999,1.0,0.0,0.0,0.0,200901,1000
persistence,LA-HO,200902,2,0.8292019999999999,1.0,0.0,0.0,0.0,200901,1000
persistence,LA-HO,200903,3,0.820377,1.0,1.0,0.0,0.0,200901,1000
persistence,LA-HO,200904,1,0.014912999999999982,0.0,1.0,1.0,0.0,200904,1000
persistence,LA-HO,200905,2,0.013793,0.0,1.0,1.0,0.0,200904,1000
persistence,LA-HO,200906,3,0.015768000000000004,0.0,1.0,1.0,0.0,200904,1000
persistence,LA-HO,200907,1,0.014912999999999982,0.0,1.0,1.0,0.0,200907,1000
persistence,LA-HO,200908,2,0.013793,0.0,1.0,1.0,0.0,200907,1000
persistence,LA-HO,200909,3,0.809768,1.0,1.0,0.0,1.0,200907,1000
persistence,LA-HO,200910,1,0.02432200000000001,0.0,1.0,1.0,1.0,200910,1000
persistence,LA-HO,200911,2,0.023202,0.0,1.0,1.0,1.0,200910,1000
persistence,LA-HO,200912,3,0.026376999999999984,0.0,1.0,1.0,1.0,200910,1000
persistence,LA-KH,200801,1,1.3149230000000003,0.0,1.0,1.0,0.0,200801,1000
persistence,LA-KH,200802,2,2.0702239999999996,0.0,1.0,1.0,0.0,200801,1000
persistence,LA-KH,200803,3,2.6522299999999994,0.0,1.0,1.0,0.0,200801,1000
persistence,LA-KH,200804,1,1.3149230000000003,0.0,1.0,1.0,0.0,200804,1000
persistence,LA-KH,200805,2,2.0702239999999996,0.0,1.0,1.0,0.0,200804,1000
persistence,LA-KH,200806,3,3.0462299999999978,1.0,1.0,1.0,1.0,200804,1000
persistence,LA-KH,200807,1,2.403284000000001,2.0,1.0,0.0,3.0,200807,1000
persistence,LA-KH,200808,2,2.5886239999999994,1.0,1.0,1.0,0.0,200807,1000
persistence,LA-KH,200809,3,4.036038999999999,3.0,1.0,1.0,4.0,200807,1000
persistence,LA-KH,200810,1,3.125885000000002,3.0,1.0,0.0,1.0,200810,1000
persistence,LA-KH,200811,2,2.7576459999999976,1.0,1.0,1.0,3.0,200810,1000
persistence,LA-KH,200812,3,2.9661490000000015,0.0,1.0,1.0,4.0,200810,1000
persistence,LA-KH,200901,1,3.7138849999999994,4.0,1.0,0.0,0.0,200901,1000
persistence,LA-KH,200902,2,4.333645999999998,4.0,1.0,0.0,0.0,200901,1000
persistence,LA-KH,200903,3,3.7961489999999998,2.0,1.0,1.0,6.0,200901,1000
persistence,LA-KH,200904,1,4.995498000000001,6.0,1.0,0.0,0.0,200904,1000
persistence,LA-KH,200905,2,2.422528,0.0,1.0,1.0,6.0,200904,1000
persistence,LA-KH,200906,3,54.16718900000001,74.0,0.0,0.0,80.0,200904,1000
persistence,LA-KH,200907,1,60.490204000000006,75.0,0.0,0.0,155.0,200907,1000
persistence,LA-KH,200908,2,191.18032499999998,223.0,0.0,0.0,303.0,200907,1000
persistence,LA-KH,200909,3,163.22992399999998,197.0,0.0,0.0,277.0,200907,1000
persistence,LA-KH,200910,1,169.74701399999998,192.0,0.0,0.0,85.0,200910,1000
persistence,LA-KH,200911,2,185.115734,216.0,0.0,0.0,61.0,200910,1000
persistence,LA-KH,200912,3,175.88018300000002,210.0,0.0,0.0,67.0,200910,1000
persistence,LA-LM,200801,1,0.006301999999999974,0.0,1.0,1.0,0.0,200801,1000
persistence,LA-LM,200802,2,0.007978000000000013,0.0,1.0,1.0,0.0,200801,1000
persistence,LA-LM,200803,3,0.008063000000000015,0.0,1.0,1.0,0.0,200801,1000
persistence,LA-LM,200804,1,0.006301999999999974,0.0,1.0,1.0,0.0,200804,1000
persistence,LA-LM,200805,2,0.007978000000000013,0.0,1.0,1.0,0.0,200804,1000
persistence,LA-LM,200806,3,0.008063000000000015,0.0,1.0,1.0,0.0,200804,1000
persistence,LA-LM,200807,1,0.006301999999999974,0.0,1.0,1.0,0.0,200807,1000
persistence,LA-LM,200808,2,0.007978000000000013,0.0,1.0,1.0,0.0,200807,1000
persistence,LA-LM,200809,3,0.008063000000000015,0.0,1.0,1.0,0.0,200807,1000
persistence,LA-LM,200810,1,0.006301999999999974,0.0,1.0,1.0,0.0,200810,1000
persistence,LA-LM,200811,2,0.007978000000000013,0.0,1.0,1.0,0.0,200810,1000
persistence,LA-LM,200812,3,0.008063000000000015,0.0,1.0,1.0,0.0,200810,1000
persistence,LA-LM,200901,1,0.006301999999999974,0.0,1.0,1.0,0.0,200901,1000
persistence,LA-LM,200902,2,0.007978000000000013,0.0,1.0,1.0,0.0,200901,1000
persistence,LA-LM,200903,3,0.008063000000000015,0.0,1.0,1.0,0.0,200901,1000
persistence,LA-LM,200904,1,0.880302,1.0,0.0,0.0,1.0,200904,1000
persistence,LA-LM,200905,2,0.007978000000000013,0.0,1.0,1.0,0.0,200904,1000
persistence,LA-LM,200906,3,1.770063,2.0,0.0,0.0,2.0,200904,1000
persistence,LA-LM,200907,1,0.886035,1.0,0.0,0.0,1.0,200907,1000
persistence,LA-LM,200908,2,1.7772029999999999,2.0,0.0,0.0,0.0,200907,1000
persistence,LA-LM,200909,3,1.777288,2.0,0.0,0.0,4.0,200907,1000
persistence,LA-LM,200910,1,0.8865399999999999,1.0,0.0,0.0,5.0,200910,1000
persistence,LA-LM,200911,2,1.7778919999999998,2.0,0.0,0.0,6.0,200910,1000
persistence,LA-LM,200912,3,0.01604500000000003,0.0,1.0,1.0,4.0,200910,1000
persistence,LA-LP,200801,1,3.4616930000000004,5.0,1.0,1.0,0.0,200801,1000
persistence,LA-LP,200802,2,6.91244,11.0,1.0,0.0,16.0,200801,1000
persistence,LA-LP,200803,3,10.133757000000001,17.0,1.0,0.0,22.0,200801,1000
persistence,LA-LP,200804,1,7.5871960000000005,11.0,1.0,0.0,33.0,200804,1000
persistence,LA-LP,200805,2,77.70587800000001,94.0,0.0,0.0,116.0,200804,1000
persistence,LA-LP,200806,3,116.670978,138.0,0.0,0.0,160.0,200804,1000
persistence,LA-LP,200807,1,129.93954599999998,144.0,0.0,0.0,16.0,200807,1000
persistence,LA-LP,200808,2,128.21567000000002,147.0,0.0,0.0,13.0,200807,1000
persistence,LA-LP,200809,3,124.816253,146.0,0.0,0.0,14.0,200807,1000
persistence,LA-LP,200810,1,13.347094,19.0,1.0,0.0,33.0,200810,1000
persistence,LA-LP,200811,2,84.94253,102.0,0.0,0.0,116.0,200810,1000
persistence,LA-LP,200812,3,124.888534,147.0,0.0,0.0,161.0,200810,1000
persistence,LA-LP,200901,1,146.497715,161.0,0.0,0.0,0.0,200901,1000
persistence,LA-LP,200902,2,141.643959,161.0,0.0,0.0,0.0,200901,1000
persistence,LA-LP,200903,3,139.126542,161.0,0.0,0.0,0.0,200901,1000
persistence,LA-LP,200904,1,1.1242739999999998,0.0,1.0,1.0,0.0,200904,1000
persistence,LA-LP,200905,2,1.7111450000000001,0.0,1.0,1.0,0.0,200904,1000
persistence,LA-LP,200906,3,5.2004459999999995,9.0,1.0,1.0,9.0,200904,1000
persistence,LA-LP,200907,1,14.802083,21.0,1.0,0.0,30.0,200907,1000
persistence,LA-LP,200908,2,15.036038999999999,23.0,1.0,0.0,32.0,200907,1000
persistence,LA-LP,200909,3,278.002476,304.0,0.0,0.0,313.0,200907,1000
persistence,LA-LP,200910,1,133.848548,148.0,0.0,0.0,165.0,200910,1000
persistence,LA-LP,200911,2,204.57629,226.0,0.0,0.0,87.0,200910,1000
persistence,LA-LP,200912,3,288.208892,313.0,0.0,0.0,0.0,200910,1000
persistence,LA-OU,200801,1,0.006034999999999999,0.0,1.0,1.0,0.0,200801,1000
persistence,LA-OU,200802,2,0.004123000000000002,0.0,1.0,1.0,0.0,200801,1000
persistence,LA-OU,200803,3,0.00800999999999999,0.0,1.0,1.0,0.0,200801,1000
persistence,LA-OU,200804,1,0.006034999999999999,0.0,1.0,1.0,0.0,200804,1000
persistence,LA-OU,200805,2,0.004123000000000002,0.0,1.0,1.0,0.0,200804,1000
persistence,LA-OU,200806,3,0.00800999999999999,0.0,1.0,1.0,0.0,200804,1000
persistence,LA-OU,200807,1,0.006034999999999999,0.0,1.0,1.0,0.0,200807,1000
persistence,LA-OU,200808,2,0.004123000000000002,0.0,1.0,1.0,0.0,200807,1000
persistence,LA-OU,200809,3,0.00800999999999999,0.0,1.0,1.0,0.0,200807,1000
persistence,LA-OU,200810,1,0.006034999999999999,0.0,1.0,1.0,0.0,200810,1000
persistence,LA-OU,200811,2,0.004123000000000002,0.0,1.0,1.0,0.0,200810,1000
persistence,LA-OU,200812,3,0.00800999999999999,0.0,1.0,1.0,0.0,200810,1000
persistence,LA-OU,200901,1,0.006034999999999999,0.0,1.0,1.0,0.0,200901,1000
persistence,LA-OU,200902,2,0.004123000000000002,0.0,1.0,1.0,0.0,200901,1000
persistence,LA-OU,200903,3,0.00800999999999999,0.0,1.0,1.0,0.0,200901,1000
persistence,LA-OU,200904,1,0.006034999999999999,0.0,1.0,1.0,0.0,200904,1000
persistence,LA-OU,200905,2,0.004123000000000002,0.0,1.0,1.0,0.0,200904,1000
persistence,LA-OU,200906,3,0.00800999999999999,0.0,1.0,1.0,0.0,200904,1000
persistence,LA-OU,200907,1,0.006034999999999999,0.0,1.0,1.0,0.0,200907,1000
persistence,LA-OU,200908,2,0.886123,1.0,0.0,0.0,1.0,200907,1000
persistence,LA-OU,200909,3,14.716009999999999,15.0,0.0,0.0,15.0,200907,1000
persistence,LA-OU,200910,1,8.76207,9.0,0.0,0.0,6.0,200910,1000
persistence,LA-OU,200911,2,1.8482459999999998,2.0,0.0,0.0,13.0,200910,1000
persistence,LA-OU,200912,3,2.7500199999999997,3.0,0.0,0.0,18.0,200910,1000
persistence,LA-PH,200901,1,0.0002559999999999993,0.0,1.0,1.0,0.0,200901,1000
persistence,LA-PH,200902,2,0.0002559999999999993,0.0,1.0,1.0,0.0,200901,1000
persistence,LA-PH,200903,3,0.0003239999999999979,0.0,1.0,1.0,0.0,200901,1000
persistence,LA-PH,200904,1,0.0002559999999999993,0.0,1.0,1.0,0.0,200904,1000
persistence,LA-PH,200905,2,0.0002559999999999993,0.0,1.0,1.0,0.0,200904,1000
persistence,LA-PH,200906,3,0.0003239999999999979,0.0,1.0,1.0,0.0,200904,1000
persistence,LA-PH,200907,1,0.0002559999999999993,0.0,1.0,1.0,0.0,200907,1000
persistence,LA-PH,200909,3,0.0003239999999999979,0.0,1.0,1.0,0.0,200907,1000
persistence,LA-PH,200910,1,0.0002559999999999993,0.0,1.0,1.0,0.0,200910,1000
persistence,LA-PH,200911,2,0.0002559999999999993,0.0,1.0,1.0,0.0,200910,1000
persistence,LA-PH,200912,3,0.0003239999999999979,0.0,1.0,1.0,0.0,200910,1000
persistence,LA-SL,200801,1,5.888300000000001,7.0,0.0,0.0,0.0,200801,1000
persistence,LA-SL,200802,2,4.932642,6.0,0.0,0.0,1.0,200801,1000
persistence,LA-SL,200803,3,1.538814,2.0,1.0,0.0,5.0,200801,1000
persistence,LA-SL,200804,1,2.4083299999999994,3.0,0.0,0.0,2.0,200804,1000
persistence,LA-SL,200805,2,94.77106500000001,100.0,0.0,0.0,105.0,200804,1000
persistence,LA-SL,200806,3,215.529118,221.0,0.0,0.0,226.0,200804,1000
persistence,LA-SL,200807,1,144.638988,148.0,0.0,0.0,78.0,200807,1000
persistence,LA-SL,200808,2,157.654794,163.0,0.0,0.0,63.0,200807,1000
persistence,LA-SL,200809,3,135.591742,141.0,0.0,0.0,85.0,200807,1000
persistence,LA-SL,200810,1,5.024252000000001,6.0,0.0,0.0,91.0,200810,1000
persistence,LA-SL,200811,2,59.913664,64.0,0.0,0.0,21.0,200810,1000
persistence,LA-SL,200812,3,72.336984,77.0,0.0,0.0,8.0,200810,1000
persistence,LA-SL,200901,1,5.890064000000001,7.0,0.0,0.0,1.0,200901,1000
persistence,LA-SL,200902,2,14.107242999999999,16.0,0.0,0.0,24.0,200901,1000
persistence,LA-SL,200903,3,14.945415000000002,17.0,0.0,0.0,25.0,200901,1000
persistence,LA-SL,200904,1,5.018927,6.0,0.0,0.0,19.0,200904,1000
persistence,LA-SL,200905,2,91.851327,97.0,0.0,0.0,122.0,200904,1000
persistence,LA-SL,200906,3,14.970665,17.0,0.0,0.0,42.0,200904,1000
persistence,LA-SL,200907,1,118.6355,122.0,0.0,0.0,164.0,200907,1000
persistence,LA-SL,200908,2,80.18723700000001,85.0,0.0,0.0,127.0,200907,1000
persistence,LA-SL,200909,3,45.277277,49.0,0.0,0.0,91.0,200907,1000
persistence,LA-SL,200910,1,2.4346360000000002,3.0,0.0,0.0,94.0,200910,1000
persistence,LA-SL,200911,2,43.493157999999994,47.0,0.0,0.0,44.0,200910,1000
persistence,LA-SL,200912,3,69.439998,74.0,0.0,0.0,17.0,200910,1000
persistence,LA-SV,200801,1,4.8442229999999995,1.0,1.0,1.0,1.0,200801,1000
persistence,LA-SV,200802,2,8.673057,1.0,1.0,1.0,1.0,200801,1000
persistence,LA-SV,200803,3,12.976106999999999,1.0,1.0,1.0,1.0,200801,1000
persistence,LA-SV,200804,1,5.031711999999999,1.0,1.0,1.0,0.0,200804,1000
persistence,LA-SV,200805,2,8.798821000000004,0.0,1.0,1.0,1.0,200804,1000
persistence,LA-SV,200806,3,14.938783,9.0,1.0,1.0,10.0,200804,1000
persistence,LA-SV,200807,1,5.993041000000005,1.0,1.0,1.0,11.0,200807,1000
persistence,LA-SV,200808,2,11.269002999999998,6.0,1.0,1.0,4.0,200807,1000
persistence,LA-SV,200809,3,16.011347999999998,8.0,1.0,1.0,2.0,200807,1000
persistence,LA-SV,200810,1,7.473481,8.0,1.0,1.0,10.0,200810,1000
persistence,LA-SV,200811,2,8.967742000000001,0.0,1.0,1.0,2.0,200810,1000
persistence,LA-SV,200812,3,13.509918999999996,2.0,1.0,1.0,0.0,200810,1000
persistence,LA-SV,200901,1,4.710222999999999,0.0,1.0,1.0,0.0,200901,1000
persistence,LA-SV,200902,2,8.589056999999997,0.0,1.0,1.0,0.0,200901,1000
persistence,LA-SV,200903,3,12.924106999999992,0.0,1.0,1.0,0.0,200901,1000
persistence,LA-SV,200904,1,4.710222999999999,0.0,1.0,1.0,0.0,200904,1000
persistence,LA-SV,200905,2,8.589056999999997,0.0,1.0,1.0,0.0,200904,1000
persistence,LA-SV,200906,3,12.976106999999999,1.0,1.0,1.0,1.0,200904,1000
persistence,LA-SV,200907,1,9.081712000000003,12.0,1.0,1.0,13.0,200907,1000
persistence,LA-SV,200908,2,21.414821000000003,33.0,1.0,1.0,34.0,200907,1000
persistence,LA-SV,200909,3,29.858783000000003,47.0,1.0,1.0,48.0,200907,1000
persistence,LA-SV,200910,1,22.608721999999993,32.0,1.0,0.0,16.0,200910,1000
persistence,LA-SV,200911,2,17.216891000000004,15.0,1.0,1.0,33.0,200910,1000
persistence,LA-SV,200912,3,33.27619299999999,44.0,1.0,1.0,4.0,200910,1000
persistence,LA-VT,200801,1,43.562509000000006,69.0,1.0,0.0,29.0,200801,1000
persistence,LA-VT,200802,2,53.531439000000006,86.0,1.0,1.0,12.0,200801,1000
persistence,LA-VT,200803,3,53.29954199999999,72.0,1.0,1.0,26.0,200801,1000
persistence,LA-VT,200804,1,17.354836999999996,22.0,1.0,1.0,4.0,200804,1000
persistence,LA-VT,200805,2,23.829443999999995,9.0,1.0,1.0,17.0,200804,1000
persistence,LA-VT,200806,3,34.40855599999999,34.0,1.0,1.0,60.0,200804,1000
persistence,LA-VT,200807,1,44.285050999999996,72.0,1.0,0.0,132.0,200807,1000
persistence,LA-VT,200808,2,49.550028999999995,84.0,1.0,1.0,144.0,200807,1000
persistence,LA-VT,200809,3,57.28912399999999,98.0,1.0,1.0,158.0,200807,1000
persistence,LA-VT,200810,1,40.699749000000004,63.0,1.0,0.0,95.0,200810,1000
persistence,LA-VT,200811,2,36.577602999999996,29.0,1.0,1.0,129.0,200810,1000
persistence,LA-VT,200812,3,56.08934400000001,67.0,1.0,1.0,91.0,200810,1000
persistence,LA-VT,200901,1,33.955966000000004,53.0,1.0,0.0,38.0,200901,1000
persistence,LA-VT,200902,2,46.578158000000016,71.0,1.0,1.0,20.0,200901,1000
persistence,LA-VT,200903,3,52.60918800000002,72.0,1.0,1.0,19.0,200901,1000
persistence,LA-VT,200904,1,14.502862999999998,14.0,1.0,1.0,33.0,200904,1000
persistence,LA-VT,200905,2,26.674568000000008,35.0,1.0,1.0,54.0,200904,1000
persistence,LA-VT,200906,3,45.832223,85.0,1.0,1.0,104.0,200904,1000
persistence,LA-VT,200907,1,142.69739800000002,198.0,0.0,0.0,302.0,200907,1000
persistence,LA-VT,200908,2,166.135237,252.0,0.0,0.0,356.0,200907,1000
persistence,LA-VT,200909,3,238.83145099999996,366.0,0.0,0.0,470.0,200907,1000
persistence,LA-VT,200910,1,37.81561000000001,57.0,1.0,0.0,527.0,200910,1000
persistence,LA-VT,200911,2,44.86481699999999,51.0,1.0,1.0,521.0,200910,1000
persistence,LA-VT,200912,3,73.67705999999998,104.0,1.0,1.0,366.0,200910,1000
persistence,LA-XA,200801,1,1.370140000000001,1.0,1.0,1.0,0.0,200801,1000
persistence,LA-XA,200802,2,1.726794,1.0,1.0,1.0,0.0,200801,1000
persistence,LA-XA,200803,3,2.4291660000000004,1.0,1.0,1.0,0.0,200801,1000
persistence,LA-XA,200804,1,0.9566909999999993,0.0,1.0,1.0,0.0,200804,1000
persistence,LA-XA,200805,2,2.003665,2.0,1.0,1.0,2.0,200804,1000
persistence,LA-XA,200806,3,4.741557,6.0,1.0,0.0,6.0,200804,1000
persistence,LA-XA,200807,1,9.660272,13.0,1.0,0.0,19.0,200807,1000
persistence,LA-XA,200808,2,1.9991069999999986,1.0,1.0,1.0,7.0,200807,1000
persistence,LA-XA,200809,3,4.655937,5.0,1.0,0.0,1.0,200807,1000
persistence,LA-XA,200810,1,1.8581400000000006,2.0,1.0,1.0,3.0,200810,1000
persistence,LA-XA,200811,2,1.726794,1.0,1.0,1.0,2.0,200810,1000
persistence,LA-XA,200812,3,2.223166000000001,0.0,1.0,1.0,1.0,200810,1000
persistence,LA-XA,200901,1,1.370140000000001,1.0,1.0,1.0,0.0,200901,1000
persistence,LA-XA,200902,2,1.726794,1.0,1.0,1.0,0.0,200901,1000
persistence,LA-XA,200903,3,2.4291660000000004,1.0,1.0,1.0,0.0,200901,1000
persistence,LA-XA,200904,1,0.9566909999999993,0.0,1.0,1.0,0.0,200904,1000
persistence,LA-XA,200905,2,1.5876649999999994,1.0,1.0,1.0,1.0,200904,1000
persistence,LA-XA,200906,3,9.675557000000001,14.0,1.0,0.0,14.0,200904,1000
persistence,LA-XA,200907,1,2.7803690000000003,3.0,1.0,0.0,11.0,200907,1000
persistence,LA-XA,200908,2,17.094084000000002,23.0,1.0,0.0,37.0,200907,1000
persistence,LA-XA,200909,3,3.863987999999999,3.0,1.0,1.0,11.0,200907,1000
persistence,LA-XA,200910,1,4.720613,6.0,1.0,0.0,5.0,200910,1000
persistence,LA-XA,200911,2,4.825930999999999,6.0,1.0,0.0,5.0,200910,1000
persistence,LA-XA,200912,3,8.469738999999999,11.0,1.0,0.0,0.0,200910,1000
persistence,LA-XE,200801,1,0.6979409999999999,1.0,1.0,0.0,0.0,200801,1000
persistence,LA-XE,200802,2,0.6954600000000001,1.0,1.0,0.0,0.0,200801,1000
persistence,LA-XE,200803,3,0.6880539999999999,1.0,1.0,0.0,0.0,200801,1000
persistence,LA-XE,200804,1,0.06750500000000004,0.0,1.0,1.0,0.0,200804,1000
persistence,LA-XE,200805,2,0.07135999999999998,0.0,1.0,1.0,0.0,200804,1000
persistence,LA-XE,200806,3,4.053398,5.0,0.0,0.0,5.0,200804,1000
persistence,LA-XE,200807,1,4.160576,5.0,0.0,0.0,0.0,200807,1000
persistence,LA-XE,200808,2,4.131926999999999,5.0,0.0,0.0,0.0,200807,1000
persistence,LA-XE,200809,3,3.2153919999999996,4.0,0.0,0.0,1.0,200807,1000
persistence,LA-XE,200810,1,0.6979409999999999,1.0,1.0,0.0,0.0,200810,1000
persistence,LA-XE,200811,2,0.6954600000000001,1.0,1.0,0.0,0.0,200810,1000
persistence,LA-XE,200812,3,0.120054,0.0,1.0,1.0,1.0,200810,1000
persistence,LA-XE,200901,1,0.6979409999999999,1.0,1.0,0.0,0.0,200901,1000
persistence,LA-XE,200902,2,0.6954600000000001,1.0,1.0,0.0,2.0,200901,1000
persistence,LA-XE,200903,3,0.6880539999999999,1.0,1.0,0.0,2.0,200901,1000
persistence,LA-XE,200904,1,0.71307,1.0,1.0,0.0,1.0,200904,1000
persistence,LA-XE,200905,2,0.13210100000000002,0.0,1.0,1.0,2.0,200904,1000
persistence,LA-XE,200906,3,6.022938,7.0,0.0,0.0,9.0,200904,1000
persistence,LA-XE,200907,1,19.060946,20.0,0.0,0.0,29.0,200907,1000
persistence,LA-XE,200908,2,16.974494,18.0,0.0,0.0,27.0,200907,1000
persistence,LA-XE,200909,3,2.3166710000000004,3.0,0.0,0.0,6.0,200907,1000
persistence,LA-XE,200910,1,0.722745,1.0,1.0,0.0,7.0,200910,1000
persistence,LA-XE,200911,2,2.3122510000000003,3.0,0.0,0.0,3.0,200910,1000
persistence,LA-XE,200912,3,0.713921,1.0,1.0,0.0,7.0,200910,1000
persistence,LA-XI,200801,1,0.0006890000000000021,0.0,1.0,1.0,0.0,200801,1000
persistence,LA-XI,200802,2,0.0006890000000000021,0.0,1.0,1.0,0.0,200801,1000
persistence,LA-XI,200803,3,0.0007570000000000007,0.0,1.0,1.0,0.0,200801,1000
persistence,LA-XI,200804,1,0.0006890000000000021,0.0,1.0,1.0,0.0,200804,1000
persistence,LA-XI,200805,2,0.0006890000000000021,0.0,1.0,1.0,0.0,200804,1000
persistence,LA-XI,200806,3,0.948757,1.0,0.0,0.0,1.0,200804,1000
persistence,LA-XI,200807,1,0.951314,1.0,0.0,0.0,0.0,200807,1000
persistence,LA-XI,200808,2,0.951314,1.0,0.0,0.0,0.0,200807,1000
persistence,LA-XI,200809,3,0.9494329999999999,1.0,0.0,0.0,0.0,200807,1000
persistence,LA-XI,200810,1,0.0006890000000000021,0.0,1.0,1.0,0.0,200810,1000
persistence,LA-XI,200811,2,0.0006890000000000021,0.0,1.0,1.0,0.0,200810,1000
persistence,LA-XI,200812,3,0.0007570000000000007,0.0,1.0,1.0,0.0,200810,1000
persistence,LA-XI,200901,1,0.0006890000000000021,0.0,1.0,1.0,0.0,200901,1000
persistence,LA-XI,200902,2,0.0006890000000000021,0.0,1.0,1.0,0.0,200901,1000
persistence,LA-XI,200903,3,0.0007570000000000007,0.0,1.0,1.0,0.0,200901,1000
persistence,LA-XI,200904,1,0.0006890000000000021,0.0,1.0,1.0,0.0,200904,1000
persistence,LA-XI,200905,2,38.934689,39.0,0.0,0.0,39.0,200904,1000
persistence,LA-XI,200906,3,32.93075700000001,33.0,0.0,0.0,33.0,200904,1000
persistence,LA-XI,200907,1,31.935378,32.0,0.0,0.0,1.0,200907,1000
persistence,LA-XI,200908,2,22.935378,23.0,0.0,0.0,10.0,200907,1000
persistence,LA-XI,200909,3,32.931514,33.0,0.0,0.0,0.0,200907,1000
persistence,LA-XI,200910,1,0.0006890000000000021,0.0,1.0,1.0,0.0,200910,1000
persistence,LA-XI,200911,2,0.0006890000000000021,0.0,1.0,1.0,0.0,200910,1000
persistence,LA-XI,200912,3,0.0007570000000000007,0.0,1.0,1.0,0.0,200910,1000
reference,LA-AT,200801,1,2.760725,4.0,0.25,0.0,4.0,200801,4000
reference,LA-AT,200802,2,1.184507,2.0,1.0,0.25,2.0,200801,4000
reference,LA-AT,200803,3,0.145816,0.0,1.0,1.0,0.0,200801,4000
reference,LA-AT,200804,1,0.4424977499999999,0.75,1.0,1.0,0.0,200804,4000
reference,LA-AT,200805,2,1.3365297499999997,2.0,1.0,1.0,4.0,200804,4000
reference,LA-AT,200806,3,3.7780657500000006,7.0,1.0,0.25,10.0,200804,4000
reference,LA-AT,200807,1,3.6229584999999993,5.0,1.0,0.75,6.0,200807,4000
reference,LA-AT,200808,2,6.76559025,10.25,1.0,0.0,11.0,200807,4000
reference,LA-AT,200809,3,16.6987095,23.5,0.25,0.0,24.0,200807,4000
reference,LA-AT,200810,1,30.51222675,42.25,0.0,0.0,47.0,200810,4000
reference,LA-AT,200811,2,33.34811675,40.5,0.0,0.0,43.0,200810,4000
reference,LA-AT,200812,3,16.91433125,21.375,0.0,0.0,23.0,200810,4000
reference,LA-AT,200901,1,8.26038175,14.0,1.0,0.0,18.0,200901,4000
reference,LA-AT,200902,2,36.396013749999995,43.25,0.0,0.0,46.0,200901,4000
reference,LA-AT,200903,3,56.07425975,70.25,0.0,0.0,77.0,200901,4000
reference,LA-AT,200904,1,48.785829500000006,79.125,1.0,0.0,99.0,200904,4000
reference,LA-AT,200905,2,48.71830075,60.75,0.0,0.0,0.0,200904,4000
reference,LA-AT,200906,3,40.803569,48.875,1.0,1.0,24.0,200904,4000
reference,LA-AT,200907,1,46.7420525,63.0,0.0,0.0,64.0,200907,4000
reference,LA-AT,200908,2,14.559417,20.75,0.0,0.0,21.0,200907,4000
reference,LA-AT,200909,3,10.0848415,16.0,1.0,0.0,17.0,200907,4000
reference,LA-AT,200910,1,7.469113749999999,7.5,1.0,1.0,4.0,200910,4000
reference,LA-AT,200911,2,5.786115999999999,9.75,1.0,1.0,16.0,200910,4000
reference,LA-AT,200912,3,6.442739749999999,5.0,1.0,1.0,6.0,200910,4000
reference,LA-BK,200801,1,0.8535695,1.0,0.25,0.25,1.0,200801,4000
reference,LA-BK,200802,2,0.008668249999999995,0.0,1.0,1.0,0.0,200801,4000
reference,LA-BK,200803,3,0.0037107499999999983,0.0,1.0,1.0,0.0,200801,4000
reference,LA-BK,200804,1,0.003027000000000002,0.0,1.0,1.0,0.0,200804,4000
reference,LA-BK,200805,2,11.490619749999999,12.0,0.0,0.0,12.0,200804,4000
reference,LA-BK,200806,3,52.285038,53.0,0.0,0.0,53.0,200804,4000
reference,LA-BK,200807,1,2.1310572499999996,1.0,1.0,1.0,2.0,200807,4000
reference,LA-BK,200808,2,5.86017525,9.0,1.0,0.0,9.0,200807,4000
reference,LA-BK,200809,3,21.567363,31.75,1.0,0.0,33.0,200807,4000
reference,LA-BK,200810,1,22.284449499999994,20.0,1.0,1.0,48.0,200810,4000
reference,LA-BK,200811,2,47.63558975,53.75,0.0,0.0,55.0,200810,4000
reference,LA-BK,200812,3,2.9727445,4.5,0.5,0.0,5.0,200810,4000
reference,LA-BK,200901,1,0.44953099999999996,0.0,1.0,1.0,1.0,200901,4000
reference,LA-BK,200902,2,0.44625725,1.0,1.0,1.0,0.0,200901,4000
reference,LA-BK,200903,3,0.850284,1.0,1.0,1.0,1.0,200901,4000
reference,LA-BK,200904,1,1.3466402500000005,0.0,1.0,1.0,3.0,200904,4000
reference,LA-BK,200905,2,43.42303075,62.75,0.0,0.0,74.0,200904,4000
reference,LA-BK,200906,3,144.049643,192.625,0.0,0.0,216.0,200904,4000
reference,LA-BK,200907,1,183.7510615,211.0,0.0,0.0,212.0,200907,4000
reference,LA-BK,200908,2,87.192781,109.0,0.0,0.0,110.0,200907,4000
reference,LA-BK,200909,3,37.500279750000004,51.0,0.0,0.0,52.0,200907,4000
reference,LA-BK,200910,1,20.340250750000003,11.0,1.0,1.0,31.0,200910,4000
reference,LA-BK,200911,2,10.2300935,11.75,1.0,1.0,5.0,200910,4000
reference,LA-BK,200912,3,5.453600499999999,5.5,1.0,1.0,4.0,200910,4000
reference,LA-BL,200801,1,5.60070475,8.75,1.0,0.0,10.0,200801,4000
reference,LA-BL,200802,2,5.9058365,7.0,0.0,0.0,7.0,200801,4000
reference,LA-BL,200803,3,0.47329550000000004,1.0,1.0,0.75,1.0,200801,4000
reference,LA-BL,200804,1,1.3901404999999996,0.25,1.0,1.0,3.0,200804,4000
reference,LA-BL,200805,2,5.050478,8.75,1.0,1.0,15.0,200804,4000
reference,LA-BL,200806,3,6.1536887500000015,6.0,1.0,1.0,19.0,200804,4000
reference,LA-BL,200807,1,19.9299515,30.0,1.0,0.0,31.0,200807,4000
reference,LA-BL,200808,2,19.835142249999997,30.25,1.0,0.0,32.0,200807,4000
reference,LA-BL,200809,3,18.270393000000002,28.5,1.0,0.0,30.0,200807,4000
reference,LA-BL,200810,1,10.060200499999997,11.5,1.0,0.75,5.0,200810,4000
reference,LA-BL,200811,2,4.29218725,6.5,1.0,1.0,12.0,200810,4000
reference,LA-BL,200812,3,0.936463,1.0,1.0,1.0,1.0,200810,4000
reference,LA-BL,200901,1,0.74231125,1.0,1.0,1.0,2.0,200901,4000
reference,LA-BL,200902,2,1.55123925,3.0,1.0,0.0,3.0,200901,4000
reference,LA-BL,200903,3,1.20245325,2.0,1.0,1.0,0.0,200901,4000
reference,LA-BL,200904,1,0.777303,0.75,1.0,1.0,2.0,200904,4000
reference,LA-BL,200905,2,4.06809725,5.25,1.0,0.0,0.0,200904,4000
reference,LA-BL,200906,3,5.633832,5.5,1.0,1.0,7.0,200904,4000
reference,LA-BL,200907,1,21.136987500000004,33.0,1.0,0.0,35.0,200907,4000
reference,LA-BL,200908,2,6.516560499999997,6.75,1.0,1.0,9.0,200907,4000
reference,LA-BL,200909,3,6.330257249999999,2.75,1.0,1.0,0.0,200907,4000
reference,LA-BL,200910,1,5.402342250000001,6.5,1.0,0.0,1.0,200910,4000
reference,LA-BL,200911,2,1.6422847500000002,1.0,1.0,1.0,2.0,200910,4000
reference,LA-BL,200912,3,0.80384475,0.25,1.0,1.0,1.0,200910,4000
reference,LA-CH,200801,1,34.0587765,58.0,0.75,0.0,73.0,200801,4000
reference,LA-CH,200802,2,46.70862125000001,74.5,0.75,0.0,90.0,200801,4000
reference,LA-CH,200803,3,52.68423675,80.0,0.0,0.0,92.0,200801,4000
reference,LA-CH,200804,1,22.8082985,18.75,1.0,1.0,69.0,200804,4000
reference,LA-CH,200805,2,51.217590749999985,13.75,1.0,1.0,113.0,200804,4000
reference,LA-CH,200806,3,103.91143275,54.25,1.0,1.0,295.0,200804,4000
reference,LA-CH,200807,1,95.39873300000002,149.0,1.0,0.0,162.0,200807,4000
reference,LA-CH,200808,2,86.06071875000002,134.125,1.0,0.0,143.0,200807,4000
reference,LA-CH,200809,3,117.8964365,176.75,1.0,0.0,185.0,200807,4000
reference,LA-CH,200810,1,49.05538175,87.0,1.0,1.0,140.0,200810,4000
reference,LA-CH,200811,2,43.419121000000004,71.75,1.0,0.25,102.0,200810,4000
reference,LA-CH,200812,3,32.575166749999994,56.0,1.0,0.0,73.0,200810,4000
reference,LA-CH,200901,1,9.92364575,13.25,1.0,1.0,31.0,200901,4000
reference,LA-CH,200902,2,23.501980500000002,38.25,0.75,0.0,48.0,200901,4000
reference,LA-CH,200903,3,20.454136499999997,36.0,1.0,0.75,60.0,200901,4000
reference,LA-CH,200904,1,37.23408925,67.625,1.0,0.0,102.0,200904,4000
reference,LA-CH,200905,2,69.68802725,76.375,1.0,1.0,66.0,200904,4000
reference,LA-CH,200906,3,79.978982,61.125,1.0,1.0,124.0,200904,4000
reference,LA-CH,200907,1,70.06001700000002,105.75,1.0,0.5,122.0,200907,4000
reference,LA-CH,200908,2,64.3449,100.875,1.0,0.0,110.0,200907,4000
reference,LA-CH,200909,3,60.919776,94.5,1.0,0.0,105.0,200907,4000
reference,LA-CH,200910,1,20.266604,29.75,1.0,1.0,59.0,200910,4000
reference,LA-CH,200911,2,12.34411375,14.125,1.0,1.0,35.0,200910,4000
reference,LA-CH,200912,3,13.641616249999997,3.75,1.0,1.0,32.0,200910,4000
reference,LA-HO,200801,1,0.008904750000000006,0.0,1.0,1.0,0.0,200801,4000
reference,LA-HO,200802,2,0.0032750000000000036,0.0,1.0,1.0,0.0,200801,4000
reference,LA-HO,200803,3,0.013267249999999987,0.0,1.0,1.0,0.0,200801,4000
reference,LA-HO,200804,1,0.006304250000000001,0.0,1.0,1.0,0.0,200804,4000
reference,LA-HO,200805,2,0.01409475000000001,0.0,1.0,1.0,0.0,200804,4000
reference,LA-HO,200806,3,0.009720499999999997,0.0,1.0,1.0,0.0,200804,4000
reference,LA-HO,200807,1,0.3514137500000003,0.0,1.0,1.0,0.0,200807,4000
reference,LA-HO,200808,2,0.4008910000000001,0.0,1.0,1.0,0.0,200807,4000
reference,LA-HO,200809,3,0.7038767500000002,1.0,1.0,1.0,1.0,200807,4000
reference,LA-HO,200810,1,0.07100675,0.0,1.0,1.0,0.0,200810,4000
reference,LA-HO,200811,2,0.008881499999999994,0.0,1.0,1.0,0.0,200810,4000
reference,LA-HO,200812,3,0.8903135,1.0,0.0,0.0,1.0,200810,4000
reference,LA-HO,200901,1,0.011771750000000004,0.0,1.0,1.0,0.0,200901,4000
reference,LA-HO,200902,2,0.029568250000000004,0.0,1.0,1.0,0.0,200901,4000
reference,LA-HO,200903,3,0.03085050000000001,0.0,1.0,1.0,0.0,200901,4000
reference,LA-HO,200904,1,0.005176750000000001,0.0,1.0,1.0,0.0,200904,4000
reference,LA-HO,200905,2,0.01039774999999999,0.0,1.0,1.0,0.0,200904,4000
reference,LA-HO,200906,3,0.04366224999999999,0.0,1.0,1.0,0.0,200904,4000
reference,LA-HO,200907,1,0.4564297500000003,0.0,1.0,1.0,0.0,200907,4000
reference,LA-HO,200908,2,0.7258727500000006,0.0,1.0,1.0,0.0,200907,4000
reference,LA-HO,200909,3,0.8235310000000005,1.0,1.0,1.0,1.0,200907,4000
reference,LA-HO,200910,1,0.5398952499999999,1.0,1.0,1.0,1.0,200910,4000
reference,LA-HO,200911,2,0.8050907500000001,1.0,0.75,0.0,1.0,200910,4000
reference,LA-HO,200912,3,0.8632387499999999,1.0,0.0,0.0,1.0,200910,4000
reference,LA-KH,200801,1,0.8092280000000001,0.75,1.0,1.0,0.0,200801,4000
reference,LA-KH,200802,2,0.084602,0.0,1.0,1.0,0.0,200801,4000
reference,LA-KH,200803,3,0.08448725,0.0,1.0,1.0,0.0,200801,4000
reference,LA-KH,200804,1,0.46787474999999995,1.0,1.0,1.0,0.0,200804,4000
reference,LA-KH,200805,2,1.327886,2.0,1.0,1.0,0.0,200804,4000
reference,LA-KH,200806,3,2.7557117500000006,3.5,1.0,1.0,1.0,200804,4000
reference,LA-KH,200807,1,4.500388750000006,1.0,1.0,1.0,3.0,200807,4000
reference,LA-KH,200808,2,5.194376499999997,2.25,1.0,1.0,0.0,200807,4000
reference,LA-KH,200809,3,5.421204250000006,1.75,1.0,1.0,4.0,200807,4000
reference,LA-KH,200810,1,0.76450725,0.0,1.0,1.0,1.0,200810,4000
reference,LA-KH,200811,2,1.525684,2.75,1.0,0.25,3.0,200810,4000
reference,LA-KH,200812,3,3.23070675,4.0,0.0,0.0,4.0,200810,4000
reference,LA-KH,200901,1,0.063188,0.0,1.0,1.0,0.0,200901,4000
reference,LA-KH,200902,2,0.02264400000000001,0.0,1.0,1.0,0.0,200901,4000
reference,LA-KH,200903,3,4.6277047499999995,6.0,0.0,0.0,6.0,200901,4000
reference,LA-KH,200904,1,0.35078275000000003,0.0,1.0,1.0,0.0,200904,4000
reference,LA-KH,200905,2,2.15844625,4.0,1.0,0.75,6.0,200904,4000
reference,LA-KH,200906,3,64.46971500000001,76.0,0.0,0.0,80.0,200904,4000
reference,LA-KH,200907,1,111.72371575,152.0,0.0,0.0,155.0,200907,4000
reference,LA-KH,200908,2,244.3328805,300.0,0.0,0.0,303.0,200907,4000
reference,LA-KH,200909,3,213.733283,273.25,0.0,0.0,277.0,200907,4000
reference,LA-KH,200910,1,43.00841875,7.75,1.0,1.0,85.0,200910,4000
reference,LA-KH,200911,2,19.801382750000002,21.25,1.0,1.0,61.0,200910,4000
reference,LA-KH,200912,3,26.7234545,48.25,1.0,0.0,67.0,200910,4000
reference,LA-LM,200801,1,0.015015749999999993,0.0,1.0,1.0,0.0,200801,4000
reference,LA-LM,200802,2,0.0049515000000000045,0.0,1.0,1.0,0.0,200801,4000
reference,LA-LM,200803,3,0.001538749999999999,0.0,1.0,1.0,0.0,200801,4000
reference,LA-LM,200804,1,0.00019699999999999926,0.0,1.0,1.0,0.0,200804,4000
reference,LA-LM,200805,2,0.0014722499999999961,0.0,1.0,1.0,0.0,200804,4000
reference,LA-LM,200806,3,0.0027252500000000002,0.0,1.0,1.0,0.0,200804,4000
reference,LA-LM,200807,1,1.1098410000000003,0.0,1.0,1.0,0.0,200807,4000
reference,LA-LM,200808,2,0.5744179999999997,0.0,1.0,1.0,0.0,200807,4000
reference,LA-LM,200809,3,0.9188422500000013,0.0,1.0,1.0,0.0,200807,4000
reference,LA-LM,200810,1,0.027505749999999995,0.0,1.0,1.0,0.0,200810,4000
reference,LA-LM,200811,2,0.004109249999999998,0.0,1.0,1.0,0.0,200810,4000
reference,LA-LM,200812,3,0.001157749999999999,0.0,1.0,1.0,0.0,200810,4000
reference,LA-LM,200901,1,7.224999999999983e-05,0.0,1.0,1.0,0.0,200901,4000
reference,LA-LM,200902,2,0.0001315000000000001,0.0,1.0,1.0,0.0,200901,4000
reference,LA-LM,200903,3,0.00038324999999999904,0.0,1.0,1.0,0.0,200901,4000
reference,LA-LM,200904,1,0.9545477499999999,1.0,0.0,0.0,1.0,200904,4000
reference,LA-LM,200905,2,0.003741999999999999,0.0,1.0,1.0,0.0,200904,4000
reference,LA-LM,200906,3,1.79749625,2.0,0.0,0.0,2.0,200904,4000
reference,LA-LM,200907,1,1.083320000000001,1.0,1.0,1.0,1.0,200907,4000
reference,LA-LM,200908,2,1.2778595000000004,0.25,1.0,1.0,0.0,200907,4000
reference,LA-LM,200909,3,2.3742357500000004,4.0,1.0,0.25,4.0,200907,4000
reference,LA-LM,200910,1,2.73287225,4.0,1.0,0.0,5.0,200910,4000
reference,LA-LM,200911,2,4.770078,6.0,0.0,0.0,6.0,200910,4000
reference,LA-LM,200912,3,3.335527,4.0,0.0,0.0,4.0,200910,4000
reference,LA-LP,200801,1,0.690231,0.75,1.0,1.0,0.0,200801,4000
reference,LA-LP,200802,2,14.475868,16.0,0.0,0.0,16.0,200801,4000
reference,LA-LP,200803,3,20.6194225,22.0,0.0,0.0,22.0,200801,4000
reference,LA-LP,200804,1,18.22978825,28.0,0.0,0.0,33.0,200804,4000
reference,LA-LP,200805,2,70.8265705,101.0,0.0,0.0,116.0,200804,4000
reference,LA-LP,200806,3,82.680674,130.125,0.25,0.0,160.0,200804,4000
reference,LA-LP,200807,1,9.945922749999998,15.0,1.0,0.0,16.0,200807,4000
reference,LA-LP,200808,2,8.260716249999998,12.75,1.0,0.0,13.0,200807,4000
reference,LA-LP,200809,3,8.785879000000001,13.0,1.0,0.0,14.0,200807,4000
reference,LA-LP,200810,1,17.2090205,27.25,0.75,0.0,33.0,200810,4000
reference,LA-LP,200811,2,107.1615005,113.75,0.0,0.0,116.0,200810,4000
reference,LA-LP,200812,3,157.6602845,160.0,0.0,0.0,161.0,200810,4000
reference,LA-LP,200901,1,7.209136750000001,9.25,0.75,0.0,0.0,200901,4000
reference,LA-LP,200902,2,6.689828,8.25,1.0,0.0,0.0,200901,4000
reference,LA-LP,200903,3,15.000896,19.0,0.0,0.0,0.0,200901,4000
reference,LA-LP,200904,1,11.09719725,14.375,0.0,0.0,0.0,200904,4000
reference,LA-LP,200905,2,33.83845,45.125,0.0,0.0,0.0,200904,4000
reference,LA-LP,200906,3,70.15181650000001,89.875,1.0,0.0,9.0,200904,4000
reference,LA-LP,200907,1,19.0065715,28.75,1.0,0.0,30.0,200907,4000
reference,LA-LP,200908,2,20.41503175,31.0,1.0,0.0,32.0,200907,4000
reference,LA-LP,200909,3,279.6548985,312.0,0.0,0.0,313.0,200907,4000
reference,LA-LP,200910,1,65.950821,118.375,1.0,0.0,165.0,200910,4000
reference,LA-LP,200911,2,42.7858145,70.5,1.0,0.0,87.0,200910,4000
reference,LA-LP,200912,3,6.536835,8.5,1.0,0.0,0.0,200910,4000
reference,LA-OU,200801,1,0.04324749999999998,0.0,1.0,1.0,0.0,200801,4000
reference,LA-OU,200802,2,0.009253999999999993,0.0,1.0,1.0,0.0,200801,4000
reference,LA-OU,200803,3,0.0047755,0.0,1.0,1.0,0.0,200801,4000
reference,LA-OU,200804,1,0.001438749999999999,0.0,1.0,1.0,0.0,200804,4000
reference,LA-OU,200805,2,0.007568749999999996,0.0,1.0,1.0,0.0,200804,4000
reference,LA-OU,200806,3,0.015956749999999995,0.0,1.0,1.0,0.0,200804,4000
reference,LA-OU,200807,1,1.9286399999999997,1.0,1.0,1.0,0.0,200807,4000
reference,LA-OU,200808,2,1.1666285000000012,0.25,1.0,1.0,0.0,200807,4000
reference,LA-OU,200809,3,1.4696992500000006,1.0,1.0,1.0,0.0,200807,4000
reference,LA-OU,200810,1,0.027697250000000014,0.0,1.0,1.0,0.0,200810,4000
reference,LA-OU,200811,2,0.006151750000000001,0.0,1.0,1.0,0.0,200810,4000
reference,LA-OU,200812,3,0.0015407499999999987,0.0,1.0,1.0,0.0,200810,4000
reference,LA-OU,200901,1,0.0001937499999999999,0.0,1.0,1.0,0.0,200901,4000
reference,LA-OU,200902,2,0.00018000000000000004,0.0,1.0,1.0,0.0,200901,4000
reference,LA-OU,200903,3,0.0005342499999999991,0.0,1.0,1.0,0.0,200901,4000
reference,LA-OU,200904,1,0.0010315000000000003,0.0,1.0,1.0,0.0,200904,4000
reference,LA-OU,200905,2,0.005305250000000001,0.0,1.0,1.0,0.0,200904,4000
reference,LA-OU,200906,3,0.019311000000000002,0.0,1.0,1.0,0.0,200904,4000
reference,LA-OU,200907,1,2.6131917500000004,1.0,1.0,1.0,0.0,200907,4000
reference,LA-OU,200908,2,2.684283250000002,0.0,1.0,1.0,1.0,200907,4000
reference,LA-OU,200909,3,8.842083500000001,14.0,1.0,0.0,15.0,200907,4000
reference,LA-OU,200910,1,2.14236625,3.75,1.0,1.0,6.0,200910,4000
reference,LA-OU,200911,2,9.5514685,12.0,0.0,0.0,13.0,200910,4000
reference,LA-OU,200912,3,15.954237749999999,18.0,0.0,0.0,18.0,200910,4000
reference,LA-PH,200901,1,0.012556000000000012,0.0,1.0,1.0,0.0,200901,4000
reference,LA-PH,200902,2,0.015315749999999975,0.0,1.0,1.0,0.0,200901,4000
reference,LA-PH,200903,3,0.02274749999999999,0.0,1.0,1.0,0.0,200901,4000
reference,LA-PH,200904,1,0.0043744999999999964,0.0,1.0,1.0,0.0,200904,4000
reference,LA-PH,200905,2,0.00976625,0.0,1.0,1.0,0.0,200904,4000
reference,LA-PH,200906,3,0.02874850000000001,0.0,1.0,1.0,0.0,200904,4000
reference,LA-PH,200907,1,0.25861199999999995,0.0,1.0,1.0,0.0,200907,4000
reference,LA-PH,200909,3,0.3682582500000001,0.0,1.0,1.0,0.0,200907,4000
reference,LA-PH,200910,1,0.02360824999999999,0.0,1.0,1.0,0.0,200910,4000
reference,LA-PH,200911,2,0.005295000000000001,0.0,1.0,1.0,0.0,200910,4000
reference,LA-PH,200912,3,0.0011307499999999998,0.0,1.0,1.0,0.0,200910,4000
reference,LA-SL,200801,1,0.96870025,0.75,1.0,1.0,0.0,200801,4000
reference,LA-SL,200802,2,0.45674775,0.25,1.0,1.0,1.0,200801,4000
reference,LA-SL,200803,3,3.49367175,5.0,0.25,0.0,5.0,200801,4000
reference,LA-SL,200804,1,0.8267010000000001,0.0,1.0,1.0,2.0,200804,4000
reference,LA-SL,200805,2,88.4626825,100.25,0.0,0.0,105.0,200804,4000
reference,LA-SL,200806,3,185.825345,213.75,0.0,0.0,226.0,200804,4000
reference,LA-SL,200807,1,49.12652249999999,74.625,1.0,0.0,78.0,200807,4000
reference,LA-SL,200808,2,39.24869150000001,59.75,1.0,0.0,63.0,200807,4000
reference,LA-SL,200809,3,55.8894485,82.0,1.0,0.0,85.0,200807,4000
reference,LA-SL,200810,1,36.96434775,65.25,1.0,0.0,91.0,200810,4000
reference,LA-SL,200811,2,7.807729499999999,10.0,1.0,1.0,21.0,200810,4000
reference,LA-SL,200812,3,2.8578847499999998,3.5,1.0,1.0,8.0,200810,4000
reference,LA-SL,200901,1,1.33229225,1.375,1.0,1.0,1.0,200901,4000
reference,LA-SL,200902,2,18.8379725,23.0,0.0,0.0,24.0,200901,4000
reference,LA-SL,200903,3,12.584121750000001,20.25,1.0,0.0,25.0,200901,4000
reference,LA-SL,200904,1,5.89512775,8.75,1.0,1.0,19.0,200904,4000
reference,LA-SL,200905,2,44.29728725,80.25,1.0,0.0,122.0,200904,4000
reference,LA-SL,200906,3,31.2035445,23.375,1.0,1.0,42.0,200904,4000
reference,LA-SL,200907,1,111.04817325000002,159.5,0.75,0.0,164.0,200907,4000
reference,LA-SL,200908,2,85.4151305,123.5,0.75,0.0,127.0,200907,4000
reference,LA-SL,200909,3,58.69937625,87.5,1.0,0.0,91.0,200907,4000
reference,LA-SL,200910,1,36.5052045,65.25,1.0,0.0,94.0,200910,4000
reference,LA-SL,200911,2,14.828347750000002,25.75,1.0,1.0,44.0,200910,4000
reference,LA-SL,200912,3,7.34287925,1.25,1.0,1.0,17.0,200910,4000
reference,LA-SV,200801,1,5.45037625,5.25,1.0,0.25,1.0,200801,4000
reference,LA-SV,200802,2,1.08847075,1.0,1.0,1.0,1.0,200801,4000
reference,LA-SV,200803,3,0.5786532499999999,0.25,1.0,1.0,1.0,200801,4000
reference,LA-SV,200804,1,3.3303355000000003,4.0,1.0,0.0,0.0,200804,4000
reference,LA-SV,200805,2,8.024723250000001,10.5,1.0,0.0,1.0,200804,4000
reference,LA-SV,200806,3,26.88365175,35.125,1.0,0.0,10.0,200804,4000
reference,LA-SV,200807,1,27.555006750000004,1.25,1.0,1.0,11.0,200807,4000
reference,LA-SV,200808,2,28.515655499999966,6.875,1.0,1.0,4.0,200807,4000
reference,LA-SV,200809,3,28.637617249999977,9.75,1.0,1.0,2.0,200807,4000
reference,LA-SV,200810,1,3.867774,7.0,1.0,0.25,10.0,200810,4000
reference,LA-SV,200811,2,0.8370729999999998,0.75,1.0,1.0,2.0,200810,4000
reference,LA-SV,200812,3,0.329495,0.0,1.0,1.0,0.0,200810,4000
reference,LA-SV,200901,1,0.06362475000000001,0.0,1.0,1.0,0.0,200901,4000
reference,LA-SV,200902,2,0.015169499999999992,0.0,1.0,1.0,0.0,200901,4000
reference,LA-SV,200903,3,0.153552,0.0,1.0,1.0,0.0,200901,4000
reference,LA-SV,200904,1,0.16661425,0.0,1.0,1.0,0.0,200904,4000
reference,LA-SV,200905,2,1.235976,2.0,1.0,1.0,0.0,200904,4000
reference,LA-SV,200906,3,1.72261875,2.0,1.0,1.0,1.0,200904,4000
reference,LA-SV,200907,1,34.2275125,3.5,1.0,1.0,13.0,200907,4000
reference,LA-SV,200908,2,32.62080950000001,19.875,1.0,1.0,34.0,200907,4000
reference,LA-SV,200909,3,37.37605049999999,33.75,1.0,1.0,48.0,200907,4000
reference,LA-SV,200910,1,6.9290765,1.5,1.0,1.0,16.0,200910,4000
reference,LA-SV,200911,2,16.59768625,27.0,1.0,0.0,33.0,200910,4000
reference,LA-SV,200912,3,1.9344317500000003,0.0,1.0,1.0,4.0,200910,4000
reference,LA-VT,200801,1,13.388720999999997,6.125,1.0,1.0,29.0,200801,4000
reference,LA-VT,200802,2,4.51361825,7.75,1.0,1.0,12.0,200801,4000
reference,LA-VT,200803,3,16.8296825,23.5,0.25,0.0,26.0,200801,4000
reference,LA-VT,200804,1,10.82035,13.5,1.0,0.0,4.0,200804,4000
reference,LA-VT,200805,2,24.355174750000003,27.5,1.0,1.0,17.0,200804,4000
reference,LA-VT,200806,3,75.18278875,83.5,1.0,1.0,60.0,200804,4000
reference,LA-VT,200807,1,83.43850449999996,106.0,1.0,1.0,132.0,200807,4000
reference,LA-VT,200808,2,85.053342,123.25,1.0,0.25,144.0,200807,4000
reference,LA-VT,200809,3,97.5307527500001,134.25,1.0,0.5,158.0,200807,4000
reference,LA-VT,200810,1,34.2655865,23.375,1.0,1.0,95.0,200810,4000
reference,LA-VT,200811,2,59.1974095,99.375,1.0,0.0,129.0,200810,4000
reference,LA-VT,200812,3,52.340481000000004,77.625,0.0,0.0,91.0,200810,4000
reference,LA-VT,200901,1,21.583875,32.25,0.0,0.0,38.0,200901,4000
reference,LA-VT,200902,2,12.929538999999998,18.0,0.0,0.0,20.0,200901,4000
reference,LA-VT,200903,3,6.0833224999999995,10.25,1.0,1.0,19.0,200901,4000
reference,LA-VT,200904,1,11.3199855,7.25,1.0,1.0,33.0,200904,4000
reference,LA-VT,200905,2,104.53053024999998,128.625,1.0,0.5,54.0,200904,4000
reference,LA-VT,200906,3,188.99769650000002,230.0,1.0,1.0,104.0,200904,4000
reference,LA-VT,200907,1,183.46980799999997,266.25,1.0,0.0,302.0,200907,4000
reference,LA-VT,200908,2,214.2858295000001,323.625,1.0,0.0,356.0,200907,4000
reference,LA-VT,200909,3,279.6436862500001,436.375,1.0,0.0,470.0,200907,4000
reference,LA-VT,200910,1,199.302975,359.875,1.0,0.0,527.0,200910,4000
reference,LA-VT,200911,2,292.03815175,440.75,0.0,0.0,521.0,200910,4000
reference,LA-VT,200912,3,220.45499825000002,320.0,0.0,0.0,366.0,200910,4000
reference,LA-XA,200801,1,1.0086594999999998,1.25,1.0,1.0,0.0,200801,4000
reference,LA-XA,200802,2,0.2596525,0.0,1.0,1.0,0.0,200801,4000
reference,LA-XA,200803,3,0.14309875,0.0,1.0,1.0,0.0,200801,4000
reference,LA-XA,200804,1,0.7408347499999999,1.0,1.0,1.0,0.0,200804,4000
reference,LA-XA,200805,2,1.2362232499999997,0.75,1.0,1.0,2.0,200804,4000
reference,LA-XA,200806,3,2.17374725,1.0,1.0,1.0,6.0,200804,4000
reference,LA-XA,200807,1,11.10511425,17.0,1.0,0.0,19.0,200807,4000
reference,LA-XA,200808,2,4.501086750000001,5.75,1.0,1.0,7.0,200807,4000
reference,LA-XA,200809,3,3.04294875,0.0,1.0,1.0,1.0,200807,4000
reference,LA-XA,200810,1,1.626984,0.5,1.0,1.0,3.0,200810,4000
reference,LA-XA,200811,2,0.8193359999999998,0.75,1.0,1.0,2.0,200810,4000
reference,LA-XA,200812,3,0.40136425,0.75,1.0,1.0,1.0,200810,4000
reference,LA-XA,200901,1,0.08368375,0.0,1.0,1.0,0.0,200901,4000
reference,LA-XA,200902,2,0.0529555,0.0,1.0,1.0,0.0,200901,4000
reference,LA-XA,200903,3,0.24159,0.0,1.0,1.0,0.0,200901,4000
reference,LA-XA,200904,1,0.3011045,0.0,1.0,1.0,0.0,200904,4000
reference,LA-XA,200905,2,1.0587000000000002,1.0,1.0,1.0,1.0,200904,4000
reference,LA-XA,200906,3,5.8540325,10.0,1.0,0.0,14.0,200904,4000
reference,LA-XA,200907,1,7.331743250000002,9.0,1.0,1.0,11.0,200907,4000
reference,LA-XA,200908,2,22.508210249999998,35.0,1.0,0.0,37.0,200907,4000
reference,LA-XA,200909,3,6.991240500000005,9.0,1.0,1.0,11.0,200907,4000
reference,LA-XA,200910,1,4.781308749999999,4.25,1.0,1.0,5.0,200910,4000
reference,LA-XA,200911,2,1.8851460000000004,1.75,1.0,1.0,5.0,200910,4000
reference,LA-XA,200912,3,1.60631825,2.0,1.0,1.0,0.0,200910,4000
reference,LA-XE,200801,1,0.015435000000000004,0.0,1.0,1.0,0.0,200801,4000
reference,LA-XE,200802,2,0.009019500000000003,0.0,1.0,1.0,0.0,200801,4000
reference,LA-XE,200803,3,0.0051135000000000035,0.0,1.0,1.0,0.0,200801,4000
reference,LA-XE,200804,1,0.012032750000000012,0.0,1.0,1.0,0.0,200804,4000
reference,LA-XE,200805,2,0.04280225000000001,0.0,1.0,1.0,0.0,200804,4000
reference,LA-XE,200806,3,4.09766225,5.0,0.0,0.0,5.0,200804,4000
reference,LA-XE,200807,1,0.3707777499999998,0.0,1.0,1.0,0.0,200807,4000
reference,LA-XE,200808,2,0.4957095,0.0,1.0,1.0,0.0,200807,4000
reference,LA-XE,200809,3,0.6852947499999997,1.0,1.0,1.0,1.0,200807,4000
reference,LA-XE,200810,1,0.058909,0.0,1.0,1.0,0.0,200810,4000
reference,LA-XE,200811,2,0.020132249999999997,0.0,1.0,1.0,0.0,200810,4000
reference,LA-XE,200812,3,0.85818075,1.0,0.25,0.0,1.0,200810,4000
reference,LA-XE,200901,1,0.004026000000000005,0.0,1.0,1.0,0.0,200901,4000
reference,LA-XE,200902,2,1.8710955,2.0,0.0,0.0,2.0,200901,4000
reference,LA-XE,200903,3,1.74606975,2.0,0.0,0.0,2.0,200901,4000
reference,LA-XE,200904,1,0.51226275,1.0,1.0,1.0,1.0,200904,4000
reference,LA-XE,200905,2,0.9570245,2.0,1.0,0.0,2.0,200904,4000
reference,LA-XE,200906,3,5.923559249999999,8.0,0.0,0.0,9.0,200904,4000
reference,LA-XE,200907,1,23.46488325,29.0,0.0,0.0,29.0,200907,4000
reference,LA-XE,200908,2,21.52797025,27.0,0.0,0.0,27.0,200907,4000
reference,LA-XE,200909,3,3.954635,6.0,1.0,0.0,6.0,200907,4000
reference,LA-XE,200910,1,2.6768337499999997,4.0,1.0,1.0,7.0,200910,4000
reference,LA-XE,200911,2,2.8681472499999994,1.5,1.0,1.0,3.0,200910,4000
reference,LA-XE,200912,3,6.91874125,3.25,1.0,1.0,7.0,200910,4000
reference,LA-XI,200801,1,0.012857250000000006,0.0,1.0,1.0,0.0,200801,4000
reference,LA-XI,200802,2,0.004074750000000001,0.0,1.0,1.0,0.0,200801,4000
reference,LA-XI,200803,3,0.003911249999999997,0.0,1.0,1.0,0.0,200801,4000
reference,LA-XI,200804,1,0.00039424999999999964,0.0,1.0,1.0,0.0,200804,4000
reference,LA-XI,200805,2,0.0008849999999999986,0.0,1.0,1.0,0.0,200804,4000
reference,LA-XI,200806,3,0.9288425,1.0,0.0,0.0,1.0,200804,4000
reference,LA-XI,200807,1,0.4487969999999999,0.0,1.0,1.0,0.0,200807,4000
reference,LA-XI,200808,2,0.4056382500000002,0.0,1.0,1.0,0.0,200807,4000
reference,LA-XI,200809,3,0.4184250000000005,0.0,1.0,1.0,0.0,200807,4000
reference,LA-XI,200810,1,0.013222000000000005,0.0,1.0,1.0,0.0,200810,4000
reference,LA-XI,200811,2,0.0031634999999999996,0.0,1.0,1.0,0.0,200810,4000
reference,LA-XI,200812,3,0.001173249999999999,0.0,1.0,1.0,0.0,200810,4000
reference,LA-XI,200901,1,0.0007112499999999983,0.0,1.0,1.0,0.0,200901,4000
reference,LA-XI,200902,2,0.0020257500000000015,0.0,1.0,1.0,0.0,200901,4000
reference,LA-XI,200903,3,0.0018180000000000002,0.0,1.0,1.0,0.0,200901,4000
reference,LA-XI,200904,1,0.0004934999999999991,0.0,1.0,1.0,0.0,200904,4000
reference,LA-XI,200905,2,38.9219185,39.0,0.0,0.0,39.0,200904,4000
reference,LA-XI,200906,3,32.841046750000004,33.0,0.0,0.0,33.0,200904,4000
reference,LA-XI,200907,1,0.7169827500000003,1.0,1.0,1.0,1.0,200907,4000
reference,LA-XI,200908,2,6.65946925,10.0,0.75,0.0,10.0,200907,4000
reference,LA-XI,200909,3,0.5408370000000007,0.0,1.0,1.0,0.0,200907,4000
reference,LA-XI,200910,1,1.1091820000000001,1.125,1.0,1.0,0.0,200910,4000
reference,LA-XI,200911,2,0.31666974999999997,0.0,1.0,1.0,0.0,200910,4000
reference,LA-XI,200912,3,0.183809,0.0,1.0,1.0,0.0,200910,4000
reference_r1,LA-AT,200801,1,2.352195,4.0,1.0,0.0,4.0,200801,1000
reference_r1,LA-AT,200802,2,1.0587890000000002,2.0,1.0,1.0,2.0,200801,1000
reference_r1,LA-AT,200803,3,0.3589359999999999,0.0,1.0,1.0,0.0,200801,1000
reference_r1,LA-AT,200804,1,0.4192199999999999,1.0,1.0,1.0,0.0,200804,1000
reference_r1,LA-AT,200805,2,1.3869059999999998,2.0,1.0,1.0,4.0,200804,1000
reference_r1,LA-AT,200806,3,3.751328000000001,7.0,1.0,0.0,10.0,200804,1000
reference_r1,LA-AT,200807,1,3.6611720000000005,5.0,1.0,1.0,6.0,200807,1000
reference_r1,LA-AT,200808,2,6.775976,10.0,1.0,0.0,11.0,200807,1000
reference_r1,LA-AT,200809,3,16.730840999999998,24.0,1.0,0.0,24.0,200807,1000
reference_r1,LA-AT,200810,1,29.787723999999997,42.0,0.0,0.0,47.0,200810,1000
reference_r1,LA-AT,200811,2,28.902826,39.0,0.0,0.0,43.0,200810,1000
reference_r1,LA-AT,200812,3,16.311742,21.0,0.0,0.0,23.0,200810,1000
reference_r1,LA-AT,200901,1,7.926537,14.0,1.0,0.0,18.0,200901,1000
reference_r1,LA-AT,200902,2,36.721408999999994,43.0,0.0,0.0,46.0,200901,1000
reference_r1,LA-AT,200903,3,57.04678500000001,71.0,0.0,0.0,77.0,200901,1000
reference_r1,LA-AT,200904,1,49.191856,78.0,1.0,0.0,99.0,200904,1000
reference_r1,LA-AT,200905,2,51.653891,63.0,0.0,0.0,0.0,200904,1000
reference_r1,LA-AT,200906,3,43.61854199999999,54.0,1.0,1.0,24.0,200904,1000
reference_r1,LA-AT,200907,1,47.51165399999999,63.0,0.0,0.0,64.0,200907,1000
reference_r1,LA-AT,200908,2,14.128949,21.0,0.0,0.0,21.0,200907,1000
reference_r1,LA-AT,200909,3,9.727086999999997,16.0,1.0,0.0,17.0,200907,1000
reference_r1,LA-AT,200910,1,7.598293999999999,8.0,1.0,1.0,4.0,200910,1000
reference_r1,LA-AT,200911,2,5.796594999999998,10.0,1.0,1.0,16.0,200910,1000
reference_r1,LA-AT,200912,3,6.923869999999997,6.0,1.0,1.0,6.0,200910,1000
reference_r1,LA-BK,200801,1,0.5563549999999999,1.0,1.0,1.0,1.0,200801,1000
reference_r1,LA-BK,200802,2,0.03428399999999998,0.0,1.0,1.0,0.0,200801,1000
reference_r1,LA-BK,200803,3,0.014728999999999992,0.0,1.0,1.0,0.0,200801,1000
reference_r1,LA-BK,200804,1,0.0025500000000000037,0.0,1.0,1.0,0.0,200804,1000
reference_r1,LA-BK,200805,2,11.427195,12.0,0.0,0.0,12.0,200804,1000
reference_r1,LA-BK,200806,3,52.28477,53.0,0.0,0.0,53.0,200804,1000
reference_r1,LA-BK,200807,1,2.1908819999999984,1.0,1.0,1.0,2.0,200807,1000
reference_r1,LA-BK,200808,2,5.9727429999999995,9.0,1.0,0.0,9.0,200807,1000
reference_r1,LA-BK,200809,3,21.721987999999996,32.0,1.0,0.0,33.0,200807,1000
reference_r1,LA-BK,200810,1,19.793907999999995,32.0,1.0,1.0,48.0,200810,1000
reference_r1,LA-BK,200811,2,46.60161,53.0,0.0,0.0,55.0,200810,1000
reference_r1,LA-BK,200812,3,2.8735050000000006,4.0,1.0,0.0,5.0,200810,1000
reference_r1,LA-BK,200901,1,0.458715,0.0,1.0,1.0,1.0,200901,1000
reference_r1,LA-BK,200902,2,0.412598,1.0,1.0,1.0,0.0,200901,1000
reference_r1,LA-BK,200903,3,0.861596,1.0,1.0,1.0,1.0,200901,1000
reference_r1,LA-BK,200904,1,1.3457150000000002,0.0,1.0,1.0,3.0,200904,1000
reference_r1,LA-BK,200905,2,43.531887999999995,63.0,0.0,0.0,74.0,200904,1000
reference_r1,LA-BK,200906,3,145.112761,191.5,0.0,0.0,216.0,200904,1000
reference_r1,LA-BK,200907,1,183.868802,211.0,0.0,0.0,212.0,200907,1000
reference_r1,LA-BK,200908,2,86.93495099999998,109.0,0.0,0.0,110.0,200907,1000
reference_r1,LA-BK,200909,3,38.302854999999994,51.0,0.0,0.0,52.0,200907,1000
reference_r1,LA-BK,200910,1,19.895858000000004,12.0,1.0,1.0,31.0,200910,1000
reference_r1,LA-BK,200911,2,10.17963,12.0,1.0,1.0,5.0,200910,1000
reference_r1,LA-BK,200912,3,5.056184,5.0,1.0,1.0,4.0,200910,1000
reference_r1,LA-BL,200801,1,6.3295829999999995,10.0,1.0,0.0,10.0,200801,1000
reference_r1,LA-BL,200802,2,6.288835,7.0,0.0,0.0,7.0,200801,1000
reference_r1,LA-BL,200803,3,0.6466720000000001,1.0,1.0,0.0,1.0,200801,1000
reference_r1,LA-BL,200804,1,1.4771599999999996,0.0,1.0,1.0,3.0,200804,1000
reference_r1,LA-BL,200805,2,4.984886999999999,8.0,1.0,1.0,15.0,200804,1000
reference_r1,LA-BL,200806,3,5.870441000000003,6.0,1.0,1.0,19.0,200804,1000
reference_r1,LA-BL,200807,1,19.53271,30.0,1.0,0.0,31.0,200807,1000
reference_r1,LA-BL,200808,2,19.325046,30.0,1.0,0.0,32.0,200807,1000
reference_r1,LA-BL,200809,3,17.626461,28.0,1.0,0.0,30.0,200807,1000
reference_r1,LA-BL,200810,1,9.788348,10.0,1.0,1.0,5.0,200810,1000
reference_r1,LA-BL,200811,2,4.864583999999999,4.0,1.0,1.0,12.0,200810,1000
reference_r1,LA-BL,200812,3,1.0812369999999998,1.0,1.0,1.0,1.0,200810,1000
reference_r1,LA-BL,200901,1,0.7165739999999998,1.0,1.0,1.0,2.0,200901,1000
reference_r1,LA-BL,200902,2,1.574362,3.0,1.0,0.0,3.0,200901,1000
reference_r1,LA-BL,200903,3,1.2441939999999998,2.0,1.0,1.0,0.0,200901,1000
reference_r1,LA-BL,200904,1,0.7608920000000001,0.0,1.0,1.0,2.0,200904,1000
reference_r1,LA-BL,200905,2,4.289212,5.0,1.0,0.0,0.0,200904,1000
reference_r1,LA-BL,200906,3,5.544730000000001,5.0,1.0,1.0,7.0,200904,1000
reference_r1,LA-BL,200907,1,20.758153999999998,33.0,1.0,0.0,35.0,200907,1000
reference_r1,LA-BL,200908,2,6.238174999999998,7.0,1.0,1.0,9.0,200907,1000
reference_r1,LA-BL,200909,3,6.684890999999993,3.0,1.0,1.0,0.0,200907,1000
reference_r1,LA-BL,200910,1,5.589162000000002,7.0,1.0,0.0,1.0,200910,1000
reference_r1,LA-BL,200911,2,1.670573,1.0,1.0,1.0,2.0,200910,1000
reference_r1,LA-BL,200912,3,0.7965279999999999,0.0,1.0,1.0,1.0,200910,1000
reference_r1,LA-CH,200801,1,47.768787,71.0,0.0,0.0,73.0,200801,1000
reference_r1,LA-CH,200802,2,62.49186400000001,88.0,0.0,0.0,90.0,200801,1000
reference_r1,LA-CH,200803,3,58.490835,88.0,0.0,0.0,92.0,200801,1000
reference_r1,LA-CH,200804,1,23.627583,23.5,1.0,1.0,69.0,200804,1000
reference_r1,LA-CH,200805,2,50.49023599999998,12.5,1.0,1.0,113.0,200804,1000
reference_r1,LA-CH,200806,3,104.94476300000002,39.5,1.0,1.0,295.0,200804,1000
reference_r1,LA-CH,200807,1,94.22729900000002,147.0,1.0,0.0,162.0,200807,1000
reference_r1,LA-CH,200808,2,84.36213300000003,132.5,1.0,0.0,143.0,200807,1000
reference_r1,LA-CH,200809,3,118.76948099999998,177.0,1.0,0.0,185.0,200807,1000
reference_r1,LA-CH,200810,1,48.89845700000001,83.5,1.0,1.0,140.0,200810,1000
reference_r1,LA-CH,200811,2,33.16256,51.0,1.0,1.0,102.0,200810,1000
reference_r1,LA-CH,200812,3,30.903689999999997,56.0,1.0,0.0,73.0,200810,1000
reference_r1,LA-CH,200901,1,9.951977999999997,14.0,1.0,1.0,31.0,200901,1000
reference_r1,LA-CH,200902,2,24.834095000000005,39.0,0.0,0.0,48.0,200901,1000
reference_r1,LA-CH,200903,3,20.625977,35.0,1.0,1.0,60.0,200901,1000
reference_r1,LA-CH,200904,1,36.466953,65.0,1.0,0.0,102.0,200904,1000
reference_r1,LA-CH,200905,2,70.314546,87.0,1.0,1.0,66.0,200904,1000
reference_r1,LA-CH,200906,3,73.89520999999999,57.5,1.0,1.0,124.0,200904,1000
reference_r1,LA-CH,200907,1,74.63937399999998,110.0,1.0,0.0,122.0,200907,1000
reference_r1,LA-CH,200908,2,65.96393799999998,101.5,1.0,0.0,110.0,200907,1000
reference_r1,LA-CH,200909,3,61.46618000000001,96.0,1.0,0.0,105.0,200907,1000
reference_r1,LA-CH,200910,1,20.739897,32.0,1.0,1.0,59.0,200910,1000
reference_r1,LA-CH,200911,2,12.298434,15.5,1.0,1.0,35.0,200910,1000
reference_r1,LA-CH,200912,3,12.995179,3.0,1.0,1.0,32.0,200910,1000
reference_r1,LA-HO,200801,1,0.025157000000000013,0.0,1.0,1.0,0.0,200801,1000
reference_r1,LA-HO,200802,2,0.009713000000000013,0.0,1.0,1.0,0.0,200801,1000
reference_r1,LA-HO,200803,3,0.02706799999999998,0.0,1.0,1.0,0.0,200801,1000
reference_r1,LA-HO,200804,1,0.0058980000000000005,0.0,1.0,1.0,0.0,200804,1000
reference_r1,LA-HO,200805,2,0.014425000000000021,0.0,1.0,1.0,0.0,200804,1000
reference_r1,LA-HO,200806,3,0.008355000000000001,0.0,1.0,1.0,0.0,200804,1000
reference_r1,LA-HO,200807,1,0.41271400000000114,0.0,1.0,1.0,0.0,200807,1000
reference_r1,LA-HO,200808,2,0.4503010000000005,0.0,1.0,1.0,0.0,200807,1000
reference_r1,LA-HO,200809,3,0.7517259999999997,1.0,1.0,1.0,1.0,200807,1000
reference_r1,LA-HO,200810,1,0.09069000000000005,0.0,1.0,1.0,0.0,200810,1000
reference_r1,LA-HO,200811,2,0.017884999999999984,0.0,1.0,1.0,0.0,200810,1000
reference_r1,LA-HO,200812,3,0.8874019999999999,1.0,0.0,0.0,1.0,200810,1000
reference_r1,LA-HO,200901,1,0.013247999999999982,0.0,1.0,1.0,0.0,200901,1000
reference_r1,LA-HO,200902,2,0.030431999999999987,0.0,1.0,1.0,0.0,200901,1000
reference_r1,LA-HO,200903,3,0.032930000000000015,0.0,1.0,1.0,0.0,200901,1000
reference_r1,LA-HO,200904,1,0.00486700000000001,0.0,1.0,1.0,0.0,200904,1000
reference_r1,LA-HO,200905,2,0.009521999999999989,0.0,1.0,1.0,0.0,200904,1000
reference_r1,LA-HO,200906,3,0.04292800000000002,0.0,1.0,1.0,0.0,200904,1000
reference_r1,LA-HO,200907,1,0.3356970000000006,0.0,1.0,1.0,0.0,200907,1000
reference_r1,LA-HO,200908,2,0.6142660000000006,0.0,1.0,1.0,0.0,200907,1000
reference_r1,LA-HO,200909,3,0.743557,1.0,1.0,1.0,1.0,200907,1000
reference_r1,LA-HO,200910,1,0.5148609999999999,1.0,1.0,1.0,1.0,200910,1000
reference_r1,LA-HO,200911,2,0.801398,1.0,1.0,0.0,1.0,200910,1000
reference_r1,LA-HO,200912,3,0.859395,1.0,0.0,0.0,1.0,200910,1000
reference_r1,LA-KH,200801,1,0.9522360000000001,0.0,1.0,1.0,0.0,200801,1000
reference_r1,LA-KH,200802,2,0.059829999999999994,0.0,1.0,1.0,0.0,200801,1000
reference_r1,LA-KH,200803,3,0.063637,0.0,1.0,1.0,0.0,200801,1000
reference_r1,LA-KH,200804,1,0.45914599999999983,1.0,1.0,1.0,0.0,200804,1000
reference_r1,LA-KH,200805,2,1.3217029999999994,2.0,1.0,1.0,0.0,200804,1000
reference_r1,LA-KH,200806,3,2.660233,3.0,1.0,1.0,1.0,200804,1000
reference_r1,LA-KH,200807,1,5.473232000000024,1.0,1.0,1.0,3.0,200807,1000
reference_r1,LA-KH,200808,2,6.386752999999999,3.0,1.0,1.0,0.0,200807,1000
reference_r1,LA-KH,200809,3,6.866299000000026,2.0,1.0,1.0,4.0,200807,1000
reference_r1,LA-KH,200810,1,0.8193489999999999,0.0,1.0,1.0,1.0,200810,1000
reference_r1,LA-KH,200811,2,1.1936380000000002,2.0,1.0,1.0,3.0,200810,1000
reference_r1,LA-KH,200812,3,3.161404,4.0,0.0,0.0,4.0,200810,1000
reference_r1,LA-KH,200901,1,0.057176000000000005,0.0,1.0,1.0,0.0,200901,1000
reference_r1,LA-KH,200902,2,0.02243500000000001,0.0,1.0,1.0,0.0,200901,1000
reference_r1,LA-KH,200903,3,4.631247,6.0,0.0,0.0,6.0,200901,1000
reference_r1,LA-KH,200904,1,0.3638300000000001,0.0,1.0,1.0,0.0,200904,1000
reference_r1,LA-KH,200905,2,2.236352,4.0,1.0,0.0,6.0,200904,1000
reference_r1,LA-KH,200906,3,65.2565,76.0,0.0,0.0,80.0,200904,1000
reference_r1,LA-KH,200907,1,110.92664299999998,152.0,0.0,0.0,155.0,200907,1000
reference_r1,LA-KH,200908,2,242.99767899999998,300.0,0.0,0.0,303.0,200907,1000
reference_r1,LA-KH,200909,3,212.850508,273.0,0.0,0.0,277.0,200907,1000
reference_r1,LA-KH,200910,1,42.38692799999998,7.0,1.0,1.0,85.0,200910,1000
reference_r1,LA-KH,200911,2,20.164348000000004,26.0,1.0,1.0,61.0,200910,1000
reference_r1,LA-KH,200912,3,27.441840000000003,50.0,1.0,0.0,67.0,200910,1000
reference_r1,LA-LM,200801,1,0.05974999999999997,0.0,1.0,1.0,0.0,200801,1000
reference_r1,LA-LM,200802,2,0.01961200000000002,0.0,1.0,1.0,0.0,200801,1000
reference_r1,LA-LM,200803,3,0.006087999999999996,0.0,1.0,1.0,0.0,200801,1000
reference_r1,LA-LM,200804,1,0.00019900000000000126,0.0,1.0,1.0,0.0,200804,1000
reference_r1,LA-LM,200805,2,0.001676999999999998,0.0,1.0,1.0,0.0,200804,1000
reference_r1,LA-LM,200806,3,0.0028490000000000043,0.0,1.0,1.0,0.0,200804,1000
reference_r1,LA-LM,200807,1,1.3904640000000015,0.0,1.0,1.0,0.0,200807,1000
reference_r1,LA-LM,200808,2,0.6727139999999991,0.0,1.0,1.0,0.0,200807,1000
reference_r1,LA-LM,200809,3,1.0874999999999986,0.0,1.0,1.0,0.0,200807,1000
reference_r1,LA-LM,200810,1,0.01342199999999999,0.0,1.0,1.0,0.0,200810,1000
reference_r1,LA-LM,200811,2,0.006212999999999996,0.0,1.0,1.0,0.0,200810,1000
reference_r1,LA-LM,200812,3,0.0011059999999999959,0.0,1.0,1.0,0.0,200810,1000
reference_r1,LA-LM,200901,1,2.599999999999998e-05,0.0,1.0,1.0,0.0,200901,1000
reference_r1,LA-LM,200902,2,0.00017299999999999954,0.0,1.0,1.0,0.0,200901,1000
reference_r1,LA-LM,200903,3,0.0003249999999999989,0.0,1.0,1.0,0.0,200901,1000
reference_r1,LA-LM,200904,1,0.9545319999999999,1.0,0.0,0.0,1.0,200904,1000
reference_r1,LA-LM,200905,2,0.0038699999999999984,0.0,1.0,1.0,0.0,200904,1000
reference_r1,LA-LM,200906,3,1.7996759999999998,2.0,0.0,0.0,2.0,200904,1000
reference_r1,LA-LM,200907,1,0.9498630000000006,1.0,1.0,1.0,1.0,200907,1000
reference_r1,LA-LM,200908,2,1.213477000000001,0.0,1.0,1.0,0.0,200907,1000
reference_r1,LA-LM,200909,3,2.4347220000000007,4.0,1.0,0.0,4.0,200907,1000
reference_r1,LA-LM,200910,1,2.706524,4.0,1.0,0.0,5.0,200910,1000
reference_r1,LA-LM,200911,2,4.823263,6.0,0.0,0.0,6.0,200910,1000
reference_r1,LA-LM,200912,3,3.3519740000000002,4.0,0.0,0.0,4.0,200910,1000
reference_r1,LA-LP,200801,1,0.160651,0.0,1.0,1.0,0.0,200801,1000
reference_r1,LA-LP,200802,2,15.339026,16.0,0.0,0.0,16.0,200801,1000
reference_r1,LA-LP,200803,3,21.601682999999998,22.0,0.0,0.0,22.0,200801,1000
reference_r1,LA-LP,200804,1,17.63874,28.0,0.0,0.0,33.0,200804,1000
reference_r1,LA-LP,200805,2,70.51993300000001,101.0,0.0,0.0,116.0,200804,1000
reference_r1,LA-LP,200806,3,80.551608,131.0,1.0,0.0,160.0,200804,1000
reference_r1,LA-LP,200807,1,9.774498999999999,15.0,1.0,0.0,16.0,200807,1000
reference_r1,LA-LP,200808,2,8.219285,13.0,1.0,0.0,13.0,200807,1000
reference_r1,LA-LP,200809,3,8.926874999999999,13.0,1.0,0.0,14.0,200807,1000
reference_r1,LA-LP,200810,1,17.922942,28.0,0.0,0.0,33.0,200810,1000
reference_r1,LA-LP,200811,2,102.51414600000001,113.0,0.0,0.0,116.0,200810,1000
reference_r1,LA-LP,200812,3,157.413642,160.0,0.0,0.0,161.0,200810,1000
reference_r1,LA-LP,200901,1,7.595626000000001,10.0,1.0,0.0,0.0,200901,1000
reference_r1,LA-LP,200902,2,6.697968999999999,8.0,1.0,0.0,0.0,200901,1000
reference_r1,LA-LP,200903,3,13.80764,17.0,0.0,0.0,0.0,200901,1000
reference_r1,LA-LP,200904,1,10.707904,14.0,0.0,0.0,0.0,200904,1000
reference_r1,LA-LP,200905,2,36.956267,50.5,0.0,0.0,0.0,200904,1000
reference_r1,LA-LP,200906,3,72.271965,88.0,1.0,0.0,9.0,200904,1000
reference_r1,LA-LP,200907,1,19.046483000000002,29.0,1.0,0.0,30.0,200907,1000
reference_r1,LA-LP,200908,2,20.103858000000002,31.0,1.0,0.0,32.0,200907,1000
reference_r1,LA-LP,200909,3,278.311964,312.0,0.0,0.0,313.0,200907,1000
reference_r1,LA-LP,200910,1,63.798609,116.0,1.0,0.0,165.0,200910,1000
reference_r1,LA-LP,200911,2,44.904875999999994,72.0,1.0,0.0,87.0,200910,1000
reference_r1,LA-LP,200912,3,7.038397999999999,9.0,1.0,0.0,0.0,200910,1000
reference_r1,LA-OU,200801,1,0.17013899999999993,0.0,1.0,1.0,0.0,200801,1000
reference_r1,LA-OU,200802,2,0.03646699999999997,0.0,1.0,1.0,0.0,200801,1000
reference_r1,LA-OU,200803,3,0.019013000000000002,0.0,1.0,1.0,0.0,200801,1000
reference_r1,LA-OU,200804,1,0.002125000000000002,0.0,1.0,1.0,0.0,200804,1000
reference_r1,LA-OU,200805,2,0.009234000000000006,0.0,1.0,1.0,0.0,200804,1000
reference_r1,LA-OU,200806,3,0.019605999999999985,0.0,1.0,1.0,0.0,200804,1000
reference_r1,LA-OU,200807,1,1.9158350000000013,1.0,1.0,1.0,0.0,200807,1000
reference_r1,LA-OU,200808,2,1.2049300000000045,0.0,1.0,1.0,0.0,200807,1000
reference_r1,LA-OU,200809,3,1.484686,1.0,1.0,1.0,0.0,200807,1000
reference_r1,LA-OU,200810,1,0.01408000000000001,0.0,1.0,1.0,0.0,200810,1000
reference_r1,LA-OU,200811,2,0.00930800000000001,0.0,1.0,1.0,0.0,200810,1000
reference_r1,LA-OU,200812,3,0.002235000000000001,0.0,1.0,1.0,0.0,200810,1000
reference_r1,LA-OU,200901,1,0.000168999999999999,0.0,1.0,1.0,0.0,200901,1000
reference_r1,LA-OU,200902,2,0.0002610000000000008,0.0,1.0,1.0,0.0,200901,1000
reference_r1,LA-OU,200903,3,0.0006499999999999978,0.0,1.0,1.0,0.0,200901,1000
reference_r1,LA-OU,200904,1,0.0008449999999999985,0.0,1.0,1.0,0.0,200904,1000
reference_r1,LA-OU,200905,2,0.006817000000000004,0.0,1.0,1.0,0.0,200904,1000
reference_r1,LA-OU,200906,3,0.01880699999999999,0.0,1.0,1.0,0.0,200904,1000
reference_r1,LA-OU,200907,1,2.5720230000000015,1.0,1.0,1.0,0.0,200907,1000
reference_r1,LA-OU,200908,2,2.667482999999997,0.0,1.0,1.0,1.0,200907,1000
reference_r1,LA-OU,200909,3,8.936726999999998,14.0,1.0,0.0,15.0,200907,1000
reference_r1,LA-OU,200910,1,2.133859,4.0,1.0,1.0,6.0,200910,1000
reference_r1,LA-OU,200911,2,9.552666,12.0,0.0,0.0,13.0,200910,1000
reference_r1,LA-OU,200912,3,15.934239999999999,18.0,0.0,0.0,18.0,200910,1000
reference_r1,LA-PH,200901,1,0.014232000000000022,0.0,1.0,1.0,0.0,200901,1000
reference_r1,LA-PH,200902,2,0.014554999999999985,0.0,1.0,1.0,0.0,200901,1000
reference_r1,LA-PH,200903,3,0.01885500000000001,0.0,1.0,1.0,0.0,200901,1000
reference_r1,LA-PH,200904,1,0.0036830000000000057,0.0,1.0,1.0,0.0,200904,1000
reference_r1,LA-PH,200905,2,0.010007999999999989,0.0,1.0,1.0,0.0,200904,1000
reference_r1,LA-PH,200906,3,0.03240899999999991,0.0,1.0,1.0,0.0,200904,1000
reference_r1,LA-PH,200907,1,0.21838599999999975,0.0,1.0,1.0,0.0,200907,1000
reference_r1,LA-PH,200909,3,0.35262800000000016,0.0,1.0,1.0,0.0,200907,1000
reference_r1,LA-PH,200910,1,0.02220099999999997,0.0,1.0,1.0,0.0,200910,1000
reference_r1,LA-PH,200911,2,0.00520000000000001,0.0,1.0,1.0,0.0,200910,1000
reference_r1,LA-PH,200912,3,0.0015369999999999967,0.0,1.0,1.0,0.0,200910,1000
reference_r1,LA-SL,200801,1,0.9819320000000005,0.0,1.0,1.0,0.0,200801,1000
reference_r1,LA-SL,200802,2,0.599248,1.0,1.0,1.0,1.0,200801,1000
reference_r1,LA-SL,200803,3,3.1526940000000003,5.0,1.0,0.0,5.0,200801,1000
reference_r1,LA-SL,200804,1,0.8175660000000002,0.0,1.0,1.0,2.0,200804,1000
reference_r1,LA-SL,200805,2,89.49545900000001,101.0,0.0,0.0,105.0,200804,1000
reference_r1,LA-SL,200806,3,186.814326,214.0,0.0,0.0,226.0,200804,1000
reference_r1,LA-SL,200807,1,49.035342,74.5,1.0,0.0,78.0,200807,1000
reference_r1,LA-SL,200808,2,40.26653399999999,60.0,1.0,0.0,63.0,200807,1000
reference_r1,LA-SL,200809,3,56.820761000000005,82.0,1.0,0.0,85.0,200807,1000
reference_r1,LA-SL,200810,1,34.596915,61.0,1.0,0.0,91.0,200810,1000
reference_r1,LA-SL,200811,2,9.385928999999997,2.0,1.0,1.0,21.0,200810,1000
reference_r1,LA-SL,200812,3,3.3974340000000005,2.0,1.0,1.0,8.0,200810,1000
reference_r1,LA-SL,200901,1,1.374387,1.5,1.0,1.0,1.0,200901,1000
reference_r1,LA-SL,200902,2,18.978771000000002,23.0,0.0,0.0,24.0,200901,1000
reference_r1,LA-SL,200903,3,12.841992,20.0,1.0,0.0,25.0,200901,1000
reference_r1,LA-SL,200904,1,6.1126580000000015,9.0,1.0,1.0,19.0,200904,1000
reference_r1,LA-SL,200905,2,43.933125000000004,78.0,1.0,0.0,122.0,200904,1000
reference_r1,LA-SL,200906,3,31.164193999999995,24.0,1.0,1.0,42.0,200904,1000
reference_r1,LA-SL,200907,1,114.93870700000002,161.0,0.0,0.0,164.0,200907,1000
reference_r1,LA-SL,200908,2,85.728969,124.0,1.0,0.0,127.0,200907,1000
reference_r1,LA-SL,200909,3,59.705803,87.0,1.0,0.0,91.0,200907,1000
reference_r1,LA-SL,200910,1,36.430464,65.0,1.0,0.0,94.0,200910,1000
reference_r1,LA-SL,200911,2,14.991375000000001,26.0,1.0,1.0,44.0,200910,1000
reference_r1,LA-SL,200912,3,7.433579999999999,1.0,1.0,1.0,17.0,200910,1000
reference_r1,LA-SV,200801,1,5.563943000000002,1.0,1.0,1.0,1.0,200801,1000
reference_r1,LA-SV,200802,2,0.9451480000000005,1.0,1.0,1.0,1.0,200801,1000
reference_r1,LA-SV,200803,3,0.7382439999999999,1.0,1.0,1.0,1.0,200801,1000
reference_r1,LA-SV,200804,1,3.412394,4.0,1.0,0.0,0.0,200804,1000
reference_r1,LA-SV,200805,2,8.59426,11.0,1.0,0.0,1.0,200804,1000
reference_r1,LA-SV,200806,3,24.178017000000004,32.5,1.0,0.0,10.0,200804,1000
reference_r1,LA-SV,200807,1,28.250846000000024,2.0,1.0,1.0,11.0,200807,1000
reference_r1,LA-SV,200808,2,26.24983500000002,7.5,1.0,1.0,4.0,200807,1000
reference_r1,LA-SV,200809,3,26.72001800000004,11.0,1.0,1.0,2.0,200807,1000
reference_r1,LA-SV,200810,1,3.9333799999999997,7.0,1.0,0.0,10.0,200810,1000
reference_r1,LA-SV,200811,2,1.0984999999999996,0.0,1.0,1.0,2.0,200810,1000
reference_r1,LA-SV,200812,3,0.3996789999999999,0.0,1.0,1.0,0.0,200810,1000
reference_r1,LA-SV,200901,1,0.052478000000000025,0.0,1.0,1.0,0.0,200901,1000
reference_r1,LA-SV,200902,2,0.013069000000000011,0.0,1.0,1.0,0.0,200901,1000
reference_r1,LA-SV,200903,3,0.13715900000000003,0.0,1.0,1.0,0.0,200901,1000
reference_r1,LA-SV,200904,1,0.162366,0.0,1.0,1.0,0.0,200904,1000
reference_r1,LA-SV,200905,2,1.2513319999999997,2.0,1.0,1.0,0.0,200904,1000
reference_r1,LA-SV,200906,3,1.651656,2.0,1.0,1.0,1.0,200904,1000
reference_r1,LA-SV,200907,1,32.74777399999999,2.0,1.0,1.0,13.0,200907,1000
reference_r1,LA-SV,200908,2,37.84572400000002,21.0,1.0,1.0,34.0,200907,1000
reference_r1,LA-SV,200909,3,39.881485999999995,33.0,1.0,1.0,48.0,200907,1000
reference_r1,LA-SV,200910,1,7.137243000000002,1.0,1.0,1.0,16.0,200910,1000
reference_r1,LA-SV,200911,2,17.704375,27.0,1.0,0.0,33.0,200910,1000
reference_r1,LA-SV,200912,3,2.0048080000000006,0.0,1.0,1.0,4.0,200910,1000
reference_r1,LA-VT,200801,1,19.38447699999999,20.0,1.0,1.0,29.0,200801,1000
reference_r1,LA-VT,200802,2,6.147629,11.0,1.0,1.0,12.0,200801,1000
reference_r1,LA-VT,200803,3,16.542749,25.0,1.0,0.0,26.0,200801,1000
reference_r1,LA-VT,200804,1,10.937257000000002,14.0,1.0,0.0,4.0,200804,1000
reference_r1,LA-VT,200805,2,25.062027000000008,30.0,1.0,1.0,17.0,200804,1000
reference_r1,LA-VT,200806,3,75.512643,82.0,1.0,1.0,60.0,200804,1000
reference_r1,LA-VT,200807,1,88.34341899999981,108.0,1.0,1.0,132.0,200807,1000
reference_r1,LA-VT,200808,2,84.66309999999999,121.0,1.0,0.0,144.0,200807,1000
reference_r1,LA-VT,200809,3,104.13578100000018,134.0,1.0,1.0,158.0,200807,1000
reference_r1,LA-VT,200810,1,33.38445999999999,23.5,1.0,1.0,95.0,200810,1000
reference_r1,LA-VT,200811,2,49.232133999999995,88.5,1.0,0.0,129.0,200810,1000
reference_r1,LA-VT,200812,3,48.98047100000001,76.0,0.0,0.0,91.0,200810,1000
reference_r1,LA-VT,200901,1,21.956408,33.0,0.0,0.0,38.0,200901,1000
reference_r1,LA-VT,200902,2,12.765167,18.0,0.0,0.0,20.0,200901,1000
reference_r1,LA-VT,200903,3,6.280748999999998,11.0,1.0,1.0,19.0,200901,1000
reference_r1,LA-VT,200904,1,10.896318999999998,6.0,1.0,1.0,33.0,200904,1000
reference_r1,LA-VT,200905,2,102.19549699999999,131.5,1.0,1.0,54.0,200904,1000
reference_r1,LA-VT,200906,3,176.22522000000004,221.5,1.0,1.0,104.0,200904,1000
reference_r1,LA-VT,200907,1,194.05249999999978,265.0,1.0,0.0,302.0,200907,1000
reference_r1,LA-VT,200908,2,226.7573470000002,322.0,1.0,0.0,356.0,200907,1000
reference_r1,LA-VT,200909,3,288.4547770000004,437.0,1.0,0.0,470.0,200907,1000
reference_r1,LA-VT,200910,1,192.976,354.0,1.0,0.0,527.0,200910,1000
reference_r1,LA-VT,200911,2,286.27414200000004,442.0,0.0,0.0,521.0,200910,1000
reference_r1,LA-VT,200912,3,217.80021600000003,315.0,0.0,0.0,366.0,200910,1000
reference_r1,LA-XA,200801,1,0.7419189999999998,0.0,1.0,1.0,0.0,200801,1000
reference_r1,LA-XA,200802,2,0.19752300000000012,0.0,1.0,1.0,0.0,200801,1000
reference_r1,LA-XA,200803,3,0.11959799999999998,0.0,1.0,1.0,0.0,200801,1000
reference_r1,LA-XA,200804,1,0.7539779999999998,1.0,1.0,1.0,0.0,200804,1000
reference_r1,LA-XA,200805,2,1.3828699999999996,1.0,1.0,1.0,2.0,200804,1000
reference_r1,LA-XA,200806,3,2.062346,0.0,1.0,1.0,6.0,200804,1000
reference_r1,LA-XA,200807,1,10.894683,17.0,1.0,0.0,19.0,200807,1000
reference_r1,LA-XA,200808,2,4.152766,6.0,1.0,1.0,7.0,200807,1000
reference_r1,LA-XA,200809,3,3.0339899999999993,0.0,1.0,1.0,1.0,200807,1000
reference_r1,LA-XA,200810,1,1.5429700000000004,0.0,1.0,1.0,3.0,200810,1000
reference_r1,LA-XA,200811,2,1.0241789999999997,0.0,1.0,1.0,2.0,200810,1000
reference_r1,LA-XA,200812,3,0.404417,0.0,1.0,1.0,1.0,200810,1000
reference_r1,LA-XA,200901,1,0.09348699999999999,0.0,1.0,1.0,0.0,200901,1000
reference_r1,LA-XA,200902,2,0.05280299999999999,0.0,1.0,1.0,0.0,200901,1000
reference_r1,LA-XA,200903,3,0.235607,0.0,1.0,1.0,0.0,200901,1000
reference_r1,LA-XA,200904,1,0.30006200000000016,0.0,1.0,1.0,0.0,200904,1000
reference_r1,LA-XA,200905,2,1.1224100000000004,1.0,1.0,1.0,1.0,200904,1000
reference_r1,LA-XA,200906,3,5.800826000000001,10.0,1.0,0.0,14.0,200904,1000
reference_r1,LA-XA,200907,1,7.522418999999999,9.0,1.0,1.0,11.0,200907,1000
reference_r1,LA-XA,200908,2,22.132010000000008,35.0,1.0,0.0,37.0,200907,1000
reference_r1,LA-XA,200909,3,7.25076700000001,9.0,1.0,1.0,11.0,200907,1000
reference_r1,LA-XA,200910,1,5.292550999999998,5.0,1.0,1.0,5.0,200910,1000
reference_r1,LA-XA,200911,2,1.8189130000000002,2.0,1.0,1.0,5.0,200910,1000
reference_r1,LA-XA,200912,3,1.5971190000000006,2.0,1.0,1.0,0.0,200910,1000
reference_r1,LA-XE,200801,1,0.024902000000000007,0.0,1.0,1.0,0.0,200801,1000
reference_r1,LA-XE,200802,2,0.013963000000000003,0.0,1.0,1.0,0.0,200801,1000
reference_r1,LA-XE,200803,3,0.012159000000000003,0.0,1.0,1.0,0.0,200801,1000
reference_r1,LA-XE,200804,1,0.012151000000000023,0.0,1.0,1.0,0.0,200804,1000
reference_r1,LA-XE,200805,2,0.04666500000000001,0.0,1.0,1.0,0.0,200804,1000
reference_r1,LA-XE,200806,3,4.105456,5.0,0.0,0.0,5.0,200804,1000
reference_r1,LA-XE,200807,1,0.3836550000000001,0.0,1.0,1.0,0.0,200807,1000
reference_r1,LA-XE,200808,2,0.5356760000000005,0.0,1.0,1.0,0.0,200807,1000
reference_r1,LA-XE,200809,3,0.674957,1.0,1.0,1.0,1.0,200807,1000
reference_r1,LA-XE,200810,1,0.07434999999999997,0.0,1.0,1.0,0.0,200810,1000
reference_r1,LA-XE,200811,2,0.043760999999999994,0.0,1.0,1.0,0.0,200810,1000
reference_r1,LA-XE,200812,3,0.790737,1.0,1.0,0.0,1.0,200810,1000
reference_r1,LA-XE,200901,1,0.0034220000000000084,0.0,1.0,1.0,0.0,200901,1000
reference_r1,LA-XE,200902,2,1.864019,2.0,0.0,0.0,2.0,200901,1000
reference_r1,LA-XE,200903,3,1.7410040000000002,2.0,0.0,0.0,2.0,200901,1000
reference_r1,LA-XE,200904,1,0.49309299999999995,1.0,1.0,1.0,1.0,200904,1000
reference_r1,LA-XE,200905,2,0.936532,2.0,1.0,0.0,2.0,200904,1000
reference_r1,LA-XE,200906,3,5.956706,8.0,0.0,0.0,9.0,200904,1000
reference_r1,LA-XE,200907,1,24.41007,29.0,0.0,0.0,29.0,200907,1000
reference_r1,LA-XE,200908,2,21.571879000000003,27.0,0.0,0.0,27.0,200907,1000
reference_r1,LA-XE,200909,3,3.9325220000000005,6.0,1.0,0.0,6.0,200907,1000
reference_r1,LA-XE,200910,1,2.855445999999999,4.0,1.0,1.0,7.0,200910,1000
reference_r1,LA-XE,200911,2,2.806322999999999,1.0,1.0,1.0,3.0,200910,1000
reference_r1,LA-XE,200912,3,6.452030000000001,3.0,1.0,1.0,7.0,200910,1000
reference_r1,LA-XI,200801,1,0.05011700000000002,0.0,1.0,1.0,0.0,200801,1000
reference_r1,LA-XI,200802,2,0.015656000000000003,0.0,1.0,1.0,0.0,200801,1000
reference_r1,LA-XI,200803,3,0.01444999999999999,0.0,1.0,1.0,0.0,200801,1000
reference_r1,LA-XI,200804,1,0.0004049999999999991,0.0,1.0,1.0,0.0,200804,1000
reference_r1,LA-XI,200805,2,0.0008200000000000013,0.0,1.0,1.0,0.0,200804,1000
reference_r1,LA-XI,200806,3,0.9273779999999999,1.0,0.0,0.0,1.0,200804,1000
reference_r1,LA-XI,200807,1,0.4061300000000001,0.0,1.0,1.0,0.0,200807,1000
reference_r1,LA-XI,200808,2,0.38316700000000026,0.0,1.0,1.0,0.0,200807,1000
reference_r1,LA-XI,200809,3,0.3758210000000002,0.0,1.0,1.0,0.0,200807,1000
reference_r1,LA-XI,200810,1,0.012282999999999988,0.0,1.0,1.0,0.0,200810,1000
reference_r1,LA-XI,200811,2,0.005533999999999997,0.0,1.0,1.0,0.0,200810,1000
reference_r1,LA-XI,200812,3,0.001225999999999998,0.0,1.0,1.0,0.0,200810,1000
reference_r1,LA-XI,200901,1,0.0008849999999999969,0.0,1.0,1.0,0.0,200901,1000
reference_r1,LA-XI,200902,2,0.0018140000000000031,0.0,1.0,1.0,0.0,200901,1000
reference_r1,LA-XI,200903,3,0.0016549999999999968,0.0,1.0,1.0,0.0,200901,1000
reference_r1,LA-XI,200904,1,0.0005310000000000002,0.0,1.0,1.0,0.0,200904,1000
reference_r1,LA-XI,200905,2,38.94268099999999,39.0,0.0,0.0,39.0,200904,1000
reference_r1,LA-XI,200906,3,32.843438,33.0,0.0,0.0,33.0,200904,1000
reference_r1,LA-XI,200907,1,0.6470310000000001,1.0,1.0,1.0,1.0,200907,1000
reference_r1,LA-XI,200908,2,6.784249,10.0,0.0,0.0,10.0,200907,1000
reference_r1,LA-XI,200909,3,0.48155000000000037,0.0,1.0,1.0,0.0,200907,1000
reference_r1,LA-XI,200910,1,1.219605,1.5,1.0,1.0,0.0,200910,1000
reference_r1,LA-XI,200911,2,0.33285600000000004,0.0,1.0,1.0,0.0,200910,1000
reference_r1,LA-XI,200912,3,0.18281800000000004,0.0,1.0,1.0,0.0,200910,1000
reference_r2,LA-AT,200801,1,2.9078169999999997,4.0,0.0,0.0,4.0,200801,1000
reference_r2,LA-AT,200802,2,1.1567910000000001,2.0,1.0,0.0,2.0,200801,1000
reference_r2,LA-AT,200803,3,0.070388,0.0,1.0,1.0,0.0,200801,1000
reference_r2,LA-AT,200804,1,0.47787,1.0,1.0,1.0,0.0,200804,1000
reference_r2,LA-AT,200805,2,1.2805529999999998,2.0,1.0,1.0,4.0,200804,1000
reference_r2,LA-AT,200806,3,3.705412,7.0,1.0,0.0,10.0,200804,1000
reference_r2,LA-AT,200807,1,3.505434000000001,5.0,1.0,0.0,6.0,200807,1000
reference_r2,LA-AT,200808,2,7.083598000000002,11.0,1.0,0.0,11.0,200807,1000
reference_r2,LA-AT,200809,3,16.806421,24.0,0.0,0.0,24.0,200807,1000
reference_r2,LA-AT,200810,1,30.851794,42.0,0.0,0.0,47.0,200810,1000
reference_r2,LA-AT,200811,2,35.119429000000004,41.0,0.0,0.0,43.0,200810,1000
reference_r2,LA-AT,200812,3,17.073064,21.0,0.0,0.0,23.0,200810,1000
reference_r2,LA-AT,200901,1,8.448653,14.0,1.0,0.0,18.0,200901,1000
reference_r2,LA-AT,200902,2,36.077647999999996,43.0,0.0,0.0,46.0,200901,1000
reference_r2,LA-AT,200903,3,55.095384,69.0,0.0,0.0,77.0,200901,1000
reference_r2,LA-AT,200904,1,49.315128,79.0,1.0,0.0,99.0,200904,1000
reference_r2,LA-AT,200905,2,46.106483,57.0,0.0,0.0,0.0,200904,1000
reference_r2,LA-AT,200906,3,39.04286400000001,45.5,1.0,1.0,24.0,200904,1000
reference_r2,LA-AT,200907,1,45.396359999999994,63.0,0.0,0.0,64.0,200907,1000
reference_r2,LA-AT,200908,2,14.709614999999996,21.0,0.0,0.0,21.0,200907,1000
reference_r2,LA-AT,200909,3,10.190208000000002,16.0,1.0,0.0,17.0,200907,1000
reference_r2,LA-AT,200910,1,7.279979999999998,7.0,1.0,1.0,4.0,200910,1000
reference_r2,LA-AT,200911,2,5.565166999999999,9.0,1.0,1.0,16.0,200910,1000
reference_r2,LA-AT,200912,3,6.161097999999999,4.0,1.0,1.0,6.0,200910,1000
reference_r2,LA-BK,200801,1,0.952592,1.0,0.0,0.0,1.0,200801,1000
reference_r2,LA-BK,200802,2,0.0002249999999999995,0.0,1.0,1.0,0.0,200801,1000
reference_r2,LA-BK,200803,3,1.600000000000039e-05,0.0,1.0,1.0,0.0,200801,1000
reference_r2,LA-BK,200804,1,0.004486000000000004,0.0,1.0,1.0,0.0,200804,1000
reference_r2,LA-BK,200805,2,11.526214,12.0,0.0,0.0,12.0,200804,1000
reference_r2,LA-BK,200806,3,52.345035,53.0,0.0,0.0,53.0,200804,1000
reference_r2,LA-BK,200807,1,2.081070000000004,1.0,1.0,1.0,2.0,200807,1000
reference_r2,LA-BK,200808,2,5.912234,9.0,1.0,0.0,9.0,200807,1000
reference_r2,LA-BK,200809,3,21.508497000000006,32.0,1.0,0.0,33.0,200807,1000
reference_r2,LA-BK,200810,1,23.909541999999988,14.0,1.0,1.0,48.0,200810,1000
reference_r2,LA-BK,200811,2,48.109193,54.0,0.0,0.0,55.0,200810,1000
reference_r2,LA-BK,200812,3,3.0987859999999996,5.0,0.0,0.0,5.0,200810,1000
reference_r2,LA-BK,200901,1,0.4541489999999999,0.0,1.0,1.0,1.0,200901,1000
reference_r2,LA-BK,200902,2,0.4860040000000001,1.0,1.0,1.0,0.0,200901,1000
reference_r2,LA-BK,200903,3,0.904039,1.0,1.0,1.0,1.0,200901,1000
reference_r2,LA-BK,200904,1,1.3886530000000006,0.0,1.0,1.0,3.0,200904,1000
reference_r2,LA-BK,200905,2,45.196857,64.0,0.0,0.0,74.0,200904,1000
reference_r2,LA-BK,200906,3,143.62633899999997,193.0,0.0,0.0,216.0,200904,1000
reference_r2,LA-BK,200907,1,185.31994799999998,211.0,0.0,0.0,212.0,200907,1000
reference_r2,LA-BK,200908,2,89.577338,109.0,0.0,0.0,110.0,200907,1000
reference_r2,LA-BK,200909,3,37.307813,51.0,0.0,0.0,52.0,200907,1000
reference_r2,LA-BK,200910,1,20.363408,10.0,1.0,1.0,31.0,200910,1000
reference_r2,LA-BK,200911,2,9.767804000000002,11.0,1.0,1.0,5.0,200910,1000
reference_r2,LA-BK,200912,3,5.616344999999999,6.0,1.0,1.0,4.0,200910,1000
reference_r2,LA-BL,200801,1,5.337813000000001,8.0,1.0,0.0,10.0,200801,1000
reference_r2,LA-BL,200802,2,5.825833,7.0,0.0,0.0,7.0,200801,1000
reference_r2,LA-BL,200803,3,0.42887700000000006,1.0,1.0,1.0,1.0,200801,1000
reference_r2,LA-BL,200804,1,1.3248489999999995,1.0,1.0,1.0,3.0,200804,1000
reference_r2,LA-BL,200805,2,4.947145000000001,9.0,1.0,1.0,15.0,200804,1000
reference_r2,LA-BL,200806,3,6.065197000000001,6.0,1.0,1.0,19.0,200804,1000
reference_r2,LA-BL,200807,1,20.604162000000002,30.0,1.0,0.0,31.0,200807,1000
reference_r2,LA-BL,200808,2,20.340433999999988,31.0,1.0,0.0,32.0,200807,1000
reference_r2,LA-BL,200809,3,19.006853000000007,29.0,1.0,0.0,30.0,200807,1000
reference_r2,LA-BL,200810,1,10.757255999999998,13.0,1.0,0.0,5.0,200810,1000
reference_r2,LA-BL,200811,2,3.9541329999999997,7.0,1.0,1.0,12.0,200810,1000
reference_r2,LA-BL,200812,3,0.9444140000000001,1.0,1.0,1.0,1.0,200810,1000
reference_r2,LA-BL,200901,1,0.7267570000000001,1.0,1.0,1.0,2.0,200901,1000
reference_r2,LA-BL,200902,2,1.5276449999999997,3.0,1.0,0.0,3.0,200901,1000
reference_r2,LA-BL,200903,3,1.1745210000000004,2.0,1.0,1.0,0.0,200901,1000
reference_r2,LA-BL,200904,1,0.7780809999999998,1.0,1.0,1.0,2.0,200904,1000
reference_r2,LA-BL,200905,2,4.080348999999999,6.0,1.0,0.0,0.0,200904,1000
reference_r2,LA-BL,200906,3,5.551982000000001,6.0,1.0,1.0,7.0,200904,1000
reference_r2,LA-BL,200907,1,20.732384000000003,33.0,1.0,0.0,35.0,200907,1000
reference_r2,LA-BL,200908,2,5.974423999999999,6.0,1.0,1.0,9.0,200907,1000
reference_r2,LA-BL,200909,3,5.746831999999998,2.0,1.0,1.0,0.0,200907,1000
reference_r2,LA-BL,200910,1,5.485051,6.0,1.0,0.0,1.0,200910,1000
reference_r2,LA-BL,200911,2,1.6233849999999999,1.0,1.0,1.0,2.0,200910,1000
reference_r2,LA-BL,200912,3,0.7835230000000002,0.0,1.0,1.0,1.0,200910,1000
reference_r2,LA-CH,200801,1,28.816583,54.0,1.0,0.0,73.0,200801,1000
reference_r2,LA-CH,200802,2,42.60258400000001,70.0,1.0,0.0,90.0,200801,1000
reference_r2,LA-CH,200803,3,49.881191,77.0,0.0,0.0,92.0,200801,1000
reference_r2,LA-CH,200804,1,22.396843999999994,20.0,1.0,1.0,69.0,200804,1000
reference_r2,LA-CH,200805,2,50.104747,10.0,1.0,1.0,113.0,200804,1000
reference_r2,LA-CH,200806,3,102.707965,67.0,1.0,1.0,295.0,200804,1000
reference_r2,LA-CH,200807,1,94.88719300000002,151.0,1.0,0.0,162.0,200807,1000
reference_r2,LA-CH,200808,2,90.54397500000002,137.0,1.0,0.0,143.0,200807,1000
reference_r2,LA-CH,200809,3,120.02065800000003,178.0,1.0,0.0,185.0,200807,1000
reference_r2,LA-CH,200810,1,47.839377999999996,86.0,1.0,1.0,140.0,200810,1000
reference_r2,LA-CH,200811,2,47.506083000000004,80.0,1.0,0.0,102.0,200810,1000
reference_r2,LA-CH,200812,3,33.555515,56.0,1.0,0.0,73.0,200810,1000
reference_r2,LA-CH,200901,1,9.930607000000002,11.0,1.0,1.0,31.0,200901,1000
reference_r2,LA-CH,200902,2,23.057434999999998,38.0,1.0,0.0,48.0,200901,1000
reference_r2,LA-CH,200903,3,20.277706000000002,35.0,1.0,0.0,60.0,200901,1000
reference_r2,LA-CH,200904,1,35.650920000000006,66.0,1.0,0.0,102.0,200904,1000
reference_r2,LA-CH,200905,2,72.89466100000001,81.0,1.0,1.0,66.0,200904,1000
reference_r2,LA-CH,200906,3,79.52674400000001,64.5,1.0,1.0,124.0,200904,1000
reference_r2,LA-CH,200907,1,67.25924400000002,106.0,1.0,0.0,122.0,200907,1000
reference_r2,LA-CH,200908,2,63.20840900000002,100.0,1.0,0.0,110.0,200907,1000
reference_r2,LA-CH,200909,3,58.29019099999999,95.0,1.0,0.0,105.0,200907,1000
reference_r2,LA-CH,200910,1,19.848348,29.0,1.0,1.0,59.0,200910,1000
reference_r2,LA-CH,200911,2,12.360295,13.0,1.0,1.0,35.0,200910,1000
reference_r2,LA-CH,200912,3,13.716657999999995,2.0,1.0,1.0,32.0,200910,1000
reference_r2,LA-HO,200801,1,0.0037580000000000113,0.0,1.0,1.0,0.0,200801,1000
reference_r2,LA-HO,200802,2,0.0009370000000000003,0.0,1.0,1.0,0.0,200801,1000
reference_r2,LA-HO,200803,3,0.008683999999999997,0.0,1.0,1.0,0.0,200801,1000
reference_r2,LA-HO,200804,1,0.004721000000000003,0.0,1.0,1.0,0.0,200804,1000
reference_r2,LA-HO,200805,2,0.014040999999999998,0.0,1.0,1.0,0.0,200804,1000
reference_r2,LA-HO,200806,3,0.011262999999999995,0.0,1.0,1.0,0.0,200804,1000
reference_r2,LA-HO,200807,1,0.20106599999999997,0.0,1.0,1.0,0.0,200807,1000
reference_r2,LA-HO,200808,2,0.30098,0.0,1.0,1.0,0.0,200807,1000
reference_r2,LA-HO,200809,3,0.611653,1.0,1.0,1.0,1.0,200807,1000
reference_r2,LA-HO,200810,1,0.05608399999999997,0.0,1.0,1.0,0.0,200810,1000
reference_r2,LA-HO,200811,2,0.005809999999999996,0.0,1.0,1.0,0.0,200810,1000
reference_r2,LA-HO,200812,3,0.889455,1.0,0.0,0.0,1.0,200810,1000
reference_r2,LA-HO,200901,1,0.012292000000000025,0.0,1.0,1.0,0.0,200901,1000
reference_r2,LA-HO,200902,2,0.03104700000000002,0.0,1.0,1.0,0.0,200901,1000
reference_r2,LA-HO,200903,3,0.030775999999999998,0.0,1.0,1.0,0.0,200901,1000
reference_r2,LA-HO,200904,1,0.005816000000000002,0.0,1.0,1.0,0.0,200904,1000
reference_r2,LA-HO,200905,2,0.007557999999999995,0.0,1.0,1.0,0.0,200904,1000
reference_r2,LA-HO,200906,3,0.03991699999999998,0.0,1.0,1.0,0.0,200904,1000
reference_r2,LA-HO,200907,1,0.6303640000000001,0.0,1.0,1.0,0.0,200907,1000
reference_r2,LA-HO,200908,2,0.8772850000000005,0.0,1.0,1.0,0.0,200907,1000
reference_r2,LA-HO,200909,3,0.906759000000001,1.0,1.0,1.0,1.0,200907,1000
reference_r2,LA-HO,200910,1,0.5550769999999999,1.0,1.0,1.0,1.0,200910,1000
reference_r2,LA-HO,200911,2,0.801413,1.0,1.0,0.0,1.0,200910,1000
reference_r2,LA-HO,200912,3,0.8596269999999999,1.0,0.0,0.0,1.0,200910,1000
reference_r2,LA-KH,200801,1,0.7707970000000002,1.0,1.0,1.0,0.0,200801,1000
reference_r2,LA-KH,200802,2,0.09623799999999999,0.0,1.0,1.0,0.0,200801,1000
reference_r2,LA-KH,200803,3,0.08945599999999998,0.0,1.0,1.0,0.0,200801,1000
reference_r2,LA-KH,200804,1,0.48263199999999995,1.0,1.0,1.0,0.0,200804,1000
reference_r2,LA-KH,200805,2,1.348894,2.0,1.0,1.0,0.0,200804,1000
reference_r2,LA-KH,200806,3,2.9150810000000007,4.0,1.0,1.0,1.0,200804,1000
reference_r2,LA-KH,200807,1,4.332551000000009,1.0,1.0,1.0,3.0,200807,1000
reference_r2,LA-KH,200808,2,5.044023999999993,2.0,1.0,1.0,0.0,200807,1000
reference_r2,LA-KH,200809,3,5.023063999999991,2.0,1.0,1.0,4.0,200807,1000
reference_r2,LA-KH,200810,1,0.7554400000000001,0.0,1.0,1.0,1.0,200810,1000
reference_r2,LA-KH,200811,2,1.625705,3.0,1.0,0.0,3.0,200810,1000
reference_r2,LA-KH,200812,3,3.245177,4.0,0.0,0.0,4.0,200810,1000
reference_r2,LA-KH,200901,1,0.068413,0.0,1.0,1.0,0.0,200901,1000
reference_r2,LA-KH,200902,2,0.021717000000000014,0.0,1.0,1.0,0.0,200901,1000
reference_r2,LA-KH,200903,3,4.715789999999999,6.0,0.0,0.0,6.0,200901,1000
reference_r2,LA-KH,200904,1,0.33343999999999996,0.0,1.0,1.0,0.0,200904,1000
reference_r2,LA-KH,200905,2,2.127028,4.0,1.0,1.0,6.0,200904,1000
reference_r2,LA-KH,200906,3,64.141733,76.0,0.0,0.0,80.0,200904,1000
reference_r2,LA-KH,200907,1,112.894536,152.0,0.0,0.0,155.0,200907,1000
reference_r2,LA-KH,200908,2,245.48229800000001,300.0,0.0,0.0,303.0,200907,1000
reference_r2,LA-KH,200909,3,214.76297,273.0,0.0,0.0,277.0,200907,1000
reference_r2,LA-KH,200910,1,42.131269,4.0,1.0,1.0,85.0,200910,1000
reference_r2,LA-KH,200911,2,19.553614000000003,23.0,1.0,1.0,61.0,200910,1000
reference_r2,LA-KH,200912,3,26.391475000000003,47.0,1.0,0.0,67.0,200910,1000
reference_r2,LA-LM,200801,1,6.800000000000035e-05,0.0,1.0,1.0,0.0,200801,1000
reference_r2,LA-LM,200802,2,6.399999999999982e-05,0.0,1.0,1.0,0.0,200801,1000
reference_r2,LA-LM,200803,3,8.999999999999894e-06,0.0,1.0,1.0,0.0,200801,1000
reference_r2,LA-LM,200804,1,0.0001999999999999988,0.0,1.0,1.0,0.0,200804,1000
reference_r2,LA-LM,200805,2,0.0011349999999999971,0.0,1.0,1.0,0.0,200804,1000
reference_r2,LA-LM,200806,3,0.0031139999999999918,0.0,1.0,1.0,0.0,200804,1000
reference_r2,LA-LM,200807,1,0.744019999999999,0.0,1.0,1.0,0.0,200807,1000
reference_r2,LA-LM,200808,2,0.4042180000000002,0.0,1.0,1.0,0.0,200807,1000
reference_r2,LA-LM,200809,3,0.7117020000000007,0.0,1.0,1.0,0.0,200807,1000
reference_r2,LA-LM,200810,1,0.031816999999999984,0.0,1.0,1.0,0.0,200810,1000
reference_r2,LA-LM,200811,2,0.002805000000000002,0.0,1.0,1.0,0.0,200810,1000
reference_r2,LA-LM,200812,3,0.0009989999999999999,0.0,1.0,1.0,0.0,200810,1000
reference_r2,LA-LM,200901,1,8.099999999999948e-05,0.0,1.0,1.0,0.0,200901,1000
reference_r2,LA-LM,200902,2,0.0001460000000000003,0.0,1.0,1.0,0.0,200901,1000
reference_r2,LA-LM,200903,3,0.0005809999999999982,0.0,1.0,1.0,0.0,200901,1000
reference_r2,LA-LM,200904,1,0.94675,1.0,0.0,0.0,1.0,200904,1000
reference_r2,LA-LM,200905,2,0.003941,0.0,1.0,1.0,0.0,200904,1000
reference_r2,LA-LM,200906,3,1.807163,2.0,0.0,0.0,2.0,200904,1000
reference_r2,LA-LM,200907,1,1.3807720000000003,1.0,1.0,1.0,1.0,200907,1000
reference_r2,LA-LM,200908,2,1.496614000000001,0.0,1.0,1.0,0.0,200907,1000
reference_r2,LA-LM,200909,3,2.4377580000000023,4.0,1.0,1.0,4.0,200907,1000
reference_r2,LA-LM,200910,1,2.6761040000000005,4.0,1.0,0.0,5.0,200910,1000
reference_r2,LA-LM,200911,2,4.717002000000001,6.0,0.0,0.0,6.0,200910,1000
reference_r2,LA-LM,200912,3,3.3312,4.0,0.0,0.0,4.0,200910,1000
reference_r2,LA-LP,200801,1,0.81054,1.0,1.0,1.0,0.0,200801,1000
reference_r2,LA-LP,200802,2,14.136567,16.0,0.0,0.0,16.0,200801,1000
reference_r2,LA-LP,200803,3,20.310337,22.0,0.0,0.0,22.0,200801,1000
reference_r2,LA-LP,200804,1,18.579288,28.0,0.0,0.0,33.0,200804,1000
reference_r2,LA-LP,200805,2,69.325045,100.0,0.0,0.0,116.0,200804,1000
reference_r2,LA-LP,200806,3,83.403752,128.0,0.0,0.0,160.0,200804,1000
reference_r2,LA-LP,200807,1,10.169034,15.0,1.0,0.0,16.0,200807,1000
reference_r2,LA-LP,200808,2,8.257472999999997,13.0,1.0,0.0,13.0,200807,1000
reference_r2,LA-LP,200809,3,8.639825000000002,13.0,1.0,0.0,14.0,200807,1000
reference_r2,LA-LP,200810,1,17.075570999999997,27.0,1.0,0.0,33.0,200810,1000
reference_r2,LA-LP,200811,2,108.844557,114.0,0.0,0.0,116.0,200810,1000
reference_r2,LA-LP,200812,3,157.65756499999998,160.0,0.0,0.0,161.0,200810,1000
reference_r2,LA-LP,200901,1,7.283595,9.0,1.0,0.0,0.0,200901,1000
reference_r2,LA-LP,200902,2,6.23081,8.0,1.0,0.0,0.0,200901,1000
reference_r2,LA-LP,200903,3,16.037741,21.0,0.0,0.0,0.0,200901,1000
reference_r2,LA-LP,200904,1,11.627734,14.5,0.0,0.0,0.0,200904,1000
reference_r2,LA-LP,200905,2,31.020278999999995,40.0,0.0,0.0,0.0,200904,1000
reference_r2,LA-LP,200906,3,70.52731600000001,94.0,1.0,0.0,9.0,200904,1000
reference_r2,LA-LP,200907,1,19.477694,29.0,1.0,0.0,30.0,200907,1000
reference_r2,LA-LP,200908,2,20.760576,31.0,1.0,0.0,32.0,200907,1000
reference_r2,LA-LP,200909,3,281.842627,312.0,0.0,0.0,313.0,200907,1000
reference_r2,LA-LP,200910,1,66.107397,118.0,1.0,0.0,165.0,200910,1000
reference_r2,LA-LP,200911,2,41.93507400000001,70.0,1.0,0.0,87.0,200910,1000
reference_r2,LA-LP,200912,3,6.106526000000001,8.0,1.0,0.0,0.0,200910,1000
reference_r2,LA-OU,200801,1,0.0015249999999999986,0.0,1.0,1.0,0.0,200801,1000
reference_r2,LA-OU,200802,2,0.0002249999999999995,0.0,1.0,1.0,0.0,200801,1000
reference_r2,LA-OU,200803,3,8.999999999999894e-06,0.0,1.0,1.0,0.0,200801,1000
reference_r2,LA-OU,200804,1,0.001335999999999997,0.0,1.0,1.0,0.0,200804,1000
reference_r2,LA-OU,200805,2,0.0075839999999999935,0.0,1.0,1.0,0.0,200804,1000
reference_r2,LA-OU,200806,3,0.01813899999999999,0.0,1.0,1.0,0.0,200804,1000
reference_r2,LA-OU,200807,1,1.6705229999999993,1.0,1.0,1.0,0.0,200807,1000
reference_r2,LA-OU,200808,2,1.2147760000000005,0.0,1.0,1.0,0.0,200807,1000
reference_r2,LA-OU,200809,3,1.3264050000000012,1.0,1.0,1.0,0.0,200807,1000
reference_r2,LA-OU,200810,1,0.03481200000000001,0.0,1.0,1.0,0.0,200810,1000
reference_r2,LA-OU,200811,2,0.005414000000000002,0.0,1.0,1.0,0.0,200810,1000
reference_r2,LA-OU,200812,3,0.0011049999999999949,0.0,1.0,1.0,0.0,200810,1000
reference_r2,LA-OU,200901,1,0.00012099999999999958,0.0,1.0,1.0,0.0,200901,1000
reference_r2,LA-OU,200902,2,0.00015199999999999936,0.0,1.0,1.0,0.0,200901,1000
reference_r2,LA-OU,200903,3,0.0006379999999999997,0.0,1.0,1.0,0.0,200901,1000
reference_r2,LA-OU,200904,1,0.001229000000000001,0.0,1.0,1.0,0.0,200904,1000
reference_r2,LA-OU,200905,2,0.006183000000000008,0.0,1.0,1.0,0.0,200904,1000
reference_r2,LA-OU,200906,3,0.019442000000000015,0.0,1.0,1.0,0.0,200904,1000
reference_r2,LA-OU,200907,1,3.040120999999999,1.0,1.0,1.0,0.0,200907,1000
reference_r2,LA-OU,200908,2,3.2827560000000062,0.0,1.0,1.0,1.0,200907,1000
reference_r2,LA-OU,200909,3,8.573971999999998,14.0,1.0,0.0,15.0,200907,1000
reference_r2,LA-OU,200910,1,2.2403809999999997,4.0,1.0,1.0,6.0,200910,1000
reference_r2,LA-OU,200911,2,9.545257,12.0,0.0,0.0,13.0,200910,1000
reference_r2,LA-OU,200912,3,15.859462999999998,18.0,0.0,0.0,18.0,200910,1000
reference_r2,LA-PH,200901,1,0.012323000000000028,0.0,1.0,1.0,0.0,200901,1000
reference_r2,LA-PH,200902,2,0.015406999999999949,0.0,1.0,1.0,0.0,200901,1000
reference_r2,LA-PH,200903,3,0.02111799999999997,0.0,1.0,1.0,0.0,200901,1000
reference_r2,LA-PH,200904,1,0.005867999999999984,0.0,1.0,1.0,0.0,200904,1000
reference_r2,LA-PH,200905,2,0.006900000000000003,0.0,1.0,1.0,0.0,200904,1000
reference_r2,LA-PH,200906,3,0.02581300000000003,0.0,1.0,1.0,0.0,200904,1000
reference_r2,LA-PH,200907,1,0.2389269999999999,0.0,1.0,1.0,0.0,200907,1000
reference_r2,LA-PH,200909,3,0.2997900000000002,0.0,1.0,1.0,0.0,200907,1000
reference_r2,LA-PH,200910,1,0.020684000000000008,0.0,1.0,1.0,0.0,200910,1000
reference_r2,LA-PH,200911,2,0.006555999999999992,0.0,1.0,1.0,0.0,200910,1000
reference_r2,LA-PH,200912,3,0.0009250000000000022,0.0,1.0,1.0,0.0,200910,1000
reference_r2,LA-SL,200801,1,0.9416709999999999,1.0,1.0,1.0,0.0,200801,1000
reference_r2,LA-SL,200802,2,0.40386500000000014,0.0,1.0,1.0,1.0,200801,1000
reference_r2,LA-SL,200803,3,3.545537,5.0,0.0,0.0,5.0,200801,1000
reference_r2,LA-SL,200804,1,0.824713,0.0,1.0,1.0,2.0,200804,1000
reference_r2,LA-SL,200805,2,88.983535,100.0,0.0,0.0,105.0,200804,1000
reference_r2,LA-SL,200806,3,186.503832,214.0,0.0,0.0,226.0,200804,1000
reference_r2,LA-SL,200807,1,49.41814099999999,75.0,1.0,0.0,78.0,200807,1000
reference_r2,LA-SL,200808,2,39.91803700000001,60.0,1.0,0.0,63.0,200807,1000
reference_r2,LA-SL,200809,3,55.57813499999999,82.0,1.0,0.0,85.0,200807,1000
reference_r2,LA-SL,200810,1,38.007811000000004,69.0,1.0,0.0,91.0,200810,1000
reference_r2,LA-SL,200811,2,7.101829999999998,12.0,1.0,1.0,21.0,200810,1000
reference_r2,LA-SL,200812,3,2.7571249999999994,4.0,1.0,1.0,8.0,200810,1000
reference_r2,LA-SL,200901,1,1.3036870000000005,1.0,1.0,1.0,1.0,200901,1000
reference_r2,LA-SL,200902,2,18.803569999999997,23.0,0.0,0.0,24.0,200901,1000
reference_r2,LA-SL,200903,3,12.772453000000002,21.0,1.0,0.0,25.0,200901,1000
reference_r2,LA-SL,200904,1,5.777339000000001,8.0,1.0,1.0,19.0,200904,1000
reference_r2,LA-SL,200905,2,44.733067999999996,80.0,1.0,0.0,122.0,200904,1000
reference_r2,LA-SL,200906,3,30.43552100000001,17.0,1.0,1.0,42.0,200904,1000
reference_r2,LA-SL,200907,1,108.18017200000003,158.0,1.0,0.0,164.0,200907,1000
reference_r2,LA-SL,200908,2,83.38035799999999,123.0,1.0,0.0,127.0,200907,1000
reference_r2,LA-SL,200909,3,58.04126900000003,88.0,1.0,0.0,91.0,200907,1000
reference_r2,LA-SL,200910,1,36.637716999999995,65.0,1.0,0.0,94.0,200910,1000
reference_r2,LA-SL,200911,2,14.359778000000002,25.0,1.0,1.0,44.0,200910,1000
reference_r2,LA-SL,200912,3,6.978558,1.0,1.0,1.0,17.0,200910,1000
reference_r2,LA-SV,200801,1,5.9011119999999995,8.0,1.0,0.0,1.0,200801,1000
reference_r2,LA-SV,200802,2,1.1200379999999996,1.0,1.0,1.0,1.0,200801,1000
reference_r2,LA-SV,200803,3,0.5532490000000001,0.0,1.0,1.0,1.0,200801,1000
reference_r2,LA-SV,200804,1,3.486593000000001,4.0,1.0,0.0,0.0,200804,1000
reference_r2,LA-SV,200805,2,7.593901000000001,10.0,1.0,0.0,1.0,200804,1000
reference_r2,LA-SV,200806,3,26.997649000000003,36.0,1.0,0.0,10.0,200804,1000
reference_r2,LA-SV,200807,1,22.139575999999977,0.0,1.0,1.0,11.0,200807,1000
reference_r2,LA-SV,200808,2,26.101493000000005,4.0,1.0,1.0,4.0,200807,1000
reference_r2,LA-SV,200809,3,24.442162999999994,8.0,1.0,1.0,2.0,200807,1000
reference_r2,LA-SV,200810,1,3.882777000000001,7.0,1.0,0.0,10.0,200810,1000
reference_r2,LA-SV,200811,2,0.7118359999999999,1.0,1.0,1.0,2.0,200810,1000
reference_r2,LA-SV,200812,3,0.31090699999999993,0.0,1.0,1.0,0.0,200810,1000
reference_r2,LA-SV,200901,1,0.067355,0.0,1.0,1.0,0.0,200901,1000
reference_r2,LA-SV,200902,2,0.012299999999999978,0.0,1.0,1.0,0.0,200901,1000
reference_r2,LA-SV,200903,3,0.136532,0.0,1.0,1.0,0.0,200901,1000
reference_r2,LA-SV,200904,1,0.16936700000000005,0.0,1.0,1.0,0.0,200904,1000
reference_r2,LA-SV,200905,2,1.2233710000000002,2.0,1.0,1.0,0.0,200904,1000
reference_r2,LA-SV,200906,3,1.71516,2.0,1.0,1.0,1.0,200904,1000
reference_r2,LA-SV,200907,1,36.772478999999976,7.0,1.0,1.0,13.0,200907,1000
reference_r2,LA-SV,200908,2,31.81016299999999,19.0,1.0,1.0,34.0,200907,1000
reference_r2,LA-SV,200909,3,38.45148199999994,32.0,1.0,1.0,48.0,200907,1000
reference_r2,LA-SV,200910,1,6.492823000000001,1.0,1.0,1.0,16.0,200910,1000
reference_r2,LA-SV,200911,2,16.566619,27.0,1.0,0.0,33.0,200910,1000
reference_r2,LA-SV,200912,3,1.7797939999999999,0.0,1.0,1.0,4.0,200910,1000
reference_r2,LA-VT,200801,1,11.534320999999998,0.0,1.0,1.0,29.0,200801,1000
reference_r2,LA-VT,200802,2,4.145691,7.0,1.0,1.0,12.0,200801,1000
reference_r2,LA-VT,200803,3,17.449193,23.0,0.0,0.0,26.0,200801,1000
reference_r2,LA-VT,200804,1,10.733574999999998,14.0,1.0,0.0,4.0,200804,1000
reference_r2,LA-VT,200805,2,25.059559000000007,27.5,1.0,1.0,17.0,200804,1000
reference_r2,LA-VT,200806,3,76.26513300000002,86.0,1.0,1.0,60.0,200804,1000
reference_r2,LA-VT,200807,1,91.432771,102.0,1.0,1.0,132.0,200807,1000
reference_r2,LA-VT,200808,2,89.35136299999999,119.0,1.0,1.0,144.0,200807,1000
reference_r2,LA-VT,200809,3,98.14669100000015,129.0,1.0,1.0,158.0,200807,1000
reference_r2,LA-VT,200810,1,34.427338000000006,26.0,1.0,1.0,95.0,200810,1000
reference_r2,LA-VT,200811,2,62.39703899999999,104.0,1.0,0.0,129.0,200810,1000
reference_r2,LA-VT,200812,3,54.939837000000004,80.0,0.0,0.0,91.0,200810,1000
reference_r2,LA-VT,200901,1,21.424357,32.0,0.0,0.0,38.0,200901,1000
reference_r2,LA-VT,200902,2,13.364670999999998,18.0,0.0,0.0,20.0,200901,1000
reference_r2,LA-VT,200903,3,5.945870000000001,10.0,1.0,1.0,19.0,200901,1000
reference_r2,LA-VT,200904,1,11.289859,9.0,1.0,1.0,33.0,200904,1000
reference_r2,LA-VT,200905,2,104.527695,126.0,1.0,0.0,54.0,200904,1000
reference_r2,LA-VT,200906,3,189.71800900000005,239.5,1.0,1.0,104.0,200904,1000
reference_r2,LA-VT,200907,1,174.001622,264.5,1.0,0.0,302.0,200907,1000
reference_r2,LA-VT,200908,2,214.20735400000012,326.0,1.0,0.0,356.0,200907,1000
reference_r2,LA-VT,200909,3,280.0123279999999,439.0,1.0,0.0,470.0,200907,1000
reference_r2,LA-VT,200910,1,206.056852,365.5,1.0,0.0,527.0,200910,1000
reference_r2,LA-VT,200911,2,293.870082,440.5,0.0,0.0,521.0,200910,1000
reference_r2,LA-VT,200912,3,215.087684,319.0,0.0,0.0,366.0,200910,1000
reference_r2,LA-XA,200801,1,0.9613459999999998,1.0,1.0,1.0,0.0,200801,1000
reference_r2,LA-XA,200802,2,0.26593600000000006,0.0,1.0,1.0,0.0,200801,1000
reference_r2,LA-XA,200803,3,0.15279200000000004,0.0,1.0,1.0,0.0,200801,1000
reference_r2,LA-XA,200804,1,0.7263679999999997,1.0,1.0,1.0,0.0,200804,1000
reference_r2,LA-XA,200805,2,1.1278379999999997,0.0,1.0,1.0,2.0,200804,1000
reference_r2,LA-XA,200806,3,2.2273639999999997,1.0,1.0,1.0,6.0,200804,1000
reference_r2,LA-XA,200807,1,11.212129000000004,17.0,1.0,0.0,19.0,200807,1000
reference_r2,LA-XA,200808,2,4.508429,6.0,1.0,1.0,7.0,200807,1000
reference_r2,LA-XA,200809,3,2.690968000000005,0.0,1.0,1.0,1.0,200807,1000
reference_r2,LA-XA,200810,1,1.6239160000000004,1.0,1.0,1.0,3.0,200810,1000
reference_r2,LA-XA,200811,2,0.7785699999999998,1.0,1.0,1.0,2.0,200810,1000
reference_r2,LA-XA,200812,3,0.409386,1.0,1.0,1.0,1.0,200810,1000
reference_r2,LA-XA,200901,1,0.08022200000000002,0.0,1.0,1.0,0.0,200901,1000
reference_r2,LA-XA,200902,2,0.048028000000000015,0.0,1.0,1.0,0.0,200901,1000
reference_r2,LA-XA,200903,3,0.24408299999999994,0.0,1.0,1.0,0.0,200901,1000
reference_r2,LA-XA,200904,1,0.3121139999999999,0.0,1.0,1.0,0.0,200904,1000
reference_r2,LA-XA,200905,2,1.0711500000000003,1.0,1.0,1.0,1.0,200904,1000
reference_r2,LA-XA,200906,3,5.883216999999999,10.0,1.0,0.0,14.0,200904,1000
reference_r2,LA-XA,200907,1,7.07824500000001,9.0,1.0,1.0,11.0,200907,1000
reference_r2,LA-XA,200908,2,21.912356999999993,35.0,1.0,0.0,37.0,200907,1000
reference_r2,LA-XA,200909,3,6.734763000000001,9.0,1.0,1.0,11.0,200907,1000
reference_r2,LA-XA,200910,1,4.358910999999999,4.0,1.0,1.0,5.0,200910,1000
reference_r2,LA-XA,200911,2,1.7995770000000002,2.0,1.0,1.0,5.0,200910,1000
reference_r2,LA-XA,200912,3,1.6291239999999996,2.0,1.0,1.0,0.0,200910,1000
reference_r2,LA-XE,200801,1,0.013655,0.0,1.0,1.0,0.0,200801,1000
reference_r2,LA-XE,200802,2,0.008888000000000007,0.0,1.0,1.0,0.0,200801,1000
reference_r2,LA-XE,200803,3,0.0030930000000000055,0.0,1.0,1.0,0.0,200801,1000
reference_r2,LA-XE,200804,1,0.013044000000000014,0.0,1.0,1.0,0.0,200804,1000
reference_r2,LA-XE,200805,2,0.04542600000000002,0.0,1.0,1.0,0.0,200804,1000
reference_r2,LA-XE,200806,3,4.127627,5.0,0.0,0.0,5.0,200804,1000
reference_r2,LA-XE,200807,1,0.28705800000000004,0.0,1.0,1.0,0.0,200807,1000
reference_r2,LA-XE,200808,2,0.4073429999999991,0.0,1.0,1.0,0.0,200807,1000
reference_r2,LA-XE,200809,3,0.6904310000000002,1.0,1.0,1.0,1.0,200807,1000
reference_r2,LA-XE,200810,1,0.035351999999999995,0.0,1.0,1.0,0.0,200810,1000
reference_r2,LA-XE,200811,2,0.01399700000000001,0.0,1.0,1.0,0.0,200810,1000
reference_r2,LA-XE,200812,3,0.870702,1.0,0.0,0.0,1.0,200810,1000
reference_r2,LA-XE,200901,1,0.004611000000000004,0.0,1.0,1.0,0.0,200901,1000
reference_r2,LA-XE,200902,2,1.8752,2.0,0.0,0.0,2.0,200901,1000
reference_r2,LA-XE,200903,3,1.7299740000000001,2.0,0.0,0.0,2.0,200901,1000
reference_r2,LA-XE,200904,1,0.5127280000000001,1.0,1.0,1.0,1.0,200904,1000
reference_r2,LA-XE,200905,2,0.9669129999999999,2.0,1.0,0.0,2.0,200904,1000
reference_r2,LA-XE,200906,3,6.026930999999999,8.0,0.0,0.0,9.0,200904,1000
reference_r2,LA-XE,200907,1,21.879368999999997,29.0,0.0,0.0,29.0,200907,1000
reference_r2,LA-XE,200908,2,20.789167,27.0,0.0,0.0,27.0,200907,1000
reference_r2,LA-XE,200909,3,3.8312399999999993,6.0,1.0,0.0,6.0,200907,1000
reference_r2,LA-XE,200910,1,2.626463,4.0,1.0,1.0,7.0,200910,1000
reference_r2,LA-XE,200911,2,2.978349999999999,2.0,1.0,1.0,3.0,200910,1000
reference_r2,LA-XE,200912,3,7.747413999999999,4.0,1.0,1.0,7.0,200910,1000
reference_r2,LA-XI,200801,1,0.0006430000000000012,0.0,1.0,1.0,0.0,200801,1000
reference_r2,LA-XI,200802,2,8.200000000000048e-05,0.0,1.0,1.0,0.0,200801,1000
reference_r2,LA-XI,200803,3,0.0002950000000000001,0.0,1.0,1.0,0.0,200801,1000
reference_r2,LA-XI,200804,1,0.0002599999999999998,0.0,1.0,1.0,0.0,200804,1000
reference_r2,LA-XI,200805,2,0.0008760000000000018,0.0,1.0,1.0,0.0,200804,1000
reference_r2,LA-XI,200806,3,0.923527,1.0,0.0,0.0,1.0,200804,1000
reference_r2,LA-XI,200807,1,0.33465100000000003,0.0,1.0,1.0,0.0,200807,1000
reference_r2,LA-XI,200808,2,0.35086200000000023,0.0,1.0,1.0,0.0,200807,1000
reference_r2,LA-XI,200809,3,0.36320000000000086,0.0,1.0,1.0,0.0,200807,1000
reference_r2,LA-XI,200810,1,0.012900000000000023,0.0,1.0,1.0,0.0,200810,1000
reference_r2,LA-XI,200811,2,0.0022820000000000062,0.0,1.0,1.0,0.0,200810,1000
reference_r2,LA-XI,200812,3,0.0007489999999999997,0.0,1.0,1.0,0.0,200810,1000
reference_r2,LA-XI,200901,1,0.0010979999999999948,0.0,1.0,1.0,0.0,200901,1000
reference_r2,LA-XI,200902,2,0.002593999999999999,0.0,1.0,1.0,0.0,200901,1000
reference_r2,LA-XI,200903,3,0.0024300000000000016,0.0,1.0,1.0,0.0,200901,1000
reference_r2,LA-XI,200904,1,0.0007409999999999986,0.0,1.0,1.0,0.0,200904,1000
reference_r2,LA-XI,200905,2,38.902985,39.0,0.0,0.0,39.0,200904,1000
reference_r2,LA-XI,200906,3,32.868311,33.0,0.0,0.0,33.0,200904,1000
reference_r2,LA-XI,200907,1,0.7576470000000004,1.0,1.0,1.0,1.0,200907,1000
reference_r2,LA-XI,200908,2,6.544509,10.0,1.0,0.0,10.0,200907,1000
reference_r2,LA-XI,200909,3,0.5939320000000006,0.0,1.0,1.0,0.0,200907,1000
reference_r2,LA-XI,200910,1,1.0304280000000001,1.0,1.0,1.0,0.0,200910,1000
reference_r2,LA-XI,200911,2,0.28866899999999984,0.0,1.0,1.0,0.0,200910,1000
reference_r2,LA-XI,200912,3,0.18806500000000004,0.0,1.0,1.0,0.0,200910,1000
reference_r3,LA-AT,200801,1,2.909516,4.0,0.0,0.0,4.0,200801,1000
reference_r3,LA-AT,200802,2,1.260746,2.0,1.0,0.0,2.0,200801,1000
reference_r3,LA-AT,200803,3,0.07006499999999999,0.0,1.0,1.0,0.0,200801,1000
reference_r3,LA-AT,200804,1,0.4754109999999998,1.0,1.0,1.0,0.0,200804,1000
reference_r3,LA-AT,200805,2,1.3496219999999997,2.0,1.0,1.0,4.0,200804,1000
reference_r3,LA-AT,200806,3,3.6354260000000007,7.0,1.0,1.0,10.0,200804,1000
reference_r3,LA-AT,200807,1,3.732242999999997,5.0,1.0,1.0,6.0,200807,1000
reference_r3,LA-AT,200808,2,6.378454999999999,10.0,1.0,0.0,11.0,200807,1000
reference_r3,LA-AT,200809,3,16.595289,23.0,0.0,0.0,24.0,200807,1000
reference_r3,LA-AT,200810,1,30.443172000000004,42.0,0.0,0.0,47.0,200810,1000
reference_r3,LA-AT,200811,2,35.140936,41.0,0.0,0.0,43.0,200810,1000
reference_r3,LA-AT,200812,3,16.950142,21.5,0.0,0.0,23.0,200810,1000
reference_r3,LA-AT,200901,1,8.444884000000002,14.0,1.0,0.0,18.0,200901,1000
reference_r3,LA-AT,200902,2,36.177996,43.0,0.0,0.0,46.0,200901,1000
reference_r3,LA-AT,200903,3,56.892273,71.0,0.0,0.0,77.0,200901,1000
reference_r3,LA-AT,200904,1,47.45418500000001,80.0,1.0,0.0,99.0,200904,1000
reference_r3,LA-AT,200905,2,47.879024,60.0,0.0,0.0,0.0,200904,1000
reference_r3,LA-AT,200906,3,41.21822800000001,49.0,1.0,1.0,24.0,200904,1000
reference_r3,LA-AT,200907,1,46.666436000000004,63.0,0.0,0.0,64.0,200907,1000
reference_r3,LA-AT,200908,2,14.395658000000001,20.0,0.0,0.0,21.0,200907,1000
reference_r3,LA-AT,200909,3,10.184162999999998,16.0,1.0,0.0,17.0,200907,1000
reference_r3,LA-AT,200910,1,7.362463999999999,7.0,1.0,1.0,4.0,200910,1000
reference_r3,LA-AT,200911,2,5.813093999999998,10.0,1.0,1.0,16.0,200910,1000
reference_r3,LA-AT,200912,3,6.207114000000001,5.0,1.0,1.0,6.0,200910,1000
reference_r3,LA-BK,200801,1,0.970226,1.0,0.0,0.0,1.0,200801,1000
reference_r3,LA-BK,200802,2,9.99999999999994e-05,0.0,1.0,1.0,0.0,200801,1000
reference_r3,LA-BK,200803,3,4.900000000000043e-05,0.0,1.0,1.0,0.0,200801,1000
reference_r3,LA-BK,200804,1,0.002458999999999996,0.0,1.0,1.0,0.0,200804,1000
reference_r3,LA-BK,200805,2,11.488551999999999,12.0,0.0,0.0,12.0,200804,1000
reference_r3,LA-BK,200806,3,52.256352,53.0,0.0,0.0,53.0,200804,1000
reference_r3,LA-BK,200807,1,2.269854999999996,1.0,1.0,1.0,2.0,200807,1000
reference_r3,LA-BK,200808,2,5.861928000000001,9.0,1.0,0.0,9.0,200807,1000
reference_r3,LA-BK,200809,3,21.468446999999998,31.0,1.0,0.0,33.0,200807,1000
reference_r3,LA-BK,200810,1,21.09881700000001,22.0,1.0,1.0,48.0,200810,1000
reference_r3,LA-BK,200811,2,48.022782,54.0,0.0,0.0,55.0,200810,1000
reference_r3,LA-BK,200812,3,2.9848280000000003,5.0,0.0,0.0,5.0,200810,1000
reference_r3,LA-BK,200901,1,0.41563099999999986,0.0,1.0,1.0,1.0,200901,1000
reference_r3,LA-BK,200902,2,0.43176799999999993,1.0,1.0,1.0,0.0,200901,1000
reference_r3,LA-BK,200903,3,0.8533979999999999,1.0,1.0,1.0,1.0,200901,1000
reference_r3,LA-BK,200904,1,1.2954210000000006,0.0,1.0,1.0,3.0,200904,1000
reference_r3,LA-BK,200905,2,41.805716000000004,62.0,0.0,0.0,74.0,200904,1000
reference_r3,LA-BK,200906,3,143.350738,193.0,0.0,0.0,216.0,200904,1000
reference_r3,LA-BK,200907,1,184.3503,211.0,0.0,0.0,212.0,200907,1000
reference_r3,LA-BK,200908,2,85.635337,109.0,0.0,0.0,110.0,200907,1000
reference_r3,LA-BK,200909,3,37.50101500000001,51.0,0.0,0.0,52.0,200907,1000
reference_r3,LA-BK,200910,1,19.536888000000005,6.0,1.0,1.0,31.0,200910,1000
reference_r3,LA-BK,200911,2,10.254237,12.0,1.0,1.0,5.0,200910,1000
reference_r3,LA-BK,200912,3,5.923755999999999,6.0,1.0,1.0,4.0,200910,1000
reference_r3,LA-BL,200801,1,5.41138,9.0,1.0,0.0,10.0,200801,1000
reference_r3,LA-BL,200802,2,5.663394,7.0,0.0,0.0,7.0,200801,1000
reference_r3,LA-BL,200803,3,0.40215499999999993,1.0,1.0,1.0,1.0,200801,1000
reference_r3,LA-BL,200804,1,1.4522019999999998,0.0,1.0,1.0,3.0,200804,1000
reference_r3,LA-BL,200805,2,5.024589000000001,9.0,1.0,1.0,15.0,200804,1000
reference_r3,LA-BL,200806,3,6.359850999999999,7.0,1.0,1.0,19.0,200804,1000
reference_r3,LA-BL,200807,1,19.856946999999998,30.0,1.0,0.0,31.0,200807,1000
reference_r3,LA-BL,200808,2,19.456115,30.0,1.0,0.0,32.0,200807,1000
reference_r3,LA-BL,200809,3,17.870226000000002,28.0,1.0,0.0,30.0,200807,1000
reference_r3,LA-BL,200810,1,10.063348999999995,12.0,1.0,1.0,5.0,200810,1000
reference_r3,LA-BL,200811,2,4.051185,7.0,1.0,1.0,12.0,200810,1000
reference_r3,LA-BL,200812,3,0.8627100000000003,1.0,1.0,1.0,1.0,200810,1000
reference_r3,LA-BL,200901,1,0.75309,1.0,1.0,1.0,2.0,200901,1000
reference_r3,LA-BL,200902,2,1.598273,3.0,1.0,0.0,3.0,200901,1000
reference_r3,LA-BL,200903,3,1.200621,2.0,1.0,1.0,0.0,200901,1000
reference_r3,LA-BL,200904,1,0.7644090000000001,1.0,1.0,1.0,2.0,200904,1000
reference_r3,LA-BL,200905,2,3.908125,5.0,1.0,0.0,0.0,200904,1000
reference_r3,LA-BL,200906,3,6.415202000000001,7.0,1.0,1.0,7.0,200904,1000
reference_r3,LA-BL,200907,1,21.475995000000005,33.0,1.0,0.0,35.0,200907,1000
reference_r3,LA-BL,200908,2,6.540454999999994,7.0,1.0,1.0,9.0,200907,1000
reference_r3,LA-BL,200909,3,6.211195000000004,3.0,1.0,1.0,0.0,200907,1000
reference_r3,LA-BL,200910,1,5.509681000000002,7.0,1.0,0.0,1.0,200910,1000
reference_r3,LA-BL,200911,2,1.8049930000000005,1.0,1.0,1.0,2.0,200910,1000
reference_r3,LA-BL,200912,3,0.8863269999999996,1.0,1.0,1.0,1.0,200910,1000
reference_r3,LA-CH,200801,1,29.965854,55.0,1.0,0.0,73.0,200801,1000
reference_r3,LA-CH,200802,2,40.257963999999994,70.0,1.0,0.0,90.0,200801,1000
reference_r3,LA-CH,200803,3,50.444385999999994,78.0,0.0,0.0,92.0,200801,1000
reference_r3,LA-CH,200804,1,23.078578999999998,20.0,1.0,1.0,69.0,200804,1000
reference_r3,LA-CH,200805,2,51.57105099999998,16.0,1.0,1.0,113.0,200804,1000
reference_r3,LA-CH,200806,3,100.414421,63.0,1.0,1.0,295.0,200804,1000
reference_r3,LA-CH,200807,1,95.142999,149.0,1.0,0.0,162.0,200807,1000
reference_r3,LA-CH,200808,2,86.39175200000003,135.0,1.0,0.0,143.0,200807,1000
reference_r3,LA-CH,200809,3,114.99301499999999,176.0,1.0,0.0,185.0,200807,1000
reference_r3,LA-CH,200810,1,50.91250599999999,92.5,1.0,1.0,140.0,200810,1000
reference_r3,LA-CH,200811,2,47.497719000000004,78.0,1.0,0.0,102.0,200810,1000
reference_r3,LA-CH,200812,3,33.259367999999995,56.0,1.0,0.0,73.0,200810,1000
reference_r3,LA-CH,200901,1,9.747479000000002,14.0,1.0,1.0,31.0,200901,1000
reference_r3,LA-CH,200902,2,23.386728,38.0,1.0,0.0,48.0,200901,1000
reference_r3,LA-CH,200903,3,20.579023999999997,38.0,1.0,1.0,60.0,200901,1000
reference_r3,LA-CH,200904,1,38.279479,69.5,1.0,0.0,102.0,200904,1000
reference_r3,LA-CH,200905,2,65.89866599999999,70.5,1.0,1.0,66.0,200904,1000
reference_r3,LA-CH,200906,3,82.05138499999998,56.0,1.0,1.0,124.0,200904,1000
reference_r3,LA-CH,200907,1,70.79850900000008,102.0,1.0,1.0,122.0,200907,1000
reference_r3,LA-CH,200908,2,64.010874,99.0,1.0,0.0,110.0,200907,1000
reference_r3,LA-CH,200909,3,63.85153600000001,93.0,1.0,0.0,105.0,200907,1000
reference_r3,LA-CH,200910,1,19.758376999999996,27.0,1.0,1.0,59.0,200910,1000
reference_r3,LA-CH,200911,2,12.818607999999998,13.0,1.0,1.0,35.0,200910,1000
reference_r3,LA-CH,200912,3,13.992924999999993,5.0,1.0,1.0,32.0,200910,1000
reference_r3,LA-HO,200801,1,0.003738000000000005,0.0,1.0,1.0,0.0,200801,1000
reference_r3,LA-HO,200802,2,0.0005770000000000011,0.0,1.0,1.0,0.0,200801,1000
reference_r3,LA-HO,200803,3,0.008854999999999974,0.0,1.0,1.0,0.0,200801,1000
reference_r3,LA-HO,200804,1,0.007521,0.0,1.0,1.0,0.0,200804,1000
reference_r3,LA-HO,200805,2,0.01256500000000002,0.0,1.0,1.0,0.0,200804,1000
reference_r3,LA-HO,200806,3,0.00902399999999999,0.0,1.0,1.0,0.0,200804,1000
reference_r3,LA-HO,200807,1,0.4144519999999998,0.0,1.0,1.0,0.0,200807,1000
reference_r3,LA-HO,200808,2,0.4625029999999999,0.0,1.0,1.0,0.0,200807,1000
reference_r3,LA-HO,200809,3,0.7531290000000004,1.0,1.0,1.0,1.0,200807,1000
reference_r3,LA-HO,200810,1,0.06736099999999995,0.0,1.0,1.0,0.0,200810,1000
reference_r3,LA-HO,200811,2,0.004802000000000001,0.0,1.0,1.0,0.0,200810,1000
reference_r3,LA-HO,200812,3,0.885631,1.0,0.0,0.0,1.0,200810,1000
reference_r3,LA-HO,200901,1,0.010435000000000014,0.0,1.0,1.0,0.0,200901,1000
reference_r3,LA-HO,200902,2,0.02565400000000001,0.0,1.0,1.0,0.0,200901,1000
reference_r3,LA-HO,200903,3,0.02986400000000003,0.0,1.0,1.0,0.0,200901,1000
reference_r3,LA-HO,200904,1,0.003700999999999996,0.0,1.0,1.0,0.0,200904,1000
reference_r3,LA-HO,200905,2,0.012657000000000002,0.0,1.0,1.0,0.0,200904,1000
reference_r3,LA-HO,200906,3,0.048507999999999996,0.0,1.0,1.0,0.0,200904,1000
reference_r3,LA-HO,200907,1,0.3339110000000005,0.0,1.0,1.0,0.0,200907,1000
reference_r3,LA-HO,200908,2,0.5823710000000002,0.0,1.0,1.0,0.0,200907,1000
reference_r3,LA-HO,200909,3,0.7519090000000004,1.0,1.0,1.0,1.0,200907,1000
reference_r3,LA-HO,200910,1,0.554157,1.0,1.0,1.0,1.0,200910,1000
reference_r3,LA-HO,200911,2,0.8034890000000001,1.0,1.0,0.0,1.0,200910,1000
reference_r3,LA-HO,200912,3,0.852021,1.0,0.0,0.0,1.0,200910,1000
reference_r3,LA-KH,200801,1,0.7884899999999999,1.0,1.0,1.0,0.0,200801,1000
reference_r3,LA-KH,200802,2,0.093746,0.0,1.0,1.0,0.0,200801,1000
reference_r3,LA-KH,200803,3,0.10437000000000002,0.0,1.0,1.0,0.0,200801,1000
reference_r3,LA-KH,200804,1,0.4874529999999999,1.0,1.0,1.0,0.0,200804,1000
reference_r3,LA-KH,200805,2,1.383207,2.0,1.0,1.0,0.0,200804,1000
reference_r3,LA-KH,200806,3,2.656479,3.0,1.0,1.0,1.0,200804,1000
reference_r3,LA-KH,200807,1,3.9098689999999863,1.0,1.0,1.0,3.0,200807,1000
reference_r3,LA-KH,200808,2,5.132745,2.0,1.0,1.0,0.0,200807,1000
reference_r3,LA-KH,200809,3,4.961094000000003,1.0,1.0,1.0,4.0,200807,1000
reference_r3,LA-KH,200810,1,0.7770279999999996,0.0,1.0,1.0,1.0,200810,1000
reference_r3,LA-KH,200811,2,1.624822,3.0,1.0,0.0,3.0,200810,1000
reference_r3,LA-KH,200812,3,3.2916749999999997,4.0,0.0,0.0,4.0,200810,1000
reference_r3,LA-KH,200901,1,0.059031,0.0,1.0,1.0,0.0,200901,1000
reference_r3,LA-KH,200902,2,0.02368300000000001,0.0,1.0,1.0,0.0,200901,1000
reference_r3,LA-KH,200903,3,4.510982,6.0,0.0,0.0,6.0,200901,1000
reference_r3,LA-KH,200904,1,0.36319200000000007,0.0,1.0,1.0,0.0,200904,1000
reference_r3,LA-KH,200905,2,2.1547509999999996,4.0,1.0,1.0,6.0,200904,1000
reference_r3,LA-KH,200906,3,63.193138999999995,76.0,0.0,0.0,80.0,200904,1000
reference_r3,LA-KH,200907,1,112.965454,152.0,0.0,0.0,155.0,200907,1000
reference_r3,LA-KH,200908,2,246.85114900000002,300.0,0.0,0.0,303.0,200907,1000
reference_r3,LA-KH,200909,3,213.034382,274.0,0.0,0.0,277.0,200907,1000
reference_r3,LA-KH,200910,1,44.315450999999996,8.0,1.0,1.0,85.0,200910,1000
reference_r3,LA-KH,200911,2,19.979109,21.0,1.0,1.0,61.0,200910,1000
reference_r3,LA-KH,200912,3,26.311690999999996,47.0,1.0,0.0,67.0,200910,1000
reference_r3,LA-LM,200801,1,0.00014400000000000003,0.0,1.0,1.0,0.0,200801,1000
reference_r3,LA-LM,200802,2,4.900000000000043e-05,0.0,1.0,1.0,0.0,200801,1000
reference_r3,LA-LM,200803,3,4.900000000000043e-05,0.0,1.0,1.0,0.0,200801,1000
reference_r3,LA-LM,200804,1,0.0002439999999999977,0.0,1.0,1.0,0.0,200804,1000
reference_r3,LA-LM,200805,2,0.0012779999999999944,0.0,1.0,1.0,0.0,200804,1000
reference_r3,LA-LM,200806,3,0.002686000000000008,0.0,1.0,1.0,0.0,200804,1000
reference_r3,LA-LM,200807,1,1.1070220000000006,0.0,1.0,1.0,0.0,200807,1000
reference_r3,LA-LM,200808,2,0.5800979999999996,0.0,1.0,1.0,0.0,200807,1000
reference_r3,LA-LM,200809,3,0.9122370000000011,0.0,1.0,1.0,0.0,200807,1000
reference_r3,LA-LM,200810,1,0.03384199999999998,0.0,1.0,1.0,0.0,200810,1000
reference_r3,LA-LM,200811,2,0.0032099999999999906,0.0,1.0,1.0,0.0,200810,1000
reference_r3,LA-LM,200812,3,0.0016159999999999994,0.0,1.0,1.0,0.0,200810,1000
reference_r3,LA-LM,200901,1,9.99999999999994e-05,0.0,1.0,1.0,0.0,200901,1000
reference_r3,LA-LM,200902,2,8.6000000000001e-05,0.0,1.0,1.0,0.0,200901,1000
reference_r3,LA-LM,200903,3,0.0003699999999999988,0.0,1.0,1.0,0.0,200901,1000
reference_r3,LA-LM,200904,1,0.9604,1.0,0.0,0.0,1.0,200904,1000
reference_r3,LA-LM,200905,2,0.002785999999999997,0.0,1.0,1.0,0.0,200904,1000
reference_r3,LA-LM,200906,3,1.8220079999999998,2.0,0.0,0.0,2.0,200904,1000
reference_r3,LA-LM,200907,1,0.9171570000000031,1.0,1.0,1.0,1.0,200907,1000
reference_r3,LA-LM,200908,2,1.2065680000000008,0.0,1.0,1.0,0.0,200907,1000
reference_r3,LA-LM,200909,3,2.323281999999999,4.0,1.0,0.0,4.0,200907,1000
reference_r3,LA-LM,200910,1,2.7883459999999998,4.0,1.0,0.0,5.0,200910,1000
reference_r3,LA-LM,200911,2,4.819574,6.0,0.0,0.0,6.0,200910,1000
reference_r3,LA-LM,200912,3,3.332385,4.0,0.0,0.0,4.0,200910,1000
reference_r3,LA-LP,200801,1,0.924458,1.0,1.0,1.0,0.0,200801,1000
reference_r3,LA-LP,200802,2,14.170222,16.0,0.0,0.0,16.0,200801,1000
reference_r3,LA-LP,200803,3,20.227556,22.0,0.0,0.0,22.0,200801,1000
reference_r3,LA-LP,200804,1,18.151403000000002,28.0,0.0,0.0,33.0,200804,1000
reference_r3,LA-LP,200805,2,73.932518,102.0,0.0,0.0,116.0,200804,1000
reference_r3,LA-LP,200806,3,81.501927,129.0,0.0,0.0,160.0,200804,1000
reference_r3,LA-LP,200807,1,9.806006999999994,15.0,1.0,0.0,16.0,200807,1000
reference_r3,LA-LP,200808,2,8.338352999999998,12.0,1.0,0.0,13.0,200807,1000
reference_r3,LA-LP,200809,3,9.047988000000004,13.0,1.0,0.0,14.0,200807,1000
reference_r3,LA-LP,200810,1,16.786788,27.0,1.0,0.0,33.0,200810,1000
reference_r3,LA-LP,200811,2,109.397465,114.0,0.0,0.0,116.0,200810,1000
reference_r3,LA-LP,200812,3,157.74184799999998,160.0,0.0,0.0,161.0,200810,1000
reference_r3,LA-LP,200901,1,7.4791180000000015,10.0,0.0,0.0,0.0,200901,1000
reference_r3,LA-LP,200902,2,7.0615190000000005,9.0,1.0,0.0,0.0,200901,1000
reference_r3,LA-LP,200903,3,13.971654000000001,18.0,0.0,0.0,0.0,200901,1000
reference_r3,LA-LP,200904,1,10.87845,14.0,0.0,0.0,0.0,200904,1000
reference_r3,LA-LP,200905,2,34.349774000000004,44.0,0.0,0.0,0.0,200904,1000
reference_r3,LA-LP,200906,3,72.97093000000001,95.5,1.0,0.0,9.0,200904,1000
reference_r3,LA-LP,200907,1,19.208439,29.0,1.0,0.0,30.0,200907,1000
reference_r3,LA-LP,200908,2,20.694725000000005,31.0,1.0,0.0,32.0,200907,1000
reference_r3,LA-LP,200909,3,284.657714,312.0,0.0,0.0,313.0,200907,1000
reference_r3,LA-LP,200910,1,67.78473100000001,117.5,1.0,0.0,165.0,200910,1000
reference_r3,LA-LP,200911,2,41.474823,70.0,1.0,0.0,87.0,200910,1000
reference_r3,LA-LP,200912,3,6.376312,8.0,1.0,0.0,0.0,200910,1000
reference_r3,LA-OU,200801,1,0.00040000000000000105,0.0,1.0,1.0,0.0,200801,1000
reference_r3,LA-OU,200802,2,6.399999999999982e-05,0.0,1.0,1.0,0.0,200801,1000
reference_r3,LA-OU,200803,3,6.399999999999982e-05,0.0,1.0,1.0,0.0,200801,1000
reference_r3,LA-OU,200804,1,0.000904000000000002,0.0,1.0,1.0,0.0,200804,1000
reference_r3,LA-OU,200805,2,0.008002999999999996,0.0,1.0,1.0,0.0,200804,1000
reference_r3,LA-OU,200806,3,0.010029999999999997,0.0,1.0,1.0,0.0,200804,1000
reference_r3,LA-OU,200807,1,2.0310310000000023,1.0,1.0,1.0,0.0,200807,1000
reference_r3,LA-OU,200808,2,1.1242919999999987,1.0,1.0,1.0,0.0,200807,1000
reference_r3,LA-OU,200809,3,1.5194679999999998,1.0,1.0,1.0,0.0,200807,1000
reference_r3,LA-OU,200810,1,0.031158999999999992,0.0,1.0,1.0,0.0,200810,1000
reference_r3,LA-OU,200811,2,0.005867999999999998,0.0,1.0,1.0,0.0,200810,1000
reference_r3,LA-OU,200812,3,0.001453000000000003,0.0,1.0,1.0,0.0,200810,1000
reference_r3,LA-OU,200901,1,0.00040000000000000105,0.0,1.0,1.0,0.0,200901,1000
reference_r3,LA-OU,200902,2,0.0002260000000000005,0.0,1.0,1.0,0.0,200901,1000
reference_r3,LA-OU,200903,3,0.0003610000000000002,0.0,1.0,1.0,0.0,200901,1000
reference_r3,LA-OU,200904,1,0.0006290000000000011,0.0,1.0,1.0,0.0,200904,1000
reference_r3,LA-OU,200905,2,0.0038730000000000014,0.0,1.0,1.0,0.0,200904,1000
reference_r3,LA-OU,200906,3,0.021957000000000004,0.0,1.0,1.0,0.0,200904,1000
reference_r3,LA-OU,200907,1,2.276295000000001,1.0,1.0,1.0,0.0,200907,1000
reference_r3,LA-OU,200908,2,2.576202000000002,0.0,1.0,1.0,1.0,200907,1000
reference_r3,LA-OU,200909,3,9.070242,14.0,1.0,0.0,15.0,200907,1000
reference_r3,LA-OU,200910,1,2.039167,3.0,1.0,1.0,6.0,200910,1000
reference_r3,LA-OU,200911,2,9.615112,12.0,0.0,0.0,13.0,200910,1000
reference_r3,LA-OU,200912,3,15.849537,18.0,0.0,0.0,18.0,200910,1000
reference_r3,LA-PH,200901,1,0.013876,0.0,1.0,1.0,0.0,200901,1000
reference_r3,LA-PH,200902,2,0.016486999999999974,0.0,1.0,1.0,0.0,200901,1000
reference_r3,LA-PH,200903,3,0.03242800000000001,0.0,1.0,1.0,0.0,200901,1000
reference_r3,LA-PH,200904,1,0.004073999999999994,0.0,1.0,1.0,0.0,200904,1000
reference_r3,LA-PH,200905,2,0.010827999999999977,0.0,1.0,1.0,0.0,200904,1000
reference_r3,LA-PH,200906,3,0.028971000000000025,0.0,1.0,1.0,0.0,200904,1000
reference_r3,LA-PH,200907,1,0.2518130000000003,0.0,1.0,1.0,0.0,200907,1000
reference_r3,LA-PH,200909,3,0.3398450000000004,0.0,1.0,1.0,0.0,200907,1000
reference_r3,LA-PH,200910,1,0.02178000000000002,0.0,1.0,1.0,0.0,200910,1000
reference_r3,LA-PH,200911,2,0.004959000000000005,0.0,1.0,1.0,0.0,200910,1000
reference_r3,LA-PH,200912,3,0.0015130000000000005,0.0,1.0,1.0,0.0,200910,1000
reference_r3,LA-SL,200801,1,0.9906570000000001,1.0,1.0,1.0,0.0,200801,1000
reference_r3,LA-SL,200802,2,0.4270989999999999,0.0,1.0,1.0,1.0,200801,1000
reference_r3,LA-SL,200803,3,3.6885339999999998,5.0,0.0,0.0,5.0,200801,1000
reference_r3,LA-SL,200804,1,0.8118889999999999,0.0,1.0,1.0,2.0,200804,1000
reference_r3,LA-SL,200805,2,86.909774,100.0,0.0,0.0,105.0,200804,1000
reference_r3,LA-SL,200806,3,185.85958,214.0,0.0,0.0,226.0,200804,1000
reference_r3,LA-SL,200807,1,49.254069999999984,74.0,1.0,0.0,78.0,200807,1000
reference_r3,LA-SL,200808,2,37.948795000000004,59.0,1.0,0.0,63.0,200807,1000
reference_r3,LA-SL,200809,3,55.577217000000005,82.0,1.0,0.0,85.0,200807,1000
reference_r3,LA-SL,200810,1,38.338233,67.0,1.0,0.0,91.0,200810,1000
reference_r3,LA-SL,200811,2,7.495786999999998,13.0,1.0,1.0,21.0,200810,1000
reference_r3,LA-SL,200812,3,2.614025999999999,4.0,1.0,1.0,8.0,200810,1000
reference_r3,LA-SL,200901,1,1.452489,2.0,1.0,1.0,1.0,200901,1000
reference_r3,LA-SL,200902,2,18.746863,23.0,0.0,0.0,24.0,200901,1000
reference_r3,LA-SL,200903,3,12.235090999999999,20.0,1.0,0.0,25.0,200901,1000
reference_r3,LA-SL,200904,1,5.8049800000000005,9.0,1.0,1.0,19.0,200904,1000
reference_r3,LA-SL,200905,2,44.219061999999994,82.0,1.0,0.0,122.0,200904,1000
reference_r3,LA-SL,200906,3,31.293492999999998,32.5,1.0,1.0,42.0,200904,1000
reference_r3,LA-SL,200907,1,111.64711500000001,160.0,1.0,0.0,164.0,200907,1000
reference_r3,LA-SL,200908,2,83.661797,123.0,1.0,0.0,127.0,200907,1000
reference_r3,LA-SL,200909,3,58.264650999999986,88.0,1.0,0.0,91.0,200907,1000
reference_r3,LA-SL,200910,1,36.163366,64.0,1.0,0.0,94.0,200910,1000
reference_r3,LA-SL,200911,2,14.461953000000001,25.0,1.0,1.0,44.0,200910,1000
reference_r3,LA-SL,200912,3,7.042942,2.0,1.0,1.0,17.0,200910,1000
reference_r3,LA-SV,200801,1,5.1735489999999995,6.0,1.0,0.0,1.0,200801,1000
reference_r3,LA-SV,200802,2,1.173946,1.0,1.0,1.0,1.0,200801,1000
reference_r3,LA-SV,200803,3,0.516775,0.0,1.0,1.0,1.0,200801,1000
reference_r3,LA-SV,200804,1,3.3246130000000003,4.0,1.0,0.0,0.0,200804,1000
reference_r3,LA-SV,200805,2,7.776104,10.0,1.0,0.0,1.0,200804,1000
reference_r3,LA-SV,200806,3,28.767598999999997,38.0,1.0,0.0,10.0,200804,1000
reference_r3,LA-SV,200807,1,27.525267999999983,1.0,1.0,1.0,11.0,200807,1000
reference_r3,LA-SV,200808,2,29.164550999999847,7.0,1.0,1.0,4.0,200807,1000
reference_r3,LA-SV,200809,3,32.056806999999935,10.0,1.0,1.0,2.0,200807,1000
reference_r3,LA-SV,200810,1,3.8744049999999994,7.0,1.0,0.0,10.0,200810,1000
reference_r3,LA-SV,200811,2,0.7625980000000001,1.0,1.0,1.0,2.0,200810,1000
reference_r3,LA-SV,200812,3,0.30973799999999996,0.0,1.0,1.0,0.0,200810,1000
reference_r3,LA-SV,200901,1,0.06551600000000002,0.0,1.0,1.0,0.0,200901,1000
reference_r3,LA-SV,200902,2,0.018578999999999984,0.0,1.0,1.0,0.0,200901,1000
reference_r3,LA-SV,200903,3,0.17203199999999996,0.0,1.0,1.0,0.0,200901,1000
reference_r3,LA-SV,200904,1,0.174547,0.0,1.0,1.0,0.0,200904,1000
reference_r3,LA-SV,200905,2,1.302781,2.0,1.0,1.0,0.0,200904,1000
reference_r3,LA-SV,200906,3,1.7806680000000004,2.0,1.0,1.0,1.0,200904,1000
reference_r3,LA-SV,200907,1,28.70797600000003,1.0,1.0,1.0,13.0,200907,1000
reference_r3,LA-SV,200908,2,30.694180000000017,19.5,1.0,1.0,34.0,200907,1000
reference_r3,LA-SV,200909,3,35.03120100000001,36.0,1.0,1.0,48.0,200907,1000
reference_r3,LA-SV,200910,1,6.925894999999997,2.0,1.0,1.0,16.0,200910,1000
reference_r3,LA-SV,200911,2,16.150126999999998,27.0,1.0,0.0,33.0,200910,1000
reference_r3,LA-SV,200912,3,1.988938,0.0,1.0,1.0,4.0,200910,1000
reference_r3,LA-VT,200801,1,11.611545999999997,0.5,1.0,1.0,29.0,200801,1000
reference_r3,LA-VT,200802,2,4.02064,7.0,1.0,1.0,12.0,200801,1000
reference_r3,LA-VT,200803,3,16.601163,23.0,0.0,0.0,26.0,200801,1000
reference_r3,LA-VT,200804,1,10.959556999999997,13.0,1.0,0.0,4.0,200804,1000
reference_r3,LA-VT,200805,2,23.570605999999998,25.5,1.0,1.0,17.0,200804,1000
reference_r3,LA-VT,200806,3,70.48106700000002,74.0,1.0,1.0,60.0,200804,1000
reference_r3,LA-VT,200807,1,71.30110100000002,108.0,1.0,1.0,132.0,200807,1000
reference_r3,LA-VT,200808,2,81.84628900000001,127.0,1.0,0.0,144.0,200807,1000
reference_r3,LA-VT,200809,3,90.13468300000005,137.0,1.0,0.0,158.0,200807,1000
reference_r3,LA-VT,200810,1,34.28596900000001,21.0,1.0,1.0,95.0,200810,1000
reference_r3,LA-VT,200811,2,63.017664,102.0,1.0,0.0,129.0,200810,1000
reference_r3,LA-VT,200812,3,51.254272,77.0,0.0,0.0,91.0,200810,1000
reference_r3,LA-VT,200901,1,20.969318,32.0,0.0,0.0,38.0,200901,1000
reference_r3,LA-VT,200902,2,12.511012000000001,18.0,0.0,0.0,20.0,200901,1000
reference_r3,LA-VT,200903,3,6.124417999999999,10.0,1.0,1.0,19.0,200901,1000
reference_r3,LA-VT,200904,1,11.893813000000002,9.0,1.0,1.0,33.0,200904,1000
reference_r3,LA-VT,200905,2,108.54091199999996,137.5,1.0,0.0,54.0,200904,1000
reference_r3,LA-VT,200906,3,195.55789900000002,225.5,1.0,1.0,104.0,200904,1000
reference_r3,LA-VT,200907,1,172.2785560000001,267.5,1.0,0.0,302.0,200907,1000
reference_r3,LA-VT,200908,2,210.28788099999997,321.0,1.0,0.0,356.0,200907,1000
reference_r3,LA-VT,200909,3,275.0050779999999,434.5,1.0,0.0,470.0,200907,1000
reference_r3,LA-VT,200910,1,201.74439999999998,365.5,1.0,0.0,527.0,200910,1000
reference_r3,LA-VT,200911,2,293.76099999999997,440.5,0.0,0.0,521.0,200910,1000
reference_r3,LA-VT,200912,3,228.53926800000002,327.0,0.0,0.0,366.0,200910,1000
reference_r3,LA-XA,200801,1,1.113708,2.0,1.0,1.0,0.0,200801,1000
reference_r3,LA-XA,200802,2,0.3012839999999999,0.0,1.0,1.0,0.0,200801,1000
reference_r3,LA-XA,200803,3,0.154748,0.0,1.0,1.0,0.0,200801,1000
reference_r3,LA-XA,200804,1,0.7990020000000002,1.0,1.0,1.0,0.0,200804,1000
reference_r3,LA-XA,200805,2,1.251353,1.0,1.0,1.0,2.0,200804,1000
reference_r3,LA-XA,200806,3,2.211175,2.0,1.0,1.0,6.0,200804,1000
reference_r3,LA-XA,200807,1,10.889012999999991,17.0,1.0,0.0,19.0,200807,1000
reference_r3,LA-XA,200808,2,4.696615000000001,6.0,1.0,1.0,7.0,200807,1000
reference_r3,LA-XA,200809,3,2.809790999999997,0.0,1.0,1.0,1.0,200807,1000
reference_r3,LA-XA,200810,1,1.6829469999999995,1.0,1.0,1.0,3.0,200810,1000
reference_r3,LA-XA,200811,2,0.7300769999999996,1.0,1.0,1.0,2.0,200810,1000
reference_r3,LA-XA,200812,3,0.395328,1.0,1.0,1.0,1.0,200810,1000
reference_r3,LA-XA,200901,1,0.080237,0.0,1.0,1.0,0.0,200901,1000
reference_r3,LA-XA,200902,2,0.05841799999999997,0.0,1.0,1.0,0.0,200901,1000
reference_r3,LA-XA,200903,3,0.25943399999999994,0.0,1.0,1.0,0.0,200901,1000
reference_r3,LA-XA,200904,1,0.3024499999999999,0.0,1.0,1.0,0.0,200904,1000
reference_r3,LA-XA,200905,2,1.015917,1.0,1.0,1.0,1.0,200904,1000
reference_r3,LA-XA,200906,3,5.981394999999999,10.0,1.0,0.0,14.0,200904,1000
reference_r3,LA-XA,200907,1,6.826070999999999,9.0,1.0,1.0,11.0,200907,1000
reference_r3,LA-XA,200908,2,22.971745999999996,35.0,1.0,0.0,37.0,200907,1000
reference_r3,LA-XA,200909,3,6.587156999999998,9.0,1.0,1.0,11.0,200907,1000
reference_r3,LA-XA,200910,1,4.649632999999998,4.0,1.0,1.0,5.0,200910,1000
reference_r3,LA-XA,200911,2,1.9382520000000003,1.0,1.0,1.0,5.0,200910,1000
reference_r3,LA-XA,200912,3,1.6511429999999998,2.0,1.0,1.0,0.0,200910,1000
reference_r3,LA-XE,200801,1,0.012215000000000004,0.0,1.0,1.0,0.0,200801,1000
reference_r3,LA-XE,200802,2,0.008398000000000003,0.0,1.0,1.0,0.0,200801,1000
reference_r3,LA-XE,200803,3,0.002123,0.0,1.0,1.0,0.0,200801,1000
reference_r3,LA-XE,200804,1,0.00816,0.0,1.0,1.0,0.0,200804,1000
reference_r3,LA-XE,200805,2,0.03034299999999998,0.0,1.0,1.0,0.0,200804,1000
reference_r3,LA-XE,200806,3,4.063183,5.0,0.0,0.0,5.0,200804,1000
reference_r3,LA-XE,200807,1,0.33025099999999963,0.0,1.0,1.0,0.0,200807,1000
reference_r3,LA-XE,200808,2,0.46727900000000044,0.0,1.0,1.0,0.0,200807,1000
reference_r3,LA-XE,200809,3,0.6597710000000001,1.0,1.0,1.0,1.0,200807,1000
reference_r3,LA-XE,200810,1,0.06674100000000005,0.0,1.0,1.0,0.0,200810,1000
reference_r3,LA-XE,200811,2,0.010588999999999987,0.0,1.0,1.0,0.0,200810,1000
reference_r3,LA-XE,200812,3,0.896949,1.0,0.0,0.0,1.0,200810,1000
reference_r3,LA-XE,200901,1,0.0037710000000000105,0.0,1.0,1.0,0.0,200901,1000
reference_r3,LA-XE,200902,2,1.871746,2.0,0.0,0.0,2.0,200901,1000
reference_r3,LA-XE,200903,3,1.762355,2.0,0.0,0.0,2.0,200901,1000
reference_r3,LA-XE,200904,1,0.505944,1.0,1.0,1.0,1.0,200904,1000
reference_r3,LA-XE,200905,2,0.9844149999999999,2.0,1.0,0.0,2.0,200904,1000
reference_r3,LA-XE,200906,3,5.835062,8.0,0.0,0.0,9.0,200904,1000
reference_r3,LA-XE,200907,1,24.163341000000003,29.0,0.0,0.0,29.0,200907,1000
reference_r3,LA-XE,200908,2,22.308173,27.0,0.0,0.0,27.0,200907,1000
reference_r3,LA-XE,200909,3,4.0878380000000005,6.0,1.0,0.0,6.0,200907,1000
reference_r3,LA-XE,200910,1,2.5820929999999995,4.0,1.0,1.0,7.0,200910,1000
reference_r3,LA-XE,200911,2,2.9852939999999997,2.0,1.0,1.0,3.0,200910,1000
reference_r3,LA-XE,200912,3,6.672325000000001,3.0,1.0,1.0,7.0,200910,1000
reference_r3,LA-XI,200801,1,0.0002599999999999998,0.0,1.0,1.0,0.0,200801,1000
reference_r3,LA-XI,200802,2,0.00036500000000000074,0.0,1.0,1.0,0.0,200801,1000
reference_r3,LA-XI,200803,3,0.00026400000000000035,0.0,1.0,1.0,0.0,200801,1000
reference_r3,LA-XI,200804,1,0.0006509999999999988,0.0,1.0,1.0,0.0,200804,1000
reference_r3,LA-XI,200805,2,0.000897999999999996,0.0,1.0,1.0,0.0,200804,1000
reference_r3,LA-XI,200806,3,0.940935,1.0,0.0,0.0,1.0,200804,1000
reference_r3,LA-XI,200807,1,0.5018179999999992,0.0,1.0,1.0,0.0,200807,1000
reference_r3,LA-XI,200808,2,0.4483960000000007,0.0,1.0,1.0,0.0,200807,1000
reference_r3,LA-XI,200809,3,0.479692,0.0,1.0,1.0,0.0,200807,1000
reference_r3,LA-XI,200810,1,0.014339999999999992,0.0,1.0,1.0,0.0,200810,1000
reference_r3,LA-XI,200811,2,0.0019679999999999975,0.0,1.0,1.0,0.0,200810,1000
reference_r3,LA-XI,200812,3,0.0016709999999999989,0.0,1.0,1.0,0.0,200810,1000
reference_r3,LA-XI,200901,1,0.0004159999999999997,0.0,1.0,1.0,0.0,200901,1000
reference_r3,LA-XI,200902,2,0.001902000000000001,0.0,1.0,1.0,0.0,200901,1000
reference_r3,LA-XI,200903,3,0.0018740000000000007,0.0,1.0,1.0,0.0,200901,1000
reference_r3,LA-XI,200904,1,0.00029799999999999965,0.0,1.0,1.0,0.0,200904,1000
reference_r3,LA-XI,200905,2,38.90122,39.0,0.0,0.0,39.0,200904,1000
reference_r3,LA-XI,200906,3,32.786282,33.0,0.0,0.0,33.0,200904,1000
reference_r3,LA-XI,200907,1,0.7337440000000006,1.0,1.0,1.0,1.0,200907,1000
reference_r3,LA-XI,200908,2,6.681731,10.0,1.0,0.0,10.0,200907,1000
reference_r3,LA-XI,200909,3,0.5822080000000014,0.0,1.0,1.0,0.0,200907,1000
reference_r3,LA-XI,200910,1,1.0699429999999999,1.0,1.0,1.0,0.0,200910,1000
reference_r3,LA-XI,200911,2,0.30907399999999996,0.0,1.0,1.0,0.0,200910,1000
reference_r3,LA-XI,200912,3,0.17108199999999996,0.0,1.0,1.0,0.0,200910,1000
reference_r4,LA-AT,200801,1,2.873372,4.0,0.0,0.0,4.0,200801,1000
reference_r4,LA-AT,200802,2,1.2617019999999999,2.0,1.0,0.0,2.0,200801,1000
reference_r4,LA-AT,200803,3,0.08387500000000003,0.0,1.0,1.0,0.0,200801,1000
reference_r4,LA-AT,200804,1,0.3974899999999999,0.0,1.0,1.0,0.0,200804,1000
reference_r4,LA-AT,200805,2,1.3290379999999997,2.0,1.0,1.0,4.0,200804,1000
reference_r4,LA-AT,200806,3,4.020097,7.0,1.0,0.0,10.0,200804,1000
reference_r4,LA-AT,200807,1,3.5929849999999988,5.0,1.0,1.0,6.0,200807,1000
reference_r4,LA-AT,200808,2,6.824331999999998,10.0,1.0,0.0,11.0,200807,1000
reference_r4,LA-AT,200809,3,16.662287,23.0,0.0,0.0,24.0,200807,1000
reference_r4,LA-AT,200810,1,30.966217,43.0,0.0,0.0,47.0,200810,1000
reference_r4,LA-AT,200811,2,34.229276000000006,41.0,0.0,0.0,43.0,200810,1000
reference_r4,LA-AT,200812,3,17.322377,22.0,0.0,0.0,23.0,200810,1000
reference_r4,LA-AT,200901,1,8.221453,14.0,1.0,0.0,18.0,200901,1000
reference_r4,LA-AT,200902,2,36.607002,44.0,0.0,0.0,46.0,200901,1000
reference_r4,LA-AT,200903,3,55.26259699999999,70.0,0.0,0.0,77.0,200901,1000
reference_r4,LA-AT,200904,1,49.182148999999995,79.5,1.0,0.0,99.0,200904,1000
reference_r4,LA-AT,200905,2,49.23380499999999,63.0,0.0,0.0,0.0,200904,1000
reference_r4,LA-AT,200906,3,39.334642,47.0,1.0,1.0,24.0,200904,1000
reference_r4,LA-AT,200907,1,47.39375999999999,63.0,0.0,0.0,64.0,200907,1000
reference_r4,LA-AT,200908,2,15.003446000000004,21.0,0.0,0.0,21.0,200907,1000
reference_r4,LA-AT,200909,3,10.237908000000004,16.0,1.0,0.0,17.0,200907,1000
reference_r4,LA-AT,200910,1,7.635717,8.0,1.0,1.0,4.0,200910,1000
reference_r4,LA-AT,200911,2,5.969608000000001,10.0,1.0,1.0,16.0,200910,1000
reference_r4,LA-AT,200912,3,6.478877000000001,5.0,1.0,1.0,6.0,200910,1000
reference_r4,LA-BK,200801,1,0.935105,1.0,0.0,0.0,1.0,200801,1000
reference_r4,LA-BK,200802,2,6.399999999999982e-05,0.0,1.0,1.0,0.0,200801,1000
reference_r4,LA-BK,200803,3,4.900000000000043e-05,0.0,1.0,1.0,0.0,200801,1000
reference_r4,LA-BK,200804,1,0.002613000000000004,0.0,1.0,1.0,0.0,200804,1000
reference_r4,LA-BK,200805,2,11.520518,12.0,0.0,0.0,12.0,200804,1000
reference_r4,LA-BK,200806,3,52.253994999999996,53.0,0.0,0.0,53.0,200804,1000
reference_r4,LA-BK,200807,1,1.9824219999999997,1.0,1.0,1.0,2.0,200807,1000
reference_r4,LA-BK,200808,2,5.693796000000001,9.0,1.0,0.0,9.0,200807,1000
reference_r4,LA-BK,200809,3,21.570520000000002,32.0,1.0,0.0,33.0,200807,1000
reference_r4,LA-BK,200810,1,24.33553099999999,12.0,1.0,1.0,48.0,200810,1000
reference_r4,LA-BK,200811,2,47.808774,54.0,0.0,0.0,55.0,200810,1000
reference_r4,LA-BK,200812,3,2.933859,4.0,1.0,0.0,5.0,200810,1000
reference_r4,LA-BK,200901,1,0.4696290000000001,0.0,1.0,1.0,1.0,200901,1000
reference_r4,LA-BK,200902,2,0.4546589999999999,1.0,1.0,1.0,0.0,200901,1000
reference_r4,LA-BK,200903,3,0.7821030000000002,1.0,1.0,1.0,1.0,200901,1000
reference_r4,LA-BK,200904,1,1.3567720000000003,0.0,1.0,1.0,3.0,200904,1000
reference_r4,LA-BK,200905,2,43.157662,62.0,0.0,0.0,74.0,200904,1000
reference_r4,LA-BK,200906,3,144.108734,193.0,0.0,0.0,216.0,200904,1000
reference_r4,LA-BK,200907,1,181.465196,211.0,0.0,0.0,212.0,200907,1000
reference_r4,LA-BK,200908,2,86.62349799999998,109.0,0.0,0.0,110.0,200907,1000
reference_r4,LA-BK,200909,3,36.889436,51.0,0.0,0.0,52.0,200907,1000
reference_r4,LA-BK,200910,1,21.56484900000001,16.0,1.0,1.0,31.0,200910,1000
reference_r4,LA-BK,200911,2,10.718703000000001,12.0,1.0,1.0,5.0,200910,1000
reference_r4,LA-BK,200912,3,5.2181169999999995,5.0,1.0,1.0,4.0,200910,1000
reference_r4,LA-BL,200801,1,5.324043,8.0,1.0,0.0,10.0,200801,1000
reference_r4,LA-BL,200802,2,5.845284,7.0,0.0,0.0,7.0,200801,1000
reference_r4,LA-BL,200803,3,0.415478,1.0,1.0,1.0,1.0,200801,1000
reference_r4,LA-BL,200804,1,1.3063509999999994,0.0,1.0,1.0,3.0,200804,1000
reference_r4,LA-BL,200805,2,5.245291,9.0,1.0,1.0,15.0,200804,1000
reference_r4,LA-BL,200806,3,6.3192660000000025,5.0,1.0,1.0,19.0,200804,1000
reference_r4,LA-BL,200807,1,19.725987000000003,30.0,1.0,0.0,31.0,200807,1000
reference_r4,LA-BL,200808,2,20.218974000000003,30.0,1.0,0.0,32.0,200807,1000
reference_r4,LA-BL,200809,3,18.578032,29.0,1.0,0.0,30.0,200807,1000
reference_r4,LA-BL,200810,1,9.631848999999999,11.0,1.0,1.0,5.0,200810,1000
reference_r4,LA-BL,200811,2,4.298847,8.0,1.0,1.0,12.0,200810,1000
reference_r4,LA-BL,200812,3,0.857491,1.0,1.0,1.0,1.0,200810,1000
reference_r4,LA-BL,200901,1,0.772824,1.0,1.0,1.0,2.0,200901,1000
reference_r4,LA-BL,200902,2,1.504677,3.0,1.0,0.0,3.0,200901,1000
reference_r4,LA-BL,200903,3,1.190477,2.0,1.0,1.0,0.0,200901,1000
reference_r4,LA-BL,200904,1,0.8058299999999998,1.0,1.0,1.0,2.0,200904,1000
reference_r4,LA-BL,200905,2,3.9947030000000003,5.0,1.0,0.0,0.0,200904,1000
reference_r4,LA-BL,200906,3,5.023413999999999,4.0,1.0,1.0,7.0,200904,1000
reference_r4,LA-BL,200907,1,21.581417000000002,33.0,1.0,0.0,35.0,200907,1000
reference_r4,LA-BL,200908,2,7.313187999999997,7.0,1.0,1.0,9.0,200907,1000
reference_r4,LA-BL,200909,3,6.678111000000001,3.0,1.0,1.0,0.0,200907,1000
reference_r4,LA-BL,200910,1,5.025475,6.0,1.0,0.0,1.0,200910,1000
reference_r4,LA-BL,200911,2,1.4701880000000003,1.0,1.0,1.0,2.0,200910,1000
reference_r4,LA-BL,200912,3,0.7490010000000002,0.0,1.0,1.0,1.0,200910,1000
reference_r4,LA-CH,200801,1,29.683882000000004,52.0,1.0,0.0,73.0,200801,1000
reference_r4,LA-CH,200802,2,41.48207300000001,70.0,1.0,0.0,90.0,200801,1000
reference_r4,LA-CH,200803,3,51.920535,77.0,0.0,0.0,92.0,200801,1000
reference_r4,LA-CH,200804,1,22.130188000000004,11.5,1.0,1.0,69.0,200804,1000
reference_r4,LA-CH,200805,2,52.70432899999997,16.5,1.0,1.0,113.0,200804,1000
reference_r4,LA-CH,200806,3,107.57858199999998,47.5,1.0,1.0,295.0,200804,1000
reference_r4,LA-CH,200807,1,97.33744100000001,149.0,1.0,0.0,162.0,200807,1000
reference_r4,LA-CH,200808,2,82.94501500000001,132.0,1.0,0.0,143.0,200807,1000
reference_r4,LA-CH,200809,3,117.802592,176.0,1.0,0.0,185.0,200807,1000
reference_r4,LA-CH,200810,1,48.57118600000001,86.0,1.0,1.0,140.0,200810,1000
reference_r4,LA-CH,200811,2,45.510121999999996,78.0,1.0,0.0,102.0,200810,1000
reference_r4,LA-CH,200812,3,32.582094,56.0,1.0,0.0,73.0,200810,1000
reference_r4,LA-CH,200901,1,10.064519,14.0,1.0,1.0,31.0,200901,1000
reference_r4,LA-CH,200902,2,22.729664,38.0,1.0,0.0,48.0,200901,1000
reference_r4,LA-CH,200903,3,20.333838999999998,36.0,1.0,1.0,60.0,200901,1000
reference_r4,LA-CH,200904,1,38.539004999999996,70.0,1.0,0.0,102.0,200904,1000
reference_r4,LA-CH,200905,2,69.644236,67.0,1.0,1.0,66.0,200904,1000
reference_r4,LA-CH,200906,3,84.44258900000003,66.5,1.0,1.0,124.0,200904,1000
reference_r4,LA-CH,200907,1,67.54294099999998,105.0,1.0,1.0,122.0,200907,1000
reference_r4,LA-CH,200908,2,64.19637899999998,103.0,1.0,0.0,110.0,200907,1000
reference_r4,LA-CH,200909,3,60.071196999999984,94.0,1.0,0.0,105.0,200907,1000
reference_r4,LA-CH,200910,1,20.719794,31.0,1.0,1.0,59.0,200910,1000
reference_r4,LA-CH,200911,2,11.899118000000001,15.0,1.0,1.0,35.0,200910,1000
reference_r4,LA-CH,200912,3,13.861702999999999,5.0,1.0,1.0,32.0,200910,1000
reference_r4,LA-HO,200801,1,0.0029659999999999964,0.0,1.0,1.0,0.0,200801,1000
reference_r4,LA-HO,200802,2,0.0018729999999999997,0.0,1.0,1.0,0.0,200801,1000
reference_r4,LA-HO,200803,3,0.008461999999999997,0.0,1.0,1.0,0.0,200801,1000
reference_r4,LA-HO,200804,1,0.007077,0.0,1.0,1.0,0.0,200804,1000
reference_r4,LA-HO,200805,2,0.015348,0.0,1.0,1.0,0.0,200804,1000
reference_r4,LA-HO,200806,3,0.010239999999999999,0.0,1.0,1.0,0.0,200804,1000
reference_r4,LA-HO,200807,1,0.3774230000000003,0.0,1.0,1.0,0.0,200807,1000
reference_r4,LA-HO,200808,2,0.38978,0.0,1.0,1.0,0.0,200807,1000
reference_r4,LA-HO,200809,3,0.6989990000000006,1.0,1.0,1.0,1.0,200807,1000
reference_r4,LA-HO,200810,1,0.06989200000000001,0.0,1.0,1.0,0.0,200810,1000
reference_r4,LA-HO,200811,2,0.007028999999999994,0.0,1.0,1.0,0.0,200810,1000
reference_r4,LA-HO,200812,3,0.898766,1.0,0.0,0.0,1.0,200810,1000
reference_r4,LA-HO,200901,1,0.011111999999999997,0.0,1.0,1.0,0.0,200901,1000
reference_r4,LA-HO,200902,2,0.03114,0.0,1.0,1.0,0.0,200901,1000
reference_r4,LA-HO,200903,3,0.029831999999999997,0.0,1.0,1.0,0.0,200901,1000
reference_r4,LA-HO,200904,1,0.006322999999999995,0.0,1.0,1.0,0.0,200904,1000
reference_r4,LA-HO,200905,2,0.011853999999999976,0.0,1.0,1.0,0.0,200904,1000
reference_r4,LA-HO,200906,3,0.04329599999999997,0.0,1.0,1.0,0.0,200904,1000
reference_r4,LA-HO,200907,1,0.525747,0.0,1.0,1.0,0.0,200907,1000
reference_r4,LA-HO,200908,2,0.8295690000000011,0.0,1.0,1.0,0.0,200907,1000
reference_r4,LA-HO,200909,3,0.8918990000000004,1.0,1.0,1.0,1.0,200907,1000
reference_r4,LA-HO,200910,1,0.535486,1.0,1.0,1.0,1.0,200910,1000
reference_r4,LA-HO,200911,2,0.814063,1.0,0.0,0.0,1.0,200910,1000
reference_r4,LA-HO,200912,3,0.8819119999999999,1.0,0.0,0.0,1.0,200910,1000
reference_r4,LA-KH,200801,1,0.7253890000000001,1.0,1.0,1.0,0.0,200801,1000
reference_r4,LA-KH,200802,2,0.088594,0.0,1.0,1.0,0.0,200801,1000
reference_r4,LA-KH,200803,3,0.080486,0.0,1.0,1.0,0.0,200801,1000
reference_r4,LA-KH,200804,1,0.4422680000000001,1.0,1.0,1.0,0.0,200804,1000
reference_r4,LA-KH,200805,2,1.25774,2.0,1.0,1.0,0.0,200804,1000
reference_r4,LA-KH,200806,3,2.791054000000001,4.0,1.0,1.0,1.0,200804,1000
reference_r4,LA-KH,200807,1,4.285903000000005,1.0,1.0,1.0,3.0,200807,1000
reference_r4,LA-KH,200808,2,4.213983999999996,2.0,1.0,1.0,0.0,200807,1000
reference_r4,LA-KH,200809,3,4.834360000000004,2.0,1.0,1.0,4.0,200807,1000
reference_r4,LA-KH,200810,1,0.7062120000000003,0.0,1.0,1.0,1.0,200810,1000
reference_r4,LA-KH,200811,2,1.658571,3.0,1.0,0.0,3.0,200810,1000
reference_r4,LA-KH,200812,3,3.224571,4.0,0.0,0.0,4.0,200810,1000
reference_r4,LA-KH,200901,1,0.06813199999999997,0.0,1.0,1.0,0.0,200901,1000
reference_r4,LA-KH,200902,2,0.02274100000000001,0.0,1.0,1.0,0.0,200901,1000
reference_r4,LA-KH,200903,3,4.6528,6.0,0.0,0.0,6.0,200901,1000
reference_r4,LA-KH,200904,1,0.3426690000000001,0.0,1.0,1.0,0.0,200904,1000
reference_r4,LA-KH,200905,2,2.1156539999999997,4.0,1.0,1.0,6.0,200904,1000
reference_r4,LA-KH,200906,3,65.287488,76.0,0.0,0.0,80.0,200904,1000
reference_r4,LA-KH,200907,1,110.10823,152.0,0.0,0.0,155.0,200907,1000
reference_r4,LA-KH,200908,2,242.000396,300.0,0.0,0.0,303.0,200907,1000
reference_r4,LA-KH,200909,3,214.285272,273.0,0.0,0.0,277.0,200907,1000
reference_r4,LA-KH,200910,1,43.200027000000006,12.0,1.0,1.0,85.0,200910,1000
reference_r4,LA-KH,200911,2,19.50846,15.0,1.0,1.0,61.0,200910,1000
reference_r4,LA-KH,200912,3,26.748811999999997,49.0,1.0,0.0,67.0,200910,1000
reference_r4,LA-LM,200801,1,0.00010099999999999866,0.0,1.0,1.0,0.0,200801,1000
reference_r4,LA-LM,200802,2,8.099999999999948e-05,0.0,1.0,1.0,0.0,200801,1000
reference_r4,LA-LM,200803,3,8.999999999999894e-06,0.0,1.0,1.0,0.0,200801,1000
reference_r4,LA-LM,200804,1,0.0001449999999999993,0.0,1.0,1.0,0.0,200804,1000
reference_r4,LA-LM,200805,2,0.001798999999999995,0.0,1.0,1.0,0.0,200804,1000
reference_r4,LA-LM,200806,3,0.002251999999999997,0.0,1.0,1.0,0.0,200804,1000
reference_r4,LA-LM,200807,1,1.197858,0.0,1.0,1.0,0.0,200807,1000
reference_r4,LA-LM,200808,2,0.6406419999999997,0.0,1.0,1.0,0.0,200807,1000
reference_r4,LA-LM,200809,3,0.9639300000000048,0.0,1.0,1.0,0.0,200807,1000
reference_r4,LA-LM,200810,1,0.030942000000000025,0.0,1.0,1.0,0.0,200810,1000
reference_r4,LA-LM,200811,2,0.004209000000000004,0.0,1.0,1.0,0.0,200810,1000
reference_r4,LA-LM,200812,3,0.0009100000000000011,0.0,1.0,1.0,0.0,200810,1000
reference_r4,LA-LM,200901,1,8.200000000000048e-05,0.0,1.0,1.0,0.0,200901,1000
reference_r4,LA-LM,200902,2,0.00012099999999999958,0.0,1.0,1.0,0.0,200901,1000
reference_r4,LA-LM,200903,3,0.0002570000000000003,0.0,1.0,1.0,0.0,200901,1000
reference_r4,LA-LM,200904,1,0.9565089999999999,1.0,0.0,0.0,1.0,200904,1000
reference_r4,LA-LM,200905,2,0.004371,0.0,1.0,1.0,0.0,200904,1000
reference_r4,LA-LM,200906,3,1.7611379999999999,2.0,0.0,0.0,2.0,200904,1000
reference_r4,LA-LM,200907,1,1.0854879999999998,1.0,1.0,1.0,1.0,200907,1000
reference_r4,LA-LM,200908,2,1.1947789999999987,1.0,1.0,1.0,0.0,200907,1000
reference_r4,LA-LM,200909,3,2.3011809999999997,4.0,1.0,0.0,4.0,200907,1000
reference_r4,LA-LM,200910,1,2.760515,4.0,1.0,0.0,5.0,200910,1000
reference_r4,LA-LM,200911,2,4.720473,6.0,0.0,0.0,6.0,200910,1000
reference_r4,LA-LM,200912,3,3.326549,4.0,0.0,0.0,4.0,200910,1000
reference_r4,LA-LP,200801,1,0.865275,1.0,1.0,1.0,0.0,200801,1000
reference_r4,LA-LP,200802,2,14.257657,16.0,0.0,0.0,16.0,200801,1000
reference_r4,LA-LP,200803,3,20.338113999999997,22.0,0.0,0.0,22.0,200801,1000
reference_r4,LA-LP,200804,1,18.549722000000003,28.0,0.0,0.0,33.0,200804,1000
reference_r4,LA-LP,200805,2,69.52878600000001,101.0,0.0,0.0,116.0,200804,1000
reference_r4,LA-LP,200806,3,85.265409,132.5,0.0,0.0,160.0,200804,1000
reference_r4,LA-LP,200807,1,10.034151000000001,15.0,1.0,0.0,16.0,200807,1000
reference_r4,LA-LP,200808,2,8.227753999999997,13.0,1.0,0.0,13.0,200807,1000
reference_r4,LA-LP,200809,3,8.528828,13.0,1.0,0.0,14.0,200807,1000
reference_r4,LA-LP,200810,1,17.050781,27.0,1.0,0.0,33.0,200810,1000
reference_r4,LA-LP,200811,2,107.88983400000001,114.0,0.0,0.0,116.0,200810,1000
reference_r4,LA-LP,200812,3,157.828083,160.0,0.0,0.0,161.0,200810,1000
reference_r4,LA-LP,200901,1,6.478208,8.0,1.0,0.0,0.0,200901,1000
reference_r4,LA-LP,200902,2,6.769014,8.0,1.0,0.0,0.0,200901,1000
reference_r4,LA-LP,200903,3,16.186548999999996,20.0,0.0,0.0,0.0,200901,1000
reference_r4,LA-LP,200904,1,11.174700999999999,15.0,0.0,0.0,0.0,200904,1000
reference_r4,LA-LP,200905,2,33.027480000000004,46.0,0.0,0.0,0.0,200904,1000
reference_r4,LA-LP,200906,3,64.837055,82.0,1.0,0.0,9.0,200904,1000
reference_r4,LA-LP,200907,1,18.293670000000006,28.0,1.0,0.0,30.0,200907,1000
reference_r4,LA-LP,200908,2,20.100967999999995,31.0,1.0,0.0,32.0,200907,1000
reference_r4,LA-LP,200909,3,273.80728899999997,312.0,0.0,0.0,313.0,200907,1000
reference_r4,LA-LP,200910,1,66.112547,122.0,1.0,0.0,165.0,200910,1000
reference_r4,LA-LP,200911,2,42.828485,70.0,1.0,0.0,87.0,200910,1000
reference_r4,LA-LP,200912,3,6.6261040000000015,9.0,1.0,0.0,0.0,200910,1000
reference_r4,LA-OU,200801,1,0.0009259999999999963,0.0,1.0,1.0,0.0,200801,1000
reference_r4,LA-OU,200802,2,0.0002599999999999998,0.0,1.0,1.0,0.0,200801,1000
reference_r4,LA-OU,200803,3,1.600000000000039e-05,0.0,1.0,1.0,0.0,200801,1000
reference_r4,LA-OU,200804,1,0.0013899999999999954,0.0,1.0,1.0,0.0,200804,1000
reference_r4,LA-OU,200805,2,0.005453999999999987,0.0,1.0,1.0,0.0,200804,1000
reference_r4,LA-OU,200806,3,0.01605200000000001,0.0,1.0,1.0,0.0,200804,1000
reference_r4,LA-OU,200807,1,2.097170999999996,1.0,1.0,1.0,0.0,200807,1000
reference_r4,LA-OU,200808,2,1.122516000000001,0.0,1.0,1.0,0.0,200807,1000
reference_r4,LA-OU,200809,3,1.5482380000000013,1.0,1.0,1.0,0.0,200807,1000
reference_r4,LA-OU,200810,1,0.030738000000000043,0.0,1.0,1.0,0.0,200810,1000
reference_r4,LA-OU,200811,2,0.004016999999999993,0.0,1.0,1.0,0.0,200810,1000
reference_r4,LA-OU,200812,3,0.0013699999999999962,0.0,1.0,1.0,0.0,200810,1000
reference_r4,LA-OU,200901,1,8.5e-05,0.0,1.0,1.0,0.0,200901,1000
reference_r4,LA-OU,200902,2,8.099999999999948e-05,0.0,1.0,1.0,0.0,200901,1000
reference_r4,LA-OU,200903,3,0.00048799999999999885,0.0,1.0,1.0,0.0,200901,1000
reference_r4,LA-OU,200904,1,0.0014230000000000007,0.0,1.0,1.0,0.0,200904,1000
reference_r4,LA-OU,200905,2,0.004347999999999991,0.0,1.0,1.0,0.0,200904,1000
reference_r4,LA-OU,200906,3,0.017037999999999998,0.0,1.0,1.0,0.0,200904,1000
reference_r4,LA-OU,200907,1,2.5643279999999997,1.0,1.0,1.0,0.0,200907,1000
reference_r4,LA-OU,200908,2,2.2106920000000017,0.0,1.0,1.0,1.0,200907,1000
reference_r4,LA-OU,200909,3,8.787393000000005,14.0,1.0,0.0,15.0,200907,1000
reference_r4,LA-OU,200910,1,2.156058,4.0,1.0,1.0,6.0,200910,1000
reference_r4,LA-OU,200911,2,9.492839,12.0,0.0,0.0,13.0,200910,1000
reference_r4,LA-OU,200912,3,16.173710999999997,18.0,0.0,0.0,18.0,200910,1000
reference_r4,LA-PH,200901,1,0.009792999999999996,0.0,1.0,1.0,0.0,200901,1000
reference_r4,LA-PH,200902,2,0.014813999999999994,0.0,1.0,1.0,0.0,200901,1000
reference_r4,LA-PH,200903,3,0.018588999999999967,0.0,1.0,1.0,0.0,200901,1000
reference_r4,LA-PH,200904,1,0.0038730000000000014,0.0,1.0,1.0,0.0,200904,1000
reference_r4,LA-PH,200905,2,0.011329000000000033,0.0,1.0,1.0,0.0,200904,1000
reference_r4,LA-PH,200906,3,0.027801000000000076,0.0,1.0,1.0,0.0,200904,1000
reference_r4,LA-PH,200907,1,0.3253219999999999,0.0,1.0,1.0,0.0,200907,1000
reference_r4,LA-PH,200909,3,0.4807699999999997,0.0,1.0,1.0,0.0,200907,1000
reference_r4,LA-PH,200910,1,0.02976799999999996,0.0,1.0,1.0,0.0,200910,1000
reference_r4,LA-PH,200911,2,0.004464999999999997,0.0,1.0,1.0,0.0,200910,1000
reference_r4,LA-PH,200912,3,0.0005479999999999999,0.0,1.0,1.0,0.0,200910,1000
reference_r4,LA-SL,200801,1,0.9605409999999996,1.0,1.0,1.0,0.0,200801,1000
reference_r4,LA-SL,200802,2,0.396779,0.0,1.0,1.0,1.0,200801,1000
reference_r4,LA-SL,200803,3,3.5879220000000003,5.0,0.0,0.0,5.0,200801,1000
reference_r4,LA-SL,200804,1,0.8526360000000004,0.0,1.0,1.0,2.0,200804,1000
reference_r4,LA-SL,200805,2,88.461962,100.0,0.0,0.0,105.0,200804,1000
reference_r4,LA-SL,200806,3,184.12364200000002,213.0,0.0,0.0,226.0,200804,1000
reference_r4,LA-SL,200807,1,48.79853699999998,75.0,1.0,0.0,78.0,200807,1000
reference_r4,LA-SL,200808,2,38.8614,60.0,1.0,0.0,63.0,200807,1000
reference_r4,LA-SL,200809,3,55.581681,82.0,1.0,0.0,85.0,200807,1000
reference_r4,LA-SL,200810,1,36.914432000000005,64.0,1.0,0.0,91.0,200810,1000
reference_r4,LA-SL,200811,2,7.247372000000002,13.0,1.0,1.0,21.0,200810,1000
reference_r4,LA-SL,200812,3,2.662954,4.0,1.0,1.0,8.0,200810,1000
reference_r4,LA-SL,200901,1,1.1986059999999998,1.0,1.0,1.0,1.0,200901,1000
reference_r4,LA-SL,200902,2,18.822685999999997,23.0,0.0,0.0,24.0,200901,1000
reference_r4,LA-SL,200903,3,12.486951000000001,20.0,1.0,0.0,25.0,200901,1000
reference_r4,LA-SL,200904,1,5.885533999999998,9.0,1.0,1.0,19.0,200904,1000
reference_r4,LA-SL,200905,2,44.303894,81.0,1.0,0.0,122.0,200904,1000
reference_r4,LA-SL,200906,3,31.920969999999997,20.0,1.0,1.0,42.0,200904,1000
reference_r4,LA-SL,200907,1,109.42669899999999,159.0,1.0,0.0,164.0,200907,1000
reference_r4,LA-SL,200908,2,88.889398,124.0,0.0,0.0,127.0,200907,1000
reference_r4,LA-SL,200909,3,58.78578199999998,87.0,1.0,0.0,91.0,200907,1000
reference_r4,LA-SL,200910,1,36.789271,67.0,1.0,0.0,94.0,200910,1000
reference_r4,LA-SL,200911,2,15.500285000000002,27.0,1.0,1.0,44.0,200910,1000
reference_r4,LA-SL,200912,3,7.916437000000002,1.0,1.0,1.0,17.0,200910,1000
reference_r4,LA-SV,200801,1,5.162901,6.0,1.0,0.0,1.0,200801,1000
reference_r4,LA-SV,200802,2,1.114751,1.0,1.0,1.0,1.0,200801,1000
reference_r4,LA-SV,200803,3,0.5063449999999998,0.0,1.0,1.0,1.0,200801,1000
reference_r4,LA-SV,200804,1,3.0977419999999993,4.0,1.0,0.0,0.0,200804,1000
reference_r4,LA-SV,200805,2,8.134628,11.0,1.0,0.0,1.0,200804,1000
reference_r4,LA-SV,200806,3,27.591341999999997,34.0,1.0,0.0,10.0,200804,1000
reference_r4,LA-SV,200807,1,32.30433700000003,2.0,1.0,1.0,11.0,200807,1000
reference_r4,LA-SV,200808,2,32.54674299999999,9.0,1.0,1.0,4.0,200807,1000
reference_r4,LA-SV,200809,3,31.33148099999994,10.0,1.0,1.0,2.0,200807,1000
reference_r4,LA-SV,200810,1,3.7805340000000003,7.0,1.0,1.0,10.0,200810,1000
reference_r4,LA-SV,200811,2,0.7753579999999998,1.0,1.0,1.0,2.0,200810,1000
reference_r4,LA-SV,200812,3,0.29765600000000014,0.0,1.0,1.0,0.0,200810,1000
reference_r4,LA-SV,200901,1,0.06914999999999999,0.0,1.0,1.0,0.0,200901,1000
reference_r4,LA-SV,200902,2,0.016729999999999995,0.0,1.0,1.0,0.0,200901,1000
reference_r4,LA-SV,200903,3,0.168485,0.0,1.0,1.0,0.0,200901,1000
reference_r4,LA-SV,200904,1,0.1601769999999999,0.0,1.0,1.0,0.0,200904,1000
reference_r4,LA-SV,200905,2,1.16642,2.0,1.0,1.0,0.0,200904,1000
reference_r4,LA-SV,200906,3,1.742991,2.0,1.0,1.0,1.0,200904,1000
reference_r4,LA-SV,200907,1,38.681821000000014,4.0,1.0,1.0,13.0,200907,1000
reference_r4,LA-SV,200908,2,30.133171000000004,20.0,1.0,1.0,34.0,200907,1000
reference_r4,LA-SV,200909,3,36.14003300000002,34.0,1.0,1.0,48.0,200907,1000
reference_r4,LA-SV,200910,1,7.1603449999999995,2.0,1.0,1.0,16.0,200910,1000
reference_r4,LA-SV,200911,2,15.969623999999998,27.0,1.0,0.0,33.0,200910,1000
reference_r4,LA-SV,200912,3,1.9641870000000008,0.0,1.0,1.0,4.0,200910,1000
reference_r4,LA-VT,200801,1,11.024540000000002,4.0,1.0,1.0,29.0,200801,1000
reference_r4,LA-VT,200802,2,3.740513,6.0,1.0,1.0,12.0,200801,1000
reference_r4,LA-VT,200803,3,16.725625,23.0,0.0,0.0,26.0,200801,1000
reference_r4,LA-VT,200804,1,10.651011,13.0,1.0,0.0,4.0,200804,1000
reference_r4,LA-VT,200805,2,23.728507000000008,27.0,1.0,1.0,17.0,200804,1000
reference_r4,LA-VT,200806,3,78.47231199999996,92.0,1.0,1.0,60.0,200804,1000
reference_r4,LA-VT,200807,1,82.67672700000003,106.0,1.0,1.0,132.0,200807,1000
reference_r4,LA-VT,200808,2,84.35261600000001,126.0,1.0,0.0,144.0,200807,1000
reference_r4,LA-VT,200809,3,97.70585600000004,137.0,1.0,0.0,158.0,200807,1000
reference_r4,LA-VT,200810,1,34.964579,23.0,1.0,1.0,95.0,200810,1000
reference_r4,LA-VT,200811,2,62.142801,103.0,1.0,0.0,129.0,200810,1000
reference_r4,LA-VT,200812,3,54.187343999999996,77.5,0.0,0.0,91.0,200810,1000
reference_r4,LA-VT,200901,1,21.985416999999998,32.0,0.0,0.0,38.0,200901,1000
reference_r4,LA-VT,200902,2,13.077305999999998,18.0,0.0,0.0,20.0,200901,1000
reference_r4,LA-VT,200903,3,5.982253000000002,10.0,1.0,1.0,19.0,200901,1000
reference_r4,LA-VT,200904,1,11.199950999999999,5.0,1.0,1.0,33.0,200904,1000
reference_r4,LA-VT,200905,2,102.85801699999999,119.5,1.0,1.0,54.0,200904,1000
reference_r4,LA-VT,200906,3,194.48965800000002,233.5,1.0,1.0,104.0,200904,1000
reference_r4,LA-VT,200907,1,193.54655400000001,268.0,1.0,0.0,302.0,200907,1000
reference_r4,LA-VT,200908,2,205.89073600000006,325.5,1.0,0.0,356.0,200907,1000
reference_r4,LA-VT,200909,3,275.10256200000015,435.0,1.0,0.0,470.0,200907,1000
reference_r4,LA-VT,200910,1,196.43464800000004,354.5,1.0,0.0,527.0,200910,1000
reference_r4,LA-VT,200911,2,294.247383,440.0,0.0,0.0,521.0,200910,1000
reference_r4,LA-VT,200912,3,220.39282500000002,319.0,0.0,0.0,366.0,200910,1000
reference_r4,LA-XA,200801,1,1.2176650000000002,2.0,1.0,1.0,0.0,200801,1000
reference_r4,LA-XA,200802,2,0.27386699999999997,0.0,1.0,1.0,0.0,200801,1000
reference_r4,LA-XA,200803,3,0.14525700000000002,0.0,1.0,1.0,0.0,200801,1000
reference_r4,LA-XA,200804,1,0.683991,1.0,1.0,1.0,0.0,200804,1000
reference_r4,LA-XA,200805,2,1.1828319999999999,1.0,1.0,1.0,2.0,200804,1000
reference_r4,LA-XA,200806,3,2.1941040000000003,1.0,1.0,1.0,6.0,200804,1000
reference_r4,LA-XA,200807,1,11.424632000000003,17.0,1.0,0.0,19.0,200807,1000
reference_r4,LA-XA,200808,2,4.646537000000002,5.0,1.0,1.0,7.0,200807,1000
reference_r4,LA-XA,200809,3,3.637045999999998,0.0,1.0,1.0,1.0,200807,1000
reference_r4,LA-XA,200810,1,1.6581029999999997,0.0,1.0,1.0,3.0,200810,1000
reference_r4,LA-XA,200811,2,0.7445180000000002,1.0,1.0,1.0,2.0,200810,1000
reference_r4,LA-XA,200812,3,0.39632599999999996,1.0,1.0,1.0,1.0,200810,1000
reference_r4,LA-XA,200901,1,0.080789,0.0,1.0,1.0,0.0,200901,1000
reference_r4,LA-XA,200902,2,0.052573000000000036,0.0,1.0,1.0,0.0,200901,1000
reference_r4,LA-XA,200903,3,0.2272360000000001,0.0,1.0,1.0,0.0,200901,1000
reference_r4,LA-XA,200904,1,0.28979200000000005,0.0,1.0,1.0,0.0,200904,1000
reference_r4,LA-XA,200905,2,1.0253230000000002,1.0,1.0,1.0,1.0,200904,1000
reference_r4,LA-XA,200906,3,5.750692000000001,10.0,1.0,0.0,14.0,200904,1000
reference_r4,LA-XA,200907,1,7.900238000000002,9.0,1.0,1.0,11.0,200907,1000
reference_r4,LA-XA,200908,2,23.016728,35.0,1.0,0.0,37.0,200907,1000
reference_r4,LA-XA,200909,3,7.392275000000012,9.0,1.0,1.0,11.0,200907,1000
reference_r4,LA-XA,200910,1,4.824140000000002,4.0,1.0,1.0,5.0,200910,1000
reference_r4,LA-XA,200911,2,1.983842000000001,2.0,1.0,1.0,5.0,200910,1000
reference_r4,LA-XA,200912,3,1.5478869999999998,2.0,1.0,1.0,0.0,200910,1000
reference_r4,LA-XE,200801,1,0.010968000000000006,0.0,1.0,1.0,0.0,200801,1000
reference_r4,LA-XE,200802,2,0.004829,0.0,1.0,1.0,0.0,200801,1000
reference_r4,LA-XE,200803,3,0.0030790000000000053,0.0,1.0,1.0,0.0,200801,1000
reference_r4,LA-XE,200804,1,0.014776000000000011,0.0,1.0,1.0,0.0,200804,1000
reference_r4,LA-XE,200805,2,0.04877500000000001,0.0,1.0,1.0,0.0,200804,1000
reference_r4,LA-XE,200806,3,4.094383,5.0,0.0,0.0,5.0,200804,1000
reference_r4,LA-XE,200807,1,0.48214699999999944,0.0,1.0,1.0,0.0,200807,1000
reference_r4,LA-XE,200808,2,0.57254,0.0,1.0,1.0,0.0,200807,1000
reference_r4,LA-XE,200809,3,0.7160199999999985,1.0,1.0,1.0,1.0,200807,1000
reference_r4,LA-XE,200810,1,0.059192999999999996,0.0,1.0,1.0,0.0,200810,1000
reference_r4,LA-XE,200811,2,0.012181999999999998,0.0,1.0,1.0,0.0,200810,1000
reference_r4,LA-XE,200812,3,0.874335,1.0,0.0,0.0,1.0,200810,1000
reference_r4,LA-XE,200901,1,0.004299999999999998,0.0,1.0,1.0,0.0,200901,1000
reference_r4,LA-XE,200902,2,1.873417,2.0,0.0,0.0,2.0,200901,1000
reference_r4,LA-XE,200903,3,1.750946,2.0,0.0,0.0,2.0,200901,1000
reference_r4,LA-XE,200904,1,0.5372859999999999,1.0,1.0,1.0,1.0,200904,1000
reference_r4,LA-XE,200905,2,0.940238,2.0,1.0,0.0,2.0,200904,1000
reference_r4,LA-XE,200906,3,5.875538,8.0,0.0,0.0,9.0,200904,1000
reference_r4,LA-XE,200907,1,23.406753000000002,29.0,0.0,0.0,29.0,200907,1000
reference_r4,LA-XE,200908,2,21.442662,27.0,0.0,0.0,27.0,200907,1000
reference_r4,LA-XE,200909,3,3.96694,6.0,1.0,0.0,6.0,200907,1000
reference_r4,LA-XE,200910,1,2.643333,4.0,1.0,1.0,7.0,200910,1000
reference_r4,LA-XE,200911,2,2.702622,1.0,1.0,1.0,3.0,200910,1000
reference_r4,LA-XE,200912,3,6.803196,3.0,1.0,1.0,7.0,200910,1000
reference_r4,LA-XI,200801,1,0.00040899999999999964,0.0,1.0,1.0,0.0,200801,1000
reference_r4,LA-XI,200802,2,0.000196,0.0,1.0,1.0,0.0,200801,1000
reference_r4,LA-XI,200803,3,0.0006359999999999977,0.0,1.0,1.0,0.0,200801,1000
reference_r4,LA-XI,200804,1,0.0002610000000000008,0.0,1.0,1.0,0.0,200804,1000
reference_r4,LA-XI,200805,2,0.0009459999999999955,0.0,1.0,1.0,0.0,200804,1000
reference_r4,LA-XI,200806,3,0.92353,1.0,0.0,0.0,1.0,200804,1000
reference_r4,LA-XI,200807,1,0.5525890000000002,0.0,1.0,1.0,0.0,200807,1000
reference_r4,LA-XI,200808,2,0.44012799999999963,0.0,1.0,1.0,0.0,200807,1000
reference_r4,LA-XI,200809,3,0.4549870000000009,0.0,1.0,1.0,0.0,200807,1000
reference_r4,LA-XI,200810,1,0.013365000000000016,0.0,1.0,1.0,0.0,200810,1000
reference_r4,LA-XI,200811,2,0.0028699999999999976,0.0,1.0,1.0,0.0,200810,1000
reference_r4,LA-XI,200812,3,0.0010469999999999993,0.0,1.0,1.0,0.0,200810,1000
reference_r4,LA-XI,200901,1,0.00044600000000000195,0.0,1.0,1.0,0.0,200901,1000
reference_r4,LA-XI,200902,2,0.001793000000000003,0.0,1.0,1.0,0.0,200901,1000
reference_r4,LA-XI,200903,3,0.0013130000000000017,0.0,1.0,1.0,0.0,200901,1000
reference_r4,LA-XI,200904,1,0.0004039999999999981,0.0,1.0,1.0,0.0,200904,1000
reference_r4,LA-XI,200905,2,38.940788,39.0,0.0,0.0,39.0,200904,1000
reference_r4,LA-XI,200906,3,32.866156000000004,33.0,0.0,0.0,33.0,200904,1000
reference_r4,LA-XI,200907,1,0.7295090000000002,1.0,1.0,1.0,1.0,200907,1000
reference_r4,LA-XI,200908,2,6.627388,10.0,1.0,0.0,10.0,200907,1000
reference_r4,LA-XI,200909,3,0.5056580000000004,0.0,1.0,1.0,0.0,200907,1000
reference_r4,LA-XI,200910,1,1.116752,1.0,1.0,1.0,0.0,200910,1000
reference_r4,LA-XI,200911,2,0.33608000000000016,0.0,1.0,1.0,0.0,200910,1000
reference_r4,LA-XI,200912,3,0.19327099999999997,0.0,1.0,1.0,0.0,200910,1000
