model,location,time_period,horizon_distance,crps,abs_error,in_10_90,in_25_75,observed,split_first_period,n_samples
climatology,LA-AT,200801,1,4.0,4.0,0.0,0.0,4.0,200801,1000
climatology,LA-AT,200802,2,1.63,2.0,0.0,0.0,2.0,200801,1000
climatology,LA-AT,200803,3,0.0,0.0,1.0,1.0,0.0,200801,1000
climatology,LA-AT,200804,1,0.020000000000000018,0.0,1.0,1.0,0.0,200804,1000
climatology,LA-AT,200805,2,3.45,4.0,0.0,0.0,4.0,200804,1000
climatology,LA-AT,200806,3,8.86,10.0,0.0,0.0,10.0,200804,1000
climatology,LA-AT,200807,1,4.54,6.0,0.0,0.0,6.0,200807,1000
climatology,LA-AT,200808,2,9.469999999999999,11.0,0.0,0.0,11.0,200807,1000
climatology,LA-AT,200809,3,17.57,24.0,0.0,0.0,24.0,200807,1000
climatology,LA-AT,200810,1,38.95,47.0,0.0,0.0,47.0,200810,1000
climatology,LA-AT,200811,2,43.0,43.0,0.0,0.0,43.0,200810,1000
climatology,LA-AT,200812,3,22.28,23.0,0.0,0.0,23.0,200810,1000
climatology,LA-AT,200901,1,17.305124,18.0,0.0,0.0,18.0,200901,1000
climatology,LA-AT,200902,2,45.164529,46.0,0.0,0.0,46.0,200901,1000
climatology,LA-AT,200903,3,77.0,77.0,0.0,0.0,77.0,200901,1000
climatology,LA-AT,200904,1,98.652562,99.0,0.0,0.0,99.0,200904,1000
climatology,LA-AT,200905,2,0.12421499999999996,0.0,1.0,1.0,0.0,200904,1000
climatology,LA-AT,200906,3,21.319868,24.0,0.0,0.0,24.0,200904,1000
climatology,LA-AT,200907,1,61.750116,64.0,0.0,0.0,64.0,200907,1000
climatology,LA-AT,200908,2,17.823736,21.0,0.0,0.0,21.0,200907,1000
climatology,LA-AT,200909,3,10.060613,17.0,1.0,0.0,17.0,200907,1000
climatology,LA-AT,200910,1,4.830283999999999,4.0,1.0,0.0,4.0,200910,1000
climatology,LA-AT,200911,2,13.444083000000001,16.0,0.0,0.0,16.0,200910,1000
climatology,LA-AT,200912,3,4.502959,6.0,0.0,0.0,6.0,200910,1000
climatology,LA-BK,200801,1,0.81,1.0,0.0,0.0,1.0,200801,1000
climatology,LA-BK,200802,2,0.010000000000000009,0.0,1.0,1.0,0.0,200801,1000
climatology,LA-BK,200803,3,0.010000000000000009,0.0,1.0,1.0,0.0,200801,1000
climatology,LA-BK,200804,1,0.010000000000000009,0.0,1.0,1.0,0.0,200804,1000
climatology,LA-BK,200805,2,11.64,12.0,0.0,0.0,12.0,200804,1000
climatology,LA-BK,200806,3,52.17,53.0,0.0,0.0,53.0,200804,1000
climatology,LA-BK,200807,1,0.6600000000000001,1.5,1.0,1.0,2.0,200807,1000
climatology,LA-BK,200808,2,6.84,9.0,0.0,0.0,9.0,200807,1000
climatology,LA-BK,200809,3,29.34,33.0,0.0,0.0,33.0,200807,1000
climatology,LA-BK,200810,1,44.92,46.5,0.0,0.0,48.0,200810,1000
climatology,LA-BK,200811,2,55.0,55.0,0.0,0.0,55.0,200810,1000
climatology,LA-BK,200812,3,5.0,5.0,0.0,0.0,5.0,200810,1000
climatology,LA-BK,200901,1,0.6691239999999999,1.0,1.0,0.0,1.0,200901,1000
climatology,LA-BK,200902,2,0.008280999999999997,0.0,1.0,1.0,0.0,200901,1000
climatology,LA-BK,200903,3,0.826281,1.0,0.0,0.0,1.0,200901,1000
climatology,LA-BK,200904,1,2.826281,3.0,0.0,0.0,3.0,200904,1000
climatology,LA-BK,200905,2,71.61762,74.0,0.0,0.0,74.0,200904,1000
climatology,LA-BK,200906,3,206.10648,216.0,0.0,0.0,216.0,200904,1000
climatology,LA-BK,200907,1,209.63545499999998,211.0,0.0,0.0,212.0,200907,1000
climatology,LA-BK,200908,2,106.650017,110.0,0.0,0.0,110.0,200907,1000
climatology,LA-BK,200909,3,43.240066999999996,52.0,0.0,0.0,52.0,200907,1000
climatology,LA-BK,200910,1,23.210034,29.0,0.0,0.0,31.0,200910,1000
climatology,LA-BK,200911,2,4.5454550000000005,5.0,0.0,0.0,5.0,200910,1000
climatology,LA-BK,200912,3,3.313405,4.0,0.0,0.0,4.0,200910,1000
climatology,LA-BL,200801,1,5.6899999999999995,8.0,0.0,0.0,10.0,200801,1000
climatology,LA-BL,200802,2,2.88,5.0,1.0,0.0,7.0,200801,1000
climatology,LA-BL,200803,3,2.29,3.0,1.0,1.0,1.0,200801,1000
climatology,LA-BL,200804,1,2.8299999999999996,3.5,1.0,1.0,3.0,200804,1000
climatology,LA-BL,200805,2,9.2,6.5,1.0,1.0,15.0,200804,1000
climatology,LA-BL,200806,3,10.070000000000002,17.5,1.0,1.0,19.0,200804,1000
climatology,LA-BL,200807,1,27.62,48.5,1.0,0.0,31.0,200807,1000
climatology,LA-BL,200808,2,19.03,37.5,1.0,1.0,32.0,200807,1000
climatology,LA-BL,200809,3,25.370000000000005,48.0,1.0,0.0,30.0,200807,1000
climatology,LA-BL,200810,1,16.870000000000005,25.5,0.0,0.0,5.0,200810,1000
climatology,LA-BL,200811,2,6.290000000000001,8.5,1.0,1.0,12.0,200810,1000
climatology,LA-BL,200812,3,2.05,1.0,1.0,1.0,1.0,200810,1000
climatology,LA-BL,200901,1,0.7038849999999999,0.0,1.0,1.0,2.0,200901,1000
climatology,LA-BL,200902,2,0.9263810000000001,1.0,1.0,1.0,3.0,200901,1000
climatology,LA-BL,200903,3,2.5287120000000005,4.0,1.0,0.0,0.0,200901,1000
climatology,LA-BL,200904,1,2.7938859999999996,4.0,1.0,1.0,2.0,200904,1000
climatology,LA-BL,200905,2,17.157429000000004,16.0,0.0,0.0,0.0,200904,1000
climatology,LA-BL,200906,3,16.873330000000003,19.0,0.0,0.0,7.0,200904,1000
climatology,LA-BL,200907,1,20.996472,42.0,1.0,1.0,35.0,200907,1000
climatology,LA-BL,200908,2,33.260011999999996,58.0,0.0,0.0,9.0,200907,1000
climatology,LA-BL,200909,3,41.130528,75.0,0.0,0.0,0.0,200907,1000
climatology,LA-BL,200910,1,17.210586000000003,29.0,0.0,0.0,1.0,200910,1000
climatology,LA-BL,200911,2,11.201476,13.0,1.0,0.0,2.0,200910,1000
climatology,LA-BL,200912,3,1.6965139999999996,1.0,1.0,1.0,1.0,200910,1000
climatology,LA-CH,200801,1,47.5,65.0,0.0,0.0,73.0,200801,1000
climatology,LA-CH,200802,2,53.03999999999999,86.5,0.0,0.0,90.0,200801,1000
climatology,LA-CH,200803,3,50.58,77.0,0.0,0.0,92.0,200801,1000
climatology,LA-CH,200804,1,31.849999999999998,52.5,1.0,0.0,69.0,200804,1000
climatology,LA-CH,200805,2,38.959999999999994,54.0,1.0,0.0,113.0,200804,1000
climatology,LA-CH,200806,3,127.17000000000002,172.5,0.0,0.0,295.0,200804,1000
climatology,LA-CH,200807,1,41.25,39.0,1.0,1.0,162.0,200807,1000
climatology,LA-CH,200808,2,42.510000000000005,22.0,1.0,1.0,143.0,200807,1000
climatology,LA-CH,200809,3,49.599999999999994,73.0,1.0,1.0,185.0,200807,1000
climatology,LA-CH,200810,1,37.669999999999995,53.0,1.0,0.0,140.0,200810,1000
climatology,LA-CH,200811,2,41.07000000000001,67.0,0.0,0.0,102.0,200810,1000
climatology,LA-CH,200812,3,33.34,49.5,1.0,0.0,73.0,200810,1000
climatology,LA-CH,200901,1,10.890716999999999,19.0,1.0,1.0,31.0,200901,1000
climatology,LA-CH,200902,2,19.093116999999996,43.0,1.0,1.0,48.0,200901,1000
climatology,LA-CH,200903,3,21.428539999999998,42.0,1.0,0.0,60.0,200901,1000
climatology,LA-CH,200904,1,53.487149,79.0,0.0,0.0,102.0,200904,1000
climatology,LA-CH,200905,2,19.053490000000004,1.0,1.0,1.0,66.0,200904,1000
climatology,LA-CH,200906,3,30.695037999999997,10.0,1.0,1.0,124.0,200904,1000
climatology,LA-CH,200907,1,45.004213,72.0,1.0,1.0,122.0,200907,1000
climatology,LA-CH,200908,2,44.17307600000001,38.0,1.0,1.0,110.0,200907,1000
climatology,LA-CH,200909,3,32.110839000000006,33.0,1.0,1.0,105.0,200907,1000
climatology,LA-CH,200910,1,23.227603000000002,35.0,1.0,1.0,59.0,200910,1000
climatology,LA-CH,200911,2,12.418226999999998,3.0,1.0,1.0,35.0,200910,1000
climatology,LA-CH,200912,3,14.757385999999997,7.0,1.0,1.0,32.0,200910,1000
climatology,LA-HO,200801,1,0.010000000000000009,0.0,1.0,1.0,0.0,200801,1000
climatology,LA-HO,200802,2,0.010000000000000009,0.0,1.0,1.0,0.0,200801,1000
climatology,LA-HO,200803,3,0.010000000000000009,0.0,1.0,1.0,0.0,200801,1000
climatology,LA-HO,200804,1,0.010000000000000009,0.0,1.0,1.0,0.0,200804,1000
climatology,LA-HO,200805,2,0.0,0.0,1.0,1.0,0.0,200804,1000
climatology,LA-HO,200806,3,0.05999999999999994,0.0,1.0,1.0,0.0,200804,1000
climatology,LA-HO,200807,1,0.19999999999999996,0.0,1.0,1.0,0.0,200807,1000
climatology,LA-HO,200808,2,0.0,0.0,1.0,1.0,0.0,200807,1000
climatology,LA-HO,200809,3,0.6900000000000002,1.0,1.0,0.0,1.0,200807,1000
climatology,LA-HO,200810,1,0.020000000000000018,0.0,1.0,1.0,0.0,200810,1000
climatology,LA-HO,200811,2,0.0,0.0,1.0,1.0,0.0,200810,1000
climatology,LA-HO,200812,3,0.65,1.0,1.0,0.0,1.0,200810,1000
climatology,LA-HO,200901,1,0.008280999999999997,0.0,1.0,1.0,0.0,200901,1000
climatology,LA-HO,200902,2,0.008280999999999997,0.0,1.0,1.0,0.0,200901,1000
climatology,LA-HO,200903,3,0.008280999999999997,0.0,1.0,1.0,0.0,200901,1000
climatology,LA-HO,200904,1,0.008280999999999997,0.0,1.0,1.0,0.0,200904,1000
climatology,LA-HO,200905,2,0.0,0.0,1.0,1.0,0.0,200904,1000
climatology,LA-HO,200906,3,0.04968600000000006,0.0,1.0,1.0,0.0,200904,1000
climatology,LA-HO,200907,1,0.16562,0.0,1.0,1.0,0.0,200907,1000
climatology,LA-HO,200908,2,0.0,0.0,1.0,1.0,0.0,200907,1000
climatology,LA-HO,200909,3,0.5699339999999999,1.0,1.0,1.0,1.0,200907,1000
climatology,LA-HO,200910,1,0.834562,1.0,0.0,0.0,1.0,200910,1000
climatology,LA-HO,200911,2,1.0,1.0,0.0,0.0,1.0,200910,1000
climatology,LA-HO,200912,3,0.53681,1.0,1.0,1.0,1.0,200910,1000
climatology,LA-KH,200801,1,1.1499999999999995,0.0,1.0,1.0,0.0,200801,1000
climatology,LA-KH,200802,2,0.1499999999999999,0.0,1.0,1.0,0.0,200801,1000
climatology,LA-KH,200803,3,0.040000000000000036,0.0,1.0,1.0,0.0,200801,1000
climatology,LA-KH,200804,1,0.10999999999999999,0.0,1.0,1.0,0.0,200804,1000
climatology,LA-KH,200805,2,1.38,0.5,1.0,1.0,0.0,200804,1000
climatology,LA-KH,200806,3,8.940000000000001,6.0,1.0,1.0,1.0,200804,1000
climatology,LA-KH,200807,1,35.06999999999999,31.0,1.0,1.0,3.0,200807,1000
climatology,LA-KH,200808,2,37.92,43.0,1.0,0.0,0.0,200807,1000
climatology,LA-KH,200809,3,14.089999999999996,7.5,1.0,1.0,4.0,200807,1000
climatology,LA-KH,200810,1,5.470000000000001,5.0,1.0,1.0,1.0,200810,1000
climatology,LA-KH,200811,2,1.4299999999999997,2.5,1.0,1.0,3.0,200810,1000
climatology,LA-KH,200812,3,3.6900000000000004,4.0,1.0,0.0,4.0,200810,1000
climatology,LA-KH,200901,1,0.9523149999999996,0.0,1.0,1.0,0.0,200901,1000
climatology,LA-KH,200902,2,0.12421499999999996,0.0,1.0,1.0,0.0,200901,1000
climatology,LA-KH,200903,3,5.305124,6.0,0.0,0.0,6.0,200901,1000
climatology,LA-KH,200904,1,0.09109100000000003,0.0,1.0,1.0,0.0,200904,1000
climatology,LA-KH,200905,2,4.0487779999999995,6.0,1.0,0.0,6.0,200904,1000
climatology,LA-KH,200906,3,46.36775900000001,74.0,1.0,0.0,80.0,200904,1000
climatology,LA-KH,200907,1,68.223464,127.0,1.0,1.0,155.0,200907,1000
climatology,LA-KH,200908,2,171.36027,263.0,0.0,0.0,303.0,200907,1000
climatology,LA-KH,200909,3,187.12138299999998,267.0,0.0,0.0,277.0,200907,1000
climatology,LA-KH,200910,1,57.593343000000004,80.0,0.0,0.0,85.0,200910,1000
climatology,LA-KH,200911,2,54.814001,60.0,0.0,0.0,61.0,200910,1000
climatology,LA-KH,200912,3,52.764233,67.0,0.0,0.0,67.0,200910,1000
climatology,LA-LM,200801,1,0.0,0.0,1.0,1.0,0.0,200801,1000
climatology,LA-LM,200802,2,0.0,0.0,1.0,1.0,0.0,200801,1000
climatology,LA-LM,200803,3,0.04999999999999999,0.0,1.0,1.0,0.0,200801,1000
climatology,LA-LM,200804,1,0.010000000000000009,0.0,1.0,1.0,0.0,200804,1000
climatology,LA-LM,200805,2,0.0,0.0,1.0,1.0,0.0,200804,1000
climatology,LA-LM,200806,3,0.0,0.0,1.0,1.0,0.0,200804,1000
climatology,LA-LM,200807,1,0.04999999999999999,0.0,1.0,1.0,0.0,200807,1000
climatology,LA-LM,200808,2,0.02999999999999997,0.0,1.0,1.0,0.0,200807,1000
climatology,LA-LM,200809,3,0.0,0.0,1.0,1.0,0.0,200807,1000
climatology,LA-LM,200810,1,0.09000000000000002,0.0,1.0,1.0,0.0,200810,1000
climatology,LA-LM,200811,2,0.020000000000000018,0.0,1.0,1.0,0.0,200810,1000
climatology,LA-LM,200812,3,0.0,0.0,1.0,1.0,0.0,200810,1000
climatology,LA-LM,200901,1,0.0,0.0,1.0,1.0,0.0,200901,1000
climatology,LA-LM,200902,2,0.0,0.0,1.0,1.0,0.0,200901,1000
climatology,LA-LM,200903,3,0.041405000000000025,0.0,1.0,1.0,0.0,200901,1000
climatology,LA-LM,200904,1,0.826281,1.0,0.0,0.0,1.0,200904,1000
climatology,LA-LM,200905,2,0.0,0.0,1.0,1.0,0.0,200904,1000
climatology,LA-LM,200906,3,2.0,2.0,0.0,0.0,2.0,200904,1000
climatology,LA-LM,200907,1,0.677405,1.0,1.0,0.0,1.0,200907,1000
climatology,LA-LM,200908,2,0.02484300000000003,0.0,1.0,1.0,0.0,200907,1000
climatology,LA-LM,200909,3,4.0,4.0,0.0,0.0,4.0,200907,1000
climatology,LA-LM,200910,1,4.164529,5.0,0.0,0.0,5.0,200910,1000
climatology,LA-LM,200911,2,5.652562,6.0,0.0,0.0,6.0,200910,1000
climatology,LA-LM,200912,3,4.0,4.0,0.0,0.0,4.0,200910,1000
climatology,LA-LP,200801,1,0.19999999999999996,0.0,1.0,1.0,0.0,200801,1000
climatology,LA-LP,200802,2,13.92,16.0,0.0,0.0,16.0,200801,1000
climatology,LA-LP,200803,3,20.810000000000002,22.0,0.0,0.0,22.0,200801,1000
climatology,LA-LP,200804,1,31.229999999999997,32.5,0.0,0.0,33.0,200804,1000
climatology,LA-LP,200805,2,107.3,113.0,0.0,0.0,116.0,200804,1000
climatology,LA-LP,200806,3,132.97,153.0,0.0,0.0,160.0,200804,1000
climatology,LA-LP,200807,1,10.659999999999998,13.5,1.0,0.0,16.0,200807,1000
climatology,LA-LP,200808,2,12.43,17.0,1.0,1.0,13.0,200807,1000
climatology,LA-LP,200809,3,10.5,12.5,1.0,1.0,14.0,200807,1000
climatology,LA-LP,200810,1,9.549999999999999,15.0,1.0,0.0,33.0,200810,1000
climatology,LA-LP,200811,2,103.0,107.0,0.0,0.0,116.0,200810,1000
climatology,LA-LP,200812,3,126.82,158.5,0.0,0.0,161.0,200810,1000
climatology,LA-LP,200901,1,0.16562000000000004,0.0,1.0,1.0,0.0,200901,1000
climatology,LA-LP,200902,2,0.5962320000000001,0.0,1.0,1.0,0.0,200901,1000
climatology,LA-LP,200903,3,0.4720169999999997,0.0,1.0,1.0,0.0,200901,1000
climatology,LA-LP,200904,1,0.8104469999999999,1.0,1.0,1.0,0.0,200904,1000
climatology,LA-LP,200905,2,3.589589,3.0,1.0,0.0,0.0,200904,1000
climatology,LA-LP,200906,3,5.813261999999998,0.0,1.0,1.0,9.0,200904,1000
climatology,LA-LP,200907,1,4.452995999999999,2.0,1.0,1.0,30.0,200907,1000
climatology,LA-LP,200908,2,8.377825999999999,2.0,1.0,1.0,32.0,200907,1000
climatology,LA-LP,200909,3,238.358321,292.0,0.0,0.0,313.0,200907,1000
climatology,LA-LP,200910,1,126.23871400000002,147.0,0.0,0.0,165.0,200910,1000
climatology,LA-LP,200911,2,61.383126999999995,78.0,0.0,0.0,87.0,200910,1000
climatology,LA-LP,200912,3,7.821726000000002,3.0,1.0,1.0,0.0,200910,1000
climatology,LA-OU,200801,1,0.0,0.0,1.0,1.0,0.0,200801,1000
climatology,LA-OU,200802,2,0.0,0.0,1.0,1.0,0.0,200801,1000
climatology,LA-OU,200803,3,0.0,0.0,1.0,1.0,0.0,200801,1000
climatology,LA-OU,200804,1,0.0,0.0,1.0,1.0,0.0,200804,1000
climatology,LA-OU,200805,2,0.010000000000000009,0.0,1.0,1.0,0.0,200804,1000
climatology,LA-OU,200806,3,0.010000000000000009,0.0,1.0,1.0,0.0,200804,1000
climatology,LA-OU,200807,1,0.04000000000000001,0.0,1.0,1.0,0.0,200807,1000
climatology,LA-OU,200808,2,0.12,0.0,1.0,1.0,0.0,200807,1000
climatology,LA-OU,200809,3,0.04000000000000001,0.0,1.0,1.0,0.0,200807,1000
climatology,LA-OU,200810,1,0.07999999999999996,0.0,1.0,1.0,0.0,200810,1000
climatology,LA-OU,200811,2,0.010000000000000009,0.0,1.0,1.0,0.0,200810,1000
climatology,LA-OU,200812,3,0.0,0.0,1.0,1.0,0.0,200810,1000
climatology,LA-OU,200901,1,0.0,0.0,1.0,1.0,0.0,200901,1000
climatology,LA-OU,200902,2,0.0,0.0,1.0,1.0,0.0,200901,1000
climatology,LA-OU,200903,3,0.0,0.0,1.0,1.0,0.0,200901,1000
climatology,LA-OU,200904,1,0.0,0.0,1.0,1.0,0.0,200904,1000
climatology,LA-OU,200905,2,0.008280999999999997,0.0,1.0,1.0,0.0,200904,1000
climatology,LA-OU,200906,3,0.008280999999999997,0.0,1.0,1.0,0.0,200904,1000
climatology,LA-OU,200907,1,0.03312399999999999,0.0,1.0,1.0,0.0,200907,1000
climatology,LA-OU,200908,2,0.7353719999999999,1.0,1.0,0.0,1.0,200907,1000
climatology,LA-OU,200909,3,14.669124,15.0,0.0,0.0,15.0,200907,1000
climatology,LA-OU,200910,1,4.974247999999999,6.0,0.0,0.0,6.0,200910,1000
climatology,LA-OU,200911,2,12.826281,13.0,0.0,0.0,13.0,200910,1000
climatology,LA-OU,200912,3,18.0,18.0,0.0,0.0,18.0,200910,1000
climatology,LA-PH,200901,1,0.0,0.0,1.0,1.0,0.0,200901,1000
climatology,LA-PH,200902,2,0.0,0.0,1.0,1.0,0.0,200901,1000
climatology,LA-PH,200903,3,0.0,0.0,1.0,1.0,0.0,200901,1000
climatology,LA-PH,200904,1,0.0,0.0,1.0,1.0,0.0,200904,1000
climatology,LA-PH,200905,2,0.0,0.0,1.0,1.0,0.0,200904,1000
climatology,LA-PH,200906,3,0.0,0.0,1.0,1.0,0.0,200904,1000
climatology,LA-PH,200907,1,0.0,0.0,1.0,1.0,0.0,200907,1000
climatology,LA-PH,200909,3,0.040000000000000036,0.0,1.0,1.0,0.0,200907,1000
climatology,LA-PH,200910,1,0.0,0.0,1.0,1.0,0.0,200910,1000
climatology,LA-PH,200911,2,0.0,0.0,1.0,1.0,0.0,200910,1000
climatology,LA-PH,200912,3,0.0,0.0,1.0,1.0,0.0,200910,1000
climatology,LA-SL,200801,1,0.10999999999999999,0.0,1.0,1.0,0.0,200801,1000
climatology,LA-SL,200802,2,1.0,1.0,0.0,0.0,1.0,200801,1000
climatology,LA-SL,200803,3,4.62,5.0,0.0,0.0,5.0,200801,1000
climatology,LA-SL,200804,1,2.0,2.0,0.0,0.0,2.0,200804,1000
climatology,LA-SL,200805,2,82.75,105.0,0.0,0.0,105.0,200804,1000
climatology,LA-SL,200806,3,206.97,226.0,0.0,0.0,226.0,200804,1000
climatology,LA-SL,200807,1,75.25,77.0,0.0,0.0,78.0,200807,1000
climatology,LA-SL,200808,2,52.45,62.0,0.0,0.0,63.0,200807,1000
climatology,LA-SL,200809,3,76.05,85.0,0.0,0.0,85.0,200807,1000
climatology,LA-SL,200810,1,89.54,91.0,0.0,0.0,91.0,200810,1000
climatology,LA-SL,200811,2,19.16,21.0,0.0,0.0,21.0,200810,1000
climatology,LA-SL,200812,3,5.69,8.0,0.0,0.0,8.0,200810,1000
climatology,LA-SL,200901,1,0.545091,1.0,1.0,1.0,1.0,200901,1000
climatology,LA-SL,200902,2,23.826280999999998,24.0,0.0,0.0,24.0,200901,1000
climatology,LA-SL,200903,3,23.817090999999998,25.0,0.0,0.0,25.0,200901,1000
climatology,LA-SL,200904,1,18.652562,19.0,0.0,0.0,19.0,200904,1000
climatology,LA-SL,200905,2,83.899938,122.0,0.0,0.0,122.0,200904,1000
climatology,LA-SL,200906,3,30.133145000000003,42.0,1.0,0.0,42.0,200904,1000
climatology,LA-SL,200907,1,148.17646399999998,163.0,0.0,0.0,164.0,200907,1000
climatology,LA-SL,200908,2,107.331804,125.0,0.0,0.0,127.0,200907,1000
climatology,LA-SL,200909,3,68.83130799999999,91.0,0.0,0.0,91.0,200907,1000
climatology,LA-SL,200910,1,76.984001,94.0,0.0,0.0,94.0,200910,1000
climatology,LA-SL,200911,2,38.830017000000005,44.0,0.0,0.0,44.0,200910,1000
climatology,LA-SL,200912,3,13.699703,17.0,0.0,0.0,17.0,200910,1000
climatology,LA-SV,200801,1,1.7800000000000002,0.5,1.0,1.0,1.0,200801,1000
climatology,LA-SV,200802,2,0.6200000000000001,0.5,1.0,1.0,1.0,200801,1000
climatology,LA-SV,200803,3,1.42,1.0,1.0,1.0,1.0,200801,1000
climatology,LA-SV,200804,1,6.08,7.0,0.0,0.0,0.0,200804,1000
climatology,LA-SV,200805,2,27.53,36.0,0.0,0.0,1.0,200804,1000
climatology,LA-SV,200806,3,67.57,70.5,1.0,0.0,10.0,200804,1000
climatology,LA-SV,200807,1,150.21999999999997,218.0,1.0,0.0,11.0,200807,1000
climatology,LA-SV,200808,2,140.25,205.0,1.0,0.0,4.0,200807,1000
climatology,LA-SV,200809,3,115.49,178.0,0.0,0.0,2.0,200807,1000
climatology,LA-SV,200810,1,53.19,81.0,1.0,0.0,10.0,200810,1000
climatology,LA-SV,200811,2,12.810000000000002,14.0,1.0,1.0,2.0,200810,1000
climatology,LA-SV,200812,3,8.030000000000001,4.5,1.0,1.0,0.0,200810,1000
climatology,LA-SV,200901,1,1.7460180000000003,1.0,1.0,1.0,0.0,200901,1000
climatology,LA-SV,200902,2,0.6034219999999999,1.0,1.0,1.0,0.0,200901,1000
climatology,LA-SV,200903,3,1.0848110000000002,0.0,1.0,1.0,0.0,200901,1000
climatology,LA-SV,200904,1,5.027028,6.0,1.0,0.0,0.0,200904,1000
climatology,LA-SV,200905,2,23.760858999999996,31.0,0.0,0.0,0.0,200904,1000
climatology,LA-SV,200906,3,63.428528,72.0,0.0,0.0,1.0,200904,1000
climatology,LA-SV,200907,1,123.24315000000001,212.0,1.0,1.0,13.0,200907,1000
climatology,LA-SV,200908,2,102.30625,137.0,1.0,1.0,34.0,200907,1000
climatology,LA-SV,200909,3,77.799763,132.0,1.0,1.0,48.0,200907,1000
climatology,LA-SV,200910,1,41.95170999999999,73.0,1.0,1.0,16.0,200910,1000
climatology,LA-SV,200911,2,12.497231,19.0,1.0,1.0,33.0,200910,1000
climatology,LA-SV,200912,3,6.103097000000002,0.0,1.0,1.0,4.0,200910,1000
climatology,LA-VT,200801,1,10.870000000000001,11.0,1.0,1.0,29.0,200801,1000
climatology,LA-VT,200802,2,9.379999999999999,14.5,0.0,0.0,12.0,200801,1000
climatology,LA-VT,200803,3,4.52,2.5,1.0,1.0,26.0,200801,1000
climatology,LA-VT,200804,1,36.69,50.0,0.0,0.0,4.0,200804,1000
climatology,LA-VT,200805,2,62.269999999999996,92.0,0.0,0.0,17.0,200804,1000
climatology,LA-VT,200806,3,83.00999999999999,93.0,0.0,0.0,60.0,200804,1000
climatology,LA-VT,200807,1,191.24999999999997,247.0,0.0,0.0,132.0,200807,1000
climatology,LA-VT,200808,2,165.85999999999999,220.0,0.0,0.0,144.0,200807,1000
climatology,LA-VT,200809,3,113.29999999999998,176.5,1.0,0.0,158.0,200807,1000
climatology,LA-VT,200810,1,129.48000000000002,243.5,0.0,0.0,95.0,200810,1000
climatology,LA-VT,200811,2,36.84,40.5,1.0,1.0,129.0,200810,1000
climatology,LA-VT,200812,3,17.979999999999997,8.0,1.0,1.0,91.0,200810,1000
climatology,LA-VT,200901,1,7.815081999999997,2.0,1.0,1.0,38.0,200901,1000
climatology,LA-VT,200902,2,3.934482,6.0,1.0,1.0,20.0,200901,1000
climatology,LA-VT,200903,3,7.282829999999999,9.0,1.0,0.0,19.0,200901,1000
climatology,LA-VT,200904,1,9.680054000000002,20.0,1.0,1.0,33.0,200904,1000
climatology,LA-VT,200905,2,27.720475,55.0,1.0,1.0,54.0,200904,1000
climatology,LA-VT,200906,3,38.075081999999995,45.0,1.0,0.0,104.0,200904,1000
climatology,LA-VT,200907,1,86.36204900000001,46.0,1.0,1.0,302.0,200907,1000
climatology,LA-VT,200908,2,101.89189400000001,104.0,1.0,1.0,356.0,200907,1000
climatology,LA-VT,200909,3,112.384425,153.0,1.0,1.0,470.0,200907,1000
climatology,LA-VT,200910,1,145.485435,277.0,0.0,0.0,527.0,200910,1000
climatology,LA-VT,200911,2,297.66520299999996,381.0,0.0,0.0,521.0,200910,1000
climatology,LA-VT,200912,3,224.551238,275.0,0.0,0.0,366.0,200910,1000
climatology,LA-XA,200801,1,0.17000000000000004,0.0,1.0,1.0,0.0,200801,1000
climatology,LA-XA,200802,2,0.9500000000000002,0.0,1.0,1.0,0.0,200801,1000
climatology,LA-XA,200803,3,0.7399999999999998,0.5,1.0,1.0,0.0,200801,1000
climatology,LA-XA,200804,1,3.460000000000001,2.5,0.0,0.0,0.0,200804,1000
climatology,LA-XA,200805,2,5.659999999999997,0.5,1.0,1.0,2.0,200804,1000
climatology,LA-XA,200806,3,14.030000000000001,1.5,1.0,1.0,6.0,200804,1000
climatology,LA-XA,200807,1,24.69,49.0,1.0,1.0,19.0,200807,1000
climatology,LA-XA,200808,2,9.729999999999997,8.0,1.0,1.0,7.0,200807,1000
climatology,LA-XA,200809,3,4.75,2.0,1.0,0.0,1.0,200807,1000
climatology,LA-XA,200810,1,1.5699999999999994,1.0,1.0,1.0,3.0,200810,1000
climatology,LA-XA,200811,2,1.83,1.5,1.0,0.0,2.0,200810,1000
climatology,LA-XA,200812,3,1.9600000000000009,1.0,1.0,1.0,1.0,200810,1000
climatology,LA-XA,200901,1,0.14077699999999993,0.0,1.0,1.0,0.0,200901,1000
climatology,LA-XA,200902,2,0.7866949999999999,0.0,1.0,1.0,0.0,200901,1000
climatology,LA-XA,200903,3,0.6127940000000001,0.0,1.0,1.0,0.0,200901,1000
climatology,LA-XA,200904,1,2.8624980000000004,2.0,1.0,0.0,0.0,200904,1000
climatology,LA-XA,200905,2,4.777046000000006,1.0,1.0,1.0,1.0,200904,1000
climatology,LA-XA,200906,3,13.430243,8.0,1.0,1.0,14.0,200904,1000
climatology,LA-XA,200907,1,22.570512,55.0,1.0,1.0,11.0,200907,1000
climatology,LA-XA,200908,2,13.305413000000001,30.0,1.0,1.0,37.0,200907,1000
climatology,LA-XA,200909,3,6.654747,8.0,1.0,1.0,11.0,200907,1000
climatology,LA-XA,200910,1,2.0250260000000004,3.0,1.0,1.0,5.0,200910,1000
climatology,LA-XA,200911,2,3.4219680000000006,4.0,1.0,0.0,5.0,200910,1000
climatology,LA-XA,200912,3,1.5319850000000006,0.0,1.0,1.0,0.0,200910,1000
climatology,LA-XE,200801,1,0.09,0.0,1.0,1.0,0.0,200801,1000
climatology,LA-XE,200802,2,0.12,0.0,1.0,1.0,0.0,200801,1000
climatology,LA-XE,200803,3,0.0,0.0,1.0,1.0,0.0,200801,1000
climatology,LA-XE,200804,1,0.024641999999999997,0.0,1.0,1.0,0.0,200804,1000
climatology,LA-XE,200805,2,0.08000000000000002,0.0,1.0,1.0,0.0,200804,1000
climatology,LA-XE,200806,3,3.15,4.5,0.0,0.0,5.0,200804,1000
climatology,LA-XE,200807,1,0.40000000000000013,0.0,1.0,1.0,0.0,200807,1000
climatology,LA-XE,200808,2,0.18999999999999995,0.0,1.0,1.0,0.0,200807,1000
climatology,LA-XE,200809,3,0.6699999999999999,1.0,1.0,1.0,1.0,200807,1000
climatology,LA-XE,200810,1,0.5599999999999998,0.5,1.0,1.0,0.0,200810,1000
climatology,LA-XE,200811,2,0.024641999999999997,0.0,1.0,1.0,0.0,200810,1000
climatology,LA-XE,200812,3,0.790321,1.0,1.0,0.0,1.0,200810,1000
climatology,LA-XE,200901,1,0.07452900000000001,0.0,1.0,1.0,0.0,200901,1000
climatology,LA-XE,200902,2,1.371372,2.0,1.0,0.0,2.0,200901,1000
climatology,LA-XE,200903,3,2.0,2.0,0.0,0.0,2.0,200901,1000
climatology,LA-XE,200904,1,0.8200000000000001,1.0,0.0,0.0,1.0,200904,1000
climatology,LA-XE,200905,2,1.3382479999999999,2.0,1.0,0.0,2.0,200904,1000
climatology,LA-XE,200906,3,6.6023309999999995,8.0,0.0,0.0,9.0,200904,1000
climatology,LA-XE,200907,1,26.419240000000002,29.0,0.0,0.0,29.0,200907,1000
climatology,LA-XE,200908,2,25.883339,27.0,0.0,0.0,27.0,200907,1000
climatology,LA-XE,200909,3,4.097554,6.0,0.0,0.0,6.0,200907,1000
climatology,LA-XE,200910,1,4.551736,7.0,0.0,0.0,7.0,200910,1000
climatology,LA-XE,200911,2,2.6199999999999997,3.0,0.0,0.0,3.0,200910,1000
climatology,LA-XE,200912,3,6.64,7.0,0.0,0.0,7.0,200910,1000
climatology,LA-XI,200801,1,0.0,0.0,1.0,1.0,0.0,200801,1000
climatology,LA-XI,200802,2,0.0,0.0,1.0,1.0,0.0,200801,1000
climatology,LA-XI,200803,3,0.0,0.0,1.0,1.0,0.0,200801,1000
climatology,LA-XI,200804,1,0.0,0.0,1.0,1.0,0.0,200804,1000
climatology,LA-XI,200805,2,0.0,0.0,1.0,1.0,0.0,200804,1000
climatology,LA-XI,200806,3,1.0,1.0,0.0,0.0,1.0,200804,1000
climatology,LA-XI,200807,1,0.0,0.0,1.0,1.0,0.0,200807,1000
climatology,LA-XI,200808,2,0.020000000000000018,0.0,1.0,1.0,0.0,200807,1000
climatology,LA-XI,200809,3,0.010000000000000009,0.0,1.0,1.0,0.0,200807,1000
climatology,LA-XI,200810,1,0.0,0.0,1.0,1.0,0.0,200810,1000
climatology,LA-XI,200811,2,0.010000000000000009,0.0,1.0,1.0,0.0,200810,1000
climatology,LA-XI,200812,3,0.0,0.0,1.0,1.0,0.0,200810,1000
climatology,LA-XI,200901,1,0.0,0.0,1.0,1.0,0.0,200901,1000
climatology,LA-XI,200902,2,0.0,0.0,1.0,1.0,0.0,200901,1000
climatology,LA-XI,200903,3,0.0,0.0,1.0,1.0,0.0,200901,1000
climatology,LA-XI,200904,1,0.0,0.0,1.0,1.0,0.0,200904,1000
climatology,LA-XI,200905,2,39.0,39.0,0.0,0.0,39.0,200904,1000
climatology,LA-XI,200906,3,32.826281,33.0,0.0,0.0,33.0,200904,1000
climatology,LA-XI,200907,1,1.0,1.0,0.0,0.0,1.0,200907,1000
climatology,LA-XI,200908,2,9.652562,10.0,0.0,0.0,10.0,200907,1000
climatology,LA-XI,200909,3,0.008280999999999997,0.0,1.0,1.0,0.0,200907,1000
climatology,LA-XI,200910,1,0.0,0.0,1.0,1.0,0.0,200910,1000
climatology,LA-XI,200911,2,0.008280999999999997,0.0,1.0,1.0,0.0,200910,1000
climatology,LA-XI,200912,3,0.0,0.0,1.0,1.0,0.0,200910,1000
ensemble,LA-AT,200801,1,3.225517,4.0,0.0,0.0,4.0,200801,1000
ensemble,LA-AT,200802,2,1.4862729999999997,2.0,1.0,0.0,2.0,200801,1000
ensemble,LA-AT,200803,3,0.06605399999999984,0.0,1.0,1.0,0.0,200801,1000
ensemble,LA-AT,200804,1,0.08219600000000016,0.0,1.0,1.0,0.0,200804,1000
ensemble,LA-AT,200805,2,3.0460139999999996,4.0,0.0,0.0,4.0,200804,1000
ensemble,LA-AT,200806,3,7.969327,10.0,0.0,0.0,10.0,200804,1000
ensemble,LA-AT,200807,1,2.5767469999999992,6.0,1.0,1.0,6.0,200807,1000
ensemble,LA-AT,200808,2,5.203348999999999,10.0,0.0,0.0,11.0,200807,1000
ensemble,LA-AT,200809,3,15.670126,23.0,0.0,0.0,24.0,200807,1000
ensemble,LA-AT,200810,1,32.592971,47.0,0.0,0.0,47.0,200810,1000
ensemble,LA-AT,200811,2,31.437155999999998,43.0,0.0,0.0,43.0,200810,1000
ensemble,LA-AT,200812,3,12.152605000000001,23.0,1.0,0.0,23.0,200810,1000
ensemble,LA-AT,200901,1,9.583275,18.0,1.0,1.0,18.0,200901,1000
ensemble,LA-AT,200902,2,35.121239,46.0,0.0,0.0,46.0,200901,1000
ensemble,LA-AT,200903,3,65.915879,77.0,0.0,0.0,77.0,200901,1000
ensemble,LA-AT,200904,1,64.181376,99.0,0.0,0.0,99.0,200904,1000
ensemble,LA-AT,200905,2,5.1229939999999985,0.0,1.0,1.0,0.0,200904,1000
ensemble,LA-AT,200906,3,14.232556999999998,23.0,1.0,1.0,24.0,200904,1000
ensemble,LA-AT,200907,1,50.721221,63.0,0.0,0.0,64.0,200907,1000
ensemble,LA-AT,200908,2,9.839303000000001,20.0,1.0,1.0,21.0,200907,1000
ensemble,LA-AT,200909,3,6.626277,15.5,1.0,1.0,17.0,200907,1000
ensemble,LA-AT,200910,1,3.0243160000000007,2.0,1.0,1.0,4.0,200910,1000
ensemble,LA-AT,200911,2,6.964463,16.0,1.0,1.0,16.0,200910,1000
ensemble,LA-AT,200912,3,3.3179760000000007,6.0,1.0,1.0,6.0,200910,1000
ensemble,LA-BK,200801,1,0.670793,1.0,1.0,0.0,1.0,200801,1000
ensemble,LA-BK,200802,2,0.05986999999999998,0.0,1.0,1.0,0.0,200801,1000
ensemble,LA-BK,200803,3,0.06587900000000002,0.0,1.0,1.0,0.0,200801,1000
ensemble,LA-BK,200804,1,0.07131700000000007,0.0,1.0,1.0,0.0,200804,1000
ensemble,LA-BK,200805,2,10.739969,12.0,0.0,0.0,12.0,200804,1000
ensemble,LA-BK,200806,3,51.257669,53.0,0.0,0.0,53.0,200804,1000
ensemble,LA-BK,200807,1,4.018262,1.0,1.0,1.0,2.0,200807,1000
ensemble,LA-BK,200808,2,6.234849999999998,8.0,1.0,1.0,9.0,200807,1000
ensemble,LA-BK,200809,3,16.724338,32.0,1.0,1.0,33.0,200807,1000
ensemble,LA-BK,200810,1,31.340422999999998,46.0,0.0,0.0,48.0,200810,1000
ensemble,LA-BK,200811,2,39.657118,55.0,0.0,0.0,55.0,200810,1000
ensemble,LA-BK,200812,3,4.118231,5.0,1.0,1.0,5.0,200810,1000
ensemble,LA-BK,200901,1,0.7112879999999999,1.0,1.0,1.0,1.0,200901,1000
ensemble,LA-BK,200902,2,0.5451110000000001,0.0,1.0,1.0,0.0,200901,1000
ensemble,LA-BK,200903,3,0.6927669999999999,1.0,1.0,1.0,1.0,200901,1000
ensemble,LA-BK,200904,1,2.017163,3.0,0.0,0.0,3.0,200904,1000
ensemble,LA-BK,200905,2,71.499601,74.0,0.0,0.0,74.0,200904,1000
ensemble,LA-BK,200906,3,207.017442,215.0,0.0,0.0,216.0,200904,1000
ensemble,LA-BK,200907,1,117.466376,210.0,1.0,0.0,212.0,200907,1000
ensemble,LA-BK,200908,2,65.501644,109.0,1.0,0.0,110.0,200907,1000
ensemble,LA-BK,200909,3,34.409786,50.0,1.0,1.0,52.0,200907,1000
ensemble,LA-BK,200910,1,14.878435999999999,29.0,1.0,1.0,31.0,200910,1000
ensemble,LA-BK,200911,2,6.172892000000001,5.0,1.0,1.0,5.0,200910,1000
ensemble,LA-BK,200912,3,4.725213999999999,4.0,1.0,1.0,4.0,200910,1000
ensemble,LA-BL,200801,1,4.766840999999999,8.0,1.0,0.0,10.0,200801,1000
ensemble,LA-BL,200802,2,2.98095,5.0,1.0,1.0,7.0,200801,1000
ensemble,LA-BL,200803,3,2.0064390000000003,2.0,1.0,1.0,1.0,200801,1000
ensemble,LA-BL,200804,1,2.321699999999999,1.0,1.0,1.0,3.0,200804,1000
ensemble,LA-BL,200805,2,6.098741999999998,6.0,1.0,1.0,15.0,200804,1000
ensemble,LA-BL,200806,3,7.949878000000002,1.0,1.0,1.0,19.0,200804,1000
ensemble,LA-BL,200807,1,10.944999,3.0,1.0,1.0,31.0,200807,1000
ensemble,LA-BL,200808,2,12.416137999999997,1.0,1.0,1.0,32.0,200807,1000
ensemble,LA-BL,200809,3,12.144116000000004,0.0,1.0,1.0,30.0,200807,1000
ensemble,LA-BL,200810,1,11.575130000000001,18.0,1.0,0.0,5.0,200810,1000
ensemble,LA-BL,200811,2,6.425819000000002,5.0,1.0,1.0,12.0,200810,1000
ensemble,LA-BL,200812,3,4.550018999999999,5.0,1.0,1.0,1.0,200810,1000
ensemble,LA-BL,200901,1,1.274158,0.0,1.0,1.0,2.0,200901,1000
ensemble,LA-BL,200902,2,1.4589320000000008,1.0,1.0,1.0,3.0,200901,1000
ensemble,LA-BL,200903,3,2.055922,2.0,1.0,1.0,0.0,200901,1000
ensemble,LA-BL,200904,1,2.116777999999999,1.0,1.0,1.0,2.0,200904,1000
ensemble,LA-BL,200905,2,7.483889000000001,9.0,1.0,0.0,0.0,200904,1000
ensemble,LA-BL,200906,3,8.556324,11.0,1.0,1.0,7.0,200904,1000
ensemble,LA-BL,200907,1,12.007196000000004,7.0,1.0,1.0,35.0,200907,1000
ensemble,LA-BL,200908,2,13.359362999999998,14.0,1.0,1.0,9.0,200907,1000
ensemble,LA-BL,200909,3,17.339071000000004,26.0,1.0,0.0,0.0,200907,1000
ensemble,LA-BL,200910,1,6.543002999999999,6.0,1.0,1.0,1.0,200910,1000
ensemble,LA-BL,200911,2,6.177269000000001,9.0,1.0,1.0,2.0,200910,1000
ensemble,LA-BL,200912,3,2.5144090000000006,1.0,1.0,1.0,1.0,200910,1000
ensemble,LA-CH,200801,1,31.684247000000003,61.0,1.0,0.0,73.0,200801,1000
ensemble,LA-CH,200802,2,45.296626,82.5,1.0,0.0,90.0,200801,1000
ensemble,LA-CH,200803,3,44.861433999999996,80.0,1.0,0.0,92.0,200801,1000
ensemble,LA-CH,200804,1,26.054474,50.0,1.0,1.0,69.0,200804,1000
ensemble,LA-CH,200805,2,38.338722000000004,60.0,1.0,0.0,113.0,200804,1000
ensemble,LA-CH,200806,3,133.960889,209.0,1.0,0.0,295.0,200804,1000
ensemble,LA-CH,200807,1,49.967195000000004,32.0,1.0,1.0,162.0,200807,1000
ensemble,LA-CH,200808,2,51.757486,5.0,1.0,1.0,143.0,200807,1000
ensemble,LA-CH,200809,3,54.53981200000001,47.0,1.0,1.0,185.0,200807,1000
ensemble,LA-CH,200810,1,36.80582899999999,46.0,1.0,1.0,140.0,200810,1000
ensemble,LA-CH,200811,2,35.70313,64.0,1.0,1.0,102.0,200810,1000
ensemble,LA-CH,200812,3,32.71563499999999,48.0,1.0,1.0,73.0,200810,1000
ensemble,LA-CH,200901,1,12.232305000000004,19.0,1.0,1.0,31.0,200901,1000
ensemble,LA-CH,200902,2,18.993280999999996,40.0,1.0,1.0,48.0,200901,1000
ensemble,LA-CH,200903,3,22.605439000000004,47.0,1.0,1.0,60.0,200901,1000
ensemble,LA-CH,200904,1,48.005702,79.0,0.0,0.0,102.0,200904,1000
ensemble,LA-CH,200905,2,20.630527999999998,17.0,1.0,1.0,66.0,200904,1000
ensemble,LA-CH,200906,3,41.171305000000004,64.0,1.0,1.0,124.0,200904,1000
ensemble,LA-CH,200907,1,33.369078,4.5,1.0,1.0,122.0,200907,1000
ensemble,LA-CH,200908,2,34.073954999999984,9.0,1.0,1.0,110.0,200907,1000
ensemble,LA-CH,200909,3,31.930408999999997,13.0,1.0,1.0,105.0,200907,1000
ensemble,LA-CH,200910,1,23.311681000000007,21.5,1.0,1.0,59.0,200910,1000
ensemble,LA-CH,200911,2,17.748786999999993,3.0,1.0,1.0,35.0,200910,1000
ensemble,LA-CH,200912,3,17.944096000000002,7.0,1.0,1.0,32.0,200910,1000
ensemble,LA-HO,200801,1,0.14944100000000005,0.0,1.0,1.0,0.0,200801,1000
ensemble,LA-HO,200802,2,0.14463700000000002,0.0,1.0,1.0,0.0,200801,1000
ensemble,LA-HO,200803,3,0.16233300000000006,0.0,1.0,1.0,0.0,200801,1000
ensemble,LA-HO,200804,1,0.04456400000000005,0.0,1.0,1.0,0.0,200804,1000
ensemble,LA-HO,200805,2,0.044691000000000036,0.0,1.0,1.0,0.0,200804,1000
ensemble,LA-HO,200806,3,0.08476899999999998,0.0,1.0,1.0,0.0,200804,1000
ensemble,LA-HO,200807,1,0.15013600000000005,0.0,1.0,1.0,0.0,200807,1000
ensemble,LA-HO,200808,2,0.09748800000000002,0.0,1.0,1.0,0.0,200807,1000
ensemble,LA-HO,200809,3,0.6445960000000001,1.0,1.0,0.0,1.0,200807,1000
ensemble,LA-HO,200810,1,0.21439200000000003,0.0,1.0,1.0,0.0,200810,1000
ensemble,LA-HO,200811,2,0.15047999999999995,0.0,1.0,1.0,0.0,200810,1000
ensemble,LA-HO,200812,3,0.40246099999999996,1.0,1.0,1.0,1.0,200810,1000
ensemble,LA-HO,200901,1,0.15275399999999995,0.0,1.0,1.0,0.0,200901,1000
ensemble,LA-HO,200902,2,0.15053300000000003,0.0,1.0,1.0,0.0,200901,1000
ensemble,LA-HO,200903,3,0.15964999999999996,0.0,1.0,1.0,0.0,200901,1000
ensemble,LA-HO,200904,1,0.05065700000000006,0.0,1.0,1.0,0.0,200904,1000
ensemble,LA-HO,200905,2,0.043769999999999976,0.0,1.0,1.0,0.0,200904,1000
ensemble,LA-HO,200906,3,0.08288400000000007,0.0,1.0,1.0,0.0,200904,1000
ensemble,LA-HO,200907,1,0.13242900000000002,0.0,1.0,1.0,0.0,200907,1000
ensemble,LA-HO,200908,2,0.08496400000000004,0.0,1.0,1.0,0.0,200907,1000
ensemble,LA-HO,200909,3,0.6263789999999999,1.0,1.0,1.0,1.0,200907,1000
ensemble,LA-HO,200910,1,0.38697100000000006,1.0,1.0,1.0,1.0,200910,1000
ensemble,LA-HO,200911,2,0.43002399999999996,1.0,1.0,1.0,1.0,200910,1000
ensemble,LA-HO,200912,3,0.36838499999999996,1.0,1.0,1.0,1.0,200910,1000
ensemble,LA-KH,200801,1,0.8014429999999999,0.0,1.0,1.0,0.0,200801,1000
ensemble,LA-KH,200802,2,0.6193270000000002,0.0,1.0,1.0,0.0,200801,1000
ensemble,LA-KH,200803,3,0.49747499999999967,0.0,1.0,1.0,0.0,200801,1000
ensemble,LA-KH,200804,1,0.5147839999999997,0.0,1.0,1.0,0.0,200804,1000
ensemble,LA-KH,200805,2,2.051685000000001,0.0,1.0,1.0,0.0,200804,1000
ensemble,LA-KH,200806,3,5.119012999999999,1.0,1.0,1.0,1.0,200804,1000
ensemble,LA-KH,200807,1,10.710085,1.0,1.0,1.0,3.0,200807,1000
ensemble,LA-KH,200808,2,11.451431,5.0,1.0,1.0,0.0,200807,1000
ensemble,LA-KH,200809,3,6.133212999999998,0.0,1.0,1.0,4.0,200807,1000
ensemble,LA-KH,200810,1,4.024996000000002,3.0,1.0,1.0,1.0,200810,1000
ensemble,LA-KH,200811,2,1.7499659999999988,1.0,1.0,1.0,3.0,200810,1000
ensemble,LA-KH,200812,3,2.4159629999999996,3.0,1.0,1.0,4.0,200810,1000
ensemble,LA-KH,200901,1,1.1202550000000002,0.0,1.0,1.0,0.0,200901,1000
ensemble,LA-KH,200902,2,0.8869980000000011,0.0,1.0,1.0,0.0,200901,1000
ensemble,LA-KH,200903,3,3.3185660000000006,6.0,1.0,0.0,6.0,200901,1000
ensemble,LA-KH,200904,1,1.127428,0.0,1.0,1.0,0.0,200904,1000
ensemble,LA-KH,200905,2,3.1350979999999993,3.0,1.0,1.0,6.0,200904,1000
ensemble,LA-KH,200906,3,47.95262600000001,74.0,1.0,0.0,80.0,200904,1000
ensemble,LA-KH,200907,1,82.82245599999999,131.0,1.0,0.0,155.0,200907,1000
ensemble,LA-KH,200908,2,202.271329,271.5,0.0,0.0,303.0,200907,1000
ensemble,LA-KH,200909,3,195.084341,263.0,0.0,0.0,277.0,200907,1000
ensemble,LA-KH,200910,1,43.23420099999999,68.5,1.0,1.0,85.0,200910,1000
ensemble,LA-KH,200911,2,39.65853799999999,57.0,1.0,1.0,61.0,200910,1000
ensemble,LA-KH,200912,3,40.90182500000001,64.0,1.0,1.0,67.0,200910,1000
ensemble,LA-LM,200801,1,0.03193400000000002,0.0,1.0,1.0,0.0,200801,1000
ensemble,LA-LM,200802,2,0.036775,0.0,1.0,1.0,0.0,200801,1000
ensemble,LA-LM,200803,3,0.065805,0.0,1.0,1.0,0.0,200801,1000
ensemble,LA-LM,200804,1,0.04227700000000001,0.0,1.0,1.0,0.0,200804,1000
ensemble,LA-LM,200805,2,0.04272599999999993,0.0,1.0,1.0,0.0,200804,1000
ensemble,LA-LM,200806,3,0.038639000000000034,0.0,1.0,1.0,0.0,200804,1000
ensemble,LA-LM,200807,1,0.08986899999999998,0.0,1.0,1.0,0.0,200807,1000
ensemble,LA-LM,200808,2,0.10874600000000001,0.0,1.0,1.0,0.0,200807,1000
ensemble,LA-LM,200809,3,0.1870799999999999,0.0,1.0,1.0,0.0,200807,1000
ensemble,LA-LM,200810,1,0.1361810000000001,0.0,1.0,1.0,0.0,200810,1000
ensemble,LA-LM,200811,2,0.0516120000000001,0.0,1.0,1.0,0.0,200810,1000
ensemble,LA-LM,200812,3,0.025164999999999993,0.0,1.0,1.0,0.0,200810,1000
ensemble,LA-LM,200901,1,0.03619300000000003,0.0,1.0,1.0,0.0,200901,1000
ensemble,LA-LM,200902,2,0.042242,0.0,1.0,1.0,0.0,200901,1000
ensemble,LA-LM,200903,3,0.05870200000000003,0.0,1.0,1.0,0.0,200901,1000
ensemble,LA-LM,200904,1,0.7334970000000001,1.0,1.0,0.0,1.0,200904,1000
ensemble,LA-LM,200905,2,0.036055000000000004,0.0,1.0,1.0,0.0,200904,1000
ensemble,LA-LM,200906,3,1.5697800000000002,2.0,0.0,0.0,2.0,200904,1000
ensemble,LA-LM,200907,1,0.4700850000000001,1.0,1.0,1.0,1.0,200907,1000
ensemble,LA-LM,200908,2,0.3245069999999999,0.0,1.0,1.0,0.0,200907,1000
ensemble,LA-LM,200909,3,2.5157749999999997,4.0,0.0,0.0,4.0,200907,1000
ensemble,LA-LM,200910,1,2.476273,5.0,0.0,0.0,5.0,200910,1000
ensemble,LA-LM,200911,2,3.5147999999999993,6.0,0.0,0.0,6.0,200910,1000
ensemble,LA-LM,200912,3,1.9489479999999997,4.0,1.0,1.0,4.0,200910,1000
ensemble,LA-LP,200801,1,1.0280950000000004,1.0,1.0,1.0,0.0,200801,1000
ensemble,LA-LP,200802,2,10.633351000000001,15.0,0.0,0.0,16.0,200801,1000
ensemble,LA-LP,200803,3,15.742244,21.0,0.0,0.0,22.0,200801,1000
ensemble,LA-LP,200804,1,19.875372000000002,31.0,0.0,0.0,33.0,200804,1000
ensemble,LA-LP,200805,2,95.072864,111.0,0.0,0.0,116.0,200804,1000
ensemble,LA-LP,200806,3,122.91270800000001,151.0,0.0,0.0,160.0,200804,1000
ensemble,LA-LP,200807,1,20.071771,15.0,1.0,1.0,16.0,200807,1000
ensemble,LA-LP,200808,2,22.181276999999994,17.0,1.0,1.0,13.0,200807,1000
ensemble,LA-LP,200809,3,18.295522999999996,12.0,1.0,1.0,14.0,200807,1000
ensemble,LA-LP,200810,1,12.391551999999999,19.0,1.0,0.0,33.0,200810,1000
ensemble,LA-LP,200811,2,92.14000300000001,107.0,0.0,0.0,116.0,200810,1000
ensemble,LA-LP,200812,3,138.141018,159.0,0.0,0.0,161.0,200810,1000
ensemble,LA-LP,200901,1,10.667493,1.0,1.0,1.0,0.0,200901,1000
ensemble,LA-LP,200902,2,10.966393999999994,2.0,1.0,1.0,0.0,200901,1000
ensemble,LA-LP,200903,3,10.96586,1.0,1.0,1.0,0.0,200901,1000
ensemble,LA-LP,200904,1,1.2945829999999994,1.0,1.0,1.0,0.0,200904,1000
ensemble,LA-LP,200905,2,2.3696319999999993,2.0,1.0,1.0,0.0,200904,1000
ensemble,LA-LP,200906,3,4.711196000000001,4.0,1.0,1.0,9.0,200904,1000
ensemble,LA-LP,200907,1,9.327501999999999,16.0,1.0,1.0,30.0,200907,1000
ensemble,LA-LP,200908,2,11.411461000000003,20.0,1.0,1.0,32.0,200907,1000
ensemble,LA-LP,200909,3,257.655828,299.0,0.0,0.0,313.0,200907,1000
ensemble,LA-LP,200910,1,81.258154,146.0,1.0,1.0,165.0,200910,1000
ensemble,LA-LP,200911,2,49.316396999999995,75.0,1.0,1.0,87.0,200910,1000
ensemble,LA-LP,200912,3,26.311487,5.0,1.0,1.0,0.0,200910,1000
ensemble,LA-OU,200801,1,0.042457999999999996,0.0,1.0,1.0,0.0,200801,1000
ensemble,LA-OU,200802,2,0.03506599999999993,0.0,1.0,1.0,0.0,200801,1000
ensemble,LA-OU,200803,3,0.03877699999999995,0.0,1.0,1.0,0.0,200801,1000
ensemble,LA-OU,200804,1,0.029819999999999958,0.0,1.0,1.0,0.0,200804,1000
ensemble,LA-OU,200805,2,0.046699999999999964,0.0,1.0,1.0,0.0,200804,1000
ensemble,LA-OU,200806,3,0.05753200000000003,0.0,1.0,1.0,0.0,200804,1000
ensemble,LA-OU,200807,1,0.088565,0.0,1.0,1.0,0.0,200807,1000
ensemble,LA-OU,200808,2,0.1337520000000001,0.0,1.0,1.0,0.0,200807,1000
ensemble,LA-OU,200809,3,0.10545299999999991,0.0,1.0,1.0,0.0,200807,1000
ensemble,LA-OU,200810,1,0.08542000000000005,0.0,1.0,1.0,0.0,200810,1000
ensemble,LA-OU,200811,2,0.04092899999999999,0.0,1.0,1.0,0.0,200810,1000
ensemble,LA-OU,200812,3,0.045597999999999916,0.0,1.0,1.0,0.0,200810,1000
ensemble,LA-OU,200901,1,0.04188700000000001,0.0,1.0,1.0,0.0,200901,1000
ensemble,LA-OU,200902,2,0.03147999999999995,0.0,1.0,1.0,0.0,200901,1000
ensemble,LA-OU,200903,3,0.04507900000000009,0.0,1.0,1.0,0.0,200901,1000
ensemble,LA-OU,200904,1,0.029681000000000013,0.0,1.0,1.0,0.0,200904,1000
ensemble,LA-OU,200905,2,0.05011500000000002,0.0,1.0,1.0,0.0,200904,1000
ensemble,LA-OU,200906,3,0.06211100000000003,0.0,1.0,1.0,0.0,200904,1000
ensemble,LA-OU,200907,1,0.08628000000000002,0.0,1.0,1.0,0.0,200907,1000
ensemble,LA-OU,200908,2,0.623039,1.0,1.0,0.0,1.0,200907,1000
ensemble,LA-OU,200909,3,13.698486,15.0,0.0,0.0,15.0,200907,1000
ensemble,LA-OU,200910,1,3.239264,6.0,1.0,1.0,6.0,200910,1000
ensemble,LA-OU,200911,2,6.561855,13.0,1.0,1.0,13.0,200910,1000
ensemble,LA-OU,200912,3,10.703618,18.0,0.0,0.0,18.0,200910,1000
ensemble,LA-PH,200901,1,0.02957999999999994,0.0,1.0,1.0,0.0,200901,1000
ensemble,LA-PH,200902,2,0.03493299999999999,0.0,1.0,1.0,0.0,200901,1000
ensemble,LA-PH,200903,3,0.034034999999999926,0.0,1.0,1.0,0.0,200901,1000
ensemble,LA-PH,200904,1,0.03992000000000007,0.0,1.0,1.0,0.0,200904,1000
ensemble,LA-PH,200905,2,0.038578,0.0,1.0,1.0,0.0,200904,1000
ensemble,LA-PH,200906,3,0.032579000000000025,0.0,1.0,1.0,0.0,200904,1000
ensemble,LA-PH,200907,1,0.040018999999999916,0.0,1.0,1.0,0.0,200907,1000
ensemble,LA-PH,200909,3,0.06322800000000006,0.0,1.0,1.0,0.0,200907,1000
ensemble,LA-PH,200910,1,0.03559000000000001,0.0,1.0,1.0,0.0,200910,1000
ensemble,LA-PH,200911,2,0.04357299999999997,0.0,1.0,1.0,0.0,200910,1000
ensemble,LA-PH,200912,3,0.03660999999999992,0.0,1.0,1.0,0.0,200910,1000
ensemble,LA-SL,200801,1,1.016521,0.0,1.0,1.0,0.0,200801,1000
ensemble,LA-SL,200802,2,0.9887270000000004,1.0,1.0,1.0,1.0,200801,1000
ensemble,LA-SL,200803,3,2.266135,5.0,1.0,1.0,5.0,200801,1000
ensemble,LA-SL,200804,1,1.069061,2.0,1.0,1.0,2.0,200804,1000
ensemble,LA-SL,200805,2,88.714161,104.0,0.0,0.0,105.0,200804,1000
ensemble,LA-SL,200806,3,206.202169,224.0,0.0,0.0,226.0,200804,1000
ensemble,LA-SL,200807,1,46.226358,74.0,1.0,1.0,78.0,200807,1000
ensemble,LA-SL,200808,2,37.707099,57.0,1.0,1.0,63.0,200807,1000
ensemble,LA-SL,200809,3,45.105380999999994,78.0,1.0,1.0,85.0,200807,1000
ensemble,LA-SL,200810,1,46.129228999999995,90.0,0.0,0.0,91.0,200810,1000
ensemble,LA-SL,200811,2,13.517989999999998,20.0,1.0,1.0,21.0,200810,1000
ensemble,LA-SL,200812,3,8.913645000000002,7.0,1.0,1.0,8.0,200810,1000
ensemble,LA-SL,200901,1,1.247814,0.0,1.0,1.0,1.0,200901,1000
ensemble,LA-SL,200902,2,18.225875000000002,24.0,0.0,0.0,24.0,200901,1000
ensemble,LA-SL,200903,3,18.762413000000002,25.0,0.0,0.0,25.0,200901,1000
ensemble,LA-SL,200904,1,9.380492,19.0,1.0,1.0,19.0,200904,1000
ensemble,LA-SL,200905,2,86.665402,120.0,0.0,0.0,122.0,200904,1000
ensemble,LA-SL,200906,3,21.392303000000002,39.0,1.0,0.0,42.0,200904,1000
ensemble,LA-SL,200907,1,116.412466,158.0,0.0,0.0,164.0,200907,1000
ensemble,LA-SL,200908,2,82.962815,120.0,0.0,0.0,127.0,200907,1000
ensemble,LA-SL,200909,3,51.484489999999994,83.0,0.0,0.0,91.0,200907,1000
ensemble,LA-SL,200910,1,38.701279,90.0,0.0,0.0,94.0,200910,1000
ensemble,LA-SL,200911,2,22.407386999999996,43.0,1.0,1.0,44.0,200910,1000
ensemble,LA-SL,200912,3,11.977619999999998,15.0,1.0,1.0,17.0,200910,1000
ensemble,LA-SV,200801,1,3.2214870000000033,1.0,1.0,1.0,1.0,200801,1000
ensemble,LA-SV,200802,2,1.661642999999998,0.0,1.0,1.0,1.0,200801,1000
ensemble,LA-SV,200803,3,2.722028999999999,0.0,1.0,1.0,1.0,200801,1000
ensemble,LA-SV,200804,1,4.714292,4.0,1.0,1.0,0.0,200804,1000
ensemble,LA-SV,200805,2,11.415935999999988,7.0,1.0,1.0,1.0,200804,1000
ensemble,LA-SV,200806,3,21.605666999999997,5.5,1.0,1.0,10.0,200804,1000
ensemble,LA-SV,200807,1,38.346367999999984,23.0,1.0,1.0,11.0,200807,1000
ensemble,LA-SV,200808,2,35.17479300000002,16.0,1.0,1.0,4.0,200807,1000
ensemble,LA-SV,200809,3,34.45524300000001,24.0,1.0,0.0,2.0,200807,1000
ensemble,LA-SV,200810,1,14.627112000000011,1.0,1.0,1.0,10.0,200810,1000
ensemble,LA-SV,200811,2,8.106223,6.0,1.0,1.0,2.0,200810,1000
ensemble,LA-SV,200812,3,5.298906000000002,2.0,1.0,1.0,0.0,200810,1000
ensemble,LA-SV,200901,1,2.4502970000000026,1.0,1.0,1.0,0.0,200901,1000
ensemble,LA-SV,200902,2,1.513493999999998,1.0,1.0,1.0,0.0,200901,1000
ensemble,LA-SV,200903,3,2.479723,1.0,1.0,1.0,0.0,200901,1000
ensemble,LA-SV,200904,1,3.5590009999999985,2.0,1.0,1.0,0.0,200904,1000
ensemble,LA-SV,200905,2,11.180144999999996,7.0,1.0,1.0,0.0,200904,1000
ensemble,LA-SV,200906,3,26.025758999999994,14.5,1.0,1.0,1.0,200904,1000
ensemble,LA-SV,200907,1,31.787266000000017,6.0,1.0,1.0,13.0,200907,1000
ensemble,LA-SV,200908,2,32.43115399999999,17.0,1.0,1.0,34.0,200907,1000
ensemble,LA-SV,200909,3,29.609505000000013,34.5,1.0,1.0,48.0,200907,1000
ensemble,LA-SV,200910,1,17.575285000000008,14.5,1.0,1.0,16.0,200910,1000
ensemble,LA-SV,200911,2,13.008840000000006,20.0,1.0,1.0,33.0,200910,1000
ensemble,LA-SV,200912,3,7.848163999999997,0.0,1.0,1.0,4.0,200910,1000
ensemble,LA-VT,200801,1,14.873890999999993,10.5,1.0,1.0,29.0,200801,1000
ensemble,LA-VT,200802,2,11.389699,12.0,1.0,1.0,12.0,200801,1000
ensemble,LA-VT,200803,3,10.683191,0.5,1.0,1.0,26.0,200801,1000
ensemble,LA-VT,200804,1,20.037103000000002,32.0,1.0,0.0,4.0,200804,1000
ensemble,LA-VT,200805,2,33.523771,57.0,1.0,1.0,17.0,200804,1000
ensemble,LA-VT,200806,3,55.97260499999999,73.0,1.0,1.0,60.0,200804,1000
ensemble,LA-VT,200807,1,79.738135,48.5,1.0,1.0,132.0,200807,1000
ensemble,LA-VT,200808,2,69.61056199999999,52.5,1.0,1.0,144.0,200807,1000
ensemble,LA-VT,200809,3,66.90507499999998,24.0,1.0,1.0,158.0,200807,1000
ensemble,LA-VT,200810,1,59.49786400000001,70.0,1.0,1.0,95.0,200810,1000
ensemble,LA-VT,200811,2,35.50348199999999,14.5,1.0,1.0,129.0,200810,1000
ensemble,LA-VT,200812,3,29.413312000000005,39.0,1.0,1.0,91.0,200810,1000
ensemble,LA-VT,200901,1,13.203159,2.0,1.0,1.0,38.0,200901,1000
ensemble,LA-VT,200902,2,8.842382,0.5,1.0,1.0,20.0,200901,1000
ensemble,LA-VT,200903,3,12.460343000000002,7.0,1.0,1.0,19.0,200901,1000
ensemble,LA-VT,200904,1,10.375383,4.0,1.0,1.0,33.0,200904,1000
ensemble,LA-VT,200905,2,26.507871999999992,20.0,1.0,1.0,54.0,200904,1000
ensemble,LA-VT,200906,3,45.20692500000001,24.0,1.0,1.0,104.0,200904,1000
ensemble,LA-VT,200907,1,93.585642,95.0,1.0,1.0,302.0,200907,1000
ensemble,LA-VT,200908,2,106.85218900000001,153.0,1.0,1.0,356.0,200907,1000
ensemble,LA-VT,200909,3,154.610076,270.0,1.0,0.0,470.0,200907,1000
ensemble,LA-VT,200910,1,130.977546,221.0,1.0,0.0,527.0,200910,1000
ensemble,LA-VT,200911,2,196.92624899999998,353.5,1.0,0.0,521.0,200910,1000
ensemble,LA-VT,200912,3,154.280885,284.0,1.0,0.0,366.0,200910,1000
ensemble,LA-XA,200801,1,0.7027719999999995,0.0,1.0,1.0,0.0,200801,1000
ensemble,LA-XA,200802,2,0.7329920000000003,0.0,1.0,1.0,0.0,200801,1000
ensemble,LA-XA,200803,3,0.9394870000000006,0.0,1.0,1.0,0.0,200801,1000
ensemble,LA-XA,200804,1,1.4063169999999996,1.0,1.0,1.0,0.0,200804,1000
ensemble,LA-XA,200805,2,2.2615750000000006,1.0,1.0,1.0,2.0,200804,1000
ensemble,LA-XA,200806,3,6.2866,4.0,1.0,1.0,6.0,200804,1000
ensemble,LA-XA,200807,1,12.061362000000003,12.0,1.0,1.0,19.0,200807,1000
ensemble,LA-XA,200808,2,6.451433999999999,0.0,1.0,1.0,7.0,200807,1000
ensemble,LA-XA,200809,3,5.755808999999999,4.0,1.0,1.0,1.0,200807,1000
ensemble,LA-XA,200810,1,2.6467419999999997,1.0,1.0,1.0,3.0,200810,1000
ensemble,LA-XA,200811,2,1.9840129999999991,1.0,1.0,1.0,2.0,200810,1000
ensemble,LA-XA,200812,3,1.5070580000000007,0.0,1.0,1.0,1.0,200810,1000
ensemble,LA-XA,200901,1,0.6410640000000001,0.0,1.0,1.0,0.0,200901,1000
ensemble,LA-XA,200902,2,0.6933039999999995,0.0,1.0,1.0,0.0,200901,1000
ensemble,LA-XA,200903,3,0.9049420000000001,0.0,1.0,1.0,0.0,200901,1000
ensemble,LA-XA,200904,1,1.474696999999999,1.0,1.0,1.0,0.0,200904,1000
ensemble,LA-XA,200905,2,3.5888859999999987,0.0,1.0,1.0,1.0,200904,1000
ensemble,LA-XA,200906,3,9.072325,11.0,1.0,1.0,14.0,200904,1000
ensemble,LA-XA,200907,1,9.879844000000006,3.0,1.0,1.0,11.0,200907,1000
ensemble,LA-XA,200908,2,15.159331000000002,24.0,1.0,0.0,37.0,200907,1000
ensemble,LA-XA,200909,3,6.557759999999998,3.0,1.0,1.0,11.0,200907,1000
ensemble,LA-XA,200910,1,3.1186039999999977,0.0,1.0,1.0,5.0,200910,1000
ensemble,LA-XA,200911,2,2.9042509999999986,2.0,1.0,1.0,5.0,200910,1000
ensemble,LA-XA,200912,3,2.463379999999999,1.0,1.0,1.0,0.0,200910,1000
ensemble,LA-XE,200801,1,0.190793,0.0,1.0,1.0,0.0,200801,1000
ensemble,LA-XE,200802,2,0.21504800000000013,0.0,1.0,1.0,0.0,200801,1000
ensemble,LA-XE,200803,3,0.16459600000000008,0.0,1.0,1.0,0.0,200801,1000
ensemble,LA-XE,200804,1,0.09261600000000003,0.0,1.0,1.0,0.0,200804,1000
ensemble,LA-XE,200805,2,0.13638700000000004,0.0,1.0,1.0,0.0,200804,1000
ensemble,LA-XE,200806,3,3.216944,5.0,1.0,0.0,5.0,200804,1000
ensemble,LA-XE,200807,1,0.9999260000000001,1.0,1.0,1.0,0.0,200807,1000
ensemble,LA-XE,200808,2,0.9443699999999999,1.0,1.0,1.0,0.0,200807,1000
ensemble,LA-XE,200809,3,0.861254,0.0,1.0,1.0,1.0,200807,1000
ensemble,LA-XE,200810,1,0.4599899999999999,1.0,1.0,1.0,0.0,200810,1000
ensemble,LA-XE,200811,2,0.218271,0.0,1.0,1.0,0.0,200810,1000
ensemble,LA-XE,200812,3,0.468159,1.0,1.0,1.0,1.0,200810,1000
ensemble,LA-XE,200901,1,0.20095400000000008,0.0,1.0,1.0,0.0,200901,1000
ensemble,LA-XE,200902,2,1.094671,2.0,1.0,0.0,2.0,200901,1000
ensemble,LA-XE,200903,3,1.209445,2.0,1.0,0.0,2.0,200901,1000
ensemble,LA-XE,200904,1,0.4981620000000001,1.0,1.0,1.0,1.0,200904,1000
ensemble,LA-XE,200905,2,0.7322719999999998,2.0,1.0,1.0,2.0,200904,1000
ensemble,LA-XE,200906,3,6.208856,8.0,0.0,0.0,9.0,200904,1000
ensemble,LA-XE,200907,1,22.680733,28.0,0.0,0.0,29.0,200907,1000
ensemble,LA-XE,200908,2,20.900331,26.0,0.0,0.0,27.0,200907,1000
ensemble,LA-XE,200909,3,2.3674910000000002,5.0,1.0,1.0,6.0,200907,1000
ensemble,LA-XE,200910,1,3.102744,6.0,1.0,0.0,7.0,200910,1000
ensemble,LA-XE,200911,2,1.3765,3.0,1.0,1.0,3.0,200910,1000
ensemble,LA-XE,200912,3,3.7217350000000002,7.0,0.0,0.0,7.0,200910,1000
ensemble,LA-XI,200801,1,0.03019700000000003,0.0,1.0,1.0,0.0,200801,1000
ensemble,LA-XI,200802,2,0.034845000000000015,0.0,1.0,1.0,0.0,200801,1000
ensemble,LA-XI,200803,3,0.02859299999999998,0.0,1.0,1.0,0.0,200801,1000
ensemble,LA-XI,200804,1,0.030642000000000058,0.0,1.0,1.0,0.0,200804,1000
ensemble,LA-XI,200805,2,0.03128399999999998,0.0,1.0,1.0,0.0,200804,1000
ensemble,LA-XI,200806,3,0.7786479999999999,1.0,1.0,0.0,1.0,200804,1000
ensemble,LA-XI,200807,1,0.16099399999999997,0.0,1.0,1.0,0.0,200807,1000
ensemble,LA-XI,200808,2,0.17237900000000006,0.0,1.0,1.0,0.0,200807,1000
ensemble,LA-XI,200809,3,0.185496,0.0,1.0,1.0,0.0,200807,1000
ensemble,LA-XI,200810,1,0.029557000000000055,0.0,1.0,1.0,0.0,200810,1000
ensemble,LA-XI,200811,2,0.036281999999999925,0.0,1.0,1.0,0.0,200810,1000
ensemble,LA-XI,200812,3,0.03253299999999992,0.0,1.0,1.0,0.0,200810,1000
ensemble,LA-XI,200901,1,0.04190000000000005,0.0,1.0,1.0,0.0,200901,1000
ensemble,LA-XI,200902,2,0.023600999999999983,0.0,1.0,1.0,0.0,200901,1000
ensemble,LA-XI,200903,3,0.029920999999999975,0.0,1.0,1.0,0.0,200901,1000
ensemble,LA-XI,200904,1,0.036621000000000015,0.0,1.0,1.0,0.0,200904,1000
ensemble,LA-XI,200905,2,37.840674,39.0,0.0,0.0,39.0,200904,1000
ensemble,LA-XI,200906,3,31.592831999999998,33.0,0.0,0.0,33.0,200904,1000
ensemble,LA-XI,200907,1,2.638720000000001,1.0,1.0,1.0,1.0,200907,1000
ensemble,LA-XI,200908,2,6.234446999999999,10.0,1.0,1.0,10.0,200907,1000
ensemble,LA-XI,200909,3,2.4301259999999996,0.0,1.0,1.0,0.0,200907,1000
ensemble,LA-XI,200910,1,0.02557699999999996,0.0,1.0,1.0,0.0,200910,1000
ensemble,LA-XI,200911,2,0.03703300000000004,0.0,1.0,1.0,0.0,200910,1000
ensemble,LA-XI,200912,3,0.03170200000000001,0.0,1.0,1.0,0.0,200910,1000
persistence,LA-AT,200801,1,3.4171139999999998,4.0,0.0,0.0,4.0,200801,1000
persistence,LA-AT,200802,2,1.554761,2.0,1.0,0.0,2.0,200801,1000
persistence,LA-AT,200803,3,0.07196899999999973,0.0,1.0,1.0,0.0,200801,1000
persistence,LA-AT,200804,1,0.04711399999999988,0.0,1.0,1.0,0.0,200804,1000
persistence,LA-AT,200805,2,3.342761,4.0,0.0,0.0,4.0,200804,1000
persistence,LA-AT,200806,3,8.929969,10.0,0.0,0.0,10.0,200804,1000
persistence,LA-AT,200807,1,3.450605,4.0,0.0,0.0,6.0,200807,1000
persistence,LA-AT,200808,2,0.8260830000000001,1.0,1.0,0.0,11.0,200807,1000
persistence,LA-AT,200809,3,12.807471999999999,14.0,0.0,0.0,24.0,200807,1000
persistence,LA-AT,200810,1,21.839211000000002,23.0,0.0,0.0,47.0,200810,1000
persistence,LA-AT,200811,2,17.716617,19.0,0.0,0.0,43.0,200810,1000
persistence,LA-AT,200812,3,0.8262919999999996,1.0,1.0,0.0,23.0,200810,1000
persistence,LA-AT,200901,1,4.403041999999999,5.0,0.0,0.0,18.0,200901,1000
persistence,LA-AT,200902,2,21.580327999999998,23.0,0.0,0.0,46.0,200901,1000
persistence,LA-AT,200903,3,51.660003,54.0,0.0,0.0,77.0,200901,1000
persistence,LA-AT,200904,1,20.870388000000002,22.0,0.0,0.0,99.0,200904,1000
persistence,LA-AT,200905,2,74.407714,77.0,0.0,0.0,0.0,200904,1000
persistence,LA-AT,200906,3,50.686121,53.0,0.0,0.0,24.0,200904,1000
persistence,LA-AT,200907,1,38.397211,40.0,0.0,0.0,64.0,200907,1000
persistence,LA-AT,200908,2,2.492617,3.0,0.0,0.0,21.0,200907,1000
persistence,LA-AT,200909,3,6.1402920000000005,7.0,0.0,0.0,17.0,200907,1000
persistence,LA-AT,200910,1,12.098028,13.0,0.0,0.0,4.0,200910,1000
persistence,LA-AT,200911,2,0.8285939999999998,1.0,1.0,0.0,16.0,200910,1000
persistence,LA-AT,200912,3,9.930269000000001,11.0,0.0,0.0,6.0,200910,1000
persistence,LA-BK,200801,1,0.702799,1.0,1.0,0.0,1.0,200801,1000
persistence,LA-BK,200802,2,0.044157999999999975,0.0,1.0,1.0,0.0,200801,1000
persistence,LA-BK,200803,3,0.04958000000000001,0.0,1.0,1.0,0.0,200801,1000
persistence,LA-BK,200804,1,0.03879899999999997,0.0,1.0,1.0,0.0,200804,1000
persistence,LA-BK,200805,2,11.132158,12.0,0.0,0.0,12.0,200804,1000
persistence,LA-BK,200806,3,51.985580000000006,53.0,0.0,0.0,53.0,200804,1000
persistence,LA-BK,200807,1,50.223598,51.0,0.0,0.0,2.0,200807,1000
persistence,LA-BK,200808,2,43.128316,44.0,0.0,0.0,9.0,200807,1000
persistence,LA-BK,200809,3,19.03516,20.0,0.0,0.0,33.0,200807,1000
persistence,LA-BK,200810,1,14.223597999999999,15.0,0.0,0.0,48.0,200810,1000
persistence,LA-BK,200811,2,21.128316,22.0,0.0,0.0,55.0,200810,1000
persistence,LA-BK,200812,3,27.03516,28.0,0.0,0.0,5.0,200810,1000
persistence,LA-BK,200901,1,3.438492,4.0,0.0,0.0,1.0,200901,1000
persistence,LA-BK,200902,2,4.3407670000000005,5.0,0.0,0.0,0.0,200901,1000
persistence,LA-BK,200903,3,3.355307,4.0,0.0,0.0,1.0,200901,1000
persistence,LA-BK,200904,1,1.589023,2.0,0.0,0.0,3.0,200904,1000
persistence,LA-BK,200905,2,72.11584199999999,73.0,0.0,0.0,74.0,200904,1000
persistence,LA-BK,200906,3,214.01943599999998,215.0,0.0,0.0,216.0,200904,1000
persistence,LA-BK,200907,1,3.439598,4.0,0.0,0.0,212.0,200907,1000
persistence,LA-BK,200908,2,105.128316,106.0,0.0,0.0,110.0,200907,1000
persistence,LA-BK,200909,3,163.03516,164.0,0.0,0.0,52.0,200907,1000
persistence,LA-BK,200910,1,20.223598,21.0,0.0,0.0,31.0,200910,1000
persistence,LA-BK,200911,2,46.128316,47.0,0.0,0.0,5.0,200910,1000
persistence,LA-BK,200912,3,47.03516,48.0,0.0,0.0,4.0,200910,1000
persistence,LA-BL,200801,1,5.383502,9.0,1.0,1.0,10.0,200801,1000
persistence,LA-BL,200802,2,4.609445999999998,6.0,1.0,1.0,7.0,200801,1000
persistence,LA-BL,200803,3,4.952254,0.0,1.0,1.0,1.0,200801,1000
persistence,LA-BL,200804,1,2.695502000000001,2.0,1.0,1.0,3.0,200804,1000
persistence,LA-BL,200805,2,7.897445999999999,14.0,1.0,1.0,15.0,200804,1000
persistence,LA-BL,200806,3,9.692254000000002,18.0,1.0,1.0,19.0,200804,1000
persistence,LA-BL,200807,1,8.23891,12.0,1.0,0.0,31.0,200807,1000
persistence,LA-BL,200808,2,9.221346999999998,13.0,1.0,1.0,32.0,200807,1000
persistence,LA-BL,200809,3,9.298677000000001,11.0,1.0,1.0,30.0,200807,1000
persistence,LA-BL,200810,1,16.470322000000003,25.0,1.0,0.0,5.0,200810,1000
persistence,LA-BL,200811,2,12.262498,18.0,1.0,0.0,12.0,200810,1000
persistence,LA-BL,200812,3,17.99097,29.0,1.0,0.0,1.0,200810,1000
persistence,LA-BL,200901,1,2.511502,1.0,1.0,1.0,2.0,200901,1000
persistence,LA-BL,200902,2,3.6934460000000016,2.0,1.0,1.0,3.0,200901,1000
persistence,LA-BL,200903,3,4.9942540000000015,1.0,1.0,1.0,0.0,200901,1000
persistence,LA-BL,200904,1,2.5010209999999997,2.0,1.0,1.0,2.0,200904,1000
persistence,LA-BL,200905,2,3.323820999999999,0.0,1.0,1.0,0.0,200904,1000
persistence,LA-BL,200906,3,5.582812999999998,7.0,1.0,1.0,7.0,200904,1000
persistence,LA-BL,200907,1,17.514046,28.0,1.0,0.0,35.0,200907,1000
persistence,LA-BL,200908,2,4.609358000000002,2.0,1.0,1.0,9.0,200907,1000
persistence,LA-BL,200909,3,6.933896999999998,7.0,1.0,1.0,0.0,200907,1000
persistence,LA-BL,200910,1,2.3170210000000004,1.0,1.0,1.0,1.0,200910,1000
persistence,LA-BL,200911,2,3.4678210000000007,2.0,1.0,1.0,2.0,200910,1000
persistence,LA-BL,200912,3,4.764813,1.0,1.0,1.0,1.0,200910,1000
persistence,LA-CH,200801,1,9.094472000000003,9.0,1.0,1.0,73.0,200801,1000
persistence,LA-CH,200802,2,19.277769,26.0,1.0,0.0,90.0,200801,1000
persistence,LA-CH,200803,3,22.452036999999997,28.0,1.0,1.0,92.0,200801,1000
persistence,LA-CH,200804,1,16.585575000000002,23.0,1.0,0.0,69.0,200804,1000
persistence,LA-CH,200805,2,17.207692,21.0,1.0,1.0,113.0,200804,1000
persistence,LA-CH,200806,3,145.733314,203.0,0.0,0.0,295.0,200804,1000
persistence,LA-CH,200807,1,103.949944,133.0,0.0,0.0,162.0,200807,1000
persistence,LA-CH,200808,2,112.64280199999999,152.0,0.0,0.0,143.0,200807,1000
persistence,LA-CH,200809,3,73.553239,110.0,1.0,0.0,185.0,200807,1000
persistence,LA-CH,200810,1,31.000921000000005,45.0,1.0,0.0,140.0,200810,1000
persistence,LA-CH,200811,2,58.287541,83.0,1.0,0.0,102.0,200810,1000
persistence,LA-CH,200812,3,74.65110700000001,112.0,1.0,0.0,73.0,200810,1000
persistence,LA-CH,200901,1,28.518953000000003,42.0,1.0,0.0,31.0,200901,1000
persistence,LA-CH,200902,2,18.940767,25.0,1.0,0.0,48.0,200901,1000
persistence,LA-CH,200903,3,16.500345000000003,13.0,1.0,1.0,60.0,200901,1000
persistence,LA-CH,200904,1,28.357395999999998,42.0,1.0,0.0,102.0,200904,1000
persistence,LA-CH,200905,2,10.360133000000005,6.0,1.0,1.0,66.0,200904,1000
persistence,LA-CH,200906,3,41.64690100000001,64.0,1.0,0.0,124.0,200904,1000
persistence,LA-CH,200907,1,7.347732000000001,2.0,1.0,1.0,122.0,200907,1000
persistence,LA-CH,200908,2,14.241996999999998,14.0,1.0,1.0,110.0,200907,1000
persistence,LA-CH,200909,3,20.237555999999998,19.0,1.0,1.0,105.0,200907,1000
persistence,LA-CH,200910,1,31.559768,46.0,1.0,0.0,59.0,200910,1000
persistence,LA-CH,200911,2,48.322561,70.0,1.0,0.0,35.0,200910,1000
persistence,LA-CH,200912,3,48.408425,73.0,1.0,0.0,32.0,200910,1000
persistence,LA-HO,200801,1,0.8303219999999999,1.0,0.0,0.0,0.0,200801,1000
persistence,LA-HO,200802,2,0.8292019999999999,1.0,0.0,0.0,0.0,200801,1000
persistence,LA-HO,200803,3,0.820377,1.0,1.0,0.0,0.0,200801,1000
persistence,LA-HO,200804,1,0.014912999999999982,0.0,1.0,1.0,0.0,200804,1000
persistence,LA-HO,200805,2,0.013793,0.0,1.0,1.0,0.0,200804,1000
persistence,LA-HO,200806,3,0.015768000000000004,0.0,1.0,1.0,0.0,200804,1000
persistence,LA-HO,200807,1,0.014912999999999982,0.0,1.0,1.0,0.0,200807,1000
persistence,LA-HO,200808,2,0.013793,0.0,1.0,1.0,0.0,200807,1000
persistence,LA-HO,200809,3,0.809768,1.0,1.0,0.0,1.0,200807,1000
persistence,LA-HO,200810,1,0.8303219999999999,1.0,0.0,0.0,0.0,200810,1000
persistence,LA-HO,200811,2,0.8292019999999999,1.0,0.0,0.0,0.0,200810,1000
persistence,LA-HO,200812,3,0.026376999999999984,0.0,1.0,1.0,1.0,200810,1000
persistence,LA-HO,200901,1,0.8303219999999999,1.0,0.0,0.0,0.0,200901,1000
persistence,LA-HO,200902,2,0.8292019999999999,1.0,0.0,0.0,0.0,200901,1000
persistence,LA-HO,200903,3,0.820377,1.0,1.0,0.0,0.0,200901,1000
persistence,LA-HO,200904,1,0.014912999999999982,0.0,1.0,1.0,0.0,200904,1000
persistence,LA-HO,200905,2,0.013793,0.0,1.0,1.0,0.0,200904,1000
persistence,LA-HO,200906,3,0.015768000000000004,0.0,1.0,1.0,0.0,200904,1000
persistence,LA-HO,200907,1,0.014912999999999982,0.0,1.0,1.0,0.0,200907,1000
persistence,LA-HO,200908,2,0.013793,0.0,1.0,1.0,0.0,200907,1000
persistence,LA-HO,200909,3,0.809768,1.0,1.0,0.0,1.0,200907,1000
persistence,LA-HO,200910,1,0.02432200000000001,0.0,1.0,1.0,1.0,200910,1000
persistence,LA-HO,200911,2,0.023202,0.0,1.0,1.0,1.0,200910,1000
persistence,LA-HO,200912,3,0.026376999999999984,0.0,1.0,1.0,1.0,200910,1000
persistence,LA-KH,200801,1,1.3149230000000003,0.0,1.0,1.0,0.0,200801,1000
persistence,LA-KH,200802,2,2.0702239999999996,0.0,1.0,1.0,0.0,200801,1000
persistence,LA-KH,200803,3,2.6522299999999994,0.0,1.0,1.0,0.0,200801,1000
persistence,LA-KH,200804,1,1.3149230000000003,0.0,1.0,1.0,0.0,200804,1000
persistence,LA-KH,200805,2,2.0702239999999996,0.0,1.0,1.0,0.0,200804,1000
persistence,LA-KH,200806,3,3.0462299999999978,1.0,1.0,1.0,1.0,200804,1000
persistence,LA-KH,200807,1,2.403284000000001,2.0,1.0,0.0,3.0,200807,1000
persistence,LA-KH,200808,2,2.5886239999999994,1.0,1.0,1.0,0.0,200807,1000
persistence,LA-KH,200809,3,4.036038999999999,3.0,1.0,1.0,4.0,200807,1000
persistence,LA-KH,200810,1,3.125885000000002,3.0,1.0,0.0,1.0,200810,1000
persistence,LA-KH,200811,2,2.7576459999999976,1.0,1.0,1.0,3.0,200810,1000
persistence,LA-KH,200812,3,2.9661490000000015,0.0,1.0,1.0,4.0,200810,1000
persistence,LA-KH,200901,1,3.7138849999999994,4.0,1.0,0.0,0.0,200901,1000
persistence,LA-KH,200902,2,4.333645999999998,4.0,1.0,0.0,0.0,200901,1000
persistence,LA-KH,200903,3,3.7961489999999998,2.0,1.0,1.0,6.0,200901,1000
persistence,LA-KH,200904,1,4.995498000000001,6.0,1.0,0.0,0.0,200904,1000
persistence,LA-KH,200905,2,2.422528,0.0,1.0,1.0,6.0,200904,1000
persistence,LA-KH,200906,3,54.16718900000001,74.0,0.0,0.0,80.0,200904,1000
persistence,LA-KH,200907,1,60.490204000000006,75.0,0.0,0.0,155.0,200907,1000
persistence,LA-KH,200908,2,191.18032499999998,223.0,0.0,0.0,303.0,200907,1000
persistence,LA-KH,200909,3,163.22992399999998,197.0,0.0,0.0,277.0,200907,1000
persistence,LA-KH,200910,1,169.74701399999998,192.0,0.0,0.0,85.0,200910,1000
persistence,LA-KH,200911,2,185.115734,216.0,0.0,0.0,61.0,200910,1000
persistence,LA-KH,200912,3,175.88018300000002,210.0,0.0,0.0,67.0,200910,1000
persistence,LA-LM,200801,1,0.006301999999999974,0.0,1.0,1.0,0.0,200801,1000
persistence,LA-LM,200802,2,0.007978000000000013,0.0,1.0,1.0,0.0,200801,1000
persistence,LA-LM,200803,3,0.008063000000000015,0.0,1.0,1.0,0.0,200801,1000
persistence,LA-LM,200804,1,0.006301999999999974,0.0,1.0,1.0,0.0,200804,1000
persistence,LA-LM,200805,2,0.007978000000000013,0.0,1.0,1.0,0.0,200804,1000
persistence,LA-LM,200806,3,0.008063000000000015,0.0,1.0,1.0,0.0,200804,1000
persistence,LA-LM,200807,1,0.006301999999999974,0.0,1.0,1.0,0.0,200807,1000
persistence,LA-LM,200808,2,0.007978000000000013,0.0,1.0,1.0,0.0,200807,1000
persistence,LA-LM,200809,3,0.008063000000000015,0.0,1.0,1.0,0.0,200807,1000
persistence,LA-LM,200810,1,0.006301999999999974,0.0,1.0,1.0,0.0,200810,1000
persistence,LA-LM,200811,2,0.007978000000000013,0.0,1.0,1.0,0.0,200810,1000
persistence,LA-LM,200812,3,0.008063000000000015,0.0,1.0,1.0,0.0,200810,1000
persistence,LA-LM,200901,1,0.006301999999999974,0.0,1.0,1.0,0.0,200901,1000
persistence,LA-LM,200902,2,0.007978000000000013,0.0,1.0,1.0,0.0,200901,1000
persistence,LA-LM,200903,3,0.008063000000000015,0.0,1.0,1.0,0.0,200901,1000
persistence,LA-LM,200904,1,0.880302,1.0,0.0,0.0,1.0,200904,1000
persistence,LA-LM,200905,2,0.007978000000000013,0.0,1.0,1.0,0.0,200904,1000
persistence,LA-LM,200906,3,1.770063,2.0,0.0,0.0,2.0,200904,1000
persistence,LA-LM,200907,1,0.886035,1.0,0.0,0.0,1.0,200907,1000
persistence,LA-LM,200908,2,1.7772029999999999,2.0,0.0,0.0,0.0,200907,1000
persistence,LA-LM,200909,3,1.777288,2.0,0.0,0.0,4.0,200907,1000
persistence,LA-LM,200910,1,0.8865399999999999,1.0,0.0,0.0,5.0,200910,1000
persistence,LA-LM,200911,2,1.7778919999999998,2.0,0.0,0.0,6.0,200910,1000
persistence,LA-LM,200912,3,0.01604500000000003,0.0,1.0,1.0,4.0,200910,1000
persistence,LA-LP,200801,1,3.4616930000000004,5.0,1.0,1.0,0.0,200801,1000
persistence,LA-LP,200802,2,6.91244,11.0,1.0,0.0,16.0,200801,1000
persistence,LA-LP,200803,3,10.133757000000001,17.0,1.0,0.0,22.0,200801,1000
persistence,LA-LP,200804,1,7.5871960000000005,11.0,1.0,0.0,33.0,200804,1000
persistence,LA-LP,200805,2,77.70587800000001,94.0,0.0,0.0,116.0,200804,1000
persistence,LA-LP,200806,3,116.670978,138.0,0.0,0.0,160.0,200804,1000
persistence,LA-LP,200807,1,129.93954599999998,144.0,0.0,0.0,16.0,200807,1000
persistence,LA-LP,200808,2,128.21567000000002,147.0,0.0,0.0,13.0,200807,1000
persistence,LA-LP,200809,3,124.816253,146.0,0.0,0.0,14.0,200807,1000
persistence,LA-LP,200810,1,13.347094,19.0,1.0,0.0,33.0,200810,1000
persistence,LA-LP,200811,2,84.94253,102.0,0.0,0.0,116.0,200810,1000
persistence,LA-LP,200812,3,124.888534,147.0,0.0,0.0,161.0,200810,1000
persistence,LA-LP,200901,1,146.497715,161.0,0.0,0.0,0.0,200901,1000
persistence,LA-LP,200902,2,141.643959,161.0,0.0,0.0,0.0,200901,1000
persistence,LA-LP,200903,3,139.126542,161.0,0.0,0.0,0.0,200901,1000
persistence,LA-LP,200904,1,1.1242739999999998,0.0,1.0,1.0,0.0,200904,1000
persistence,LA-LP,200905,2,1.7111450000000001,0.0,1.0,1.0,0.0,200904,1000
persistence,LA-LP,200906,3,5.2004459999999995,9.0,1.0,1.0,9.0,200904,1000
persistence,LA-LP,200907,1,14.802083,21.0,1.0,0.0,30.0,200907,1000
persistence,LA-LP,200908,2,15.036038999999999,23.0,1.0,0.0,32.0,200907,1000
persistence,LA-LP,200909,3,278.002476,304.0,0.0,0.0,313.0,200907,1000
persistence,LA-LP,200910,1,133.848548,148.0,0.0,0.0,165.0,200910,1000
persistence,LA-LP,200911,2,204.57629,226.0,0.0,0.0,87.0,200910,1000
persistence,LA-LP,200912,3,288.208892,313.0,0.0,0.0,0.0,200910,1000
persistence,LA-OU,200801,1,0.006034999999999999,0.0,1.0,1.0,0.0,200801,1000
persistence,LA-OU,200802,2,0.004123000000000002,0.0,1.0,1.0,0.0,200801,1000
persistence,LA-OU,200803,3,0.00800999999999999,0.0,1.0,1.0,0.0,200801,1000
persistence,LA-OU,200804,1,0.006034999999999999,0.0,1.0,1.0,0.0,200804,1000
persistence,LA-OU,200805,2,0.004123000000000002,0.0,1.0,1.0,0.0,200804,1000
persistence,LA-OU,200806,3,0.00800999999999999,0.0,1.0,1.0,0.0,200804,1000
persistence,LA-OU,200807,1,0.006034999999999999,0.0,1.0,1.0,0.0,200807,1000
persistence,LA-OU,200808,2,0.004123000000000002,0.0,1.0,1.0,0.0,200807,1000
persistence,LA-OU,200809,3,0.00800999999999999,0.0,1.0,1.0,0.0,200807,1000
persistence,LA-OU,200810,1,0.006034999999999999,0.0,1.0,1.0,0.0,200810,1000
persistence,LA-OU,200811,2,0.004123000000000002,0.0,1.0,1.0,0.0,200810,1000
persistence,LA-OU,200812,3,0.00800999999999999,0.0,1.0,1.0,0.0,200810,1000
persistence,LA-OU,200901,1,0.006034999999999999,0.0,1.0,1.0,0.0,200901,1000
persistence,LA-OU,200902,2,0.004123000000000002,0.0,1.0,1.0,0.0,200901,1000
persistence,LA-OU,200903,3,0.00800999999999999,0.0,1.0,1.0,0.0,200901,1000
persistence,LA-OU,200904,1,0.006034999999999999,0.0,1.0,1.0,0.0,200904,1000
persistence,LA-OU,200905,2,0.004123000000000002,0.0,1.0,1.0,0.0,200904,1000
persistence,LA-OU,200906,3,0.00800999999999999,0.0,1.0,1.0,0.0,200904,1000
persistence,LA-OU,200907,1,0.006034999999999999,0.0,1.0,1.0,0.0,200907,1000
persistence,LA-OU,200908,2,0.886123,1.0,0.0,0.0,1.0,200907,1000
persistence,LA-OU,200909,3,14.716009999999999,15.0,0.0,0.0,15.0,200907,1000
persistence,LA-OU,200910,1,8.76207,9.0,0.0,0.0,6.0,200910,1000
persistence,LA-OU,200911,2,1.8482459999999998,2.0,0.0,0.0,13.0,200910,1000
persistence,LA-OU,200912,3,2.7500199999999997,3.0,0.0,0.0,18.0,200910,1000
persistence,LA-PH,200901,1,0.0002559999999999993,0.0,1.0,1.0,0.0,200901,1000
persistence,LA-PH,200902,2,0.0002559999999999993,0.0,1.0,1.0,0.0,200901,1000
persistence,LA-PH,200903,3,0.0003239999999999979,0.0,1.0,1.0,0.0,200901,1000
persistence,LA-PH,200904,1,0.0002559999999999993,0.0,1.0,1.0,0.0,200904,1000
persistence,LA-PH,200905,2,0.0002559999999999993,0.0,1.0,1.0,0.0,200904,1000
persistence,LA-PH,200906,3,0.0003239999999999979,0.0,1.0,1.0,0.0,200904,1000
persistence,LA-PH,200907,1,0.0002559999999999993,0.0,1.0,1.0,0.0,200907,1000
persistence,LA-PH,200909,3,0.0003239999999999979,0.0,1.0,1.0,0.0,200907,1000
persistence,LA-PH,200910,1,0.0002559999999999993,0.0,1.0,1.0,0.0,200910,1000
persistence,LA-PH,200911,2,0.0002559999999999993,0.0,1.0,1.0,0.0,200910,1000
persistence,LA-PH,200912,3,0.0003239999999999979,0.0,1.0,1.0,0.0,200910,1000
persistence,LA-SL,200801,1,5.888300000000001,7.0,0.0,0.0,0.0,200801,1000
persistence,LA-SL,200802,2,4.932642,6.0,0.0,0.0,1.0,200801,1000
persistence,LA-SL,200803,3,1.538814,2.0,1.0,0.0,5.0,200801,1000
persistence,LA-SL,200804,1,2.4083299999999994,3.0,0.0,0.0,2.0,200804,1000
persistence,LA-SL,200805,2,94.77106500000001,100.0,0.0,0.0,105.0,200804,1000
persistence,LA-SL,200806,3,215.529118,221.0,0.0,0.0,226.0,200804,1000
persistence,LA-SL,200807,1,144.638988,148.0,0.0,0.0,78.0,200807,1000
persistence,LA-SL,200808,2,157.654794,163.0,0.0,0.0,63.0,200807,1000
persistence,LA-SL,200809,3,135.591742,141.0,0.0,0.0,85.0,200807,1000
persistence,LA-SL,200810,1,5.024252000000001,6.0,0.0,0.0,91.0,200810,1000
persistence,LA-SL,200811,2,59.913664,64.0,0.0,0.0,21.0,200810,1000
persistence,LA-SL,200812,3,72.336984,77.0,0.0,0.0,8.0,200810,1000
persistence,LA-SL,200901,1,5.890064000000001,7.0,0.0,0.0,1.0,200901,1000
persistence,LA-SL,200902,2,14.107242999999999,16.0,0.0,0.0,24.0,200901,1000
persistence,LA-SL,200903,3,14.945415000000002,17.0,0.0,0.0,25.0,200901,1000
persistence,LA-SL,200904,1,5.018927,6.0,0.0,0.0,19.0,200904,1000
persistence,LA-SL,200905,2,91.851327,97.0,0.0,0.0,122.0,200904,1000
persistence,LA-SL,200906,3,14.970665,17.0,0.0,0.0,42.0,200904,1000
persistence,LA-SL,200907,1,118.6355,122.0,0.0,0.0,164.0,200907,1000
persistence,LA-SL,200908,2,80.18723700000001,85.0,0.0,0.0,127.0,200907,1000
persistence,LA-SL,200909,3,45.277277,49.0,0.0,0.0,91.0,200907,1000
persistence,LA-SL,200910,1,2.4346360000000002,3.0,0.0,0.0,94.0,200910,1000
persistence,LA-SL,200911,2,43.493157999999994,47.0,0.0,0.0,44.0,200910,1000
persistence,LA-SL,200912,3,69.439998,74.0,0.0,0.0,17.0,200910,1000
persistence,LA-SV,200801,1,4.8442229999999995,1.0,1.0,1.0,1.0,200801,1000
persistence,LA-SV,200802,2,8.673057,1.0,1.0,1.0,1.0,200801,1000
persistence,LA-SV,200803,3,12.976106999999999,1.0,1.0,1.0,1.0,200801,1000
persistence,LA-SV,200804,1,5.031711999999999,1.0,1.0,1.0,0.0,200804,1000
persistence,LA-SV,200805,2,8.798821000000004,0.0,1.0,1.0,1.0,200804,1000
persistence,LA-SV,200806,3,14.938783,9.0,1.0,1.0,10.0,200804,1000
persistence,LA-SV,200807,1,5.993041000000005,1.0,1.0,1.0,11.0,200807,1000
persistence,LA-SV,200808,2,11.269002999999998,6.0,1.0,1.0,4.0,200807,1000
persistence,LA-SV,200809,3,16.011347999999998,8.0,1.0,1.0,2.0,200807,1000
persistence,LA-SV,200810,1,7.473481,8.0,1.0,1.0,10.0,200810,1000
persistence,LA-SV,200811,2,8.967742000000001,0.0,1.0,1.0,2.0,200810,1000
persistence,LA-SV,200812,3,13.509918999999996,2.0,1.0,1.0,0.0,200810,1000
persistence,LA-SV,200901,1,4.710222999999999,0.0,1.0,1.0,0.0,200901,1000
persistence,LA-SV,200902,2,8.589056999999997,0.0,1.0,1.0,0.0,200901,1000
persistence,LA-SV,200903,3,12.924106999999992,0.0,1.0,1.0,0.0,200901,1000
persistence,LA-SV,200904,1,4.710222999999999,0.0,1.0,1.0,0.0,200904,1000
persistence,LA-SV,200905,2,8.589056999999997,0.0,1.0,1.0,0.0,200904,1000
persistence,LA-SV,200906,3,12.976106999999999,1.0,1.0,1.0,1.0,200904,1000
persistence,LA-SV,200907,1,9.081712000000003,12.0,1.0,1.0,13.0,200907,1000
persistence,LA-SV,200908,2,21.414821000000003,33.0,1.0,1.0,34.0,200907,1000
persistence,LA-SV,200909,3,29.858783000000003,47.0,1.0,1.0,48.0,200907,1000
persistence,LA-SV,200910,1,22.608721999999993,32.0,1.0,0.0,16.0,200910,1000
persistence,LA-SV,200911,2,17.216891000000004,15.0,1.0,1.0,33.0,200910,1000
persistence,LA-SV,200912,3,33.27619299999999,44.0,1.0,1.0,4.0,200910,1000
persistence,LA-VT,200801,1,43.562509000000006,69.0,1.0,0.0,29.0,200801,1000
persistence,LA-VT,200802,2,53.531439000000006,86.0,1.0,1.0,12.0,200801,1000
persistence,LA-VT,200803,3,53.29954199999999,72.0,1.0,1.0,26.0,200801,1000
persistence,LA-VT,200804,1,17.354836999999996,22.0,1.0,1.0,4.0,200804,1000
persistence,LA-VT,200805,2,23.829443999999995,9.0,1.0,1.0,17.0,200804,1000
persistence,LA-VT,200806,3,34.40855599999999,34.0,1.0,1.0,60.0,200804,1000
persistence,LA-VT,200807,1,44.285050999999996,72.0,1.0,0.0,132.0,200807,1000
persistence,LA-VT,200808,2,49.550028999999995,84.0,1.0,1.0,144.0,200807,1000
persistence,LA-VT,200809,3,57.28912399999999,98.0,1.0,1.0,158.0,200807,1000
persistence,LA-VT,200810,1,40.699749000000004,63.0,1.0,0.0,95.0,200810,1000
persistence,LA-VT,200811,2,36.577602999999996,29.0,1.0,1.0,129.0,200810,1000
persistence,LA-VT,200812,3,56.08934400000001,67.0,1.0,1.0,91.0,200810,1000
persistence,LA-VT,200901,1,33.955966000000004,53.0,1.0,0.0,38.0,200901,1000
persistence,LA-VT,200902,2,46.578158000000016,71.0,1.0,1.0,20.0,200901,1000
persistence,LA-VT,200903,3,52.60918800000002,72.0,1.0,1.0,19.0,200901,1000
persistence,LA-VT,200904,1,14.502862999999998,14.0,1.0,1.0,33.0,200904,1000
persistence,LA-VT,200905,2,26.674568000000008,35.0,1.0,1.0,54.0,200904,1000
persistence,LA-VT,200906,3,45.832223,85.0,1.0,1.0,104.0,200904,1000
persistence,LA-VT,200907,1,142.69739800000002,198.0,0.0,0.0,302.0,200907,1000
persistence,LA-VT,200908,2,166.135237,252.0,0.0,0.0,356.0,200907,1000
persistence,LA-VT,200909,3,238.83145099999996,366.0,0.0,0.0,470.0,200907,1000
persistence,LA-VT,200910,1,37.81561000000001,57.0,1.0,0.0,527.0,200910,1000
persistence,LA-VT,200911,2,44.86481699999999,51.0,1.0,1.0,521.0,200910,1000
persistence,LA-VT,200912,3,73.67705999999998,104.0,1.0,1.0,366.0,200910,1000
persistence,LA-XA,200801,1,1.370140000000001,1.0,1.0,1.0,0.0,200801,1000
persistence,LA-XA,200802,2,1.726794,1.0,1.0,1.0,0.0,200801,1000
persistence,LA-XA,200803,3,2.4291660000000004,1.0,1.0,1.0,0.0,200801,1000
persistence,LA-XA,200804,1,0.9566909999999993,0.0,1.0,1.0,0.0,200804,1000
persistence,LA-XA,200805,2,2.003665,2.0,1.0,1.0,2.0,200804,1000
persistence,LA-XA,200806,3,4.741557,6.0,1.0,0.0,6.0,200804,1000
persistence,LA-XA,200807,1,9.660272,13.0,1.0,0.0,19.0,200807,1000
persistence,LA-XA,200808,2,1.9991069999999986,1.0,1.0,1.0,7.0,200807,1000
persistence,LA-XA,200809,3,4.655937,5.0,1.0,0.0,1.0,200807,1000
persistence,LA-XA,200810,1,1.8581400000000006,2.0,1.0,1.0,3.0,200810,1000
persistence,LA-XA,200811,2,1.726794,1.0,1.0,1.0,2.0,200810,1000
persistence,LA-XA,200812,3,2.223166000000001,0.0,1.0,1.0,1.0,200810,1000
persistence,LA-XA,200901,1,1.370140000000001,1.0,1.0,1.0,0.0,200901,1000
persistence,LA-XA,200902,2,1.726794,1.0,1.0,1.0,0.0,200901,1000
persistence,LA-XA,200903,3,2.4291660000000004,1.0,1.0,1.0,0.0,200901,1000
persistence,LA-XA,200904,1,0.9566909999999993,0.0,1.0,1.0,0.0,200904,1000
persistence,LA-XA,200905,2,1.5876649999999994,1.0,1.0,1.0,1.0,200904,1000
persistence,LA-XA,200906,3,9.675557000000001,14.0,1.0,0.0,14.0,200904,1000
persistence,LA-XA,200907,1,2.7803690000000003,3.0,1.0,0.0,11.0,200907,1000
persistence,LA-XA,200908,2,17.094084000000002,23.0,1.0,0.0,37.0,200907,1000
persistence,LA-XA,200909,3,3.863987999999999,3.0,1.0,1.0,11.0,200907,1000
persistence,LA-XA,200910,1,4.720613,6.0,1.0,0.0,5.0,200910,1000
persistence,LA-XA,200911,2,4.825930999999999,6.0,1.0,0.0,5.0,200910,1000
persistence,LA-XA,200912,3,8.469738999999999,11.0,1.0,0.0,0.0,200910,1000
persistence,LA-XE,200801,1,0.6979409999999999,1.0,1.0,0.0,0.0,200801,1000
persistence,LA-XE,200802,2,0.6954600000000001,1.0,1.0,0.0,0.0,200801,1000
persistence,LA-XE,200803,3,0.6880539999999999,1.0,1.0,0.0,0.0,200801,1000
persistence,LA-XE,200804,1,0.06750500000000004,0.0,1.0,1.0,0.0,200804,1000
persistence,LA-XE,200805,2,0.07135999999999998,0.0,1.0,1.0,0.0,200804,1000
persistence,LA-XE,200806,3,4.053398,5.0,0.0,0.0,5.0,200804,1000
persistence,LA-XE,200807,1,4.160576,5.0,0.0,0.0,0.0,200807,1000
persistence,LA-XE,200808,2,4.131926999999999,5.0,0.0,0.0,0.0,200807,1000
persistence,LA-XE,200809,3,3.2153919999999996,4.0,0.0,0.0,1.0,200807,1000
persistence,LA-XE,200810,1,0.6979409999999999,1.0,1.0,0.0,0.0,200810,1000
persistence,LA-XE,200811,2,0.6954600000000001,1.0,1.0,0.0,0.0,200810,1000
persistence,LA-XE,200812,3,0.120054,0.0,1.0,1.0,1.0,200810,1000
persistence,LA-XE,200901,1,0.6979409999999999,1.0,1.0,0.0,0.0,200901,1000
persistence,LA-XE,200902,2,0.6954600000000001,1.0,1.0,0.0,2.0,200901,1000
persistence,LA-XE,200903,3,0.6880539999999999,1.0,1.0,0.0,2.0,200901,1000
persistence,LA-XE,200904,1,0.71307,1.0,1.0,0.0,1.0,200904,1000
persistence,LA-XE,200905,2,0.13210100000000002,0.0,1.0,1.0,2.0,200904,1000
persistence,LA-XE,200906,3,6.022938,7.0,0.0,0.0,9.0,200904,1000
persistence,LA-XE,200907,1,19.060946,20.0,0.0,0.0,29.0,200907,1000
persistence,LA-XE,200908,2,16.974494,18.0,0.0,0.0,27.0,200907,1000
persistence,LA-XE,200909,3,2.3166710000000004,3.0,0.0,0.0,6.0,200907,1000
persistence,LA-XE,200910,1,0.722745,1.0,1.0,0.0,7.0,200910,1000
persistence,LA-XE,200911,2,2.3122510000000003,3.0,0.0,0.0,3.0,200910,1000
persistence,LA-XE,200912,3,0.713921,1.0,1.0,0.0,7.0,200910,1000
persistence,LA-XI,200801,1,0.0006890000000000021,0.0,1.0,1.0,0.0,200801,1000
persistence,LA-XI,200802,2,0.0006890000000000021,0.0,1.0,1.0,0.0,200801,1000
persistence,LA-XI,200803,3,0.0007570000000000007,0.0,1.0,1.0,0.0,200801,1000
persistence,LA-XI,200804,1,0.0006890000000000021,0.0,1.0,1.0,0.0,200804,1000
persistence,LA-XI,200805,2,0.0006890000000000021,0.0,1.0,1.0,0.0,200804,1000
persistence,LA-XI,200806,3,0.948757,1.0,0.0,0.0,1.0,200804,1000
persistence,LA-XI,200807,1,0.951314,1.0,0.0,0.0,0.0,200807,1000
persistence,LA-XI,200808,2,0.951314,1.0,0.0,0.0,0.0,200807,1000
persistence,LA-XI,200809,3,0.9494329999999999,1.0,0.0,0.0,0.0,200807,1000
persistence,LA-XI,200810,1,0.0006890000000000021,0.0,1.0,1.0,0.0,200810,1000
persistence,LA-XI,200811,2,0.0006890000000000021,0.0,1.0,1.0,0.0,200810,1000
persistence,LA-XI,200812,3,0.0007570000000000007,0.0,1.0,1.0,0.0,200810,1000
persistence,LA-XI,200901,1,0.0006890000000000021,0.0,1.0,1.0,0.0,200901,1000
persistence,LA-XI,200902,2,0.0006890000000000021,0.0,1.0,1.0,0.0,200901,1000
persistence,LA-XI,200903,3,0.0007570000000000007,0.0,1.0,1.0,0.0,200901,1000
persistence,LA-XI,200904,1,0.0006890000000000021,0.0,1.0,1.0,0.0,200904,1000
persistence,LA-XI,200905,2,38.934689,39.0,0.0,0.0,39.0,200904,1000
persistence,LA-XI,200906,3,32.93075700000001,33.0,0.0,0.0,33.0,200904,1000
persistence,LA-XI,200907,1,31.935378,32.0,0.0,0.0,1.0,200907,1000
persistence,LA-XI,200908,2,22.935378,23.0,0.0,0.0,10.0,200907,1000
persistence,LA-XI,200909,3,32.931514,33.0,0.0,0.0,0.0,200907,1000
persistence,LA-XI,200910,1,0.0006890000000000021,0.0,1.0,1.0,0.0,200910,1000
persistence,LA-XI,200911,2,0.0006890000000000021,0.0,1.0,1.0,0.0,200910,1000
persistence,LA-XI,200912,3,0.0007570000000000007,0.0,1.0,1.0,0.0,200910,1000
reference,LA-AT,200801,1,2.4572515,3.25,0.25,0.25,4.0,200801,4000
reference,LA-AT,200802,2,1.0992047500000002,1.5,0.75,0.25,2.0,200801,4000
reference,LA-AT,200803,3,0.48845825,0.75,0.75,0.75,0.0,200801,4000
reference,LA-AT,200804,1,0.38526,0.125,1.0,1.0,0.0,200804,4000
reference,LA-AT,200805,2,1.7285335,3.0,1.0,0.0,4.0,200804,4000
reference,LA-AT,200806,3,4.66493025,8.0,1.0,0.0,10.0,200804,4000
reference,LA-AT,200807,1,2.3829085,0.25,1.0,1.0,6.0,200807,4000
reference,LA-AT,200808,2,3.801981,6.75,1.0,0.75,11.0,200807,4000
reference,LA-AT,200809,3,12.016339,19.0,0.5,0.0,24.0,200807,4000
reference,LA-AT,200810,1,33.646784499999995,42.25,0.0,0.0,47.0,200810,4000
reference,LA-AT,200811,2,35.3377105,40.5,0.0,0.0,43.0,200810,4000
reference,LA-AT,200812,3,17.632734,21.0,0.0,0.0,23.0,200810,4000
reference,LA-AT,200901,1,7.56566525,13.375,1.0,0.0,18.0,200901,4000
reference,LA-AT,200902,2,37.3167155,43.5,0.0,0.0,46.0,200901,4000
reference,LA-AT,200903,3,56.45955825,70.5,0.0,0.0,77.0,200901,4000
reference,LA-AT,200904,1,38.36334275,69.125,1.0,0.0,99.0,200904,4000
reference,LA-AT,200905,2,87.152383,114.625,0.0,0.0,0.0,200904,4000
reference,LA-AT,200906,3,73.05715699999999,97.125,1.0,0.0,24.0,200904,4000
reference,LA-AT,200907,1,101.925443,133.0,1.0,0.5,64.0,200907,4000
reference,LA-AT,200908,2,122.86303,164.625,0.75,0.0,21.0,200907,4000
reference,LA-AT,200909,3,231.48168225,299.5,0.0,0.0,17.0,200907,4000
reference,LA-AT,200910,1,38.96140075,47.875,0.75,0.0,4.0,200910,4000
reference,LA-AT,200911,2,31.62339425,37.0,1.0,0.75,16.0,200910,4000
reference,LA-AT,200912,3,29.561660749999994,37.0,1.0,0.0,6.0,200910,4000
reference,LA-BK,200801,1,0.785863,0.75,0.25,0.25,1.0,200801,4000
reference,LA-BK,200802,2,0.10902549999999998,0.25,1.0,1.0,0.0,200801,4000
reference,LA-BK,200803,3,0.1217505,0.25,1.0,1.0,0.0,200801,4000
reference,LA-BK,200804,1,0.02783575,0.0,1.0,1.0,0.0,200804,4000
reference,LA-BK,200805,2,10.8348715,12.0,0.0,0.0,12.0,200804,4000
reference,LA-BK,200806,3,51.481997,53.0,0.0,0.0,53.0,200804,4000
reference,LA-BK,200807,1,17.58906775,23.625,1.0,0.0,2.0,200807,4000
reference,LA-BK,200808,2,22.100853,25.25,1.0,0.25,9.0,200807,4000
reference,LA-BK,200809,3,64.000504,72.375,1.0,1.0,33.0,200807,4000
reference,LA-BK,200810,1,33.434669,21.75,1.0,1.0,48.0,200810,4000
reference,LA-BK,200811,2,42.18707775,50.75,0.0,0.0,55.0,200810,4000
reference,LA-BK,200812,3,1.79815475,3.25,1.0,0.75,5.0,200810,4000
reference,LA-BK,200901,1,0.43155475,0.0,1.0,1.0,1.0,200901,4000
reference,LA-BK,200902,2,0.29852025,0.0,1.0,1.0,0.0,200901,4000
reference,LA-BK,200903,3,0.5750872500000002,0.0,1.0,1.0,1.0,200901,4000
reference,LA-BK,200904,1,1.6307850000000004,1.0,1.0,1.0,3.0,200904,4000
reference,LA-BK,200905,2,43.53290225,62.75,0.0,0.0,74.0,200904,4000
reference,LA-BK,200906,3,134.538128,187.5,0.0,0.0,216.0,200904,4000
reference,LA-BK,200907,1,89.8696175,154.5,1.0,0.0,212.0,200907,4000
reference,LA-BK,200908,2,32.5540305,53.0,1.0,1.0,110.0,200907,4000
reference,LA-BK,200909,3,18.789362,2.25,1.0,1.0,52.0,200907,4000
reference,LA-BK,200910,1,26.750267249999997,27.375,1.0,1.0,31.0,200910,4000
reference,LA-BK,200911,2,18.334528499999998,23.875,1.0,0.0,5.0,200910,4000
reference,LA-BK,200912,3,6.4347255,8.0,1.0,1.0,4.0,200910,4000
reference,LA-BL,200801,1,5.1953185,8.0,0.0,0.0,10.0,200801,4000
reference,LA-BL,200802,2,4.92974825,6.0,0.25,0.0,7.0,200801,4000
reference,LA-BL,200803,3,1.29796675,2.25,0.75,0.75,1.0,200801,4000
reference,LA-BL,200804,1,3.08132025,2.5,1.0,1.0,3.0,200804,4000
reference,LA-BL,200805,2,5.0021255,8.0,1.0,1.0,15.0,200804,4000
reference,LA-BL,200806,3,7.1434222499999995,2.75,1.0,1.0,19.0,200804,4000
reference,LA-BL,200807,1,17.797534499999998,12.25,1.0,1.0,31.0,200807,4000
reference,LA-BL,200808,2,19.865002250000003,14.375,1.0,1.0,32.0,200807,4000
reference,LA-BL,200809,3,18.357721750000003,13.875,1.0,1.0,30.0,200807,4000
reference,LA-BL,200810,1,11.095471,15.125,1.0,0.0,5.0,200810,4000
reference,LA-BL,200811,2,3.7202622499999993,3.25,1.0,1.0,12.0,200810,4000
reference,LA-BL,200812,3,1.3904815,2.0,1.0,1.0,1.0,200810,4000
reference,LA-BL,200901,1,0.7061344999999999,1.0,1.0,1.0,2.0,200901,4000
reference,LA-BL,200902,2,1.4873054999999997,2.625,1.0,0.0,3.0,200901,4000
reference,LA-BL,200903,3,1.19987675,1.5,1.0,1.0,0.0,200901,4000
reference,LA-BL,200904,1,0.7533335000000001,1.0,1.0,1.0,2.0,200904,4000
reference,LA-BL,200905,2,3.3744217499999998,4.25,1.0,0.0,0.0,200904,4000
reference,LA-BL,200906,3,4.04896125,2.25,1.0,1.0,7.0,200904,4000
reference,LA-BL,200907,1,13.058269249999999,24.0,1.0,0.0,35.0,200907,4000
reference,LA-BL,200908,2,4.79656,2.5,1.0,1.0,9.0,200907,4000
reference,LA-BL,200909,3,9.076205,11.5,0.25,0.0,0.0,200907,4000
reference,LA-BL,200910,1,3.80502975,5.0,1.0,0.0,1.0,200910,4000
reference,LA-BL,200911,2,1.3181850000000002,1.0,1.0,1.0,2.0,200910,4000
reference,LA-BL,200912,3,0.45991775,0.0,1.0,1.0,1.0,200910,4000
reference,LA-CH,200801,1,31.90423075,51.0,0.75,0.0,73.0,200801,4000
reference,LA-CH,200802,2,49.4732335,71.375,0.75,0.0,90.0,200801,4000
reference,LA-CH,200803,3,53.652343,74.25,0.0,0.0,92.0,200801,4000
reference,LA-CH,200804,1,24.083442,11.25,1.0,1.0,69.0,200804,4000
reference,LA-CH,200805,2,37.956005250000004,17.0,1.0,1.0,113.0,200804,4000
reference,LA-CH,200806,3,101.41474975,46.0,1.0,1.0,295.0,200804,4000
reference,LA-CH,200807,1,134.01294000000001,142.125,1.0,1.0,162.0,200807,4000
reference,LA-CH,200808,2,82.86095600000002,66.625,1.0,1.0,143.0,200807,4000
reference,LA-CH,200809,3,94.78290925000002,61.75,1.0,1.0,185.0,200807,4000
reference,LA-CH,200810,1,39.5149015,48.375,1.0,1.0,140.0,200810,4000
reference,LA-CH,200811,2,31.35523675,51.0,1.0,0.75,102.0,200810,4000
reference,LA-CH,200812,3,22.991555500000004,40.0,1.0,0.75,73.0,200810,4000
reference,LA-CH,200901,1,9.739322000000001,10.25,1.0,1.0,31.0,200901,4000
reference,LA-CH,200902,2,23.39347,38.0,0.75,0.0,48.0,200901,4000
reference,LA-CH,200903,3,20.1857245,35.75,1.0,0.5,60.0,200901,4000
reference,LA-CH,200904,1,33.3295555,59.75,1.0,0.75,102.0,200904,4000
reference,LA-CH,200905,2,101.69403875000002,118.375,1.0,0.75,66.0,200904,4000
reference,LA-CH,200906,3,107.00372499999999,102.875,1.0,1.0,124.0,200904,4000
reference,LA-CH,200907,1,119.366096,135.75,1.0,1.0,122.0,200907,4000
reference,LA-CH,200908,2,79.32702949999998,74.75,1.0,1.0,110.0,200907,4000
reference,LA-CH,200909,3,96.46007150000003,108.625,1.0,1.0,105.0,200907,4000
reference,LA-CH,200910,1,23.769135749999997,6.625,1.0,1.0,59.0,200910,4000
reference,LA-CH,200911,2,36.107756249999994,40.125,1.0,1.0,35.0,200910,4000
reference,LA-CH,200912,3,22.196459000000004,19.0,1.0,1.0,32.0,200910,4000
reference,LA-HO,200801,1,0.20190050000000004,0.25,1.0,1.0,0.0,200801,4000
reference,LA-HO,200802,2,0.61940225,1.0,0.75,0.75,0.0,200801,4000
reference,LA-HO,200803,3,2.2223387499999996,2.75,0.75,0.75,0.0,200801,4000
reference,LA-HO,200804,1,0.05633875000000002,0.0,1.0,1.0,0.0,200804,4000
reference,LA-HO,200805,2,0.038491,0.0,1.0,1.0,0.0,200804,4000
reference,LA-HO,200806,3,0.04734200000000001,0.0,1.0,1.0,0.0,200804,4000
reference,LA-HO,200807,1,0.017929250000000008,0.0,1.0,1.0,0.0,200807,4000
reference,LA-HO,200808,2,0.02371475,0.0,1.0,1.0,0.0,200807,4000
reference,LA-HO,200809,3,0.72078525,1.0,1.0,0.0,1.0,200807,4000
reference,LA-HO,200810,1,0.03925250000000001,0.0,1.0,1.0,0.0,200810,4000
reference,LA-HO,200811,2,0.006991250000000001,0.0,1.0,1.0,0.0,200810,4000
reference,LA-HO,200812,3,0.9073352499999999,1.0,0.0,0.0,1.0,200810,4000
reference,LA-HO,200901,1,0.01900774999999999,0.0,1.0,1.0,0.0,200901,4000
reference,LA-HO,200902,2,0.03036724999999999,0.0,1.0,1.0,0.0,200901,4000
reference,LA-HO,200903,3,0.022481,0.0,1.0,1.0,0.0,200901,4000
reference,LA-HO,200904,1,0.005353,0.0,1.0,1.0,0.0,200904,4000
reference,LA-HO,200905,2,0.018554249999999994,0.0,1.0,1.0,0.0,200904,4000
reference,LA-HO,200906,3,0.055629250000000005,0.0,1.0,1.0,0.0,200904,4000
reference,LA-HO,200907,1,0.02884600000000001,0.0,1.0,1.0,0.0,200907,4000
reference,LA-HO,200908,2,0.04879625000000001,0.0,1.0,1.0,0.0,200907,4000
reference,LA-HO,200909,3,0.68236725,1.0,1.0,0.0,1.0,200907,4000
reference,LA-HO,200910,1,0.63160775,1.0,1.0,0.0,1.0,200910,4000
reference,LA-HO,200911,2,0.81543975,1.0,0.25,0.0,1.0,200910,4000
reference,LA-HO,200912,3,0.9192335,1.0,0.0,0.0,1.0,200910,4000
reference,LA-KH,200801,1,1.49521,2.125,0.75,0.75,0.0,200801,4000
reference,LA-KH,200802,2,0.6627952500000001,0.75,0.75,0.75,0.0,200801,4000
reference,LA-KH,200803,3,1.04225825,1.25,0.75,0.75,0.0,200801,4000
reference,LA-KH,200804,1,0.21798325000000002,0.0,1.0,1.0,0.0,200804,4000
reference,LA-KH,200805,2,0.33096899999999996,0.0,1.0,1.0,0.0,200804,4000
reference,LA-KH,200806,3,0.6611834999999998,0.0,1.0,1.0,1.0,200804,4000
reference,LA-KH,200807,1,1.4723185,3.0,1.0,0.0,3.0,200807,4000
reference,LA-KH,200808,2,0.37484525,0.0,1.0,1.0,0.0,200807,4000
reference,LA-KH,200809,3,2.2661735,4.0,1.0,0.0,4.0,200807,4000
reference,LA-KH,200810,1,0.5198725,0.0,1.0,1.0,1.0,200810,4000
reference,LA-KH,200811,2,1.57417125,2.75,1.0,0.0,3.0,200810,4000
reference,LA-KH,200812,3,3.34946225,4.0,0.0,0.0,4.0,200810,4000
reference,LA-KH,200901,1,0.09040524999999996,0.0,1.0,1.0,0.0,200901,4000
reference,LA-KH,200902,2,0.027851999999999995,0.0,1.0,1.0,0.0,200901,4000
reference,LA-KH,200903,3,4.5622155,6.0,0.0,0.0,6.0,200901,4000
reference,LA-KH,200904,1,0.7376475000000001,1.0,1.0,1.0,0.0,200904,4000
reference,LA-KH,200905,2,1.946533,2.25,1.0,1.0,6.0,200904,4000
reference,LA-KH,200906,3,57.864231249999996,73.25,0.0,0.0,80.0,200904,4000
reference,LA-KH,200907,1,91.641744,130.25,0.0,0.0,155.0,200907,4000
reference,LA-KH,200908,2,235.30771349999998,280.0,0.0,0.0,303.0,200907,4000
reference,LA-KH,200909,3,204.419162,253.0,0.0,0.0,277.0,200907,4000
reference,LA-KH,200910,1,25.25099125,23.0,1.0,1.0,85.0,200910,4000
reference,LA-KH,200911,2,18.89023425,33.0,1.0,0.75,61.0,200910,4000
reference,LA-KH,200912,3,39.816269,57.0,0.0,0.0,67.0,200910,4000
reference,LA-LM,200801,1,0.181996,0.25,1.0,1.0,0.0,200801,4000
reference,LA-LM,200802,2,0.17153949999999998,0.25,1.0,1.0,0.0,200801,4000
reference,LA-LM,200803,3,0.21189025,0.25,1.0,1.0,0.0,200801,4000
reference,LA-LM,200804,1,0.002901250000000001,0.0,1.0,1.0,0.0,200804,4000
reference,LA-LM,200805,2,0.013365500000000002,0.0,1.0,1.0,0.0,200804,4000
reference,LA-LM,200806,3,0.014864750000000003,0.0,1.0,1.0,0.0,200804,4000
reference,LA-LM,200807,1,0.06684699999999998,0.0,1.0,1.0,0.0,200807,4000
reference,LA-LM,200808,2,0.05027124999999999,0.0,1.0,1.0,0.0,200807,4000
reference,LA-LM,200809,3,0.05579524999999998,0.0,1.0,1.0,0.0,200807,4000
reference,LA-LM,200810,1,0.011872249999999997,0.0,1.0,1.0,0.0,200810,4000
reference,LA-LM,200811,2,0.001981499999999997,0.0,1.0,1.0,0.0,200810,4000
reference,LA-LM,200812,3,0.0005920000000000005,0.0,1.0,1.0,0.0,200810,4000
reference,LA-LM,200901,1,0.00020574999999999977,0.0,1.0,1.0,0.0,200901,4000
reference,LA-LM,200902,2,6.400000000000025e-05,0.0,1.0,1.0,0.0,200901,4000
reference,LA-LM,200903,3,0.00023749999999999986,0.0,1.0,1.0,0.0,200901,4000
reference,LA-LM,200904,1,0.8912962499999999,1.0,0.0,0.0,1.0,200904,4000
reference,LA-LM,200905,2,0.011660749999999998,0.0,1.0,1.0,0.0,200904,4000
reference,LA-LM,200906,3,1.5536385,2.0,0.0,0.0,2.0,200904,4000
reference,LA-LM,200907,1,0.5634492499999999,0.0,1.0,1.0,1.0,200907,4000
reference,LA-LM,200908,2,0.94004475,1.0,1.0,1.0,0.0,200907,4000
reference,LA-LM,200909,3,1.64434375,3.0,1.0,0.0,4.0,200907,4000
reference,LA-LM,200910,1,2.6351455,4.0,1.0,0.0,5.0,200910,4000
reference,LA-LM,200911,2,4.51093775,6.0,0.0,0.0,6.0,200910,4000
reference,LA-LM,200912,3,3.3872857499999998,4.0,0.0,0.0,4.0,200910,4000
reference,LA-LP,200801,1,1.0574145,1.5,1.0,0.75,0.0,200801,4000
reference,LA-LP,200802,2,13.788320500000001,15.25,0.0,0.0,16.0,200801,4000
reference,LA-LP,200803,3,19.51043975,21.25,0.0,0.0,22.0,200801,4000
reference,LA-LP,200804,1,11.537236,20.5,1.0,0.25,33.0,200804,4000
reference,LA-LP,200805,2,57.674244,92.5,0.75,0.0,116.0,200804,4000
reference,LA-LP,200806,3,70.18981500000001,119.875,1.0,0.0,160.0,200804,4000
reference,LA-LP,200807,1,123.47188349999999,165.125,0.75,0.0,16.0,200807,4000
reference,LA-LP,200808,2,115.31915824999997,157.375,0.25,0.0,13.0,200807,4000
reference,LA-LP,200809,3,99.66867699999999,135.375,0.75,0.0,14.0,200807,4000
reference,LA-LP,200810,1,28.576387249999996,30.375,1.0,1.0,33.0,200810,4000
reference,LA-LP,200811,2,53.10374,86.5,0.75,0.0,116.0,200810,4000
reference,LA-LP,200812,3,127.41190675,149.75,0.0,0.0,161.0,200810,4000
reference,LA-LP,200901,1,8.5558965,10.875,0.5,0.0,0.0,200901,4000
reference,LA-LP,200902,2,5.92632925,7.875,1.0,0.0,0.0,200901,4000
reference,LA-LP,200903,3,12.532323250000001,16.125,0.0,0.0,0.0,200901,4000
reference,LA-LP,200904,1,15.421691250000002,20.0,0.0,0.0,0.0,200904,4000
reference,LA-LP,200905,2,36.32875075,46.625,0.0,0.0,0.0,200904,4000
reference,LA-LP,200906,3,75.2784345,95.5,0.75,0.0,9.0,200904,4000
reference,LA-LP,200907,1,21.54772775,27.25,0.0,0.0,30.0,200907,4000
reference,LA-LP,200908,2,22.435132,28.75,0.0,0.0,32.0,200907,4000
reference,LA-LP,200909,3,303.12593125,310.0,0.0,0.0,313.0,200907,4000
reference,LA-LP,200910,1,99.93562725000001,139.75,0.0,0.0,165.0,200910,4000
reference,LA-LP,200911,2,54.40982475,74.5,0.0,0.0,87.0,200910,4000
reference,LA-LP,200912,3,3.0576297500000003,4.25,1.0,0.0,0.0,200910,4000
reference,LA-OU,200801,1,0.34729674999999993,0.5,1.0,0.75,0.0,200801,4000
reference,LA-OU,200802,2,0.32245675,0.5,1.0,0.75,0.0,200801,4000
reference,LA-OU,200803,3,0.42500474999999993,0.5,1.0,0.75,0.0,200801,4000
reference,LA-OU,200804,1,0.0038785000000000017,0.0,1.0,1.0,0.0,200804,4000
reference,LA-OU,200805,2,0.012212249999999994,0.0,1.0,1.0,0.0,200804,4000
reference,LA-OU,200806,3,0.017833750000000002,0.0,1.0,1.0,0.0,200804,4000
reference,LA-OU,200807,1,0.0873805,0.0,1.0,1.0,0.0,200807,4000
reference,LA-OU,200808,2,0.058644749999999995,0.0,1.0,1.0,0.0,200807,4000
reference,LA-OU,200809,3,0.05711725000000002,0.0,1.0,1.0,0.0,200807,4000
reference,LA-OU,200810,1,0.010455249999999996,0.0,1.0,1.0,0.0,200810,4000
reference,LA-OU,200811,2,0.002706750000000001,0.0,1.0,1.0,0.0,200810,4000
reference,LA-OU,200812,3,0.0004552500000000008,0.0,1.0,1.0,0.0,200810,4000
reference,LA-OU,200901,1,0.00023799999999999906,0.0,1.0,1.0,0.0,200901,4000
reference,LA-OU,200902,2,7.600000000000011e-05,0.0,1.0,1.0,0.0,200901,4000
reference,LA-OU,200903,3,0.000542,0.0,1.0,1.0,0.0,200901,4000
reference,LA-OU,200904,1,0.005435999999999996,0.0,1.0,1.0,0.0,200904,4000
reference,LA-OU,200905,2,0.020895500000000004,0.0,1.0,1.0,0.0,200904,4000
reference,LA-OU,200906,3,0.06052925000000002,0.0,1.0,1.0,0.0,200904,4000
reference,LA-OU,200907,1,0.08269575000000003,0.0,1.0,1.0,0.0,200907,4000
reference,LA-OU,200908,2,0.55958175,1.0,1.0,1.0,1.0,200907,4000
reference,LA-OU,200909,3,13.9160955,15.0,0.0,0.0,15.0,200907,4000
reference,LA-OU,200910,1,2.87477675,5.0,1.0,0.0,6.0,200910,4000
reference,LA-OU,200911,2,10.8018955,12.75,0.0,0.0,13.0,200910,4000
reference,LA-OU,200912,3,17.1782135,18.0,0.0,0.0,18.0,200910,4000
reference,LA-PH,200901,1,0.015839999999999986,0.0,1.0,1.0,0.0,200901,4000
reference,LA-PH,200902,2,0.01716224999999999,0.0,1.0,1.0,0.0,200901,4000
reference,LA-PH,200903,3,0.02211575000000003,0.0,1.0,1.0,0.0,200901,4000
reference,LA-PH,200904,1,0.0041624999999999995,0.0,1.0,1.0,0.0,200904,4000
reference,LA-PH,200905,2,0.012174500000000005,0.0,1.0,1.0,0.0,200904,4000
reference,LA-PH,200906,3,0.04094424999999999,0.0,1.0,1.0,0.0,200904,4000
reference,LA-PH,200907,1,0.027505499999999974,0.0,1.0,1.0,0.0,200907,4000
reference,LA-PH,200909,3,0.04156424999999998,0.0,1.0,1.0,0.0,200907,4000
reference,LA-PH,200910,1,0.007519500000000002,0.0,1.0,1.0,0.0,200910,4000
reference,LA-PH,200911,2,0.0026622499999999997,0.0,1.0,1.0,0.0,200910,4000
reference,LA-PH,200912,3,0.0004547500000000003,0.0,1.0,1.0,0.0,200910,4000
reference,LA-SL,200801,1,2.008269,2.5,0.75,0.75,0.0,200801,4000
reference,LA-SL,200802,2,0.798758,1.5,1.0,0.75,1.0,200801,4000
reference,LA-SL,200803,3,3.0200287500000003,3.75,0.25,0.25,5.0,200801,4000
reference,LA-SL,200804,1,0.96721925,0.0,1.0,1.0,2.0,200804,4000
reference,LA-SL,200805,2,91.89682375000001,101.25,0.0,0.0,105.0,200804,4000
reference,LA-SL,200806,3,191.8838315,216.25,0.0,0.0,226.0,200804,4000
reference,LA-SL,200807,1,43.57102449999999,31.125,1.0,1.0,78.0,200807,4000
reference,LA-SL,200808,2,41.580563500000004,36.25,1.0,1.0,63.0,200807,4000
reference,LA-SL,200809,3,42.135079250000004,25.625,1.0,1.0,85.0,200807,4000
reference,LA-SL,200810,1,29.17136675,11.125,1.0,1.0,91.0,200810,4000
reference,LA-SL,200811,2,16.081771500000002,15.75,1.0,1.0,21.0,200810,4000
reference,LA-SL,200812,3,7.831851750000001,8.75,1.0,1.0,8.0,200810,4000
reference,LA-SL,200901,1,1.8639099999999997,2.25,1.0,1.0,1.0,200901,4000
reference,LA-SL,200902,2,19.12352125,22.75,0.0,0.0,24.0,200901,4000
reference,LA-SL,200903,3,12.92872575,20.25,0.25,0.0,25.0,200901,4000
reference,LA-SL,200904,1,6.5596335,3.875,1.0,1.0,19.0,200904,4000
reference,LA-SL,200905,2,37.6246675,60.25,1.0,1.0,122.0,200904,4000
reference,LA-SL,200906,3,40.175968499999996,40.375,1.0,1.0,42.0,200904,4000
reference,LA-SL,200907,1,54.898374749999995,18.875,1.0,1.0,164.0,200907,4000
reference,LA-SL,200908,2,45.17708075,4.75,1.0,1.0,127.0,200907,4000
reference,LA-SL,200909,3,38.8448645,13.5,1.0,1.0,91.0,200907,4000
reference,LA-SL,200910,1,31.01223275,56.0,1.0,0.5,94.0,200910,4000
reference,LA-SL,200911,2,17.389995750000004,6.0,1.0,1.0,44.0,200910,4000
reference,LA-SL,200912,3,8.968936750000001,5.125,1.0,1.0,17.0,200910,4000
reference,LA-SV,200801,1,7.59971825,9.75,0.75,0.0,1.0,200801,4000
reference,LA-SV,200802,2,2.4666615,3.0,0.75,0.75,1.0,200801,4000
reference,LA-SV,200803,3,2.258521,2.5,0.75,0.75,1.0,200801,4000
reference,LA-SV,200804,1,1.0633825,1.25,1.0,1.0,0.0,200804,4000
reference,LA-SV,200805,2,1.4249987499999999,1.75,1.0,1.0,1.0,200804,4000
reference,LA-SV,200806,3,4.216407250000001,0.5,1.0,1.0,10.0,200804,4000
reference,LA-SV,200807,1,4.44315875,0.625,1.0,1.0,11.0,200807,4000
reference,LA-SV,200808,2,4.804307,4.875,1.0,1.0,4.0,200807,4000
reference,LA-SV,200809,3,6.90646775,8.375,1.0,0.0,2.0,200807,4000
reference,LA-SV,200810,1,3.147438749999999,5.5,1.0,1.0,10.0,200810,4000
reference,LA-SV,200811,2,0.9019055,0.25,1.0,1.0,2.0,200810,4000
reference,LA-SV,200812,3,0.48036799999999996,1.0,1.0,1.0,0.0,200810,4000
reference,LA-SV,200901,1,0.09452849999999999,0.0,1.0,1.0,0.0,200901,4000
reference,LA-SV,200902,2,0.01757999999999999,0.0,1.0,1.0,0.0,200901,4000
reference,LA-SV,200903,3,0.15729125,0.0,1.0,1.0,0.0,200901,4000
reference,LA-SV,200904,1,0.19637800000000002,0.0,1.0,1.0,0.0,200904,4000
reference,LA-SV,200905,2,1.0969665000000002,1.375,1.0,1.0,0.0,200904,4000
reference,LA-SV,200906,3,1.53486675,1.625,1.0,1.0,1.0,200904,4000
reference,LA-SV,200907,1,9.996032750000001,12.0,0.0,0.0,13.0,200907,4000
reference,LA-SV,200908,2,30.6935975,33.5,0.0,0.0,34.0,200907,4000
reference,LA-SV,200909,3,44.91700375,48.0,0.0,0.0,48.0,200907,4000
reference,LA-SV,200910,1,5.1910115,9.25,1.0,0.75,16.0,200910,4000
reference,LA-SV,200911,2,22.505297249999998,29.5,0.0,0.0,33.0,200910,4000
reference,LA-SV,200912,3,1.4474040000000001,2.75,1.0,0.75,4.0,200910,4000
reference,LA-VT,200801,1,9.990992250000001,6.25,1.0,0.75,29.0,200801,4000
reference,LA-VT,200802,2,4.68100875,8.0,1.0,0.75,12.0,200801,4000
reference,LA-VT,200803,3,13.903716500000002,19.0,0.25,0.25,26.0,200801,4000
reference,LA-VT,200804,1,16.70790925,21.375,1.0,0.0,4.0,200804,4000
reference,LA-VT,200805,2,23.56919575,29.125,1.0,1.0,17.0,200804,4000
reference,LA-VT,200806,3,91.94870750000001,112.75,1.0,0.75,60.0,200804,4000
reference,LA-VT,200807,1,105.78140475,111.375,1.0,1.0,132.0,200807,4000
reference,LA-VT,200808,2,81.48967300000001,51.625,1.0,1.0,144.0,200807,4000
reference,LA-VT,200809,3,64.17930174999998,15.375,1.0,1.0,158.0,200807,4000
reference,LA-VT,200810,1,27.26922325,39.875,1.0,1.0,95.0,200810,4000
reference,LA-VT,200811,2,67.32248150000001,102.625,0.25,0.0,129.0,200810,4000
reference,LA-VT,200812,3,57.740305,78.25,0.0,0.0,91.0,200810,4000
reference,LA-VT,200901,1,20.14893775,31.25,0.25,0.0,38.0,200901,4000
reference,LA-VT,200902,2,13.13932475,18.0,0.0,0.0,20.0,200901,4000
reference,LA-VT,200903,3,6.058705250000001,9.625,1.0,1.0,19.0,200901,4000
reference,LA-VT,200904,1,12.425606000000002,2.75,1.0,1.0,33.0,200904,4000
reference,LA-VT,200905,2,93.41276324999998,115.625,1.0,0.5,54.0,200904,4000
reference,LA-VT,200906,3,190.8269285,237.75,1.0,0.25,104.0,200904,4000
reference,LA-VT,200907,1,120.53118950000002,35.5,1.0,1.0,302.0,200907,4000
reference,LA-VT,200908,2,109.86835375,68.875,1.0,1.0,356.0,200907,4000
reference,LA-VT,200909,3,140.3396875,209.5,1.0,1.0,470.0,200907,4000
reference,LA-VT,200910,1,243.76640575,399.75,0.75,0.0,527.0,200910,4000
reference,LA-VT,200911,2,318.84125225,443.5,0.0,0.0,521.0,200910,4000
reference,LA-VT,200912,3,264.46156175,330.125,0.0,0.0,366.0,200910,4000
reference,LA-XA,200801,1,1.4927725,2.0,0.75,0.75,0.0,200801,4000
reference,LA-XA,200802,2,0.731611,0.75,0.75,0.75,0.0,200801,4000
reference,LA-XA,200803,3,0.6368742500000001,0.75,0.75,0.75,0.0,200801,4000
reference,LA-XA,200804,1,0.05736699999999999,0.0,1.0,1.0,0.0,200804,4000
reference,LA-XA,200805,2,1.178686,2.0,1.0,0.0,2.0,200804,4000
reference,LA-XA,200806,3,4.20205375,6.0,0.0,0.0,6.0,200804,4000
reference,LA-XA,200807,1,10.212292,16.0,0.25,0.0,19.0,200807,4000
reference,LA-XA,200808,2,2.65588975,4.75,1.0,0.25,7.0,200807,4000
reference,LA-XA,200809,3,0.9647527499999999,1.0,1.0,1.0,1.0,200807,4000
reference,LA-XA,200810,1,1.09633775,0.0,1.0,1.0,3.0,200810,4000
reference,LA-XA,200811,2,0.69790025,0.75,1.0,1.0,2.0,200810,4000
reference,LA-XA,200812,3,0.3772952499999999,0.75,1.0,1.0,1.0,200810,4000
reference,LA-XA,200901,1,0.1072325,0.0,1.0,1.0,0.0,200901,4000
reference,LA-XA,200902,2,0.046599999999999996,0.0,1.0,1.0,0.0,200901,4000
reference,LA-XA,200903,3,0.23345249999999998,0.0,1.0,1.0,0.0,200901,4000
reference,LA-XA,200904,1,0.21176525,0.0,1.0,1.0,0.0,200904,4000
reference,LA-XA,200905,2,0.6325092500000001,0.0,1.0,1.0,1.0,200904,4000
reference,LA-XA,200906,3,7.30196075,11.75,0.75,0.0,14.0,200904,4000
reference,LA-XA,200907,1,4.06975125,7.25,1.0,0.0,11.0,200907,4000
reference,LA-XA,200908,2,25.645254,33.5,0.0,0.0,37.0,200907,4000
reference,LA-XA,200909,3,4.246188749999999,7.25,1.0,0.0,11.0,200907,4000
reference,LA-XA,200910,1,2.8559392500000005,2.0,1.0,1.0,5.0,200910,4000
reference,LA-XA,200911,2,1.5939185,1.5,1.0,1.0,5.0,200910,4000
reference,LA-XA,200912,3,0.9243319999999999,1.0,1.0,1.0,0.0,200910,4000
reference,LA-XE,200801,1,0.15751625,0.25,1.0,1.0,0.0,200801,4000
reference,LA-XE,200802,2,0.11956575000000001,0.25,1.0,1.0,0.0,200801,4000
reference,LA-XE,200803,3,0.11213799999999999,0.25,1.0,1.0,0.0,200801,4000
reference,LA-XE,200804,1,0.020304999999999997,0.0,1.0,1.0,0.0,200804,4000
reference,LA-XE,200805,2,0.05522600000000001,0.0,1.0,1.0,0.0,200804,4000
reference,LA-XE,200806,3,3.95878425,5.0,0.0,0.0,5.0,200804,4000
reference,LA-XE,200807,1,0.62864525,1.0,1.0,1.0,0.0,200807,4000
reference,LA-XE,200808,2,0.7163724999999999,1.0,1.0,1.0,0.0,200807,4000
reference,LA-XE,200809,3,0.57480975,0.0,1.0,1.0,1.0,200807,4000
reference,LA-XE,200810,1,0.42147025000000005,0.75,1.0,1.0,0.0,200810,4000
reference,LA-XE,200811,2,0.16011325,0.0,1.0,1.0,0.0,200810,4000
reference,LA-XE,200812,3,0.59467375,1.0,1.0,0.25,1.0,200810,4000
reference,LA-XE,200901,1,0.006704749999999999,0.0,1.0,1.0,0.0,200901,4000
reference,LA-XE,200902,2,1.853577,2.0,0.0,0.0,2.0,200901,4000
reference,LA-XE,200903,3,1.74061525,2.0,0.0,0.0,2.0,200901,4000
reference,LA-XE,200904,1,0.3970312500000001,1.0,1.0,1.0,1.0,200904,4000
reference,LA-XE,200905,2,0.7435584999999998,1.0,1.0,1.0,2.0,200904,4000
reference,LA-XE,200906,3,4.48276225,7.0,1.0,0.0,9.0,200904,4000
reference,LA-XE,200907,1,16.940079500000003,24.25,0.0,0.0,29.0,200907,4000
reference,LA-XE,200908,2,13.796498750000001,22.0,0.5,0.0,27.0,200907,4000
reference,LA-XE,200909,3,1.9888265000000003,1.5,1.0,1.0,6.0,200907,4000
reference,LA-XE,200910,1,2.48017675,3.0,1.0,1.0,7.0,200910,4000
reference,LA-XE,200911,2,11.220477249999998,13.0,1.0,0.0,3.0,200910,4000
reference,LA-XE,200912,3,7.5147587499999995,5.5,1.0,1.0,7.0,200910,4000
reference,LA-XI,200801,1,0.29496949999999994,0.5,1.0,0.75,0.0,200801,4000
reference,LA-XI,200802,2,0.6363515000000001,1.0,0.75,0.75,0.0,200801,4000
reference,LA-XI,200803,3,1.22795225,1.75,0.75,0.75,0.0,200801,4000
reference,LA-XI,200804,1,0.004679999999999995,0.0,1.0,1.0,0.0,200804,4000
reference,LA-XI,200805,2,0.004919000000000003,0.0,1.0,1.0,0.0,200804,4000
reference,LA-XI,200806,3,0.829436,1.0,0.0,0.0,1.0,200804,4000
reference,LA-XI,200807,1,0.11965675,0.0,1.0,1.0,0.0,200807,4000
reference,LA-XI,200808,2,0.12279874999999998,0.0,1.0,1.0,0.0,200807,4000
reference,LA-XI,200809,3,0.12201075000000002,0.0,1.0,1.0,0.0,200807,4000
reference,LA-XI,200810,1,0.042485,0.0,1.0,1.0,0.0,200810,4000
reference,LA-XI,200811,2,0.0125625,0.0,1.0,1.0,0.0,200810,4000
reference,LA-XI,200812,3,0.005175249999999999,0.0,1.0,1.0,0.0,200810,4000
reference,LA-XI,200901,1,0.0019145000000000013,0.0,1.0,1.0,0.0,200901,4000
reference,LA-XI,200902,2,0.001712749999999999,0.0,1.0,1.0,0.0,200901,4000
reference,LA-XI,200903,3,0.0018939999999999999,0.0,1.0,1.0,0.0,200901,4000
reference,LA-XI,200904,1,0.0011005000000000008,0.0,1.0,1.0,0.0,200904,4000
reference,LA-XI,200905,2,38.82913975,39.0,0.0,0.0,39.0,200904,4000
reference,LA-XI,200906,3,32.67115525,33.0,0.0,0.0,33.0,200904,4000
reference,LA-XI,200907,1,12.9594865,17.75,0.5,0.0,1.0,200907,4000
reference,LA-XI,200908,2,12.039135000000002,14.375,1.0,1.0,10.0,200907,4000
reference,LA-XI,200909,3,16.07659725,20.75,0.0,0.0,0.0,200907,4000
reference,LA-XI,200910,1,12.543454999999998,16.625,0.0,0.0,0.0,200910,4000
reference,LA-XI,200911,2,5.573164,7.25,1.0,0.0,0.0,200910,4000
reference,LA-XI,200912,3,2.57199575,3.625,1.0,0.0,0.0,200910,4000
reference_r1,LA-AT,200801,1,0.8701579999999998,1.0,1.0,1.0,4.0,200801,1000
reference_r1,LA-AT,200802,2,0.39119399999999993,0.0,1.0,1.0,2.0,200801,1000
reference_r1,LA-AT,200803,3,1.794122,3.0,0.0,0.0,0.0,200801,1000
reference_r1,LA-AT,200804,1,0.384914,0.0,1.0,1.0,0.0,200804,1000
reference_r1,LA-AT,200805,2,1.704599,3.0,1.0,0.0,4.0,200804,1000
reference_r1,LA-AT,200806,3,4.816589,8.0,1.0,0.0,10.0,200804,1000
reference_r1,LA-AT,200807,1,2.290749000000001,0.0,1.0,1.0,6.0,200807,1000
reference_r1,LA-AT,200808,2,3.9846600000000008,7.0,1.0,1.0,11.0,200807,1000
reference_r1,LA-AT,200809,3,11.721570000000002,19.0,1.0,0.0,24.0,200807,1000
reference_r1,LA-AT,200810,1,33.313933,43.0,0.0,0.0,47.0,200810,1000
reference_r1,LA-AT,200811,2,36.189710999999996,41.0,0.0,0.0,43.0,200810,1000
reference_r1,LA-AT,200812,3,17.664884,21.0,0.0,0.0,23.0,200810,1000
reference_r1,LA-AT,200901,1,7.306691,13.0,1.0,0.0,18.0,200901,1000
reference_r1,LA-AT,200902,2,36.726046999999994,43.0,0.0,0.0,46.0,200901,1000
reference_r1,LA-AT,200903,3,55.342177,70.0,0.0,0.0,77.0,200901,1000
reference_r1,LA-AT,200904,1,38.844134999999994,69.5,1.0,0.0,99.0,200904,1000
reference_r1,LA-AT,200905,2,85.718169,118.5,0.0,0.0,0.0,200904,1000
reference_r1,LA-AT,200906,3,69.267563,90.5,1.0,0.0,24.0,200904,1000
reference_r1,LA-AT,200907,1,99.73449,129.0,1.0,1.0,64.0,200907,1000
reference_r1,LA-AT,200908,2,104.40689699999999,138.0,1.0,0.0,21.0,200907,1000
reference_r1,LA-AT,200909,3,246.164192,325.5,0.0,0.0,17.0,200907,1000
reference_r1,LA-AT,200910,1,42.180434000000005,53.5,0.0,0.0,4.0,200910,1000
reference_r1,LA-AT,200911,2,25.436447,27.0,1.0,1.0,16.0,200910,1000
reference_r1,LA-AT,200912,3,32.02385699999999,41.0,1.0,0.0,6.0,200910,1000
reference_r1,LA-BK,200801,1,0.316843,0.0,1.0,1.0,1.0,200801,1000
reference_r1,LA-BK,200802,2,0.43552899999999994,1.0,1.0,1.0,0.0,200801,1000
reference_r1,LA-BK,200803,3,0.486865,1.0,1.0,1.0,0.0,200801,1000
reference_r1,LA-BK,200804,1,0.025907000000000013,0.0,1.0,1.0,0.0,200804,1000
reference_r1,LA-BK,200805,2,10.870311000000001,12.0,0.0,0.0,12.0,200804,1000
reference_r1,LA-BK,200806,3,51.50252,53.0,0.0,0.0,53.0,200804,1000
reference_r1,LA-BK,200807,1,17.612711,24.5,1.0,0.0,2.0,200807,1000
reference_r1,LA-BK,200808,2,18.784249000000003,22.0,1.0,1.0,9.0,200807,1000
reference_r1,LA-BK,200809,3,61.45657,69.5,1.0,1.0,33.0,200807,1000
reference_r1,LA-BK,200810,1,38.75513700000002,26.0,1.0,1.0,48.0,200810,1000
reference_r1,LA-BK,200811,2,43.224262,51.0,0.0,0.0,55.0,200810,1000
reference_r1,LA-BK,200812,3,1.8787690000000001,4.0,1.0,0.0,5.0,200810,1000
reference_r1,LA-BK,200901,1,0.427416,0.0,1.0,1.0,1.0,200901,1000
reference_r1,LA-BK,200902,2,0.35779899999999987,0.0,1.0,1.0,0.0,200901,1000
reference_r1,LA-BK,200903,3,0.6253280000000001,0.0,1.0,1.0,1.0,200901,1000
reference_r1,LA-BK,200904,1,1.7172780000000003,1.0,1.0,1.0,3.0,200904,1000
reference_r1,LA-BK,200905,2,43.440247,63.0,0.0,0.0,74.0,200904,1000
reference_r1,LA-BK,200906,3,134.02693,187.0,0.0,0.0,216.0,200904,1000
reference_r1,LA-BK,200907,1,94.158533,160.5,1.0,0.0,212.0,200907,1000
reference_r1,LA-BK,200908,2,33.593183999999994,58.5,1.0,1.0,110.0,200907,1000
reference_r1,LA-BK,200909,3,17.295635999999995,4.0,1.0,1.0,52.0,200907,1000
reference_r1,LA-BK,200910,1,26.406442999999996,28.0,1.0,1.0,31.0,200910,1000
reference_r1,LA-BK,200911,2,17.981942,24.0,1.0,0.0,5.0,200910,1000
reference_r1,LA-BK,200912,3,7.138014999999999,9.0,1.0,1.0,4.0,200910,1000
reference_r1,LA-BL,200801,1,4.1761800000000004,6.0,0.0,0.0,10.0,200801,1000
reference_r1,LA-BL,200802,2,2.077794,3.0,1.0,0.0,7.0,200801,1000
reference_r1,LA-BL,200803,3,3.988116,6.0,0.0,0.0,1.0,200801,1000
reference_r1,LA-BL,200804,1,2.960922,2.0,1.0,1.0,3.0,200804,1000
reference_r1,LA-BL,200805,2,4.9847230000000025,8.0,1.0,1.0,15.0,200804,1000
reference_r1,LA-BL,200806,3,6.9580509999999975,4.0,1.0,1.0,19.0,200804,1000
reference_r1,LA-BL,200807,1,19.411231,15.0,1.0,1.0,31.0,200807,1000
reference_r1,LA-BL,200808,2,19.781229000000003,13.0,1.0,1.0,32.0,200807,1000
reference_r1,LA-BL,200809,3,18.43432,13.5,1.0,1.0,30.0,200807,1000
reference_r1,LA-BL,200810,1,11.510686999999997,15.5,1.0,0.0,5.0,200810,1000
reference_r1,LA-BL,200811,2,3.5150949999999987,4.0,1.0,1.0,12.0,200810,1000
reference_r1,LA-BL,200812,3,1.3513260000000002,2.0,1.0,1.0,1.0,200810,1000
reference_r1,LA-BL,200901,1,0.721041,1.0,1.0,1.0,2.0,200901,1000
reference_r1,LA-BL,200902,2,1.4042529999999998,2.0,1.0,0.0,3.0,200901,1000
reference_r1,LA-BL,200903,3,1.3556970000000002,2.0,1.0,1.0,0.0,200901,1000
reference_r1,LA-BL,200904,1,0.7954920000000003,1.0,1.0,1.0,2.0,200904,1000
reference_r1,LA-BL,200905,2,3.2229839999999994,4.0,1.0,0.0,0.0,200904,1000
reference_r1,LA-BL,200906,3,3.899387000000001,2.0,1.0,1.0,7.0,200904,1000
reference_r1,LA-BL,200907,1,13.201389999999998,24.0,1.0,0.0,35.0,200907,1000
reference_r1,LA-BL,200908,2,4.535115999999999,2.0,1.0,1.0,9.0,200907,1000
reference_r1,LA-BL,200909,3,9.156704,12.0,0.0,0.0,0.0,200907,1000
reference_r1,LA-BL,200910,1,4.134432,5.0,1.0,0.0,1.0,200910,1000
reference_r1,LA-BL,200911,2,1.2105990000000002,1.0,1.0,1.0,2.0,200910,1000
reference_r1,LA-BL,200912,3,0.4603840000000001,0.0,1.0,1.0,1.0,200910,1000
reference_r1,LA-CH,200801,1,39.927502,49.0,0.0,0.0,73.0,200801,1000
reference_r1,LA-CH,200802,2,64.199205,71.0,0.0,0.0,90.0,200801,1000
reference_r1,LA-CH,200803,3,51.050829,62.0,0.0,0.0,92.0,200801,1000
reference_r1,LA-CH,200804,1,24.273329000000004,8.0,1.0,1.0,69.0,200804,1000
reference_r1,LA-CH,200805,2,36.093872000000005,19.0,1.0,1.0,113.0,200804,1000
reference_r1,LA-CH,200806,3,94.21024699999998,81.5,1.0,1.0,295.0,200804,1000
reference_r1,LA-CH,200807,1,133.965615,148.5,1.0,1.0,162.0,200807,1000
reference_r1,LA-CH,200808,2,75.25942699999999,64.0,1.0,1.0,143.0,200807,1000
reference_r1,LA-CH,200809,3,90.60937199999998,39.5,1.0,1.0,185.0,200807,1000
reference_r1,LA-CH,200810,1,40.584114,50.0,1.0,1.0,140.0,200810,1000
reference_r1,LA-CH,200811,2,31.080621,54.0,1.0,1.0,102.0,200810,1000
reference_r1,LA-CH,200812,3,22.431046000000002,40.0,1.0,1.0,73.0,200810,1000
reference_r1,LA-CH,200901,1,9.773577999999997,10.0,1.0,1.0,31.0,200901,1000
reference_r1,LA-CH,200902,2,20.858269,36.0,1.0,0.0,48.0,200901,1000
reference_r1,LA-CH,200903,3,18.398272999999996,31.0,1.0,1.0,60.0,200901,1000
reference_r1,LA-CH,200904,1,33.560725,61.0,1.0,1.0,102.0,200904,1000
reference_r1,LA-CH,200905,2,95.63191500000002,112.5,1.0,1.0,66.0,200904,1000
reference_r1,LA-CH,200906,3,107.93191200000001,106.5,1.0,1.0,124.0,200904,1000
reference_r1,LA-CH,200907,1,120.74846600000001,140.5,1.0,1.0,122.0,200907,1000
reference_r1,LA-CH,200908,2,75.66734500000001,59.0,1.0,1.0,110.0,200907,1000
reference_r1,LA-CH,200909,3,93.20647600000001,109.5,1.0,1.0,105.0,200907,1000
reference_r1,LA-CH,200910,1,25.178259999999995,6.5,1.0,1.0,59.0,200910,1000
reference_r1,LA-CH,200911,2,32.580242999999996,36.0,1.0,1.0,35.0,200910,1000
reference_r1,LA-CH,200912,3,22.619754999999998,19.5,1.0,1.0,32.0,200910,1000
reference_r1,LA-HO,200801,1,0.8017860000000001,1.0,1.0,1.0,0.0,200801,1000
reference_r1,LA-HO,200802,2,2.475448,4.0,0.0,0.0,0.0,200801,1000
reference_r1,LA-HO,200803,3,8.868853999999999,11.0,0.0,0.0,0.0,200801,1000
reference_r1,LA-HO,200804,1,0.054454999999999976,0.0,1.0,1.0,0.0,200804,1000
reference_r1,LA-HO,200805,2,0.039464,0.0,1.0,1.0,0.0,200804,1000
reference_r1,LA-HO,200806,3,0.045277999999999985,0.0,1.0,1.0,0.0,200804,1000
reference_r1,LA-HO,200807,1,0.01768000000000003,0.0,1.0,1.0,0.0,200807,1000
reference_r1,LA-HO,200808,2,0.018957,0.0,1.0,1.0,0.0,200807,1000
reference_r1,LA-HO,200809,3,0.727177,1.0,1.0,0.0,1.0,200807,1000
reference_r1,LA-HO,200810,1,0.045101,0.0,1.0,1.0,0.0,200810,1000
reference_r1,LA-HO,200811,2,0.008483000000000004,0.0,1.0,1.0,0.0,200810,1000
reference_r1,LA-HO,200812,3,0.912051,1.0,0.0,0.0,1.0,200810,1000
reference_r1,LA-HO,200901,1,0.016996999999999984,0.0,1.0,1.0,0.0,200901,1000
reference_r1,LA-HO,200902,2,0.03702699999999998,0.0,1.0,1.0,0.0,200901,1000
reference_r1,LA-HO,200903,3,0.02741099999999999,0.0,1.0,1.0,0.0,200901,1000
reference_r1,LA-HO,200904,1,0.006905000000000008,0.0,1.0,1.0,0.0,200904,1000
reference_r1,LA-HO,200905,2,0.020511,0.0,1.0,1.0,0.0,200904,1000
reference_r1,LA-HO,200906,3,0.05627500000000002,0.0,1.0,1.0,0.0,200904,1000
reference_r1,LA-HO,200907,1,0.02677099999999999,0.0,1.0,1.0,0.0,200907,1000
reference_r1,LA-HO,200908,2,0.03809100000000004,0.0,1.0,1.0,0.0,200907,1000
reference_r1,LA-HO,200909,3,0.7233539999999999,1.0,1.0,0.0,1.0,200907,1000
reference_r1,LA-HO,200910,1,0.6417729999999999,1.0,1.0,0.0,1.0,200910,1000
reference_r1,LA-HO,200911,2,0.832014,1.0,0.0,0.0,1.0,200910,1000
reference_r1,LA-HO,200912,3,0.921613,1.0,0.0,0.0,1.0,200910,1000
reference_r1,LA-KH,200801,1,4.071237,5.5,0.0,0.0,0.0,200801,1000
reference_r1,LA-KH,200802,2,2.408248,3.0,0.0,0.0,0.0,200801,1000
reference_r1,LA-KH,200803,3,3.909896,5.0,0.0,0.0,0.0,200801,1000
reference_r1,LA-KH,200804,1,0.21238500000000005,0.0,1.0,1.0,0.0,200804,1000
reference_r1,LA-KH,200805,2,0.3266889999999999,0.0,1.0,1.0,0.0,200804,1000
reference_r1,LA-KH,200806,3,0.6584569999999998,0.0,1.0,1.0,1.0,200804,1000
reference_r1,LA-KH,200807,1,1.448024,3.0,1.0,0.0,3.0,200807,1000
reference_r1,LA-KH,200808,2,0.377788,0.0,1.0,1.0,0.0,200807,1000
reference_r1,LA-KH,200809,3,2.323874,4.0,1.0,0.0,4.0,200807,1000
reference_r1,LA-KH,200810,1,0.49995600000000007,0.0,1.0,1.0,1.0,200810,1000
reference_r1,LA-KH,200811,2,1.6835140000000002,3.0,1.0,0.0,3.0,200810,1000
reference_r1,LA-KH,200812,3,3.338863,4.0,0.0,0.0,4.0,200810,1000
reference_r1,LA-KH,200901,1,0.08237099999999997,0.0,1.0,1.0,0.0,200901,1000
reference_r1,LA-KH,200902,2,0.03304199999999999,0.0,1.0,1.0,0.0,200901,1000
reference_r1,LA-KH,200903,3,4.499179,6.0,0.0,0.0,6.0,200901,1000
reference_r1,LA-KH,200904,1,0.734132,1.0,1.0,1.0,0.0,200904,1000
reference_r1,LA-KH,200905,2,1.922822,2.0,1.0,1.0,6.0,200904,1000
reference_r1,LA-KH,200906,3,56.002903,72.5,0.0,0.0,80.0,200904,1000
reference_r1,LA-KH,200907,1,91.296775,130.0,0.0,0.0,155.0,200907,1000
reference_r1,LA-KH,200908,2,237.58503100000001,281.0,0.0,0.0,303.0,200907,1000
reference_r1,LA-KH,200909,3,211.827443,256.0,0.0,0.0,277.0,200907,1000
reference_r1,LA-KH,200910,1,25.994006999999996,22.0,1.0,1.0,85.0,200910,1000
reference_r1,LA-KH,200911,2,18.943677,35.0,1.0,1.0,61.0,200910,1000
reference_r1,LA-KH,200912,3,39.027266,56.0,0.0,0.0,67.0,200910,1000
reference_r1,LA-LM,200801,1,0.7276699999999999,1.0,1.0,1.0,0.0,200801,1000
reference_r1,LA-LM,200802,2,0.686074,1.0,1.0,1.0,0.0,200801,1000
reference_r1,LA-LM,200803,3,0.847515,1.0,1.0,1.0,0.0,200801,1000
reference_r1,LA-LM,200804,1,0.0017490000000000006,0.0,1.0,1.0,0.0,200804,1000
reference_r1,LA-LM,200805,2,0.01222100000000001,0.0,1.0,1.0,0.0,200804,1000
reference_r1,LA-LM,200806,3,0.015222000000000013,0.0,1.0,1.0,0.0,200804,1000
reference_r1,LA-LM,200807,1,0.06550099999999992,0.0,1.0,1.0,0.0,200807,1000
reference_r1,LA-LM,200808,2,0.05725000000000002,0.0,1.0,1.0,0.0,200807,1000
reference_r1,LA-LM,200809,3,0.048090999999999995,0.0,1.0,1.0,0.0,200807,1000
reference_r1,LA-LM,200810,1,0.010206999999999994,0.0,1.0,1.0,0.0,200810,1000
reference_r1,LA-LM,200811,2,0.001233999999999999,0.0,1.0,1.0,0.0,200810,1000
reference_r1,LA-LM,200812,3,0.0004939999999999979,0.0,1.0,1.0,0.0,200810,1000
reference_r1,LA-LM,200901,1,0.0003239999999999979,0.0,1.0,1.0,0.0,200901,1000
reference_r1,LA-LM,200902,2,0.00012099999999999958,0.0,1.0,1.0,0.0,200901,1000
reference_r1,LA-LM,200903,3,0.0003249999999999989,0.0,1.0,1.0,0.0,200901,1000
reference_r1,LA-LM,200904,1,0.9006449999999999,1.0,0.0,0.0,1.0,200904,1000
reference_r1,LA-LM,200905,2,0.012178999999999995,0.0,1.0,1.0,0.0,200904,1000
reference_r1,LA-LM,200906,3,1.486369,2.0,0.0,0.0,2.0,200904,1000
reference_r1,LA-LM,200907,1,0.5234179999999997,0.0,1.0,1.0,1.0,200907,1000
reference_r1,LA-LM,200908,2,0.9659199999999997,1.0,1.0,1.0,0.0,200907,1000
reference_r1,LA-LM,200909,3,1.7153500000000002,3.0,1.0,0.0,4.0,200907,1000
reference_r1,LA-LM,200910,1,2.5830729999999997,4.0,1.0,0.0,5.0,200910,1000
reference_r1,LA-LM,200911,2,4.517375,6.0,0.0,0.0,6.0,200910,1000
reference_r1,LA-LM,200912,3,3.385738,4.0,0.0,0.0,4.0,200910,1000
reference_r1,LA-LP,200801,1,1.724324,3.0,1.0,0.0,0.0,200801,1000
reference_r1,LA-LP,200802,2,11.850357,13.0,0.0,0.0,16.0,200801,1000
reference_r1,LA-LP,200803,3,16.684782000000002,19.0,0.0,0.0,22.0,200801,1000
reference_r1,LA-LP,200804,1,11.890383,21.0,1.0,0.0,33.0,200804,1000
reference_r1,LA-LP,200805,2,58.783043,94.0,1.0,0.0,116.0,200804,1000
reference_r1,LA-LP,200806,3,69.17890200000001,120.0,1.0,0.0,160.0,200804,1000
reference_r1,LA-LP,200807,1,135.05825299999998,182.5,0.0,0.0,16.0,200807,1000
reference_r1,LA-LP,200808,2,110.82569999999998,156.0,0.0,0.0,13.0,200807,1000
reference_r1,LA-LP,200809,3,93.80633699999998,129.0,1.0,0.0,14.0,200807,1000
reference_r1,LA-LP,200810,1,30.35697499999999,32.0,1.0,1.0,33.0,200810,1000
reference_r1,LA-LP,200811,2,55.259465,88.0,0.0,0.0,116.0,200810,1000
reference_r1,LA-LP,200812,3,128.869784,150.0,0.0,0.0,161.0,200810,1000
reference_r1,LA-LP,200901,1,7.727805,10.0,1.0,0.0,0.0,200901,1000
reference_r1,LA-LP,200902,2,6.421417,8.5,1.0,0.0,0.0,200901,1000
reference_r1,LA-LP,200903,3,13.212082000000002,17.0,0.0,0.0,0.0,200901,1000
reference_r1,LA-LP,200904,1,15.426465000000004,20.0,0.0,0.0,0.0,200904,1000
reference_r1,LA-LP,200905,2,36.752010000000006,48.0,0.0,0.0,0.0,200904,1000
reference_r1,LA-LP,200906,3,75.14412199999998,92.5,1.0,0.0,9.0,200904,1000
reference_r1,LA-LP,200907,1,21.961727,28.0,0.0,0.0,30.0,200907,1000
reference_r1,LA-LP,200908,2,22.995513000000003,29.0,0.0,0.0,32.0,200907,1000
reference_r1,LA-LP,200909,3,304.247302,310.0,0.0,0.0,313.0,200907,1000
reference_r1,LA-LP,200910,1,98.452775,138.0,0.0,0.0,165.0,200910,1000
reference_r1,LA-LP,200911,2,56.688950999999996,75.0,0.0,0.0,87.0,200910,1000
reference_r1,LA-LP,200912,3,2.9784170000000003,4.0,1.0,0.0,0.0,200910,1000
reference_r1,LA-OU,200801,1,1.3874259999999998,2.0,1.0,0.0,0.0,200801,1000
reference_r1,LA-OU,200802,2,1.2894050000000001,2.0,1.0,0.0,0.0,200801,1000
reference_r1,LA-OU,200803,3,1.6998759999999997,2.0,1.0,0.0,0.0,200801,1000
reference_r1,LA-OU,200804,1,0.005159000000000011,0.0,1.0,1.0,0.0,200804,1000
reference_r1,LA-OU,200805,2,0.013291999999999998,0.0,1.0,1.0,0.0,200804,1000
reference_r1,LA-OU,200806,3,0.01930699999999999,0.0,1.0,1.0,0.0,200804,1000
reference_r1,LA-OU,200807,1,0.07935100000000006,0.0,1.0,1.0,0.0,200807,1000
reference_r1,LA-OU,200808,2,0.05997800000000003,0.0,1.0,1.0,0.0,200807,1000
reference_r1,LA-OU,200809,3,0.06213500000000005,0.0,1.0,1.0,0.0,200807,1000
reference_r1,LA-OU,200810,1,0.00928699999999999,0.0,1.0,1.0,0.0,200810,1000
reference_r1,LA-OU,200811,2,0.001568,0.0,1.0,1.0,0.0,200810,1000
reference_r1,LA-OU,200812,3,0.00037399999999999933,0.0,1.0,1.0,0.0,200810,1000
reference_r1,LA-OU,200901,1,0.00010099999999999866,0.0,1.0,1.0,0.0,200901,1000
reference_r1,LA-OU,200902,2,0.00012200000000000058,0.0,1.0,1.0,0.0,200901,1000
reference_r1,LA-OU,200903,3,0.0005799999999999972,0.0,1.0,1.0,0.0,200901,1000
reference_r1,LA-OU,200904,1,0.006512000000000004,0.0,1.0,1.0,0.0,200904,1000
reference_r1,LA-OU,200905,2,0.02396100000000001,0.0,1.0,1.0,0.0,200904,1000
reference_r1,LA-OU,200906,3,0.06127400000000005,0.0,1.0,1.0,0.0,200904,1000
reference_r1,LA-OU,200907,1,0.07789300000000005,0.0,1.0,1.0,0.0,200907,1000
reference_r1,LA-OU,200908,2,0.5793069999999999,1.0,1.0,1.0,1.0,200907,1000
reference_r1,LA-OU,200909,3,13.970521,15.0,0.0,0.0,15.0,200907,1000
reference_r1,LA-OU,200910,1,2.825519,5.0,1.0,0.0,6.0,200910,1000
reference_r1,LA-OU,200911,2,10.960377,13.0,0.0,0.0,13.0,200910,1000
reference_r1,LA-OU,200912,3,17.235598000000003,18.0,0.0,0.0,18.0,200910,1000
reference_r1,LA-PH,200901,1,0.017311999999999994,0.0,1.0,1.0,0.0,200901,1000
reference_r1,LA-PH,200902,2,0.025787000000000004,0.0,1.0,1.0,0.0,200901,1000
reference_r1,LA-PH,200903,3,0.03679600000000005,0.0,1.0,1.0,0.0,200901,1000
reference_r1,LA-PH,200904,1,0.0025270000000000015,0.0,1.0,1.0,0.0,200904,1000
reference_r1,LA-PH,200905,2,0.010992000000000002,0.0,1.0,1.0,0.0,200904,1000
reference_r1,LA-PH,200906,3,0.03858800000000007,0.0,1.0,1.0,0.0,200904,1000
reference_r1,LA-PH,200907,1,0.030147999999999953,0.0,1.0,1.0,0.0,200907,1000
reference_r1,LA-PH,200909,3,0.039764999999999995,0.0,1.0,1.0,0.0,200907,1000
reference_r1,LA-PH,200910,1,0.008326,0.0,1.0,1.0,0.0,200910,1000
reference_r1,LA-PH,200911,2,0.0021839999999999984,0.0,1.0,1.0,0.0,200910,1000
reference_r1,LA-PH,200912,3,0.0002720000000000014,0.0,1.0,1.0,0.0,200910,1000
reference_r1,LA-SL,200801,1,5.300554999999999,7.0,0.0,0.0,0.0,200801,1000
reference_r1,LA-SL,200802,2,1.9851139999999998,3.0,1.0,0.0,1.0,200801,1000
reference_r1,LA-SL,200803,3,0.7274260000000001,0.0,1.0,1.0,5.0,200801,1000
reference_r1,LA-SL,200804,1,1.0209549999999998,0.0,1.0,1.0,2.0,200804,1000
reference_r1,LA-SL,200805,2,91.59677199999999,101.0,0.0,0.0,105.0,200804,1000
reference_r1,LA-SL,200806,3,191.430897,216.0,0.0,0.0,226.0,200804,1000
reference_r1,LA-SL,200807,1,43.770876,33.0,1.0,1.0,78.0,200807,1000
reference_r1,LA-SL,200808,2,39.465109,33.0,1.0,1.0,63.0,200807,1000
reference_r1,LA-SL,200809,3,41.046107000000006,23.0,1.0,1.0,85.0,200807,1000
reference_r1,LA-SL,200810,1,28.917834,7.0,1.0,1.0,91.0,200810,1000
reference_r1,LA-SL,200811,2,12.733441,10.0,1.0,1.0,21.0,200810,1000
reference_r1,LA-SL,200812,3,7.556131999999998,9.0,1.0,1.0,8.0,200810,1000
reference_r1,LA-SL,200901,1,1.7143159999999997,2.0,1.0,1.0,1.0,200901,1000
reference_r1,LA-SL,200902,2,18.804273000000002,23.0,0.0,0.0,24.0,200901,1000
reference_r1,LA-SL,200903,3,12.771692999999999,20.0,0.0,0.0,25.0,200901,1000
reference_r1,LA-SL,200904,1,6.384537000000002,4.0,1.0,1.0,19.0,200904,1000
reference_r1,LA-SL,200905,2,37.896333,59.0,1.0,1.0,122.0,200904,1000
reference_r1,LA-SL,200906,3,43.749522,42.0,1.0,1.0,42.0,200904,1000
reference_r1,LA-SL,200907,1,51.46924000000001,40.0,1.0,1.0,164.0,200907,1000
reference_r1,LA-SL,200908,2,46.13847200000001,6.0,1.0,1.0,127.0,200907,1000
reference_r1,LA-SL,200909,3,36.140589000000006,6.5,1.0,1.0,91.0,200907,1000
reference_r1,LA-SL,200910,1,30.659656999999996,55.0,1.0,0.0,94.0,200910,1000
reference_r1,LA-SL,200911,2,16.630716,3.0,1.0,1.0,44.0,200910,1000
reference_r1,LA-SL,200912,3,10.000105000000001,8.0,1.0,1.0,17.0,200910,1000
reference_r1,LA-SV,200801,1,15.829111999999999,20.0,0.0,0.0,1.0,200801,1000
reference_r1,LA-SV,200802,2,7.002839,9.0,0.0,0.0,1.0,200801,1000
reference_r1,LA-SV,200803,3,7.6712370000000005,10.0,0.0,0.0,1.0,200801,1000
reference_r1,LA-SV,200804,1,1.0529029999999997,1.0,1.0,1.0,0.0,200804,1000
reference_r1,LA-SV,200805,2,1.5379819999999995,2.0,1.0,1.0,1.0,200804,1000
reference_r1,LA-SV,200806,3,4.307448000000001,0.0,1.0,1.0,10.0,200804,1000
reference_r1,LA-SV,200807,1,4.532959999999999,1.0,1.0,1.0,11.0,200807,1000
reference_r1,LA-SV,200808,2,4.234240999999999,4.0,1.0,1.0,4.0,200807,1000
reference_r1,LA-SV,200809,3,6.735867999999998,8.0,1.0,0.0,2.0,200807,1000
reference_r1,LA-SV,200810,1,3.175134999999999,6.0,1.0,1.0,10.0,200810,1000
reference_r1,LA-SV,200811,2,0.750057,0.0,1.0,1.0,2.0,200810,1000
reference_r1,LA-SV,200812,3,0.453951,1.0,1.0,1.0,0.0,200810,1000
reference_r1,LA-SV,200901,1,0.09031999999999996,0.0,1.0,1.0,0.0,200901,1000
reference_r1,LA-SV,200902,2,0.018645999999999996,0.0,1.0,1.0,0.0,200901,1000
reference_r1,LA-SV,200903,3,0.152601,0.0,1.0,1.0,0.0,200901,1000
reference_r1,LA-SV,200904,1,0.1793530000000001,0.0,1.0,1.0,0.0,200904,1000
reference_r1,LA-SV,200905,2,0.990666,1.0,1.0,1.0,0.0,200904,1000
reference_r1,LA-SV,200906,3,1.5420169999999995,1.5,1.0,1.0,1.0,200904,1000
reference_r1,LA-SV,200907,1,9.923951,12.0,0.0,0.0,13.0,200907,1000
reference_r1,LA-SV,200908,2,30.995599999999996,34.0,0.0,0.0,34.0,200907,1000
reference_r1,LA-SV,200909,3,44.963939,48.0,0.0,0.0,48.0,200907,1000
reference_r1,LA-SV,200910,1,5.111874000000001,9.0,1.0,1.0,16.0,200910,1000
reference_r1,LA-SV,200911,2,23.143256,30.0,0.0,0.0,33.0,200910,1000
reference_r1,LA-SV,200912,3,1.395073,2.0,1.0,1.0,4.0,200910,1000
reference_r1,LA-VT,200801,1,9.130629,14.5,1.0,0.0,29.0,200801,1000
reference_r1,LA-VT,200802,2,6.945757999999999,11.0,1.0,0.0,12.0,200801,1000
reference_r1,LA-VT,200803,3,4.015823000000001,7.0,1.0,1.0,26.0,200801,1000
reference_r1,LA-VT,200804,1,15.685543000000003,20.0,1.0,0.0,4.0,200804,1000
reference_r1,LA-VT,200805,2,25.23906000000001,31.0,1.0,1.0,17.0,200804,1000
reference_r1,LA-VT,200806,3,83.84737199999998,98.5,1.0,1.0,60.0,200804,1000
reference_r1,LA-VT,200807,1,109.14993799999996,119.0,1.0,1.0,132.0,200807,1000
reference_r1,LA-VT,200808,2,78.68282299999998,53.5,1.0,1.0,144.0,200807,1000
reference_r1,LA-VT,200809,3,62.534373999999985,11.0,1.0,1.0,158.0,200807,1000
reference_r1,LA-VT,200810,1,26.270766000000002,35.0,1.0,1.0,95.0,200810,1000
reference_r1,LA-VT,200811,2,71.872043,104.0,0.0,0.0,129.0,200810,1000
reference_r1,LA-VT,200812,3,56.058018000000004,77.0,0.0,0.0,91.0,200810,1000
reference_r1,LA-VT,200901,1,20.328336,32.0,0.0,0.0,38.0,200901,1000
reference_r1,LA-VT,200902,2,12.789018,18.0,0.0,0.0,20.0,200901,1000
reference_r1,LA-VT,200903,3,5.8780719999999995,9.0,1.0,1.0,19.0,200901,1000
reference_r1,LA-VT,200904,1,12.331572000000001,4.0,1.0,1.0,33.0,200904,1000
reference_r1,LA-VT,200905,2,87.85456699999997,102.0,1.0,1.0,54.0,200904,1000
reference_r1,LA-VT,200906,3,193.782961,241.0,1.0,0.0,104.0,200904,1000
reference_r1,LA-VT,200907,1,121.33813700000002,23.0,1.0,1.0,302.0,200907,1000
reference_r1,LA-VT,200908,2,117.53099100000003,74.5,1.0,1.0,356.0,200907,1000
reference_r1,LA-VT,200909,3,143.020778,206.0,1.0,1.0,470.0,200907,1000
reference_r1,LA-VT,200910,1,240.590487,392.5,1.0,0.0,527.0,200910,1000
reference_r1,LA-VT,200911,2,334.598475,449.0,0.0,0.0,521.0,200910,1000
reference_r1,LA-VT,200912,3,264.696814,332.0,0.0,0.0,366.0,200910,1000
reference_r1,LA-XA,200801,1,2.8848480000000007,4.0,0.0,0.0,0.0,200801,1000
reference_r1,LA-XA,200802,2,2.190844,3.0,0.0,0.0,0.0,200801,1000
reference_r1,LA-XA,200803,3,2.080077,3.0,0.0,0.0,0.0,200801,1000
reference_r1,LA-XA,200804,1,0.04505500000000001,0.0,1.0,1.0,0.0,200804,1000
reference_r1,LA-XA,200805,2,1.24303,2.0,1.0,0.0,2.0,200804,1000
reference_r1,LA-XA,200806,3,4.26488,6.0,0.0,0.0,6.0,200804,1000
reference_r1,LA-XA,200807,1,10.226785,16.0,0.0,0.0,19.0,200807,1000
reference_r1,LA-XA,200808,2,2.7317440000000004,5.0,1.0,0.0,7.0,200807,1000
reference_r1,LA-XA,200809,3,0.8872739999999997,1.0,1.0,1.0,1.0,200807,1000
reference_r1,LA-XA,200810,1,1.173816,0.0,1.0,1.0,3.0,200810,1000
reference_r1,LA-XA,200811,2,0.6528229999999999,1.0,1.0,1.0,2.0,200810,1000
reference_r1,LA-XA,200812,3,0.3994349999999999,1.0,1.0,1.0,1.0,200810,1000
reference_r1,LA-XA,200901,1,0.08416699999999999,0.0,1.0,1.0,0.0,200901,1000
reference_r1,LA-XA,200902,2,0.05821500000000002,0.0,1.0,1.0,0.0,200901,1000
reference_r1,LA-XA,200903,3,0.29390800000000006,0.0,1.0,1.0,0.0,200901,1000
reference_r1,LA-XA,200904,1,0.19402600000000003,0.0,1.0,1.0,0.0,200904,1000
reference_r1,LA-XA,200905,2,0.637702,0.0,1.0,1.0,1.0,200904,1000
reference_r1,LA-XA,200906,3,7.546797,12.0,0.0,0.0,14.0,200904,1000
reference_r1,LA-XA,200907,1,4.22304,8.0,1.0,0.0,11.0,200907,1000
reference_r1,LA-XA,200908,2,26.64235,34.0,0.0,0.0,37.0,200907,1000
reference_r1,LA-XA,200909,3,4.501812999999999,8.0,1.0,0.0,11.0,200907,1000
reference_r1,LA-XA,200910,1,2.8882730000000016,2.0,1.0,1.0,5.0,200910,1000
reference_r1,LA-XA,200911,2,1.4461730000000004,2.0,1.0,1.0,5.0,200910,1000
reference_r1,LA-XA,200912,3,0.9950519999999998,1.0,1.0,1.0,0.0,200910,1000
reference_r1,LA-XE,200801,1,0.571664,1.0,1.0,1.0,0.0,200801,1000
reference_r1,LA-XE,200802,2,0.4536720000000001,1.0,1.0,1.0,0.0,200801,1000
reference_r1,LA-XE,200803,3,0.43993099999999996,1.0,1.0,1.0,0.0,200801,1000
reference_r1,LA-XE,200804,1,0.019291000000000003,0.0,1.0,1.0,0.0,200804,1000
reference_r1,LA-XE,200805,2,0.055352999999999986,0.0,1.0,1.0,0.0,200804,1000
reference_r1,LA-XE,200806,3,3.980244,5.0,0.0,0.0,5.0,200804,1000
reference_r1,LA-XE,200807,1,0.57243,1.0,1.0,1.0,0.0,200807,1000
reference_r1,LA-XE,200808,2,0.6324539999999998,1.0,1.0,1.0,0.0,200807,1000
reference_r1,LA-XE,200809,3,0.5564959999999999,0.0,1.0,1.0,1.0,200807,1000
reference_r1,LA-XE,200810,1,0.3878180000000001,1.0,1.0,1.0,0.0,200810,1000
reference_r1,LA-XE,200811,2,0.11563700000000005,0.0,1.0,1.0,0.0,200810,1000
reference_r1,LA-XE,200812,3,0.601341,1.0,1.0,0.0,1.0,200810,1000
reference_r1,LA-XE,200901,1,0.004381999999999997,0.0,1.0,1.0,0.0,200901,1000
reference_r1,LA-XE,200902,2,1.854227,2.0,0.0,0.0,2.0,200901,1000
reference_r1,LA-XE,200903,3,1.730591,2.0,0.0,0.0,2.0,200901,1000
reference_r1,LA-XE,200904,1,0.4018130000000001,1.0,1.0,1.0,1.0,200904,1000
reference_r1,LA-XE,200905,2,0.7577189999999998,1.0,1.0,1.0,2.0,200904,1000
reference_r1,LA-XE,200906,3,4.406649,7.0,1.0,0.0,9.0,200904,1000
reference_r1,LA-XE,200907,1,18.416737,25.0,0.0,0.0,29.0,200907,1000
reference_r1,LA-XE,200908,2,14.795290000000001,23.0,0.0,0.0,27.0,200907,1000
reference_r1,LA-XE,200909,3,1.9039780000000004,2.0,1.0,1.0,6.0,200907,1000
reference_r1,LA-XE,200910,1,2.642531999999999,3.0,1.0,1.0,7.0,200910,1000
reference_r1,LA-XE,200911,2,9.297541999999996,10.0,1.0,0.0,3.0,200910,1000
reference_r1,LA-XE,200912,3,7.956368000000001,6.0,1.0,1.0,7.0,200910,1000
reference_r1,LA-XI,200801,1,1.1789219999999998,2.0,1.0,0.0,0.0,200801,1000
reference_r1,LA-XI,200802,2,2.5450850000000003,4.0,0.0,0.0,0.0,200801,1000
reference_r1,LA-XI,200803,3,4.911083,7.0,0.0,0.0,0.0,200801,1000
reference_r1,LA-XI,200804,1,0.003963999999999995,0.0,1.0,1.0,0.0,200804,1000
reference_r1,LA-XI,200805,2,0.007208999999999993,0.0,1.0,1.0,0.0,200804,1000
reference_r1,LA-XI,200806,3,0.8180339999999999,1.0,0.0,0.0,1.0,200804,1000
reference_r1,LA-XI,200807,1,0.103634,0.0,1.0,1.0,0.0,200807,1000
reference_r1,LA-XI,200808,2,0.10177599999999998,0.0,1.0,1.0,0.0,200807,1000
reference_r1,LA-XI,200809,3,0.09732900000000005,0.0,1.0,1.0,0.0,200807,1000
reference_r1,LA-XI,200810,1,0.049736999999999976,0.0,1.0,1.0,0.0,200810,1000
reference_r1,LA-XI,200811,2,0.008972999999999995,0.0,1.0,1.0,0.0,200810,1000
reference_r1,LA-XI,200812,3,0.006843999999999989,0.0,1.0,1.0,0.0,200810,1000
reference_r1,LA-XI,200901,1,0.0015030000000000043,0.0,1.0,1.0,0.0,200901,1000
reference_r1,LA-XI,200902,2,0.0015049999999999994,0.0,1.0,1.0,0.0,200901,1000
reference_r1,LA-XI,200903,3,0.0019419999999999993,0.0,1.0,1.0,0.0,200901,1000
reference_r1,LA-XI,200904,1,0.0010679999999999995,0.0,1.0,1.0,0.0,200904,1000
reference_r1,LA-XI,200905,2,38.839514,39.0,0.0,0.0,39.0,200904,1000
reference_r1,LA-XI,200906,3,32.673792999999996,33.0,0.0,0.0,33.0,200904,1000
reference_r1,LA-XI,200907,1,11.275857000000002,15.0,1.0,0.0,1.0,200907,1000
reference_r1,LA-XI,200908,2,10.986384999999999,13.0,1.0,1.0,10.0,200907,1000
reference_r1,LA-XI,200909,3,14.339618999999999,19.0,0.0,0.0,0.0,200907,1000
reference_r1,LA-XI,200910,1,13.923117999999999,18.0,0.0,0.0,0.0,200910,1000
reference_r1,LA-XI,200911,2,5.419735000000001,7.0,1.0,0.0,0.0,200910,1000
reference_r1,LA-XI,200912,3,2.6116529999999996,3.5,1.0,0.0,0.0,200910,1000
reference_r2,LA-AT,200801,1,3.015344,4.0,0.0,0.0,4.0,200801,1000
reference_r2,LA-AT,200802,2,1.3463450000000001,2.0,1.0,0.0,2.0,200801,1000
reference_r2,LA-AT,200803,3,0.04929100000000003,0.0,1.0,1.0,0.0,200801,1000
reference_r2,LA-AT,200804,1,0.359205,0.0,1.0,1.0,0.0,200804,1000
reference_r2,LA-AT,200805,2,1.672449,3.0,1.0,0.0,4.0,200804,1000
reference_r2,LA-AT,200806,3,4.694292000000001,8.0,1.0,0.0,10.0,200804,1000
reference_r2,LA-AT,200807,1,2.646655,0.0,1.0,1.0,6.0,200807,1000
reference_r2,LA-AT,200808,2,3.381569,6.0,1.0,1.0,11.0,200807,1000
reference_r2,LA-AT,200809,3,11.391048000000001,19.0,1.0,0.0,24.0,200807,1000
reference_r2,LA-AT,200810,1,34.161232999999996,42.0,0.0,0.0,47.0,200810,1000
reference_r2,LA-AT,200811,2,36.403186000000005,41.0,0.0,0.0,43.0,200810,1000
reference_r2,LA-AT,200812,3,17.739535,21.0,0.0,0.0,23.0,200810,1000
reference_r2,LA-AT,200901,1,7.853654,13.5,1.0,0.0,18.0,200901,1000
reference_r2,LA-AT,200902,2,38.64851,44.0,0.0,0.0,46.0,200901,1000
reference_r2,LA-AT,200903,3,57.81007400000001,71.0,0.0,0.0,77.0,200901,1000
reference_r2,LA-AT,200904,1,38.839751,72.0,1.0,0.0,99.0,200904,1000
reference_r2,LA-AT,200905,2,91.953653,119.0,0.0,0.0,0.0,200904,1000
reference_r2,LA-AT,200906,3,74.18852799999999,102.0,1.0,0.0,24.0,200904,1000
reference_r2,LA-AT,200907,1,104.71591799999999,134.0,1.0,0.0,64.0,200907,1000
reference_r2,LA-AT,200908,2,136.315493,190.5,0.0,0.0,21.0,200907,1000
reference_r2,LA-AT,200909,3,227.69906300000002,293.5,0.0,0.0,17.0,200907,1000
reference_r2,LA-AT,200910,1,40.318788,48.0,1.0,0.0,4.0,200910,1000
reference_r2,LA-AT,200911,2,27.373903999999996,35.0,1.0,1.0,16.0,200910,1000
reference_r2,LA-AT,200912,3,30.894895000000005,39.0,1.0,0.0,6.0,200910,1000
reference_r2,LA-BK,200801,1,0.938962,1.0,0.0,0.0,1.0,200801,1000
reference_r2,LA-BK,200802,2,0.0002559999999999993,0.0,1.0,1.0,0.0,200801,1000
reference_r2,LA-BK,200803,3,3.600000000000044e-05,0.0,1.0,1.0,0.0,200801,1000
reference_r2,LA-BK,200804,1,0.024155999999999983,0.0,1.0,1.0,0.0,200804,1000
reference_r2,LA-BK,200805,2,10.901991,12.0,0.0,0.0,12.0,200804,1000
reference_r2,LA-BK,200806,3,51.682376,53.0,0.0,0.0,53.0,200804,1000
reference_r2,LA-BK,200807,1,16.741991000000002,23.0,1.0,0.0,2.0,200807,1000
reference_r2,LA-BK,200808,2,28.213178999999997,32.0,1.0,0.0,9.0,200807,1000
reference_r2,LA-BK,200809,3,76.23548699999998,87.0,1.0,1.0,33.0,200807,1000
reference_r2,LA-BK,200810,1,37.236227000000014,24.5,1.0,1.0,48.0,200810,1000
reference_r2,LA-BK,200811,2,44.381667,52.0,0.0,0.0,55.0,200810,1000
reference_r2,LA-BK,200812,3,1.73141,3.0,1.0,1.0,5.0,200810,1000
reference_r2,LA-BK,200901,1,0.4300679999999999,0.0,1.0,1.0,1.0,200901,1000
reference_r2,LA-BK,200902,2,0.221843,0.0,1.0,1.0,0.0,200901,1000
reference_r2,LA-BK,200903,3,0.4556,0.0,1.0,1.0,1.0,200901,1000
reference_r2,LA-BK,200904,1,1.5765890000000002,1.0,1.0,1.0,3.0,200904,1000
reference_r2,LA-BK,200905,2,44.400731,63.0,0.0,0.0,74.0,200904,1000
reference_r2,LA-BK,200906,3,132.109581,187.0,0.0,0.0,216.0,200904,1000
reference_r2,LA-BK,200907,1,88.28297199999999,148.5,1.0,0.0,212.0,200907,1000
reference_r2,LA-BK,200908,2,32.334427000000005,49.0,1.0,1.0,110.0,200907,1000
reference_r2,LA-BK,200909,3,19.799740000000007,1.0,1.0,1.0,52.0,200907,1000
reference_r2,LA-BK,200910,1,28.345697,28.5,1.0,1.0,31.0,200910,1000
reference_r2,LA-BK,200911,2,16.016904999999998,21.5,1.0,0.0,5.0,200910,1000
reference_r2,LA-BK,200912,3,6.766445999999998,8.0,1.0,1.0,4.0,200910,1000
reference_r2,LA-BL,200801,1,5.486079999999999,8.0,0.0,0.0,10.0,200801,1000
reference_r2,LA-BL,200802,2,5.934681,7.0,0.0,0.0,7.0,200801,1000
reference_r2,LA-BL,200803,3,0.41003999999999996,1.0,1.0,1.0,1.0,200801,1000
reference_r2,LA-BL,200804,1,2.7852379999999997,2.0,1.0,1.0,3.0,200804,1000
reference_r2,LA-BL,200805,2,4.662345,7.0,1.0,1.0,15.0,200804,1000
reference_r2,LA-BL,200806,3,7.155918,2.0,1.0,1.0,19.0,200804,1000
reference_r2,LA-BL,200807,1,16.712849,9.5,1.0,1.0,31.0,200807,1000
reference_r2,LA-BL,200808,2,20.855309000000005,18.5,1.0,1.0,32.0,200807,1000
reference_r2,LA-BL,200809,3,19.735616,16.0,1.0,1.0,30.0,200807,1000
reference_r2,LA-BL,200810,1,10.883537999999998,15.0,1.0,0.0,5.0,200810,1000
reference_r2,LA-BL,200811,2,3.3626009999999997,4.0,1.0,1.0,12.0,200810,1000
reference_r2,LA-BL,200812,3,1.4401179999999996,2.0,1.0,1.0,1.0,200810,1000
reference_r2,LA-BL,200901,1,0.7249479999999997,1.0,1.0,1.0,2.0,200901,1000
reference_r2,LA-BL,200902,2,1.516381,3.0,1.0,0.0,3.0,200901,1000
reference_r2,LA-BL,200903,3,1.1247919999999998,1.0,1.0,1.0,0.0,200901,1000
reference_r2,LA-BL,200904,1,0.7440160000000002,1.0,1.0,1.0,2.0,200904,1000
reference_r2,LA-BL,200905,2,3.4217899999999997,4.0,1.0,0.0,0.0,200904,1000
reference_r2,LA-BL,200906,3,3.888387999999999,2.0,1.0,1.0,7.0,200904,1000
reference_r2,LA-BL,200907,1,13.186256,24.0,1.0,0.0,35.0,200907,1000
reference_r2,LA-BL,200908,2,4.677936000000001,3.0,1.0,1.0,9.0,200907,1000
reference_r2,LA-BL,200909,3,9.685869999999998,12.0,0.0,0.0,0.0,200907,1000
reference_r2,LA-BL,200910,1,3.656687999999999,5.0,1.0,0.0,1.0,200910,1000
reference_r2,LA-BL,200911,2,1.1739479999999998,1.0,1.0,1.0,2.0,200910,1000
reference_r2,LA-BL,200912,3,0.48580899999999994,0.0,1.0,1.0,1.0,200910,1000
reference_r2,LA-CH,200801,1,28.352142999999998,51.0,1.0,0.0,73.0,200801,1000
reference_r2,LA-CH,200802,2,45.691891,72.0,1.0,0.0,90.0,200801,1000
reference_r2,LA-CH,200803,3,53.347243000000006,78.0,0.0,0.0,92.0,200801,1000
reference_r2,LA-CH,200804,1,22.976704999999995,17.0,1.0,1.0,69.0,200804,1000
reference_r2,LA-CH,200805,2,40.39607400000001,9.0,1.0,1.0,113.0,200804,1000
reference_r2,LA-CH,200806,3,95.58683000000002,28.0,1.0,1.0,295.0,200804,1000
reference_r2,LA-CH,200807,1,127.27030200000002,131.5,1.0,1.0,162.0,200807,1000
reference_r2,LA-CH,200808,2,100.87516900000003,91.0,1.0,1.0,143.0,200807,1000
reference_r2,LA-CH,200809,3,107.509139,101.0,1.0,1.0,185.0,200807,1000
reference_r2,LA-CH,200810,1,39.241833,51.5,1.0,1.0,140.0,200810,1000
reference_r2,LA-CH,200811,2,33.376666,62.0,1.0,1.0,102.0,200810,1000
reference_r2,LA-CH,200812,3,22.615129000000003,40.0,1.0,1.0,73.0,200810,1000
reference_r2,LA-CH,200901,1,9.396467000000001,10.0,1.0,1.0,31.0,200901,1000
reference_r2,LA-CH,200902,2,26.083978000000002,40.0,0.0,0.0,48.0,200901,1000
reference_r2,LA-CH,200903,3,20.612750000000002,37.0,1.0,0.0,60.0,200901,1000
reference_r2,LA-CH,200904,1,33.509256,61.0,1.0,1.0,102.0,200904,1000
reference_r2,LA-CH,200905,2,114.78260900000004,136.5,1.0,0.0,66.0,200904,1000
reference_r2,LA-CH,200906,3,107.75638100000003,98.0,1.0,1.0,124.0,200904,1000
reference_r2,LA-CH,200907,1,105.87825800000002,114.5,1.0,1.0,122.0,200907,1000
reference_r2,LA-CH,200908,2,81.16119599999996,79.0,1.0,1.0,110.0,200907,1000
reference_r2,LA-CH,200909,3,93.62673200000003,98.5,1.0,1.0,105.0,200907,1000
reference_r2,LA-CH,200910,1,24.178815,4.0,1.0,1.0,59.0,200910,1000
reference_r2,LA-CH,200911,2,28.817121999999998,29.0,1.0,1.0,35.0,200910,1000
reference_r2,LA-CH,200912,3,24.42673400000001,24.0,1.0,1.0,32.0,200910,1000
reference_r2,LA-HO,200801,1,0.0020789999999999975,0.0,1.0,1.0,0.0,200801,1000
reference_r2,LA-HO,200802,2,0.0009100000000000011,0.0,1.0,1.0,0.0,200801,1000
reference_r2,LA-HO,200803,3,0.006985999999999992,0.0,1.0,1.0,0.0,200801,1000
reference_r2,LA-HO,200804,1,0.057694999999999996,0.0,1.0,1.0,0.0,200804,1000
reference_r2,LA-HO,200805,2,0.03914399999999996,0.0,1.0,1.0,0.0,200804,1000
reference_r2,LA-HO,200806,3,0.05055700000000002,0.0,1.0,1.0,0.0,200804,1000
reference_r2,LA-HO,200807,1,0.019621,0.0,1.0,1.0,0.0,200807,1000
reference_r2,LA-HO,200808,2,0.025490999999999986,0.0,1.0,1.0,0.0,200807,1000
reference_r2,LA-HO,200809,3,0.7267389999999999,1.0,1.0,0.0,1.0,200807,1000
reference_r2,LA-HO,200810,1,0.03220500000000001,0.0,1.0,1.0,0.0,200810,1000
reference_r2,LA-HO,200811,2,0.00452000000000001,0.0,1.0,1.0,0.0,200810,1000
reference_r2,LA-HO,200812,3,0.929302,1.0,0.0,0.0,1.0,200810,1000
reference_r2,LA-HO,200901,1,0.019404000000000005,0.0,1.0,1.0,0.0,200901,1000
reference_r2,LA-HO,200902,2,0.02909199999999998,0.0,1.0,1.0,0.0,200901,1000
reference_r2,LA-HO,200903,3,0.01987,0.0,1.0,1.0,0.0,200901,1000
reference_r2,LA-HO,200904,1,0.004950999999999997,0.0,1.0,1.0,0.0,200904,1000
reference_r2,LA-HO,200905,2,0.01832399999999998,0.0,1.0,1.0,0.0,200904,1000
reference_r2,LA-HO,200906,3,0.05159199999999997,0.0,1.0,1.0,0.0,200904,1000
reference_r2,LA-HO,200907,1,0.022941000000000045,0.0,1.0,1.0,0.0,200907,1000
reference_r2,LA-HO,200908,2,0.04678399999999999,0.0,1.0,1.0,0.0,200907,1000
reference_r2,LA-HO,200909,3,0.6790780000000001,1.0,1.0,0.0,1.0,200907,1000
reference_r2,LA-HO,200910,1,0.6219790000000001,1.0,1.0,0.0,1.0,200910,1000
reference_r2,LA-HO,200911,2,0.831971,1.0,0.0,0.0,1.0,200910,1000
reference_r2,LA-HO,200912,3,0.929302,1.0,0.0,0.0,1.0,200910,1000
reference_r2,LA-KH,200801,1,0.6516709999999999,1.0,1.0,1.0,0.0,200801,1000
reference_r2,LA-KH,200802,2,0.085567,0.0,1.0,1.0,0.0,200801,1000
reference_r2,LA-KH,200803,3,0.09218799999999999,0.0,1.0,1.0,0.0,200801,1000
reference_r2,LA-KH,200804,1,0.191847,0.0,1.0,1.0,0.0,200804,1000
reference_r2,LA-KH,200805,2,0.35482099999999994,0.0,1.0,1.0,0.0,200804,1000
reference_r2,LA-KH,200806,3,0.661769,0.0,1.0,1.0,1.0,200804,1000
reference_r2,LA-KH,200807,1,1.5553769999999998,3.0,1.0,0.0,3.0,200807,1000
reference_r2,LA-KH,200808,2,0.3482210000000001,0.0,1.0,1.0,0.0,200807,1000
reference_r2,LA-KH,200809,3,2.209497,4.0,1.0,0.0,4.0,200807,1000
reference_r2,LA-KH,200810,1,0.5148479999999998,0.0,1.0,1.0,1.0,200810,1000
reference_r2,LA-KH,200811,2,1.621988,3.0,1.0,0.0,3.0,200810,1000
reference_r2,LA-KH,200812,3,3.36702,4.0,0.0,0.0,4.0,200810,1000
reference_r2,LA-KH,200901,1,0.11441299999999993,0.0,1.0,1.0,0.0,200901,1000
reference_r2,LA-KH,200902,2,0.027907000000000015,0.0,1.0,1.0,0.0,200901,1000
reference_r2,LA-KH,200903,3,4.5839039999999995,6.0,0.0,0.0,6.0,200901,1000
reference_r2,LA-KH,200904,1,0.7705130000000002,1.0,1.0,1.0,0.0,200904,1000
reference_r2,LA-KH,200905,2,1.9874299999999998,3.0,1.0,1.0,6.0,200904,1000
reference_r2,LA-KH,200906,3,59.101258,74.0,0.0,0.0,80.0,200904,1000
reference_r2,LA-KH,200907,1,89.967003,129.0,0.0,0.0,155.0,200907,1000
reference_r2,LA-KH,200908,2,232.01100999999997,279.0,0.0,0.0,303.0,200907,1000
reference_r2,LA-KH,200909,3,200.853186,250.0,0.0,0.0,277.0,200907,1000
reference_r2,LA-KH,200910,1,24.516553000000002,22.0,1.0,1.0,85.0,200910,1000
reference_r2,LA-KH,200911,2,19.314128999999998,36.0,1.0,1.0,61.0,200910,1000
reference_r2,LA-KH,200912,3,39.337486,57.0,0.0,0.0,67.0,200910,1000
reference_r2,LA-LM,200801,1,0.00012099999999999958,0.0,1.0,1.0,0.0,200801,1000
reference_r2,LA-LM,200802,2,6.499999999999909e-05,0.0,1.0,1.0,0.0,200801,1000
reference_r2,LA-LM,200803,3,8.999999999999894e-06,0.0,1.0,1.0,0.0,200801,1000
reference_r2,LA-LM,200804,1,0.0025500000000000106,0.0,1.0,1.0,0.0,200804,1000
reference_r2,LA-LM,200805,2,0.018036999999999997,0.0,1.0,1.0,0.0,200804,1000
reference_r2,LA-LM,200806,3,0.014837000000000017,0.0,1.0,1.0,0.0,200804,1000
reference_r2,LA-LM,200807,1,0.05660700000000002,0.0,1.0,1.0,0.0,200807,1000
reference_r2,LA-LM,200808,2,0.05278499999999997,0.0,1.0,1.0,0.0,200807,1000
reference_r2,LA-LM,200809,3,0.05773099999999998,0.0,1.0,1.0,0.0,200807,1000
reference_r2,LA-LM,200810,1,0.017927,0.0,1.0,1.0,0.0,200810,1000
reference_r2,LA-LM,200811,2,0.001690999999999998,0.0,1.0,1.0,0.0,200810,1000
reference_r2,LA-LM,200812,3,0.0005330000000000022,0.0,1.0,1.0,0.0,200810,1000
reference_r2,LA-LM,200901,1,0.0002260000000000005,0.0,1.0,1.0,0.0,200901,1000
reference_r2,LA-LM,200902,2,4.900000000000043e-05,0.0,1.0,1.0,0.0,200901,1000
reference_r2,LA-LM,200903,3,0.00010099999999999866,0.0,1.0,1.0,0.0,200901,1000
reference_r2,LA-LM,200904,1,0.887465,1.0,0.0,0.0,1.0,200904,1000
reference_r2,LA-LM,200905,2,0.011310999999999988,0.0,1.0,1.0,0.0,200904,1000
reference_r2,LA-LM,200906,3,1.541528,2.0,0.0,0.0,2.0,200904,1000
reference_r2,LA-LM,200907,1,0.5609009999999999,0.0,1.0,1.0,1.0,200907,1000
reference_r2,LA-LM,200908,2,0.9635539999999998,1.0,1.0,1.0,0.0,200907,1000
reference_r2,LA-LM,200909,3,1.6212339999999998,3.0,1.0,0.0,4.0,200907,1000
reference_r2,LA-LM,200910,1,2.531494,4.0,1.0,0.0,5.0,200910,1000
reference_r2,LA-LM,200911,2,4.677466,6.0,0.0,0.0,6.0,200910,1000
reference_r2,LA-LM,200912,3,3.342373,4.0,0.0,0.0,4.0,200910,1000
reference_r2,LA-LP,200801,1,0.8509239999999998,1.0,1.0,1.0,0.0,200801,1000
reference_r2,LA-LP,200802,2,14.51501,16.0,0.0,0.0,16.0,200801,1000
reference_r2,LA-LP,200803,3,20.537274,22.0,0.0,0.0,22.0,200801,1000
reference_r2,LA-LP,200804,1,11.954713000000002,21.0,1.0,0.0,33.0,200804,1000
reference_r2,LA-LP,200805,2,56.96703900000001,92.0,1.0,0.0,116.0,200804,1000
reference_r2,LA-LP,200806,3,69.120154,118.0,1.0,0.0,160.0,200804,1000
reference_r2,LA-LP,200807,1,124.175397,168.0,1.0,0.0,16.0,200807,1000
reference_r2,LA-LP,200808,2,120.15778299999997,161.5,0.0,0.0,13.0,200807,1000
reference_r2,LA-LP,200809,3,105.13681399999999,142.5,1.0,0.0,14.0,200807,1000
reference_r2,LA-LP,200810,1,29.37249,29.0,1.0,1.0,33.0,200810,1000
reference_r2,LA-LP,200811,2,56.78385,90.0,1.0,0.0,116.0,200810,1000
reference_r2,LA-LP,200812,3,129.19504,150.0,0.0,0.0,161.0,200810,1000
reference_r2,LA-LP,200901,1,9.170361999999999,11.0,1.0,0.0,0.0,200901,1000
reference_r2,LA-LP,200902,2,5.060081,7.0,1.0,0.0,0.0,200901,1000
reference_r2,LA-LP,200903,3,10.406894000000001,14.0,0.0,0.0,0.0,200901,1000
reference_r2,LA-LP,200904,1,15.582684999999998,20.0,0.0,0.0,0.0,200904,1000
reference_r2,LA-LP,200905,2,34.467873,43.0,0.0,0.0,0.0,200904,1000
reference_r2,LA-LP,200906,3,69.750265,93.5,1.0,0.0,9.0,200904,1000
reference_r2,LA-LP,200907,1,21.563524,27.0,0.0,0.0,30.0,200907,1000
reference_r2,LA-LP,200908,2,21.905785,28.0,0.0,0.0,32.0,200907,1000
reference_r2,LA-LP,200909,3,303.166379,310.0,0.0,0.0,313.0,200907,1000
reference_r2,LA-LP,200910,1,97.95665,137.0,0.0,0.0,165.0,200910,1000
reference_r2,LA-LP,200911,2,56.96080499999999,76.0,0.0,0.0,87.0,200910,1000
reference_r2,LA-LP,200912,3,2.910235,4.0,1.0,0.0,0.0,200910,1000
reference_r2,LA-OU,200801,1,0.0007300000000000015,0.0,1.0,1.0,0.0,200801,1000
reference_r2,LA-OU,200802,2,0.000196,0.0,1.0,1.0,0.0,200801,1000
reference_r2,LA-OU,200803,3,3.7000000000000574e-05,0.0,1.0,1.0,0.0,200801,1000
reference_r2,LA-OU,200804,1,0.003146999999999997,0.0,1.0,1.0,0.0,200804,1000
reference_r2,LA-OU,200805,2,0.010456999999999994,0.0,1.0,1.0,0.0,200804,1000
reference_r2,LA-OU,200806,3,0.016193000000000013,0.0,1.0,1.0,0.0,200804,1000
reference_r2,LA-OU,200807,1,0.08015499999999998,0.0,1.0,1.0,0.0,200807,1000
reference_r2,LA-OU,200808,2,0.05764600000000003,0.0,1.0,1.0,0.0,200807,1000
reference_r2,LA-OU,200809,3,0.048529000000000044,0.0,1.0,1.0,0.0,200807,1000
reference_r2,LA-OU,200810,1,0.010683999999999999,0.0,1.0,1.0,0.0,200810,1000
reference_r2,LA-OU,200811,2,0.002477999999999994,0.0,1.0,1.0,0.0,200810,1000
reference_r2,LA-OU,200812,3,0.0004980000000000019,0.0,1.0,1.0,0.0,200810,1000
reference_r2,LA-OU,200901,1,0.00019699999999999926,0.0,1.0,1.0,0.0,200901,1000
reference_r2,LA-OU,200902,2,6.899999999999962e-05,0.0,1.0,1.0,0.0,200901,1000
reference_r2,LA-OU,200903,3,0.0005690000000000001,0.0,1.0,1.0,0.0,200901,1000
reference_r2,LA-OU,200904,1,0.004621,0.0,1.0,1.0,0.0,200904,1000
reference_r2,LA-OU,200905,2,0.018393999999999994,0.0,1.0,1.0,0.0,200904,1000
reference_r2,LA-OU,200906,3,0.048157000000000005,0.0,1.0,1.0,0.0,200904,1000
reference_r2,LA-OU,200907,1,0.10170100000000004,0.0,1.0,1.0,0.0,200907,1000
reference_r2,LA-OU,200908,2,0.538623,1.0,1.0,1.0,1.0,200907,1000
reference_r2,LA-OU,200909,3,13.946568000000001,15.0,0.0,0.0,15.0,200907,1000
reference_r2,LA-OU,200910,1,2.7915530000000004,5.0,1.0,0.0,6.0,200910,1000
reference_r2,LA-OU,200911,2,11.064587000000001,13.0,0.0,0.0,13.0,200910,1000
reference_r2,LA-OU,200912,3,17.133367,18.0,0.0,0.0,18.0,200910,1000
reference_r2,LA-PH,200901,1,0.014768000000000003,0.0,1.0,1.0,0.0,200901,1000
reference_r2,LA-PH,200902,2,0.012716999999999978,0.0,1.0,1.0,0.0,200901,1000
reference_r2,LA-PH,200903,3,0.013788000000000022,0.0,1.0,1.0,0.0,200901,1000
reference_r2,LA-PH,200904,1,0.006312000000000012,0.0,1.0,1.0,0.0,200904,1000
reference_r2,LA-PH,200905,2,0.013058000000000014,0.0,1.0,1.0,0.0,200904,1000
reference_r2,LA-PH,200906,3,0.04530599999999996,0.0,1.0,1.0,0.0,200904,1000
reference_r2,LA-PH,200907,1,0.026444999999999996,0.0,1.0,1.0,0.0,200907,1000
reference_r2,LA-PH,200909,3,0.03595599999999999,0.0,1.0,1.0,0.0,200907,1000
reference_r2,LA-PH,200910,1,0.007292999999999994,0.0,1.0,1.0,0.0,200910,1000
reference_r2,LA-PH,200911,2,0.0025540000000000007,0.0,1.0,1.0,0.0,200910,1000
reference_r2,LA-PH,200912,3,0.0007390000000000035,0.0,1.0,1.0,0.0,200910,1000
reference_r2,LA-SL,200801,1,1.0127650000000004,1.0,1.0,1.0,0.0,200801,1000
reference_r2,LA-SL,200802,2,0.4263410000000001,1.0,1.0,1.0,1.0,200801,1000
reference_r2,LA-SL,200803,3,3.700873,5.0,0.0,0.0,5.0,200801,1000
reference_r2,LA-SL,200804,1,0.9887989999999998,0.0,1.0,1.0,2.0,200804,1000
reference_r2,LA-SL,200805,2,92.02821800000001,101.0,0.0,0.0,105.0,200804,1000
reference_r2,LA-SL,200806,3,192.076818,217.0,0.0,0.0,226.0,200804,1000
reference_r2,LA-SL,200807,1,43.85474999999998,32.0,1.0,1.0,78.0,200807,1000
reference_r2,LA-SL,200808,2,47.434940999999995,44.5,1.0,1.0,63.0,200807,1000
reference_r2,LA-SL,200809,3,45.059168,33.5,1.0,1.0,85.0,200807,1000
reference_r2,LA-SL,200810,1,27.828619000000003,16.0,1.0,1.0,91.0,200810,1000
reference_r2,LA-SL,200811,2,11.269838,6.0,1.0,1.0,21.0,200810,1000
reference_r2,LA-SL,200812,3,7.107514000000002,7.0,1.0,1.0,8.0,200810,1000
reference_r2,LA-SL,200901,1,1.8449999999999998,2.0,1.0,1.0,1.0,200901,1000
reference_r2,LA-SL,200902,2,19.696102,23.0,0.0,0.0,24.0,200901,1000
reference_r2,LA-SL,200903,3,13.666058,21.0,0.0,0.0,25.0,200901,1000
reference_r2,LA-SL,200904,1,6.760109,4.5,1.0,1.0,19.0,200904,1000
reference_r2,LA-SL,200905,2,37.210706,64.0,1.0,1.0,122.0,200904,1000
reference_r2,LA-SL,200906,3,39.678377999999995,38.5,1.0,1.0,42.0,200904,1000
reference_r2,LA-SL,200907,1,58.964233999999976,17.5,1.0,1.0,164.0,200907,1000
reference_r2,LA-SL,200908,2,44.55647099999999,4.0,1.0,1.0,127.0,200907,1000
reference_r2,LA-SL,200909,3,40.30003599999999,19.5,1.0,1.0,91.0,200907,1000
reference_r2,LA-SL,200910,1,30.469893999999996,57.0,1.0,1.0,94.0,200910,1000
reference_r2,LA-SL,200911,2,14.567459,3.0,1.0,1.0,44.0,200910,1000
reference_r2,LA-SL,200912,3,9.425521,6.0,1.0,1.0,17.0,200910,1000
reference_r2,LA-SV,200801,1,4.862931999999999,6.0,1.0,0.0,1.0,200801,1000
reference_r2,LA-SV,200802,2,0.9375749999999998,1.0,1.0,1.0,1.0,200801,1000
reference_r2,LA-SV,200803,3,0.428601,0.0,1.0,1.0,1.0,200801,1000
reference_r2,LA-SV,200804,1,1.0230510000000002,1.0,1.0,1.0,0.0,200804,1000
reference_r2,LA-SV,200805,2,1.453633,2.0,1.0,1.0,1.0,200804,1000
reference_r2,LA-SV,200806,3,4.038468000000002,1.0,1.0,1.0,10.0,200804,1000
reference_r2,LA-SV,200807,1,4.253529,1.0,1.0,1.0,11.0,200807,1000
reference_r2,LA-SV,200808,2,5.157913000000001,5.0,1.0,1.0,4.0,200807,1000
reference_r2,LA-SV,200809,3,6.656981999999999,8.0,1.0,0.0,2.0,200807,1000
reference_r2,LA-SV,200810,1,3.089200999999999,5.0,1.0,1.0,10.0,200810,1000
reference_r2,LA-SV,200811,2,0.7813030000000003,0.0,1.0,1.0,2.0,200810,1000
reference_r2,LA-SV,200812,3,0.5196669999999999,1.0,1.0,1.0,0.0,200810,1000
reference_r2,LA-SV,200901,1,0.11323700000000003,0.0,1.0,1.0,0.0,200901,1000
reference_r2,LA-SV,200902,2,0.014490999999999976,0.0,1.0,1.0,0.0,200901,1000
reference_r2,LA-SV,200903,3,0.14936400000000005,0.0,1.0,1.0,0.0,200901,1000
reference_r2,LA-SV,200904,1,0.20326599999999995,0.0,1.0,1.0,0.0,200904,1000
reference_r2,LA-SV,200905,2,1.085115,1.0,1.0,1.0,0.0,200904,1000
reference_r2,LA-SV,200906,3,1.643059,2.0,1.0,1.0,1.0,200904,1000
reference_r2,LA-SV,200907,1,9.954359,12.0,0.0,0.0,13.0,200907,1000
reference_r2,LA-SV,200908,2,30.154956000000002,34.0,0.0,0.0,34.0,200907,1000
reference_r2,LA-SV,200909,3,44.701693999999996,48.0,0.0,0.0,48.0,200907,1000
reference_r2,LA-SV,200910,1,5.131848,9.0,1.0,1.0,16.0,200910,1000
reference_r2,LA-SV,200911,2,22.843889,30.0,0.0,0.0,33.0,200910,1000
reference_r2,LA-SV,200912,3,1.4158620000000002,3.0,1.0,1.0,4.0,200910,1000
reference_r2,LA-VT,200801,1,10.014751,4.5,1.0,1.0,29.0,200801,1000
reference_r2,LA-VT,200802,2,3.787529000000001,7.0,1.0,1.0,12.0,200801,1000
reference_r2,LA-VT,200803,3,17.280247000000003,23.0,0.0,0.0,26.0,200801,1000
reference_r2,LA-VT,200804,1,15.483916,21.0,1.0,0.0,4.0,200804,1000
reference_r2,LA-VT,200805,2,24.081288,29.5,1.0,1.0,17.0,200804,1000
reference_r2,LA-VT,200806,3,83.18579000000003,87.0,1.0,1.0,60.0,200804,1000
reference_r2,LA-VT,200807,1,76.01094599999999,62.0,1.0,1.0,132.0,200807,1000
reference_r2,LA-VT,200808,2,69.61611199999999,34.5,1.0,1.0,144.0,200807,1000
reference_r2,LA-VT,200809,3,63.20281799999998,23.0,1.0,1.0,158.0,200807,1000
reference_r2,LA-VT,200810,1,27.077121000000005,35.0,1.0,1.0,95.0,200810,1000
reference_r2,LA-VT,200811,2,70.742631,106.0,0.0,0.0,129.0,200810,1000
reference_r2,LA-VT,200812,3,57.878814,79.0,0.0,0.0,91.0,200810,1000
reference_r2,LA-VT,200901,1,20.005108,31.0,0.0,0.0,38.0,200901,1000
reference_r2,LA-VT,200902,2,14.045214999999999,18.0,0.0,0.0,20.0,200901,1000
reference_r2,LA-VT,200903,3,6.005875000000001,10.0,1.0,1.0,19.0,200901,1000
reference_r2,LA-VT,200904,1,12.414883000000003,6.0,1.0,1.0,33.0,200904,1000
reference_r2,LA-VT,200905,2,98.86434800000004,127.0,1.0,0.0,54.0,200904,1000
reference_r2,LA-VT,200906,3,189.96795000000003,229.0,1.0,1.0,104.0,200904,1000
reference_r2,LA-VT,200907,1,121.60553000000004,26.5,1.0,1.0,302.0,200907,1000
reference_r2,LA-VT,200908,2,108.75874099999999,63.5,1.0,1.0,356.0,200907,1000
reference_r2,LA-VT,200909,3,138.01685699999996,205.0,1.0,1.0,470.0,200907,1000
reference_r2,LA-VT,200910,1,231.86423100000002,388.5,1.0,0.0,527.0,200910,1000
reference_r2,LA-VT,200911,2,318.827273,444.0,0.0,0.0,521.0,200910,1000
reference_r2,LA-VT,200912,3,262.026932,329.5,0.0,0.0,366.0,200910,1000
reference_r2,LA-XA,200801,1,0.9252589999999998,1.0,1.0,1.0,0.0,200801,1000
reference_r2,LA-XA,200802,2,0.2440650000000001,0.0,1.0,1.0,0.0,200801,1000
reference_r2,LA-XA,200803,3,0.16811500000000001,0.0,1.0,1.0,0.0,200801,1000
reference_r2,LA-XA,200804,1,0.057196000000000025,0.0,1.0,1.0,0.0,200804,1000
reference_r2,LA-XA,200805,2,1.176151,2.0,1.0,0.0,2.0,200804,1000
reference_r2,LA-XA,200806,3,4.198123,6.0,0.0,0.0,6.0,200804,1000
reference_r2,LA-XA,200807,1,10.471709,16.0,0.0,0.0,19.0,200807,1000
reference_r2,LA-XA,200808,2,2.3891099999999996,4.0,1.0,1.0,7.0,200807,1000
reference_r2,LA-XA,200809,3,1.0210830000000004,1.0,1.0,1.0,1.0,200807,1000
reference_r2,LA-XA,200810,1,1.0582780000000005,0.0,1.0,1.0,3.0,200810,1000
reference_r2,LA-XA,200811,2,0.6443679999999998,1.0,1.0,1.0,2.0,200810,1000
reference_r2,LA-XA,200812,3,0.3925869999999999,1.0,1.0,1.0,1.0,200810,1000
reference_r2,LA-XA,200901,1,0.12325299999999995,0.0,1.0,1.0,0.0,200901,1000
reference_r2,LA-XA,200902,2,0.03481000000000001,0.0,1.0,1.0,0.0,200901,1000
reference_r2,LA-XA,200903,3,0.18944400000000006,0.0,1.0,1.0,0.0,200901,1000
reference_r2,LA-XA,200904,1,0.19734200000000002,0.0,1.0,1.0,0.0,200904,1000
reference_r2,LA-XA,200905,2,0.607126,0.0,1.0,1.0,1.0,200904,1000
reference_r2,LA-XA,200906,3,7.114055,11.0,1.0,0.0,14.0,200904,1000
reference_r2,LA-XA,200907,1,4.048914000000001,7.0,1.0,0.0,11.0,200907,1000
reference_r2,LA-XA,200908,2,24.756028999999998,33.0,0.0,0.0,37.0,200907,1000
reference_r2,LA-XA,200909,3,4.215265999999999,7.0,1.0,0.0,11.0,200907,1000
reference_r2,LA-XA,200910,1,2.879055,2.0,1.0,1.0,5.0,200910,1000
reference_r2,LA-XA,200911,2,1.497729,2.0,1.0,1.0,5.0,200910,1000
reference_r2,LA-XA,200912,3,0.8760329999999998,1.0,1.0,1.0,0.0,200910,1000
reference_r2,LA-XE,200801,1,0.019653999999999977,0.0,1.0,1.0,0.0,200801,1000
reference_r2,LA-XE,200802,2,0.009334999999999996,0.0,1.0,1.0,0.0,200801,1000
reference_r2,LA-XE,200803,3,0.002834000000000003,0.0,1.0,1.0,0.0,200801,1000
reference_r2,LA-XE,200804,1,0.014676999999999996,0.0,1.0,1.0,0.0,200804,1000
reference_r2,LA-XE,200805,2,0.05166700000000002,0.0,1.0,1.0,0.0,200804,1000
reference_r2,LA-XE,200806,3,4.00965,5.0,0.0,0.0,5.0,200804,1000
reference_r2,LA-XE,200807,1,0.7631320000000001,1.0,1.0,1.0,0.0,200807,1000
reference_r2,LA-XE,200808,2,0.9496899999999999,1.0,1.0,1.0,0.0,200807,1000
reference_r2,LA-XE,200809,3,0.6823510000000002,0.0,1.0,1.0,1.0,200807,1000
reference_r2,LA-XE,200810,1,0.34538199999999997,0.0,1.0,1.0,0.0,200810,1000
reference_r2,LA-XE,200811,2,0.11304299999999995,0.0,1.0,1.0,0.0,200810,1000
reference_r2,LA-XE,200812,3,0.614471,1.0,1.0,0.0,1.0,200810,1000
reference_r2,LA-XE,200901,1,0.006405999999999995,0.0,1.0,1.0,0.0,200901,1000
reference_r2,LA-XE,200902,2,1.864373,2.0,0.0,0.0,2.0,200901,1000
reference_r2,LA-XE,200903,3,1.790914,2.0,0.0,0.0,2.0,200901,1000
reference_r2,LA-XE,200904,1,0.40451000000000015,1.0,1.0,1.0,1.0,200904,1000
reference_r2,LA-XE,200905,2,0.7578779999999998,1.0,1.0,1.0,2.0,200904,1000
reference_r2,LA-XE,200906,3,4.530878,7.0,1.0,0.0,9.0,200904,1000
reference_r2,LA-XE,200907,1,16.608721000000003,24.0,0.0,0.0,29.0,200907,1000
reference_r2,LA-XE,200908,2,13.110513000000001,22.0,1.0,0.0,27.0,200907,1000
reference_r2,LA-XE,200909,3,1.9714089999999995,2.0,1.0,1.0,6.0,200907,1000
reference_r2,LA-XE,200910,1,2.3707210000000005,3.0,1.0,1.0,7.0,200910,1000
reference_r2,LA-XE,200911,2,9.837726,11.0,1.0,0.0,3.0,200910,1000
reference_r2,LA-XE,200912,3,7.654355999999996,6.0,1.0,1.0,7.0,200910,1000
reference_r2,LA-XI,200801,1,0.0002649999999999979,0.0,1.0,1.0,0.0,200801,1000
reference_r2,LA-XI,200802,2,9.99999999999994e-05,0.0,1.0,1.0,0.0,200801,1000
reference_r2,LA-XI,200803,3,0.000196,0.0,1.0,1.0,0.0,200801,1000
reference_r2,LA-XI,200804,1,0.004149,0.0,1.0,1.0,0.0,200804,1000
reference_r2,LA-XI,200805,2,0.003838000000000008,0.0,1.0,1.0,0.0,200804,1000
reference_r2,LA-XI,200806,3,0.828966,1.0,0.0,0.0,1.0,200804,1000
reference_r2,LA-XI,200807,1,0.11801300000000003,0.0,1.0,1.0,0.0,200807,1000
reference_r2,LA-XI,200808,2,0.142193,0.0,1.0,1.0,0.0,200807,1000
reference_r2,LA-XI,200809,3,0.14680700000000002,0.0,1.0,1.0,0.0,200807,1000
reference_r2,LA-XI,200810,1,0.043161000000000005,0.0,1.0,1.0,0.0,200810,1000
reference_r2,LA-XI,200811,2,0.00952,0.0,1.0,1.0,0.0,200810,1000
reference_r2,LA-XI,200812,3,0.0031219999999999998,0.0,1.0,1.0,0.0,200810,1000
reference_r2,LA-XI,200901,1,0.0024409999999999987,0.0,1.0,1.0,0.0,200901,1000
reference_r2,LA-XI,200902,2,0.0015569999999999959,0.0,1.0,1.0,0.0,200901,1000
reference_r2,LA-XI,200903,3,0.0012789999999999954,0.0,1.0,1.0,0.0,200901,1000
reference_r2,LA-XI,200904,1,0.0006620000000000029,0.0,1.0,1.0,0.0,200904,1000
reference_r2,LA-XI,200905,2,38.8626,39.0,0.0,0.0,39.0,200904,1000
reference_r2,LA-XI,200906,3,32.709342,33.0,0.0,0.0,33.0,200904,1000
reference_r2,LA-XI,200907,1,13.136213999999999,17.0,0.0,0.0,1.0,200907,1000
reference_r2,LA-XI,200908,2,12.502650000000003,15.0,1.0,1.0,10.0,200907,1000
reference_r2,LA-XI,200909,3,16.738401,22.0,0.0,0.0,0.0,200907,1000
reference_r2,LA-XI,200910,1,13.217247999999998,17.0,0.0,0.0,0.0,200910,1000
reference_r2,LA-XI,200911,2,5.329651,7.0,1.0,0.0,0.0,200910,1000
reference_r2,LA-XI,200912,3,2.5909310000000003,4.0,1.0,0.0,0.0,200910,1000
reference_r3,LA-AT,200801,1,2.965529,4.0,0.0,0.0,4.0,200801,1000
reference_r3,LA-AT,200802,2,1.3578290000000002,2.0,0.0,0.0,2.0,200801,1000
reference_r3,LA-AT,200803,3,0.057973,0.0,1.0,1.0,0.0,200801,1000
reference_r3,LA-AT,200804,1,0.4242520000000001,0.5,1.0,1.0,0.0,200804,1000
reference_r3,LA-AT,200805,2,1.8230289999999998,3.0,1.0,0.0,4.0,200804,1000
reference_r3,LA-AT,200806,3,4.591711,8.0,1.0,0.0,10.0,200804,1000
reference_r3,LA-AT,200807,1,2.406618,0.0,1.0,1.0,6.0,200807,1000
reference_r3,LA-AT,200808,2,3.867596,7.0,1.0,1.0,11.0,200807,1000
reference_r3,LA-AT,200809,3,12.472168000000002,19.0,0.0,0.0,24.0,200807,1000
reference_r3,LA-AT,200810,1,33.407801,42.0,0.0,0.0,47.0,200810,1000
reference_r3,LA-AT,200811,2,32.038969,39.0,0.0,0.0,43.0,200810,1000
reference_r3,LA-AT,200812,3,17.474505999999998,21.0,0.0,0.0,23.0,200810,1000
reference_r3,LA-AT,200901,1,7.177428,13.0,1.0,0.0,18.0,200901,1000
reference_r3,LA-AT,200902,2,35.559007,43.0,0.0,0.0,46.0,200901,1000
reference_r3,LA-AT,200903,3,54.12051099999999,70.0,0.0,0.0,77.0,200901,1000
reference_r3,LA-AT,200904,1,36.820692,66.0,1.0,0.0,99.0,200904,1000
reference_r3,LA-AT,200905,2,97.09805600000001,122.0,0.0,0.0,0.0,200904,1000
reference_r3,LA-AT,200906,3,80.95157699999999,109.5,1.0,0.0,24.0,200904,1000
reference_r3,LA-AT,200907,1,103.81069299999999,139.5,1.0,0.0,64.0,200907,1000
reference_r3,LA-AT,200908,2,128.906702,162.5,1.0,0.0,21.0,200907,1000
reference_r3,LA-AT,200909,3,240.132698,311.0,0.0,0.0,17.0,200907,1000
reference_r3,LA-AT,200910,1,41.444462,53.0,1.0,0.0,4.0,200910,1000
reference_r3,LA-AT,200911,2,27.835036000000002,32.0,1.0,1.0,16.0,200910,1000
reference_r3,LA-AT,200912,3,33.45285399999999,41.0,1.0,0.0,6.0,200910,1000
reference_r3,LA-BK,200801,1,0.948685,1.0,0.0,0.0,1.0,200801,1000
reference_r3,LA-BK,200802,2,0.000196,0.0,1.0,1.0,0.0,200801,1000
reference_r3,LA-BK,200803,3,6.499999999999909e-05,0.0,1.0,1.0,0.0,200801,1000
reference_r3,LA-BK,200804,1,0.03267300000000001,0.0,1.0,1.0,0.0,200804,1000
reference_r3,LA-BK,200805,2,10.827005999999999,12.0,0.0,0.0,12.0,200804,1000
reference_r3,LA-BK,200806,3,51.527664,53.0,0.0,0.0,53.0,200804,1000
reference_r3,LA-BK,200807,1,18.010478,22.0,1.0,0.0,2.0,200807,1000
reference_r3,LA-BK,200808,2,20.440658000000006,23.0,1.0,0.0,9.0,200807,1000
reference_r3,LA-BK,200809,3,54.92804000000001,58.0,1.0,1.0,33.0,200807,1000
reference_r3,LA-BK,200810,1,18.960977999999997,10.5,1.0,1.0,48.0,200810,1000
reference_r3,LA-BK,200811,2,37.893344,49.0,0.0,0.0,55.0,200810,1000
reference_r3,LA-BK,200812,3,1.8024200000000001,3.0,1.0,1.0,5.0,200810,1000
reference_r3,LA-BK,200901,1,0.408825,0.0,1.0,1.0,1.0,200901,1000
reference_r3,LA-BK,200902,2,0.35585600000000006,0.0,1.0,1.0,0.0,200901,1000
reference_r3,LA-BK,200903,3,0.687322,0.0,1.0,1.0,1.0,200901,1000
reference_r3,LA-BK,200904,1,1.6073600000000008,1.0,1.0,1.0,3.0,200904,1000
reference_r3,LA-BK,200905,2,43.706128,63.0,0.0,0.0,74.0,200904,1000
reference_r3,LA-BK,200906,3,132.200647,187.0,0.0,0.0,216.0,200904,1000
reference_r3,LA-BK,200907,1,89.72865200000001,156.0,1.0,0.0,212.0,200907,1000
reference_r3,LA-BK,200908,2,31.508160000000004,51.5,1.0,1.0,110.0,200907,1000
reference_r3,LA-BK,200909,3,19.840519999999998,3.0,1.0,1.0,52.0,200907,1000
reference_r3,LA-BK,200910,1,27.34021399999999,28.0,1.0,1.0,31.0,200910,1000
reference_r3,LA-BK,200911,2,17.141603999999997,23.0,1.0,0.0,5.0,200910,1000
reference_r3,LA-BK,200912,3,6.389480000000001,8.0,1.0,1.0,4.0,200910,1000
reference_r3,LA-BL,200801,1,5.577623,9.0,0.0,0.0,10.0,200801,1000
reference_r3,LA-BL,200802,2,5.852246,7.0,0.0,0.0,7.0,200801,1000
reference_r3,LA-BL,200803,3,0.39302399999999993,1.0,1.0,1.0,1.0,200801,1000
reference_r3,LA-BL,200804,1,3.681984,3.0,1.0,1.0,3.0,200804,1000
reference_r3,LA-BL,200805,2,5.298287999999998,9.0,1.0,1.0,15.0,200804,1000
reference_r3,LA-BL,200806,3,7.406873000000001,2.0,1.0,1.0,19.0,200804,1000
reference_r3,LA-BL,200807,1,16.130717999999995,10.0,1.0,1.0,31.0,200807,1000
reference_r3,LA-BL,200808,2,18.307656999999992,12.0,1.0,1.0,32.0,200807,1000
reference_r3,LA-BL,200809,3,16.963696000000006,12.0,1.0,1.0,30.0,200807,1000
reference_r3,LA-BL,200810,1,10.430690000000002,13.0,1.0,0.0,5.0,200810,1000
reference_r3,LA-BL,200811,2,4.391162999999999,1.0,1.0,1.0,12.0,200810,1000
reference_r3,LA-BL,200812,3,1.4026460000000003,2.0,1.0,1.0,1.0,200810,1000
reference_r3,LA-BL,200901,1,0.6788720000000001,1.0,1.0,1.0,2.0,200901,1000
reference_r3,LA-BL,200902,2,1.4351349999999998,2.5,1.0,0.0,3.0,200901,1000
reference_r3,LA-BL,200903,3,1.280115,2.0,1.0,1.0,0.0,200901,1000
reference_r3,LA-BL,200904,1,0.725161,1.0,1.0,1.0,2.0,200904,1000
reference_r3,LA-BL,200905,2,3.4009360000000006,4.0,1.0,0.0,0.0,200904,1000
reference_r3,LA-BL,200906,3,4.279861,3.0,1.0,1.0,7.0,200904,1000
reference_r3,LA-BL,200907,1,13.012815999999999,24.0,1.0,0.0,35.0,200907,1000
reference_r3,LA-BL,200908,2,5.196313000000002,3.0,1.0,1.0,9.0,200907,1000
reference_r3,LA-BL,200909,3,8.373898,11.0,1.0,0.0,0.0,200907,1000
reference_r3,LA-BL,200910,1,3.8174669999999997,5.0,1.0,0.0,1.0,200910,1000
reference_r3,LA-BL,200911,2,1.2400289999999998,1.0,1.0,1.0,2.0,200910,1000
reference_r3,LA-BL,200912,3,0.4256770000000001,0.0,1.0,1.0,1.0,200910,1000
reference_r3,LA-CH,200801,1,30.054179,52.0,1.0,0.0,73.0,200801,1000
reference_r3,LA-CH,200802,2,43.793851999999994,70.5,1.0,0.0,90.0,200801,1000
reference_r3,LA-CH,200803,3,54.86731499999999,78.0,0.0,0.0,92.0,200801,1000
reference_r3,LA-CH,200804,1,25.38318000000001,9.0,1.0,1.0,69.0,200804,1000
reference_r3,LA-CH,200805,2,35.783691000000005,22.0,1.0,1.0,113.0,200804,1000
reference_r3,LA-CH,200806,3,112.92297200000002,14.5,1.0,1.0,295.0,200804,1000
reference_r3,LA-CH,200807,1,144.07126900000003,151.0,1.0,1.0,162.0,200807,1000
reference_r3,LA-CH,200808,2,80.02167800000001,72.0,1.0,1.0,143.0,200807,1000
reference_r3,LA-CH,200809,3,90.73863500000004,51.0,1.0,1.0,185.0,200807,1000
reference_r3,LA-CH,200810,1,39.088674,45.0,1.0,1.0,140.0,200810,1000
reference_r3,LA-CH,200811,2,28.709885,31.0,1.0,1.0,102.0,200810,1000
reference_r3,LA-CH,200812,3,23.448769,40.0,1.0,0.0,73.0,200810,1000
reference_r3,LA-CH,200901,1,9.418542000000002,11.0,1.0,1.0,31.0,200901,1000
reference_r3,LA-CH,200902,2,22.005099,37.0,1.0,0.0,48.0,200901,1000
reference_r3,LA-CH,200903,3,20.032007,35.0,1.0,1.0,60.0,200901,1000
reference_r3,LA-CH,200904,1,32.972374,59.0,1.0,1.0,102.0,200904,1000
reference_r3,LA-CH,200905,2,102.01389400000002,117.5,1.0,1.0,66.0,200904,1000
reference_r3,LA-CH,200906,3,111.02642699999996,112.0,1.0,1.0,124.0,200904,1000
reference_r3,LA-CH,200907,1,128.598926,149.5,1.0,1.0,122.0,200907,1000
reference_r3,LA-CH,200908,2,82.04898800000001,87.0,1.0,1.0,110.0,200907,1000
reference_r3,LA-CH,200909,3,99.28746800000002,116.0,1.0,1.0,105.0,200907,1000
reference_r3,LA-CH,200910,1,25.508393999999996,6.0,1.0,1.0,59.0,200910,1000
reference_r3,LA-CH,200911,2,32.78886899999999,35.0,1.0,1.0,35.0,200910,1000
reference_r3,LA-CH,200912,3,26.598605000000006,28.5,1.0,1.0,32.0,200910,1000
reference_r3,LA-HO,200801,1,0.0016270000000000034,0.0,1.0,1.0,0.0,200801,1000
reference_r3,LA-HO,200802,2,0.0006250000000000006,0.0,1.0,1.0,0.0,200801,1000
reference_r3,LA-HO,200803,3,0.007444999999999993,0.0,1.0,1.0,0.0,200801,1000
reference_r3,LA-HO,200804,1,0.06152200000000008,0.0,1.0,1.0,0.0,200804,1000
reference_r3,LA-HO,200805,2,0.03877900000000001,0.0,1.0,1.0,0.0,200804,1000
reference_r3,LA-HO,200806,3,0.050591,0.0,1.0,1.0,0.0,200804,1000
reference_r3,LA-HO,200807,1,0.013461,0.0,1.0,1.0,0.0,200807,1000
reference_r3,LA-HO,200808,2,0.017584000000000016,0.0,1.0,1.0,0.0,200807,1000
reference_r3,LA-HO,200809,3,0.701043,1.0,1.0,0.0,1.0,200807,1000
reference_r3,LA-HO,200810,1,0.046067000000000025,0.0,1.0,1.0,0.0,200810,1000
reference_r3,LA-HO,200811,2,0.01027299999999999,0.0,1.0,1.0,0.0,200810,1000
reference_r3,LA-HO,200812,3,0.889266,1.0,0.0,0.0,1.0,200810,1000
reference_r3,LA-HO,200901,1,0.014703999999999995,0.0,1.0,1.0,0.0,200901,1000
reference_r3,LA-HO,200902,2,0.029199000000000003,0.0,1.0,1.0,0.0,200901,1000
reference_r3,LA-HO,200903,3,0.0237,0.0,1.0,1.0,0.0,200901,1000
reference_r3,LA-HO,200904,1,0.005573999999999996,0.0,1.0,1.0,0.0,200904,1000
reference_r3,LA-HO,200905,2,0.018968999999999986,0.0,1.0,1.0,0.0,200904,1000
reference_r3,LA-HO,200906,3,0.06679299999999999,0.0,1.0,1.0,0.0,200904,1000
reference_r3,LA-HO,200907,1,0.03333400000000003,0.0,1.0,1.0,0.0,200907,1000
reference_r3,LA-HO,200908,2,0.050458999999999976,0.0,1.0,1.0,0.0,200907,1000
reference_r3,LA-HO,200909,3,0.6534779999999999,1.0,1.0,0.0,1.0,200907,1000
reference_r3,LA-HO,200910,1,0.623256,1.0,1.0,0.0,1.0,200910,1000
reference_r3,LA-HO,200911,2,0.8120200000000001,1.0,0.0,0.0,1.0,200910,1000
reference_r3,LA-HO,200912,3,0.917782,1.0,0.0,0.0,1.0,200910,1000
reference_r3,LA-KH,200801,1,0.65675,1.0,1.0,1.0,0.0,200801,1000
reference_r3,LA-KH,200802,2,0.08241300000000001,0.0,1.0,1.0,0.0,200801,1000
reference_r3,LA-KH,200803,3,0.09114599999999995,0.0,1.0,1.0,0.0,200801,1000
reference_r3,LA-KH,200804,1,0.267591,0.0,1.0,1.0,0.0,200804,1000
reference_r3,LA-KH,200805,2,0.28858799999999996,0.0,1.0,1.0,0.0,200804,1000
reference_r3,LA-KH,200806,3,0.6630559999999996,0.0,1.0,1.0,1.0,200804,1000
reference_r3,LA-KH,200807,1,1.391163,3.0,1.0,0.0,3.0,200807,1000
reference_r3,LA-KH,200808,2,0.385019,0.0,1.0,1.0,0.0,200807,1000
reference_r3,LA-KH,200809,3,2.289376,4.0,1.0,0.0,4.0,200807,1000
reference_r3,LA-KH,200810,1,0.571051,0.0,1.0,1.0,1.0,200810,1000
reference_r3,LA-KH,200811,2,1.2943869999999997,2.0,1.0,0.0,3.0,200810,1000
reference_r3,LA-KH,200812,3,3.2931280000000003,4.0,0.0,0.0,4.0,200810,1000
reference_r3,LA-KH,200901,1,0.06305499999999997,0.0,1.0,1.0,0.0,200901,1000
reference_r3,LA-KH,200902,2,0.033010999999999985,0.0,1.0,1.0,0.0,200901,1000
reference_r3,LA-KH,200903,3,4.480055,6.0,0.0,0.0,6.0,200901,1000
reference_r3,LA-KH,200904,1,0.6912850000000001,1.0,1.0,1.0,0.0,200904,1000
reference_r3,LA-KH,200905,2,1.9837660000000001,2.0,1.0,1.0,6.0,200904,1000
reference_r3,LA-KH,200906,3,57.47427999999999,73.0,0.0,0.0,80.0,200904,1000
reference_r3,LA-KH,200907,1,92.67665600000001,132.0,0.0,0.0,155.0,200907,1000
reference_r3,LA-KH,200908,2,237.67612899999997,280.0,0.0,0.0,303.0,200907,1000
reference_r3,LA-KH,200909,3,203.355514,252.0,0.0,0.0,277.0,200907,1000
reference_r3,LA-KH,200910,1,25.156711,20.0,1.0,1.0,85.0,200910,1000
reference_r3,LA-KH,200911,2,19.679741,35.0,1.0,0.0,61.0,200910,1000
reference_r3,LA-KH,200912,3,40.159144999999995,57.0,0.0,0.0,67.0,200910,1000
reference_r3,LA-LM,200801,1,4.900000000000043e-05,0.0,1.0,1.0,0.0,200801,1000
reference_r3,LA-LM,200802,2,1.000000000000046e-05,0.0,1.0,1.0,0.0,200801,1000
reference_r3,LA-LM,200803,3,9.999999999999159e-07,0.0,1.0,1.0,0.0,200801,1000
reference_r3,LA-LM,200804,1,0.004183999999999993,0.0,1.0,1.0,0.0,200804,1000
reference_r3,LA-LM,200805,2,0.012388999999999983,0.0,1.0,1.0,0.0,200804,1000
reference_r3,LA-LM,200806,3,0.013360999999999984,0.0,1.0,1.0,0.0,200804,1000
reference_r3,LA-LM,200807,1,0.07496000000000003,0.0,1.0,1.0,0.0,200807,1000
reference_r3,LA-LM,200808,2,0.04409299999999999,0.0,1.0,1.0,0.0,200807,1000
reference_r3,LA-LM,200809,3,0.050842,0.0,1.0,1.0,0.0,200807,1000
reference_r3,LA-LM,200810,1,0.009692000000000006,0.0,1.0,1.0,0.0,200810,1000
reference_r3,LA-LM,200811,2,0.003126999999999991,0.0,1.0,1.0,0.0,200810,1000
reference_r3,LA-LM,200812,3,0.0009790000000000007,0.0,1.0,1.0,0.0,200810,1000
reference_r3,LA-LM,200901,1,0.0001250000000000001,0.0,1.0,1.0,0.0,200901,1000
reference_r3,LA-LM,200902,2,3.7000000000000574e-05,0.0,1.0,1.0,0.0,200901,1000
reference_r3,LA-LM,200903,3,0.0003280000000000019,0.0,1.0,1.0,0.0,200901,1000
reference_r3,LA-LM,200904,1,0.874471,1.0,0.0,0.0,1.0,200904,1000
reference_r3,LA-LM,200905,2,0.010589000000000015,0.0,1.0,1.0,0.0,200904,1000
reference_r3,LA-LM,200906,3,1.527886,2.0,0.0,0.0,2.0,200904,1000
reference_r3,LA-LM,200907,1,0.6140659999999998,0.0,1.0,1.0,1.0,200907,1000
reference_r3,LA-LM,200908,2,0.9445810000000003,1.0,1.0,1.0,0.0,200907,1000
reference_r3,LA-LM,200909,3,1.6010299999999997,3.0,1.0,0.0,4.0,200907,1000
reference_r3,LA-LM,200910,1,2.5924750000000003,4.0,1.0,0.0,5.0,200910,1000
reference_r3,LA-LM,200911,2,4.622052,6.0,0.0,0.0,6.0,200910,1000
reference_r3,LA-LM,200912,3,3.4045039999999998,4.0,0.0,0.0,4.0,200910,1000
reference_r3,LA-LP,200801,1,0.8236919999999999,1.0,1.0,1.0,0.0,200801,1000
reference_r3,LA-LP,200802,2,14.343461,16.0,0.0,0.0,16.0,200801,1000
reference_r3,LA-LP,200803,3,20.446258,22.0,0.0,0.0,22.0,200801,1000
reference_r3,LA-LP,200804,1,10.800052,19.0,1.0,1.0,33.0,200804,1000
reference_r3,LA-LP,200805,2,54.912835,90.0,1.0,0.0,116.0,200804,1000
reference_r3,LA-LP,200806,3,72.84922900000001,121.5,1.0,0.0,160.0,200804,1000
reference_r3,LA-LP,200807,1,111.71444799999998,149.5,1.0,0.0,16.0,200807,1000
reference_r3,LA-LP,200808,2,117.26947299999998,159.0,0.0,0.0,13.0,200807,1000
reference_r3,LA-LP,200809,3,102.69639699999999,142.0,0.0,0.0,14.0,200807,1000
reference_r3,LA-LP,200810,1,24.379503,24.5,1.0,1.0,33.0,200810,1000
reference_r3,LA-LP,200811,2,44.782446,78.0,1.0,0.0,116.0,200810,1000
reference_r3,LA-LP,200812,3,125.029784,149.0,0.0,0.0,161.0,200810,1000
reference_r3,LA-LP,200901,1,8.006654999999999,10.5,0.0,0.0,0.0,200901,1000
reference_r3,LA-LP,200902,2,6.768315000000001,9.0,1.0,0.0,0.0,200901,1000
reference_r3,LA-LP,200903,3,14.453356,18.5,0.0,0.0,0.0,200901,1000
reference_r3,LA-LP,200904,1,15.532235000000004,20.0,0.0,0.0,0.0,200904,1000
reference_r3,LA-LP,200905,2,34.977434,45.0,0.0,0.0,0.0,200904,1000
reference_r3,LA-LP,200906,3,71.36921000000001,90.0,1.0,0.0,9.0,200904,1000
reference_r3,LA-LP,200907,1,21.398355,27.0,0.0,0.0,30.0,200907,1000
reference_r3,LA-LP,200908,2,22.641714999999998,29.0,0.0,0.0,32.0,200907,1000
reference_r3,LA-LP,200909,3,302.577808,310.0,0.0,0.0,313.0,200907,1000
reference_r3,LA-LP,200910,1,100.471338,141.0,0.0,0.0,165.0,200910,1000
reference_r3,LA-LP,200911,2,56.256093,76.0,0.0,0.0,87.0,200910,1000
reference_r3,LA-LP,200912,3,3.027074999999999,4.0,1.0,0.0,0.0,200910,1000
reference_r3,LA-OU,200801,1,0.0006259999999999981,0.0,1.0,1.0,0.0,200801,1000
reference_r3,LA-OU,200802,2,8.200000000000048e-05,0.0,1.0,1.0,0.0,200801,1000
reference_r3,LA-OU,200803,3,8.099999999999948e-05,0.0,1.0,1.0,0.0,200801,1000
reference_r3,LA-OU,200804,1,0.0027290000000000023,0.0,1.0,1.0,0.0,200804,1000
reference_r3,LA-OU,200805,2,0.010884000000000005,0.0,1.0,1.0,0.0,200804,1000
reference_r3,LA-OU,200806,3,0.01480999999999999,0.0,1.0,1.0,0.0,200804,1000
reference_r3,LA-OU,200807,1,0.09667999999999999,0.0,1.0,1.0,0.0,200807,1000
reference_r3,LA-OU,200808,2,0.050516000000000005,0.0,1.0,1.0,0.0,200807,1000
reference_r3,LA-OU,200809,3,0.06214799999999998,0.0,1.0,1.0,0.0,200807,1000
reference_r3,LA-OU,200810,1,0.010485000000000008,0.0,1.0,1.0,0.0,200810,1000
reference_r3,LA-OU,200811,2,0.004710000000000006,0.0,1.0,1.0,0.0,200810,1000
reference_r3,LA-OU,200812,3,0.0005470000000000023,0.0,1.0,1.0,0.0,200810,1000
reference_r3,LA-OU,200901,1,0.000168999999999999,0.0,1.0,1.0,0.0,200901,1000
reference_r3,LA-OU,200902,2,4.900000000000043e-05,0.0,1.0,1.0,0.0,200901,1000
reference_r3,LA-OU,200903,3,0.0007300000000000015,0.0,1.0,1.0,0.0,200901,1000
reference_r3,LA-OU,200904,1,0.005163999999999988,0.0,1.0,1.0,0.0,200904,1000
reference_r3,LA-OU,200905,2,0.02085200000000001,0.0,1.0,1.0,0.0,200904,1000
reference_r3,LA-OU,200906,3,0.05815799999999999,0.0,1.0,1.0,0.0,200904,1000
reference_r3,LA-OU,200907,1,0.08068800000000009,0.0,1.0,1.0,0.0,200907,1000
reference_r3,LA-OU,200908,2,0.537,1.0,1.0,1.0,1.0,200907,1000
reference_r3,LA-OU,200909,3,13.816012,15.0,0.0,0.0,15.0,200907,1000
reference_r3,LA-OU,200910,1,2.8909000000000002,5.0,1.0,0.0,6.0,200910,1000
reference_r3,LA-OU,200911,2,10.948813999999999,13.0,0.0,0.0,13.0,200910,1000
reference_r3,LA-OU,200912,3,17.179861,18.0,0.0,0.0,18.0,200910,1000
reference_r3,LA-PH,200901,1,0.012347999999999998,0.0,1.0,1.0,0.0,200901,1000
reference_r3,LA-PH,200902,2,0.015927000000000024,0.0,1.0,1.0,0.0,200901,1000
reference_r3,LA-PH,200903,3,0.018654000000000004,0.0,1.0,1.0,0.0,200901,1000
reference_r3,LA-PH,200904,1,0.0047709999999999975,0.0,1.0,1.0,0.0,200904,1000
reference_r3,LA-PH,200905,2,0.013141000000000014,0.0,1.0,1.0,0.0,200904,1000
reference_r3,LA-PH,200906,3,0.041615999999999986,0.0,1.0,1.0,0.0,200904,1000
reference_r3,LA-PH,200907,1,0.02677799999999997,0.0,1.0,1.0,0.0,200907,1000
reference_r3,LA-PH,200909,3,0.04365299999999994,0.0,1.0,1.0,0.0,200907,1000
reference_r3,LA-PH,200910,1,0.009358000000000005,0.0,1.0,1.0,0.0,200910,1000
reference_r3,LA-PH,200911,2,0.002704999999999999,0.0,1.0,1.0,0.0,200910,1000
reference_r3,LA-PH,200912,3,0.0004039999999999981,0.0,1.0,1.0,0.0,200910,1000
reference_r3,LA-SL,200801,1,0.8838249999999999,1.0,1.0,1.0,0.0,200801,1000
reference_r3,LA-SL,200802,2,0.38860300000000003,1.0,1.0,1.0,1.0,200801,1000
reference_r3,LA-SL,200803,3,3.7714510000000003,5.0,0.0,0.0,5.0,200801,1000
reference_r3,LA-SL,200804,1,0.9633830000000003,0.0,1.0,1.0,2.0,200804,1000
reference_r3,LA-SL,200805,2,92.48520400000001,102.0,0.0,0.0,105.0,200804,1000
reference_r3,LA-SL,200806,3,191.44274800000002,216.0,0.0,0.0,226.0,200804,1000
reference_r3,LA-SL,200807,1,42.284277999999986,23.0,1.0,1.0,78.0,200807,1000
reference_r3,LA-SL,200808,2,38.80497500000001,33.5,1.0,1.0,63.0,200807,1000
reference_r3,LA-SL,200809,3,37.38935600000001,14.0,1.0,1.0,85.0,200807,1000
reference_r3,LA-SL,200810,1,31.830416999999997,3.0,1.0,1.0,91.0,200810,1000
reference_r3,LA-SL,200811,2,26.836431000000005,34.0,1.0,1.0,21.0,200810,1000
reference_r3,LA-SL,200812,3,9.795035000000002,12.0,1.0,1.0,8.0,200810,1000
reference_r3,LA-SL,200901,1,1.7403170000000001,2.0,1.0,1.0,1.0,200901,1000
reference_r3,LA-SL,200902,2,18.850562,22.0,0.0,0.0,24.0,200901,1000
reference_r3,LA-SL,200903,3,12.223898,20.0,1.0,0.0,25.0,200901,1000
reference_r3,LA-SL,200904,1,7.018113,2.0,1.0,1.0,19.0,200904,1000
reference_r3,LA-SL,200905,2,34.577420000000004,50.0,1.0,1.0,122.0,200904,1000
reference_r3,LA-SL,200906,3,40.820183,42.5,1.0,1.0,42.0,200904,1000
reference_r3,LA-SL,200907,1,52.832109,4.0,1.0,1.0,164.0,200907,1000
reference_r3,LA-SL,200908,2,46.35668899999999,4.0,1.0,1.0,127.0,200907,1000
reference_r3,LA-SL,200909,3,40.55329800000001,16.0,1.0,1.0,91.0,200907,1000
reference_r3,LA-SL,200910,1,30.354893999999994,54.0,1.0,1.0,94.0,200910,1000
reference_r3,LA-SL,200911,2,15.388778000000002,6.0,1.0,1.0,44.0,200910,1000
reference_r3,LA-SL,200912,3,9.652673,5.5,1.0,1.0,17.0,200910,1000
reference_r3,LA-SV,200801,1,5.018881,7.0,1.0,0.0,1.0,200801,1000
reference_r3,LA-SV,200802,2,0.9472299999999998,1.0,1.0,1.0,1.0,200801,1000
reference_r3,LA-SV,200803,3,0.4412010000000002,0.0,1.0,1.0,1.0,200801,1000
reference_r3,LA-SV,200804,1,1.0804140000000002,2.0,1.0,1.0,0.0,200804,1000
reference_r3,LA-SV,200805,2,1.2377990000000003,1.0,1.0,1.0,1.0,200804,1000
reference_r3,LA-SV,200806,3,4.098561,0.0,1.0,1.0,10.0,200804,1000
reference_r3,LA-SV,200807,1,4.535603,0.5,1.0,1.0,11.0,200807,1000
reference_r3,LA-SV,200808,2,4.738664,5.0,1.0,1.0,4.0,200807,1000
reference_r3,LA-SV,200809,3,6.9951360000000005,8.5,1.0,0.0,2.0,200807,1000
reference_r3,LA-SV,200810,1,3.084587999999999,5.0,1.0,1.0,10.0,200810,1000
reference_r3,LA-SV,200811,2,1.360979,1.0,1.0,1.0,2.0,200810,1000
reference_r3,LA-SV,200812,3,0.475716,1.0,1.0,1.0,0.0,200810,1000
reference_r3,LA-SV,200901,1,0.08111099999999999,0.0,1.0,1.0,0.0,200901,1000
reference_r3,LA-SV,200902,2,0.021490999999999982,0.0,1.0,1.0,0.0,200901,1000
reference_r3,LA-SV,200903,3,0.15590499999999996,0.0,1.0,1.0,0.0,200901,1000
reference_r3,LA-SV,200904,1,0.184967,0.0,1.0,1.0,0.0,200904,1000
reference_r3,LA-SV,200905,2,1.2034060000000002,2.0,1.0,1.0,0.0,200904,1000
reference_r3,LA-SV,200906,3,1.607338,2.0,1.0,1.0,1.0,200904,1000
reference_r3,LA-SV,200907,1,10.043322,12.0,0.0,0.0,13.0,200907,1000
reference_r3,LA-SV,200908,2,30.724857,33.0,0.0,0.0,34.0,200907,1000
reference_r3,LA-SV,200909,3,45.206669999999995,48.0,0.0,0.0,48.0,200907,1000
reference_r3,LA-SV,200910,1,5.404620999999999,10.0,1.0,0.0,16.0,200910,1000
reference_r3,LA-SV,200911,2,23.600704,30.0,0.0,0.0,33.0,200910,1000
reference_r3,LA-SV,200912,3,1.41749,3.0,1.0,1.0,4.0,200910,1000
reference_r3,LA-VT,200801,1,10.299728000000002,4.0,1.0,1.0,29.0,200801,1000
reference_r3,LA-VT,200802,2,4.003939000000001,7.0,1.0,1.0,12.0,200801,1000
reference_r3,LA-VT,200803,3,17.418559,23.0,0.0,0.0,26.0,200801,1000
reference_r3,LA-VT,200804,1,19.168754999999997,24.0,1.0,0.0,4.0,200804,1000
reference_r3,LA-VT,200805,2,23.651194999999994,30.0,1.0,1.0,17.0,200804,1000
reference_r3,LA-VT,200806,3,110.98251800000003,145.5,1.0,0.0,60.0,200804,1000
reference_r3,LA-VT,200807,1,124.14737300000002,133.5,1.0,1.0,132.0,200807,1000
reference_r3,LA-VT,200808,2,88.08518800000002,57.5,1.0,1.0,144.0,200807,1000
reference_r3,LA-VT,200809,3,68.590149,14.5,1.0,1.0,158.0,200807,1000
reference_r3,LA-VT,200810,1,27.753037999999997,45.0,1.0,1.0,95.0,200810,1000
reference_r3,LA-VT,200811,2,53.31320000000001,93.0,1.0,0.0,129.0,200810,1000
reference_r3,LA-VT,200812,3,58.066302,78.0,0.0,0.0,91.0,200810,1000
reference_r3,LA-VT,200901,1,20.648888999999997,32.0,0.0,0.0,38.0,200901,1000
reference_r3,LA-VT,200902,2,12.543616,18.0,0.0,0.0,20.0,200901,1000
reference_r3,LA-VT,200903,3,5.955337999999999,9.0,1.0,1.0,19.0,200901,1000
reference_r3,LA-VT,200904,1,12.159024000000002,1.0,1.0,1.0,33.0,200904,1000
reference_r3,LA-VT,200905,2,95.79624699999997,123.5,1.0,1.0,54.0,200904,1000
reference_r3,LA-VT,200906,3,195.25972599999994,253.5,1.0,0.0,104.0,200904,1000
reference_r3,LA-VT,200907,1,115.74503900000002,53.0,1.0,1.0,302.0,200907,1000
reference_r3,LA-VT,200908,2,101.37608699999998,93.0,1.0,1.0,356.0,200907,1000
reference_r3,LA-VT,200909,3,138.53003,204.0,1.0,1.0,470.0,200907,1000
reference_r3,LA-VT,200910,1,242.63417200000004,408.0,1.0,0.0,527.0,200910,1000
reference_r3,LA-VT,200911,2,329.326237,452.0,0.0,0.0,521.0,200910,1000
reference_r3,LA-VT,200912,3,258.459764,329.0,0.0,0.0,366.0,200910,1000
reference_r3,LA-XA,200801,1,1.13233,2.0,1.0,1.0,0.0,200801,1000
reference_r3,LA-XA,200802,2,0.2674700000000001,0.0,1.0,1.0,0.0,200801,1000
reference_r3,LA-XA,200803,3,0.15452300000000008,0.0,1.0,1.0,0.0,200801,1000
reference_r3,LA-XA,200804,1,0.06064899999999995,0.0,1.0,1.0,0.0,200804,1000
reference_r3,LA-XA,200805,2,1.1657769999999998,2.0,1.0,0.0,2.0,200804,1000
reference_r3,LA-XA,200806,3,4.156589,6.0,0.0,0.0,6.0,200804,1000
reference_r3,LA-XA,200807,1,9.94474,16.0,1.0,0.0,19.0,200807,1000
reference_r3,LA-XA,200808,2,2.7506429999999997,5.0,1.0,0.0,7.0,200807,1000
reference_r3,LA-XA,200809,3,0.9996529999999999,1.0,1.0,1.0,1.0,200807,1000
reference_r3,LA-XA,200810,1,1.0112549999999998,0.0,1.0,1.0,3.0,200810,1000
reference_r3,LA-XA,200811,2,0.8205400000000003,0.0,1.0,1.0,2.0,200810,1000
reference_r3,LA-XA,200812,3,0.3720079999999999,1.0,1.0,1.0,1.0,200810,1000
reference_r3,LA-XA,200901,1,0.11642800000000003,0.0,1.0,1.0,0.0,200901,1000
reference_r3,LA-XA,200902,2,0.047867999999999966,0.0,1.0,1.0,0.0,200901,1000
reference_r3,LA-XA,200903,3,0.2627829999999999,0.0,1.0,1.0,0.0,200901,1000
reference_r3,LA-XA,200904,1,0.2326189999999999,0.0,1.0,1.0,0.0,200904,1000
reference_r3,LA-XA,200905,2,0.6026720000000001,0.0,1.0,1.0,1.0,200904,1000
reference_r3,LA-XA,200906,3,7.388092,12.0,1.0,0.0,14.0,200904,1000
reference_r3,LA-XA,200907,1,3.9794170000000006,7.0,1.0,0.0,11.0,200907,1000
reference_r3,LA-XA,200908,2,25.636737999999998,33.0,0.0,0.0,37.0,200907,1000
reference_r3,LA-XA,200909,3,4.09425,7.0,1.0,0.0,11.0,200907,1000
reference_r3,LA-XA,200910,1,2.8602879999999997,2.0,1.0,1.0,5.0,200910,1000
reference_r3,LA-XA,200911,2,1.504814,2.0,1.0,1.0,5.0,200910,1000
reference_r3,LA-XA,200912,3,0.9169930000000002,1.0,1.0,1.0,0.0,200910,1000
reference_r3,LA-XE,200801,1,0.015975000000000017,0.0,1.0,1.0,0.0,200801,1000
reference_r3,LA-XE,200802,2,0.008531999999999998,0.0,1.0,1.0,0.0,200801,1000
reference_r3,LA-XE,200803,3,0.002050000000000003,0.0,1.0,1.0,0.0,200801,1000
reference_r3,LA-XE,200804,1,0.025479,0.0,1.0,1.0,0.0,200804,1000
reference_r3,LA-XE,200805,2,0.053678000000000003,0.0,1.0,1.0,0.0,200804,1000
reference_r3,LA-XE,200806,3,3.9392099999999997,5.0,0.0,0.0,5.0,200804,1000
reference_r3,LA-XE,200807,1,0.566983,1.0,1.0,1.0,0.0,200807,1000
reference_r3,LA-XE,200808,2,0.6516489999999999,1.0,1.0,1.0,0.0,200807,1000
reference_r3,LA-XE,200809,3,0.5466010000000001,0.0,1.0,1.0,1.0,200807,1000
reference_r3,LA-XE,200810,1,0.519976,1.0,1.0,1.0,0.0,200810,1000
reference_r3,LA-XE,200811,2,0.2924540000000001,0.0,1.0,1.0,0.0,200810,1000
reference_r3,LA-XE,200812,3,0.559453,1.0,1.0,1.0,1.0,200810,1000
reference_r3,LA-XE,200901,1,0.006735000000000005,0.0,1.0,1.0,0.0,200901,1000
reference_r3,LA-XE,200902,2,1.844882,2.0,0.0,0.0,2.0,200901,1000
reference_r3,LA-XE,200903,3,1.724887,2.0,0.0,0.0,2.0,200901,1000
reference_r3,LA-XE,200904,1,0.39315500000000014,1.0,1.0,1.0,1.0,200904,1000
reference_r3,LA-XE,200905,2,0.7348599999999998,1.0,1.0,1.0,2.0,200904,1000
reference_r3,LA-XE,200906,3,4.346567,7.0,1.0,0.0,9.0,200904,1000
reference_r3,LA-XE,200907,1,16.16703,24.0,0.0,0.0,29.0,200907,1000
reference_r3,LA-XE,200908,2,13.983049000000001,22.0,0.0,0.0,27.0,200907,1000
reference_r3,LA-XE,200909,3,2.0317240000000005,1.0,1.0,1.0,6.0,200907,1000
reference_r3,LA-XE,200910,1,2.3870500000000012,3.0,1.0,1.0,7.0,200910,1000
reference_r3,LA-XE,200911,2,9.983308999999998,12.0,1.0,0.0,3.0,200910,1000
reference_r3,LA-XE,200912,3,7.76041,6.0,1.0,1.0,7.0,200910,1000
reference_r3,LA-XI,200801,1,0.0003290000000000029,0.0,1.0,1.0,0.0,200801,1000
reference_r3,LA-XI,200802,2,0.00012099999999999958,0.0,1.0,1.0,0.0,200801,1000
reference_r3,LA-XI,200803,3,0.0002570000000000003,0.0,1.0,1.0,0.0,200801,1000
reference_r3,LA-XI,200804,1,0.007975999999999983,0.0,1.0,1.0,0.0,200804,1000
reference_r3,LA-XI,200805,2,0.005229000000000011,0.0,1.0,1.0,0.0,200804,1000
reference_r3,LA-XI,200806,3,0.836569,1.0,0.0,0.0,1.0,200804,1000
reference_r3,LA-XI,200807,1,0.128089,0.0,1.0,1.0,0.0,200807,1000
reference_r3,LA-XI,200808,2,0.125992,0.0,1.0,1.0,0.0,200807,1000
reference_r3,LA-XI,200809,3,0.13019099999999995,0.0,1.0,1.0,0.0,200807,1000
reference_r3,LA-XI,200810,1,0.03353700000000001,0.0,1.0,1.0,0.0,200810,1000
reference_r3,LA-XI,200811,2,0.023039000000000004,0.0,1.0,1.0,0.0,200810,1000
reference_r3,LA-XI,200812,3,0.006948999999999997,0.0,1.0,1.0,0.0,200810,1000
reference_r3,LA-XI,200901,1,0.0010280000000000011,0.0,1.0,1.0,0.0,200901,1000
reference_r3,LA-XI,200902,2,0.001912999999999998,0.0,1.0,1.0,0.0,200901,1000
reference_r3,LA-XI,200903,3,0.002721000000000001,0.0,1.0,1.0,0.0,200901,1000
reference_r3,LA-XI,200904,1,0.0018110000000000001,0.0,1.0,1.0,0.0,200904,1000
reference_r3,LA-XI,200905,2,38.793715000000006,39.0,0.0,0.0,39.0,200904,1000
reference_r3,LA-XI,200906,3,32.7338,33.0,0.0,0.0,33.0,200904,1000
reference_r3,LA-XI,200907,1,14.234112,20.0,0.0,0.0,1.0,200907,1000
reference_r3,LA-XI,200908,2,13.510155999999998,16.5,1.0,1.0,10.0,200907,1000
reference_r3,LA-XI,200909,3,16.153315999999997,21.0,0.0,0.0,0.0,200907,1000
reference_r3,LA-XI,200910,1,12.695117,17.5,0.0,0.0,0.0,200910,1000
reference_r3,LA-XI,200911,2,5.338898000000001,7.0,1.0,0.0,0.0,200910,1000
reference_r3,LA-XI,200912,3,2.673088000000001,4.0,1.0,0.0,0.0,200910,1000
reference_r4,LA-AT,200801,1,2.977975,4.0,0.0,0.0,4.0,200801,1000
reference_r4,LA-AT,200802,2,1.3014510000000001,2.0,1.0,0.0,2.0,200801,1000
reference_r4,LA-AT,200803,3,0.052446999999999966,0.0,1.0,1.0,0.0,200801,1000
reference_r4,LA-AT,200804,1,0.3726689999999999,0.0,1.0,1.0,0.0,200804,1000
reference_r4,LA-AT,200805,2,1.7140569999999997,3.0,1.0,0.0,4.0,200804,1000
reference_r4,LA-AT,200806,3,4.557129,8.0,1.0,0.0,10.0,200804,1000
reference_r4,LA-AT,200807,1,2.1876119999999997,1.0,1.0,1.0,6.0,200807,1000
reference_r4,LA-AT,200808,2,3.974099,7.0,1.0,0.0,11.0,200807,1000
reference_r4,LA-AT,200809,3,12.480569999999998,19.0,0.0,0.0,24.0,200807,1000
reference_r4,LA-AT,200810,1,33.704171,42.0,0.0,0.0,47.0,200810,1000
reference_r4,LA-AT,200811,2,36.718976,41.0,0.0,0.0,43.0,200810,1000
reference_r4,LA-AT,200812,3,17.652011,21.0,0.0,0.0,23.0,200810,1000
reference_r4,LA-AT,200901,1,7.924888000000001,14.0,1.0,0.0,18.0,200901,1000
reference_r4,LA-AT,200902,2,38.333298,44.0,0.0,0.0,46.0,200901,1000
reference_r4,LA-AT,200903,3,58.565470999999995,71.0,0.0,0.0,77.0,200901,1000
reference_r4,LA-AT,200904,1,38.948792999999995,69.0,1.0,0.0,99.0,200904,1000
reference_r4,LA-AT,200905,2,73.839654,99.0,0.0,0.0,0.0,200904,1000
reference_r4,LA-AT,200906,3,67.82096000000001,86.5,1.0,0.0,24.0,200904,1000
reference_r4,LA-AT,200907,1,99.44067100000001,129.5,1.0,1.0,64.0,200907,1000
reference_r4,LA-AT,200908,2,121.823028,167.5,1.0,0.0,21.0,200907,1000
reference_r4,LA-AT,200909,3,211.93077599999998,268.0,0.0,0.0,17.0,200907,1000
reference_r4,LA-AT,200910,1,31.901919000000007,37.0,1.0,0.0,4.0,200910,1000
reference_r4,LA-AT,200911,2,45.84819,54.0,1.0,0.0,16.0,200910,1000
reference_r4,LA-AT,200912,3,21.875037,27.0,1.0,0.0,6.0,200910,1000
reference_r4,LA-BK,200801,1,0.938962,1.0,0.0,0.0,1.0,200801,1000
reference_r4,LA-BK,200802,2,0.00012099999999999958,0.0,1.0,1.0,0.0,200801,1000
reference_r4,LA-BK,200803,3,3.600000000000044e-05,0.0,1.0,1.0,0.0,200801,1000
reference_r4,LA-BK,200804,1,0.028606999999999994,0.0,1.0,1.0,0.0,200804,1000
reference_r4,LA-BK,200805,2,10.740178,12.0,0.0,0.0,12.0,200804,1000
reference_r4,LA-BK,200806,3,51.215427999999996,53.0,0.0,0.0,53.0,200804,1000
reference_r4,LA-BK,200807,1,17.991091000000004,25.0,1.0,0.0,2.0,200807,1000
reference_r4,LA-BK,200808,2,20.965325999999997,24.0,1.0,0.0,9.0,200807,1000
reference_r4,LA-BK,200809,3,63.38191900000004,75.0,1.0,1.0,33.0,200807,1000
reference_r4,LA-BK,200810,1,38.78633399999998,26.0,1.0,1.0,48.0,200810,1000
reference_r4,LA-BK,200811,2,43.249038,51.0,0.0,0.0,55.0,200810,1000
reference_r4,LA-BK,200812,3,1.7800199999999995,3.0,1.0,1.0,5.0,200810,1000
reference_r4,LA-BK,200901,1,0.45991000000000004,0.0,1.0,1.0,1.0,200901,1000
reference_r4,LA-BK,200902,2,0.258583,0.0,1.0,1.0,0.0,200901,1000
reference_r4,LA-BK,200903,3,0.5320990000000003,0.0,1.0,1.0,1.0,200901,1000
reference_r4,LA-BK,200904,1,1.6219130000000002,1.0,1.0,1.0,3.0,200904,1000
reference_r4,LA-BK,200905,2,42.584503,62.0,0.0,0.0,74.0,200904,1000
reference_r4,LA-BK,200906,3,139.81535399999999,189.0,0.0,0.0,216.0,200904,1000
reference_r4,LA-BK,200907,1,87.308313,153.0,1.0,0.0,212.0,200907,1000
reference_r4,LA-BK,200908,2,32.780351,53.0,1.0,1.0,110.0,200907,1000
reference_r4,LA-BK,200909,3,18.221552000000003,1.0,1.0,1.0,52.0,200907,1000
reference_r4,LA-BK,200910,1,24.908715,25.0,1.0,1.0,31.0,200910,1000
reference_r4,LA-BK,200911,2,22.197663,27.0,1.0,0.0,5.0,200910,1000
reference_r4,LA-BK,200912,3,5.444961000000001,7.0,1.0,1.0,4.0,200910,1000
reference_r4,LA-BL,200801,1,5.541391,9.0,0.0,0.0,10.0,200801,1000
reference_r4,LA-BL,200802,2,5.854272,7.0,0.0,0.0,7.0,200801,1000
reference_r4,LA-BL,200803,3,0.4006870000000001,1.0,1.0,1.0,1.0,200801,1000
reference_r4,LA-BL,200804,1,2.8971370000000007,3.0,1.0,1.0,3.0,200804,1000
reference_r4,LA-BL,200805,2,5.0631460000000015,8.0,1.0,1.0,15.0,200804,1000
reference_r4,LA-BL,200806,3,7.052847,3.0,1.0,1.0,19.0,200804,1000
reference_r4,LA-BL,200807,1,18.935339999999997,14.5,1.0,1.0,31.0,200807,1000
reference_r4,LA-BL,200808,2,20.515814000000006,14.0,1.0,1.0,32.0,200807,1000
reference_r4,LA-BL,200809,3,18.297255,14.0,1.0,1.0,30.0,200807,1000
reference_r4,LA-BL,200810,1,11.556968999999999,17.0,1.0,0.0,5.0,200810,1000
reference_r4,LA-BL,200811,2,3.61219,4.0,1.0,1.0,12.0,200810,1000
reference_r4,LA-BL,200812,3,1.367836,2.0,1.0,1.0,1.0,200810,1000
reference_r4,LA-BL,200901,1,0.6996769999999999,1.0,1.0,1.0,2.0,200901,1000
reference_r4,LA-BL,200902,2,1.5934529999999998,3.0,1.0,0.0,3.0,200901,1000
reference_r4,LA-BL,200903,3,1.038903,1.0,1.0,1.0,0.0,200901,1000
reference_r4,LA-BL,200904,1,0.7486649999999999,1.0,1.0,1.0,2.0,200904,1000
reference_r4,LA-BL,200905,2,3.4519769999999994,5.0,1.0,0.0,0.0,200904,1000
reference_r4,LA-BL,200906,3,4.128209,2.0,1.0,1.0,7.0,200904,1000
reference_r4,LA-BL,200907,1,12.832615,24.0,1.0,0.0,35.0,200907,1000
reference_r4,LA-BL,200908,2,4.776875,2.0,1.0,1.0,9.0,200907,1000
reference_r4,LA-BL,200909,3,9.088348,11.0,0.0,0.0,0.0,200907,1000
reference_r4,LA-BL,200910,1,3.6115320000000004,5.0,1.0,0.0,1.0,200910,1000
reference_r4,LA-BL,200911,2,1.6481640000000004,1.0,1.0,1.0,2.0,200910,1000
reference_r4,LA-BL,200912,3,0.4678009999999999,0.0,1.0,1.0,1.0,200910,1000
reference_r4,LA-CH,200801,1,29.283099,52.0,1.0,0.0,73.0,200801,1000
reference_r4,LA-CH,200802,2,44.207986000000005,72.0,1.0,0.0,90.0,200801,1000
reference_r4,LA-CH,200803,3,55.343985,79.0,0.0,0.0,92.0,200801,1000
reference_r4,LA-CH,200804,1,23.700553999999997,11.0,1.0,1.0,69.0,200804,1000
reference_r4,LA-CH,200805,2,39.550383999999994,18.0,1.0,1.0,113.0,200804,1000
reference_r4,LA-CH,200806,3,102.93894999999998,60.0,1.0,1.0,295.0,200804,1000
reference_r4,LA-CH,200807,1,130.744574,137.5,1.0,1.0,162.0,200807,1000
reference_r4,LA-CH,200808,2,75.28755000000001,39.5,1.0,1.0,143.0,200807,1000
reference_r4,LA-CH,200809,3,90.27449100000001,55.5,1.0,1.0,185.0,200807,1000
reference_r4,LA-CH,200810,1,39.144985000000005,47.0,1.0,1.0,140.0,200810,1000
reference_r4,LA-CH,200811,2,32.253775,57.0,1.0,0.0,102.0,200810,1000
reference_r4,LA-CH,200812,3,23.471278000000005,40.0,1.0,1.0,73.0,200810,1000
reference_r4,LA-CH,200901,1,10.368701000000001,10.0,1.0,1.0,31.0,200901,1000
reference_r4,LA-CH,200902,2,24.626534,39.0,1.0,0.0,48.0,200901,1000
reference_r4,LA-CH,200903,3,21.699867999999995,40.0,1.0,0.0,60.0,200901,1000
reference_r4,LA-CH,200904,1,33.275867,58.0,1.0,0.0,102.0,200904,1000
reference_r4,LA-CH,200905,2,94.347737,107.0,1.0,1.0,66.0,200904,1000
reference_r4,LA-CH,200906,3,101.30017999999995,95.0,1.0,1.0,124.0,200904,1000
reference_r4,LA-CH,200907,1,122.23873399999997,138.5,1.0,1.0,122.0,200907,1000
reference_r4,LA-CH,200908,2,78.43058899999997,74.0,1.0,1.0,110.0,200907,1000
reference_r4,LA-CH,200909,3,99.71961000000002,110.5,1.0,1.0,105.0,200907,1000
reference_r4,LA-CH,200910,1,20.211074000000004,10.0,1.0,1.0,59.0,200910,1000
reference_r4,LA-CH,200911,2,50.244791000000006,60.5,1.0,1.0,35.0,200910,1000
reference_r4,LA-CH,200912,3,15.140742000000003,4.0,1.0,1.0,32.0,200910,1000
reference_r4,LA-HO,200801,1,0.0021100000000000008,0.0,1.0,1.0,0.0,200801,1000
reference_r4,LA-HO,200802,2,0.0006259999999999981,0.0,1.0,1.0,0.0,200801,1000
reference_r4,LA-HO,200803,3,0.006070000000000006,0.0,1.0,1.0,0.0,200801,1000
reference_r4,LA-HO,200804,1,0.051683000000000034,0.0,1.0,1.0,0.0,200804,1000
reference_r4,LA-HO,200805,2,0.036577000000000026,0.0,1.0,1.0,0.0,200804,1000
reference_r4,LA-HO,200806,3,0.042942000000000036,0.0,1.0,1.0,0.0,200804,1000
reference_r4,LA-HO,200807,1,0.020955,0.0,1.0,1.0,0.0,200807,1000
reference_r4,LA-HO,200808,2,0.032826999999999995,0.0,1.0,1.0,0.0,200807,1000
reference_r4,LA-HO,200809,3,0.7281820000000001,1.0,1.0,0.0,1.0,200807,1000
reference_r4,LA-HO,200810,1,0.033637,0.0,1.0,1.0,0.0,200810,1000
reference_r4,LA-HO,200811,2,0.004688999999999999,0.0,1.0,1.0,0.0,200810,1000
reference_r4,LA-HO,200812,3,0.8987219999999999,1.0,0.0,0.0,1.0,200810,1000
reference_r4,LA-HO,200901,1,0.024925999999999976,0.0,1.0,1.0,0.0,200901,1000
reference_r4,LA-HO,200902,2,0.026151000000000008,0.0,1.0,1.0,0.0,200901,1000
reference_r4,LA-HO,200903,3,0.018943000000000015,0.0,1.0,1.0,0.0,200901,1000
reference_r4,LA-HO,200904,1,0.003981999999999999,0.0,1.0,1.0,0.0,200904,1000
reference_r4,LA-HO,200905,2,0.01641300000000001,0.0,1.0,1.0,0.0,200904,1000
reference_r4,LA-HO,200906,3,0.04785700000000004,0.0,1.0,1.0,0.0,200904,1000
reference_r4,LA-HO,200907,1,0.03233799999999998,0.0,1.0,1.0,0.0,200907,1000
reference_r4,LA-HO,200908,2,0.05985100000000004,0.0,1.0,1.0,0.0,200907,1000
reference_r4,LA-HO,200909,3,0.673559,1.0,1.0,0.0,1.0,200907,1000
reference_r4,LA-HO,200910,1,0.6394230000000001,1.0,1.0,0.0,1.0,200910,1000
reference_r4,LA-HO,200911,2,0.7857540000000001,1.0,1.0,0.0,1.0,200910,1000
reference_r4,LA-HO,200912,3,0.908237,1.0,0.0,0.0,1.0,200910,1000
reference_r4,LA-KH,200801,1,0.6011819999999999,1.0,1.0,1.0,0.0,200801,1000
reference_r4,LA-KH,200802,2,0.07495300000000005,0.0,1.0,1.0,0.0,200801,1000
reference_r4,LA-KH,200803,3,0.07580300000000001,0.0,1.0,1.0,0.0,200801,1000
reference_r4,LA-KH,200804,1,0.20011,0.0,1.0,1.0,0.0,200804,1000
reference_r4,LA-KH,200805,2,0.3537779999999999,0.0,1.0,1.0,0.0,200804,1000
reference_r4,LA-KH,200806,3,0.6614519999999997,0.0,1.0,1.0,1.0,200804,1000
reference_r4,LA-KH,200807,1,1.4947100000000002,3.0,1.0,0.0,3.0,200807,1000
reference_r4,LA-KH,200808,2,0.38835299999999995,0.0,1.0,1.0,0.0,200807,1000
reference_r4,LA-KH,200809,3,2.241947,4.0,1.0,0.0,4.0,200807,1000
reference_r4,LA-KH,200810,1,0.49363500000000027,0.0,1.0,1.0,1.0,200810,1000
reference_r4,LA-KH,200811,2,1.696796,3.0,1.0,0.0,3.0,200810,1000
reference_r4,LA-KH,200812,3,3.398838,4.0,0.0,0.0,4.0,200810,1000
reference_r4,LA-KH,200901,1,0.10178199999999998,0.0,1.0,1.0,0.0,200901,1000
reference_r4,LA-KH,200902,2,0.01744799999999999,0.0,1.0,1.0,0.0,200901,1000
reference_r4,LA-KH,200903,3,4.6857240000000004,6.0,0.0,0.0,6.0,200901,1000
reference_r4,LA-KH,200904,1,0.7546600000000001,1.0,1.0,1.0,0.0,200904,1000
reference_r4,LA-KH,200905,2,1.8921140000000003,2.0,1.0,1.0,6.0,200904,1000
reference_r4,LA-KH,200906,3,58.87848399999999,73.5,0.0,0.0,80.0,200904,1000
reference_r4,LA-KH,200907,1,92.626542,130.0,0.0,0.0,155.0,200907,1000
reference_r4,LA-KH,200908,2,233.95868399999998,280.0,0.0,0.0,303.0,200907,1000
reference_r4,LA-KH,200909,3,201.640505,254.0,0.0,0.0,277.0,200907,1000
reference_r4,LA-KH,200910,1,25.336693999999994,28.0,1.0,1.0,85.0,200910,1000
reference_r4,LA-KH,200911,2,17.62339,26.0,1.0,1.0,61.0,200910,1000
reference_r4,LA-KH,200912,3,40.741179,58.0,0.0,0.0,67.0,200910,1000
reference_r4,LA-LM,200801,1,0.00014400000000000003,0.0,1.0,1.0,0.0,200801,1000
reference_r4,LA-LM,200802,2,8.999999999999894e-06,0.0,1.0,1.0,0.0,200801,1000
reference_r4,LA-LM,200803,3,3.600000000000044e-05,0.0,1.0,1.0,0.0,200801,1000
reference_r4,LA-LM,200804,1,0.0031219999999999998,0.0,1.0,1.0,0.0,200804,1000
reference_r4,LA-LM,200805,2,0.010815000000000019,0.0,1.0,1.0,0.0,200804,1000
reference_r4,LA-LM,200806,3,0.016038999999999998,0.0,1.0,1.0,0.0,200804,1000
reference_r4,LA-LM,200807,1,0.07031999999999994,0.0,1.0,1.0,0.0,200807,1000
reference_r4,LA-LM,200808,2,0.04695699999999997,0.0,1.0,1.0,0.0,200807,1000
reference_r4,LA-LM,200809,3,0.06651699999999994,0.0,1.0,1.0,0.0,200807,1000
reference_r4,LA-LM,200810,1,0.009662999999999991,0.0,1.0,1.0,0.0,200810,1000
reference_r4,LA-LM,200811,2,0.0018740000000000007,0.0,1.0,1.0,0.0,200810,1000
reference_r4,LA-LM,200812,3,0.0003620000000000012,0.0,1.0,1.0,0.0,200810,1000
reference_r4,LA-LM,200901,1,0.00014800000000000056,0.0,1.0,1.0,0.0,200901,1000
reference_r4,LA-LM,200902,2,4.900000000000043e-05,0.0,1.0,1.0,0.0,200901,1000
reference_r4,LA-LM,200903,3,0.000196,0.0,1.0,1.0,0.0,200901,1000
reference_r4,LA-LM,200904,1,0.902604,1.0,0.0,0.0,1.0,200904,1000
reference_r4,LA-LM,200905,2,0.012563999999999992,0.0,1.0,1.0,0.0,200904,1000
reference_r4,LA-LM,200906,3,1.658771,2.0,0.0,0.0,2.0,200904,1000
reference_r4,LA-LM,200907,1,0.555412,0.0,1.0,1.0,1.0,200907,1000
reference_r4,LA-LM,200908,2,0.8861240000000001,1.0,1.0,1.0,0.0,200907,1000
reference_r4,LA-LM,200909,3,1.639761,3.0,1.0,0.0,4.0,200907,1000
reference_r4,LA-LM,200910,1,2.83354,4.0,1.0,0.0,5.0,200910,1000
reference_r4,LA-LM,200911,2,4.226858,6.0,0.0,0.0,6.0,200910,1000
reference_r4,LA-LM,200912,3,3.416528,4.0,0.0,0.0,4.0,200910,1000
reference_r4,LA-LP,200801,1,0.8307180000000001,1.0,1.0,1.0,0.0,200801,1000
reference_r4,LA-LP,200802,2,14.444454,16.0,0.0,0.0,16.0,200801,1000
reference_r4,LA-LP,200803,3,20.373445,22.0,0.0,0.0,22.0,200801,1000
reference_r4,LA-LP,200804,1,11.503795999999998,21.0,1.0,0.0,33.0,200804,1000
reference_r4,LA-LP,200805,2,60.034059,94.0,0.0,0.0,116.0,200804,1000
reference_r4,LA-LP,200806,3,69.610975,120.0,1.0,0.0,160.0,200804,1000
reference_r4,LA-LP,200807,1,122.939436,160.5,1.0,0.0,16.0,200807,1000
reference_r4,LA-LP,200808,2,113.02367699999996,153.0,1.0,0.0,13.0,200807,1000
reference_r4,LA-LP,200809,3,97.03515999999999,128.0,1.0,0.0,14.0,200807,1000
reference_r4,LA-LP,200810,1,30.196580999999995,36.0,1.0,1.0,33.0,200810,1000
reference_r4,LA-LP,200811,2,55.58919900000001,90.0,1.0,0.0,116.0,200810,1000
reference_r4,LA-LP,200812,3,126.55301899999999,150.0,0.0,0.0,161.0,200810,1000
reference_r4,LA-LP,200901,1,9.318764000000002,12.0,0.0,0.0,0.0,200901,1000
reference_r4,LA-LP,200902,2,5.4555039999999995,7.0,1.0,0.0,0.0,200901,1000
reference_r4,LA-LP,200903,3,12.056960999999998,15.0,0.0,0.0,0.0,200901,1000
reference_r4,LA-LP,200904,1,15.14538,20.0,0.0,0.0,0.0,200904,1000
reference_r4,LA-LP,200905,2,39.117686,50.5,0.0,0.0,0.0,200904,1000
reference_r4,LA-LP,200906,3,84.85014100000001,106.0,0.0,0.0,9.0,200904,1000
reference_r4,LA-LP,200907,1,21.267305,27.0,0.0,0.0,30.0,200907,1000
reference_r4,LA-LP,200908,2,22.197515,29.0,0.0,0.0,32.0,200907,1000
reference_r4,LA-LP,200909,3,302.51223600000003,310.0,0.0,0.0,313.0,200907,1000
reference_r4,LA-LP,200910,1,102.86174600000001,143.0,0.0,0.0,165.0,200910,1000
reference_r4,LA-LP,200911,2,47.733450000000005,71.0,0.0,0.0,87.0,200910,1000
reference_r4,LA-LP,200912,3,3.3147920000000006,5.0,1.0,0.0,0.0,200910,1000
reference_r4,LA-OU,200801,1,0.0004049999999999991,0.0,1.0,1.0,0.0,200801,1000
reference_r4,LA-OU,200802,2,0.00014400000000000003,0.0,1.0,1.0,0.0,200801,1000
reference_r4,LA-OU,200803,3,2.499999999999985e-05,0.0,1.0,1.0,0.0,200801,1000
reference_r4,LA-OU,200804,1,0.004478999999999997,0.0,1.0,1.0,0.0,200804,1000
reference_r4,LA-OU,200805,2,0.014215999999999979,0.0,1.0,1.0,0.0,200804,1000
reference_r4,LA-OU,200806,3,0.021025000000000016,0.0,1.0,1.0,0.0,200804,1000
reference_r4,LA-OU,200807,1,0.09333599999999997,0.0,1.0,1.0,0.0,200807,1000
reference_r4,LA-OU,200808,2,0.06643899999999991,0.0,1.0,1.0,0.0,200807,1000
reference_r4,LA-OU,200809,3,0.05565700000000001,0.0,1.0,1.0,0.0,200807,1000
reference_r4,LA-OU,200810,1,0.011364999999999986,0.0,1.0,1.0,0.0,200810,1000
reference_r4,LA-OU,200811,2,0.0020710000000000034,0.0,1.0,1.0,0.0,200810,1000
reference_r4,LA-OU,200812,3,0.0004019999999999996,0.0,1.0,1.0,0.0,200810,1000
reference_r4,LA-OU,200901,1,0.0004849999999999993,0.0,1.0,1.0,0.0,200901,1000
reference_r4,LA-OU,200902,2,6.399999999999982e-05,0.0,1.0,1.0,0.0,200901,1000
reference_r4,LA-OU,200903,3,0.00028900000000000106,0.0,1.0,1.0,0.0,200901,1000
reference_r4,LA-OU,200904,1,0.0054469999999999935,0.0,1.0,1.0,0.0,200904,1000
reference_r4,LA-OU,200905,2,0.020375000000000004,0.0,1.0,1.0,0.0,200904,1000
reference_r4,LA-OU,200906,3,0.07452800000000004,0.0,1.0,1.0,0.0,200904,1000
reference_r4,LA-OU,200907,1,0.07050099999999992,0.0,1.0,1.0,0.0,200907,1000
reference_r4,LA-OU,200908,2,0.5833969999999999,1.0,1.0,1.0,1.0,200907,1000
reference_r4,LA-OU,200909,3,13.931281,15.0,0.0,0.0,15.0,200907,1000
reference_r4,LA-OU,200910,1,2.991135,5.0,1.0,0.0,6.0,200910,1000
reference_r4,LA-OU,200911,2,10.233804,12.0,0.0,0.0,13.0,200910,1000
reference_r4,LA-OU,200912,3,17.164028,18.0,0.0,0.0,18.0,200910,1000
reference_r4,LA-PH,200901,1,0.01893199999999995,0.0,1.0,1.0,0.0,200901,1000
reference_r4,LA-PH,200902,2,0.014217999999999953,0.0,1.0,1.0,0.0,200901,1000
reference_r4,LA-PH,200903,3,0.019225000000000048,0.0,1.0,1.0,0.0,200901,1000
reference_r4,LA-PH,200904,1,0.003039999999999987,0.0,1.0,1.0,0.0,200904,1000
reference_r4,LA-PH,200905,2,0.01150699999999999,0.0,1.0,1.0,0.0,200904,1000
reference_r4,LA-PH,200906,3,0.03826699999999994,0.0,1.0,1.0,0.0,200904,1000
reference_r4,LA-PH,200907,1,0.02665099999999998,0.0,1.0,1.0,0.0,200907,1000
reference_r4,LA-PH,200909,3,0.04688300000000001,0.0,1.0,1.0,0.0,200907,1000
reference_r4,LA-PH,200910,1,0.005101000000000008,0.0,1.0,1.0,0.0,200910,1000
reference_r4,LA-PH,200911,2,0.0032060000000000005,0.0,1.0,1.0,0.0,200910,1000
reference_r4,LA-PH,200912,3,0.0004039999999999981,0.0,1.0,1.0,0.0,200910,1000
reference_r4,LA-SL,200801,1,0.8359310000000002,1.0,1.0,1.0,0.0,200801,1000
reference_r4,LA-SL,200802,2,0.39497399999999994,1.0,1.0,1.0,1.0,200801,1000
reference_r4,LA-SL,200803,3,3.880365,5.0,0.0,0.0,5.0,200801,1000
reference_r4,LA-SL,200804,1,0.89574,0.0,1.0,1.0,2.0,200804,1000
reference_r4,LA-SL,200805,2,91.477101,101.0,0.0,0.0,105.0,200804,1000
reference_r4,LA-SL,200806,3,192.584863,216.0,0.0,0.0,226.0,200804,1000
reference_r4,LA-SL,200807,1,44.37419399999999,36.5,1.0,1.0,78.0,200807,1000
reference_r4,LA-SL,200808,2,40.61722900000001,34.0,1.0,1.0,63.0,200807,1000
reference_r4,LA-SL,200809,3,45.04568600000002,32.0,1.0,1.0,85.0,200807,1000
reference_r4,LA-SL,200810,1,28.108597000000003,18.5,1.0,1.0,91.0,200810,1000
reference_r4,LA-SL,200811,2,13.487375999999998,13.0,1.0,1.0,21.0,200810,1000
reference_r4,LA-SL,200812,3,6.868726000000002,7.0,1.0,1.0,8.0,200810,1000
reference_r4,LA-SL,200901,1,2.156007,3.0,1.0,1.0,1.0,200901,1000
reference_r4,LA-SL,200902,2,19.143148,23.0,0.0,0.0,24.0,200901,1000
reference_r4,LA-SL,200903,3,13.053254000000003,20.0,0.0,0.0,25.0,200901,1000
reference_r4,LA-SL,200904,1,6.075775,5.0,1.0,1.0,19.0,200904,1000
reference_r4,LA-SL,200905,2,40.814211,68.0,1.0,1.0,122.0,200904,1000
reference_r4,LA-SL,200906,3,36.45579099999999,38.5,1.0,1.0,42.0,200904,1000
reference_r4,LA-SL,200907,1,56.32791599999999,14.0,1.0,1.0,164.0,200907,1000
reference_r4,LA-SL,200908,2,43.65669100000001,5.0,1.0,1.0,127.0,200907,1000
reference_r4,LA-SL,200909,3,38.385535000000004,12.0,1.0,1.0,91.0,200907,1000
reference_r4,LA-SL,200910,1,32.56448600000001,58.0,1.0,0.0,94.0,200910,1000
reference_r4,LA-SL,200911,2,22.97303000000001,12.0,1.0,1.0,44.0,200910,1000
reference_r4,LA-SL,200912,3,6.797448000000003,1.0,1.0,1.0,17.0,200910,1000
reference_r4,LA-SV,200801,1,4.6879480000000004,6.0,1.0,0.0,1.0,200801,1000
reference_r4,LA-SV,200802,2,0.9790020000000004,1.0,1.0,1.0,1.0,200801,1000
reference_r4,LA-SV,200803,3,0.4930450000000002,0.0,1.0,1.0,1.0,200801,1000
reference_r4,LA-SV,200804,1,1.097162,1.0,1.0,1.0,0.0,200804,1000
reference_r4,LA-SV,200805,2,1.4705810000000001,2.0,1.0,1.0,1.0,200804,1000
reference_r4,LA-SV,200806,3,4.421152000000001,1.0,1.0,1.0,10.0,200804,1000
reference_r4,LA-SV,200807,1,4.4505430000000015,0.0,1.0,1.0,11.0,200807,1000
reference_r4,LA-SV,200808,2,5.086409999999999,5.5,1.0,1.0,4.0,200807,1000
reference_r4,LA-SV,200809,3,7.237885000000002,9.0,1.0,0.0,2.0,200807,1000
reference_r4,LA-SV,200810,1,3.240831,6.0,1.0,1.0,10.0,200810,1000
reference_r4,LA-SV,200811,2,0.7152829999999999,0.0,1.0,1.0,2.0,200810,1000
reference_r4,LA-SV,200812,3,0.47213799999999995,1.0,1.0,1.0,0.0,200810,1000
reference_r4,LA-SV,200901,1,0.09344599999999997,0.0,1.0,1.0,0.0,200901,1000
reference_r4,LA-SV,200902,2,0.01569200000000001,0.0,1.0,1.0,0.0,200901,1000
reference_r4,LA-SV,200903,3,0.17129499999999998,0.0,1.0,1.0,0.0,200901,1000
reference_r4,LA-SV,200904,1,0.21792600000000006,0.0,1.0,1.0,0.0,200904,1000
reference_r4,LA-SV,200905,2,1.108679,1.5,1.0,1.0,0.0,200904,1000
reference_r4,LA-SV,200906,3,1.3470530000000003,1.0,1.0,1.0,1.0,200904,1000
reference_r4,LA-SV,200907,1,10.062499,12.0,0.0,0.0,13.0,200907,1000
reference_r4,LA-SV,200908,2,30.898977000000002,33.0,0.0,0.0,34.0,200907,1000
reference_r4,LA-SV,200909,3,44.795711999999995,48.0,0.0,0.0,48.0,200907,1000
reference_r4,LA-SV,200910,1,5.115703,9.0,1.0,1.0,16.0,200910,1000
reference_r4,LA-SV,200911,2,20.433339999999998,28.0,0.0,0.0,33.0,200910,1000
reference_r4,LA-SV,200912,3,1.5611910000000002,3.0,1.0,0.0,4.0,200910,1000
reference_r4,LA-VT,200801,1,10.518861000000001,2.0,1.0,1.0,29.0,200801,1000
reference_r4,LA-VT,200802,2,3.986809000000001,7.0,1.0,1.0,12.0,200801,1000
reference_r4,LA-VT,200803,3,16.900237,23.0,0.0,0.0,26.0,200801,1000
reference_r4,LA-VT,200804,1,16.493423,20.5,1.0,0.0,4.0,200804,1000
reference_r4,LA-VT,200805,2,21.305239999999998,26.0,1.0,1.0,17.0,200804,1000
reference_r4,LA-VT,200806,3,89.77915000000002,120.0,1.0,1.0,60.0,200804,1000
reference_r4,LA-VT,200807,1,113.817362,131.0,1.0,1.0,132.0,200807,1000
reference_r4,LA-VT,200808,2,89.57456900000003,61.0,1.0,1.0,144.0,200807,1000
reference_r4,LA-VT,200809,3,62.389865999999984,13.0,1.0,1.0,158.0,200807,1000
reference_r4,LA-VT,200810,1,27.975967999999995,44.5,1.0,1.0,95.0,200810,1000
reference_r4,LA-VT,200811,2,73.362052,107.5,0.0,0.0,129.0,200810,1000
reference_r4,LA-VT,200812,3,58.958086,79.0,0.0,0.0,91.0,200810,1000
reference_r4,LA-VT,200901,1,19.613418000000003,30.0,1.0,0.0,38.0,200901,1000
reference_r4,LA-VT,200902,2,13.17945,18.0,0.0,0.0,20.0,200901,1000
reference_r4,LA-VT,200903,3,6.395536000000002,10.5,1.0,1.0,19.0,200901,1000
reference_r4,LA-VT,200904,1,12.796945000000001,0.0,1.0,1.0,33.0,200904,1000
reference_r4,LA-VT,200905,2,91.13589099999999,110.0,1.0,0.0,54.0,200904,1000
reference_r4,LA-VT,200906,3,184.297077,227.5,1.0,0.0,104.0,200904,1000
reference_r4,LA-VT,200907,1,123.43605200000002,39.5,1.0,1.0,302.0,200907,1000
reference_r4,LA-VT,200908,2,111.80759599999999,44.5,1.0,1.0,356.0,200907,1000
reference_r4,LA-VT,200909,3,141.791085,223.0,1.0,1.0,470.0,200907,1000
reference_r4,LA-VT,200910,1,259.97673299999997,410.0,0.0,0.0,527.0,200910,1000
reference_r4,LA-VT,200911,2,292.613024,429.0,0.0,0.0,521.0,200910,1000
reference_r4,LA-VT,200912,3,272.662737,330.0,0.0,0.0,366.0,200910,1000
reference_r4,LA-XA,200801,1,1.0286529999999998,1.0,1.0,1.0,0.0,200801,1000
reference_r4,LA-XA,200802,2,0.22406500000000007,0.0,1.0,1.0,0.0,200801,1000
reference_r4,LA-XA,200803,3,0.14478200000000008,0.0,1.0,1.0,0.0,200801,1000
reference_r4,LA-XA,200804,1,0.06656799999999996,0.0,1.0,1.0,0.0,200804,1000
reference_r4,LA-XA,200805,2,1.129786,2.0,1.0,0.0,2.0,200804,1000
reference_r4,LA-XA,200806,3,4.188623,6.0,0.0,0.0,6.0,200804,1000
reference_r4,LA-XA,200807,1,10.205934,16.0,0.0,0.0,19.0,200807,1000
reference_r4,LA-XA,200808,2,2.7520619999999996,5.0,1.0,0.0,7.0,200807,1000
reference_r4,LA-XA,200809,3,0.9510009999999998,1.0,1.0,1.0,1.0,200807,1000
reference_r4,LA-XA,200810,1,1.1420019999999997,0.0,1.0,1.0,3.0,200810,1000
reference_r4,LA-XA,200811,2,0.6738700000000002,1.0,1.0,1.0,2.0,200810,1000
reference_r4,LA-XA,200812,3,0.345151,0.0,1.0,1.0,1.0,200810,1000
reference_r4,LA-XA,200901,1,0.10508200000000001,0.0,1.0,1.0,0.0,200901,1000
reference_r4,LA-XA,200902,2,0.04550699999999999,0.0,1.0,1.0,0.0,200901,1000
reference_r4,LA-XA,200903,3,0.18767499999999993,0.0,1.0,1.0,0.0,200901,1000
reference_r4,LA-XA,200904,1,0.223074,0.0,1.0,1.0,0.0,200904,1000
reference_r4,LA-XA,200905,2,0.6825370000000004,0.0,1.0,1.0,1.0,200904,1000
reference_r4,LA-XA,200906,3,7.158899,12.0,1.0,0.0,14.0,200904,1000
reference_r4,LA-XA,200907,1,4.027634000000001,7.0,1.0,0.0,11.0,200907,1000
reference_r4,LA-XA,200908,2,25.545899000000002,34.0,0.0,0.0,37.0,200907,1000
reference_r4,LA-XA,200909,3,4.173425999999999,7.0,1.0,0.0,11.0,200907,1000
reference_r4,LA-XA,200910,1,2.7961409999999995,2.0,1.0,1.0,5.0,200910,1000
reference_r4,LA-XA,200911,2,1.926958,0.0,1.0,1.0,5.0,200910,1000
reference_r4,LA-XA,200912,3,0.9092500000000001,1.0,1.0,1.0,0.0,200910,1000
reference_r4,LA-XE,200801,1,0.022772000000000014,0.0,1.0,1.0,0.0,200801,1000
reference_r4,LA-XE,200802,2,0.006723999999999994,0.0,1.0,1.0,0.0,200801,1000
reference_r4,LA-XE,200803,3,0.003737000000000004,0.0,1.0,1.0,0.0,200801,1000
reference_r4,LA-XE,200804,1,0.021772999999999987,0.0,1.0,1.0,0.0,200804,1000
reference_r4,LA-XE,200805,2,0.06020600000000004,0.0,1.0,1.0,0.0,200804,1000
reference_r4,LA-XE,200806,3,3.906033,5.0,0.0,0.0,5.0,200804,1000
reference_r4,LA-XE,200807,1,0.612036,1.0,1.0,1.0,0.0,200807,1000
reference_r4,LA-XE,200808,2,0.631697,1.0,1.0,1.0,0.0,200807,1000
reference_r4,LA-XE,200809,3,0.5137909999999999,0.0,1.0,1.0,1.0,200807,1000
reference_r4,LA-XE,200810,1,0.432705,1.0,1.0,1.0,0.0,200810,1000
reference_r4,LA-XE,200811,2,0.11931899999999995,0.0,1.0,1.0,0.0,200810,1000
reference_r4,LA-XE,200812,3,0.60343,1.0,1.0,0.0,1.0,200810,1000
reference_r4,LA-XE,200901,1,0.009295999999999999,0.0,1.0,1.0,0.0,200901,1000
reference_r4,LA-XE,200902,2,1.8508259999999999,2.0,0.0,0.0,2.0,200901,1000
reference_r4,LA-XE,200903,3,1.716069,2.0,0.0,0.0,2.0,200901,1000
reference_r4,LA-XE,200904,1,0.3886470000000001,1.0,1.0,1.0,1.0,200904,1000
reference_r4,LA-XE,200905,2,0.7237769999999999,1.0,1.0,1.0,2.0,200904,1000
reference_r4,LA-XE,200906,3,4.646955,7.0,1.0,0.0,9.0,200904,1000
reference_r4,LA-XE,200907,1,16.56783,24.0,0.0,0.0,29.0,200907,1000
reference_r4,LA-XE,200908,2,13.297143000000002,21.0,1.0,0.0,27.0,200907,1000
reference_r4,LA-XE,200909,3,2.0481950000000007,1.0,1.0,1.0,6.0,200907,1000
reference_r4,LA-XE,200910,1,2.520403999999999,3.0,1.0,1.0,7.0,200910,1000
reference_r4,LA-XE,200911,2,15.763331999999998,19.0,1.0,0.0,3.0,200910,1000
reference_r4,LA-XE,200912,3,6.687901,4.0,1.0,1.0,7.0,200910,1000
reference_r4,LA-XI,200801,1,0.0003620000000000012,0.0,1.0,1.0,0.0,200801,1000
reference_r4,LA-XI,200802,2,9.99999999999994e-05,0.0,1.0,1.0,0.0,200801,1000
reference_r4,LA-XI,200803,3,0.0002730000000000024,0.0,1.0,1.0,0.0,200801,1000
reference_r4,LA-XI,200804,1,0.0026310000000000014,0.0,1.0,1.0,0.0,200804,1000
reference_r4,LA-XI,200805,2,0.0034000000000000002,0.0,1.0,1.0,0.0,200804,1000
reference_r4,LA-XI,200806,3,0.834175,1.0,0.0,0.0,1.0,200804,1000
reference_r4,LA-XI,200807,1,0.12889099999999998,0.0,1.0,1.0,0.0,200807,1000
reference_r4,LA-XI,200808,2,0.12123399999999995,0.0,1.0,1.0,0.0,200807,1000
reference_r4,LA-XI,200809,3,0.11371600000000004,0.0,1.0,1.0,0.0,200807,1000
reference_r4,LA-XI,200810,1,0.043505000000000016,0.0,1.0,1.0,0.0,200810,1000
reference_r4,LA-XI,200811,2,0.008718000000000004,0.0,1.0,1.0,0.0,200810,1000
reference_r4,LA-XI,200812,3,0.0037860000000000116,0.0,1.0,1.0,0.0,200810,1000
reference_r4,LA-XI,200901,1,0.002686000000000001,0.0,1.0,1.0,0.0,200901,1000
reference_r4,LA-XI,200902,2,0.0018760000000000027,0.0,1.0,1.0,0.0,200901,1000
reference_r4,LA-XI,200903,3,0.0016340000000000035,0.0,1.0,1.0,0.0,200901,1000
reference_r4,LA-XI,200904,1,0.0008610000000000007,0.0,1.0,1.0,0.0,200904,1000
reference_r4,LA-XI,200905,2,38.820730000000005,39.0,0.0,0.0,39.0,200904,1000
reference_r4,LA-XI,200906,3,32.567686,33.0,0.0,0.0,33.0,200904,1000
reference_r4,LA-XI,200907,1,13.191762999999998,19.0,1.0,0.0,1.0,200907,1000
reference_r4,LA-XI,200908,2,11.157349000000004,13.0,1.0,1.0,10.0,200907,1000
reference_r4,LA-XI,200909,3,17.075053000000004,21.0,0.0,0.0,0.0,200907,1000
reference_r4,LA-XI,200910,1,10.338337,14.0,0.0,0.0,0.0,200910,1000
reference_r4,LA-XI,200911,2,6.204371999999999,8.0,1.0,0.0,0.0,200910,1000
reference_r4,LA-XI,200912,3,2.412311,3.0,1.0,0.0,0.0,200910,1000
