model,location,time_period,horizon_distance,crps,abs_error,in_10_90,in_25_75,observed,split_first_period,n_samples
climatology,VN-01,201001,1,0.0,0.0,1.0,1.0,0.0,201001,1000
climatology,VN-01,201002,2,0.0,0.0,1.0,1.0,0.0,201001,1000
climatology,VN-01,201003,3,0.0,0.0,1.0,1.0,0.0,201001,1000
climatology,VN-01,201004,1,0.0,0.0,1.0,1.0,0.0,201004,1000
climatology,VN-01,201005,2,0.0,0.0,1.0,1.0,0.0,201004,1000
climatology,VN-01,201006,3,0.0,0.0,1.0,1.0,0.0,201004,1000
climatology,VN-01,201007,1,0.0,0.0,1.0,1.0,0.0,201007,1000
climatology,VN-01,201008,2,0.013778,0.0,1.0,1.0,0.0,201007,1000
climatology,VN-01,201009,3,0.0,0.0,1.0,1.0,0.0,201007,1000
climatology,VN-01,201010,1,0.0,0.0,1.0,1.0,0.0,201010,1000
climatology,VN-01,201011,2,0.006889,0.0,1.0,1.0,0.0,201010,1000
climatology,VN-01,201012,3,0.006889,0.0,1.0,1.0,0.0,201010,1000
climatology,VN-02,201001,1,0.0,0.0,1.0,1.0,0.0,201001,1000
climatology,VN-02,201002,2,0.0,0.0,1.0,1.0,0.0,201001,1000
climatology,VN-02,201003,3,0.0,0.0,1.0,1.0,0.0,201001,1000
climatology,VN-02,201004,1,0.0,0.0,1.0,1.0,0.0,201004,1000
climatology,VN-02,201005,2,0.0,0.0,1.0,1.0,0.0,201004,1000
climatology,VN-02,201006,3,0.006889,0.0,1.0,1.0,0.0,201004,1000
climatology,VN-02,201007,1,0.0,0.0,1.0,1.0,0.0,201007,1000
climatology,VN-02,201008,2,0.006889,0.0,1.0,1.0,0.0,201007,1000
climatology,VN-02,201009,3,0.041667,0.0,1.0,1.0,0.0,201007,1000
climatology,VN-02,201010,1,0.0206669999999999,0.0,1.0,1.0,0.0,201010,1000
climatology,VN-02,201011,2,0.006889,0.0,1.0,1.0,0.0,201010,1000
climatology,VN-02,201012,3,0.0,0.0,1.0,1.0,0.0,201010,1000
climatology,VN-03,201001,1,0.0,0.0,1.0,1.0,0.0,201001,1000
climatology,VN-03,201002,2,0.0,0.0,1.0,1.0,0.0,201001,1000
climatology,VN-03,201003,3,0.0,0.0,1.0,1.0,0.0,201001,1000
climatology,VN-03,201004,1,0.013778,0.0,1.0,1.0,0.0,201004,1000
climatology,VN-03,201005,2,0.0,0.0,1.0,1.0,0.0,201004,1000
climatology,VN-03,201006,3,0.0,0.0,1.0,1.0,0.0,201004,1000
climatology,VN-03,201007,1,0.0,0.0,1.0,1.0,0.0,201007,1000
climatology,VN-03,201008,2,0.096446,0.0,1.0,1.0,0.0,201007,1000
climatology,VN-03,201009,3,0.0,0.0,1.0,1.0,0.0,201007,1000
climatology,VN-03,201010,1,0.0,0.0,1.0,1.0,0.0,201010,1000
climatology,VN-03,201011,2,0.006889,0.0,1.0,1.0,0.0,201010,1000
climatology,VN-03,201012,3,0.0,0.0,1.0,1.0,0.0,201010,1000
climatology,VN-04,201001,1,0.027556,0.0,1.0,1.0,0.0,201001,1000
climatology,VN-04,201002,2,0.0413339999999999,0.0,1.0,1.0,0.0,201001,1000
climatology,VN-04,201003,3,0.0,0.0,1.0,1.0,0.0,201001,1000
climatology,VN-04,201004,1,0.0,0.0,1.0,1.0,0.0,201004,1000
climatology,VN-04,201005,2,0.179114,0.0,1.0,1.0,0.0,201004,1000
climatology,VN-04,201006,3,0.0,0.0,1.0,1.0,0.0,201004,1000
climatology,VN-04,201007,1,0.0,0.0,1.0,1.0,0.0,201007,1000
climatology,VN-04,201008,2,0.0,0.0,1.0,1.0,0.0,201007,1000
climatology,VN-04,201009,3,0.0,0.0,1.0,1.0,0.0,201007,1000
climatology,VN-04,201010,1,0.0,0.0,1.0,1.0,0.0,201010,1000
climatology,VN-04,201011,2,0.0,0.0,1.0,1.0,0.0,201010,1000
climatology,VN-04,201012,3,0.0,0.0,1.0,1.0,0.0,201010,1000
climatology,VN-05,201001,1,0.0,0.0,1.0,1.0,0.0,201001,1000
climatology,VN-05,201002,2,0.0,0.0,1.0,1.0,0.0,201001,1000
climatology,VN-05,201003,3,0.7145560000000001,1.0,1.0,0.0,1.0,201001,1000
climatology,VN-05,201004,1,0.0,0.0,1.0,1.0,0.0,201004,1000
climatology,VN-05,201005,2,0.0,0.0,1.0,1.0,0.0,201004,1000
climatology,VN-05,201006,3,0.0,0.0,1.0,1.0,0.0,201004,1000
climatology,VN-05,201007,1,0.0,0.0,1.0,1.0,0.0,201007,1000
climatology,VN-05,201008,2,0.006889,0.0,1.0,1.0,0.0,201007,1000
climatology,VN-05,201009,3,0.13778,0.0,1.0,1.0,0.0,201007,1000
climatology,VN-05,201010,1,0.055112,0.0,1.0,1.0,0.0,201010,1000
climatology,VN-05,201011,2,0.0206669999999999,0.0,1.0,1.0,0.0,201010,1000
climatology,VN-05,201012,3,0.0,0.0,1.0,1.0,0.0,201010,1000
climatology,VN-06,201001,1,0.0,0.0,1.0,1.0,0.0,201001,1000
climatology,VN-06,201002,2,0.0,0.0,1.0,1.0,0.0,201001,1000
climatology,VN-06,201003,3,0.0,0.0,1.0,1.0,0.0,201001,1000
climatology,VN-06,201004,1,0.0,0.0,1.0,1.0,0.0,201004,1000
climatology,VN-06,201005,2,0.0,0.0,1.0,1.0,0.0,201004,1000
climatology,VN-06,201006,3,0.0,0.0,1.0,1.0,0.0,201004,1000
climatology,VN-06,201007,1,0.0,0.0,1.0,1.0,0.0,201007,1000
climatology,VN-06,201008,2,0.0,0.0,1.0,1.0,0.0,201007,1000
climatology,VN-06,201009,3,0.0,0.0,1.0,1.0,0.0,201007,1000
climatology,VN-06,201010,1,0.006889,0.0,1.0,1.0,0.0,201010,1000
climatology,VN-06,201011,2,0.0278889999999999,0.0,1.0,1.0,0.0,201010,1000
climatology,VN-06,201012,3,0.0,0.0,1.0,1.0,0.0,201010,1000
climatology,VN-07,201001,1,0.0,0.0,1.0,1.0,0.0,201001,1000
climatology,VN-07,201002,2,0.0,0.0,1.0,1.0,0.0,201001,1000
climatology,VN-07,201003,3,0.0,0.0,1.0,1.0,0.0,201001,1000
climatology,VN-07,201004,1,0.0,0.0,1.0,1.0,0.0,201004,1000
climatology,VN-07,201005,2,0.0,0.0,1.0,1.0,0.0,201004,1000
climatology,VN-07,201006,3,0.0,0.0,1.0,1.0,0.0,201004,1000
climatology,VN-07,201007,1,0.0,0.0,1.0,1.0,0.0,201007,1000
climatology,VN-07,201008,2,0.0,0.0,1.0,1.0,0.0,201007,1000
climatology,VN-07,201009,3,0.0,0.0,1.0,1.0,0.0,201007,1000
climatology,VN-07,201010,1,0.0,0.0,1.0,1.0,0.0,201010,1000
climatology,VN-07,201011,2,0.0,0.0,1.0,1.0,0.0,201010,1000
climatology,VN-07,201012,3,0.0,0.0,1.0,1.0,0.0,201010,1000
climatology,VN-09,201001,1,0.0485559999999999,0.0,1.0,1.0,0.0,201001,1000
climatology,VN-09,201002,2,0.0,0.0,1.0,1.0,0.0,201001,1000
climatology,VN-09,201003,3,0.0,0.0,1.0,1.0,0.0,201001,1000
climatology,VN-09,201004,1,0.0,0.0,1.0,1.0,0.0,201004,1000
climatology,VN-09,201005,2,0.0278889999999999,0.0,1.0,1.0,0.0,201004,1000
climatology,VN-09,201006,3,0.006889,0.0,1.0,1.0,0.0,201004,1000
climatology,VN-09,201007,1,0.006889,0.0,1.0,1.0,0.0,201007,1000
climatology,VN-09,201008,2,0.0625,0.0,1.0,1.0,0.0,201007,1000
climatology,VN-09,201009,3,0.0764449999999999,0.0,1.0,1.0,0.0,201007,1000
climatology,VN-09,201010,1,0.0762779999999999,0.0,1.0,1.0,0.0,201010,1000
climatology,VN-09,201011,2,0.2496669999999999,0.0,1.0,1.0,0.0,201010,1000
climatology,VN-09,201012,3,0.104001,0.0,1.0,1.0,0.0,201010,1000
climatology,VN-13,201001,1,0.4939459999999998,0.0,1.0,1.0,0.0,201001,1000
climatology,VN-13,201002,2,0.228501,0.0,1.0,1.0,0.0,201001,1000
climatology,VN-13,201003,3,0.7076690000000001,0.0,1.0,1.0,0.0,201001,1000
climatology,VN-13,201004,1,1.4371720000000003,1.5,1.0,1.0,0.0,201004,1000
climatology,VN-13,201005,2,3.549391,0.5,1.0,1.0,1.0,201004,1000
climatology,VN-13,201006,3,9.329344000000004,5.5,1.0,1.0,0.0,201004,1000
climatology,VN-13,201007,1,3.441899000000001,1.5,1.0,1.0,3.0,201007,1000
climatology,VN-13,201008,2,3.958503,5.0,1.0,1.0,7.0,201007,1000
climatology,VN-13,201009,3,8.336567000000002,12.0,1.0,1.0,14.0,201007,1000
climatology,VN-13,201010,1,12.821271000000005,15.0,1.0,1.0,18.0,201010,1000
climatology,VN-13,201011,2,21.238808,36.0,1.0,0.0,37.0,201010,1000
climatology,VN-13,201012,3,57.197613,64.0,0.0,0.0,64.0,201010,1000
climatology,VN-14,201001,1,0.013778,0.0,1.0,1.0,0.0,201001,1000
climatology,VN-14,201002,2,2.681778,3.0,0.0,0.0,3.0,201001,1000
climatology,VN-14,201003,3,0.006889,0.0,1.0,1.0,0.0,201001,1000
climatology,VN-14,201004,1,0.0,0.0,1.0,1.0,0.0,201004,1000
climatology,VN-14,201005,2,4.840889,5.0,0.0,0.0,5.0,201004,1000
climatology,VN-14,201006,3,0.728667,1.0,1.0,0.0,1.0,201004,1000
climatology,VN-14,201007,1,5.693889,6.0,0.0,0.0,6.0,201007,1000
climatology,VN-14,201008,2,6.886222999999999,8.0,0.0,0.0,8.0,201007,1000
climatology,VN-14,201009,3,4.0,4.0,0.0,0.0,4.0,201007,1000
climatology,VN-14,201010,1,0.0278889999999999,0.0,1.0,1.0,0.0,201010,1000
climatology,VN-14,201011,2,3.299224,4.0,0.0,0.0,4.0,201010,1000
climatology,VN-14,201012,3,1.840889,2.0,0.0,0.0,2.0,201010,1000
climatology,VN-18,201001,1,0.006889,0.0,1.0,1.0,0.0,201001,1000
climatology,VN-18,201002,2,0.0,0.0,1.0,1.0,0.0,201001,1000
climatology,VN-18,201003,3,0.013778,0.0,1.0,1.0,0.0,201001,1000
climatology,VN-18,201004,1,0.0413339999999999,0.0,1.0,1.0,0.0,201004,1000
climatology,VN-18,201005,2,0.0,0.0,1.0,1.0,0.0,201004,1000
climatology,VN-18,201006,3,0.0,0.0,1.0,1.0,0.0,201004,1000
climatology,VN-18,201007,1,0.0557779999999999,0.0,1.0,1.0,0.0,201007,1000
climatology,VN-18,201008,2,3.840889,4.0,0.0,0.0,4.0,201007,1000
climatology,VN-18,201009,3,0.7214450000000001,1.0,1.0,0.0,1.0,201007,1000
climatology,VN-18,201010,1,4.444889,5.0,0.0,0.0,5.0,201010,1000
climatology,VN-18,201011,2,0.728334,1.0,1.0,0.0,1.0,201010,1000
climatology,VN-18,201012,3,0.5625,1.0,1.0,0.0,1.0,201010,1000
climatology,VN-20,201001,1,0.006889,0.0,1.0,1.0,0.0,201001,1000
climatology,VN-20,201002,2,0.0,0.0,1.0,1.0,0.0,201001,1000
climatology,VN-20,201003,3,0.276059,0.0,1.0,1.0,0.0,201001,1000
climatology,VN-20,201004,1,0.978669,1.0,0.0,0.0,1.0,201004,1000
climatology,VN-20,201005,2,2.111056,3.0,0.0,0.0,3.0,201004,1000
climatology,VN-20,201006,3,0.298556,0.0,1.0,1.0,0.0,201004,1000
climatology,VN-20,201007,1,0.229334,0.0,1.0,1.0,0.0,201007,1000
climatology,VN-20,201008,2,15.666117000000002,20.5,0.0,0.0,21.0,201007,1000
climatology,VN-20,201009,3,23.79784,34.5,1.0,0.0,35.0,201007,1000
climatology,VN-20,201010,1,19.659003,24.0,0.0,0.0,24.0,201010,1000
climatology,VN-20,201011,2,0.5687260000000003,0.0,1.0,1.0,0.0,201010,1000
climatology,VN-20,201012,3,0.194556,0.0,1.0,1.0,0.0,201010,1000
climatology,VN-21,201001,1,0.006889,0.0,1.0,1.0,0.0,201001,1000
climatology,VN-21,201002,2,0.0,0.0,1.0,1.0,0.0,201001,1000
climatology,VN-21,201003,3,0.0,0.0,1.0,1.0,0.0,201001,1000
climatology,VN-21,201004,1,0.0,0.0,1.0,1.0,0.0,201004,1000
climatology,VN-21,201005,2,0.034778,0.0,1.0,1.0,0.0,201004,1000
climatology,VN-21,201006,3,2.2327009999999987,0.0,1.0,1.0,0.0,201004,1000
climatology,VN-21,201007,1,6.392623999999998,0.5,1.0,1.0,0.0,201007,1000
climatology,VN-21,201008,2,8.106676,3.5,1.0,0.0,0.0,201007,1000
climatology,VN-21,201009,3,14.977975,9.0,1.0,1.0,0.0,201007,1000
climatology,VN-21,201010,1,33.06292900000001,35.0,1.0,0.0,0.0,201010,1000
climatology,VN-21,201011,2,13.869068999999996,4.5,1.0,1.0,0.0,201010,1000
climatology,VN-21,201012,3,0.3613900000000001,0.0,1.0,1.0,0.0,201010,1000
climatology,VN-22,201001,1,1.037116,0.0,1.0,1.0,0.0,201001,1000
climatology,VN-22,201002,2,0.055112,0.0,1.0,1.0,0.0,201001,1000
climatology,VN-22,201003,3,0.0,0.0,1.0,1.0,0.0,201001,1000
climatology,VN-22,201004,1,0.006889,0.0,1.0,1.0,0.0,201004,1000
climatology,VN-22,201005,2,0.8251150000000003,0.0,1.0,1.0,0.0,201004,1000
climatology,VN-22,201006,3,1.1005080000000005,0.0,1.0,1.0,0.0,201004,1000
climatology,VN-22,201007,1,20.326536000000004,14.0,1.0,0.0,0.0,201007,1000
climatology,VN-22,201008,2,17.791539999999998,20.5,1.0,0.0,0.0,201007,1000
climatology,VN-22,201009,3,61.318816,53.0,1.0,0.0,0.0,201007,1000
climatology,VN-22,201010,1,132.58101700000003,172.0,1.0,0.0,0.0,201010,1000
climatology,VN-22,201011,2,53.290126999999984,61.0,1.0,1.0,0.0,201010,1000
climatology,VN-22,201012,3,1.7232489999999991,0.0,1.0,1.0,0.0,201010,1000
climatology,VN-23,201001,1,1.693889,2.0,0.0,0.0,2.0,201001,1000
climatology,VN-23,201002,2,0.0,0.0,1.0,1.0,0.0,201001,1000
climatology,VN-23,201003,3,0.0,0.0,1.0,1.0,0.0,201001,1000
climatology,VN-23,201004,1,0.034778,0.0,1.0,1.0,0.0,201004,1000
climatology,VN-23,201005,2,0.7448439999999996,0.0,1.0,1.0,0.0,201004,1000
climatology,VN-23,201006,3,0.8619569999999985,0.0,1.0,1.0,0.0,201004,1000
climatology,VN-23,201007,1,6.639257000000001,0.0,1.0,1.0,0.0,201007,1000
climatology,VN-23,201008,2,11.890559000000003,5.5,1.0,1.0,3.0,201007,1000
climatology,VN-23,201009,3,31.448287000000008,32.0,1.0,0.0,0.0,201007,1000
climatology,VN-23,201010,1,56.19004099999995,28.0,1.0,1.0,0.0,201010,1000
climatology,VN-23,201011,2,28.198481999999984,4.0,1.0,1.0,0.0,201010,1000
climatology,VN-23,201012,3,1.4742460000000008,0.0,1.0,1.0,0.0,201010,1000
climatology,VN-24,201001,1,0.7490010000000001,1.0,1.0,0.0,1.0,201001,1000
climatology,VN-24,201002,2,0.0764449999999999,0.0,1.0,1.0,0.0,201001,1000
climatology,VN-24,201003,3,0.069556,0.0,1.0,1.0,0.0,201001,1000
climatology,VN-24,201004,1,0.7703349999999998,1.0,1.0,0.0,1.0,201004,1000
climatology,VN-24,201005,2,5.930320000000002,6.0,1.0,1.0,6.0,201004,1000
climatology,VN-24,201006,3,41.58337,61.0,1.0,0.0,61.0,201004,1000
climatology,VN-24,201007,1,37.926513,44.5,1.0,1.0,48.0,201007,1000
climatology,VN-24,201008,2,41.40788099999999,63.5,1.0,0.0,93.0,201007,1000
climatology,VN-24,201009,3,204.22274499999995,303.5,0.0,0.0,333.0,201007,1000
climatology,VN-24,201010,1,44.61866900000001,12.0,1.0,1.0,74.0,201010,1000
climatology,VN-24,201011,2,24.894181000000003,7.5,1.0,1.0,30.0,201010,1000
climatology,VN-24,201012,3,8.628632000000001,10.0,0.0,0.0,10.0,201010,1000
climatology,VN-25,201001,1,1.3633910000000005,2.0,1.0,1.0,2.0,201001,1000
climatology,VN-25,201002,2,1.7590640000000004,1.0,1.0,1.0,1.0,201001,1000
climatology,VN-25,201003,3,2.375838,4.0,1.0,0.0,4.0,201001,1000
climatology,VN-25,201004,1,2.9911209999999997,4.0,1.0,0.0,5.0,201004,1000
climatology,VN-25,201005,2,6.899481000000009,0.5,1.0,1.0,1.0,201004,1000
climatology,VN-25,201006,3,31.643185999999957,5.5,1.0,1.0,8.0,201004,1000
climatology,VN-25,201007,1,43.778936000000016,45.0,1.0,1.0,52.0,201007,1000
climatology,VN-25,201008,2,39.43611100000001,58.5,1.0,0.0,65.0,201007,1000
climatology,VN-25,201009,3,62.62503200000003,58.5,1.0,0.0,63.0,201007,1000
climatology,VN-25,201010,1,34.03482299999999,36.5,1.0,0.0,45.0,201010,1000
climatology,VN-25,201011,2,11.303570999999993,1.5,1.0,1.0,15.0,201010,1000
climatology,VN-25,201012,3,3.9497930000000014,4.5,1.0,1.0,7.0,201010,1000
climatology,VN-26,201001,1,9.179779,13.0,0.0,0.0,13.0,201001,1000
climatology,VN-26,201002,2,6.375667,7.0,0.0,0.0,7.0,201001,1000
climatology,VN-26,201003,3,29.749509000000003,40.0,0.0,0.0,40.0,201001,1000
climatology,VN-26,201004,1,38.577612,42.0,0.0,0.0,42.0,201004,1000
climatology,VN-26,201005,2,58.349946,63.5,0.0,0.0,65.0,201004,1000
climatology,VN-26,201006,3,123.896587,154.0,0.0,0.0,161.0,201004,1000
climatology,VN-26,201007,1,351.971273,431.0,0.0,0.0,441.0,201007,1000
climatology,VN-26,201008,2,489.8271979999999,544.5,0.0,0.0,556.0,201007,1000
climatology,VN-26,201009,3,677.887132,721.0,0.0,0.0,750.0,201007,1000
climatology,VN-26,201010,1,264.735274,390.0,0.0,0.0,410.0,201010,1000
climatology,VN-26,201011,2,106.234455,165.5,0.0,0.0,176.0,201010,1000
climatology,VN-26,201012,3,123.169116,134.0,0.0,0.0,134.0,201010,1000
climatology,VN-27,201001,1,9.310004,15.5,1.0,0.0,18.0,201001,1000
climatology,VN-27,201002,2,5.931113,9.5,1.0,0.0,12.0,201001,1000
climatology,VN-27,201003,3,10.355227,15.5,1.0,0.0,17.0,201001,1000
climatology,VN-27,201004,1,9.828947,17.0,1.0,0.0,18.0,201004,1000
climatology,VN-27,201005,2,14.177962999999998,26.0,1.0,0.0,29.0,201004,1000
climatology,VN-27,201006,3,83.28258199999999,134.5,0.0,0.0,152.0,201004,1000
climatology,VN-27,201007,1,214.890988,299.0,0.0,0.0,316.0,201007,1000
climatology,VN-27,201008,2,244.81139599999997,318.5,0.0,0.0,342.0,201007,1000
climatology,VN-27,201009,3,529.034363,637.5,0.0,0.0,675.0,201007,1000
climatology,VN-27,201010,1,773.46451,916.5,0.0,0.0,1020.0,201010,1000
climatology,VN-27,201011,2,213.525755,303.5,0.0,0.0,364.0,201010,1000
climatology,VN-27,201012,3,60.638356,96.0,0.0,0.0,115.0,201010,1000
climatology,VN-28,201001,1,8.693889,9.0,0.0,0.0,9.0,201001,1000
climatology,VN-28,201002,2,2.0,2.0,0.0,0.0,2.0,201001,1000
climatology,VN-28,201003,3,2.522667,3.0,0.0,0.0,3.0,201001,1000
climatology,VN-28,201004,1,9.0,9.0,0.0,0.0,9.0,201004,1000
climatology,VN-28,201005,2,16.938167,18.0,0.0,0.0,18.0,201004,1000
climatology,VN-28,201006,3,38.08739799999999,55.0,1.0,0.0,55.0,201004,1000
climatology,VN-28,201007,1,256.615137,315.5,0.0,0.0,321.0,201007,1000
climatology,VN-28,201008,2,236.719903,302.0,0.0,0.0,303.0,201007,1000
climatology,VN-28,201009,3,123.136176,176.5,0.0,0.0,186.0,201007,1000
climatology,VN-28,201010,1,75.813288,97.5,0.0,0.0,99.0,201010,1000
climatology,VN-28,201011,2,15.305005,22.0,1.0,0.0,24.0,201010,1000
climatology,VN-28,201012,3,1.5287229999999998,2.0,1.0,1.0,2.0,201010,1000
climatology,VN-29,201001,1,72.40890200000001,100.5,0.0,0.0,107.0,201001,1000
climatology,VN-29,201002,2,48.285893,64.5,0.0,0.0,74.0,201001,1000
climatology,VN-29,201003,3,60.343566,84.0,0.0,0.0,90.0,201001,1000
climatology,VN-29,201004,1,74.954177,97.5,0.0,0.0,100.0,201004,1000
climatology,VN-29,201005,2,78.495658,104.0,0.0,0.0,121.0,201004,1000
climatology,VN-29,201006,3,89.20729899999999,157.0,1.0,0.0,185.0,201004,1000
climatology,VN-29,201007,1,270.404671,368.5,0.0,0.0,418.0,201007,1000
climatology,VN-29,201008,2,331.675607,413.0,0.0,0.0,441.0,201007,1000
climatology,VN-29,201009,3,862.7730349999999,930.0,0.0,0.0,971.0,201007,1000
climatology,VN-29,201010,1,1331.512251,1386.5,0.0,0.0,1477.0,201010,1000
climatology,VN-29,201011,2,877.5809399999999,1067.0,0.0,0.0,1100.0,201010,1000
climatology,VN-29,201012,3,472.9221419999999,568.5,0.0,0.0,583.0,201010,1000
climatology,VN-30,201001,1,3.263612,6.0,1.0,0.0,9.0,201001,1000
climatology,VN-30,201002,2,1.3669469999999997,1.5,1.0,1.0,5.0,201001,1000
climatology,VN-30,201003,3,14.690563,25.5,1.0,0.0,30.0,201001,1000
climatology,VN-30,201004,1,3.834506000000001,4.0,1.0,1.0,9.0,201004,1000
climatology,VN-30,201005,2,37.356621,66.5,0.0,0.0,80.0,201004,1000
climatology,VN-30,201006,3,88.719593,135.0,0.0,0.0,188.0,201004,1000
climatology,VN-30,201007,1,595.1706780000001,647.5,0.0,0.0,723.0,201007,1000
climatology,VN-30,201008,2,713.5266889999999,856.0,0.0,0.0,913.0,201007,1000
climatology,VN-30,201009,3,530.147362,668.5,0.0,0.0,685.0,201007,1000
climatology,VN-30,201010,1,477.502133,592.0,0.0,0.0,609.0,201010,1000
climatology,VN-30,201011,2,180.445569,220.0,0.0,0.0,244.0,201010,1000
climatology,VN-30,201012,3,39.230689,59.5,0.0,0.0,70.0,201010,1000
climatology,VN-31,201001,1,18.713801,35.5,1.0,0.0,51.0,201001,1000
climatology,VN-31,201002,2,23.224618,41.0,1.0,0.0,52.0,201001,1000
climatology,VN-31,201003,3,54.59468,88.0,1.0,0.0,101.0,201001,1000
climatology,VN-31,201004,1,64.22107,110.5,1.0,0.0,122.0,201004,1000
climatology,VN-31,201005,2,66.114425,108.5,1.0,0.0,146.0,201004,1000
climatology,VN-31,201006,3,165.477876,263.0,0.0,0.0,298.0,201004,1000
climatology,VN-31,201007,1,347.452996,529.0,0.0,0.0,563.0,201007,1000
climatology,VN-31,201008,2,449.1861520000001,567.0,0.0,0.0,600.0,201007,1000
climatology,VN-31,201009,3,586.873731,681.0,0.0,0.0,731.0,201007,1000
climatology,VN-31,201010,1,531.193839,640.5,0.0,0.0,672.0,201010,1000
climatology,VN-31,201011,2,287.533999,352.0,0.0,0.0,413.0,201010,1000
climatology,VN-31,201012,3,112.554796,150.0,0.0,0.0,185.0,201010,1000
climatology,VN-32,201001,1,7.109565,3.5,1.0,1.0,37.0,201001,1000
climatology,VN-32,201002,2,16.140295000000002,27.0,1.0,0.0,48.0,201001,1000
climatology,VN-32,201003,3,8.818964000000001,2.5,1.0,1.0,37.0,201001,1000
climatology,VN-32,201004,1,15.691091999999998,1.0,1.0,1.0,45.0,201004,1000
climatology,VN-32,201005,2,24.846193999999997,18.5,1.0,1.0,56.0,201004,1000
climatology,VN-32,201006,3,132.78389899999996,193.0,1.0,0.0,340.0,201004,1000
climatology,VN-32,201007,1,372.249484,692.5,1.0,0.0,896.0,201007,1000
climatology,VN-32,201008,2,617.248366,849.0,0.0,0.0,955.0,201007,1000
climatology,VN-32,201009,3,615.61843,714.5,0.0,0.0,779.0,201007,1000
climatology,VN-32,201010,1,516.120693,601.0,0.0,0.0,664.0,201010,1000
climatology,VN-32,201011,2,204.588419,300.5,0.0,0.0,368.0,201010,1000
climatology,VN-32,201012,3,17.889008,28.0,1.0,1.0,80.0,201010,1000
climatology,VN-33,201001,1,15.247001999999998,27.5,0.0,0.0,35.0,201001,1000
climatology,VN-33,201002,2,3.971281,8.0,1.0,0.0,15.0,201001,1000
climatology,VN-33,201003,3,16.153118,26.0,1.0,0.0,32.0,201001,1000
climatology,VN-33,201004,1,3.859902999999999,0.0,1.0,1.0,14.0,201004,1000
climatology,VN-33,201005,2,17.678399,20.0,1.0,0.0,43.0,201004,1000
climatology,VN-33,201006,3,134.924425,188.5,1.0,0.0,227.0,201004,1000
climatology,VN-33,201007,1,538.816039,704.0,0.0,0.0,750.0,201007,1000
climatology,VN-33,201008,2,1614.816961,1988.0,0.0,0.0,2059.0,201007,1000
climatology,VN-33,201009,3,1163.0620749999998,1493.0,0.0,0.0,1559.0,201007,1000
climatology,VN-33,201010,1,894.3792960000001,1005.5,0.0,0.0,1115.0,201010,1000
climatology,VN-33,201011,2,372.798867,425.0,0.0,0.0,500.0,201010,1000
climatology,VN-33,201012,3,44.126734,64.5,0.0,0.0,94.0,201010,1000
climatology,VN-34,201001,1,67.522564,125.5,1.0,0.0,216.0,201001,1000
climatology,VN-34,201002,2,63.92340899999999,109.5,0.0,0.0,169.0,201001,1000
climatology,VN-34,201003,3,108.620339,147.5,0.0,0.0,222.0,201001,1000
climatology,VN-34,201004,1,103.956253,143.5,0.0,0.0,242.0,201004,1000
climatology,VN-34,201005,2,165.304507,247.5,0.0,0.0,366.0,201004,1000
climatology,VN-34,201006,3,273.328344,415.0,0.0,0.0,569.0,201004,1000
climatology,VN-34,201007,1,838.460819,999.0,0.0,0.0,1264.0,201007,1000
climatology,VN-34,201008,2,805.85854,1092.0,0.0,0.0,1227.0,201007,1000
climatology,VN-34,201009,3,750.1350070000001,941.0,0.0,0.0,1089.0,201007,1000
climatology,VN-34,201010,1,539.071011,791.5,0.0,0.0,930.0,201010,1000
climatology,VN-34,201011,2,154.62695200000002,288.0,1.0,0.0,434.0,201010,1000
climatology,VN-34,201012,3,31.489740000000005,36.5,1.0,1.0,198.0,201010,1000
climatology,VN-35,201001,1,167.43983500000002,171.5,0.0,0.0,176.0,201001,1000
climatology,VN-35,201002,2,79.72244500000001,82.0,0.0,0.0,85.0,201001,1000
climatology,VN-35,201003,3,60.552779,67.0,0.0,0.0,69.0,201001,1000
climatology,VN-35,201004,1,24.999621000000005,37.5,1.0,0.0,42.0,201004,1000
climatology,VN-35,201005,2,27.52079,43.0,0.0,0.0,50.0,201004,1000
climatology,VN-35,201006,3,72.568962,98.5,0.0,0.0,119.0,201004,1000
climatology,VN-35,201007,1,208.414634,249.5,0.0,0.0,274.0,201007,1000
climatology,VN-35,201008,2,703.5328780000001,767.5,0.0,0.0,790.0,201007,1000
climatology,VN-35,201009,3,955.144571,978.0,0.0,0.0,994.0,201007,1000
climatology,VN-35,201010,1,849.89301,869.5,0.0,0.0,883.0,201010,1000
climatology,VN-35,201011,2,509.867891,516.0,0.0,0.0,524.0,201010,1000
climatology,VN-35,201012,3,386.906115,398.0,0.0,0.0,403.0,201010,1000
climatology,VN-36,201001,1,10.587357,3.0,1.0,1.0,38.0,201001,1000
climatology,VN-36,201002,2,9.384951,9.5,1.0,1.0,17.0,201001,1000
climatology,VN-36,201003,3,10.709899,8.0,1.0,1.0,37.0,201001,1000
climatology,VN-36,201004,1,27.12156700000001,36.0,1.0,0.0,67.0,201004,1000
climatology,VN-36,201005,2,31.020874000000006,38.5,1.0,1.0,61.0,201004,1000
climatology,VN-36,201006,3,26.265157,14.5,1.0,1.0,51.0,201004,1000
climatology,VN-36,201007,1,80.963531,148.0,1.0,0.0,213.0,201007,1000
climatology,VN-36,201008,2,151.148371,200.5,0.0,0.0,250.0,201007,1000
climatology,VN-36,201009,3,280.278253,359.5,0.0,0.0,404.0,201007,1000
climatology,VN-36,201010,1,108.453914,155.5,1.0,0.0,233.0,201010,1000
climatology,VN-36,201011,2,38.58022,58.0,1.0,0.0,125.0,201010,1000
climatology,VN-36,201012,3,18.558209,15.5,1.0,1.0,58.0,201010,1000
climatology,VN-37,201001,1,19.695125,42.5,1.0,0.0,72.0,201001,1000
climatology,VN-37,201002,2,11.398838,17.0,1.0,0.0,35.0,201001,1000
climatology,VN-37,201003,3,34.606227000000004,46.5,0.0,0.0,68.0,201001,1000
climatology,VN-37,201004,1,23.600336999999996,45.0,1.0,0.0,65.0,201004,1000
climatology,VN-37,201005,2,10.253681999999998,1.0,1.0,1.0,29.0,201004,1000
climatology,VN-37,201006,3,22.441047999999995,26.5,1.0,0.0,30.0,201004,1000
climatology,VN-37,201007,1,33.70707799999998,30.0,1.0,1.0,125.0,201007,1000
climatology,VN-37,201008,2,26.796556999999993,19.0,1.0,1.0,118.0,201007,1000
climatology,VN-37,201009,3,29.164513999999997,8.0,1.0,1.0,93.0,201007,1000
climatology,VN-37,201010,1,27.94497699999999,15.0,1.0,1.0,101.0,201010,1000
climatology,VN-37,201011,2,35.532703999999995,57.0,1.0,0.0,131.0,201010,1000
climatology,VN-37,201012,3,47.912591000000006,74.5,1.0,0.0,128.0,201010,1000
climatology,VN-39,201001,1,26.710702,22.0,1.0,1.0,118.0,201001,1000
climatology,VN-39,201002,2,15.886188999999996,5.0,1.0,1.0,76.0,201001,1000
climatology,VN-39,201003,3,17.788294,16.5,1.0,1.0,90.0,201001,1000
climatology,VN-39,201004,1,15.881974,17.0,1.0,1.0,106.0,201004,1000
climatology,VN-39,201005,2,41.6952,89.5,1.0,1.0,182.0,201004,1000
climatology,VN-39,201006,3,114.883523,228.0,1.0,1.0,429.0,201004,1000
climatology,VN-39,201007,1,667.0721229999999,913.5,0.0,0.0,1389.0,201007,1000
climatology,VN-39,201008,2,851.4739380000001,1303.0,0.0,0.0,1670.0,201007,1000
climatology,VN-39,201009,3,518.6000750000001,772.5,1.0,0.0,1180.0,201007,1000
climatology,VN-39,201010,1,352.1104429999999,522.0,0.0,0.0,899.0,201010,1000
climatology,VN-39,201011,2,101.614053,144.5,1.0,0.0,452.0,201010,1000
climatology,VN-39,201012,3,44.974371999999995,66.0,1.0,1.0,236.0,201010,1000
climatology,VN-40,201001,1,24.85934499999999,25.5,1.0,1.0,100.0,201001,1000
climatology,VN-40,201002,2,18.711076999999996,9.5,1.0,1.0,46.0,201001,1000
climatology,VN-40,201003,3,23.87231,3.5,1.0,1.0,78.0,201001,1000
climatology,VN-40,201004,1,34.383244000000005,38.0,1.0,1.0,75.0,201004,1000
climatology,VN-40,201005,2,66.680547,77.5,1.0,0.0,75.0,201004,1000
climatology,VN-40,201006,3,72.595734,101.5,1.0,1.0,143.0,201004,1000
climatology,VN-40,201007,1,63.52743699999999,38.0,1.0,1.0,297.0,201007,1000
climatology,VN-40,201008,2,100.024148,175.5,1.0,1.0,345.0,201007,1000
climatology,VN-40,201009,3,132.20804,225.0,1.0,0.0,379.0,201007,1000
climatology,VN-40,201010,1,116.084528,163.5,0.0,0.0,336.0,201010,1000
climatology,VN-40,201011,2,34.903390999999985,53.5,1.0,1.0,201.0,201010,1000
climatology,VN-40,201012,3,25.34938099999999,24.0,1.0,1.0,142.0,201010,1000
climatology,VN-41,201001,1,15.891464,22.5,1.0,1.0,20.0,201001,1000
climatology,VN-41,201002,2,11.542015,14.0,1.0,0.0,12.0,201001,1000
climatology,VN-41,201003,3,8.152458,3.0,1.0,1.0,19.0,201001,1000
climatology,VN-41,201004,1,16.916078999999996,20.5,1.0,1.0,21.0,201004,1000
climatology,VN-41,201005,2,26.989588,29.0,1.0,1.0,58.0,201004,1000
climatology,VN-41,201006,3,60.110022,64.0,1.0,1.0,147.0,201004,1000
climatology,VN-41,201007,1,106.391789,102.5,1.0,1.0,436.0,201007,1000
climatology,VN-41,201008,2,204.390548,366.5,1.0,0.0,661.0,201007,1000
climatology,VN-41,201009,3,236.232073,432.0,1.0,0.0,695.0,201007,1000
climatology,VN-41,201010,1,86.30202499999999,102.0,1.0,1.0,384.0,201010,1000
climatology,VN-41,201011,2,63.832004,59.0,1.0,1.0,246.0,201010,1000
climatology,VN-41,201012,3,59.874123,86.0,1.0,0.0,180.0,201010,1000
climatology,VN-43,201001,1,13.687075000000004,19.5,1.0,0.0,19.0,201001,1000
climatology,VN-43,201002,2,6.726286,9.0,1.0,1.0,15.0,201001,1000
climatology,VN-43,201003,3,5.047233,1.5,1.0,1.0,25.0,201001,1000
climatology,VN-43,201004,1,6.689904000000002,5.0,1.0,1.0,20.0,201004,1000
climatology,VN-43,201005,2,14.789189999999998,22.5,0.0,0.0,16.0,201004,1000
climatology,VN-43,201006,3,34.431189999999994,45.5,1.0,0.0,17.0,201004,1000
climatology,VN-43,201007,1,58.293256,87.5,1.0,0.0,45.0,201007,1000
climatology,VN-43,201008,2,50.308943,67.5,1.0,0.0,59.0,201007,1000
climatology,VN-43,201009,3,50.631328,23.0,1.0,1.0,95.0,201007,1000
climatology,VN-43,201010,1,40.98709100000001,35.0,1.0,1.0,125.0,201010,1000
climatology,VN-43,201011,2,52.397881,96.5,1.0,0.0,180.0,201010,1000
climatology,VN-43,201012,3,48.218187,74.5,1.0,1.0,142.0,201010,1000
climatology,VN-44,201001,1,33.79691199999999,16.5,1.0,1.0,210.0,201001,1000
climatology,VN-44,201002,2,15.202262999999997,15.0,1.0,1.0,85.0,201001,1000
climatology,VN-44,201003,3,53.183369000000006,89.0,1.0,0.0,195.0,201001,1000
climatology,VN-44,201004,1,36.714185,55.5,1.0,1.0,206.0,201004,1000
climatology,VN-44,201005,2,51.032793,30.0,1.0,1.0,187.0,201004,1000
climatology,VN-44,201006,3,71.091711,67.0,1.0,1.0,297.0,201004,1000
climatology,VN-44,201007,1,213.026722,409.0,0.0,0.0,667.0,201007,1000
climatology,VN-44,201008,2,241.535515,412.5,0.0,0.0,827.0,201007,1000
climatology,VN-44,201009,3,196.715838,360.0,1.0,0.0,771.0,201007,1000
climatology,VN-44,201010,1,369.77655,553.0,0.0,0.0,882.0,201010,1000
climatology,VN-44,201011,2,306.61254499999995,480.0,0.0,0.0,739.0,201010,1000
climatology,VN-44,201012,3,102.290047,206.5,1.0,1.0,452.0,201010,1000
climatology,VN-45,201001,1,60.09916899999999,94.5,1.0,0.0,268.0,201001,1000
climatology,VN-45,201002,2,21.718849,36.5,1.0,1.0,142.0,201001,1000
climatology,VN-45,201003,3,25.226027999999992,33.5,1.0,1.0,129.0,201001,1000
climatology,VN-45,201004,1,43.07433,34.5,1.0,1.0,115.0,201004,1000
climatology,VN-45,201005,2,48.988764,74.0,1.0,1.0,133.0,201004,1000
climatology,VN-45,201006,3,45.22518200000002,28.0,1.0,1.0,230.0,201004,1000
climatology,VN-45,201007,1,107.70508700000002,170.0,1.0,0.0,580.0,201007,1000
climatology,VN-45,201008,2,156.87325400000003,289.0,1.0,1.0,734.0,201007,1000
climatology,VN-45,201009,3,160.95617200000004,186.5,1.0,1.0,795.0,201007,1000
climatology,VN-45,201010,1,131.83668,123.0,1.0,1.0,691.0,201010,1000
climatology,VN-45,201011,2,91.85555699999998,105.5,1.0,1.0,406.0,201010,1000
climatology,VN-45,201012,3,90.956539,172.5,1.0,1.0,207.0,201010,1000
climatology,VN-46,201001,1,58.979808000000006,111.0,1.0,0.0,121.0,201001,1000
climatology,VN-46,201002,2,42.22923900000001,77.5,1.0,0.0,78.0,201001,1000
climatology,VN-46,201003,3,50.361138,87.0,1.0,0.0,62.0,201001,1000
climatology,VN-46,201004,1,77.51742399999999,98.0,0.0,0.0,33.0,201004,1000
climatology,VN-46,201005,2,98.264128,111.5,0.0,0.0,55.0,201004,1000
climatology,VN-46,201006,3,197.625882,288.5,0.0,0.0,117.0,201004,1000
climatology,VN-46,201007,1,202.65423600000003,449.5,1.0,1.0,415.0,201007,1000
climatology,VN-46,201008,2,110.17256300000004,56.5,1.0,1.0,844.0,201007,1000
climatology,VN-46,201009,3,158.485267,250.0,1.0,1.0,928.0,201007,1000
climatology,VN-46,201010,1,146.21496800000003,197.5,1.0,0.0,900.0,201010,1000
climatology,VN-46,201011,2,89.74740700000001,88.0,1.0,0.0,629.0,201010,1000
climatology,VN-46,201012,3,130.304535,193.5,0.0,0.0,539.0,201010,1000
climatology,VN-47,201001,1,132.981911,160.5,0.0,0.0,298.0,201001,1000
climatology,VN-47,201002,2,57.878028,91.5,0.0,0.0,160.0,201001,1000
climatology,VN-47,201003,3,124.535466,177.5,0.0,0.0,270.0,201001,1000
climatology,VN-47,201004,1,65.54681200000002,106.0,1.0,1.0,257.0,201004,1000
climatology,VN-47,201005,2,54.593262,23.0,1.0,1.0,257.0,201004,1000
climatology,VN-47,201006,3,111.273184,96.5,1.0,1.0,485.0,201004,1000
climatology,VN-47,201007,1,219.36372100000008,435.5,1.0,1.0,860.0,201007,1000
climatology,VN-47,201008,2,454.344526,708.0,0.0,0.0,994.0,201007,1000
climatology,VN-47,201009,3,504.68995399999994,654.0,0.0,0.0,956.0,201007,1000
climatology,VN-47,201010,1,232.632719,305.5,0.0,0.0,640.0,201010,1000
climatology,VN-47,201011,2,101.884715,169.5,1.0,0.0,489.0,201010,1000
climatology,VN-47,201012,3,42.888415,65.5,1.0,1.0,277.0,201010,1000
climatology,VN-49,201001,1,43.99901100000001,61.0,0.0,0.0,8.0,201001,1000
climatology,VN-49,201002,2,30.858071,40.5,0.0,0.0,4.0,201001,1000
climatology,VN-49,201003,3,31.310849,42.5,0.0,0.0,9.0,201001,1000
climatology,VN-49,201004,1,36.86173099999999,50.0,0.0,0.0,4.0,201004,1000
climatology,VN-49,201005,2,32.912915000000005,58.0,1.0,0.0,17.0,201004,1000
climatology,VN-49,201006,3,34.808548,43.0,1.0,0.0,40.0,201004,1000
climatology,VN-49,201007,1,31.871492000000003,48.0,1.0,1.0,90.0,201007,1000
climatology,VN-49,201008,2,26.441652000000005,34.0,1.0,1.0,113.0,201007,1000
climatology,VN-49,201009,3,49.254144999999994,81.5,0.0,0.0,51.0,201007,1000
climatology,VN-49,201010,1,39.541085,39.5,0.0,0.0,57.0,201010,1000
climatology,VN-49,201011,2,45.89309099999999,57.5,0.0,0.0,38.0,201010,1000
climatology,VN-49,201012,3,56.598355999999995,71.5,0.0,0.0,21.0,201010,1000
climatology,VN-50,201001,1,72.34932600000002,103.5,0.0,0.0,54.0,201001,1000
climatology,VN-50,201002,2,67.313085,88.0,0.0,0.0,13.0,201001,1000
climatology,VN-50,201003,3,54.557466000000005,72.5,0.0,0.0,29.0,201001,1000
climatology,VN-50,201004,1,112.48683200000002,138.0,0.0,0.0,13.0,201004,1000
climatology,VN-50,201005,2,164.85086,182.5,0.0,0.0,14.0,201004,1000
climatology,VN-50,201006,3,268.273201,387.5,0.0,0.0,12.0,201004,1000
climatology,VN-50,201007,1,412.172367,500.5,0.0,0.0,32.0,201007,1000
climatology,VN-50,201008,2,336.85539200000005,446.5,0.0,0.0,63.0,201007,1000
climatology,VN-50,201009,3,296.001588,440.0,0.0,0.0,63.0,201007,1000
climatology,VN-50,201010,1,208.775718,309.5,0.0,0.0,82.0,201010,1000
climatology,VN-50,201011,2,175.938578,208.0,0.0,0.0,62.0,201010,1000
climatology,VN-50,201012,3,87.54759199999998,107.0,0.0,0.0,67.0,201010,1000
climatology,VN-51,201001,1,30.392250000000004,39.0,1.0,0.0,87.0,201001,1000
climatology,VN-51,201002,2,13.225956,27.0,1.0,0.0,45.0,201001,1000
climatology,VN-51,201003,3,17.775175,30.5,1.0,0.0,59.0,201001,1000
climatology,VN-51,201004,1,24.676952,39.5,1.0,0.0,76.0,201004,1000
climatology,VN-51,201005,2,33.37106899999999,48.5,1.0,1.0,135.0,201004,1000
climatology,VN-51,201006,3,43.039753000000005,23.0,1.0,1.0,158.0,201004,1000
climatology,VN-51,201007,1,58.88673300000001,1.0,1.0,1.0,245.0,201007,1000
climatology,VN-51,201008,2,60.60270599999998,82.5,1.0,1.0,259.0,201007,1000
climatology,VN-51,201009,3,74.084268,144.5,1.0,1.0,299.0,201007,1000
climatology,VN-51,201010,1,83.791809,151.0,1.0,1.0,269.0,201010,1000
climatology,VN-51,201011,2,47.523049,80.5,1.0,1.0,164.0,201010,1000
climatology,VN-51,201012,3,60.643771,80.5,0.0,0.0,165.0,201010,1000
climatology,VN-52,201001,1,27.95862900000001,36.0,1.0,1.0,167.0,201001,1000
climatology,VN-52,201002,2,16.488623999999998,13.0,1.0,1.0,87.0,201001,1000
climatology,VN-52,201003,3,26.613195999999995,31.5,1.0,1.0,91.0,201001,1000
climatology,VN-52,201004,1,78.622871,154.0,1.0,0.0,64.0,201004,1000
climatology,VN-52,201005,2,128.24597,274.0,1.0,1.0,125.0,201004,1000
climatology,VN-52,201006,3,189.531787,401.5,1.0,0.0,162.0,201004,1000
climatology,VN-52,201007,1,112.024065,48.0,1.0,1.0,466.0,201007,1000
climatology,VN-52,201008,2,360.21696999999995,428.0,0.0,0.0,812.0,201007,1000
climatology,VN-52,201009,3,505.35007400000006,633.0,0.0,0.0,944.0,201007,1000
climatology,VN-52,201010,1,720.455921,811.0,0.0,0.0,1127.0,201010,1000
climatology,VN-52,201011,2,417.6416349999999,467.0,0.0,0.0,764.0,201010,1000
climatology,VN-52,201012,3,378.746029,449.0,0.0,0.0,586.0,201010,1000
climatology,VN-53,201001,1,0.0,0.0,1.0,1.0,0.0,201001,1000
climatology,VN-53,201002,2,0.0,0.0,1.0,1.0,0.0,201001,1000
climatology,VN-53,201003,3,0.0,0.0,1.0,1.0,0.0,201001,1000
climatology,VN-53,201004,1,0.0,0.0,1.0,1.0,0.0,201004,1000
climatology,VN-53,201005,2,0.0,0.0,1.0,1.0,0.0,201004,1000
climatology,VN-53,201006,3,0.0,0.0,1.0,1.0,0.0,201004,1000
climatology,VN-53,201007,1,0.013778,0.0,1.0,1.0,0.0,201007,1000
climatology,VN-53,201008,2,0.006889,0.0,1.0,1.0,0.0,201007,1000
climatology,VN-53,201009,3,0.0,0.0,1.0,1.0,0.0,201007,1000
climatology,VN-53,201010,1,0.006889,0.0,1.0,1.0,0.0,201010,1000
climatology,VN-53,201011,2,0.006889,0.0,1.0,1.0,0.0,201010,1000
climatology,VN-53,201012,3,0.0,0.0,1.0,1.0,0.0,201010,1000
climatology,VN-54,201001,1,0.923557,1.0,0.0,0.0,1.0,201001,1000
climatology,VN-54,201002,2,0.006889,0.0,1.0,1.0,0.0,201001,1000
climatology,VN-54,201003,3,0.006889,0.0,1.0,1.0,0.0,201001,1000
climatology,VN-54,201004,1,0.041667,0.0,1.0,1.0,0.0,201004,1000
climatology,VN-54,201005,2,0.4719460000000004,0.0,1.0,1.0,0.0,201004,1000
climatology,VN-54,201006,3,1.318223,2.5,1.0,0.0,3.0,201004,1000
climatology,VN-54,201007,1,7.059446,9.0,0.0,0.0,9.0,201007,1000
climatology,VN-54,201008,2,187.507836,193.0,0.0,0.0,193.0,201007,1000
climatology,VN-54,201009,3,379.363909,409.0,0.0,0.0,409.0,201007,1000
climatology,VN-54,201010,1,67.865123,96.0,0.0,0.0,96.0,201010,1000
climatology,VN-54,201011,2,9.095288,11.0,0.0,0.0,11.0,201010,1000
climatology,VN-54,201012,3,2.529556,3.0,0.0,0.0,3.0,201010,1000
climatology,VN-55,201001,1,28.506514000000003,1.0,1.0,1.0,82.0,201001,1000
climatology,VN-55,201002,2,21.660904,25.0,1.0,1.0,32.0,201001,1000
climatology,VN-55,201003,3,25.797856000000003,31.0,1.0,1.0,79.0,201001,1000
climatology,VN-55,201004,1,25.057516999999997,18.0,1.0,1.0,77.0,201004,1000
climatology,VN-55,201005,2,27.916364,26.0,1.0,1.0,118.0,201004,1000
climatology,VN-55,201006,3,33.695530000000005,32.5,1.0,1.0,168.0,201004,1000
climatology,VN-55,201007,1,66.39810999999999,125.0,1.0,1.0,255.0,201007,1000
climatology,VN-55,201008,2,97.26771,163.0,1.0,0.0,286.0,201007,1000
climatology,VN-55,201009,3,80.116396,124.0,1.0,0.0,240.0,201007,1000
climatology,VN-55,201010,1,46.77389599999999,64.5,1.0,1.0,185.0,201010,1000
climatology,VN-55,201011,2,37.141098,2.5,1.0,1.0,96.0,201010,1000
climatology,VN-55,201012,3,30.127913999999997,22.0,1.0,1.0,98.0,201010,1000
climatology,VN-56,201001,1,0.0,0.0,1.0,1.0,0.0,201001,1000
climatology,VN-56,201002,2,0.0,0.0,1.0,1.0,0.0,201001,1000
climatology,VN-56,201003,3,0.0,0.0,1.0,1.0,0.0,201001,1000
climatology,VN-56,201004,1,0.006889,0.0,1.0,1.0,0.0,201004,1000
climatology,VN-56,201005,2,0.0206669999999999,0.0,1.0,1.0,0.0,201004,1000
climatology,VN-56,201006,3,0.006889,0.0,1.0,1.0,0.0,201004,1000
climatology,VN-56,201007,1,262.216556,263.0,0.0,0.0,263.0,201007,1000
climatology,VN-56,201008,2,186.410112,188.5,0.0,0.0,190.0,201007,1000
climatology,VN-56,201009,3,390.200117,401.0,0.0,0.0,401.0,201007,1000
climatology,VN-56,201010,1,51.362903,78.5,1.0,0.0,79.0,201010,1000
climatology,VN-56,201011,2,0.194223,0.0,1.0,1.0,0.0,201010,1000
climatology,VN-56,201012,3,0.2145579999999998,0.0,1.0,1.0,0.0,201010,1000
climatology,VN-57,201001,1,49.915233,86.5,0.0,0.0,167.0,201001,1000
climatology,VN-57,201002,2,29.368907,56.5,1.0,0.0,108.0,201001,1000
climatology,VN-57,201003,3,89.846234,126.0,0.0,0.0,159.0,201001,1000
climatology,VN-57,201004,1,82.31183899999999,109.5,0.0,0.0,143.0,201004,1000
climatology,VN-57,201005,2,40.918343,83.5,0.0,0.0,150.0,201004,1000
climatology,VN-57,201006,3,98.559436,163.5,0.0,0.0,263.0,201004,1000
climatology,VN-57,201007,1,182.921522,277.0,1.0,0.0,420.0,201007,1000
climatology,VN-57,201008,2,128.73197900000002,177.0,1.0,0.0,374.0,201007,1000
climatology,VN-57,201009,3,103.315643,176.5,1.0,0.0,323.0,201007,1000
climatology,VN-57,201010,1,123.098284,220.0,1.0,0.0,345.0,201010,1000
climatology,VN-57,201011,2,162.65477700000002,235.0,0.0,0.0,329.0,201010,1000
climatology,VN-57,201012,3,160.55965099999997,222.0,0.0,0.0,302.0,201010,1000
climatology,VN-58,201001,1,10.549127999999996,11.5,1.0,0.0,25.0,201001,1000
climatology,VN-58,201002,2,6.577287000000002,10.5,1.0,1.0,16.0,201001,1000
climatology,VN-58,201003,3,16.919846999999997,20.0,0.0,0.0,12.0,201001,1000
climatology,VN-58,201004,1,45.557073,61.0,0.0,0.0,9.0,201004,1000
climatology,VN-58,201005,2,115.093861,148.5,0.0,0.0,5.0,201004,1000
climatology,VN-58,201006,3,127.481348,195.0,0.0,0.0,26.0,201004,1000
climatology,VN-58,201007,1,109.09753299999998,201.0,0.0,0.0,85.0,201007,1000
climatology,VN-58,201008,2,48.760547,37.5,1.0,1.0,213.0,201007,1000
climatology,VN-58,201009,3,63.19092500000001,87.0,1.0,0.0,203.0,201007,1000
climatology,VN-58,201010,1,49.521535,79.0,1.0,0.0,173.0,201010,1000
climatology,VN-58,201011,2,41.404861,64.5,1.0,0.0,139.0,201010,1000
climatology,VN-58,201012,3,41.33785400000001,64.0,0.0,0.0,113.0,201010,1000
climatology,VN-59,201001,1,838.115968,909.5,0.0,0.0,989.0,201001,1000
climatology,VN-59,201002,2,462.58885,513.5,0.0,0.0,570.0,201001,1000
climatology,VN-59,201003,3,267.727526,338.5,0.0,0.0,386.0,201001,1000
climatology,VN-59,201004,1,136.968354,204.5,0.0,0.0,257.0,201004,1000
climatology,VN-59,201005,2,151.704643,243.0,0.0,0.0,335.0,201004,1000
climatology,VN-59,201006,3,106.867758,181.5,1.0,0.0,328.0,201004,1000
climatology,VN-59,201007,1,385.365157,581.5,0.0,0.0,751.0,201007,1000
climatology,VN-59,201008,2,978.474461,1331.0,0.0,0.0,1455.0,201007,1000
climatology,VN-59,201009,3,1550.30796,1886.0,0.0,0.0,2028.0,201007,1000
climatology,VN-59,201010,1,2277.816186,2470.5,0.0,0.0,2667.0,201010,1000
climatology,VN-59,201011,2,2054.193718,2104.0,0.0,0.0,2325.0,201010,1000
climatology,VN-59,201012,3,1742.67152,1812.0,0.0,0.0,1921.0,201010,1000
climatology,VN-61,201001,1,0.006889,0.0,1.0,1.0,0.0,201001,1000
climatology,VN-61,201002,2,0.0,0.0,1.0,1.0,0.0,201001,1000
climatology,VN-61,201003,3,0.006889,0.0,1.0,1.0,0.0,201001,1000
climatology,VN-61,201004,1,0.034778,0.0,1.0,1.0,0.0,201004,1000
climatology,VN-61,201005,2,0.0,0.0,1.0,1.0,0.0,201004,1000
climatology,VN-61,201006,3,0.0,0.0,1.0,1.0,0.0,201004,1000
climatology,VN-61,201007,1,0.013778,0.0,1.0,1.0,0.0,201007,1000
climatology,VN-61,201008,2,0.055445,0.0,1.0,1.0,0.0,201007,1000
climatology,VN-61,201009,3,0.0485559999999999,0.0,1.0,1.0,0.0,201007,1000
climatology,VN-61,201010,1,0.069389,0.0,1.0,1.0,0.0,201010,1000
climatology,VN-61,201011,2,0.006889,0.0,1.0,1.0,0.0,201010,1000
climatology,VN-61,201012,3,0.0206669999999999,0.0,1.0,1.0,0.0,201010,1000
climatology,VN-63,201001,1,0.0625,0.0,1.0,1.0,0.0,201001,1000
climatology,VN-63,201002,2,0.006889,0.0,1.0,1.0,0.0,201001,1000
climatology,VN-63,201003,3,0.006889,0.0,1.0,1.0,0.0,201001,1000
climatology,VN-63,201004,1,0.0,0.0,1.0,1.0,0.0,201004,1000
climatology,VN-63,201005,2,0.583167,1.0,1.0,0.0,1.0,201004,1000
climatology,VN-63,201006,3,3.089056,5.0,1.0,0.0,5.0,201004,1000
climatology,VN-63,201007,1,0.0278889999999999,0.0,1.0,1.0,0.0,201007,1000
climatology,VN-63,201008,2,1.1762259999999998,0.0,1.0,1.0,0.0,201007,1000
climatology,VN-63,201009,3,1.107564,0.0,1.0,1.0,0.0,201007,1000
climatology,VN-63,201010,1,1.5080560000000005,3.0,1.0,0.0,3.0,201010,1000
climatology,VN-63,201011,2,1.736056,3.0,1.0,0.0,3.0,201010,1000
climatology,VN-63,201012,3,2.840889,3.0,0.0,0.0,3.0,201010,1000
climatology,VN-66,201001,1,0.006889,0.0,1.0,1.0,0.0,201001,1000
climatology,VN-66,201002,2,0.0,0.0,1.0,1.0,0.0,201001,1000
climatology,VN-66,201003,3,0.041667,0.0,1.0,1.0,0.0,201001,1000
climatology,VN-66,201004,1,0.006889,0.0,1.0,1.0,0.0,201004,1000
climatology,VN-66,201005,2,0.854667,1.0,0.0,0.0,1.0,201004,1000
climatology,VN-66,201006,3,0.0278889999999999,0.0,1.0,1.0,0.0,201004,1000
climatology,VN-66,201007,1,0.0972779999999999,0.0,1.0,1.0,0.0,201007,1000
climatology,VN-66,201008,2,0.006889,0.0,1.0,1.0,0.0,201007,1000
climatology,VN-66,201009,3,0.06889,0.0,1.0,1.0,0.0,201007,1000
climatology,VN-66,201010,1,0.0278889999999999,0.0,1.0,1.0,0.0,201010,1000
climatology,VN-66,201011,2,0.0485559999999999,0.0,1.0,1.0,0.0,201010,1000
climatology,VN-66,201012,3,0.013778,0.0,1.0,1.0,0.0,201010,1000
climatology,VN-67,201001,1,1.0,1.0,0.0,0.0,1.0,201001,1000
climatology,VN-67,201002,2,0.0,0.0,1.0,1.0,0.0,201001,1000
climatology,VN-67,201003,3,0.0,0.0,1.0,1.0,0.0,201001,1000
climatology,VN-67,201004,1,0.0,0.0,1.0,1.0,0.0,201004,1000
climatology,VN-67,201005,2,0.215057,0.0,1.0,1.0,0.0,201004,1000
climatology,VN-67,201006,3,2.023403,0.0,1.0,1.0,0.0,201004,1000
climatology,VN-67,201007,1,61.024224,67.5,0.0,0.0,68.0,201007,1000
climatology,VN-67,201008,2,79.950571,105.0,0.0,0.0,105.0,201007,1000
climatology,VN-67,201009,3,21.918337,39.5,1.0,0.0,44.0,201007,1000
climatology,VN-67,201010,1,34.562706999999996,42.5,0.0,0.0,43.0,201010,1000
climatology,VN-67,201011,2,3.242349000000001,4.0,1.0,0.0,4.0,201010,1000
climatology,VN-67,201012,3,0.0761119999999999,0.0,1.0,1.0,0.0,201010,1000
climatology,VN-68,201001,1,7.693889,8.0,0.0,0.0,8.0,201001,1000
climatology,VN-68,201002,2,1.7873400000000004,2.0,1.0,0.0,2.0,201001,1000
climatology,VN-68,201003,3,3.4474550000000006,4.0,0.0,0.0,4.0,201001,1000
climatology,VN-68,201004,1,2.1804500000000004,2.0,1.0,0.0,2.0,201004,1000
climatology,VN-68,201005,2,4.415502,6.0,0.0,0.0,6.0,201004,1000
climatology,VN-68,201006,3,7.636891,9.0,0.0,0.0,9.0,201004,1000
climatology,VN-68,201007,1,8.0,8.0,0.0,0.0,8.0,201007,1000
climatology,VN-68,201008,2,5.4540120000000005,6.0,0.0,0.0,6.0,201007,1000
climatology,VN-68,201009,3,6.6688069999999975,6.0,0.0,0.0,6.0,201007,1000
climatology,VN-68,201010,1,12.403389,13.0,0.0,0.0,13.0,201010,1000
climatology,VN-68,201011,2,13.057445,14.0,0.0,0.0,14.0,201010,1000
climatology,VN-68,201012,3,7.0,7.0,0.0,0.0,7.0,201010,1000
climatology,VN-69,201001,1,0.006889,0.0,1.0,1.0,0.0,201001,1000
climatology,VN-69,201002,2,0.013778,0.0,1.0,1.0,0.0,201001,1000
climatology,VN-69,201003,3,3.522667,4.0,0.0,0.0,4.0,201001,1000
climatology,VN-69,201004,1,1.840889,2.0,0.0,0.0,2.0,201004,1000
climatology,VN-69,201005,2,1.007389,2.0,1.0,0.0,2.0,201004,1000
climatology,VN-69,201006,3,0.145002,0.0,1.0,1.0,0.0,201004,1000
climatology,VN-69,201007,1,0.1940570000000001,0.0,1.0,1.0,0.0,201007,1000
climatology,VN-69,201008,2,0.055445,0.0,1.0,1.0,0.0,201007,1000
climatology,VN-69,201009,3,0.2432780000000001,0.0,1.0,1.0,0.0,201007,1000
climatology,VN-69,201010,1,0.1041669999999999,0.0,1.0,1.0,0.0,201010,1000
climatology,VN-69,201011,2,0.006889,0.0,1.0,1.0,0.0,201010,1000
climatology,VN-69,201012,3,0.0206669999999999,0.0,1.0,1.0,0.0,201010,1000
climatology,VN-70,201001,1,0.0,0.0,1.0,1.0,0.0,201001,1000
climatology,VN-70,201002,2,0.0762779999999999,0.0,1.0,1.0,0.0,201001,1000
climatology,VN-70,201003,3,0.0278889999999999,0.0,1.0,1.0,0.0,201001,1000
climatology,VN-70,201004,1,0.2080009999999998,0.0,1.0,1.0,0.0,201004,1000
climatology,VN-70,201005,2,0.6043339999999999,0.0,1.0,1.0,0.0,201004,1000
climatology,VN-70,201006,3,0.388446,0.0,1.0,1.0,0.0,201004,1000
climatology,VN-70,201007,1,0.3820559999999999,0.0,1.0,1.0,0.0,201007,1000
climatology,VN-70,201008,2,0.6587789999999998,0.0,1.0,1.0,0.0,201007,1000
climatology,VN-70,201009,3,0.9906169999999994,0.5,1.0,1.0,0.0,201007,1000
climatology,VN-70,201010,1,0.7634450000000002,0.5,1.0,1.0,0.0,201010,1000
climatology,VN-70,201011,2,1.3436880000000002,0.0,1.0,1.0,0.0,201010,1000
climatology,VN-70,201012,3,0.2965599999999999,0.0,1.0,1.0,0.0,201010,1000
climatology,VN-71,201001,1,0.0,0.0,1.0,1.0,0.0,201001,1000
climatology,VN-71,201002,2,0.0,0.0,1.0,1.0,0.0,201001,1000
climatology,VN-71,201003,3,0.1115559999999999,0.0,1.0,1.0,0.0,201001,1000
climatology,VN-71,201004,1,0.0,0.0,1.0,1.0,0.0,201004,1000
climatology,VN-71,201005,2,0.0,0.0,1.0,1.0,0.0,201004,1000
climatology,VN-71,201006,3,0.0,0.0,1.0,1.0,0.0,201004,1000
climatology,VN-71,201007,1,0.0,0.0,1.0,1.0,0.0,201007,1000
climatology,VN-71,201008,2,0.0,0.0,1.0,1.0,0.0,201007,1000
climatology,VN-71,201009,3,0.0,0.0,1.0,1.0,0.0,201007,1000
climatology,VN-71,201010,1,0.0,0.0,1.0,1.0,0.0,201010,1000
climatology,VN-71,201011,2,0.0278889999999999,0.0,1.0,1.0,0.0,201010,1000
climatology,VN-71,201012,3,0.0,0.0,1.0,1.0,0.0,201010,1000
climatology,VN-72,201001,1,3.892447,7.0,1.0,1.0,12.0,201001,1000
climatology,VN-72,201002,2,10.917334,12.5,0.0,0.0,16.0,201001,1000
climatology,VN-72,201003,3,3.44189,4.5,1.0,0.0,11.0,201001,1000
climatology,VN-72,201004,1,33.893797,51.0,1.0,0.0,54.0,201004,1000
climatology,VN-72,201005,2,224.00437900000003,321.5,1.0,0.0,326.0,201004,1000
climatology,VN-72,201006,3,290.287378,409.0,0.0,0.0,427.0,201004,1000
climatology,VN-72,201007,1,452.2520229999999,527.0,0.0,0.0,553.0,201007,1000
climatology,VN-72,201008,2,229.119783,240.5,0.0,0.0,260.0,201007,1000
climatology,VN-72,201009,3,280.771229,301.5,0.0,0.0,315.0,201007,1000
climatology,VN-72,201010,1,128.294228,153.0,0.0,0.0,167.0,201010,1000
climatology,VN-72,201011,2,37.356558,43.0,0.0,0.0,51.0,201010,1000
climatology,VN-72,201012,3,12.446557,16.5,0.0,0.0,24.0,201010,1000
climatology,VN-73,201001,1,12.120563,21.5,1.0,1.0,35.0,201001,1000
climatology,VN-73,201002,2,3.3871129999999994,3.0,1.0,1.0,15.0,201001,1000
climatology,VN-73,201003,3,13.862892000000002,19.5,0.0,0.0,44.0,201001,1000
climatology,VN-73,201004,1,4.391113999999999,5.0,1.0,1.0,31.0,201004,1000
climatology,VN-73,201005,2,4.974783,6.0,1.0,1.0,34.0,201004,1000
climatology,VN-73,201006,3,14.302785,20.0,1.0,0.0,48.0,201004,1000
climatology,VN-73,201007,1,17.690564000000002,12.0,1.0,1.0,158.0,201007,1000
climatology,VN-73,201008,2,21.25081500000001,19.5,1.0,1.0,199.0,201007,1000
climatology,VN-73,201009,3,19.014350000000004,28.5,1.0,1.0,143.0,201007,1000
climatology,VN-73,201010,1,7.331337999999999,9.0,1.0,0.0,140.0,201010,1000
climatology,VN-73,201011,2,14.005011999999995,4.5,1.0,1.0,119.0,201010,1000
climatology,VN-73,201012,3,14.775901000000005,16.5,1.0,1.0,86.0,201010,1000
climatology,VN-CT,201001,1,45.505257,67.5,0.0,0.0,27.0,201001,1000
climatology,VN-CT,201002,2,22.761251,35.5,0.0,0.0,7.0,201001,1000
climatology,VN-CT,201003,3,33.055739,55.5,0.0,0.0,14.0,201001,1000
climatology,VN-CT,201004,1,41.632683,72.0,0.0,0.0,7.0,201004,1000
climatology,VN-CT,201005,2,38.914245,50.5,0.0,0.0,6.0,201004,1000
climatology,VN-CT,201006,3,54.056751,69.0,0.0,0.0,9.0,201004,1000
climatology,VN-CT,201007,1,40.406631,48.5,1.0,0.0,81.0,201007,1000
climatology,VN-CT,201008,2,18.287764000000003,16.0,1.0,1.0,158.0,201007,1000
climatology,VN-CT,201009,3,122.125467,166.5,0.0,0.0,316.0,201007,1000
climatology,VN-CT,201010,1,149.461626,190.0,0.0,0.0,347.0,201010,1000
climatology,VN-CT,201011,2,236.770649,296.5,0.0,0.0,481.0,201010,1000
climatology,VN-CT,201012,3,150.323145,205.0,0.0,0.0,366.0,201010,1000
climatology,VN-DN,201001,1,230.689508,254.5,0.0,0.0,269.0,201001,1000
climatology,VN-DN,201002,2,228.475947,235.0,0.0,0.0,238.0,201001,1000
climatology,VN-DN,201003,3,148.886391,154.0,0.0,0.0,155.0,201001,1000
climatology,VN-DN,201004,1,80.974558,87.0,0.0,0.0,90.0,201004,1000
climatology,VN-DN,201005,2,85.59728,92.0,0.0,0.0,98.0,201004,1000
climatology,VN-DN,201006,3,149.326671,165.0,0.0,0.0,174.0,201004,1000
climatology,VN-DN,201007,1,190.512313,251.0,0.0,0.0,267.0,201007,1000
climatology,VN-DN,201008,2,275.506689,345.0,0.0,0.0,372.0,201007,1000
climatology,VN-DN,201009,3,814.0744629999999,945.5,0.0,0.0,997.0,201007,1000
climatology,VN-DN,201010,1,699.033241,846.0,0.0,0.0,961.0,201010,1000
climatology,VN-DN,201011,2,346.772438,471.0,0.0,0.0,637.0,201010,1000
climatology,VN-DN,201012,3,77.221096,137.0,1.0,0.0,206.0,201010,1000
climatology,VN-HN,201001,1,57.045894,68.5,0.0,0.0,79.0,201001,1000
climatology,VN-HN,201002,2,22.722946,28.5,0.0,0.0,32.0,201001,1000
climatology,VN-HN,201003,3,33.105168,37.5,0.0,0.0,43.0,201001,1000
climatology,VN-HN,201004,1,59.26728,64.0,0.0,0.0,73.0,201004,1000
climatology,VN-HN,201005,2,66.70060999999998,84.5,0.0,0.0,104.0,201004,1000
climatology,VN-HN,201006,3,68.443089,88.5,0.0,0.0,117.0,201004,1000
climatology,VN-HN,201007,1,90.799335,117.5,1.0,0.0,173.0,201007,1000
climatology,VN-HN,201008,2,255.98301199999997,324.0,0.0,0.0,392.0,201007,1000
climatology,VN-HN,201009,3,326.26016100000004,496.0,1.0,0.0,609.0,201007,1000
climatology,VN-HN,201010,1,305.54365599999994,554.5,1.0,1.0,726.0,201010,1000
climatology,VN-HN,201011,2,227.88488800000005,391.5,1.0,1.0,570.0,201010,1000
climatology,VN-HN,201012,3,80.56311,165.5,1.0,0.0,234.0,201010,1000
climatology,VN-HP,201001,1,1.845113,3.0,1.0,0.0,3.0,201001,1000
climatology,VN-HP,201002,2,0.6112230000000001,0.5,1.0,1.0,2.0,201001,1000
climatology,VN-HP,201003,3,1.446724,1.0,1.0,1.0,0.0,201001,1000
climatology,VN-HP,201004,1,13.956894000000002,25.5,1.0,0.0,31.0,201004,1000
climatology,VN-HP,201005,2,5.632225999999999,0.5,1.0,1.0,10.0,201004,1000
climatology,VN-HP,201006,3,9.136617,15.5,1.0,0.0,0.0,201004,1000
climatology,VN-HP,201007,1,6.458569999999998,6.5,1.0,0.0,2.0,201007,1000
climatology,VN-HP,201008,2,3.241950000000001,0.5,1.0,1.0,3.0,201007,1000
climatology,VN-HP,201009,3,4.060783000000001,2.0,1.0,1.0,5.0,201007,1000
climatology,VN-HP,201010,1,3.3730089999999997,0.5,1.0,1.0,2.0,201010,1000
climatology,VN-HP,201011,2,10.759284,16.5,1.0,0.0,25.0,201010,1000
climatology,VN-HP,201012,3,1.99817,2.5,1.0,1.0,4.0,201010,1000
climatology,VN-SG,201001,1,152.78308199999998,217.0,1.0,1.0,326.0,201001,1000
climatology,VN-SG,201002,2,131.564852,177.0,1.0,1.0,184.0,201001,1000
climatology,VN-SG,201003,3,86.86932800000002,128.0,1.0,1.0,205.0,201001,1000
climatology,VN-SG,201004,1,51.17738400000002,44.0,1.0,1.0,302.0,201004,1000
climatology,VN-SG,201005,2,132.286414,205.0,1.0,0.0,418.0,201004,1000
climatology,VN-SG,201006,3,101.850467,153.5,1.0,1.0,376.0,201004,1000
climatology,VN-SG,201007,1,206.54603699999996,347.5,1.0,0.0,714.0,201007,1000
climatology,VN-SG,201008,2,197.644939,184.0,1.0,1.0,877.0,201007,1000
climatology,VN-SG,201009,3,248.4399740000001,313.5,1.0,1.0,1075.0,201007,1000
climatology,VN-SG,201010,1,211.93980199999993,52.0,1.0,1.0,1001.0,201010,1000
climatology,VN-SG,201011,2,218.058184,139.5,1.0,1.0,647.0,201010,1000
climatology,VN-SG,201012,3,161.46460399999995,87.0,1.0,1.0,422.0,201010,1000
ensemble,VN-01,201001,1,0.03914,0.0,1.0,1.0,0.0,201001,1000
ensemble,VN-01,201002,2,0.0354349999999999,0.0,1.0,1.0,0.0,201001,1000
ensemble,VN-01,201003,3,0.035797,0.0,1.0,1.0,0.0,201001,1000
ensemble,VN-01,201004,1,0.041195,0.0,1.0,1.0,0.0,201004,1000
ensemble,VN-01,201005,2,0.0400159999999999,0.0,1.0,1.0,0.0,201004,1000
ensemble,VN-01,201006,3,0.0463579999999999,0.0,1.0,1.0,0.0,201004,1000
ensemble,VN-01,201007,1,0.0727109999999999,0.0,1.0,1.0,0.0,201007,1000
ensemble,VN-01,201008,2,0.0914969999999999,0.0,1.0,1.0,0.0,201007,1000
ensemble,VN-01,201009,3,0.061308,0.0,1.0,1.0,0.0,201007,1000
ensemble,VN-01,201010,1,0.0854389999999999,0.0,1.0,1.0,0.0,201010,1000
ensemble,VN-01,201011,2,0.059115,0.0,1.0,1.0,0.0,201010,1000
ensemble,VN-01,201012,3,0.0465249999999999,0.0,1.0,1.0,0.0,201010,1000
ensemble,VN-02,201001,1,0.0398869999999999,0.0,1.0,1.0,0.0,201001,1000
ensemble,VN-02,201002,2,0.0385849999999999,0.0,1.0,1.0,0.0,201001,1000
ensemble,VN-02,201003,3,0.038729,0.0,1.0,1.0,0.0,201001,1000
ensemble,VN-02,201004,1,0.039364,0.0,1.0,1.0,0.0,201004,1000
ensemble,VN-02,201005,2,0.04738,0.0,1.0,1.0,0.0,201004,1000
ensemble,VN-02,201006,3,0.0947959999999999,0.0,1.0,1.0,0.0,201004,1000
ensemble,VN-02,201007,1,0.090152,0.0,1.0,1.0,0.0,201007,1000
ensemble,VN-02,201008,2,0.111277,0.0,1.0,1.0,0.0,201007,1000
ensemble,VN-02,201009,3,0.148725,0.0,1.0,1.0,0.0,201007,1000
ensemble,VN-02,201010,1,0.09841,0.0,1.0,1.0,0.0,201010,1000
ensemble,VN-02,201011,2,0.0686909999999999,0.0,1.0,1.0,0.0,201010,1000
ensemble,VN-02,201012,3,0.04448,0.0,1.0,1.0,0.0,201010,1000
ensemble,VN-03,201001,1,0.037662,0.0,1.0,1.0,0.0,201001,1000
ensemble,VN-03,201002,2,0.042311,0.0,1.0,1.0,0.0,201001,1000
ensemble,VN-03,201003,3,0.0379439999999999,0.0,1.0,1.0,0.0,201001,1000
ensemble,VN-03,201004,1,0.0604489999999999,0.0,1.0,1.0,0.0,201004,1000
ensemble,VN-03,201005,2,0.057154,0.0,1.0,1.0,0.0,201004,1000
ensemble,VN-03,201006,3,0.0712819999999999,0.0,1.0,1.0,0.0,201004,1000
ensemble,VN-03,201007,1,0.068157,0.0,1.0,1.0,0.0,201007,1000
ensemble,VN-03,201008,2,0.1284119999999999,0.0,1.0,1.0,0.0,201007,1000
ensemble,VN-03,201009,3,0.1034819999999999,0.0,1.0,1.0,0.0,201007,1000
ensemble,VN-03,201010,1,0.0977789999999999,0.0,1.0,1.0,0.0,201010,1000
ensemble,VN-03,201011,2,0.0887189999999999,0.0,1.0,1.0,0.0,201010,1000
ensemble,VN-03,201012,3,0.04226,0.0,1.0,1.0,0.0,201010,1000
ensemble,VN-04,201001,1,0.075145,0.0,1.0,1.0,0.0,201001,1000
ensemble,VN-04,201002,2,0.0551279999999999,0.0,1.0,1.0,0.0,201001,1000
ensemble,VN-04,201003,3,0.03261,0.0,1.0,1.0,0.0,201001,1000
ensemble,VN-04,201004,1,0.036891,0.0,1.0,1.0,0.0,201004,1000
ensemble,VN-04,201005,2,0.0681709999999998,0.0,1.0,1.0,0.0,201004,1000
ensemble,VN-04,201006,3,0.0589670000000001,0.0,1.0,1.0,0.0,201004,1000
ensemble,VN-04,201007,1,0.093252,0.0,1.0,1.0,0.0,201007,1000
ensemble,VN-04,201008,2,0.078801,0.0,1.0,1.0,0.0,201007,1000
ensemble,VN-04,201009,3,0.107771,0.0,1.0,1.0,0.0,201007,1000
ensemble,VN-04,201010,1,0.1195570000000001,0.0,1.0,1.0,0.0,201010,1000
ensemble,VN-04,201011,2,0.0781389999999999,0.0,1.0,1.0,0.0,201010,1000
ensemble,VN-04,201012,3,0.0448239999999999,0.0,1.0,1.0,0.0,201010,1000
ensemble,VN-05,201001,1,0.048018,0.0,1.0,1.0,0.0,201001,1000
ensemble,VN-05,201002,2,0.057436,0.0,1.0,1.0,0.0,201001,1000
ensemble,VN-05,201003,3,0.6680769999999999,1.0,1.0,0.0,1.0,201001,1000
ensemble,VN-05,201004,1,0.15822,0.0,1.0,1.0,0.0,201004,1000
ensemble,VN-05,201005,2,0.1886569999999999,0.0,1.0,1.0,0.0,201004,1000
ensemble,VN-05,201006,3,0.2241639999999998,0.0,1.0,1.0,0.0,201004,1000
ensemble,VN-05,201007,1,0.1761179999999997,0.0,1.0,1.0,0.0,201007,1000
ensemble,VN-05,201008,2,0.1582639999999999,0.0,1.0,1.0,0.0,201007,1000
ensemble,VN-05,201009,3,0.161326,0.0,1.0,1.0,0.0,201007,1000
ensemble,VN-05,201010,1,0.2479620000000002,0.0,1.0,1.0,0.0,201010,1000
ensemble,VN-05,201011,2,0.1097650000000001,0.0,1.0,1.0,0.0,201010,1000
ensemble,VN-05,201012,3,0.063697,0.0,1.0,1.0,0.0,201010,1000
ensemble,VN-06,201001,1,0.0473489999999999,0.0,1.0,1.0,0.0,201001,1000
ensemble,VN-06,201002,2,0.0298019999999999,0.0,1.0,1.0,0.0,201001,1000
ensemble,VN-06,201003,3,0.0318439999999999,0.0,1.0,1.0,0.0,201001,1000
ensemble,VN-06,201004,1,0.0433899999999999,0.0,1.0,1.0,0.0,201004,1000
ensemble,VN-06,201005,2,0.031832,0.0,1.0,1.0,0.0,201004,1000
ensemble,VN-06,201006,3,0.0630279999999999,0.0,1.0,1.0,0.0,201004,1000
ensemble,VN-06,201007,1,0.067833,0.0,1.0,1.0,0.0,201007,1000
ensemble,VN-06,201008,2,0.0689309999999999,0.0,1.0,1.0,0.0,201007,1000
ensemble,VN-06,201009,3,0.075809,0.0,1.0,1.0,0.0,201007,1000
ensemble,VN-06,201010,1,0.0619939999999999,0.0,1.0,1.0,0.0,201010,1000
ensemble,VN-06,201011,2,0.069305,0.0,1.0,1.0,0.0,201010,1000
ensemble,VN-06,201012,3,0.028677,0.0,1.0,1.0,0.0,201010,1000
ensemble,VN-07,201001,1,0.0435099999999999,0.0,1.0,1.0,0.0,201001,1000
ensemble,VN-07,201002,2,0.0408899999999999,0.0,1.0,1.0,0.0,201001,1000
ensemble,VN-07,201003,3,0.034603,0.0,1.0,1.0,0.0,201001,1000
ensemble,VN-07,201004,1,0.0483479999999999,0.0,1.0,1.0,0.0,201004,1000
ensemble,VN-07,201005,2,0.051068,0.0,1.0,1.0,0.0,201004,1000
ensemble,VN-07,201006,3,0.0761859999999999,0.0,1.0,1.0,0.0,201004,1000
ensemble,VN-07,201007,1,0.0728299999999999,0.0,1.0,1.0,0.0,201007,1000
ensemble,VN-07,201008,2,0.0986769999999999,0.0,1.0,1.0,0.0,201007,1000
ensemble,VN-07,201009,3,0.0801619999999998,0.0,1.0,1.0,0.0,201007,1000
ensemble,VN-07,201010,1,0.1079489999999996,0.0,1.0,1.0,0.0,201010,1000
ensemble,VN-07,201011,2,0.0660359999999999,0.0,1.0,1.0,0.0,201010,1000
ensemble,VN-07,201012,3,0.0385350000000001,0.0,1.0,1.0,0.0,201010,1000
ensemble,VN-09,201001,1,0.077068,0.0,1.0,1.0,0.0,201001,1000
ensemble,VN-09,201002,2,0.0542249999999999,0.0,1.0,1.0,0.0,201001,1000
ensemble,VN-09,201003,3,0.0581739999999999,0.0,1.0,1.0,0.0,201001,1000
ensemble,VN-09,201004,1,0.0614719999999999,0.0,1.0,1.0,0.0,201004,1000
ensemble,VN-09,201005,2,0.074066,0.0,1.0,1.0,0.0,201004,1000
ensemble,VN-09,201006,3,0.1155349999999999,0.0,1.0,1.0,0.0,201004,1000
ensemble,VN-09,201007,1,0.127676,0.0,1.0,1.0,0.0,201007,1000
ensemble,VN-09,201008,2,0.1754550000000001,0.0,1.0,1.0,0.0,201007,1000
ensemble,VN-09,201009,3,0.2064460000000001,0.0,1.0,1.0,0.0,201007,1000
ensemble,VN-09,201010,1,0.217724,0.0,1.0,1.0,0.0,201010,1000
ensemble,VN-09,201011,2,0.1950929999999999,0.0,1.0,1.0,0.0,201010,1000
ensemble,VN-09,201012,3,0.0951839999999999,0.0,1.0,1.0,0.0,201010,1000
ensemble,VN-13,201001,1,1.1176190000000004,1.0,1.0,1.0,0.0,201001,1000
ensemble,VN-13,201002,2,0.8910429999999998,1.0,1.0,1.0,0.0,201001,1000
ensemble,VN-13,201003,3,1.1443140000000005,1.0,1.0,1.0,0.0,201001,1000
ensemble,VN-13,201004,1,0.9088529999999996,0.0,1.0,1.0,0.0,201004,1000
ensemble,VN-13,201005,2,1.3530370000000005,0.0,1.0,1.0,1.0,201004,1000
ensemble,VN-13,201006,3,2.900073000000001,1.0,1.0,1.0,0.0,201004,1000
ensemble,VN-13,201007,1,2.2228440000000003,2.0,1.0,1.0,3.0,201007,1000
ensemble,VN-13,201008,2,3.6331729999999993,5.0,1.0,1.0,7.0,201007,1000
ensemble,VN-13,201009,3,7.140933,12.0,1.0,1.0,14.0,201007,1000
ensemble,VN-13,201010,1,6.890706999999999,7.0,1.0,1.0,18.0,201010,1000
ensemble,VN-13,201011,2,17.445091,28.0,1.0,0.0,37.0,201010,1000
ensemble,VN-13,201012,3,47.106949,60.0,0.0,0.0,64.0,201010,1000
ensemble,VN-14,201001,1,0.059803,0.0,1.0,1.0,0.0,201001,1000
ensemble,VN-14,201002,2,2.271599,3.0,0.0,0.0,3.0,201001,1000
ensemble,VN-14,201003,3,0.069033,0.0,1.0,1.0,0.0,201001,1000
ensemble,VN-14,201004,1,0.0613759999999999,0.0,1.0,1.0,0.0,201004,1000
ensemble,VN-14,201005,2,3.641610000000001,5.0,1.0,0.0,5.0,201004,1000
ensemble,VN-14,201006,3,0.6539820000000001,1.0,1.0,0.0,1.0,201004,1000
ensemble,VN-14,201007,1,4.271933000000001,6.0,0.0,0.0,6.0,201007,1000
ensemble,VN-14,201008,2,5.350148,8.0,1.0,0.0,8.0,201007,1000
ensemble,VN-14,201009,3,2.402061,4.0,1.0,0.0,4.0,201007,1000
ensemble,VN-14,201010,1,1.024288,1.0,1.0,1.0,0.0,201010,1000
ensemble,VN-14,201011,2,1.5130039999999996,3.0,1.0,1.0,4.0,201010,1000
ensemble,VN-14,201012,3,0.9519130000000002,2.0,1.0,1.0,2.0,201010,1000
ensemble,VN-18,201001,1,0.0506259999999999,0.0,1.0,1.0,0.0,201001,1000
ensemble,VN-18,201002,2,0.050346,0.0,1.0,1.0,0.0,201001,1000
ensemble,VN-18,201003,3,0.0877959999999999,0.0,1.0,1.0,0.0,201001,1000
ensemble,VN-18,201004,1,0.0930160000000001,0.0,1.0,1.0,0.0,201004,1000
ensemble,VN-18,201005,2,0.1132359999999998,0.0,1.0,1.0,0.0,201004,1000
ensemble,VN-18,201006,3,0.089685,0.0,1.0,1.0,0.0,201004,1000
ensemble,VN-18,201007,1,0.187057,0.0,1.0,1.0,0.0,201007,1000
ensemble,VN-18,201008,2,2.823746,4.0,0.0,0.0,4.0,201007,1000
ensemble,VN-18,201009,3,0.6174569999999999,1.0,1.0,1.0,1.0,201007,1000
ensemble,VN-18,201010,1,3.1045930000000004,4.0,1.0,0.0,5.0,201010,1000
ensemble,VN-18,201011,2,0.4243719999999997,1.0,1.0,1.0,1.0,201010,1000
ensemble,VN-18,201012,3,0.341463,1.0,1.0,1.0,1.0,201010,1000
ensemble,VN-20,201001,1,0.3462960000000001,0.0,1.0,1.0,0.0,201001,1000
ensemble,VN-20,201002,2,0.220742,0.0,1.0,1.0,0.0,201001,1000
ensemble,VN-20,201003,3,0.3415750000000002,0.0,1.0,1.0,0.0,201001,1000
ensemble,VN-20,201004,1,0.672174,1.0,1.0,1.0,1.0,201004,1000
ensemble,VN-20,201005,2,1.8103590000000005,3.0,1.0,0.0,3.0,201004,1000
ensemble,VN-20,201006,3,0.4092249999999997,0.0,1.0,1.0,0.0,201004,1000
ensemble,VN-20,201007,1,0.7025620000000004,0.0,1.0,1.0,0.0,201007,1000
ensemble,VN-20,201008,2,13.547123,21.0,1.0,0.0,21.0,201007,1000
ensemble,VN-20,201009,3,21.306074,34.0,1.0,0.0,35.0,201007,1000
ensemble,VN-20,201010,1,9.025342000000002,21.0,1.0,1.0,24.0,201010,1000
ensemble,VN-20,201011,2,7.352124,7.0,1.0,1.0,0.0,201010,1000
ensemble,VN-20,201012,3,4.950764000000001,2.0,1.0,1.0,0.0,201010,1000
ensemble,VN-21,201001,1,1.2581380000000006,0.0,1.0,1.0,0.0,201001,1000
ensemble,VN-21,201002,2,1.03296,0.0,1.0,1.0,0.0,201001,1000
ensemble,VN-21,201003,3,1.5206459999999993,0.0,1.0,1.0,0.0,201001,1000
ensemble,VN-21,201004,1,0.4026689999999995,0.0,1.0,1.0,0.0,201004,1000
ensemble,VN-21,201005,2,0.8178350000000005,0.0,1.0,1.0,0.0,201004,1000
ensemble,VN-21,201006,3,2.223904000000001,0.0,1.0,1.0,0.0,201004,1000
ensemble,VN-21,201007,1,5.440951999999999,1.0,1.0,1.0,0.0,201007,1000
ensemble,VN-21,201008,2,7.322975999999997,4.0,1.0,1.0,0.0,201007,1000
ensemble,VN-21,201009,3,13.159807999999998,7.0,1.0,1.0,0.0,201007,1000
ensemble,VN-21,201010,1,14.643783000000006,15.0,1.0,1.0,0.0,201010,1000
ensemble,VN-21,201011,2,5.819259999999996,2.0,1.0,1.0,0.0,201010,1000
ensemble,VN-21,201012,3,1.2274159999999998,0.0,1.0,1.0,0.0,201010,1000
ensemble,VN-22,201001,1,1.2256530000000012,0.0,1.0,1.0,0.0,201001,1000
ensemble,VN-22,201002,2,0.6521030000000003,0.0,1.0,1.0,0.0,201001,1000
ensemble,VN-22,201003,3,0.7519600000000004,0.0,1.0,1.0,0.0,201001,1000
ensemble,VN-22,201004,1,0.6414150000000003,0.0,1.0,1.0,0.0,201004,1000
ensemble,VN-22,201005,2,2.0395719999999997,0.0,1.0,1.0,0.0,201004,1000
ensemble,VN-22,201006,3,3.834314000000002,1.0,1.0,1.0,0.0,201004,1000
ensemble,VN-22,201007,1,11.017620999999991,6.0,1.0,1.0,0.0,201007,1000
ensemble,VN-22,201008,2,14.917435999999997,14.0,1.0,1.0,0.0,201007,1000
ensemble,VN-22,201009,3,31.391076,28.0,1.0,1.0,0.0,201007,1000
ensemble,VN-22,201010,1,32.66773599999999,26.0,1.0,1.0,0.0,201010,1000
ensemble,VN-22,201011,2,12.475897000000003,3.0,1.0,1.0,0.0,201010,1000
ensemble,VN-22,201012,3,1.999288,0.0,1.0,1.0,0.0,201010,1000
ensemble,VN-23,201001,1,1.510587000000001,2.0,1.0,0.0,2.0,201001,1000
ensemble,VN-23,201002,2,0.4124040000000022,0.0,1.0,1.0,0.0,201001,1000
ensemble,VN-23,201003,3,0.3976080000000017,0.0,1.0,1.0,0.0,201001,1000
ensemble,VN-23,201004,1,0.7075619999999994,0.0,1.0,1.0,0.0,201004,1000
ensemble,VN-23,201005,2,1.4495520000000006,0.0,1.0,1.0,0.0,201004,1000
ensemble,VN-23,201006,3,1.8868849999999997,0.0,1.0,1.0,0.0,201004,1000
ensemble,VN-23,201007,1,3.7916580000000057,0.0,1.0,1.0,0.0,201007,1000
ensemble,VN-23,201008,2,5.446370999999999,1.0,1.0,1.0,3.0,201007,1000
ensemble,VN-23,201009,3,12.746049999999997,7.0,1.0,1.0,0.0,201007,1000
ensemble,VN-23,201010,1,9.775654000000005,2.0,1.0,1.0,0.0,201010,1000
ensemble,VN-23,201011,2,8.483020999999994,1.0,1.0,1.0,0.0,201010,1000
ensemble,VN-23,201012,3,1.3527740000000037,0.0,1.0,1.0,0.0,201010,1000
ensemble,VN-24,201001,1,1.1156199999999998,1.0,1.0,1.0,1.0,201001,1000
ensemble,VN-24,201002,2,0.6885340000000006,0.0,1.0,1.0,0.0,201001,1000
ensemble,VN-24,201003,3,0.8722959999999986,0.0,1.0,1.0,0.0,201001,1000
ensemble,VN-24,201004,1,1.181832,1.0,1.0,1.0,1.0,201004,1000
ensemble,VN-24,201005,2,4.568227,6.0,1.0,1.0,6.0,201004,1000
ensemble,VN-24,201006,3,39.79499200000001,61.0,1.0,0.0,61.0,201004,1000
ensemble,VN-24,201007,1,20.022019,38.0,1.0,1.0,48.0,201007,1000
ensemble,VN-24,201008,2,36.553366,60.0,1.0,0.0,93.0,201007,1000
ensemble,VN-24,201009,3,200.521426,274.0,0.0,0.0,333.0,201007,1000
ensemble,VN-24,201010,1,50.04229199999999,22.0,1.0,1.0,74.0,201010,1000
ensemble,VN-24,201011,2,37.482275,2.0,1.0,1.0,30.0,201010,1000
ensemble,VN-24,201012,3,28.03068499999999,5.0,1.0,1.0,10.0,201010,1000
ensemble,VN-25,201001,1,2.378024,0.0,1.0,1.0,2.0,201001,1000
ensemble,VN-25,201002,2,2.0731,0.0,1.0,1.0,1.0,201001,1000
ensemble,VN-25,201003,3,2.635099000000004,2.0,1.0,1.0,4.0,201001,1000
ensemble,VN-25,201004,1,2.3147480000000016,3.0,1.0,1.0,5.0,201004,1000
ensemble,VN-25,201005,2,3.1008350000000036,2.0,1.0,1.0,1.0,201004,1000
ensemble,VN-25,201006,3,7.797705999999991,4.0,1.0,1.0,8.0,201004,1000
ensemble,VN-25,201007,1,26.109307,44.0,1.0,0.0,52.0,201007,1000
ensemble,VN-25,201008,2,35.818658000000006,57.0,1.0,0.0,65.0,201007,1000
ensemble,VN-25,201009,3,35.886764,55.0,1.0,0.0,63.0,201007,1000
ensemble,VN-25,201010,1,15.870895000000004,10.0,1.0,1.0,45.0,201010,1000
ensemble,VN-25,201011,2,16.304308,16.0,1.0,1.0,15.0,201010,1000
ensemble,VN-25,201012,3,9.602887999999991,2.0,1.0,1.0,7.0,201010,1000
ensemble,VN-26,201001,1,4.960501000000001,10.0,1.0,1.0,13.0,201001,1000
ensemble,VN-26,201002,2,3.4864510000000006,6.0,1.0,1.0,7.0,201001,1000
ensemble,VN-26,201003,3,23.685616000000003,38.0,0.0,0.0,40.0,201001,1000
ensemble,VN-26,201004,1,19.421809,38.0,1.0,0.0,42.0,201004,1000
ensemble,VN-26,201005,2,35.798887,57.0,0.0,0.0,65.0,201004,1000
ensemble,VN-26,201006,3,106.782556,140.0,0.0,0.0,161.0,201004,1000
ensemble,VN-26,201007,1,328.290885,416.0,0.0,0.0,441.0,201007,1000
ensemble,VN-26,201008,2,439.191406,526.0,0.0,0.0,556.0,201007,1000
ensemble,VN-26,201009,3,600.6935159999999,700.5,0.0,0.0,750.0,201007,1000
ensemble,VN-26,201010,1,167.85229199999998,322.0,1.0,1.0,410.0,201010,1000
ensemble,VN-26,201011,2,95.740538,126.0,1.0,1.0,176.0,201010,1000
ensemble,VN-26,201012,3,97.580478,125.0,1.0,1.0,134.0,201010,1000
ensemble,VN-27,201001,1,6.647888,12.0,1.0,1.0,18.0,201001,1000
ensemble,VN-27,201002,2,4.7144960000000005,9.0,1.0,1.0,12.0,201001,1000
ensemble,VN-27,201003,3,7.0541589999999985,13.0,1.0,1.0,17.0,201001,1000
ensemble,VN-27,201004,1,6.1796489999999995,9.0,1.0,1.0,18.0,201004,1000
ensemble,VN-27,201005,2,9.998911000000003,14.5,1.0,1.0,29.0,201004,1000
ensemble,VN-27,201006,3,85.01022499999999,134.0,0.0,0.0,152.0,201004,1000
ensemble,VN-27,201007,1,191.603535,273.0,0.0,0.0,316.0,201007,1000
ensemble,VN-27,201008,2,203.683304,292.5,0.0,0.0,342.0,201007,1000
ensemble,VN-27,201009,3,485.49236900000005,606.0,0.0,0.0,675.0,201007,1000
ensemble,VN-27,201010,1,572.9662440000001,886.0,0.0,0.0,1020.0,201010,1000
ensemble,VN-27,201011,2,141.10993399999998,274.5,1.0,1.0,364.0,201010,1000
ensemble,VN-27,201012,3,70.797619,79.0,1.0,1.0,115.0,201010,1000
ensemble,VN-28,201001,1,4.160343,8.0,1.0,1.0,9.0,201001,1000
ensemble,VN-28,201002,2,1.7612940000000004,2.0,1.0,1.0,2.0,201001,1000
ensemble,VN-28,201003,3,2.3088999999999995,3.0,1.0,1.0,3.0,201001,1000
ensemble,VN-28,201004,1,5.130064999999999,9.0,1.0,0.0,9.0,201004,1000
ensemble,VN-28,201005,2,10.768398,16.0,1.0,0.0,18.0,201004,1000
ensemble,VN-28,201006,3,39.021953,53.0,0.0,0.0,55.0,201004,1000
ensemble,VN-28,201007,1,258.673403,308.0,0.0,0.0,321.0,201007,1000
ensemble,VN-28,201008,2,234.54328200000003,286.0,0.0,0.0,303.0,201007,1000
ensemble,VN-28,201009,3,126.32657600000002,168.0,0.0,0.0,186.0,201007,1000
ensemble,VN-28,201010,1,40.964929999999995,82.0,1.0,1.0,99.0,201010,1000
ensemble,VN-28,201011,2,20.94211499999999,13.0,1.0,1.0,24.0,201010,1000
ensemble,VN-28,201012,3,15.529764999999998,4.0,1.0,1.0,2.0,201010,1000
ensemble,VN-29,201001,1,42.06306,87.5,1.0,1.0,107.0,201001,1000
ensemble,VN-29,201002,2,30.520702999999997,57.5,1.0,1.0,74.0,201001,1000
ensemble,VN-29,201003,3,35.89778200000001,70.0,1.0,1.0,90.0,201001,1000
ensemble,VN-29,201004,1,39.64805799999999,81.5,1.0,0.0,100.0,201004,1000
ensemble,VN-29,201005,2,48.744682000000005,86.0,1.0,0.0,121.0,201004,1000
ensemble,VN-29,201006,3,77.26120499999999,127.5,1.0,0.0,185.0,201004,1000
ensemble,VN-29,201007,1,224.15951,332.5,0.0,0.0,418.0,201007,1000
ensemble,VN-29,201008,2,243.678491,364.0,0.0,0.0,441.0,201007,1000
ensemble,VN-29,201009,3,737.191748,900.5,0.0,0.0,971.0,201007,1000
ensemble,VN-29,201010,1,883.5586900000001,1336.0,0.0,0.0,1477.0,201010,1000
ensemble,VN-29,201011,2,530.4873359999999,950.0,0.0,0.0,1100.0,201010,1000
ensemble,VN-29,201012,3,267.15937099999996,505.0,1.0,1.0,583.0,201010,1000
ensemble,VN-30,201001,1,3.4520800000000023,2.0,1.0,1.0,9.0,201001,1000
ensemble,VN-30,201002,2,3.1739949999999997,0.0,1.0,1.0,5.0,201001,1000
ensemble,VN-30,201003,3,13.521302,24.0,1.0,0.0,30.0,201001,1000
ensemble,VN-30,201004,1,5.321035,5.0,1.0,1.0,9.0,201004,1000
ensemble,VN-30,201005,2,36.951697,61.0,1.0,0.0,80.0,201004,1000
ensemble,VN-30,201006,3,102.40536999999998,158.0,0.0,0.0,188.0,201004,1000
ensemble,VN-30,201007,1,574.234997,644.5,0.0,0.0,723.0,201007,1000
ensemble,VN-30,201008,2,697.1698710000001,828.0,0.0,0.0,913.0,201007,1000
ensemble,VN-30,201009,3,489.973521,619.0,0.0,0.0,685.0,201007,1000
ensemble,VN-30,201010,1,255.478365,531.0,1.0,1.0,609.0,201010,1000
ensemble,VN-30,201011,2,112.39716599999996,168.0,1.0,1.0,244.0,201010,1000
ensemble,VN-30,201012,3,56.918638000000016,38.0,1.0,1.0,70.0,201010,1000
ensemble,VN-31,201001,1,18.279591999999997,35.0,1.0,0.0,51.0,201001,1000
ensemble,VN-31,201002,2,21.405376,38.0,1.0,0.0,52.0,201001,1000
ensemble,VN-31,201003,3,61.936946000000006,89.0,0.0,0.0,101.0,201001,1000
ensemble,VN-31,201004,1,47.153156,88.0,1.0,0.0,122.0,201004,1000
ensemble,VN-31,201005,2,50.609203,83.5,1.0,0.0,146.0,201004,1000
ensemble,VN-31,201006,3,156.27148900000003,235.0,0.0,0.0,298.0,201004,1000
ensemble,VN-31,201007,1,285.201206,443.5,0.0,0.0,563.0,201007,1000
ensemble,VN-31,201008,2,336.66558599999996,492.0,0.0,0.0,600.0,201007,1000
ensemble,VN-31,201009,3,478.190558,649.0,0.0,0.0,731.0,201007,1000
ensemble,VN-31,201010,1,270.574021,589.0,1.0,1.0,672.0,201010,1000
ensemble,VN-31,201011,2,155.87276599999998,317.5,1.0,1.0,413.0,201010,1000
ensemble,VN-31,201012,3,91.550082,125.0,1.0,1.0,185.0,201010,1000
ensemble,VN-32,201001,1,10.894885000000002,1.0,1.0,1.0,37.0,201001,1000
ensemble,VN-32,201002,2,15.461396,25.0,1.0,1.0,48.0,201001,1000
ensemble,VN-32,201003,3,11.866106000000002,9.0,1.0,1.0,37.0,201001,1000
ensemble,VN-32,201004,1,13.039326000000004,11.0,1.0,1.0,45.0,201004,1000
ensemble,VN-32,201005,2,21.858548,6.0,1.0,1.0,56.0,201004,1000
ensemble,VN-32,201006,3,159.55654900000002,252.5,1.0,0.0,340.0,201004,1000
ensemble,VN-32,201007,1,495.724636,681.5,0.0,0.0,896.0,201007,1000
ensemble,VN-32,201008,2,589.334289,785.0,0.0,0.0,955.0,201007,1000
ensemble,VN-32,201009,3,428.115549,614.0,0.0,0.0,779.0,201007,1000
ensemble,VN-32,201010,1,241.32607,494.5,1.0,1.0,664.0,201010,1000
ensemble,VN-32,201011,2,125.13666899999998,214.0,1.0,1.0,368.0,201010,1000
ensemble,VN-32,201012,3,66.925047,15.5,1.0,1.0,80.0,201010,1000
ensemble,VN-33,201001,1,9.252601,14.0,1.0,1.0,35.0,201001,1000
ensemble,VN-33,201002,2,6.331491999999997,1.0,1.0,1.0,15.0,201001,1000
ensemble,VN-33,201003,3,11.130439000000004,18.0,1.0,1.0,32.0,201001,1000
ensemble,VN-33,201004,1,6.618786,4.0,1.0,1.0,14.0,201004,1000
ensemble,VN-33,201005,2,13.754096000000004,19.0,1.0,1.0,43.0,201004,1000
ensemble,VN-33,201006,3,124.605315,187.0,1.0,0.0,227.0,201004,1000
ensemble,VN-33,201007,1,533.701908,673.0,0.0,0.0,750.0,201007,1000
ensemble,VN-33,201008,2,1740.971179,1967.0,0.0,0.0,2059.0,201007,1000
ensemble,VN-33,201009,3,1208.709895,1441.0,0.0,0.0,1559.0,201007,1000
ensemble,VN-33,201010,1,482.171201,973.0,1.0,1.0,1115.0,201010,1000
ensemble,VN-33,201011,2,249.36005100000008,400.0,1.0,1.0,500.0,201010,1000
ensemble,VN-33,201012,3,116.836541,32.0,1.0,1.0,94.0,201010,1000
ensemble,VN-34,201001,1,66.16269400000002,122.5,1.0,0.0,216.0,201001,1000
ensemble,VN-34,201002,2,49.13253300000001,98.5,1.0,0.0,169.0,201001,1000
ensemble,VN-34,201003,3,86.79539399999999,154.0,1.0,0.0,222.0,201001,1000
ensemble,VN-34,201004,1,72.280157,134.0,1.0,0.0,242.0,201004,1000
ensemble,VN-34,201005,2,148.675949,233.0,1.0,0.0,366.0,201004,1000
ensemble,VN-34,201006,3,258.11497899999995,384.0,0.0,0.0,569.0,201004,1000
ensemble,VN-34,201007,1,713.320226,929.0,0.0,0.0,1264.0,201007,1000
ensemble,VN-34,201008,2,687.578951,960.5,0.0,0.0,1227.0,201007,1000
ensemble,VN-34,201009,3,581.584098,854.0,0.0,0.0,1089.0,201007,1000
ensemble,VN-34,201010,1,279.92094700000007,570.0,1.0,1.0,930.0,201010,1000
ensemble,VN-34,201011,2,152.180679,117.5,1.0,1.0,434.0,201010,1000
ensemble,VN-34,201012,3,102.49884500000002,8.0,1.0,1.0,198.0,201010,1000
ensemble,VN-35,201001,1,159.90656,171.0,0.0,0.0,176.0,201001,1000
ensemble,VN-35,201002,2,71.727656,81.0,0.0,0.0,85.0,201001,1000
ensemble,VN-35,201003,3,56.273587000000006,66.0,0.0,0.0,69.0,201001,1000
ensemble,VN-35,201004,1,14.855991000000005,29.0,1.0,1.0,42.0,201004,1000
ensemble,VN-35,201005,2,14.908482,24.0,1.0,1.0,50.0,201004,1000
ensemble,VN-35,201006,3,55.404368000000005,90.0,0.0,0.0,119.0,201004,1000
ensemble,VN-35,201007,1,173.566719,229.0,0.0,0.0,274.0,201007,1000
ensemble,VN-35,201008,2,688.221064,761.0,0.0,0.0,790.0,201007,1000
ensemble,VN-35,201009,3,905.787813,969.0,0.0,0.0,994.0,201007,1000
ensemble,VN-35,201010,1,468.147027,853.0,1.0,0.0,883.0,201010,1000
ensemble,VN-35,201011,2,297.61661100000003,505.0,1.0,0.0,524.0,201010,1000
ensemble,VN-35,201012,3,250.724809,390.5,1.0,0.0,403.0,201010,1000
ensemble,VN-36,201001,1,11.95534,1.0,1.0,1.0,38.0,201001,1000
ensemble,VN-36,201002,2,12.173998999999998,10.0,1.0,1.0,17.0,201001,1000
ensemble,VN-36,201003,3,12.768777,9.0,1.0,1.0,37.0,201001,1000
ensemble,VN-36,201004,1,24.730795,40.0,1.0,0.0,67.0,201004,1000
ensemble,VN-36,201005,2,21.592403000000004,35.0,1.0,1.0,61.0,201004,1000
ensemble,VN-36,201006,3,20.350312,6.0,1.0,1.0,51.0,201004,1000
ensemble,VN-36,201007,1,89.45893000000001,160.0,1.0,0.0,213.0,201007,1000
ensemble,VN-36,201008,2,133.032973,199.0,1.0,0.0,250.0,201007,1000
ensemble,VN-36,201009,3,256.3994,352.5,0.0,0.0,404.0,201007,1000
ensemble,VN-36,201010,1,74.17058499999999,126.0,1.0,1.0,233.0,201010,1000
ensemble,VN-36,201011,2,56.88929499999999,9.0,1.0,1.0,125.0,201010,1000
ensemble,VN-36,201012,3,43.82448500000001,7.0,1.0,1.0,58.0,201010,1000
ensemble,VN-37,201001,1,18.562131,30.0,1.0,1.0,72.0,201001,1000
ensemble,VN-37,201002,2,10.859776000000004,12.0,1.0,1.0,35.0,201001,1000
ensemble,VN-37,201003,3,25.093894,45.0,1.0,0.0,68.0,201001,1000
ensemble,VN-37,201004,1,17.750570999999997,34.0,1.0,1.0,65.0,201004,1000
ensemble,VN-37,201005,2,15.796523,20.0,1.0,1.0,29.0,201004,1000
ensemble,VN-37,201006,3,25.705135,31.0,1.0,1.0,30.0,201004,1000
ensemble,VN-37,201007,1,39.770528,58.5,1.0,1.0,125.0,201007,1000
ensemble,VN-37,201008,2,33.238648,45.0,1.0,1.0,118.0,201007,1000
ensemble,VN-37,201009,3,25.02016500000001,24.0,1.0,1.0,93.0,201007,1000
ensemble,VN-37,201010,1,24.20254,5.0,1.0,1.0,101.0,201010,1000
ensemble,VN-37,201011,2,31.033680000000004,47.0,1.0,1.0,131.0,201010,1000
ensemble,VN-37,201012,3,39.432464,70.0,1.0,0.0,128.0,201010,1000
ensemble,VN-39,201001,1,34.632721000000004,17.0,1.0,1.0,118.0,201001,1000
ensemble,VN-39,201002,2,30.808013000000003,8.0,1.0,1.0,76.0,201001,1000
ensemble,VN-39,201003,3,26.96069,13.0,1.0,1.0,90.0,201001,1000
ensemble,VN-39,201004,1,24.01839199999999,25.0,1.0,1.0,106.0,201004,1000
ensemble,VN-39,201005,2,49.82698900000001,89.5,1.0,1.0,182.0,201004,1000
ensemble,VN-39,201006,3,154.329273,263.0,1.0,0.0,429.0,201004,1000
ensemble,VN-39,201007,1,801.043168,1030.5,0.0,0.0,1389.0,201007,1000
ensemble,VN-39,201008,2,903.932852,1287.5,0.0,0.0,1670.0,201007,1000
ensemble,VN-39,201009,3,572.190343,838.0,1.0,0.0,1180.0,201007,1000
ensemble,VN-39,201010,1,218.59971099999996,321.0,1.0,1.0,899.0,201010,1000
ensemble,VN-39,201011,2,151.006685,44.0,1.0,1.0,452.0,201010,1000
ensemble,VN-39,201012,3,114.32390199999998,22.5,1.0,1.0,236.0,201010,1000
ensemble,VN-40,201001,1,23.816480999999996,24.0,1.0,1.0,100.0,201001,1000
ensemble,VN-40,201002,2,23.044056,11.0,1.0,1.0,46.0,201001,1000
ensemble,VN-40,201003,3,23.777388,21.0,1.0,1.0,78.0,201001,1000
ensemble,VN-40,201004,1,19.984562000000004,12.5,1.0,1.0,75.0,201004,1000
ensemble,VN-40,201005,2,31.092516000000003,10.0,1.0,1.0,75.0,201004,1000
ensemble,VN-40,201006,3,46.094579,37.5,1.0,1.0,143.0,201004,1000
ensemble,VN-40,201007,1,82.916629,150.0,1.0,1.0,297.0,201007,1000
ensemble,VN-40,201008,2,120.532658,202.5,1.0,0.0,345.0,201007,1000
ensemble,VN-40,201009,3,138.93602000000004,235.0,1.0,0.0,379.0,201007,1000
ensemble,VN-40,201010,1,68.59357299999999,98.0,1.0,1.0,336.0,201010,1000
ensemble,VN-40,201011,2,53.65043399999999,1.0,1.0,1.0,201.0,201010,1000
ensemble,VN-40,201012,3,48.801586,7.0,1.0,1.0,142.0,201010,1000
ensemble,VN-41,201001,1,66.366547,67.0,1.0,0.0,20.0,201001,1000
ensemble,VN-41,201002,2,52.559704999999994,44.5,1.0,0.0,12.0,201001,1000
ensemble,VN-41,201003,3,40.315257,31.0,1.0,1.0,19.0,201001,1000
ensemble,VN-41,201004,1,16.583344000000004,17.5,1.0,1.0,21.0,201004,1000
ensemble,VN-41,201005,2,21.579597000000007,13.0,1.0,1.0,58.0,201004,1000
ensemble,VN-41,201006,3,46.77869200000001,60.0,1.0,1.0,147.0,201004,1000
ensemble,VN-41,201007,1,170.11123700000002,292.5,1.0,0.0,436.0,201007,1000
ensemble,VN-41,201008,2,335.68510200000003,519.0,1.0,0.0,661.0,201007,1000
ensemble,VN-41,201009,3,301.423308,511.0,1.0,0.0,695.0,201007,1000
ensemble,VN-41,201010,1,111.882289,26.5,1.0,1.0,384.0,201010,1000
ensemble,VN-41,201011,2,106.069273,25.0,1.0,1.0,246.0,201010,1000
ensemble,VN-41,201012,3,85.27971199999999,32.5,1.0,1.0,180.0,201010,1000
ensemble,VN-43,201001,1,46.61426399999999,49.0,1.0,0.0,19.0,201001,1000
ensemble,VN-43,201002,2,34.13167299999999,22.0,1.0,1.0,15.0,201001,1000
ensemble,VN-43,201003,3,28.447469000000012,11.0,1.0,1.0,25.0,201001,1000
ensemble,VN-43,201004,1,9.146558,6.0,1.0,1.0,20.0,201004,1000
ensemble,VN-43,201005,2,14.636136,18.0,1.0,1.0,16.0,201004,1000
ensemble,VN-43,201006,3,28.545328999999995,36.5,1.0,1.0,17.0,201004,1000
ensemble,VN-43,201007,1,28.645847000000003,19.0,1.0,1.0,45.0,201007,1000
ensemble,VN-43,201008,2,28.147918000000004,4.0,1.0,1.0,59.0,201007,1000
ensemble,VN-43,201009,3,30.12940399999999,28.5,1.0,1.0,95.0,201007,1000
ensemble,VN-43,201010,1,30.961096,30.0,1.0,1.0,125.0,201010,1000
ensemble,VN-43,201011,2,58.022666,99.0,1.0,0.0,180.0,201010,1000
ensemble,VN-43,201012,3,42.37329,70.5,1.0,1.0,142.0,201010,1000
ensemble,VN-44,201001,1,54.98284100000001,8.0,1.0,1.0,210.0,201001,1000
ensemble,VN-44,201002,2,53.984106999999995,36.0,1.0,1.0,85.0,201001,1000
ensemble,VN-44,201003,3,56.60597000000001,77.5,1.0,1.0,195.0,201001,1000
ensemble,VN-44,201004,1,40.64699400000001,54.0,1.0,1.0,206.0,201004,1000
ensemble,VN-44,201005,2,47.25538,8.0,1.0,1.0,187.0,201004,1000
ensemble,VN-44,201006,3,71.509401,80.0,1.0,1.0,297.0,201004,1000
ensemble,VN-44,201007,1,208.699158,374.0,1.0,0.0,667.0,201007,1000
ensemble,VN-44,201008,2,280.668162,470.5,1.0,0.0,827.0,201007,1000
ensemble,VN-44,201009,3,245.69221500000003,406.0,1.0,0.0,771.0,201007,1000
ensemble,VN-44,201010,1,204.878184,311.0,1.0,0.0,882.0,201010,1000
ensemble,VN-44,201011,2,162.341098,245.0,1.0,1.0,739.0,201010,1000
ensemble,VN-44,201012,3,103.514092,119.0,1.0,1.0,452.0,201010,1000
ensemble,VN-45,201001,1,61.491388,80.0,1.0,1.0,268.0,201001,1000
ensemble,VN-45,201002,2,43.493184,19.5,1.0,1.0,142.0,201001,1000
ensemble,VN-45,201003,3,43.818152999999995,24.5,1.0,1.0,129.0,201001,1000
ensemble,VN-45,201004,1,36.205642999999995,8.5,1.0,1.0,115.0,201004,1000
ensemble,VN-45,201005,2,45.954593999999986,18.0,1.0,1.0,133.0,201004,1000
ensemble,VN-45,201006,3,63.43848300000002,25.0,1.0,1.0,230.0,201004,1000
ensemble,VN-45,201007,1,169.70645399999998,327.0,1.0,0.0,580.0,201007,1000
ensemble,VN-45,201008,2,229.842193,425.0,1.0,1.0,734.0,201007,1000
ensemble,VN-45,201009,3,228.66608900000008,408.0,1.0,0.0,795.0,201007,1000
ensemble,VN-45,201010,1,120.18337399999996,99.0,1.0,1.0,691.0,201010,1000
ensemble,VN-45,201011,2,118.324928,90.0,1.0,1.0,406.0,201010,1000
ensemble,VN-45,201012,3,129.285078,200.0,1.0,1.0,207.0,201010,1000
ensemble,VN-46,201001,1,68.84975600000001,114.0,1.0,1.0,121.0,201001,1000
ensemble,VN-46,201002,2,57.28085299999999,74.0,1.0,1.0,78.0,201001,1000
ensemble,VN-46,201003,3,54.83184600000001,75.0,1.0,1.0,62.0,201001,1000
ensemble,VN-46,201004,1,47.045184000000006,60.0,1.0,0.0,33.0,201004,1000
ensemble,VN-46,201005,2,61.34729399999999,85.5,1.0,1.0,55.0,201004,1000
ensemble,VN-46,201006,3,88.65249000000003,105.5,1.0,1.0,117.0,201004,1000
ensemble,VN-46,201007,1,124.09999,173.5,1.0,1.0,415.0,201007,1000
ensemble,VN-46,201008,2,304.67874600000005,561.5,1.0,0.0,844.0,201007,1000
ensemble,VN-46,201009,3,344.852459,570.0,1.0,0.0,928.0,201007,1000
ensemble,VN-46,201010,1,142.09768499999996,172.0,1.0,1.0,900.0,201010,1000
ensemble,VN-46,201011,2,114.56100800000002,64.0,1.0,1.0,629.0,201010,1000
ensemble,VN-46,201012,3,127.31012699999997,178.0,1.0,1.0,539.0,201010,1000
ensemble,VN-47,201001,1,98.644981,156.0,1.0,0.0,298.0,201001,1000
ensemble,VN-47,201002,2,46.912587,70.0,1.0,1.0,160.0,201001,1000
ensemble,VN-47,201003,3,94.675454,173.0,1.0,0.0,270.0,201001,1000
ensemble,VN-47,201004,1,59.370935,92.0,1.0,1.0,257.0,201004,1000
ensemble,VN-47,201005,2,57.96633299999999,67.0,1.0,1.0,257.0,201004,1000
ensemble,VN-47,201006,3,136.039263,214.0,1.0,1.0,485.0,201004,1000
ensemble,VN-47,201007,1,280.97067599999997,448.5,1.0,0.0,860.0,201007,1000
ensemble,VN-47,201008,2,402.630395,636.0,1.0,0.0,994.0,201007,1000
ensemble,VN-47,201009,3,359.84539400000006,577.0,1.0,0.0,956.0,201007,1000
ensemble,VN-47,201010,1,156.42812199999997,246.0,1.0,1.0,640.0,201010,1000
ensemble,VN-47,201011,2,118.88391,68.0,1.0,1.0,489.0,201010,1000
ensemble,VN-47,201012,3,95.31071999999998,2.0,1.0,1.0,277.0,201010,1000
ensemble,VN-49,201001,1,28.659535,43.0,1.0,0.0,8.0,201001,1000
ensemble,VN-49,201002,2,23.755492000000004,36.0,1.0,0.0,4.0,201001,1000
ensemble,VN-49,201003,3,24.703961,36.0,1.0,0.0,9.0,201001,1000
ensemble,VN-49,201004,1,18.954962,28.0,1.0,0.0,4.0,201004,1000
ensemble,VN-49,201005,2,18.428149,21.0,1.0,1.0,17.0,201004,1000
ensemble,VN-49,201006,3,19.990781,11.0,1.0,1.0,40.0,201004,1000
ensemble,VN-49,201007,1,24.72672899999999,23.0,1.0,1.0,90.0,201007,1000
ensemble,VN-49,201008,2,28.354773999999992,17.0,1.0,1.0,113.0,201007,1000
ensemble,VN-49,201009,3,31.23889700000001,33.0,1.0,1.0,51.0,201007,1000
ensemble,VN-49,201010,1,27.608330999999993,27.5,1.0,1.0,57.0,201010,1000
ensemble,VN-49,201011,2,29.731448,47.0,1.0,1.0,38.0,201010,1000
ensemble,VN-49,201012,3,30.304911000000004,47.0,1.0,0.0,21.0,201010,1000
ensemble,VN-50,201001,1,55.84114299999999,95.0,1.0,0.0,54.0,201001,1000
ensemble,VN-50,201002,2,58.535635,87.0,1.0,0.0,13.0,201001,1000
ensemble,VN-50,201003,3,51.552724999999995,74.0,1.0,0.0,29.0,201001,1000
ensemble,VN-50,201004,1,53.42024199999999,90.0,1.0,0.0,13.0,201004,1000
ensemble,VN-50,201005,2,75.64708200000001,126.0,1.0,0.0,14.0,201004,1000
ensemble,VN-50,201006,3,109.43063500000002,146.0,1.0,0.0,12.0,201004,1000
ensemble,VN-50,201007,1,111.298044,111.5,1.0,0.0,32.0,201007,1000
ensemble,VN-50,201008,2,115.54208599999998,131.0,1.0,1.0,63.0,201007,1000
ensemble,VN-50,201009,3,97.725365,107.5,1.0,1.0,63.0,201007,1000
ensemble,VN-50,201010,1,76.730009,67.5,1.0,1.0,82.0,201010,1000
ensemble,VN-50,201011,2,85.53976399999996,113.5,1.0,1.0,62.0,201010,1000
ensemble,VN-50,201012,3,51.60661400000001,69.0,1.0,1.0,67.0,201010,1000
ensemble,VN-51,201001,1,23.757517999999997,25.0,1.0,1.0,87.0,201001,1000
ensemble,VN-51,201002,2,16.332023,3.0,1.0,1.0,45.0,201001,1000
ensemble,VN-51,201003,3,19.588139999999996,18.5,1.0,1.0,59.0,201001,1000
ensemble,VN-51,201004,1,21.209340000000005,27.0,1.0,1.0,76.0,201004,1000
ensemble,VN-51,201005,2,42.77813499999999,75.0,1.0,1.0,135.0,201004,1000
ensemble,VN-51,201006,3,48.13274399999999,69.0,1.0,1.0,158.0,201004,1000
ensemble,VN-51,201007,1,63.289344,90.0,1.0,1.0,245.0,201007,1000
ensemble,VN-51,201008,2,72.77225100000001,100.0,1.0,1.0,259.0,201007,1000
ensemble,VN-51,201009,3,88.49790299999998,155.0,1.0,1.0,299.0,201007,1000
ensemble,VN-51,201010,1,53.867074,26.5,1.0,1.0,269.0,201010,1000
ensemble,VN-51,201011,2,47.27121700000001,2.5,1.0,1.0,164.0,201010,1000
ensemble,VN-51,201012,3,49.68376900000001,65.0,1.0,1.0,165.0,201010,1000
ensemble,VN-52,201001,1,35.212721,30.0,1.0,1.0,167.0,201001,1000
ensemble,VN-52,201002,2,29.677688000000003,8.0,1.0,1.0,87.0,201001,1000
ensemble,VN-52,201003,3,37.31928199999999,16.0,1.0,1.0,91.0,201001,1000
ensemble,VN-52,201004,1,38.941991999999985,41.0,1.0,1.0,64.0,201004,1000
ensemble,VN-52,201005,2,54.71755999999999,12.0,1.0,1.0,125.0,201004,1000
ensemble,VN-52,201006,3,86.391163,16.0,1.0,1.0,162.0,201004,1000
ensemble,VN-52,201007,1,156.286637,290.5,1.0,1.0,466.0,201007,1000
ensemble,VN-52,201008,2,371.622942,614.0,1.0,0.0,812.0,201007,1000
ensemble,VN-52,201009,3,495.119589,749.0,0.0,0.0,944.0,201007,1000
ensemble,VN-52,201010,1,406.544173,683.5,0.0,0.0,1127.0,201010,1000
ensemble,VN-52,201011,2,209.200545,356.0,1.0,1.0,764.0,201010,1000
ensemble,VN-52,201012,3,195.772966,333.0,1.0,1.0,586.0,201010,1000
ensemble,VN-53,201001,1,0.039177,0.0,1.0,1.0,0.0,201001,1000
ensemble,VN-53,201002,2,0.032706,0.0,1.0,1.0,0.0,201001,1000
ensemble,VN-53,201003,3,0.0327609999999999,0.0,1.0,1.0,0.0,201001,1000
ensemble,VN-53,201004,1,0.03837,0.0,1.0,1.0,0.0,201004,1000
ensemble,VN-53,201005,2,0.045001,0.0,1.0,1.0,0.0,201004,1000
ensemble,VN-53,201006,3,0.0522719999999999,0.0,1.0,1.0,0.0,201004,1000
ensemble,VN-53,201007,1,0.0782250000000001,0.0,1.0,1.0,0.0,201007,1000
ensemble,VN-53,201008,2,0.075207,0.0,1.0,1.0,0.0,201007,1000
ensemble,VN-53,201009,3,0.0819349999999999,0.0,1.0,1.0,0.0,201007,1000
ensemble,VN-53,201010,1,0.1243889999999998,0.0,1.0,1.0,0.0,201010,1000
ensemble,VN-53,201011,2,0.062246,0.0,1.0,1.0,0.0,201010,1000
ensemble,VN-53,201012,3,0.0372099999999999,0.0,1.0,1.0,0.0,201010,1000
ensemble,VN-54,201001,1,0.6934769999999999,1.0,1.0,1.0,1.0,201001,1000
ensemble,VN-54,201002,2,0.1280749999999999,0.0,1.0,1.0,0.0,201001,1000
ensemble,VN-54,201003,3,0.0867170000000001,0.0,1.0,1.0,0.0,201001,1000
ensemble,VN-54,201004,1,0.1849210000000001,0.0,1.0,1.0,0.0,201004,1000
ensemble,VN-54,201005,2,0.3771689999999998,0.0,1.0,1.0,0.0,201004,1000
ensemble,VN-54,201006,3,1.5353580000000004,3.0,1.0,0.0,3.0,201004,1000
ensemble,VN-54,201007,1,4.7698920000000005,7.0,1.0,0.0,9.0,201007,1000
ensemble,VN-54,201008,2,181.146385,191.0,0.0,0.0,193.0,201007,1000
ensemble,VN-54,201009,3,379.609024,406.0,0.0,0.0,409.0,201007,1000
ensemble,VN-54,201010,1,55.566671,86.0,1.0,1.0,96.0,201010,1000
ensemble,VN-54,201011,2,37.661568,5.5,1.0,1.0,11.0,201010,1000
ensemble,VN-54,201012,3,27.037692000000007,3.0,1.0,1.0,3.0,201010,1000
ensemble,VN-55,201001,1,25.945369,42.0,1.0,1.0,82.0,201001,1000
ensemble,VN-55,201002,2,13.815009999999994,4.0,1.0,1.0,32.0,201001,1000
ensemble,VN-55,201003,3,25.993559,40.0,1.0,1.0,79.0,201001,1000
ensemble,VN-55,201004,1,19.427931,21.0,1.0,1.0,77.0,201004,1000
ensemble,VN-55,201005,2,33.52779900000001,50.0,1.0,1.0,118.0,201004,1000
ensemble,VN-55,201006,3,47.34976000000002,77.0,1.0,1.0,168.0,201004,1000
ensemble,VN-55,201007,1,73.868037,114.0,1.0,0.0,255.0,201007,1000
ensemble,VN-55,201008,2,93.199992,143.5,1.0,0.0,286.0,201007,1000
ensemble,VN-55,201009,3,68.614928,117.0,1.0,0.0,240.0,201007,1000
ensemble,VN-55,201010,1,41.345491,6.0,1.0,1.0,185.0,201010,1000
ensemble,VN-55,201011,2,43.72650100000001,54.0,1.0,1.0,96.0,201010,1000
ensemble,VN-55,201012,3,36.451294,4.5,1.0,1.0,98.0,201010,1000
ensemble,VN-56,201001,1,1.7360949999999995,0.0,1.0,1.0,0.0,201001,1000
ensemble,VN-56,201002,2,1.5136840000000005,0.0,1.0,1.0,0.0,201001,1000
ensemble,VN-56,201003,3,1.8494980000000003,0.0,1.0,1.0,0.0,201001,1000
ensemble,VN-56,201004,1,0.1502529999999999,0.0,1.0,1.0,0.0,201004,1000
ensemble,VN-56,201005,2,0.1466960000000003,0.0,1.0,1.0,0.0,201004,1000
ensemble,VN-56,201006,3,0.1973099999999998,0.0,1.0,1.0,0.0,201004,1000
ensemble,VN-56,201007,1,256.342883,263.0,0.0,0.0,263.0,201007,1000
ensemble,VN-56,201008,2,182.158447,190.0,0.0,0.0,190.0,201007,1000
ensemble,VN-56,201009,3,386.729249,401.0,0.0,0.0,401.0,201007,1000
ensemble,VN-56,201010,1,66.384062,44.0,1.0,1.0,79.0,201010,1000
ensemble,VN-56,201011,2,31.526309999999995,4.0,1.0,1.0,0.0,201010,1000
ensemble,VN-56,201012,3,29.945503,2.0,1.0,1.0,0.0,201010,1000
ensemble,VN-57,201001,1,43.374751,73.5,1.0,0.0,167.0,201001,1000
ensemble,VN-57,201002,2,29.710702999999995,51.5,1.0,1.0,108.0,201001,1000
ensemble,VN-57,201003,3,63.404838,113.0,1.0,0.0,159.0,201001,1000
ensemble,VN-57,201004,1,43.140609000000005,86.0,1.0,0.0,143.0,201004,1000
ensemble,VN-57,201005,2,34.27149,59.5,1.0,1.0,150.0,201004,1000
ensemble,VN-57,201006,3,80.694339,143.5,1.0,0.0,263.0,201004,1000
ensemble,VN-57,201007,1,144.88893000000002,229.0,1.0,0.0,420.0,201007,1000
ensemble,VN-57,201008,2,108.383489,153.0,1.0,0.0,374.0,201007,1000
ensemble,VN-57,201009,3,80.35899800000001,114.0,1.0,1.0,323.0,201007,1000
ensemble,VN-57,201010,1,75.769811,98.0,1.0,0.0,345.0,201010,1000
ensemble,VN-57,201011,2,86.49374900000001,156.0,1.0,1.0,329.0,201010,1000
ensemble,VN-57,201012,3,99.114708,183.5,1.0,0.0,302.0,201010,1000
ensemble,VN-58,201001,1,15.547157,17.0,1.0,1.0,25.0,201001,1000
ensemble,VN-58,201002,2,12.404904000000002,11.0,1.0,1.0,16.0,201001,1000
ensemble,VN-58,201003,3,16.952872,21.0,1.0,0.0,12.0,201001,1000
ensemble,VN-58,201004,1,20.128189,31.0,1.0,0.0,9.0,201004,1000
ensemble,VN-58,201005,2,42.313874,58.0,1.0,0.0,5.0,201004,1000
ensemble,VN-58,201006,3,46.70039,68.0,1.0,1.0,26.0,201004,1000
ensemble,VN-58,201007,1,32.93000099999999,8.0,1.0,1.0,85.0,201007,1000
ensemble,VN-58,201008,2,75.170467,139.0,1.0,0.0,213.0,201007,1000
ensemble,VN-58,201009,3,74.26141600000001,116.5,1.0,0.0,203.0,201007,1000
ensemble,VN-58,201010,1,36.274328,45.0,1.0,1.0,173.0,201010,1000
ensemble,VN-58,201011,2,32.786497,30.0,1.0,1.0,139.0,201010,1000
ensemble,VN-58,201012,3,31.64923899999999,33.5,1.0,1.0,113.0,201010,1000
ensemble,VN-59,201001,1,850.3092770000001,942.0,0.0,0.0,989.0,201001,1000
ensemble,VN-59,201002,2,465.593439,537.0,0.0,0.0,570.0,201001,1000
ensemble,VN-59,201003,3,278.356352,357.0,0.0,0.0,386.0,201001,1000
ensemble,VN-59,201004,1,81.23358,148.0,1.0,1.0,257.0,201004,1000
ensemble,VN-59,201005,2,97.665454,182.5,1.0,1.0,335.0,201004,1000
ensemble,VN-59,201006,3,76.19224600000001,132.0,1.0,1.0,328.0,201004,1000
ensemble,VN-59,201007,1,368.772637,533.5,0.0,0.0,751.0,201007,1000
ensemble,VN-59,201008,2,988.697558,1253.0,0.0,0.0,1455.0,201007,1000
ensemble,VN-59,201009,3,1536.049187,1790.0,0.0,0.0,2028.0,201007,1000
ensemble,VN-59,201010,1,1518.766667,2400.0,0.0,0.0,2667.0,201010,1000
ensemble,VN-59,201011,2,1256.352008,2093.0,0.0,0.0,2325.0,201010,1000
ensemble,VN-59,201012,3,965.035075,1757.0,1.0,0.0,1921.0,201010,1000
ensemble,VN-61,201001,1,0.048532,0.0,1.0,1.0,0.0,201001,1000
ensemble,VN-61,201002,2,0.0407489999999999,0.0,1.0,1.0,0.0,201001,1000
ensemble,VN-61,201003,3,0.05358,0.0,1.0,1.0,0.0,201001,1000
ensemble,VN-61,201004,1,0.0758689999999999,0.0,1.0,1.0,0.0,201004,1000
ensemble,VN-61,201005,2,0.062126,0.0,1.0,1.0,0.0,201004,1000
ensemble,VN-61,201006,3,0.1188039999999999,0.0,1.0,1.0,0.0,201004,1000
ensemble,VN-61,201007,1,0.20083,0.0,1.0,1.0,0.0,201007,1000
ensemble,VN-61,201008,2,0.3122520000000004,0.0,1.0,1.0,0.0,201007,1000
ensemble,VN-61,201009,3,0.3082389999999999,0.0,1.0,1.0,0.0,201007,1000
ensemble,VN-61,201010,1,0.2146220000000001,0.0,1.0,1.0,0.0,201010,1000
ensemble,VN-61,201011,2,0.132573,0.0,1.0,1.0,0.0,201010,1000
ensemble,VN-61,201012,3,0.093549,0.0,1.0,1.0,0.0,201010,1000
ensemble,VN-63,201001,1,0.104438,0.0,1.0,1.0,0.0,201001,1000
ensemble,VN-63,201002,2,0.1064969999999999,0.0,1.0,1.0,0.0,201001,1000
ensemble,VN-63,201003,3,0.092553,0.0,1.0,1.0,0.0,201001,1000
ensemble,VN-63,201004,1,0.093812,0.0,1.0,1.0,0.0,201004,1000
ensemble,VN-63,201005,2,0.562616,1.0,1.0,1.0,1.0,201004,1000
ensemble,VN-63,201006,3,3.014587000000001,5.0,1.0,0.0,5.0,201004,1000
ensemble,VN-63,201007,1,0.915267,1.0,1.0,1.0,0.0,201007,1000
ensemble,VN-63,201008,2,1.2622909999999998,1.0,1.0,1.0,0.0,201007,1000
ensemble,VN-63,201009,3,2.441123,4.0,1.0,1.0,0.0,201007,1000
ensemble,VN-63,201010,1,1.5584110000000004,3.0,1.0,1.0,3.0,201010,1000
ensemble,VN-63,201011,2,1.6640619999999997,3.0,1.0,0.0,3.0,201010,1000
ensemble,VN-63,201012,3,2.0379110000000003,3.0,1.0,0.0,3.0,201010,1000
ensemble,VN-66,201001,1,0.0611559999999999,0.0,1.0,1.0,0.0,201001,1000
ensemble,VN-66,201002,2,0.050107,0.0,1.0,1.0,0.0,201001,1000
ensemble,VN-66,201003,3,0.0722849999999999,0.0,1.0,1.0,0.0,201001,1000
ensemble,VN-66,201004,1,0.077403,0.0,1.0,1.0,0.0,201004,1000
ensemble,VN-66,201005,2,0.64593,1.0,1.0,0.0,1.0,201004,1000
ensemble,VN-66,201006,3,0.144634,0.0,1.0,1.0,0.0,201004,1000
ensemble,VN-66,201007,1,0.2122839999999999,0.0,1.0,1.0,0.0,201007,1000
ensemble,VN-66,201008,2,0.16758,0.0,1.0,1.0,0.0,201007,1000
ensemble,VN-66,201009,3,0.363804,0.0,1.0,1.0,0.0,201007,1000
ensemble,VN-66,201010,1,0.1981699999999999,0.0,1.0,1.0,0.0,201010,1000
ensemble,VN-66,201011,2,0.1394149999999999,0.0,1.0,1.0,0.0,201010,1000
ensemble,VN-66,201012,3,0.090945,0.0,1.0,1.0,0.0,201010,1000
ensemble,VN-67,201001,1,0.7070349999999999,1.0,1.0,0.0,1.0,201001,1000
ensemble,VN-67,201002,2,0.142217,0.0,1.0,1.0,0.0,201001,1000
ensemble,VN-67,201003,3,0.154903,0.0,1.0,1.0,0.0,201001,1000
ensemble,VN-67,201004,1,0.1568559999999998,0.0,1.0,1.0,0.0,201004,1000
ensemble,VN-67,201005,2,0.5226160000000002,0.0,1.0,1.0,0.0,201004,1000
ensemble,VN-67,201006,3,0.9396229999999992,0.0,1.0,1.0,0.0,201004,1000
ensemble,VN-67,201007,1,58.829261,68.0,0.0,0.0,68.0,201007,1000
ensemble,VN-67,201008,2,89.021687,105.0,0.0,0.0,105.0,201007,1000
ensemble,VN-67,201009,3,23.335391,42.0,1.0,0.0,44.0,201007,1000
ensemble,VN-67,201010,1,15.517061999999996,34.0,1.0,1.0,43.0,201010,1000
ensemble,VN-67,201011,2,8.181127,1.0,1.0,1.0,4.0,201010,1000
ensemble,VN-67,201012,3,4.248058999999998,1.0,1.0,1.0,0.0,201010,1000
ensemble,VN-68,201001,1,6.760630000000001,8.0,0.0,0.0,8.0,201001,1000
ensemble,VN-68,201002,2,1.3962780000000006,2.0,1.0,0.0,2.0,201001,1000
ensemble,VN-68,201003,3,2.9482280000000003,4.0,1.0,0.0,4.0,201001,1000
ensemble,VN-68,201004,1,1.147685,2.0,1.0,1.0,2.0,201004,1000
ensemble,VN-68,201005,2,2.810860999999999,5.0,1.0,0.0,6.0,201004,1000
ensemble,VN-68,201006,3,5.039718999999991,8.0,1.0,0.0,9.0,201004,1000
ensemble,VN-68,201007,1,3.125523000000001,7.0,1.0,1.0,8.0,201007,1000
ensemble,VN-68,201008,2,2.792974000000001,4.0,1.0,1.0,6.0,201007,1000
ensemble,VN-68,201009,3,3.5140209999999996,4.0,1.0,1.0,6.0,201007,1000
ensemble,VN-68,201010,1,7.0595830000000035,11.0,1.0,0.0,13.0,201010,1000
ensemble,VN-68,201011,2,8.252543000000003,13.0,1.0,0.0,14.0,201010,1000
ensemble,VN-68,201012,3,3.165972,7.0,1.0,0.0,7.0,201010,1000
ensemble,VN-69,201001,1,0.060339,0.0,1.0,1.0,0.0,201001,1000
ensemble,VN-69,201002,2,0.073014,0.0,1.0,1.0,0.0,201001,1000
ensemble,VN-69,201003,3,2.976611,4.0,0.0,0.0,4.0,201001,1000
ensemble,VN-69,201004,1,0.9598779999999998,2.0,1.0,1.0,2.0,201004,1000
ensemble,VN-69,201005,2,0.7636250000000002,1.0,1.0,1.0,2.0,201004,1000
ensemble,VN-69,201006,3,1.0076230000000002,1.0,1.0,1.0,0.0,201004,1000
ensemble,VN-69,201007,1,0.458072,0.0,1.0,1.0,0.0,201007,1000
ensemble,VN-69,201008,2,0.5500120000000002,0.0,1.0,1.0,0.0,201007,1000
ensemble,VN-69,201009,3,0.374967,0.0,1.0,1.0,0.0,201007,1000
ensemble,VN-69,201010,1,0.2918039999999999,0.0,1.0,1.0,0.0,201010,1000
ensemble,VN-69,201011,2,0.1619839999999999,0.0,1.0,1.0,0.0,201010,1000
ensemble,VN-69,201012,3,0.116607,0.0,1.0,1.0,0.0,201010,1000
ensemble,VN-70,201001,1,0.0958899999999998,0.0,1.0,1.0,0.0,201001,1000
ensemble,VN-70,201002,2,0.1459289999999999,0.0,1.0,1.0,0.0,201001,1000
ensemble,VN-70,201003,3,0.1230139999999999,0.0,1.0,1.0,0.0,201001,1000
ensemble,VN-70,201004,1,0.190855,0.0,1.0,1.0,0.0,201004,1000
ensemble,VN-70,201005,2,0.3778730000000001,0.0,1.0,1.0,0.0,201004,1000
ensemble,VN-70,201006,3,0.4649860000000001,0.0,1.0,1.0,0.0,201004,1000
ensemble,VN-70,201007,1,0.4497519999999997,0.0,1.0,1.0,0.0,201007,1000
ensemble,VN-70,201008,2,0.6006230000000001,0.0,1.0,1.0,0.0,201007,1000
ensemble,VN-70,201009,3,1.8651979999999997,1.0,1.0,1.0,0.0,201007,1000
ensemble,VN-70,201010,1,0.7772410000000001,0.0,1.0,1.0,0.0,201010,1000
ensemble,VN-70,201011,2,0.5135420000000002,0.0,1.0,1.0,0.0,201010,1000
ensemble,VN-70,201012,3,0.314629,0.0,1.0,1.0,0.0,201010,1000
ensemble,VN-71,201001,1,0.0396389999999999,0.0,1.0,1.0,0.0,201001,1000
ensemble,VN-71,201002,2,0.040814,0.0,1.0,1.0,0.0,201001,1000
ensemble,VN-71,201003,3,0.0645289999999999,0.0,1.0,1.0,0.0,201001,1000
ensemble,VN-71,201004,1,0.047119,0.0,1.0,1.0,0.0,201004,1000
ensemble,VN-71,201005,2,0.055551,0.0,1.0,1.0,0.0,201004,1000
ensemble,VN-71,201006,3,0.09582,0.0,1.0,1.0,0.0,201004,1000
ensemble,VN-71,201007,1,0.094907,0.0,1.0,1.0,0.0,201007,1000
ensemble,VN-71,201008,2,0.09742,0.0,1.0,1.0,0.0,201007,1000
ensemble,VN-71,201009,3,0.094715,0.0,1.0,1.0,0.0,201007,1000
ensemble,VN-71,201010,1,0.090566,0.0,1.0,1.0,0.0,201010,1000
ensemble,VN-71,201011,2,0.0969529999999999,0.0,1.0,1.0,0.0,201010,1000
ensemble,VN-71,201012,3,0.039406,0.0,1.0,1.0,0.0,201010,1000
ensemble,VN-72,201001,1,3.529287,3.0,1.0,1.0,12.0,201001,1000
ensemble,VN-72,201002,2,5.972334999999999,11.0,1.0,0.0,16.0,201001,1000
ensemble,VN-72,201003,3,3.327793999999999,3.0,1.0,1.0,11.0,201001,1000
ensemble,VN-72,201004,1,32.400667,48.0,0.0,0.0,54.0,201004,1000
ensemble,VN-72,201005,2,264.896753,317.0,0.0,0.0,326.0,201004,1000
ensemble,VN-72,201006,3,337.94717699999995,411.0,0.0,0.0,427.0,201004,1000
ensemble,VN-72,201007,1,304.85276300000004,506.0,0.0,0.0,553.0,201007,1000
ensemble,VN-72,201008,2,104.342343,203.0,1.0,1.0,260.0,201007,1000
ensemble,VN-72,201009,3,134.30843599999997,270.0,1.0,1.0,315.0,201007,1000
ensemble,VN-72,201010,1,65.71292700000001,110.5,1.0,1.0,167.0,201010,1000
ensemble,VN-72,201011,2,33.807322,27.0,1.0,1.0,51.0,201010,1000
ensemble,VN-72,201012,3,26.074799,8.0,1.0,1.0,24.0,201010,1000
ensemble,VN-73,201001,1,11.38816,18.0,1.0,1.0,35.0,201001,1000
ensemble,VN-73,201002,2,9.728235000000002,11.5,1.0,1.0,15.0,201001,1000
ensemble,VN-73,201003,3,12.224047,17.0,1.0,1.0,44.0,201001,1000
ensemble,VN-73,201004,1,7.615761000000003,5.0,1.0,1.0,31.0,201004,1000
ensemble,VN-73,201005,2,10.012430000000002,8.0,1.0,1.0,34.0,201004,1000
ensemble,VN-73,201006,3,19.654048999999993,20.5,1.0,1.0,48.0,201004,1000
ensemble,VN-73,201007,1,40.245108,67.5,1.0,1.0,158.0,201007,1000
ensemble,VN-73,201008,2,52.777762,86.0,1.0,0.0,199.0,201007,1000
ensemble,VN-73,201009,3,31.488789000000004,43.0,1.0,1.0,143.0,201007,1000
ensemble,VN-73,201010,1,16.179990000000004,12.0,1.0,1.0,140.0,201010,1000
ensemble,VN-73,201011,2,19.656369000000005,4.5,1.0,1.0,119.0,201010,1000
ensemble,VN-73,201012,3,18.351144000000005,11.5,1.0,1.0,86.0,201010,1000
ensemble,VN-CT,201001,1,35.08276300000001,61.0,1.0,0.0,27.0,201001,1000
ensemble,VN-CT,201002,2,31.222334000000004,38.5,1.0,0.0,7.0,201001,1000
ensemble,VN-CT,201003,3,38.460567,59.0,1.0,0.0,14.0,201001,1000
ensemble,VN-CT,201004,1,21.341702,28.0,1.0,0.0,7.0,201004,1000
ensemble,VN-CT,201005,2,22.931515999999995,32.0,1.0,0.0,6.0,201004,1000
ensemble,VN-CT,201006,3,35.286946,57.0,1.0,0.0,9.0,201004,1000
ensemble,VN-CT,201007,1,27.598135999999997,22.5,1.0,1.0,81.0,201007,1000
ensemble,VN-CT,201008,2,48.131587999999994,88.5,1.0,0.0,158.0,201007,1000
ensemble,VN-CT,201009,3,154.086605,245.0,0.0,0.0,316.0,201007,1000
ensemble,VN-CT,201010,1,91.632539,141.5,1.0,0.0,347.0,201010,1000
ensemble,VN-CT,201011,2,193.35328600000005,288.0,0.0,0.0,481.0,201010,1000
ensemble,VN-CT,201012,3,110.87118,187.5,1.0,0.0,366.0,201010,1000
ensemble,VN-DN,201001,1,138.96855399999998,242.0,1.0,1.0,269.0,201001,1000
ensemble,VN-DN,201002,2,131.316778,226.0,1.0,1.0,238.0,201001,1000
ensemble,VN-DN,201003,3,87.76101200000001,143.0,1.0,1.0,155.0,201001,1000
ensemble,VN-DN,201004,1,39.186412999999995,79.0,1.0,1.0,90.0,201004,1000
ensemble,VN-DN,201005,2,37.7156,76.5,1.0,1.0,98.0,201004,1000
ensemble,VN-DN,201006,3,73.15461200000001,145.0,1.0,0.0,174.0,201004,1000
ensemble,VN-DN,201007,1,121.37556700000002,205.0,1.0,0.0,267.0,201007,1000
ensemble,VN-DN,201008,2,196.73626499999995,298.0,1.0,0.0,372.0,201007,1000
ensemble,VN-DN,201009,3,753.076192,920.0,0.0,0.0,997.0,201007,1000
ensemble,VN-DN,201010,1,384.498085,795.0,1.0,0.0,961.0,201010,1000
ensemble,VN-DN,201011,2,244.840986,466.5,1.0,1.0,637.0,201010,1000
ensemble,VN-DN,201012,3,114.44627,100.0,1.0,1.0,206.0,201010,1000
ensemble,VN-HN,201001,1,60.39954900000001,62.0,1.0,1.0,79.0,201001,1000
ensemble,VN-HN,201002,2,44.56653699999998,22.0,1.0,1.0,32.0,201001,1000
ensemble,VN-HN,201003,3,45.23399900000001,29.0,1.0,1.0,43.0,201001,1000
ensemble,VN-HN,201004,1,34.468847000000004,59.0,1.0,0.0,73.0,201004,1000
ensemble,VN-HN,201005,2,48.265553999999995,78.0,1.0,0.0,104.0,201004,1000
ensemble,VN-HN,201006,3,49.742098,76.5,1.0,1.0,117.0,201004,1000
ensemble,VN-HN,201007,1,63.18072799999999,75.0,1.0,1.0,173.0,201007,1000
ensemble,VN-HN,201008,2,181.083694,283.0,1.0,0.0,392.0,201007,1000
ensemble,VN-HN,201009,3,288.80023,487.5,1.0,0.0,609.0,201007,1000
ensemble,VN-HN,201010,1,220.14502799999997,324.0,1.0,0.0,726.0,201010,1000
ensemble,VN-HN,201011,2,158.26952199999994,205.0,1.0,1.0,570.0,201010,1000
ensemble,VN-HN,201012,3,90.08928400000002,68.5,1.0,1.0,234.0,201010,1000
ensemble,VN-HP,201001,1,3.381845,1.0,1.0,1.0,3.0,201001,1000
ensemble,VN-HP,201002,2,2.6761659999999985,0.0,1.0,1.0,2.0,201001,1000
ensemble,VN-HP,201003,3,3.826233999999999,3.0,1.0,1.0,0.0,201001,1000
ensemble,VN-HP,201004,1,20.12398,30.0,0.0,0.0,31.0,201004,1000
ensemble,VN-HP,201005,2,4.599974999999999,8.0,1.0,1.0,10.0,201004,1000
ensemble,VN-HP,201006,3,2.7837479999999992,2.0,1.0,1.0,0.0,201004,1000
ensemble,VN-HP,201007,1,4.946897,3.0,1.0,1.0,2.0,201007,1000
ensemble,VN-HP,201008,2,3.6779780000000017,1.0,1.0,1.0,3.0,201007,1000
ensemble,VN-HP,201009,3,4.1553619999999984,1.0,1.0,1.0,5.0,201007,1000
ensemble,VN-HP,201010,1,6.212326999999998,4.0,1.0,1.0,2.0,201010,1000
ensemble,VN-HP,201011,2,10.718077999999998,19.0,1.0,0.0,25.0,201010,1000
ensemble,VN-HP,201012,3,2.0719000000000003,0.5,1.0,1.0,4.0,201010,1000
ensemble,VN-SG,201001,1,218.180905,270.0,1.0,1.0,326.0,201001,1000
ensemble,VN-SG,201002,2,230.33718799999997,321.5,1.0,1.0,184.0,201001,1000
ensemble,VN-SG,201003,3,176.55619399999995,253.0,1.0,1.0,205.0,201001,1000
ensemble,VN-SG,201004,1,71.408715,92.0,1.0,1.0,302.0,201004,1000
ensemble,VN-SG,201005,2,125.54955500000004,206.0,1.0,1.0,418.0,201004,1000
ensemble,VN-SG,201006,3,121.41039999999998,141.0,1.0,1.0,376.0,201004,1000
ensemble,VN-SG,201007,1,201.04273799999993,333.0,1.0,1.0,714.0,201007,1000
ensemble,VN-SG,201008,2,261.3030930000001,300.5,1.0,1.0,877.0,201007,1000
ensemble,VN-SG,201009,3,328.4312990000001,488.0,1.0,1.0,1075.0,201007,1000
ensemble,VN-SG,201010,1,199.36669599999993,25.0,1.0,1.0,1001.0,201010,1000
ensemble,VN-SG,201011,2,245.600949,305.0,1.0,1.0,647.0,201010,1000
ensemble,VN-SG,201012,3,222.33759499999996,267.0,1.0,1.0,422.0,201010,1000
persistence,VN-01,201001,1,0.00049,0.0,1.0,1.0,0.0,201001,1000
persistence,VN-01,201002,2,0.00049,0.0,1.0,1.0,0.0,201001,1000
persistence,VN-01,201003,3,0.00049,0.0,1.0,1.0,0.0,201001,1000
persistence,VN-01,201004,1,0.00049,0.0,1.0,1.0,0.0,201004,1000
persistence,VN-01,201005,2,0.00049,0.0,1.0,1.0,0.0,201004,1000
persistence,VN-01,201006,3,0.00049,0.0,1.0,1.0,0.0,201004,1000
persistence,VN-01,201007,1,0.00049,0.0,1.0,1.0,0.0,201007,1000
persistence,VN-01,201008,2,0.00049,0.0,1.0,1.0,0.0,201007,1000
persistence,VN-01,201009,3,0.00049,0.0,1.0,1.0,0.0,201007,1000
persistence,VN-01,201010,1,0.00049,0.0,1.0,1.0,0.0,201010,1000
persistence,VN-01,201011,2,0.00049,0.0,1.0,1.0,0.0,201010,1000
persistence,VN-01,201012,3,0.00049,0.0,1.0,1.0,0.0,201010,1000
persistence,VN-02,201001,1,0.002156,0.0,1.0,1.0,0.0,201001,1000
persistence,VN-02,201002,2,0.001617,0.0,1.0,1.0,0.0,201001,1000
persistence,VN-02,201003,3,0.0022409999999999,0.0,1.0,1.0,0.0,201001,1000
persistence,VN-02,201004,1,0.002156,0.0,1.0,1.0,0.0,201004,1000
persistence,VN-02,201005,2,0.001617,0.0,1.0,1.0,0.0,201004,1000
persistence,VN-02,201006,3,0.0022409999999999,0.0,1.0,1.0,0.0,201004,1000
persistence,VN-02,201007,1,0.002156,0.0,1.0,1.0,0.0,201007,1000
persistence,VN-02,201008,2,0.001617,0.0,1.0,1.0,0.0,201007,1000
persistence,VN-02,201009,3,0.0022409999999999,0.0,1.0,1.0,0.0,201007,1000
persistence,VN-02,201010,1,0.002156,0.0,1.0,1.0,0.0,201010,1000
persistence,VN-02,201011,2,0.001617,0.0,1.0,1.0,0.0,201010,1000
persistence,VN-02,201012,3,0.0022409999999999,0.0,1.0,1.0,0.0,201010,1000
persistence,VN-03,201001,1,0.0012249999999999,0.0,1.0,1.0,0.0,201001,1000
persistence,VN-03,201002,2,0.0012249999999999,0.0,1.0,1.0,0.0,201001,1000
persistence,VN-03,201003,3,0.001075,0.0,1.0,1.0,0.0,201001,1000
persistence,VN-03,201004,1,0.0012249999999999,0.0,1.0,1.0,0.0,201004,1000
persistence,VN-03,201005,2,0.0012249999999999,0.0,1.0,1.0,0.0,201004,1000
persistence,VN-03,201006,3,0.001075,0.0,1.0,1.0,0.0,201004,1000
persistence,VN-03,201007,1,0.0012249999999999,0.0,1.0,1.0,0.0,201007,1000
persistence,VN-03,201008,2,0.0012249999999999,0.0,1.0,1.0,0.0,201007,1000
persistence,VN-03,201009,3,0.001075,0.0,1.0,1.0,0.0,201007,1000
persistence,VN-03,201010,1,0.0012249999999999,0.0,1.0,1.0,0.0,201010,1000
persistence,VN-03,201011,2,0.0012249999999999,0.0,1.0,1.0,0.0,201010,1000
persistence,VN-03,201012,3,0.001075,0.0,1.0,1.0,0.0,201010,1000
persistence,VN-04,201001,1,0.003136,0.0,1.0,1.0,0.0,201001,1000
persistence,VN-04,201002,2,0.002518,0.0,1.0,1.0,0.0,201001,1000
persistence,VN-04,201003,3,0.002518,0.0,1.0,1.0,0.0,201001,1000
persistence,VN-04,201004,1,0.003136,0.0,1.0,1.0,0.0,201004,1000
persistence,VN-04,201005,2,0.002518,0.0,1.0,1.0,0.0,201004,1000
persistence,VN-04,201006,3,0.002518,0.0,1.0,1.0,0.0,201004,1000
persistence,VN-04,201007,1,0.003136,0.0,1.0,1.0,0.0,201007,1000
persistence,VN-04,201008,2,0.002518,0.0,1.0,1.0,0.0,201007,1000
persistence,VN-04,201009,3,0.002518,0.0,1.0,1.0,0.0,201007,1000
persistence,VN-04,201010,1,0.003136,0.0,1.0,1.0,0.0,201010,1000
persistence,VN-04,201011,2,0.002518,0.0,1.0,1.0,0.0,201010,1000
persistence,VN-04,201012,3,0.002518,0.0,1.0,1.0,0.0,201010,1000
persistence,VN-05,201001,1,0.0041209999999999,0.0,1.0,1.0,0.0,201001,1000
persistence,VN-05,201002,2,0.004584,0.0,1.0,1.0,0.0,201001,1000
persistence,VN-05,201003,3,0.933503,1.0,0.0,0.0,1.0,201001,1000
persistence,VN-05,201004,1,0.929565,1.0,0.0,0.0,0.0,201004,1000
persistence,VN-05,201005,2,0.928105,1.0,0.0,0.0,0.0,201004,1000
persistence,VN-05,201006,3,0.934728,1.0,0.0,0.0,0.0,201004,1000
persistence,VN-05,201007,1,0.0041209999999999,0.0,1.0,1.0,0.0,201007,1000
persistence,VN-05,201008,2,0.004584,0.0,1.0,1.0,0.0,201007,1000
persistence,VN-05,201009,3,0.003503,0.0,1.0,1.0,0.0,201007,1000
persistence,VN-05,201010,1,0.0041209999999999,0.0,1.0,1.0,0.0,201010,1000
persistence,VN-05,201011,2,0.004584,0.0,1.0,1.0,0.0,201010,1000
persistence,VN-05,201012,3,0.003503,0.0,1.0,1.0,0.0,201010,1000
persistence,VN-06,201001,1,0.000441,0.0,1.0,1.0,0.0,201001,1000
persistence,VN-06,201002,2,0.000441,0.0,1.0,1.0,0.0,201001,1000
persistence,VN-06,201003,3,0.000441,0.0,1.0,1.0,0.0,201001,1000
persistence,VN-06,201004,1,0.000441,0.0,1.0,1.0,0.0,201004,1000
persistence,VN-06,201005,2,0.000441,0.0,1.0,1.0,0.0,201004,1000
persistence,VN-06,201006,3,0.000441,0.0,1.0,1.0,0.0,201004,1000
persistence,VN-06,201007,1,0.000441,0.0,1.0,1.0,0.0,201007,1000
persistence,VN-06,201008,2,0.000441,0.0,1.0,1.0,0.0,201007,1000
persistence,VN-06,201009,3,0.000441,0.0,1.0,1.0,0.0,201007,1000
persistence,VN-06,201010,1,0.000441,0.0,1.0,1.0,0.0,201010,1000
persistence,VN-06,201011,2,0.000441,0.0,1.0,1.0,0.0,201010,1000
persistence,VN-06,201012,3,0.000441,0.0,1.0,1.0,0.0,201010,1000
persistence,VN-07,201001,1,0.0,0.0,1.0,1.0,0.0,201001,1000
persistence,VN-07,201002,2,0.0,0.0,1.0,1.0,0.0,201001,1000
persistence,VN-07,201003,3,0.0,0.0,1.0,1.0,0.0,201001,1000
persistence,VN-07,201004,1,0.0,0.0,1.0,1.0,0.0,201004,1000
persistence,VN-07,201005,2,0.0,0.0,1.0,1.0,0.0,201004,1000
persistence,VN-07,201006,3,0.0,0.0,1.0,1.0,0.0,201004,1000
persistence,VN-07,201007,1,0.0,0.0,1.0,1.0,0.0,201007,1000
persistence,VN-07,201008,2,0.0,0.0,1.0,1.0,0.0,201007,1000
persistence,VN-07,201009,3,0.0,0.0,1.0,1.0,0.0,201007,1000
persistence,VN-07,201010,1,0.0,0.0,1.0,1.0,0.0,201010,1000
persistence,VN-07,201011,2,0.0,0.0,1.0,1.0,0.0,201010,1000
persistence,VN-07,201012,3,0.0,0.0,1.0,1.0,0.0,201010,1000
persistence,VN-09,201001,1,0.012461,0.0,1.0,1.0,0.0,201001,1000
persistence,VN-09,201002,2,0.017764,0.0,1.0,1.0,0.0,201001,1000
persistence,VN-09,201003,3,0.0219699999999999,0.0,1.0,1.0,0.0,201001,1000
persistence,VN-09,201004,1,0.012461,0.0,1.0,1.0,0.0,201004,1000
persistence,VN-09,201005,2,0.017764,0.0,1.0,1.0,0.0,201004,1000
persistence,VN-09,201006,3,0.0219699999999999,0.0,1.0,1.0,0.0,201004,1000
persistence,VN-09,201007,1,0.012461,0.0,1.0,1.0,0.0,201007,1000
persistence,VN-09,201008,2,0.017764,0.0,1.0,1.0,0.0,201007,1000
persistence,VN-09,201009,3,0.0219699999999999,0.0,1.0,1.0,0.0,201007,1000
persistence,VN-09,201010,1,0.012461,0.0,1.0,1.0,0.0,201010,1000
persistence,VN-09,201011,2,0.017764,0.0,1.0,1.0,0.0,201010,1000
persistence,VN-09,201012,3,0.0219699999999999,0.0,1.0,1.0,0.0,201010,1000
persistence,VN-13,201001,1,3.6877000000000018,5.0,1.0,0.0,0.0,201001,1000
persistence,VN-13,201002,2,3.8383569999999985,5.0,1.0,0.0,0.0,201001,1000
persistence,VN-13,201003,3,3.849028000000001,5.0,1.0,0.0,0.0,201001,1000
persistence,VN-13,201004,1,0.6358619999999995,0.0,1.0,1.0,0.0,201004,1000
persistence,VN-13,201005,2,1.3058789999999991,1.0,1.0,1.0,1.0,201004,1000
persistence,VN-13,201006,3,0.981707,0.0,1.0,1.0,0.0,201004,1000
persistence,VN-13,201007,1,2.131862,3.0,1.0,0.0,3.0,201007,1000
persistence,VN-13,201008,2,4.833879,7.0,1.0,0.0,7.0,201007,1000
persistence,VN-13,201009,3,9.741707000000002,14.0,1.0,0.0,14.0,201007,1000
persistence,VN-13,201010,1,3.171239999999999,4.0,1.0,0.0,18.0,201010,1000
persistence,VN-13,201011,2,17.396152999999998,23.0,0.0,0.0,37.0,201010,1000
persistence,VN-13,201012,3,39.83577700000001,50.0,0.0,0.0,64.0,201010,1000
persistence,VN-14,201001,1,0.011946,0.0,1.0,1.0,0.0,201001,1000
persistence,VN-14,201002,2,2.728297,3.0,0.0,0.0,3.0,201001,1000
persistence,VN-14,201003,3,0.010394,0.0,1.0,1.0,0.0,201001,1000
persistence,VN-14,201004,1,0.011946,0.0,1.0,1.0,0.0,201004,1000
persistence,VN-14,201005,2,4.692297,5.0,0.0,0.0,5.0,201004,1000
persistence,VN-14,201006,3,0.8323940000000001,1.0,0.0,0.0,1.0,201004,1000
persistence,VN-14,201007,1,4.6587819999999995,5.0,0.0,0.0,6.0,201007,1000
persistence,VN-14,201008,2,6.672761,7.0,0.0,0.0,8.0,201007,1000
persistence,VN-14,201009,3,2.726315,3.0,0.0,0.0,4.0,201007,1000
persistence,VN-14,201010,1,3.688863,4.0,0.0,0.0,0.0,201010,1000
persistence,VN-14,201011,2,0.0203029999999999,0.0,1.0,1.0,4.0,201010,1000
persistence,VN-14,201012,3,1.7642809999999998,2.0,0.0,0.0,2.0,201010,1000
persistence,VN-18,201001,1,0.011778,0.0,1.0,1.0,0.0,201001,1000
persistence,VN-18,201002,2,0.0107579999999999,0.0,1.0,1.0,0.0,201001,1000
persistence,VN-18,201003,3,0.0132779999999999,0.0,1.0,1.0,0.0,201001,1000
persistence,VN-18,201004,1,0.011778,0.0,1.0,1.0,0.0,201004,1000
persistence,VN-18,201005,2,0.0107579999999999,0.0,1.0,1.0,0.0,201004,1000
persistence,VN-18,201006,3,0.0132779999999999,0.0,1.0,1.0,0.0,201004,1000
persistence,VN-18,201007,1,0.011778,0.0,1.0,1.0,0.0,201007,1000
persistence,VN-18,201008,2,3.700758,4.0,0.0,0.0,4.0,201007,1000
persistence,VN-18,201009,3,0.8072779999999999,1.0,1.0,0.0,1.0,201007,1000
persistence,VN-18,201010,1,3.664614,4.0,0.0,0.0,5.0,201010,1000
persistence,VN-18,201011,2,0.0197829999999999,0.0,1.0,1.0,1.0,201010,1000
persistence,VN-18,201012,3,0.0238869999999999,0.0,1.0,1.0,1.0,201010,1000
persistence,VN-20,201001,1,0.7663519999999997,1.0,1.0,0.0,0.0,201001,1000
persistence,VN-20,201002,2,0.7689839999999997,1.0,1.0,0.0,0.0,201001,1000
persistence,VN-20,201003,3,0.7723790000000004,1.0,1.0,0.0,0.0,201001,1000
persistence,VN-20,201004,1,0.7371110000000001,1.0,1.0,0.0,1.0,201004,1000
persistence,VN-20,201005,2,2.242583,3.0,1.0,0.0,3.0,201004,1000
persistence,VN-20,201006,3,0.1466979999999997,0.0,1.0,1.0,0.0,201004,1000
persistence,VN-20,201007,1,0.0791110000000001,0.0,1.0,1.0,0.0,201007,1000
persistence,VN-20,201008,2,18.484582999999997,21.0,0.0,0.0,21.0,201007,1000
persistence,VN-20,201009,3,31.592698,35.0,0.0,0.0,35.0,201007,1000
persistence,VN-20,201010,1,9.722256,11.0,0.0,0.0,24.0,201010,1000
persistence,VN-20,201011,2,31.952618000000005,35.0,0.0,0.0,0.0,201010,1000
persistence,VN-20,201012,3,31.729965,35.0,0.0,0.0,0.0,201010,1000
persistence,VN-21,201001,1,10.124259000000002,13.0,1.0,0.0,0.0,201001,1000
persistence,VN-21,201002,2,10.077276,13.0,1.0,0.0,0.0,201001,1000
persistence,VN-21,201003,3,9.969229,13.0,1.0,0.0,0.0,201001,1000
persistence,VN-21,201004,1,1.0770739999999996,0.0,1.0,1.0,0.0,201004,1000
persistence,VN-21,201005,2,1.4564270000000017,0.0,1.0,1.0,0.0,201004,1000
persistence,VN-21,201006,3,1.566783000000001,0.0,1.0,1.0,0.0,201004,1000
persistence,VN-21,201007,1,1.0770739999999996,0.0,1.0,1.0,0.0,201007,1000
persistence,VN-21,201008,2,1.4564270000000017,0.0,1.0,1.0,0.0,201007,1000
persistence,VN-21,201009,3,1.566783000000001,0.0,1.0,1.0,0.0,201007,1000
persistence,VN-21,201010,1,1.0770739999999996,0.0,1.0,1.0,0.0,201010,1000
persistence,VN-21,201011,2,1.4564270000000017,0.0,1.0,1.0,0.0,201010,1000
persistence,VN-21,201012,3,1.566783000000001,0.0,1.0,1.0,0.0,201010,1000
persistence,VN-22,201001,1,3.0672740000000047,0.0,1.0,1.0,0.0,201001,1000
persistence,VN-22,201002,2,5.190516000000002,0.0,1.0,1.0,0.0,201001,1000
persistence,VN-22,201003,3,6.480379999999997,0.0,1.0,1.0,0.0,201001,1000
persistence,VN-22,201004,1,3.0672740000000047,0.0,1.0,1.0,0.0,201004,1000
persistence,VN-22,201005,2,5.190516000000002,0.0,1.0,1.0,0.0,201004,1000
persistence,VN-22,201006,3,6.480379999999997,0.0,1.0,1.0,0.0,201004,1000
persistence,VN-22,201007,1,3.0672740000000047,0.0,1.0,1.0,0.0,201007,1000
persistence,VN-22,201008,2,5.190516000000002,0.0,1.0,1.0,0.0,201007,1000
persistence,VN-22,201009,3,6.480379999999997,0.0,1.0,1.0,0.0,201007,1000
persistence,VN-22,201010,1,3.0672740000000047,0.0,1.0,1.0,0.0,201010,1000
persistence,VN-22,201011,2,5.190516000000002,0.0,1.0,1.0,0.0,201010,1000
persistence,VN-22,201012,3,6.480379999999997,0.0,1.0,1.0,0.0,201010,1000
persistence,VN-23,201001,1,2.7061220000000006,2.0,1.0,0.0,2.0,201001,1000
persistence,VN-23,201002,2,2.2793519999999887,0.0,1.0,1.0,0.0,201001,1000
persistence,VN-23,201003,3,2.8688630000000046,0.0,1.0,1.0,0.0,201001,1000
persistence,VN-23,201004,1,1.566122,0.0,1.0,1.0,0.0,201004,1000
persistence,VN-23,201005,2,2.2793519999999887,0.0,1.0,1.0,0.0,201004,1000
persistence,VN-23,201006,3,2.8688630000000046,0.0,1.0,1.0,0.0,201004,1000
persistence,VN-23,201007,1,1.566122,0.0,1.0,1.0,0.0,201007,1000
persistence,VN-23,201008,2,3.8913519999999977,3.0,1.0,0.0,3.0,201007,1000
persistence,VN-23,201009,3,2.8688630000000046,0.0,1.0,1.0,0.0,201007,1000
persistence,VN-23,201010,1,1.566122,0.0,1.0,1.0,0.0,201010,1000
persistence,VN-23,201011,2,2.2793519999999887,0.0,1.0,1.0,0.0,201010,1000
persistence,VN-23,201012,3,2.8688630000000046,0.0,1.0,1.0,0.0,201010,1000
persistence,VN-24,201001,1,2.5566449999999996,1.0,1.0,1.0,1.0,201001,1000
persistence,VN-24,201002,2,3.4857709999999997,0.0,1.0,1.0,0.0,201001,1000
persistence,VN-24,201003,3,4.429136000000007,0.0,1.0,1.0,0.0,201001,1000
persistence,VN-24,201004,1,2.5566449999999996,1.0,1.0,1.0,1.0,201004,1000
persistence,VN-24,201005,2,6.423771000000002,6.0,1.0,0.0,6.0,201004,1000
persistence,VN-24,201006,3,42.263136,61.0,1.0,0.0,61.0,201004,1000
persistence,VN-24,201007,1,11.003889999999998,13.0,1.0,0.0,48.0,201007,1000
persistence,VN-24,201008,2,24.622614,32.0,1.0,0.0,93.0,201007,1000
persistence,VN-24,201009,3,221.536245,272.0,0.0,0.0,333.0,201007,1000
persistence,VN-24,201010,1,224.21447000000003,259.0,0.0,0.0,74.0,201010,1000
persistence,VN-24,201011,2,256.45437699999997,303.0,0.0,0.0,30.0,201010,1000
persistence,VN-24,201012,3,270.218299,323.0,0.0,0.0,10.0,201010,1000
persistence,VN-25,201001,1,6.565677000000001,8.0,1.0,0.0,2.0,201001,1000
persistence,VN-25,201002,2,7.919452000000007,9.0,1.0,0.0,1.0,201001,1000
persistence,VN-25,201003,3,6.377120000000005,6.0,1.0,1.0,4.0,201001,1000
persistence,VN-25,201004,1,2.612568000000003,1.0,1.0,1.0,5.0,201004,1000
persistence,VN-25,201005,2,4.372149,3.0,1.0,1.0,1.0,201004,1000
persistence,VN-25,201006,3,5.105094000000008,4.0,1.0,1.0,8.0,201004,1000
persistence,VN-25,201007,1,34.115429,44.0,0.0,0.0,52.0,201007,1000
persistence,VN-25,201008,2,43.373716,57.0,0.0,0.0,65.0,201007,1000
persistence,VN-25,201009,3,41.505015,55.0,1.0,0.0,63.0,201007,1000
persistence,VN-25,201010,1,13.939446999999994,18.0,1.0,0.0,45.0,201010,1000
persistence,VN-25,201011,2,37.071107,48.0,1.0,0.0,15.0,201010,1000
persistence,VN-25,201012,3,43.274159,56.0,1.0,0.0,7.0,201010,1000
persistence,VN-26,201001,1,4.121182000000001,5.0,1.0,0.0,13.0,201001,1000
persistence,VN-26,201002,2,7.639299000000001,11.0,1.0,0.0,7.0,201001,1000
persistence,VN-26,201003,3,14.760424,22.0,1.0,0.0,40.0,201001,1000
persistence,VN-26,201004,1,3.0030150000000013,2.0,1.0,1.0,42.0,201004,1000
persistence,VN-26,201005,2,17.491003,25.0,1.0,0.0,65.0,201004,1000
persistence,VN-26,201006,3,99.601752,121.0,0.0,0.0,161.0,201004,1000
persistence,VN-26,201007,1,258.370459,280.0,0.0,0.0,441.0,201007,1000
persistence,VN-26,201008,2,367.12583,395.0,0.0,0.0,556.0,201007,1000
persistence,VN-26,201009,3,557.631601,589.0,0.0,0.0,750.0,201007,1000
persistence,VN-26,201010,1,317.695146,340.0,0.0,0.0,410.0,201010,1000
persistence,VN-26,201011,2,544.635368,574.0,0.0,0.0,176.0,201010,1000
persistence,VN-26,201012,3,584.686632,616.0,0.0,0.0,134.0,201010,1000
persistence,VN-27,201001,1,4.469231000000001,1.0,1.0,1.0,18.0,201001,1000
persistence,VN-27,201002,2,6.580521000000001,5.0,1.0,1.0,12.0,201001,1000
persistence,VN-27,201003,3,7.622329999999998,0.0,1.0,1.0,17.0,201001,1000
persistence,VN-27,201004,1,4.469231000000001,1.0,1.0,1.0,18.0,201004,1000
persistence,VN-27,201005,2,9.168520999999998,12.0,1.0,1.0,29.0,201004,1000
persistence,VN-27,201006,3,96.85233,135.0,0.0,0.0,152.0,201004,1000
persistence,VN-27,201007,1,137.897805,164.0,0.0,0.0,316.0,201007,1000
persistence,VN-27,201008,2,156.480139,190.0,0.0,0.0,342.0,201007,1000
persistence,VN-27,201009,3,470.4932,523.0,0.0,0.0,675.0,201007,1000
persistence,VN-27,201010,1,315.241542,345.0,0.0,0.0,1020.0,201010,1000
persistence,VN-27,201011,2,271.67335199999997,311.0,0.0,0.0,364.0,201010,1000
persistence,VN-27,201012,3,507.447658,560.0,0.0,0.0,115.0,201010,1000
persistence,VN-28,201001,1,3.940965,5.0,1.0,0.0,9.0,201001,1000
persistence,VN-28,201002,2,9.301476999999998,12.0,1.0,0.0,2.0,201001,1000
persistence,VN-28,201003,3,8.448605,11.0,1.0,0.0,3.0,201001,1000
persistence,VN-28,201004,1,4.558973,6.0,1.0,0.0,9.0,201004,1000
persistence,VN-28,201005,2,11.497008,15.0,0.0,0.0,18.0,201004,1000
persistence,VN-28,201006,3,42.458669,52.0,0.0,0.0,55.0,201004,1000
persistence,VN-28,201007,1,253.111499,266.0,0.0,0.0,321.0,201007,1000
persistence,VN-28,201008,2,231.637385,248.0,0.0,0.0,303.0,201007,1000
persistence,VN-28,201009,3,115.610311,131.0,0.0,0.0,186.0,201007,1000
persistence,VN-28,201010,1,78.472887,87.0,0.0,0.0,99.0,201010,1000
persistence,VN-28,201011,2,147.64130899999998,162.0,0.0,0.0,24.0,201010,1000
persistence,VN-28,201012,3,166.919224,184.0,0.0,0.0,2.0,201010,1000
persistence,VN-29,201001,1,16.385966000000003,23.0,1.0,0.0,107.0,201001,1000
persistence,VN-29,201002,2,39.971344,56.0,1.0,0.0,74.0,201001,1000
persistence,VN-29,201003,3,27.967777000000005,40.0,1.0,0.0,90.0,201001,1000
persistence,VN-29,201004,1,8.735686000000001,10.0,1.0,0.0,100.0,201004,1000
persistence,VN-29,201005,2,22.182773000000005,31.0,1.0,0.0,121.0,201004,1000
persistence,VN-29,201006,3,67.649033,95.0,1.0,0.0,185.0,201004,1000
persistence,VN-29,201007,1,200.254206,233.0,0.0,0.0,418.0,201007,1000
persistence,VN-29,201008,2,213.24300400000004,256.0,0.0,0.0,441.0,201007,1000
persistence,VN-29,201009,3,722.266389,786.0,0.0,0.0,971.0,201007,1000
persistence,VN-29,201010,1,467.9670190000001,506.0,0.0,0.0,1477.0,201010,1000
persistence,VN-29,201011,2,98.949376,129.0,0.0,0.0,1100.0,201010,1000
persistence,VN-29,201012,3,331.874226,388.0,0.0,0.0,583.0,201010,1000
persistence,VN-30,201001,1,4.356153000000003,1.0,1.0,1.0,9.0,201001,1000
persistence,VN-30,201002,2,5.583752999999998,3.0,1.0,1.0,5.0,201001,1000
persistence,VN-30,201003,3,13.23289,22.0,1.0,1.0,30.0,201001,1000
persistence,VN-30,201004,1,13.948147,21.0,1.0,0.0,9.0,201004,1000
persistence,VN-30,201005,2,32.908905,50.0,1.0,0.0,80.0,201004,1000
persistence,VN-30,201006,3,120.321541,158.0,0.0,0.0,188.0,201004,1000
persistence,VN-30,201007,1,501.348713,535.0,0.0,0.0,723.0,201007,1000
persistence,VN-30,201008,2,680.042952,725.0,0.0,0.0,913.0,201007,1000
persistence,VN-30,201009,3,444.798345,497.0,0.0,0.0,685.0,201007,1000
persistence,VN-30,201010,1,55.897636,76.0,0.0,0.0,609.0,201010,1000
persistence,VN-30,201011,2,401.134408,441.0,0.0,0.0,244.0,201010,1000
persistence,VN-30,201012,3,559.084215,615.0,0.0,0.0,70.0,201010,1000
persistence,VN-31,201001,1,20.038220000000003,33.0,1.0,0.0,51.0,201001,1000
persistence,VN-31,201002,2,19.830743,34.0,1.0,0.0,52.0,201001,1000
persistence,VN-31,201003,3,54.306074,83.0,0.0,0.0,101.0,201001,1000
persistence,VN-31,201004,1,14.083163,21.0,1.0,0.0,122.0,201004,1000
persistence,VN-31,201005,2,28.768963,45.0,1.0,0.0,146.0,201004,1000
persistence,VN-31,201006,3,156.563983,197.0,0.0,0.0,298.0,201004,1000
persistence,VN-31,201007,1,230.372619,265.0,0.0,0.0,563.0,201007,1000
persistence,VN-31,201008,2,259.271216,302.0,0.0,0.0,600.0,201007,1000
persistence,VN-31,201009,3,376.9885149999999,433.0,0.0,0.0,731.0,201007,1000
persistence,VN-31,201010,1,41.31901599999999,59.0,0.0,0.0,672.0,201010,1000
persistence,VN-31,201011,2,274.523702,318.0,0.0,0.0,413.0,201010,1000
persistence,VN-31,201012,3,486.936206,546.0,0.0,0.0,185.0,201010,1000
persistence,VN-32,201001,1,11.346392000000002,4.0,1.0,1.0,37.0,201001,1000
persistence,VN-32,201002,2,17.338774,7.0,1.0,1.0,48.0,201001,1000
persistence,VN-32,201003,3,21.362049999999996,4.0,1.0,1.0,37.0,201001,1000
persistence,VN-32,201004,1,11.747398000000004,8.0,1.0,1.0,45.0,201004,1000
persistence,VN-32,201005,2,19.142119000000008,19.0,1.0,1.0,56.0,201004,1000
persistence,VN-32,201006,3,213.492224,303.0,0.0,0.0,340.0,201004,1000
persistence,VN-32,201007,1,489.8842410000001,556.0,0.0,0.0,896.0,201007,1000
persistence,VN-32,201008,2,521.422066,615.0,0.0,0.0,955.0,201007,1000
persistence,VN-32,201009,3,341.98594,439.0,0.0,0.0,779.0,201007,1000
persistence,VN-32,201010,1,81.589559,115.0,1.0,0.0,664.0,201010,1000
persistence,VN-32,201011,2,332.161479,411.0,0.0,0.0,368.0,201010,1000
persistence,VN-32,201012,3,580.444074,699.0,0.0,0.0,80.0,201010,1000
persistence,VN-33,201001,1,8.043900999999998,9.0,1.0,1.0,35.0,201001,1000
persistence,VN-33,201002,2,19.665725,29.0,1.0,0.0,15.0,201001,1000
persistence,VN-33,201003,3,13.499645,12.0,1.0,1.0,32.0,201001,1000
persistence,VN-33,201004,1,12.193459000000004,18.0,1.0,0.0,14.0,201004,1000
persistence,VN-33,201005,2,11.019123999999998,11.0,1.0,1.0,43.0,201004,1000
persistence,VN-33,201006,3,150.05151999999998,195.0,0.0,0.0,227.0,201004,1000
persistence,VN-33,201007,1,479.219689,523.0,0.0,0.0,750.0,201007,1000
persistence,VN-33,201008,2,1730.620824,1832.0,0.0,0.0,2059.0,201007,1000
persistence,VN-33,201009,3,1227.469054,1332.0,0.0,0.0,1559.0,201007,1000
persistence,VN-33,201010,1,402.8408,444.0,0.0,0.0,1115.0,201010,1000
persistence,VN-33,201011,2,975.507072,1059.0,0.0,0.0,500.0,201010,1000
persistence,VN-33,201012,3,1357.6973429999998,1465.0,0.0,0.0,94.0,201010,1000
persistence,VN-34,201001,1,22.64825400000001,34.0,1.0,0.0,216.0,201001,1000
persistence,VN-34,201002,2,19.976417000000005,13.0,1.0,1.0,169.0,201001,1000
persistence,VN-34,201003,3,31.97468099999999,40.0,1.0,1.0,222.0,201001,1000
persistence,VN-34,201004,1,16.961298,20.0,1.0,1.0,242.0,201004,1000
persistence,VN-34,201005,2,97.703457,144.0,0.0,0.0,366.0,201004,1000
persistence,VN-34,201006,3,267.83549500000004,347.0,0.0,0.0,569.0,201004,1000
persistence,VN-34,201007,1,641.62191,695.0,0.0,0.0,1264.0,201007,1000
persistence,VN-34,201008,2,589.343948,658.0,0.0,0.0,1227.0,201007,1000
persistence,VN-34,201009,3,432.95007,520.0,0.0,0.0,1089.0,201007,1000
persistence,VN-34,201010,1,119.32791,159.0,0.0,0.0,930.0,201010,1000
persistence,VN-34,201011,2,586.398792,655.0,0.0,0.0,434.0,201010,1000
persistence,VN-34,201012,3,797.6750380000001,891.0,0.0,0.0,198.0,201010,1000
persistence,VN-35,201001,1,158.69649099999998,169.0,0.0,0.0,176.0,201001,1000
persistence,VN-35,201002,2,66.07427,78.0,0.0,0.0,85.0,201001,1000
persistence,VN-35,201003,3,49.719871999999995,62.0,0.0,0.0,69.0,201001,1000
persistence,VN-35,201004,1,20.571153,27.0,0.0,0.0,42.0,201004,1000
persistence,VN-35,201005,2,12.958198,19.0,1.0,0.0,50.0,201004,1000
persistence,VN-35,201006,3,39.219801,50.0,0.0,0.0,119.0,201004,1000
persistence,VN-35,201007,1,145.16340599999998,155.0,0.0,0.0,274.0,201007,1000
persistence,VN-35,201008,2,655.970218,671.0,0.0,0.0,790.0,201007,1000
persistence,VN-35,201009,3,856.706669,875.0,0.0,0.0,994.0,201007,1000
persistence,VN-35,201010,1,101.783506,111.0,0.0,0.0,883.0,201010,1000
persistence,VN-35,201011,2,454.97663,470.0,0.0,0.0,524.0,201010,1000
persistence,VN-35,201012,3,572.721584,591.0,0.0,0.0,403.0,201010,1000
persistence,VN-36,201001,1,17.445000999999998,27.0,1.0,0.0,38.0,201001,1000
persistence,VN-36,201002,2,31.899126000000003,48.0,1.0,0.0,17.0,201001,1000
persistence,VN-36,201003,3,20.04091600000001,28.0,1.0,1.0,37.0,201001,1000
persistence,VN-36,201004,1,19.089995,30.0,1.0,0.0,67.0,201004,1000
persistence,VN-36,201005,2,15.995801,24.0,1.0,0.0,61.0,201004,1000
persistence,VN-36,201006,3,13.510016999999998,14.0,1.0,1.0,51.0,201004,1000
persistence,VN-36,201007,1,132.489612,162.0,0.0,0.0,213.0,201007,1000
persistence,VN-36,201008,2,159.162865,199.0,0.0,0.0,250.0,201007,1000
persistence,VN-36,201009,3,291.710296,353.0,0.0,0.0,404.0,201007,1000
persistence,VN-36,201010,1,141.427112,171.0,0.0,0.0,233.0,201010,1000
persistence,VN-36,201011,2,233.746493,279.0,0.0,0.0,125.0,201010,1000
persistence,VN-36,201012,3,287.035118,346.0,0.0,0.0,58.0,201010,1000
persistence,VN-37,201001,1,9.814471000000005,12.0,1.0,1.0,72.0,201001,1000
persistence,VN-37,201002,2,17.802039999999998,25.0,1.0,1.0,35.0,201001,1000
persistence,VN-37,201003,3,16.355588000000004,8.0,1.0,1.0,68.0,201001,1000
persistence,VN-37,201004,1,6.9681580000000025,3.0,1.0,1.0,65.0,201004,1000
persistence,VN-37,201005,2,24.862483000000005,39.0,1.0,0.0,29.0,201004,1000
persistence,VN-37,201006,3,25.356162000000005,38.0,1.0,1.0,30.0,201004,1000
persistence,VN-37,201007,1,72.973258,95.0,0.0,0.0,125.0,201007,1000
persistence,VN-37,201008,2,59.030793,88.0,0.0,0.0,118.0,201007,1000
persistence,VN-37,201009,3,36.487331,63.0,1.0,0.0,93.0,201007,1000
persistence,VN-37,201010,1,8.334623999999998,8.0,1.0,1.0,101.0,201010,1000
persistence,VN-37,201011,2,24.547588,38.0,1.0,0.0,131.0,201010,1000
persistence,VN-37,201012,3,24.565139,35.0,1.0,1.0,128.0,201010,1000
persistence,VN-39,201001,1,41.75259299999999,62.0,1.0,0.0,118.0,201001,1000
persistence,VN-39,201002,2,67.56364400000001,104.0,1.0,0.0,76.0,201001,1000
persistence,VN-39,201003,3,63.74183400000001,90.0,1.0,1.0,90.0,201001,1000
persistence,VN-39,201004,1,19.72353199999999,16.0,1.0,1.0,106.0,201004,1000
persistence,VN-39,201005,2,57.86179799999999,92.0,1.0,0.0,182.0,201004,1000
persistence,VN-39,201006,3,220.117491,339.0,0.0,0.0,429.0,201004,1000
persistence,VN-39,201007,1,874.12076,960.0,0.0,0.0,1389.0,201007,1000
persistence,VN-39,201008,2,1100.357929,1241.0,0.0,0.0,1670.0,201007,1000
persistence,VN-39,201009,3,588.796016,751.0,0.0,0.0,1180.0,201007,1000
persistence,VN-39,201010,1,215.036284,281.0,0.0,0.0,899.0,201010,1000
persistence,VN-39,201011,2,604.35822,728.0,0.0,0.0,452.0,201010,1000
persistence,VN-39,201012,3,769.7618709999999,944.0,0.0,0.0,236.0,201010,1000
persistence,VN-40,201001,1,18.491498,22.0,1.0,1.0,100.0,201001,1000
persistence,VN-40,201002,2,46.880332,76.0,1.0,0.0,46.0,201001,1000
persistence,VN-40,201003,3,35.829995,44.0,1.0,1.0,78.0,201001,1000
persistence,VN-40,201004,1,14.239559999999996,3.0,1.0,1.0,75.0,201004,1000
persistence,VN-40,201005,2,21.954528999999994,3.0,1.0,1.0,75.0,201004,1000
persistence,VN-40,201006,3,41.87588799999999,65.0,1.0,1.0,143.0,201004,1000
persistence,VN-40,201007,1,112.257781,154.0,0.0,0.0,297.0,201007,1000
persistence,VN-40,201008,2,141.38115,202.0,0.0,0.0,345.0,201007,1000
persistence,VN-40,201009,3,157.668621,236.0,0.0,0.0,379.0,201007,1000
persistence,VN-40,201010,1,27.773812000000007,43.0,1.0,0.0,336.0,201010,1000
persistence,VN-40,201011,2,121.81319,178.0,0.0,0.0,201.0,201010,1000
persistence,VN-40,201012,3,160.75039800000002,237.0,0.0,0.0,142.0,201010,1000
persistence,VN-41,201001,1,270.21441599999997,325.0,0.0,0.0,20.0,201001,1000
persistence,VN-41,201002,2,248.762807,333.0,0.0,0.0,12.0,201001,1000
persistence,VN-41,201003,3,226.746028,326.0,0.0,0.0,19.0,201001,1000
persistence,VN-41,201004,1,10.834744,2.0,1.0,1.0,21.0,201004,1000
persistence,VN-41,201005,2,25.081593999999996,39.0,1.0,1.0,58.0,201004,1000
persistence,VN-41,201006,3,67.990305,128.0,1.0,0.0,147.0,201004,1000
persistence,VN-41,201007,1,235.666736,289.0,0.0,0.0,436.0,201007,1000
persistence,VN-41,201008,2,415.184779,514.0,0.0,0.0,661.0,201007,1000
persistence,VN-41,201009,3,418.580936,548.0,0.0,0.0,695.0,201007,1000
persistence,VN-41,201010,1,256.824764,311.0,0.0,0.0,384.0,201010,1000
persistence,VN-41,201011,2,355.224808,449.0,0.0,0.0,246.0,201010,1000
persistence,VN-41,201012,3,392.61374,515.0,0.0,0.0,180.0,201010,1000
persistence,VN-43,201001,1,234.49539499999997,275.0,0.0,0.0,19.0,201001,1000
persistence,VN-43,201002,2,224.452247,279.0,0.0,0.0,15.0,201001,1000
persistence,VN-43,201003,3,201.638191,269.0,0.0,0.0,25.0,201001,1000
persistence,VN-43,201004,1,8.024812999999998,5.0,1.0,1.0,20.0,201004,1000
persistence,VN-43,201005,2,11.68047,9.0,1.0,1.0,16.0,201004,1000
persistence,VN-43,201006,3,15.418464,8.0,1.0,1.0,17.0,201004,1000
persistence,VN-43,201007,1,17.271078,28.0,1.0,0.0,45.0,201007,1000
persistence,VN-43,201008,2,24.932327,42.0,1.0,0.0,59.0,201007,1000
persistence,VN-43,201009,3,43.57453,78.0,1.0,0.0,95.0,201007,1000
persistence,VN-43,201010,1,20.163596999999996,30.0,1.0,0.0,125.0,201010,1000
persistence,VN-43,201011,2,56.36240599999999,85.0,1.0,0.0,180.0,201010,1000
persistence,VN-43,201012,3,32.602767,47.0,1.0,1.0,142.0,201010,1000
persistence,VN-44,201001,1,182.112376,251.0,0.0,0.0,210.0,201001,1000
persistence,VN-44,201002,2,274.003462,376.0,0.0,0.0,85.0,201001,1000
persistence,VN-44,201003,3,169.77482600000002,266.0,1.0,0.0,195.0,201001,1000
persistence,VN-44,201004,1,25.258153000000007,11.0,1.0,1.0,206.0,201004,1000
persistence,VN-44,201005,2,38.46437999999999,8.0,1.0,1.0,187.0,201004,1000
persistence,VN-44,201006,3,68.693199,102.0,1.0,1.0,297.0,201004,1000
persistence,VN-44,201007,1,289.614284,370.0,0.0,0.0,667.0,201007,1000
persistence,VN-44,201008,2,412.0060380000001,530.0,0.0,0.0,827.0,201007,1000
persistence,VN-44,201009,3,333.131294,474.0,0.0,0.0,771.0,201007,1000
persistence,VN-44,201010,1,71.31813000000001,111.0,1.0,0.0,882.0,201010,1000
persistence,VN-44,201011,2,42.367579000000006,32.0,1.0,1.0,739.0,201010,1000
persistence,VN-44,201012,3,209.776256,319.0,1.0,0.0,452.0,201010,1000
persistence,VN-45,201001,1,91.209178,145.0,1.0,0.0,268.0,201001,1000
persistence,VN-45,201002,2,172.034656,271.0,1.0,0.0,142.0,201001,1000
persistence,VN-45,201003,3,175.505906,284.0,1.0,0.0,129.0,201001,1000
persistence,VN-45,201004,1,29.295712999999992,14.0,1.0,1.0,115.0,201004,1000
persistence,VN-45,201005,2,46.55028700000001,4.0,1.0,1.0,133.0,201004,1000
persistence,VN-45,201006,3,74.51777899999999,101.0,1.0,1.0,230.0,201004,1000
persistence,VN-45,201007,1,262.27490900000004,350.0,0.0,0.0,580.0,201007,1000
persistence,VN-45,201008,2,354.97702799999996,504.0,0.0,0.0,734.0,201007,1000
persistence,VN-45,201009,3,377.72415299999994,565.0,0.0,0.0,795.0,201007,1000
persistence,VN-45,201010,1,65.58072399999999,104.0,1.0,0.0,691.0,201010,1000
persistence,VN-45,201011,2,262.998785,389.0,0.0,0.0,406.0,201010,1000
persistence,VN-45,201012,3,405.2566379999999,588.0,0.0,0.0,207.0,201010,1000
persistence,VN-46,201001,1,172.83417999999998,252.0,0.0,0.0,121.0,201001,1000
persistence,VN-46,201002,2,184.57695500000003,295.0,1.0,0.0,78.0,201001,1000
persistence,VN-46,201003,3,186.767237,311.0,1.0,0.0,62.0,201001,1000
persistence,VN-46,201004,1,29.700671999999997,29.0,1.0,1.0,33.0,201004,1000
persistence,VN-46,201005,2,40.74330900000001,7.0,1.0,1.0,55.0,201004,1000
persistence,VN-46,201006,3,61.106494000000026,55.0,1.0,1.0,117.0,201004,1000
persistence,VN-46,201007,1,209.10702199999997,298.0,0.0,0.0,415.0,201007,1000
persistence,VN-46,201008,2,545.1554540000001,727.0,0.0,0.0,844.0,201007,1000
persistence,VN-46,201009,3,565.6068300000001,811.0,0.0,0.0,928.0,201007,1000
persistence,VN-46,201010,1,36.342483,28.0,1.0,1.0,900.0,201010,1000
persistence,VN-46,201011,2,188.96791899999997,299.0,1.0,0.0,629.0,201010,1000
persistence,VN-46,201012,3,241.156519,389.0,1.0,0.0,539.0,201010,1000
persistence,VN-47,201001,1,51.722323,81.0,1.0,0.0,298.0,201001,1000
persistence,VN-47,201002,2,49.83220700000001,57.0,1.0,1.0,160.0,201001,1000
persistence,VN-47,201003,3,55.686747,53.0,1.0,1.0,270.0,201001,1000
persistence,VN-47,201004,1,26.273833999999994,13.0,1.0,1.0,257.0,201004,1000
persistence,VN-47,201005,2,40.90453299999999,13.0,1.0,1.0,257.0,201004,1000
persistence,VN-47,201006,3,133.080991,215.0,1.0,0.0,485.0,201004,1000
persistence,VN-47,201007,1,294.11967599999997,375.0,0.0,0.0,860.0,201007,1000
persistence,VN-47,201008,2,385.22557,509.0,0.0,0.0,994.0,201007,1000
persistence,VN-47,201009,3,330.33391,471.0,0.0,0.0,956.0,201007,1000
persistence,VN-47,201010,1,240.369574,316.0,0.0,0.0,640.0,201010,1000
persistence,VN-47,201011,2,346.87284,467.0,0.0,0.0,489.0,201010,1000
persistence,VN-47,201012,3,518.050019,679.0,0.0,0.0,277.0,201010,1000
persistence,VN-49,201001,1,32.771238000000004,50.0,1.0,0.0,8.0,201001,1000
persistence,VN-49,201002,2,32.94966699999999,54.0,1.0,0.0,4.0,201001,1000
persistence,VN-49,201003,3,29.75910199999999,49.0,1.0,0.0,9.0,201001,1000
persistence,VN-49,201004,1,6.308475000000001,5.0,1.0,1.0,4.0,201004,1000
persistence,VN-49,201005,2,8.980416999999996,8.0,1.0,1.0,17.0,201004,1000
persistence,VN-49,201006,3,16.456893,31.0,1.0,1.0,40.0,201004,1000
persistence,VN-49,201007,1,32.529252,50.0,1.0,0.0,90.0,201007,1000
persistence,VN-49,201008,2,46.17995900000001,73.0,1.0,0.0,113.0,201007,1000
persistence,VN-49,201009,3,14.433600999999996,11.0,1.0,1.0,51.0,201007,1000
persistence,VN-49,201010,1,8.634938000000002,6.0,1.0,1.0,57.0,201010,1000
persistence,VN-49,201011,2,13.548322,13.0,1.0,1.0,38.0,201010,1000
persistence,VN-49,201012,3,20.359122,30.0,1.0,1.0,21.0,201010,1000
persistence,VN-50,201001,1,66.05795699999999,105.0,1.0,0.0,54.0,201001,1000
persistence,VN-50,201002,2,90.17566399999998,146.0,1.0,0.0,13.0,201001,1000
persistence,VN-50,201003,3,87.06776499999998,130.0,1.0,1.0,29.0,201001,1000
persistence,VN-50,201004,1,22.197388000000004,16.0,1.0,1.0,13.0,201004,1000
persistence,VN-50,201005,2,33.631527000000006,15.0,1.0,1.0,14.0,201004,1000
persistence,VN-50,201006,3,42.680577,17.0,1.0,1.0,12.0,201004,1000
persistence,VN-50,201007,1,19.48368599999999,20.0,1.0,1.0,32.0,201007,1000
persistence,VN-50,201008,2,35.257722,51.0,1.0,1.0,63.0,201007,1000
persistence,VN-50,201009,3,43.276790000000005,51.0,1.0,1.0,63.0,201007,1000
persistence,VN-50,201010,1,26.171649,19.0,1.0,1.0,82.0,201010,1000
persistence,VN-50,201011,2,38.624967,1.0,1.0,1.0,62.0,201010,1000
persistence,VN-50,201012,3,47.977372,4.0,1.0,1.0,67.0,201010,1000
persistence,VN-51,201001,1,26.442089000000003,41.0,1.0,0.0,87.0,201001,1000
persistence,VN-51,201002,2,52.874898,83.0,1.0,0.0,45.0,201001,1000
persistence,VN-51,201003,3,44.47488299999999,69.0,1.0,0.0,59.0,201001,1000
persistence,VN-51,201004,1,13.680362000000002,17.0,1.0,1.0,76.0,201004,1000
persistence,VN-51,201005,2,46.706684,76.0,1.0,0.0,135.0,201004,1000
persistence,VN-51,201006,3,59.238395,99.0,1.0,0.0,158.0,201004,1000
persistence,VN-51,201007,1,60.673103,87.0,0.0,0.0,245.0,201007,1000
persistence,VN-51,201008,2,65.376405,101.0,1.0,0.0,259.0,201007,1000
persistence,VN-51,201009,3,91.39464999999998,141.0,1.0,0.0,299.0,201007,1000
persistence,VN-51,201010,1,20.293840000000003,30.0,1.0,0.0,269.0,201010,1000
persistence,VN-51,201011,2,91.87254,135.0,1.0,0.0,164.0,201010,1000
persistence,VN-51,201012,3,87.166708,134.0,1.0,0.0,165.0,201010,1000
persistence,VN-52,201001,1,34.41377200000001,51.0,1.0,0.0,167.0,201001,1000
persistence,VN-52,201002,2,83.20265,131.0,1.0,0.0,87.0,201001,1000
persistence,VN-52,201003,3,82.98497499999999,127.0,1.0,0.0,91.0,201001,1000
persistence,VN-52,201004,1,22.362855999999994,27.0,1.0,1.0,64.0,201004,1000
persistence,VN-52,201005,2,33.10101499999999,34.0,1.0,1.0,125.0,201004,1000
persistence,VN-52,201006,3,50.25286799999999,71.0,1.0,1.0,162.0,201004,1000
persistence,VN-52,201007,1,239.952303,304.0,0.0,0.0,466.0,201007,1000
persistence,VN-52,201008,2,532.61474,650.0,0.0,0.0,812.0,201007,1000
persistence,VN-52,201009,3,627.8402679999999,782.0,0.0,0.0,944.0,201007,1000
persistence,VN-52,201010,1,132.72670699999998,183.0,0.0,0.0,1127.0,201010,1000
persistence,VN-52,201011,2,117.029477,180.0,1.0,0.0,764.0,201010,1000
persistence,VN-52,201012,3,247.88065599999996,358.0,0.0,0.0,586.0,201010,1000
persistence,VN-53,201001,1,0.00049,0.0,1.0,1.0,0.0,201001,1000
persistence,VN-53,201002,2,0.000674,0.0,1.0,1.0,0.0,201001,1000
persistence,VN-53,201003,3,0.00049,0.0,1.0,1.0,0.0,201001,1000
persistence,VN-53,201004,1,0.00049,0.0,1.0,1.0,0.0,201004,1000
persistence,VN-53,201005,2,0.000674,0.0,1.0,1.0,0.0,201004,1000
persistence,VN-53,201006,3,0.00049,0.0,1.0,1.0,0.0,201004,1000
persistence,VN-53,201007,1,0.00049,0.0,1.0,1.0,0.0,201007,1000
persistence,VN-53,201008,2,0.000674,0.0,1.0,1.0,0.0,201007,1000
persistence,VN-53,201009,3,0.00049,0.0,1.0,1.0,0.0,201007,1000
persistence,VN-53,201010,1,0.00049,0.0,1.0,1.0,0.0,201010,1000
persistence,VN-53,201011,2,0.000674,0.0,1.0,1.0,0.0,201010,1000
persistence,VN-53,201012,3,0.00049,0.0,1.0,1.0,0.0,201010,1000
persistence,VN-54,201001,1,0.7949770000000003,1.0,1.0,0.0,1.0,201001,1000
persistence,VN-54,201002,2,0.1095610000000002,0.0,1.0,1.0,0.0,201001,1000
persistence,VN-54,201003,3,0.115043,0.0,1.0,1.0,0.0,201001,1000
persistence,VN-54,201004,1,0.0809770000000003,0.0,1.0,1.0,0.0,201004,1000
persistence,VN-54,201005,2,0.1095610000000002,0.0,1.0,1.0,0.0,201004,1000
persistence,VN-54,201006,3,2.371043,3.0,0.0,0.0,3.0,201004,1000
persistence,VN-54,201007,1,5.104191,6.0,0.0,0.0,9.0,201007,1000
persistence,VN-54,201008,2,184.471434,190.0,0.0,0.0,193.0,201007,1000
persistence,VN-54,201009,3,399.947865,406.0,0.0,0.0,409.0,201007,1000
persistence,VN-54,201010,1,308.671954,313.0,0.0,0.0,96.0,201010,1000
persistence,VN-54,201011,2,392.537122,398.0,0.0,0.0,11.0,201010,1000
persistence,VN-54,201012,3,400.012086,406.0,0.0,0.0,3.0,201010,1000
persistence,VN-55,201001,1,25.536932,40.0,1.0,0.0,82.0,201001,1000
persistence,VN-55,201002,2,12.937182,10.0,1.0,1.0,32.0,201001,1000
persistence,VN-55,201003,3,24.264541,37.0,1.0,1.0,79.0,201001,1000
persistence,VN-55,201004,1,7.807517000000001,2.0,1.0,1.0,77.0,201004,1000
persistence,VN-55,201005,2,25.966509999999992,39.0,1.0,1.0,118.0,201004,1000
persistence,VN-55,201006,3,55.244734,89.0,1.0,0.0,168.0,201004,1000
persistence,VN-55,201007,1,63.246995,87.0,0.0,0.0,255.0,201007,1000
persistence,VN-55,201008,2,81.627741,118.0,0.0,0.0,286.0,201007,1000
persistence,VN-55,201009,3,45.36839,72.0,1.0,0.0,240.0,201007,1000
persistence,VN-55,201010,1,36.992523,55.0,1.0,0.0,185.0,201010,1000
persistence,VN-55,201011,2,104.388011,144.0,0.0,0.0,96.0,201010,1000
persistence,VN-55,201012,3,98.060033,142.0,0.0,0.0,98.0,201010,1000
persistence,VN-56,201001,1,20.273496,22.0,0.0,0.0,0.0,201001,1000
persistence,VN-56,201002,2,20.101279,22.0,0.0,0.0,0.0,201001,1000
persistence,VN-56,201003,3,20.12293,22.0,0.0,0.0,0.0,201001,1000
persistence,VN-56,201004,1,0.0863099999999996,0.0,1.0,1.0,0.0,201004,1000
persistence,VN-56,201005,2,0.10386,0.0,1.0,1.0,0.0,201004,1000
persistence,VN-56,201006,3,0.1027569999999999,0.0,1.0,1.0,0.0,201004,1000
persistence,VN-56,201007,1,257.48631,263.0,0.0,0.0,263.0,201007,1000
persistence,VN-56,201008,2,184.16786,190.0,0.0,0.0,190.0,201007,1000
persistence,VN-56,201009,3,395.600757,401.0,0.0,0.0,401.0,201007,1000
persistence,VN-56,201010,1,316.57262,322.0,0.0,0.0,79.0,201010,1000
persistence,VN-56,201011,2,395.27172,401.0,0.0,0.0,0.0,201010,1000
persistence,VN-56,201012,3,395.703514,401.0,0.0,0.0,0.0,201010,1000
persistence,VN-57,201001,1,13.173470000000002,14.0,1.0,1.0,167.0,201001,1000
persistence,VN-57,201002,2,29.346612,45.0,1.0,0.0,108.0,201001,1000
persistence,VN-57,201003,3,22.416022999999996,6.0,1.0,1.0,159.0,201001,1000
persistence,VN-57,201004,1,13.809236,16.0,1.0,1.0,143.0,201004,1000
persistence,VN-57,201005,2,16.73050599999999,9.0,1.0,1.0,150.0,201004,1000
persistence,VN-57,201006,3,64.57546099999999,104.0,1.0,0.0,263.0,201004,1000
persistence,VN-57,201007,1,123.81897700000002,157.0,0.0,0.0,420.0,201007,1000
persistence,VN-57,201008,2,75.120911,111.0,0.0,0.0,374.0,201007,1000
persistence,VN-57,201009,3,39.680267,60.0,1.0,1.0,323.0,201007,1000
persistence,VN-57,201010,1,16.079676,22.0,1.0,1.0,345.0,201010,1000
persistence,VN-57,201011,2,16.656351,6.0,1.0,1.0,329.0,201010,1000
persistence,VN-57,201012,3,25.559898999999987,21.0,1.0,1.0,302.0,201010,1000
persistence,VN-58,201001,1,22.04377,34.0,1.0,0.0,25.0,201001,1000
persistence,VN-58,201002,2,28.670708,43.0,1.0,1.0,16.0,201001,1000
persistence,VN-58,201003,3,33.25970500000001,47.0,1.0,1.0,12.0,201001,1000
persistence,VN-58,201004,1,8.999348000000001,3.0,1.0,1.0,9.0,201004,1000
persistence,VN-58,201005,2,14.13201,7.0,1.0,1.0,5.0,201004,1000
persistence,VN-58,201006,3,19.51004200000001,14.0,1.0,1.0,26.0,201004,1000
persistence,VN-58,201007,1,35.85987299999999,59.0,1.0,0.0,85.0,201007,1000
persistence,VN-58,201008,2,124.804972,187.0,0.0,0.0,213.0,201007,1000
persistence,VN-58,201009,3,103.704415,177.0,1.0,0.0,203.0,201007,1000
persistence,VN-58,201010,1,21.183185999999992,30.0,1.0,1.0,173.0,201010,1000
persistence,VN-58,201011,2,41.274159999999995,64.0,1.0,0.0,139.0,201010,1000
persistence,VN-58,201012,3,55.689351999999985,90.0,1.0,0.0,113.0,201010,1000
persistence,VN-59,201001,1,907.086551,968.0,0.0,0.0,989.0,201001,1000
persistence,VN-59,201002,2,461.56679899999995,549.0,0.0,0.0,570.0,201001,1000
persistence,VN-59,201003,3,272.68863,365.0,0.0,0.0,386.0,201001,1000
persistence,VN-59,201004,1,94.699889,129.0,0.0,0.0,257.0,201004,1000
persistence,VN-59,201005,2,35.14776900000001,51.0,1.0,1.0,335.0,201004,1000
persistence,VN-59,201006,3,41.171750999999986,58.0,1.0,1.0,328.0,201004,1000
persistence,VN-59,201007,1,372.01909,423.0,0.0,0.0,751.0,201007,1000
persistence,VN-59,201008,2,1035.300135,1127.0,0.0,0.0,1455.0,201007,1000
persistence,VN-59,201009,3,1572.406116,1700.0,0.0,0.0,2028.0,201007,1000
persistence,VN-59,201010,1,583.549318,639.0,0.0,0.0,2667.0,201010,1000
persistence,VN-59,201011,2,232.590346,297.0,0.0,0.0,2325.0,201010,1000
persistence,VN-59,201012,3,68.376246,107.0,1.0,0.0,1921.0,201010,1000
persistence,VN-61,201001,1,0.0069989999999999,0.0,1.0,1.0,0.0,201001,1000
persistence,VN-61,201002,2,0.0092399999999999,0.0,1.0,1.0,0.0,201001,1000
persistence,VN-61,201003,3,0.0117509999999999,0.0,1.0,1.0,0.0,201001,1000
persistence,VN-61,201004,1,0.0069989999999999,0.0,1.0,1.0,0.0,201004,1000
persistence,VN-61,201005,2,0.0092399999999999,0.0,1.0,1.0,0.0,201004,1000
persistence,VN-61,201006,3,0.0117509999999999,0.0,1.0,1.0,0.0,201004,1000
persistence,VN-61,201007,1,0.0069989999999999,0.0,1.0,1.0,0.0,201007,1000
persistence,VN-61,201008,2,0.0092399999999999,0.0,1.0,1.0,0.0,201007,1000
persistence,VN-61,201009,3,0.0117509999999999,0.0,1.0,1.0,0.0,201007,1000
persistence,VN-61,201010,1,0.0069989999999999,0.0,1.0,1.0,0.0,201010,1000
persistence,VN-61,201011,2,0.0092399999999999,0.0,1.0,1.0,0.0,201010,1000
persistence,VN-61,201012,3,0.0117509999999999,0.0,1.0,1.0,0.0,201010,1000
persistence,VN-63,201001,1,0.0618800000000001,0.0,1.0,1.0,0.0,201001,1000
persistence,VN-63,201002,2,0.085825,0.0,1.0,1.0,0.0,201001,1000
persistence,VN-63,201003,3,0.083814,0.0,1.0,1.0,0.0,201001,1000
persistence,VN-63,201004,1,0.0618800000000001,0.0,1.0,1.0,0.0,201004,1000
persistence,VN-63,201005,2,0.6978250000000001,1.0,1.0,0.0,1.0,201004,1000
persistence,VN-63,201006,3,4.005814,5.0,0.0,0.0,5.0,201004,1000
persistence,VN-63,201007,1,4.198942000000001,5.0,0.0,0.0,0.0,201007,1000
persistence,VN-63,201008,2,4.071247,5.0,0.0,0.0,0.0,201007,1000
persistence,VN-63,201009,3,4.072931,5.0,0.0,0.0,0.0,201007,1000
persistence,VN-63,201010,1,2.3758800000000004,3.0,0.0,0.0,3.0,201010,1000
persistence,VN-63,201011,2,2.2898249999999996,3.0,0.0,0.0,3.0,201010,1000
persistence,VN-63,201012,3,2.303814,3.0,0.0,0.0,3.0,201010,1000
persistence,VN-66,201001,1,0.0163559999999999,0.0,1.0,1.0,0.0,201001,1000
persistence,VN-66,201002,2,0.012437,0.0,1.0,1.0,0.0,201001,1000
persistence,VN-66,201003,3,0.0177029999999999,0.0,1.0,1.0,0.0,201001,1000
persistence,VN-66,201004,1,0.0163559999999999,0.0,1.0,1.0,0.0,201004,1000
persistence,VN-66,201005,2,0.8144369999999999,1.0,0.0,0.0,1.0,201004,1000
persistence,VN-66,201006,3,0.0177029999999999,0.0,1.0,1.0,0.0,201004,1000
persistence,VN-66,201007,1,0.0163559999999999,0.0,1.0,1.0,0.0,201007,1000
persistence,VN-66,201008,2,0.012437,0.0,1.0,1.0,0.0,201007,1000
persistence,VN-66,201009,3,0.0177029999999999,0.0,1.0,1.0,0.0,201007,1000
persistence,VN-66,201010,1,0.0163559999999999,0.0,1.0,1.0,0.0,201010,1000
persistence,VN-66,201011,2,0.012437,0.0,1.0,1.0,0.0,201010,1000
persistence,VN-66,201012,3,0.0177029999999999,0.0,1.0,1.0,0.0,201010,1000
persistence,VN-67,201001,1,0.9231980000000002,1.0,1.0,0.0,1.0,201001,1000
persistence,VN-67,201002,2,0.3814440000000001,0.0,1.0,1.0,0.0,201001,1000
persistence,VN-67,201003,3,0.4011409999999999,0.0,1.0,1.0,0.0,201001,1000
persistence,VN-67,201004,1,0.3011980000000003,0.0,1.0,1.0,0.0,201004,1000
persistence,VN-67,201005,2,0.3814440000000001,0.0,1.0,1.0,0.0,201004,1000
persistence,VN-67,201006,3,0.4011409999999999,0.0,1.0,1.0,0.0,201004,1000
persistence,VN-67,201007,1,60.895198,68.0,0.0,0.0,68.0,201007,1000
persistence,VN-67,201008,2,95.105444,105.0,0.0,0.0,105.0,201007,1000
persistence,VN-67,201009,3,37.921141,44.0,0.0,0.0,44.0,201007,1000
persistence,VN-67,201010,1,1.1524129999999992,1.0,1.0,0.0,43.0,201010,1000
persistence,VN-67,201011,2,34.590036000000005,40.0,0.0,0.0,4.0,201010,1000
persistence,VN-67,201012,3,38.227569,44.0,0.0,0.0,0.0,201010,1000
persistence,VN-68,201001,1,7.166575,8.0,0.0,0.0,8.0,201001,1000
persistence,VN-68,201002,2,1.7109069999999995,2.0,0.0,0.0,2.0,201001,1000
persistence,VN-68,201003,3,3.46392,4.0,0.0,0.0,4.0,201001,1000
persistence,VN-68,201004,1,1.7469759999999996,2.0,0.0,0.0,2.0,201004,1000
persistence,VN-68,201005,2,1.7434890000000005,2.0,0.0,0.0,6.0,201004,1000
persistence,VN-68,201006,3,4.389424999999999,5.0,0.0,0.0,9.0,201004,1000
persistence,VN-68,201007,1,0.9024330000000004,1.0,1.0,0.0,8.0,201007,1000
persistence,VN-68,201008,2,2.6315340000000003,3.0,0.0,0.0,6.0,201007,1000
persistence,VN-68,201009,3,2.628234,3.0,0.0,0.0,6.0,201007,1000
persistence,VN-68,201010,1,6.277141,7.0,0.0,0.0,13.0,201010,1000
persistence,VN-68,201011,2,7.073106999999999,8.0,0.0,0.0,14.0,201010,1000
persistence,VN-68,201012,3,0.9187339999999996,1.0,1.0,0.0,7.0,201010,1000
persistence,VN-69,201001,1,0.02587,0.0,1.0,1.0,0.0,201001,1000
persistence,VN-69,201002,2,0.0326219999999999,0.0,1.0,1.0,0.0,201001,1000
persistence,VN-69,201003,3,3.4136059999999997,4.0,0.0,0.0,4.0,201001,1000
persistence,VN-69,201004,1,1.659571,2.0,0.0,0.0,2.0,201004,1000
persistence,VN-69,201005,2,1.618683,2.0,0.0,0.0,2.0,201004,1000
persistence,VN-69,201006,3,3.4430289999999997,4.0,0.0,0.0,0.0,201004,1000
persistence,VN-69,201007,1,0.02587,0.0,1.0,1.0,0.0,201007,1000
persistence,VN-69,201008,2,0.0326219999999999,0.0,1.0,1.0,0.0,201007,1000
persistence,VN-69,201009,3,0.031606,0.0,1.0,1.0,0.0,201007,1000
persistence,VN-69,201010,1,0.02587,0.0,1.0,1.0,0.0,201010,1000
persistence,VN-69,201011,2,0.0326219999999999,0.0,1.0,1.0,0.0,201010,1000
persistence,VN-69,201012,3,0.031606,0.0,1.0,1.0,0.0,201010,1000
persistence,VN-70,201001,1,0.1076459999999999,0.0,1.0,1.0,0.0,201001,1000
persistence,VN-70,201002,2,0.1394290000000002,0.0,1.0,1.0,0.0,201001,1000
persistence,VN-70,201003,3,0.1809259999999999,0.0,1.0,1.0,0.0,201001,1000
persistence,VN-70,201004,1,0.1076459999999999,0.0,1.0,1.0,0.0,201004,1000
persistence,VN-70,201005,2,0.1394290000000002,0.0,1.0,1.0,0.0,201004,1000
persistence,VN-70,201006,3,0.1809259999999999,0.0,1.0,1.0,0.0,201004,1000
persistence,VN-70,201007,1,0.1076459999999999,0.0,1.0,1.0,0.0,201007,1000
persistence,VN-70,201008,2,0.1394290000000002,0.0,1.0,1.0,0.0,201007,1000
persistence,VN-70,201009,3,0.1809259999999999,0.0,1.0,1.0,0.0,201007,1000
persistence,VN-70,201010,1,0.1076459999999999,0.0,1.0,1.0,0.0,201010,1000
persistence,VN-70,201011,2,0.1394290000000002,0.0,1.0,1.0,0.0,201010,1000
persistence,VN-70,201012,3,0.1809259999999999,0.0,1.0,1.0,0.0,201010,1000
persistence,VN-71,201001,1,0.001372,0.0,1.0,1.0,0.0,201001,1000
persistence,VN-71,201002,2,0.0014289999999999,0.0,1.0,1.0,0.0,201001,1000
persistence,VN-71,201003,3,0.0014289999999999,0.0,1.0,1.0,0.0,201001,1000
persistence,VN-71,201004,1,0.001372,0.0,1.0,1.0,0.0,201004,1000
persistence,VN-71,201005,2,0.0014289999999999,0.0,1.0,1.0,0.0,201004,1000
persistence,VN-71,201006,3,0.0014289999999999,0.0,1.0,1.0,0.0,201004,1000
persistence,VN-71,201007,1,0.001372,0.0,1.0,1.0,0.0,201007,1000
persistence,VN-71,201008,2,0.0014289999999999,0.0,1.0,1.0,0.0,201007,1000
persistence,VN-71,201009,3,0.0014289999999999,0.0,1.0,1.0,0.0,201007,1000
persistence,VN-71,201010,1,0.001372,0.0,1.0,1.0,0.0,201010,1000
persistence,VN-71,201011,2,0.0014289999999999,0.0,1.0,1.0,0.0,201010,1000
persistence,VN-71,201012,3,0.0014289999999999,0.0,1.0,1.0,0.0,201010,1000
persistence,VN-72,201001,1,3.249525,4.0,1.0,1.0,12.0,201001,1000
persistence,VN-72,201002,2,3.0102110000000017,0.0,1.0,1.0,16.0,201001,1000
persistence,VN-72,201003,3,4.3895279999999985,5.0,1.0,1.0,11.0,201001,1000
persistence,VN-72,201004,1,33.919007,43.0,0.0,0.0,54.0,201004,1000
persistence,VN-72,201005,2,287.286735,315.0,0.0,0.0,326.0,201004,1000
persistence,VN-72,201006,3,380.588209,416.0,0.0,0.0,427.0,201004,1000
persistence,VN-72,201007,1,112.24894,126.0,0.0,0.0,553.0,201007,1000
persistence,VN-72,201008,2,145.79184,167.0,0.0,0.0,260.0,201007,1000
persistence,VN-72,201009,3,95.011738,112.0,0.0,0.0,315.0,201007,1000
persistence,VN-72,201010,1,133.01693999999998,148.0,0.0,0.0,167.0,201010,1000
persistence,VN-72,201011,2,238.454481,264.0,0.0,0.0,51.0,201010,1000
persistence,VN-72,201012,3,261.73423,291.0,0.0,0.0,24.0,201010,1000
persistence,VN-73,201001,1,17.534126,27.0,1.0,0.0,35.0,201001,1000
persistence,VN-73,201002,2,28.126635,47.0,1.0,0.0,15.0,201001,1000
persistence,VN-73,201003,3,20.206038999999997,18.0,1.0,1.0,44.0,201001,1000
persistence,VN-73,201004,1,11.326874,13.0,1.0,1.0,31.0,201004,1000
persistence,VN-73,201005,2,14.666899,10.0,1.0,1.0,34.0,201004,1000
persistence,VN-73,201006,3,17.098658999999998,4.0,1.0,1.0,48.0,201004,1000
persistence,VN-73,201007,1,82.88068,110.0,0.0,0.0,158.0,201007,1000
persistence,VN-73,201008,2,109.831095,151.0,0.0,0.0,199.0,201007,1000
persistence,VN-73,201009,3,55.33370300000001,95.0,1.0,0.0,143.0,201007,1000
persistence,VN-73,201010,1,9.474642,3.0,1.0,1.0,140.0,201010,1000
persistence,VN-73,201011,2,19.28644199999999,24.0,1.0,1.0,119.0,201010,1000
persistence,VN-73,201012,3,34.989755,57.0,1.0,1.0,86.0,201010,1000
persistence,VN-CT,201001,1,91.593382,121.0,0.0,0.0,27.0,201001,1000
persistence,VN-CT,201002,2,100.574272,141.0,0.0,0.0,7.0,201001,1000
persistence,VN-CT,201003,3,90.108308,134.0,0.0,0.0,14.0,201001,1000
persistence,VN-CT,201004,1,8.237024000000002,7.0,1.0,1.0,7.0,201004,1000
persistence,VN-CT,201005,2,11.026787,8.0,1.0,1.0,6.0,201004,1000
persistence,VN-CT,201006,3,12.310249999999996,5.0,1.0,1.0,9.0,201004,1000
persistence,VN-CT,201007,1,45.04213,72.0,0.0,0.0,81.0,201007,1000
persistence,VN-CT,201008,2,102.111859,149.0,0.0,0.0,158.0,201007,1000
persistence,VN-CT,201009,3,245.698437,307.0,0.0,0.0,316.0,201007,1000
persistence,VN-CT,201010,1,19.864786,31.0,1.0,0.0,347.0,201010,1000
persistence,VN-CT,201011,2,122.479897,165.0,0.0,0.0,481.0,201010,1000
persistence,VN-CT,201012,3,32.457744999999996,50.0,1.0,1.0,366.0,201010,1000
persistence,VN-DN,201001,1,229.96848,264.0,0.0,0.0,269.0,201001,1000
persistence,VN-DN,201002,2,243.64603999999997,295.0,0.0,0.0,238.0,201001,1000
persistence,VN-DN,201003,3,311.727193,378.0,0.0,0.0,155.0,201001,1000
persistence,VN-DN,201004,1,48.774252999999995,65.0,1.0,0.0,90.0,201004,1000
persistence,VN-DN,201005,2,40.819215,57.0,1.0,0.0,98.0,201004,1000
persistence,VN-DN,201006,3,18.65157200000001,19.0,1.0,1.0,174.0,201004,1000
persistence,VN-DN,201007,1,71.853364,93.0,0.0,0.0,267.0,201007,1000
persistence,VN-DN,201008,2,155.416315,198.0,0.0,0.0,372.0,201007,1000
persistence,VN-DN,201009,3,744.98261,823.0,0.0,0.0,997.0,201007,1000
persistence,VN-DN,201010,1,26.45672399999999,36.0,1.0,0.0,961.0,201010,1000
persistence,VN-DN,201011,2,305.659464,360.0,0.0,0.0,637.0,201010,1000
persistence,VN-DN,201012,3,713.950826,791.0,0.0,0.0,206.0,201010,1000
persistence,VN-HN,201001,1,462.804591,544.0,0.0,0.0,79.0,201001,1000
persistence,VN-HN,201002,2,481.892489,591.0,0.0,0.0,32.0,201001,1000
persistence,VN-HN,201003,3,460.186143,580.0,0.0,0.0,43.0,201001,1000
persistence,VN-HN,201004,1,22.918666,30.0,1.0,0.0,73.0,201004,1000
persistence,VN-HN,201005,2,43.997919,61.0,1.0,0.0,104.0,201004,1000
persistence,VN-HN,201006,3,52.170766000000015,74.0,1.0,0.0,117.0,201004,1000
persistence,VN-HN,201007,1,41.68427700000001,56.0,1.0,0.0,173.0,201007,1000
persistence,VN-HN,201008,2,208.442716,275.0,0.0,0.0,392.0,201007,1000
persistence,VN-HN,201009,3,379.065702,492.0,0.0,0.0,609.0,201007,1000
persistence,VN-HN,201010,1,89.068375,117.0,1.0,0.0,726.0,201010,1000
persistence,VN-HN,201011,2,36.15916300000001,39.0,1.0,0.0,570.0,201010,1000
persistence,VN-HN,201012,3,286.291297,375.0,0.0,0.0,234.0,201010,1000
persistence,VN-HP,201001,1,29.42934,35.0,0.0,0.0,3.0,201001,1000
persistence,VN-HP,201002,2,28.960772999999996,36.0,0.0,0.0,2.0,201001,1000
persistence,VN-HP,201003,3,29.726806000000003,38.0,0.0,0.0,0.0,201001,1000
persistence,VN-HP,201004,1,25.076727,31.0,0.0,0.0,31.0,201004,1000
persistence,VN-HP,201005,2,6.175635,10.0,1.0,0.0,10.0,201004,1000
persistence,VN-HP,201006,3,1.0039930000000004,0.0,1.0,1.0,0.0,201004,1000
persistence,VN-HP,201007,1,1.2567269999999997,2.0,1.0,1.0,2.0,201007,1000
persistence,VN-HP,201008,2,1.851635,3.0,1.0,1.0,3.0,201007,1000
persistence,VN-HP,201009,3,2.9879930000000003,5.0,1.0,1.0,5.0,201007,1000
persistence,VN-HP,201010,1,2.1279320000000004,3.0,1.0,0.0,2.0,201010,1000
persistence,VN-HP,201011,2,14.416134,20.0,0.0,0.0,25.0,201010,1000
persistence,VN-HP,201012,3,1.696751,1.0,1.0,1.0,4.0,201010,1000
persistence,VN-SG,201001,1,835.609162,986.0,0.0,0.0,326.0,201001,1000
persistence,VN-SG,201002,2,907.80914,1128.0,0.0,0.0,184.0,201001,1000
persistence,VN-SG,201003,3,832.0424029999999,1107.0,0.0,0.0,205.0,201001,1000
persistence,VN-SG,201004,1,67.09074,97.0,1.0,1.0,302.0,201004,1000
persistence,VN-SG,201005,2,132.29703999999998,213.0,1.0,0.0,418.0,201004,1000
persistence,VN-SG,201006,3,115.07889000000004,171.0,1.0,1.0,376.0,201004,1000
persistence,VN-SG,201007,1,226.992294,338.0,1.0,0.0,714.0,201007,1000
persistence,VN-SG,201008,2,338.20922,501.0,0.0,0.0,877.0,201007,1000
persistence,VN-SG,201009,3,470.3905160000001,699.0,0.0,0.0,1075.0,201007,1000
persistence,VN-SG,201010,1,61.76354900000001,74.0,1.0,1.0,1001.0,201010,1000
persistence,VN-SG,201011,2,284.21267,428.0,1.0,0.0,647.0,201010,1000
persistence,VN-SG,201012,3,441.41028299999994,653.0,0.0,0.0,422.0,201010,1000
reference,VN-01,201001,1,0.0003059999999999,0.0,1.0,1.0,0.0,201001,4000
reference,VN-01,201002,2,0.0001147499999999,0.0,1.0,1.0,0.0,201001,4000
reference,VN-01,201003,3,0.00032625,0.0,1.0,1.0,0.0,201001,4000
reference,VN-01,201004,1,0.00497225,0.0,1.0,1.0,0.0,201004,4000
reference,VN-01,201005,2,0.011544,0.0,1.0,1.0,0.0,201004,4000
reference,VN-01,201006,3,0.03793425,0.0,1.0,1.0,0.0,201004,4000
reference,VN-01,201007,1,0.0669804999999999,0.0,1.0,1.0,0.0,201007,4000
reference,VN-01,201008,2,0.11311925,0.0,1.0,1.0,0.0,201007,4000
reference,VN-01,201009,3,0.11160475,0.0,1.0,1.0,0.0,201007,4000
reference,VN-01,201010,1,0.02295425,0.0,1.0,1.0,0.0,201010,4000
reference,VN-01,201011,2,0.0043384999999999,0.0,1.0,1.0,0.0,201010,4000
reference,VN-01,201012,3,0.0005935,0.0,1.0,1.0,0.0,201010,4000
reference,VN-02,201001,1,8.449999999999994e-05,0.0,1.0,1.0,0.0,201001,4000
reference,VN-02,201002,2,3.150000000000028e-05,0.0,1.0,1.0,0.0,201001,4000
reference,VN-02,201003,3,7.649999999999975e-05,0.0,1.0,1.0,0.0,201001,4000
reference,VN-02,201004,1,0.001747,0.0,1.0,1.0,0.0,201004,4000
reference,VN-02,201005,2,0.00228275,0.0,1.0,1.0,0.0,201004,4000
reference,VN-02,201006,3,0.01534275,0.0,1.0,1.0,0.0,201004,4000
reference,VN-02,201007,1,0.0351937499999999,0.0,1.0,1.0,0.0,201007,4000
reference,VN-02,201008,2,0.0879687499999999,0.0,1.0,1.0,0.0,201007,4000
reference,VN-02,201009,3,0.0720192499999999,0.0,1.0,1.0,0.0,201007,4000
reference,VN-02,201010,1,0.0160305,0.0,1.0,1.0,0.0,201010,4000
reference,VN-02,201011,2,0.0020427499999999,0.0,1.0,1.0,0.0,201010,4000
reference,VN-02,201012,3,0.00018125,0.0,1.0,1.0,0.0,201010,4000
reference,VN-03,201001,1,0.0002789999999999,0.0,1.0,1.0,0.0,201001,4000
reference,VN-03,201002,2,0.00014475,0.0,1.0,1.0,0.0,201001,4000
reference,VN-03,201003,3,0.0003474999999999,0.0,1.0,1.0,0.0,201001,4000
reference,VN-03,201004,1,0.00214625,0.0,1.0,1.0,0.0,201004,4000
reference,VN-03,201005,2,0.0045924999999999,0.0,1.0,1.0,0.0,201004,4000
reference,VN-03,201006,3,0.0313395,0.0,1.0,1.0,0.0,201004,4000
reference,VN-03,201007,1,0.090796,0.0,1.0,1.0,0.0,201007,4000
reference,VN-03,201008,2,0.2030877499999999,0.0,1.0,1.0,0.0,201007,4000
reference,VN-03,201009,3,0.2059244999999999,0.0,1.0,1.0,0.0,201007,4000
reference,VN-03,201010,1,0.0421494999999999,0.0,1.0,1.0,0.0,201010,4000
reference,VN-03,201011,2,0.0037735,0.0,1.0,1.0,0.0,201010,4000
reference,VN-03,201012,3,0.0005837499999999,0.0,1.0,1.0,0.0,201010,4000
reference,VN-04,201001,1,5.099999999999983e-05,0.0,1.0,1.0,0.0,201001,4000
reference,VN-04,201002,2,1.0750000000000016e-05,0.0,1.0,1.0,0.0,201001,4000
reference,VN-04,201003,3,5.974999999999991e-05,0.0,1.0,1.0,0.0,201001,4000
reference,VN-04,201004,1,0.0007275,0.0,1.0,1.0,0.0,201004,4000
reference,VN-04,201005,2,0.0010875,0.0,1.0,1.0,0.0,201004,4000
reference,VN-04,201006,3,0.00982725,0.0,1.0,1.0,0.0,201004,4000
reference,VN-04,201007,1,0.0254387499999999,0.0,1.0,1.0,0.0,201007,4000
reference,VN-04,201008,2,0.0838224999999999,0.0,1.0,1.0,0.0,201007,4000
reference,VN-04,201009,3,0.0943394999999999,0.0,1.0,1.0,0.0,201007,4000
reference,VN-04,201010,1,0.01994725,0.0,1.0,1.0,0.0,201010,4000
reference,VN-04,201011,2,0.00305125,0.0,1.0,1.0,0.0,201010,4000
reference,VN-04,201012,3,0.0002177499999999,0.0,1.0,1.0,0.0,201010,4000
reference,VN-05,201001,1,0.0180144999999999,0.0,1.0,1.0,0.0,201001,4000
reference,VN-05,201002,2,0.0046155,0.0,1.0,1.0,0.0,201001,4000
reference,VN-05,201003,3,0.73139425,1.0,1.0,0.0,1.0,201001,4000
reference,VN-05,201004,1,0.19812375,0.0,1.0,1.0,0.0,201004,4000
reference,VN-05,201005,2,0.4980050000000001,1.0,1.0,1.0,0.0,201004,4000
reference,VN-05,201006,3,1.31629,2.0,1.0,1.0,0.0,201004,4000
reference,VN-05,201007,1,0.5104774999999999,1.0,1.0,1.0,0.0,201007,4000
reference,VN-05,201008,2,0.9102385,1.0,1.0,1.0,0.0,201007,4000
reference,VN-05,201009,3,0.8284665000000001,1.0,1.0,1.0,0.0,201007,4000
reference,VN-05,201010,1,0.042159,0.0,1.0,1.0,0.0,201010,4000
reference,VN-05,201011,2,0.00581575,0.0,1.0,1.0,0.0,201010,4000
reference,VN-05,201012,3,0.000498,0.0,1.0,1.0,0.0,201010,4000
reference,VN-06,201001,1,6.47499999999997e-05,0.0,1.0,1.0,0.0,201001,4000
reference,VN-06,201002,2,1.2500000000000033e-05,0.0,1.0,1.0,0.0,201001,4000
reference,VN-06,201003,3,0.00010675,0.0,1.0,1.0,0.0,201001,4000
reference,VN-06,201004,1,0.001096,0.0,1.0,1.0,0.0,201004,4000
reference,VN-06,201005,2,0.0024185,0.0,1.0,1.0,0.0,201004,4000
reference,VN-06,201006,3,0.01690425,0.0,1.0,1.0,0.0,201004,4000
reference,VN-06,201007,1,0.0461107499999999,0.0,1.0,1.0,0.0,201007,4000
reference,VN-06,201008,2,0.10397875,0.0,1.0,1.0,0.0,201007,4000
reference,VN-06,201009,3,0.0951387499999999,0.0,1.0,1.0,0.0,201007,4000
reference,VN-06,201010,1,0.0172662499999999,0.0,1.0,1.0,0.0,201010,4000
reference,VN-06,201011,2,0.002079,0.0,1.0,1.0,0.0,201010,4000
reference,VN-06,201012,3,0.000307,0.0,1.0,1.0,0.0,201010,4000
reference,VN-07,201001,1,0.0001474999999999,0.0,1.0,1.0,0.0,201001,4000
reference,VN-07,201002,2,2.099999999999986e-05,0.0,1.0,1.0,0.0,201001,4000
reference,VN-07,201003,3,0.00018975,0.0,1.0,1.0,0.0,201001,4000
reference,VN-07,201004,1,0.001338,0.0,1.0,1.0,0.0,201004,4000
reference,VN-07,201005,2,0.0034304999999999,0.0,1.0,1.0,0.0,201004,4000
reference,VN-07,201006,3,0.022701,0.0,1.0,1.0,0.0,201004,4000
reference,VN-07,201007,1,0.09264175,0.0,1.0,1.0,0.0,201007,4000
reference,VN-07,201008,2,0.22244375,0.0,1.0,1.0,0.0,201007,4000
reference,VN-07,201009,3,0.3164292499999999,0.0,1.0,1.0,0.0,201007,4000
reference,VN-07,201010,1,0.0615512499999999,0.0,1.0,1.0,0.0,201010,4000
reference,VN-07,201011,2,0.0177009999999999,0.0,1.0,1.0,0.0,201010,4000
reference,VN-07,201012,3,0.001657,0.0,1.0,1.0,0.0,201010,4000
reference,VN-09,201001,1,7.074999999999985e-05,0.0,1.0,1.0,0.0,201001,4000
reference,VN-09,201002,2,9.74999999999994e-06,0.0,1.0,1.0,0.0,201001,4000
reference,VN-09,201003,3,4.400000000000031e-05,0.0,1.0,1.0,0.0,201001,4000
reference,VN-09,201004,1,0.00072525,0.0,1.0,1.0,0.0,201004,4000
reference,VN-09,201005,2,0.001075,0.0,1.0,1.0,0.0,201004,4000
reference,VN-09,201006,3,0.0067545,0.0,1.0,1.0,0.0,201004,4000
reference,VN-09,201007,1,0.0348667499999999,0.0,1.0,1.0,0.0,201007,4000
reference,VN-09,201008,2,0.1063225,0.0,1.0,1.0,0.0,201007,4000
reference,VN-09,201009,3,0.142614,0.0,1.0,1.0,0.0,201007,4000
reference,VN-09,201010,1,0.0313932499999999,0.0,1.0,1.0,0.0,201010,4000
reference,VN-09,201011,2,0.00344225,0.0,1.0,1.0,0.0,201010,4000
reference,VN-09,201012,3,0.00041675,0.0,1.0,1.0,0.0,201010,4000
reference,VN-13,201001,1,1.2685347500000002,2.0,1.0,0.75,0.0,201001,4000
reference,VN-13,201002,2,0.2397194999999999,0.0,1.0,1.0,0.0,201001,4000
reference,VN-13,201003,3,0.61512525,1.0,1.0,1.0,0.0,201001,4000
reference,VN-13,201004,1,0.632315,1.0,1.0,1.0,0.0,201004,4000
reference,VN-13,201005,2,1.11818575,1.25,1.0,1.0,1.0,201004,4000
reference,VN-13,201006,3,4.4877825,6.25,1.0,0.0,0.0,201004,4000
reference,VN-13,201007,1,1.6494295,3.0,1.0,0.0,3.0,201007,4000
reference,VN-13,201008,2,3.753154,6.0,1.0,0.0,7.0,201007,4000
reference,VN-13,201009,3,8.51986625,12.0,0.0,0.0,14.0,201007,4000
reference,VN-13,201010,1,6.03663875,11.0,1.0,0.0,18.0,201010,4000
reference,VN-13,201011,2,29.67462625,34.25,0.0,0.0,37.0,201010,4000
reference,VN-13,201012,3,61.83783175,63.0,0.0,0.0,64.0,201010,4000
reference,VN-14,201001,1,0.03231675,0.0,1.0,1.0,0.0,201001,4000
reference,VN-14,201002,2,2.86930475,3.0,0.0,0.0,3.0,201001,4000
reference,VN-14,201003,3,0.02869975,0.0,1.0,1.0,0.0,201001,4000
reference,VN-14,201004,1,0.3793452499999999,0.5,1.0,1.0,0.0,201004,4000
reference,VN-14,201005,2,2.0202167500000003,3.75,1.0,0.0,5.0,201004,4000
reference,VN-14,201006,3,1.7029445,2.0,1.0,1.0,1.0,201004,4000
reference,VN-14,201007,1,2.0019592499999996,0.0,1.0,1.0,6.0,201007,4000
reference,VN-14,201008,2,5.12936375,5.5,1.0,1.0,8.0,201007,4000
reference,VN-14,201009,3,12.27930275,16.75,1.0,0.0,4.0,201007,4000
reference,VN-14,201010,1,7.009502749999999,9.25,0.0,0.0,0.0,201010,4000
reference,VN-14,201011,2,1.3134757500000005,0.25,1.0,1.0,4.0,201010,4000
reference,VN-14,201012,3,0.65521775,1.0,1.0,1.0,2.0,201010,4000
reference,VN-18,201001,1,0.00240975,0.0,1.0,1.0,0.0,201001,4000
reference,VN-18,201002,2,0.0001574999999999,0.0,1.0,1.0,0.0,201001,4000
reference,VN-18,201003,3,0.0013037499999999,0.0,1.0,1.0,0.0,201001,4000
reference,VN-18,201004,1,0.00358425,0.0,1.0,1.0,0.0,201004,4000
reference,VN-18,201005,2,0.0235487499999999,0.0,1.0,1.0,0.0,201004,4000
reference,VN-18,201006,3,0.049921,0.0,1.0,1.0,0.0,201004,4000
reference,VN-18,201007,1,0.0686635,0.0,1.0,1.0,0.0,201007,4000
reference,VN-18,201008,2,2.721203,4.0,0.0,0.0,4.0,201007,4000
reference,VN-18,201009,3,0.529767,1.0,1.0,1.0,1.0,201007,4000
reference,VN-18,201010,1,1.8639085,3.0,1.0,0.0,5.0,201010,4000
reference,VN-18,201011,2,0.36195675,0.0,1.0,1.0,1.0,201010,4000
reference,VN-18,201012,3,0.5399,1.0,1.0,1.0,1.0,201010,4000
reference,VN-20,201001,1,0.99267075,1.5,1.0,1.0,0.0,201001,4000
reference,VN-20,201002,2,0.12505325,0.0,1.0,1.0,0.0,201001,4000
reference,VN-20,201003,3,0.5321134999999999,1.0,1.0,1.0,0.0,201001,4000
reference,VN-20,201004,1,0.3803195,1.0,1.0,1.0,1.0,201004,4000
reference,VN-20,201005,2,1.05102175,2.0,1.0,1.0,3.0,201004,4000
reference,VN-20,201006,3,1.314543,2.0,1.0,0.75,0.0,201004,4000
reference,VN-20,201007,1,0.7312037499999999,1.0,1.0,1.0,0.0,201007,4000
reference,VN-20,201008,2,13.34273575,18.25,0.0,0.0,21.0,201007,4000
reference,VN-20,201009,3,19.924277999999997,29.0,0.0,0.0,35.0,201007,4000
reference,VN-20,201010,1,6.20472275,8.125,1.0,1.0,24.0,201010,4000
reference,VN-20,201011,2,7.559080249999999,10.25,0.0,0.0,0.0,201010,4000
reference,VN-20,201012,3,2.51317225,3.75,1.0,0.0,0.0,201010,4000
reference,VN-21,201001,1,1.50056425,2.0,1.0,0.25,0.0,201001,4000
reference,VN-21,201002,2,0.364051,0.75,1.0,1.0,0.0,201001,4000
reference,VN-21,201003,3,1.36428625,2.0,1.0,0.5,0.0,201001,4000
reference,VN-21,201004,1,1.30525775,2.0,1.0,0.75,0.0,201004,4000
reference,VN-21,201005,2,3.4187872500000003,4.75,1.0,0.0,0.0,201004,4000
reference,VN-21,201006,3,6.3478829999999995,8.5,0.0,0.0,0.0,201004,4000
reference,VN-21,201007,1,0.10717525,0.0,1.0,1.0,0.0,201007,4000
reference,VN-21,201008,2,0.2718244999999999,0.0,1.0,1.0,0.0,201007,4000
reference,VN-21,201009,3,0.49630175,0.25,1.0,1.0,0.0,201007,4000
reference,VN-21,201010,1,0.09394925,0.0,1.0,1.0,0.0,201010,4000
reference,VN-21,201011,2,0.018281,0.0,1.0,1.0,0.0,201010,4000
reference,VN-21,201012,3,0.0040687499999999,0.0,1.0,1.0,0.0,201010,4000
reference,VN-22,201001,1,1.9750720000000004,3.0,1.0,0.0,0.0,201001,4000
reference,VN-22,201002,2,0.6606535,1.0,1.0,1.0,0.0,201001,4000
reference,VN-22,201003,3,2.32532275,3.0,1.0,0.0,0.0,201001,4000
reference,VN-22,201004,1,1.26794125,2.0,1.0,0.75,0.0,201004,4000
reference,VN-22,201005,2,3.76486925,5.0,0.75,0.0,0.0,201004,4000
reference,VN-22,201006,3,6.70174025,9.25,0.0,0.0,0.0,201004,4000
reference,VN-22,201007,1,0.0637199999999999,0.0,1.0,1.0,0.0,201007,4000
reference,VN-22,201008,2,0.143476,0.0,1.0,1.0,0.0,201007,4000
reference,VN-22,201009,3,0.201025,0.0,1.0,1.0,0.0,201007,4000
reference,VN-22,201010,1,0.0374574999999999,0.0,1.0,1.0,0.0,201010,4000
reference,VN-22,201011,2,0.0043449999999999,0.0,1.0,1.0,0.0,201010,4000
reference,VN-22,201012,3,0.000951,0.0,1.0,1.0,0.0,201010,4000
reference,VN-23,201001,1,0.64265925,1.0,1.0,1.0,2.0,201001,4000
reference,VN-23,201002,2,0.13071975,0.0,1.0,1.0,0.0,201001,4000
reference,VN-23,201003,3,0.60009225,1.0,1.0,1.0,0.0,201001,4000
reference,VN-23,201004,1,0.8567732499999999,1.0,1.0,1.0,0.0,201004,4000
reference,VN-23,201005,2,2.6260512499999997,3.5,1.0,0.0,0.0,201004,4000
reference,VN-23,201006,3,3.72040475,5.25,1.0,0.0,0.0,201004,4000
reference,VN-23,201007,1,0.7393959999999999,1.0,1.0,1.0,0.0,201007,4000
reference,VN-23,201008,2,0.96052575,1.0,1.0,1.0,3.0,201007,4000
reference,VN-23,201009,3,2.3007685,3.0,1.0,0.0,0.0,201007,4000
reference,VN-23,201010,1,0.5041614999999999,1.0,1.0,1.0,0.0,201010,4000
reference,VN-23,201011,2,0.08106875,0.0,1.0,1.0,0.0,201010,4000
reference,VN-23,201012,3,0.0611744999999999,0.0,1.0,1.0,0.0,201010,4000
reference,VN-24,201001,1,0.37432025,0.0,1.0,1.0,1.0,201001,4000
reference,VN-24,201002,2,0.1434627499999999,0.0,1.0,1.0,0.0,201001,4000
reference,VN-24,201003,3,0.5940334999999999,1.0,1.0,1.0,0.0,201001,4000
reference,VN-24,201004,1,0.3915749999999999,1.0,1.0,1.0,1.0,201004,4000
reference,VN-24,201005,2,3.1752279999999997,5.0,0.5,0.0,6.0,201004,4000
reference,VN-24,201006,3,56.585091,59.5,0.0,0.0,61.0,201004,4000
reference,VN-24,201007,1,17.595836000000002,31.25,1.0,0.0,48.0,201007,4000
reference,VN-24,201008,2,38.49109525,63.5,1.0,0.0,93.0,201007,4000
reference,VN-24,201009,3,249.10470575,297.25,0.0,0.0,333.0,201007,4000
reference,VN-24,201010,1,28.736074749999993,19.875,1.0,1.0,74.0,201010,4000
reference,VN-24,201011,2,8.83779625,1.875,1.0,1.0,30.0,201010,4000
reference,VN-24,201012,3,6.764595750000001,7.75,1.0,1.0,10.0,201010,4000
reference,VN-25,201001,1,0.6323842500000001,1.0,1.0,1.0,2.0,201001,4000
reference,VN-25,201002,2,0.359129,1.0,1.0,1.0,1.0,201001,4000
reference,VN-25,201003,3,1.620552,3.0,1.0,0.0,4.0,201001,4000
reference,VN-25,201004,1,1.90406025,3.25,1.0,0.0,5.0,201004,4000
reference,VN-25,201005,2,2.418546,3.25,1.0,0.5,1.0,201004,4000
reference,VN-25,201006,3,2.1676467500000003,3.0,1.0,1.0,8.0,201004,4000
reference,VN-25,201007,1,35.47829625,45.125,0.0,0.0,52.0,201007,4000
reference,VN-25,201008,2,38.434366749999995,53.5,0.0,0.0,65.0,201007,4000
reference,VN-25,201009,3,31.008693,47.75,0.0,0.0,63.0,201007,4000
reference,VN-25,201010,1,11.514439500000002,10.625,1.0,1.0,45.0,201010,4000
reference,VN-25,201011,2,4.4620067500000005,0.75,1.0,1.0,15.0,201010,4000
reference,VN-25,201012,3,2.3970285,0.625,1.0,1.0,7.0,201010,4000
reference,VN-26,201001,1,8.44434175,11.0,0.0,0.0,13.0,201001,4000
reference,VN-26,201002,2,4.3583685,6.0,0.0,0.0,7.0,201001,4000
reference,VN-26,201003,3,34.62344025,38.0,0.0,0.0,40.0,201001,4000
reference,VN-26,201004,1,23.88409425,34.25,0.0,0.0,42.0,201004,4000
reference,VN-26,201005,2,26.476058499999997,44.75,1.0,0.0,65.0,201004,4000
reference,VN-26,201006,3,105.73343975,137.75,0.0,0.0,161.0,201004,4000
reference,VN-26,201007,1,243.866453,348.625,0.0,0.0,441.0,201007,4000
reference,VN-26,201008,2,277.80853175,425.375,0.0,0.0,556.0,201007,4000
reference,VN-26,201009,3,409.752423,589.625,0.0,0.0,750.0,201007,4000
reference,VN-26,201010,1,105.672419,69.875,1.0,1.0,410.0,201010,4000
reference,VN-26,201011,2,55.11601725,5.875,1.0,1.0,176.0,201010,4000
reference,VN-26,201012,3,36.62644,62.75,1.0,1.0,134.0,201010,4000
reference,VN-27,201001,1,9.71827725,14.5,0.0,0.0,18.0,201001,4000
reference,VN-27,201002,2,6.59161675,10.0,0.0,0.0,12.0,201001,4000
reference,VN-27,201003,3,7.583944499999999,12.25,1.0,0.0,17.0,201001,4000
reference,VN-27,201004,1,5.615148250000001,10.25,1.0,0.5,18.0,201004,4000
reference,VN-27,201005,2,7.467909000000001,7.75,1.0,1.0,29.0,201004,4000
reference,VN-27,201006,3,93.097108,127.25,0.0,0.0,152.0,201004,4000
reference,VN-27,201007,1,172.130155,248.0,0.0,0.0,316.0,201007,4000
reference,VN-27,201008,2,150.094432,243.375,0.75,0.0,342.0,201007,4000
reference,VN-27,201009,3,426.24456325,564.625,0.0,0.0,675.0,201007,4000
reference,VN-27,201010,1,551.6747614999999,801.125,0.0,0.0,1020.0,201010,4000
reference,VN-27,201011,2,149.77805225,252.5,1.0,0.0,364.0,201010,4000
reference,VN-27,201012,3,46.71352399999999,79.375,1.0,0.0,115.0,201010,4000
reference,VN-28,201001,1,4.48281925,7.0,0.5,0.0,9.0,201001,4000
reference,VN-28,201002,2,0.6323777500000001,0.5,1.0,1.0,2.0,201001,4000
reference,VN-28,201003,3,1.3043325,1.0,1.0,1.0,3.0,201001,4000
reference,VN-28,201004,1,2.58784275,4.25,1.0,1.0,9.0,201004,4000
reference,VN-28,201005,2,4.87825475,7.25,1.0,1.0,18.0,201004,4000
reference,VN-28,201006,3,23.621742,39.5,1.0,0.0,55.0,201004,4000
reference,VN-28,201007,1,262.1792585,295.5,0.0,0.0,321.0,201007,4000
reference,VN-28,201008,2,246.05387575,279.5,0.0,0.0,303.0,201007,4000
reference,VN-28,201009,3,138.6025565,165.5,0.0,0.0,186.0,201007,4000
reference,VN-28,201010,1,25.892459,13.75,1.0,1.0,99.0,201010,4000
reference,VN-28,201011,2,17.61726375,21.625,1.0,1.0,24.0,201010,4000
reference,VN-28,201012,3,14.389758500000005,20.375,0.25,0.0,2.0,201010,4000
reference,VN-29,201001,1,73.93834525,93.5,0.0,0.0,107.0,201001,4000
reference,VN-29,201002,2,50.83726825,64.75,0.0,0.0,74.0,201001,4000
reference,VN-29,201003,3,57.26884075,76.25,0.0,0.0,90.0,201001,4000
reference,VN-29,201004,1,38.0623335,65.5,1.0,0.0,100.0,201004,4000
reference,VN-29,201005,2,30.344003,39.125,1.0,1.0,121.0,201004,4000
reference,VN-29,201006,3,55.908220500000006,99.125,1.0,0.25,185.0,201004,4000
reference,VN-29,201007,1,128.520261,227.875,1.0,0.0,418.0,201007,4000
reference,VN-29,201008,2,108.7747995,131.0,1.0,1.0,441.0,201007,4000
reference,VN-29,201009,3,315.68274675000004,563.25,1.0,0.0,971.0,201007,4000
reference,VN-29,201010,1,637.72894425,1065.25,1.0,0.0,1477.0,201010,4000
reference,VN-29,201011,2,540.7398615000001,831.625,0.0,0.0,1100.0,201010,4000
reference,VN-29,201012,3,389.6902315,505.25,0.0,0.0,583.0,201010,4000
reference,VN-30,201001,1,2.4064734999999997,3.5,1.0,1.0,9.0,201001,4000
reference,VN-30,201002,2,1.4359544999999998,1.0,1.0,1.0,5.0,201001,4000
reference,VN-30,201003,3,15.1549195,23.25,0.25,0.0,30.0,201001,4000
reference,VN-30,201004,1,2.6223015000000003,1.375,1.0,1.0,9.0,201004,4000
reference,VN-30,201005,2,45.1083625,64.75,0.0,0.0,80.0,201004,4000
reference,VN-30,201006,3,129.05139225,164.0,0.0,0.0,188.0,201004,4000
reference,VN-30,201007,1,524.89062225,638.5,0.0,0.0,723.0,201007,4000
reference,VN-30,201008,2,693.50407175,818.0,0.0,0.0,913.0,201007,4000
reference,VN-30,201009,3,485.73761825,600.625,0.0,0.0,685.0,201007,4000
reference,VN-30,201010,1,194.40013275,345.125,1.0,0.0,609.0,201010,4000
reference,VN-30,201011,2,60.8168695,78.375,1.0,1.0,244.0,201010,4000
reference,VN-30,201012,3,31.564801000000003,25.875,1.0,1.0,70.0,201010,4000
reference,VN-31,201001,1,23.81037875,37.75,1.0,0.0,51.0,201001,4000
reference,VN-31,201002,2,32.231806500000005,43.0,0.0,0.0,52.0,201001,4000
reference,VN-31,201003,3,70.85086475,88.75,0.0,0.0,101.0,201001,4000
reference,VN-31,201004,1,67.631711,98.5,0.0,0.0,122.0,201004,4000
reference,VN-31,201005,2,55.08579900000001,96.0,1.0,0.0,146.0,201004,4000
reference,VN-31,201006,3,174.05416025000002,242.625,0.0,0.0,298.0,201004,4000
reference,VN-31,201007,1,230.53379925,384.5,1.0,0.0,563.0,201007,4000
reference,VN-31,201008,2,159.2586205,269.375,1.0,1.0,600.0,201007,4000
reference,VN-31,201009,3,195.24340000000004,336.25,1.0,1.0,731.0,201007,4000
reference,VN-31,201010,1,169.10899125,153.875,1.0,1.0,672.0,201010,4000
reference,VN-31,201011,2,111.17159325,38.125,1.0,1.0,413.0,201010,4000
reference,VN-31,201012,3,47.245928250000006,36.5,1.0,1.0,185.0,201010,4000
reference,VN-32,201001,1,15.2069555,9.625,1.0,1.0,37.0,201001,4000
reference,VN-32,201002,2,12.2023625,17.25,1.0,1.0,48.0,201001,4000
reference,VN-32,201003,3,13.187915749999998,4.5,1.0,1.0,37.0,201001,4000
reference,VN-32,201004,1,14.2705275,26.0,1.0,0.0,45.0,201004,4000
reference,VN-32,201005,2,14.660093499999997,19.5,1.0,1.0,56.0,201004,4000
reference,VN-32,201006,3,240.708827,298.75,0.0,0.0,340.0,201004,4000
reference,VN-32,201007,1,591.60119175,765.125,0.0,0.0,896.0,201007,4000
reference,VN-32,201008,2,481.4589425,730.875,0.0,0.0,955.0,201007,4000
reference,VN-32,201009,3,319.7752645,529.375,1.0,0.0,779.0,201007,4000
reference,VN-32,201010,1,166.51925925,195.75,1.0,1.0,664.0,201010,4000
reference,VN-32,201011,2,119.97303300000002,27.125,1.0,1.0,368.0,201010,4000
reference,VN-32,201012,3,82.85473375000001,110.125,1.0,0.75,80.0,201010,4000
reference,VN-33,201001,1,10.061085,17.5,1.0,0.75,35.0,201001,4000
reference,VN-33,201002,2,4.24233975,1.75,1.0,1.0,15.0,201001,4000
reference,VN-33,201003,3,8.155255749999998,11.0,1.0,1.0,32.0,201001,4000
reference,VN-33,201004,1,6.60276725,5.0,1.0,1.0,14.0,201004,4000
reference,VN-33,201005,2,12.2710795,4.25,1.0,1.0,43.0,201004,4000
reference,VN-33,201006,3,103.636825,166.875,1.0,0.0,227.0,201004,4000
reference,VN-33,201007,1,498.20099875,639.125,0.0,0.0,750.0,201007,4000
reference,VN-33,201008,2,1776.6515635,1938.875,0.0,0.0,2059.0,201007,4000
reference,VN-33,201009,3,1294.8557165,1447.25,0.0,0.0,1559.0,201007,4000
reference,VN-33,201010,1,408.579055,711.625,1.0,0.0,1115.0,201010,4000
reference,VN-33,201011,2,130.14132625000002,211.875,1.0,1.0,500.0,201010,4000
reference,VN-33,201012,3,66.65344675,82.375,1.0,1.0,94.0,201010,4000
reference,VN-34,201001,1,133.07948175,179.75,0.0,0.0,216.0,201001,4000
reference,VN-34,201002,2,114.72378175,146.75,0.0,0.0,169.0,201001,4000
reference,VN-34,201003,3,141.387762,186.875,0.0,0.0,222.0,201001,4000
reference,VN-34,201004,1,83.8006235,146.875,1.0,0.0,242.0,201004,4000
reference,VN-34,201005,2,112.26401975,203.25,1.0,0.0,366.0,201004,4000
reference,VN-34,201006,3,189.0828485,337.125,1.0,0.0,569.0,201004,4000
reference,VN-34,201007,1,419.23506475,761.5,1.0,0.0,1264.0,201007,4000
reference,VN-34,201008,2,300.931265,450.0,1.0,1.0,1227.0,201007,4000
reference,VN-34,201009,3,263.93448175,277.5,1.0,1.0,1089.0,201007,4000
reference,VN-34,201010,1,238.86171625,137.125,1.0,1.0,930.0,201010,4000
reference,VN-34,201011,2,205.69300775,187.875,1.0,1.0,434.0,201010,4000
reference,VN-34,201012,3,126.141953,150.75,1.0,1.0,198.0,201010,4000
reference,VN-35,201001,1,164.513734,171.75,0.0,0.0,176.0,201001,4000
reference,VN-35,201002,2,76.41097925,82.0,0.0,0.0,85.0,201001,4000
reference,VN-35,201003,3,50.828376,61.75,0.0,0.0,69.0,201001,4000
reference,VN-35,201004,1,23.01073925,23.0,1.0,1.0,42.0,201004,4000
reference,VN-35,201005,2,63.9369915,88.75,1.0,0.0,50.0,201004,4000
reference,VN-35,201006,3,77.48531000000001,90.75,1.0,1.0,119.0,201004,4000
reference,VN-35,201007,1,68.67287725,49.875,1.0,1.0,274.0,201007,4000
reference,VN-35,201008,2,373.49139375,582.0,0.0,0.0,790.0,201007,4000
reference,VN-35,201009,3,581.33222875,800.375,0.0,0.0,994.0,201007,4000
reference,VN-35,201010,1,459.82409575,678.75,0.0,0.0,883.0,201010,4000
reference,VN-35,201011,2,250.75033375,386.375,0.0,0.0,524.0,201010,4000
reference,VN-35,201012,3,218.17696375000003,319.625,0.0,0.0,403.0,201010,4000
reference,VN-36,201001,1,14.9047375,25.75,1.0,0.0,38.0,201001,4000
reference,VN-36,201002,2,5.20721975,9.25,1.0,0.5,17.0,201001,4000
reference,VN-36,201003,3,13.68651775,23.75,1.0,0.0,37.0,201001,4000
reference,VN-36,201004,1,29.946814249999996,48.625,1.0,0.0,67.0,201004,4000
reference,VN-36,201005,2,16.431428999999998,27.0,1.0,1.0,61.0,201004,4000
reference,VN-36,201006,3,16.519329,2.5,1.0,1.0,51.0,201004,4000
reference,VN-36,201007,1,62.928675250000005,111.125,1.0,0.25,213.0,201007,4000
reference,VN-36,201008,2,62.98910975,102.125,1.0,1.0,250.0,201007,4000
reference,VN-36,201009,3,157.8279595,265.375,1.0,0.0,404.0,201007,4000
reference,VN-36,201010,1,58.59899525,85.25,1.0,1.0,233.0,201010,4000
reference,VN-36,201011,2,31.70435225,18.75,1.0,1.0,125.0,201010,4000
reference,VN-36,201012,3,18.307255750000003,2.875,1.0,1.0,58.0,201010,4000
reference,VN-37,201001,1,33.56678975,53.25,0.5,0.0,72.0,201001,4000
reference,VN-37,201002,2,10.46930475,19.0,1.0,0.25,35.0,201001,4000
reference,VN-37,201003,3,28.82777425,47.5,1.0,0.0,68.0,201001,4000
reference,VN-37,201004,1,21.399074,38.25,1.0,0.0,65.0,201004,4000
reference,VN-37,201005,2,15.055144749999998,13.75,1.0,1.0,29.0,201004,4000
reference,VN-37,201006,3,37.561997,51.0,1.0,0.25,30.0,201004,4000
reference,VN-37,201007,1,39.48182175,6.625,1.0,1.0,125.0,201007,4000
reference,VN-37,201008,2,42.2973385,22.5,1.0,1.0,118.0,201007,4000
reference,VN-37,201009,3,36.03631675,21.5,1.0,1.0,93.0,201007,4000
reference,VN-37,201010,1,27.06540975,42.5,1.0,1.0,101.0,201010,4000
reference,VN-37,201011,2,44.066448,78.875,1.0,0.0,131.0,201010,4000
reference,VN-37,201012,3,58.7131445,94.0,0.25,0.0,128.0,201010,4000
reference,VN-39,201001,1,30.381115,26.375,1.0,1.0,118.0,201001,4000
reference,VN-39,201002,2,24.233033,3.625,1.0,1.0,76.0,201001,4000
reference,VN-39,201003,3,28.987152749999996,6.375,1.0,1.0,90.0,201001,4000
reference,VN-39,201004,1,27.291913000000005,30.875,1.0,1.0,106.0,201004,4000
reference,VN-39,201005,2,46.94445100000001,66.75,1.0,1.0,182.0,201004,4000
reference,VN-39,201006,3,141.032963,257.125,1.0,0.0,429.0,201004,4000
reference,VN-39,201007,1,758.62596625,1098.375,0.0,0.0,1389.0,201007,4000
reference,VN-39,201008,2,917.57586975,1314.5,0.0,0.0,1670.0,201007,4000
reference,VN-39,201009,3,580.0436055,892.875,0.0,0.0,1180.0,201007,4000
reference,VN-39,201010,1,243.33726575000003,430.75,1.0,1.0,899.0,201010,4000
reference,VN-39,201011,2,123.92121675,39.5,1.0,1.0,452.0,201010,4000
reference,VN-39,201012,3,99.49781375,67.0,1.0,1.0,236.0,201010,4000
reference,VN-40,201001,1,44.352665,72.5,0.75,0.0,100.0,201001,4000
reference,VN-40,201002,2,14.131096499999998,25.625,1.0,0.5,46.0,201001,4000
reference,VN-40,201003,3,28.39687875,50.0,1.0,0.0,78.0,201001,4000
reference,VN-40,201004,1,20.51486525,34.25,1.0,1.0,75.0,201004,4000
reference,VN-40,201005,2,19.64693125,13.5,1.0,1.0,75.0,201004,4000
reference,VN-40,201006,3,36.1275905,49.75,1.0,1.0,143.0,201004,4000
reference,VN-40,201007,1,84.814861,151.125,1.0,0.75,297.0,201007,4000
reference,VN-40,201008,2,92.6141545,158.625,1.0,1.0,345.0,201007,4000
reference,VN-40,201009,3,122.95407700000004,219.25,1.0,0.0,379.0,201007,4000
reference,VN-40,201010,1,100.10480375,182.125,1.0,0.25,336.0,201010,4000
reference,VN-40,201011,2,49.666721249999995,77.5,1.0,1.0,201.0,201010,4000
reference,VN-40,201012,3,35.1027295,49.5,1.0,1.0,142.0,201010,4000
reference,VN-41,201001,1,105.5712425,148.875,0.0,0.0,20.0,201001,4000
reference,VN-41,201002,2,88.64422375,126.625,0.0,0.0,12.0,201001,4000
reference,VN-41,201003,3,104.6504665,146.625,0.0,0.0,19.0,201001,4000
reference,VN-41,201004,1,26.79447775,35.625,1.0,0.5,21.0,201004,4000
reference,VN-41,201005,2,29.9974765,29.5,1.0,1.0,58.0,201004,4000
reference,VN-41,201006,3,51.26082475,18.0,1.0,1.0,147.0,201004,4000
reference,VN-41,201007,1,245.932445,347.625,0.0,0.0,436.0,201007,4000
reference,VN-41,201008,2,436.315101,563.125,0.0,0.0,661.0,201007,4000
reference,VN-41,201009,3,513.2884247500001,614.25,0.0,0.0,695.0,201007,4000
reference,VN-41,201010,1,101.83309525,174.75,1.0,1.0,384.0,201010,4000
reference,VN-41,201011,2,61.84475625,63.125,1.0,1.0,246.0,201010,4000
reference,VN-41,201012,3,45.69754050000001,50.25,1.0,1.0,180.0,201010,4000
reference,VN-43,201001,1,55.86588575,76.5,1.0,0.0,19.0,201001,4000
reference,VN-43,201002,2,43.638430750000005,60.125,1.0,0.0,15.0,201001,4000
reference,VN-43,201003,3,54.794062,78.625,1.0,0.0,25.0,201001,4000
reference,VN-43,201004,1,23.954884250000003,31.75,1.0,0.25,20.0,201004,4000
reference,VN-43,201005,2,40.723701,57.875,1.0,0.0,16.0,201004,4000
reference,VN-43,201006,3,62.259447249999994,86.875,1.0,0.0,17.0,201004,4000
reference,VN-43,201007,1,11.3934915,11.25,1.0,1.0,45.0,201007,4000
reference,VN-43,201008,2,14.682635499999998,15.625,1.0,1.0,59.0,201007,4000
reference,VN-43,201009,3,33.516196,59.375,1.0,0.0,95.0,201007,4000
reference,VN-43,201010,1,60.63002575,93.25,0.0,0.0,125.0,201010,4000
reference,VN-43,201011,2,116.40032275,152.0,0.0,0.0,180.0,201010,4000
reference,VN-43,201012,3,93.352236,121.25,0.0,0.0,142.0,201010,4000
reference,VN-44,201001,1,54.3759445,78.375,1.0,1.0,210.0,201001,4000
reference,VN-44,201002,2,34.9810715,24.875,1.0,1.0,85.0,201001,4000
reference,VN-44,201003,3,49.034054,57.0,1.0,1.0,195.0,201001,4000
reference,VN-44,201004,1,56.60480150000001,97.125,1.0,0.75,206.0,201004,4000
reference,VN-44,201005,2,55.02271499999999,7.375,1.0,1.0,187.0,201004,4000
reference,VN-44,201006,3,108.64815550000002,48.0,1.0,1.0,297.0,201004,4000
reference,VN-44,201007,1,163.54023599999996,217.125,1.0,1.0,667.0,201007,4000
reference,VN-44,201008,2,222.4143725,387.375,1.0,1.0,827.0,201007,4000
reference,VN-44,201009,3,220.801841,396.25,1.0,0.5,771.0,201007,4000
reference,VN-44,201010,1,276.08065525,492.875,1.0,0.0,882.0,201010,4000
reference,VN-44,201011,2,215.45813075,386.75,1.0,0.25,739.0,201010,4000
reference,VN-44,201012,3,121.82367675,210.25,1.0,1.0,452.0,201010,4000
reference,VN-45,201001,1,79.03818725000001,141.0,1.0,0.25,268.0,201001,4000
reference,VN-45,201002,2,36.484771,34.25,1.0,1.0,142.0,201001,4000
reference,VN-45,201003,3,40.85818875,8.25,1.0,1.0,129.0,201001,4000
reference,VN-45,201004,1,30.287890249999997,17.125,1.0,1.0,115.0,201004,4000
reference,VN-45,201005,2,42.746073,9.5,1.0,1.0,133.0,201004,4000
reference,VN-45,201006,3,99.95256675,65.625,1.0,1.0,230.0,201004,4000
reference,VN-45,201007,1,140.49102325,180.5,1.0,1.0,580.0,201007,4000
reference,VN-45,201008,2,200.06646825,342.375,1.0,1.0,734.0,201007,4000
reference,VN-45,201009,3,262.82504224999997,468.75,1.0,0.0,795.0,201007,4000
reference,VN-45,201010,1,223.6187725,397.875,1.0,0.0,691.0,201010,4000
reference,VN-45,201011,2,100.27265599999998,126.625,1.0,1.0,406.0,201010,4000
reference,VN-45,201012,3,60.76780325000001,12.875,1.0,1.0,207.0,201010,4000
reference,VN-46,201001,1,60.299274,61.875,1.0,1.0,121.0,201001,4000
reference,VN-46,201002,2,54.14691025,66.125,1.0,1.0,78.0,201001,4000
reference,VN-46,201003,3,85.90835100000001,120.375,1.0,0.0,62.0,201001,4000
reference,VN-46,201004,1,35.8270665,48.5,1.0,1.0,33.0,201004,4000
reference,VN-46,201005,2,46.4448985,60.0,1.0,1.0,55.0,201004,4000
reference,VN-46,201006,3,76.8481465,91.25,1.0,1.0,117.0,201004,4000
reference,VN-46,201007,1,136.0775945,242.875,1.0,0.0,415.0,201007,4000
reference,VN-46,201008,2,431.35240475,644.75,0.0,0.0,844.0,201007,4000
reference,VN-46,201009,3,578.63477025,766.125,0.0,0.0,928.0,201007,4000
reference,VN-46,201010,1,412.8592645,655.75,0.25,0.0,900.0,201010,4000
reference,VN-46,201011,2,230.97445575,403.25,1.0,0.0,629.0,201010,4000
reference,VN-46,201012,3,232.7135995,385.25,1.0,0.0,539.0,201010,4000
reference,VN-47,201001,1,103.85521125,185.25,1.0,0.0,298.0,201001,4000
reference,VN-47,201002,2,42.36456975,68.375,1.0,1.0,160.0,201001,4000
reference,VN-47,201003,3,91.0248215,161.75,1.0,0.0,270.0,201001,4000
reference,VN-47,201004,1,81.84313074999999,148.5,1.0,0.0,257.0,201004,4000
reference,VN-47,201005,2,66.38143375000001,84.25,1.0,1.0,257.0,201004,4000
reference,VN-47,201006,3,128.24861925,207.125,1.0,1.0,485.0,201004,4000
reference,VN-47,201007,1,219.97027125,346.875,1.0,1.0,860.0,201007,4000
reference,VN-47,201008,2,268.97602425,455.25,1.0,1.0,994.0,201007,4000
reference,VN-47,201009,3,269.04779725,480.75,1.0,0.5,956.0,201007,4000
reference,VN-47,201010,1,155.45832724999997,180.375,1.0,1.0,640.0,201010,4000
reference,VN-47,201011,2,127.04543624999998,66.0,1.0,1.0,489.0,201010,4000
reference,VN-47,201012,3,98.5257265,42.625,1.0,1.0,277.0,201010,4000
reference,VN-49,201001,1,16.952225000000002,24.25,1.0,0.0,8.0,201001,4000
reference,VN-49,201002,2,13.8595425,19.375,1.0,0.0,4.0,201001,4000
reference,VN-49,201003,3,14.937195250000002,21.375,1.0,0.0,9.0,201001,4000
reference,VN-49,201004,1,4.919528,6.5,1.0,1.0,4.0,201004,4000
reference,VN-49,201005,2,5.037281,1.5,1.0,1.0,17.0,201004,4000
reference,VN-49,201006,3,10.268177,13.5,1.0,1.0,40.0,201004,4000
reference,VN-49,201007,1,38.52665075,62.75,1.0,0.0,90.0,201007,4000
reference,VN-49,201008,2,50.20058675000001,80.0,0.25,0.0,113.0,201007,4000
reference,VN-49,201009,3,14.40503925,25.75,1.0,1.0,51.0,201007,4000
reference,VN-49,201010,1,14.41908625,20.125,1.0,1.0,57.0,201010,4000
reference,VN-49,201011,2,10.071302500000002,5.25,1.0,1.0,38.0,201010,4000
reference,VN-49,201012,3,7.63241625,3.5,1.0,1.0,21.0,201010,4000
reference,VN-50,201001,1,53.347596749999994,70.125,1.0,1.0,54.0,201001,4000
reference,VN-50,201002,2,59.45188075,83.25,0.25,0.0,13.0,201001,4000
reference,VN-50,201003,3,64.62251025,92.125,1.0,0.0,29.0,201001,4000
reference,VN-50,201004,1,17.81059125,25.25,1.0,0.25,13.0,201004,4000
reference,VN-50,201005,2,26.237427749999995,37.625,1.0,0.0,14.0,201004,4000
reference,VN-50,201006,3,50.60564725,71.375,0.75,0.0,12.0,201004,4000
reference,VN-50,201007,1,15.30287875,15.0,1.0,1.0,32.0,201007,4000
reference,VN-50,201008,2,16.86944025,7.375,1.0,1.0,63.0,201007,4000
reference,VN-50,201009,3,16.11467875,16.875,1.0,1.0,63.0,201007,4000
reference,VN-50,201010,1,33.719949,56.625,1.0,0.0,82.0,201010,4000
reference,VN-50,201011,2,22.130168,39.0,1.0,0.0,62.0,201010,4000
reference,VN-50,201012,3,30.3885905,48.0,0.5,0.0,67.0,201010,4000
reference,VN-51,201001,1,24.9105615,4.5,1.0,1.0,87.0,201001,4000
reference,VN-51,201002,2,18.36007925,12.5,1.0,1.0,45.0,201001,4000
reference,VN-51,201003,3,21.65772675,11.0,1.0,1.0,59.0,201001,4000
reference,VN-51,201004,1,20.8423145,35.75,1.0,1.0,76.0,201004,4000
reference,VN-51,201005,2,44.526517250000005,79.75,1.0,0.0,135.0,201004,4000
reference,VN-51,201006,3,42.043083249999995,69.25,1.0,1.0,158.0,201004,4000
reference,VN-51,201007,1,61.4016005,73.375,1.0,1.0,245.0,201007,4000
reference,VN-51,201008,2,69.08176775000001,30.25,1.0,1.0,259.0,201007,4000
reference,VN-51,201009,3,74.39011475000001,112.125,1.0,1.0,299.0,201007,4000
reference,VN-51,201010,1,65.06536599999998,89.0,1.0,1.0,269.0,201010,4000
reference,VN-51,201011,2,48.56796775,6.25,1.0,1.0,164.0,201010,4000
reference,VN-51,201012,3,41.721251499999994,42.125,1.0,1.0,165.0,201010,4000
reference,VN-52,201001,1,41.37038625,50.125,1.0,1.0,167.0,201001,4000
reference,VN-52,201002,2,23.87831,6.75,1.0,1.0,87.0,201001,4000
reference,VN-52,201003,3,29.416932000000003,6.25,1.0,1.0,91.0,201001,4000
reference,VN-52,201004,1,23.052420000000005,6.875,1.0,1.0,64.0,201004,4000
reference,VN-52,201005,2,33.718622499999995,24.5,1.0,1.0,125.0,201004,4000
reference,VN-52,201006,3,48.22194025,6.75,1.0,1.0,162.0,201004,4000
reference,VN-52,201007,1,141.944063,256.0,1.0,0.0,466.0,201007,4000
reference,VN-52,201008,2,316.93009750000004,546.625,1.0,0.0,812.0,201007,4000
reference,VN-52,201009,3,463.63147225,713.0,0.0,0.0,944.0,201007,4000
reference,VN-52,201010,1,535.05427525,829.375,0.0,0.0,1127.0,201010,4000
reference,VN-52,201011,2,288.15432625,498.75,1.0,0.0,764.0,201010,4000
reference,VN-52,201012,3,217.82876175,380.375,1.0,0.0,586.0,201010,4000
reference,VN-53,201001,1,0.0008172499999999,0.0,1.0,1.0,0.0,201001,4000
reference,VN-53,201002,2,0.0001319999999999,0.0,1.0,1.0,0.0,201001,4000
reference,VN-53,201003,3,0.0004124999999999,0.0,1.0,1.0,0.0,201001,4000
reference,VN-53,201004,1,0.00571025,0.0,1.0,1.0,0.0,201004,4000
reference,VN-53,201005,2,0.0124729999999999,0.0,1.0,1.0,0.0,201004,4000
reference,VN-53,201006,3,0.10991725,0.0,1.0,1.0,0.0,201004,4000
reference,VN-53,201007,1,0.0315055,0.0,1.0,1.0,0.0,201007,4000
reference,VN-53,201008,2,0.07584725,0.0,1.0,1.0,0.0,201007,4000
reference,VN-53,201009,3,0.091415,0.0,1.0,1.0,0.0,201007,4000
reference,VN-53,201010,1,0.0191475,0.0,1.0,1.0,0.0,201010,4000
reference,VN-53,201011,2,0.0021595,0.0,1.0,1.0,0.0,201010,4000
reference,VN-53,201012,3,0.0001462499999999,0.0,1.0,1.0,0.0,201010,4000
reference,VN-54,201001,1,1.1467265000000002,1.25,1.0,1.0,1.0,201001,4000
reference,VN-54,201002,2,0.374196,1.0,1.0,1.0,0.0,201001,4000
reference,VN-54,201003,3,1.1828565,2.0,1.0,1.0,0.0,201001,4000
reference,VN-54,201004,1,0.8994150000000001,1.0,1.0,1.0,0.0,201004,4000
reference,VN-54,201005,2,2.1882025,3.0,1.0,0.0,0.0,201004,4000
reference,VN-54,201006,3,3.891638,5.25,1.0,1.0,3.0,201004,4000
reference,VN-54,201007,1,4.6488455,7.25,0.75,0.0,9.0,201007,4000
reference,VN-54,201008,2,181.29996825,189.0,0.0,0.0,193.0,201007,4000
reference,VN-54,201009,3,391.85235725,403.25,0.0,0.0,409.0,201007,4000
reference,VN-54,201010,1,27.016352000000005,11.125,1.0,1.0,96.0,201010,4000
reference,VN-54,201011,2,14.02849875,19.25,1.0,0.0,11.0,201010,4000
reference,VN-54,201012,3,3.982155,5.5,1.0,0.75,3.0,201010,4000
reference,VN-55,201001,1,38.27485,60.75,0.75,0.0,82.0,201001,4000
reference,VN-55,201002,2,9.6671285,17.25,1.0,0.5,32.0,201001,4000
reference,VN-55,201003,3,39.6962075,60.875,0.0,0.0,79.0,201001,4000
reference,VN-55,201004,1,27.23452825,48.5,1.0,0.0,77.0,201004,4000
reference,VN-55,201005,2,46.43357375,79.5,1.0,0.0,118.0,201004,4000
reference,VN-55,201006,3,57.780627,103.75,1.0,0.0,168.0,201004,4000
reference,VN-55,201007,1,62.1099065,67.5,1.0,1.0,255.0,201007,4000
reference,VN-55,201008,2,73.15881375,67.5,1.0,1.0,286.0,201007,4000
reference,VN-55,201009,3,59.42271925,57.75,1.0,1.0,240.0,201007,4000
reference,VN-55,201010,1,49.93006074999999,23.125,1.0,1.0,185.0,201010,4000
reference,VN-55,201011,2,50.51322275,52.125,1.0,1.0,96.0,201010,4000
reference,VN-55,201012,3,34.023355499999994,15.0,1.0,1.0,98.0,201010,4000
reference,VN-56,201001,1,1.470432,2.0,1.0,0.0,0.0,201001,4000
reference,VN-56,201002,2,0.2082405,0.0,1.0,1.0,0.0,201001,4000
reference,VN-56,201003,3,1.01609325,1.75,1.0,1.0,0.0,201001,4000
reference,VN-56,201004,1,1.170457,2.0,1.0,1.0,0.0,201004,4000
reference,VN-56,201005,2,2.95507875,4.25,1.0,0.0,0.0,201004,4000
reference,VN-56,201006,3,5.89477,8.0,0.0,0.0,0.0,201004,4000
reference,VN-56,201007,1,261.70560275,263.0,0.0,0.0,263.0,201007,4000
reference,VN-56,201008,2,186.877714,190.0,0.0,0.0,190.0,201007,4000
reference,VN-56,201009,3,396.317132,400.75,0.0,0.0,401.0,201007,4000
reference,VN-56,201010,1,91.25943450000004,126.0,1.0,0.25,79.0,201010,4000
reference,VN-56,201011,2,69.53331025,94.0,0.0,0.0,0.0,201010,4000
reference,VN-56,201012,3,18.676032999999997,25.0,0.0,0.0,0.0,201010,4000
reference,VN-57,201001,1,69.07693499999999,116.0,1.0,0.0,167.0,201001,4000
reference,VN-57,201002,2,35.866997000000005,65.25,1.0,0.0,108.0,201001,4000
reference,VN-57,201003,3,60.03392074999999,102.75,1.0,0.0,159.0,201001,4000
reference,VN-57,201004,1,42.0085725,74.25,1.0,0.75,143.0,201004,4000
reference,VN-57,201005,2,38.602302,36.5,1.0,1.0,150.0,201004,4000
reference,VN-57,201006,3,66.62265049999999,89.125,1.0,1.0,263.0,201004,4000
reference,VN-57,201007,1,109.1191085,64.0,1.0,1.0,420.0,201007,4000
reference,VN-57,201008,2,136.00499624999998,71.5,1.0,1.0,374.0,201007,4000
reference,VN-57,201009,3,99.83108625,20.75,1.0,1.0,323.0,201007,4000
reference,VN-57,201010,1,88.813367,136.625,1.0,1.0,345.0,201010,4000
reference,VN-57,201011,2,86.11550650000001,141.25,1.0,1.0,329.0,201010,4000
reference,VN-57,201012,3,87.28350175,158.625,1.0,0.25,302.0,201010,4000
reference,VN-58,201001,1,9.791819,5.875,1.0,1.0,25.0,201001,4000
reference,VN-58,201002,2,10.6450485,13.0,1.0,1.0,16.0,201001,4000
reference,VN-58,201003,3,16.340047000000002,22.75,1.0,0.25,12.0,201001,4000
reference,VN-58,201004,1,6.64307,7.5,1.0,1.0,9.0,201004,4000
reference,VN-58,201005,2,20.37073125,29.0,1.0,0.0,5.0,201004,4000
reference,VN-58,201006,3,22.95257875,28.0,1.0,1.0,26.0,201004,4000
reference,VN-58,201007,1,27.46874,49.75,1.0,0.0,85.0,201007,4000
reference,VN-58,201008,2,129.47298275,175.75,0.0,0.0,213.0,201007,4000
reference,VN-58,201009,3,130.399676,171.75,0.0,0.0,203.0,201007,4000
reference,VN-58,201010,1,78.18862025,126.0,0.75,0.0,173.0,201010,4000
reference,VN-58,201011,2,62.068130499999995,99.5,0.5,0.0,139.0,201010,4000
reference,VN-58,201012,3,54.941786,85.5,0.0,0.0,113.0,201010,4000
reference,VN-59,201001,1,941.89717425,970.25,0.0,0.0,989.0,201001,4000
reference,VN-59,201002,2,537.70710575,557.0,0.0,0.0,570.0,201001,4000
reference,VN-59,201003,3,346.5406835,370.25,0.0,0.0,386.0,201001,4000
reference,VN-59,201004,1,71.5563885,39.125,1.0,1.0,257.0,201004,4000
reference,VN-59,201005,2,101.00574625,9.625,1.0,1.0,335.0,201004,4000
reference,VN-59,201006,3,188.75493700000004,189.875,1.0,1.0,328.0,201004,4000
reference,VN-59,201007,1,339.8523630000001,269.75,1.0,1.0,751.0,201007,4000
reference,VN-59,201008,2,364.36450325,296.875,1.0,1.0,1455.0,201007,4000
reference,VN-59,201009,3,579.3765235000001,1028.75,1.0,0.5,2028.0,201007,4000
reference,VN-59,201010,1,1374.41183475,2061.5,0.0,0.0,2667.0,201010,4000
reference,VN-59,201011,2,1122.34932025,1717.75,0.0,0.0,2325.0,201010,4000
reference,VN-59,201012,3,1018.205928,1493.875,0.0,0.0,1921.0,201010,4000
reference,VN-61,201001,1,0.02939425,0.0,1.0,1.0,0.0,201001,4000
reference,VN-61,201002,2,0.0024604999999999,0.0,1.0,1.0,0.0,201001,4000
reference,VN-61,201003,3,0.0167409999999999,0.0,1.0,1.0,0.0,201001,4000
reference,VN-61,201004,1,0.00077175,0.0,1.0,1.0,0.0,201004,4000
reference,VN-61,201005,2,0.00395025,0.0,1.0,1.0,0.0,201004,4000
reference,VN-61,201006,3,0.0115495,0.0,1.0,1.0,0.0,201004,4000
reference,VN-61,201007,1,0.1129907499999999,0.0,1.0,1.0,0.0,201007,4000
reference,VN-61,201008,2,0.3061815,0.0,1.0,1.0,0.0,201007,4000
reference,VN-61,201009,3,0.5624565000000001,0.75,1.0,1.0,0.0,201007,4000
reference,VN-61,201010,1,0.10228425,0.0,1.0,1.0,0.0,201010,4000
reference,VN-61,201011,2,0.0344779999999999,0.0,1.0,1.0,0.0,201010,4000
reference,VN-61,201012,3,0.00537525,0.0,1.0,1.0,0.0,201010,4000
reference,VN-63,201001,1,0.0001334999999999,0.0,1.0,1.0,0.0,201001,4000
reference,VN-63,201002,2,1.575000000000003e-05,0.0,1.0,1.0,0.0,201001,4000
reference,VN-63,201003,3,0.0001352499999999,0.0,1.0,1.0,0.0,201001,4000
reference,VN-63,201004,1,0.0004749999999999,0.0,1.0,1.0,0.0,201004,4000
reference,VN-63,201005,2,0.93755875,1.0,0.0,0.0,1.0,201004,4000
reference,VN-63,201006,3,4.83110525,5.0,0.0,0.0,5.0,201004,4000
reference,VN-63,201007,1,1.0531295000000005,1.5,1.0,1.0,0.0,201007,4000
reference,VN-63,201008,2,2.6282697500000003,3.75,1.0,0.0,0.0,201007,4000
reference,VN-63,201009,3,5.408624249999999,7.25,0.0,0.0,0.0,201007,4000
reference,VN-63,201010,1,1.5379549999999995,1.0,1.0,1.0,3.0,201010,4000
reference,VN-63,201011,2,0.910587,1.0,1.0,1.0,3.0,201010,4000
reference,VN-63,201012,3,1.65996325,3.0,1.0,0.0,3.0,201010,4000
reference,VN-66,201001,1,0.0004064999999999,0.0,1.0,1.0,0.0,201001,4000
reference,VN-66,201002,2,1.2750000000000012e-05,0.0,1.0,1.0,0.0,201001,4000
reference,VN-66,201003,3,0.0003344999999999,0.0,1.0,1.0,0.0,201001,4000
reference,VN-66,201004,1,0.0008789999999999,0.0,1.0,1.0,0.0,201004,4000
reference,VN-66,201005,2,0.89275825,1.0,0.0,0.0,1.0,201004,4000
reference,VN-66,201006,3,0.0079075,0.0,1.0,1.0,0.0,201004,4000
reference,VN-66,201007,1,0.23232775,0.0,1.0,1.0,0.0,201007,4000
reference,VN-66,201008,2,0.7318870000000001,1.0,1.0,1.0,0.0,201007,4000
reference,VN-66,201009,3,1.512501,2.0,1.0,1.0,0.0,201007,4000
reference,VN-66,201010,1,0.41023775,0.75,1.0,1.0,0.0,201010,4000
reference,VN-66,201011,2,0.170155,0.0,1.0,1.0,0.0,201010,4000
reference,VN-66,201012,3,0.027687,0.0,1.0,1.0,0.0,201010,4000
reference,VN-67,201001,1,0.3580224999999999,0.0,1.0,1.0,1.0,201001,4000
reference,VN-67,201002,2,0.0558374999999999,0.0,1.0,1.0,0.0,201001,4000
reference,VN-67,201003,3,0.3189547499999999,0.25,1.0,1.0,0.0,201001,4000
reference,VN-67,201004,1,0.003311,0.0,1.0,1.0,0.0,201004,4000
reference,VN-67,201005,2,0.0160447499999999,0.0,1.0,1.0,0.0,201004,4000
reference,VN-67,201006,3,0.036463,0.0,1.0,1.0,0.0,201004,4000
reference,VN-67,201007,1,66.64281725,68.0,0.0,0.0,68.0,201007,4000
reference,VN-67,201008,2,102.0932475,104.0,0.0,0.0,105.0,201007,4000
reference,VN-67,201009,3,37.33933025,42.0,0.0,0.0,44.0,201007,4000
reference,VN-67,201010,1,39.767039749999995,51.75,1.0,0.75,43.0,201010,4000
reference,VN-67,201011,2,34.18226025,46.75,0.0,0.0,4.0,201010,4000
reference,VN-67,201012,3,13.015881,17.75,0.0,0.0,0.0,201010,4000
reference,VN-68,201001,1,7.97170175,8.0,0.0,0.0,8.0,201001,4000
reference,VN-68,201002,2,1.98853325,2.0,0.0,0.0,2.0,201001,4000
reference,VN-68,201003,3,3.9652445,4.0,0.0,0.0,4.0,201001,4000
reference,VN-68,201004,1,0.71743875,0.0,1.0,1.0,2.0,201004,4000
reference,VN-68,201005,2,1.72403225,1.5,1.0,1.0,6.0,201004,4000
reference,VN-68,201006,3,3.2587075,0.25,1.0,1.0,9.0,201004,4000
reference,VN-68,201007,1,8.603662999999997,11.75,1.0,1.0,8.0,201007,4000
reference,VN-68,201008,2,27.076548000000003,37.75,0.5,0.0,6.0,201007,4000
reference,VN-68,201009,3,39.13827375,53.25,0.0,0.0,6.0,201007,4000
reference,VN-68,201010,1,5.421583999999999,3.375,1.0,1.0,13.0,201010,4000
reference,VN-68,201011,2,3.897707,6.25,1.0,1.0,14.0,201010,4000
reference,VN-68,201012,3,3.01212225,5.0,1.0,0.0,7.0,201010,4000
reference,VN-69,201001,1,8.274999999999949e-05,0.0,1.0,1.0,0.0,201001,4000
reference,VN-69,201002,2,1.0250000000000114e-05,0.0,1.0,1.0,0.0,201001,4000
reference,VN-69,201003,3,3.98654975,4.0,0.0,0.0,4.0,201001,4000
reference,VN-69,201004,1,1.19988025,2.0,1.0,0.0,2.0,201004,4000
reference,VN-69,201005,2,0.8602675,1.875,1.0,1.0,2.0,201004,4000
reference,VN-69,201006,3,1.17124225,1.75,1.0,1.0,0.0,201004,4000
reference,VN-69,201007,1,3.98479225,5.625,0.75,0.0,0.0,201007,4000
reference,VN-69,201008,2,9.310889,12.625,0.0,0.0,0.0,201007,4000
reference,VN-69,201009,3,13.2209325,17.25,0.0,0.0,0.0,201007,4000
reference,VN-69,201010,1,1.94669525,2.625,1.0,0.0,0.0,201010,4000
reference,VN-69,201011,2,0.6088177499999999,1.0,1.0,1.0,0.0,201010,4000
reference,VN-69,201012,3,0.1003267499999999,0.0,1.0,1.0,0.0,201010,4000
reference,VN-70,201001,1,0.171301,0.0,1.0,1.0,0.0,201001,4000
reference,VN-70,201002,2,0.0178505,0.0,1.0,1.0,0.0,201001,4000
reference,VN-70,201003,3,0.11178675,0.0,1.0,1.0,0.0,201001,4000
reference,VN-70,201004,1,0.0006177499999999,0.0,1.0,1.0,0.0,201004,4000
reference,VN-70,201005,2,0.0041199999999999,0.0,1.0,1.0,0.0,201004,4000
reference,VN-70,201006,3,0.0136389999999999,0.0,1.0,1.0,0.0,201004,4000
reference,VN-70,201007,1,0.10095575,0.0,1.0,1.0,0.0,201007,4000
reference,VN-70,201008,2,0.2812577500000001,0.0,1.0,1.0,0.0,201007,4000
reference,VN-70,201009,3,0.4712107499999999,0.0,1.0,1.0,0.0,201007,4000
reference,VN-70,201010,1,0.08190425,0.0,1.0,1.0,0.0,201010,4000
reference,VN-70,201011,2,0.0246705,0.0,1.0,1.0,0.0,201010,4000
reference,VN-70,201012,3,0.0028354999999999,0.0,1.0,1.0,0.0,201010,4000
reference,VN-71,201001,1,0.0001077499999999,0.0,1.0,1.0,0.0,201001,4000
reference,VN-71,201002,2,2.3000000000000125e-05,0.0,1.0,1.0,0.0,201001,4000
reference,VN-71,201003,3,0.0001032499999999,0.0,1.0,1.0,0.0,201001,4000
reference,VN-71,201004,1,0.0013785,0.0,1.0,1.0,0.0,201004,4000
reference,VN-71,201005,2,0.0071622499999999,0.0,1.0,1.0,0.0,201004,4000
reference,VN-71,201006,3,0.0164207499999999,0.0,1.0,1.0,0.0,201004,4000
reference,VN-71,201007,1,0.0429622499999999,0.0,1.0,1.0,0.0,201007,4000
reference,VN-71,201008,2,0.0604499999999999,0.0,1.0,1.0,0.0,201007,4000
reference,VN-71,201009,3,0.0514039999999999,0.0,1.0,1.0,0.0,201007,4000
reference,VN-71,201010,1,0.00953275,0.0,1.0,1.0,0.0,201010,4000
reference,VN-71,201011,2,0.0013907499999999,0.0,1.0,1.0,0.0,201010,4000
reference,VN-71,201012,3,0.0002365,0.0,1.0,1.0,0.0,201010,4000
reference,VN-72,201001,1,3.169199,5.0,1.0,1.0,12.0,201001,4000
reference,VN-72,201002,2,6.174970750000001,10.75,1.0,0.0,16.0,201001,4000
reference,VN-72,201003,3,3.2189512500000004,1.0,1.0,1.0,11.0,201001,4000
reference,VN-72,201004,1,28.417076,42.0,0.0,0.0,54.0,201004,4000
reference,VN-72,201005,2,264.89832824999996,302.125,0.0,0.0,326.0,201004,4000
reference,VN-72,201006,3,329.32794524999997,386.0,0.0,0.0,427.0,201004,4000
reference,VN-72,201007,1,231.23405825,378.875,0.75,0.0,553.0,201007,4000
reference,VN-72,201008,2,66.436082,108.625,1.0,1.0,260.0,201007,4000
reference,VN-72,201009,3,102.093984,183.625,1.0,0.0,315.0,201007,4000
reference,VN-72,201010,1,52.395757499999995,10.0,1.0,1.0,167.0,201010,4000
reference,VN-72,201011,2,50.071034749999995,66.875,1.0,1.0,51.0,201010,4000
reference,VN-72,201012,3,35.618683,49.875,1.0,0.0,24.0,201010,4000
reference,VN-73,201001,1,10.40218125,2.0,1.0,1.0,35.0,201001,4000
reference,VN-73,201002,2,7.985075750000002,7.5,1.0,1.0,15.0,201001,4000
reference,VN-73,201003,3,11.086339249999998,14.625,1.0,1.0,44.0,201001,4000
reference,VN-73,201004,1,8.318407749999999,13.5,1.0,1.0,31.0,201004,4000
reference,VN-73,201005,2,8.8051015,7.75,1.0,1.0,34.0,201004,4000
reference,VN-73,201006,3,14.555704499999996,1.75,1.0,1.0,48.0,201004,4000
reference,VN-73,201007,1,44.06865549999999,76.25,1.0,1.0,158.0,201007,4000
reference,VN-73,201008,2,59.63631675,108.375,1.0,0.0,199.0,201007,4000
reference,VN-73,201009,3,40.54066875,72.75,1.0,1.0,143.0,201007,4000
reference,VN-73,201010,1,37.810956999999995,65.625,1.0,1.0,140.0,201010,4000
reference,VN-73,201011,2,32.787456,57.375,1.0,0.75,119.0,201010,4000
reference,VN-73,201012,3,23.816430500000003,41.375,1.0,1.0,86.0,201010,4000
reference,VN-CT,201001,1,13.3151195,12.75,1.0,1.0,27.0,201001,4000
reference,VN-CT,201002,2,14.935744749999998,20.0,1.0,0.0,7.0,201001,4000
reference,VN-CT,201003,3,15.614787500000002,20.5,1.0,0.25,14.0,201001,4000
reference,VN-CT,201004,1,8.3153365,11.0,1.0,1.0,7.0,201004,4000
reference,VN-CT,201005,2,15.11798575,21.0,1.0,0.0,6.0,201004,4000
reference,VN-CT,201006,3,32.1097715,45.5,1.0,0.0,9.0,201004,4000
reference,VN-CT,201007,1,30.85458625,53.625,1.0,0.0,81.0,201007,4000
reference,VN-CT,201008,2,94.09871125,129.75,0.0,0.0,158.0,201007,4000
reference,VN-CT,201009,3,257.48924625,291.25,0.0,0.0,316.0,201007,4000
reference,VN-CT,201010,1,214.265536,288.75,0.0,0.0,347.0,201010,4000
reference,VN-CT,201011,2,359.523865,430.0,0.0,0.0,481.0,201010,4000
reference,VN-CT,201012,3,277.67171525000003,328.5,0.0,0.0,366.0,201010,4000
reference,VN-DN,201001,1,189.90550675,236.0,0.0,0.0,269.0,201001,4000
reference,VN-DN,201002,2,190.601777,219.0,0.0,0.0,238.0,201001,4000
reference,VN-DN,201003,3,85.4390065,123.375,0.0,0.0,155.0,201001,4000
reference,VN-DN,201004,1,31.187511000000004,10.5,1.0,1.0,90.0,201004,4000
reference,VN-DN,201005,2,105.47589675,139.5,1.0,0.5,98.0,201004,4000
reference,VN-DN,201006,3,81.93790000000001,69.875,1.0,1.0,174.0,201004,4000
reference,VN-DN,201007,1,110.1608375,81.75,1.0,1.0,267.0,201007,4000
reference,VN-DN,201008,2,210.48379900000003,241.0,1.0,1.0,372.0,201007,4000
reference,VN-DN,201009,3,249.1413085,234.625,1.0,1.0,997.0,201007,4000
reference,VN-DN,201010,1,341.22589999999997,603.625,1.0,0.0,961.0,201010,4000
reference,VN-DN,201011,2,227.51266425,395.25,1.0,0.0,637.0,201010,4000
reference,VN-DN,201012,3,58.96799475,105.5,1.0,0.75,206.0,201010,4000
reference,VN-HN,201001,1,64.15989925,81.0,1.0,1.0,79.0,201001,4000
reference,VN-HN,201002,2,10.72572725,2.25,1.0,1.0,32.0,201001,4000
reference,VN-HN,201003,3,53.07889925,71.5,1.0,0.5,43.0,201001,4000
reference,VN-HN,201004,1,28.705865249999995,16.125,1.0,1.0,73.0,201004,4000
reference,VN-HN,201005,2,85.46208225000001,107.625,1.0,1.0,104.0,201004,4000
reference,VN-HN,201006,3,195.931393,269.625,1.0,0.0,117.0,201004,4000
reference,VN-HN,201007,1,73.08448899999999,55.0,1.0,1.0,173.0,201007,4000
reference,VN-HN,201008,2,183.51333525,160.375,1.0,1.0,392.0,201007,4000
reference,VN-HN,201009,3,315.7091664999999,333.0,1.0,1.0,609.0,201007,4000
reference,VN-HN,201010,1,182.33304125,186.75,1.0,1.0,726.0,201010,4000
reference,VN-HN,201011,2,162.9851155,290.375,1.0,0.5,570.0,201010,4000
reference,VN-HN,201012,3,90.94180725,155.125,1.0,0.0,234.0,201010,4000
reference,VN-HP,201001,1,1.40492125,1.0,1.0,1.0,3.0,201001,4000
reference,VN-HP,201002,2,0.7017322500000001,1.0,1.0,1.0,2.0,201001,4000
reference,VN-HP,201003,3,1.5076185,2.0,1.0,0.0,0.0,201001,4000
reference,VN-HP,201004,1,23.1740765,28.0,0.0,0.0,31.0,201004,4000
reference,VN-HP,201005,2,2.59739375,2.75,1.0,1.0,10.0,201004,4000
reference,VN-HP,201006,3,9.5617765,13.125,0.0,0.0,0.0,201004,4000
reference,VN-HP,201007,1,14.239426,19.75,0.0,0.0,2.0,201007,4000
reference,VN-HP,201008,2,34.81639575,47.5,0.0,0.0,3.0,201007,4000
reference,VN-HP,201009,3,63.041068249999995,87.125,0.0,0.0,5.0,201007,4000
reference,VN-HP,201010,1,59.71828624999999,81.75,0.0,0.0,2.0,201010,4000
reference,VN-HP,201011,2,15.44563125,16.75,1.0,1.0,25.0,201010,4000
reference,VN-HP,201012,3,6.84983425,9.75,1.0,0.0,4.0,201010,4000
reference,VN-SG,201001,1,131.08879374999998,88.375,1.0,1.0,326.0,201001,4000
reference,VN-SG,201002,2,134.16472349999998,165.0,1.0,1.0,184.0,201001,4000
reference,VN-SG,201003,3,173.68806,215.25,1.0,1.0,205.0,201001,4000
reference,VN-SG,201004,1,84.684444,39.625,1.0,1.0,302.0,201004,4000
reference,VN-SG,201005,2,112.86351175,52.75,1.0,1.0,418.0,201004,4000
reference,VN-SG,201006,3,193.3520315,184.125,1.0,1.0,376.0,201004,4000
reference,VN-SG,201007,1,181.852605,129.875,1.0,1.0,714.0,201007,4000
reference,VN-SG,201008,2,229.9617075,108.125,1.0,1.0,877.0,201007,4000
reference,VN-SG,201009,3,280.71300025,457.0,1.0,1.0,1075.0,201007,4000
reference,VN-SG,201010,1,281.32845875,494.125,1.0,0.75,1001.0,201010,4000
reference,VN-SG,201011,2,159.20018000000002,182.125,1.0,1.0,647.0,201010,4000
reference,VN-SG,201012,3,110.1509665,83.0,1.0,1.0,422.0,201010,4000
